query_index,name,identity,camera,scene,valid,relevant_gallery,kept_gallery,AP,INP,first_match,last_match,Rank-1,Rank-5,Rank-10,Rank-20
0,0501_c0001_000.jpg,501,0,-1,True,125,3100,0.03559372211253376,0.04890453834115806,614,2556,0,0,0,0
1,0501_c0001_001.jpg,501,0,-1,True,125,3100,0.03570594770516671,0.049019607843137254,614,2550,0,0,0,0
2,0501_c0001_002.jpg,501,0,-1,True,125,3100,0.03571896960244026,0.04900039200313602,612,2551,0,0,0,0
3,0501_c0001_003.jpg,501,0,-1,True,125,3100,0.03574814233578877,0.04900039200313602,612,2551,0,0,0,0
4,0501_c0001_004.jpg,501,0,-1,True,125,3100,0.035666451799590215,0.04896200548374462,608,2553,0,0,0,0
5,0501_c0001_005.jpg,501,0,-1,True,125,3100,0.035605281069464395,0.04884720593982024,588,2559,0,0,0,0
6,0501_c0001_006.jpg,501,0,-1,True,125,3100,0.035558355377919314,0.04880905896134322,590,2561,0,0,0,0
7,0501_c0001_007.jpg,501,0,-1,True,125,3100,0.035549154295024345,0.04880905896134322,590,2561,0,0,0,0
8,0501_c0001_008.jpg,501,0,-1,True,125,3100,0.03555789481634794,0.04880905896134322,592,2561,0,0,0,0
9,0501_c0001_009.jpg,501,0,-1,True,125,3100,0.035565306066689326,0.04880905896134322,598,2561,0,0,0,0
10,0501_c0001_010.jpg,501,0,-1,True,125,3100,0.03556808656564112,0.04886630179827991,598,2558,0,0,0,0
11,0501_c0001_011.jpg,501,0,-1,True,125,3100,0.03552912001618096,0.04880905896134322,598,2561,0,0,0,0
12,0501_c0001_012.jpg,501,0,-1,True,125,3100,0.03547702811597363,0.04880905896134322,598,2561,0,0,0,0
13,0501_c0001_013.jpg,501,0,-1,True,125,3100,0.03540122145535225,0.04873294346978557,597,2565,0,0,0,0
14,0501_c0001_014.jpg,501,0,-1,True,125,3100,0.03556717427656511,0.04890453834115806,598,2556,0,0,0,0
15,0501_c0001_015.jpg,501,0,-1,True,125,3100,0.03551638282911186,0.048828125,605,2560,0,0,0,0
16,0501_c0001_016.jpg,501,0,-1,True,125,3100,0.03550262628049633,0.048770971517752636,604,2563,0,0,0,0
17,0501_c0001_017.jpg,501,0,-1,True,125,3100,0.03565820246708544,0.04890453834115806,598,2556,0,0,0,0
18,0501_c0001_018.jpg,501,0,-1,True,125,3100,0.035762748891043784,0.04898119122257053,603,2552,0,0,0,0
19,0501_c0001_019.jpg,501,0,-1,True,125,3100,0.03577774587587454,0.04900039200313602,598,2551,0,0,0,0
20,0501_c0001_020.jpg,501,0,-1,True,125,3100,0.035937781421275454,0.04911591355599214,602,2545,0,0,0,0
21,0501_c0001_021.jpg,501,0,-1,True,125,3100,0.03586247502598722,0.04900039200313602,605,2551,0,0,0,0
22,0501_c0001_022.jpg,501,0,-1,True,125,3100,0.03577079233140677,0.04890453834115806,605,2556,0,0,0,0
23,0501_c0001_023.jpg,501,0,-1,True,125,3100,0.03558614914348616,0.04875195007800312,604,2564,0,0,0,0
24,0501_c0001_024.jpg,501,0,-1,True,125,3100,0.03551695350193915,0.04867601246105919,603,2568,0,0,0,0
25,0501_c0002_000.jpg,501,1,-1,True,125,3100,0.03519294793622845,0.04894283476898982,598,2554,0,0,0,0
26,0501_c0002_001.jpg,501,1,-1,True,125,3100,0.0352269438797412,0.04898119122257053,599,2552,0,0,0,0
27,0501_c0002_002.jpg,501,1,-1,True,125,3100,0.0352269438797412,0.04898119122257053,599,2552,0,0,0,0
28,0501_c0002_003.jpg,501,1,-1,True,125,3100,0.0352269438797412,0.04898119122257053,599,2552,0,0,0,0
29,0501_c0002_004.jpg,501,1,-1,True,125,3100,0.03524841333296409,0.04898119122257053,599,2552,0,0,0,0
30,0501_c0002_005.jpg,501,1,-1,True,125,3100,0.03524081162791195,0.04898119122257053,599,2552,0,0,0,0
31,0501_c0002_006.jpg,501,1,-1,True,125,3100,0.03524300147635853,0.04898119122257053,599,2552,0,0,0,0
32,0501_c0002_007.jpg,501,1,-1,True,125,3100,0.03522586296027697,0.04898119122257053,599,2552,0,0,0,0
33,0501_c0002_008.jpg,501,1,-1,True,125,3100,0.03525018084958981,0.04907734589713388,599,2547,0,0,0,0
34,0501_c0002_009.jpg,501,1,-1,True,125,3100,0.035226920801991565,0.04903883876029816,599,2549,0,0,0,0
35,0501_c0002_010.jpg,501,1,-1,True,125,3100,0.035192171449056335,0.04894283476898982,598,2554,0,0,0,0
36,0501_c0002_011.jpg,501,1,-1,True,125,3100,0.03522124911225952,0.04900039200313602,599,2551,0,0,0,0
37,0501_c0002_012.jpg,501,1,-1,True,125,3100,0.0352163245996783,0.049019607843137254,599,2550,0,0,0,0
38,0501_c0002_013.jpg,501,1,-1,True,125,3100,0.035256897978980344,0.04907734589713388,599,2547,0,0,0,0
39,0501_c0002_014.jpg,501,1,-1,True,125,3100,0.03525777252022489,0.04907734589713388,599,2547,0,0,0,0
40,0501_c0002_015.jpg,501,1,-1,True,125,3100,0.03525448559664174,0.04911591355599214,599,2545,0,0,0,0
41,0501_c0002_016.jpg,501,1,-1,True,125,3100,0.035195203155326316,0.04907734589713388,598,2547,0,0,0,0
42,0501_c0002_017.jpg,501,1,-1,True,125,3100,0.035244511807352816,0.04911591355599214,599,2545,0,0,0,0
43,0501_c0002_018.jpg,501,1,-1,True,125,3100,0.03511585587991138,0.04880905896134322,599,2561,0,0,0,0
44,0501_c0002_019.jpg,501,1,-1,True,125,3100,0.03511330991073148,0.048828125,599,2560,0,0,0,0
45,0501_c0002_020.jpg,501,1,-1,True,125,3100,0.03498707945812022,0.04873294346978557,599,2565,0,0,0,0
46,0501_c0002_021.jpg,501,1,-1,True,125,3100,0.035095363841437854,0.04888541259288228,599,2557,0,0,0,0
47,0501_c0002_022.jpg,501,1,-1,True,125,3100,0.035119948111322505,0.04890453834115806,599,2556,0,0,0,0
48,0501_c0002_023.jpg,501,1,-1,True,125,3100,0.03512227628256682,0.04890453834115806,599,2556,0,0,0,0
49,0501_c0002_024.jpg,501,1,-1,True,125,3100,0.035101689634058554,0.04890453834115806,598,2556,0,0,0,0
50,0501_c0003_000.jpg,501,2,-1,True,125,3100,0.03857038850391097,0.04915454187966968,570,2543,0,0,0,0
51,0501_c0003_001.jpg,501,2,-1,True,125,3100,0.038745499428194594,0.04911591355599214,572,2545,0,0,0,0
52,0501_c0003_002.jpg,501,2,-1,True,125,3100,0.0387795655202977,0.04903883876029816,574,2549,0,0,0,0
53,0501_c0003_003.jpg,501,2,-1,True,125,3100,0.03870634413321892,0.04903883876029816,573,2549,0,0,0,0
54,0501_c0003_004.jpg,501,2,-1,True,125,3100,0.03883209998074082,0.049135220125786166,574,2544,0,0,0,0
55,0501_c0003_005.jpg,501,2,-1,True,125,3100,0.03882517267793392,0.049135220125786166,574,2544,0,0,0,0
56,0501_c0003_006.jpg,501,2,-1,True,125,3100,0.03881179656378909,0.049135220125786166,574,2544,0,0,0,0
57,0501_c0003_007.jpg,501,2,-1,True,125,3100,0.03888718186831847,0.04917387883556255,574,2542,0,0,0,0
58,0501_c0003_008.jpg,501,2,-1,True,125,3100,0.038765303387329864,0.049135220125786166,573,2544,0,0,0,0
59,0501_c0003_009.jpg,501,2,-1,True,125,3100,0.03871448388193486,0.04923198109491926,570,2539,0,0,0,0
60,0501_c0003_010.jpg,501,2,-1,True,125,3100,0.038726738116824665,0.04911591355599214,572,2545,0,0,0,0
61,0501_c0003_011.jpg,501,2,-1,True,125,3100,0.0387565961066654,0.04911591355599214,573,2545,0,0,0,0
62,0501_c0003_012.jpg,501,2,-1,True,125,3100,0.038550371868032424,0.04900039200313602,571,2551,0,0,0,0
63,0501_c0003_013.jpg,501,2,-1,True,125,3100,0.038737155635924184,0.04911591355599214,569,2545,0,0,0,0
64,0501_c0003_014.jpg,501,2,-1,True,125,3100,0.03866666097745661,0.04896200548374462,572,2553,0,0,0,0
65,0501_c0003_015.jpg,501,2,-1,True,125,3100,0.03861490427177477,0.04900039200313602,570,2551,0,0,0,0
66,0501_c0003_016.jpg,501,2,-1,True,125,3100,0.0387088799316735,0.04894283476898982,573,2554,0,0,0,0
67,0501_c0003_017.jpg,501,2,-1,True,125,3100,0.03878035025558172,0.04903883876029816,571,2549,0,0,0,0
68,0501_c0003_018.jpg,501,2,-1,True,125,3100,0.03873336919939525,0.04907734589713388,572,2547,0,0,0,0
69,0501_c0003_019.jpg,501,2,-1,True,125,3100,0.03871932806437196,0.04911591355599214,569,2545,0,0,0,0
70,0501_c0003_020.jpg,501,2,-1,True,125,3100,0.038615670978348844,0.04911591355599214,569,2545,0,0,0,0
71,0501_c0003_021.jpg,501,2,-1,True,125,3100,0.038606088963482416,0.04907734589713388,570,2547,0,0,0,0
72,0501_c0003_022.jpg,501,2,-1,True,125,3100,0.038592235649041406,0.04917387883556255,570,2542,0,0,0,0
73,0501_c0003_023.jpg,501,2,-1,True,125,3100,0.038626220918451845,0.04917387883556255,571,2542,0,0,0,0
74,0501_c0003_024.jpg,501,2,-1,True,125,3100,0.03862149575236606,0.04919323101141283,570,2541,0,0,0,0
75,0501_c0005_000.jpg,501,4,-1,True,125,3100,0.039465619011784726,0.048619214313496695,589,2571,0,0,0,0
76,0501_c0005_001.jpg,501,4,-1,True,125,3100,0.03947921097151584,0.04869497467861317,588,2567,0,0,0,0
77,0501_c0005_002.jpg,501,4,-1,True,125,3100,0.03959846533815543,0.04873294346978557,588,2565,0,0,0,0
78,0501_c0005_003.jpg,501,4,-1,True,125,3100,0.03939386060680231,0.04867601246105919,585,2568,0,0,0,0
79,0501_c0005_004.jpg,501,4,-1,True,125,3100,0.03937109181296491,0.04871395167575994,588,2566,0,0,0,0
80,0501_c0005_005.jpg,501,4,-1,True,125,3100,0.039449464161409716,0.04875195007800312,587,2564,0,0,0,0
81,0501_c0005_006.jpg,501,4,-1,True,125,3100,0.03953977898080045,0.04880905896134322,589,2561,0,0,0,0
82,0501_c0005_007.jpg,501,4,-1,True,125,3100,0.03933730796053524,0.048638132295719845,585,2570,0,0,0,0
83,0501_c0005_008.jpg,501,4,-1,True,125,3100,0.03934874861046038,0.04856254856254856,587,2574,0,0,0,0
84,0501_c0005_009.jpg,501,4,-1,True,125,3100,0.039369018584586635,0.04850601474582848,587,2577,0,0,0,0
85,0501_c0005_010.jpg,501,4,-1,True,125,3100,0.03924435461389144,0.048355899419729204,588,2585,0,0,0,0
86,0501_c0005_011.jpg,501,4,-1,True,125,3100,0.03940943224864262,0.04860031104199067,586,2572,0,0,0,0
87,0501_c0005_012.jpg,501,4,-1,True,125,3100,0.039436151007342164,0.04856254856254856,587,2574,0,0,0,0
88,0501_c0005_013.jpg,501,4,-1,True,125,3100,0.039363191796557,0.04848719937936385,587,2578,0,0,0,0
89,0501_c0005_014.jpg,501,4,-1,True,125,3100,0.03910003832925653,0.04805843906189927,593,2601,0,0,0,0
90,0501_c0005_015.jpg,501,4,-1,True,125,3100,0.03929532685752893,0.04815100154083205,593,2596,0,0,0,0
91,0501_c0005_016.jpg,501,4,-1,True,125,3100,0.03936493579225934,0.048430840759395584,594,2581,0,0,0,0
92,0501_c0005_017.jpg,501,4,-1,True,125,3100,0.03940815700282706,0.04846839860411012,594,2579,0,0,0,0
93,0501_c0005_018.jpg,501,4,-1,True,125,3100,0.0393372859491558,0.048355899419729204,593,2585,0,0,0,0
94,0501_c0005_019.jpg,501,4,-1,True,125,3100,0.0394279570384478,0.04839334107626791,594,2583,0,0,0,0
95,0501_c0005_020.jpg,501,4,-1,True,125,3100,0.039152392510681526,0.04816955684007707,593,2595,0,0,0,0
96,0501_c0005_021.jpg,501,4,-1,True,125,3100,0.0391814777636052,0.04841208365608056,593,2582,0,0,0,0
97,0501_c0005_022.jpg,501,4,-1,True,125,3100,0.03919225019802082,0.04829984544049459,593,2588,0,0,0,0
98,0501_c0005_023.jpg,501,4,-1,True,125,3100,0.03922115059291265,0.04837461300309598,593,2584,0,0,0,0
99,0501_c0005_024.jpg,501,4,-1,True,125,3100,0.03924349061125073,0.04846839860411012,595,2579,0,0,0,0
100,0501_c0006_000.jpg,501,5,-1,True,125,3100,0.04327269780625829,0.05699954400364797,624,2193,0,0,0,0
101,0501_c0006_001.jpg,501,5,-1,True,125,3100,0.043271341724167876,0.057051574623459604,626,2191,0,0,0,0
102,0501_c0006_002.jpg,501,5,-1,True,125,3100,0.043282391029665954,0.05686988171064604,624,2198,0,0,0,0
103,0501_c0006_003.jpg,501,5,-1,True,125,3100,0.043243367756086545,0.05697356426618049,625,2194,0,0,0,0
104,0501_c0006_004.jpg,501,5,-1,True,125,3100,0.043288662481776215,0.05692167577413479,622,2196,0,0,0,0
105,0501_c0006_005.jpg,501,5,-1,True,125,3100,0.04323624097271177,0.057208237986270026,622,2185,0,0,0,0
106,0501_c0006_006.jpg,501,5,-1,True,125,3100,0.04317069097671624,0.05715592135345222,622,2187,0,0,0,0
107,0501_c0006_007.jpg,501,5,-1,True,125,3100,0.04313729431241332,0.05707762557077625,624,2190,0,0,0,0
108,0501_c0006_008.jpg,501,5,-1,True,125,3100,0.043078875907013855,0.056818181818181816,619,2200,0,0,0,0
109,0501_c0006_009.jpg,501,5,-1,True,125,3100,0.04307283107373953,0.05676657584014532,619,2202,0,0,0,0
110,0501_c0006_010.jpg,501,5,-1,True,125,3100,0.04309627145136441,0.056844020009095046,620,2199,0,0,0,0
111,0501_c0006_011.jpg,501,5,-1,True,125,3100,0.04312451725897995,0.05686988171064604,616,2198,0,0,0,0
112,0501_c0006_012.jpg,501,5,-1,True,125,3100,0.04311836762463241,0.05692167577413479,615,2196,0,0,0,0
113,0501_c0006_013.jpg,501,5,-1,True,125,3100,0.043092644323283795,0.05686988171064604,615,2198,0,0,0,0
114,0501_c0006_014.jpg,501,5,-1,True,125,3100,0.04306045422406615,0.05697356426618049,616,2194,0,0,0,0
115,0501_c0006_015.jpg,501,5,-1,True,125,3100,0.0430445230718986,0.05686988171064604,615,2198,0,0,0,0
116,0501_c0006_016.jpg,501,5,-1,True,125,3100,0.04308703950528616,0.05686988171064604,614,2198,0,0,0,0
117,0501_c0006_017.jpg,501,5,-1,True,125,3100,0.04296233126821326,0.05666364460562103,610,2206,0,0,0,0
118,0501_c0006_018.jpg,501,5,-1,True,125,3100,0.04299770098307813,0.05674080798910577,611,2203,0,0,0,0
119,0501_c0006_019.jpg,501,5,-1,True,125,3100,0.04315958065702213,0.057025547445255474,615,2192,0,0,0,0
120,0501_c0006_020.jpg,501,5,-1,True,125,3100,0.04308305944005134,0.05689576695493855,614,2197,0,0,0,0
121,0501_c0006_021.jpg,501,5,-1,True,125,3100,0.043083396170624046,0.05686988171064604,610,2198,0,0,0,0
122,0501_c0006_022.jpg,501,5,-1,True,125,3100,0.04304436037919416,0.05689576695493855,610,2197,0,0,0,0
123,0501_c0006_023.jpg,501,5,-1,True,125,3100,0.0430362251273802,0.056844020009095046,613,2199,0,0,0,0
124,0501_c0006_024.jpg,501,5,-1,True,125,3100,0.04308728986462787,0.05697356426618049,613,2194,0,0,0,0
125,0501_c0007_000.jpg,501,6,-1,True,125,3100,0.036990039961819654,0.04888541259288228,874,2557,0,0,0,0
126,0501_c0007_001.jpg,501,6,-1,True,125,3100,0.03703359891306371,0.04894283476898982,869,2554,0,0,0,0
127,0501_c0007_002.jpg,501,6,-1,True,125,3100,0.03703614856685887,0.04892367906066536,870,2555,0,0,0,0
128,0501_c0007_003.jpg,501,6,-1,True,125,3100,0.03702226591598296,0.04892367906066536,869,2555,0,0,0,0
129,0501_c0007_004.jpg,501,6,-1,True,125,3100,0.03705830697846292,0.04900039200313602,868,2551,0,0,0,0
130,0501_c0007_005.jpg,501,6,-1,True,125,3100,0.037035571488346374,0.04894283476898982,868,2554,0,0,0,0
131,0501_c0007_006.jpg,501,6,-1,True,125,3100,0.03692272116966866,0.04890453834115806,872,2556,0,0,0,0
132,0501_c0007_007.jpg,501,6,-1,True,125,3100,0.0369939536709085,0.04888541259288228,871,2557,0,0,0,0
133,0501_c0007_008.jpg,501,6,-1,True,125,3100,0.036961324086481256,0.04892367906066536,871,2555,0,0,0,0
134,0501_c0007_009.jpg,501,6,-1,True,125,3100,0.036930645630577866,0.04892367906066536,870,2555,0,0,0,0
135,0501_c0007_010.jpg,501,6,-1,True,125,3100,0.03698660586874304,0.04898119122257053,868,2552,0,0,0,0
136,0501_c0007_011.jpg,501,6,-1,True,125,3100,0.036977108392888564,0.04892367906066536,868,2555,0,0,0,0
137,0501_c0007_012.jpg,501,6,-1,True,125,3100,0.036940234910719384,0.04890453834115806,871,2556,0,0,0,0
138,0501_c0007_013.jpg,501,6,-1,True,125,3100,0.036937404198013564,0.04890453834115806,871,2556,0,0,0,0
139,0501_c0007_014.jpg,501,6,-1,True,125,3100,0.03698680228473966,0.04896200548374462,871,2553,0,0,0,0
140,0501_c0007_015.jpg,501,6,-1,True,125,3100,0.036964864695654215,0.04894283476898982,871,2554,0,0,0,0
141,0501_c0007_016.jpg,501,6,-1,True,125,3100,0.03690123138990427,0.04890453834115806,871,2556,0,0,0,0
142,0501_c0007_017.jpg,501,6,-1,True,125,3100,0.03694413161132919,0.04892367906066536,871,2555,0,0,0,0
143,0501_c0007_018.jpg,501,6,-1,True,125,3100,0.03692374596714554,0.04890453834115806,871,2556,0,0,0,0
144,0501_c0007_019.jpg,501,6,-1,True,125,3100,0.03695715946188918,0.04894283476898982,873,2554,0,0,0,0
145,0501_c0007_020.jpg,501,6,-1,True,125,3100,0.036900064509003405,0.04888541259288228,875,2557,0,0,0,0
146,0501_c0007_021.jpg,501,6,-1,True,125,3100,0.036810755984748623,0.04886630179827991,876,2558,0,0,0,0
147,0501_c0007_022.jpg,501,6,-1,True,125,3100,0.03694595588132313,0.04896200548374462,871,2553,0,0,0,0
148,0501_c0007_023.jpg,501,6,-1,True,125,3100,0.03697651623387724,0.04896200548374462,871,2553,0,0,0,0
149,0501_c0007_024.jpg,501,6,-1,True,125,3100,0.03693679539069269,0.04896200548374462,871,2553,0,0,0,0
150,0507_c0001_000.jpg,507,0,-1,True,175,3100,0.09048269526692453,0.08965163934426229,192,1952,0,0,0,0
151,0507_c0001_001.jpg,507,0,-1,True,175,3100,0.0904395050797648,0.08969759097898514,192,1951,0,0,0,0
152,0507_c0001_002.jpg,507,0,-1,True,175,3100,0.09049133569425033,0.08969759097898514,191,1951,0,0,0,0
153,0507_c0001_003.jpg,507,0,-1,True,175,3100,0.09049175493688574,0.08974358974358974,193,1950,0,0,0,0
154,0507_c0001_004.jpg,507,0,-1,True,175,3100,0.09054242419602232,0.08988186954288649,190,1947,0,0,0,0
155,0507_c0001_005.jpg,507,0,-1,True,175,3100,0.09080506769403143,0.09011328527291453,190,1942,0,0,0,0
156,0507_c0001_006.jpg,507,0,-1,True,175,3100,0.09084743315208535,0.09020618556701031,192,1940,0,0,0,0
157,0507_c0001_007.jpg,507,0,-1,True,175,3100,0.09098200807175043,0.09034589571502323,189,1937,0,0,0,0
158,0507_c0001_008.jpg,507,0,-1,True,175,3100,0.09085976202571036,0.09034589571502323,188,1937,0,0,0,0
159,0507_c0001_009.jpg,507,0,-1,True,175,3100,0.09107632758739494,0.09043927648578812,190,1935,0,0,0,0
160,0507_c0001_010.jpg,507,0,-1,True,175,3100,0.0911589183908572,0.09043927648578812,189,1935,0,0,0,0
161,0507_c0001_011.jpg,507,0,-1,True,175,3100,0.09113046658240397,0.09053285049146405,189,1933,0,0,0,0
162,0507_c0001_012.jpg,507,0,-1,True,175,3100,0.0912461991302633,0.09053285049146405,190,1933,0,0,0,0
163,0507_c0001_013.jpg,507,0,-1,True,175,3100,0.09146423087073158,0.09062661833247022,194,1931,0,0,0,0
164,0507_c0001_014.jpg,507,0,-1,True,175,3100,0.09150731107756672,0.09057971014492754,194,1932,0,0,0,0
165,0507_c0001_015.jpg,507,0,-1,True,175,3100,0.0911320424177132,0.09029927760577916,195,1938,0,0,0,0
166,0507_c0001_016.jpg,507,0,-1,True,175,3100,0.09130912763982175,0.09039256198347108,195,1936,0,0,0,0
167,0507_c0001_017.jpg,507,0,-1,True,175,3100,0.09127255196400859,0.0904860392967942,194,1934,0,0,0,0
168,0507_c0001_018.jpg,507,0,-1,True,175,3100,0.09127412646503597,0.09053285049146405,193,1933,0,0,0,0
169,0507_c0001_019.jpg,507,0,-1,True,175,3100,0.09133253751944023,0.09062661833247022,193,1931,0,0,0,0
170,0507_c0001_020.jpg,507,0,-1,True,175,3100,0.09137993512317961,0.09072058061171591,193,1929,0,0,0,0
171,0507_c0001_021.jpg,507,0,-1,True,175,3100,0.09130074139822625,0.09062661833247022,194,1931,0,0,0,0
172,0507_c0001_022.jpg,507,0,-1,True,175,3100,0.09101404526727513,0.09015971148892324,191,1941,0,0,0,0
173,0507_c0001_023.jpg,507,0,-1,True,175,3100,0.09118304574103052,0.09025270758122744,192,1939,0,0,0,0
174,0507_c0001_024.jpg,507,0,-1,True,175,3100,0.09097045936357119,0.09006690684508492,191,1943,0,0,0,0
175,0507_c0002_000.jpg,507,1,-1,True,175,3100,0.09510797878793535,0.08706467661691543,185,2010,0,0,0,0
176,0507_c0002_001.jpg,507,1,-1,True,175,3100,0.09529685601310979,0.08719481813652218,188,2007,0,0,0,0
177,0507_c0002_002.jpg,507,1,-1,True,175,3100,0.0951669887025562,0.08693492300049677,188,2013,0,0,0,0
178,0507_c0002_003.jpg,507,1,-1,True,175,3100,0.09578039556597609,0.08771929824561403,190,1995,0,0,0,0
179,0507_c0002_004.jpg,507,1,-1,True,175,3100,0.09549382346097876,0.0875,191,2000,0,0,0,0
180,0507_c0002_005.jpg,507,1,-1,True,175,3100,0.09543616991139235,0.08754377188594298,191,1999,0,0,0,0
181,0507_c0002_006.jpg,507,1,-1,True,175,3100,0.09541233696674493,0.0875,189,2000,0,0,0,0
182,0507_c0002_007.jpg,507,1,-1,True,175,3100,0.09578314875566393,0.08758758758758758,193,1998,0,0,0,0
183,0507_c0002_008.jpg,507,1,-1,True,175,3100,0.095583575164943,0.08732534930139721,196,2004,0,0,0,0
184,0507_c0002_009.jpg,507,1,-1,True,175,3100,0.09560394639048056,0.08763144717075613,192,1997,0,0,0,0
185,0507_c0002_010.jpg,507,1,-1,True,175,3100,0.09530561585387472,0.08745627186406797,193,2001,0,0,0,0
186,0507_c0002_011.jpg,507,1,-1,True,175,3100,0.09538947610563044,0.08754377188594298,188,1999,0,0,0,0
187,0507_c0002_012.jpg,507,1,-1,True,175,3100,0.09528662225422051,0.0875,193,2000,0,0,0,0
188,0507_c0002_013.jpg,507,1,-1,True,175,3100,0.09541926328328332,0.08745627186406797,195,2001,0,0,0,0
189,0507_c0002_014.jpg,507,1,-1,True,175,3100,0.09543187732659696,0.0875,190,2000,0,0,0,0
190,0507_c0002_015.jpg,507,1,-1,True,175,3100,0.09536946395112521,0.08745627186406797,194,2001,0,0,0,0
191,0507_c0002_016.jpg,507,1,-1,True,175,3100,0.09546891859524637,0.0875,192,2000,0,0,0,0
192,0507_c0002_017.jpg,507,1,-1,True,175,3100,0.09507428071949765,0.08736894658012981,191,2003,0,0,0,0
193,0507_c0002_018.jpg,507,1,-1,True,175,3100,0.09491086634328101,0.0870213823968175,194,2011,0,0,0,0
194,0507_c0002_019.jpg,507,1,-1,True,175,3100,0.095579325056475,0.08741258741258741,193,2002,0,0,0,0
195,0507_c0002_020.jpg,507,1,-1,True,175,3100,0.09566156224890654,0.08758758758758758,191,1998,0,0,0,0
196,0507_c0002_021.jpg,507,1,-1,True,175,3100,0.09542819934682571,0.0875,190,2000,0,0,0,0
197,0507_c0002_022.jpg,507,1,-1,True,175,3100,0.095213759752606,0.08736894658012981,190,2003,0,0,0,0
198,0507_c0002_023.jpg,507,1,-1,True,175,3100,0.09527823494367925,0.0875,191,2000,0,0,0,0
199,0507_c0002_024.jpg,507,1,-1,True,175,3100,0.09522999264386353,0.08745627186406797,194,2001,0,0,0,0
200,0507_c0003_000.jpg,507,2,-1,True,175,3100,0.08886454043403953,0.08689175769612711,187,2014,0,0,0,0
201,0507_c0003_001.jpg,507,2,-1,True,175,3100,0.08916412166751056,0.0872382851445663,188,2006,0,0,0,0
202,0507_c0003_002.jpg,507,2,-1,True,175,3100,0.08876535520466314,0.08689175769612711,187,2014,0,0,0,0
203,0507_c0003_003.jpg,507,2,-1,True,175,3100,0.08893262133309576,0.08697813121272366,187,2012,0,0,0,0
204,0507_c0003_004.jpg,507,2,-1,True,175,3100,0.08890350436949102,0.08680555555555555,188,2016,0,0,0,0
205,0507_c0003_005.jpg,507,2,-1,True,175,3100,0.0891525506925438,0.08710801393728224,188,2009,0,0,0,0
206,0507_c0003_006.jpg,507,2,-1,True,175,3100,0.08908126308067574,0.0870213823968175,188,2011,0,0,0,0
207,0507_c0003_007.jpg,507,2,-1,True,175,3100,0.08900781009581844,0.08706467661691543,188,2010,0,0,0,0
208,0507_c0003_008.jpg,507,2,-1,True,175,3100,0.08940999058870547,0.08758758758758758,190,1998,0,0,0,0
209,0507_c0003_009.jpg,507,2,-1,True,175,3100,0.08932294807195504,0.08732534930139721,189,2004,0,0,0,0
210,0507_c0003_010.jpg,507,2,-1,True,175,3100,0.08916387545569227,0.0872382851445663,189,2006,0,0,0,0
211,0507_c0003_011.jpg,507,2,-1,True,175,3100,0.08930367533038333,0.08736894658012981,189,2003,0,0,0,0
212,0507_c0003_012.jpg,507,2,-1,True,175,3100,0.0894311570117668,0.0875,189,2000,0,0,0,0
213,0507_c0003_013.jpg,507,2,-1,True,175,3100,0.08926619501463731,0.08719481813652218,189,2007,0,0,0,0
214,0507_c0003_014.jpg,507,2,-1,True,175,3100,0.08917803967483763,0.08736894658012981,189,2003,0,0,0,0
215,0507_c0003_015.jpg,507,2,-1,True,175,3100,0.08926278370605281,0.08736894658012981,188,2003,0,0,0,0
216,0507_c0003_016.jpg,507,2,-1,True,175,3100,0.08920071270308123,0.08736894658012981,189,2003,0,0,0,0
217,0507_c0003_017.jpg,507,2,-1,True,175,3100,0.08939904525467142,0.0875,189,2000,0,0,0,0
218,0507_c0003_018.jpg,507,2,-1,True,175,3100,0.08941420020462026,0.08758758758758758,190,1998,0,0,0,0
219,0507_c0003_019.jpg,507,2,-1,True,175,3100,0.08954559600545728,0.08780732563973909,189,1993,0,0,0,0
220,0507_c0003_020.jpg,507,2,-1,True,175,3100,0.08936335537502155,0.08758758758758758,189,1998,0,0,0,0
221,0507_c0003_021.jpg,507,2,-1,True,175,3100,0.08936334390498434,0.0875,189,2000,0,0,0,0
222,0507_c0003_022.jpg,507,2,-1,True,175,3100,0.08934253693650145,0.08745627186406797,188,2001,0,0,0,0
223,0507_c0003_023.jpg,507,2,-1,True,175,3100,0.0895697107430377,0.08763144717075613,188,1997,0,0,0,0
224,0507_c0003_024.jpg,507,2,-1,True,175,3100,0.08937458025535716,0.0875,188,2000,0,0,0,0
225,0507_c0004_000.jpg,507,3,-1,True,175,3100,0.09410191499258361,0.089058524173028,180,1965,0,0,0,0
226,0507_c0004_001.jpg,507,3,-1,True,175,3100,0.09438826501147278,0.0891492613346918,179,1963,0,0,0,0
227,0507_c0004_002.jpg,507,3,-1,True,175,3100,0.09416726304722033,0.08910386965376782,178,1964,0,0,0,0
228,0507_c0004_003.jpg,507,3,-1,True,175,3100,0.09438585349951757,0.0891946992864424,177,1962,0,0,0,0
229,0507_c0004_004.jpg,507,3,-1,True,175,3100,0.09434250027186343,0.08910386965376782,177,1964,0,0,0,0
230,0507_c0004_005.jpg,507,3,-1,True,175,3100,0.09462352501329911,0.08901322482197355,178,1966,0,0,0,0
231,0507_c0004_006.jpg,507,3,-1,True,175,3100,0.09447366507211756,0.08892276422764228,177,1968,0,0,0,0
232,0507_c0004_007.jpg,507,3,-1,True,175,3100,0.0941195942734481,0.08887760284408329,176,1969,0,0,0,0
233,0507_c0004_008.jpg,507,3,-1,True,175,3100,0.09395639960174355,0.08892276422764228,176,1968,0,0,0,0
234,0507_c0004_009.jpg,507,3,-1,True,175,3100,0.09421048102207058,0.08901322482197355,176,1966,0,0,0,0
235,0507_c0004_010.jpg,507,3,-1,True,175,3100,0.09308964565025381,0.08793969849246232,173,1990,0,0,0,0
236,0507_c0004_011.jpg,507,3,-1,True,175,3100,0.09302224796637006,0.08816120906801007,173,1985,0,0,0,0
237,0507_c0004_012.jpg,507,3,-1,True,175,3100,0.09279419260115185,0.08798391151332328,172,1989,0,0,0,0
238,0507_c0004_013.jpg,507,3,-1,True,175,3100,0.09290881213322563,0.08811681772406849,172,1986,0,0,0,0
239,0507_c0004_014.jpg,507,3,-1,True,175,3100,0.09308438086970952,0.08811681772406849,172,1986,0,0,0,0
240,0507_c0004_015.jpg,507,3,-1,True,175,3100,0.09364926449710446,0.0884732052578362,173,1978,0,0,0,0
241,0507_c0004_016.jpg,507,3,-1,True,175,3100,0.09354673794938419,0.08829465186680122,173,1982,0,0,0,0
242,0507_c0004_017.jpg,507,3,-1,True,175,3100,0.09403939451201067,0.08869741510390268,173,1973,0,0,0,0
243,0507_c0004_018.jpg,507,3,-1,True,175,3100,0.09369873154893683,0.08842849924204144,173,1979,0,0,0,0
244,0507_c0004_019.jpg,507,3,-1,True,175,3100,0.09386205229495181,0.08856275303643725,173,1976,0,0,0,0
245,0507_c0004_020.jpg,507,3,-1,True,175,3100,0.09398075377394073,0.08860759493670886,173,1975,0,0,0,0
246,0507_c0004_021.jpg,507,3,-1,True,175,3100,0.0940856274078301,0.08865248226950355,173,1974,0,0,0,0
247,0507_c0004_022.jpg,507,3,-1,True,175,3100,0.09384707567769902,0.08851795649974709,173,1977,0,0,0,0
248,0507_c0004_023.jpg,507,3,-1,True,175,3100,0.09426435325779918,0.08874239350912778,173,1972,0,0,0,0
249,0507_c0004_024.jpg,507,3,-1,True,175,3100,0.09386059627800364,0.08856275303643725,173,1976,0,0,0,0
250,0507_c0005_000.jpg,507,4,-1,True,175,3100,0.08342245455738215,0.0849102377486657,214,2061,0,0,0,0
251,0507_c0005_001.jpg,507,4,-1,True,175,3100,0.08330167268888664,0.0848690591658584,213,2062,0,0,0,0
252,0507_c0005_002.jpg,507,4,-1,True,175,3100,0.08297910137730577,0.08466376390904692,209,2067,0,0,0,0
253,0507_c0005_003.jpg,507,4,-1,True,175,3100,0.08308678012234523,0.08478682170542635,213,2064,0,0,0,0
254,0507_c0005_004.jpg,507,4,-1,True,175,3100,0.08301247136162589,0.0845819236346061,211,2069,0,0,0,0
255,0507_c0005_005.jpg,507,4,-1,True,175,3100,0.08303713887706597,0.08462282398452611,211,2068,0,0,0,0
256,0507_c0005_006.jpg,507,4,-1,True,175,3100,0.08332149137967056,0.08466376390904692,214,2067,0,0,0,0
257,0507_c0005_007.jpg,507,4,-1,True,175,3100,0.08311395942369813,0.08445945945945946,211,2072,0,0,0,0
258,0507_c0005_008.jpg,507,4,-1,True,175,3100,0.08346708179883038,0.08454106280193237,210,2070,0,0,0,0
259,0507_c0005_009.jpg,507,4,-1,True,175,3100,0.08329999969099504,0.08454106280193237,210,2070,0,0,0,0
260,0507_c0005_010.jpg,507,4,-1,True,175,3100,0.08327554779906182,0.0845819236346061,213,2069,0,0,0,0
261,0507_c0005_011.jpg,507,4,-1,True,175,3100,0.08343727827180986,0.08466376390904692,208,2067,0,0,0,0
262,0507_c0005_012.jpg,507,4,-1,True,175,3100,0.08262514769311029,0.08401344215074412,201,2083,0,0,0,0
263,0507_c0005_013.jpg,507,4,-1,True,175,3100,0.08303240112650928,0.08454106280193237,209,2070,0,0,0,0
264,0507_c0005_014.jpg,507,4,-1,True,175,3100,0.08269294596309178,0.08405379442843419,203,2082,0,0,0,0
265,0507_c0005_015.jpg,507,4,-1,True,175,3100,0.08287400956290446,0.08413461538461539,202,2080,0,0,0,0
266,0507_c0005_016.jpg,507,4,-1,True,175,3100,0.08288977267518785,0.08421559191530317,207,2078,0,0,0,0
267,0507_c0005_017.jpg,507,4,-1,True,175,3100,0.0830009631917933,0.08429672447013488,210,2076,0,0,0,0
268,0507_c0005_018.jpg,507,4,-1,True,175,3100,0.0833056540830684,0.08466376390904692,213,2067,0,0,0,0
269,0507_c0005_019.jpg,507,4,-1,True,175,3100,0.08327567107844883,0.08462282398452611,213,2068,0,0,0,0
270,0507_c0005_020.jpg,507,4,-1,True,175,3100,0.08263751787766958,0.08397312859884837,201,2084,0,0,0,0
271,0507_c0005_021.jpg,507,4,-1,True,175,3100,0.0829017589464005,0.08417508417508418,207,2079,0,0,0,0
272,0507_c0005_022.jpg,507,4,-1,True,175,3100,0.08311218478910813,0.0844187168355041,209,2073,0,0,0,0
273,0507_c0005_023.jpg,507,4,-1,True,175,3100,0.08284130738944574,0.08429672447013488,212,2076,0,0,0,0
274,0507_c0005_024.jpg,507,4,-1,True,175,3100,0.08259638405700573,0.08397312859884837,207,2084,0,0,0,0
275,0507_c0006_000.jpg,507,5,-1,True,175,3100,0.0979996401237913,0.12195121951219512,183,1435,0,0,0,0
276,0507_c0006_001.jpg,507,5,-1,True,175,3100,0.0980552485693672,0.12263489838822705,185,1427,0,0,0,0
277,0507_c0006_002.jpg,507,5,-1,True,175,3100,0.09832362702337667,0.12263489838822705,185,1427,0,0,0,0
278,0507_c0006_003.jpg,507,5,-1,True,175,3100,0.09819731285202611,0.1224632610216935,185,1429,0,0,0,0
279,0507_c0006_004.jpg,507,5,-1,True,175,3100,0.09834467754254794,0.1224632610216935,186,1429,0,0,0,0
280,0507_c0006_005.jpg,507,5,-1,True,175,3100,0.0986199834669148,0.12306610407876231,187,1422,0,0,0,0
281,0507_c0006_006.jpg,507,5,-1,True,175,3100,0.0988017539674518,0.12254901960784313,184,1428,0,0,0,0
282,0507_c0006_007.jpg,507,5,-1,True,175,3100,0.09891333586547249,0.12297962052002812,185,1423,0,0,0,0
283,0507_c0006_008.jpg,507,5,-1,True,175,3100,0.0991609108894154,0.12289325842696629,187,1424,0,0,0,0
284,0507_c0006_009.jpg,507,5,-1,True,175,3100,0.09908120295358562,0.12272089761570827,187,1426,0,0,0,0
285,0507_c0006_010.jpg,507,5,-1,True,175,3100,0.09893715318435088,0.12289325842696629,186,1424,0,0,0,0
286,0507_c0006_011.jpg,507,5,-1,True,175,3100,0.09848582462220859,0.12323943661971831,185,1420,0,0,0,0
287,0507_c0006_012.jpg,507,5,-1,True,175,3100,0.09989741923859247,0.1234132581100141,188,1418,0,0,0,0
288,0507_c0006_013.jpg,507,5,-1,True,175,3100,0.0991972604447115,0.12332628611698379,189,1419,0,0,0,0
289,0507_c0006_014.jpg,507,5,-1,True,175,3100,0.0991594540600433,0.12280701754385964,189,1425,0,0,0,0
290,0507_c0006_015.jpg,507,5,-1,True,175,3100,0.09884815074485023,0.12306610407876231,188,1422,0,0,0,0
291,0507_c0006_016.jpg,507,5,-1,True,175,3100,0.0988849421734504,0.12297962052002812,186,1423,0,0,0,0
292,0507_c0006_017.jpg,507,5,-1,True,175,3100,0.09872351166859239,0.12289325842696629,187,1424,0,0,0,0
293,0507_c0006_018.jpg,507,5,-1,True,175,3100,0.0979055865860822,0.12272089761570827,182,1426,0,0,0,0
294,0507_c0006_019.jpg,507,5,-1,True,175,3100,0.09814441955169237,0.12280701754385964,183,1425,0,0,0,0
295,0507_c0006_020.jpg,507,5,-1,True,175,3100,0.09870053225340134,0.1234132581100141,185,1418,0,0,0,0
296,0507_c0006_021.jpg,507,5,-1,True,175,3100,0.09891280289851608,0.12272089761570827,184,1426,0,0,0,0
297,0507_c0006_022.jpg,507,5,-1,True,175,3100,0.09910704184984058,0.12332628611698379,185,1419,0,0,0,0
298,0507_c0006_023.jpg,507,5,-1,True,175,3100,0.0985952824053704,0.12272089761570827,185,1426,0,0,0,0
299,0507_c0006_024.jpg,507,5,-1,True,175,3100,0.09902305294146539,0.12358757062146893,184,1416,0,0,0,0
300,0507_c0007_000.jpg,507,6,-1,True,175,3100,0.08327810466763312,0.08983572895277207,407,1948,0,0,0,0
301,0507_c0007_001.jpg,507,6,-1,True,175,3100,0.08302283045898988,0.08955987717502559,407,1954,0,0,0,0
302,0507_c0007_002.jpg,507,6,-1,True,175,3100,0.08281932868349924,0.08946830265848671,406,1956,0,0,0,0
303,0507_c0007_003.jpg,507,6,-1,True,175,3100,0.08281913475467044,0.08951406649616368,406,1955,0,0,0,0
304,0507_c0007_004.jpg,507,6,-1,True,175,3100,0.0828989578386879,0.08951406649616368,406,1955,0,0,0,0
305,0507_c0007_005.jpg,507,6,-1,True,175,3100,0.08295868663781109,0.08955987717502559,406,1954,0,0,0,0
306,0507_c0007_006.jpg,507,6,-1,True,175,3100,0.0830336439069151,0.08955987717502559,408,1954,0,0,0,0
307,0507_c0007_007.jpg,507,6,-1,True,175,3100,0.08340671749423344,0.08992805755395683,408,1946,0,0,0,0
308,0507_c0007_008.jpg,507,6,-1,True,175,3100,0.08335435016276252,0.08997429305912596,408,1945,0,0,0,0
309,0507_c0007_009.jpg,507,6,-1,True,175,3100,0.08312134471916936,0.08960573476702509,407,1953,0,0,0,0
310,0507_c0007_010.jpg,507,6,-1,True,175,3100,0.0834075261364423,0.08978963571062083,405,1949,0,0,0,0
311,0507_c0007_011.jpg,507,6,-1,True,175,3100,0.08341716039488845,0.08983572895277207,404,1948,0,0,0,0
312,0507_c0007_012.jpg,507,6,-1,True,175,3100,0.08313907571464661,0.08960573476702509,406,1953,0,0,0,0
313,0507_c0007_013.jpg,507,6,-1,True,175,3100,0.08322536882818825,0.08965163934426229,406,1952,0,0,0,0
314,0507_c0007_014.jpg,507,6,-1,True,175,3100,0.08294251594876932,0.08955987717502559,408,1954,0,0,0,0
315,0507_c0007_015.jpg,507,6,-1,True,175,3100,0.08304653424392933,0.08951406649616368,407,1955,0,0,0,0
316,0507_c0007_016.jpg,507,6,-1,True,175,3100,0.0829686756816632,0.08942258559018906,408,1957,0,0,0,0
317,0507_c0007_017.jpg,507,6,-1,True,175,3100,0.08287496705885182,0.08946830265848671,408,1956,0,0,0,0
318,0507_c0007_018.jpg,507,6,-1,True,175,3100,0.08298432345983041,0.08955987717502559,408,1954,0,0,0,0
319,0507_c0007_019.jpg,507,6,-1,True,175,3100,0.08338272892008092,0.08969759097898514,408,1951,0,0,0,0
320,0507_c0007_020.jpg,507,6,-1,True,175,3100,0.08343811695389163,0.08978963571062083,408,1949,0,0,0,0
321,0507_c0007_021.jpg,507,6,-1,True,175,3100,0.0834243778513625,0.08974358974358974,408,1950,0,0,0,0
322,0507_c0007_022.jpg,507,6,-1,True,175,3100,0.08345392415612622,0.08983572895277207,408,1948,0,0,0,0
323,0507_c0007_023.jpg,507,6,-1,True,175,3100,0.08341089593440434,0.08974358974358974,408,1950,0,0,0,0
324,0507_c0007_024.jpg,507,6,-1,True,175,3100,0.08320356576585522,0.08955987717502559,407,1954,0,0,0,0
325,0507_c0008_000.jpg,507,7,-1,True,175,3100,0.08185229677823777,0.0847457627118644,189,2065,0,0,0,0
326,0507_c0008_001.jpg,507,7,-1,True,175,3100,0.08188440888185305,0.0847457627118644,190,2065,0,0,0,0
327,0507_c0008_002.jpg,507,7,-1,True,175,3100,0.08215410971338276,0.0848690591658584,193,2062,0,0,0,0
328,0507_c0008_003.jpg,507,7,-1,True,175,3100,0.08204747631474582,0.08478682170542635,194,2064,0,0,0,0
329,0507_c0008_004.jpg,507,7,-1,True,175,3100,0.08198998519484878,0.08478682170542635,193,2064,0,0,0,0
330,0507_c0008_005.jpg,507,7,-1,True,175,3100,0.08208867362115348,0.08499271491015056,190,2059,0,0,0,0
331,0507_c0008_006.jpg,507,7,-1,True,175,3100,0.0821269290592924,0.08499271491015056,192,2059,0,0,0,0
332,0507_c0008_007.jpg,507,7,-1,True,175,3100,0.08229396910567857,0.0851581508515815,191,2055,0,0,0,0
333,0507_c0008_008.jpg,507,7,-1,True,175,3100,0.08228971584029131,0.08519961051606621,191,2054,0,0,0,0
334,0507_c0008_009.jpg,507,7,-1,True,175,3100,0.08238875772630001,0.08532423208191127,193,2051,0,0,0,0
335,0507_c0008_010.jpg,507,7,-1,True,175,3100,0.08242806880694074,0.08544921875,192,2048,0,0,0,0
336,0507_c0008_011.jpg,507,7,-1,True,175,3100,0.08231380393691266,0.08536585365853659,192,2050,0,0,0,0
337,0507_c0008_012.jpg,507,7,-1,True,175,3100,0.08217009366067515,0.08532423208191127,190,2051,0,0,0,0
338,0507_c0008_013.jpg,507,7,-1,True,175,3100,0.08217794635226669,0.0850753524550316,193,2057,0,0,0,0
339,0507_c0008_014.jpg,507,7,-1,True,175,3100,0.08186699630639639,0.0848690591658584,190,2062,0,0,0,0
340,0507_c0008_015.jpg,507,7,-1,True,175,3100,0.08191543460286738,0.0848690591658584,192,2062,0,0,0,0
341,0507_c0008_016.jpg,507,7,-1,True,175,3100,0.08195520871166372,0.08495145631067962,192,2060,0,0,0,0
342,0507_c0008_017.jpg,507,7,-1,True,175,3100,0.08188253984191388,0.08482792050412022,189,2063,0,0,0,0
343,0507_c0008_018.jpg,507,7,-1,True,175,3100,0.08172299018047047,0.08478682170542635,188,2064,0,0,0,0
344,0507_c0008_019.jpg,507,7,-1,True,175,3100,0.08210765835691695,0.08495145631067962,193,2060,0,0,0,0
345,0507_c0008_020.jpg,507,7,-1,True,175,3100,0.08235453236075138,0.08532423208191127,192,2051,0,0,0,0
346,0507_c0008_021.jpg,507,7,-1,True,175,3100,0.08206035206824591,0.08495145631067962,192,2060,0,0,0,0
347,0507_c0008_022.jpg,507,7,-1,True,175,3100,0.08212700680049655,0.08499271491015056,191,2059,0,0,0,0
348,0507_c0008_023.jpg,507,7,-1,True,175,3100,0.08218030580743081,0.0850753524550316,193,2057,0,0,0,0
349,0507_c0008_024.jpg,507,7,-1,True,175,3100,0.08222497975148486,0.08511673151750973,194,2056,0,0,0,0
350,0513_c0001_000.jpg,513,0,-1,True,175,3100,0.04922780292260555,0.07204610951008646,494,2429,0,0,0,0
351,0513_c0001_001.jpg,513,0,-1,True,175,3100,0.04932060657876686,0.07213520197856554,494,2426,0,0,0,0
352,0513_c0001_002.jpg,513,0,-1,True,175,3100,0.04933814283482832,0.07213520197856554,494,2426,0,0,0,0
353,0513_c0001_003.jpg,513,0,-1,True,175,3100,0.04936622188855178,0.07213520197856554,493,2426,0,0,0,0
354,0513_c0001_004.jpg,513,0,-1,True,175,3100,0.049407596618990086,0.07216494845360824,493,2425,0,0,0,0
355,0513_c0001_005.jpg,513,0,-1,True,175,3100,0.04942765245617496,0.07222451506397029,493,2423,0,0,0,0
356,0513_c0001_006.jpg,513,0,-1,True,175,3100,0.04942114988287684,0.0721947194719472,493,2424,0,0,0,0
357,0513_c0001_007.jpg,513,0,-1,True,175,3100,0.049384165504624225,0.07216494845360824,495,2425,0,0,0,0
358,0513_c0001_008.jpg,513,0,-1,True,175,3100,0.04951488650106379,0.07228418009087154,492,2421,0,0,0,0
359,0513_c0001_009.jpg,513,0,-1,True,175,3100,0.049443856727756634,0.07228418009087154,493,2421,0,0,0,0
360,0513_c0001_010.jpg,513,0,-1,True,175,3100,0.049357643622595294,0.07213520197856554,493,2426,0,0,0,0
361,0513_c0001_011.jpg,513,0,-1,True,175,3100,0.04928104587401754,0.07213520197856554,494,2426,0,0,0,0
362,0513_c0001_012.jpg,513,0,-1,True,175,3100,0.04930952636140493,0.07213520197856554,494,2426,0,0,0,0
363,0513_c0001_013.jpg,513,0,-1,True,175,3100,0.049541442153791686,0.07240380637153496,492,2417,0,0,0,0
364,0513_c0001_014.jpg,513,0,-1,True,175,3100,0.049395662275516575,0.0721947194719472,493,2424,0,0,0,0
365,0513_c0001_015.jpg,513,0,-1,True,175,3100,0.04958842882165721,0.07240380637153496,491,2417,0,0,0,0
366,0513_c0001_016.jpg,513,0,-1,True,175,3100,0.04959715807610763,0.07237386269644334,492,2418,0,0,0,0
367,0513_c0001_017.jpg,513,0,-1,True,175,3100,0.04953653853656687,0.07237386269644334,492,2418,0,0,0,0
368,0513_c0001_018.jpg,513,0,-1,True,175,3100,0.04954886410817928,0.07234394377842084,492,2419,0,0,0,0
369,0513_c0001_019.jpg,513,0,-1,True,175,3100,0.049522188701707645,0.07234394377842084,492,2419,0,0,0,0
370,0513_c0001_020.jpg,513,0,-1,True,175,3100,0.049555152968933515,0.07237386269644334,492,2418,0,0,0,0
371,0513_c0001_021.jpg,513,0,-1,True,175,3100,0.04956837009168409,0.07240380637153496,488,2417,0,0,0,0
372,0513_c0001_022.jpg,513,0,-1,True,175,3100,0.04967221391332284,0.07246376811594203,486,2415,0,0,0,0
373,0513_c0001_023.jpg,513,0,-1,True,175,3100,0.0498001263363926,0.07252382925818483,482,2413,0,0,0,0
374,0513_c0001_024.jpg,513,0,-1,True,175,3100,0.04982465590270711,0.07255389718076286,480,2412,0,0,0,0
375,0513_c0002_000.jpg,513,1,-1,True,175,3100,0.04652311105865634,0.0718096019696348,920,2437,0,0,0,0
376,0513_c0002_001.jpg,513,1,-1,True,175,3100,0.04657532099167652,0.0718096019696348,919,2437,0,0,0,0
377,0513_c0002_002.jpg,513,1,-1,True,175,3100,0.046616248281923435,0.0718096019696348,918,2437,0,0,0,0
378,0513_c0002_003.jpg,513,1,-1,True,175,3100,0.046631915069399524,0.07178014766201805,918,2438,0,0,0,0
379,0513_c0002_004.jpg,513,1,-1,True,175,3100,0.04646113542235418,0.07169192953707497,919,2441,0,0,0,0
380,0513_c0002_005.jpg,513,1,-1,True,175,3100,0.046420486301948886,0.07163323782234957,921,2443,0,0,0,0
381,0513_c0002_006.jpg,513,1,-1,True,175,3100,0.046505975328313756,0.07172131147540983,918,2440,0,0,0,0
382,0513_c0002_007.jpg,513,1,-1,True,175,3100,0.04638309498509985,0.0716039279869067,919,2444,0,0,0,0
383,0513_c0002_008.jpg,513,1,-1,True,175,3100,0.04645658658512267,0.07163323782234957,916,2443,0,0,0,0
384,0513_c0002_009.jpg,513,1,-1,True,175,3100,0.04646496107133509,0.07166257166257166,917,2442,0,0,0,0
385,0513_c0002_010.jpg,513,1,-1,True,175,3100,0.046485193906755415,0.07169192953707497,917,2441,0,0,0,0
386,0513_c0002_011.jpg,513,1,-1,True,175,3100,0.046431243192674276,0.07163323782234957,918,2443,0,0,0,0
387,0513_c0002_012.jpg,513,1,-1,True,175,3100,0.04655073028445985,0.07169192953707497,917,2441,0,0,0,0
388,0513_c0002_013.jpg,513,1,-1,True,175,3100,0.046538962839076665,0.07166257166257166,917,2442,0,0,0,0
389,0513_c0002_014.jpg,513,1,-1,True,175,3100,0.04655154696100916,0.07172131147540983,919,2440,0,0,0,0
390,0513_c0002_015.jpg,513,1,-1,True,175,3100,0.04655398664603849,0.07172131147540983,915,2440,0,0,0,0
391,0513_c0002_016.jpg,513,1,-1,True,175,3100,0.04655235862755036,0.07175071750717507,915,2439,0,0,0,0
392,0513_c0002_017.jpg,513,1,-1,True,175,3100,0.04660223540750602,0.07175071750717507,913,2439,0,0,0,0
393,0513_c0002_018.jpg,513,1,-1,True,175,3100,0.04656169219070887,0.07172131147540983,915,2440,0,0,0,0
394,0513_c0002_019.jpg,513,1,-1,True,175,3100,0.04659618324608847,0.07172131147540983,915,2440,0,0,0,0
395,0513_c0002_020.jpg,513,1,-1,True,175,3100,0.04660137827023692,0.07172131147540983,915,2440,0,0,0,0
396,0513_c0002_021.jpg,513,1,-1,True,175,3100,0.046544561103749736,0.07169192953707497,915,2441,0,0,0,0
397,0513_c0002_022.jpg,513,1,-1,True,175,3100,0.04652091634652263,0.07166257166257166,915,2442,0,0,0,0
398,0513_c0002_023.jpg,513,1,-1,True,175,3100,0.04656824652113118,0.07169192953707497,915,2441,0,0,0,0
399,0513_c0002_024.jpg,513,1,-1,True,175,3100,0.046586711519042624,0.07169192953707497,915,2441,0,0,0,0
400,0513_c0003_000.jpg,513,2,-1,True,175,3100,0.051469865790041223,0.07228418009087154,473,2421,0,0,0,0
401,0513_c0003_001.jpg,513,2,-1,True,175,3100,0.051469865790041223,0.07228418009087154,473,2421,0,0,0,0
402,0513_c0003_002.jpg,513,2,-1,True,175,3100,0.05176831041355633,0.07237386269644334,478,2418,0,0,0,0
403,0513_c0003_003.jpg,513,2,-1,True,175,3100,0.05154295515631418,0.07231404958677685,473,2420,0,0,0,0
404,0513_c0003_004.jpg,513,2,-1,True,175,3100,0.051539583992500804,0.07231404958677685,473,2420,0,0,0,0
405,0513_c0003_005.jpg,513,2,-1,True,175,3100,0.05153744068210476,0.07228418009087154,473,2421,0,0,0,0
406,0513_c0003_006.jpg,513,2,-1,True,175,3100,0.05182233108852275,0.07234394377842084,472,2419,0,0,0,0
407,0513_c0003_007.jpg,513,2,-1,True,175,3100,0.0518055664669497,0.07234394377842084,471,2419,0,0,0,0
408,0513_c0003_008.jpg,513,2,-1,True,175,3100,0.051794753843948056,0.07237386269644334,471,2418,0,0,0,0
409,0513_c0003_009.jpg,513,2,-1,True,175,3100,0.05168531373931464,0.07234394377842084,472,2419,0,0,0,0
410,0513_c0003_010.jpg,513,2,-1,True,175,3100,0.051716552354034696,0.07237386269644334,471,2418,0,0,0,0
411,0513_c0003_011.jpg,513,2,-1,True,175,3100,0.05180237723284685,0.07237386269644334,471,2418,0,0,0,0
412,0513_c0003_012.jpg,513,2,-1,True,175,3100,0.051738337040192366,0.07237386269644334,472,2418,0,0,0,0
413,0513_c0003_013.jpg,513,2,-1,True,175,3100,0.05169034309991405,0.07234394377842084,473,2419,0,0,0,0
414,0513_c0003_014.jpg,513,2,-1,True,175,3100,0.05157774705602908,0.07234394377842084,473,2419,0,0,0,0
415,0513_c0003_015.jpg,513,2,-1,True,175,3100,0.05164855983273471,0.07237386269644334,473,2418,0,0,0,0
416,0513_c0003_016.jpg,513,2,-1,True,175,3100,0.051884733419701734,0.07243377483443708,471,2416,0,0,0,0
417,0513_c0003_017.jpg,513,2,-1,True,175,3100,0.05185167977862339,0.07237386269644334,473,2418,0,0,0,0
418,0513_c0003_018.jpg,513,2,-1,True,175,3100,0.051797435289796315,0.07237386269644334,473,2418,0,0,0,0
419,0513_c0003_019.jpg,513,2,-1,True,175,3100,0.05172516260091494,0.07234394377842084,472,2419,0,0,0,0
420,0513_c0003_020.jpg,513,2,-1,True,175,3100,0.05192851597775071,0.07249378624689312,471,2414,0,0,0,0
421,0513_c0003_021.jpg,513,2,-1,True,175,3100,0.05198870038637701,0.07249378624689312,470,2414,0,0,0,0
422,0513_c0003_022.jpg,513,2,-1,True,175,3100,0.052089713820200924,0.07258399004562423,470,2411,0,0,0,0
423,0513_c0003_023.jpg,513,2,-1,True,175,3100,0.05190839218895477,0.07243377483443708,470,2416,0,0,0,0
424,0513_c0003_024.jpg,513,2,-1,True,175,3100,0.05189637910415868,0.07243377483443708,469,2416,0,0,0,0
425,0513_c0004_000.jpg,513,3,-1,True,175,3100,0.050019644321978314,0.0721947194719472,465,2424,0,0,0,0
426,0513_c0004_001.jpg,513,3,-1,True,175,3100,0.05009016516962719,0.07234394377842084,463,2419,0,0,0,0
427,0513_c0004_002.jpg,513,3,-1,True,175,3100,0.05000328282751941,0.07216494845360824,465,2425,0,0,0,0
428,0513_c0004_003.jpg,513,3,-1,True,175,3100,0.049904855780042376,0.07216494845360824,466,2425,0,0,0,0
429,0513_c0004_004.jpg,513,3,-1,True,175,3100,0.04989837854715991,0.07210548001648125,467,2427,0,0,0,0
430,0513_c0004_005.jpg,513,3,-1,True,175,3100,0.04983040618304464,0.07204610951008646,467,2429,0,0,0,0
431,0513_c0004_006.jpg,513,3,-1,True,175,3100,0.04984465544904892,0.07204610951008646,466,2429,0,0,0,0
432,0513_c0004_007.jpg,513,3,-1,True,175,3100,0.049824309191366586,0.07204610951008646,467,2429,0,0,0,0
433,0513_c0004_008.jpg,513,3,-1,True,175,3100,0.049846688227796414,0.07216494845360824,465,2425,0,0,0,0
434,0513_c0004_009.jpg,513,3,-1,True,175,3100,0.04985231473668187,0.07213520197856554,465,2426,0,0,0,0
435,0513_c0004_010.jpg,513,3,-1,True,175,3100,0.049809695456634544,0.07207578253706755,467,2428,0,0,0,0
436,0513_c0004_011.jpg,513,3,-1,True,175,3100,0.049792595343452824,0.07198683669271905,465,2431,0,0,0,0
437,0513_c0004_012.jpg,513,3,-1,True,175,3100,0.0498212780694793,0.07213520197856554,466,2426,0,0,0,0
438,0513_c0004_013.jpg,513,3,-1,True,175,3100,0.04987631799527739,0.0721947194719472,464,2424,0,0,0,0
439,0513_c0004_014.jpg,513,3,-1,True,175,3100,0.049558595396729695,0.0718096019696348,468,2437,0,0,0,0
440,0513_c0004_015.jpg,513,3,-1,True,175,3100,0.04960733455155779,0.07186858316221766,467,2435,0,0,0,0
441,0513_c0004_016.jpg,513,3,-1,True,175,3100,0.049534565057776245,0.07183908045977011,467,2436,0,0,0,0
442,0513_c0004_017.jpg,513,3,-1,True,175,3100,0.0496600053177049,0.07186858316221766,467,2435,0,0,0,0
443,0513_c0004_018.jpg,513,3,-1,True,175,3100,0.04964895022941713,0.07186858316221766,467,2435,0,0,0,0
444,0513_c0004_019.jpg,513,3,-1,True,175,3100,0.0496650768117948,0.07186858316221766,467,2435,0,0,0,0
445,0513_c0004_020.jpg,513,3,-1,True,175,3100,0.04973646741072095,0.07195723684210527,467,2432,0,0,0,0
446,0513_c0004_021.jpg,513,3,-1,True,175,3100,0.04968302125134556,0.07186858316221766,467,2435,0,0,0,0
447,0513_c0004_022.jpg,513,3,-1,True,175,3100,0.04962629040394431,0.07186858316221766,467,2435,0,0,0,0
448,0513_c0004_023.jpg,513,3,-1,True,175,3100,0.04964879844010977,0.07186858316221766,467,2435,0,0,0,0
449,0513_c0004_024.jpg,513,3,-1,True,175,3100,0.04969740647656794,0.07189811010682005,467,2434,0,0,0,0
450,0513_c0005_000.jpg,513,4,-1,True,175,3100,0.050633815968862156,0.07387083157450401,472,2369,0,0,0,0
451,0513_c0005_001.jpg,513,4,-1,True,175,3100,0.05080594461879108,0.07399577167019028,466,2365,0,0,0,0
452,0513_c0005_002.jpg,513,4,-1,True,175,3100,0.05072178837220771,0.07396449704142012,467,2366,0,0,0,0
453,0513_c0005_003.jpg,513,4,-1,True,175,3100,0.05076479261267432,0.07396449704142012,466,2366,0,0,0,0
454,0513_c0005_004.jpg,513,4,-1,True,175,3100,0.05073719578815883,0.07396449704142012,467,2366,0,0,0,0
455,0513_c0005_005.jpg,513,4,-1,True,175,3100,0.05069219550158802,0.07390202702702703,470,2368,0,0,0,0
456,0513_c0005_006.jpg,513,4,-1,True,175,3100,0.05074809889931918,0.0739332488381918,464,2367,0,0,0,0
457,0513_c0005_007.jpg,513,4,-1,True,175,3100,0.05066253781851284,0.0739332488381918,467,2367,0,0,0,0
458,0513_c0005_008.jpg,513,4,-1,True,175,3100,0.05052493157608212,0.07374631268436578,472,2373,0,0,0,0
459,0513_c0005_009.jpg,513,4,-1,True,175,3100,0.050575998547966024,0.07377740303541315,468,2372,0,0,0,0
460,0513_c0005_010.jpg,513,4,-1,True,175,3100,0.050605582171681096,0.07380851961197807,468,2371,0,0,0,0
461,0513_c0005_011.jpg,513,4,-1,True,175,3100,0.05058826342511608,0.07380851961197807,471,2371,0,0,0,0
462,0513_c0005_012.jpg,513,4,-1,True,175,3100,0.0497494054043305,0.07316053511705686,501,2392,0,0,0,0
463,0513_c0005_013.jpg,513,4,-1,True,175,3100,0.04997457046352196,0.07325240686479699,493,2389,0,0,0,0
464,0513_c0005_014.jpg,513,4,-1,True,175,3100,0.0499634846569912,0.07325240686479699,494,2389,0,0,0,0
465,0513_c0005_015.jpg,513,4,-1,True,175,3100,0.04997237350637294,0.07322175732217573,492,2390,0,0,0,0
466,0513_c0005_016.jpg,513,4,-1,True,175,3100,0.05031317633390486,0.07371524852569503,482,2374,0,0,0,0
467,0513_c0005_017.jpg,513,4,-1,True,175,3100,0.05017408945227258,0.0734985300293994,488,2381,0,0,0,0
468,0513_c0005_018.jpg,513,4,-1,True,175,3100,0.05019587189286751,0.07352941176470588,485,2380,0,0,0,0
469,0513_c0005_019.jpg,513,4,-1,True,175,3100,0.05020004843333934,0.07352941176470588,485,2380,0,0,0,0
470,0513_c0005_020.jpg,513,4,-1,True,175,3100,0.05021877558135356,0.07359125315391085,485,2378,0,0,0,0
471,0513_c0005_021.jpg,513,4,-1,True,175,3100,0.05024971626009647,0.0736222128733698,485,2377,0,0,0,0
472,0513_c0005_022.jpg,513,4,-1,True,175,3100,0.05013629564073625,0.07346767422334173,489,2382,0,0,0,0
473,0513_c0005_023.jpg,513,4,-1,True,175,3100,0.050107405022150206,0.07346767422334173,491,2382,0,0,0,0
474,0513_c0005_024.jpg,513,4,-1,True,175,3100,0.05011217776558703,0.07346767422334173,491,2382,0,0,0,0
475,0513_c0006_000.jpg,513,5,-1,True,175,3100,0.048703187541720386,0.07195723684210527,475,2432,0,0,0,0
476,0513_c0006_001.jpg,513,5,-1,True,175,3100,0.048659218706330686,0.07192766132346896,475,2433,0,0,0,0
477,0513_c0006_002.jpg,513,5,-1,True,175,3100,0.04866582934162137,0.07192766132346896,475,2433,0,0,0,0
478,0513_c0006_003.jpg,513,5,-1,True,175,3100,0.048673559700396926,0.07192766132346896,475,2433,0,0,0,0
479,0513_c0006_004.jpg,513,5,-1,True,175,3100,0.04869852526846988,0.07195723684210527,475,2432,0,0,0,0
480,0513_c0006_005.jpg,513,5,-1,True,175,3100,0.048729450361060085,0.07195723684210527,475,2432,0,0,0,0
481,0513_c0006_006.jpg,513,5,-1,True,175,3100,0.048683033542076135,0.07195723684210527,475,2432,0,0,0,0
482,0513_c0006_007.jpg,513,5,-1,True,175,3100,0.04871042025317674,0.07195723684210527,475,2432,0,0,0,0
483,0513_c0006_008.jpg,513,5,-1,True,175,3100,0.04865324840126388,0.07192766132346896,475,2433,0,0,0,0
484,0513_c0006_009.jpg,513,5,-1,True,175,3100,0.04875082721267014,0.07192766132346896,475,2433,0,0,0,0
485,0513_c0006_010.jpg,513,5,-1,True,175,3100,0.04870116150718089,0.07189811010682005,475,2434,0,0,0,0
486,0513_c0006_011.jpg,513,5,-1,True,175,3100,0.04877150822892935,0.07192766132346896,475,2433,0,0,0,0
487,0513_c0006_012.jpg,513,5,-1,True,175,3100,0.04872714703167718,0.07192766132346896,475,2433,0,0,0,0
488,0513_c0006_013.jpg,513,5,-1,True,175,3100,0.04876312895759414,0.07192766132346896,475,2433,0,0,0,0
489,0513_c0006_014.jpg,513,5,-1,True,175,3100,0.04872971204432677,0.07192766132346896,475,2433,0,0,0,0
490,0513_c0006_015.jpg,513,5,-1,True,175,3100,0.048685328508211285,0.07195723684210527,475,2432,0,0,0,0
491,0513_c0006_016.jpg,513,5,-1,True,175,3100,0.04874281636156666,0.07192766132346896,475,2433,0,0,0,0
492,0513_c0006_017.jpg,513,5,-1,True,175,3100,0.04869875157165424,0.07195723684210527,475,2432,0,0,0,0
493,0513_c0006_018.jpg,513,5,-1,True,175,3100,0.04869152869627936,0.07195723684210527,475,2432,0,0,0,0
494,0513_c0006_019.jpg,513,5,-1,True,175,3100,0.0486695967813503,0.07195723684210527,475,2432,0,0,0,0
495,0513_c0006_020.jpg,513,5,-1,True,175,3100,0.04862224904960281,0.07186858316221766,475,2435,0,0,0,0
496,0513_c0006_021.jpg,513,5,-1,True,175,3100,0.048666885297389675,0.07195723684210527,475,2432,0,0,0,0
497,0513_c0006_022.jpg,513,5,-1,True,175,3100,0.04872032470817146,0.07195723684210527,475,2432,0,0,0,0
498,0513_c0006_023.jpg,513,5,-1,True,175,3100,0.04876265385091204,0.07192766132346896,475,2433,0,0,0,0
499,0513_c0006_024.jpg,513,5,-1,True,175,3100,0.04878937583899457,0.07192766132346896,475,2433,0,0,0,0
500,0513_c0007_000.jpg,513,6,-1,True,175,3100,0.046999106336002745,0.07189811010682005,485,2434,0,0,0,0
501,0513_c0007_001.jpg,513,6,-1,True,175,3100,0.04732058969285011,0.07213520197856554,480,2426,0,0,0,0
502,0513_c0007_002.jpg,513,6,-1,True,175,3100,0.047025478354580985,0.07186858316221766,479,2435,0,0,0,0
503,0513_c0007_003.jpg,513,6,-1,True,175,3100,0.04701467538636442,0.07195723684210527,478,2432,0,0,0,0
504,0513_c0007_004.jpg,513,6,-1,True,175,3100,0.04700334682747652,0.07189811010682005,481,2434,0,0,0,0
505,0513_c0007_005.jpg,513,6,-1,True,175,3100,0.04707592575155522,0.07192766132346896,478,2433,0,0,0,0
506,0513_c0007_006.jpg,513,6,-1,True,175,3100,0.047207673584044776,0.07189811010682005,478,2434,0,0,0,0
507,0513_c0007_007.jpg,513,6,-1,True,175,3100,0.047495084285618085,0.07222451506397029,471,2423,0,0,0,0
508,0513_c0007_008.jpg,513,6,-1,True,175,3100,0.04754854520835993,0.07222451506397029,472,2423,0,0,0,0
509,0513_c0007_009.jpg,513,6,-1,True,175,3100,0.04752408318049296,0.07222451506397029,472,2423,0,0,0,0
510,0513_c0007_010.jpg,513,6,-1,True,175,3100,0.04727142309569438,0.07198683669271905,477,2431,0,0,0,0
511,0513_c0007_011.jpg,513,6,-1,True,175,3100,0.04717092724020463,0.07192766132346896,480,2433,0,0,0,0
512,0513_c0007_012.jpg,513,6,-1,True,175,3100,0.04720073057853759,0.07192766132346896,482,2433,0,0,0,0
513,0513_c0007_013.jpg,513,6,-1,True,175,3100,0.047312022890857335,0.0720164609053498,478,2430,0,0,0,0
514,0513_c0007_014.jpg,513,6,-1,True,175,3100,0.047321706024475246,0.0720164609053498,476,2430,0,0,0,0
515,0513_c0007_015.jpg,513,6,-1,True,175,3100,0.04726709437866046,0.07198683669271905,477,2431,0,0,0,0
516,0513_c0007_016.jpg,513,6,-1,True,175,3100,0.04724417560318446,0.07195723684210527,478,2432,0,0,0,0
517,0513_c0007_017.jpg,513,6,-1,True,175,3100,0.04745340542282392,0.07216494845360824,475,2425,0,0,0,0
518,0513_c0007_018.jpg,513,6,-1,True,175,3100,0.04745220414266947,0.07216494845360824,473,2425,0,0,0,0
519,0513_c0007_019.jpg,513,6,-1,True,175,3100,0.04762456240289161,0.07228418009087154,471,2421,0,0,0,0
520,0513_c0007_020.jpg,513,6,-1,True,175,3100,0.047566679057238284,0.07228418009087154,471,2421,0,0,0,0
521,0513_c0007_021.jpg,513,6,-1,True,175,3100,0.04754546790092091,0.07228418009087154,471,2421,0,0,0,0
522,0513_c0007_022.jpg,513,6,-1,True,175,3100,0.04760759758744127,0.07231404958677685,468,2420,0,0,0,0
523,0513_c0007_023.jpg,513,6,-1,True,175,3100,0.04778802817359093,0.07240380637153496,466,2417,0,0,0,0
524,0513_c0007_024.jpg,513,6,-1,True,175,3100,0.04785530676165795,0.07231404958677685,465,2420,0,0,0,0
525,0513_c0008_000.jpg,513,7,-1,True,175,3100,0.05385793321274345,0.07572479446127217,469,2311,0,0,0,0
526,0513_c0008_001.jpg,513,7,-1,True,175,3100,0.05333738334678072,0.0755939524838013,483,2315,0,0,0,0
527,0513_c0008_002.jpg,513,7,-1,True,175,3100,0.0534851627811066,0.0755939524838013,481,2315,0,0,0,0
528,0513_c0008_003.jpg,513,7,-1,True,175,3100,0.05346028096569089,0.0755939524838013,482,2315,0,0,0,0
529,0513_c0008_004.jpg,513,7,-1,True,175,3100,0.0534804529733709,0.07556131260794473,479,2316,0,0,0,0
530,0513_c0008_005.jpg,513,7,-1,True,175,3100,0.05337093325423485,0.07565931690445309,483,2313,0,0,0,0
531,0513_c0008_006.jpg,513,7,-1,True,175,3100,0.05327231043973903,0.07546356188012074,483,2319,0,0,0,0
532,0513_c0008_007.jpg,513,7,-1,True,175,3100,0.053177728566715286,0.07536606373815675,485,2322,0,0,0,0
533,0513_c0008_008.jpg,513,7,-1,True,175,3100,0.05335872454403644,0.07556131260794473,484,2316,0,0,0,0
534,0513_c0008_009.jpg,513,7,-1,True,175,3100,0.053279576068388325,0.07556131260794473,483,2316,0,0,0,0
535,0513_c0008_010.jpg,513,7,-1,True,175,3100,0.05328382113718939,0.0755287009063444,483,2317,0,0,0,0
536,0513_c0008_011.jpg,513,7,-1,True,175,3100,0.05317288789840572,0.07530120481927711,485,2324,0,0,0,0
537,0513_c0008_012.jpg,513,7,-1,True,175,3100,0.05328839598882266,0.0755287009063444,484,2317,0,0,0,0
538,0513_c0008_013.jpg,513,7,-1,True,175,3100,0.053322024500094156,0.07556131260794473,484,2316,0,0,0,0
539,0513_c0008_014.jpg,513,7,-1,True,175,3100,0.0529131740406553,0.07530120481927711,489,2324,0,0,0,0
540,0513_c0008_015.jpg,513,7,-1,True,175,3100,0.05326425166803365,0.07556131260794473,485,2316,0,0,0,0
541,0513_c0008_016.jpg,513,7,-1,True,175,3100,0.05335509432983469,0.07556131260794473,485,2316,0,0,0,0
542,0513_c0008_017.jpg,513,7,-1,True,175,3100,0.053517425515984526,0.07569204152249134,484,2312,0,0,0,0
543,0513_c0008_018.jpg,513,7,-1,True,175,3100,0.0535017091391636,0.07569204152249134,483,2312,0,0,0,0
544,0513_c0008_019.jpg,513,7,-1,True,175,3100,0.053546970065919824,0.07572479446127217,482,2311,0,0,0,0
545,0513_c0008_020.jpg,513,7,-1,True,175,3100,0.0535205961859239,0.07569204152249134,482,2312,0,0,0,0
546,0513_c0008_021.jpg,513,7,-1,True,175,3100,0.053292075700234996,0.0755939524838013,487,2315,0,0,0,0
547,0513_c0008_022.jpg,513,7,-1,True,175,3100,0.05343458106872637,0.07569204152249134,486,2312,0,0,0,0
548,0513_c0008_023.jpg,513,7,-1,True,175,3100,0.05331742172916314,0.0755939524838013,486,2315,0,0,0,0
549,0513_c0008_024.jpg,513,7,-1,True,175,3100,0.05330608261173853,0.0755939524838013,487,2315,0,0,0,0
550,0519_c0001_000.jpg,519,0,-1,True,150,3100,0.030838450415393803,0.04995004995004995,991,3003,0,0,0,0
551,0519_c0001_001.jpg,519,0,-1,True,150,3100,0.030878537096965347,0.049966688874083946,989,3002,0,0,0,0
552,0519_c0001_002.jpg,519,0,-1,True,150,3100,0.03086526683685453,0.049966688874083946,986,3002,0,0,0,0
553,0519_c0001_003.jpg,519,0,-1,True,150,3100,0.03081295436998546,0.04991680532445923,988,3005,0,0,0,0
554,0519_c0001_004.jpg,519,0,-1,True,150,3100,0.03080535549779404,0.04991680532445923,990,3005,0,0,0,0
555,0519_c0001_005.jpg,519,0,-1,True,150,3100,0.03083149345164299,0.04991680532445923,987,3005,0,0,0,0
556,0519_c0001_006.jpg,519,0,-1,True,150,3100,0.030834660764516054,0.04991680532445923,987,3005,0,0,0,0
557,0519_c0001_007.jpg,519,0,-1,True,150,3100,0.030796203018200085,0.04991680532445923,987,3005,0,0,0,0
558,0519_c0001_008.jpg,519,0,-1,True,150,3100,0.03081675057195183,0.04991680532445923,993,3005,0,0,0,0
559,0519_c0001_009.jpg,519,0,-1,True,150,3100,0.03080498167698076,0.04991680532445923,994,3005,0,0,0,0
560,0519_c0001_010.jpg,519,0,-1,True,150,3100,0.030828946509094422,0.04991680532445923,990,3005,0,0,0,0
561,0519_c0001_011.jpg,519,0,-1,True,150,3100,0.03079251884882955,0.0499001996007984,988,3006,0,0,0,0
562,0519_c0001_012.jpg,519,0,-1,True,150,3100,0.0307582629383956,0.04988360492184902,989,3007,0,0,0,0
563,0519_c0001_013.jpg,519,0,-1,True,150,3100,0.030775272262735822,0.0499001996007984,989,3006,0,0,0,0
564,0519_c0001_014.jpg,519,0,-1,True,150,3100,0.030779053317259244,0.0499001996007984,988,3006,0,0,0,0
565,0519_c0001_015.jpg,519,0,-1,True,150,3100,0.030782509029374926,0.04988360492184902,988,3007,0,0,0,0
566,0519_c0001_016.jpg,519,0,-1,True,150,3100,0.030802443849453395,0.04991680532445923,991,3005,0,0,0,0
567,0519_c0001_017.jpg,519,0,-1,True,150,3100,0.03083041837906432,0.04991680532445923,988,3005,0,0,0,0
568,0519_c0001_018.jpg,519,0,-1,True,150,3100,0.030803094785089632,0.0499001996007984,987,3006,0,0,0,0
569,0519_c0001_019.jpg,519,0,-1,True,150,3100,0.030806673269394208,0.04991680532445923,987,3005,0,0,0,0
570,0519_c0001_020.jpg,519,0,-1,True,150,3100,0.03075509178432961,0.04988360492184902,986,3007,0,0,0,0
571,0519_c0001_021.jpg,519,0,-1,True,150,3100,0.030763950099420814,0.049867021276595744,987,3008,0,0,0,0
572,0519_c0001_022.jpg,519,0,-1,True,150,3100,0.030799994541120163,0.04988360492184902,984,3007,0,0,0,0
573,0519_c0001_023.jpg,519,0,-1,True,150,3100,0.030805994763991283,0.0499001996007984,984,3006,0,0,0,0
574,0519_c0001_024.jpg,519,0,-1,True,150,3100,0.030832401488782666,0.0499001996007984,985,3006,0,0,0,0
575,0519_c0003_000.jpg,519,2,-1,True,150,3100,0.03378918200341666,0.05025125628140704,980,2985,0,0,0,0
576,0519_c0003_001.jpg,519,2,-1,True,150,3100,0.033845104891077005,0.05026809651474531,983,2984,0,0,0,0
577,0519_c0003_002.jpg,519,2,-1,True,150,3100,0.03376204255882021,0.05025125628140704,985,2985,0,0,0,0
578,0519_c0003_003.jpg,519,2,-1,True,150,3100,0.03381998097573214,0.05025125628140704,988,2985,0,0,0,0
579,0519_c0003_004.jpg,519,2,-1,True,150,3100,0.03385029702200948,0.05026809651474531,991,2984,0,0,0,0
580,0519_c0003_005.jpg,519,2,-1,True,150,3100,0.033837287364666756,0.05025125628140704,985,2985,0,0,0,0
581,0519_c0003_006.jpg,519,2,-1,True,150,3100,0.033921180378082845,0.05026809651474531,987,2984,0,0,0,0
582,0519_c0003_007.jpg,519,2,-1,True,150,3100,0.033870441964718445,0.05026809651474531,987,2984,0,0,0,0
583,0519_c0003_008.jpg,519,2,-1,True,150,3100,0.03381932309936307,0.05026809651474531,985,2984,0,0,0,0
584,0519_c0003_009.jpg,519,2,-1,True,150,3100,0.03381755197771479,0.05025125628140704,982,2985,0,0,0,0
585,0519_c0003_010.jpg,519,2,-1,True,150,3100,0.03384124095757734,0.05026809651474531,986,2984,0,0,0,0
586,0519_c0003_011.jpg,519,2,-1,True,150,3100,0.03370231669796238,0.05023442732752847,982,2986,0,0,0,0
587,0519_c0003_012.jpg,519,2,-1,True,150,3100,0.03376713379341751,0.05026809651474531,984,2984,0,0,0,0
588,0519_c0003_013.jpg,519,2,-1,True,150,3100,0.033738866755624146,0.05025125628140704,981,2985,0,0,0,0
589,0519_c0003_014.jpg,519,2,-1,True,150,3100,0.03362217946723561,0.05023442732752847,985,2986,0,0,0,0
590,0519_c0003_015.jpg,519,2,-1,True,150,3100,0.03341982388712443,0.05016722408026756,982,2990,0,0,0,0
591,0519_c0003_016.jpg,519,2,-1,True,150,3100,0.033346695207612444,0.05011693952555964,981,2993,0,0,0,0
592,0519_c0003_017.jpg,519,2,-1,True,150,3100,0.03323624641882389,0.049983338887037654,977,3001,0,0,0,0
593,0519_c0003_018.jpg,519,2,-1,True,150,3100,0.03306767662259414,0.04981733643307871,979,3011,0,0,0,0
594,0519_c0003_019.jpg,519,2,-1,True,150,3100,0.033217376825906184,0.04995004995004995,981,3003,0,0,0,0
595,0519_c0003_020.jpg,519,2,-1,True,150,3100,0.03332386194457211,0.05011693952555964,987,2993,0,0,0,0
596,0519_c0003_021.jpg,519,2,-1,True,150,3100,0.03317626690400426,0.0499001996007984,983,3006,0,0,0,0
597,0519_c0003_022.jpg,519,2,-1,True,150,3100,0.03327327505596823,0.050016672224074694,978,2999,0,0,0,0
598,0519_c0003_023.jpg,519,2,-1,True,150,3100,0.033346040277283356,0.05011693952555964,981,2993,0,0,0,0
599,0519_c0003_024.jpg,519,2,-1,True,150,3100,0.03310015225851362,0.049867021276595744,984,3008,0,0,0,0
600,0519_c0004_000.jpg,519,3,-1,True,150,3100,0.034713029720612965,0.05021760964178105,976,2987,0,0,0,0
601,0519_c0004_001.jpg,519,3,-1,True,150,3100,0.034721260933205246,0.050200803212851405,974,2988,0,0,0,0
602,0519_c0004_002.jpg,519,3,-1,True,150,3100,0.034589871631233976,0.05013368983957219,975,2992,0,0,0,0
603,0519_c0004_003.jpg,519,3,-1,True,150,3100,0.034578379989590485,0.05016722408026756,975,2990,0,0,0,0
604,0519_c0004_004.jpg,519,3,-1,True,150,3100,0.034600085547568465,0.05016722408026756,973,2990,0,0,0,0
605,0519_c0004_005.jpg,519,3,-1,True,150,3100,0.03464285612936086,0.05016722408026756,974,2990,0,0,0,0
606,0519_c0004_006.jpg,519,3,-1,True,150,3100,0.034564780941396984,0.050100200400801605,975,2994,0,0,0,0
607,0519_c0004_007.jpg,519,3,-1,True,150,3100,0.034602681997232924,0.05013368983957219,973,2992,0,0,0,0
608,0519_c0004_008.jpg,519,3,-1,True,150,3100,0.034606335543621,0.05013368983957219,970,2992,0,0,0,0
609,0519_c0004_009.jpg,519,3,-1,True,150,3100,0.03466871687512132,0.050184008029441285,971,2989,0,0,0,0
610,0519_c0004_010.jpg,519,3,-1,True,150,3100,0.03465318575495609,0.05016722408026756,974,2990,0,0,0,0
611,0519_c0004_011.jpg,519,3,-1,True,150,3100,0.034584296948579174,0.05011693952555964,972,2993,0,0,0,0
612,0519_c0004_012.jpg,519,3,-1,True,150,3100,0.034592780586459274,0.05013368983957219,971,2992,0,0,0,0
613,0519_c0004_013.jpg,519,3,-1,True,150,3100,0.034543980953519175,0.050100200400801605,973,2994,0,0,0,0
614,0519_c0004_014.jpg,519,3,-1,True,150,3100,0.03467987014864327,0.050184008029441285,972,2989,0,0,0,0
615,0519_c0004_015.jpg,519,3,-1,True,150,3100,0.034605923324685775,0.05013368983957219,971,2992,0,0,0,0
616,0519_c0004_016.jpg,519,3,-1,True,150,3100,0.034662377654127864,0.050184008029441285,972,2989,0,0,0,0
617,0519_c0004_017.jpg,519,3,-1,True,150,3100,0.03471727576906889,0.050200803212851405,974,2988,0,0,0,0
618,0519_c0004_018.jpg,519,3,-1,True,150,3100,0.03444141437991663,0.050066755674232306,974,2996,0,0,0,0
619,0519_c0004_019.jpg,519,3,-1,True,150,3100,0.03448274231218036,0.05008347245409015,974,2995,0,0,0,0
620,0519_c0004_020.jpg,519,3,-1,True,150,3100,0.03444868760365745,0.050066755674232306,977,2996,0,0,0,0
621,0519_c0004_021.jpg,519,3,-1,True,150,3100,0.03439484425415492,0.05005005005005005,978,2997,0,0,0,0
622,0519_c0004_022.jpg,519,3,-1,True,150,3100,0.034488261929719495,0.05011693952555964,976,2993,0,0,0,0
623,0519_c0004_023.jpg,519,3,-1,True,150,3100,0.03460913668039931,0.05013368983957219,977,2992,0,0,0,0
624,0519_c0004_024.jpg,519,3,-1,True,150,3100,0.0345785868206424,0.05013368983957219,977,2992,0,0,0,0
625,0519_c0005_000.jpg,519,4,-1,True,150,3100,0.030834120575462608,0.04961958319550116,1063,3023,0,0,0,0
626,0519_c0005_001.jpg,519,4,-1,True,150,3100,0.03080345075796734,0.0495703899537343,1066,3026,0,0,0,0
627,0519_c0005_002.jpg,519,4,-1,True,150,3100,0.030804618839074534,0.049586776859504134,1069,3025,0,0,0,0
628,0519_c0005_003.jpg,519,4,-1,True,150,3100,0.030753035075195386,0.049554013875123884,1073,3027,0,0,0,0
629,0519_c0005_004.jpg,519,4,-1,True,150,3100,0.030785985941918035,0.0495703899537343,1068,3026,0,0,0,0
630,0519_c0005_005.jpg,519,4,-1,True,150,3100,0.030770913862226076,0.04953764861294584,1079,3028,0,0,0,0
631,0519_c0005_006.jpg,519,4,-1,True,150,3100,0.030800842928876627,0.049586776859504134,1062,3025,0,0,0,0
632,0519_c0005_007.jpg,519,4,-1,True,150,3100,0.030807814902008193,0.049554013875123884,1051,3027,0,0,0,0
633,0519_c0005_008.jpg,519,4,-1,True,150,3100,0.030771383623301722,0.04950495049504951,1055,3030,0,0,0,0
634,0519_c0005_009.jpg,519,4,-1,True,150,3100,0.030808022149716095,0.0495703899537343,1061,3026,0,0,0,0
635,0519_c0005_010.jpg,519,4,-1,True,150,3100,0.030812505099874057,0.049586776859504134,1060,3025,0,0,0,0
636,0519_c0005_011.jpg,519,4,-1,True,150,3100,0.03077095254638922,0.04952129415648729,1074,3029,0,0,0,0
637,0519_c0005_012.jpg,519,4,-1,True,150,3100,0.03086258349070862,0.049586776859504134,1051,3025,0,0,0,0
638,0519_c0005_013.jpg,519,4,-1,True,150,3100,0.03079760884967594,0.04953764861294584,1072,3028,0,0,0,0
639,0519_c0005_014.jpg,519,4,-1,True,150,3100,0.030771695682864385,0.04953764861294584,1070,3028,0,0,0,0
640,0519_c0005_015.jpg,519,4,-1,True,150,3100,0.030768154865200282,0.04953764861294584,1063,3028,0,0,0,0
641,0519_c0005_016.jpg,519,4,-1,True,150,3100,0.030782270903540063,0.04953764861294584,1069,3028,0,0,0,0
642,0519_c0005_017.jpg,519,4,-1,True,150,3100,0.030735859306814176,0.04952129415648729,1076,3029,0,0,0,0
643,0519_c0005_018.jpg,519,4,-1,True,150,3100,0.030725267611644628,0.04952129415648729,1073,3029,0,0,0,0
644,0519_c0005_019.jpg,519,4,-1,True,150,3100,0.030845589372866893,0.04953764861294584,1059,3028,0,0,0,0
645,0519_c0005_020.jpg,519,4,-1,True,150,3100,0.030777602408130593,0.04953764861294584,1074,3028,0,0,0,0
646,0519_c0005_021.jpg,519,4,-1,True,150,3100,0.030766037627908083,0.04950495049504951,1079,3030,0,0,0,0
647,0519_c0005_022.jpg,519,4,-1,True,150,3100,0.03075200441750231,0.04948861761794787,1076,3031,0,0,0,0
648,0519_c0005_023.jpg,519,4,-1,True,150,3100,0.03071813309116242,0.04942339373970346,1074,3035,0,0,0,0
649,0519_c0005_024.jpg,519,4,-1,True,150,3100,0.030691961830925887,0.04940711462450593,1078,3036,0,0,0,0
650,0519_c0006_000.jpg,519,5,-1,True,150,3100,0.03151498125806892,0.04961958319550116,998,3023,0,0,0,0
651,0519_c0006_001.jpg,519,5,-1,True,150,3100,0.0314051277786797,0.0495703899537343,1002,3026,0,0,0,0
652,0519_c0006_002.jpg,519,5,-1,True,150,3100,0.031616882803454156,0.04965243296921549,993,3021,0,0,0,0
653,0519_c0006_003.jpg,519,5,-1,True,150,3100,0.03163659746723742,0.04966887417218543,989,3020,0,0,0,0
654,0519_c0006_004.jpg,519,5,-1,True,150,3100,0.03160390207903242,0.04966887417218543,993,3020,0,0,0,0
655,0519_c0006_005.jpg,519,5,-1,True,150,3100,0.03165824735958813,0.04970178926441352,990,3018,0,0,0,0
656,0519_c0006_006.jpg,519,5,-1,True,150,3100,0.0316353971563676,0.04970178926441352,992,3018,0,0,0,0
657,0519_c0006_007.jpg,519,5,-1,True,150,3100,0.03173133551156982,0.04970178926441352,988,3018,0,0,0,0
658,0519_c0006_008.jpg,519,5,-1,True,150,3100,0.03157026305798351,0.04963600264725347,993,3022,0,0,0,0
659,0519_c0006_009.jpg,519,5,-1,True,150,3100,0.0315293830678921,0.04963600264725347,995,3022,0,0,0,0
660,0519_c0006_010.jpg,519,5,-1,True,150,3100,0.03162862893174899,0.04968532626697582,990,3019,0,0,0,0
661,0519_c0006_011.jpg,519,5,-1,True,150,3100,0.03165993466550089,0.04970178926441352,989,3018,0,0,0,0
662,0519_c0006_012.jpg,519,5,-1,True,150,3100,0.03154996433634034,0.04963600264725347,995,3022,0,0,0,0
663,0519_c0006_013.jpg,519,5,-1,True,150,3100,0.03145172303292014,0.0496031746031746,998,3024,0,0,0,0
664,0519_c0006_014.jpg,519,5,-1,True,150,3100,0.03142899181652844,0.049586776859504134,998,3025,0,0,0,0
665,0519_c0006_015.jpg,519,5,-1,True,150,3100,0.03167198319578291,0.04975124378109453,988,3015,0,0,0,0
666,0519_c0006_016.jpg,519,5,-1,True,150,3100,0.03161170435436697,0.04966887417218543,989,3020,0,0,0,0
667,0519_c0006_017.jpg,519,5,-1,True,150,3100,0.031447558008407116,0.0495703899537343,995,3026,0,0,0,0
668,0519_c0006_018.jpg,519,5,-1,True,150,3100,0.03155651809710631,0.04963600264725347,993,3022,0,0,0,0
669,0519_c0006_019.jpg,519,5,-1,True,150,3100,0.03148912789503253,0.0496031746031746,996,3024,0,0,0,0
670,0519_c0006_020.jpg,519,5,-1,True,150,3100,0.03158803795670497,0.04966887417218543,991,3020,0,0,0,0
671,0519_c0006_021.jpg,519,5,-1,True,150,3100,0.03163077346513345,0.04968532626697582,987,3019,0,0,0,0
672,0519_c0006_022.jpg,519,5,-1,True,150,3100,0.031569023338882785,0.04965243296921549,994,3021,0,0,0,0
673,0519_c0006_023.jpg,519,5,-1,True,150,3100,0.0317164278011976,0.04973474801061008,986,3016,0,0,0,0
674,0519_c0006_024.jpg,519,5,-1,True,150,3100,0.031606167749046614,0.04966887417218543,989,3020,0,0,0,0
675,0519_c0007_000.jpg,519,6,-1,True,150,3100,0.030389351305948834,0.049867021276595744,1308,3008,0,0,0,0
676,0519_c0007_001.jpg,519,6,-1,True,150,3100,0.030414645817995155,0.04981733643307871,1298,3011,0,0,0,0
677,0519_c0007_002.jpg,519,6,-1,True,150,3100,0.030484616860875217,0.049933422103861515,1296,3004,0,0,0,0
678,0519_c0007_003.jpg,519,6,-1,True,150,3100,0.030453401529412005,0.04983388704318937,1299,3010,0,0,0,0
679,0519_c0007_004.jpg,519,6,-1,True,150,3100,0.030398512880364638,0.049800796812749,1299,3012,0,0,0,0
680,0519_c0007_005.jpg,519,6,-1,True,150,3100,0.030458619544563383,0.0497677504976775,1285,3014,0,0,0,0
681,0519_c0007_006.jpg,519,6,-1,True,150,3100,0.03034059463568332,0.04971826317533974,1293,3017,0,0,0,0
682,0519_c0007_007.jpg,519,6,-1,True,150,3100,0.03039298720416647,0.04973474801061008,1290,3016,0,0,0,0
683,0519_c0007_008.jpg,519,6,-1,True,150,3100,0.03045183437121476,0.04975124378109453,1276,3015,0,0,0,0
684,0519_c0007_009.jpg,519,6,-1,True,150,3100,0.030418103132180137,0.04970178926441352,1278,3018,0,0,0,0
685,0519_c0007_010.jpg,519,6,-1,True,150,3100,0.030447202793526352,0.04975124378109453,1279,3015,0,0,0,0
686,0519_c0007_011.jpg,519,6,-1,True,150,3100,0.03049686141172868,0.04973474801061008,1261,3016,0,0,0,0
687,0519_c0007_012.jpg,519,6,-1,True,150,3100,0.030416715962795826,0.04978426817125788,1296,3013,0,0,0,0
688,0519_c0007_013.jpg,519,6,-1,True,150,3100,0.030405407546644173,0.04965243296921549,1274,3021,0,0,0,0
689,0519_c0007_014.jpg,519,6,-1,True,150,3100,0.030363644820114704,0.04966887417218543,1284,3020,0,0,0,0
690,0519_c0007_015.jpg,519,6,-1,True,150,3100,0.030340199779642228,0.049586776859504134,1279,3025,0,0,0,0
691,0519_c0007_016.jpg,519,6,-1,True,150,3100,0.030305694793550834,0.0495703899537343,1282,3026,0,0,0,0
692,0519_c0007_017.jpg,519,6,-1,True,150,3100,0.030312786325433928,0.049586776859504134,1283,3025,0,0,0,0
693,0519_c0007_018.jpg,519,6,-1,True,150,3100,0.030338133922904346,0.0495703899537343,1278,3026,0,0,0,0
694,0519_c0007_019.jpg,519,6,-1,True,150,3100,0.03031578127311653,0.04953764861294584,1265,3028,0,0,0,0
695,0519_c0007_020.jpg,519,6,-1,True,150,3100,0.030279937057829127,0.0495703899537343,1283,3026,0,0,0,0
696,0519_c0007_021.jpg,519,6,-1,True,150,3100,0.030347967514803974,0.04961958319550116,1280,3023,0,0,0,0
697,0519_c0007_022.jpg,519,6,-1,True,150,3100,0.03033408070755937,0.049554013875123884,1247,3027,0,0,0,0
698,0519_c0007_023.jpg,519,6,-1,True,150,3100,0.03031150932371646,0.04950495049504951,1238,3030,0,0,0,0
699,0519_c0007_024.jpg,519,6,-1,True,150,3100,0.03032374041573552,0.04953764861294584,1249,3028,0,0,0,0
700,0519_c0008_000.jpg,519,7,-1,True,150,3100,0.03393077748869195,0.05083022704168079,1043,2951,0,0,0,0
701,0519_c0008_001.jpg,519,7,-1,True,150,3100,0.03405300435752166,0.05100306018361102,1043,2941,0,0,0,0
702,0519_c0008_002.jpg,519,7,-1,True,150,3100,0.033894878704227756,0.05084745762711865,1042,2950,0,0,0,0
703,0519_c0008_003.jpg,519,7,-1,True,150,3100,0.033929352403902935,0.05088195386702849,1042,2948,0,0,0,0
704,0519_c0008_004.jpg,519,7,-1,True,150,3100,0.03393749840140574,0.05088195386702849,1042,2948,0,0,0,0
705,0519_c0008_005.jpg,519,7,-1,True,150,3100,0.034228844730299544,0.05115961800818554,1039,2932,0,0,0,0
706,0519_c0008_006.jpg,519,7,-1,True,150,3100,0.03431734864922308,0.05126452494873548,1038,2926,0,0,0,0
707,0519_c0008_007.jpg,519,7,-1,True,150,3100,0.03413256268198721,0.05107252298263534,1038,2937,0,0,0,0
708,0519_c0008_008.jpg,519,7,-1,True,150,3100,0.034135668838324675,0.05107252298263534,1038,2937,0,0,0,0
709,0519_c0008_009.jpg,519,7,-1,True,150,3100,0.03416570363597007,0.05110732538330494,1041,2935,0,0,0,0
710,0519_c0008_010.jpg,519,7,-1,True,150,3100,0.03407046195858525,0.05100306018361102,1039,2941,0,0,0,0
711,0519_c0008_011.jpg,519,7,-1,True,150,3100,0.0340631049863117,0.0509683995922528,1038,2943,0,0,0,0
712,0519_c0008_012.jpg,519,7,-1,True,150,3100,0.03395622119231509,0.0508646998982706,1042,2949,0,0,0,0
713,0519_c0008_013.jpg,519,7,-1,True,150,3100,0.03394607932829617,0.0508646998982706,1046,2949,0,0,0,0
714,0519_c0008_014.jpg,519,7,-1,True,150,3100,0.033950518370184084,0.05088195386702849,1045,2948,0,0,0,0
715,0519_c0008_015.jpg,519,7,-1,True,150,3100,0.03396305428606342,0.05088195386702849,1044,2948,0,0,0,0
716,0519_c0008_016.jpg,519,7,-1,True,150,3100,0.03407296507788468,0.05102040816326531,1040,2940,0,0,0,0
717,0519_c0008_017.jpg,519,7,-1,True,150,3100,0.03405479100642117,0.05098572399728076,1042,2942,0,0,0,0
718,0519_c0008_018.jpg,519,7,-1,True,150,3100,0.0340827946044042,0.05098572399728076,1037,2942,0,0,0,0
719,0519_c0008_019.jpg,519,7,-1,True,150,3100,0.03413328124883307,0.05103776794828173,1036,2939,0,0,0,0
720,0519_c0008_020.jpg,519,7,-1,True,150,3100,0.03398972119619246,0.05089921954530031,1040,2947,0,0,0,0
721,0519_c0008_021.jpg,519,7,-1,True,150,3100,0.034051927011014095,0.050951086956521736,1038,2944,0,0,0,0
722,0519_c0008_022.jpg,519,7,-1,True,150,3100,0.03402042509476242,0.050951086956521736,1042,2944,0,0,0,0
723,0519_c0008_023.jpg,519,7,-1,True,150,3100,0.03412692208214706,0.05102040816326531,1040,2940,0,0,0,0
724,0519_c0008_024.jpg,519,7,-1,True,150,3100,0.034112402449725084,0.05100306018361102,1040,2941,0,0,0,0
725,0525_c0001_000.jpg,525,0,-1,True,175,3100,0.062403910210980726,0.07322175732217573,329,2390,0,0,0,0
726,0525_c0001_001.jpg,525,0,-1,True,175,3100,0.0623592459963431,0.07319113341698034,331,2391,0,0,0,0
727,0525_c0001_002.jpg,525,0,-1,True,175,3100,0.062069201716843735,0.07303839732888147,327,2396,0,0,0,0
728,0525_c0001_003.jpg,525,0,-1,True,175,3100,0.062109335538667834,0.07303839732888147,328,2396,0,0,0,0
729,0525_c0001_004.jpg,525,0,-1,True,175,3100,0.062328864905587165,0.07306889352818371,326,2395,0,0,0,0
730,0525_c0001_005.jpg,525,0,-1,True,175,3100,0.06249018645918081,0.07328308207705192,324,2388,0,0,0,0
731,0525_c0001_006.jpg,525,0,-1,True,175,3100,0.062292545622570236,0.07312996239030506,330,2393,0,0,0,0
732,0525_c0001_007.jpg,525,0,-1,True,175,3100,0.06249958594814657,0.07328308207705192,334,2388,0,0,0,0
733,0525_c0001_008.jpg,525,0,-1,True,175,3100,0.06264510385549188,0.07334450963956413,330,2386,0,0,0,0
734,0525_c0001_009.jpg,525,0,-1,True,175,3100,0.062361839958028076,0.07322175732217573,329,2390,0,0,0,0
735,0525_c0001_010.jpg,525,0,-1,True,175,3100,0.062456903208765076,0.07334450963956413,332,2386,0,0,0,0
736,0525_c0001_011.jpg,525,0,-1,True,175,3100,0.062324964099479456,0.07328308207705192,329,2388,0,0,0,0
737,0525_c0001_012.jpg,525,0,-1,True,175,3100,0.062123787647550645,0.07306889352818371,336,2395,0,0,0,0
738,0525_c0001_013.jpg,525,0,-1,True,175,3100,0.062402504170922475,0.07322175732217573,333,2390,0,0,0,0
739,0525_c0001_014.jpg,525,0,-1,True,175,3100,0.062393506953710515,0.07319113341698034,332,2391,0,0,0,0
740,0525_c0001_015.jpg,525,0,-1,True,175,3100,0.06220136471208424,0.07316053511705686,334,2392,0,0,0,0
741,0525_c0001_016.jpg,525,0,-1,True,175,3100,0.062269502545266905,0.07319113341698034,327,2391,0,0,0,0
742,0525_c0001_017.jpg,525,0,-1,True,175,3100,0.06219238016378393,0.07309941520467836,327,2394,0,0,0,0
743,0525_c0001_018.jpg,525,0,-1,True,175,3100,0.06202228593416305,0.07300792657488528,327,2397,0,0,0,0
744,0525_c0001_019.jpg,525,0,-1,True,175,3100,0.06228794992233842,0.07319113341698034,332,2391,0,0,0,0
745,0525_c0001_020.jpg,525,0,-1,True,175,3100,0.06209042322604752,0.07303839732888147,328,2396,0,0,0,0
746,0525_c0001_021.jpg,525,0,-1,True,175,3100,0.061952226510453665,0.07300792657488528,330,2397,0,0,0,0
747,0525_c0001_022.jpg,525,0,-1,True,175,3100,0.06257005143227495,0.07340604026845637,333,2384,0,0,0,0
748,0525_c0001_023.jpg,525,0,-1,True,175,3100,0.06261785974590396,0.07343684431389005,332,2383,0,0,0,0
749,0525_c0001_024.jpg,525,0,-1,True,175,3100,0.06239036879711929,0.07331378299120235,336,2387,0,0,0,0
750,0525_c0002_000.jpg,525,1,-1,True,175,3100,0.07486237915434829,0.07303839732888147,318,2396,0,0,0,0
751,0525_c0002_001.jpg,525,1,-1,True,175,3100,0.07484514596331583,0.07312996239030506,316,2393,0,0,0,0
752,0525_c0002_002.jpg,525,1,-1,True,175,3100,0.07461932044236252,0.07297748123436197,317,2398,0,0,0,0
753,0525_c0002_003.jpg,525,1,-1,True,175,3100,0.0747029075138086,0.07306889352818371,317,2395,0,0,0,0
754,0525_c0002_004.jpg,525,1,-1,True,175,3100,0.07477430866926639,0.07309941520467836,319,2394,0,0,0,0
755,0525_c0002_005.jpg,525,1,-1,True,175,3100,0.07529884340820676,0.07319113341698034,313,2391,0,0,0,0
756,0525_c0002_006.jpg,525,1,-1,True,175,3100,0.07496709219214237,0.07312996239030506,316,2393,0,0,0,0
757,0525_c0002_007.jpg,525,1,-1,True,175,3100,0.07534444185519402,0.07322175732217573,317,2390,0,0,0,0
758,0525_c0002_008.jpg,525,1,-1,True,175,3100,0.07498685945871364,0.07309941520467836,321,2394,0,0,0,0
759,0525_c0002_009.jpg,525,1,-1,True,175,3100,0.07507825594238869,0.07312996239030506,321,2393,0,0,0,0
760,0525_c0002_010.jpg,525,1,-1,True,175,3100,0.07524750185529208,0.07319113341698034,321,2391,0,0,0,0
761,0525_c0002_011.jpg,525,1,-1,True,175,3100,0.07509422249947408,0.07312996239030506,319,2393,0,0,0,0
762,0525_c0002_012.jpg,525,1,-1,True,175,3100,0.07538984922669802,0.07322175732217573,314,2390,0,0,0,0
763,0525_c0002_013.jpg,525,1,-1,True,175,3100,0.07540932789811138,0.07322175732217573,314,2390,0,0,0,0
764,0525_c0002_014.jpg,525,1,-1,True,175,3100,0.0752279558822363,0.07316053511705686,316,2392,0,0,0,0
765,0525_c0002_015.jpg,525,1,-1,True,175,3100,0.07523915430602034,0.07319113341698034,321,2391,0,0,0,0
766,0525_c0002_016.jpg,525,1,-1,True,175,3100,0.07493992016813288,0.07306889352818371,321,2395,0,0,0,0
767,0525_c0002_017.jpg,525,1,-1,True,175,3100,0.07464429216570313,0.07303839732888147,321,2396,0,0,0,0
768,0525_c0002_018.jpg,525,1,-1,True,175,3100,0.07474178395750011,0.07306889352818371,321,2395,0,0,0,0
769,0525_c0002_019.jpg,525,1,-1,True,175,3100,0.07497394492044926,0.07306889352818371,320,2395,0,0,0,0
770,0525_c0002_020.jpg,525,1,-1,True,175,3100,0.07480401397373163,0.07306889352818371,320,2395,0,0,0,0
771,0525_c0002_021.jpg,525,1,-1,True,175,3100,0.07485957632866927,0.07306889352818371,321,2395,0,0,0,0
772,0525_c0002_022.jpg,525,1,-1,True,175,3100,0.0744635031401517,0.07297748123436197,320,2398,0,0,0,0
773,0525_c0002_023.jpg,525,1,-1,True,175,3100,0.07512383339946829,0.07312996239030506,319,2393,0,0,0,0
774,0525_c0002_024.jpg,525,1,-1,True,175,3100,0.07493624652349265,0.07319113341698034,324,2391,0,0,0,0
775,0525_c0003_000.jpg,525,2,-1,True,175,3100,0.0686267407618524,0.07033762057877814,346,2488,0,0,0,0
776,0525_c0003_001.jpg,525,2,-1,True,175,3100,0.06880161689552636,0.07039420756234915,343,2486,0,0,0,0
777,0525_c0003_002.jpg,525,2,-1,True,175,3100,0.06813371513702662,0.06986027944111776,342,2505,0,0,0,0
778,0525_c0003_003.jpg,525,2,-1,True,175,3100,0.06788517147312269,0.06974890394579514,346,2509,0,0,0,0
779,0525_c0003_004.jpg,525,2,-1,True,175,3100,0.06798734122639634,0.06991610067918498,346,2503,0,0,0,0
780,0525_c0003_005.jpg,525,2,-1,True,175,3100,0.06799174942911132,0.06980454726765058,346,2507,0,0,0,0
781,0525_c0003_006.jpg,525,2,-1,True,175,3100,0.06800246036857124,0.06986027944111776,347,2505,0,0,0,0
782,0525_c0003_007.jpg,525,2,-1,True,175,3100,0.06832636267441154,0.0702529104777198,348,2491,0,0,0,0
783,0525_c0003_008.jpg,525,2,-1,True,175,3100,0.06843519779293035,0.0702529104777198,346,2491,0,0,0,0
784,0525_c0003_009.jpg,525,2,-1,True,175,3100,0.06848441241053702,0.07019655034095468,344,2493,0,0,0,0
785,0525_c0003_010.jpg,525,2,-1,True,175,3100,0.06841974438573589,0.0702247191011236,344,2492,0,0,0,0
786,0525_c0003_011.jpg,525,2,-1,True,175,3100,0.0682274216038223,0.07008410092110533,343,2497,0,0,0,0
787,0525_c0003_012.jpg,525,2,-1,True,175,3100,0.06795006321715058,0.07,351,2500,0,0,0,0
788,0525_c0003_013.jpg,525,2,-1,True,175,3100,0.06796168430574787,0.0700280112044818,351,2499,0,0,0,0
789,0525_c0003_014.jpg,525,2,-1,True,175,3100,0.06791783268764752,0.06991610067918498,350,2503,0,0,0,0
790,0525_c0003_015.jpg,525,2,-1,True,175,3100,0.06808935680415298,0.07008410092110533,350,2497,0,0,0,0
791,0525_c0003_016.jpg,525,2,-1,True,175,3100,0.06795689682214102,0.0699720111955218,352,2501,0,0,0,0
792,0525_c0003_017.jpg,525,2,-1,True,175,3100,0.06808107595234032,0.07005604483586869,349,2498,0,0,0,0
793,0525_c0003_018.jpg,525,2,-1,True,175,3100,0.0681691018142818,0.07011217948717949,347,2496,0,0,0,0
794,0525_c0003_019.jpg,525,2,-1,True,175,3100,0.06842980605221267,0.07030936118923263,343,2489,0,0,0,0
795,0525_c0003_020.jpg,525,2,-1,True,175,3100,0.06827005537001354,0.07014028056112225,344,2495,0,0,0,0
796,0525_c0003_021.jpg,525,2,-1,True,175,3100,0.06815925461057093,0.06986027944111776,344,2505,0,0,0,0
797,0525_c0003_022.jpg,525,2,-1,True,175,3100,0.06826108110115194,0.07008410092110533,345,2497,0,0,0,0
798,0525_c0003_023.jpg,525,2,-1,True,175,3100,0.06805335152012992,0.06988817891373802,346,2504,0,0,0,0
799,0525_c0003_024.jpg,525,2,-1,True,175,3100,0.06807156574294732,0.07005604483586869,349,2498,0,0,0,0
800,0525_c0004_000.jpg,525,3,-1,True,175,3100,0.06751140140342708,0.07067851373182553,359,2476,0,0,0,0
801,0525_c0004_001.jpg,525,3,-1,True,175,3100,0.06737956306827744,0.07062146892655367,363,2478,0,0,0,0
802,0525_c0004_002.jpg,525,3,-1,True,175,3100,0.06743755257126953,0.07067851373182553,364,2476,0,0,0,0
803,0525_c0004_003.jpg,525,3,-1,True,175,3100,0.0674406997895142,0.0707070707070707,365,2475,0,0,0,0
804,0525_c0004_004.jpg,525,3,-1,True,175,3100,0.06738304566366998,0.07062146892655367,364,2478,0,0,0,0
805,0525_c0004_005.jpg,525,3,-1,True,175,3100,0.06746396430638728,0.0707070707070707,364,2475,0,0,0,0
806,0525_c0004_006.jpg,525,3,-1,True,175,3100,0.06694455432220993,0.07045088566827697,367,2484,0,0,0,0
807,0525_c0004_007.jpg,525,3,-1,True,175,3100,0.06730547943979914,0.07064997981429148,365,2477,0,0,0,0
808,0525_c0004_008.jpg,525,3,-1,True,175,3100,0.06720932014509827,0.07062146892655367,365,2478,0,0,0,0
809,0525_c0004_009.jpg,525,3,-1,True,175,3100,0.06744047675686508,0.07064997981429148,360,2477,0,0,0,0
810,0525_c0004_010.jpg,525,3,-1,True,175,3100,0.06776727715065722,0.07099391480730223,360,2465,0,0,0,0
811,0525_c0004_011.jpg,525,3,-1,True,175,3100,0.06781154978996944,0.07102272727272728,357,2464,0,0,0,0
812,0525_c0004_012.jpg,525,3,-1,True,175,3100,0.06772636749937501,0.0708502024291498,353,2470,0,0,0,0
813,0525_c0004_013.jpg,525,3,-1,True,175,3100,0.06778098308885824,0.07090761750405186,356,2468,0,0,0,0
814,0525_c0004_014.jpg,525,3,-1,True,175,3100,0.06788517878162464,0.07099391480730223,356,2465,0,0,0,0
815,0525_c0004_015.jpg,525,3,-1,True,175,3100,0.06772406135936625,0.07087889833940866,362,2469,0,0,0,0
816,0525_c0004_016.jpg,525,3,-1,True,175,3100,0.06799245831259573,0.07110930516050386,361,2461,0,0,0,0
817,0525_c0004_017.jpg,525,3,-1,True,175,3100,0.06793669571033767,0.07105156313438896,359,2463,0,0,0,0
818,0525_c0004_018.jpg,525,3,-1,True,175,3100,0.06768323677978774,0.07087889833940866,363,2469,0,0,0,0
819,0525_c0004_019.jpg,525,3,-1,True,175,3100,0.06776740686149217,0.07079288025889968,352,2472,0,0,0,0
820,0525_c0004_020.jpg,525,3,-1,True,175,3100,0.06684015869826793,0.0702529104777198,366,2491,0,0,0,0
821,0525_c0004_021.jpg,525,3,-1,True,175,3100,0.06695314130843943,0.0702529104777198,363,2491,0,0,0,0
822,0525_c0004_022.jpg,525,3,-1,True,175,3100,0.06688139077713338,0.0702247191011236,364,2492,0,0,0,0
823,0525_c0004_023.jpg,525,3,-1,True,175,3100,0.06688628219263869,0.07028112449799197,365,2490,0,0,0,0
824,0525_c0004_024.jpg,525,3,-1,True,175,3100,0.06694051011278576,0.07033762057877814,365,2488,0,0,0,0
825,0525_c0005_000.jpg,525,4,-1,True,175,3100,0.06535215745017368,0.074754378470739,364,2341,0,0,0,0
826,0525_c0005_001.jpg,525,4,-1,True,175,3100,0.06499205507784778,0.07459505541346974,363,2346,0,0,0,0
827,0525_c0005_002.jpg,525,4,-1,True,175,3100,0.06532445975138558,0.074754378470739,364,2341,0,0,0,0
828,0525_c0005_003.jpg,525,4,-1,True,175,3100,0.06525328044727122,0.07472245943637916,363,2342,0,0,0,0
829,0525_c0005_004.jpg,525,4,-1,True,175,3100,0.06503163699520444,0.07469056764831412,366,2343,0,0,0,0
830,0525_c0005_005.jpg,525,4,-1,True,175,3100,0.0650820591045177,0.07469056764831412,366,2343,0,0,0,0
831,0525_c0005_006.jpg,525,4,-1,True,175,3100,0.0651798337988475,0.07469056764831412,364,2343,0,0,0,0
832,0525_c0005_007.jpg,525,4,-1,True,175,3100,0.0650186851168598,0.07462686567164178,363,2345,0,0,0,0
833,0525_c0005_008.jpg,525,4,-1,True,175,3100,0.0645501105038349,0.07443641003828158,367,2351,0,0,0,0
834,0525_c0005_009.jpg,525,4,-1,True,175,3100,0.06478880081128827,0.07456327226246272,367,2347,0,0,0,0
835,0525_c0005_010.jpg,525,4,-1,True,175,3100,0.06458185952188757,0.07443641003828158,365,2351,0,0,0,0
836,0525_c0005_011.jpg,525,4,-1,True,175,3100,0.0643609170210259,0.07434154630416312,365,2354,0,0,0,0
837,0525_c0005_012.jpg,525,4,-1,True,175,3100,0.06472828201492413,0.07453151618398637,362,2348,0,0,0,0
838,0525_c0005_013.jpg,525,4,-1,True,175,3100,0.06493774686431733,0.07462686567164178,367,2345,0,0,0,0
839,0525_c0005_014.jpg,525,4,-1,True,175,3100,0.06519836894672491,0.07472245943637916,366,2342,0,0,0,0
840,0525_c0005_015.jpg,525,4,-1,True,175,3100,0.0651337113288447,0.07462686567164178,362,2345,0,0,0,0
841,0525_c0005_016.jpg,525,4,-1,True,175,3100,0.06517229143763119,0.07472245943637916,366,2342,0,0,0,0
842,0525_c0005_017.jpg,525,4,-1,True,175,3100,0.06534438488416652,0.074754378470739,363,2341,0,0,0,0
843,0525_c0005_018.jpg,525,4,-1,True,175,3100,0.06502838381888808,0.07462686567164178,363,2345,0,0,0,0
844,0525_c0005_019.jpg,525,4,-1,True,175,3100,0.0651694808209342,0.07465870307167236,364,2344,0,0,0,0
845,0525_c0005_020.jpg,525,4,-1,True,175,3100,0.0652701486572843,0.07462686567164178,360,2345,0,0,0,0
846,0525_c0005_021.jpg,525,4,-1,True,175,3100,0.06530915695550495,0.07472245943637916,362,2342,0,0,0,0
847,0525_c0005_022.jpg,525,4,-1,True,175,3100,0.06529658580068806,0.07472245943637916,360,2342,0,0,0,0
848,0525_c0005_023.jpg,525,4,-1,True,175,3100,0.06522935130359504,0.07469056764831412,362,2343,0,0,0,0
849,0525_c0005_024.jpg,525,4,-1,True,175,3100,0.06531431234147017,0.07472245943637916,359,2342,0,0,0,0
850,0525_c0006_000.jpg,525,5,-1,True,175,3100,0.07178021592438735,0.08208255159474671,376,2132,0,0,0,0
851,0525_c0006_001.jpg,525,5,-1,True,175,3100,0.07177875209722336,0.08235294117647059,382,2125,0,0,0,0
852,0525_c0006_002.jpg,525,5,-1,True,175,3100,0.0711661496076828,0.08185219831618334,389,2138,0,0,0,0
853,0525_c0006_003.jpg,525,5,-1,True,175,3100,0.07140660967607065,0.08196721311475409,386,2135,0,0,0,0
854,0525_c0006_004.jpg,525,5,-1,True,175,3100,0.07088368020402172,0.0810560444650301,386,2159,0,0,0,0
855,0525_c0006_005.jpg,525,5,-1,True,175,3100,0.07158375949886209,0.08189050070191858,373,2137,0,0,0,0
856,0525_c0006_006.jpg,525,5,-1,True,175,3100,0.07100362984494953,0.08086876155268022,376,2164,0,0,0,0
857,0525_c0006_007.jpg,525,5,-1,True,175,3100,0.07107894951178668,0.08101851851851852,375,2160,0,0,0,0
858,0525_c0006_008.jpg,525,5,-1,True,175,3100,0.07094104541712998,0.08090614886731391,377,2163,0,0,0,0
859,0525_c0006_009.jpg,525,5,-1,True,175,3100,0.07128151237789207,0.08109360518999073,365,2158,0,0,0,0
860,0525_c0006_010.jpg,525,5,-1,True,175,3100,0.07187106342108872,0.08200562324273665,363,2134,0,0,0,0
861,0525_c0006_011.jpg,525,5,-1,True,175,3100,0.0719777708953515,0.08208255159474671,363,2132,0,0,0,0
862,0525_c0006_012.jpg,525,5,-1,True,175,3100,0.07185941461366331,0.08196721311475409,364,2135,0,0,0,0
863,0525_c0006_013.jpg,525,5,-1,True,175,3100,0.07203365549257287,0.08200562324273665,365,2134,0,0,0,0
864,0525_c0006_014.jpg,525,5,-1,True,175,3100,0.07232266167634513,0.08243052284503062,367,2123,0,0,0,0
865,0525_c0006_015.jpg,525,5,-1,True,175,3100,0.07292175842250859,0.08325404376784015,359,2102,0,0,0,0
866,0525_c0006_016.jpg,525,5,-1,True,175,3100,0.07358623686380336,0.08353221957040573,345,2095,0,0,0,0
867,0525_c0006_017.jpg,525,5,-1,True,175,3100,0.07287888806893457,0.08329366968110423,365,2101,0,0,0,0
868,0525_c0006_018.jpg,525,5,-1,True,175,3100,0.07284872757989697,0.08278145695364239,354,2114,0,0,0,0
869,0525_c0006_019.jpg,525,5,-1,True,175,3100,0.07222665919061999,0.08223684210526316,370,2128,0,0,0,0
870,0525_c0006_020.jpg,525,5,-1,True,175,3100,0.07341993259336016,0.08389261744966443,360,2086,0,0,0,0
871,0525_c0006_021.jpg,525,5,-1,True,175,3100,0.07314355822271634,0.08397312859884837,367,2084,0,0,0,0
872,0525_c0006_022.jpg,525,5,-1,True,175,3100,0.07312591019080078,0.08345255126371007,360,2097,0,0,0,0
873,0525_c0006_023.jpg,525,5,-1,True,175,3100,0.07354447337234489,0.08437801350048216,359,2074,0,0,0,0
874,0525_c0006_024.jpg,525,5,-1,True,175,3100,0.07342029797309187,0.08421559191530317,363,2078,0,0,0,0
875,0525_c0007_000.jpg,525,6,-1,True,175,3100,0.07301944728466044,0.0720164609053498,340,2430,0,0,0,0
876,0525_c0007_001.jpg,525,6,-1,True,175,3100,0.07300148411171331,0.07186858316221766,335,2435,0,0,0,0
877,0525_c0007_002.jpg,525,6,-1,True,175,3100,0.07310301386450536,0.07195723684210527,336,2432,0,0,0,0
878,0525_c0007_003.jpg,525,6,-1,True,175,3100,0.0729399022375232,0.07183908045977011,335,2436,0,0,0,0
879,0525_c0007_004.jpg,525,6,-1,True,175,3100,0.07323742093291062,0.0720164609053498,333,2430,0,0,0,0
880,0525_c0007_005.jpg,525,6,-1,True,175,3100,0.07322525853755929,0.07198683669271905,333,2431,0,0,0,0
881,0525_c0007_006.jpg,525,6,-1,True,175,3100,0.07304031719683486,0.07195723684210527,334,2432,0,0,0,0
882,0525_c0007_007.jpg,525,6,-1,True,175,3100,0.07302272256644171,0.0720164609053498,336,2430,0,0,0,0
883,0525_c0007_008.jpg,525,6,-1,True,175,3100,0.0725540853385527,0.07186858316221766,335,2435,0,0,0,0
884,0525_c0007_009.jpg,525,6,-1,True,175,3100,0.07234025353504482,0.07175071750717507,336,2439,0,0,0,0
885,0525_c0007_010.jpg,525,6,-1,True,175,3100,0.07243894438599298,0.07178014766201805,334,2438,0,0,0,0
886,0525_c0007_011.jpg,525,6,-1,True,175,3100,0.07293275441345291,0.07204610951008646,341,2429,0,0,0,0
887,0525_c0007_012.jpg,525,6,-1,True,175,3100,0.07348666851369344,0.07225433526011561,337,2422,0,0,0,0
888,0525_c0007_013.jpg,525,6,-1,True,175,3100,0.07334286706472148,0.07222451506397029,336,2423,0,0,0,0
889,0525_c0007_014.jpg,525,6,-1,True,175,3100,0.0733539790892312,0.07222451506397029,337,2423,0,0,0,0
890,0525_c0007_015.jpg,525,6,-1,True,175,3100,0.073131760149842,0.07213520197856554,338,2426,0,0,0,0
891,0525_c0007_016.jpg,525,6,-1,True,175,3100,0.07370278758346856,0.07237386269644334,336,2418,0,0,0,0
892,0525_c0007_017.jpg,525,6,-1,True,175,3100,0.07370987892482143,0.07240380637153496,338,2417,0,0,0,0
893,0525_c0007_018.jpg,525,6,-1,True,175,3100,0.07369402169860675,0.07240380637153496,341,2417,0,0,0,0
894,0525_c0007_019.jpg,525,6,-1,True,175,3100,0.07393571581947754,0.07243377483443708,336,2416,0,0,0,0
895,0525_c0007_020.jpg,525,6,-1,True,175,3100,0.07387973288071621,0.07240380637153496,335,2417,0,0,0,0
896,0525_c0007_021.jpg,525,6,-1,True,175,3100,0.07389333447621846,0.07240380637153496,337,2417,0,0,0,0
897,0525_c0007_022.jpg,525,6,-1,True,175,3100,0.07359179155999358,0.07237386269644334,338,2418,0,0,0,0
898,0525_c0007_023.jpg,525,6,-1,True,175,3100,0.07390972480971263,0.07243377483443708,339,2416,0,0,0,0
899,0525_c0007_024.jpg,525,6,-1,True,175,3100,0.07398621229151661,0.07243377483443708,339,2416,0,0,0,0
900,0525_c0008_000.jpg,525,7,-1,True,175,3100,0.06075611827126402,0.07195723684210527,332,2432,0,0,0,0
901,0525_c0008_001.jpg,525,7,-1,True,175,3100,0.060969151972895964,0.07213520197856554,324,2426,0,0,0,0
902,0525_c0008_002.jpg,525,7,-1,True,175,3100,0.06119980411764061,0.07237386269644334,333,2418,0,0,0,0
903,0525_c0008_003.jpg,525,7,-1,True,175,3100,0.06084564571692356,0.07204610951008646,332,2429,0,0,0,0
904,0525_c0008_004.jpg,525,7,-1,True,175,3100,0.061529437883347304,0.07258399004562423,330,2411,0,0,0,0
905,0525_c0008_005.jpg,525,7,-1,True,175,3100,0.061799113357960477,0.07270461154964686,322,2407,0,0,0,0
906,0525_c0008_006.jpg,525,7,-1,True,175,3100,0.06197185416467385,0.07270461154964686,319,2407,0,0,0,0
907,0525_c0008_007.jpg,525,7,-1,True,175,3100,0.06254114052319985,0.07312996239030506,324,2393,0,0,0,0
908,0525_c0008_008.jpg,525,7,-1,True,175,3100,0.06208673643522037,0.07285595337218984,326,2402,0,0,0,0
909,0525_c0008_009.jpg,525,7,-1,True,175,3100,0.062368490469467304,0.07297748123436197,326,2398,0,0,0,0
910,0525_c0008_010.jpg,525,7,-1,True,175,3100,0.06269832598020215,0.07316053511705686,328,2392,0,0,0,0
911,0525_c0008_011.jpg,525,7,-1,True,175,3100,0.06232480020719991,0.07294706127553147,326,2399,0,0,0,0
912,0525_c0008_012.jpg,525,7,-1,True,175,3100,0.06240064984760896,0.07300792657488528,323,2397,0,0,0,0
913,0525_c0008_013.jpg,525,7,-1,True,175,3100,0.0626431178426826,0.07309941520467836,317,2394,0,0,0,0
914,0525_c0008_014.jpg,525,7,-1,True,175,3100,0.06299869709096845,0.07331378299120235,321,2387,0,0,0,0
915,0525_c0008_015.jpg,525,7,-1,True,175,3100,0.06280029326651991,0.07316053511705686,321,2392,0,0,0,0
916,0525_c0008_016.jpg,525,7,-1,True,175,3100,0.06241652554930127,0.07285595337218984,316,2402,0,0,0,0
917,0525_c0008_017.jpg,525,7,-1,True,175,3100,0.06238760789641869,0.07300792657488528,318,2397,0,0,0,0
918,0525_c0008_018.jpg,525,7,-1,True,175,3100,0.06245089610882894,0.07300792657488528,319,2397,0,0,0,0
919,0525_c0008_019.jpg,525,7,-1,True,175,3100,0.06197599648556114,0.07270461154964686,320,2407,0,0,0,0
920,0525_c0008_020.jpg,525,7,-1,True,175,3100,0.06247096939176519,0.07303839732888147,322,2396,0,0,0,0
921,0525_c0008_021.jpg,525,7,-1,True,175,3100,0.062485609760232444,0.07297748123436197,324,2398,0,0,0,0
922,0525_c0008_022.jpg,525,7,-1,True,175,3100,0.06240998953637766,0.07297748123436197,319,2398,0,0,0,0
923,0525_c0008_023.jpg,525,7,-1,True,175,3100,0.062678118212501,0.07306889352818371,320,2395,0,0,0,0
924,0525_c0008_024.jpg,525,7,-1,True,175,3100,0.062368766016021926,0.07291666666666667,321,2400,0,0,0,0
925,0531_c0001_000.jpg,531,0,-1,True,100,3100,0.049494574385573475,0.06743088334457181,392,1483,0,0,0,0
926,0531_c0001_001.jpg,531,0,-1,True,100,3100,0.04946122615131749,0.06720430107526881,394,1488,0,0,0,0
927,0531_c0001_002.jpg,531,0,-1,True,100,3100,0.04959015501328354,0.06756756756756757,394,1480,0,0,0,0
928,0531_c0001_003.jpg,531,0,-1,True,100,3100,0.04928438449655168,0.0664451827242525,396,1505,0,0,0,0
929,0531_c0001_004.jpg,531,0,-1,True,100,3100,0.04926580681483934,0.06662225183211193,399,1501,0,0,0,0
930,0531_c0001_005.jpg,531,0,-1,True,100,3100,0.049511030054072966,0.0675219446320054,391,1481,0,0,0,0
931,0531_c0001_006.jpg,531,0,-1,True,100,3100,0.049306541240123944,0.06688963210702341,396,1495,0,0,0,0
932,0531_c0001_007.jpg,531,0,-1,True,100,3100,0.0492947773952009,0.06666666666666667,400,1500,0,0,0,0
933,0531_c0001_008.jpg,531,0,-1,True,100,3100,0.04941434840203725,0.0670690811535882,394,1491,0,0,0,0
934,0531_c0001_009.jpg,531,0,-1,True,100,3100,0.049299818295850784,0.06680026720106881,396,1497,0,0,0,0
935,0531_c0001_010.jpg,531,0,-1,True,100,3100,0.0494461650639711,0.06734006734006734,395,1485,0,0,0,0
936,0531_c0001_011.jpg,531,0,-1,True,100,3100,0.049552820699495494,0.06756756756756757,394,1480,0,0,0,0
937,0531_c0001_012.jpg,531,0,-1,True,100,3100,0.049610170394874815,0.06770480704129993,389,1477,0,0,0,0
938,0531_c0001_013.jpg,531,0,-1,True,100,3100,0.04945127933599654,0.06729475100942127,391,1486,0,0,0,0
939,0531_c0001_014.jpg,531,0,-1,True,100,3100,0.049362720616514054,0.0671591672263264,392,1489,0,0,0,0
940,0531_c0001_015.jpg,531,0,-1,True,100,3100,0.049648677349561944,0.06775067750677506,387,1476,0,0,0,0
941,0531_c0001_016.jpg,531,0,-1,True,100,3100,0.049303565653130876,0.06693440428380187,395,1494,0,0,0,0
942,0531_c0001_017.jpg,531,0,-1,True,100,3100,0.04958123912646267,0.06775067750677506,388,1476,0,0,0,0
943,0531_c0001_018.jpg,531,0,-1,True,100,3100,0.04949946898578297,0.0676132521974307,388,1479,0,0,0,0
944,0531_c0001_019.jpg,531,0,-1,True,100,3100,0.04945088295639488,0.06756756756756757,391,1480,0,0,0,0
945,0531_c0001_020.jpg,531,0,-1,True,100,3100,0.04961433153935845,0.06807351940095303,389,1469,0,0,0,0
946,0531_c0001_021.jpg,531,0,-1,True,100,3100,0.04939280186896778,0.0675219446320054,396,1481,0,0,0,0
947,0531_c0001_022.jpg,531,0,-1,True,100,3100,0.04940976927568044,0.0676132521974307,396,1479,0,0,0,0
948,0531_c0001_023.jpg,531,0,-1,True,100,3100,0.04973350105107607,0.0681198910081744,388,1468,0,0,0,0
949,0531_c0001_024.jpg,531,0,-1,True,100,3100,0.04950783305974255,0.06779661016949153,394,1475,0,0,0,0
950,0531_c0002_000.jpg,531,1,-1,True,100,3100,0.03797877373261728,0.060496067755595885,660,1653,0,0,0,0
951,0531_c0002_001.jpg,531,1,-1,True,100,3100,0.03798090937286605,0.06053268765133172,662,1652,0,0,0,0
952,0531_c0002_002.jpg,531,1,-1,True,100,3100,0.03807465155254079,0.06067961165048544,664,1648,0,0,0,0
953,0531_c0002_003.jpg,531,1,-1,True,100,3100,0.03819898201710356,0.06086427267194157,661,1643,0,0,0,0
954,0531_c0002_004.jpg,531,1,-1,True,100,3100,0.03759958517854176,0.05963029218843172,662,1677,0,0,0,0
955,0531_c0002_005.jpg,531,1,-1,True,100,3100,0.03809147222643885,0.06060606060606061,661,1650,0,0,0,0
956,0531_c0002_006.jpg,531,1,-1,True,100,3100,0.038180530472659326,0.060790273556231005,661,1645,0,0,0,0
957,0531_c0002_007.jpg,531,1,-1,True,100,3100,0.03817152517866096,0.06082725060827251,661,1644,0,0,0,0
958,0531_c0002_008.jpg,531,1,-1,True,100,3100,0.0379464340460955,0.060459492140266025,662,1654,0,0,0,0
959,0531_c0002_009.jpg,531,1,-1,True,100,3100,0.03784721229969637,0.06038647342995169,662,1656,0,0,0,0
960,0531_c0002_010.jpg,531,1,-1,True,100,3100,0.03768040945162069,0.05995203836930456,665,1668,0,0,0,0
961,0531_c0002_011.jpg,531,1,-1,True,100,3100,0.03784809477987535,0.06038647342995169,661,1656,0,0,0,0
962,0531_c0002_012.jpg,531,1,-1,True,100,3100,0.03773056597385714,0.060024009603841535,661,1666,0,0,0,0
963,0531_c0002_013.jpg,531,1,-1,True,100,3100,0.03774834872455692,0.06013229104028864,662,1663,0,0,0,0
964,0531_c0002_014.jpg,531,1,-1,True,100,3100,0.037697112989733925,0.05991611743559017,660,1669,0,0,0,0
965,0531_c0002_015.jpg,531,1,-1,True,100,3100,0.0378920629500324,0.06038647342995169,659,1656,0,0,0,0
966,0531_c0002_016.jpg,531,1,-1,True,100,3100,0.0379375027032891,0.060459492140266025,658,1654,0,0,0,0
967,0531_c0002_017.jpg,531,1,-1,True,100,3100,0.03776318847636166,0.06006006006006006,659,1665,0,0,0,0
968,0531_c0002_018.jpg,531,1,-1,True,100,3100,0.038026420727469395,0.06056935190793458,659,1651,0,0,0,0
969,0531_c0002_019.jpg,531,1,-1,True,100,3100,0.037986708497601086,0.060459492140266025,661,1654,0,0,0,0
970,0531_c0002_020.jpg,531,1,-1,True,100,3100,0.03815106623039911,0.06071645415907711,661,1647,0,0,0,0
971,0531_c0002_021.jpg,531,1,-1,True,100,3100,0.038002461989592125,0.060496067755595885,658,1653,0,0,0,0
972,0531_c0002_022.jpg,531,1,-1,True,100,3100,0.03817351957286331,0.060753341433778855,662,1646,0,0,0,0
973,0531_c0002_023.jpg,531,1,-1,True,100,3100,0.03808889198440464,0.06060606060606061,663,1650,0,0,0,0
974,0531_c0002_024.jpg,531,1,-1,True,100,3100,0.03817526981546317,0.06071645415907711,662,1647,0,0,0,0
975,0531_c0005_000.jpg,531,4,-1,True,100,3100,0.045471457114241415,0.06385696040868455,413,1566,0,0,0,0
976,0531_c0005_001.jpg,531,4,-1,True,100,3100,0.045542446414917,0.06385696040868455,413,1566,0,0,0,0
977,0531_c0005_002.jpg,531,4,-1,True,100,3100,0.04578560948021195,0.06435006435006435,414,1554,0,0,0,0
978,0531_c0005_003.jpg,531,4,-1,True,100,3100,0.04545681347382913,0.06369426751592357,414,1570,0,0,0,0
979,0531_c0005_004.jpg,531,4,-1,True,100,3100,0.04527195961572825,0.06341154090044387,414,1577,0,0,0,0
980,0531_c0005_005.jpg,531,4,-1,True,100,3100,0.045141261345647214,0.0632111251580278,413,1582,0,0,0,0
981,0531_c0005_006.jpg,531,4,-1,True,100,3100,0.045125537022204204,0.06317119393556538,413,1583,0,0,0,0
982,0531_c0005_007.jpg,531,4,-1,True,100,3100,0.04518572778870766,0.06329113924050633,413,1580,0,0,0,0
983,0531_c0005_008.jpg,531,4,-1,True,100,3100,0.044832507949651663,0.06289308176100629,415,1590,0,0,0,0
984,0531_c0005_009.jpg,531,4,-1,True,100,3100,0.04538448152715928,0.06361323155216285,414,1572,0,0,0,0
985,0531_c0005_010.jpg,531,4,-1,True,100,3100,0.04538973846451487,0.06365372374283895,414,1571,0,0,0,0
986,0531_c0005_011.jpg,531,4,-1,True,100,3100,0.045361119439339,0.06389776357827476,414,1565,0,0,0,0
987,0531_c0005_012.jpg,531,4,-1,True,100,3100,0.04535893693928104,0.06377551020408163,414,1568,0,0,0,0
988,0531_c0005_013.jpg,531,4,-1,True,100,3100,0.04505749224864691,0.06317119393556538,414,1583,0,0,0,0
989,0531_c0005_014.jpg,531,4,-1,True,100,3100,0.04489556969492946,0.06277463904582549,415,1593,0,0,0,0
990,0531_c0005_015.jpg,531,4,-1,True,100,3100,0.044908802285508795,0.06277463904582549,415,1593,0,0,0,0
991,0531_c0005_016.jpg,531,4,-1,True,100,3100,0.044944265840333265,0.06297229219143577,415,1588,0,0,0,0
992,0531_c0005_017.jpg,531,4,-1,True,100,3100,0.045023756042577204,0.06305170239596469,414,1586,0,0,0,0
993,0531_c0005_018.jpg,531,4,-1,True,100,3100,0.04472366716674056,0.06246096189881324,413,1601,0,0,0,0
994,0531_c0005_019.jpg,531,4,-1,True,100,3100,0.04475737559804957,0.062421972534332085,415,1602,0,0,0,0
995,0531_c0005_020.jpg,531,4,-1,True,100,3100,0.045131051681308224,0.06317119393556538,413,1583,0,0,0,0
996,0531_c0005_021.jpg,531,4,-1,True,100,3100,0.04477511292959461,0.06234413965087282,415,1604,0,0,0,0
997,0531_c0005_022.jpg,531,4,-1,True,100,3100,0.044973216845145464,0.06293266205160478,410,1589,0,0,0,0
998,0531_c0005_023.jpg,531,4,-1,True,100,3100,0.045206858653966224,0.06317119393556538,406,1583,0,0,0,0
999,0531_c0005_024.jpg,531,4,-1,True,100,3100,0.04516796689693983,0.06309148264984227,408,1585,0,0,0,0
1000,0531_c0006_000.jpg,531,5,-1,True,100,3100,0.040427367793280024,0.05934718100890208,397,1685,0,0,0,0
1001,0531_c0006_001.jpg,531,5,-1,True,100,3100,0.0404664182757727,0.0594883997620464,396,1681,0,0,0,0
1002,0531_c0006_002.jpg,531,5,-1,True,100,3100,0.0404467876080187,0.05927682276229994,396,1687,0,0,0,0
1003,0531_c0006_003.jpg,531,5,-1,True,100,3100,0.04050327428368627,0.05963029218843172,397,1677,0,0,0,0
1004,0531_c0006_004.jpg,531,5,-1,True,100,3100,0.040631573572818505,0.06013229104028864,395,1663,0,0,0,0
1005,0531_c0006_005.jpg,531,5,-1,True,100,3100,0.040654233225509845,0.059988002399520096,395,1667,0,0,0,0
1006,0531_c0006_006.jpg,531,5,-1,True,100,3100,0.040723783405780305,0.060204695966285374,394,1661,0,0,0,0
1007,0531_c0006_007.jpg,531,5,-1,True,100,3100,0.0407847525485048,0.06031363088057901,392,1658,0,0,0,0
1008,0531_c0006_008.jpg,531,5,-1,True,100,3100,0.04063806801802495,0.060024009603841535,393,1666,0,0,0,0
1009,0531_c0006_009.jpg,531,5,-1,True,100,3100,0.040632795969294484,0.060024009603841535,393,1666,0,0,0,0
1010,0531_c0006_010.jpg,531,5,-1,True,100,3100,0.04075114107429869,0.06027727546714889,394,1659,0,0,0,0
1011,0531_c0006_011.jpg,531,5,-1,True,100,3100,0.04081624775874966,0.060350030175015085,393,1657,0,0,0,0
1012,0531_c0006_012.jpg,531,5,-1,True,100,3100,0.04076951574208702,0.060240963855421686,394,1660,0,0,0,0
1013,0531_c0006_013.jpg,531,5,-1,True,100,3100,0.04073575833675342,0.060204695966285374,394,1661,0,0,0,0
1014,0531_c0006_014.jpg,531,5,-1,True,100,3100,0.04084202407232141,0.060350030175015085,393,1657,0,0,0,0
1015,0531_c0006_015.jpg,531,5,-1,True,100,3100,0.04072557879533079,0.060204695966285374,394,1661,0,0,0,0
1016,0531_c0006_016.jpg,531,5,-1,True,100,3100,0.04062760368291682,0.06013229104028864,394,1663,0,0,0,0
1017,0531_c0006_017.jpg,531,5,-1,True,100,3100,0.04074029283102241,0.06016847172081829,394,1662,0,0,0,0
1018,0531_c0006_018.jpg,531,5,-1,True,100,3100,0.04073964371483222,0.06016847172081829,394,1662,0,0,0,0
1019,0531_c0006_019.jpg,531,5,-1,True,100,3100,0.04073336522524576,0.060204695966285374,394,1661,0,0,0,0
1020,0531_c0006_020.jpg,531,5,-1,True,100,3100,0.04076649901813754,0.06027727546714889,394,1659,0,0,0,0
1021,0531_c0006_021.jpg,531,5,-1,True,100,3100,0.04067118486269508,0.06013229104028864,394,1663,0,0,0,0
1022,0531_c0006_022.jpg,531,5,-1,True,100,3100,0.04073737525498565,0.060204695966285374,394,1661,0,0,0,0
1023,0531_c0006_023.jpg,531,5,-1,True,100,3100,0.04070986931849171,0.06016847172081829,394,1662,0,0,0,0
1024,0531_c0006_024.jpg,531,5,-1,True,100,3100,0.040700917205740914,0.06013229104028864,394,1663,0,0,0,0
1025,0531_c0007_000.jpg,531,6,-1,True,100,3100,0.044562109724971606,0.05747126436781609,399,1740,0,0,0,0
1026,0531_c0007_001.jpg,531,6,-1,True,100,3100,0.0444538047902504,0.05737234652897304,399,1743,0,0,0,0
1027,0531_c0007_002.jpg,531,6,-1,True,100,3100,0.044447355058592236,0.05733944954128441,399,1744,0,0,0,0
1028,0531_c0007_003.jpg,531,6,-1,True,100,3100,0.0445562599981284,0.05750431282346176,399,1739,0,0,0,0
1029,0531_c0007_004.jpg,531,6,-1,True,100,3100,0.04446913859046301,0.0574052812858783,399,1742,0,0,0,0
1030,0531_c0007_005.jpg,531,6,-1,True,100,3100,0.04439087024593823,0.05730659025787966,399,1745,0,0,0,0
1031,0531_c0007_006.jpg,531,6,-1,True,100,3100,0.04469834986040795,0.057770075101097634,399,1731,0,0,0,0
1032,0531_c0007_007.jpg,531,6,-1,True,100,3100,0.04490106546032956,0.057971014492753624,398,1725,0,0,0,0
1033,0531_c0007_008.jpg,531,6,-1,True,100,3100,0.04485068440861155,0.057736720554272515,397,1732,0,0,0,0
1034,0531_c0007_009.jpg,531,6,-1,True,100,3100,0.04480004646914121,0.057736720554272515,397,1732,0,0,0,0
1035,0531_c0007_010.jpg,531,6,-1,True,100,3100,0.04485394008384743,0.057736720554272515,397,1732,0,0,0,0
1036,0531_c0007_011.jpg,531,6,-1,True,100,3100,0.044853695672307674,0.057736720554272515,398,1732,0,0,0,0
1037,0531_c0007_012.jpg,531,6,-1,True,100,3100,0.04476853086607924,0.057736720554272515,399,1732,0,0,0,0
1038,0531_c0007_013.jpg,531,6,-1,True,100,3100,0.04471718207306444,0.057736720554272515,399,1732,0,0,0,0
1039,0531_c0007_014.jpg,531,6,-1,True,100,3100,0.044576356797571756,0.05753739930955121,399,1738,0,0,0,0
1040,0531_c0007_015.jpg,531,6,-1,True,100,3100,0.04472322619034867,0.057736720554272515,399,1732,0,0,0,0
1041,0531_c0007_016.jpg,531,6,-1,True,100,3100,0.04495083647882076,0.05803830528148578,399,1723,0,0,0,0
1042,0531_c0007_017.jpg,531,6,-1,True,100,3100,0.044912025943330616,0.05793742757821553,399,1726,0,0,0,0
1043,0531_c0007_018.jpg,531,6,-1,True,100,3100,0.04479796827452364,0.057736720554272515,399,1732,0,0,0,0
1044,0531_c0007_019.jpg,531,6,-1,True,100,3100,0.04476326249877767,0.05770340450086555,399,1733,0,0,0,0
1045,0531_c0007_020.jpg,531,6,-1,True,100,3100,0.04469945851236007,0.0576036866359447,399,1736,0,0,0,0
1046,0531_c0007_021.jpg,531,6,-1,True,100,3100,0.04472656807039363,0.0576036866359447,399,1736,0,0,0,0
1047,0531_c0007_022.jpg,531,6,-1,True,100,3100,0.04467438838140418,0.0576036866359447,399,1736,0,0,0,0
1048,0531_c0007_023.jpg,531,6,-1,True,100,3100,0.04476276929091403,0.05753739930955121,399,1738,0,0,0,0
1049,0531_c0007_024.jpg,531,6,-1,True,100,3100,0.04472755990858677,0.057570523891767415,399,1737,0,0,0,0
1050,0537_c0001_000.jpg,537,0,-1,True,175,3100,0.03065753126388663,0.056597671410090554,1823,3092,0,0,0,0
1051,0537_c0001_001.jpg,537,0,-1,True,175,3100,0.03065643488728331,0.056597671410090554,1825,3092,0,0,0,0
1052,0537_c0001_002.jpg,537,0,-1,True,175,3100,0.030657171935107468,0.056597671410090554,1825,3092,0,0,0,0
1053,0537_c0001_003.jpg,537,0,-1,True,175,3100,0.030644773601811264,0.056615981882885795,1825,3091,0,0,0,0
1054,0537_c0001_004.jpg,537,0,-1,True,175,3100,0.030629429866745096,0.056597671410090554,1829,3092,0,0,0,0
1055,0537_c0001_005.jpg,537,0,-1,True,175,3100,0.03063526912041003,0.056597671410090554,1829,3092,0,0,0,0
1056,0537_c0001_006.jpg,537,0,-1,True,175,3100,0.030635708124316742,0.056597671410090554,1829,3092,0,0,0,0
1057,0537_c0001_007.jpg,537,0,-1,True,175,3100,0.03063478744534176,0.056597671410090554,1829,3092,0,0,0,0
1058,0537_c0001_008.jpg,537,0,-1,True,175,3100,0.030635261856886347,0.056597671410090554,1830,3092,0,0,0,0
1059,0537_c0001_009.jpg,537,0,-1,True,175,3100,0.03062440954289395,0.056615981882885795,1829,3091,0,0,0,0
1060,0537_c0001_010.jpg,537,0,-1,True,175,3100,0.03062822752673542,0.056597671410090554,1829,3092,0,0,0,0
1061,0537_c0001_011.jpg,537,0,-1,True,175,3100,0.030624255735857083,0.056597671410090554,1829,3092,0,0,0,0
1062,0537_c0001_012.jpg,537,0,-1,True,175,3100,0.030622597330844666,0.056597671410090554,1831,3092,0,0,0,0
1063,0537_c0001_013.jpg,537,0,-1,True,175,3100,0.030625574040740282,0.056615981882885795,1830,3091,0,0,0,0
1064,0537_c0001_014.jpg,537,0,-1,True,175,3100,0.0306326405743814,0.056597671410090554,1830,3092,0,0,0,0
1065,0537_c0001_015.jpg,537,0,-1,True,175,3100,0.03062837869316429,0.056597671410090554,1830,3092,0,0,0,0
1066,0537_c0001_016.jpg,537,0,-1,True,175,3100,0.030625458117904177,0.056597671410090554,1830,3092,0,0,0,0
1067,0537_c0001_017.jpg,537,0,-1,True,175,3100,0.03063554287328094,0.056597671410090554,1829,3092,0,0,0,0
1068,0537_c0001_018.jpg,537,0,-1,True,175,3100,0.03063319490689605,0.056597671410090554,1830,3092,0,0,0,0
1069,0537_c0001_019.jpg,537,0,-1,True,175,3100,0.030631140539893867,0.056597671410090554,1830,3092,0,0,0,0
1070,0537_c0001_020.jpg,537,0,-1,True,175,3100,0.03064453266803177,0.056597671410090554,1827,3092,0,0,0,0
1071,0537_c0001_021.jpg,537,0,-1,True,175,3100,0.030636764676019702,0.056597671410090554,1830,3092,0,0,0,0
1072,0537_c0001_022.jpg,537,0,-1,True,175,3100,0.030636699836106653,0.056597671410090554,1830,3092,0,0,0,0
1073,0537_c0001_023.jpg,537,0,-1,True,175,3100,0.030639023987922138,0.056597671410090554,1828,3092,0,0,0,0
1074,0537_c0001_024.jpg,537,0,-1,True,175,3100,0.030638748261619265,0.056597671410090554,1828,3092,0,0,0,0
1075,0537_c0002_000.jpg,537,1,-1,True,175,3100,0.031037625573178747,0.057889513728084686,1914,3023,0,0,0,0
1076,0537_c0002_001.jpg,537,1,-1,True,175,3100,0.031035358210085396,0.05787037037037037,1915,3024,0,0,0,0
1077,0537_c0002_002.jpg,537,1,-1,True,175,3100,0.031025338560687826,0.05787037037037037,1917,3024,0,0,0,0
1078,0537_c0002_003.jpg,537,1,-1,True,175,3100,0.03103835854147509,0.057889513728084686,1913,3023,0,0,0,0
1079,0537_c0002_004.jpg,537,1,-1,True,175,3100,0.03103072720433458,0.05787037037037037,1915,3024,0,0,0,0
1080,0537_c0002_005.jpg,537,1,-1,True,175,3100,0.031040593730595083,0.057889513728084686,1911,3023,0,0,0,0
1081,0537_c0002_006.jpg,537,1,-1,True,175,3100,0.03104349850353338,0.057889513728084686,1912,3023,0,0,0,0
1082,0537_c0002_007.jpg,537,1,-1,True,175,3100,0.03105026475007129,0.057889513728084686,1908,3023,0,0,0,0
1083,0537_c0002_008.jpg,537,1,-1,True,175,3100,0.03105927022329646,0.05790866975512905,1906,3022,0,0,0,0
1084,0537_c0002_009.jpg,537,1,-1,True,175,3100,0.0310530134985555,0.057889513728084686,1908,3023,0,0,0,0
1085,0537_c0002_010.jpg,537,1,-1,True,175,3100,0.031049550791840033,0.057889513728084686,1909,3023,0,0,0,0
1086,0537_c0002_011.jpg,537,1,-1,True,175,3100,0.03104806765290493,0.057889513728084686,1909,3023,0,0,0,0
1087,0537_c0002_012.jpg,537,1,-1,True,175,3100,0.03105027493199111,0.057889513728084686,1907,3023,0,0,0,0
1088,0537_c0002_013.jpg,537,1,-1,True,175,3100,0.03105158436225355,0.057889513728084686,1907,3023,0,0,0,0
1089,0537_c0002_014.jpg,537,1,-1,True,175,3100,0.03104573530236854,0.057889513728084686,1909,3023,0,0,0,0
1090,0537_c0002_015.jpg,537,1,-1,True,175,3100,0.031036670487860577,0.05787037037037037,1913,3024,0,0,0,0
1091,0537_c0002_016.jpg,537,1,-1,True,175,3100,0.031039106553006474,0.05787037037037037,1912,3024,0,0,0,0
1092,0537_c0002_017.jpg,537,1,-1,True,175,3100,0.03103996561746576,0.05787037037037037,1913,3024,0,0,0,0
1093,0537_c0002_018.jpg,537,1,-1,True,175,3100,0.03104996146623841,0.057889513728084686,1906,3023,0,0,0,0
1094,0537_c0002_019.jpg,537,1,-1,True,175,3100,0.03104353267139607,0.05787037037037037,1909,3024,0,0,0,0
1095,0537_c0002_020.jpg,537,1,-1,True,175,3100,0.03104509683328735,0.05787037037037037,1909,3024,0,0,0,0
1096,0537_c0002_021.jpg,537,1,-1,True,175,3100,0.031046201139519145,0.057889513728084686,1909,3023,0,0,0,0
1097,0537_c0002_022.jpg,537,1,-1,True,175,3100,0.031044726366285486,0.057889513728084686,1909,3023,0,0,0,0
1098,0537_c0002_023.jpg,537,1,-1,True,175,3100,0.03104460462995334,0.057889513728084686,1910,3023,0,0,0,0
1099,0537_c0002_024.jpg,537,1,-1,True,175,3100,0.03104305446414922,0.05787037037037037,1912,3024,0,0,0,0
1100,0537_c0003_000.jpg,537,2,-1,True,175,3100,0.030825108787360007,0.056707712248865845,1852,3086,0,0,0,0
1101,0537_c0003_001.jpg,537,2,-1,True,175,3100,0.030833634006104445,0.056707712248865845,1847,3086,0,0,0,0
1102,0537_c0003_002.jpg,537,2,-1,True,175,3100,0.0308456210562977,0.056707712248865845,1846,3086,0,0,0,0
1103,0537_c0003_003.jpg,537,2,-1,True,175,3100,0.030839637783459477,0.056707712248865845,1846,3086,0,0,0,0
1104,0537_c0003_004.jpg,537,2,-1,True,175,3100,0.030845408016143737,0.056707712248865845,1840,3086,0,0,0,0
1105,0537_c0003_005.jpg,537,2,-1,True,175,3100,0.030841080643479058,0.056707712248865845,1845,3086,0,0,0,0
1106,0537_c0003_006.jpg,537,2,-1,True,175,3100,0.030840821363418567,0.056707712248865845,1841,3086,0,0,0,0
1107,0537_c0003_007.jpg,537,2,-1,True,175,3100,0.030837987334457584,0.056707712248865845,1841,3086,0,0,0,0
1108,0537_c0003_008.jpg,537,2,-1,True,175,3100,0.03083588091846025,0.056707712248865845,1843,3086,0,0,0,0
1109,0537_c0003_009.jpg,537,2,-1,True,175,3100,0.030828143607152643,0.056707712248865845,1847,3086,0,0,0,0
1110,0537_c0003_010.jpg,537,2,-1,True,175,3100,0.03082611698278417,0.056707712248865845,1849,3086,0,0,0,0
1111,0537_c0003_011.jpg,537,2,-1,True,175,3100,0.030826795610995456,0.056707712248865845,1847,3086,0,0,0,0
1112,0537_c0003_012.jpg,537,2,-1,True,175,3100,0.030828485138662428,0.056707712248865845,1848,3086,0,0,0,0
1113,0537_c0003_013.jpg,537,2,-1,True,175,3100,0.03083050403879045,0.056707712248865845,1848,3086,0,0,0,0
1114,0537_c0003_014.jpg,537,2,-1,True,175,3100,0.030832975558342416,0.056707712248865845,1846,3086,0,0,0,0
1115,0537_c0003_015.jpg,537,2,-1,True,175,3100,0.030841974720721962,0.056707712248865845,1842,3086,0,0,0,0
1116,0537_c0003_016.jpg,537,2,-1,True,175,3100,0.03085650109207839,0.056707712248865845,1842,3086,0,0,0,0
1117,0537_c0003_017.jpg,537,2,-1,True,175,3100,0.030856496324516765,0.056707712248865845,1841,3086,0,0,0,0
1118,0537_c0003_018.jpg,537,2,-1,True,175,3100,0.030852444865774983,0.056707712248865845,1841,3086,0,0,0,0
1119,0537_c0003_019.jpg,537,2,-1,True,175,3100,0.03080019132456478,0.056707712248865845,1853,3086,0,0,0,0
1120,0537_c0003_020.jpg,537,2,-1,True,175,3100,0.030816513362467834,0.056707712248865845,1850,3086,0,0,0,0
1121,0537_c0003_021.jpg,537,2,-1,True,175,3100,0.030807027320196485,0.056707712248865845,1850,3086,0,0,0,0
1122,0537_c0003_022.jpg,537,2,-1,True,175,3100,0.03081499060086742,0.056707712248865845,1851,3086,0,0,0,0
1123,0537_c0003_023.jpg,537,2,-1,True,175,3100,0.030811370609761263,0.056707712248865845,1851,3086,0,0,0,0
1124,0537_c0003_024.jpg,537,2,-1,True,175,3100,0.03081134007201183,0.056707712248865845,1852,3086,0,0,0,0
1125,0537_c0004_000.jpg,537,3,-1,True,175,3100,0.03089666997288034,0.05672609400324149,1920,3085,0,0,0,0
1126,0537_c0004_001.jpg,537,3,-1,True,175,3100,0.030904106893657603,0.05672609400324149,1922,3085,0,0,0,0
1127,0537_c0004_002.jpg,537,3,-1,True,175,3100,0.030897767778089533,0.05672609400324149,1922,3085,0,0,0,0
1128,0537_c0004_003.jpg,537,3,-1,True,175,3100,0.03090644437510301,0.056707712248865845,1921,3086,0,0,0,0
1129,0537_c0004_004.jpg,537,3,-1,True,175,3100,0.03089844777720739,0.05672609400324149,1922,3085,0,0,0,0
1130,0537_c0004_005.jpg,537,3,-1,True,175,3100,0.03089645161512811,0.05672609400324149,1922,3085,0,0,0,0
1131,0537_c0004_006.jpg,537,3,-1,True,175,3100,0.030897283900749518,0.056707712248865845,1922,3086,0,0,0,0
1132,0537_c0004_007.jpg,537,3,-1,True,175,3100,0.030901349545174466,0.05672609400324149,1921,3085,0,0,0,0
1133,0537_c0004_008.jpg,537,3,-1,True,175,3100,0.030897547522673985,0.05672609400324149,1921,3085,0,0,0,0
1134,0537_c0004_009.jpg,537,3,-1,True,175,3100,0.030909128050011034,0.05674448767833982,1921,3084,0,0,0,0
1135,0537_c0004_010.jpg,537,3,-1,True,175,3100,0.030903030997254624,0.05674448767833982,1921,3084,0,0,0,0
1136,0537_c0004_011.jpg,537,3,-1,True,175,3100,0.030901791450779308,0.05674448767833982,1922,3084,0,0,0,0
1137,0537_c0004_012.jpg,537,3,-1,True,175,3100,0.030899851500907113,0.05674448767833982,1924,3084,0,0,0,0
1138,0537_c0004_013.jpg,537,3,-1,True,175,3100,0.03089811105138183,0.05674448767833982,1924,3084,0,0,0,0
1139,0537_c0004_014.jpg,537,3,-1,True,175,3100,0.030903143804405505,0.05674448767833982,1923,3084,0,0,0,0
1140,0537_c0004_015.jpg,537,3,-1,True,175,3100,0.030909808162435593,0.05674448767833982,1922,3084,0,0,0,0
1141,0537_c0004_016.jpg,537,3,-1,True,175,3100,0.03091844511997743,0.05674448767833982,1920,3084,0,0,0,0
1142,0537_c0004_017.jpg,537,3,-1,True,175,3100,0.030906754956984337,0.05674448767833982,1923,3084,0,0,0,0
1143,0537_c0004_018.jpg,537,3,-1,True,175,3100,0.03089858801325103,0.05674448767833982,1923,3084,0,0,0,0
1144,0537_c0004_019.jpg,537,3,-1,True,175,3100,0.030898452617494628,0.05674448767833982,1922,3084,0,0,0,0
1145,0537_c0004_020.jpg,537,3,-1,True,175,3100,0.030894988153228324,0.05674448767833982,1924,3084,0,0,0,0
1146,0537_c0004_021.jpg,537,3,-1,True,175,3100,0.030897139367741282,0.05674448767833982,1922,3084,0,0,0,0
1147,0537_c0004_022.jpg,537,3,-1,True,175,3100,0.030894201404433944,0.05674448767833982,1922,3084,0,0,0,0
1148,0537_c0004_023.jpg,537,3,-1,True,175,3100,0.03089767837766051,0.05674448767833982,1922,3084,0,0,0,0
1149,0537_c0004_024.jpg,537,3,-1,True,175,3100,0.03089617006650223,0.05674448767833982,1920,3084,0,0,0,0
1150,0537_c0005_000.jpg,537,4,-1,True,175,3100,0.030733727876136194,0.05654281098546042,2032,3095,0,0,0,0
1151,0537_c0005_001.jpg,537,4,-1,True,175,3100,0.03073966968263402,0.05654281098546042,2031,3095,0,0,0,0
1152,0537_c0005_002.jpg,537,4,-1,True,175,3100,0.030730914774538414,0.05654281098546042,2037,3095,0,0,0,0
1153,0537_c0005_003.jpg,537,4,-1,True,175,3100,0.03073479178974472,0.05654281098546042,2034,3095,0,0,0,0
1154,0537_c0005_004.jpg,537,4,-1,True,175,3100,0.030735553352001708,0.05654281098546042,2034,3095,0,0,0,0
1155,0537_c0005_005.jpg,537,4,-1,True,175,3100,0.030730178928271394,0.05654281098546042,2039,3095,0,0,0,0
1156,0537_c0005_006.jpg,537,4,-1,True,175,3100,0.030734128873531472,0.05654281098546042,2037,3095,0,0,0,0
1157,0537_c0005_007.jpg,537,4,-1,True,175,3100,0.03072410827834302,0.05654281098546042,2040,3095,0,0,0,0
1158,0537_c0005_008.jpg,537,4,-1,True,175,3100,0.030729569707920575,0.05654281098546042,2038,3095,0,0,0,0
1159,0537_c0005_009.jpg,537,4,-1,True,175,3100,0.03072756649815786,0.05654281098546042,2038,3095,0,0,0,0
1160,0537_c0005_010.jpg,537,4,-1,True,175,3100,0.030720218617319363,0.05654281098546042,2041,3095,0,0,0,0
1161,0537_c0005_011.jpg,537,4,-1,True,175,3100,0.030719408093542577,0.05654281098546042,2041,3095,0,0,0,0
1162,0537_c0005_012.jpg,537,4,-1,True,175,3100,0.030718561392649946,0.05654281098546042,2041,3095,0,0,0,0
1163,0537_c0005_013.jpg,537,4,-1,True,175,3100,0.03071003363501663,0.05654281098546042,2045,3095,0,0,0,0
1164,0537_c0005_014.jpg,537,4,-1,True,175,3100,0.030705634725678412,0.05654281098546042,2049,3095,0,0,0,0
1165,0537_c0005_015.jpg,537,4,-1,True,175,3100,0.03071762906848893,0.05654281098546042,2042,3095,0,0,0,0
1166,0537_c0005_016.jpg,537,4,-1,True,175,3100,0.0307151878644656,0.05654281098546042,2042,3095,0,0,0,0
1167,0537_c0005_017.jpg,537,4,-1,True,175,3100,0.030708019682565285,0.05654281098546042,2046,3095,0,0,0,0
1168,0537_c0005_018.jpg,537,4,-1,True,175,3100,0.030711834865755894,0.05654281098546042,2042,3095,0,0,0,0
1169,0537_c0005_019.jpg,537,4,-1,True,175,3100,0.03070882944657122,0.05654281098546042,2043,3095,0,0,0,0
1170,0537_c0005_020.jpg,537,4,-1,True,175,3100,0.03071618529563268,0.05654281098546042,2040,3095,0,0,0,0
1171,0537_c0005_021.jpg,537,4,-1,True,175,3100,0.03071105722609954,0.05654281098546042,2040,3095,0,0,0,0
1172,0537_c0005_022.jpg,537,4,-1,True,175,3100,0.030720106427683982,0.05654281098546042,2039,3095,0,0,0,0
1173,0537_c0005_023.jpg,537,4,-1,True,175,3100,0.030713653258001728,0.05654281098546042,2040,3095,0,0,0,0
1174,0537_c0005_024.jpg,537,4,-1,True,175,3100,0.030711323952042752,0.05654281098546042,2040,3095,0,0,0,0
1175,0537_c0006_000.jpg,537,5,-1,True,175,3100,0.030825608789172003,0.05668934240362812,1915,3087,0,0,0,0
1176,0537_c0006_001.jpg,537,5,-1,True,175,3100,0.030842563467255207,0.05668934240362812,1912,3087,0,0,0,0
1177,0537_c0006_002.jpg,537,5,-1,True,175,3100,0.03083333188125125,0.05668934240362812,1913,3087,0,0,0,0
1178,0537_c0006_003.jpg,537,5,-1,True,175,3100,0.030820803386941608,0.05668934240362812,1918,3087,0,0,0,0
1179,0537_c0006_004.jpg,537,5,-1,True,175,3100,0.030822377954185073,0.056707712248865845,1915,3086,0,0,0,0
1180,0537_c0006_005.jpg,537,5,-1,True,175,3100,0.030817313121407074,0.056707712248865845,1917,3086,0,0,0,0
1181,0537_c0006_006.jpg,537,5,-1,True,175,3100,0.030798336242755766,0.056707712248865845,1922,3086,0,0,0,0
1182,0537_c0006_007.jpg,537,5,-1,True,175,3100,0.03083897397699158,0.05668934240362812,1913,3087,0,0,0,0
1183,0537_c0006_008.jpg,537,5,-1,True,175,3100,0.03083671845308958,0.05668934240362812,1913,3087,0,0,0,0
1184,0537_c0006_009.jpg,537,5,-1,True,175,3100,0.0308369629800324,0.05668934240362812,1913,3087,0,0,0,0
1185,0537_c0006_010.jpg,537,5,-1,True,175,3100,0.030829233047120347,0.056707712248865845,1915,3086,0,0,0,0
1186,0537_c0006_011.jpg,537,5,-1,True,175,3100,0.030826281560936523,0.056707712248865845,1914,3086,0,0,0,0
1187,0537_c0006_012.jpg,537,5,-1,True,175,3100,0.030816363131547064,0.05668934240362812,1916,3087,0,0,0,0
1188,0537_c0006_013.jpg,537,5,-1,True,175,3100,0.030814691644662703,0.056707712248865845,1918,3086,0,0,0,0
1189,0537_c0006_014.jpg,537,5,-1,True,175,3100,0.03083785170749819,0.056707712248865845,1913,3086,0,0,0,0
1190,0537_c0006_015.jpg,537,5,-1,True,175,3100,0.030831756015533052,0.056707712248865845,1913,3086,0,0,0,0
1191,0537_c0006_016.jpg,537,5,-1,True,175,3100,0.030826201069216293,0.056707712248865845,1915,3086,0,0,0,0
1192,0537_c0006_017.jpg,537,5,-1,True,175,3100,0.030821183917615787,0.056707712248865845,1915,3086,0,0,0,0
1193,0537_c0006_018.jpg,537,5,-1,True,175,3100,0.03083161640670654,0.056707712248865845,1913,3086,0,0,0,0
1194,0537_c0006_019.jpg,537,5,-1,True,175,3100,0.030839266819537626,0.056707712248865845,1913,3086,0,0,0,0
1195,0537_c0006_020.jpg,537,5,-1,True,175,3100,0.030842343209006782,0.056707712248865845,1913,3086,0,0,0,0
1196,0537_c0006_021.jpg,537,5,-1,True,175,3100,0.030840966625673105,0.056707712248865845,1913,3086,0,0,0,0
1197,0537_c0006_022.jpg,537,5,-1,True,175,3100,0.03084112080777483,0.056707712248865845,1913,3086,0,0,0,0
1198,0537_c0006_023.jpg,537,5,-1,True,175,3100,0.03081980333290801,0.056707712248865845,1918,3086,0,0,0,0
1199,0537_c0006_024.jpg,537,5,-1,True,175,3100,0.03083122451606757,0.056707712248865845,1915,3086,0,0,0,0
1200,0537_c0007_000.jpg,537,6,-1,True,175,3100,0.031012073327263048,0.05674448767833982,1851,3084,0,0,0,0
1201,0537_c0007_001.jpg,537,6,-1,True,175,3100,0.031022309503960212,0.05674448767833982,1845,3084,0,0,0,0
1202,0537_c0007_002.jpg,537,6,-1,True,175,3100,0.031014481654165878,0.05674448767833982,1848,3084,0,0,0,0
1203,0537_c0007_003.jpg,537,6,-1,True,175,3100,0.03100864426126961,0.05674448767833982,1851,3084,0,0,0,0
1204,0537_c0007_004.jpg,537,6,-1,True,175,3100,0.031026234263330253,0.05674448767833982,1848,3084,0,0,0,0
1205,0537_c0007_005.jpg,537,6,-1,True,175,3100,0.03104686845296242,0.05674448767833982,1846,3084,0,0,0,0
1206,0537_c0007_006.jpg,537,6,-1,True,175,3100,0.03104427346396412,0.05674448767833982,1847,3084,0,0,0,0
1207,0537_c0007_007.jpg,537,6,-1,True,175,3100,0.03104342387824344,0.05674448767833982,1845,3084,0,0,0,0
1208,0537_c0007_008.jpg,537,6,-1,True,175,3100,0.03102361860514644,0.05674448767833982,1843,3084,0,0,0,0
1209,0537_c0007_009.jpg,537,6,-1,True,175,3100,0.03103276756297498,0.05674448767833982,1844,3084,0,0,0,0
1210,0537_c0007_010.jpg,537,6,-1,True,175,3100,0.03104536859617568,0.05674448767833982,1844,3084,0,0,0,0
1211,0537_c0007_011.jpg,537,6,-1,True,175,3100,0.031026185796792543,0.05674448767833982,1846,3084,0,0,0,0
1212,0537_c0007_012.jpg,537,6,-1,True,175,3100,0.031038059162857335,0.05674448767833982,1846,3084,0,0,0,0
1213,0537_c0007_013.jpg,537,6,-1,True,175,3100,0.03102674267792436,0.05674448767833982,1846,3084,0,0,0,0
1214,0537_c0007_014.jpg,537,6,-1,True,175,3100,0.031022052786336338,0.05674448767833982,1847,3084,0,0,0,0
1215,0537_c0007_015.jpg,537,6,-1,True,175,3100,0.031015013145817928,0.05674448767833982,1849,3084,0,0,0,0
1216,0537_c0007_016.jpg,537,6,-1,True,175,3100,0.031020208361255255,0.05674448767833982,1847,3084,0,0,0,0
1217,0537_c0007_017.jpg,537,6,-1,True,175,3100,0.03101896175169547,0.05674448767833982,1848,3084,0,0,0,0
1218,0537_c0007_018.jpg,537,6,-1,True,175,3100,0.031021052890096098,0.05674448767833982,1846,3084,0,0,0,0
1219,0537_c0007_019.jpg,537,6,-1,True,175,3100,0.03102260754689156,0.05674448767833982,1847,3084,0,0,0,0
1220,0537_c0007_020.jpg,537,6,-1,True,175,3100,0.031020453785893014,0.05674448767833982,1848,3084,0,0,0,0
1221,0537_c0007_021.jpg,537,6,-1,True,175,3100,0.031014901777732317,0.05674448767833982,1850,3084,0,0,0,0
1222,0537_c0007_022.jpg,537,6,-1,True,175,3100,0.031018864513513326,0.05674448767833982,1850,3084,0,0,0,0
1223,0537_c0007_023.jpg,537,6,-1,True,175,3100,0.03103024015200543,0.05674448767833982,1846,3084,0,0,0,0
1224,0537_c0007_024.jpg,537,6,-1,True,175,3100,0.031073082152630705,0.05674448767833982,1834,3084,0,0,0,0
1225,0537_c0008_000.jpg,537,7,-1,True,175,3100,0.03150237251337821,0.05668934240362812,1799,3087,0,0,0,0
1226,0537_c0008_001.jpg,537,7,-1,True,175,3100,0.03150160984931143,0.05668934240362812,1799,3087,0,0,0,0
1227,0537_c0008_002.jpg,537,7,-1,True,175,3100,0.03149678985715352,0.05668934240362812,1799,3087,0,0,0,0
1228,0537_c0008_003.jpg,537,7,-1,True,175,3100,0.03148614362402435,0.05668934240362812,1800,3087,0,0,0,0
1229,0537_c0008_004.jpg,537,7,-1,True,175,3100,0.031492873514313666,0.05668934240362812,1799,3087,0,0,0,0
1230,0537_c0008_005.jpg,537,7,-1,True,175,3100,0.0314954960681999,0.05668934240362812,1800,3087,0,0,0,0
1231,0537_c0008_006.jpg,537,7,-1,True,175,3100,0.0314894086200489,0.05668934240362812,1800,3087,0,0,0,0
1232,0537_c0008_007.jpg,537,7,-1,True,175,3100,0.031488993152882686,0.05667098445595855,1801,3088,0,0,0,0
1233,0537_c0008_008.jpg,537,7,-1,True,175,3100,0.03150348301220135,0.05668934240362812,1800,3087,0,0,0,0
1234,0537_c0008_009.jpg,537,7,-1,True,175,3100,0.031511795123444104,0.05667098445595855,1799,3088,0,0,0,0
1235,0537_c0008_010.jpg,537,7,-1,True,175,3100,0.03150970193166831,0.05667098445595855,1798,3088,0,0,0,0
1236,0537_c0008_011.jpg,537,7,-1,True,175,3100,0.03150126369485017,0.05668934240362812,1801,3087,0,0,0,0
1237,0537_c0008_012.jpg,537,7,-1,True,175,3100,0.03149742371238269,0.05668934240362812,1799,3087,0,0,0,0
1238,0537_c0008_013.jpg,537,7,-1,True,175,3100,0.031513065615317075,0.05667098445595855,1798,3088,0,0,0,0
1239,0537_c0008_014.jpg,537,7,-1,True,175,3100,0.031515237170137954,0.05667098445595855,1796,3088,0,0,0,0
1240,0537_c0008_015.jpg,537,7,-1,True,175,3100,0.031510535689941666,0.05667098445595855,1799,3088,0,0,0,0
1241,0537_c0008_016.jpg,537,7,-1,True,175,3100,0.03150716678951403,0.05667098445595855,1799,3088,0,0,0,0
1242,0537_c0008_017.jpg,537,7,-1,True,175,3100,0.0314934778205898,0.05668934240362812,1800,3087,0,0,0,0
1243,0537_c0008_018.jpg,537,7,-1,True,175,3100,0.0315031191846028,0.05668934240362812,1801,3087,0,0,0,0
1244,0537_c0008_019.jpg,537,7,-1,True,175,3100,0.03148361825443282,0.05667098445595855,1802,3088,0,0,0,0
1245,0537_c0008_020.jpg,537,7,-1,True,175,3100,0.031462860797512975,0.05668934240362812,1804,3087,0,0,0,0
1246,0537_c0008_021.jpg,537,7,-1,True,175,3100,0.031501394505603825,0.05668934240362812,1798,3087,0,0,0,0
1247,0537_c0008_022.jpg,537,7,-1,True,175,3100,0.03150625910836748,0.05668934240362812,1799,3087,0,0,0,0
1248,0537_c0008_023.jpg,537,7,-1,True,175,3100,0.03150097735432324,0.05667098445595855,1800,3088,0,0,0,0
1249,0537_c0008_024.jpg,537,7,-1,True,175,3100,0.03152516233775578,0.05667098445595855,1802,3088,0,0,0,0
1250,0543_c0001_000.jpg,543,0,-1,True,175,3100,0.033083892855265196,0.05743354118805382,1839,3047,0,0,0,0
1251,0543_c0001_001.jpg,543,0,-1,True,175,3100,0.03302787603964711,0.057414698162729656,1851,3048,0,0,0,0
1252,0543_c0001_002.jpg,543,0,-1,True,175,3100,0.03303845002511207,0.05743354118805382,1846,3047,0,0,0,0
1253,0543_c0001_003.jpg,543,0,-1,True,175,3100,0.033023292115268214,0.05743354118805382,1854,3047,0,0,0,0
1254,0543_c0001_004.jpg,543,0,-1,True,175,3100,0.03303167930754245,0.05745239658568615,1853,3046,0,0,0,0
1255,0543_c0001_005.jpg,543,0,-1,True,175,3100,0.03301331237145211,0.057414698162729656,1853,3048,0,0,0,0
1256,0543_c0001_006.jpg,543,0,-1,True,175,3100,0.033067529374278794,0.05749014454664914,1839,3044,0,0,0,0
1257,0543_c0001_007.jpg,543,0,-1,True,175,3100,0.03311252628745536,0.05750903713440684,1834,3043,0,0,0,0
1258,0543_c0001_008.jpg,543,0,-1,True,175,3100,0.032921217214599056,0.057358243198951164,1875,3051,0,0,0,0
1259,0543_c0001_009.jpg,543,0,-1,True,175,3100,0.03295610826867667,0.05739586749754018,1866,3049,0,0,0,0
1260,0543_c0001_010.jpg,543,0,-1,True,175,3100,0.032990586921481886,0.05739586749754018,1860,3049,0,0,0,0
1261,0543_c0001_011.jpg,543,0,-1,True,175,3100,0.03299466393829828,0.057414698162729656,1856,3048,0,0,0,0
1262,0543_c0001_012.jpg,543,0,-1,True,175,3100,0.03297270154849296,0.05739586749754018,1867,3049,0,0,0,0
1263,0543_c0001_013.jpg,543,0,-1,True,175,3100,0.03306081222906968,0.05750903713440684,1845,3043,0,0,0,0
1264,0543_c0001_014.jpg,543,0,-1,True,175,3100,0.033084278610322294,0.05750903713440684,1836,3043,0,0,0,0
1265,0543_c0001_015.jpg,543,0,-1,True,175,3100,0.033028502978512335,0.057414698162729656,1849,3048,0,0,0,0
1266,0543_c0001_016.jpg,543,0,-1,True,175,3100,0.033003967100212236,0.05739586749754018,1856,3049,0,0,0,0
1267,0543_c0001_017.jpg,543,0,-1,True,175,3100,0.033012239627757796,0.057414698162729656,1851,3048,0,0,0,0
1268,0543_c0001_018.jpg,543,0,-1,True,175,3100,0.032984566249779364,0.057414698162729656,1864,3048,0,0,0,0
1269,0543_c0001_019.jpg,543,0,-1,True,175,3100,0.03303037804670322,0.05747126436781609,1849,3045,0,0,0,0
1270,0543_c0001_020.jpg,543,0,-1,True,175,3100,0.03301365485398437,0.05745239658568615,1850,3046,0,0,0,0
1271,0543_c0001_021.jpg,543,0,-1,True,175,3100,0.033005815827974655,0.05739586749754018,1868,3049,0,0,0,0
1272,0543_c0001_022.jpg,543,0,-1,True,175,3100,0.03296409786817477,0.05739586749754018,1877,3049,0,0,0,0
1273,0543_c0001_023.jpg,543,0,-1,True,175,3100,0.033000944383055425,0.057414698162729656,1865,3048,0,0,0,0
1274,0543_c0001_024.jpg,543,0,-1,True,175,3100,0.032978209653860946,0.05739586749754018,1878,3049,0,0,0,0
1275,0543_c0002_000.jpg,543,1,-1,True,175,3100,0.03455234241710101,0.058004640371229696,1694,3017,0,0,0,0
1276,0543_c0002_001.jpg,543,1,-1,True,175,3100,0.03455534815063148,0.058004640371229696,1710,3017,0,0,0,0
1277,0543_c0002_002.jpg,543,1,-1,True,175,3100,0.03453241657052367,0.058004640371229696,1713,3017,0,0,0,0
1278,0543_c0002_003.jpg,543,1,-1,True,175,3100,0.03450587112696782,0.058004640371229696,1719,3017,0,0,0,0
1279,0543_c0002_004.jpg,543,1,-1,True,175,3100,0.03446862746453804,0.057966213978138455,1725,3019,0,0,0,0
1280,0543_c0002_005.jpg,543,1,-1,True,175,3100,0.03451407184346015,0.058004640371229696,1723,3017,0,0,0,0
1281,0543_c0002_006.jpg,543,1,-1,True,175,3100,0.03448045287268456,0.05798542080848244,1731,3018,0,0,0,0
1282,0543_c0002_007.jpg,543,1,-1,True,175,3100,0.03451706699998346,0.057966213978138455,1720,3019,0,0,0,0
1283,0543_c0002_008.jpg,543,1,-1,True,175,3100,0.03458350861960967,0.058004640371229696,1710,3017,0,0,0,0
1284,0543_c0002_009.jpg,543,1,-1,True,175,3100,0.034598442714907904,0.05798542080848244,1703,3018,0,0,0,0
1285,0543_c0002_010.jpg,543,1,-1,True,175,3100,0.03461449364870561,0.057966213978138455,1700,3019,0,0,0,0
1286,0543_c0002_011.jpg,543,1,-1,True,175,3100,0.03461186038449317,0.058004640371229696,1698,3017,0,0,0,0
1287,0543_c0002_012.jpg,543,1,-1,True,175,3100,0.034646786070364734,0.058004640371229696,1683,3017,0,0,0,0
1288,0543_c0002_013.jpg,543,1,-1,True,175,3100,0.03466769218105156,0.058004640371229696,1683,3017,0,0,0,0
1289,0543_c0002_014.jpg,543,1,-1,True,175,3100,0.03463515210358364,0.058004640371229696,1687,3017,0,0,0,0
1290,0543_c0002_015.jpg,543,1,-1,True,175,3100,0.034592475680730046,0.058004640371229696,1692,3017,0,0,0,0
1291,0543_c0002_016.jpg,543,1,-1,True,175,3100,0.03457324915777443,0.058004640371229696,1690,3017,0,0,0,0
1292,0543_c0002_017.jpg,543,1,-1,True,175,3100,0.03459222989312494,0.05804311774461028,1687,3015,0,0,0,0
1293,0543_c0002_018.jpg,543,1,-1,True,175,3100,0.034590297486658525,0.058004640371229696,1690,3017,0,0,0,0
1294,0543_c0002_019.jpg,543,1,-1,True,175,3100,0.03459181891569083,0.058004640371229696,1688,3017,0,0,0,0
1295,0543_c0002_020.jpg,543,1,-1,True,175,3100,0.03460994689312149,0.058004640371229696,1690,3017,0,0,0,0
1296,0543_c0002_021.jpg,543,1,-1,True,175,3100,0.03443687030888471,0.057966213978138455,1728,3019,0,0,0,0
1297,0543_c0002_022.jpg,543,1,-1,True,175,3100,0.03445681509927258,0.05798542080848244,1727,3018,0,0,0,0
1298,0543_c0002_023.jpg,543,1,-1,True,175,3100,0.034465213590697936,0.05798542080848244,1720,3018,0,0,0,0
1299,0543_c0002_024.jpg,543,1,-1,True,175,3100,0.03454699092546052,0.058004640371229696,1711,3017,0,0,0,0
1300,0543_c0003_000.jpg,543,2,-1,True,175,3100,0.03553035286389475,0.060034305317324184,1648,2915,0,0,0,0
1301,0543_c0003_001.jpg,543,2,-1,True,175,3100,0.03557780035912582,0.0601167983510821,1633,2911,0,0,0,0
1302,0543_c0003_002.jpg,543,2,-1,True,175,3100,0.035460991736474747,0.05995203836930456,1651,2919,0,0,0,0
1303,0543_c0003_003.jpg,543,2,-1,True,175,3100,0.035477066853394905,0.059993143640726776,1644,2917,0,0,0,0
1304,0543_c0003_004.jpg,543,2,-1,True,175,3100,0.03557973073523507,0.06005490734385724,1634,2914,0,0,0,0
1305,0543_c0003_005.jpg,543,2,-1,True,175,3100,0.03560011207165065,0.0601167983510821,1631,2911,0,0,0,0
1306,0543_c0003_006.jpg,543,2,-1,True,175,3100,0.035680310567820665,0.06030323914541695,1611,2902,0,0,0,0
1307,0543_c0003_007.jpg,543,2,-1,True,175,3100,0.03563650858419641,0.060240963855421686,1623,2905,0,0,0,0
1308,0543_c0003_008.jpg,543,2,-1,True,175,3100,0.03561831323448042,0.060158129941560674,1622,2909,0,0,0,0
1309,0543_c0003_009.jpg,543,2,-1,True,175,3100,0.03561953738592582,0.060158129941560674,1618,2909,0,0,0,0
1310,0543_c0003_010.jpg,543,2,-1,True,175,3100,0.035566222944985036,0.060034305317324184,1638,2915,0,0,0,0
1311,0543_c0003_011.jpg,543,2,-1,True,175,3100,0.035615847310817364,0.06017881705639615,1623,2908,0,0,0,0
1312,0543_c0003_012.jpg,543,2,-1,True,175,3100,0.03562910175729698,0.06030323914541695,1623,2902,0,0,0,0
1313,0543_c0003_013.jpg,543,2,-1,True,175,3100,0.0356044747213944,0.06019951840385277,1624,2907,0,0,0,0
1314,0543_c0003_014.jpg,543,2,-1,True,175,3100,0.03563673841187609,0.060261707988980714,1611,2904,0,0,0,0
1315,0543_c0003_015.jpg,543,2,-1,True,175,3100,0.035434092191161164,0.060034305317324184,1671,2915,0,0,0,0
1316,0543_c0003_016.jpg,543,2,-1,True,175,3100,0.03542909173066067,0.059993143640726776,1669,2917,0,0,0,0
1317,0543_c0003_017.jpg,543,2,-1,True,175,3100,0.035475698331579396,0.06007552351527635,1662,2913,0,0,0,0
1318,0543_c0003_018.jpg,543,2,-1,True,175,3100,0.03554450360856991,0.06009615384615385,1649,2912,0,0,0,0
1319,0543_c0003_019.jpg,543,2,-1,True,175,3100,0.035506328059582384,0.06007552351527635,1657,2913,0,0,0,0
1320,0543_c0003_020.jpg,543,2,-1,True,175,3100,0.035485361605629415,0.06005490734385724,1666,2914,0,0,0,0
1321,0543_c0003_021.jpg,543,2,-1,True,175,3100,0.03552117590292454,0.0601167983510821,1654,2911,0,0,0,0
1322,0543_c0003_022.jpg,543,2,-1,True,175,3100,0.03551220130289723,0.0601167983510821,1660,2911,0,0,0,0
1323,0543_c0003_023.jpg,543,2,-1,True,175,3100,0.03546094965683903,0.059993143640726776,1666,2917,0,0,0,0
1324,0543_c0003_024.jpg,543,2,-1,True,175,3100,0.035702720017226,0.060324026197862805,1596,2901,0,0,0,0
1325,0543_c0004_000.jpg,543,3,-1,True,175,3100,0.03502087791226256,0.057889513728084686,1609,3023,0,0,0,0
1326,0543_c0004_001.jpg,543,3,-1,True,175,3100,0.035002234753643016,0.05787037037037037,1614,3024,0,0,0,0
1327,0543_c0004_002.jpg,543,3,-1,True,175,3100,0.034961009015518574,0.05785123966942149,1619,3025,0,0,0,0
1328,0543_c0004_003.jpg,543,3,-1,True,175,3100,0.034899635626736245,0.05785123966942149,1636,3025,0,0,0,0
1329,0543_c0004_004.jpg,543,3,-1,True,175,3100,0.03493053382830327,0.05785123966942149,1636,3025,0,0,0,0
1330,0543_c0004_005.jpg,543,3,-1,True,175,3100,0.03493859579099749,0.057889513728084686,1627,3023,0,0,0,0
1331,0543_c0004_006.jpg,543,3,-1,True,175,3100,0.034932701563502117,0.05787037037037037,1628,3024,0,0,0,0
1332,0543_c0004_007.jpg,543,3,-1,True,175,3100,0.0348824729082581,0.05785123966942149,1647,3025,0,0,0,0
1333,0543_c0004_008.jpg,543,3,-1,True,175,3100,0.03488835108546993,0.05785123966942149,1639,3025,0,0,0,0
1334,0543_c0004_009.jpg,543,3,-1,True,175,3100,0.0348864617886647,0.05785123966942149,1639,3025,0,0,0,0
1335,0543_c0004_010.jpg,543,3,-1,True,175,3100,0.03485144422976038,0.05785123966942149,1638,3025,0,0,0,0
1336,0543_c0004_011.jpg,543,3,-1,True,175,3100,0.03487609029760377,0.05785123966942149,1625,3025,0,0,0,0
1337,0543_c0004_012.jpg,543,3,-1,True,175,3100,0.034906933660696256,0.05787037037037037,1620,3024,0,0,0,0
1338,0543_c0004_013.jpg,543,3,-1,True,175,3100,0.03498140259370204,0.057889513728084686,1615,3023,0,0,0,0
1339,0543_c0004_014.jpg,543,3,-1,True,175,3100,0.034972382834282445,0.057889513728084686,1618,3023,0,0,0,0
1340,0543_c0004_015.jpg,543,3,-1,True,175,3100,0.03494300205951116,0.057889513728084686,1618,3023,0,0,0,0
1341,0543_c0004_016.jpg,543,3,-1,True,175,3100,0.03497593219626135,0.05787037037037037,1625,3024,0,0,0,0
1342,0543_c0004_017.jpg,543,3,-1,True,175,3100,0.034951118021779345,0.05785123966942149,1627,3025,0,0,0,0
1343,0543_c0004_018.jpg,543,3,-1,True,175,3100,0.03498077371159656,0.05787037037037037,1622,3024,0,0,0,0
1344,0543_c0004_019.jpg,543,3,-1,True,175,3100,0.03494800545173528,0.05787037037037037,1625,3024,0,0,0,0
1345,0543_c0004_020.jpg,543,3,-1,True,175,3100,0.0349850968712501,0.05787037037037037,1617,3024,0,0,0,0
1346,0543_c0004_021.jpg,543,3,-1,True,175,3100,0.034970820870590086,0.057889513728084686,1622,3023,0,0,0,0
1347,0543_c0004_022.jpg,543,3,-1,True,175,3100,0.034962312887989705,0.057889513728084686,1625,3023,0,0,0,0
1348,0543_c0004_023.jpg,543,3,-1,True,175,3100,0.0349518550444692,0.05787037037037037,1627,3024,0,0,0,0
1349,0543_c0004_024.jpg,543,3,-1,True,175,3100,0.034951459778335074,0.05787037037037037,1627,3024,0,0,0,0
1350,0543_c0005_000.jpg,543,4,-1,True,175,3100,0.03318472594709726,0.05823627287853577,1914,3005,0,0,0,0
1351,0543_c0005_001.jpg,543,4,-1,True,175,3100,0.03321530854867007,0.0582168995342648,1913,3006,0,0,0,0
1352,0543_c0005_002.jpg,543,4,-1,True,175,3100,0.03320887493535338,0.05819753907549052,1915,3007,0,0,0,0
1353,0543_c0005_003.jpg,543,4,-1,True,175,3100,0.03316827055255501,0.0582168995342648,1917,3006,0,0,0,0
1354,0543_c0005_004.jpg,543,4,-1,True,175,3100,0.03319088503353036,0.0581781914893617,1915,3008,0,0,0,0
1355,0543_c0005_005.jpg,543,4,-1,True,175,3100,0.033225435049584605,0.05823627287853577,1914,3005,0,0,0,0
1356,0543_c0005_006.jpg,543,4,-1,True,175,3100,0.03323235434901928,0.0581781914893617,1916,3008,0,0,0,0
1357,0543_c0005_007.jpg,543,4,-1,True,175,3100,0.03324709758019794,0.05823627287853577,1911,3005,0,0,0,0
1358,0543_c0005_008.jpg,543,4,-1,True,175,3100,0.03328912394537971,0.0582168995342648,1904,3006,0,0,0,0
1359,0543_c0005_009.jpg,543,4,-1,True,175,3100,0.033185737351000485,0.0582168995342648,1910,3006,0,0,0,0
1360,0543_c0005_010.jpg,543,4,-1,True,175,3100,0.033225642876775756,0.05823627287853577,1912,3005,0,0,0,0
1361,0543_c0005_011.jpg,543,4,-1,True,175,3100,0.03321077594100844,0.0581781914893617,1911,3008,0,0,0,0
1362,0543_c0005_012.jpg,543,4,-1,True,175,3100,0.033156281127029674,0.0582168995342648,1914,3006,0,0,0,0
1363,0543_c0005_013.jpg,543,4,-1,True,175,3100,0.03314222401664814,0.0581781914893617,1917,3008,0,0,0,0
1364,0543_c0005_014.jpg,543,4,-1,True,175,3100,0.033187006215989516,0.05819753907549052,1911,3007,0,0,0,0
1365,0543_c0005_015.jpg,543,4,-1,True,175,3100,0.03318164834994947,0.05819753907549052,1914,3007,0,0,0,0
1366,0543_c0005_016.jpg,543,4,-1,True,175,3100,0.033186421414825674,0.0581781914893617,1916,3008,0,0,0,0
1367,0543_c0005_017.jpg,543,4,-1,True,175,3100,0.033202506741990455,0.0581781914893617,1919,3008,0,0,0,0
1368,0543_c0005_018.jpg,543,4,-1,True,175,3100,0.03316304853546088,0.0581781914893617,1919,3008,0,0,0,0
1369,0543_c0005_019.jpg,543,4,-1,True,175,3100,0.03308994869991199,0.0581781914893617,1927,3008,0,0,0,0
1370,0543_c0005_020.jpg,543,4,-1,True,175,3100,0.033104856878794456,0.0581588567630442,1929,3009,0,0,0,0
1371,0543_c0005_021.jpg,543,4,-1,True,175,3100,0.03316006767746286,0.0581781914893617,1925,3008,0,0,0,0
1372,0543_c0005_022.jpg,543,4,-1,True,175,3100,0.03317804366737971,0.0581781914893617,1921,3008,0,0,0,0
1373,0543_c0005_023.jpg,543,4,-1,True,175,3100,0.03316293084012789,0.0581588567630442,1926,3009,0,0,0,0
1374,0543_c0005_024.jpg,543,4,-1,True,175,3100,0.03319540268432294,0.0581781914893617,1921,3008,0,0,0,0
1375,0543_c0006_000.jpg,543,5,-1,True,175,3100,0.03509660650815647,0.05785123966942149,1696,3025,0,0,0,0
1376,0543_c0006_001.jpg,543,5,-1,True,175,3100,0.0351187819848497,0.05785123966942149,1689,3025,0,0,0,0
1377,0543_c0006_002.jpg,543,5,-1,True,175,3100,0.03510523919728085,0.05785123966942149,1696,3025,0,0,0,0
1378,0543_c0006_003.jpg,543,5,-1,True,175,3100,0.03506262024706039,0.05783212161269002,1702,3026,0,0,0,0
1379,0543_c0006_004.jpg,543,5,-1,True,175,3100,0.035069103435987,0.05785123966942149,1701,3025,0,0,0,0
1380,0543_c0006_005.jpg,543,5,-1,True,175,3100,0.03503361049647136,0.05783212161269002,1710,3026,0,0,0,0
1381,0543_c0006_006.jpg,543,5,-1,True,175,3100,0.0350631910807475,0.05783212161269002,1722,3026,0,0,0,0
1382,0543_c0006_007.jpg,543,5,-1,True,175,3100,0.035050405884821674,0.05783212161269002,1724,3026,0,0,0,0
1383,0543_c0006_008.jpg,543,5,-1,True,175,3100,0.03505314864316304,0.05783212161269002,1722,3026,0,0,0,0
1384,0543_c0006_009.jpg,543,5,-1,True,175,3100,0.03504192867794892,0.05783212161269002,1723,3026,0,0,0,0
1385,0543_c0006_010.jpg,543,5,-1,True,175,3100,0.03507922768760826,0.05783212161269002,1717,3026,0,0,0,0
1386,0543_c0006_011.jpg,543,5,-1,True,175,3100,0.0350760146032233,0.05783212161269002,1719,3026,0,0,0,0
1387,0543_c0006_012.jpg,543,5,-1,True,175,3100,0.035066036676907025,0.05783212161269002,1719,3026,0,0,0,0
1388,0543_c0006_013.jpg,543,5,-1,True,175,3100,0.0350705025799557,0.05783212161269002,1717,3026,0,0,0,0
1389,0543_c0006_014.jpg,543,5,-1,True,175,3100,0.03506665946584354,0.05783212161269002,1717,3026,0,0,0,0
1390,0543_c0006_015.jpg,543,5,-1,True,175,3100,0.03505286178320555,0.05783212161269002,1721,3026,0,0,0,0
1391,0543_c0006_016.jpg,543,5,-1,True,175,3100,0.035030646924000854,0.05779392338177015,1723,3028,0,0,0,0
1392,0543_c0006_017.jpg,543,5,-1,True,175,3100,0.03507990670216396,0.05783212161269002,1712,3026,0,0,0,0
1393,0543_c0006_018.jpg,543,5,-1,True,175,3100,0.03504846720163443,0.05783212161269002,1720,3026,0,0,0,0
1394,0543_c0006_019.jpg,543,5,-1,True,175,3100,0.03504037136579357,0.05779392338177015,1722,3028,0,0,0,0
1395,0543_c0006_020.jpg,543,5,-1,True,175,3100,0.03504134714548013,0.05783212161269002,1718,3026,0,0,0,0
1396,0543_c0006_021.jpg,543,5,-1,True,175,3100,0.035047758432579956,0.05783212161269002,1719,3026,0,0,0,0
1397,0543_c0006_022.jpg,543,5,-1,True,175,3100,0.035040148508408725,0.05783212161269002,1720,3026,0,0,0,0
1398,0543_c0006_023.jpg,543,5,-1,True,175,3100,0.03505876573327525,0.05783212161269002,1711,3026,0,0,0,0
1399,0543_c0006_024.jpg,543,5,-1,True,175,3100,0.03502462546197844,0.05779392338177015,1721,3028,0,0,0,0
1400,0543_c0007_000.jpg,543,6,-1,True,175,3100,0.033919641345594526,0.057889513728084686,1766,3023,0,0,0,0
1401,0543_c0007_001.jpg,543,6,-1,True,175,3100,0.033931262579930205,0.057889513728084686,1768,3023,0,0,0,0
1402,0543_c0007_002.jpg,543,6,-1,True,175,3100,0.03392391783082471,0.057889513728084686,1770,3023,0,0,0,0
1403,0543_c0007_003.jpg,543,6,-1,True,175,3100,0.03391457098925484,0.057889513728084686,1768,3023,0,0,0,0
1404,0543_c0007_004.jpg,543,6,-1,True,175,3100,0.03396043563122829,0.057889513728084686,1755,3023,0,0,0,0
1405,0543_c0007_005.jpg,543,6,-1,True,175,3100,0.033987530450330275,0.057889513728084686,1758,3023,0,0,0,0
1406,0543_c0007_006.jpg,543,6,-1,True,175,3100,0.034007646342275266,0.057889513728084686,1758,3023,0,0,0,0
1407,0543_c0007_007.jpg,543,6,-1,True,175,3100,0.033946042052594556,0.057889513728084686,1763,3023,0,0,0,0
1408,0543_c0007_008.jpg,543,6,-1,True,175,3100,0.03401230258108915,0.057889513728084686,1750,3023,0,0,0,0
1409,0543_c0007_009.jpg,543,6,-1,True,175,3100,0.03399943188634383,0.057889513728084686,1751,3023,0,0,0,0
1410,0543_c0007_010.jpg,543,6,-1,True,175,3100,0.033983831807326496,0.057889513728084686,1753,3023,0,0,0,0
1411,0543_c0007_011.jpg,543,6,-1,True,175,3100,0.03396040978117817,0.057889513728084686,1754,3023,0,0,0,0
1412,0543_c0007_012.jpg,543,6,-1,True,175,3100,0.033988609712351285,0.057889513728084686,1755,3023,0,0,0,0
1413,0543_c0007_013.jpg,543,6,-1,True,175,3100,0.03394952767749752,0.057889513728084686,1756,3023,0,0,0,0
1414,0543_c0007_014.jpg,543,6,-1,True,175,3100,0.03399246287270437,0.057889513728084686,1760,3023,0,0,0,0
1415,0543_c0007_015.jpg,543,6,-1,True,175,3100,0.033959646756489194,0.057889513728084686,1761,3023,0,0,0,0
1416,0543_c0007_016.jpg,543,6,-1,True,175,3100,0.03397466334786267,0.057889513728084686,1756,3023,0,0,0,0
1417,0543_c0007_017.jpg,543,6,-1,True,175,3100,0.03400167402382311,0.057889513728084686,1755,3023,0,0,0,0
1418,0543_c0007_018.jpg,543,6,-1,True,175,3100,0.03396853495341905,0.057889513728084686,1757,3023,0,0,0,0
1419,0543_c0007_019.jpg,543,6,-1,True,175,3100,0.03399404789421686,0.057889513728084686,1749,3023,0,0,0,0
1420,0543_c0007_020.jpg,543,6,-1,True,175,3100,0.03393750215988667,0.057889513728084686,1757,3023,0,0,0,0
1421,0543_c0007_021.jpg,543,6,-1,True,175,3100,0.03397135306900474,0.057889513728084686,1758,3023,0,0,0,0
1422,0543_c0007_022.jpg,543,6,-1,True,175,3100,0.033944585008668454,0.057889513728084686,1768,3023,0,0,0,0
1423,0543_c0007_023.jpg,543,6,-1,True,175,3100,0.033967736341318874,0.057889513728084686,1754,3023,0,0,0,0
1424,0543_c0007_024.jpg,543,6,-1,True,175,3100,0.03398872984818006,0.057889513728084686,1752,3023,0,0,0,0
1425,0543_c0008_000.jpg,543,7,-1,True,175,3100,0.033737189824803025,0.058004640371229696,1711,3017,0,0,0,0
1426,0543_c0008_001.jpg,543,7,-1,True,175,3100,0.03376219421674131,0.058004640371229696,1699,3017,0,0,0,0
1427,0543_c0008_002.jpg,543,7,-1,True,175,3100,0.03374395172665213,0.05798542080848244,1706,3018,0,0,0,0
1428,0543_c0008_003.jpg,543,7,-1,True,175,3100,0.03374396346399612,0.05798542080848244,1713,3018,0,0,0,0
1429,0543_c0008_004.jpg,543,7,-1,True,175,3100,0.03376894674271188,0.058023872679045095,1695,3016,0,0,0,0
1430,0543_c0008_005.jpg,543,7,-1,True,175,3100,0.03379955640777522,0.058004640371229696,1686,3017,0,0,0,0
1431,0543_c0008_006.jpg,543,7,-1,True,175,3100,0.03380532975772862,0.05804311774461028,1677,3015,0,0,0,0
1432,0543_c0008_007.jpg,543,7,-1,True,175,3100,0.03378907391798624,0.058023872679045095,1687,3016,0,0,0,0
1433,0543_c0008_008.jpg,543,7,-1,True,175,3100,0.03380179632947316,0.05804311774461028,1690,3015,0,0,0,0
1434,0543_c0008_009.jpg,543,7,-1,True,175,3100,0.03382093784525645,0.05804311774461028,1684,3015,0,0,0,0
1435,0543_c0008_010.jpg,543,7,-1,True,175,3100,0.03380232526256254,0.058004640371229696,1693,3017,0,0,0,0
1436,0543_c0008_011.jpg,543,7,-1,True,175,3100,0.033786241705530004,0.058004640371229696,1697,3017,0,0,0,0
1437,0543_c0008_012.jpg,543,7,-1,True,175,3100,0.03374943933779154,0.05798542080848244,1709,3018,0,0,0,0
1438,0543_c0008_013.jpg,543,7,-1,True,175,3100,0.03379182591205496,0.05804311774461028,1693,3015,0,0,0,0
1439,0543_c0008_014.jpg,543,7,-1,True,175,3100,0.03378135311630455,0.05804311774461028,1701,3015,0,0,0,0
1440,0543_c0008_015.jpg,543,7,-1,True,175,3100,0.03376986229432036,0.058004640371229696,1701,3017,0,0,0,0
1441,0543_c0008_016.jpg,543,7,-1,True,175,3100,0.03374943278733495,0.058004640371229696,1712,3017,0,0,0,0
1442,0543_c0008_017.jpg,543,7,-1,True,175,3100,0.03373188688627248,0.05798542080848244,1716,3018,0,0,0,0
1443,0543_c0008_018.jpg,543,7,-1,True,175,3100,0.033727709705971554,0.058004640371229696,1708,3017,0,0,0,0
1444,0543_c0008_019.jpg,543,7,-1,True,175,3100,0.03375152738660481,0.05798542080848244,1702,3018,0,0,0,0
1445,0543_c0008_020.jpg,543,7,-1,True,175,3100,0.033680001545501624,0.057947019867549666,1727,3020,0,0,0,0
1446,0543_c0008_021.jpg,543,7,-1,True,175,3100,0.03370180136434059,0.057947019867549666,1713,3020,0,0,0,0
1447,0543_c0008_022.jpg,543,7,-1,True,175,3100,0.03369321682317938,0.057947019867549666,1724,3020,0,0,0,0
1448,0543_c0008_023.jpg,543,7,-1,True,175,3100,0.03368238419722768,0.057947019867549666,1733,3020,0,0,0,0
1449,0543_c0008_024.jpg,543,7,-1,True,175,3100,0.033725059726345895,0.057966213978138455,1711,3019,0,0,0,0
1450,0549_c0001_000.jpg,549,0,-1,True,175,3100,0.38035448526063864,0.15047291487532244,1,1163,1,1,1,1
1451,0549_c0001_001.jpg,549,0,-1,True,175,3100,0.3815257695712111,0.15034364261168384,1,1164,1,1,1,1
1452,0549_c0001_002.jpg,549,0,-1,True,175,3100,0.38124246634288306,0.15021459227467812,1,1165,1,1,1,1
1453,0549_c0001_003.jpg,549,0,-1,True,175,3100,0.3822444907467615,0.15021459227467812,1,1165,1,1,1,1
1454,0549_c0001_004.jpg,549,0,-1,True,175,3100,0.3833475057990882,0.15021459227467812,1,1165,1,1,1,1
1455,0549_c0001_005.jpg,549,0,-1,True,175,3100,0.3802886576306527,0.14982876712328766,1,1168,1,1,1,1
1456,0549_c0001_006.jpg,549,0,-1,True,175,3100,0.3804131097759899,0.1497005988023952,1,1169,1,1,1,1
1457,0549_c0001_007.jpg,549,0,-1,True,175,3100,0.3818507918265057,0.15008576329331047,1,1166,1,1,1,1
1458,0549_c0001_008.jpg,549,0,-1,True,175,3100,0.37963709823114494,0.15021459227467812,1,1165,1,1,1,1
1459,0549_c0001_009.jpg,549,0,-1,True,175,3100,0.3805600191068546,0.1497005988023952,1,1169,1,1,1,1
1460,0549_c0001_010.jpg,549,0,-1,True,175,3100,0.37981072259553633,0.14944491887275832,1,1171,1,1,1,1
1461,0549_c0001_011.jpg,549,0,-1,True,175,3100,0.3803023983530027,0.15112262521588946,1,1158,1,1,1,1
1462,0549_c0001_012.jpg,549,0,-1,True,175,3100,0.3808042465227744,0.15177797051170858,1,1153,1,1,1,1
1463,0549_c0001_013.jpg,549,0,-1,True,175,3100,0.3810610825901892,0.15099223468507333,1,1159,1,1,1,1
1464,0549_c0001_014.jpg,549,0,-1,True,175,3100,0.3779162363893413,0.14995715509854327,1,1167,1,1,1,1
1465,0549_c0001_015.jpg,549,0,-1,True,175,3100,0.3791004336885226,0.15008576329331047,1,1166,1,1,1,1
1466,0549_c0001_016.jpg,549,0,-1,True,175,3100,0.37857350410453805,0.1507321274763135,1,1161,1,1,1,1
1467,0549_c0001_017.jpg,549,0,-1,True,175,3100,0.37976721797668567,0.15047291487532244,1,1163,1,1,1,1
1468,0549_c0001_018.jpg,549,0,-1,True,175,3100,0.3800310580124716,0.15008576329331047,1,1166,1,1,1,1
1469,0549_c0001_019.jpg,549,0,-1,True,175,3100,0.3792867014385241,0.1497005988023952,1,1169,1,1,1,1
1470,0549_c0001_020.jpg,549,0,-1,True,175,3100,0.3794963287779114,0.1507321274763135,1,1161,1,1,1,1
1471,0549_c0001_021.jpg,549,0,-1,True,175,3100,0.3804308009291515,0.1507321274763135,1,1161,1,1,1,1
1472,0549_c0001_022.jpg,549,0,-1,True,175,3100,0.3801252057142588,0.15086206896551724,1,1160,1,1,1,1
1473,0549_c0001_023.jpg,549,0,-1,True,175,3100,0.37950340024314155,0.15047291487532244,1,1163,1,1,1,1
1474,0549_c0001_024.jpg,549,0,-1,True,175,3100,0.3790885888252331,0.15086206896551724,1,1160,1,1,1,1
1475,0549_c0002_000.jpg,549,1,-1,True,175,3100,0.4004369695410689,0.15034364261168384,1,1164,1,1,1,1
1476,0549_c0002_001.jpg,549,1,-1,True,175,3100,0.39635518828182026,0.15086206896551724,1,1160,1,1,1,1
1477,0549_c0002_002.jpg,549,1,-1,True,175,3100,0.39714300689065274,0.14944491887275832,1,1171,1,1,1,1
1478,0549_c0002_003.jpg,549,1,-1,True,175,3100,0.3979986607261624,0.14919011082693948,1,1173,1,1,1,1
1479,0549_c0002_004.jpg,549,1,-1,True,175,3100,0.3980653739653881,0.14944491887275832,1,1171,1,1,1,1
1480,0549_c0002_005.jpg,549,1,-1,True,175,3100,0.39766853602861585,0.1493174061433447,1,1172,1,1,1,1
1481,0549_c0002_006.jpg,549,1,-1,True,175,3100,0.39756784791156774,0.14919011082693948,1,1173,1,1,1,1
1482,0549_c0002_007.jpg,549,1,-1,True,175,3100,0.40132837786385006,0.15060240963855423,1,1162,1,1,1,1
1483,0549_c0002_008.jpg,549,1,-1,True,175,3100,0.39872492722085584,0.15060240963855423,1,1162,1,1,1,1
1484,0549_c0002_009.jpg,549,1,-1,True,175,3100,0.3993948053196248,0.15164644714038128,1,1154,1,1,1,1
1485,0549_c0002_010.jpg,549,1,-1,True,175,3100,0.3970027553515865,0.15099223468507333,1,1159,1,1,1,1
1486,0549_c0002_011.jpg,549,1,-1,True,175,3100,0.39407045952296194,0.1512532411408816,1,1157,1,1,1,1
1487,0549_c0002_012.jpg,549,1,-1,True,175,3100,0.39222709081610696,0.1512532411408816,1,1157,1,1,1,1
1488,0549_c0002_013.jpg,549,1,-1,True,175,3100,0.39582898316425597,0.1513840830449827,1,1156,1,1,1,1
1489,0549_c0002_014.jpg,549,1,-1,True,175,3100,0.3960303969146609,0.15164644714038128,1,1154,1,1,1,1
1490,0549_c0002_015.jpg,549,1,-1,True,175,3100,0.3998907909893596,0.1519097222222222,1,1152,1,1,1,1
1491,0549_c0002_016.jpg,549,1,-1,True,175,3100,0.39887733398254505,0.1524390243902439,1,1148,1,1,1,1
1492,0549_c0002_017.jpg,549,1,-1,True,175,3100,0.39737833092920155,0.15217391304347827,1,1150,1,1,1,1
1493,0549_c0002_018.jpg,549,1,-1,True,175,3100,0.3975928375452127,0.15217391304347827,1,1150,1,1,1,1
1494,0549_c0002_019.jpg,549,1,-1,True,175,3100,0.3985102627180909,0.15151515151515152,1,1155,1,1,1,1
1495,0549_c0002_020.jpg,549,1,-1,True,175,3100,0.39913888948431075,0.15177797051170858,1,1153,1,1,1,1
1496,0549_c0002_021.jpg,549,1,-1,True,175,3100,0.3968717584343275,0.1519097222222222,1,1152,1,1,1,1
1497,0549_c0002_022.jpg,549,1,-1,True,175,3100,0.3953833548864803,0.1513840830449827,1,1156,1,1,1,1
1498,0549_c0002_023.jpg,549,1,-1,True,175,3100,0.3953649807095284,0.1512532411408816,1,1157,1,1,1,1
1499,0549_c0002_024.jpg,549,1,-1,True,175,3100,0.39580294801256993,0.15112262521588946,1,1158,1,1,1,1
1500,0549_c0003_000.jpg,549,2,-1,True,175,3100,0.21195044886527292,0.14957264957264957,20,1170,0,0,0,1
1501,0549_c0003_001.jpg,549,2,-1,True,175,3100,0.21265607106982848,0.15034364261168384,20,1164,0,0,0,1
1502,0549_c0003_002.jpg,549,2,-1,True,175,3100,0.2125972035732894,0.15034364261168384,19,1164,0,0,0,1
1503,0549_c0003_003.jpg,549,2,-1,True,175,3100,0.21135831172012673,0.15047291487532244,22,1163,0,0,0,0
1504,0549_c0003_004.jpg,549,2,-1,True,175,3100,0.2121920258617599,0.15047291487532244,21,1163,0,0,0,0
1505,0549_c0003_005.jpg,549,2,-1,True,175,3100,0.2115500940984714,0.1507321274763135,22,1161,0,0,0,0
1506,0549_c0003_006.jpg,549,2,-1,True,175,3100,0.21160549856264596,0.15047291487532244,22,1163,0,0,0,0
1507,0549_c0003_007.jpg,549,2,-1,True,175,3100,0.2119542651806816,0.15164644714038128,22,1154,0,0,0,0
1508,0549_c0003_008.jpg,549,2,-1,True,175,3100,0.21204884330489976,0.1513840830449827,22,1156,0,0,0,0
1509,0549_c0003_009.jpg,549,2,-1,True,175,3100,0.21188527612176042,0.1512532411408816,22,1157,0,0,0,0
1510,0549_c0003_010.jpg,549,2,-1,True,175,3100,0.21149512525881317,0.15164644714038128,22,1154,0,0,0,0
1511,0549_c0003_011.jpg,549,2,-1,True,175,3100,0.2127145939567848,0.1519097222222222,22,1152,0,0,0,0
1512,0549_c0003_012.jpg,549,2,-1,True,175,3100,0.21296212758103095,0.15177797051170858,22,1153,0,0,0,0
1513,0549_c0003_013.jpg,549,2,-1,True,175,3100,0.2141022632521855,0.1519097222222222,19,1152,0,0,0,1
1514,0549_c0003_014.jpg,549,2,-1,True,175,3100,0.2139949088735945,0.15164644714038128,18,1154,0,0,0,1
1515,0549_c0003_015.jpg,549,2,-1,True,175,3100,0.21396794754860488,0.15151515151515152,18,1155,0,0,0,1
1516,0549_c0003_016.jpg,549,2,-1,True,175,3100,0.2158376939638784,0.15177797051170858,15,1153,0,0,0,1
1517,0549_c0003_017.jpg,549,2,-1,True,175,3100,0.21613332792641432,0.1519097222222222,14,1152,0,0,0,1
1518,0549_c0003_018.jpg,549,2,-1,True,175,3100,0.21453458429619623,0.15177797051170858,18,1153,0,0,0,1
1519,0549_c0003_019.jpg,549,2,-1,True,175,3100,0.21480306330120796,0.1520417028670721,18,1151,0,0,0,1
1520,0549_c0003_020.jpg,549,2,-1,True,175,3100,0.21544470243275682,0.15164644714038128,18,1154,0,0,0,1
1521,0549_c0003_021.jpg,549,2,-1,True,175,3100,0.21469934639957755,0.15112262521588946,18,1158,0,0,0,1
1522,0549_c0003_022.jpg,549,2,-1,True,175,3100,0.2136451785965761,0.1513840830449827,19,1156,0,0,0,1
1523,0549_c0003_023.jpg,549,2,-1,True,175,3100,0.21463891640790644,0.1512532411408816,17,1157,0,0,0,1
1524,0549_c0003_024.jpg,549,2,-1,True,175,3100,0.2153985737648559,0.15034364261168384,12,1164,0,0,0,1
1525,0549_c0004_000.jpg,549,3,-1,True,175,3100,0.3834616436601501,0.15808491418247517,1,1107,1,1,1,1
1526,0549_c0004_001.jpg,549,3,-1,True,175,3100,0.38066614829034334,0.15822784810126583,1,1106,1,1,1,1
1527,0549_c0004_002.jpg,549,3,-1,True,175,3100,0.3821110753580167,0.15779981965734896,1,1109,1,1,1,1
1528,0549_c0004_003.jpg,549,3,-1,True,175,3100,0.38212741266102773,0.15751575157515751,1,1111,1,1,1,1
1529,0549_c0004_004.jpg,549,3,-1,True,175,3100,0.3831708259421238,0.15681003584229392,1,1116,1,1,1,1
1530,0549_c0004_005.jpg,549,3,-1,True,175,3100,0.3829599864060872,0.15751575157515751,1,1111,1,1,1,1
1531,0549_c0004_006.jpg,549,3,-1,True,175,3100,0.3833597875981398,0.1570915619389587,1,1114,1,1,1,1
1532,0549_c0004_007.jpg,549,3,-1,True,175,3100,0.3820617572624948,0.15638963360142985,1,1119,1,1,1,1
1533,0549_c0004_008.jpg,549,3,-1,True,175,3100,0.38113905464905046,0.1570915619389587,1,1114,1,1,1,1
1534,0549_c0004_009.jpg,549,3,-1,True,175,3100,0.3818951426585633,0.15695067264573992,1,1115,1,1,1,1
1535,0549_c0004_010.jpg,549,3,-1,True,175,3100,0.3812537803801248,0.1570915619389587,1,1114,1,1,1,1
1536,0549_c0004_011.jpg,549,3,-1,True,175,3100,0.3794908635621183,0.15695067264573992,1,1115,1,1,1,1
1537,0549_c0004_012.jpg,549,3,-1,True,175,3100,0.38116231604296386,0.1566696508504924,1,1117,1,1,1,1
1538,0549_c0004_013.jpg,549,3,-1,True,175,3100,0.37841564272797784,0.15681003584229392,1,1116,1,1,1,1
1539,0549_c0004_014.jpg,549,3,-1,True,175,3100,0.378435543348752,0.15681003584229392,1,1116,1,1,1,1
1540,0549_c0004_015.jpg,549,3,-1,True,175,3100,0.37934995275408806,0.15723270440251572,1,1113,1,1,1,1
1541,0549_c0004_016.jpg,549,3,-1,True,175,3100,0.3819729729536223,0.15737410071942445,1,1112,1,1,1,1
1542,0549_c0004_017.jpg,549,3,-1,True,175,3100,0.3840806497819653,0.15723270440251572,1,1113,1,1,1,1
1543,0549_c0004_018.jpg,549,3,-1,True,175,3100,0.3847453421531877,0.15695067264573992,1,1115,1,1,1,1
1544,0549_c0004_019.jpg,549,3,-1,True,175,3100,0.3825106307689196,0.15723270440251572,1,1113,1,1,1,1
1545,0549_c0004_020.jpg,549,3,-1,True,175,3100,0.38339093555054937,0.1570915619389587,1,1114,1,1,1,1
1546,0549_c0004_021.jpg,549,3,-1,True,175,3100,0.3808329860216181,0.15652951699463327,1,1118,1,1,1,1
1547,0549_c0004_022.jpg,549,3,-1,True,175,3100,0.38210278305293677,0.1566696508504924,1,1117,1,1,1,1
1548,0549_c0004_023.jpg,549,3,-1,True,175,3100,0.382086166798659,0.15737410071942445,1,1112,1,1,1,1
1549,0549_c0004_024.jpg,549,3,-1,True,175,3100,0.38259749694634265,0.15765765765765766,1,1110,1,1,1,1
1550,0549_c0005_000.jpg,549,4,-1,True,175,3100,0.2962148925545506,0.1290560471976401,1,1356,1,1,1,1
1551,0549_c0005_001.jpg,549,4,-1,True,175,3100,0.2954484030263909,0.12915129151291513,1,1355,1,1,1,1
1552,0549_c0005_002.jpg,549,4,-1,True,175,3100,0.29553287678104434,0.12953367875647667,1,1351,1,1,1,1
1553,0549_c0005_003.jpg,549,4,-1,True,175,3100,0.2946080168619772,0.12962962962962962,1,1350,1,1,1,1
1554,0549_c0005_004.jpg,549,4,-1,True,175,3100,0.2944204972976286,0.1298219584569733,1,1348,1,1,1,1
1555,0549_c0005_005.jpg,549,4,-1,True,175,3100,0.29558561197178035,0.12972572275759822,1,1349,1,1,1,1
1556,0549_c0005_006.jpg,549,4,-1,True,175,3100,0.2948828154605749,0.1298219584569733,1,1348,1,1,1,1
1557,0549_c0005_007.jpg,549,4,-1,True,175,3100,0.29371981747713255,0.12953367875647667,1,1351,1,1,1,1
1558,0549_c0005_008.jpg,549,4,-1,True,175,3100,0.29538266955510456,0.12896094325718496,1,1357,1,1,1,1
1559,0549_c0005_009.jpg,549,4,-1,True,175,3100,0.2945094146071198,0.1293422025129342,1,1353,1,1,1,1
1560,0549_c0005_010.jpg,549,4,-1,True,175,3100,0.29436876668301926,0.1300148588410104,1,1346,1,1,1,1
1561,0549_c0005_011.jpg,549,4,-1,True,175,3100,0.2949112841237401,0.13011152416356878,1,1345,1,1,1,1
1562,0549_c0005_012.jpg,549,4,-1,True,175,3100,0.29449714928311965,0.13069454817027631,1,1339,1,1,1,1
1563,0549_c0005_013.jpg,549,4,-1,True,175,3100,0.2953769063601956,0.1303052866716307,1,1343,1,1,1,1
1564,0549_c0005_014.jpg,549,4,-1,True,175,3100,0.2943976382442003,0.13089005235602094,1,1337,1,1,1,1
1565,0549_c0005_015.jpg,549,4,-1,True,175,3100,0.29468998819288483,0.12991833704528583,1,1347,1,1,1,1
1566,0549_c0005_016.jpg,549,4,-1,True,175,3100,0.2960389533199533,0.13059701492537312,1,1340,1,1,1,1
1567,0549_c0005_017.jpg,549,4,-1,True,175,3100,0.29621015468219397,0.12991833704528583,1,1347,1,1,1,1
1568,0549_c0005_018.jpg,549,4,-1,True,175,3100,0.2947557814420936,0.1293422025129342,1,1353,1,1,1,1
1569,0549_c0005_019.jpg,549,4,-1,True,175,3100,0.2946479302548892,0.1300148588410104,1,1346,1,1,1,1
1570,0549_c0005_020.jpg,549,4,-1,True,175,3100,0.2944197713481568,0.1292466765140325,1,1354,1,1,1,1
1571,0549_c0005_021.jpg,549,4,-1,True,175,3100,0.2947491294653372,0.1294378698224852,1,1352,1,1,1,1
1572,0549_c0005_022.jpg,549,4,-1,True,175,3100,0.2952555987727299,0.1293422025129342,1,1353,1,1,1,1
1573,0549_c0005_023.jpg,549,4,-1,True,175,3100,0.2962531768092042,0.12953367875647667,1,1351,1,1,1,1
1574,0549_c0005_024.jpg,549,4,-1,True,175,3100,0.2953639739822302,0.12915129151291513,1,1355,1,1,1,1
1575,0549_c0006_000.jpg,549,5,-1,True,175,3100,0.3585385005288731,0.16203703703703703,1,1080,1,1,1,1
1576,0549_c0006_001.jpg,549,5,-1,True,175,3100,0.36118605574097196,0.16114180478821363,1,1086,1,1,1,1
1577,0549_c0006_002.jpg,549,5,-1,True,175,3100,0.36222929810433785,0.16084558823529413,1,1088,1,1,1,1
1578,0549_c0006_003.jpg,549,5,-1,True,175,3100,0.3627573589056125,0.16069788797061524,1,1089,1,1,1,1
1579,0549_c0006_004.jpg,549,5,-1,True,175,3100,0.36055897802990117,0.16129032258064516,1,1085,1,1,1,1
1580,0549_c0006_005.jpg,549,5,-1,True,175,3100,0.36020704278500626,0.16084558823529413,1,1088,1,1,1,1
1581,0549_c0006_006.jpg,549,5,-1,True,175,3100,0.3641099272798278,0.16129032258064516,1,1085,1,1,1,1
1582,0549_c0006_007.jpg,549,5,-1,True,175,3100,0.36479682475066444,0.16129032258064516,1,1085,1,1,1,1
1583,0549_c0006_008.jpg,549,5,-1,True,175,3100,0.36425908517625616,0.16129032258064516,1,1085,1,1,1,1
1584,0549_c0006_009.jpg,549,5,-1,True,175,3100,0.3602486590739986,0.1615881809787627,1,1083,1,1,1,1
1585,0549_c0006_010.jpg,549,5,-1,True,175,3100,0.35986203783900705,0.16173752310536044,1,1082,1,1,1,1
1586,0549_c0006_011.jpg,549,5,-1,True,175,3100,0.360243090187701,0.16173752310536044,1,1082,1,1,1,1
1587,0549_c0006_012.jpg,549,5,-1,True,175,3100,0.3607343971271276,0.16143911439114392,1,1084,1,1,1,1
1588,0549_c0006_013.jpg,549,5,-1,True,175,3100,0.36257895580208727,0.16203703703703703,1,1080,1,1,1,1
1589,0549_c0006_014.jpg,549,5,-1,True,175,3100,0.3621785016427023,0.16173752310536044,1,1082,1,1,1,1
1590,0549_c0006_015.jpg,549,5,-1,True,175,3100,0.36316474116573433,0.1615881809787627,1,1083,1,1,1,1
1591,0549_c0006_016.jpg,549,5,-1,True,175,3100,0.36828831966926096,0.15967153284671534,1,1096,1,1,1,1
1592,0549_c0006_017.jpg,549,5,-1,True,175,3100,0.36663286035950626,0.15967153284671534,1,1096,1,1,1,1
1593,0549_c0006_018.jpg,549,5,-1,True,175,3100,0.3653079286598436,0.15952597994530537,1,1097,1,1,1,1
1594,0549_c0006_019.jpg,549,5,-1,True,175,3100,0.36505965099395554,0.15967153284671534,1,1096,1,1,1,1
1595,0549_c0006_020.jpg,549,5,-1,True,175,3100,0.366707275025408,0.16025641025641027,1,1092,1,1,1,1
1596,0549_c0006_021.jpg,549,5,-1,True,175,3100,0.3669689724004975,0.16025641025641027,1,1092,1,1,1,1
1597,0549_c0006_022.jpg,549,5,-1,True,175,3100,0.3632492475954671,0.16010978956999086,1,1093,1,1,1,1
1598,0549_c0006_023.jpg,549,5,-1,True,175,3100,0.3652871838035569,0.1604032997250229,1,1091,1,1,1,1
1599,0549_c0006_024.jpg,549,5,-1,True,175,3100,0.3655998948485702,0.1604032997250229,1,1091,1,1,1,1
1600,0549_c0007_000.jpg,549,6,-1,True,175,3100,0.4392110301095371,0.16248839368616527,1,1077,1,1,1,1
1601,0549_c0007_001.jpg,549,6,-1,True,175,3100,0.4397805070417418,0.16248839368616527,1,1077,1,1,1,1
1602,0549_c0007_002.jpg,549,6,-1,True,175,3100,0.43810986418444386,0.16233766233766234,1,1078,1,1,1,1
1603,0549_c0007_003.jpg,549,6,-1,True,175,3100,0.4410262930664237,0.16203703703703703,1,1080,1,1,1,1
1604,0549_c0007_004.jpg,549,6,-1,True,175,3100,0.43836150847931754,0.16188714153561518,1,1081,1,1,1,1
1605,0549_c0007_005.jpg,549,6,-1,True,175,3100,0.4381109045470821,0.1609935602575897,1,1087,1,1,1,1
1606,0549_c0007_006.jpg,549,6,-1,True,175,3100,0.43444894481142454,0.16143911439114392,1,1084,1,1,1,1
1607,0549_c0007_007.jpg,549,6,-1,True,175,3100,0.43360505463552906,0.16129032258064516,1,1085,1,1,1,1
1608,0549_c0007_008.jpg,549,6,-1,True,175,3100,0.4336188329433865,0.16143911439114392,1,1084,1,1,1,1
1609,0549_c0007_009.jpg,549,6,-1,True,175,3100,0.43451248615308996,0.16114180478821363,1,1086,1,1,1,1
1610,0549_c0007_010.jpg,549,6,-1,True,175,3100,0.4345722996499545,0.1615881809787627,1,1083,1,1,1,1
1611,0549_c0007_011.jpg,549,6,-1,True,175,3100,0.4335133207681042,0.16173752310536044,1,1082,1,1,1,1
1612,0549_c0007_012.jpg,549,6,-1,True,175,3100,0.43737317666863346,0.16129032258064516,1,1085,1,1,1,1
1613,0549_c0007_013.jpg,549,6,-1,True,175,3100,0.4382268628602526,0.16188714153561518,1,1081,1,1,1,1
1614,0549_c0007_014.jpg,549,6,-1,True,175,3100,0.4346860829584718,0.16233766233766234,1,1078,1,1,1,1
1615,0549_c0007_015.jpg,549,6,-1,True,175,3100,0.4373290190602299,0.1615881809787627,1,1083,1,1,1,1
1616,0549_c0007_016.jpg,549,6,-1,True,175,3100,0.4402077806850846,0.16263940520446096,1,1076,1,1,1,1
1617,0549_c0007_017.jpg,549,6,-1,True,175,3100,0.44066098860089586,0.16233766233766234,1,1078,1,1,1,1
1618,0549_c0007_018.jpg,549,6,-1,True,175,3100,0.439999769638849,0.16218721037998146,1,1079,1,1,1,1
1619,0549_c0007_019.jpg,549,6,-1,True,175,3100,0.4413393634606347,0.16263940520446096,1,1076,1,1,1,1
1620,0549_c0007_020.jpg,549,6,-1,True,175,3100,0.43899518431001494,0.16248839368616527,1,1077,1,1,1,1
1621,0549_c0007_021.jpg,549,6,-1,True,175,3100,0.4411878483761107,0.1615881809787627,1,1083,1,1,1,1
1622,0549_c0007_022.jpg,549,6,-1,True,175,3100,0.44190330414738954,0.16263940520446096,1,1076,1,1,1,1
1623,0549_c0007_023.jpg,549,6,-1,True,175,3100,0.44246421198990343,0.16248839368616527,1,1077,1,1,1,1
1624,0549_c0007_024.jpg,549,6,-1,True,175,3100,0.4440187775902014,0.16188714153561518,1,1081,1,1,1,1
1625,0549_c0008_000.jpg,549,7,-1,True,175,3100,0.41041596272840414,0.21033653846153846,1,832,1,1,1,1
1626,0549_c0008_001.jpg,549,7,-1,True,175,3100,0.41126502356072714,0.21058965102286403,1,831,1,1,1,1
1627,0549_c0008_002.jpg,549,7,-1,True,175,3100,0.41252802420091444,0.20983213429256595,1,834,1,1,1,1
1628,0549_c0008_003.jpg,549,7,-1,True,175,3100,0.41151789629016855,0.20983213429256595,1,834,1,1,1,1
1629,0549_c0008_004.jpg,549,7,-1,True,175,3100,0.4122914080193388,0.21008403361344538,1,833,1,1,1,1
1630,0549_c0008_005.jpg,549,7,-1,True,175,3100,0.41217818835757564,0.20958083832335328,1,835,1,1,1,1
1631,0549_c0008_006.jpg,549,7,-1,True,175,3100,0.4117003737696996,0.21058965102286403,1,831,1,1,1,1
1632,0549_c0008_007.jpg,549,7,-1,True,175,3100,0.41407031077920536,0.211864406779661,1,826,1,1,1,1
1633,0549_c0008_008.jpg,549,7,-1,True,175,3100,0.41325624806185124,0.21109770808202655,1,829,1,1,1,1
1634,0549_c0008_009.jpg,549,7,-1,True,175,3100,0.41158929126732013,0.211864406779661,1,826,1,1,1,1
1635,0549_c0008_010.jpg,549,7,-1,True,175,3100,0.41284406578534655,0.21212121212121213,1,825,1,1,1,1
1636,0549_c0008_011.jpg,549,7,-1,True,175,3100,0.4118389165320211,0.211864406779661,1,826,1,1,1,1
1637,0549_c0008_012.jpg,549,7,-1,True,175,3100,0.4114168525400265,0.21109770808202655,1,829,1,1,1,1
1638,0549_c0008_013.jpg,549,7,-1,True,175,3100,0.4090887555451519,0.21058965102286403,1,831,1,1,1,1
1639,0549_c0008_014.jpg,549,7,-1,True,175,3100,0.4094153233021128,0.21008403361344538,1,833,1,1,1,1
1640,0549_c0008_015.jpg,549,7,-1,True,175,3100,0.4089539114455966,0.2113526570048309,1,828,1,1,1,1
1641,0549_c0008_016.jpg,549,7,-1,True,175,3100,0.408870808160079,0.21008403361344538,1,833,1,1,1,1
1642,0549_c0008_017.jpg,549,7,-1,True,175,3100,0.4087997101955753,0.21008403361344538,1,833,1,1,1,1
1643,0549_c0008_018.jpg,549,7,-1,True,175,3100,0.4089090440361437,0.21033653846153846,1,832,1,1,1,1
1644,0549_c0008_019.jpg,549,7,-1,True,175,3100,0.4059435992908324,0.21008403361344538,1,833,1,1,1,1
1645,0549_c0008_020.jpg,549,7,-1,True,175,3100,0.40081660865273533,0.211864406779661,1,826,1,1,1,1
1646,0549_c0008_021.jpg,549,7,-1,True,175,3100,0.4024026564150393,0.21237864077669902,1,824,1,1,1,1
1647,0549_c0008_022.jpg,549,7,-1,True,175,3100,0.40302183396288344,0.2113526570048309,1,828,1,1,1,1
1648,0549_c0008_023.jpg,549,7,-1,True,175,3100,0.4046412521810529,0.21109770808202655,1,829,1,1,1,1
1649,0549_c0008_024.jpg,549,7,-1,True,175,3100,0.4021853706756364,0.211864406779661,1,826,1,1,1,1
1650,0555_c0001_000.jpg,555,0,-1,True,75,3100,0.03654842769071673,0.040983606557377046,572,1830,0,0,0,0
1651,0555_c0001_001.jpg,555,0,-1,True,75,3100,0.03650097723007688,0.040983606557377046,576,1830,0,0,0,0
1652,0555_c0001_002.jpg,555,0,-1,True,75,3100,0.03656577209338032,0.041050903119868636,574,1827,0,0,0,0
1653,0555_c0001_003.jpg,555,0,-1,True,75,3100,0.036508241834012516,0.041413583655438985,576,1811,0,0,0,0
1654,0555_c0001_004.jpg,555,0,-1,True,75,3100,0.03654210062425802,0.041254125412541254,576,1818,0,0,0,0
1655,0555_c0001_005.jpg,555,0,-1,True,75,3100,0.03655542399675015,0.041345093715545754,575,1814,0,0,0,0
1656,0555_c0001_006.jpg,555,0,-1,True,75,3100,0.03650457027637896,0.041254125412541254,578,1818,0,0,0,0
1657,0555_c0001_007.jpg,555,0,-1,True,75,3100,0.03651836253092397,0.04127682993946065,576,1817,0,0,0,0
1658,0555_c0001_008.jpg,555,0,-1,True,75,3100,0.03653102090904993,0.04114097641250686,574,1823,0,0,0,0
1659,0555_c0001_009.jpg,555,0,-1,True,75,3100,0.03652691520885743,0.04084967320261438,574,1836,0,0,0,0
1660,0555_c0001_010.jpg,555,0,-1,True,75,3100,0.036507840798795085,0.041050903119868636,575,1827,0,0,0,0
1661,0555_c0001_011.jpg,555,0,-1,True,75,3100,0.036521418061300326,0.0409612233752048,575,1831,0,0,0,0
1662,0555_c0001_012.jpg,555,0,-1,True,75,3100,0.03655681339409585,0.04093886462882096,573,1832,0,0,0,0
1663,0555_c0001_013.jpg,555,0,-1,True,75,3100,0.036622096264861285,0.0409612233752048,571,1831,0,0,0,0
1664,0555_c0001_014.jpg,555,0,-1,True,75,3100,0.036599705898053995,0.040783034257748776,568,1839,0,0,0,0
1665,0555_c0001_015.jpg,555,0,-1,True,75,3100,0.03660512792644185,0.04073872895165671,566,1841,0,0,0,0
1666,0555_c0001_016.jpg,555,0,-1,True,75,3100,0.03658584279593859,0.0409612233752048,572,1831,0,0,0,0
1667,0555_c0001_017.jpg,555,0,-1,True,75,3100,0.03659005606401617,0.04084967320261438,568,1836,0,0,0,0
1668,0555_c0001_018.jpg,555,0,-1,True,75,3100,0.03656655961861722,0.04084967320261438,570,1836,0,0,0,0
1669,0555_c0001_019.jpg,555,0,-1,True,75,3100,0.03655916498034142,0.041028446389496716,573,1828,0,0,0,0
1670,0555_c0001_020.jpg,555,0,-1,True,75,3100,0.03658702565048788,0.04087193460490463,570,1835,0,0,0,0
1671,0555_c0001_021.jpg,555,0,-1,True,75,3100,0.03659925772845311,0.04100601421541826,572,1829,0,0,0,0
1672,0555_c0001_022.jpg,555,0,-1,True,75,3100,0.036614570917696786,0.04087193460490463,570,1835,0,0,0,0
1673,0555_c0001_023.jpg,555,0,-1,True,75,3100,0.03660847209470633,0.04107338444687842,572,1826,0,0,0,0
1674,0555_c0001_024.jpg,555,0,-1,True,75,3100,0.03662266493574624,0.04111842105263158,572,1824,0,0,0,0
1675,0555_c0002_000.jpg,555,1,-1,True,75,3100,0.035375689201194896,0.04225352112676056,601,1775,0,0,0,0
1676,0555_c0002_001.jpg,555,1,-1,True,75,3100,0.035369827961689505,0.0423968343697004,605,1769,0,0,0,0
1677,0555_c0002_002.jpg,555,1,-1,True,75,3100,0.03541123124762907,0.04242081447963801,605,1768,0,0,0,0
1678,0555_c0002_003.jpg,555,1,-1,True,75,3100,0.03538883864027827,0.042348955392433656,601,1771,0,0,0,0
1679,0555_c0002_004.jpg,555,1,-1,True,75,3100,0.03577130885194694,0.04293073840870063,592,1747,0,0,0,0
1680,0555_c0002_005.jpg,555,1,-1,True,75,3100,0.03568099191487392,0.042710706150341685,589,1756,0,0,0,0
1681,0555_c0002_006.jpg,555,1,-1,True,75,3100,0.0356399516704945,0.042444821731748725,591,1767,0,0,0,0
1682,0555_c0002_007.jpg,555,1,-1,True,75,3100,0.03548936052409088,0.04225352112676056,596,1775,0,0,0,0
1683,0555_c0002_008.jpg,555,1,-1,True,75,3100,0.035554169380603795,0.042735042735042736,604,1755,0,0,0,0
1684,0555_c0002_009.jpg,555,1,-1,True,75,3100,0.03554535176669347,0.04232505643340858,601,1772,0,0,0,0
1685,0555_c0002_010.jpg,555,1,-1,True,75,3100,0.035414440239623125,0.04222972972972973,606,1776,0,0,0,0
1686,0555_c0002_011.jpg,555,1,-1,True,75,3100,0.035642696421315734,0.042686397268070574,592,1757,0,0,0,0
1687,0555_c0002_012.jpg,555,1,-1,True,75,3100,0.035445569111353804,0.04232505643340858,603,1772,0,0,0,0
1688,0555_c0002_013.jpg,555,1,-1,True,75,3100,0.035517292772927846,0.042444821731748725,596,1767,0,0,0,0
1689,0555_c0002_014.jpg,555,1,-1,True,75,3100,0.03558460936638687,0.04280821917808219,598,1752,0,0,0,0
1690,0555_c0002_015.jpg,555,1,-1,True,75,3100,0.03564907788142659,0.042759407069555305,597,1754,0,0,0,0
1691,0555_c0002_016.jpg,555,1,-1,True,75,3100,0.03570846788506933,0.04283266704740148,594,1751,0,0,0,0
1692,0555_c0002_017.jpg,555,1,-1,True,75,3100,0.03562408052331332,0.04278379920136908,596,1753,0,0,0,0
1693,0555_c0002_018.jpg,555,1,-1,True,75,3100,0.03550599482403189,0.04251700680272109,604,1764,0,0,0,0
1694,0555_c0002_019.jpg,555,1,-1,True,75,3100,0.035507290571825896,0.04251700680272109,598,1764,0,0,0,0
1695,0555_c0002_020.jpg,555,1,-1,True,75,3100,0.03549319495995371,0.04285714285714286,606,1750,0,0,0,0
1696,0555_c0002_021.jpg,555,1,-1,True,75,3100,0.03543074008080505,0.042686397268070574,608,1757,0,0,0,0
1697,0555_c0002_022.jpg,555,1,-1,True,75,3100,0.035591864892957244,0.04280821917808219,600,1752,0,0,0,0
1698,0555_c0002_023.jpg,555,1,-1,True,75,3100,0.03565280356466506,0.04290617848970252,600,1748,0,0,0,0
1699,0555_c0002_024.jpg,555,1,-1,True,75,3100,0.035386794616267994,0.04256526674233825,607,1762,0,0,0,0
1700,0555_c0005_000.jpg,555,4,-1,True,75,3100,0.0451434074525061,0.06874427131072411,622,1091,0,0,0,0
1701,0555_c0005_001.jpg,555,4,-1,True,75,3100,0.045194156052508046,0.06880733944954129,623,1090,0,0,0,0
1702,0555_c0005_002.jpg,555,4,-1,True,75,3100,0.04496830102512114,0.06887052341597796,626,1089,0,0,0,0
1703,0555_c0005_003.jpg,555,4,-1,True,75,3100,0.04501995411605779,0.06880733944954129,626,1090,0,0,0,0
1704,0555_c0005_004.jpg,555,4,-1,True,75,3100,0.04465870762668469,0.06818181818181818,630,1100,0,0,0,0
1705,0555_c0005_005.jpg,555,4,-1,True,75,3100,0.044906223582548005,0.06843065693430657,626,1096,0,0,0,0
1706,0555_c0005_006.jpg,555,4,-1,True,75,3100,0.04504673735315574,0.06880733944954129,626,1090,0,0,0,0
1707,0555_c0005_007.jpg,555,4,-1,True,75,3100,0.0449476482945358,0.06843065693430657,628,1096,0,0,0,0
1708,0555_c0005_008.jpg,555,4,-1,True,75,3100,0.04487527342675791,0.06824385805277525,627,1099,0,0,0,0
1709,0555_c0005_009.jpg,555,4,-1,True,75,3100,0.045020473338460154,0.06836827711941659,626,1097,0,0,0,0
1710,0555_c0005_010.jpg,555,4,-1,True,75,3100,0.04495188409820761,0.06818181818181818,622,1100,0,0,0,0
1711,0555_c0005_011.jpg,555,4,-1,True,75,3100,0.04483420295443116,0.06799637352674524,626,1103,0,0,0,0
1712,0555_c0005_012.jpg,555,4,-1,True,75,3100,0.04505083206831781,0.06868131868131869,624,1092,0,0,0,0
1713,0555_c0005_013.jpg,555,4,-1,True,75,3100,0.044902231381978464,0.0686184812442818,627,1093,0,0,0,0
1714,0555_c0005_014.jpg,555,4,-1,True,75,3100,0.044997036101508445,0.06880733944954129,627,1090,0,0,0,0
1715,0555_c0005_015.jpg,555,4,-1,True,75,3100,0.04501294195494281,0.06843065693430657,625,1096,0,0,0,0
1716,0555_c0005_016.jpg,555,4,-1,True,75,3100,0.044991753703757104,0.06874427131072411,624,1091,0,0,0,0
1717,0555_c0005_017.jpg,555,4,-1,True,75,3100,0.0450761723037135,0.06874427131072411,624,1091,0,0,0,0
1718,0555_c0005_018.jpg,555,4,-1,True,75,3100,0.04496196768604916,0.06868131868131869,626,1092,0,0,0,0
1719,0555_c0005_019.jpg,555,4,-1,True,75,3100,0.044939643876169326,0.06793478260869565,624,1104,0,0,0,0
1720,0555_c0005_020.jpg,555,4,-1,True,75,3100,0.04521951078034969,0.06887052341597796,622,1089,0,0,0,0
1721,0555_c0005_021.jpg,555,4,-1,True,75,3100,0.04521239062773342,0.06899724011039558,623,1087,0,0,0,0
1722,0555_c0005_022.jpg,555,4,-1,True,75,3100,0.045224826170418994,0.06963788300835655,622,1077,0,0,0,0
1723,0555_c0005_023.jpg,555,4,-1,True,75,3100,0.04531594702332499,0.06957328385899815,622,1078,0,0,0,0
1724,0555_c0005_024.jpg,555,4,-1,True,75,3100,0.045263748288769466,0.06925207756232687,622,1083,0,0,0,0
1725,0555_c0006_000.jpg,555,5,-1,True,75,3100,0.03701251757662856,0.044589774078478,595,1682,0,0,0,0
1726,0555_c0006_001.jpg,555,5,-1,True,75,3100,0.037057188509598785,0.044722719141323794,597,1677,0,0,0,0
1727,0555_c0006_002.jpg,555,5,-1,True,75,3100,0.03705092240880703,0.04488330341113106,601,1671,0,0,0,0
1728,0555_c0006_003.jpg,555,5,-1,True,75,3100,0.03701895060771513,0.044722719141323794,598,1677,0,0,0,0
1729,0555_c0006_004.jpg,555,5,-1,True,75,3100,0.03703939172425884,0.044616299821534804,595,1681,0,0,0,0
1730,0555_c0006_005.jpg,555,5,-1,True,75,3100,0.037032668611848125,0.04453681710213777,596,1684,0,0,0,0
1731,0555_c0006_006.jpg,555,5,-1,True,75,3100,0.037109110458659125,0.04469606674612634,594,1678,0,0,0,0
1732,0555_c0006_007.jpg,555,5,-1,True,75,3100,0.0371292617865524,0.044722719141323794,596,1677,0,0,0,0
1733,0555_c0006_008.jpg,555,5,-1,True,75,3100,0.03712281947564128,0.04469606674612634,597,1678,0,0,0,0
1734,0555_c0006_009.jpg,555,5,-1,True,75,3100,0.03708591198627291,0.04469606674612634,599,1678,0,0,0,0
1735,0555_c0006_010.jpg,555,5,-1,True,75,3100,0.03707464734707107,0.044722719141323794,596,1677,0,0,0,0
1736,0555_c0006_011.jpg,555,5,-1,True,75,3100,0.0370908493048396,0.044722719141323794,600,1677,0,0,0,0
1737,0555_c0006_012.jpg,555,5,-1,True,75,3100,0.03715971095225246,0.04534461910519952,605,1654,0,0,0,0
1738,0555_c0006_013.jpg,555,5,-1,True,75,3100,0.0371352053368058,0.044964028776978415,603,1668,0,0,0,0
1739,0555_c0006_014.jpg,555,5,-1,True,75,3100,0.03722365398875518,0.04499100179964007,597,1667,0,0,0,0
1740,0555_c0006_015.jpg,555,5,-1,True,75,3100,0.0372197488453059,0.04493708807669263,600,1669,0,0,0,0
1741,0555_c0006_016.jpg,555,5,-1,True,75,3100,0.03722105876183898,0.04488330341113106,597,1671,0,0,0,0
1742,0555_c0006_017.jpg,555,5,-1,True,75,3100,0.03716348521957821,0.04485645933014354,603,1672,0,0,0,0
1743,0555_c0006_018.jpg,555,5,-1,True,75,3100,0.03722869252371056,0.04491017964071856,600,1670,0,0,0,0
1744,0555_c0006_019.jpg,555,5,-1,True,75,3100,0.03720994698103732,0.044964028776978415,600,1668,0,0,0,0
1745,0555_c0006_020.jpg,555,5,-1,True,75,3100,0.037086982384792196,0.04477611940298507,603,1675,0,0,0,0
1746,0555_c0006_021.jpg,555,5,-1,True,75,3100,0.03707756343668045,0.04499100179964007,607,1667,0,0,0,0
1747,0555_c0006_022.jpg,555,5,-1,True,75,3100,0.037050708203582514,0.04515352197471403,607,1661,0,0,0,0
1748,0555_c0006_023.jpg,555,5,-1,True,75,3100,0.03703885511107826,0.04504504504504504,607,1665,0,0,0,0
1749,0555_c0006_024.jpg,555,5,-1,True,75,3100,0.03712366780727327,0.045262522631261314,606,1657,0,0,0,0
1750,0561_c0001_000.jpg,561,0,-1,True,175,3100,0.03206614375628279,0.05652454780361757,1375,3096,0,0,0,0
1751,0561_c0001_001.jpg,561,0,-1,True,175,3100,0.03206781702546151,0.05652454780361757,1374,3096,0,0,0,0
1752,0561_c0001_002.jpg,561,0,-1,True,175,3100,0.03206419517352883,0.05652454780361757,1374,3096,0,0,0,0
1753,0561_c0001_003.jpg,561,0,-1,True,175,3100,0.0320584804491024,0.05652454780361757,1372,3096,0,0,0,0
1754,0561_c0001_004.jpg,561,0,-1,True,175,3100,0.03206106131689205,0.05652454780361757,1373,3096,0,0,0,0
1755,0561_c0001_005.jpg,561,0,-1,True,175,3100,0.032051451790789026,0.05652454780361757,1373,3096,0,0,0,0
1756,0561_c0001_006.jpg,561,0,-1,True,175,3100,0.03205945745136506,0.05652454780361757,1373,3096,0,0,0,0
1757,0561_c0001_007.jpg,561,0,-1,True,175,3100,0.0320585398467521,0.05652454780361757,1375,3096,0,0,0,0
1758,0561_c0001_008.jpg,561,0,-1,True,175,3100,0.03205077498375847,0.05652454780361757,1375,3096,0,0,0,0
1759,0561_c0001_009.jpg,561,0,-1,True,175,3100,0.032063040019911865,0.05652454780361757,1376,3096,0,0,0,0
1760,0561_c0001_010.jpg,561,0,-1,True,175,3100,0.032070705916763524,0.05652454780361757,1377,3096,0,0,0,0
1761,0561_c0001_011.jpg,561,0,-1,True,175,3100,0.03207666347831468,0.05652454780361757,1376,3096,0,0,0,0
1762,0561_c0001_012.jpg,561,0,-1,True,175,3100,0.03205904443313236,0.05652454780361757,1377,3096,0,0,0,0
1763,0561_c0001_013.jpg,561,0,-1,True,175,3100,0.032053152902022396,0.05652454780361757,1378,3096,0,0,0,0
1764,0561_c0001_014.jpg,561,0,-1,True,175,3100,0.03204795093021085,0.05652454780361757,1380,3096,0,0,0,0
1765,0561_c0001_015.jpg,561,0,-1,True,175,3100,0.03204262291830785,0.05652454780361757,1379,3096,0,0,0,0
1766,0561_c0001_016.jpg,561,0,-1,True,175,3100,0.03203481250372729,0.05652454780361757,1376,3096,0,0,0,0
1767,0561_c0001_017.jpg,561,0,-1,True,175,3100,0.032039722726634315,0.05652454780361757,1378,3096,0,0,0,0
1768,0561_c0001_018.jpg,561,0,-1,True,175,3100,0.032001233668102216,0.05652454780361757,1382,3096,0,0,0,0
1769,0561_c0001_019.jpg,561,0,-1,True,175,3100,0.03201769732556926,0.05652454780361757,1380,3096,0,0,0,0
1770,0561_c0001_020.jpg,561,0,-1,True,175,3100,0.0320287966458431,0.05652454780361757,1377,3096,0,0,0,0
1771,0561_c0001_021.jpg,561,0,-1,True,175,3100,0.03201490152329529,0.05652454780361757,1381,3096,0,0,0,0
1772,0561_c0001_022.jpg,561,0,-1,True,175,3100,0.03204084400421756,0.05652454780361757,1376,3096,0,0,0,0
1773,0561_c0001_023.jpg,561,0,-1,True,175,3100,0.032043319266800895,0.05652454780361757,1376,3096,0,0,0,0
1774,0561_c0001_024.jpg,561,0,-1,True,175,3100,0.03203598206310931,0.05652454780361757,1372,3096,0,0,0,0
1775,0561_c0002_000.jpg,561,1,-1,True,175,3100,0.0314377883389399,0.05652454780361757,2029,3096,0,0,0,0
1776,0561_c0002_001.jpg,561,1,-1,True,175,3100,0.031408627040500715,0.05652454780361757,2036,3096,0,0,0,0
1777,0561_c0002_002.jpg,561,1,-1,True,175,3100,0.03141570288097973,0.05652454780361757,2036,3096,0,0,0,0
1778,0561_c0002_003.jpg,561,1,-1,True,175,3100,0.031385788802171216,0.05652454780361757,2034,3096,0,0,0,0
1779,0561_c0002_004.jpg,561,1,-1,True,175,3100,0.03141687431608244,0.05652454780361757,2030,3096,0,0,0,0
1780,0561_c0002_005.jpg,561,1,-1,True,175,3100,0.031404924688695886,0.05652454780361757,2034,3096,0,0,0,0
1781,0561_c0002_006.jpg,561,1,-1,True,175,3100,0.03137170254196557,0.056506296415886344,2030,3097,0,0,0,0
1782,0561_c0002_007.jpg,561,1,-1,True,175,3100,0.03137014799637437,0.056506296415886344,2032,3097,0,0,0,0
1783,0561_c0002_008.jpg,561,1,-1,True,175,3100,0.03137602505414075,0.056506296415886344,2033,3097,0,0,0,0
1784,0561_c0002_009.jpg,561,1,-1,True,175,3100,0.03135896493691554,0.056506296415886344,2038,3097,0,0,0,0
1785,0561_c0002_010.jpg,561,1,-1,True,175,3100,0.03138890361507393,0.05652454780361757,2032,3096,0,0,0,0
1786,0561_c0002_011.jpg,561,1,-1,True,175,3100,0.03140027702307394,0.05652454780361757,2032,3096,0,0,0,0
1787,0561_c0002_012.jpg,561,1,-1,True,175,3100,0.03139887136418303,0.05652454780361757,2032,3096,0,0,0,0
1788,0561_c0002_013.jpg,561,1,-1,True,175,3100,0.03140480090891246,0.05652454780361757,2032,3096,0,0,0,0
1789,0561_c0002_014.jpg,561,1,-1,True,175,3100,0.031406788223130686,0.05652454780361757,2029,3096,0,0,0,0
1790,0561_c0002_015.jpg,561,1,-1,True,175,3100,0.031428949480982196,0.05652454780361757,2030,3096,0,0,0,0
1791,0561_c0002_016.jpg,561,1,-1,True,175,3100,0.03139987952639413,0.05652454780361757,2037,3096,0,0,0,0
1792,0561_c0002_017.jpg,561,1,-1,True,175,3100,0.03140650832668547,0.05652454780361757,2039,3096,0,0,0,0
1793,0561_c0002_018.jpg,561,1,-1,True,175,3100,0.03140200006669679,0.05652454780361757,2040,3096,0,0,0,0
1794,0561_c0002_019.jpg,561,1,-1,True,175,3100,0.03141444817425061,0.05652454780361757,2036,3096,0,0,0,0
1795,0561_c0002_020.jpg,561,1,-1,True,175,3100,0.031414857165898195,0.05652454780361757,2036,3096,0,0,0,0
1796,0561_c0002_021.jpg,561,1,-1,True,175,3100,0.031474669702045203,0.05652454780361757,2028,3096,0,0,0,0
1797,0561_c0002_022.jpg,561,1,-1,True,175,3100,0.031454020862196404,0.05652454780361757,2031,3096,0,0,0,0
1798,0561_c0002_023.jpg,561,1,-1,True,175,3100,0.03147251484874849,0.05652454780361757,2032,3096,0,0,0,0
1799,0561_c0002_024.jpg,561,1,-1,True,175,3100,0.03143916292926597,0.05652454780361757,2033,3096,0,0,0,0
1800,0561_c0003_000.jpg,561,2,-1,True,175,3100,0.03201437498765249,0.056506296415886344,1313,3097,0,0,0,0
1801,0561_c0003_001.jpg,561,2,-1,True,175,3100,0.03200837506236096,0.056506296415886344,1313,3097,0,0,0,0
1802,0561_c0003_002.jpg,561,2,-1,True,175,3100,0.032007180691742014,0.056506296415886344,1310,3097,0,0,0,0
1803,0561_c0003_003.jpg,561,2,-1,True,175,3100,0.03202579619519636,0.056506296415886344,1310,3097,0,0,0,0
1804,0561_c0003_004.jpg,561,2,-1,True,175,3100,0.0320025945866522,0.056506296415886344,1316,3097,0,0,0,0
1805,0561_c0003_005.jpg,561,2,-1,True,175,3100,0.0320088869816731,0.056506296415886344,1316,3097,0,0,0,0
1806,0561_c0003_006.jpg,561,2,-1,True,175,3100,0.0320030896310142,0.056506296415886344,1309,3097,0,0,0,0
1807,0561_c0003_007.jpg,561,2,-1,True,175,3100,0.03201378209686828,0.056506296415886344,1316,3097,0,0,0,0
1808,0561_c0003_008.jpg,561,2,-1,True,175,3100,0.03202904705738399,0.056506296415886344,1314,3097,0,0,0,0
1809,0561_c0003_009.jpg,561,2,-1,True,175,3100,0.032038770134387315,0.056506296415886344,1307,3097,0,0,0,0
1810,0561_c0003_010.jpg,561,2,-1,True,175,3100,0.03200709650110135,0.056506296415886344,1321,3097,0,0,0,0
1811,0561_c0003_011.jpg,561,2,-1,True,175,3100,0.03200418002800089,0.056506296415886344,1317,3097,0,0,0,0
1812,0561_c0003_012.jpg,561,2,-1,True,175,3100,0.0319925326888349,0.056506296415886344,1323,3097,0,0,0,0
1813,0561_c0003_013.jpg,561,2,-1,True,175,3100,0.03201952156509809,0.056506296415886344,1319,3097,0,0,0,0
1814,0561_c0003_014.jpg,561,2,-1,True,175,3100,0.031995973730462944,0.056506296415886344,1315,3097,0,0,0,0
1815,0561_c0003_015.jpg,561,2,-1,True,175,3100,0.03200022236362961,0.056506296415886344,1317,3097,0,0,0,0
1816,0561_c0003_016.jpg,561,2,-1,True,175,3100,0.03199179496697999,0.056506296415886344,1321,3097,0,0,0,0
1817,0561_c0003_017.jpg,561,2,-1,True,175,3100,0.03197409564998071,0.056506296415886344,1320,3097,0,0,0,0
1818,0561_c0003_018.jpg,561,2,-1,True,175,3100,0.031990751786045706,0.056506296415886344,1321,3097,0,0,0,0
1819,0561_c0003_019.jpg,561,2,-1,True,175,3100,0.03199194638006866,0.056506296415886344,1321,3097,0,0,0,0
1820,0561_c0003_020.jpg,561,2,-1,True,175,3100,0.03197998959585259,0.056506296415886344,1324,3097,0,0,0,0
1821,0561_c0003_021.jpg,561,2,-1,True,175,3100,0.031987439400924314,0.056506296415886344,1320,3097,0,0,0,0
1822,0561_c0003_022.jpg,561,2,-1,True,175,3100,0.03200823727372267,0.056506296415886344,1322,3097,0,0,0,0
1823,0561_c0003_023.jpg,561,2,-1,True,175,3100,0.032008865490013035,0.056506296415886344,1316,3097,0,0,0,0
1824,0561_c0003_024.jpg,561,2,-1,True,175,3100,0.03199521775678305,0.056506296415886344,1321,3097,0,0,0,0
1825,0561_c0004_000.jpg,561,3,-1,True,175,3100,0.032352049731365864,0.056488056810845705,1375,3098,0,0,0,0
1826,0561_c0004_001.jpg,561,3,-1,True,175,3100,0.03234809426439933,0.05652454780361757,1375,3096,0,0,0,0
1827,0561_c0004_002.jpg,561,3,-1,True,175,3100,0.0323495327367922,0.056506296415886344,1376,3097,0,0,0,0
1828,0561_c0004_003.jpg,561,3,-1,True,175,3100,0.0323549512505706,0.056506296415886344,1375,3097,0,0,0,0
1829,0561_c0004_004.jpg,561,3,-1,True,175,3100,0.03234187890126282,0.05652454780361757,1377,3096,0,0,0,0
1830,0561_c0004_005.jpg,561,3,-1,True,175,3100,0.032333356237957966,0.056506296415886344,1383,3097,0,0,0,0
1831,0561_c0004_006.jpg,561,3,-1,True,175,3100,0.03234345347256057,0.056506296415886344,1386,3097,0,0,0,0
1832,0561_c0004_007.jpg,561,3,-1,True,175,3100,0.032349229226063994,0.056506296415886344,1382,3097,0,0,0,0
1833,0561_c0004_008.jpg,561,3,-1,True,175,3100,0.032364940917685145,0.05652454780361757,1382,3096,0,0,0,0
1834,0561_c0004_009.jpg,561,3,-1,True,175,3100,0.03236530931859132,0.05652454780361757,1380,3096,0,0,0,0
1835,0561_c0004_010.jpg,561,3,-1,True,175,3100,0.03236475342506719,0.05652454780361757,1381,3096,0,0,0,0
1836,0561_c0004_011.jpg,561,3,-1,True,175,3100,0.03235759538745841,0.05652454780361757,1384,3096,0,0,0,0
1837,0561_c0004_012.jpg,561,3,-1,True,175,3100,0.032366445590260404,0.05652454780361757,1379,3096,0,0,0,0
1838,0561_c0004_013.jpg,561,3,-1,True,175,3100,0.03237048673997717,0.05652454780361757,1380,3096,0,0,0,0
1839,0561_c0004_014.jpg,561,3,-1,True,175,3100,0.032358721980508286,0.05652454780361757,1384,3096,0,0,0,0
1840,0561_c0004_015.jpg,561,3,-1,True,175,3100,0.03235506602342713,0.05652454780361757,1385,3096,0,0,0,0
1841,0561_c0004_016.jpg,561,3,-1,True,175,3100,0.03234625005184878,0.05652454780361757,1386,3096,0,0,0,0
1842,0561_c0004_017.jpg,561,3,-1,True,175,3100,0.03243584028046254,0.056506296415886344,1372,3097,0,0,0,0
1843,0561_c0004_018.jpg,561,3,-1,True,175,3100,0.03242883013729008,0.056506296415886344,1373,3097,0,0,0,0
1844,0561_c0004_019.jpg,561,3,-1,True,175,3100,0.032424237802020583,0.056506296415886344,1374,3097,0,0,0,0
1845,0561_c0004_020.jpg,561,3,-1,True,175,3100,0.03243326266761301,0.05652454780361757,1375,3096,0,0,0,0
1846,0561_c0004_021.jpg,561,3,-1,True,175,3100,0.0324246044189559,0.05652454780361757,1374,3096,0,0,0,0
1847,0561_c0004_022.jpg,561,3,-1,True,175,3100,0.03238679116817258,0.056506296415886344,1386,3097,0,0,0,0
1848,0561_c0004_023.jpg,561,3,-1,True,175,3100,0.032403268699716596,0.056506296415886344,1383,3097,0,0,0,0
1849,0561_c0004_024.jpg,561,3,-1,True,175,3100,0.03238954557990884,0.056506296415886344,1381,3097,0,0,0,0
1850,0561_c0005_000.jpg,561,4,-1,True,175,3100,0.03239198811152741,0.05652454780361757,1313,3096,0,0,0,0
1851,0561_c0005_001.jpg,561,4,-1,True,175,3100,0.032342673789972555,0.05652454780361757,1320,3096,0,0,0,0
1852,0561_c0005_002.jpg,561,4,-1,True,175,3100,0.032328567401181854,0.05652454780361757,1316,3096,0,0,0,0
1853,0561_c0005_003.jpg,561,4,-1,True,175,3100,0.03235297361494013,0.05652454780361757,1313,3096,0,0,0,0
1854,0561_c0005_004.jpg,561,4,-1,True,175,3100,0.032371285812928675,0.05652454780361757,1311,3096,0,0,0,0
1855,0561_c0005_005.jpg,561,4,-1,True,175,3100,0.03234574209093578,0.05652454780361757,1312,3096,0,0,0,0
1856,0561_c0005_006.jpg,561,4,-1,True,175,3100,0.032383557666880315,0.05652454780361757,1304,3096,0,0,0,0
1857,0561_c0005_007.jpg,561,4,-1,True,175,3100,0.032343612374023945,0.05652454780361757,1314,3096,0,0,0,0
1858,0561_c0005_008.jpg,561,4,-1,True,175,3100,0.0323553068311041,0.05652454780361757,1312,3096,0,0,0,0
1859,0561_c0005_009.jpg,561,4,-1,True,175,3100,0.03237953144425292,0.05652454780361757,1301,3096,0,0,0,0
1860,0561_c0005_010.jpg,561,4,-1,True,175,3100,0.03238196479551315,0.05652454780361757,1304,3096,0,0,0,0
1861,0561_c0005_011.jpg,561,4,-1,True,175,3100,0.032369548730972614,0.05652454780361757,1304,3096,0,0,0,0
1862,0561_c0005_012.jpg,561,4,-1,True,175,3100,0.032414009805146964,0.05652454780361757,1293,3096,0,0,0,0
1863,0561_c0005_013.jpg,561,4,-1,True,175,3100,0.03237411157205784,0.05652454780361757,1303,3096,0,0,0,0
1864,0561_c0005_014.jpg,561,4,-1,True,175,3100,0.032361927222351226,0.05652454780361757,1311,3096,0,0,0,0
1865,0561_c0005_015.jpg,561,4,-1,True,175,3100,0.032376750021724875,0.05652454780361757,1304,3096,0,0,0,0
1866,0561_c0005_016.jpg,561,4,-1,True,175,3100,0.03238265029575023,0.05652454780361757,1300,3096,0,0,0,0
1867,0561_c0005_017.jpg,561,4,-1,True,175,3100,0.0324027857966189,0.05652454780361757,1295,3096,0,0,0,0
1868,0561_c0005_018.jpg,561,4,-1,True,175,3100,0.032380459898710655,0.05652454780361757,1299,3096,0,0,0,0
1869,0561_c0005_019.jpg,561,4,-1,True,175,3100,0.032362585722266614,0.05652454780361757,1301,3096,0,0,0,0
1870,0561_c0005_020.jpg,561,4,-1,True,175,3100,0.03236355568933985,0.05652454780361757,1302,3096,0,0,0,0
1871,0561_c0005_021.jpg,561,4,-1,True,175,3100,0.03239311217947797,0.05652454780361757,1298,3096,0,0,0,0
1872,0561_c0005_022.jpg,561,4,-1,True,175,3100,0.032372932092701846,0.05652454780361757,1300,3096,0,0,0,0
1873,0561_c0005_023.jpg,561,4,-1,True,175,3100,0.03237369703314629,0.05652454780361757,1303,3096,0,0,0,0
1874,0561_c0005_024.jpg,561,4,-1,True,175,3100,0.03234843600608354,0.05652454780361757,1312,3096,0,0,0,0
1875,0561_c0006_000.jpg,561,5,-1,True,175,3100,0.031625077881102345,0.056488056810845705,1427,3098,0,0,0,0
1876,0561_c0006_001.jpg,561,5,-1,True,175,3100,0.031594543603614494,0.056488056810845705,1428,3098,0,0,0,0
1877,0561_c0006_002.jpg,561,5,-1,True,175,3100,0.031656999953170374,0.056488056810845705,1419,3098,0,0,0,0
1878,0561_c0006_003.jpg,561,5,-1,True,175,3100,0.03167307784922255,0.056488056810845705,1414,3098,0,0,0,0
1879,0561_c0006_004.jpg,561,5,-1,True,175,3100,0.031662732266037594,0.056488056810845705,1415,3098,0,0,0,0
1880,0561_c0006_005.jpg,561,5,-1,True,175,3100,0.031668259865719244,0.056488056810845705,1416,3098,0,0,0,0
1881,0561_c0006_006.jpg,561,5,-1,True,175,3100,0.03166306110524066,0.056506296415886344,1419,3097,0,0,0,0
1882,0561_c0006_007.jpg,561,5,-1,True,175,3100,0.03165547199128094,0.056488056810845705,1421,3098,0,0,0,0
1883,0561_c0006_008.jpg,561,5,-1,True,175,3100,0.03162350703080608,0.056488056810845705,1424,3098,0,0,0,0
1884,0561_c0006_009.jpg,561,5,-1,True,175,3100,0.03165760971006824,0.056506296415886344,1423,3097,0,0,0,0
1885,0561_c0006_010.jpg,561,5,-1,True,175,3100,0.0316611434736711,0.056506296415886344,1420,3097,0,0,0,0
1886,0561_c0006_011.jpg,561,5,-1,True,175,3100,0.03165757507484737,0.056488056810845705,1421,3098,0,0,0,0
1887,0561_c0006_012.jpg,561,5,-1,True,175,3100,0.03164287699534734,0.056488056810845705,1422,3098,0,0,0,0
1888,0561_c0006_013.jpg,561,5,-1,True,175,3100,0.03166554764619,0.056488056810845705,1421,3098,0,0,0,0
1889,0561_c0006_014.jpg,561,5,-1,True,175,3100,0.031659074946768666,0.056488056810845705,1421,3098,0,0,0,0
1890,0561_c0006_015.jpg,561,5,-1,True,175,3100,0.031674182387245876,0.056488056810845705,1419,3098,0,0,0,0
1891,0561_c0006_016.jpg,561,5,-1,True,175,3100,0.0317022130679682,0.056506296415886344,1418,3097,0,0,0,0
1892,0561_c0006_017.jpg,561,5,-1,True,175,3100,0.03168020511815441,0.056506296415886344,1419,3097,0,0,0,0
1893,0561_c0006_018.jpg,561,5,-1,True,175,3100,0.03167099668576279,0.056488056810845705,1420,3098,0,0,0,0
1894,0561_c0006_019.jpg,561,5,-1,True,175,3100,0.031645410417888084,0.056488056810845705,1424,3098,0,0,0,0
1895,0561_c0006_020.jpg,561,5,-1,True,175,3100,0.03166331580248359,0.056506296415886344,1421,3097,0,0,0,0
1896,0561_c0006_021.jpg,561,5,-1,True,175,3100,0.0316665565010095,0.056506296415886344,1419,3097,0,0,0,0
1897,0561_c0006_022.jpg,561,5,-1,True,175,3100,0.031649364289856236,0.056506296415886344,1423,3097,0,0,0,0
1898,0561_c0006_023.jpg,561,5,-1,True,175,3100,0.03165288701997239,0.056506296415886344,1422,3097,0,0,0,0
1899,0561_c0006_024.jpg,561,5,-1,True,175,3100,0.03165133899190725,0.056506296415886344,1426,3097,0,0,0,0
1900,0561_c0007_000.jpg,561,6,-1,True,175,3100,0.032101922487044375,0.056488056810845705,1374,3098,0,0,0,0
1901,0561_c0007_001.jpg,561,6,-1,True,175,3100,0.032099504998107015,0.056488056810845705,1376,3098,0,0,0,0
1902,0561_c0007_002.jpg,561,6,-1,True,175,3100,0.03209707577116821,0.056488056810845705,1375,3098,0,0,0,0
1903,0561_c0007_003.jpg,561,6,-1,True,175,3100,0.03210934942408927,0.056488056810845705,1374,3098,0,0,0,0
1904,0561_c0007_004.jpg,561,6,-1,True,175,3100,0.03212507793782448,0.056488056810845705,1372,3098,0,0,0,0
1905,0561_c0007_005.jpg,561,6,-1,True,175,3100,0.03212217580453782,0.056488056810845705,1374,3098,0,0,0,0
1906,0561_c0007_006.jpg,561,6,-1,True,175,3100,0.03212747583736872,0.056488056810845705,1373,3098,0,0,0,0
1907,0561_c0007_007.jpg,561,6,-1,True,175,3100,0.03211394113913806,0.056488056810845705,1374,3098,0,0,0,0
1908,0561_c0007_008.jpg,561,6,-1,True,175,3100,0.032069853892073216,0.056488056810845705,1379,3098,0,0,0,0
1909,0561_c0007_009.jpg,561,6,-1,True,175,3100,0.032070876668455546,0.056488056810845705,1379,3098,0,0,0,0
1910,0561_c0007_010.jpg,561,6,-1,True,175,3100,0.03206066987758451,0.056488056810845705,1383,3098,0,0,0,0
1911,0561_c0007_011.jpg,561,6,-1,True,175,3100,0.03206744986736886,0.056488056810845705,1381,3098,0,0,0,0
1912,0561_c0007_012.jpg,561,6,-1,True,175,3100,0.03207298757269282,0.056488056810845705,1378,3098,0,0,0,0
1913,0561_c0007_013.jpg,561,6,-1,True,175,3100,0.03208168412213486,0.056488056810845705,1375,3098,0,0,0,0
1914,0561_c0007_014.jpg,561,6,-1,True,175,3100,0.03209624366428442,0.056488056810845705,1374,3098,0,0,0,0
1915,0561_c0007_015.jpg,561,6,-1,True,175,3100,0.032094117585076146,0.056488056810845705,1374,3098,0,0,0,0
1916,0561_c0007_016.jpg,561,6,-1,True,175,3100,0.03209352795314115,0.056488056810845705,1374,3098,0,0,0,0
1917,0561_c0007_017.jpg,561,6,-1,True,175,3100,0.03208594633315486,0.056488056810845705,1375,3098,0,0,0,0
1918,0561_c0007_018.jpg,561,6,-1,True,175,3100,0.032086293715396695,0.056488056810845705,1375,3098,0,0,0,0
1919,0561_c0007_019.jpg,561,6,-1,True,175,3100,0.0320965431777882,0.056488056810845705,1373,3098,0,0,0,0
1920,0561_c0007_020.jpg,561,6,-1,True,175,3100,0.03210576215209553,0.056488056810845705,1369,3098,0,0,0,0
1921,0561_c0007_021.jpg,561,6,-1,True,175,3100,0.03210287627099513,0.056488056810845705,1371,3098,0,0,0,0
1922,0561_c0007_022.jpg,561,6,-1,True,175,3100,0.03209773327002946,0.056488056810845705,1371,3098,0,0,0,0
1923,0561_c0007_023.jpg,561,6,-1,True,175,3100,0.03208945465947386,0.056488056810845705,1375,3098,0,0,0,0
1924,0561_c0007_024.jpg,561,6,-1,True,175,3100,0.03208336659692225,0.056488056810845705,1376,3098,0,0,0,0
1925,0561_c0008_000.jpg,561,7,-1,True,175,3100,0.03316128152865507,0.058823529411764705,1318,2975,0,0,0,0
1926,0561_c0008_001.jpg,561,7,-1,True,175,3100,0.03316799447223895,0.058823529411764705,1316,2975,0,0,0,0
1927,0561_c0008_002.jpg,561,7,-1,True,175,3100,0.03312016300522976,0.05884330867518493,1324,2974,0,0,0,0
1928,0561_c0008_003.jpg,561,7,-1,True,175,3100,0.033095304140441595,0.058823529411764705,1332,2975,0,0,0,0
1929,0561_c0008_004.jpg,561,7,-1,True,175,3100,0.03306285561658165,0.058823529411764705,1335,2975,0,0,0,0
1930,0561_c0008_005.jpg,561,7,-1,True,175,3100,0.03308666534608658,0.05880376344086022,1333,2976,0,0,0,0
1931,0561_c0008_006.jpg,561,7,-1,True,175,3100,0.03306435889823937,0.058823529411764705,1331,2975,0,0,0,0
1932,0561_c0008_007.jpg,561,7,-1,True,175,3100,0.03307447906474152,0.05880376344086022,1329,2976,0,0,0,0
1933,0561_c0008_008.jpg,561,7,-1,True,175,3100,0.033079558061200734,0.058823529411764705,1334,2975,0,0,0,0
1934,0561_c0008_009.jpg,561,7,-1,True,175,3100,0.033068199215767376,0.05884330867518493,1330,2974,0,0,0,0
1935,0561_c0008_010.jpg,561,7,-1,True,175,3100,0.033079182893653435,0.058863101244534144,1330,2973,0,0,0,0
1936,0561_c0008_011.jpg,561,7,-1,True,175,3100,0.033089974539103444,0.058823529411764705,1329,2975,0,0,0,0
1937,0561_c0008_012.jpg,561,7,-1,True,175,3100,0.033077596018099675,0.05884330867518493,1333,2974,0,0,0,0
1938,0561_c0008_013.jpg,561,7,-1,True,175,3100,0.03304662333186121,0.05876427132303559,1333,2978,0,0,0,0
1939,0561_c0008_014.jpg,561,7,-1,True,175,3100,0.03305403231835921,0.05884330867518493,1331,2974,0,0,0,0
1940,0561_c0008_015.jpg,561,7,-1,True,175,3100,0.03306460530623496,0.05884330867518493,1331,2974,0,0,0,0
1941,0561_c0008_016.jpg,561,7,-1,True,175,3100,0.03306971608470971,0.05884330867518493,1330,2974,0,0,0,0
1942,0561_c0008_017.jpg,561,7,-1,True,175,3100,0.033066655831639445,0.058863101244534144,1329,2973,0,0,0,0
1943,0561_c0008_018.jpg,561,7,-1,True,175,3100,0.03305224216375888,0.05884330867518493,1329,2974,0,0,0,0
1944,0561_c0008_019.jpg,561,7,-1,True,175,3100,0.033060263757633386,0.058823529411764705,1331,2975,0,0,0,0
1945,0561_c0008_020.jpg,561,7,-1,True,175,3100,0.033060724243873865,0.058823529411764705,1329,2975,0,0,0,0
1946,0561_c0008_021.jpg,561,7,-1,True,175,3100,0.03307038507887769,0.058863101244534144,1328,2973,0,0,0,0
1947,0561_c0008_022.jpg,561,7,-1,True,175,3100,0.033048428231325276,0.05884330867518493,1327,2974,0,0,0,0
1948,0561_c0008_023.jpg,561,7,-1,True,175,3100,0.033055114038558334,0.05880376344086022,1327,2976,0,0,0,0
1949,0561_c0008_024.jpg,561,7,-1,True,175,3100,0.03305700156248914,0.05880376344086022,1322,2976,0,0,0,0
1950,0567_c0001_000.jpg,567,0,-1,True,175,3100,0.038400581303840144,0.06631299734748011,1190,2639,0,0,0,0
1951,0567_c0001_001.jpg,567,0,-1,True,175,3100,0.03838278321255705,0.06626277925028398,1190,2641,0,0,0,0
1952,0567_c0001_002.jpg,567,0,-1,True,175,3100,0.03844221164586088,0.06643887623386484,1184,2634,0,0,0,0
1953,0567_c0001_003.jpg,567,0,-1,True,175,3100,0.038427964156189556,0.06643887623386484,1188,2634,0,0,0,0
1954,0567_c0001_004.jpg,567,0,-1,True,175,3100,0.03841163144265071,0.06633813495072025,1201,2638,0,0,0,0
1955,0567_c0001_005.jpg,567,0,-1,True,175,3100,0.03843880004783818,0.06643887623386484,1189,2634,0,0,0,0
1956,0567_c0001_006.jpg,567,0,-1,True,175,3100,0.03841439454081068,0.06641366223908918,1191,2635,0,0,0,0
1957,0567_c0001_007.jpg,567,0,-1,True,175,3100,0.038446432038597364,0.06643887623386484,1190,2634,0,0,0,0
1958,0567_c0001_008.jpg,567,0,-1,True,175,3100,0.0384438448025009,0.06643887623386484,1191,2634,0,0,0,0
1959,0567_c0001_009.jpg,567,0,-1,True,175,3100,0.03845597418135797,0.06643887623386484,1188,2634,0,0,0,0
1960,0567_c0001_010.jpg,567,0,-1,True,175,3100,0.038404493014150595,0.06636329161926431,1189,2637,0,0,0,0
1961,0567_c0001_011.jpg,567,0,-1,True,175,3100,0.0384400162533468,0.06638846737481031,1192,2636,0,0,0,0
1962,0567_c0001_012.jpg,567,0,-1,True,175,3100,0.038435311433642635,0.06633813495072025,1194,2638,0,0,0,0
1963,0567_c0001_013.jpg,567,0,-1,True,175,3100,0.038416019456472994,0.06636329161926431,1193,2637,0,0,0,0
1964,0567_c0001_014.jpg,567,0,-1,True,175,3100,0.03846594711848466,0.06646410938093429,1189,2633,0,0,0,0
1965,0567_c0001_015.jpg,567,0,-1,True,175,3100,0.03843721624643178,0.06638846737481031,1187,2636,0,0,0,0
1966,0567_c0001_016.jpg,567,0,-1,True,175,3100,0.03846915934106101,0.06641366223908918,1191,2635,0,0,0,0
1967,0567_c0001_017.jpg,567,0,-1,True,175,3100,0.03843301050776246,0.06628787878787878,1194,2640,0,0,0,0
1968,0567_c0001_018.jpg,567,0,-1,True,175,3100,0.03843010944064142,0.06628787878787878,1193,2640,0,0,0,0
1969,0567_c0001_019.jpg,567,0,-1,True,175,3100,0.038435361019786056,0.06626277925028398,1196,2641,0,0,0,0
1970,0567_c0001_020.jpg,567,0,-1,True,175,3100,0.038421105144019044,0.0661875945537065,1197,2644,0,0,0,0
1971,0567_c0001_021.jpg,567,0,-1,True,175,3100,0.038430916104214674,0.06613756613756613,1196,2646,0,0,0,0
1972,0567_c0001_022.jpg,567,0,-1,True,175,3100,0.03843588926936683,0.06631299734748011,1187,2639,0,0,0,0
1973,0567_c0001_023.jpg,567,0,-1,True,175,3100,0.03842261758448659,0.06628787878787878,1194,2640,0,0,0,0
1974,0567_c0001_024.jpg,567,0,-1,True,175,3100,0.038406805774458305,0.06623769871309614,1194,2642,0,0,0,0
1975,0567_c0002_000.jpg,567,1,-1,True,175,3100,0.038176345214900764,0.06611258027956177,1178,2647,0,0,0,0
1976,0567_c0002_001.jpg,567,1,-1,True,175,3100,0.03812404661631017,0.06598793363499246,1190,2652,0,0,0,0
1977,0567_c0002_002.jpg,567,1,-1,True,175,3100,0.03814148814554449,0.06608761329305136,1187,2648,0,0,0,0
1978,0567_c0002_003.jpg,567,1,-1,True,175,3100,0.038160607237185847,0.0661875945537065,1175,2644,0,0,0,0
1979,0567_c0002_004.jpg,567,1,-1,True,175,3100,0.038176216747738266,0.0661625708884688,1177,2645,0,0,0,0
1980,0567_c0002_005.jpg,567,1,-1,True,175,3100,0.03815692738933548,0.0661625708884688,1177,2645,0,0,0,0
1981,0567_c0002_006.jpg,567,1,-1,True,175,3100,0.038188503561109394,0.0661875945537065,1178,2644,0,0,0,0
1982,0567_c0002_007.jpg,567,1,-1,True,175,3100,0.0381410033465309,0.0660377358490566,1186,2650,0,0,0,0
1983,0567_c0002_008.jpg,567,1,-1,True,175,3100,0.03818748141436563,0.0660626651566629,1177,2649,0,0,0,0
1984,0567_c0002_009.jpg,567,1,-1,True,175,3100,0.0380973580687835,0.06596306068601583,1198,2653,0,0,0,0
1985,0567_c0002_010.jpg,567,1,-1,True,175,3100,0.03804084475514589,0.06586375611592021,1207,2657,0,0,0,0
1986,0567_c0002_011.jpg,567,1,-1,True,175,3100,0.03814222341714076,0.06626277925028398,1177,2641,0,0,0,0
1987,0567_c0002_012.jpg,567,1,-1,True,175,3100,0.038126105755588925,0.06613756613756613,1179,2646,0,0,0,0
1988,0567_c0002_013.jpg,567,1,-1,True,175,3100,0.03811899567978603,0.0660626651566629,1179,2649,0,0,0,0
1989,0567_c0002_014.jpg,567,1,-1,True,175,3100,0.038133313533846455,0.0661875945537065,1174,2644,0,0,0,0
1990,0567_c0002_015.jpg,567,1,-1,True,175,3100,0.03813752515816889,0.0661875945537065,1170,2644,0,0,0,0
1991,0567_c0002_016.jpg,567,1,-1,True,175,3100,0.03814652430157901,0.0661625708884688,1177,2645,0,0,0,0
1992,0567_c0002_017.jpg,567,1,-1,True,175,3100,0.03812199652982128,0.0661625708884688,1183,2645,0,0,0,0
1993,0567_c0002_018.jpg,567,1,-1,True,175,3100,0.038122896408696746,0.06613756613756613,1185,2646,0,0,0,0
1994,0567_c0002_019.jpg,567,1,-1,True,175,3100,0.03810302766281768,0.06601282534892493,1184,2651,0,0,0,0
1995,0567_c0002_020.jpg,567,1,-1,True,175,3100,0.038150452851586254,0.06621263715474839,1179,2643,0,0,0,0
1996,0567_c0002_021.jpg,567,1,-1,True,175,3100,0.038120699632419236,0.0660626651566629,1180,2649,0,0,0,0
1997,0567_c0002_022.jpg,567,1,-1,True,175,3100,0.038140276881634176,0.0661875945537065,1179,2644,0,0,0,0
1998,0567_c0002_023.jpg,567,1,-1,True,175,3100,0.03810592800109446,0.0660377358490566,1181,2650,0,0,0,0
1999,0567_c0002_024.jpg,567,1,-1,True,175,3100,0.0381272673004128,0.06601282534892493,1181,2651,0,0,0,0
2000,0567_c0003_000.jpg,567,2,-1,True,175,3100,0.037902791102618565,0.06576475009394964,1383,2661,0,0,0,0
2001,0567_c0003_001.jpg,567,2,-1,True,175,3100,0.0379118645508498,0.06576475009394964,1382,2661,0,0,0,0
2002,0567_c0003_002.jpg,567,2,-1,True,175,3100,0.03791171192278936,0.06576475009394964,1381,2661,0,0,0,0
2003,0567_c0003_003.jpg,567,2,-1,True,175,3100,0.037901405405804466,0.06576475009394964,1381,2661,0,0,0,0
2004,0567_c0003_004.jpg,567,2,-1,True,175,3100,0.03788956098640954,0.06574004507888806,1386,2662,0,0,0,0
2005,0567_c0003_005.jpg,567,2,-1,True,175,3100,0.03788659877107385,0.06566604127579738,1386,2665,0,0,0,0
2006,0567_c0003_006.jpg,567,2,-1,True,175,3100,0.037875885133614014,0.06556762832521544,1387,2669,0,0,0,0
2007,0567_c0003_007.jpg,567,2,-1,True,175,3100,0.03786540278934993,0.06564141035258815,1387,2666,0,0,0,0
2008,0567_c0003_008.jpg,567,2,-1,True,175,3100,0.037864410590647476,0.06564141035258815,1387,2666,0,0,0,0
2009,0567_c0003_009.jpg,567,2,-1,True,175,3100,0.03786359398746763,0.06556762832521544,1387,2669,0,0,0,0
2010,0567_c0003_010.jpg,567,2,-1,True,175,3100,0.03784953837102655,0.0654940119760479,1387,2672,0,0,0,0
2011,0567_c0003_011.jpg,567,2,-1,True,175,3100,0.037858538387397465,0.06556762832521544,1387,2669,0,0,0,0
2012,0567_c0003_012.jpg,567,2,-1,True,175,3100,0.037848970529789784,0.06546950991395435,1386,2673,0,0,0,0
2013,0567_c0003_013.jpg,567,2,-1,True,175,3100,0.03786659961160173,0.06561679790026247,1385,2667,0,0,0,0
2014,0567_c0003_014.jpg,567,2,-1,True,175,3100,0.03784500423245652,0.06559220389805097,1385,2668,0,0,0,0
2015,0567_c0003_015.jpg,567,2,-1,True,175,3100,0.037876832374856895,0.06561679790026247,1385,2667,0,0,0,0
2016,0567_c0003_016.jpg,567,2,-1,True,175,3100,0.03788634577881707,0.06564141035258815,1385,2666,0,0,0,0
2017,0567_c0003_017.jpg,567,2,-1,True,175,3100,0.03790268117062952,0.0656906906906907,1385,2664,0,0,0,0
2018,0567_c0003_018.jpg,567,2,-1,True,175,3100,0.03788016001949815,0.06574004507888806,1386,2662,0,0,0,0
2019,0567_c0003_019.jpg,567,2,-1,True,175,3100,0.03790582999581324,0.06574004507888806,1382,2662,0,0,0,0
2020,0567_c0003_020.jpg,567,2,-1,True,175,3100,0.03791816590438984,0.06574004507888806,1382,2662,0,0,0,0
2021,0567_c0003_021.jpg,567,2,-1,True,175,3100,0.03789296197522453,0.06566604127579738,1385,2665,0,0,0,0
2022,0567_c0003_022.jpg,567,2,-1,True,175,3100,0.03790809670982902,0.06571535861809989,1383,2663,0,0,0,0
2023,0567_c0003_023.jpg,567,2,-1,True,175,3100,0.03792147863374945,0.06576475009394964,1379,2661,0,0,0,0
2024,0567_c0003_024.jpg,567,2,-1,True,175,3100,0.03792326252131588,0.06576475009394964,1379,2661,0,0,0,0
2025,0567_c0004_000.jpg,567,3,-1,True,175,3100,0.03908705697248869,0.0660626651566629,1136,2649,0,0,0,0
2026,0567_c0004_001.jpg,567,3,-1,True,175,3100,0.039112138202225574,0.0660626651566629,1127,2649,0,0,0,0
2027,0567_c0004_002.jpg,567,3,-1,True,175,3100,0.03908429880456268,0.0660626651566629,1135,2649,0,0,0,0
2028,0567_c0004_003.jpg,567,3,-1,True,175,3100,0.039065726054259224,0.0660626651566629,1136,2649,0,0,0,0
2029,0567_c0004_004.jpg,567,3,-1,True,175,3100,0.03908248907603281,0.06613756613756613,1133,2646,0,0,0,0
2030,0567_c0004_005.jpg,567,3,-1,True,175,3100,0.03905383145291702,0.06598793363499246,1142,2652,0,0,0,0
2031,0567_c0004_006.jpg,567,3,-1,True,175,3100,0.03906854579394366,0.06601282534892493,1137,2651,0,0,0,0
2032,0567_c0004_007.jpg,567,3,-1,True,175,3100,0.03902274367320427,0.06598793363499246,1136,2652,0,0,0,0
2033,0567_c0004_008.jpg,567,3,-1,True,175,3100,0.03901732459294051,0.06598793363499246,1139,2652,0,0,0,0
2034,0567_c0004_009.jpg,567,3,-1,True,175,3100,0.03897468445862767,0.06596306068601583,1137,2653,0,0,0,0
2035,0567_c0004_010.jpg,567,3,-1,True,175,3100,0.03899033816277898,0.06591337099811675,1150,2655,0,0,0,0
2036,0567_c0004_011.jpg,567,3,-1,True,175,3100,0.03898518551549287,0.06591337099811675,1151,2655,0,0,0,0
2037,0567_c0004_012.jpg,567,3,-1,True,175,3100,0.03899503714684277,0.06596306068601583,1137,2653,0,0,0,0
2038,0567_c0004_013.jpg,567,3,-1,True,175,3100,0.03899421239416656,0.06598793363499246,1139,2652,0,0,0,0
2039,0567_c0004_014.jpg,567,3,-1,True,175,3100,0.038967268705502496,0.06588855421686747,1144,2656,0,0,0,0
2040,0567_c0004_015.jpg,567,3,-1,True,175,3100,0.038978326699599136,0.06591337099811675,1146,2655,0,0,0,0
2041,0567_c0004_016.jpg,567,3,-1,True,175,3100,0.03905866155644003,0.06613756613756613,1173,2646,0,0,0,0
2042,0567_c0004_017.jpg,567,3,-1,True,175,3100,0.03902949319651598,0.06608761329305136,1161,2648,0,0,0,0
2043,0567_c0004_018.jpg,567,3,-1,True,175,3100,0.03904210263281927,0.06608761329305136,1158,2648,0,0,0,0
2044,0567_c0004_019.jpg,567,3,-1,True,175,3100,0.039019711248915886,0.06601282534892493,1170,2651,0,0,0,0
2045,0567_c0004_020.jpg,567,3,-1,True,175,3100,0.03905447304837227,0.06611258027956177,1154,2647,0,0,0,0
2046,0567_c0004_021.jpg,567,3,-1,True,175,3100,0.03907614228895894,0.0661625708884688,1158,2645,0,0,0,0
2047,0567_c0004_022.jpg,567,3,-1,True,175,3100,0.03906527288618361,0.06613756613756613,1165,2646,0,0,0,0
2048,0567_c0004_023.jpg,567,3,-1,True,175,3100,0.03905129655633082,0.06608761329305136,1165,2648,0,0,0,0
2049,0567_c0004_024.jpg,567,3,-1,True,175,3100,0.039025229794378676,0.06611258027956177,1175,2647,0,0,0,0
2050,0567_c0005_000.jpg,567,4,-1,True,175,3100,0.04007367286931172,0.0661875945537065,1189,2644,0,0,0,0
2051,0567_c0005_001.jpg,567,4,-1,True,175,3100,0.039971584330451,0.06591337099811675,1212,2655,0,0,0,0
2052,0567_c0005_002.jpg,567,4,-1,True,175,3100,0.03996191581594529,0.06583897667419113,1212,2658,0,0,0,0
2053,0567_c0005_003.jpg,567,4,-1,True,175,3100,0.03999806133711713,0.06593820648078372,1204,2654,0,0,0,0
2054,0567_c0005_004.jpg,567,4,-1,True,175,3100,0.039949094382463905,0.06588855421686747,1212,2656,0,0,0,0
2055,0567_c0005_005.jpg,567,4,-1,True,175,3100,0.04001129037177578,0.06593820648078372,1212,2654,0,0,0,0
2056,0567_c0005_006.jpg,567,4,-1,True,175,3100,0.04005869525377929,0.0660626651566629,1201,2649,0,0,0,0
2057,0567_c0005_007.jpg,567,4,-1,True,175,3100,0.04004012422760056,0.06601282534892493,1200,2651,0,0,0,0
2058,0567_c0005_008.jpg,567,4,-1,True,175,3100,0.040067897595224056,0.0660377358490566,1199,2650,0,0,0,0
2059,0567_c0005_009.jpg,567,4,-1,True,175,3100,0.040015936270950174,0.06601282534892493,1206,2651,0,0,0,0
2060,0567_c0005_010.jpg,567,4,-1,True,175,3100,0.04004916277288536,0.06608761329305136,1205,2648,0,0,0,0
2061,0567_c0005_011.jpg,567,4,-1,True,175,3100,0.04005610926717533,0.0660626651566629,1197,2649,0,0,0,0
2062,0567_c0005_012.jpg,567,4,-1,True,175,3100,0.04003600675300936,0.0660626651566629,1196,2649,0,0,0,0
2063,0567_c0005_013.jpg,567,4,-1,True,175,3100,0.04000181939930481,0.0660377358490566,1197,2650,0,0,0,0
2064,0567_c0005_014.jpg,567,4,-1,True,175,3100,0.04004935104289573,0.0660626651566629,1193,2649,0,0,0,0
2065,0567_c0005_015.jpg,567,4,-1,True,175,3100,0.04005431376705233,0.06611258027956177,1196,2647,0,0,0,0
2066,0567_c0005_016.jpg,567,4,-1,True,175,3100,0.040056511191635794,0.06608761329305136,1199,2648,0,0,0,0
2067,0567_c0005_017.jpg,567,4,-1,True,175,3100,0.04004939872836476,0.0660377358490566,1195,2650,0,0,0,0
2068,0567_c0005_018.jpg,567,4,-1,True,175,3100,0.040017701503401094,0.0660377358490566,1189,2650,0,0,0,0
2069,0567_c0005_019.jpg,567,4,-1,True,175,3100,0.040066659587570844,0.0660626651566629,1189,2649,0,0,0,0
2070,0567_c0005_020.jpg,567,4,-1,True,175,3100,0.040045083020532946,0.06608761329305136,1193,2648,0,0,0,0
2071,0567_c0005_021.jpg,567,4,-1,True,175,3100,0.04011119272052,0.06621263715474839,1195,2643,0,0,0,0
2072,0567_c0005_022.jpg,567,4,-1,True,175,3100,0.04010482548237102,0.0661625708884688,1194,2645,0,0,0,0
2073,0567_c0005_023.jpg,567,4,-1,True,175,3100,0.040078064310406676,0.06613756613756613,1200,2646,0,0,0,0
2074,0567_c0005_024.jpg,567,4,-1,True,175,3100,0.0400933490387152,0.06613756613756613,1199,2646,0,0,0,0
2075,0567_c0006_000.jpg,567,5,-1,True,175,3100,0.03876690536829288,0.06479081821547575,1237,2701,0,0,0,0
2076,0567_c0006_001.jpg,567,5,-1,True,175,3100,0.038765613151906686,0.06476683937823834,1236,2702,0,0,0,0
2077,0567_c0006_002.jpg,567,5,-1,True,175,3100,0.03878469066110416,0.06479081821547575,1230,2701,0,0,0,0
2078,0567_c0006_003.jpg,567,5,-1,True,175,3100,0.038811884404691833,0.06483882919599852,1229,2699,0,0,0,0
2079,0567_c0006_004.jpg,567,5,-1,True,175,3100,0.03881867833554331,0.06488691138301816,1224,2697,0,0,0,0
2080,0567_c0006_005.jpg,567,5,-1,True,175,3100,0.038806301075610304,0.06479081821547575,1227,2701,0,0,0,0
2081,0567_c0006_006.jpg,567,5,-1,True,175,3100,0.03882851151013078,0.06498329001113999,1222,2693,0,0,0,0
2082,0567_c0006_007.jpg,567,5,-1,True,175,3100,0.0389644368096853,0.06564141035258815,1203,2666,0,0,0,0
2083,0567_c0006_008.jpg,567,5,-1,True,175,3100,0.03893022619994006,0.06554307116104868,1205,2670,0,0,0,0
2084,0567_c0006_009.jpg,567,5,-1,True,175,3100,0.038954069200011876,0.06561679790026247,1206,2667,0,0,0,0
2085,0567_c0006_010.jpg,567,5,-1,True,175,3100,0.03889826111523394,0.06546950991395435,1210,2673,0,0,0,0
2086,0567_c0006_011.jpg,567,5,-1,True,175,3100,0.03894152680705519,0.06554307116104868,1209,2670,0,0,0,0
2087,0567_c0006_012.jpg,567,5,-1,True,175,3100,0.038929980343613196,0.06544502617801047,1208,2674,0,0,0,0
2088,0567_c0006_013.jpg,567,5,-1,True,175,3100,0.03891767478984091,0.0654940119760479,1212,2672,0,0,0,0
2089,0567_c0006_014.jpg,567,5,-1,True,175,3100,0.03893709072554673,0.06542056074766354,1209,2675,0,0,0,0
2090,0567_c0006_015.jpg,567,5,-1,True,175,3100,0.03892589303447134,0.06539611360239163,1206,2676,0,0,0,0
2091,0567_c0006_016.jpg,567,5,-1,True,175,3100,0.03894492957688802,0.06551853238487458,1209,2671,0,0,0,0
2092,0567_c0006_017.jpg,567,5,-1,True,175,3100,0.03893372123271195,0.06564141035258815,1206,2666,0,0,0,0
2093,0567_c0006_018.jpg,567,5,-1,True,175,3100,0.038959897477580184,0.06571535861809989,1205,2663,0,0,0,0
2094,0567_c0006_019.jpg,567,5,-1,True,175,3100,0.038905395712061544,0.06551853238487458,1212,2671,0,0,0,0
2095,0567_c0006_020.jpg,567,5,-1,True,175,3100,0.03890139009875573,0.06546950991395435,1210,2673,0,0,0,0
2096,0567_c0006_021.jpg,567,5,-1,True,175,3100,0.03886373596186202,0.06542056074766354,1213,2675,0,0,0,0
2097,0567_c0006_022.jpg,567,5,-1,True,175,3100,0.03880561100057961,0.06524981357196122,1224,2682,0,0,0,0
2098,0567_c0006_023.jpg,567,5,-1,True,175,3100,0.038899966841829774,0.0654940119760479,1216,2672,0,0,0,0
2099,0567_c0006_024.jpg,567,5,-1,True,175,3100,0.038885824758945794,0.06544502617801047,1220,2674,0,0,0,0
2100,0567_c0007_000.jpg,567,6,-1,True,175,3100,0.039768933979611704,0.06641366223908918,1209,2635,0,0,0,0
2101,0567_c0007_001.jpg,567,6,-1,True,175,3100,0.03976393282446579,0.06641366223908918,1210,2635,0,0,0,0
2102,0567_c0007_002.jpg,567,6,-1,True,175,3100,0.039792059635577644,0.06646410938093429,1204,2633,0,0,0,0
2103,0567_c0007_003.jpg,567,6,-1,True,175,3100,0.03978481024667967,0.06643887623386484,1204,2634,0,0,0,0
2104,0567_c0007_004.jpg,567,6,-1,True,175,3100,0.039812250965278226,0.06643887623386484,1198,2634,0,0,0,0
2105,0567_c0007_005.jpg,567,6,-1,True,175,3100,0.039848038684859456,0.06648936170212766,1201,2632,0,0,0,0
2106,0567_c0007_006.jpg,567,6,-1,True,175,3100,0.039849596411587425,0.06648936170212766,1205,2632,0,0,0,0
2107,0567_c0007_007.jpg,567,6,-1,True,175,3100,0.039862698496609596,0.06653992395437262,1202,2630,0,0,0,0
2108,0567_c0007_008.jpg,567,6,-1,True,175,3100,0.03985279475665098,0.06651463321930824,1204,2631,0,0,0,0
2109,0567_c0007_009.jpg,567,6,-1,True,175,3100,0.03983170743517709,0.06653992395437262,1207,2630,0,0,0,0
2110,0567_c0007_010.jpg,567,6,-1,True,175,3100,0.03970040632725271,0.06636329161926431,1221,2637,0,0,0,0
2111,0567_c0007_011.jpg,567,6,-1,True,175,3100,0.03972760146410481,0.06641366223908918,1211,2635,0,0,0,0
2112,0567_c0007_012.jpg,567,6,-1,True,175,3100,0.03969349720326904,0.06641366223908918,1217,2635,0,0,0,0
2113,0567_c0007_013.jpg,567,6,-1,True,175,3100,0.03959459566575027,0.0661875945537065,1233,2644,0,0,0,0
2114,0567_c0007_014.jpg,567,6,-1,True,175,3100,0.03966630187830187,0.06626277925028398,1235,2641,0,0,0,0
2115,0567_c0007_015.jpg,567,6,-1,True,175,3100,0.0396871590234006,0.06631299734748011,1236,2639,0,0,0,0
2116,0567_c0007_016.jpg,567,6,-1,True,175,3100,0.03968142971153642,0.06621263715474839,1236,2643,0,0,0,0
2117,0567_c0007_017.jpg,567,6,-1,True,175,3100,0.03972567426638303,0.06631299734748011,1232,2639,0,0,0,0
2118,0567_c0007_018.jpg,567,6,-1,True,175,3100,0.039709623866785275,0.06641366223908918,1232,2635,0,0,0,0
2119,0567_c0007_019.jpg,567,6,-1,True,175,3100,0.03969963610583297,0.06631299734748011,1235,2639,0,0,0,0
2120,0567_c0007_020.jpg,567,6,-1,True,175,3100,0.039703408141193226,0.06633813495072025,1235,2638,0,0,0,0
2121,0567_c0007_021.jpg,567,6,-1,True,175,3100,0.03965236011397378,0.06623769871309614,1234,2642,0,0,0,0
2122,0567_c0007_022.jpg,567,6,-1,True,175,3100,0.03969281028059337,0.06621263715474839,1237,2643,0,0,0,0
2123,0567_c0007_023.jpg,567,6,-1,True,175,3100,0.0397034990360338,0.06623769871309614,1234,2642,0,0,0,0
2124,0567_c0007_024.jpg,567,6,-1,True,175,3100,0.03964074225398954,0.06626277925028398,1237,2641,0,0,0,0
2125,0567_c0008_000.jpg,567,7,-1,True,175,3100,0.03963200312126301,0.06551853238487458,1203,2671,0,0,0,0
2126,0567_c0008_001.jpg,567,7,-1,True,175,3100,0.039614051222717765,0.06544502617801047,1202,2674,0,0,0,0
2127,0567_c0008_002.jpg,567,7,-1,True,175,3100,0.0396481438238085,0.06554307116104868,1203,2670,0,0,0,0
2128,0567_c0008_003.jpg,567,7,-1,True,175,3100,0.039644554839688366,0.06551853238487458,1204,2671,0,0,0,0
2129,0567_c0008_004.jpg,567,7,-1,True,175,3100,0.03966075834726628,0.06554307116104868,1203,2670,0,0,0,0
2130,0567_c0008_005.jpg,567,7,-1,True,175,3100,0.039644989759579564,0.06554307116104868,1204,2670,0,0,0,0
2131,0567_c0008_006.jpg,567,7,-1,True,175,3100,0.03962471770364251,0.06542056074766354,1210,2675,0,0,0,0
2132,0567_c0008_007.jpg,567,7,-1,True,175,3100,0.03963286590982739,0.06542056074766354,1212,2675,0,0,0,0
2133,0567_c0008_008.jpg,567,7,-1,True,175,3100,0.03963210587828434,0.06544502617801047,1212,2674,0,0,0,0
2134,0567_c0008_009.jpg,567,7,-1,True,175,3100,0.03963397886541214,0.06544502617801047,1210,2674,0,0,0,0
2135,0567_c0008_010.jpg,567,7,-1,True,175,3100,0.03965245995456113,0.06559220389805097,1211,2668,0,0,0,0
2136,0567_c0008_011.jpg,567,7,-1,True,175,3100,0.03963498485862959,0.06559220389805097,1211,2668,0,0,0,0
2137,0567_c0008_012.jpg,567,7,-1,True,175,3100,0.0396730251416846,0.0656906906906907,1200,2664,0,0,0,0
2138,0567_c0008_013.jpg,567,7,-1,True,175,3100,0.0396271907888709,0.06556762832521544,1207,2669,0,0,0,0
2139,0567_c0008_014.jpg,567,7,-1,True,175,3100,0.0396353182704581,0.06561679790026247,1208,2667,0,0,0,0
2140,0567_c0008_015.jpg,567,7,-1,True,175,3100,0.039618738612971466,0.06556762832521544,1207,2669,0,0,0,0
2141,0567_c0008_016.jpg,567,7,-1,True,175,3100,0.039613618595323516,0.06556762832521544,1208,2669,0,0,0,0
2142,0567_c0008_017.jpg,567,7,-1,True,175,3100,0.03970048967334076,0.06574004507888806,1204,2662,0,0,0,0
2143,0567_c0008_018.jpg,567,7,-1,True,175,3100,0.03965608003395138,0.0656906906906907,1204,2664,0,0,0,0
2144,0567_c0008_019.jpg,567,7,-1,True,175,3100,0.039689360756489184,0.06571535861809989,1203,2663,0,0,0,0
2145,0567_c0008_020.jpg,567,7,-1,True,175,3100,0.03966586655296427,0.06571535861809989,1201,2663,0,0,0,0
2146,0567_c0008_021.jpg,567,7,-1,True,175,3100,0.03970256134033009,0.06574004507888806,1210,2662,0,0,0,0
2147,0567_c0008_022.jpg,567,7,-1,True,175,3100,0.039651940790493605,0.06571535861809989,1207,2663,0,0,0,0
2148,0567_c0008_023.jpg,567,7,-1,True,175,3100,0.03966246501051431,0.0656906906906907,1201,2664,0,0,0,0
2149,0567_c0008_024.jpg,567,7,-1,True,175,3100,0.03962730199560713,0.06566604127579738,1200,2665,0,0,0,0
2150,0573_c0001_000.jpg,573,0,-1,True,175,3100,0.39919637865359303,0.264750378214826,5,661,0,1,1,1
2151,0573_c0001_001.jpg,573,0,-1,True,175,3100,0.3993272816040233,0.264750378214826,7,661,0,0,1,1
2152,0573_c0001_002.jpg,573,0,-1,True,175,3100,0.39909821766698633,0.26515151515151514,7,660,0,0,1,1
2153,0573_c0001_003.jpg,573,0,-1,True,175,3100,0.40036381437181245,0.26515151515151514,7,660,0,0,1,1
2154,0573_c0001_004.jpg,573,0,-1,True,175,3100,0.39919333538034135,0.26515151515151514,7,660,0,0,1,1
2155,0573_c0001_005.jpg,573,0,-1,True,175,3100,0.39974470222427416,0.26515151515151514,7,660,0,0,1,1
2156,0573_c0001_006.jpg,573,0,-1,True,175,3100,0.40076079269019976,0.264750378214826,5,661,0,1,1,1
2157,0573_c0001_007.jpg,573,0,-1,True,175,3100,0.40161175960765766,0.26555386949924126,5,659,0,1,1,1
2158,0573_c0001_008.jpg,573,0,-1,True,175,3100,0.40087771481444034,0.26515151515151514,5,660,0,1,1,1
2159,0573_c0001_009.jpg,573,0,-1,True,175,3100,0.4013131979295758,0.26555386949924126,5,659,0,1,1,1
2160,0573_c0001_010.jpg,573,0,-1,True,175,3100,0.39893619478329373,0.26515151515151514,7,660,0,0,1,1
2161,0573_c0001_011.jpg,573,0,-1,True,175,3100,0.4000056722794095,0.26515151515151514,7,660,0,0,1,1
2162,0573_c0001_012.jpg,573,0,-1,True,175,3100,0.39815783267019517,0.26515151515151514,7,660,0,0,1,1
2163,0573_c0001_013.jpg,573,0,-1,True,175,3100,0.39886771770268614,0.26515151515151514,7,660,0,0,1,1
2164,0573_c0001_014.jpg,573,0,-1,True,175,3100,0.3976944031895308,0.264750378214826,7,661,0,0,1,1
2165,0573_c0001_015.jpg,573,0,-1,True,175,3100,0.3987835186564432,0.26515151515151514,7,660,0,0,1,1
2166,0573_c0001_016.jpg,573,0,-1,True,175,3100,0.39685063557150224,0.26515151515151514,7,660,0,0,1,1
2167,0573_c0001_017.jpg,573,0,-1,True,175,3100,0.3967061166869229,0.26435045317220546,7,662,0,0,1,1
2168,0573_c0001_018.jpg,573,0,-1,True,175,3100,0.39670792301581903,0.264750378214826,7,661,0,0,1,1
2169,0573_c0001_019.jpg,573,0,-1,True,175,3100,0.39916126500522814,0.26515151515151514,7,660,0,0,1,1
2170,0573_c0001_020.jpg,573,0,-1,True,175,3100,0.3976930236168345,0.26515151515151514,7,660,0,0,1,1
2171,0573_c0001_021.jpg,573,0,-1,True,175,3100,0.3982433347757197,0.26515151515151514,7,660,0,0,1,1
2172,0573_c0001_022.jpg,573,0,-1,True,175,3100,0.39721048255020003,0.26515151515151514,7,660,0,0,1,1
2173,0573_c0001_023.jpg,573,0,-1,True,175,3100,0.3977970769433002,0.264750378214826,7,661,0,0,1,1
2174,0573_c0001_024.jpg,573,0,-1,True,175,3100,0.39887509014801337,0.264750378214826,7,661,0,0,1,1
2175,0573_c0002_000.jpg,573,1,-1,True,175,3100,0.43315755854590415,0.2596439169139466,8,674,0,0,1,1
2176,0573_c0002_001.jpg,573,1,-1,True,175,3100,0.4360894622738681,0.2596439169139466,7,674,0,0,1,1
2177,0573_c0002_002.jpg,573,1,-1,True,175,3100,0.4362909878785912,0.2604166666666667,7,672,0,0,1,1
2178,0573_c0002_003.jpg,573,1,-1,True,175,3100,0.4355106060786601,0.2600297176820208,7,673,0,0,1,1
2179,0573_c0002_004.jpg,573,1,-1,True,175,3100,0.43464708340723907,0.2596439169139466,7,674,0,0,1,1
2180,0573_c0002_005.jpg,573,1,-1,True,175,3100,0.43538836888930127,0.2596439169139466,7,674,0,0,1,1
2181,0573_c0002_006.jpg,573,1,-1,True,175,3100,0.43565246659905565,0.2596439169139466,7,674,0,0,1,1
2182,0573_c0002_007.jpg,573,1,-1,True,175,3100,0.4358763956262492,0.25925925925925924,7,675,0,0,1,1
2183,0573_c0002_008.jpg,573,1,-1,True,175,3100,0.43656282085639403,0.2596439169139466,7,674,0,0,1,1
2184,0573_c0002_009.jpg,573,1,-1,True,175,3100,0.43701891526243775,0.25925925925925924,7,675,0,0,1,1
2185,0573_c0002_010.jpg,573,1,-1,True,175,3100,0.4374167298367047,0.25925925925925924,7,675,0,0,1,1
2186,0573_c0002_011.jpg,573,1,-1,True,175,3100,0.43823970145013397,0.2588757396449704,7,676,0,0,1,1
2187,0573_c0002_012.jpg,573,1,-1,True,175,3100,0.4365081867527967,0.2596439169139466,7,674,0,0,1,1
2188,0573_c0002_013.jpg,573,1,-1,True,175,3100,0.43734496264479894,0.2596439169139466,7,674,0,0,1,1
2189,0573_c0002_014.jpg,573,1,-1,True,175,3100,0.43803029268149707,0.2588757396449704,7,676,0,0,1,1
2190,0573_c0002_015.jpg,573,1,-1,True,175,3100,0.43755256739801623,0.2588757396449704,7,676,0,0,1,1
2191,0573_c0002_016.jpg,573,1,-1,True,175,3100,0.4384989207854379,0.2588757396449704,7,676,0,0,1,1
2192,0573_c0002_017.jpg,573,1,-1,True,175,3100,0.4366760298093076,0.25925925925925924,7,675,0,0,1,1
2193,0573_c0002_018.jpg,573,1,-1,True,175,3100,0.43742438704297726,0.2588757396449704,7,676,0,0,1,1
2194,0573_c0002_019.jpg,573,1,-1,True,175,3100,0.4370236506048788,0.2588757396449704,7,676,0,0,1,1
2195,0573_c0002_020.jpg,573,1,-1,True,175,3100,0.43642811838375356,0.25925925925925924,7,675,0,0,1,1
2196,0573_c0002_021.jpg,573,1,-1,True,175,3100,0.4364495908171241,0.25925925925925924,7,675,0,0,1,1
2197,0573_c0002_022.jpg,573,1,-1,True,175,3100,0.4358705162589825,0.2588757396449704,7,676,0,0,1,1
2198,0573_c0002_023.jpg,573,1,-1,True,175,3100,0.4360722763472874,0.25925925925925924,7,675,0,0,1,1
2199,0573_c0002_024.jpg,573,1,-1,True,175,3100,0.4374731944422399,0.258493353028065,7,677,0,0,1,1
2200,0573_c0003_000.jpg,573,2,-1,True,175,3100,0.4184019030948193,0.2679938744257274,1,653,1,1,1,1
2201,0573_c0003_001.jpg,573,2,-1,True,175,3100,0.4204704345001498,0.2679938744257274,1,653,1,1,1,1
2202,0573_c0003_002.jpg,573,2,-1,True,175,3100,0.41924241954510194,0.2679938744257274,1,653,1,1,1,1
2203,0573_c0003_003.jpg,573,2,-1,True,175,3100,0.41841736053103107,0.2679938744257274,1,653,1,1,1,1
2204,0573_c0003_004.jpg,573,2,-1,True,175,3100,0.42040368984429427,0.2679938744257274,1,653,1,1,1,1
2205,0573_c0003_005.jpg,573,2,-1,True,175,3100,0.42165145674849197,0.2679938744257274,1,653,1,1,1,1
2206,0573_c0003_006.jpg,573,2,-1,True,175,3100,0.4244515827636823,0.2684049079754601,1,652,1,1,1,1
2207,0573_c0003_007.jpg,573,2,-1,True,175,3100,0.4219467427031332,0.2696456086286595,1,649,1,1,1,1
2208,0573_c0003_008.jpg,573,2,-1,True,175,3100,0.42310606840419124,0.2700617283950617,1,648,1,1,1,1
2209,0573_c0003_009.jpg,573,2,-1,True,175,3100,0.4230343470709985,0.2700617283950617,1,648,1,1,1,1
2210,0573_c0003_010.jpg,573,2,-1,True,175,3100,0.4269284394368541,0.2696456086286595,1,649,1,1,1,1
2211,0573_c0003_011.jpg,573,2,-1,True,175,3100,0.4269572331261249,0.2700617283950617,1,648,1,1,1,1
2212,0573_c0003_012.jpg,573,2,-1,True,175,3100,0.42476766379980585,0.2692307692307692,1,650,1,1,1,1
2213,0573_c0003_013.jpg,573,2,-1,True,175,3100,0.42393082514615726,0.2696456086286595,1,649,1,1,1,1
2214,0573_c0003_014.jpg,573,2,-1,True,175,3100,0.42482779554102584,0.2700617283950617,1,648,1,1,1,1
2215,0573_c0003_015.jpg,573,2,-1,True,175,3100,0.42316048323639976,0.2700617283950617,1,648,1,1,1,1
2216,0573_c0003_016.jpg,573,2,-1,True,175,3100,0.4201828643679785,0.2696456086286595,1,649,1,1,1,1
2217,0573_c0003_017.jpg,573,2,-1,True,175,3100,0.421736567943455,0.2692307692307692,1,650,1,1,1,1
2218,0573_c0003_018.jpg,573,2,-1,True,175,3100,0.41877172469546164,0.2696456086286595,1,649,1,1,1,1
2219,0573_c0003_019.jpg,573,2,-1,True,175,3100,0.42105781033751427,0.2700617283950617,1,648,1,1,1,1
2220,0573_c0003_020.jpg,573,2,-1,True,175,3100,0.4214594874812111,0.2700617283950617,1,648,1,1,1,1
2221,0573_c0003_021.jpg,573,2,-1,True,175,3100,0.4181766814455208,0.2696456086286595,1,649,1,1,1,1
2222,0573_c0003_022.jpg,573,2,-1,True,175,3100,0.4212845214100718,0.2700617283950617,1,648,1,1,1,1
2223,0573_c0003_023.jpg,573,2,-1,True,175,3100,0.42166051995686604,0.2700617283950617,1,648,1,1,1,1
2224,0573_c0003_024.jpg,573,2,-1,True,175,3100,0.4221538695955842,0.2700617283950617,1,648,1,1,1,1
2225,0573_c0004_000.jpg,573,3,-1,True,175,3100,0.3863916304865141,0.2692307692307692,18,650,0,0,0,1
2226,0573_c0004_001.jpg,573,3,-1,True,175,3100,0.3860594649374749,0.2692307692307692,18,650,0,0,0,1
2227,0573_c0004_002.jpg,573,3,-1,True,175,3100,0.3864282071089524,0.2692307692307692,18,650,0,0,0,1
2228,0573_c0004_003.jpg,573,3,-1,True,175,3100,0.3862905253874817,0.2696456086286595,18,649,0,0,0,1
2229,0573_c0004_004.jpg,573,3,-1,True,175,3100,0.3871613576984034,0.2692307692307692,18,650,0,0,0,1
2230,0573_c0004_005.jpg,573,3,-1,True,175,3100,0.38660684586410593,0.2692307692307692,18,650,0,0,0,1
2231,0573_c0004_006.jpg,573,3,-1,True,175,3100,0.3872278517151513,0.2692307692307692,18,650,0,0,0,1
2232,0573_c0004_007.jpg,573,3,-1,True,175,3100,0.3872662317715093,0.26881720430107525,18,651,0,0,0,1
2233,0573_c0004_008.jpg,573,3,-1,True,175,3100,0.3866733180691044,0.2692307692307692,18,650,0,0,0,1
2234,0573_c0004_009.jpg,573,3,-1,True,175,3100,0.3862221313457147,0.2696456086286595,18,649,0,0,0,1
2235,0573_c0004_010.jpg,573,3,-1,True,175,3100,0.3854869582171855,0.2696456086286595,18,649,0,0,0,1
2236,0573_c0004_011.jpg,573,3,-1,True,175,3100,0.3854704371850606,0.2692307692307692,18,650,0,0,0,1
2237,0573_c0004_012.jpg,573,3,-1,True,175,3100,0.3855277704240588,0.2692307692307692,18,650,0,0,0,1
2238,0573_c0004_013.jpg,573,3,-1,True,175,3100,0.3871082242965404,0.2692307692307692,18,650,0,0,0,1
2239,0573_c0004_014.jpg,573,3,-1,True,175,3100,0.3864308663250692,0.2696456086286595,18,649,0,0,0,1
2240,0573_c0004_015.jpg,573,3,-1,True,175,3100,0.3864013636611152,0.2692307692307692,18,650,0,0,0,1
2241,0573_c0004_016.jpg,573,3,-1,True,175,3100,0.3861116980951715,0.2692307692307692,18,650,0,0,0,1
2242,0573_c0004_017.jpg,573,3,-1,True,175,3100,0.38664359101074736,0.2692307692307692,18,650,0,0,0,1
2243,0573_c0004_018.jpg,573,3,-1,True,175,3100,0.38672198849963463,0.2692307692307692,18,650,0,0,0,1
2244,0573_c0004_019.jpg,573,3,-1,True,175,3100,0.38593294252082694,0.2692307692307692,18,650,0,0,0,1
2245,0573_c0004_020.jpg,573,3,-1,True,175,3100,0.3860800347674289,0.2692307692307692,18,650,0,0,0,1
2246,0573_c0004_021.jpg,573,3,-1,True,175,3100,0.3856751466090439,0.2692307692307692,18,650,0,0,0,1
2247,0573_c0004_022.jpg,573,3,-1,True,175,3100,0.3863827403524655,0.2692307692307692,18,650,0,0,0,1
2248,0573_c0004_023.jpg,573,3,-1,True,175,3100,0.3849919115380718,0.2696456086286595,18,649,0,0,0,1
2249,0573_c0004_024.jpg,573,3,-1,True,175,3100,0.38443674110827836,0.2696456086286595,18,649,0,0,0,1
2250,0573_c0005_000.jpg,573,4,-1,True,175,3100,0.4295430401653716,0.264750378214826,1,661,1,1,1,1
2251,0573_c0005_001.jpg,573,4,-1,True,175,3100,0.4323615489311859,0.26435045317220546,1,662,1,1,1,1
2252,0573_c0005_002.jpg,573,4,-1,True,175,3100,0.43379435814793804,0.2635542168674699,1,664,1,1,1,1
2253,0573_c0005_003.jpg,573,4,-1,True,175,3100,0.43018698784731285,0.2635542168674699,1,664,1,1,1,1
2254,0573_c0005_004.jpg,573,4,-1,True,175,3100,0.4293319341120579,0.264750378214826,1,661,1,1,1,1
2255,0573_c0005_005.jpg,573,4,-1,True,175,3100,0.42916791727579046,0.26435045317220546,1,662,1,1,1,1
2256,0573_c0005_006.jpg,573,4,-1,True,175,3100,0.432880903404329,0.26435045317220546,1,662,1,1,1,1
2257,0573_c0005_007.jpg,573,4,-1,True,175,3100,0.4302946047267611,0.264750378214826,1,661,1,1,1,1
2258,0573_c0005_008.jpg,573,4,-1,True,175,3100,0.4305110918284283,0.26515151515151514,1,660,1,1,1,1
2259,0573_c0005_009.jpg,573,4,-1,True,175,3100,0.43018419628932153,0.26515151515151514,1,660,1,1,1,1
2260,0573_c0005_010.jpg,573,4,-1,True,175,3100,0.4324573779430986,0.26555386949924126,1,659,1,1,1,1
2261,0573_c0005_011.jpg,573,4,-1,True,175,3100,0.43369900257124755,0.26435045317220546,1,662,1,1,1,1
2262,0573_c0005_012.jpg,573,4,-1,True,175,3100,0.43221411556090306,0.26515151515151514,1,660,1,1,1,1
2263,0573_c0005_013.jpg,573,4,-1,True,175,3100,0.42966437690106235,0.26515151515151514,1,660,1,1,1,1
2264,0573_c0005_014.jpg,573,4,-1,True,175,3100,0.43314256188344075,0.26435045317220546,1,662,1,1,1,1
2265,0573_c0005_015.jpg,573,4,-1,True,175,3100,0.4301740948968189,0.264750378214826,1,661,1,1,1,1
2266,0573_c0005_016.jpg,573,4,-1,True,175,3100,0.43381960692839633,0.2631578947368421,1,665,1,1,1,1
2267,0573_c0005_017.jpg,573,4,-1,True,175,3100,0.42930378731873103,0.264750378214826,1,661,1,1,1,1
2268,0573_c0005_018.jpg,573,4,-1,True,175,3100,0.4301043609451955,0.26515151515151514,1,660,1,1,1,1
2269,0573_c0005_019.jpg,573,4,-1,True,175,3100,0.43013115048520256,0.26515151515151514,1,660,1,1,1,1
2270,0573_c0005_020.jpg,573,4,-1,True,175,3100,0.43328820880632407,0.264750378214826,1,661,1,1,1,1
2271,0573_c0005_021.jpg,573,4,-1,True,175,3100,0.43049704350957363,0.26515151515151514,1,660,1,1,1,1
2272,0573_c0005_022.jpg,573,4,-1,True,175,3100,0.4297155145111878,0.26515151515151514,1,660,1,1,1,1
2273,0573_c0005_023.jpg,573,4,-1,True,175,3100,0.4313695292697495,0.26515151515151514,1,660,1,1,1,1
2274,0573_c0005_024.jpg,573,4,-1,True,175,3100,0.4300917794453716,0.26515151515151514,1,660,1,1,1,1
2275,0573_c0006_000.jpg,573,5,-1,True,175,3100,0.44954656576951574,0.2777777777777778,6,630,0,0,1,1
2276,0573_c0006_001.jpg,573,5,-1,True,175,3100,0.44897108400516783,0.27910685805422647,6,627,0,0,1,1
2277,0573_c0006_002.jpg,573,5,-1,True,175,3100,0.4477295446929562,0.28,7,625,0,0,1,1
2278,0573_c0006_003.jpg,573,5,-1,True,175,3100,0.44718271213575495,0.2795527156549521,7,626,0,0,1,1
2279,0573_c0006_004.jpg,573,5,-1,True,175,3100,0.44626407574725363,0.2786624203821656,7,628,0,0,1,1
2280,0573_c0006_005.jpg,573,5,-1,True,175,3100,0.4481804951697333,0.27910685805422647,6,627,0,0,1,1
2281,0573_c0006_006.jpg,573,5,-1,True,175,3100,0.4467576598562386,0.2786624203821656,7,628,0,0,1,1
2282,0573_c0006_007.jpg,573,5,-1,True,175,3100,0.4455324258667823,0.2786624203821656,7,628,0,0,1,1
2283,0573_c0006_008.jpg,573,5,-1,True,175,3100,0.4455160998664293,0.27910685805422647,7,627,0,0,1,1
2284,0573_c0006_009.jpg,573,5,-1,True,175,3100,0.45023847916381393,0.28,4,625,0,1,1,1
2285,0573_c0006_010.jpg,573,5,-1,True,175,3100,0.4471769802016071,0.2795527156549521,6,626,0,0,1,1
2286,0573_c0006_011.jpg,573,5,-1,True,175,3100,0.447266233036135,0.2795527156549521,6,626,0,0,1,1
2287,0573_c0006_012.jpg,573,5,-1,True,175,3100,0.44936620882033,0.2786624203821656,4,628,0,1,1,1
2288,0573_c0006_013.jpg,573,5,-1,True,175,3100,0.4494091808911633,0.2786624203821656,4,628,0,1,1,1
2289,0573_c0006_014.jpg,573,5,-1,True,175,3100,0.44889791839395066,0.2786624203821656,4,628,0,1,1,1
2290,0573_c0006_015.jpg,573,5,-1,True,175,3100,0.44804599733929845,0.28,6,625,0,0,1,1
2291,0573_c0006_016.jpg,573,5,-1,True,175,3100,0.4472174503261517,0.28,6,625,0,0,1,1
2292,0573_c0006_017.jpg,573,5,-1,True,175,3100,0.44631344461270894,0.27910685805422647,7,627,0,0,1,1
2293,0573_c0006_018.jpg,573,5,-1,True,175,3100,0.4474637810472744,0.27821939586645467,6,629,0,0,1,1
2294,0573_c0006_019.jpg,573,5,-1,True,175,3100,0.44722867584531034,0.27821939586645467,6,629,0,0,1,1
2295,0573_c0006_020.jpg,573,5,-1,True,175,3100,0.44802743114078175,0.2795527156549521,6,626,0,0,1,1
2296,0573_c0006_021.jpg,573,5,-1,True,175,3100,0.4493594940395625,0.28,4,625,0,1,1,1
2297,0573_c0006_022.jpg,573,5,-1,True,175,3100,0.4472062702848705,0.27821939586645467,6,629,0,0,1,1
2298,0573_c0006_023.jpg,573,5,-1,True,175,3100,0.44750240032214955,0.2786624203821656,6,628,0,0,1,1
2299,0573_c0006_024.jpg,573,5,-1,True,175,3100,0.44753837251417933,0.2786624203821656,6,628,0,0,1,1
2300,0573_c0007_000.jpg,573,6,-1,True,175,3100,0.44061147915179844,0.3615702479338843,13,484,0,0,0,1
2301,0573_c0007_001.jpg,573,6,-1,True,175,3100,0.43926855451423813,0.35714285714285715,15,490,0,0,0,1
2302,0573_c0007_002.jpg,573,6,-1,True,175,3100,0.43994968142566854,0.360082304526749,14,486,0,0,0,1
2303,0573_c0007_003.jpg,573,6,-1,True,175,3100,0.44056636235301366,0.35714285714285715,15,490,0,0,0,1
2304,0573_c0007_004.jpg,573,6,-1,True,175,3100,0.43850325006420915,0.35714285714285715,16,490,0,0,0,1
2305,0573_c0007_005.jpg,573,6,-1,True,175,3100,0.43875100453573346,0.3593429158110883,14,487,0,0,0,1
2306,0573_c0007_006.jpg,573,6,-1,True,175,3100,0.4419767597394711,0.3593429158110883,12,487,0,0,0,1
2307,0573_c0007_007.jpg,573,6,-1,True,175,3100,0.442435755241277,0.3615702479338843,12,484,0,0,0,1
2308,0573_c0007_008.jpg,573,6,-1,True,175,3100,0.43951056860114646,0.360082304526749,14,486,0,0,0,1
2309,0573_c0007_009.jpg,573,6,-1,True,175,3100,0.44368466369496956,0.3630705394190871,12,482,0,0,0,1
2310,0573_c0007_010.jpg,573,6,-1,True,175,3100,0.44370399824952206,0.36231884057971014,12,483,0,0,0,1
2311,0573_c0007_011.jpg,573,6,-1,True,175,3100,0.4435572844803988,0.36231884057971014,11,483,0,0,0,1
2312,0573_c0007_012.jpg,573,6,-1,True,175,3100,0.4428685718049646,0.360082304526749,12,486,0,0,0,1
2313,0573_c0007_013.jpg,573,6,-1,True,175,3100,0.44063239487110795,0.360082304526749,14,486,0,0,0,1
2314,0573_c0007_014.jpg,573,6,-1,True,175,3100,0.4372328495375476,0.3564154786150713,16,491,0,0,0,1
2315,0573_c0007_015.jpg,573,6,-1,True,175,3100,0.43783588641444804,0.35860655737704916,16,488,0,0,0,1
2316,0573_c0007_016.jpg,573,6,-1,True,175,3100,0.4422734014439163,0.36231884057971014,14,483,0,0,0,1
2317,0573_c0007_017.jpg,573,6,-1,True,175,3100,0.4454141639370385,0.3684210526315789,12,475,0,0,0,1
2318,0573_c0007_018.jpg,573,6,-1,True,175,3100,0.44561466787678,0.36610878661087864,11,478,0,0,0,1
2319,0573_c0007_019.jpg,573,6,-1,True,175,3100,0.44446797966400947,0.3653444676409186,12,479,0,0,0,1
2320,0573_c0007_020.jpg,573,6,-1,True,175,3100,0.4433406771921409,0.3645833333333333,12,480,0,0,0,1
2321,0573_c0007_021.jpg,573,6,-1,True,175,3100,0.44145901555178213,0.36231884057971014,14,483,0,0,0,1
2322,0573_c0007_022.jpg,573,6,-1,True,175,3100,0.44163459441682384,0.36231884057971014,14,483,0,0,0,1
2323,0573_c0007_023.jpg,573,6,-1,True,175,3100,0.44192760692096944,0.36231884057971014,13,483,0,0,0,1
2324,0573_c0007_024.jpg,573,6,-1,True,175,3100,0.44205713297106425,0.36231884057971014,13,483,0,0,0,1
2325,0573_c0008_000.jpg,573,7,-1,True,175,3100,0.3748111654627437,0.2696456086286595,52,649,0,0,0,0
2326,0573_c0008_001.jpg,573,7,-1,True,175,3100,0.3754107987313118,0.2692307692307692,51,650,0,0,0,0
2327,0573_c0008_002.jpg,573,7,-1,True,175,3100,0.3749501680334581,0.2696456086286595,52,649,0,0,0,0
2328,0573_c0008_003.jpg,573,7,-1,True,175,3100,0.3760934947206521,0.2692307692307692,49,650,0,0,0,0
2329,0573_c0008_004.jpg,573,7,-1,True,175,3100,0.375408521553996,0.2692307692307692,50,650,0,0,0,0
2330,0573_c0008_005.jpg,573,7,-1,True,175,3100,0.37556336535947393,0.2692307692307692,51,650,0,0,0,0
2331,0573_c0008_006.jpg,573,7,-1,True,175,3100,0.375321562647371,0.2684049079754601,51,652,0,0,0,0
2332,0573_c0008_007.jpg,573,7,-1,True,175,3100,0.37388268330200847,0.2696456086286595,52,649,0,0,0,0
2333,0573_c0008_008.jpg,573,7,-1,True,175,3100,0.3746915555006134,0.26881720430107525,52,651,0,0,0,0
2334,0573_c0008_009.jpg,573,7,-1,True,175,3100,0.372786440688601,0.2696456086286595,52,649,0,0,0,0
2335,0573_c0008_010.jpg,573,7,-1,True,175,3100,0.37425020643394125,0.2696456086286595,52,649,0,0,0,0
2336,0573_c0008_011.jpg,573,7,-1,True,175,3100,0.372860950106192,0.2696456086286595,52,649,0,0,0,0
2337,0573_c0008_012.jpg,573,7,-1,True,175,3100,0.37447407035435243,0.2692307692307692,51,650,0,0,0,0
2338,0573_c0008_013.jpg,573,7,-1,True,175,3100,0.3741278313173078,0.2696456086286595,52,649,0,0,0,0
2339,0573_c0008_014.jpg,573,7,-1,True,175,3100,0.37563494989309437,0.2692307692307692,50,650,0,0,0,0
2340,0573_c0008_015.jpg,573,7,-1,True,175,3100,0.37287326482344335,0.2696456086286595,52,649,0,0,0,0
2341,0573_c0008_016.jpg,573,7,-1,True,175,3100,0.37417930486312,0.2696456086286595,52,649,0,0,0,0
2342,0573_c0008_017.jpg,573,7,-1,True,175,3100,0.373707950436007,0.2696456086286595,52,649,0,0,0,0
2343,0573_c0008_018.jpg,573,7,-1,True,175,3100,0.37344762300656736,0.2684049079754601,52,652,0,0,0,0
2344,0573_c0008_019.jpg,573,7,-1,True,175,3100,0.373330073826413,0.26881720430107525,52,651,0,0,0,0
2345,0573_c0008_020.jpg,573,7,-1,True,175,3100,0.3722984276039095,0.2692307692307692,52,650,0,0,0,0
2346,0573_c0008_021.jpg,573,7,-1,True,175,3100,0.37064562796012435,0.26881720430107525,52,651,0,0,0,0
2347,0573_c0008_022.jpg,573,7,-1,True,175,3100,0.37040875992614913,0.2684049079754601,52,652,0,0,0,0
2348,0573_c0008_023.jpg,573,7,-1,True,175,3100,0.37197079307301734,0.2696456086286595,52,649,0,0,0,0
2349,0573_c0008_024.jpg,573,7,-1,True,175,3100,0.37073951850478915,0.2700617283950617,52,648,0,0,0,0
2350,0579_c0001_000.jpg,579,0,-1,True,175,3100,0.0397148982584179,0.06046993780234969,749,2894,0,0,0,0
2351,0579_c0001_001.jpg,579,0,-1,True,175,3100,0.03971809533464398,0.060490839958520566,749,2893,0,0,0,0
2352,0579_c0001_002.jpg,579,0,-1,True,175,3100,0.0396978280917169,0.06046993780234969,748,2894,0,0,0,0
2353,0579_c0001_003.jpg,579,0,-1,True,175,3100,0.03971046673841893,0.06046993780234969,749,2894,0,0,0,0
2354,0579_c0001_004.jpg,579,0,-1,True,175,3100,0.03968069369941507,0.060511756569847856,751,2892,0,0,0,0
2355,0579_c0001_005.jpg,579,0,-1,True,175,3100,0.03966854743276146,0.06046993780234969,751,2894,0,0,0,0
2356,0579_c0001_006.jpg,579,0,-1,True,175,3100,0.03969457383253625,0.060511756569847856,751,2892,0,0,0,0
2357,0579_c0001_007.jpg,579,0,-1,True,175,3100,0.03966131141210427,0.060490839958520566,751,2893,0,0,0,0
2358,0579_c0001_008.jpg,579,0,-1,True,175,3100,0.039661216095463886,0.06044905008635579,751,2895,0,0,0,0
2359,0579_c0001_009.jpg,579,0,-1,True,175,3100,0.03965037543498247,0.06046993780234969,754,2894,0,0,0,0
2360,0579_c0001_010.jpg,579,0,-1,True,175,3100,0.039636231496384636,0.060511756569847856,757,2892,0,0,0,0
2361,0579_c0001_011.jpg,579,0,-1,True,175,3100,0.03961937801229665,0.060490839958520566,758,2893,0,0,0,0
2362,0579_c0001_012.jpg,579,0,-1,True,175,3100,0.03958376071256897,0.060511756569847856,759,2892,0,0,0,0
2363,0579_c0001_013.jpg,579,0,-1,True,175,3100,0.03958229931456565,0.060490839958520566,759,2893,0,0,0,0
2364,0579_c0001_014.jpg,579,0,-1,True,175,3100,0.039608467660271686,0.060511756569847856,758,2892,0,0,0,0
2365,0579_c0001_015.jpg,579,0,-1,True,175,3100,0.03959787443693097,0.060490839958520566,755,2893,0,0,0,0
2366,0579_c0001_016.jpg,579,0,-1,True,175,3100,0.03962613921497154,0.060490839958520566,753,2893,0,0,0,0
2367,0579_c0001_017.jpg,579,0,-1,True,175,3100,0.03965800649360342,0.06046993780234969,751,2894,0,0,0,0
2368,0579_c0001_018.jpg,579,0,-1,True,175,3100,0.03968899958512419,0.060511756569847856,749,2892,0,0,0,0
2369,0579_c0001_019.jpg,579,0,-1,True,175,3100,0.039708873349859154,0.06053268765133172,749,2891,0,0,0,0
2370,0579_c0001_020.jpg,579,0,-1,True,175,3100,0.039625318778113795,0.060490839958520566,752,2893,0,0,0,0
2371,0579_c0001_021.jpg,579,0,-1,True,175,3100,0.039617818379901464,0.06046993780234969,753,2894,0,0,0,0
2372,0579_c0001_022.jpg,579,0,-1,True,175,3100,0.03963500116053517,0.06046993780234969,753,2894,0,0,0,0
2373,0579_c0001_023.jpg,579,0,-1,True,175,3100,0.03963601903886206,0.06046993780234969,752,2894,0,0,0,0
2374,0579_c0001_024.jpg,579,0,-1,True,175,3100,0.03964169226246256,0.06046993780234969,753,2894,0,0,0,0
2375,0579_c0002_000.jpg,579,1,-1,True,175,3100,0.040228897821924604,0.061663143058491895,742,2838,0,0,0,0
2376,0579_c0002_001.jpg,579,1,-1,True,175,3100,0.040219850744001875,0.061663143058491895,741,2838,0,0,0,0
2377,0579_c0002_002.jpg,579,1,-1,True,175,3100,0.04024283087510897,0.06168487839266831,740,2837,0,0,0,0
2378,0579_c0002_003.jpg,579,1,-1,True,175,3100,0.040288924242473656,0.06170662905500705,738,2836,0,0,0,0
2379,0579_c0002_004.jpg,579,1,-1,True,175,3100,0.040278246544859925,0.061663143058491895,743,2838,0,0,0,0
2380,0579_c0002_005.jpg,579,1,-1,True,175,3100,0.04027966163290433,0.061663143058491895,742,2838,0,0,0,0
2381,0579_c0002_006.jpg,579,1,-1,True,175,3100,0.0402451289980452,0.06164142303628038,744,2839,0,0,0,0
2382,0579_c0002_007.jpg,579,1,-1,True,175,3100,0.040231286485524646,0.06164142303628038,744,2839,0,0,0,0
2383,0579_c0002_008.jpg,579,1,-1,True,175,3100,0.040229100724914826,0.06164142303628038,743,2839,0,0,0,0
2384,0579_c0002_009.jpg,579,1,-1,True,175,3100,0.040243731525966116,0.06164142303628038,743,2839,0,0,0,0
2385,0579_c0002_010.jpg,579,1,-1,True,175,3100,0.04028936291046231,0.06164142303628038,745,2839,0,0,0,0
2386,0579_c0002_011.jpg,579,1,-1,True,175,3100,0.04030037423493348,0.061663143058491895,742,2838,0,0,0,0
2387,0579_c0002_012.jpg,579,1,-1,True,175,3100,0.04034746652347519,0.061750176429075515,740,2834,0,0,0,0
2388,0579_c0002_013.jpg,579,1,-1,True,175,3100,0.04032974733222627,0.06168487839266831,741,2837,0,0,0,0
2389,0579_c0002_014.jpg,579,1,-1,True,175,3100,0.04031643180156838,0.06168487839266831,741,2837,0,0,0,0
2390,0579_c0002_015.jpg,579,1,-1,True,175,3100,0.0402938051277496,0.061663143058491895,743,2838,0,0,0,0
2391,0579_c0002_016.jpg,579,1,-1,True,175,3100,0.0402967812005466,0.061663143058491895,743,2838,0,0,0,0
2392,0579_c0002_017.jpg,579,1,-1,True,175,3100,0.040320077545531706,0.06172839506172839,741,2835,0,0,0,0
2393,0579_c0002_018.jpg,579,1,-1,True,175,3100,0.04032850358836929,0.06172839506172839,741,2835,0,0,0,0
2394,0579_c0002_019.jpg,579,1,-1,True,175,3100,0.04031221515957034,0.061663143058491895,741,2838,0,0,0,0
2395,0579_c0002_020.jpg,579,1,-1,True,175,3100,0.04029518715112638,0.061663143058491895,742,2838,0,0,0,0
2396,0579_c0002_021.jpg,579,1,-1,True,175,3100,0.04029380416722634,0.061663143058491895,743,2838,0,0,0,0
2397,0579_c0002_022.jpg,579,1,-1,True,175,3100,0.040286543246081934,0.06168487839266831,742,2837,0,0,0,0
2398,0579_c0002_023.jpg,579,1,-1,True,175,3100,0.040331152268465446,0.06172839506172839,740,2835,0,0,0,0
2399,0579_c0002_024.jpg,579,1,-1,True,175,3100,0.0403416998883204,0.06172839506172839,739,2835,0,0,0,0
2400,0579_c0003_000.jpg,579,2,-1,True,175,3100,0.040107366410541294,0.06103941402162539,637,2867,0,0,0,0
2401,0579_c0003_001.jpg,579,2,-1,True,175,3100,0.04012903962157173,0.06103941402162539,637,2867,0,0,0,0
2402,0579_c0003_002.jpg,579,2,-1,True,175,3100,0.04015668276766723,0.06103941402162539,632,2867,0,0,0,0
2403,0579_c0003_003.jpg,579,2,-1,True,175,3100,0.040115527033070274,0.06101813110181311,636,2868,0,0,0,0
2404,0579_c0003_004.jpg,579,2,-1,True,175,3100,0.04014395286148258,0.06101813110181311,635,2868,0,0,0,0
2405,0579_c0003_005.jpg,579,2,-1,True,175,3100,0.04014514489974899,0.06103941402162539,635,2867,0,0,0,0
2406,0579_c0003_006.jpg,579,2,-1,True,175,3100,0.04018724685763715,0.06097560975609756,632,2870,0,0,0,0
2407,0579_c0003_007.jpg,579,2,-1,True,175,3100,0.04020894077585101,0.06099686301847333,629,2869,0,0,0,0
2408,0579_c0003_008.jpg,579,2,-1,True,175,3100,0.04013027740804579,0.06095437129919889,634,2871,0,0,0,0
2409,0579_c0003_009.jpg,579,2,-1,True,175,3100,0.04012793617474642,0.06099686301847333,635,2869,0,0,0,0
2410,0579_c0003_010.jpg,579,2,-1,True,175,3100,0.04014469368049208,0.06099686301847333,633,2869,0,0,0,0
2411,0579_c0003_011.jpg,579,2,-1,True,175,3100,0.040134225472150425,0.06101813110181311,633,2868,0,0,0,0
2412,0579_c0003_012.jpg,579,2,-1,True,175,3100,0.040133095182698884,0.06101813110181311,632,2868,0,0,0,0
2413,0579_c0003_013.jpg,579,2,-1,True,175,3100,0.04014246553982132,0.06101813110181311,630,2868,0,0,0,0
2414,0579_c0003_014.jpg,579,2,-1,True,175,3100,0.04017008436202677,0.06101813110181311,631,2868,0,0,0,0
2415,0579_c0003_015.jpg,579,2,-1,True,175,3100,0.040175648066073655,0.06101813110181311,632,2868,0,0,0,0
2416,0579_c0003_016.jpg,579,2,-1,True,175,3100,0.04014414668695971,0.06101813110181311,634,2868,0,0,0,0
2417,0579_c0003_017.jpg,579,2,-1,True,175,3100,0.04013891853018177,0.06101813110181311,634,2868,0,0,0,0
2418,0579_c0003_018.jpg,579,2,-1,True,175,3100,0.04014843990652118,0.06101813110181311,633,2868,0,0,0,0
2419,0579_c0003_019.jpg,579,2,-1,True,175,3100,0.04017467879211278,0.06106071179344034,631,2866,0,0,0,0
2420,0579_c0003_020.jpg,579,2,-1,True,175,3100,0.04017589465860639,0.06103941402162539,631,2867,0,0,0,0
2421,0579_c0003_021.jpg,579,2,-1,True,175,3100,0.04015976692180539,0.06101813110181311,631,2868,0,0,0,0
2422,0579_c0003_022.jpg,579,2,-1,True,175,3100,0.040150324196349466,0.06106071179344034,634,2866,0,0,0,0
2423,0579_c0003_023.jpg,579,2,-1,True,175,3100,0.040150266622492915,0.06106071179344034,633,2866,0,0,0,0
2424,0579_c0003_024.jpg,579,2,-1,True,175,3100,0.040145161584573374,0.06101813110181311,633,2868,0,0,0,0
2425,0579_c0004_000.jpg,579,3,-1,True,175,3100,0.038294001199595085,0.06072172102706454,769,2882,0,0,0,0
2426,0579_c0004_001.jpg,579,3,-1,True,175,3100,0.038288832939514586,0.06072172102706454,771,2882,0,0,0,0
2427,0579_c0004_002.jpg,579,3,-1,True,175,3100,0.03832655478258648,0.06067961165048544,767,2884,0,0,0,0
2428,0579_c0004_003.jpg,579,3,-1,True,175,3100,0.03831399300331249,0.06067961165048544,765,2884,0,0,0,0
2429,0579_c0004_004.jpg,579,3,-1,True,175,3100,0.038347596676593744,0.060658578856152515,760,2885,0,0,0,0
2430,0579_c0004_005.jpg,579,3,-1,True,175,3100,0.038363320513214436,0.06059556786703601,759,2888,0,0,0,0
2431,0579_c0004_006.jpg,579,3,-1,True,175,3100,0.038352250619052015,0.060637560637560636,760,2886,0,0,0,0
2432,0579_c0004_007.jpg,579,3,-1,True,175,3100,0.03838384007048285,0.060637560637560636,758,2886,0,0,0,0
2433,0579_c0004_008.jpg,579,3,-1,True,175,3100,0.038369809434192215,0.060616556979563564,759,2887,0,0,0,0
2434,0579_c0004_009.jpg,579,3,-1,True,175,3100,0.038381676432849614,0.060616556979563564,759,2887,0,0,0,0
2435,0579_c0004_010.jpg,579,3,-1,True,175,3100,0.03839728321600024,0.060637560637560636,756,2886,0,0,0,0
2436,0579_c0004_011.jpg,579,3,-1,True,175,3100,0.03836462538274085,0.060637560637560636,758,2886,0,0,0,0
2437,0579_c0004_012.jpg,579,3,-1,True,175,3100,0.038383736753164484,0.060616556979563564,756,2887,0,0,0,0
2438,0579_c0004_013.jpg,579,3,-1,True,175,3100,0.03837691390300225,0.060616556979563564,758,2887,0,0,0,0
2439,0579_c0004_014.jpg,579,3,-1,True,175,3100,0.03838142672520597,0.060637560637560636,756,2886,0,0,0,0
2440,0579_c0004_015.jpg,579,3,-1,True,175,3100,0.038421126311709346,0.06067961165048544,756,2884,0,0,0,0
2441,0579_c0004_016.jpg,579,3,-1,True,175,3100,0.03839998495791032,0.06067961165048544,756,2884,0,0,0,0
2442,0579_c0004_017.jpg,579,3,-1,True,175,3100,0.038417029414095936,0.06067961165048544,756,2884,0,0,0,0
2443,0579_c0004_018.jpg,579,3,-1,True,175,3100,0.03840855602730163,0.06067961165048544,756,2884,0,0,0,0
2444,0579_c0004_019.jpg,579,3,-1,True,175,3100,0.038421754681706596,0.06067961165048544,756,2884,0,0,0,0
2445,0579_c0004_020.jpg,579,3,-1,True,175,3100,0.03843713874502839,0.06067961165048544,755,2884,0,0,0,0
2446,0579_c0004_021.jpg,579,3,-1,True,175,3100,0.03842618051648546,0.060658578856152515,755,2885,0,0,0,0
2447,0579_c0004_022.jpg,579,3,-1,True,175,3100,0.03845710123215293,0.060700659035726676,752,2883,0,0,0,0
2448,0579_c0004_023.jpg,579,3,-1,True,175,3100,0.03845174758241104,0.06067961165048544,752,2884,0,0,0,0
2449,0579_c0004_024.jpg,579,3,-1,True,175,3100,0.038426177131386956,0.06067961165048544,753,2884,0,0,0,0
2450,0579_c0005_000.jpg,579,4,-1,True,175,3100,0.036644400613328285,0.06074279763970843,1186,2881,0,0,0,0
2451,0579_c0005_001.jpg,579,4,-1,True,175,3100,0.036645780874970446,0.06074279763970843,1187,2881,0,0,0,0
2452,0579_c0005_002.jpg,579,4,-1,True,175,3100,0.03663699387754569,0.06074279763970843,1188,2881,0,0,0,0
2453,0579_c0005_003.jpg,579,4,-1,True,175,3100,0.036627378382031096,0.06072172102706454,1190,2882,0,0,0,0
2454,0579_c0005_004.jpg,579,4,-1,True,175,3100,0.036635887202572576,0.06074279763970843,1187,2881,0,0,0,0
2455,0579_c0005_005.jpg,579,4,-1,True,175,3100,0.036629798101392955,0.06072172102706454,1187,2882,0,0,0,0
2456,0579_c0005_006.jpg,579,4,-1,True,175,3100,0.036616732638396286,0.060700659035726676,1190,2883,0,0,0,0
2457,0579_c0005_007.jpg,579,4,-1,True,175,3100,0.036686906595533725,0.060890744606819765,1175,2874,0,0,0,0
2458,0579_c0005_008.jpg,579,4,-1,True,175,3100,0.03667021074451238,0.06093314763231198,1180,2872,0,0,0,0
2459,0579_c0005_009.jpg,579,4,-1,True,175,3100,0.03670037197857757,0.06091193873999304,1173,2873,0,0,0,0
2460,0579_c0005_010.jpg,579,4,-1,True,175,3100,0.03666933821275735,0.060890744606819765,1172,2874,0,0,0,0
2461,0579_c0005_011.jpg,579,4,-1,True,175,3100,0.036664196438450286,0.060890744606819765,1173,2874,0,0,0,0
2462,0579_c0005_012.jpg,579,4,-1,True,175,3100,0.03665297897240082,0.06086956521739131,1180,2875,0,0,0,0
2463,0579_c0005_013.jpg,579,4,-1,True,175,3100,0.0366454687166071,0.06086956521739131,1179,2875,0,0,0,0
2464,0579_c0005_014.jpg,579,4,-1,True,175,3100,0.036694555729391315,0.06091193873999304,1167,2873,0,0,0,0
2465,0579_c0005_015.jpg,579,4,-1,True,175,3100,0.036700093670526214,0.06091193873999304,1167,2873,0,0,0,0
2466,0579_c0005_016.jpg,579,4,-1,True,175,3100,0.03667988647009115,0.060890744606819765,1177,2874,0,0,0,0
2467,0579_c0005_017.jpg,579,4,-1,True,175,3100,0.03667243555135436,0.060890744606819765,1178,2874,0,0,0,0
2468,0579_c0005_018.jpg,579,4,-1,True,175,3100,0.03667736761280473,0.06086956521739131,1173,2875,0,0,0,0
2469,0579_c0005_019.jpg,579,4,-1,True,175,3100,0.03668005030913335,0.060890744606819765,1172,2874,0,0,0,0
2470,0579_c0005_020.jpg,579,4,-1,True,175,3100,0.03665802906836311,0.06084840055632823,1179,2876,0,0,0,0
2471,0579_c0005_021.jpg,579,4,-1,True,175,3100,0.03664311407452203,0.06082725060827251,1178,2877,0,0,0,0
2472,0579_c0005_022.jpg,579,4,-1,True,175,3100,0.03666026982232291,0.06084840055632823,1173,2876,0,0,0,0
2473,0579_c0005_023.jpg,579,4,-1,True,175,3100,0.036674960339207724,0.06084840055632823,1172,2876,0,0,0,0
2474,0579_c0005_024.jpg,579,4,-1,True,175,3100,0.036674612608987585,0.06084840055632823,1170,2876,0,0,0,0
2475,0579_c0006_000.jpg,579,5,-1,True,175,3100,0.0381314508965672,0.06042817679558011,742,2896,0,0,0,0
2476,0579_c0006_001.jpg,579,5,-1,True,175,3100,0.03816498360285438,0.06040731791508457,736,2897,0,0,0,0
2477,0579_c0006_002.jpg,579,5,-1,True,175,3100,0.03817473432292316,0.06042817679558011,735,2896,0,0,0,0
2478,0579_c0006_003.jpg,579,5,-1,True,175,3100,0.038169435735757526,0.060490839958520566,735,2893,0,0,0,0
2479,0579_c0006_004.jpg,579,5,-1,True,175,3100,0.03819949365770252,0.060490839958520566,732,2893,0,0,0,0
2480,0579_c0006_005.jpg,579,5,-1,True,175,3100,0.03824086089389621,0.06053268765133172,733,2891,0,0,0,0
2481,0579_c0006_006.jpg,579,5,-1,True,175,3100,0.038169181072257176,0.06055363321799308,742,2890,0,0,0,0
2482,0579_c0006_007.jpg,579,5,-1,True,175,3100,0.03819662568968554,0.06053268765133172,736,2891,0,0,0,0
2483,0579_c0006_008.jpg,579,5,-1,True,175,3100,0.038130555061076585,0.060490839958520566,741,2893,0,0,0,0
2484,0579_c0006_009.jpg,579,5,-1,True,175,3100,0.03814965567136484,0.060511756569847856,741,2892,0,0,0,0
2485,0579_c0006_010.jpg,579,5,-1,True,175,3100,0.03815283560670492,0.060490839958520566,737,2893,0,0,0,0
2486,0579_c0006_011.jpg,579,5,-1,True,175,3100,0.038145217020242345,0.060511756569847856,739,2892,0,0,0,0
2487,0579_c0006_012.jpg,579,5,-1,True,175,3100,0.038113243600637045,0.06053268765133172,746,2891,0,0,0,0
2488,0579_c0006_013.jpg,579,5,-1,True,175,3100,0.038116991401882024,0.06053268765133172,750,2891,0,0,0,0
2489,0579_c0006_014.jpg,579,5,-1,True,175,3100,0.03809110114115191,0.060490839958520566,748,2893,0,0,0,0
2490,0579_c0006_015.jpg,579,5,-1,True,175,3100,0.038090739899063725,0.06053268765133172,750,2891,0,0,0,0
2491,0579_c0006_016.jpg,579,5,-1,True,175,3100,0.038084679379500656,0.060511756569847856,751,2892,0,0,0,0
2492,0579_c0006_017.jpg,579,5,-1,True,175,3100,0.03806763618522394,0.060511756569847856,756,2892,0,0,0,0
2493,0579_c0006_018.jpg,579,5,-1,True,175,3100,0.038083827584866545,0.06053268765133172,752,2891,0,0,0,0
2494,0579_c0006_019.jpg,579,5,-1,True,175,3100,0.038118483331870553,0.06046993780234969,740,2894,0,0,0,0
2495,0579_c0006_020.jpg,579,5,-1,True,175,3100,0.03813640861880315,0.06042817679558011,736,2896,0,0,0,0
2496,0579_c0006_021.jpg,579,5,-1,True,175,3100,0.038166278437269295,0.06040731791508457,730,2897,0,0,0,0
2497,0579_c0006_022.jpg,579,5,-1,True,175,3100,0.03818419660593108,0.06046993780234969,728,2894,0,0,0,0
2498,0579_c0006_023.jpg,579,5,-1,True,175,3100,0.03819490281210785,0.06042817679558011,725,2896,0,0,0,0
2499,0579_c0006_024.jpg,579,5,-1,True,175,3100,0.03819743395831195,0.06042817679558011,726,2896,0,0,0,0
2500,0579_c0007_000.jpg,579,6,-1,True,175,3100,0.03856802169803772,0.06067961165048544,675,2884,0,0,0,0
2501,0579_c0007_001.jpg,579,6,-1,True,175,3100,0.03854951187916772,0.06059556786703601,676,2888,0,0,0,0
2502,0579_c0007_002.jpg,579,6,-1,True,175,3100,0.03859299129297934,0.060616556979563564,675,2887,0,0,0,0
2503,0579_c0007_003.jpg,579,6,-1,True,175,3100,0.038578146831426595,0.060616556979563564,676,2887,0,0,0,0
2504,0579_c0007_004.jpg,579,6,-1,True,175,3100,0.038589558901884466,0.06059556786703601,675,2888,0,0,0,0
2505,0579_c0007_005.jpg,579,6,-1,True,175,3100,0.03854442556207976,0.060616556979563564,676,2887,0,0,0,0
2506,0579_c0007_006.jpg,579,6,-1,True,175,3100,0.038526358627062246,0.06059556786703601,677,2888,0,0,0,0
2507,0579_c0007_007.jpg,579,6,-1,True,175,3100,0.038547278443775514,0.06059556786703601,677,2888,0,0,0,0
2508,0579_c0007_008.jpg,579,6,-1,True,175,3100,0.038508506259336744,0.060616556979563564,678,2887,0,0,0,0
2509,0579_c0007_009.jpg,579,6,-1,True,175,3100,0.03853341398832473,0.060616556979563564,677,2887,0,0,0,0
2510,0579_c0007_010.jpg,579,6,-1,True,175,3100,0.03853658746825265,0.060616556979563564,677,2887,0,0,0,0
2511,0579_c0007_011.jpg,579,6,-1,True,175,3100,0.03853037663617672,0.06059556786703601,677,2888,0,0,0,0
2512,0579_c0007_012.jpg,579,6,-1,True,175,3100,0.038567076201045394,0.060574593284873655,675,2889,0,0,0,0
2513,0579_c0007_013.jpg,579,6,-1,True,175,3100,0.0385221324401985,0.060616556979563564,677,2887,0,0,0,0
2514,0579_c0007_014.jpg,579,6,-1,True,175,3100,0.03854380914516654,0.060574593284873655,677,2889,0,0,0,0
2515,0579_c0007_015.jpg,579,6,-1,True,175,3100,0.038584203614068606,0.060616556979563564,672,2887,0,0,0,0
2516,0579_c0007_016.jpg,579,6,-1,True,175,3100,0.03858826110676706,0.06055363321799308,670,2890,0,0,0,0
2517,0579_c0007_017.jpg,579,6,-1,True,175,3100,0.038577662756432936,0.06055363321799308,673,2890,0,0,0,0
2518,0579_c0007_018.jpg,579,6,-1,True,175,3100,0.03856289417429753,0.06055363321799308,673,2890,0,0,0,0
2519,0579_c0007_019.jpg,579,6,-1,True,175,3100,0.03855927017106397,0.06059556786703601,675,2888,0,0,0,0
2520,0579_c0007_020.jpg,579,6,-1,True,175,3100,0.038547512277500445,0.06059556786703601,677,2888,0,0,0,0
2521,0579_c0007_021.jpg,579,6,-1,True,175,3100,0.038591875473724724,0.06067961165048544,673,2884,0,0,0,0
2522,0579_c0007_022.jpg,579,6,-1,True,175,3100,0.03859387068572721,0.060658578856152515,673,2885,0,0,0,0
2523,0579_c0007_023.jpg,579,6,-1,True,175,3100,0.03862949444834526,0.060637560637560636,668,2886,0,0,0,0
2524,0579_c0007_024.jpg,579,6,-1,True,175,3100,0.038615095892765176,0.060658578856152515,671,2885,0,0,0,0
2525,0579_c0008_000.jpg,579,7,-1,True,175,3100,0.03726453077693498,0.060637560637560636,653,2886,0,0,0,0
2526,0579_c0008_001.jpg,579,7,-1,True,175,3100,0.03723675893754962,0.060616556979563564,658,2887,0,0,0,0
2527,0579_c0008_002.jpg,579,7,-1,True,175,3100,0.03726237411620324,0.060574593284873655,653,2889,0,0,0,0
2528,0579_c0008_003.jpg,579,7,-1,True,175,3100,0.037261607533503605,0.06055363321799308,652,2890,0,0,0,0
2529,0579_c0008_004.jpg,579,7,-1,True,175,3100,0.037267928296535725,0.060574593284873655,651,2889,0,0,0,0
2530,0579_c0008_005.jpg,579,7,-1,True,175,3100,0.03735510161218334,0.06074279763970843,641,2881,0,0,0,0
2531,0579_c0008_006.jpg,579,7,-1,True,175,3100,0.037326893345582215,0.06072172102706454,643,2882,0,0,0,0
2532,0579_c0008_007.jpg,579,7,-1,True,175,3100,0.03731920676117941,0.06074279763970843,647,2881,0,0,0,0
2533,0579_c0008_008.jpg,579,7,-1,True,175,3100,0.03732308006909143,0.06074279763970843,644,2881,0,0,0,0
2534,0579_c0008_009.jpg,579,7,-1,True,175,3100,0.037313230419021966,0.06072172102706454,643,2882,0,0,0,0
2535,0579_c0008_010.jpg,579,7,-1,True,175,3100,0.037285036768514815,0.060700659035726676,647,2883,0,0,0,0
2536,0579_c0008_011.jpg,579,7,-1,True,175,3100,0.037300177024780314,0.06076388888888889,646,2880,0,0,0,0
2537,0579_c0008_012.jpg,579,7,-1,True,175,3100,0.03734424512501048,0.06072172102706454,642,2882,0,0,0,0
2538,0579_c0008_013.jpg,579,7,-1,True,175,3100,0.03737539630993166,0.06074279763970843,641,2881,0,0,0,0
2539,0579_c0008_014.jpg,579,7,-1,True,175,3100,0.03736103246680435,0.06074279763970843,642,2881,0,0,0,0
2540,0579_c0008_015.jpg,579,7,-1,True,175,3100,0.03732334298289953,0.060700659035726676,643,2883,0,0,0,0
2541,0579_c0008_016.jpg,579,7,-1,True,175,3100,0.03732414011998661,0.06072172102706454,642,2882,0,0,0,0
2542,0579_c0008_017.jpg,579,7,-1,True,175,3100,0.037340780874324804,0.06074279763970843,642,2881,0,0,0,0
2543,0579_c0008_018.jpg,579,7,-1,True,175,3100,0.037351505251169724,0.06074279763970843,642,2881,0,0,0,0
2544,0579_c0008_019.jpg,579,7,-1,True,175,3100,0.03732717405392195,0.06074279763970843,642,2881,0,0,0,0
2545,0579_c0008_020.jpg,579,7,-1,True,175,3100,0.03731935059929091,0.06074279763970843,643,2881,0,0,0,0
2546,0579_c0008_021.jpg,579,7,-1,True,175,3100,0.03732189172842904,0.06072172102706454,642,2882,0,0,0,0
2547,0579_c0008_022.jpg,579,7,-1,True,175,3100,0.037320059689592296,0.06072172102706454,643,2882,0,0,0,0
2548,0579_c0008_023.jpg,579,7,-1,True,175,3100,0.03733053404258026,0.06072172102706454,642,2882,0,0,0,0
2549,0579_c0008_024.jpg,579,7,-1,True,175,3100,0.037313684649313575,0.06074279763970843,643,2881,0,0,0,0
2550,0585_c0001_000.jpg,585,0,-1,True,175,3100,0.03600780180679315,0.056451612903225805,968,3100,0,0,0,0
2551,0585_c0001_001.jpg,585,0,-1,True,175,3100,0.03597570975097164,0.056451612903225805,972,3100,0,0,0,0
2552,0585_c0001_002.jpg,585,0,-1,True,175,3100,0.035974672430704825,0.056451612903225805,971,3100,0,0,0,0
2553,0585_c0001_003.jpg,585,0,-1,True,175,3100,0.03597932271894301,0.056451612903225805,972,3100,0,0,0,0
2554,0585_c0001_004.jpg,585,0,-1,True,175,3100,0.036007619611292854,0.056451612903225805,973,3100,0,0,0,0
2555,0585_c0001_005.jpg,585,0,-1,True,175,3100,0.03605737960665934,0.056451612903225805,970,3100,0,0,0,0
2556,0585_c0001_006.jpg,585,0,-1,True,175,3100,0.03611212207077377,0.056451612903225805,967,3100,0,0,0,0
2557,0585_c0001_007.jpg,585,0,-1,True,175,3100,0.036112685155793973,0.056451612903225805,967,3100,0,0,0,0
2558,0585_c0001_008.jpg,585,0,-1,True,175,3100,0.0360775463467332,0.056451612903225805,968,3100,0,0,0,0
2559,0585_c0001_009.jpg,585,0,-1,True,175,3100,0.03612047804008033,0.056451612903225805,966,3100,0,0,0,0
2560,0585_c0001_010.jpg,585,0,-1,True,175,3100,0.03615777976372954,0.056451612903225805,962,3100,0,0,0,0
2561,0585_c0001_011.jpg,585,0,-1,True,175,3100,0.036114354452924144,0.056451612903225805,966,3100,0,0,0,0
2562,0585_c0001_012.jpg,585,0,-1,True,175,3100,0.03610192629509369,0.056451612903225805,966,3100,0,0,0,0
2563,0585_c0001_013.jpg,585,0,-1,True,175,3100,0.03614473280907774,0.056451612903225805,965,3100,0,0,0,0
2564,0585_c0001_014.jpg,585,0,-1,True,175,3100,0.036094978725876754,0.056451612903225805,966,3100,0,0,0,0
2565,0585_c0001_015.jpg,585,0,-1,True,175,3100,0.03618573512409114,0.056451612903225805,961,3100,0,0,0,0
2566,0585_c0001_016.jpg,585,0,-1,True,175,3100,0.03618201410201312,0.056451612903225805,960,3100,0,0,0,0
2567,0585_c0001_017.jpg,585,0,-1,True,175,3100,0.03612380533845956,0.056451612903225805,966,3100,0,0,0,0
2568,0585_c0001_018.jpg,585,0,-1,True,175,3100,0.03616720753030692,0.056451612903225805,960,3100,0,0,0,0
2569,0585_c0001_019.jpg,585,0,-1,True,175,3100,0.03617468787288987,0.056451612903225805,961,3100,0,0,0,0
2570,0585_c0001_020.jpg,585,0,-1,True,175,3100,0.03620977522501567,0.056451612903225805,961,3100,0,0,0,0
2571,0585_c0001_021.jpg,585,0,-1,True,175,3100,0.0362637087457284,0.056451612903225805,959,3100,0,0,0,0
2572,0585_c0001_022.jpg,585,0,-1,True,175,3100,0.03621083212078053,0.056451612903225805,961,3100,0,0,0,0
2573,0585_c0001_023.jpg,585,0,-1,True,175,3100,0.03624172269498125,0.056451612903225805,958,3100,0,0,0,0
2574,0585_c0001_024.jpg,585,0,-1,True,175,3100,0.0362155737016744,0.056451612903225805,962,3100,0,0,0,0
2575,0585_c0002_000.jpg,585,1,-1,True,175,3100,0.039307555315424327,0.056451612903225805,937,3100,0,0,0,0
2576,0585_c0002_001.jpg,585,1,-1,True,175,3100,0.039317861526565766,0.056451612903225805,937,3100,0,0,0,0
2577,0585_c0002_002.jpg,585,1,-1,True,175,3100,0.03932188007024741,0.056451612903225805,938,3100,0,0,0,0
2578,0585_c0002_003.jpg,585,1,-1,True,175,3100,0.039299417025072406,0.056451612903225805,937,3100,0,0,0,0
2579,0585_c0002_004.jpg,585,1,-1,True,175,3100,0.03930782066179947,0.056451612903225805,938,3100,0,0,0,0
2580,0585_c0002_005.jpg,585,1,-1,True,175,3100,0.03927744825694104,0.056451612903225805,937,3100,0,0,0,0
2581,0585_c0002_006.jpg,585,1,-1,True,175,3100,0.03927022654447966,0.056451612903225805,937,3100,0,0,0,0
2582,0585_c0002_007.jpg,585,1,-1,True,175,3100,0.03924813439924519,0.056451612903225805,938,3100,0,0,0,0
2583,0585_c0002_008.jpg,585,1,-1,True,175,3100,0.039274773048501195,0.056451612903225805,936,3100,0,0,0,0
2584,0585_c0002_009.jpg,585,1,-1,True,175,3100,0.039263691484500804,0.056451612903225805,937,3100,0,0,0,0
2585,0585_c0002_010.jpg,585,1,-1,True,175,3100,0.039276970813563114,0.056451612903225805,937,3100,0,0,0,0
2586,0585_c0002_011.jpg,585,1,-1,True,175,3100,0.03926251376303128,0.056451612903225805,938,3100,0,0,0,0
2587,0585_c0002_012.jpg,585,1,-1,True,175,3100,0.03928966562937961,0.056451612903225805,937,3100,0,0,0,0
2588,0585_c0002_013.jpg,585,1,-1,True,175,3100,0.03926762779792685,0.056451612903225805,937,3100,0,0,0,0
2589,0585_c0002_014.jpg,585,1,-1,True,175,3100,0.03925305740611995,0.056451612903225805,937,3100,0,0,0,0
2590,0585_c0002_015.jpg,585,1,-1,True,175,3100,0.039254889925964834,0.056451612903225805,937,3100,0,0,0,0
2591,0585_c0002_016.jpg,585,1,-1,True,175,3100,0.0392533766804727,0.056451612903225805,937,3100,0,0,0,0
2592,0585_c0002_017.jpg,585,1,-1,True,175,3100,0.03925353142678183,0.056451612903225805,939,3100,0,0,0,0
2593,0585_c0002_018.jpg,585,1,-1,True,175,3100,0.03925304182892914,0.056451612903225805,938,3100,0,0,0,0
2594,0585_c0002_019.jpg,585,1,-1,True,175,3100,0.03925798120019708,0.056451612903225805,937,3100,0,0,0,0
2595,0585_c0002_020.jpg,585,1,-1,True,175,3100,0.03925986570525727,0.056451612903225805,938,3100,0,0,0,0
2596,0585_c0002_021.jpg,585,1,-1,True,175,3100,0.03926487661652808,0.056451612903225805,937,3100,0,0,0,0
2597,0585_c0002_022.jpg,585,1,-1,True,175,3100,0.039247162581000763,0.056451612903225805,937,3100,0,0,0,0
2598,0585_c0002_023.jpg,585,1,-1,True,175,3100,0.03924891172645446,0.056451612903225805,938,3100,0,0,0,0
2599,0585_c0002_024.jpg,585,1,-1,True,175,3100,0.03928380413209224,0.056451612903225805,938,3100,0,0,0,0
2600,0585_c0003_000.jpg,585,2,-1,True,175,3100,0.03677176843244788,0.056451612903225805,940,3100,0,0,0,0
2601,0585_c0003_001.jpg,585,2,-1,True,175,3100,0.03677010946273151,0.056451612903225805,940,3100,0,0,0,0
2602,0585_c0003_002.jpg,585,2,-1,True,175,3100,0.03678347745218418,0.056451612903225805,941,3100,0,0,0,0
2603,0585_c0003_003.jpg,585,2,-1,True,175,3100,0.03674406034554787,0.056451612903225805,941,3100,0,0,0,0
2604,0585_c0003_004.jpg,585,2,-1,True,175,3100,0.03676653372708124,0.056451612903225805,940,3100,0,0,0,0
2605,0585_c0003_005.jpg,585,2,-1,True,175,3100,0.03678880263318181,0.056451612903225805,940,3100,0,0,0,0
2606,0585_c0003_006.jpg,585,2,-1,True,175,3100,0.03678193605980628,0.056451612903225805,940,3100,0,0,0,0
2607,0585_c0003_007.jpg,585,2,-1,True,175,3100,0.03680320128805412,0.056451612903225805,940,3100,0,0,0,0
2608,0585_c0003_008.jpg,585,2,-1,True,175,3100,0.03680652386346181,0.056451612903225805,943,3100,0,0,0,0
2609,0585_c0003_009.jpg,585,2,-1,True,175,3100,0.03680744298870262,0.056451612903225805,944,3100,0,0,0,0
2610,0585_c0003_010.jpg,585,2,-1,True,175,3100,0.03678652421898513,0.056451612903225805,942,3100,0,0,0,0
2611,0585_c0003_011.jpg,585,2,-1,True,175,3100,0.03680101455309973,0.056451612903225805,942,3100,0,0,0,0
2612,0585_c0003_012.jpg,585,2,-1,True,175,3100,0.03678572021046538,0.056451612903225805,941,3100,0,0,0,0
2613,0585_c0003_013.jpg,585,2,-1,True,175,3100,0.03679389028487518,0.056451612903225805,940,3100,0,0,0,0
2614,0585_c0003_014.jpg,585,2,-1,True,175,3100,0.036795346293377745,0.056451612903225805,939,3100,0,0,0,0
2615,0585_c0003_015.jpg,585,2,-1,True,175,3100,0.03679669448526444,0.056451612903225805,942,3100,0,0,0,0
2616,0585_c0003_016.jpg,585,2,-1,True,175,3100,0.03680076051200606,0.056451612903225805,942,3100,0,0,0,0
2617,0585_c0003_017.jpg,585,2,-1,True,175,3100,0.03679451053091331,0.056451612903225805,938,3100,0,0,0,0
2618,0585_c0003_018.jpg,585,2,-1,True,175,3100,0.03681434949553388,0.056451612903225805,937,3100,0,0,0,0
2619,0585_c0003_019.jpg,585,2,-1,True,175,3100,0.03681242762778981,0.056451612903225805,938,3100,0,0,0,0
2620,0585_c0003_020.jpg,585,2,-1,True,175,3100,0.03679834079361078,0.056451612903225805,938,3100,0,0,0,0
2621,0585_c0003_021.jpg,585,2,-1,True,175,3100,0.036799943909487605,0.056451612903225805,939,3100,0,0,0,0
2622,0585_c0003_022.jpg,585,2,-1,True,175,3100,0.036813137427608195,0.056451612903225805,937,3100,0,0,0,0
2623,0585_c0003_023.jpg,585,2,-1,True,175,3100,0.03679767475056233,0.056451612903225805,938,3100,0,0,0,0
2624,0585_c0003_024.jpg,585,2,-1,True,175,3100,0.03680042396915853,0.056451612903225805,938,3100,0,0,0,0
2625,0585_c0004_000.jpg,585,3,-1,True,175,3100,0.038127611814069234,0.056451612903225805,945,3100,0,0,0,0
2626,0585_c0004_001.jpg,585,3,-1,True,175,3100,0.038143382057801906,0.056451612903225805,945,3100,0,0,0,0
2627,0585_c0004_002.jpg,585,3,-1,True,175,3100,0.038145137317140684,0.056451612903225805,945,3100,0,0,0,0
2628,0585_c0004_003.jpg,585,3,-1,True,175,3100,0.038133023073325785,0.056451612903225805,946,3100,0,0,0,0
2629,0585_c0004_004.jpg,585,3,-1,True,175,3100,0.03812244836966031,0.056451612903225805,946,3100,0,0,0,0
2630,0585_c0004_005.jpg,585,3,-1,True,175,3100,0.03814874531564872,0.056451612903225805,945,3100,0,0,0,0
2631,0585_c0004_006.jpg,585,3,-1,True,175,3100,0.03812956850349947,0.056451612903225805,946,3100,0,0,0,0
2632,0585_c0004_007.jpg,585,3,-1,True,175,3100,0.03813623948991357,0.056451612903225805,946,3100,0,0,0,0
2633,0585_c0004_008.jpg,585,3,-1,True,175,3100,0.03812659839847357,0.056451612903225805,946,3100,0,0,0,0
2634,0585_c0004_009.jpg,585,3,-1,True,175,3100,0.038147254295645035,0.056451612903225805,945,3100,0,0,0,0
2635,0585_c0004_010.jpg,585,3,-1,True,175,3100,0.038146217149356766,0.056451612903225805,945,3100,0,0,0,0
2636,0585_c0004_011.jpg,585,3,-1,True,175,3100,0.03812179190633428,0.056451612903225805,945,3100,0,0,0,0
2637,0585_c0004_012.jpg,585,3,-1,True,175,3100,0.038124716104689704,0.056451612903225805,945,3100,0,0,0,0
2638,0585_c0004_013.jpg,585,3,-1,True,175,3100,0.03812215975950777,0.056451612903225805,945,3100,0,0,0,0
2639,0585_c0004_014.jpg,585,3,-1,True,175,3100,0.03812723030915483,0.056451612903225805,946,3100,0,0,0,0
2640,0585_c0004_015.jpg,585,3,-1,True,175,3100,0.03813564544757688,0.056451612903225805,946,3100,0,0,0,0
2641,0585_c0004_016.jpg,585,3,-1,True,175,3100,0.03814660892273655,0.056451612903225805,945,3100,0,0,0,0
2642,0585_c0004_017.jpg,585,3,-1,True,175,3100,0.03812964915017955,0.056451612903225805,945,3100,0,0,0,0
2643,0585_c0004_018.jpg,585,3,-1,True,175,3100,0.038134038176609625,0.056451612903225805,945,3100,0,0,0,0
2644,0585_c0004_019.jpg,585,3,-1,True,175,3100,0.038131186160519234,0.056451612903225805,947,3100,0,0,0,0
2645,0585_c0004_020.jpg,585,3,-1,True,175,3100,0.03812470142964712,0.056451612903225805,945,3100,0,0,0,0
2646,0585_c0004_021.jpg,585,3,-1,True,175,3100,0.038131364060140144,0.056451612903225805,945,3100,0,0,0,0
2647,0585_c0004_022.jpg,585,3,-1,True,175,3100,0.038136747814281176,0.056451612903225805,945,3100,0,0,0,0
2648,0585_c0004_023.jpg,585,3,-1,True,175,3100,0.038137174639323604,0.056451612903225805,945,3100,0,0,0,0
2649,0585_c0004_024.jpg,585,3,-1,True,175,3100,0.038124419508278086,0.056451612903225805,945,3100,0,0,0,0
2650,0585_c0005_000.jpg,585,4,-1,True,175,3100,0.03583656507676385,0.056451612903225805,951,3100,0,0,0,0
2651,0585_c0005_001.jpg,585,4,-1,True,175,3100,0.03585332892911343,0.056451612903225805,950,3100,0,0,0,0
2652,0585_c0005_002.jpg,585,4,-1,True,175,3100,0.03586504256879343,0.056451612903225805,949,3100,0,0,0,0
2653,0585_c0005_003.jpg,585,4,-1,True,175,3100,0.03586802265716478,0.056451612903225805,949,3100,0,0,0,0
2654,0585_c0005_004.jpg,585,4,-1,True,175,3100,0.03587541166868473,0.056451612903225805,949,3100,0,0,0,0
2655,0585_c0005_005.jpg,585,4,-1,True,175,3100,0.03588661699022854,0.056451612903225805,949,3100,0,0,0,0
2656,0585_c0005_006.jpg,585,4,-1,True,175,3100,0.03584616803347214,0.056451612903225805,950,3100,0,0,0,0
2657,0585_c0005_007.jpg,585,4,-1,True,175,3100,0.035845569181620386,0.056451612903225805,950,3100,0,0,0,0
2658,0585_c0005_008.jpg,585,4,-1,True,175,3100,0.035892714057000195,0.056451612903225805,949,3100,0,0,0,0
2659,0585_c0005_009.jpg,585,4,-1,True,175,3100,0.03588480971613658,0.056451612903225805,949,3100,0,0,0,0
2660,0585_c0005_010.jpg,585,4,-1,True,175,3100,0.03587422081959676,0.056451612903225805,950,3100,0,0,0,0
2661,0585_c0005_011.jpg,585,4,-1,True,175,3100,0.03589270136850584,0.056451612903225805,949,3100,0,0,0,0
2662,0585_c0005_012.jpg,585,4,-1,True,175,3100,0.03587049807087748,0.056451612903225805,950,3100,0,0,0,0
2663,0585_c0005_013.jpg,585,4,-1,True,175,3100,0.03587906188410546,0.056451612903225805,949,3100,0,0,0,0
2664,0585_c0005_014.jpg,585,4,-1,True,175,3100,0.0358820197163115,0.056451612903225805,949,3100,0,0,0,0
2665,0585_c0005_015.jpg,585,4,-1,True,175,3100,0.03588015820060434,0.056451612903225805,949,3100,0,0,0,0
2666,0585_c0005_016.jpg,585,4,-1,True,175,3100,0.035881025287180505,0.056451612903225805,949,3100,0,0,0,0
2667,0585_c0005_017.jpg,585,4,-1,True,175,3100,0.03587445259113576,0.056451612903225805,949,3100,0,0,0,0
2668,0585_c0005_018.jpg,585,4,-1,True,175,3100,0.03587445259113576,0.056451612903225805,949,3100,0,0,0,0
2669,0585_c0005_019.jpg,585,4,-1,True,175,3100,0.035880602375337266,0.056451612903225805,949,3100,0,0,0,0
2670,0585_c0005_020.jpg,585,4,-1,True,175,3100,0.03588243818948018,0.056451612903225805,949,3100,0,0,0,0
2671,0585_c0005_021.jpg,585,4,-1,True,175,3100,0.03587530925552136,0.056451612903225805,949,3100,0,0,0,0
2672,0585_c0005_022.jpg,585,4,-1,True,175,3100,0.03584188751269208,0.056451612903225805,950,3100,0,0,0,0
2673,0585_c0005_023.jpg,585,4,-1,True,175,3100,0.03582383572468304,0.056451612903225805,952,3100,0,0,0,0
2674,0585_c0005_024.jpg,585,4,-1,True,175,3100,0.0358145110757204,0.056451612903225805,953,3100,0,0,0,0
2675,0585_c0006_000.jpg,585,5,-1,True,175,3100,0.03573359028036305,0.056451612903225805,1188,3100,0,0,0,0
2676,0585_c0006_001.jpg,585,5,-1,True,175,3100,0.03572766457591083,0.056451612903225805,1188,3100,0,0,0,0
2677,0585_c0006_002.jpg,585,5,-1,True,175,3100,0.035757331810604434,0.056451612903225805,1178,3100,0,0,0,0
2678,0585_c0006_003.jpg,585,5,-1,True,175,3100,0.035738621780047664,0.056451612903225805,1181,3100,0,0,0,0
2679,0585_c0006_004.jpg,585,5,-1,True,175,3100,0.03575665985392705,0.056451612903225805,1181,3100,0,0,0,0
2680,0585_c0006_005.jpg,585,5,-1,True,175,3100,0.03575386879398333,0.056451612903225805,1185,3100,0,0,0,0
2681,0585_c0006_006.jpg,585,5,-1,True,175,3100,0.035759277030649274,0.056451612903225805,1181,3100,0,0,0,0
2682,0585_c0006_007.jpg,585,5,-1,True,175,3100,0.03574812347688488,0.056451612903225805,1185,3100,0,0,0,0
2683,0585_c0006_008.jpg,585,5,-1,True,175,3100,0.03577352160392433,0.056451612903225805,1182,3100,0,0,0,0
2684,0585_c0006_009.jpg,585,5,-1,True,175,3100,0.0357781016727618,0.056451612903225805,1179,3100,0,0,0,0
2685,0585_c0006_010.jpg,585,5,-1,True,175,3100,0.03579766553651596,0.056451612903225805,1178,3100,0,0,0,0
2686,0585_c0006_011.jpg,585,5,-1,True,175,3100,0.035786182398849516,0.056451612903225805,1177,3100,0,0,0,0
2687,0585_c0006_012.jpg,585,5,-1,True,175,3100,0.0358082063922838,0.056451612903225805,1178,3100,0,0,0,0
2688,0585_c0006_013.jpg,585,5,-1,True,175,3100,0.03580166488222075,0.056451612903225805,1180,3100,0,0,0,0
2689,0585_c0006_014.jpg,585,5,-1,True,175,3100,0.03582541946242133,0.056451612903225805,1178,3100,0,0,0,0
2690,0585_c0006_015.jpg,585,5,-1,True,175,3100,0.03582931216662414,0.056451612903225805,1182,3100,0,0,0,0
2691,0585_c0006_016.jpg,585,5,-1,True,175,3100,0.035839891761390213,0.056451612903225805,1183,3100,0,0,0,0
2692,0585_c0006_017.jpg,585,5,-1,True,175,3100,0.03581508104226262,0.056451612903225805,1170,3100,0,0,0,0
2693,0585_c0006_018.jpg,585,5,-1,True,175,3100,0.03582382347308605,0.056451612903225805,1175,3100,0,0,0,0
2694,0585_c0006_019.jpg,585,5,-1,True,175,3100,0.035823656659946704,0.056451612903225805,1175,3100,0,0,0,0
2695,0585_c0006_020.jpg,585,5,-1,True,175,3100,0.035808604485564034,0.056451612903225805,1175,3100,0,0,0,0
2696,0585_c0006_021.jpg,585,5,-1,True,175,3100,0.03582308412116628,0.056451612903225805,1175,3100,0,0,0,0
2697,0585_c0006_022.jpg,585,5,-1,True,175,3100,0.03581552227041113,0.056451612903225805,1177,3100,0,0,0,0
2698,0585_c0006_023.jpg,585,5,-1,True,175,3100,0.03578944258464506,0.056451612903225805,1174,3100,0,0,0,0
2699,0585_c0006_024.jpg,585,5,-1,True,175,3100,0.035808194416459695,0.056451612903225805,1174,3100,0,0,0,0
2700,0585_c0007_000.jpg,585,6,-1,True,175,3100,0.040781805495423915,0.056892067620286084,910,3076,0,0,0,0
2701,0585_c0007_001.jpg,585,6,-1,True,175,3100,0.04078926349990941,0.056892067620286084,910,3076,0,0,0,0
2702,0585_c0007_002.jpg,585,6,-1,True,175,3100,0.04078367575378943,0.056892067620286084,910,3076,0,0,0,0
2703,0585_c0007_003.jpg,585,6,-1,True,175,3100,0.04075441456577505,0.056892067620286084,912,3076,0,0,0,0
2704,0585_c0007_004.jpg,585,6,-1,True,175,3100,0.040779000627465374,0.056892067620286084,911,3076,0,0,0,0
2705,0585_c0007_005.jpg,585,6,-1,True,175,3100,0.04078584521493922,0.056892067620286084,911,3076,0,0,0,0
2706,0585_c0007_006.jpg,585,6,-1,True,175,3100,0.040806849892496166,0.056892067620286084,910,3076,0,0,0,0
2707,0585_c0007_007.jpg,585,6,-1,True,175,3100,0.040804043153621454,0.056892067620286084,910,3076,0,0,0,0
2708,0585_c0007_008.jpg,585,6,-1,True,175,3100,0.04077557153829332,0.056892067620286084,910,3076,0,0,0,0
2709,0585_c0007_009.jpg,585,6,-1,True,175,3100,0.04078614968235883,0.056892067620286084,910,3076,0,0,0,0
2710,0585_c0007_010.jpg,585,6,-1,True,175,3100,0.04080457378803992,0.056892067620286084,909,3076,0,0,0,0
2711,0585_c0007_011.jpg,585,6,-1,True,175,3100,0.04078025667340774,0.056892067620286084,910,3076,0,0,0,0
2712,0585_c0007_012.jpg,585,6,-1,True,175,3100,0.04080578299078276,0.056892067620286084,910,3076,0,0,0,0
2713,0585_c0007_013.jpg,585,6,-1,True,175,3100,0.04078682746307232,0.056892067620286084,910,3076,0,0,0,0
2714,0585_c0007_014.jpg,585,6,-1,True,175,3100,0.04079794794204186,0.056892067620286084,910,3076,0,0,0,0
2715,0585_c0007_015.jpg,585,6,-1,True,175,3100,0.04077807644587932,0.056892067620286084,911,3076,0,0,0,0
2716,0585_c0007_016.jpg,585,6,-1,True,175,3100,0.04076169706076385,0.056892067620286084,910,3076,0,0,0,0
2717,0585_c0007_017.jpg,585,6,-1,True,175,3100,0.04079241072037803,0.056892067620286084,909,3076,0,0,0,0
2718,0585_c0007_018.jpg,585,6,-1,True,175,3100,0.04078292591713508,0.056910569105691054,909,3075,0,0,0,0
2719,0585_c0007_019.jpg,585,6,-1,True,175,3100,0.04076336135174422,0.056910569105691054,908,3075,0,0,0,0
2720,0585_c0007_020.jpg,585,6,-1,True,175,3100,0.04078857314566772,0.056910569105691054,909,3075,0,0,0,0
2721,0585_c0007_021.jpg,585,6,-1,True,175,3100,0.04078925124288058,0.056910569105691054,909,3075,0,0,0,0
2722,0585_c0007_022.jpg,585,6,-1,True,175,3100,0.04075876056513178,0.056910569105691054,909,3075,0,0,0,0
2723,0585_c0007_023.jpg,585,6,-1,True,175,3100,0.04080038172030187,0.056910569105691054,909,3075,0,0,0,0
2724,0585_c0007_024.jpg,585,6,-1,True,175,3100,0.04079496478304661,0.056892067620286084,910,3076,0,0,0,0
2725,0585_c0008_000.jpg,585,7,-1,True,175,3100,0.03873044336472645,0.056451612903225805,917,3100,0,0,0,0
2726,0585_c0008_001.jpg,585,7,-1,True,175,3100,0.03871457155887317,0.056451612903225805,918,3100,0,0,0,0
2727,0585_c0008_002.jpg,585,7,-1,True,175,3100,0.0387171968088336,0.056451612903225805,916,3100,0,0,0,0
2728,0585_c0008_003.jpg,585,7,-1,True,175,3100,0.03872091752601299,0.056451612903225805,917,3100,0,0,0,0
2729,0585_c0008_004.jpg,585,7,-1,True,175,3100,0.03874621930302342,0.056451612903225805,917,3100,0,0,0,0
2730,0585_c0008_005.jpg,585,7,-1,True,175,3100,0.03871738317519581,0.056451612903225805,919,3100,0,0,0,0
2731,0585_c0008_006.jpg,585,7,-1,True,175,3100,0.038681852601767173,0.056451612903225805,927,3100,0,0,0,0
2732,0585_c0008_007.jpg,585,7,-1,True,175,3100,0.03868501426834028,0.056451612903225805,924,3100,0,0,0,0
2733,0585_c0008_008.jpg,585,7,-1,True,175,3100,0.03870379994398207,0.056451612903225805,920,3100,0,0,0,0
2734,0585_c0008_009.jpg,585,7,-1,True,175,3100,0.03866558626393945,0.056451612903225805,918,3100,0,0,0,0
2735,0585_c0008_010.jpg,585,7,-1,True,175,3100,0.03871525525044376,0.056451612903225805,916,3100,0,0,0,0
2736,0585_c0008_011.jpg,585,7,-1,True,175,3100,0.03873106150873014,0.056451612903225805,912,3100,0,0,0,0
2737,0585_c0008_012.jpg,585,7,-1,True,175,3100,0.038759234785441056,0.056451612903225805,913,3100,0,0,0,0
2738,0585_c0008_013.jpg,585,7,-1,True,175,3100,0.03873840016762201,0.056451612903225805,913,3100,0,0,0,0
2739,0585_c0008_014.jpg,585,7,-1,True,175,3100,0.038696055780677426,0.056451612903225805,915,3100,0,0,0,0
2740,0585_c0008_015.jpg,585,7,-1,True,175,3100,0.03870830394552766,0.056451612903225805,912,3100,0,0,0,0
2741,0585_c0008_016.jpg,585,7,-1,True,175,3100,0.038699682676597166,0.056451612903225805,916,3100,0,0,0,0
2742,0585_c0008_017.jpg,585,7,-1,True,175,3100,0.0387070853114117,0.056451612903225805,914,3100,0,0,0,0
2743,0585_c0008_018.jpg,585,7,-1,True,175,3100,0.038716419129581355,0.056451612903225805,912,3100,0,0,0,0
2744,0585_c0008_019.jpg,585,7,-1,True,175,3100,0.0387253396524455,0.056451612903225805,912,3100,0,0,0,0
2745,0585_c0008_020.jpg,585,7,-1,True,175,3100,0.03871454486412495,0.056451612903225805,911,3100,0,0,0,0
2746,0585_c0008_021.jpg,585,7,-1,True,175,3100,0.03864304331944483,0.056451612903225805,918,3100,0,0,0,0
2747,0585_c0008_022.jpg,585,7,-1,True,175,3100,0.03864683368820679,0.056451612903225805,919,3100,0,0,0,0
2748,0585_c0008_023.jpg,585,7,-1,True,175,3100,0.038663022014648545,0.056451612903225805,918,3100,0,0,0,0
2749,0585_c0008_024.jpg,585,7,-1,True,175,3100,0.03868540206696245,0.056451612903225805,915,3100,0,0,0,0
2750,0591_c0001_000.jpg,591,0,-1,True,175,3100,0.13930882801643404,0.08495145631067962,26,2060,0,0,0,0
2751,0591_c0001_001.jpg,591,0,-1,True,175,3100,0.13948227107090502,0.08495145631067962,25,2060,0,0,0,0
2752,0591_c0001_002.jpg,591,0,-1,True,175,3100,0.13933952669462965,0.08495145631067962,26,2060,0,0,0,0
2753,0591_c0001_003.jpg,591,0,-1,True,175,3100,0.13937725111465152,0.08495145631067962,26,2060,0,0,0,0
2754,0591_c0001_004.jpg,591,0,-1,True,175,3100,0.13959389412193038,0.08511673151750973,26,2056,0,0,0,0
2755,0591_c0001_005.jpg,591,0,-1,True,175,3100,0.1395335105396326,0.0850753524550316,26,2057,0,0,0,0
2756,0591_c0001_006.jpg,591,0,-1,True,175,3100,0.13942111159672968,0.08503401360544217,26,2058,0,0,0,0
2757,0591_c0001_007.jpg,591,0,-1,True,175,3100,0.13934692159698212,0.08499271491015056,26,2059,0,0,0,0
2758,0591_c0001_008.jpg,591,0,-1,True,175,3100,0.1394237126089654,0.0850753524550316,26,2057,0,0,0,0
2759,0591_c0001_009.jpg,591,0,-1,True,175,3100,0.13966022860658975,0.08511673151750973,25,2056,0,0,0,0
2760,0591_c0001_010.jpg,591,0,-1,True,175,3100,0.13964473035763916,0.08503401360544217,26,2058,0,0,0,0
2761,0591_c0001_011.jpg,591,0,-1,True,175,3100,0.13964094287330922,0.08511673151750973,26,2056,0,0,0,0
2762,0591_c0001_012.jpg,591,0,-1,True,175,3100,0.13949464763330374,0.08499271491015056,25,2059,0,0,0,0
2763,0591_c0001_013.jpg,591,0,-1,True,175,3100,0.13904527116367238,0.08499271491015056,26,2059,0,0,0,0
2764,0591_c0001_014.jpg,591,0,-1,True,175,3100,0.13963103301615737,0.08511673151750973,26,2056,0,0,0,0
2765,0591_c0001_015.jpg,591,0,-1,True,175,3100,0.1397226725756268,0.08511673151750973,26,2056,0,0,0,0
2766,0591_c0001_016.jpg,591,0,-1,True,175,3100,0.1400383526871726,0.0851581508515815,26,2055,0,0,0,0
2767,0591_c0001_017.jpg,591,0,-1,True,175,3100,0.13986042575522808,0.0851581508515815,26,2055,0,0,0,0
2768,0591_c0001_018.jpg,591,0,-1,True,175,3100,0.13993433841436825,0.08524111056989771,26,2053,0,0,0,0
2769,0591_c0001_019.jpg,591,0,-1,True,175,3100,0.13997651474725226,0.08524111056989771,26,2053,0,0,0,0
2770,0591_c0001_020.jpg,591,0,-1,True,175,3100,0.1398679486411541,0.08519961051606621,26,2054,0,0,0,0
2771,0591_c0001_021.jpg,591,0,-1,True,175,3100,0.13979989016505187,0.08519961051606621,26,2054,0,0,0,0
2772,0591_c0001_022.jpg,591,0,-1,True,175,3100,0.13980097449856332,0.08524111056989771,26,2053,0,0,0,0
2773,0591_c0001_023.jpg,591,0,-1,True,175,3100,0.1396667703869592,0.0851581508515815,26,2055,0,0,0,0
2774,0591_c0001_024.jpg,591,0,-1,True,175,3100,0.1396667703869592,0.0851581508515815,26,2055,0,0,0,0
2775,0591_c0002_000.jpg,591,1,-1,True,175,3100,0.1663950582382231,0.11275773195876289,29,1552,0,0,0,0
2776,0591_c0002_001.jpg,591,1,-1,True,175,3100,0.16691665960119623,0.11297611362169141,29,1549,0,0,0,0
2777,0591_c0002_002.jpg,591,1,-1,True,175,3100,0.16683326634777218,0.11290322580645161,29,1550,0,0,0,0
2778,0591_c0002_003.jpg,591,1,-1,True,175,3100,0.16692343809920016,0.11283043197936815,28,1551,0,0,0,0
2779,0591_c0002_004.jpg,591,1,-1,True,175,3100,0.16625208343917275,0.11254019292604502,29,1555,0,0,0,0
2780,0591_c0002_005.jpg,591,1,-1,True,175,3100,0.16723129775445403,0.11312217194570136,28,1547,0,0,0,0
2781,0591_c0002_006.jpg,591,1,-1,True,175,3100,0.16697851499135216,0.11297611362169141,28,1549,0,0,0,0
2782,0591_c0002_007.jpg,591,1,-1,True,175,3100,0.16631499377593062,0.11254019292604502,29,1555,0,0,0,0
2783,0591_c0002_008.jpg,591,1,-1,True,175,3100,0.1680265900998036,0.11363636363636363,29,1540,0,0,0,0
2784,0591_c0002_009.jpg,591,1,-1,True,175,3100,0.16849278433996467,0.11363636363636363,28,1540,0,0,0,0
2785,0591_c0002_010.jpg,591,1,-1,True,175,3100,0.16819596267271983,0.11371020142949967,28,1539,0,0,0,0
2786,0591_c0002_011.jpg,591,1,-1,True,175,3100,0.16744908927880311,0.11326860841423948,29,1545,0,0,0,0
2787,0591_c0002_012.jpg,591,1,-1,True,175,3100,0.16728691134223453,0.11312217194570136,28,1547,0,0,0,0
2788,0591_c0002_013.jpg,591,1,-1,True,175,3100,0.1669181369361249,0.11297611362169141,29,1549,0,0,0,0
2789,0591_c0002_014.jpg,591,1,-1,True,175,3100,0.16735543691227203,0.11319534282018111,28,1546,0,0,0,0
2790,0591_c0002_015.jpg,591,1,-1,True,175,3100,0.16760318663356152,0.1133419689119171,29,1544,0,0,0,0
2791,0591_c0002_016.jpg,591,1,-1,True,175,3100,0.16776929359296167,0.1133419689119171,29,1544,0,0,0,0
2792,0591_c0002_017.jpg,591,1,-1,True,175,3100,0.16644329353963785,0.11283043197936815,29,1551,0,0,0,0
2793,0591_c0002_018.jpg,591,1,-1,True,175,3100,0.1673638757482715,0.11371020142949967,29,1539,0,0,0,0
2794,0591_c0002_019.jpg,591,1,-1,True,175,3100,0.16661738094276884,0.11348897535667964,29,1542,0,0,0,0
2795,0591_c0002_020.jpg,591,1,-1,True,175,3100,0.16565358492674664,0.11304909560723514,30,1548,0,0,0,0
2796,0591_c0002_021.jpg,591,1,-1,True,175,3100,0.16537868017344054,0.11283043197936815,30,1551,0,0,0,0
2797,0591_c0002_022.jpg,591,1,-1,True,175,3100,0.16501479783234344,0.11254019292604502,30,1555,0,0,0,0
2798,0591_c0002_023.jpg,591,1,-1,True,175,3100,0.16542720813220613,0.11297611362169141,30,1549,0,0,0,0
2799,0591_c0002_024.jpg,591,1,-1,True,175,3100,0.16554017986586644,0.11268512556342562,30,1553,0,0,0,0
2800,0591_c0003_000.jpg,591,2,-1,True,175,3100,0.11186402466627315,0.0831353919239905,134,2105,0,0,0,0
2801,0591_c0003_001.jpg,591,2,-1,True,175,3100,0.1120500095098709,0.0831353919239905,134,2105,0,0,0,0
2802,0591_c0003_002.jpg,591,2,-1,True,175,3100,0.1119528758402917,0.08317490494296578,134,2104,0,0,0,0
2803,0591_c0003_003.jpg,591,2,-1,True,175,3100,0.11231268902476961,0.08317490494296578,134,2104,0,0,0,0
2804,0591_c0003_004.jpg,591,2,-1,True,175,3100,0.1123540950766693,0.08317490494296578,134,2104,0,0,0,0
2805,0591_c0003_005.jpg,591,2,-1,True,175,3100,0.11235025517031999,0.08317490494296578,134,2104,0,0,0,0
2806,0591_c0003_006.jpg,591,2,-1,True,175,3100,0.11249066234643315,0.08325404376784015,134,2102,0,0,0,0
2807,0591_c0003_007.jpg,591,2,-1,True,175,3100,0.1122572655997065,0.0831353919239905,134,2105,0,0,0,0
2808,0591_c0003_008.jpg,591,2,-1,True,175,3100,0.11217851951535708,0.0831353919239905,134,2105,0,0,0,0
2809,0591_c0003_009.jpg,591,2,-1,True,175,3100,0.11195425619553734,0.0831353919239905,134,2105,0,0,0,0
2810,0591_c0003_010.jpg,591,2,-1,True,175,3100,0.11191495079925338,0.0831353919239905,134,2105,0,0,0,0
2811,0591_c0003_011.jpg,591,2,-1,True,175,3100,0.11192578673107947,0.0831353919239905,134,2105,0,0,0,0
2812,0591_c0003_012.jpg,591,2,-1,True,175,3100,0.11209361469805011,0.08317490494296578,134,2104,0,0,0,0
2813,0591_c0003_013.jpg,591,2,-1,True,175,3100,0.11219860661354021,0.08321445553970519,134,2103,0,0,0,0
2814,0591_c0003_014.jpg,591,2,-1,True,175,3100,0.11194033021757059,0.0831353919239905,134,2105,0,0,0,0
2815,0591_c0003_015.jpg,591,2,-1,True,175,3100,0.11187303657473215,0.0831353919239905,134,2105,0,0,0,0
2816,0591_c0003_016.jpg,591,2,-1,True,175,3100,0.11196327675431561,0.0831353919239905,134,2105,0,0,0,0
2817,0591_c0003_017.jpg,591,2,-1,True,175,3100,0.11182334236673991,0.0831353919239905,134,2105,0,0,0,0
2818,0591_c0003_018.jpg,591,2,-1,True,175,3100,0.11183892419330292,0.0831353919239905,134,2105,0,0,0,0
2819,0591_c0003_019.jpg,591,2,-1,True,175,3100,0.11176468556171272,0.0831353919239905,135,2105,0,0,0,0
2820,0591_c0003_020.jpg,591,2,-1,True,175,3100,0.11170073385086052,0.08309591642924977,135,2106,0,0,0,0
2821,0591_c0003_021.jpg,591,2,-1,True,175,3100,0.11160411818377497,0.08309591642924977,135,2106,0,0,0,0
2822,0591_c0003_022.jpg,591,2,-1,True,175,3100,0.11177212447406211,0.08309591642924977,135,2106,0,0,0,0
2823,0591_c0003_023.jpg,591,2,-1,True,175,3100,0.11184099146817561,0.08309591642924977,134,2106,0,0,0,0
2824,0591_c0003_024.jpg,591,2,-1,True,175,3100,0.11177096794741796,0.08309591642924977,134,2106,0,0,0,0
2825,0591_c0004_000.jpg,591,3,-1,True,175,3100,0.15790147967221244,0.08204406938584154,36,2133,0,0,0,0
2826,0591_c0004_001.jpg,591,3,-1,True,175,3100,0.15842169342146717,0.08204406938584154,36,2133,0,0,0,0
2827,0591_c0004_002.jpg,591,3,-1,True,175,3100,0.15871302171349896,0.08208255159474671,36,2132,0,0,0,0
2828,0591_c0004_003.jpg,591,3,-1,True,175,3100,0.15788164820015044,0.08196721311475409,36,2135,0,0,0,0
2829,0591_c0004_004.jpg,591,3,-1,True,175,3100,0.15822848900948158,0.08204406938584154,36,2133,0,0,0,0
2830,0591_c0004_005.jpg,591,3,-1,True,175,3100,0.15750236319603958,0.08196721311475409,36,2135,0,0,0,0
2831,0591_c0004_006.jpg,591,3,-1,True,175,3100,0.1573543011718966,0.08200562324273665,36,2134,0,0,0,0
2832,0591_c0004_007.jpg,591,3,-1,True,175,3100,0.1572627921190203,0.08196721311475409,36,2135,0,0,0,0
2833,0591_c0004_008.jpg,591,3,-1,True,175,3100,0.15758699111727972,0.08200562324273665,36,2134,0,0,0,0
2834,0591_c0004_009.jpg,591,3,-1,True,175,3100,0.15686538880022438,0.08192883895131087,36,2136,0,0,0,0
2835,0591_c0004_010.jpg,591,3,-1,True,175,3100,0.15668333658978859,0.08196721311475409,36,2135,0,0,0,0
2836,0591_c0004_011.jpg,591,3,-1,True,175,3100,0.15646819953785898,0.08189050070191858,36,2137,0,0,0,0
2837,0591_c0004_012.jpg,591,3,-1,True,175,3100,0.15536275858819545,0.08177570093457943,36,2140,0,0,0,0
2838,0591_c0004_013.jpg,591,3,-1,True,175,3100,0.1561328641771097,0.08196721311475409,36,2135,0,0,0,0
2839,0591_c0004_014.jpg,591,3,-1,True,175,3100,0.15675137088277605,0.08196721311475409,36,2135,0,0,0,0
2840,0591_c0004_015.jpg,591,3,-1,True,175,3100,0.15712284741962063,0.08200562324273665,36,2134,0,0,0,0
2841,0591_c0004_016.jpg,591,3,-1,True,175,3100,0.15659773326060356,0.08196721311475409,36,2135,0,0,0,0
2842,0591_c0004_017.jpg,591,3,-1,True,175,3100,0.15728348024902297,0.08200562324273665,36,2134,0,0,0,0
2843,0591_c0004_018.jpg,591,3,-1,True,175,3100,0.15688048142288635,0.08200562324273665,36,2134,0,0,0,0
2844,0591_c0004_019.jpg,591,3,-1,True,175,3100,0.15696628303454122,0.08200562324273665,36,2134,0,0,0,0
2845,0591_c0004_020.jpg,591,3,-1,True,175,3100,0.15646420178311446,0.08200562324273665,36,2134,0,0,0,0
2846,0591_c0004_021.jpg,591,3,-1,True,175,3100,0.15684811487651948,0.08200562324273665,36,2134,0,0,0,0
2847,0591_c0004_022.jpg,591,3,-1,True,175,3100,0.15554564622991962,0.08169934640522876,35,2142,0,0,0,0
2848,0591_c0004_023.jpg,591,3,-1,True,175,3100,0.1566185752442011,0.08196721311475409,35,2135,0,0,0,0
2849,0591_c0004_024.jpg,591,3,-1,True,175,3100,0.15541095093754573,0.08169934640522876,36,2142,0,0,0,0
2850,0591_c0005_000.jpg,591,4,-1,True,175,3100,0.17802959347104894,0.08684863523573201,5,2015,0,1,1,1
2851,0591_c0005_001.jpg,591,4,-1,True,175,3100,0.17850321313475867,0.08689175769612711,5,2014,0,1,1,1
2852,0591_c0005_002.jpg,591,4,-1,True,175,3100,0.17606998256361844,0.08659079663532905,5,2021,0,1,1,1
2853,0591_c0005_003.jpg,591,4,-1,True,175,3100,0.17711213306234572,0.08654797230464886,5,2022,0,1,1,1
2854,0591_c0005_004.jpg,591,4,-1,True,175,3100,0.17596006886825194,0.08654797230464886,5,2022,0,1,1,1
2855,0591_c0005_005.jpg,591,4,-1,True,175,3100,0.17552420163714888,0.08650519031141868,5,2023,0,1,1,1
2856,0591_c0005_006.jpg,591,4,-1,True,175,3100,0.17411921567197108,0.0863770977295163,6,2026,0,0,1,1
2857,0591_c0005_007.jpg,591,4,-1,True,175,3100,0.17535183091068668,0.08641975308641975,5,2025,0,1,1,1
2858,0591_c0005_008.jpg,591,4,-1,True,175,3100,0.17823711976517898,0.08663366336633663,5,2020,0,1,1,1
2859,0591_c0005_009.jpg,591,4,-1,True,175,3100,0.17853750296180518,0.0866765725606736,5,2019,0,1,1,1
2860,0591_c0005_010.jpg,591,4,-1,True,175,3100,0.17943421997456122,0.0867195242814668,5,2018,0,1,1,1
2861,0591_c0005_011.jpg,591,4,-1,True,175,3100,0.17791442185043005,0.08680555555555555,5,2016,0,1,1,1
2862,0591_c0005_012.jpg,591,4,-1,True,175,3100,0.17909414340232097,0.08684863523573201,5,2015,0,1,1,1
2863,0591_c0005_013.jpg,591,4,-1,True,175,3100,0.17795037940475364,0.0867195242814668,5,2018,0,1,1,1
2864,0591_c0005_014.jpg,591,4,-1,True,175,3100,0.17736946556967859,0.08654797230464886,5,2022,0,1,1,1
2865,0591_c0005_015.jpg,591,4,-1,True,175,3100,0.17683002951570587,0.08650519031141868,5,2023,0,1,1,1
2866,0591_c0005_016.jpg,591,4,-1,True,175,3100,0.179625008445325,0.08676251859196826,5,2017,0,1,1,1
2867,0591_c0005_017.jpg,591,4,-1,True,175,3100,0.17933732714759393,0.0866765725606736,5,2019,0,1,1,1
2868,0591_c0005_018.jpg,591,4,-1,True,175,3100,0.17584313849618924,0.08654797230464886,5,2022,0,1,1,1
2869,0591_c0005_019.jpg,591,4,-1,True,175,3100,0.17698090482063264,0.08659079663532905,5,2021,0,1,1,1
2870,0591_c0005_020.jpg,591,4,-1,True,175,3100,0.17641215259007417,0.08654797230464886,5,2022,0,1,1,1
2871,0591_c0005_021.jpg,591,4,-1,True,175,3100,0.17712772386819747,0.08659079663532905,5,2021,0,1,1,1
2872,0591_c0005_022.jpg,591,4,-1,True,175,3100,0.17605654580698643,0.08659079663532905,5,2021,0,1,1,1
2873,0591_c0005_023.jpg,591,4,-1,True,175,3100,0.1762557251174828,0.08659079663532905,5,2021,0,1,1,1
2874,0591_c0005_024.jpg,591,4,-1,True,175,3100,0.17729007533215593,0.08659079663532905,5,2021,0,1,1,1
2875,0591_c0006_000.jpg,591,5,-1,True,175,3100,0.1465136900926909,0.08031206975676916,45,2179,0,0,0,0
2876,0591_c0006_001.jpg,591,5,-1,True,175,3100,0.14634118873311605,0.08023842274186153,46,2181,0,0,0,0
2877,0591_c0006_002.jpg,591,5,-1,True,175,3100,0.14560808225154848,0.07958162801273307,50,2199,0,0,0,0
2878,0591_c0006_003.jpg,591,5,-1,True,175,3100,0.14438722974177295,0.07947320617620345,50,2202,0,0,0,0
2879,0591_c0006_004.jpg,591,5,-1,True,175,3100,0.1454780125552704,0.07969034608378871,50,2196,0,0,0,0
2880,0591_c0006_005.jpg,591,5,-1,True,175,3100,0.1456892053921579,0.07976298997265269,50,2194,0,0,0,0
2881,0591_c0006_006.jpg,591,5,-1,True,175,3100,0.14399857169528305,0.07918552036199095,51,2210,0,0,0,0
2882,0591_c0006_007.jpg,591,5,-1,True,175,3100,0.14486271628427244,0.07961783439490445,50,2198,0,0,0,0
2883,0591_c0006_008.jpg,591,5,-1,True,175,3100,0.14564531712142711,0.07969034608378871,50,2196,0,0,0,0
2884,0591_c0006_009.jpg,591,5,-1,True,175,3100,0.14560849927407113,0.07969034608378871,50,2196,0,0,0,0
2885,0591_c0006_010.jpg,591,5,-1,True,175,3100,0.1458151205596848,0.07969034608378871,50,2196,0,0,0,0
2886,0591_c0006_011.jpg,591,5,-1,True,175,3100,0.14571162641609275,0.07969034608378871,50,2196,0,0,0,0
2887,0591_c0006_012.jpg,591,5,-1,True,175,3100,0.1454958053113421,0.07965407373691398,50,2197,0,0,0,0
2888,0591_c0006_013.jpg,591,5,-1,True,175,3100,0.14533183160378724,0.07950931394820536,50,2201,0,0,0,0
2889,0591_c0006_014.jpg,591,5,-1,True,175,3100,0.14506219532659145,0.07950931394820536,50,2201,0,0,0,0
2890,0591_c0006_015.jpg,591,5,-1,True,175,3100,0.14402650589919308,0.07911392405063292,51,2212,0,0,0,0
2891,0591_c0006_016.jpg,591,5,-1,True,175,3100,0.14502816864084012,0.07950931394820536,50,2201,0,0,0,0
2892,0591_c0006_017.jpg,591,5,-1,True,175,3100,0.14583407062520679,0.07972665148063782,50,2195,0,0,0,0
2893,0591_c0006_018.jpg,591,5,-1,True,175,3100,0.14583862066287273,0.07972665148063782,50,2195,0,0,0,0
2894,0591_c0006_019.jpg,591,5,-1,True,175,3100,0.14611968441258882,0.07972665148063782,50,2195,0,0,0,0
2895,0591_c0006_020.jpg,591,5,-1,True,175,3100,0.14628784724726512,0.07976298997265269,50,2194,0,0,0,0
2896,0591_c0006_021.jpg,591,5,-1,True,175,3100,0.14628024398360856,0.07979936160510716,50,2193,0,0,0,0
2897,0591_c0006_022.jpg,591,5,-1,True,175,3100,0.14519687361667236,0.07961783439490445,50,2198,0,0,0,0
2898,0591_c0006_023.jpg,591,5,-1,True,175,3100,0.14592974253108187,0.07972665148063782,50,2195,0,0,0,0
2899,0591_c0006_024.jpg,591,5,-1,True,175,3100,0.14601545280187408,0.07972665148063782,50,2195,0,0,0,0
2900,0591_c0007_000.jpg,591,6,-1,True,175,3100,0.1519301640511396,0.08075680664513152,41,2167,0,0,0,0
2901,0591_c0007_001.jpg,591,6,-1,True,175,3100,0.15119946677021878,0.08053382420616659,42,2173,0,0,0,0
2902,0591_c0007_002.jpg,591,6,-1,True,175,3100,0.1523635774675595,0.08090614886731391,41,2163,0,0,0,0
2903,0591_c0007_003.jpg,591,6,-1,True,175,3100,0.1519897281471201,0.08075680664513152,41,2167,0,0,0,0
2904,0591_c0007_004.jpg,591,6,-1,True,175,3100,0.1517176714900422,0.08068234209313048,41,2169,0,0,0,0
2905,0591_c0007_005.jpg,591,6,-1,True,175,3100,0.15151631265649104,0.08068234209313048,42,2169,0,0,0,0
2906,0591_c0007_006.jpg,591,6,-1,True,175,3100,0.15079619157773758,0.08060801473975127,42,2171,0,0,0,0
2907,0591_c0007_007.jpg,591,6,-1,True,175,3100,0.15348668535933424,0.08131970260223048,41,2152,0,0,0,0
2908,0591_c0007_008.jpg,591,6,-1,True,175,3100,0.15294940599685267,0.08116883116883117,41,2156,0,0,0,0
2909,0591_c0007_009.jpg,591,6,-1,True,175,3100,0.15277658190810653,0.08116883116883117,41,2156,0,0,0,0
2910,0591_c0007_010.jpg,591,6,-1,True,175,3100,0.15281830481519176,0.08113120074177098,41,2157,0,0,0,0
2911,0591_c0007_011.jpg,591,6,-1,True,175,3100,0.1521072143382521,0.08098102730217492,41,2161,0,0,0,0
2912,0591_c0007_012.jpg,591,6,-1,True,175,3100,0.15237898350977436,0.0810560444650301,41,2159,0,0,0,0
2913,0591_c0007_013.jpg,591,6,-1,True,175,3100,0.15269432141569914,0.08116883116883117,41,2156,0,0,0,0
2914,0591_c0007_014.jpg,591,6,-1,True,175,3100,0.15183867782164243,0.08079409048938135,41,2166,0,0,0,0
2915,0591_c0007_015.jpg,591,6,-1,True,175,3100,0.15258858941690814,0.0810560444650301,41,2159,0,0,0,0
2916,0591_c0007_016.jpg,591,6,-1,True,175,3100,0.1528500743945186,0.08124419684308264,41,2154,0,0,0,0
2917,0591_c0007_017.jpg,591,6,-1,True,175,3100,0.15220694606240115,0.08116883116883117,41,2156,0,0,0,0
2918,0591_c0007_018.jpg,591,6,-1,True,175,3100,0.1521546275024274,0.08101851851851852,41,2160,0,0,0,0
2919,0591_c0007_019.jpg,591,6,-1,True,175,3100,0.15225496540634326,0.0810560444650301,41,2159,0,0,0,0
2920,0591_c0007_020.jpg,591,6,-1,True,175,3100,0.15226875028823128,0.08113120074177098,41,2157,0,0,0,0
2921,0591_c0007_021.jpg,591,6,-1,True,175,3100,0.1513409974042671,0.08068234209313048,42,2169,0,0,0,0
2922,0591_c0007_022.jpg,591,6,-1,True,175,3100,0.15203368252945954,0.08101851851851852,42,2160,0,0,0,0
2923,0591_c0007_023.jpg,591,6,-1,True,175,3100,0.1526733114471446,0.08116883116883117,41,2156,0,0,0,0
2924,0591_c0007_024.jpg,591,6,-1,True,175,3100,0.15152652826963614,0.08075680664513152,42,2167,0,0,0,0
2925,0591_c0008_000.jpg,591,7,-1,True,175,3100,0.1386293078540703,0.08274231678486997,27,2115,0,0,0,0
2926,0591_c0008_001.jpg,591,7,-1,True,175,3100,0.138891298540221,0.08285984848484848,26,2112,0,0,0,0
2927,0591_c0008_002.jpg,591,7,-1,True,175,3100,0.13881905006371917,0.08285984848484848,27,2112,0,0,0,0
2928,0591_c0008_003.jpg,591,7,-1,True,175,3100,0.13895497938950693,0.08289909995262909,27,2111,0,0,0,0
2929,0591_c0008_004.jpg,591,7,-1,True,175,3100,0.13891527978007745,0.08285984848484848,27,2112,0,0,0,0
2930,0591_c0008_005.jpg,591,7,-1,True,175,3100,0.13860624258817772,0.08282063416942735,27,2113,0,0,0,0
2931,0591_c0008_006.jpg,591,7,-1,True,175,3100,0.13908612712161408,0.08285984848484848,26,2112,0,0,0,0
2932,0591_c0008_007.jpg,591,7,-1,True,175,3100,0.13890491578668326,0.08278145695364239,26,2114,0,0,0,0
2933,0591_c0008_008.jpg,591,7,-1,True,175,3100,0.13863226321861402,0.08274231678486997,28,2115,0,0,0,0
2934,0591_c0008_009.jpg,591,7,-1,True,175,3100,0.1389773022430508,0.08274231678486997,27,2115,0,0,0,0
2935,0591_c0008_010.jpg,591,7,-1,True,175,3100,0.14012700546591494,0.08297771455666192,26,2109,0,0,0,0
2936,0591_c0008_011.jpg,591,7,-1,True,175,3100,0.139106425199795,0.08274231678486997,27,2115,0,0,0,0
2937,0591_c0008_012.jpg,591,7,-1,True,175,3100,0.13869556572942107,0.08270321361058601,27,2116,0,0,0,0
2938,0591_c0008_013.jpg,591,7,-1,True,175,3100,0.13958565148410113,0.08285984848484848,26,2112,0,0,0,0
2939,0591_c0008_014.jpg,591,7,-1,True,175,3100,0.13911148085160965,0.08278145695364239,27,2114,0,0,0,0
2940,0591_c0008_015.jpg,591,7,-1,True,175,3100,0.13979291598720928,0.08289909995262909,26,2111,0,0,0,0
2941,0591_c0008_016.jpg,591,7,-1,True,175,3100,0.139537592412283,0.08285984848484848,26,2112,0,0,0,0
2942,0591_c0008_017.jpg,591,7,-1,True,175,3100,0.1386593844418737,0.08270321361058601,27,2116,0,0,0,0
2943,0591_c0008_018.jpg,591,7,-1,True,175,3100,0.13875506152780595,0.08258612553091081,27,2119,0,0,0,0
2944,0591_c0008_019.jpg,591,7,-1,True,175,3100,0.138619605361361,0.08270321361058601,27,2116,0,0,0,0
2945,0591_c0008_020.jpg,591,7,-1,True,175,3100,0.13812762379428237,0.08270321361058601,27,2116,0,0,0,0
2946,0591_c0008_021.jpg,591,7,-1,True,175,3100,0.13867484067764616,0.08266414737836561,27,2117,0,0,0,0
2947,0591_c0008_022.jpg,591,7,-1,True,175,3100,0.13881684769636907,0.08278145695364239,27,2114,0,0,0,0
2948,0591_c0008_023.jpg,591,7,-1,True,175,3100,0.13812712504534042,0.08254716981132075,27,2120,0,0,0,0
2949,0591_c0008_024.jpg,591,7,-1,True,175,3100,0.13971112141068032,0.08289909995262909,27,2111,0,0,0,0
2950,0597_c0001_000.jpg,597,0,-1,True,150,3100,0.06567359842757724,0.08675534991324466,564,1729,0,0,0,0
2951,0597_c0001_001.jpg,597,0,-1,True,150,3100,0.0660123419489286,0.08695652173913043,559,1725,0,0,0,0
2952,0597_c0001_002.jpg,597,0,-1,True,150,3100,0.06682098429598782,0.08860011813349085,554,1693,0,0,0,0
2953,0597_c0001_003.jpg,597,0,-1,True,150,3100,0.06662692877180082,0.08844339622641509,555,1696,0,0,0,0
2954,0597_c0001_004.jpg,597,0,-1,True,150,3100,0.06554982130992186,0.08665511265164645,566,1731,0,0,0,0
2955,0597_c0001_005.jpg,597,0,-1,True,150,3100,0.06582703739699305,0.08695652173913043,561,1725,0,0,0,0
2956,0597_c0001_006.jpg,597,0,-1,True,150,3100,0.06569756743164346,0.08675534991324466,564,1729,0,0,0,0
2957,0597_c0001_007.jpg,597,0,-1,True,150,3100,0.06625294084722495,0.08746355685131195,557,1715,0,0,0,0
2958,0597_c0001_008.jpg,597,0,-1,True,150,3100,0.06506327581470919,0.08566533409480297,570,1751,0,0,0,0
2959,0597_c0001_009.jpg,597,0,-1,True,150,3100,0.06464381125490601,0.08522727272727272,575,1760,0,0,0,0
2960,0597_c0001_010.jpg,597,0,-1,True,150,3100,0.06454341356529755,0.08517887563884156,575,1761,0,0,0,0
2961,0597_c0001_011.jpg,597,0,-1,True,150,3100,0.065321117919423,0.08630609896432681,570,1738,0,0,0,0
2962,0597_c0001_012.jpg,597,0,-1,True,150,3100,0.06554001003731426,0.08665511265164645,568,1731,0,0,0,0
2963,0597_c0001_013.jpg,597,0,-1,True,150,3100,0.06506410986562775,0.08571428571428572,573,1750,0,0,0,0
2964,0597_c0001_014.jpg,597,0,-1,True,150,3100,0.06532272445960738,0.08620689655172414,570,1740,0,0,0,0
2965,0597_c0001_015.jpg,597,0,-1,True,150,3100,0.0651982859133497,0.08595988538681948,570,1745,0,0,0,0
2966,0597_c0001_016.jpg,597,0,-1,True,150,3100,0.06405056104781195,0.08412787436904094,582,1783,0,0,0,0
2967,0597_c0001_017.jpg,597,0,-1,True,150,3100,0.06538336874833393,0.08635578583765112,570,1737,0,0,0,0
2968,0597_c0001_018.jpg,597,0,-1,True,150,3100,0.06625875908404799,0.08746355685131195,560,1715,0,0,0,0
2969,0597_c0001_019.jpg,597,0,-1,True,150,3100,0.0660424757215333,0.08690614136732329,561,1726,0,0,0,0
2970,0597_c0001_020.jpg,597,0,-1,True,150,3100,0.06677948780639625,0.0885478158205431,552,1694,0,0,0,0
2971,0597_c0001_021.jpg,597,0,-1,True,150,3100,0.0669005933795918,0.08865248226950355,553,1692,0,0,0,0
2972,0597_c0001_022.jpg,597,0,-1,True,150,3100,0.06656451177907496,0.08828722778104768,555,1699,0,0,0,0
2973,0597_c0001_023.jpg,597,0,-1,True,150,3100,0.06698050468144653,0.08891523414344991,553,1687,0,0,0,0
2974,0597_c0001_024.jpg,597,0,-1,True,150,3100,0.0669695502158269,0.08875739644970414,555,1690,0,0,0,0
2975,0597_c0002_000.jpg,597,1,-1,True,150,3100,0.07103514871274932,0.08987417615338526,401,1669,0,0,0,0
2976,0597_c0002_001.jpg,597,1,-1,True,150,3100,0.07075748773928925,0.08923259964306961,402,1681,0,0,0,0
2977,0597_c0002_002.jpg,597,1,-1,True,150,3100,0.07078000215770949,0.08944543828264759,403,1677,0,0,0,0
2978,0597_c0002_003.jpg,597,1,-1,True,150,3100,0.07106401001966947,0.09009009009009009,403,1665,0,0,0,0
2979,0597_c0002_004.jpg,597,1,-1,True,150,3100,0.07084035034391266,0.08971291866028708,403,1672,0,0,0,0
2980,0597_c0002_005.jpg,597,1,-1,True,150,3100,0.07093763774273439,0.08998200359928014,404,1667,0,0,0,0
2981,0597_c0002_006.jpg,597,1,-1,True,150,3100,0.0711935303177155,0.09047044632086852,401,1658,0,0,0,0
2982,0597_c0002_007.jpg,597,1,-1,True,150,3100,0.07082940661052409,0.08971291866028708,404,1672,0,0,0,0
2983,0597_c0002_008.jpg,597,1,-1,True,150,3100,0.07068893066304308,0.08955223880597014,404,1675,0,0,0,0
2984,0597_c0002_009.jpg,597,1,-1,True,150,3100,0.07065749652029985,0.08928571428571429,404,1680,0,0,0,0
2985,0597_c0002_010.jpg,597,1,-1,True,150,3100,0.07093556348649967,0.08987417615338526,404,1669,0,0,0,0
2986,0597_c0002_011.jpg,597,1,-1,True,150,3100,0.07094458058286297,0.08992805755395683,403,1668,0,0,0,0
2987,0597_c0002_012.jpg,597,1,-1,True,150,3100,0.07083229126981394,0.08982035928143713,404,1670,0,0,0,0
2988,0597_c0002_013.jpg,597,1,-1,True,150,3100,0.07107400981064506,0.09030704394942805,404,1661,0,0,0,0
2989,0597_c0002_014.jpg,597,1,-1,True,150,3100,0.07099938515815374,0.09019843656043296,404,1663,0,0,0,0
2990,0597_c0002_015.jpg,597,1,-1,True,150,3100,0.0711889555592432,0.09074410163339383,404,1653,0,0,0,0
2991,0597_c0002_016.jpg,597,1,-1,True,150,3100,0.0711966007514386,0.09079903147699758,404,1652,0,0,0,0
2992,0597_c0002_017.jpg,597,1,-1,True,150,3100,0.07119099825017619,0.09085402786190187,404,1651,0,0,0,0
2993,0597_c0002_018.jpg,597,1,-1,True,150,3100,0.0709793668398907,0.09047044632086852,405,1658,0,0,0,0
2994,0597_c0002_019.jpg,597,1,-1,True,150,3100,0.07098634668343815,0.09041591320072333,404,1659,0,0,0,0
2995,0597_c0002_020.jpg,597,1,-1,True,150,3100,0.0708436499172323,0.08982035928143713,404,1670,0,0,0,0
2996,0597_c0002_021.jpg,597,1,-1,True,150,3100,0.07090982298989118,0.09009009009009009,404,1665,0,0,0,0
2997,0597_c0002_022.jpg,597,1,-1,True,150,3100,0.07115174947233886,0.09057971014492754,404,1656,0,0,0,0
2998,0597_c0002_023.jpg,597,1,-1,True,150,3100,0.07111050551807666,0.09052504526252263,404,1657,0,0,0,0
2999,0597_c0002_024.jpg,597,1,-1,True,150,3100,0.0713032982339824,0.09096422073984232,404,1649,0,0,0,0
3000,0597_c0004_000.jpg,597,3,-1,True,150,3100,0.07422420013678438,0.09621552277100706,408,1559,0,0,0,0
3001,0597_c0004_001.jpg,597,3,-1,True,150,3100,0.07404101177229232,0.09584664536741214,409,1565,0,0,0,0
3002,0597_c0004_002.jpg,597,3,-1,True,150,3100,0.07407923694342723,0.0959079283887468,409,1564,0,0,0,0
3003,0597_c0004_003.jpg,597,3,-1,True,150,3100,0.07398338953274397,0.09572431397574985,408,1567,0,0,0,0
3004,0597_c0004_004.jpg,597,3,-1,True,150,3100,0.07380134856514066,0.09541984732824428,410,1572,0,0,0,0
3005,0597_c0004_005.jpg,597,3,-1,True,150,3100,0.07369011473928351,0.09535918626827718,411,1573,0,0,0,0
3006,0597_c0004_006.jpg,597,3,-1,True,150,3100,0.07364342988198597,0.09505703422053231,410,1578,0,0,0,0
3007,0597_c0004_007.jpg,597,3,-1,True,150,3100,0.07396195351136614,0.09566326530612244,408,1568,0,0,0,0
3008,0597_c0004_008.jpg,597,3,-1,True,150,3100,0.07388597151056073,0.09541984732824428,409,1572,0,0,0,0
3009,0597_c0004_009.jpg,597,3,-1,True,150,3100,0.07388378535031295,0.09529860228716645,408,1574,0,0,0,0
3010,0597_c0004_010.jpg,597,3,-1,True,150,3100,0.07396184769302663,0.09523809523809523,408,1575,0,0,0,0
3011,0597_c0004_011.jpg,597,3,-1,True,150,3100,0.07388532968118865,0.09487666034155598,408,1581,0,0,0,0
3012,0597_c0004_012.jpg,597,3,-1,True,150,3100,0.073914557036102,0.09529860228716645,408,1574,0,0,0,0
3013,0597_c0004_013.jpg,597,3,-1,True,150,3100,0.07405377782211231,0.09541984732824428,408,1572,0,0,0,0
3014,0597_c0004_014.jpg,597,3,-1,True,150,3100,0.07388362713832859,0.09529860228716645,408,1574,0,0,0,0
3015,0597_c0004_015.jpg,597,3,-1,True,150,3100,0.07397169936554372,0.09499683343888538,408,1579,0,0,0,0
3016,0597_c0004_016.jpg,597,3,-1,True,150,3100,0.07399437660281866,0.09523809523809523,408,1575,0,0,0,0
3017,0597_c0004_017.jpg,597,3,-1,True,150,3100,0.07410758921726082,0.09523809523809523,408,1575,0,0,0,0
3018,0597_c0004_018.jpg,597,3,-1,True,150,3100,0.07395682024399323,0.09529860228716645,408,1574,0,0,0,0
3019,0597_c0004_019.jpg,597,3,-1,True,150,3100,0.07382427532968536,0.09560229445506692,410,1569,0,0,0,0
3020,0597_c0004_020.jpg,597,3,-1,True,150,3100,0.07402676035643847,0.09554140127388536,408,1570,0,0,0,0
3021,0597_c0004_021.jpg,597,3,-1,True,150,3100,0.07403807899401837,0.09523809523809523,408,1575,0,0,0,0
3022,0597_c0004_022.jpg,597,3,-1,True,150,3100,0.07415554499364704,0.09517766497461928,408,1576,0,0,0,0
3023,0597_c0004_023.jpg,597,3,-1,True,150,3100,0.07386233864576934,0.09487666034155598,410,1581,0,0,0,0
3024,0597_c0004_024.jpg,597,3,-1,True,150,3100,0.07409618159801934,0.09560229445506692,409,1569,0,0,0,0
3025,0597_c0005_000.jpg,597,4,-1,True,150,3100,0.08311050158361659,0.10402219140083217,366,1442,0,0,0,0
3026,0597_c0005_001.jpg,597,4,-1,True,150,3100,0.08304661340719811,0.1038781163434903,366,1444,0,0,0,0
3027,0597_c0005_002.jpg,597,4,-1,True,150,3100,0.083359638138957,0.10423905489923559,366,1439,0,0,0,0
3028,0597_c0005_003.jpg,597,4,-1,True,150,3100,0.08327502162929043,0.1040943789035392,366,1441,0,0,0,0
3029,0597_c0005_004.jpg,597,4,-1,True,150,3100,0.08335908489597342,0.10416666666666667,366,1440,0,0,0,0
3030,0597_c0005_005.jpg,597,4,-1,True,150,3100,0.0830843586687665,0.1038781163434903,366,1444,0,0,0,0
3031,0597_c0005_006.jpg,597,4,-1,True,150,3100,0.08271953628669626,0.10359116022099447,366,1448,0,0,0,0
3032,0597_c0005_007.jpg,597,4,-1,True,150,3100,0.0834812570673612,0.10438413361169102,366,1437,0,0,0,0
3033,0597_c0005_008.jpg,597,4,-1,True,150,3100,0.08300762440121759,0.1038781163434903,366,1444,0,0,0,0
3034,0597_c0005_009.jpg,597,4,-1,True,150,3100,0.08333607009173281,0.10438413361169102,366,1437,0,0,0,0
3035,0597_c0005_010.jpg,597,4,-1,True,150,3100,0.08306355491014031,0.1038781163434903,366,1444,0,0,0,0
3036,0597_c0005_011.jpg,597,4,-1,True,150,3100,0.08335517285684041,0.10416666666666667,366,1440,0,0,0,0
3037,0597_c0005_012.jpg,597,4,-1,True,150,3100,0.08321577827283864,0.10402219140083217,366,1442,0,0,0,0
3038,0597_c0005_013.jpg,597,4,-1,True,150,3100,0.08306096410156691,0.1038781163434903,366,1444,0,0,0,0
3039,0597_c0005_014.jpg,597,4,-1,True,150,3100,0.0826428666851633,0.1037344398340249,366,1446,0,0,0,0
3040,0597_c0005_015.jpg,597,4,-1,True,150,3100,0.08250420937736695,0.10344827586206896,366,1450,0,0,0,0
3041,0597_c0005_016.jpg,597,4,-1,True,150,3100,0.08254867231730233,0.10359116022099447,366,1448,0,0,0,0
3042,0597_c0005_017.jpg,597,4,-1,True,150,3100,0.08293546844910564,0.1038781163434903,366,1444,0,0,0,0
3043,0597_c0005_018.jpg,597,4,-1,True,150,3100,0.08299562477187168,0.1038781163434903,366,1444,0,0,0,0
3044,0597_c0005_019.jpg,597,4,-1,True,150,3100,0.0833038974562431,0.10438413361169102,366,1437,0,0,0,0
3045,0597_c0005_020.jpg,597,4,-1,True,150,3100,0.08371043871408826,0.10482180293501048,365,1431,0,0,0,0
3046,0597_c0005_021.jpg,597,4,-1,True,150,3100,0.08350290764000831,0.10460251046025104,366,1434,0,0,0,0
3047,0597_c0005_022.jpg,597,4,-1,True,150,3100,0.08364147617290935,0.104675505931612,366,1433,0,0,0,0
3048,0597_c0005_023.jpg,597,4,-1,True,150,3100,0.08334049342853013,0.10416666666666667,366,1440,0,0,0,0
3049,0597_c0005_024.jpg,597,4,-1,True,150,3100,0.08283078906155687,0.10359116022099447,366,1448,0,0,0,0
3050,0597_c0006_000.jpg,597,5,-1,True,150,3100,0.07719019672995159,0.09025270758122744,415,1662,0,0,0,0
3051,0597_c0006_001.jpg,597,5,-1,True,150,3100,0.07775230945209825,0.0911300121506683,414,1646,0,0,0,0
3052,0597_c0006_002.jpg,597,5,-1,True,150,3100,0.07749430745433261,0.09079903147699758,416,1652,0,0,0,0
3053,0597_c0006_003.jpg,597,5,-1,True,150,3100,0.07758119118390866,0.09014423076923077,415,1664,0,0,0,0
3054,0597_c0006_004.jpg,597,5,-1,True,150,3100,0.07775459721675397,0.09096422073984232,414,1649,0,0,0,0
3055,0597_c0006_005.jpg,597,5,-1,True,150,3100,0.07747271484902576,0.09074410163339383,415,1653,0,0,0,0
3056,0597_c0006_006.jpg,597,5,-1,True,150,3100,0.07790873525578818,0.09096422073984232,414,1649,0,0,0,0
3057,0597_c0006_007.jpg,597,5,-1,True,150,3100,0.0781318697690717,0.09151921903599756,414,1639,0,0,0,0
3058,0597_c0006_008.jpg,597,5,-1,True,150,3100,0.07798937664839622,0.0911300121506683,414,1646,0,0,0,0
3059,0597_c0006_009.jpg,597,5,-1,True,150,3100,0.07821875724558008,0.09090909090909091,413,1650,0,0,0,0
3060,0597_c0006_010.jpg,597,5,-1,True,150,3100,0.07781497146811864,0.09085402786190187,415,1651,0,0,0,0
3061,0597_c0006_011.jpg,597,5,-1,True,150,3100,0.07783975755072348,0.09079903147699758,414,1652,0,0,0,0
3062,0597_c0006_012.jpg,597,5,-1,True,150,3100,0.07792519137304642,0.0911854103343465,414,1645,0,0,0,0
3063,0597_c0006_013.jpg,597,5,-1,True,150,3100,0.07737597734428978,0.09079903147699758,416,1652,0,0,0,0
3064,0597_c0006_014.jpg,597,5,-1,True,150,3100,0.0769850119023871,0.09041591320072333,416,1659,0,0,0,0
3065,0597_c0006_015.jpg,597,5,-1,True,150,3100,0.07745916179792918,0.09090909090909091,416,1650,0,0,0,0
3066,0597_c0006_016.jpg,597,5,-1,True,150,3100,0.07769985576016325,0.0911854103343465,415,1645,0,0,0,0
3067,0597_c0006_017.jpg,597,5,-1,True,150,3100,0.07746804282644511,0.09101941747572816,416,1648,0,0,0,0
3068,0597_c0006_018.jpg,597,5,-1,True,150,3100,0.0771448862162202,0.09057971014492754,416,1656,0,0,0,0
3069,0597_c0006_019.jpg,597,5,-1,True,150,3100,0.07750484193975056,0.09107468123861566,417,1647,0,0,0,0
3070,0597_c0006_020.jpg,597,5,-1,True,150,3100,0.07740550329744039,0.09124087591240876,416,1644,0,0,0,0
3071,0597_c0006_021.jpg,597,5,-1,True,150,3100,0.07721152841335595,0.09101941747572816,417,1648,0,0,0,0
3072,0597_c0006_022.jpg,597,5,-1,True,150,3100,0.07732748196192067,0.09090909090909091,416,1650,0,0,0,0
3073,0597_c0006_023.jpg,597,5,-1,True,150,3100,0.07765265612135333,0.09129640900791236,417,1643,0,0,0,0
3074,0597_c0006_024.jpg,597,5,-1,True,150,3100,0.0770705617565613,0.09057971014492754,416,1656,0,0,0,0
3075,0597_c0007_000.jpg,597,6,-1,True,150,3100,0.06971019885012855,0.08965929468021518,420,1673,0,0,0,0
3076,0597_c0007_001.jpg,597,6,-1,True,150,3100,0.06971978274588063,0.08971291866028708,420,1672,0,0,0,0
3077,0597_c0007_002.jpg,597,6,-1,True,150,3100,0.0696023993759393,0.089179548156956,420,1682,0,0,0,0
3078,0597_c0007_003.jpg,597,6,-1,True,150,3100,0.06962425625435843,0.08939213349225268,420,1678,0,0,0,0
3079,0597_c0007_004.jpg,597,6,-1,True,150,3100,0.06969469676831913,0.08955223880597014,420,1675,0,0,0,0
3080,0597_c0007_005.jpg,597,6,-1,True,150,3100,0.06977749843364475,0.08971291866028708,419,1672,0,0,0,0
3081,0597_c0007_006.jpg,597,6,-1,True,150,3100,0.06966867300842647,0.08955223880597014,420,1675,0,0,0,0
3082,0597_c0007_007.jpg,597,6,-1,True,150,3100,0.06969317950014314,0.08960573476702509,420,1674,0,0,0,0
3083,0597_c0007_008.jpg,597,6,-1,True,150,3100,0.06963593556832542,0.08928571428571429,419,1680,0,0,0,0
3084,0597_c0007_009.jpg,597,6,-1,True,150,3100,0.06960530141416003,0.08933889219773675,419,1679,0,0,0,0
3085,0597_c0007_010.jpg,597,6,-1,True,150,3100,0.06974658264044056,0.08949880668257756,419,1676,0,0,0,0
3086,0597_c0007_011.jpg,597,6,-1,True,150,3100,0.06982190901483848,0.08960573476702509,419,1674,0,0,0,0
3087,0597_c0007_012.jpg,597,6,-1,True,150,3100,0.06964194018129437,0.08944543828264759,419,1677,0,0,0,0
3088,0597_c0007_013.jpg,597,6,-1,True,150,3100,0.06969148801835212,0.08965929468021518,420,1673,0,0,0,0
3089,0597_c0007_014.jpg,597,6,-1,True,150,3100,0.06991191611271048,0.08987417615338526,419,1669,0,0,0,0
3090,0597_c0007_015.jpg,597,6,-1,True,150,3100,0.07012711558728373,0.09014423076923077,419,1664,0,0,0,0
3091,0597_c0007_016.jpg,597,6,-1,True,150,3100,0.06983814796795618,0.08971291866028708,419,1672,0,0,0,0
3092,0597_c0007_017.jpg,597,6,-1,True,150,3100,0.06977407828204622,0.08965929468021518,419,1673,0,0,0,0
3093,0597_c0007_018.jpg,597,6,-1,True,150,3100,0.07016942962997165,0.09025270758122744,419,1662,0,0,0,0
3094,0597_c0007_019.jpg,597,6,-1,True,150,3100,0.06989438035960349,0.09003601440576231,420,1666,0,0,0,0
3095,0597_c0007_020.jpg,597,6,-1,True,150,3100,0.0697683874689561,0.08965929468021518,419,1673,0,0,0,0
3096,0597_c0007_021.jpg,597,6,-1,True,150,3100,0.0699708580173266,0.08987417615338526,419,1669,0,0,0,0
3097,0597_c0007_022.jpg,597,6,-1,True,150,3100,0.06974916545429467,0.08971291866028708,420,1672,0,0,0,0
3098,0597_c0007_023.jpg,597,6,-1,True,150,3100,0.06981789732937366,0.08982035928143713,420,1670,0,0,0,0
3099,0597_c0007_024.jpg,597,6,-1,True,150,3100,0.0696513655764149,0.08960573476702509,420,1674,0,0,0,0
3100,0597_c0008_000.jpg,597,7,-1,True,150,3100,0.07002131173028041,0.0946372239747634,392,1585,0,0,0,0
3101,0597_c0008_001.jpg,597,7,-1,True,150,3100,0.07025385064621566,0.09535918626827718,391,1573,0,0,0,0
3102,0597_c0008_002.jpg,597,7,-1,True,150,3100,0.07015028024192838,0.0949367088607595,391,1580,0,0,0,0
3103,0597_c0008_003.jpg,597,7,-1,True,150,3100,0.07026937841088393,0.09535918626827718,390,1573,0,0,0,0
3104,0597_c0008_004.jpg,597,7,-1,True,150,3100,0.0702225534333443,0.09505703422053231,390,1578,0,0,0,0
3105,0597_c0008_005.jpg,597,7,-1,True,150,3100,0.07028630435505692,0.09505703422053231,391,1578,0,0,0,0
3106,0597_c0008_006.jpg,597,7,-1,True,150,3100,0.07060197156866001,0.09633911368015415,389,1557,0,0,0,0
3107,0597_c0008_007.jpg,597,7,-1,True,150,3100,0.07063910638982199,0.09609224855861627,389,1561,0,0,0,0
3108,0597_c0008_008.jpg,597,7,-1,True,150,3100,0.07025729845336719,0.09511731135066583,390,1577,0,0,0,0
3109,0597_c0008_009.jpg,597,7,-1,True,150,3100,0.06994357022384129,0.09428032683846638,393,1591,0,0,0,0
3110,0597_c0008_010.jpg,597,7,-1,True,150,3100,0.07032849650889834,0.09535918626827718,390,1573,0,0,0,0
3111,0597_c0008_011.jpg,597,7,-1,True,150,3100,0.07027414930969236,0.09535918626827718,391,1573,0,0,0,0
3112,0597_c0008_012.jpg,597,7,-1,True,150,3100,0.07014829811676386,0.09481668773704172,391,1582,0,0,0,0
3113,0597_c0008_013.jpg,597,7,-1,True,150,3100,0.07028818526550588,0.09517766497461928,391,1576,0,0,0,0
3114,0597_c0008_014.jpg,597,7,-1,True,150,3100,0.07036980428053588,0.09554140127388536,391,1570,0,0,0,0
3115,0597_c0008_015.jpg,597,7,-1,True,150,3100,0.07039219177425146,0.09560229445506692,391,1569,0,0,0,0
3116,0597_c0008_016.jpg,597,7,-1,True,150,3100,0.07026847359712017,0.09523809523809523,392,1575,0,0,0,0
3117,0597_c0008_017.jpg,597,7,-1,True,150,3100,0.07027651047961268,0.09487666034155598,390,1581,0,0,0,0
3118,0597_c0008_018.jpg,597,7,-1,True,150,3100,0.0701956192752574,0.0946969696969697,390,1584,0,0,0,0
3119,0597_c0008_019.jpg,597,7,-1,True,150,3100,0.07013418306404565,0.09457755359394704,392,1586,0,0,0,0
3120,0597_c0008_020.jpg,597,7,-1,True,150,3100,0.06990159795370342,0.09433962264150944,395,1590,0,0,0,0
3121,0597_c0008_021.jpg,597,7,-1,True,150,3100,0.06995863750965019,0.09433962264150944,393,1590,0,0,0,0
3122,0597_c0008_022.jpg,597,7,-1,True,150,3100,0.06989553427893669,0.09428032683846638,394,1591,0,0,0,0
3123,0597_c0008_023.jpg,597,7,-1,True,150,3100,0.07000194076007862,0.09433962264150944,393,1590,0,0,0,0
3124,0597_c0008_024.jpg,597,7,-1,True,150,3100,0.06996616237953328,0.09433962264150944,393,1590,0,0,0,0
