query_index,name,identity,camera,scene,valid,relevant_gallery,kept_gallery,AP,INP,first_match,last_match,Rank-1,Rank-5,Rank-10,Rank-20
0,0501_c0001_000.jpg,501,0,-1,True,125,3100,1.0,1.0,1,125,1,1,1,1
1,0501_c0001_001.jpg,501,0,-1,True,125,3100,1.0,1.0,1,125,1,1,1,1
2,0501_c0001_002.jpg,501,0,-1,True,125,3100,1.0,1.0,1,125,1,1,1,1
3,0501_c0001_003.jpg,501,0,-1,True,125,3100,1.0,1.0,1,125,1,1,1,1
4,0501_c0001_004.jpg,501,0,-1,True,125,3100,1.0,1.0,1,125,1,1,1,1
5,0501_c0001_005.jpg,501,0,-1,True,125,3100,0.9970454914008332,0.9328358208955224,1,134,1,1,1,1
6,0501_c0001_006.jpg,501,0,-1,True,125,3100,0.9992540310068206,0.9541984732824428,1,131,1,1,1,1
7,0501_c0001_007.jpg,501,0,-1,True,125,3100,0.9986835246869148,0.9541984732824428,1,131,1,1,1,1
8,0501_c0001_008.jpg,501,0,-1,True,125,3100,1.0,1.0,1,125,1,1,1,1
9,0501_c0001_009.jpg,501,0,-1,True,125,3100,0.9999365079365079,0.9920634920634921,1,126,1,1,1,1
10,0501_c0001_010.jpg,501,0,-1,True,125,3100,0.9999365079365079,0.9920634920634921,1,126,1,1,1,1
11,0501_c0001_011.jpg,501,0,-1,True,125,3100,0.9993190716572272,0.9541984732824428,1,131,1,1,1,1
12,0501_c0001_012.jpg,501,0,-1,True,125,3100,0.9996879379844961,0.9689922480620154,1,129,1,1,1,1
13,0501_c0001_013.jpg,501,0,-1,True,125,3100,0.9994446114083069,0.9541984732824428,1,131,1,1,1,1
14,0501_c0001_014.jpg,501,0,-1,True,125,3100,0.9959354677244509,0.8865248226950354,1,141,1,1,1,1
15,0501_c0001_015.jpg,501,0,-1,True,125,3100,0.9944005518450091,0.8741258741258742,1,143,1,1,1,1
16,0501_c0001_016.jpg,501,0,-1,True,125,3100,0.9949773433639072,0.8865248226950354,1,141,1,1,1,1
17,0501_c0001_017.jpg,501,0,-1,True,125,3100,0.9967935219592267,0.9057971014492754,1,138,1,1,1,1
18,0501_c0001_018.jpg,501,0,-1,True,125,3100,0.9265970180890917,0.8012820512820513,1,156,1,1,1,1
19,0501_c0001_019.jpg,501,0,-1,True,125,3100,0.9558686854519458,0.8169934640522876,1,153,1,1,1,1
20,0501_c0001_020.jpg,501,0,-1,True,125,3100,0.9300873440312433,0.7961783439490446,1,157,1,1,1,1
21,0501_c0001_021.jpg,501,0,-1,True,125,3100,0.970867728897256,0.8169934640522876,1,153,1,1,1,1
22,0501_c0001_022.jpg,501,0,-1,True,125,3100,0.9477845252085204,0.8012820512820513,1,156,1,1,1,1
23,0501_c0001_023.jpg,501,0,-1,True,125,3100,0.9914568178226462,0.8503401360544217,1,147,1,1,1,1
24,0501_c0001_024.jpg,501,0,-1,True,125,3100,0.9639929854303387,0.8116883116883117,1,154,1,1,1,1
25,0501_c0002_000.jpg,501,1,-1,True,125,3100,1.0,1.0,1,125,1,1,1,1
26,0501_c0002_001.jpg,501,1,-1,True,125,3100,1.0,1.0,1,125,1,1,1,1
27,0501_c0002_002.jpg,501,1,-1,True,125,3100,1.0,1.0,1,125,1,1,1,1
28,0501_c0002_003.jpg,501,1,-1,True,125,3100,1.0,1.0,1,125,1,1,1,1
29,0501_c0002_004.jpg,501,1,-1,True,125,3100,1.0,1.0,1,125,1,1,1,1
30,0501_c0002_005.jpg,501,1,-1,True,125,3100,1.0,1.0,1,125,1,1,1,1
31,0501_c0002_006.jpg,501,1,-1,True,125,3100,1.0,1.0,1,125,1,1,1,1
32,0501_c0002_007.jpg,501,1,-1,True,125,3100,1.0,1.0,1,125,1,1,1,1
33,0501_c0002_008.jpg,501,1,-1,True,125,3100,1.0,1.0,1,125,1,1,1,1
34,0501_c0002_009.jpg,501,1,-1,True,125,3100,1.0,1.0,1,125,1,1,1,1
35,0501_c0002_010.jpg,501,1,-1,True,125,3100,1.0,1.0,1,125,1,1,1,1
36,0501_c0002_011.jpg,501,1,-1,True,125,3100,1.0,1.0,1,125,1,1,1,1
37,0501_c0002_012.jpg,501,1,-1,True,125,3100,1.0,1.0,1,125,1,1,1,1
38,0501_c0002_013.jpg,501,1,-1,True,125,3100,1.0,1.0,1,125,1,1,1,1
39,0501_c0002_014.jpg,501,1,-1,True,125,3100,1.0,1.0,1,125,1,1,1,1
40,0501_c0002_015.jpg,501,1,-1,True,125,3100,1.0,1.0,1,125,1,1,1,1
41,0501_c0002_016.jpg,501,1,-1,True,125,3100,1.0,1.0,1,125,1,1,1,1
42,0501_c0002_017.jpg,501,1,-1,True,125,3100,1.0,1.0,1,125,1,1,1,1
43,0501_c0002_018.jpg,501,1,-1,True,125,3100,1.0,1.0,1,125,1,1,1,1
44,0501_c0002_019.jpg,501,1,-1,True,125,3100,1.0,1.0,1,125,1,1,1,1
45,0501_c0002_020.jpg,501,1,-1,True,125,3100,1.0,1.0,1,125,1,1,1,1
46,0501_c0002_021.jpg,501,1,-1,True,125,3100,1.0,1.0,1,125,1,1,1,1
47,0501_c0002_022.jpg,501,1,-1,True,125,3100,1.0,1.0,1,125,1,1,1,1
48,0501_c0002_023.jpg,501,1,-1,True,125,3100,1.0,1.0,1,125,1,1,1,1
49,0501_c0002_024.jpg,501,1,-1,True,125,3100,1.0,1.0,1,125,1,1,1,1
50,0501_c0003_000.jpg,501,2,-1,True,125,3100,1.0,1.0,1,125,1,1,1,1
51,0501_c0003_001.jpg,501,2,-1,True,125,3100,1.0,1.0,1,125,1,1,1,1
52,0501_c0003_002.jpg,501,2,-1,True,125,3100,1.0,1.0,1,125,1,1,1,1
53,0501_c0003_003.jpg,501,2,-1,True,125,3100,1.0,1.0,1,125,1,1,1,1
54,0501_c0003_004.jpg,501,2,-1,True,125,3100,1.0,1.0,1,125,1,1,1,1
55,0501_c0003_005.jpg,501,2,-1,True,125,3100,1.0,1.0,1,125,1,1,1,1
56,0501_c0003_006.jpg,501,2,-1,True,125,3100,1.0,1.0,1,125,1,1,1,1
57,0501_c0003_007.jpg,501,2,-1,True,125,3100,1.0,1.0,1,125,1,1,1,1
58,0501_c0003_008.jpg,501,2,-1,True,125,3100,1.0,1.0,1,125,1,1,1,1
59,0501_c0003_009.jpg,501,2,-1,True,125,3100,0.9998125,0.9765625,1,128,1,1,1,1
60,0501_c0003_010.jpg,501,2,-1,True,125,3100,1.0,1.0,1,125,1,1,1,1
61,0501_c0003_011.jpg,501,2,-1,True,125,3100,1.0,1.0,1,125,1,1,1,1
62,0501_c0003_012.jpg,501,2,-1,True,125,3100,1.0,1.0,1,125,1,1,1,1
63,0501_c0003_013.jpg,501,2,-1,True,125,3100,1.0,1.0,1,125,1,1,1,1
64,0501_c0003_014.jpg,501,2,-1,True,125,3100,1.0,1.0,1,125,1,1,1,1
65,0501_c0003_015.jpg,501,2,-1,True,125,3100,1.0,1.0,1,125,1,1,1,1
66,0501_c0003_016.jpg,501,2,-1,True,125,3100,1.0,1.0,1,125,1,1,1,1
67,0501_c0003_017.jpg,501,2,-1,True,125,3100,1.0,1.0,1,125,1,1,1,1
68,0501_c0003_018.jpg,501,2,-1,True,125,3100,1.0,1.0,1,125,1,1,1,1
69,0501_c0003_019.jpg,501,2,-1,True,125,3100,1.0,1.0,1,125,1,1,1,1
70,0501_c0003_020.jpg,501,2,-1,True,125,3100,1.0,1.0,1,125,1,1,1,1
71,0501_c0003_021.jpg,501,2,-1,True,125,3100,1.0,1.0,1,125,1,1,1,1
72,0501_c0003_022.jpg,501,2,-1,True,125,3100,1.0,1.0,1,125,1,1,1,1
73,0501_c0003_023.jpg,501,2,-1,True,125,3100,1.0,1.0,1,125,1,1,1,1
74,0501_c0003_024.jpg,501,2,-1,True,125,3100,1.0,1.0,1,125,1,1,1,1
75,0501_c0005_000.jpg,501,4,-1,True,125,3100,1.0,1.0,1,125,1,1,1,1
76,0501_c0005_001.jpg,501,4,-1,True,125,3100,1.0,1.0,1,125,1,1,1,1
77,0501_c0005_002.jpg,501,4,-1,True,125,3100,1.0,1.0,1,125,1,1,1,1
78,0501_c0005_003.jpg,501,4,-1,True,125,3100,1.0,1.0,1,125,1,1,1,1
79,0501_c0005_004.jpg,501,4,-1,True,125,3100,1.0,1.0,1,125,1,1,1,1
80,0501_c0005_005.jpg,501,4,-1,True,125,3100,1.0,1.0,1,125,1,1,1,1
81,0501_c0005_006.jpg,501,4,-1,True,125,3100,1.0,1.0,1,125,1,1,1,1
82,0501_c0005_007.jpg,501,4,-1,True,125,3100,1.0,1.0,1,125,1,1,1,1
83,0501_c0005_008.jpg,501,4,-1,True,125,3100,1.0,1.0,1,125,1,1,1,1
84,0501_c0005_009.jpg,501,4,-1,True,125,3100,1.0,1.0,1,125,1,1,1,1
85,0501_c0005_010.jpg,501,4,-1,True,125,3100,1.0,1.0,1,125,1,1,1,1
86,0501_c0005_011.jpg,501,4,-1,True,125,3100,1.0,1.0,1,125,1,1,1,1
87,0501_c0005_012.jpg,501,4,-1,True,125,3100,1.0,1.0,1,125,1,1,1,1
88,0501_c0005_013.jpg,501,4,-1,True,125,3100,1.0,1.0,1,125,1,1,1,1
89,0501_c0005_014.jpg,501,4,-1,True,125,3100,1.0,1.0,1,125,1,1,1,1
90,0501_c0005_015.jpg,501,4,-1,True,125,3100,1.0,1.0,1,125,1,1,1,1
91,0501_c0005_016.jpg,501,4,-1,True,125,3100,1.0,1.0,1,125,1,1,1,1
92,0501_c0005_017.jpg,501,4,-1,True,125,3100,1.0,1.0,1,125,1,1,1,1
93,0501_c0005_018.jpg,501,4,-1,True,125,3100,1.0,1.0,1,125,1,1,1,1
94,0501_c0005_019.jpg,501,4,-1,True,125,3100,1.0,1.0,1,125,1,1,1,1
95,0501_c0005_020.jpg,501,4,-1,True,125,3100,0.9999365079365079,0.9920634920634921,1,126,1,1,1,1
96,0501_c0005_021.jpg,501,4,-1,True,125,3100,0.9996825154920151,0.984251968503937,1,127,1,1,1,1
97,0501_c0005_022.jpg,501,4,-1,True,125,3100,0.9998740157480315,0.984251968503937,1,127,1,1,1,1
98,0501_c0005_023.jpg,501,4,-1,True,125,3100,0.9999365079365079,0.9920634920634921,1,126,1,1,1,1
99,0501_c0005_024.jpg,501,4,-1,True,125,3100,0.9996174748416086,0.984251968503937,1,127,1,1,1,1
100,0501_c0006_000.jpg,501,5,-1,True,125,3100,0.9943879721030736,0.9328358208955224,1,134,1,1,1,1
101,0501_c0006_001.jpg,501,5,-1,True,125,3100,0.9956406462606204,0.9541984732824428,1,131,1,1,1,1
102,0501_c0006_002.jpg,501,5,-1,True,125,3100,1.0,1.0,1,125,1,1,1,1
103,0501_c0006_003.jpg,501,5,-1,True,125,3100,1.0,1.0,1,125,1,1,1,1
104,0501_c0006_004.jpg,501,5,-1,True,125,3100,1.0,1.0,1,125,1,1,1,1
105,0501_c0006_005.jpg,501,5,-1,True,125,3100,0.9586138726834639,0.7763975155279503,1,161,1,1,1,1
106,0501_c0006_006.jpg,501,5,-1,True,125,3100,1.0,1.0,1,125,1,1,1,1
107,0501_c0006_007.jpg,501,5,-1,True,125,3100,0.999872507936508,0.9920634920634921,1,126,1,1,1,1
108,0501_c0006_008.jpg,501,5,-1,True,125,3100,1.0,1.0,1,125,1,1,1,1
109,0501_c0006_009.jpg,501,5,-1,True,125,3100,1.0,1.0,1,125,1,1,1,1
110,0501_c0006_010.jpg,501,5,-1,True,125,3100,1.0,1.0,1,125,1,1,1,1
111,0501_c0006_011.jpg,501,5,-1,True,125,3100,1.0,1.0,1,125,1,1,1,1
112,0501_c0006_012.jpg,501,5,-1,True,125,3100,1.0,1.0,1,125,1,1,1,1
113,0501_c0006_013.jpg,501,5,-1,True,125,3100,1.0,1.0,1,125,1,1,1,1
114,0501_c0006_014.jpg,501,5,-1,True,125,3100,0.9997429511570691,0.9920634920634921,1,126,1,1,1,1
115,0501_c0006_015.jpg,501,5,-1,True,125,3100,1.0,1.0,1,125,1,1,1,1
116,0501_c0006_016.jpg,501,5,-1,True,125,3100,1.0,1.0,1,125,1,1,1,1
117,0501_c0006_017.jpg,501,5,-1,True,125,3100,0.9999365079365079,0.9920634920634921,1,126,1,1,1,1
118,0501_c0006_018.jpg,501,5,-1,True,125,3100,1.0,1.0,1,125,1,1,1,1
119,0501_c0006_019.jpg,501,5,-1,True,125,3100,1.0,1.0,1,125,1,1,1,1
120,0501_c0006_020.jpg,501,5,-1,True,125,3100,1.0,1.0,1,125,1,1,1,1
121,0501_c0006_021.jpg,501,5,-1,True,125,3100,1.0,1.0,1,125,1,1,1,1
122,0501_c0006_022.jpg,501,5,-1,True,125,3100,1.0,1.0,1,125,1,1,1,1
123,0501_c0006_023.jpg,501,5,-1,True,125,3100,1.0,1.0,1,125,1,1,1,1
124,0501_c0006_024.jpg,501,5,-1,True,125,3100,1.0,1.0,1,125,1,1,1,1
125,0501_c0007_000.jpg,501,6,-1,True,125,3100,1.0,1.0,1,125,1,1,1,1
126,0501_c0007_001.jpg,501,6,-1,True,125,3100,1.0,1.0,1,125,1,1,1,1
127,0501_c0007_002.jpg,501,6,-1,True,125,3100,1.0,1.0,1,125,1,1,1,1
128,0501_c0007_003.jpg,501,6,-1,True,125,3100,1.0,1.0,1,125,1,1,1,1
129,0501_c0007_004.jpg,501,6,-1,True,125,3100,1.0,1.0,1,125,1,1,1,1
130,0501_c0007_005.jpg,501,6,-1,True,125,3100,1.0,1.0,1,125,1,1,1,1
131,0501_c0007_006.jpg,501,6,-1,True,125,3100,1.0,1.0,1,125,1,1,1,1
132,0501_c0007_007.jpg,501,6,-1,True,125,3100,1.0,1.0,1,125,1,1,1,1
133,0501_c0007_008.jpg,501,6,-1,True,125,3100,1.0,1.0,1,125,1,1,1,1
134,0501_c0007_009.jpg,501,6,-1,True,125,3100,1.0,1.0,1,125,1,1,1,1
135,0501_c0007_010.jpg,501,6,-1,True,125,3100,1.0,1.0,1,125,1,1,1,1
136,0501_c0007_011.jpg,501,6,-1,True,125,3100,1.0,1.0,1,125,1,1,1,1
137,0501_c0007_012.jpg,501,6,-1,True,125,3100,1.0,1.0,1,125,1,1,1,1
138,0501_c0007_013.jpg,501,6,-1,True,125,3100,1.0,1.0,1,125,1,1,1,1
139,0501_c0007_014.jpg,501,6,-1,True,125,3100,1.0,1.0,1,125,1,1,1,1
140,0501_c0007_015.jpg,501,6,-1,True,125,3100,1.0,1.0,1,125,1,1,1,1
141,0501_c0007_016.jpg,501,6,-1,True,125,3100,1.0,1.0,1,125,1,1,1,1
142,0501_c0007_017.jpg,501,6,-1,True,125,3100,1.0,1.0,1,125,1,1,1,1
143,0501_c0007_018.jpg,501,6,-1,True,125,3100,1.0,1.0,1,125,1,1,1,1
144,0501_c0007_019.jpg,501,6,-1,True,125,3100,1.0,1.0,1,125,1,1,1,1
145,0501_c0007_020.jpg,501,6,-1,True,125,3100,1.0,1.0,1,125,1,1,1,1
146,0501_c0007_021.jpg,501,6,-1,True,125,3100,1.0,1.0,1,125,1,1,1,1
147,0501_c0007_022.jpg,501,6,-1,True,125,3100,0.9989518570170288,0.9541984732824428,1,131,1,1,1,1
148,0501_c0007_023.jpg,501,6,-1,True,125,3100,1.0,1.0,1,125,1,1,1,1
149,0501_c0007_024.jpg,501,6,-1,True,125,3100,1.0,1.0,1,125,1,1,1,1
150,0507_c0001_000.jpg,507,0,-1,True,175,3100,0.484994185657049,0.4375,30,400,0,0,0,0
151,0507_c0001_001.jpg,507,0,-1,True,175,3100,0.493827686249273,0.4475703324808184,28,391,0,0,0,0
152,0507_c0001_002.jpg,507,0,-1,True,175,3100,0.5087606376599901,0.4375,21,400,0,0,0,0
153,0507_c0001_003.jpg,507,0,-1,True,175,3100,0.5036480655289833,0.4375,22,400,0,0,0,0
154,0507_c0001_004.jpg,507,0,-1,True,175,3100,0.5095155876914668,0.47043010752688175,24,372,0,0,0,0
155,0507_c0001_005.jpg,507,0,-1,True,175,3100,0.4989048629109545,0.4557291666666667,27,384,0,0,0,0
156,0507_c0001_006.jpg,507,0,-1,True,175,3100,0.49767118393001225,0.44529262086513993,31,393,0,0,0,0
157,0507_c0001_007.jpg,507,0,-1,True,175,3100,0.5199837875152259,0.5087209302325582,20,344,0,0,0,1
158,0507_c0001_008.jpg,507,0,-1,True,175,3100,0.5434365123752164,0.501432664756447,21,349,0,0,0,0
159,0507_c0001_009.jpg,507,0,-1,True,175,3100,0.5350538276266991,0.5147058823529411,20,340,0,0,0,1
160,0507_c0001_010.jpg,507,0,-1,True,175,3100,0.5637782036680129,0.5608974358974359,15,312,0,0,0,1
161,0507_c0001_011.jpg,507,0,-1,True,175,3100,0.5211583421321667,0.5287009063444109,23,331,0,0,0,0
162,0507_c0001_012.jpg,507,0,-1,True,175,3100,0.5162746933575275,0.5043227665706052,22,347,0,0,0,0
163,0507_c0001_013.jpg,507,0,-1,True,175,3100,0.4880229945180082,0.4820936639118457,22,363,0,0,0,0
164,0507_c0001_014.jpg,507,0,-1,True,175,3100,0.46898722093761325,0.4768392370572207,24,367,0,0,0,0
165,0507_c0001_015.jpg,507,0,-1,True,175,3100,0.5218381448233824,0.5131964809384164,20,341,0,0,0,1
166,0507_c0001_016.jpg,507,0,-1,True,175,3100,0.4755672314999791,0.47043010752688175,22,372,0,0,0,0
167,0507_c0001_017.jpg,507,0,-1,True,175,3100,0.5009051770250768,0.49295774647887325,21,355,0,0,0,0
168,0507_c0001_018.jpg,507,0,-1,True,175,3100,0.5664959064736454,0.5351681957186545,10,327,0,0,1,1
169,0507_c0001_019.jpg,507,0,-1,True,175,3100,0.5574490655416258,0.5255255255255256,10,333,0,0,1,1
170,0507_c0001_020.jpg,507,0,-1,True,175,3100,0.5445035274660084,0.5303030303030303,10,330,0,0,1,1
171,0507_c0001_021.jpg,507,0,-1,True,175,3100,0.5233259817352541,0.5287009063444109,15,331,0,0,0,1
172,0507_c0001_022.jpg,507,0,-1,True,175,3100,0.5497116264007972,0.5287009063444109,10,331,0,0,1,1
173,0507_c0001_023.jpg,507,0,-1,True,175,3100,0.534195689665216,0.5131964809384164,10,341,0,0,1,1
174,0507_c0001_024.jpg,507,0,-1,True,175,3100,0.5880871345413479,0.5537974683544303,8,316,0,0,1,1
175,0507_c0002_000.jpg,507,1,-1,True,175,3100,0.6120371917735842,0.35,1,500,1,1,1,1
176,0507_c0002_001.jpg,507,1,-1,True,175,3100,0.626275219519509,0.3528225806451613,1,496,1,1,1,1
177,0507_c0002_002.jpg,507,1,-1,True,175,3100,0.6251368162798293,0.35,1,500,1,1,1,1
178,0507_c0002_003.jpg,507,1,-1,True,175,3100,0.6695987192193147,0.38209606986899564,1,458,1,1,1,1
179,0507_c0002_004.jpg,507,1,-1,True,175,3100,0.6745260366632823,0.4156769596199525,1,421,1,1,1,1
180,0507_c0002_005.jpg,507,1,-1,True,175,3100,0.6785800726069611,0.40792540792540793,1,429,1,1,1,1
181,0507_c0002_006.jpg,507,1,-1,True,175,3100,0.6897479138123749,0.39503386004514673,1,443,1,1,1,1
182,0507_c0002_007.jpg,507,1,-1,True,175,3100,0.6744498196059265,0.39325842696629215,1,445,1,1,1,1
183,0507_c0002_008.jpg,507,1,-1,True,175,3100,0.6704475355103181,0.43424317617866004,1,403,1,1,1,1
184,0507_c0002_009.jpg,507,1,-1,True,175,3100,0.6492709721417712,0.38716814159292035,1,452,1,1,1,1
185,0507_c0002_010.jpg,507,1,-1,True,175,3100,0.677095289240023,0.4032258064516129,1,434,1,1,1,1
186,0507_c0002_011.jpg,507,1,-1,True,175,3100,0.6728412958703655,0.4013761467889908,1,436,1,1,1,1
187,0507_c0002_012.jpg,507,1,-1,True,175,3100,0.6694406240873191,0.4196642685851319,1,417,1,1,1,1
188,0507_c0002_013.jpg,507,1,-1,True,175,3100,0.7308817252000394,0.46419098143236076,1,377,1,1,1,1
189,0507_c0002_014.jpg,507,1,-1,True,175,3100,0.7006617878864039,0.42168674698795183,1,415,1,1,1,1
190,0507_c0002_015.jpg,507,1,-1,True,175,3100,0.6941831935895535,0.40229885057471265,1,435,1,1,1,1
191,0507_c0002_016.jpg,507,1,-1,True,175,3100,0.702657998498405,0.4088785046728972,1,428,1,1,1,1
192,0507_c0002_017.jpg,507,1,-1,True,175,3100,0.6626395679823283,0.3691983122362869,1,474,1,1,1,1
193,0507_c0002_018.jpg,507,1,-1,True,175,3100,0.6484574047872588,0.3699788583509514,1,473,1,1,1,1
194,0507_c0002_019.jpg,507,1,-1,True,175,3100,0.663414498420143,0.37154989384288745,1,471,1,1,1,1
195,0507_c0002_020.jpg,507,1,-1,True,175,3100,0.6644790091254488,0.360082304526749,1,486,1,1,1,1
196,0507_c0002_021.jpg,507,1,-1,True,175,3100,0.6820992393541567,0.37154989384288745,1,471,1,1,1,1
197,0507_c0002_022.jpg,507,1,-1,True,175,3100,0.6742179060524567,0.3645833333333333,1,480,1,1,1,1
198,0507_c0002_023.jpg,507,1,-1,True,175,3100,0.6936454505581516,0.38293216630196936,1,457,1,1,1,1
199,0507_c0002_024.jpg,507,1,-1,True,175,3100,0.6884187421477824,0.3787878787878788,1,462,1,1,1,1
200,0507_c0003_000.jpg,507,2,-1,True,175,3100,0.4463894123244815,0.4375,36,400,0,0,0,0
201,0507_c0003_001.jpg,507,2,-1,True,175,3100,0.452377519215656,0.4375,32,400,0,0,0,0
202,0507_c0003_002.jpg,507,2,-1,True,175,3100,0.43997273430409684,0.4375,39,400,0,0,0,0
203,0507_c0003_003.jpg,507,2,-1,True,175,3100,0.43983386412790065,0.4375,36,400,0,0,0,0
204,0507_c0003_004.jpg,507,2,-1,True,175,3100,0.4287143241889318,0.4375,45,400,0,0,0,0
205,0507_c0003_005.jpg,507,2,-1,True,175,3100,0.4237900158880975,0.4375,45,400,0,0,0,0
206,0507_c0003_006.jpg,507,2,-1,True,175,3100,0.4445932276683335,0.4375,32,400,0,0,0,0
207,0507_c0003_007.jpg,507,2,-1,True,175,3100,0.4463984029663423,0.4375,35,400,0,0,0,0
208,0507_c0003_008.jpg,507,2,-1,True,175,3100,0.3943332430233495,0.4375,28,400,0,0,0,0
209,0507_c0003_009.jpg,507,2,-1,True,175,3100,0.41396092071626484,0.4375,28,400,0,0,0,0
210,0507_c0003_010.jpg,507,2,-1,True,175,3100,0.4200224252273405,0.4375,22,400,0,0,0,0
211,0507_c0003_011.jpg,507,2,-1,True,175,3100,0.41717762106537604,0.4375,29,400,0,0,0,0
212,0507_c0003_012.jpg,507,2,-1,True,175,3100,0.40370290090498284,0.4375,31,400,0,0,0,0
213,0507_c0003_013.jpg,507,2,-1,True,175,3100,0.39355288630701263,0.4375,39,400,0,0,0,0
214,0507_c0003_014.jpg,507,2,-1,True,175,3100,0.4347107886375844,0.4375,20,400,0,0,0,1
215,0507_c0003_015.jpg,507,2,-1,True,175,3100,0.44289602519948923,0.4375,19,400,0,0,0,1
216,0507_c0003_016.jpg,507,2,-1,True,175,3100,0.43361567774456244,0.4375,19,400,0,0,0,1
217,0507_c0003_017.jpg,507,2,-1,True,175,3100,0.42701159256243476,0.4375,18,400,0,0,0,1
218,0507_c0003_018.jpg,507,2,-1,True,175,3100,0.4081136202704984,0.4375,28,400,0,0,0,0
219,0507_c0003_019.jpg,507,2,-1,True,175,3100,0.42392741557434227,0.4375,23,400,0,0,0,0
220,0507_c0003_020.jpg,507,2,-1,True,175,3100,0.4142967590130419,0.4375,25,400,0,0,0,0
221,0507_c0003_021.jpg,507,2,-1,True,175,3100,0.4224254215152318,0.4375,20,400,0,0,0,1
222,0507_c0003_022.jpg,507,2,-1,True,175,3100,0.41226904604514986,0.4375,23,400,0,0,0,0
223,0507_c0003_023.jpg,507,2,-1,True,175,3100,0.4176797930210499,0.4375,28,400,0,0,0,0
224,0507_c0003_024.jpg,507,2,-1,True,175,3100,0.417949232276233,0.4375,31,400,0,0,0,0
225,0507_c0004_000.jpg,507,3,-1,True,175,3100,0.3664796537006357,0.30329289428076256,25,577,0,0,0,0
226,0507_c0004_001.jpg,507,3,-1,True,175,3100,0.3657246429167797,0.3064798598949212,24,571,0,0,0,0
227,0507_c0004_002.jpg,507,3,-1,True,175,3100,0.37090876392680733,0.30594405594405594,25,572,0,0,0,0
228,0507_c0004_003.jpg,507,3,-1,True,175,3100,0.3783792028674659,0.3064798598949212,19,571,0,0,0,1
229,0507_c0004_004.jpg,507,3,-1,True,175,3100,0.36845827747303667,0.3064798598949212,22,571,0,0,0,0
230,0507_c0004_005.jpg,507,3,-1,True,175,3100,0.3809747458275349,0.30918727915194344,10,566,0,0,1,1
231,0507_c0004_006.jpg,507,3,-1,True,175,3100,0.3783327607191332,0.30918727915194344,14,566,0,0,0,1
232,0507_c0004_007.jpg,507,3,-1,True,175,3100,0.3795900127293307,0.30864197530864196,22,567,0,0,0,0
233,0507_c0004_008.jpg,507,3,-1,True,175,3100,0.38347139191075524,0.3064798598949212,24,571,0,0,0,0
234,0507_c0004_009.jpg,507,3,-1,True,175,3100,0.3895350619527871,0.3064798598949212,23,571,0,0,0,0
235,0507_c0004_010.jpg,507,3,-1,True,175,3100,0.3764026844839139,0.30434782608695654,23,575,0,0,0,0
236,0507_c0004_011.jpg,507,3,-1,True,175,3100,0.35235433011946415,0.2976190476190476,26,588,0,0,0,0
237,0507_c0004_012.jpg,507,3,-1,True,175,3100,0.35036650632631117,0.29711375212224106,26,589,0,0,0,0
238,0507_c0004_013.jpg,507,3,-1,True,175,3100,0.3520907136689407,0.2976190476190476,26,588,0,0,0,0
239,0507_c0004_014.jpg,507,3,-1,True,175,3100,0.3534918169330044,0.2981260647359455,26,587,0,0,0,0
240,0507_c0004_015.jpg,507,3,-1,True,175,3100,0.37370108600606466,0.30594405594405594,22,572,0,0,0,0
241,0507_c0004_016.jpg,507,3,-1,True,175,3100,0.3676754242018758,0.30594405594405594,22,572,0,0,0,0
242,0507_c0004_017.jpg,507,3,-1,True,175,3100,0.3827143204920878,0.30701754385964913,17,570,0,0,0,1
243,0507_c0004_018.jpg,507,3,-1,True,175,3100,0.3885861958830351,0.30594405594405594,22,572,0,0,0,0
244,0507_c0004_019.jpg,507,3,-1,True,175,3100,0.39480180822586103,0.3064798598949212,20,571,0,0,0,1
245,0507_c0004_020.jpg,507,3,-1,True,175,3100,0.3956019457166972,0.30864197530864196,13,567,0,0,0,1
246,0507_c0004_021.jpg,507,3,-1,True,175,3100,0.3843969264046411,0.30809859154929575,17,568,0,0,0,1
247,0507_c0004_022.jpg,507,3,-1,True,175,3100,0.3881216196871222,0.30701754385964913,13,570,0,0,0,1
248,0507_c0004_023.jpg,507,3,-1,True,175,3100,0.4173593124952494,0.3125,2,560,0,1,1,1
249,0507_c0004_024.jpg,507,3,-1,True,175,3100,0.39805673792535734,0.30918727915194344,14,566,0,0,0,1
250,0507_c0005_000.jpg,507,4,-1,True,175,3100,0.540067783142925,0.23777173913043478,1,736,1,1,1,1
251,0507_c0005_001.jpg,507,4,-1,True,175,3100,0.5131449880634914,0.24717514124293785,1,708,1,1,1,1
252,0507_c0005_002.jpg,507,4,-1,True,175,3100,0.48674308284385454,0.2413793103448276,1,725,1,1,1,1
253,0507_c0005_003.jpg,507,4,-1,True,175,3100,0.509300839242865,0.23333333333333334,1,750,1,1,1,1
254,0507_c0005_004.jpg,507,4,-1,True,175,3100,0.5128852760352144,0.22727272727272727,1,770,1,1,1,1
255,0507_c0005_005.jpg,507,4,-1,True,175,3100,0.5108239290964436,0.22845953002610966,1,766,1,1,1,1
256,0507_c0005_006.jpg,507,4,-1,True,175,3100,0.541602942526128,0.2507163323782235,1,698,1,1,1,1
257,0507_c0005_007.jpg,507,4,-1,True,175,3100,0.528139611621773,0.2532561505065123,1,691,1,1,1,1
258,0507_c0005_008.jpg,507,4,-1,True,175,3100,0.5511494436536842,0.23809523809523808,1,735,1,1,1,1
259,0507_c0005_009.jpg,507,4,-1,True,175,3100,0.5483103369752464,0.25510204081632654,1,686,1,1,1,1
260,0507_c0005_010.jpg,507,4,-1,True,175,3100,0.5205152104860167,0.21525215252152521,1,813,1,1,1,1
261,0507_c0005_011.jpg,507,4,-1,True,175,3100,0.538975903139919,0.2311756935270806,1,757,1,1,1,1
262,0507_c0005_012.jpg,507,4,-1,True,175,3100,0.49392693535049376,0.205158264947245,1,853,1,1,1,1
263,0507_c0005_013.jpg,507,4,-1,True,175,3100,0.50240309744653,0.21631644004944375,1,809,1,1,1,1
264,0507_c0005_014.jpg,507,4,-1,True,175,3100,0.4894796761450657,0.21008403361344538,1,833,1,1,1,1
265,0507_c0005_015.jpg,507,4,-1,True,175,3100,0.5178443579806586,0.22407170294494239,1,781,1,1,1,1
266,0507_c0005_016.jpg,507,4,-1,True,175,3100,0.5184784769636621,0.2141982864137087,1,817,1,1,1,1
267,0507_c0005_017.jpg,507,4,-1,True,175,3100,0.5068676614444219,0.20958083832335328,1,835,1,1,1,1
268,0507_c0005_018.jpg,507,4,-1,True,175,3100,0.527534349354123,0.2246469833119384,1,779,1,1,1,1
269,0507_c0005_019.jpg,507,4,-1,True,175,3100,0.5263773442188062,0.2217997465145754,1,789,1,1,1,1
270,0507_c0005_020.jpg,507,4,-1,True,175,3100,0.522148916131662,0.2339572192513369,1,748,1,1,1,1
271,0507_c0005_021.jpg,507,4,-1,True,175,3100,0.5225616878231386,0.22068095838587642,1,793,1,1,1,1
272,0507_c0005_022.jpg,507,4,-1,True,175,3100,0.5205943367960892,0.23026315789473684,1,760,1,1,1,1
273,0507_c0005_023.jpg,507,4,-1,True,175,3100,0.5082413114634448,0.22321428571428573,1,784,1,1,1,1
274,0507_c0005_024.jpg,507,4,-1,True,175,3100,0.4732529548352972,0.19954389965792474,1,877,1,1,1,1
275,0507_c0006_000.jpg,507,5,-1,True,175,3100,0.5371887514457905,0.3787878787878788,9,462,0,0,1,1
276,0507_c0006_001.jpg,507,5,-1,True,175,3100,0.5816681360991867,0.4032258064516129,4,434,0,1,1,1
277,0507_c0006_002.jpg,507,5,-1,True,175,3100,0.5843221715001974,0.41371158392434987,5,423,0,1,1,1
278,0507_c0006_003.jpg,507,5,-1,True,175,3100,0.6117115009377152,0.43209876543209874,4,405,0,1,1,1
279,0507_c0006_004.jpg,507,5,-1,True,175,3100,0.5860306242209187,0.40792540792540793,5,429,0,1,1,1
280,0507_c0006_005.jpg,507,5,-1,True,175,3100,0.5684284504732418,0.4107981220657277,5,426,0,1,1,1
281,0507_c0006_006.jpg,507,5,-1,True,175,3100,0.531343770986541,0.43103448275862066,17,406,0,0,0,1
282,0507_c0006_007.jpg,507,5,-1,True,175,3100,0.6195607922421867,0.4807692307692308,5,364,0,1,1,1
283,0507_c0006_008.jpg,507,5,-1,True,175,3100,0.6588131718658395,0.4768392370572207,4,367,0,1,1,1
284,0507_c0006_009.jpg,507,5,-1,True,175,3100,0.6143906836447882,0.4196642685851319,4,417,0,1,1,1
285,0507_c0006_010.jpg,507,5,-1,True,175,3100,0.5407001276547017,0.42168674698795183,10,415,0,0,1,1
286,0507_c0006_011.jpg,507,5,-1,True,175,3100,0.5325162165422637,0.390625,5,448,0,1,1,1
287,0507_c0006_012.jpg,507,5,-1,True,175,3100,0.6351647865762794,0.42475728155339804,4,412,0,1,1,1
288,0507_c0006_013.jpg,507,5,-1,True,175,3100,0.6524315192973059,0.42475728155339804,1,412,1,1,1,1
289,0507_c0006_014.jpg,507,5,-1,True,175,3100,0.6112876301433926,0.39503386004514673,4,443,0,1,1,1
290,0507_c0006_015.jpg,507,5,-1,True,175,3100,0.6303289545796061,0.4098360655737705,4,427,0,1,1,1
291,0507_c0006_016.jpg,507,5,-1,True,175,3100,0.5532873238775458,0.38461538461538464,8,455,0,0,1,1
292,0507_c0006_017.jpg,507,5,-1,True,175,3100,0.591010136128144,0.39503386004514673,4,443,0,1,1,1
293,0507_c0006_018.jpg,507,5,-1,True,175,3100,0.5032024253791372,0.38802660753880264,5,451,0,1,1,1
294,0507_c0006_019.jpg,507,5,-1,True,175,3100,0.5233424845225825,0.39863325740318906,5,439,0,1,1,1
295,0507_c0006_020.jpg,507,5,-1,True,175,3100,0.5472353280348548,0.39149888143176736,5,447,0,1,1,1
296,0507_c0006_021.jpg,507,5,-1,True,175,3100,0.5083645380898603,0.43209876543209874,20,405,0,0,0,1
297,0507_c0006_022.jpg,507,5,-1,True,175,3100,0.49345905145034635,0.43103448275862066,22,406,0,0,0,0
298,0507_c0006_023.jpg,507,5,-1,True,175,3100,0.5143395429550265,0.4098360655737705,17,427,0,0,0,1
299,0507_c0006_024.jpg,507,5,-1,True,175,3100,0.5033243158081832,0.39325842696629215,18,445,0,0,0,1
300,0507_c0007_000.jpg,507,6,-1,True,175,3100,0.6228928366256076,0.3897550111358575,5,449,0,1,1,1
301,0507_c0007_001.jpg,507,6,-1,True,175,3100,0.6388236582701867,0.39863325740318906,4,439,0,1,1,1
302,0507_c0007_002.jpg,507,6,-1,True,175,3100,0.6265105736163306,0.40229885057471265,5,435,0,1,1,1
303,0507_c0007_003.jpg,507,6,-1,True,175,3100,0.6622947683197451,0.4196642685851319,4,417,0,1,1,1
304,0507_c0007_004.jpg,507,6,-1,True,175,3100,0.6385912937084542,0.3977272727272727,5,440,0,1,1,1
305,0507_c0007_005.jpg,507,6,-1,True,175,3100,0.6427373256389568,0.4032258064516129,4,434,0,1,1,1
306,0507_c0007_006.jpg,507,6,-1,True,175,3100,0.6324588433024025,0.39325842696629215,5,445,0,1,1,1
307,0507_c0007_007.jpg,507,6,-1,True,175,3100,0.6768690091031226,0.39325842696629215,4,445,0,1,1,1
308,0507_c0007_008.jpg,507,6,-1,True,175,3100,0.6515922030539046,0.3897550111358575,5,449,0,1,1,1
309,0507_c0007_009.jpg,507,6,-1,True,175,3100,0.650598103986671,0.39414414414414417,4,444,0,1,1,1
310,0507_c0007_010.jpg,507,6,-1,True,175,3100,0.643316799614171,0.4050925925925926,5,432,0,1,1,1
311,0507_c0007_011.jpg,507,6,-1,True,175,3100,0.6365464307061451,0.39863325740318906,5,439,0,1,1,1
312,0507_c0007_012.jpg,507,6,-1,True,175,3100,0.6324370055609687,0.3897550111358575,5,449,0,1,1,1
313,0507_c0007_013.jpg,507,6,-1,True,175,3100,0.6286464154033096,0.38802660753880264,5,451,0,1,1,1
314,0507_c0007_014.jpg,507,6,-1,True,175,3100,0.5926285286831761,0.37553648068669526,5,466,0,1,1,1
315,0507_c0007_015.jpg,507,6,-1,True,175,3100,0.5987813422490053,0.3630705394190871,7,482,0,0,1,1
316,0507_c0007_016.jpg,507,6,-1,True,175,3100,0.6054163680720623,0.3763440860215054,5,465,0,1,1,1
317,0507_c0007_017.jpg,507,6,-1,True,175,3100,0.6001355916780964,0.3771551724137931,5,464,0,1,1,1
318,0507_c0007_018.jpg,507,6,-1,True,175,3100,0.6456234741935375,0.39592760180995473,4,442,0,1,1,1
319,0507_c0007_019.jpg,507,6,-1,True,175,3100,0.6777476570931054,0.40415704387990764,4,433,0,1,1,1
320,0507_c0007_020.jpg,507,6,-1,True,175,3100,0.6818820859058102,0.39414414414414417,4,444,0,1,1,1
321,0507_c0007_021.jpg,507,6,-1,True,175,3100,0.6871787779874182,0.39414414414414417,4,444,0,1,1,1
322,0507_c0007_022.jpg,507,6,-1,True,175,3100,0.6618113372255738,0.38802660753880264,4,451,0,1,1,1
323,0507_c0007_023.jpg,507,6,-1,True,175,3100,0.6440798708294603,0.3796095444685466,4,461,0,1,1,1
324,0507_c0007_024.jpg,507,6,-1,True,175,3100,0.6421546270943455,0.38293216630196936,5,457,0,1,1,1
325,0507_c0008_000.jpg,507,7,-1,True,175,3100,0.3684632414323557,0.2623688155922039,27,667,0,0,0,0
326,0507_c0008_001.jpg,507,7,-1,True,175,3100,0.3679707264093033,0.26435045317220546,29,662,0,0,0,0
327,0507_c0008_002.jpg,507,7,-1,True,175,3100,0.3789644219338064,0.26119402985074625,26,670,0,0,0,0
328,0507_c0008_003.jpg,507,7,-1,True,175,3100,0.3650822262951694,0.2543604651162791,26,688,0,0,0,0
329,0507_c0008_004.jpg,507,7,-1,True,175,3100,0.3710200867845171,0.2596439169139466,26,674,0,0,0,0
330,0507_c0008_005.jpg,507,7,-1,True,175,3100,0.3786289389209713,0.2734375,26,640,0,0,0,0
331,0507_c0008_006.jpg,507,7,-1,True,175,3100,0.3912912028264274,0.2755905511811024,26,635,0,0,0,0
332,0507_c0008_007.jpg,507,7,-1,True,175,3100,0.4169975809630729,0.28363047001620745,26,617,0,0,0,0
333,0507_c0008_008.jpg,507,7,-1,True,175,3100,0.40563302251079003,0.28225806451612906,26,620,0,0,0,0
334,0507_c0008_009.jpg,507,7,-1,True,175,3100,0.4284445487996047,0.29264214046822745,26,598,0,0,0,0
335,0507_c0008_010.jpg,507,7,-1,True,175,3100,0.4376356918649651,0.2916666666666667,26,600,0,0,0,0
336,0507_c0008_011.jpg,507,7,-1,True,175,3100,0.4279889119553416,0.2845528455284553,26,615,0,0,0,0
337,0507_c0008_012.jpg,507,7,-1,True,175,3100,0.41725272453006335,0.29264214046822745,26,598,0,0,0,0
338,0507_c0008_013.jpg,507,7,-1,True,175,3100,0.4134562127967975,0.28044871794871795,26,624,0,0,0,0
339,0507_c0008_014.jpg,507,7,-1,True,175,3100,0.3808448200487322,0.2751572327044025,26,636,0,0,0,0
340,0507_c0008_015.jpg,507,7,-1,True,175,3100,0.39006898090338,0.27386541471048514,26,639,0,0,0,0
341,0507_c0008_016.jpg,507,7,-1,True,175,3100,0.39675940086521155,0.27216174183514774,26,643,0,0,0,0
342,0507_c0008_017.jpg,507,7,-1,True,175,3100,0.4062496471823788,0.26555386949924126,26,659,0,0,0,0
343,0507_c0008_018.jpg,507,7,-1,True,175,3100,0.40101207442635883,0.26881720430107525,26,651,0,0,0,0
344,0507_c0008_019.jpg,507,7,-1,True,175,3100,0.395025744128699,0.26119402985074625,26,670,0,0,0,0
345,0507_c0008_020.jpg,507,7,-1,True,175,3100,0.387369345775052,0.264750378214826,27,661,0,0,0,0
346,0507_c0008_021.jpg,507,7,-1,True,175,3100,0.38112003523168175,0.2600297176820208,26,673,0,0,0,0
347,0507_c0008_022.jpg,507,7,-1,True,175,3100,0.3968582163392458,0.26676829268292684,26,656,0,0,0,0
348,0507_c0008_023.jpg,507,7,-1,True,175,3100,0.38331128506533674,0.26119402985074625,26,670,0,0,0,0
349,0507_c0008_024.jpg,507,7,-1,True,175,3100,0.3900601727035499,0.26435045317220546,26,662,0,0,0,0
350,0513_c0001_000.jpg,513,0,-1,True,175,3100,0.9591090692884521,0.4475703324808184,1,391,1,1,1,1
351,0513_c0001_001.jpg,513,0,-1,True,175,3100,0.9565184825717227,0.44191919191919193,1,396,1,1,1,1
352,0513_c0001_002.jpg,513,0,-1,True,175,3100,0.959213335452715,0.43316831683168316,1,404,1,1,1,1
353,0513_c0001_003.jpg,513,0,-1,True,175,3100,0.9586630168034468,0.44080604534005036,1,397,1,1,1,1
354,0513_c0001_004.jpg,513,0,-1,True,175,3100,0.9526802705965919,0.4117647058823529,1,425,1,1,1,1
355,0513_c0001_005.jpg,513,0,-1,True,175,3100,0.9521208440703546,0.4088785046728972,1,428,1,1,1,1
356,0513_c0001_006.jpg,513,0,-1,True,175,3100,0.9532260207282756,0.4060324825986079,1,431,1,1,1,1
357,0513_c0001_007.jpg,513,0,-1,True,175,3100,0.9549519899096192,0.4069767441860465,1,430,1,1,1,1
358,0513_c0001_008.jpg,513,0,-1,True,175,3100,0.95734790073607,0.423728813559322,1,413,1,1,1,1
359,0513_c0001_009.jpg,513,0,-1,True,175,3100,0.9577611994039087,0.44080604534005036,1,397,1,1,1,1
360,0513_c0001_010.jpg,513,0,-1,True,175,3100,0.9580912440991541,0.43316831683168316,1,404,1,1,1,1
361,0513_c0001_011.jpg,513,0,-1,True,175,3100,0.9525404686629361,0.4117647058823529,1,425,1,1,1,1
362,0513_c0001_012.jpg,513,0,-1,True,175,3100,0.9520397090281579,0.40229885057471265,1,435,1,1,1,1
363,0513_c0001_013.jpg,513,0,-1,True,175,3100,0.951554467374035,0.4166666666666667,1,420,1,1,1,1
364,0513_c0001_014.jpg,513,0,-1,True,175,3100,0.9482574817629024,0.38631346578366443,1,453,1,1,1,1
365,0513_c0001_015.jpg,513,0,-1,True,175,3100,0.9517441963108263,0.4196642685851319,1,417,1,1,1,1
366,0513_c0001_016.jpg,513,0,-1,True,175,3100,0.9568051458883945,0.43103448275862066,1,406,1,1,1,1
367,0513_c0001_017.jpg,513,0,-1,True,175,3100,0.9539485679484038,0.4107981220657277,1,426,1,1,1,1
368,0513_c0001_018.jpg,513,0,-1,True,175,3100,0.9585187800564791,0.4166666666666667,1,420,1,1,1,1
369,0513_c0001_019.jpg,513,0,-1,True,175,3100,0.9579447990331593,0.4117647058823529,1,425,1,1,1,1
370,0513_c0001_020.jpg,513,0,-1,True,175,3100,0.9561096919564235,0.3968253968253968,1,441,1,1,1,1
371,0513_c0001_021.jpg,513,0,-1,True,175,3100,0.9565711149095874,0.4768392370572207,1,367,1,1,1,1
372,0513_c0001_022.jpg,513,0,-1,True,175,3100,0.9576217881104035,0.4820936639118457,1,363,1,1,1,1
373,0513_c0001_023.jpg,513,0,-1,True,175,3100,0.9566257145141753,0.4794520547945205,1,365,1,1,1,1
374,0513_c0001_024.jpg,513,0,-1,True,175,3100,0.9560485172479987,0.48476454293628807,1,361,1,1,1,1
375,0513_c0002_000.jpg,513,1,-1,True,175,3100,0.9555449086858517,0.7777777777777778,1,225,1,1,1,1
376,0513_c0002_001.jpg,513,1,-1,True,175,3100,0.9573838861281615,0.7777777777777778,1,225,1,1,1,1
377,0513_c0002_002.jpg,513,1,-1,True,175,3100,0.9569929484213854,0.7777777777777778,1,225,1,1,1,1
378,0513_c0002_003.jpg,513,1,-1,True,175,3100,0.9576749707934924,0.7777777777777778,1,225,1,1,1,1
379,0513_c0002_004.jpg,513,1,-1,True,175,3100,0.9653035891760126,0.7777777777777778,1,225,1,1,1,1
380,0513_c0002_005.jpg,513,1,-1,True,175,3100,0.9645414114627816,0.7777777777777778,1,225,1,1,1,1
381,0513_c0002_006.jpg,513,1,-1,True,175,3100,0.9611028697490358,0.7777777777777778,1,225,1,1,1,1
382,0513_c0002_007.jpg,513,1,-1,True,175,3100,0.96447554007935,0.7777777777777778,1,225,1,1,1,1
383,0513_c0002_008.jpg,513,1,-1,True,175,3100,0.9637219852420251,0.7777777777777778,1,225,1,1,1,1
384,0513_c0002_009.jpg,513,1,-1,True,175,3100,0.9627165383430704,0.7777777777777778,1,225,1,1,1,1
385,0513_c0002_010.jpg,513,1,-1,True,175,3100,0.9618005289042519,0.7777777777777778,1,225,1,1,1,1
386,0513_c0002_011.jpg,513,1,-1,True,175,3100,0.9694474011393975,0.7777777777777778,1,225,1,1,1,1
387,0513_c0002_012.jpg,513,1,-1,True,175,3100,0.9687112076625286,0.7777777777777778,1,225,1,1,1,1
388,0513_c0002_013.jpg,513,1,-1,True,175,3100,0.9627196890085712,0.7777777777777778,1,225,1,1,1,1
389,0513_c0002_014.jpg,513,1,-1,True,175,3100,0.9647252926314257,0.7777777777777778,1,225,1,1,1,1
390,0513_c0002_015.jpg,513,1,-1,True,175,3100,0.9662334327488263,0.7777777777777778,1,225,1,1,1,1
391,0513_c0002_016.jpg,513,1,-1,True,175,3100,0.9703204471637932,0.7777777777777778,1,225,1,1,1,1
392,0513_c0002_017.jpg,513,1,-1,True,175,3100,0.966211971438312,0.7777777777777778,1,225,1,1,1,1
393,0513_c0002_018.jpg,513,1,-1,True,175,3100,0.9638728016360876,0.7777777777777778,1,225,1,1,1,1
394,0513_c0002_019.jpg,513,1,-1,True,175,3100,0.9634643868490733,0.7777777777777778,1,225,1,1,1,1
395,0513_c0002_020.jpg,513,1,-1,True,175,3100,0.9666369891912976,0.7777777777777778,1,225,1,1,1,1
396,0513_c0002_021.jpg,513,1,-1,True,175,3100,0.964234660137869,0.7777777777777778,1,225,1,1,1,1
397,0513_c0002_022.jpg,513,1,-1,True,175,3100,0.9614350835869808,0.7777777777777778,1,225,1,1,1,1
398,0513_c0002_023.jpg,513,1,-1,True,175,3100,0.9611272722334754,0.7777777777777778,1,225,1,1,1,1
399,0513_c0002_024.jpg,513,1,-1,True,175,3100,0.9593029410084198,0.7777777777777778,1,225,1,1,1,1
400,0513_c0003_000.jpg,513,2,-1,True,175,3100,0.9931036922342293,0.7990867579908676,1,219,1,1,1,1
401,0513_c0003_001.jpg,513,2,-1,True,175,3100,0.9931036922342293,0.7990867579908676,1,219,1,1,1,1
402,0513_c0003_002.jpg,513,2,-1,True,175,3100,0.9920977030391558,0.8101851851851852,1,216,1,1,1,1
403,0513_c0003_003.jpg,513,2,-1,True,175,3100,0.9946950981120902,0.8495145631067961,1,206,1,1,1,1
404,0513_c0003_004.jpg,513,2,-1,True,175,3100,0.9945215053713442,0.8373205741626795,1,209,1,1,1,1
405,0513_c0003_005.jpg,513,2,-1,True,175,3100,0.994644031224114,0.8373205741626795,1,209,1,1,1,1
406,0513_c0003_006.jpg,513,2,-1,True,175,3100,0.9942158958718486,0.8293838862559242,1,211,1,1,1,1
407,0513_c0003_007.jpg,513,2,-1,True,175,3100,0.9944168899204926,0.8413461538461539,1,208,1,1,1,1
408,0513_c0003_008.jpg,513,2,-1,True,175,3100,0.9935512193124147,0.8254716981132075,1,212,1,1,1,1
409,0513_c0003_009.jpg,513,2,-1,True,175,3100,0.9940748501960057,0.8333333333333334,1,210,1,1,1,1
410,0513_c0003_010.jpg,513,2,-1,True,175,3100,0.9937226568367521,0.8215962441314554,1,213,1,1,1,1
411,0513_c0003_011.jpg,513,2,-1,True,175,3100,0.9930975416860791,0.7990867579908676,1,219,1,1,1,1
412,0513_c0003_012.jpg,513,2,-1,True,175,3100,0.9930377240070594,0.7990867579908676,1,219,1,1,1,1
413,0513_c0003_013.jpg,513,2,-1,True,175,3100,0.9937430642757035,0.8333333333333334,1,210,1,1,1,1
414,0513_c0003_014.jpg,513,2,-1,True,175,3100,0.9922715007073053,0.8101851851851852,1,216,1,1,1,1
415,0513_c0003_015.jpg,513,2,-1,True,175,3100,0.992146904597524,0.8101851851851852,1,216,1,1,1,1
416,0513_c0003_016.jpg,513,2,-1,True,175,3100,0.9916464803628816,0.7954545454545454,1,220,1,1,1,1
417,0513_c0003_017.jpg,513,2,-1,True,175,3100,0.989281185207274,0.8101851851851852,1,216,1,1,1,1
418,0513_c0003_018.jpg,513,2,-1,True,175,3100,0.9924477111454497,0.8027522935779816,1,218,1,1,1,1
419,0513_c0003_019.jpg,513,2,-1,True,175,3100,0.994196883795328,0.8254716981132075,1,212,1,1,1,1
420,0513_c0003_020.jpg,513,2,-1,True,175,3100,0.9921821813793239,0.8101851851851852,1,216,1,1,1,1
421,0513_c0003_021.jpg,513,2,-1,True,175,3100,0.9931347404464067,0.813953488372093,1,215,1,1,1,1
422,0513_c0003_022.jpg,513,2,-1,True,175,3100,0.9923732720930089,0.813953488372093,1,215,1,1,1,1
423,0513_c0003_023.jpg,513,2,-1,True,175,3100,0.9935429321392586,0.8177570093457944,1,214,1,1,1,1
424,0513_c0003_024.jpg,513,2,-1,True,175,3100,0.9937052497037487,0.8215962441314554,1,213,1,1,1,1
425,0513_c0004_000.jpg,513,3,-1,True,175,3100,0.94737195604126,0.6862745098039216,1,255,1,1,1,1
426,0513_c0004_001.jpg,513,3,-1,True,175,3100,0.9475240586035057,0.68359375,1,256,1,1,1,1
427,0513_c0004_002.jpg,513,3,-1,True,175,3100,0.9475083825243314,0.6457564575645757,1,271,1,1,1,1
428,0513_c0004_003.jpg,513,3,-1,True,175,3100,0.951360589972656,0.7,1,250,1,1,1,1
429,0513_c0004_004.jpg,513,3,-1,True,175,3100,0.9472325261216243,0.6944444444444444,1,252,1,1,1,1
430,0513_c0004_005.jpg,513,3,-1,True,175,3100,0.9500674069685023,0.6972111553784861,1,251,1,1,1,1
431,0513_c0004_006.jpg,513,3,-1,True,175,3100,0.9525374959779953,0.6944444444444444,1,252,1,1,1,1
432,0513_c0004_007.jpg,513,3,-1,True,175,3100,0.9517044000255946,0.7,1,250,1,1,1,1
433,0513_c0004_008.jpg,513,3,-1,True,175,3100,0.9539857080853387,0.7028112449799196,1,249,1,1,1,1
434,0513_c0004_009.jpg,513,3,-1,True,175,3100,0.95437711736877,0.7028112449799196,1,249,1,1,1,1
435,0513_c0004_010.jpg,513,3,-1,True,175,3100,0.9554689708365741,0.7142857142857143,1,245,1,1,1,1
436,0513_c0004_011.jpg,513,3,-1,True,175,3100,0.9569817464171411,0.7142857142857143,1,245,1,1,1,1
437,0513_c0004_012.jpg,513,3,-1,True,175,3100,0.9565038042507489,0.720164609053498,1,243,1,1,1,1
438,0513_c0004_013.jpg,513,3,-1,True,175,3100,0.9571351087069422,0.7172131147540983,1,244,1,1,1,1
439,0513_c0004_014.jpg,513,3,-1,True,175,3100,0.9588527652262928,0.7142857142857143,1,245,1,1,1,1
440,0513_c0004_015.jpg,513,3,-1,True,175,3100,0.9566981874703255,0.7142857142857143,1,245,1,1,1,1
441,0513_c0004_016.jpg,513,3,-1,True,175,3100,0.9584382666287475,0.7142857142857143,1,245,1,1,1,1
442,0513_c0004_017.jpg,513,3,-1,True,175,3100,0.9579483410673806,0.7142857142857143,1,245,1,1,1,1
443,0513_c0004_018.jpg,513,3,-1,True,175,3100,0.9569481295130143,0.7142857142857143,1,245,1,1,1,1
444,0513_c0004_019.jpg,513,3,-1,True,175,3100,0.957474505327555,0.7142857142857143,1,245,1,1,1,1
445,0513_c0004_020.jpg,513,3,-1,True,175,3100,0.9567398823879104,0.7142857142857143,1,245,1,1,1,1
446,0513_c0004_021.jpg,513,3,-1,True,175,3100,0.9576383178195337,0.7142857142857143,1,245,1,1,1,1
447,0513_c0004_022.jpg,513,3,-1,True,175,3100,0.9576507492077654,0.7028112449799196,1,249,1,1,1,1
448,0513_c0004_023.jpg,513,3,-1,True,175,3100,0.9553400145286193,0.7028112449799196,1,249,1,1,1,1
449,0513_c0004_024.jpg,513,3,-1,True,175,3100,0.9562709099600127,0.7056451612903226,1,248,1,1,1,1
450,0513_c0005_000.jpg,513,4,-1,True,175,3100,0.9805273427223704,0.7113821138211383,1,246,1,1,1,1
451,0513_c0005_001.jpg,513,4,-1,True,175,3100,0.9788693827482725,0.7,1,250,1,1,1,1
452,0513_c0005_002.jpg,513,4,-1,True,175,3100,0.978512723688958,0.7,1,250,1,1,1,1
453,0513_c0005_003.jpg,513,4,-1,True,175,3100,0.9800292603699914,0.7,1,250,1,1,1,1
454,0513_c0005_004.jpg,513,4,-1,True,175,3100,0.9797778466234879,0.7056451612903226,1,248,1,1,1,1
455,0513_c0005_005.jpg,513,4,-1,True,175,3100,0.9818397022091364,0.7113821138211383,1,246,1,1,1,1
456,0513_c0005_006.jpg,513,4,-1,True,175,3100,0.981903434741281,0.7113821138211383,1,246,1,1,1,1
457,0513_c0005_007.jpg,513,4,-1,True,175,3100,0.980650297037468,0.7028112449799196,1,249,1,1,1,1
458,0513_c0005_008.jpg,513,4,-1,True,175,3100,0.9816238198738454,0.708502024291498,1,247,1,1,1,1
459,0513_c0005_009.jpg,513,4,-1,True,175,3100,0.9835873713262033,0.708502024291498,1,247,1,1,1,1
460,0513_c0005_010.jpg,513,4,-1,True,175,3100,0.9811840374275685,0.7,1,250,1,1,1,1
461,0513_c0005_011.jpg,513,4,-1,True,175,3100,0.9846886690943214,0.708502024291498,1,247,1,1,1,1
462,0513_c0005_012.jpg,513,4,-1,True,175,3100,0.9876893928522853,0.7172131147540983,1,244,1,1,1,1
463,0513_c0005_013.jpg,513,4,-1,True,175,3100,0.9863529550511912,0.7113821138211383,1,246,1,1,1,1
464,0513_c0005_014.jpg,513,4,-1,True,175,3100,0.9866370783607042,0.720164609053498,1,243,1,1,1,1
465,0513_c0005_015.jpg,513,4,-1,True,175,3100,0.9862820347629673,0.7142857142857143,1,245,1,1,1,1
466,0513_c0005_016.jpg,513,4,-1,True,175,3100,0.9833836618069473,0.7113821138211383,1,246,1,1,1,1
467,0513_c0005_017.jpg,513,4,-1,True,175,3100,0.9847419782808621,0.7113821138211383,1,246,1,1,1,1
468,0513_c0005_018.jpg,513,4,-1,True,175,3100,0.9836928621890508,0.7113821138211383,1,246,1,1,1,1
469,0513_c0005_019.jpg,513,4,-1,True,175,3100,0.9843774701928646,0.7113821138211383,1,246,1,1,1,1
470,0513_c0005_020.jpg,513,4,-1,True,175,3100,0.984601858341103,0.7113821138211383,1,246,1,1,1,1
471,0513_c0005_021.jpg,513,4,-1,True,175,3100,0.9848683828693154,0.7113821138211383,1,246,1,1,1,1
472,0513_c0005_022.jpg,513,4,-1,True,175,3100,0.9847658710095398,0.7113821138211383,1,246,1,1,1,1
473,0513_c0005_023.jpg,513,4,-1,True,175,3100,0.9852735242693507,0.7113821138211383,1,246,1,1,1,1
474,0513_c0005_024.jpg,513,4,-1,True,175,3100,0.9854709228699204,0.7113821138211383,1,246,1,1,1,1
475,0513_c0006_000.jpg,513,5,-1,True,175,3100,0.9613275572109826,0.7415254237288136,1,236,1,1,1,1
476,0513_c0006_001.jpg,513,5,-1,True,175,3100,0.9584149543628377,0.7172131147540983,1,244,1,1,1,1
477,0513_c0006_002.jpg,513,5,-1,True,175,3100,0.9558899146679719,0.7113821138211383,1,246,1,1,1,1
478,0513_c0006_003.jpg,513,5,-1,True,175,3100,0.9563099615504987,0.708502024291498,1,247,1,1,1,1
479,0513_c0006_004.jpg,513,5,-1,True,175,3100,0.9553262940096929,0.7028112449799196,1,249,1,1,1,1
480,0513_c0006_005.jpg,513,5,-1,True,175,3100,0.9556988368134369,0.708502024291498,1,247,1,1,1,1
481,0513_c0006_006.jpg,513,5,-1,True,175,3100,0.9556985792547984,0.7113821138211383,1,246,1,1,1,1
482,0513_c0006_007.jpg,513,5,-1,True,175,3100,0.957427620549536,0.7142857142857143,1,245,1,1,1,1
483,0513_c0006_008.jpg,513,5,-1,True,175,3100,0.958790692359915,0.7113821138211383,1,246,1,1,1,1
484,0513_c0006_009.jpg,513,5,-1,True,175,3100,0.9589789912677205,0.708502024291498,1,247,1,1,1,1
485,0513_c0006_010.jpg,513,5,-1,True,175,3100,0.9589815060333733,0.7142857142857143,1,245,1,1,1,1
486,0513_c0006_011.jpg,513,5,-1,True,175,3100,0.9558614415054061,0.708502024291498,1,247,1,1,1,1
487,0513_c0006_012.jpg,513,5,-1,True,175,3100,0.9563639079568176,0.708502024291498,1,247,1,1,1,1
488,0513_c0006_013.jpg,513,5,-1,True,175,3100,0.9573991376387585,0.7113821138211383,1,246,1,1,1,1
489,0513_c0006_014.jpg,513,5,-1,True,175,3100,0.9575503905543286,0.7113821138211383,1,246,1,1,1,1
490,0513_c0006_015.jpg,513,5,-1,True,175,3100,0.9566239059503969,0.7113821138211383,1,246,1,1,1,1
491,0513_c0006_016.jpg,513,5,-1,True,175,3100,0.9591428660248916,0.7142857142857143,1,245,1,1,1,1
492,0513_c0006_017.jpg,513,5,-1,True,175,3100,0.9580850043618291,0.7142857142857143,1,245,1,1,1,1
493,0513_c0006_018.jpg,513,5,-1,True,175,3100,0.9585469551461682,0.7142857142857143,1,245,1,1,1,1
494,0513_c0006_019.jpg,513,5,-1,True,175,3100,0.9572207971197771,0.708502024291498,1,247,1,1,1,1
495,0513_c0006_020.jpg,513,5,-1,True,175,3100,0.9582268489845689,0.7142857142857143,1,245,1,1,1,1
496,0513_c0006_021.jpg,513,5,-1,True,175,3100,0.959625787025012,0.7231404958677686,1,242,1,1,1,1
497,0513_c0006_022.jpg,513,5,-1,True,175,3100,0.9556334686416244,0.708502024291498,1,247,1,1,1,1
498,0513_c0006_023.jpg,513,5,-1,True,175,3100,0.9570825573073185,0.708502024291498,1,247,1,1,1,1
499,0513_c0006_024.jpg,513,5,-1,True,175,3100,0.955881810640077,0.708502024291498,1,247,1,1,1,1
500,0513_c0007_000.jpg,513,6,-1,True,175,3100,0.3713478765461246,0.20207852193995382,27,866,0,0,0,0
501,0513_c0007_001.jpg,513,6,-1,True,175,3100,0.36557171123864446,0.2023121387283237,26,865,0,0,0,0
502,0513_c0007_002.jpg,513,6,-1,True,175,3100,0.31810805012346266,0.1727541954590326,26,1013,0,0,0,0
503,0513_c0007_003.jpg,513,6,-1,True,175,3100,0.3457913585648157,0.18597236981934112,26,941,0,0,0,0
504,0513_c0007_004.jpg,513,6,-1,True,175,3100,0.3104477963673251,0.17911975435005117,26,977,0,0,0,0
505,0513_c0007_005.jpg,513,6,-1,True,175,3100,0.3304527337329272,0.18636847710330137,26,939,0,0,0,0
506,0513_c0007_006.jpg,513,6,-1,True,175,3100,0.33797566126463296,0.18229166666666666,26,960,0,0,0,0
507,0513_c0007_007.jpg,513,6,-1,True,175,3100,0.41612948901973645,0.21766169154228857,26,804,0,0,0,0
508,0513_c0007_008.jpg,513,6,-1,True,175,3100,0.40651682025381314,0.22551546391752578,26,776,0,0,0,0
509,0513_c0007_009.jpg,513,6,-1,True,175,3100,0.4158676537583193,0.2217997465145754,26,789,0,0,0,0
510,0513_c0007_010.jpg,513,6,-1,True,175,3100,0.4905740337652085,0.24171270718232044,26,724,0,0,0,0
511,0513_c0007_011.jpg,513,6,-1,True,175,3100,0.4550401555862942,0.2339572192513369,26,748,0,0,0,0
512,0513_c0007_012.jpg,513,6,-1,True,175,3100,0.436270773330784,0.230566534914361,26,759,0,0,0,0
513,0513_c0007_013.jpg,513,6,-1,True,175,3100,0.4137481664599716,0.21658415841584158,29,808,0,0,0,0
514,0513_c0007_014.jpg,513,6,-1,True,175,3100,0.43530728598469004,0.2237851662404092,26,782,0,0,0,0
515,0513_c0007_015.jpg,513,6,-1,True,175,3100,0.45570592840396734,0.22727272727272727,26,770,0,0,0,0
516,0513_c0007_016.jpg,513,6,-1,True,175,3100,0.4500409274018924,0.2249357326478149,26,778,0,0,0,0
517,0513_c0007_017.jpg,513,6,-1,True,175,3100,0.4785796003338008,0.23616734143049933,26,741,0,0,0,0
518,0513_c0007_018.jpg,513,6,-1,True,175,3100,0.45363620188187126,0.22321428571428573,26,784,0,0,0,0
519,0513_c0007_019.jpg,513,6,-1,True,175,3100,0.4636140466680599,0.23087071240105542,26,758,0,0,0,0
520,0513_c0007_020.jpg,513,6,-1,True,175,3100,0.47044989805069,0.22965879265091863,26,762,0,0,0,0
521,0513_c0007_021.jpg,513,6,-1,True,175,3100,0.45475390953344597,0.23240371845949534,26,753,0,0,0,0
522,0513_c0007_022.jpg,513,6,-1,True,175,3100,0.4529387912490238,0.23972602739726026,26,730,0,0,0,0
523,0513_c0007_023.jpg,513,6,-1,True,175,3100,0.43396447677496164,0.22845953002610966,26,766,0,0,0,0
524,0513_c0007_024.jpg,513,6,-1,True,175,3100,0.4294270853171145,0.22435897435897437,26,780,0,0,0,0
525,0513_c0008_000.jpg,513,7,-1,True,175,3100,0.9876554057094458,0.7777777777777778,1,225,1,1,1,1
526,0513_c0008_001.jpg,513,7,-1,True,175,3100,0.958123625466511,0.7777777777777778,1,225,1,1,1,1
527,0513_c0008_002.jpg,513,7,-1,True,175,3100,0.958450092252431,0.7777777777777778,1,225,1,1,1,1
528,0513_c0008_003.jpg,513,7,-1,True,175,3100,0.9486842740906438,0.7777777777777778,1,225,1,1,1,1
529,0513_c0008_004.jpg,513,7,-1,True,175,3100,0.9526362610931373,0.7777777777777778,1,225,1,1,1,1
530,0513_c0008_005.jpg,513,7,-1,True,175,3100,0.9533172924825585,0.7777777777777778,1,225,1,1,1,1
531,0513_c0008_006.jpg,513,7,-1,True,175,3100,0.9570687566226118,0.7777777777777778,1,225,1,1,1,1
532,0513_c0008_007.jpg,513,7,-1,True,175,3100,0.9544469343699133,0.7777777777777778,1,225,1,1,1,1
533,0513_c0008_008.jpg,513,7,-1,True,175,3100,0.9513200718732341,0.7777777777777778,1,225,1,1,1,1
534,0513_c0008_009.jpg,513,7,-1,True,175,3100,0.9443499699531419,0.7777777777777778,1,225,1,1,1,1
535,0513_c0008_010.jpg,513,7,-1,True,175,3100,0.9470565238045077,0.7777777777777778,1,225,1,1,1,1
536,0513_c0008_011.jpg,513,7,-1,True,175,3100,0.948426669334494,0.7777777777777778,1,225,1,1,1,1
537,0513_c0008_012.jpg,513,7,-1,True,175,3100,0.9489923516345213,0.7777777777777778,1,225,1,1,1,1
538,0513_c0008_013.jpg,513,7,-1,True,175,3100,0.9479188887332375,0.7777777777777778,1,225,1,1,1,1
539,0513_c0008_014.jpg,513,7,-1,True,175,3100,0.9445839554701001,0.7777777777777778,1,225,1,1,1,1
540,0513_c0008_015.jpg,513,7,-1,True,175,3100,0.9490090773584811,0.7777777777777778,1,225,1,1,1,1
541,0513_c0008_016.jpg,513,7,-1,True,175,3100,0.9382640792203113,0.7777777777777778,1,225,1,1,1,1
542,0513_c0008_017.jpg,513,7,-1,True,175,3100,0.9310206955113292,0.7777777777777778,1,225,1,1,1,1
543,0513_c0008_018.jpg,513,7,-1,True,175,3100,0.9346234523452751,0.7777777777777778,1,225,1,1,1,1
544,0513_c0008_019.jpg,513,7,-1,True,175,3100,0.9445355106852356,0.7777777777777778,1,225,1,1,1,1
545,0513_c0008_020.jpg,513,7,-1,True,175,3100,0.944613286743542,0.7777777777777778,1,225,1,1,1,1
546,0513_c0008_021.jpg,513,7,-1,True,175,3100,0.9415196979703655,0.7777777777777778,1,225,1,1,1,1
547,0513_c0008_022.jpg,513,7,-1,True,175,3100,0.9384396426908196,0.7777777777777778,1,225,1,1,1,1
548,0513_c0008_023.jpg,513,7,-1,True,175,3100,0.9333548096846778,0.7777777777777778,1,225,1,1,1,1
549,0513_c0008_024.jpg,513,7,-1,True,175,3100,0.9362164196731863,0.7777777777777778,1,225,1,1,1,1
550,0519_c0001_000.jpg,519,0,-1,True,150,3100,0.6640078313013339,0.36231884057971014,1,414,1,1,1,1
551,0519_c0001_001.jpg,519,0,-1,True,150,3100,0.6526679536609201,0.2798507462686567,1,536,1,1,1,1
552,0519_c0001_002.jpg,519,0,-1,True,150,3100,0.6575460042407664,0.2808988764044944,1,534,1,1,1,1
553,0519_c0001_003.jpg,519,0,-1,True,150,3100,0.6587319673372741,0.3303964757709251,1,454,1,1,1,1
554,0519_c0001_004.jpg,519,0,-1,True,150,3100,0.6645639853602229,0.35545023696682465,1,422,1,1,1,1
555,0519_c0001_005.jpg,519,0,-1,True,150,3100,0.6475595963697028,0.33707865168539325,1,445,1,1,1,1
556,0519_c0001_006.jpg,519,0,-1,True,150,3100,0.6421747433096563,0.3448275862068966,1,435,1,1,1,1
557,0519_c0001_007.jpg,519,0,-1,True,150,3100,0.6391921447526366,0.3456221198156682,1,434,1,1,1,1
558,0519_c0001_008.jpg,519,0,-1,True,150,3100,0.6648131459471132,0.3768844221105528,1,398,1,1,1,1
559,0519_c0001_009.jpg,519,0,-1,True,150,3100,0.6590751356863909,0.3778337531486146,1,397,1,1,1,1
560,0519_c0001_010.jpg,519,0,-1,True,150,3100,0.6411455989787942,0.373134328358209,1,402,1,1,1,1
561,0519_c0001_011.jpg,519,0,-1,True,150,3100,0.6426649828369015,0.3488372093023256,1,430,1,1,1,1
562,0519_c0001_012.jpg,519,0,-1,True,150,3100,0.6258263027202008,0.3333333333333333,1,450,1,1,1,1
563,0519_c0001_013.jpg,519,0,-1,True,150,3100,0.6424714105537919,0.33860045146726864,1,443,1,1,1,1
564,0519_c0001_014.jpg,519,0,-1,True,150,3100,0.6550655020425002,0.3171247357293869,1,473,1,1,1,1
565,0519_c0001_015.jpg,519,0,-1,True,150,3100,0.6609416864414914,0.32679738562091504,1,459,1,1,1,1
566,0519_c0001_016.jpg,519,0,-1,True,150,3100,0.6524508840244041,0.3472222222222222,1,432,1,1,1,1
567,0519_c0001_017.jpg,519,0,-1,True,150,3100,0.6558863767783023,0.31512605042016806,1,476,1,1,1,1
568,0519_c0001_018.jpg,519,0,-1,True,150,3100,0.6600860647863533,0.32397408207343414,1,463,1,1,1,1
569,0519_c0001_019.jpg,519,0,-1,True,150,3100,0.6628589810123787,0.3424657534246575,1,438,1,1,1,1
570,0519_c0001_020.jpg,519,0,-1,True,150,3100,0.6191605539277053,0.273224043715847,1,549,1,1,1,1
571,0519_c0001_021.jpg,519,0,-1,True,150,3100,0.6436777328709028,0.33482142857142855,1,448,1,1,1,1
572,0519_c0001_022.jpg,519,0,-1,True,150,3100,0.626660239158209,0.2798507462686567,1,536,1,1,1,1
573,0519_c0001_023.jpg,519,0,-1,True,150,3100,0.6289677073877555,0.2840909090909091,1,528,1,1,1,1
574,0519_c0001_024.jpg,519,0,-1,True,150,3100,0.6296704589493171,0.2824858757062147,1,531,1,1,1,1
575,0519_c0003_000.jpg,519,2,-1,True,150,3100,0.7886621742906222,0.19430051813471502,1,772,1,1,1,1
576,0519_c0003_001.jpg,519,2,-1,True,150,3100,0.7578682731882467,0.16741071428571427,1,896,1,1,1,1
577,0519_c0003_002.jpg,519,2,-1,True,150,3100,0.7615405692741238,0.17772511848341233,1,844,1,1,1,1
578,0519_c0003_003.jpg,519,2,-1,True,150,3100,0.7246505299771676,0.17688679245283018,1,848,1,1,1,1
579,0519_c0003_004.jpg,519,2,-1,True,150,3100,0.7708344783879262,0.23006134969325154,1,652,1,1,1,1
580,0519_c0003_005.jpg,519,2,-1,True,150,3100,0.793417970854333,0.2097902097902098,1,715,1,1,1,1
581,0519_c0003_006.jpg,519,2,-1,True,150,3100,0.7619991731458502,0.17381228273464658,1,863,1,1,1,1
582,0519_c0003_007.jpg,519,2,-1,True,150,3100,0.7954597040710234,0.2145922746781116,1,699,1,1,1,1
583,0519_c0003_008.jpg,519,2,-1,True,150,3100,0.8142422772535095,0.2152080344332855,1,697,1,1,1,1
584,0519_c0003_009.jpg,519,2,-1,True,150,3100,0.7860265785015788,0.19035532994923857,1,788,1,1,1,1
585,0519_c0003_010.jpg,519,2,-1,True,150,3100,0.8325226785801025,0.25041736227045075,1,599,1,1,1,1
586,0519_c0003_011.jpg,519,2,-1,True,150,3100,0.8456978617496909,0.21337126600284495,1,703,1,1,1,1
587,0519_c0003_012.jpg,519,2,-1,True,150,3100,0.8644762835290146,0.24630541871921183,1,609,1,1,1,1
588,0519_c0003_013.jpg,519,2,-1,True,150,3100,0.8182136189822538,0.24429967426710097,1,614,1,1,1,1
589,0519_c0003_014.jpg,519,2,-1,True,150,3100,0.8605415936386589,0.3424657534246575,1,438,1,1,1,1
590,0519_c0003_015.jpg,519,2,-1,True,150,3100,0.76216303542222,0.7075471698113207,1,212,1,1,1,1
591,0519_c0003_016.jpg,519,2,-1,True,150,3100,0.8089940369419355,0.7281553398058253,1,206,1,1,1,1
592,0519_c0003_017.jpg,519,2,-1,True,150,3100,0.7930629850320063,0.7009345794392523,1,214,1,1,1,1
593,0519_c0003_018.jpg,519,2,-1,True,150,3100,0.8248198659454725,0.7936507936507936,1,189,1,1,1,1
594,0519_c0003_019.jpg,519,2,-1,True,150,3100,0.7565834445123094,0.8064516129032258,1,186,1,1,1,1
595,0519_c0003_020.jpg,519,2,-1,True,150,3100,0.8081081791644392,0.7425742574257426,1,202,1,1,1,1
596,0519_c0003_021.jpg,519,2,-1,True,150,3100,0.7812897523325766,0.672645739910314,1,223,1,1,1,1
597,0519_c0003_022.jpg,519,2,-1,True,150,3100,0.7789972985263073,0.5415162454873647,1,277,1,1,1,1
598,0519_c0003_023.jpg,519,2,-1,True,150,3100,0.8177508892083043,0.5660377358490566,1,265,1,1,1,1
599,0519_c0003_024.jpg,519,2,-1,True,150,3100,0.7737189489812735,0.5725190839694656,1,262,1,1,1,1
600,0519_c0004_000.jpg,519,3,-1,True,150,3100,0.7703717670018801,0.7317073170731707,1,205,1,1,1,1
601,0519_c0004_001.jpg,519,3,-1,True,150,3100,0.7710128391918399,0.7853403141361257,1,191,1,1,1,1
602,0519_c0004_002.jpg,519,3,-1,True,150,3100,0.7588918247623845,0.7389162561576355,1,203,1,1,1,1
603,0519_c0004_003.jpg,519,3,-1,True,150,3100,0.7056398589333936,0.75,1,200,1,1,1,1
604,0519_c0004_004.jpg,519,3,-1,True,150,3100,0.706993795916896,0.75,1,200,1,1,1,1
605,0519_c0004_005.jpg,519,3,-1,True,150,3100,0.6785573969759957,0.6637168141592921,1,226,1,1,1,1
606,0519_c0004_006.jpg,519,3,-1,True,150,3100,0.7161364872847199,0.6048387096774194,1,248,1,1,1,1
607,0519_c0004_007.jpg,519,3,-1,True,150,3100,0.7181212675728603,0.6607929515418502,1,227,1,1,1,1
608,0519_c0004_008.jpg,519,3,-1,True,150,3100,0.6761421742166417,0.6147540983606558,1,244,1,1,1,1
609,0519_c0004_009.jpg,519,3,-1,True,150,3100,0.7074015332464835,0.646551724137931,1,232,1,1,1,1
610,0519_c0004_010.jpg,519,3,-1,True,150,3100,0.7346189390813038,0.6666666666666666,1,225,1,1,1,1
611,0519_c0004_011.jpg,519,3,-1,True,150,3100,0.7163391526239864,0.6410256410256411,1,234,1,1,1,1
612,0519_c0004_012.jpg,519,3,-1,True,150,3100,0.7282419295561184,0.7575757575757576,1,198,1,1,1,1
613,0519_c0004_013.jpg,519,3,-1,True,150,3100,0.7164639543585836,0.7653061224489796,1,196,1,1,1,1
614,0519_c0004_014.jpg,519,3,-1,True,150,3100,0.7591556212998607,0.7853403141361257,1,191,1,1,1,1
615,0519_c0004_015.jpg,519,3,-1,True,150,3100,0.71277557249546,0.78125,1,192,1,1,1,1
616,0519_c0004_016.jpg,519,3,-1,True,150,3100,0.7296545237724811,0.7692307692307693,1,195,1,1,1,1
617,0519_c0004_017.jpg,519,3,-1,True,150,3100,0.7769572238616678,0.8241758241758241,1,182,1,1,1,1
618,0519_c0004_018.jpg,519,3,-1,True,150,3100,0.7697614205662551,0.8379888268156425,1,179,1,1,1,1
619,0519_c0004_019.jpg,519,3,-1,True,150,3100,0.7817827781517696,0.847457627118644,1,177,1,1,1,1
620,0519_c0004_020.jpg,519,3,-1,True,150,3100,0.7536763769038424,0.7853403141361257,1,191,1,1,1,1
621,0519_c0004_021.jpg,519,3,-1,True,150,3100,0.7612409563191526,0.746268656716418,1,201,1,1,1,1
622,0519_c0004_022.jpg,519,3,-1,True,150,3100,0.7757229589182977,0.7537688442211056,1,199,1,1,1,1
623,0519_c0004_023.jpg,519,3,-1,True,150,3100,0.7861051527637098,0.8021390374331551,1,187,1,1,1,1
624,0519_c0004_024.jpg,519,3,-1,True,150,3100,0.7869332603746685,0.8064516129032258,1,186,1,1,1,1
625,0519_c0005_000.jpg,519,4,-1,True,150,3100,0.8903023558229041,0.4032258064516129,1,372,1,1,1,1
626,0519_c0005_001.jpg,519,4,-1,True,150,3100,0.8901588177943389,0.41208791208791207,1,364,1,1,1,1
627,0519_c0005_002.jpg,519,4,-1,True,150,3100,0.8946337298141968,0.4155124653739612,1,361,1,1,1,1
628,0519_c0005_003.jpg,519,4,-1,True,150,3100,0.9144498355515396,0.5535055350553506,1,271,1,1,1,1
629,0519_c0005_004.jpg,519,4,-1,True,150,3100,0.9134748866538946,0.4918032786885246,1,305,1,1,1,1
630,0519_c0005_005.jpg,519,4,-1,True,150,3100,0.9077068538794733,0.6329113924050633,1,237,1,1,1,1
631,0519_c0005_006.jpg,519,4,-1,True,150,3100,0.9090063733038198,0.4132231404958678,1,363,1,1,1,1
632,0519_c0005_007.jpg,519,4,-1,True,150,3100,0.8483015478937701,0.21865889212827988,1,686,1,1,1,1
633,0519_c0005_008.jpg,519,4,-1,True,150,3100,0.8574367186637782,0.21067415730337077,1,712,1,1,1,1
634,0519_c0005_009.jpg,519,4,-1,True,150,3100,0.8618977741936636,0.25597269624573377,1,586,1,1,1,1
635,0519_c0005_010.jpg,519,4,-1,True,150,3100,0.8571420919009285,0.25597269624573377,1,586,1,1,1,1
636,0519_c0005_011.jpg,519,4,-1,True,150,3100,0.8652981245834765,0.3409090909090909,1,440,1,1,1,1
637,0519_c0005_012.jpg,519,4,-1,True,150,3100,0.8654403480291321,0.21613832853025935,1,694,1,1,1,1
638,0519_c0005_013.jpg,519,4,-1,True,150,3100,0.8636441252065413,0.3456221198156682,1,434,1,1,1,1
639,0519_c0005_014.jpg,519,4,-1,True,150,3100,0.8689292142393985,0.42735042735042733,1,351,1,1,1,1
640,0519_c0005_015.jpg,519,4,-1,True,150,3100,0.8741317528390493,0.31982942430703626,1,469,1,1,1,1
641,0519_c0005_016.jpg,519,4,-1,True,150,3100,0.8735143563068791,0.42492917847025496,1,353,1,1,1,1
642,0519_c0005_017.jpg,519,4,-1,True,150,3100,0.8642677790787493,0.48231511254019294,1,311,1,1,1,1
643,0519_c0005_018.jpg,519,4,-1,True,150,3100,0.8643709633413917,0.4087193460490463,1,367,1,1,1,1
644,0519_c0005_019.jpg,519,4,-1,True,150,3100,0.8350782248012923,0.2384737678855326,1,629,1,1,1,1
645,0519_c0005_020.jpg,519,4,-1,True,150,3100,0.8844604383073712,0.40431266846361186,1,371,1,1,1,1
646,0519_c0005_021.jpg,519,4,-1,True,150,3100,0.8732344462524781,0.5208333333333334,1,288,1,1,1,1
647,0519_c0005_022.jpg,519,4,-1,True,150,3100,0.8649180640678933,0.4838709677419355,1,310,1,1,1,1
648,0519_c0005_023.jpg,519,4,-1,True,150,3100,0.8594027221070928,0.46439628482972134,1,323,1,1,1,1
649,0519_c0005_024.jpg,519,4,-1,True,150,3100,0.8734816638447743,0.5725190839694656,1,262,1,1,1,1
650,0519_c0006_000.jpg,519,5,-1,True,150,3100,0.47357573973357714,0.297029702970297,1,505,1,1,1,1
651,0519_c0006_001.jpg,519,5,-1,True,150,3100,0.48885966471119713,0.31315240083507306,1,479,1,1,1,1
652,0519_c0006_002.jpg,519,5,-1,True,150,3100,0.5886022855951039,0.33860045146726864,1,443,1,1,1,1
653,0519_c0006_003.jpg,519,5,-1,True,150,3100,0.5511608514532454,0.3325942350332594,1,451,1,1,1,1
654,0519_c0006_004.jpg,519,5,-1,True,150,3100,0.575124117358775,0.31982942430703626,1,469,1,1,1,1
655,0519_c0006_005.jpg,519,5,-1,True,150,3100,0.5825810003015448,0.33860045146726864,1,443,1,1,1,1
656,0519_c0006_006.jpg,519,5,-1,True,150,3100,0.559371488447788,0.3232758620689655,1,464,1,1,1,1
657,0519_c0006_007.jpg,519,5,-1,True,150,3100,0.6155023662296721,0.3416856492027335,1,439,1,1,1,1
658,0519_c0006_008.jpg,519,5,-1,True,150,3100,0.5769504529312873,0.3105590062111801,1,483,1,1,1,1
659,0519_c0006_009.jpg,519,5,-1,True,150,3100,0.5564946360727995,0.30181086519114686,1,497,1,1,1,1
660,0519_c0006_010.jpg,519,5,-1,True,150,3100,0.5931089357848298,0.33112582781456956,1,453,1,1,1,1
661,0519_c0006_011.jpg,519,5,-1,True,150,3100,0.6004294631501854,0.33557046979865773,1,447,1,1,1,1
662,0519_c0006_012.jpg,519,5,-1,True,150,3100,0.5802296007083546,0.3112033195020747,1,482,1,1,1,1
663,0519_c0006_013.jpg,519,5,-1,True,150,3100,0.5903476322446611,0.2964426877470356,1,506,1,1,1,1
664,0519_c0006_014.jpg,519,5,-1,True,150,3100,0.5714527299110125,0.3157894736842105,1,475,1,1,1,1
665,0519_c0006_015.jpg,519,5,-1,True,150,3100,0.7204804886406674,0.410958904109589,1,365,1,1,1,1
666,0519_c0006_016.jpg,519,5,-1,True,150,3100,0.6763595943195869,0.36764705882352944,1,408,1,1,1,1
667,0519_c0006_017.jpg,519,5,-1,True,150,3100,0.6482258194829065,0.3597122302158273,1,417,1,1,1,1
668,0519_c0006_018.jpg,519,5,-1,True,150,3100,0.660420576746204,0.3605769230769231,1,416,1,1,1,1
669,0519_c0006_019.jpg,519,5,-1,True,150,3100,0.6102846826617491,0.33482142857142855,1,448,1,1,1,1
670,0519_c0006_020.jpg,519,5,-1,True,150,3100,0.6744037668954128,0.3712871287128713,1,404,1,1,1,1
671,0519_c0006_021.jpg,519,5,-1,True,150,3100,0.6454866745798669,0.3246753246753247,1,462,1,1,1,1
672,0519_c0006_022.jpg,519,5,-1,True,150,3100,0.6463861125189343,0.36855036855036855,1,407,1,1,1,1
673,0519_c0006_023.jpg,519,5,-1,True,150,3100,0.7135908783970376,0.4166666666666667,1,360,1,1,1,1
674,0519_c0006_024.jpg,519,5,-1,True,150,3100,0.6561051084376355,0.3409090909090909,1,440,1,1,1,1
675,0519_c0007_000.jpg,519,6,-1,True,150,3100,0.6727775222235588,0.7692307692307693,26,195,0,0,0,0
676,0519_c0007_001.jpg,519,6,-1,True,150,3100,0.6595002197941866,0.7075471698113207,26,212,0,0,0,0
677,0519_c0007_002.jpg,519,6,-1,True,150,3100,0.6563119397464786,0.7177033492822966,26,209,0,0,0,0
678,0519_c0007_003.jpg,519,6,-1,True,150,3100,0.6572353143869754,0.7389162561576355,26,203,0,0,0,0
679,0519_c0007_004.jpg,519,6,-1,True,150,3100,0.6592029347998695,0.7352941176470589,26,204,0,0,0,0
680,0519_c0007_005.jpg,519,6,-1,True,150,3100,0.6398435055957747,0.6944444444444444,26,216,0,0,0,0
681,0519_c0007_006.jpg,519,6,-1,True,150,3100,0.6144243869846512,0.5494505494505495,26,273,0,0,0,0
682,0519_c0007_007.jpg,519,6,-1,True,150,3100,0.6267870061879494,0.6302521008403361,26,238,0,0,0,0
683,0519_c0007_008.jpg,519,6,-1,True,150,3100,0.5420343822167696,0.4398826979472141,26,341,0,0,0,0
684,0519_c0007_009.jpg,519,6,-1,True,150,3100,0.5569474886630036,0.4854368932038835,26,309,0,0,0,0
685,0519_c0007_010.jpg,519,6,-1,True,150,3100,0.6038675493546027,0.5617977528089888,26,267,0,0,0,0
686,0519_c0007_011.jpg,519,6,-1,True,150,3100,0.544487051480515,0.5226480836236934,26,287,0,0,0,0
687,0519_c0007_012.jpg,519,6,-1,True,150,3100,0.6342516883521945,0.672645739910314,26,223,0,0,0,0
688,0519_c0007_013.jpg,519,6,-1,True,150,3100,0.5575771700701629,0.5172413793103449,26,290,0,0,0,0
689,0519_c0007_014.jpg,519,6,-1,True,150,3100,0.5867172269632818,0.5681818181818182,26,264,0,0,0,0
690,0519_c0007_015.jpg,519,6,-1,True,150,3100,0.5549025318661626,0.5208333333333334,26,288,0,0,0,0
691,0519_c0007_016.jpg,519,6,-1,True,150,3100,0.5653084662318529,0.5172413793103449,26,290,0,0,0,0
692,0519_c0007_017.jpg,519,6,-1,True,150,3100,0.6327506688387283,0.6198347107438017,26,242,0,0,0,0
693,0519_c0007_018.jpg,519,6,-1,True,150,3100,0.5825636657992794,0.5617977528089888,26,267,0,0,0,0
694,0519_c0007_019.jpg,519,6,-1,True,150,3100,0.5653742500624692,0.5190311418685121,26,289,0,0,0,0
695,0519_c0007_020.jpg,519,6,-1,True,150,3100,0.5942267354673247,0.5434782608695652,26,276,0,0,0,0
696,0519_c0007_021.jpg,519,6,-1,True,150,3100,0.6047745612216054,0.5791505791505791,26,259,0,0,0,0
697,0519_c0007_022.jpg,519,6,-1,True,150,3100,0.5343224652323001,0.39577836411609496,26,379,0,0,0,0
698,0519_c0007_023.jpg,519,6,-1,True,150,3100,0.529617651625668,0.4065040650406504,26,369,0,0,0,0
699,0519_c0007_024.jpg,519,6,-1,True,150,3100,0.522939951891792,0.4032258064516129,29,372,0,0,0,0
700,0519_c0008_000.jpg,519,7,-1,True,150,3100,0.6399845647185618,0.3605769230769231,1,416,1,1,1,1
701,0519_c0008_001.jpg,519,7,-1,True,150,3100,0.5758089723278786,0.3393665158371041,1,442,1,1,1,1
702,0519_c0008_002.jpg,519,7,-1,True,150,3100,0.5621638231667462,0.2958579881656805,1,507,1,1,1,1
703,0519_c0008_003.jpg,519,7,-1,True,150,3100,0.5740934666916572,0.3225806451612903,1,465,1,1,1,1
704,0519_c0008_004.jpg,519,7,-1,True,150,3100,0.5631362621552076,0.31315240083507306,1,479,1,1,1,1
705,0519_c0008_005.jpg,519,7,-1,True,150,3100,0.47582960409187025,0.2702702702702703,3,555,0,1,1,1
706,0519_c0008_006.jpg,519,7,-1,True,150,3100,0.5060947757568767,0.2767527675276753,1,542,1,1,1,1
707,0519_c0008_007.jpg,519,7,-1,True,150,3100,0.4701240532202034,0.24429967426710097,16,614,0,0,0,1
708,0519_c0008_008.jpg,519,7,-1,True,150,3100,0.47789567074067746,0.2617801047120419,17,573,0,0,0,1
709,0519_c0008_009.jpg,519,7,-1,True,150,3100,0.48632795284902625,0.25773195876288657,16,582,0,0,0,1
710,0519_c0008_010.jpg,519,7,-1,True,150,3100,0.49367134243256944,0.24671052631578946,7,608,0,0,1,1
711,0519_c0008_011.jpg,519,7,-1,True,150,3100,0.49596890192842125,0.25125628140703515,6,597,0,0,1,1
712,0519_c0008_012.jpg,519,7,-1,True,150,3100,0.47468992048942843,0.2329192546583851,3,644,0,1,1,1
713,0519_c0008_013.jpg,519,7,-1,True,150,3100,0.46893052619267317,0.21865889212827988,4,686,0,1,1,1
714,0519_c0008_014.jpg,519,7,-1,True,150,3100,0.46114966008289826,0.22123893805309736,12,678,0,0,0,1
715,0519_c0008_015.jpg,519,7,-1,True,150,3100,0.4760773816806896,0.23809523809523808,14,630,0,0,0,1
716,0519_c0008_016.jpg,519,7,-1,True,150,3100,0.44347097071993874,0.24,14,625,0,0,0,1
717,0519_c0008_017.jpg,519,7,-1,True,150,3100,0.45811634433451415,0.23809523809523808,13,630,0,0,0,1
718,0519_c0008_018.jpg,519,7,-1,True,150,3100,0.5067665046179226,0.26833631484794274,3,559,0,1,1,1
719,0519_c0008_019.jpg,519,7,-1,True,150,3100,0.4867156418229386,0.25773195876288657,4,582,0,1,1,1
720,0519_c0008_020.jpg,519,7,-1,True,150,3100,0.46821300036920926,0.21067415730337077,7,712,0,0,1,1
721,0519_c0008_021.jpg,519,7,-1,True,150,3100,0.4815450729626535,0.234375,4,640,0,1,1,1
722,0519_c0008_022.jpg,519,7,-1,True,150,3100,0.5022670529932729,0.23734177215189872,3,632,0,1,1,1
723,0519_c0008_023.jpg,519,7,-1,True,150,3100,0.5000515894677278,0.2767527675276753,3,542,0,1,1,1
724,0519_c0008_024.jpg,519,7,-1,True,150,3100,0.5105020116652563,0.27932960893854747,3,537,0,1,1,1
725,0525_c0001_000.jpg,525,0,-1,True,175,3100,0.9964679793107507,0.9562841530054644,1,183,1,1,1,1
726,0525_c0001_001.jpg,525,0,-1,True,175,3100,0.9954864573927307,0.9510869565217391,1,184,1,1,1,1
727,0525_c0001_002.jpg,525,0,-1,True,175,3100,0.9984171613084657,0.9722222222222222,1,180,1,1,1,1
728,0525_c0001_003.jpg,525,0,-1,True,175,3100,0.9969204213025646,0.9562841530054644,1,183,1,1,1,1
729,0525_c0001_004.jpg,525,0,-1,True,175,3100,0.9966030071849351,0.9562841530054644,1,183,1,1,1,1
730,0525_c0001_005.jpg,525,0,-1,True,175,3100,0.994245331636447,0.9210526315789473,1,190,1,1,1,1
731,0525_c0001_006.jpg,525,0,-1,True,175,3100,0.9924502217368597,0.8928571428571429,1,196,1,1,1,1
732,0525_c0001_007.jpg,525,0,-1,True,175,3100,0.9945858635236475,0.9259259259259259,1,189,1,1,1,1
733,0525_c0001_008.jpg,525,0,-1,True,175,3100,0.9850276721147845,0.875,1,200,1,1,1,1
734,0525_c0001_009.jpg,525,0,-1,True,175,3100,0.9880631713639192,0.875,1,200,1,1,1,1
735,0525_c0001_010.jpg,525,0,-1,True,175,3100,0.9923703566829384,0.8974358974358975,1,195,1,1,1,1
736,0525_c0001_011.jpg,525,0,-1,True,175,3100,0.9964387064023911,0.9562841530054644,1,183,1,1,1,1
737,0525_c0001_012.jpg,525,0,-1,True,175,3100,0.9968654960891574,0.9562841530054644,1,183,1,1,1,1
738,0525_c0001_013.jpg,525,0,-1,True,175,3100,0.9959859209780273,0.9510869565217391,1,184,1,1,1,1
739,0525_c0001_014.jpg,525,0,-1,True,175,3100,0.9966425154455435,0.9562841530054644,1,183,1,1,1,1
740,0525_c0001_015.jpg,525,0,-1,True,175,3100,0.9954306721141722,0.9459459459459459,1,185,1,1,1,1
741,0525_c0001_016.jpg,525,0,-1,True,175,3100,0.9976742805882061,0.9615384615384616,1,182,1,1,1,1
742,0525_c0001_017.jpg,525,0,-1,True,175,3100,0.9982274056114016,0.9668508287292817,1,181,1,1,1,1
743,0525_c0001_018.jpg,525,0,-1,True,175,3100,0.9978093588901449,0.9615384615384616,1,182,1,1,1,1
744,0525_c0001_019.jpg,525,0,-1,True,175,3100,0.9960543450692007,0.9510869565217391,1,184,1,1,1,1
745,0525_c0001_020.jpg,525,0,-1,True,175,3100,0.9977007916773603,0.9615384615384616,1,182,1,1,1,1
746,0525_c0001_021.jpg,525,0,-1,True,175,3100,0.9986124124530648,0.9776536312849162,1,179,1,1,1,1
747,0525_c0001_022.jpg,525,0,-1,True,175,3100,0.9972277127228439,0.9562841530054644,1,183,1,1,1,1
748,0525_c0001_023.jpg,525,0,-1,True,175,3100,0.9956231406627433,0.9510869565217391,1,184,1,1,1,1
749,0525_c0001_024.jpg,525,0,-1,True,175,3100,0.9942098476554172,0.9210526315789473,1,190,1,1,1,1
750,0525_c0002_000.jpg,525,1,-1,True,175,3100,0.999770267995972,0.9887005649717514,1,177,1,1,1,1
751,0525_c0002_001.jpg,525,1,-1,True,175,3100,1.0,1.0,1,175,1,1,1,1
752,0525_c0002_002.jpg,525,1,-1,True,175,3100,1.0,1.0,1,175,1,1,1,1
753,0525_c0002_003.jpg,525,1,-1,True,175,3100,1.0,1.0,1,175,1,1,1,1
754,0525_c0002_004.jpg,525,1,-1,True,175,3100,1.0,1.0,1,175,1,1,1,1
755,0525_c0002_005.jpg,525,1,-1,True,175,3100,0.999802368663666,0.9943181818181818,1,176,1,1,1,1
756,0525_c0002_006.jpg,525,1,-1,True,175,3100,0.9999675324675324,0.9943181818181818,1,176,1,1,1,1
757,0525_c0002_007.jpg,525,1,-1,True,175,3100,0.9994037024925804,0.9887005649717514,1,177,1,1,1,1
758,0525_c0002_008.jpg,525,1,-1,True,175,3100,0.9994037024925804,0.9887005649717514,1,177,1,1,1,1
759,0525_c0002_009.jpg,525,1,-1,True,175,3100,0.9997366545505939,0.9887005649717514,1,177,1,1,1,1
760,0525_c0002_010.jpg,525,1,-1,True,175,3100,0.9994713462061638,0.9887005649717514,1,177,1,1,1,1
761,0525_c0002_011.jpg,525,1,-1,True,175,3100,0.999802368663666,0.9943181818181818,1,176,1,1,1,1
762,0525_c0002_012.jpg,525,1,-1,True,175,3100,0.9996392562552003,0.9887005649717514,1,177,1,1,1,1
763,0525_c0002_013.jpg,525,1,-1,True,175,3100,0.9996719071469303,0.9887005649717514,1,177,1,1,1,1
764,0525_c0002_014.jpg,525,1,-1,True,175,3100,0.999770267995972,0.9887005649717514,1,177,1,1,1,1
765,0525_c0002_015.jpg,525,1,-1,True,175,3100,0.9993690704579483,0.9887005649717514,1,177,1,1,1,1
766,0525_c0002_016.jpg,525,1,-1,True,175,3100,0.99950556348589,0.9887005649717514,1,177,1,1,1,1
767,0525_c0002_017.jpg,525,1,-1,True,175,3100,0.9997043725468835,0.9887005649717514,1,177,1,1,1,1
768,0525_c0002_018.jpg,525,1,-1,True,175,3100,0.9997366545505939,0.9887005649717514,1,177,1,1,1,1
769,0525_c0002_019.jpg,525,1,-1,True,175,3100,0.9995395770913322,0.9887005649717514,1,177,1,1,1,1
770,0525_c0002_020.jpg,525,1,-1,True,175,3100,0.9994037024925804,0.9887005649717514,1,177,1,1,1,1
771,0525_c0002_021.jpg,525,1,-1,True,175,3100,0.9992321446579823,0.9887005649717514,1,177,1,1,1,1
772,0525_c0002_022.jpg,525,1,-1,True,175,3100,1.0,1.0,1,175,1,1,1,1
773,0525_c0002_023.jpg,525,1,-1,True,175,3100,0.9991983347268242,0.9887005649717514,1,177,1,1,1,1
774,0525_c0002_024.jpg,525,1,-1,True,175,3100,0.9999675324675324,0.9943181818181818,1,176,1,1,1,1
775,0525_c0003_000.jpg,525,2,-1,True,175,3100,1.0,1.0,1,175,1,1,1,1
776,0525_c0003_001.jpg,525,2,-1,True,175,3100,1.0,1.0,1,175,1,1,1,1
777,0525_c0003_002.jpg,525,2,-1,True,175,3100,1.0,1.0,1,175,1,1,1,1
778,0525_c0003_003.jpg,525,2,-1,True,175,3100,0.9998690081305502,0.9943181818181818,1,176,1,1,1,1
779,0525_c0003_004.jpg,525,2,-1,True,175,3100,0.9999348794063079,0.9943181818181818,1,176,1,1,1,1
780,0525_c0003_005.jpg,525,2,-1,True,175,3100,0.9999348794063079,0.9943181818181818,1,176,1,1,1,1
781,0525_c0003_006.jpg,525,2,-1,True,175,3100,0.9994134855071833,0.9722222222222222,1,180,1,1,1,1
782,0525_c0003_007.jpg,525,2,-1,True,175,3100,1.0,1.0,1,175,1,1,1,1
783,0525_c0003_008.jpg,525,2,-1,True,175,3100,0.999902038683812,0.9943181818181818,1,176,1,1,1,1
784,0525_c0003_009.jpg,525,2,-1,True,175,3100,0.999902038683812,0.9943181818181818,1,176,1,1,1,1
785,0525_c0003_010.jpg,525,2,-1,True,175,3100,1.0,1.0,1,175,1,1,1,1
786,0525_c0003_011.jpg,525,2,-1,True,175,3100,0.9998357855391882,0.9943181818181818,1,176,1,1,1,1
787,0525_c0003_012.jpg,525,2,-1,True,175,3100,1.0,1.0,1,175,1,1,1,1
788,0525_c0003_013.jpg,525,2,-1,True,175,3100,1.0,1.0,1,175,1,1,1,1
789,0525_c0003_014.jpg,525,2,-1,True,175,3100,0.9999348794063079,0.9943181818181818,1,176,1,1,1,1
790,0525_c0003_015.jpg,525,2,-1,True,175,3100,1.0,1.0,1,175,1,1,1,1
791,0525_c0003_016.jpg,525,2,-1,True,175,3100,1.0,1.0,1,175,1,1,1,1
792,0525_c0003_017.jpg,525,2,-1,True,175,3100,1.0,1.0,1,175,1,1,1,1
793,0525_c0003_018.jpg,525,2,-1,True,175,3100,1.0,1.0,1,175,1,1,1,1
794,0525_c0003_019.jpg,525,2,-1,True,175,3100,1.0,1.0,1,175,1,1,1,1
795,0525_c0003_020.jpg,525,2,-1,True,175,3100,1.0,1.0,1,175,1,1,1,1
796,0525_c0003_021.jpg,525,2,-1,True,175,3100,0.999802368663666,0.9943181818181818,1,176,1,1,1,1
797,0525_c0003_022.jpg,525,2,-1,True,175,3100,1.0,1.0,1,175,1,1,1,1
798,0525_c0003_023.jpg,525,2,-1,True,175,3100,0.9999348794063079,0.9943181818181818,1,176,1,1,1,1
799,0525_c0003_024.jpg,525,2,-1,True,175,3100,0.9991805115433483,0.9668508287292817,1,181,1,1,1,1
800,0525_c0004_000.jpg,525,3,-1,True,175,3100,1.0,1.0,1,175,1,1,1,1
801,0525_c0004_001.jpg,525,3,-1,True,175,3100,1.0,1.0,1,175,1,1,1,1
802,0525_c0004_002.jpg,525,3,-1,True,175,3100,1.0,1.0,1,175,1,1,1,1
803,0525_c0004_003.jpg,525,3,-1,True,175,3100,1.0,1.0,1,175,1,1,1,1
804,0525_c0004_004.jpg,525,3,-1,True,175,3100,1.0,1.0,1,175,1,1,1,1
805,0525_c0004_005.jpg,525,3,-1,True,175,3100,1.0,1.0,1,175,1,1,1,1
806,0525_c0004_006.jpg,525,3,-1,True,175,3100,1.0,1.0,1,175,1,1,1,1
807,0525_c0004_007.jpg,525,3,-1,True,175,3100,1.0,1.0,1,175,1,1,1,1
808,0525_c0004_008.jpg,525,3,-1,True,175,3100,1.0,1.0,1,175,1,1,1,1
809,0525_c0004_009.jpg,525,3,-1,True,175,3100,1.0,1.0,1,175,1,1,1,1
810,0525_c0004_010.jpg,525,3,-1,True,175,3100,1.0,1.0,1,175,1,1,1,1
811,0525_c0004_011.jpg,525,3,-1,True,175,3100,1.0,1.0,1,175,1,1,1,1
812,0525_c0004_012.jpg,525,3,-1,True,175,3100,1.0,1.0,1,175,1,1,1,1
813,0525_c0004_013.jpg,525,3,-1,True,175,3100,1.0,1.0,1,175,1,1,1,1
814,0525_c0004_014.jpg,525,3,-1,True,175,3100,1.0,1.0,1,175,1,1,1,1
815,0525_c0004_015.jpg,525,3,-1,True,175,3100,1.0,1.0,1,175,1,1,1,1
816,0525_c0004_016.jpg,525,3,-1,True,175,3100,1.0,1.0,1,175,1,1,1,1
817,0525_c0004_017.jpg,525,3,-1,True,175,3100,1.0,1.0,1,175,1,1,1,1
818,0525_c0004_018.jpg,525,3,-1,True,175,3100,1.0,1.0,1,175,1,1,1,1
819,0525_c0004_019.jpg,525,3,-1,True,175,3100,1.0,1.0,1,175,1,1,1,1
820,0525_c0004_020.jpg,525,3,-1,True,175,3100,1.0,1.0,1,175,1,1,1,1
821,0525_c0004_021.jpg,525,3,-1,True,175,3100,1.0,1.0,1,175,1,1,1,1
822,0525_c0004_022.jpg,525,3,-1,True,175,3100,1.0,1.0,1,175,1,1,1,1
823,0525_c0004_023.jpg,525,3,-1,True,175,3100,1.0,1.0,1,175,1,1,1,1
824,0525_c0004_024.jpg,525,3,-1,True,175,3100,1.0,1.0,1,175,1,1,1,1
825,0525_c0005_000.jpg,525,4,-1,True,175,3100,0.9896129586942178,0.8793969849246231,1,199,1,1,1,1
826,0525_c0005_001.jpg,525,4,-1,True,175,3100,0.9952679674225285,0.9308510638297872,1,188,1,1,1,1
827,0525_c0005_002.jpg,525,4,-1,True,175,3100,0.9914204892115355,0.8793969849246231,1,199,1,1,1,1
828,0525_c0005_003.jpg,525,4,-1,True,175,3100,0.9914859219265408,0.8793969849246231,1,199,1,1,1,1
829,0525_c0005_004.jpg,525,4,-1,True,175,3100,0.9935170500885089,0.8928571428571429,1,196,1,1,1,1
830,0525_c0005_005.jpg,525,4,-1,True,175,3100,0.9919310834995754,0.8793969849246231,1,199,1,1,1,1
831,0525_c0005_006.jpg,525,4,-1,True,175,3100,0.9930782297692735,0.8883248730964467,1,197,1,1,1,1
832,0525_c0005_007.jpg,525,4,-1,True,175,3100,0.9946280825536161,0.9210526315789473,1,190,1,1,1,1
833,0525_c0005_008.jpg,525,4,-1,True,175,3100,0.9957732576787199,0.9408602150537635,1,186,1,1,1,1
834,0525_c0005_009.jpg,525,4,-1,True,175,3100,0.995033643359496,0.9308510638297872,1,188,1,1,1,1
835,0525_c0005_010.jpg,525,4,-1,True,175,3100,0.9971646118183873,0.9562841530054644,1,183,1,1,1,1
836,0525_c0005_011.jpg,525,4,-1,True,175,3100,0.997417566105426,0.9562841530054644,1,183,1,1,1,1
837,0525_c0005_012.jpg,525,4,-1,True,175,3100,0.995604135582279,0.9408602150537635,1,186,1,1,1,1
838,0525_c0005_013.jpg,525,4,-1,True,175,3100,0.9940758755215221,0.9020618556701031,1,194,1,1,1,1
839,0525_c0005_014.jpg,525,4,-1,True,175,3100,0.9917619972301703,0.8838383838383839,1,198,1,1,1,1
840,0525_c0005_015.jpg,525,4,-1,True,175,3100,0.9942852333416918,0.9162303664921466,1,191,1,1,1,1
841,0525_c0005_016.jpg,525,4,-1,True,175,3100,0.993572157115847,0.8928571428571429,1,196,1,1,1,1
842,0525_c0005_017.jpg,525,4,-1,True,175,3100,0.9932482959326792,0.8928571428571429,1,196,1,1,1,1
843,0525_c0005_018.jpg,525,4,-1,True,175,3100,0.9951929296405844,0.9308510638297872,1,188,1,1,1,1
844,0525_c0005_019.jpg,525,4,-1,True,175,3100,0.9935881835535189,0.8974358974358975,1,195,1,1,1,1
845,0525_c0005_020.jpg,525,4,-1,True,175,3100,0.9945096004275199,0.9114583333333334,1,192,1,1,1,1
846,0525_c0005_021.jpg,525,4,-1,True,175,3100,0.9935765384248892,0.8928571428571429,1,196,1,1,1,1
847,0525_c0005_022.jpg,525,4,-1,True,175,3100,0.9938036315141813,0.8928571428571429,1,196,1,1,1,1
848,0525_c0005_023.jpg,525,4,-1,True,175,3100,0.9945484916368877,0.9162303664921466,1,191,1,1,1,1
849,0525_c0005_024.jpg,525,4,-1,True,175,3100,0.9945484916368877,0.9162303664921466,1,191,1,1,1,1
850,0525_c0006_000.jpg,525,5,-1,True,175,3100,0.7792693762098315,0.5892255892255892,1,297,1,1,1,1
851,0525_c0006_001.jpg,525,5,-1,True,175,3100,0.8384863295615911,0.6386861313868614,1,274,1,1,1,1
852,0525_c0006_002.jpg,525,5,-1,True,175,3100,0.7305491344982261,0.5681818181818182,1,308,1,1,1,1
853,0525_c0006_003.jpg,525,5,-1,True,175,3100,0.7426166953980334,0.5555555555555556,1,315,1,1,1,1
854,0525_c0006_004.jpg,525,5,-1,True,175,3100,0.7917071678204178,0.6161971830985915,1,284,1,1,1,1
855,0525_c0006_005.jpg,525,5,-1,True,175,3100,0.7624966002656499,0.5813953488372093,1,301,1,1,1,1
856,0525_c0006_006.jpg,525,5,-1,True,175,3100,0.7805276377456669,0.5892255892255892,1,297,1,1,1,1
857,0525_c0006_007.jpg,525,5,-1,True,175,3100,0.8376508700220923,0.631768953068592,1,277,1,1,1,1
858,0525_c0006_008.jpg,525,5,-1,True,175,3100,0.7864635176198934,0.5737704918032787,1,305,1,1,1,1
859,0525_c0006_009.jpg,525,5,-1,True,175,3100,0.8280114058391905,0.6294964028776978,1,278,1,1,1,1
860,0525_c0006_010.jpg,525,5,-1,True,175,3100,0.8516610920606399,0.6363636363636364,1,275,1,1,1,1
861,0525_c0006_011.jpg,525,5,-1,True,175,3100,0.8456490925322045,0.6294964028776978,1,278,1,1,1,1
862,0525_c0006_012.jpg,525,5,-1,True,175,3100,0.8180121187566148,0.6205673758865248,1,282,1,1,1,1
863,0525_c0006_013.jpg,525,5,-1,True,175,3100,0.7983394388892731,0.6055363321799307,1,289,1,1,1,1
864,0525_c0006_014.jpg,525,5,-1,True,175,3100,0.8484211064015403,0.631768953068592,1,277,1,1,1,1
865,0525_c0006_015.jpg,525,5,-1,True,175,3100,0.9162057703956016,0.6809338521400778,1,257,1,1,1,1
866,0525_c0006_016.jpg,525,5,-1,True,175,3100,0.9350248664319589,0.720164609053498,1,243,1,1,1,1
867,0525_c0006_017.jpg,525,5,-1,True,175,3100,0.9275189618667273,0.708502024291498,1,247,1,1,1,1
868,0525_c0006_018.jpg,525,5,-1,True,175,3100,0.8785819758349729,0.720164609053498,1,243,1,1,1,1
869,0525_c0006_019.jpg,525,5,-1,True,175,3100,0.8715314700639263,0.6363636363636364,1,275,1,1,1,1
870,0525_c0006_020.jpg,525,5,-1,True,175,3100,0.9422121469299349,0.7383966244725738,1,237,1,1,1,1
871,0525_c0006_021.jpg,525,5,-1,True,175,3100,0.8774053435371933,0.7231404958677686,1,242,1,1,1,1
872,0525_c0006_022.jpg,525,5,-1,True,175,3100,0.9203305663999559,0.7,1,250,1,1,1,1
873,0525_c0006_023.jpg,525,5,-1,True,175,3100,0.9439852393174862,0.7743362831858407,1,226,1,1,1,1
874,0525_c0006_024.jpg,525,5,-1,True,175,3100,0.9396615899644871,0.7641921397379913,1,229,1,1,1,1
875,0525_c0007_000.jpg,525,6,-1,True,175,3100,0.9984658714272399,0.9615384615384616,1,182,1,1,1,1
876,0525_c0007_001.jpg,525,6,-1,True,175,3100,0.9952242282299656,0.9308510638297872,1,188,1,1,1,1
877,0525_c0007_002.jpg,525,6,-1,True,175,3100,0.9964839717164847,0.9408602150537635,1,186,1,1,1,1
878,0525_c0007_003.jpg,525,6,-1,True,175,3100,0.9971412373623892,0.9562841530054644,1,183,1,1,1,1
879,0525_c0007_004.jpg,525,6,-1,True,175,3100,0.9974139940138411,0.9668508287292817,1,181,1,1,1,1
880,0525_c0007_005.jpg,525,6,-1,True,175,3100,0.9977832885599297,0.9722222222222222,1,180,1,1,1,1
881,0525_c0007_006.jpg,525,6,-1,True,175,3100,0.9982366087329955,0.9776536312849162,1,179,1,1,1,1
882,0525_c0007_007.jpg,525,6,-1,True,175,3100,0.996929328642709,0.9562841530054644,1,183,1,1,1,1
883,0525_c0007_008.jpg,525,6,-1,True,175,3100,0.998807209428708,0.9887005649717514,1,177,1,1,1,1
884,0525_c0007_009.jpg,525,6,-1,True,175,3100,0.9994047113512459,0.9887005649717514,1,177,1,1,1,1
885,0525_c0007_010.jpg,525,6,-1,True,175,3100,0.9999027787386141,0.9887005649717514,1,177,1,1,1,1
886,0525_c0007_011.jpg,525,6,-1,True,175,3100,0.9990593429676268,0.9887005649717514,1,177,1,1,1,1
887,0525_c0007_012.jpg,525,6,-1,True,175,3100,0.9977807726479007,0.9615384615384616,1,182,1,1,1,1
888,0525_c0007_013.jpg,525,6,-1,True,175,3100,0.9988612901352536,0.9722222222222222,1,180,1,1,1,1
889,0525_c0007_014.jpg,525,6,-1,True,175,3100,0.9946650756006346,0.9308510638297872,1,188,1,1,1,1
890,0525_c0007_015.jpg,525,6,-1,True,175,3100,0.9967339443195504,0.9562841530054644,1,183,1,1,1,1
891,0525_c0007_016.jpg,525,6,-1,True,175,3100,0.9962603253118505,0.9358288770053476,1,187,1,1,1,1
892,0525_c0007_017.jpg,525,6,-1,True,175,3100,0.9961343584029495,0.9308510638297872,1,188,1,1,1,1
893,0525_c0007_018.jpg,525,6,-1,True,175,3100,0.9946818508979837,0.9210526315789473,1,190,1,1,1,1
894,0525_c0007_019.jpg,525,6,-1,True,175,3100,0.9944775408202249,0.9114583333333334,1,192,1,1,1,1
895,0525_c0007_020.jpg,525,6,-1,True,175,3100,0.9954662437634728,0.9210526315789473,1,190,1,1,1,1
896,0525_c0007_021.jpg,525,6,-1,True,175,3100,0.9957794988197836,0.9308510638297872,1,188,1,1,1,1
897,0525_c0007_022.jpg,525,6,-1,True,175,3100,0.9963855985117076,0.9358288770053476,1,187,1,1,1,1
898,0525_c0007_023.jpg,525,6,-1,True,175,3100,0.9936173097264765,0.8883248730964467,1,197,1,1,1,1
899,0525_c0007_024.jpg,525,6,-1,True,175,3100,0.9938774994373596,0.8883248730964467,1,197,1,1,1,1
900,0525_c0008_000.jpg,525,7,-1,True,175,3100,1.0,1.0,1,175,1,1,1,1
901,0525_c0008_001.jpg,525,7,-1,True,175,3100,1.0,1.0,1,175,1,1,1,1
902,0525_c0008_002.jpg,525,7,-1,True,175,3100,1.0,1.0,1,175,1,1,1,1
903,0525_c0008_003.jpg,525,7,-1,True,175,3100,1.0,1.0,1,175,1,1,1,1
904,0525_c0008_004.jpg,525,7,-1,True,175,3100,1.0,1.0,1,175,1,1,1,1
905,0525_c0008_005.jpg,525,7,-1,True,175,3100,1.0,1.0,1,175,1,1,1,1
906,0525_c0008_006.jpg,525,7,-1,True,175,3100,1.0,1.0,1,175,1,1,1,1
907,0525_c0008_007.jpg,525,7,-1,True,175,3100,1.0,1.0,1,175,1,1,1,1
908,0525_c0008_008.jpg,525,7,-1,True,175,3100,1.0,1.0,1,175,1,1,1,1
909,0525_c0008_009.jpg,525,7,-1,True,175,3100,1.0,1.0,1,175,1,1,1,1
910,0525_c0008_010.jpg,525,7,-1,True,175,3100,1.0,1.0,1,175,1,1,1,1
911,0525_c0008_011.jpg,525,7,-1,True,175,3100,1.0,1.0,1,175,1,1,1,1
912,0525_c0008_012.jpg,525,7,-1,True,175,3100,1.0,1.0,1,175,1,1,1,1
913,0525_c0008_013.jpg,525,7,-1,True,175,3100,1.0,1.0,1,175,1,1,1,1
914,0525_c0008_014.jpg,525,7,-1,True,175,3100,1.0,1.0,1,175,1,1,1,1
915,0525_c0008_015.jpg,525,7,-1,True,175,3100,1.0,1.0,1,175,1,1,1,1
916,0525_c0008_016.jpg,525,7,-1,True,175,3100,1.0,1.0,1,175,1,1,1,1
917,0525_c0008_017.jpg,525,7,-1,True,175,3100,1.0,1.0,1,175,1,1,1,1
918,0525_c0008_018.jpg,525,7,-1,True,175,3100,1.0,1.0,1,175,1,1,1,1
919,0525_c0008_019.jpg,525,7,-1,True,175,3100,1.0,1.0,1,175,1,1,1,1
920,0525_c0008_020.jpg,525,7,-1,True,175,3100,1.0,1.0,1,175,1,1,1,1
921,0525_c0008_021.jpg,525,7,-1,True,175,3100,1.0,1.0,1,175,1,1,1,1
922,0525_c0008_022.jpg,525,7,-1,True,175,3100,1.0,1.0,1,175,1,1,1,1
923,0525_c0008_023.jpg,525,7,-1,True,175,3100,1.0,1.0,1,175,1,1,1,1
924,0525_c0008_024.jpg,525,7,-1,True,175,3100,1.0,1.0,1,175,1,1,1,1
925,0531_c0001_000.jpg,531,0,-1,True,100,3100,0.7617334605331255,0.38022813688212925,1,263,1,1,1,1
926,0531_c0001_001.jpg,531,0,-1,True,100,3100,0.720378674359046,0.36363636363636365,1,275,1,1,1,1
927,0531_c0001_002.jpg,531,0,-1,True,100,3100,0.7237418641804249,0.35335689045936397,1,283,1,1,1,1
928,0531_c0001_003.jpg,531,0,-1,True,100,3100,0.8021225578256264,0.36764705882352944,1,272,1,1,1,1
929,0531_c0001_004.jpg,531,0,-1,True,100,3100,0.8270692851983078,0.4219409282700422,1,237,1,1,1,1
930,0531_c0001_005.jpg,531,0,-1,True,100,3100,0.7374885621380569,0.37037037037037035,1,270,1,1,1,1
931,0531_c0001_006.jpg,531,0,-1,True,100,3100,0.6978928629461588,0.33444816053511706,1,299,1,1,1,1
932,0531_c0001_007.jpg,531,0,-1,True,100,3100,0.7951567657038113,0.4098360655737705,1,244,1,1,1,1
933,0531_c0001_008.jpg,531,0,-1,True,100,3100,0.843896277862307,0.4329004329004329,1,231,1,1,1,1
934,0531_c0001_009.jpg,531,0,-1,True,100,3100,0.8015251588183518,0.37037037037037035,1,270,1,1,1,1
935,0531_c0001_010.jpg,531,0,-1,True,100,3100,0.7497307597705101,0.37037037037037035,1,270,1,1,1,1
936,0531_c0001_011.jpg,531,0,-1,True,100,3100,0.7840568073056856,0.36900369003690037,1,271,1,1,1,1
937,0531_c0001_012.jpg,531,0,-1,True,100,3100,0.7602224672246034,0.38022813688212925,1,263,1,1,1,1
938,0531_c0001_013.jpg,531,0,-1,True,100,3100,0.7868957325681828,0.3831417624521073,1,261,1,1,1,1
939,0531_c0001_014.jpg,531,0,-1,True,100,3100,0.7105493806904704,0.35842293906810035,1,279,1,1,1,1
940,0531_c0001_015.jpg,531,0,-1,True,100,3100,0.7976874448086871,0.35335689045936397,1,283,1,1,1,1
941,0531_c0001_016.jpg,531,0,-1,True,100,3100,0.6968979300585763,0.3215434083601286,1,311,1,1,1,1
942,0531_c0001_017.jpg,531,0,-1,True,100,3100,0.7664183215030838,0.32051282051282054,1,312,1,1,1,1
943,0531_c0001_018.jpg,531,0,-1,True,100,3100,0.7801342976447891,0.3448275862068966,1,290,1,1,1,1
944,0531_c0001_019.jpg,531,0,-1,True,100,3100,0.7729520409439148,0.3401360544217687,1,294,1,1,1,1
945,0531_c0001_020.jpg,531,0,-1,True,100,3100,0.7845502564417246,0.36764705882352944,1,272,1,1,1,1
946,0531_c0001_021.jpg,531,0,-1,True,100,3100,0.7439437351290088,0.37037037037037035,1,270,1,1,1,1
947,0531_c0001_022.jpg,531,0,-1,True,100,3100,0.8239827839944044,0.4132231404958678,1,242,1,1,1,1
948,0531_c0001_023.jpg,531,0,-1,True,100,3100,0.8638402549046822,0.38910505836575876,1,257,1,1,1,1
949,0531_c0001_024.jpg,531,0,-1,True,100,3100,0.8651928411774034,0.43478260869565216,1,230,1,1,1,1
950,0531_c0002_000.jpg,531,1,-1,True,100,3100,0.34567743133277196,0.24691358024691357,3,405,0,1,1,1
951,0531_c0002_001.jpg,531,1,-1,True,100,3100,0.4501280362242624,0.24691358024691357,1,405,1,1,1,1
952,0531_c0002_002.jpg,531,1,-1,True,100,3100,0.5325394215905304,0.25316455696202533,1,395,1,1,1,1
953,0531_c0002_003.jpg,531,1,-1,True,100,3100,0.5091192866693541,0.2557544757033248,1,391,1,1,1,1
954,0531_c0002_004.jpg,531,1,-1,True,100,3100,0.28358086671813576,0.24752475247524752,14,404,0,0,0,1
955,0531_c0002_005.jpg,531,1,-1,True,100,3100,0.32040071463314795,0.2544529262086514,9,393,0,0,1,1
956,0531_c0002_006.jpg,531,1,-1,True,100,3100,0.3886521113650568,0.2557544757033248,3,391,0,1,1,1
957,0531_c0002_007.jpg,531,1,-1,True,100,3100,0.349054239909709,0.26666666666666666,12,375,0,0,0,1
958,0531_c0002_008.jpg,531,1,-1,True,100,3100,0.352932316619008,0.25,3,400,0,1,1,1
959,0531_c0002_009.jpg,531,1,-1,True,100,3100,0.3230413643305017,0.24875621890547264,7,402,0,0,1,1
960,0531_c0002_010.jpg,531,1,-1,True,100,3100,0.3216600161856906,0.24691358024691357,3,405,0,1,1,1
961,0531_c0002_011.jpg,531,1,-1,True,100,3100,0.3849190320583265,0.23980815347721823,1,417,1,1,1,1
962,0531_c0002_012.jpg,531,1,-1,True,100,3100,0.3401085214636683,0.24630541871921183,3,406,0,1,1,1
963,0531_c0002_013.jpg,531,1,-1,True,100,3100,0.40562323161732505,0.2403846153846154,1,416,1,1,1,1
964,0531_c0002_014.jpg,531,1,-1,True,100,3100,0.31171092385771626,0.24509803921568626,4,408,0,1,1,1
965,0531_c0002_015.jpg,531,1,-1,True,100,3100,0.32041616233453113,0.2403846153846154,4,416,0,1,1,1
966,0531_c0002_016.jpg,531,1,-1,True,100,3100,0.3453073039391359,0.23809523809523808,2,420,0,1,1,1
967,0531_c0002_017.jpg,531,1,-1,True,100,3100,0.3946327904895089,0.24154589371980675,1,414,1,1,1,1
968,0531_c0002_018.jpg,531,1,-1,True,100,3100,0.31215174636517184,0.24937655860349128,9,401,0,0,1,1
969,0531_c0002_019.jpg,531,1,-1,True,100,3100,0.4713046872116996,0.2506265664160401,1,399,1,1,1,1
970,0531_c0002_020.jpg,531,1,-1,True,100,3100,0.4166469577498369,0.2506265664160401,1,399,1,1,1,1
971,0531_c0002_021.jpg,531,1,-1,True,100,3100,0.3463845603297714,0.24937655860349128,3,401,0,1,1,1
972,0531_c0002_022.jpg,531,1,-1,True,100,3100,0.5482096907098419,0.3003003003003003,1,333,1,1,1,1
973,0531_c0002_023.jpg,531,1,-1,True,100,3100,0.5064281435356542,0.28901734104046245,1,346,1,1,1,1
974,0531_c0002_024.jpg,531,1,-1,True,100,3100,0.46233000859317996,0.2840909090909091,1,352,1,1,1,1
975,0531_c0005_000.jpg,531,4,-1,True,100,3100,0.8732632514270374,0.5,1,200,1,1,1,1
976,0531_c0005_001.jpg,531,4,-1,True,100,3100,0.8752087106473094,0.5050505050505051,1,198,1,1,1,1
977,0531_c0005_002.jpg,531,4,-1,True,100,3100,0.8780740555694837,0.5076142131979695,1,197,1,1,1,1
978,0531_c0005_003.jpg,531,4,-1,True,100,3100,0.8723802595820684,0.5,1,200,1,1,1,1
979,0531_c0005_004.jpg,531,4,-1,True,100,3100,0.873412986454823,0.5,1,200,1,1,1,1
980,0531_c0005_005.jpg,531,4,-1,True,100,3100,0.8734729415045338,0.5,1,200,1,1,1,1
981,0531_c0005_006.jpg,531,4,-1,True,100,3100,0.871779314947015,0.5,1,200,1,1,1,1
982,0531_c0005_007.jpg,531,4,-1,True,100,3100,0.8699265833713369,0.5,1,200,1,1,1,1
983,0531_c0005_008.jpg,531,4,-1,True,100,3100,0.8697752153192042,0.5,1,200,1,1,1,1
984,0531_c0005_009.jpg,531,4,-1,True,100,3100,0.8667742995913897,0.4878048780487805,1,205,1,1,1,1
985,0531_c0005_010.jpg,531,4,-1,True,100,3100,0.8718619785076591,0.5,1,200,1,1,1,1
986,0531_c0005_011.jpg,531,4,-1,True,100,3100,0.8802208578067185,0.5235602094240838,1,191,1,1,1,1
987,0531_c0005_012.jpg,531,4,-1,True,100,3100,0.8741659343850826,0.5025125628140703,1,199,1,1,1,1
988,0531_c0005_013.jpg,531,4,-1,True,100,3100,0.8778823665451811,0.5128205128205128,1,195,1,1,1,1
989,0531_c0005_014.jpg,531,4,-1,True,100,3100,0.8659786423936096,0.47393364928909953,1,211,1,1,1,1
990,0531_c0005_015.jpg,531,4,-1,True,100,3100,0.8661321802204757,0.4830917874396135,1,207,1,1,1,1
991,0531_c0005_016.jpg,531,4,-1,True,100,3100,0.8665785155630945,0.49261083743842365,1,203,1,1,1,1
992,0531_c0005_017.jpg,531,4,-1,True,100,3100,0.8667263855188818,0.49504950495049505,1,202,1,1,1,1
993,0531_c0005_018.jpg,531,4,-1,True,100,3100,0.8692908173047074,0.5,1,200,1,1,1,1
994,0531_c0005_019.jpg,531,4,-1,True,100,3100,0.8672847428098808,0.5,1,200,1,1,1,1
995,0531_c0005_020.jpg,531,4,-1,True,100,3100,0.8760499054804413,0.5050505050505051,1,198,1,1,1,1
996,0531_c0005_021.jpg,531,4,-1,True,100,3100,0.8668999942468283,0.5,1,200,1,1,1,1
997,0531_c0005_022.jpg,531,4,-1,True,100,3100,0.867804797908069,0.5,1,200,1,1,1,1
998,0531_c0005_023.jpg,531,4,-1,True,100,3100,0.8773338677220189,0.5076142131979695,1,197,1,1,1,1
999,0531_c0005_024.jpg,531,4,-1,True,100,3100,0.8793356185079994,0.5235602094240838,1,191,1,1,1,1
1000,0531_c0006_000.jpg,531,5,-1,True,100,3100,0.46999384916941894,0.24509803921568626,1,408,1,1,1,1
1001,0531_c0006_001.jpg,531,5,-1,True,100,3100,0.4738102476268952,0.24691358024691357,1,405,1,1,1,1
1002,0531_c0006_002.jpg,531,5,-1,True,100,3100,0.502248669370664,0.25,1,400,1,1,1,1
1003,0531_c0006_003.jpg,531,5,-1,True,100,3100,0.47638857482826596,0.24937655860349128,1,401,1,1,1,1
1004,0531_c0006_004.jpg,531,5,-1,True,100,3100,0.49535246561983753,0.25,1,400,1,1,1,1
1005,0531_c0006_005.jpg,531,5,-1,True,100,3100,0.5450053031320352,0.2564102564102564,1,390,1,1,1,1
1006,0531_c0006_006.jpg,531,5,-1,True,100,3100,0.5232103440876091,0.2506265664160401,1,399,1,1,1,1
1007,0531_c0006_007.jpg,531,5,-1,True,100,3100,0.5283035525246332,0.2518891687657431,1,397,1,1,1,1
1008,0531_c0006_008.jpg,531,5,-1,True,100,3100,0.533018301803426,0.25252525252525254,1,396,1,1,1,1
1009,0531_c0006_009.jpg,531,5,-1,True,100,3100,0.5325504468055408,0.2506265664160401,1,399,1,1,1,1
1010,0531_c0006_010.jpg,531,5,-1,True,100,3100,0.5235092377634684,0.25316455696202533,1,395,1,1,1,1
1011,0531_c0006_011.jpg,531,5,-1,True,100,3100,0.5331193677824803,0.2518891687657431,1,397,1,1,1,1
1012,0531_c0006_012.jpg,531,5,-1,True,100,3100,0.5363289971423891,0.24937655860349128,1,401,1,1,1,1
1013,0531_c0006_013.jpg,531,5,-1,True,100,3100,0.5273751499702823,0.24937655860349128,1,401,1,1,1,1
1014,0531_c0006_014.jpg,531,5,-1,True,100,3100,0.5431543234446808,0.25316455696202533,1,395,1,1,1,1
1015,0531_c0006_015.jpg,531,5,-1,True,100,3100,0.5302144393619131,0.2506265664160401,1,399,1,1,1,1
1016,0531_c0006_016.jpg,531,5,-1,True,100,3100,0.5407010142838324,0.25125628140703515,1,398,1,1,1,1
1017,0531_c0006_017.jpg,531,5,-1,True,100,3100,0.5460265487683573,0.25510204081632654,1,392,1,1,1,1
1018,0531_c0006_018.jpg,531,5,-1,True,100,3100,0.5497816085125882,0.2544529262086514,1,393,1,1,1,1
1019,0531_c0006_019.jpg,531,5,-1,True,100,3100,0.5320242072786356,0.2506265664160401,1,399,1,1,1,1
1020,0531_c0006_020.jpg,531,5,-1,True,100,3100,0.5391113452710004,0.25125628140703515,1,398,1,1,1,1
1021,0531_c0006_021.jpg,531,5,-1,True,100,3100,0.5337805736272051,0.2506265664160401,1,399,1,1,1,1
1022,0531_c0006_022.jpg,531,5,-1,True,100,3100,0.5463856215866126,0.25316455696202533,1,395,1,1,1,1
1023,0531_c0006_023.jpg,531,5,-1,True,100,3100,0.5456580848333273,0.25316455696202533,1,395,1,1,1,1
1024,0531_c0006_024.jpg,531,5,-1,True,100,3100,0.5429182897400282,0.25252525252525254,1,396,1,1,1,1
1025,0531_c0007_000.jpg,531,6,-1,True,100,3100,0.8350704729136197,0.546448087431694,1,183,1,1,1,1
1026,0531_c0007_001.jpg,531,6,-1,True,100,3100,0.8681417107945031,0.6622516556291391,1,151,1,1,1,1
1027,0531_c0007_002.jpg,531,6,-1,True,100,3100,0.838848928822419,0.5882352941176471,1,170,1,1,1,1
1028,0531_c0007_003.jpg,531,6,-1,True,100,3100,0.8541658829773192,0.6211180124223602,1,161,1,1,1,1
1029,0531_c0007_004.jpg,531,6,-1,True,100,3100,0.8558495751137205,0.6711409395973155,1,149,1,1,1,1
1030,0531_c0007_005.jpg,531,6,-1,True,100,3100,0.8734358255396323,0.6711409395973155,1,149,1,1,1,1
1031,0531_c0007_006.jpg,531,6,-1,True,100,3100,0.8591673084554462,0.6622516556291391,1,151,1,1,1,1
1032,0531_c0007_007.jpg,531,6,-1,True,100,3100,0.7940152178865464,0.5,1,200,1,1,1,1
1033,0531_c0007_008.jpg,531,6,-1,True,100,3100,0.7803808065316211,0.45454545454545453,1,220,1,1,1,1
1034,0531_c0007_009.jpg,531,6,-1,True,100,3100,0.7805790867860226,0.45871559633027525,1,218,1,1,1,1
1035,0531_c0007_010.jpg,531,6,-1,True,100,3100,0.8060188635802512,0.5,1,200,1,1,1,1
1036,0531_c0007_011.jpg,531,6,-1,True,100,3100,0.8066520395255256,0.49019607843137253,1,204,1,1,1,1
1037,0531_c0007_012.jpg,531,6,-1,True,100,3100,0.8196024818450581,0.5,1,200,1,1,1,1
1038,0531_c0007_013.jpg,531,6,-1,True,100,3100,0.8101194106326547,0.5025125628140703,1,199,1,1,1,1
1039,0531_c0007_014.jpg,531,6,-1,True,100,3100,0.8090953663293574,0.5,1,200,1,1,1,1
1040,0531_c0007_015.jpg,531,6,-1,True,100,3100,0.8436221872607501,0.5050505050505051,1,198,1,1,1,1
1041,0531_c0007_016.jpg,531,6,-1,True,100,3100,0.8272166348631933,0.5,1,200,1,1,1,1
1042,0531_c0007_017.jpg,531,6,-1,True,100,3100,0.8295196793072706,0.5494505494505495,1,182,1,1,1,1
1043,0531_c0007_018.jpg,531,6,-1,True,100,3100,0.8038023696444871,0.5,1,200,1,1,1,1
1044,0531_c0007_019.jpg,531,6,-1,True,100,3100,0.7985905049298107,0.5,1,200,1,1,1,1
1045,0531_c0007_020.jpg,531,6,-1,True,100,3100,0.7946534178314687,0.49504950495049505,1,202,1,1,1,1
1046,0531_c0007_021.jpg,531,6,-1,True,100,3100,0.8056323291656884,0.5025125628140703,1,199,1,1,1,1
1047,0531_c0007_022.jpg,531,6,-1,True,100,3100,0.7945974011037749,0.5,1,200,1,1,1,1
1048,0531_c0007_023.jpg,531,6,-1,True,100,3100,0.7831046267249193,0.49504950495049505,1,202,1,1,1,1
1049,0531_c0007_024.jpg,531,6,-1,True,100,3100,0.7902844089853296,0.49504950495049505,1,202,1,1,1,1
1050,0537_c0001_000.jpg,537,0,-1,True,175,3100,0.5822896390334298,0.24717514124293785,1,708,1,1,1,1
1051,0537_c0001_001.jpg,537,0,-1,True,175,3100,0.6016333623438351,0.2503576537911302,1,699,1,1,1,1
1052,0537_c0001_002.jpg,537,0,-1,True,175,3100,0.5957620414194209,0.25252525252525254,1,693,1,1,1,1
1053,0537_c0001_003.jpg,537,0,-1,True,175,3100,0.6301203308015259,0.24171270718232044,1,724,1,1,1,1
1054,0537_c0001_004.jpg,537,0,-1,True,175,3100,0.6889577790485503,0.2514367816091954,1,696,1,1,1,1
1055,0537_c0001_005.jpg,537,0,-1,True,175,3100,0.665393374779081,0.2492877492877493,1,702,1,1,1,1
1056,0537_c0001_006.jpg,537,0,-1,True,175,3100,0.6668057642633622,0.2507163323782235,1,698,1,1,1,1
1057,0537_c0001_007.jpg,537,0,-1,True,175,3100,0.6702654430348679,0.2492877492877493,1,702,1,1,1,1
1058,0537_c0001_008.jpg,537,0,-1,True,175,3100,0.6160528379237553,0.2336448598130841,1,749,1,1,1,1
1059,0537_c0001_009.jpg,537,0,-1,True,175,3100,0.6754335625942876,0.2407152682255846,1,727,1,1,1,1
1060,0537_c0001_010.jpg,537,0,-1,True,175,3100,0.6767471624265725,0.24305555555555555,1,720,1,1,1,1
1061,0537_c0001_011.jpg,537,0,-1,True,175,3100,0.6788518640556219,0.23874488403819918,1,733,1,1,1,1
1062,0537_c0001_012.jpg,537,0,-1,True,175,3100,0.6432838417165746,0.23209549071618038,1,754,1,1,1,1
1063,0537_c0001_013.jpg,537,0,-1,True,175,3100,0.6446804412804126,0.22697795071335927,1,771,1,1,1,1
1064,0537_c0001_014.jpg,537,0,-1,True,175,3100,0.6111132454576474,0.2198492462311558,1,796,1,1,1,1
1065,0537_c0001_015.jpg,537,0,-1,True,175,3100,0.6592153946136341,0.23240371845949534,1,753,1,1,1,1
1066,0537_c0001_016.jpg,537,0,-1,True,175,3100,0.666233015493275,0.22875816993464052,1,765,1,1,1,1
1067,0537_c0001_017.jpg,537,0,-1,True,175,3100,0.6174884901194861,0.22580645161290322,1,775,1,1,1,1
1068,0537_c0001_018.jpg,537,0,-1,True,175,3100,0.6725704489507979,0.2358490566037736,1,742,1,1,1,1
1069,0537_c0001_019.jpg,537,0,-1,True,175,3100,0.5829166950817778,0.2190237797246558,1,799,1,1,1,1
1070,0537_c0001_020.jpg,537,0,-1,True,175,3100,0.5150485179900253,0.21446078431372548,1,816,1,1,1,1
1071,0537_c0001_021.jpg,537,0,-1,True,175,3100,0.5759417722149395,0.22349936143039592,1,783,1,1,1,1
1072,0537_c0001_022.jpg,537,0,-1,True,175,3100,0.5842473138397697,0.22551546391752578,1,776,1,1,1,1
1073,0537_c0001_023.jpg,537,0,-1,True,175,3100,0.59116212532479,0.22965879265091863,1,762,1,1,1,1
1074,0537_c0001_024.jpg,537,0,-1,True,175,3100,0.592299306957548,0.22996057818659657,1,761,1,1,1,1
1075,0537_c0002_000.jpg,537,1,-1,True,175,3100,0.7283920273692331,0.5,1,350,1,1,1,1
1076,0537_c0002_001.jpg,537,1,-1,True,175,3100,0.7291610848505153,0.5072463768115942,1,345,1,1,1,1
1077,0537_c0002_002.jpg,537,1,-1,True,175,3100,0.7426395864950412,0.5072463768115942,1,345,1,1,1,1
1078,0537_c0002_003.jpg,537,1,-1,True,175,3100,0.7182483567002709,0.4985754985754986,1,351,1,1,1,1
1079,0537_c0002_004.jpg,537,1,-1,True,175,3100,0.7422454166206912,0.5102040816326531,1,343,1,1,1,1
1080,0537_c0002_005.jpg,537,1,-1,True,175,3100,0.7413311924182753,0.5072463768115942,1,345,1,1,1,1
1081,0537_c0002_006.jpg,537,1,-1,True,175,3100,0.771812545303463,0.5147058823529411,1,340,1,1,1,1
1082,0537_c0002_007.jpg,537,1,-1,True,175,3100,0.7566804988541339,0.5102040816326531,1,343,1,1,1,1
1083,0537_c0002_008.jpg,537,1,-1,True,175,3100,0.7778384852734105,0.5147058823529411,1,340,1,1,1,1
1084,0537_c0002_009.jpg,537,1,-1,True,175,3100,0.7643746987145759,0.5116959064327485,1,342,1,1,1,1
1085,0537_c0002_010.jpg,537,1,-1,True,175,3100,0.7712016363205701,0.5116959064327485,1,342,1,1,1,1
1086,0537_c0002_011.jpg,537,1,-1,True,175,3100,0.779958836835214,0.5177514792899408,1,338,1,1,1,1
1087,0537_c0002_012.jpg,537,1,-1,True,175,3100,0.7663667527385707,0.5116959064327485,1,342,1,1,1,1
1088,0537_c0002_013.jpg,537,1,-1,True,175,3100,0.7744257821436412,0.5147058823529411,1,340,1,1,1,1
1089,0537_c0002_014.jpg,537,1,-1,True,175,3100,0.7713388371892097,0.5116959064327485,1,342,1,1,1,1
1090,0537_c0002_015.jpg,537,1,-1,True,175,3100,0.7737294633839967,0.5147058823529411,1,340,1,1,1,1
1091,0537_c0002_016.jpg,537,1,-1,True,175,3100,0.7878080065665881,0.5162241887905604,1,339,1,1,1,1
1092,0537_c0002_017.jpg,537,1,-1,True,175,3100,0.7836200807649295,0.5177514792899408,1,338,1,1,1,1
1093,0537_c0002_018.jpg,537,1,-1,True,175,3100,0.8011366018051939,0.5239520958083832,1,334,1,1,1,1
1094,0537_c0002_019.jpg,537,1,-1,True,175,3100,0.7836008008999521,0.5147058823529411,1,340,1,1,1,1
1095,0537_c0002_020.jpg,537,1,-1,True,175,3100,0.7943662752064893,0.5208333333333334,1,336,1,1,1,1
1096,0537_c0002_021.jpg,537,1,-1,True,175,3100,0.7821387185704491,0.5177514792899408,1,338,1,1,1,1
1097,0537_c0002_022.jpg,537,1,-1,True,175,3100,0.7720892162497858,0.5147058823529411,1,340,1,1,1,1
1098,0537_c0002_023.jpg,537,1,-1,True,175,3100,0.8101993754432175,0.5255255255255256,1,333,1,1,1,1
1099,0537_c0002_024.jpg,537,1,-1,True,175,3100,0.809285950131714,0.5255255255255256,1,333,1,1,1,1
1100,0537_c0003_000.jpg,537,2,-1,True,175,3100,0.9933876668323035,0.8793969849246231,1,199,1,1,1,1
1101,0537_c0003_001.jpg,537,2,-1,True,175,3100,0.9919220095859507,0.875,1,200,1,1,1,1
1102,0537_c0003_002.jpg,537,2,-1,True,175,3100,0.9945849082115318,0.8883248730964467,1,197,1,1,1,1
1103,0537_c0003_003.jpg,537,2,-1,True,175,3100,0.9948672183534123,0.8974358974358975,1,195,1,1,1,1
1104,0537_c0003_004.jpg,537,2,-1,True,175,3100,0.9822066965108424,0.8454106280193237,1,207,1,1,1,1
1105,0537_c0003_005.jpg,537,2,-1,True,175,3100,0.9897012364859539,0.875,1,200,1,1,1,1
1106,0537_c0003_006.jpg,537,2,-1,True,175,3100,0.9833586850610553,0.8454106280193237,1,207,1,1,1,1
1107,0537_c0003_007.jpg,537,2,-1,True,175,3100,0.9899645846343466,0.8793969849246231,1,199,1,1,1,1
1108,0537_c0003_008.jpg,537,2,-1,True,175,3100,0.990621257759543,0.8793969849246231,1,199,1,1,1,1
1109,0537_c0003_009.jpg,537,2,-1,True,175,3100,0.9923030908582136,0.8928571428571429,1,196,1,1,1,1
1110,0537_c0003_010.jpg,537,2,-1,True,175,3100,0.995612975724877,0.9020618556701031,1,194,1,1,1,1
1111,0537_c0003_011.jpg,537,2,-1,True,175,3100,0.9943629758176605,0.9020618556701031,1,194,1,1,1,1
1112,0537_c0003_012.jpg,537,2,-1,True,175,3100,0.9929993169368554,0.8928571428571429,1,196,1,1,1,1
1113,0537_c0003_013.jpg,537,2,-1,True,175,3100,0.9903079599051323,0.8793969849246231,1,199,1,1,1,1
1114,0537_c0003_014.jpg,537,2,-1,True,175,3100,0.9901351333717731,0.8793969849246231,1,199,1,1,1,1
1115,0537_c0003_015.jpg,537,2,-1,True,175,3100,0.993096171821312,0.8928571428571429,1,196,1,1,1,1
1116,0537_c0003_016.jpg,537,2,-1,True,175,3100,0.9809329060464402,0.8027522935779816,1,218,1,1,1,1
1117,0537_c0003_017.jpg,537,2,-1,True,175,3100,0.9876518192827546,0.8536585365853658,1,205,1,1,1,1
1118,0537_c0003_018.jpg,537,2,-1,True,175,3100,0.9847740877616064,0.8413461538461539,1,208,1,1,1,1
1119,0537_c0003_019.jpg,537,2,-1,True,175,3100,1.0,1.0,1,175,1,1,1,1
1120,0537_c0003_020.jpg,537,2,-1,True,175,3100,1.0,1.0,1,175,1,1,1,1
1121,0537_c0003_021.jpg,537,2,-1,True,175,3100,1.0,1.0,1,175,1,1,1,1
1122,0537_c0003_022.jpg,537,2,-1,True,175,3100,1.0,1.0,1,175,1,1,1,1
1123,0537_c0003_023.jpg,537,2,-1,True,175,3100,1.0,1.0,1,175,1,1,1,1
1124,0537_c0003_024.jpg,537,2,-1,True,175,3100,1.0,1.0,1,175,1,1,1,1
1125,0537_c0004_000.jpg,537,3,-1,True,175,3100,0.7850462550922529,0.3514056224899598,1,498,1,1,1,1
1126,0537_c0004_001.jpg,537,3,-1,True,175,3100,0.7509910873087996,0.3102836879432624,1,564,1,1,1,1
1127,0537_c0004_002.jpg,537,3,-1,True,175,3100,0.8118715274177415,0.3723404255319149,1,470,1,1,1,1
1128,0537_c0004_003.jpg,537,3,-1,True,175,3100,0.7701226760472065,0.3514056224899598,1,498,1,1,1,1
1129,0537_c0004_004.jpg,537,3,-1,True,175,3100,0.8180818786374626,0.36082474226804123,1,485,1,1,1,1
1130,0537_c0004_005.jpg,537,3,-1,True,175,3100,0.776870034045161,0.34791252485089463,1,503,1,1,1,1
1131,0537_c0004_006.jpg,537,3,-1,True,175,3100,0.7657103011517707,0.33980582524271846,1,515,1,1,1,1
1132,0537_c0004_007.jpg,537,3,-1,True,175,3100,0.7970581674893201,0.3763440860215054,1,465,1,1,1,1
1133,0537_c0004_008.jpg,537,3,-1,True,175,3100,0.7515516136187662,0.33524904214559387,1,522,1,1,1,1
1134,0537_c0004_009.jpg,537,3,-1,True,175,3100,0.7991171804241709,0.3747323340471092,1,467,1,1,1,1
1135,0537_c0004_010.jpg,537,3,-1,True,175,3100,0.8084950810528476,0.3763440860215054,1,465,1,1,1,1
1136,0537_c0004_011.jpg,537,3,-1,True,175,3100,0.7823419537058128,0.3125,1,560,1,1,1,1
1137,0537_c0004_012.jpg,537,3,-1,True,175,3100,0.7731961852503803,0.2883031301482702,1,607,1,1,1,1
1138,0537_c0004_013.jpg,537,3,-1,True,175,3100,0.739203234393306,0.2951096121416526,1,593,1,1,1,1
1139,0537_c0004_014.jpg,537,3,-1,True,175,3100,0.7539258593547625,0.30973451327433627,1,565,1,1,1,1
1140,0537_c0004_015.jpg,537,3,-1,True,175,3100,0.7359075482870755,0.29914529914529914,1,585,1,1,1,1
1141,0537_c0004_016.jpg,537,3,-1,True,175,3100,0.7120840798424775,0.27821939586645467,1,629,1,1,1,1
1142,0537_c0004_017.jpg,537,3,-1,True,175,3100,0.7377975236583674,0.28135048231511256,1,622,1,1,1,1
1143,0537_c0004_018.jpg,537,3,-1,True,175,3100,0.7357743404056025,0.28735632183908044,1,609,1,1,1,1
1144,0537_c0004_019.jpg,537,3,-1,True,175,3100,0.7837782435628348,0.3391472868217054,1,516,1,1,1,1
1145,0537_c0004_020.jpg,537,3,-1,True,175,3100,0.7695702669123768,0.3295668549905838,1,531,1,1,1,1
1146,0537_c0004_021.jpg,537,3,-1,True,175,3100,0.7834476555555692,0.33396946564885494,1,524,1,1,1,1
1147,0537_c0004_022.jpg,537,3,-1,True,175,3100,0.7669398719951096,0.341796875,1,512,1,1,1,1
1148,0537_c0004_023.jpg,537,3,-1,True,175,3100,0.7536256002822452,0.3193430656934307,1,548,1,1,1,1
1149,0537_c0004_024.jpg,537,3,-1,True,175,3100,0.7602845417924529,0.3528225806451613,1,496,1,1,1,1
1150,0537_c0005_000.jpg,537,4,-1,True,175,3100,0.5141944741706723,0.2339572192513369,1,748,1,1,1,1
1151,0537_c0005_001.jpg,537,4,-1,True,175,3100,0.5128002854179327,0.21604938271604937,1,810,1,1,1,1
1152,0537_c0005_002.jpg,537,4,-1,True,175,3100,0.4964234766821841,0.21367521367521367,1,819,1,1,1,1
1153,0537_c0005_003.jpg,537,4,-1,True,175,3100,0.4928463380148276,0.21315468940316687,1,821,1,1,1,1
1154,0537_c0005_004.jpg,537,4,-1,True,175,3100,0.4849018301985422,0.21212121212121213,1,825,1,1,1,1
1155,0537_c0005_005.jpg,537,4,-1,True,175,3100,0.5126882322637455,0.22522522522522523,1,777,1,1,1,1
1156,0537_c0005_006.jpg,537,4,-1,True,175,3100,0.5075464781086753,0.2348993288590604,1,745,1,1,1,1
1157,0537_c0005_007.jpg,537,4,-1,True,175,3100,0.5159144145570868,0.2217997465145754,1,789,1,1,1,1
1158,0537_c0005_008.jpg,537,4,-1,True,175,3100,0.5199061030404776,0.2190237797246558,1,799,1,1,1,1
1159,0537_c0005_009.jpg,537,4,-1,True,175,3100,0.5125797557141282,0.22264631043256997,1,786,1,1,1,1
1160,0537_c0005_010.jpg,537,4,-1,True,175,3100,0.5489374189736994,0.21658415841584158,1,808,1,1,1,1
1161,0537_c0005_011.jpg,537,4,-1,True,175,3100,0.5429373597072309,0.23087071240105542,1,758,1,1,1,1
1162,0537_c0005_012.jpg,537,4,-1,True,175,3100,0.53742181625818,0.21929824561403508,1,798,1,1,1,1
1163,0537_c0005_013.jpg,537,4,-1,True,175,3100,0.5573084477071546,0.21712158808933002,1,806,1,1,1,1
1164,0537_c0005_014.jpg,537,4,-1,True,175,3100,0.561553942939202,0.21525215252152521,1,813,1,1,1,1
1165,0537_c0005_015.jpg,537,4,-1,True,175,3100,0.5363116838883276,0.22123893805309736,1,791,1,1,1,1
1166,0537_c0005_016.jpg,537,4,-1,True,175,3100,0.5450408228841339,0.2237851662404092,1,782,1,1,1,1
1167,0537_c0005_017.jpg,537,4,-1,True,175,3100,0.5838358040485743,0.2623688155922039,1,667,1,1,1,1
1168,0537_c0005_018.jpg,537,4,-1,True,175,3100,0.6159050518378409,0.2635542168674699,1,664,1,1,1,1
1169,0537_c0005_019.jpg,537,4,-1,True,175,3100,0.5885309480064826,0.2663622526636225,1,657,1,1,1,1
1170,0537_c0005_020.jpg,537,4,-1,True,175,3100,0.5891636109678711,0.26515151515151514,1,660,1,1,1,1
1171,0537_c0005_021.jpg,537,4,-1,True,175,3100,0.5868764188915381,0.2692307692307692,1,650,1,1,1,1
1172,0537_c0005_022.jpg,537,4,-1,True,175,3100,0.5730429019220324,0.2623688155922039,1,667,1,1,1,1
1173,0537_c0005_023.jpg,537,4,-1,True,175,3100,0.586236982356404,0.26515151515151514,1,660,1,1,1,1
1174,0537_c0005_024.jpg,537,4,-1,True,175,3100,0.5893323209180166,0.26717557251908397,1,655,1,1,1,1
1175,0537_c0006_000.jpg,537,5,-1,True,175,3100,0.8260203727050751,0.33206831119544594,1,527,1,1,1,1
1176,0537_c0006_001.jpg,537,5,-1,True,175,3100,0.8022959709305664,0.3193430656934307,1,548,1,1,1,1
1177,0537_c0006_002.jpg,537,5,-1,True,175,3100,0.7706800537850887,0.29711375212224106,1,589,1,1,1,1
1178,0537_c0006_003.jpg,537,5,-1,True,175,3100,0.7787785652304022,0.29914529914529914,1,585,1,1,1,1
1179,0537_c0006_004.jpg,537,5,-1,True,175,3100,0.8178004143452812,0.3234750462107209,1,541,1,1,1,1
1180,0537_c0006_005.jpg,537,5,-1,True,175,3100,0.835164917735298,0.33849129593810445,1,517,1,1,1,1
1181,0537_c0006_006.jpg,537,5,-1,True,175,3100,0.8234903036128393,0.31992687385740404,1,547,1,1,1,1
1182,0537_c0006_007.jpg,537,5,-1,True,175,3100,0.7807808182048455,0.30809859154929575,1,568,1,1,1,1
1183,0537_c0006_008.jpg,537,5,-1,True,175,3100,0.7827786976322768,0.30864197530864196,1,567,1,1,1,1
1184,0537_c0006_009.jpg,537,5,-1,True,175,3100,0.7841094354980849,0.3147482014388489,1,556,1,1,1,1
1185,0537_c0006_010.jpg,537,5,-1,True,175,3100,0.7843068816680766,0.30864197530864196,1,567,1,1,1,1
1186,0537_c0006_011.jpg,537,5,-1,True,175,3100,0.7928593494732088,0.31305903398926654,1,559,1,1,1,1
1187,0537_c0006_012.jpg,537,5,-1,True,175,3100,0.8123648166428348,0.3193430656934307,1,548,1,1,1,1
1188,0537_c0006_013.jpg,537,5,-1,True,175,3100,0.8347407395163766,0.33524904214559387,1,522,1,1,1,1
1189,0537_c0006_014.jpg,537,5,-1,True,175,3100,0.8029516689182625,0.31992687385740404,1,547,1,1,1,1
1190,0537_c0006_015.jpg,537,5,-1,True,175,3100,0.8162787991720747,0.3252788104089219,1,538,1,1,1,1
1191,0537_c0006_016.jpg,537,5,-1,True,175,3100,0.8305157789783375,0.33783783783783783,1,518,1,1,1,1
1192,0537_c0006_017.jpg,537,5,-1,True,175,3100,0.8298240399142112,0.33589251439539347,1,521,1,1,1,1
1193,0537_c0006_018.jpg,537,5,-1,True,175,3100,0.8260489620213604,0.3314393939393939,1,528,1,1,1,1
1194,0537_c0006_019.jpg,537,5,-1,True,175,3100,0.8039600995652674,0.30973451327433627,1,565,1,1,1,1
1195,0537_c0006_020.jpg,537,5,-1,True,175,3100,0.8082526816782041,0.31876138433515483,1,549,1,1,1,1
1196,0537_c0006_021.jpg,537,5,-1,True,175,3100,0.8107736297667907,0.3181818181818182,1,550,1,1,1,1
1197,0537_c0006_022.jpg,537,5,-1,True,175,3100,0.8088897166544757,0.31645569620253167,1,553,1,1,1,1
1198,0537_c0006_023.jpg,537,5,-1,True,175,3100,0.8168419148002064,0.3153153153153153,1,555,1,1,1,1
1199,0537_c0006_024.jpg,537,5,-1,True,175,3100,0.812767287989101,0.32051282051282054,1,546,1,1,1,1
1200,0537_c0007_000.jpg,537,6,-1,True,175,3100,0.9144913211586114,0.5520504731861199,1,317,1,1,1,1
1201,0537_c0007_001.jpg,537,6,-1,True,175,3100,0.9070423262298566,0.5255255255255256,1,333,1,1,1,1
1202,0537_c0007_002.jpg,537,6,-1,True,175,3100,0.893976832541219,0.501432664756447,1,349,1,1,1,1
1203,0537_c0007_003.jpg,537,6,-1,True,175,3100,0.9082471564834366,0.5131964809384164,1,341,1,1,1,1
1204,0537_c0007_004.jpg,537,6,-1,True,175,3100,0.9109080901431902,0.5239520958083832,1,334,1,1,1,1
1205,0537_c0007_005.jpg,537,6,-1,True,175,3100,0.8917313024156328,0.5192878338278932,1,337,1,1,1,1
1206,0537_c0007_006.jpg,537,6,-1,True,175,3100,0.8964411503963754,0.5147058823529411,1,340,1,1,1,1
1207,0537_c0007_007.jpg,537,6,-1,True,175,3100,0.8831058007507068,0.5116959064327485,1,342,1,1,1,1
1208,0537_c0007_008.jpg,537,6,-1,True,175,3100,0.8710907849516195,0.501432664756447,1,349,1,1,1,1
1209,0537_c0007_009.jpg,537,6,-1,True,175,3100,0.8662476370588208,0.5,1,350,1,1,1,1
1210,0537_c0007_010.jpg,537,6,-1,True,175,3100,0.8610154091434619,0.501432664756447,1,349,1,1,1,1
1211,0537_c0007_011.jpg,537,6,-1,True,175,3100,0.849461597244088,0.5,1,350,1,1,1,1
1212,0537_c0007_012.jpg,537,6,-1,True,175,3100,0.9010822444894333,0.5072463768115942,1,345,1,1,1,1
1213,0537_c0007_013.jpg,537,6,-1,True,175,3100,0.8990962632536499,0.5239520958083832,1,334,1,1,1,1
1214,0537_c0007_014.jpg,537,6,-1,True,175,3100,0.8868855646828856,0.5162241887905604,1,339,1,1,1,1
1215,0537_c0007_015.jpg,537,6,-1,True,175,3100,0.8958004340027494,0.5147058823529411,1,340,1,1,1,1
1216,0537_c0007_016.jpg,537,6,-1,True,175,3100,0.9010497617989566,0.5116959064327485,1,342,1,1,1,1
1217,0537_c0007_017.jpg,537,6,-1,True,175,3100,0.9107183226889245,0.5303030303030303,1,330,1,1,1,1
1218,0537_c0007_018.jpg,537,6,-1,True,175,3100,0.9102655656420432,0.5271084337349398,1,332,1,1,1,1
1219,0537_c0007_019.jpg,537,6,-1,True,175,3100,0.9109107921061101,0.5368098159509203,1,326,1,1,1,1
1220,0537_c0007_020.jpg,537,6,-1,True,175,3100,0.919233695564921,0.5681818181818182,1,308,1,1,1,1
1221,0537_c0007_021.jpg,537,6,-1,True,175,3100,0.9154037826431165,0.54858934169279,1,319,1,1,1,1
1222,0537_c0007_022.jpg,537,6,-1,True,175,3100,0.8921522337924696,0.5028735632183908,1,348,1,1,1,1
1223,0537_c0007_023.jpg,537,6,-1,True,175,3100,0.8583544556520762,0.501432664756447,1,349,1,1,1,1
1224,0537_c0007_024.jpg,537,6,-1,True,175,3100,0.8552321210395959,0.4985754985754986,1,351,1,1,1,1
1225,0537_c0008_000.jpg,537,7,-1,True,175,3100,0.7600743128089353,0.4257907542579075,1,411,1,1,1,1
1226,0537_c0008_001.jpg,537,7,-1,True,175,3100,0.7805751768518598,0.4498714652956298,1,389,1,1,1,1
1227,0537_c0008_002.jpg,537,7,-1,True,175,3100,0.7620599353712061,0.4257907542579075,1,411,1,1,1,1
1228,0537_c0008_003.jpg,537,7,-1,True,175,3100,0.7820503458159643,0.44529262086513993,1,393,1,1,1,1
1229,0537_c0008_004.jpg,537,7,-1,True,175,3100,0.7792484114066597,0.44191919191919193,1,396,1,1,1,1
1230,0537_c0008_005.jpg,537,7,-1,True,175,3100,0.7793586876828029,0.42475728155339804,1,412,1,1,1,1
1231,0537_c0008_006.jpg,537,7,-1,True,175,3100,0.8158870236302729,0.46419098143236076,1,377,1,1,1,1
1232,0537_c0008_007.jpg,537,7,-1,True,175,3100,0.775716226755171,0.42168674698795183,1,415,1,1,1,1
1233,0537_c0008_008.jpg,537,7,-1,True,175,3100,0.7611541191118548,0.41866028708133973,1,418,1,1,1,1
1234,0537_c0008_009.jpg,537,7,-1,True,175,3100,0.7528728450764327,0.39325842696629215,1,445,1,1,1,1
1235,0537_c0008_010.jpg,537,7,-1,True,175,3100,0.7692700035995862,0.4146919431279621,1,422,1,1,1,1
1236,0537_c0008_011.jpg,537,7,-1,True,175,3100,0.7735879935717358,0.4107981220657277,1,426,1,1,1,1
1237,0537_c0008_012.jpg,537,7,-1,True,175,3100,0.778202099339551,0.42892156862745096,1,408,1,1,1,1
1238,0537_c0008_013.jpg,537,7,-1,True,175,3100,0.7404340222634989,0.3854625550660793,1,454,1,1,1,1
1239,0537_c0008_014.jpg,537,7,-1,True,175,3100,0.7365143211413956,0.38802660753880264,1,451,1,1,1,1
1240,0537_c0008_015.jpg,537,7,-1,True,175,3100,0.7477109488661664,0.38209606986899564,1,458,1,1,1,1
1241,0537_c0008_016.jpg,537,7,-1,True,175,3100,0.7535441684141543,0.39414414414414417,1,444,1,1,1,1
1242,0537_c0008_017.jpg,537,7,-1,True,175,3100,0.769717735219323,0.4098360655737705,1,427,1,1,1,1
1243,0537_c0008_018.jpg,537,7,-1,True,175,3100,0.7760023858813851,0.4117647058823529,1,425,1,1,1,1
1244,0537_c0008_019.jpg,537,7,-1,True,175,3100,0.7984303911237669,0.4156769596199525,1,421,1,1,1,1
1245,0537_c0008_020.jpg,537,7,-1,True,175,3100,0.8208485802533374,0.45219638242894056,1,387,1,1,1,1
1246,0537_c0008_021.jpg,537,7,-1,True,175,3100,0.7814264360099173,0.43424317617866004,1,403,1,1,1,1
1247,0537_c0008_022.jpg,537,7,-1,True,175,3100,0.8018157515372333,0.4396984924623116,1,398,1,1,1,1
1248,0537_c0008_023.jpg,537,7,-1,True,175,3100,0.7536329451603653,0.3897550111358575,1,449,1,1,1,1
1249,0537_c0008_024.jpg,537,7,-1,True,175,3100,0.7099078914538521,0.39503386004514673,1,443,1,1,1,1
1250,0543_c0001_000.jpg,543,0,-1,True,175,3100,0.12209259521063578,0.12839325018341893,154,1363,0,0,0,0
1251,0543_c0001_001.jpg,543,0,-1,True,175,3100,0.12203135246047213,0.12626262626262627,196,1386,0,0,0,0
1252,0543_c0001_002.jpg,543,0,-1,True,175,3100,0.12116116659423803,0.12848751835535976,226,1362,0,0,0,0
1253,0543_c0001_003.jpg,543,0,-1,True,175,3100,0.11878810516080153,0.11969904240766074,243,1462,0,0,0,0
1254,0543_c0001_004.jpg,543,0,-1,True,175,3100,0.12031757599172291,0.1163563829787234,235,1504,0,0,0,0
1255,0543_c0001_005.jpg,543,0,-1,True,175,3100,0.12333257789999935,0.12203626220362622,223,1434,0,0,0,0
1256,0543_c0001_006.jpg,543,0,-1,True,175,3100,0.12481883076860215,0.12402551381998582,145,1411,0,0,0,0
1257,0543_c0001_007.jpg,543,0,-1,True,175,3100,0.1346296814297107,0.1312828207051763,110,1333,0,0,0,0
1258,0543_c0001_008.jpg,543,0,-1,True,175,3100,0.09455584350338447,0.09620670698185817,236,1819,0,0,0,0
1259,0543_c0001_009.jpg,543,0,-1,True,175,3100,0.10558719577837682,0.10385756676557864,210,1685,0,0,0,0
1260,0543_c0001_010.jpg,543,0,-1,True,175,3100,0.10717854668940532,0.10441527446300716,152,1676,0,0,0,0
1261,0543_c0001_011.jpg,543,0,-1,True,175,3100,0.10883152547934632,0.10657734470158343,161,1642,0,0,0,0
1262,0543_c0001_012.jpg,543,0,-1,True,175,3100,0.10753619231459782,0.10638297872340426,146,1645,0,0,0,0
1263,0543_c0001_013.jpg,543,0,-1,True,175,3100,0.1271116806030382,0.12393767705382436,125,1412,0,0,0,0
1264,0543_c0001_014.jpg,543,0,-1,True,175,3100,0.13718850157123885,0.13217522658610273,114,1324,0,0,0,0
1265,0543_c0001_015.jpg,543,0,-1,True,175,3100,0.12662017180820914,0.11475409836065574,117,1525,0,0,0,0
1266,0543_c0001_016.jpg,543,0,-1,True,175,3100,0.11913261450298579,0.11326860841423948,148,1545,0,0,0,0
1267,0543_c0001_017.jpg,543,0,-1,True,175,3100,0.11986108378159993,0.1118925831202046,121,1564,0,0,0,0
1268,0543_c0001_018.jpg,543,0,-1,True,175,3100,0.11955572623316876,0.11254019292604502,168,1555,0,0,0,0
1269,0543_c0001_019.jpg,543,0,-1,True,175,3100,0.12768044142288631,0.11674449633088725,156,1499,0,0,0,0
1270,0543_c0001_020.jpg,543,0,-1,True,175,3100,0.12775814635497101,0.12052341597796143,140,1452,0,0,0,0
1271,0543_c0001_021.jpg,543,0,-1,True,175,3100,0.10836054014581528,0.09948834565093803,148,1759,0,0,0,0
1272,0543_c0001_022.jpg,543,0,-1,True,175,3100,0.1009886579522979,0.09505703422053231,163,1841,0,0,0,0
1273,0543_c0001_023.jpg,543,0,-1,True,175,3100,0.10625169697161592,0.09631260319207485,147,1817,0,0,0,0
1274,0543_c0001_024.jpg,543,0,-1,True,175,3100,0.10140721521024869,0.09288747346072186,152,1884,0,0,0,0
1275,0543_c0002_000.jpg,543,1,-1,True,175,3100,0.4163508613954176,0.2468265162200282,46,709,0,0,0,0
1276,0543_c0002_001.jpg,543,1,-1,True,175,3100,0.3463826969673088,0.230566534914361,55,759,0,0,0,0
1277,0543_c0002_002.jpg,543,1,-1,True,175,3100,0.36154201604429365,0.23026315789473684,52,760,0,0,0,0
1278,0543_c0002_003.jpg,543,1,-1,True,175,3100,0.35639625371868416,0.2358490566037736,54,742,0,0,0,0
1279,0543_c0002_004.jpg,543,1,-1,True,175,3100,0.3880041370488905,0.2892561983471074,60,605,0,0,0,0
1280,0543_c0002_005.jpg,543,1,-1,True,175,3100,0.38973930312810334,0.2755905511811024,56,635,0,0,0,0
1281,0543_c0002_006.jpg,543,1,-1,True,175,3100,0.3588775520143812,0.2679938744257274,50,653,0,0,0,0
1282,0543_c0002_007.jpg,543,1,-1,True,175,3100,0.3778975443792631,0.2717391304347826,56,644,0,0,0,0
1283,0543_c0002_008.jpg,543,1,-1,True,175,3100,0.3854245204142725,0.27386541471048514,51,639,0,0,0,0
1284,0543_c0002_009.jpg,543,1,-1,True,175,3100,0.3680198001655188,0.2390710382513661,51,732,0,0,0,0
1285,0543_c0002_010.jpg,543,1,-1,True,175,3100,0.43129086739148353,0.28363047001620745,58,617,0,0,0,0
1286,0543_c0002_011.jpg,543,1,-1,True,175,3100,0.4025924832930518,0.2635542168674699,54,664,0,0,0,0
1287,0543_c0002_012.jpg,543,1,-1,True,175,3100,0.4115730681710694,0.2521613832853026,42,694,0,0,0,0
1288,0543_c0002_013.jpg,543,1,-1,True,175,3100,0.4155821378308724,0.2521613832853026,38,694,0,0,0,0
1289,0543_c0002_014.jpg,543,1,-1,True,175,3100,0.41309823940272844,0.25107604017216645,37,697,0,0,0,0
1290,0543_c0002_015.jpg,543,1,-1,True,175,3100,0.3711736309309564,0.2217997465145754,26,789,0,0,0,0
1291,0543_c0002_016.jpg,543,1,-1,True,175,3100,0.34606690547579316,0.22522522522522523,20,777,0,0,0,1
1292,0543_c0002_017.jpg,543,1,-1,True,175,3100,0.39910556424592236,0.22996057818659657,24,761,0,0,0,0
1293,0543_c0002_018.jpg,543,1,-1,True,175,3100,0.38784999701838535,0.23744911804613297,27,737,0,0,0,0
1294,0543_c0002_019.jpg,543,1,-1,True,175,3100,0.4116259823837914,0.24647887323943662,35,710,0,0,0,0
1295,0543_c0002_020.jpg,543,1,-1,True,175,3100,0.38924591119569496,0.24005486968449932,29,729,0,0,0,0
1296,0543_c0002_021.jpg,543,1,-1,True,175,3100,0.3478957985180893,0.29914529914529914,42,585,0,0,0,0
1297,0543_c0002_022.jpg,543,1,-1,True,175,3100,0.3358753230810921,0.27216174183514774,21,643,0,0,0,0
1298,0543_c0002_023.jpg,543,1,-1,True,175,3100,0.35110466657469097,0.2581120943952802,32,678,0,0,0,0
1299,0543_c0002_024.jpg,543,1,-1,True,175,3100,0.3776781851890864,0.2596439169139466,32,674,0,0,0,0
1300,0543_c0003_000.jpg,543,2,-1,True,175,3100,0.6012180096113953,0.2966101694915254,1,590,1,1,1,1
1301,0543_c0003_001.jpg,543,2,-1,True,175,3100,0.6116578508981744,0.2921535893155259,1,599,1,1,1,1
1302,0543_c0003_002.jpg,543,2,-1,True,175,3100,0.5927154535900393,0.277337559429477,1,631,1,1,1,1
1303,0543_c0003_003.jpg,543,2,-1,True,175,3100,0.5933664141171134,0.27689873417721517,1,632,1,1,1,1
1304,0543_c0003_004.jpg,543,2,-1,True,175,3100,0.6413298502528114,0.32833020637898686,1,533,1,1,1,1
1305,0543_c0003_005.jpg,543,2,-1,True,175,3100,0.6548835754906871,0.3771551724137931,1,464,1,1,1,1
1306,0543_c0003_006.jpg,543,2,-1,True,175,3100,0.6692152645422125,0.354251012145749,1,494,1,1,1,1
1307,0543_c0003_007.jpg,543,2,-1,True,175,3100,0.6503603553164207,0.41273584905660377,1,424,1,1,1,1
1308,0543_c0003_008.jpg,543,2,-1,True,175,3100,0.640150697303739,0.30755711775043937,1,569,1,1,1,1
1309,0543_c0003_009.jpg,543,2,-1,True,175,3100,0.6641929386879539,0.360082304526749,1,486,1,1,1,1
1310,0543_c0003_010.jpg,543,2,-1,True,175,3100,0.6292338387673309,0.341130604288499,1,513,1,1,1,1
1311,0543_c0003_011.jpg,543,2,-1,True,175,3100,0.6633821654395118,0.38716814159292035,1,452,1,1,1,1
1312,0543_c0003_012.jpg,543,2,-1,True,175,3100,0.6446599216430045,0.3684210526315789,1,475,1,1,1,1
1313,0543_c0003_013.jpg,543,2,-1,True,175,3100,0.6503955403428603,0.36382536382536385,1,481,1,1,1,1
1314,0543_c0003_014.jpg,543,2,-1,True,175,3100,0.6757774544697903,0.32051282051282054,1,546,1,1,1,1
1315,0543_c0003_015.jpg,543,2,-1,True,175,3100,0.5770886158110102,0.4206730769230769,1,416,1,1,1,1
1316,0543_c0003_016.jpg,543,2,-1,True,175,3100,0.5804261555931383,0.4088785046728972,1,428,1,1,1,1
1317,0543_c0003_017.jpg,543,2,-1,True,175,3100,0.618423229637082,0.43859649122807015,1,399,1,1,1,1
1318,0543_c0003_018.jpg,543,2,-1,True,175,3100,0.6372847338128905,0.45103092783505155,1,388,1,1,1,1
1319,0543_c0003_019.jpg,543,2,-1,True,175,3100,0.6310801945438542,0.4166666666666667,1,420,1,1,1,1
1320,0543_c0003_020.jpg,543,2,-1,True,175,3100,0.6121711803313592,0.4060324825986079,1,431,1,1,1,1
1321,0543_c0003_021.jpg,543,2,-1,True,175,3100,0.6183514890369416,0.39414414414414417,1,444,1,1,1,1
1322,0543_c0003_022.jpg,543,2,-1,True,175,3100,0.6105745719277761,0.43103448275862066,1,406,1,1,1,1
1323,0543_c0003_023.jpg,543,2,-1,True,175,3100,0.6056317984714141,0.3691983122362869,1,474,1,1,1,1
1324,0543_c0003_024.jpg,543,2,-1,True,175,3100,0.6722782591803483,0.3038194444444444,1,576,1,1,1,1
1325,0543_c0004_000.jpg,543,3,-1,True,175,3100,0.5472376561177605,0.2635542168674699,4,664,0,1,1,1
1326,0543_c0004_001.jpg,543,3,-1,True,175,3100,0.5440609483530116,0.2631578947368421,3,665,0,1,1,1
1327,0543_c0004_002.jpg,543,3,-1,True,175,3100,0.5418722368222947,0.264750378214826,3,661,0,1,1,1
1328,0543_c0004_003.jpg,543,3,-1,True,175,3100,0.5500063387207863,0.27216174183514774,4,643,0,1,1,1
1329,0543_c0004_004.jpg,543,3,-1,True,175,3100,0.5485834436733408,0.27386541471048514,4,639,0,1,1,1
1330,0543_c0004_005.jpg,543,3,-1,True,175,3100,0.5626790013272093,0.2708978328173375,4,646,0,1,1,1
1331,0543_c0004_006.jpg,543,3,-1,True,175,3100,0.5611770734678004,0.2704791344667697,4,647,0,1,1,1
1332,0543_c0004_007.jpg,543,3,-1,True,175,3100,0.5424607654231172,0.2704791344667697,4,647,0,1,1,1
1333,0543_c0004_008.jpg,543,3,-1,True,175,3100,0.5600354711824208,0.27301092043681746,4,641,0,1,1,1
1334,0543_c0004_009.jpg,543,3,-1,True,175,3100,0.5508770985639727,0.2734375,4,640,0,1,1,1
1335,0543_c0004_010.jpg,543,3,-1,True,175,3100,0.5473209709829121,0.27301092043681746,5,641,0,1,1,1
1336,0543_c0004_011.jpg,543,3,-1,True,175,3100,0.5554809263134027,0.2786624203821656,5,628,0,1,1,1
1337,0543_c0004_012.jpg,543,3,-1,True,175,3100,0.5625809782788175,0.2679938744257274,4,653,0,1,1,1
1338,0543_c0004_013.jpg,543,3,-1,True,175,3100,0.5626193402870527,0.27258566978193144,4,642,0,1,1,1
1339,0543_c0004_014.jpg,543,3,-1,True,175,3100,0.5595143784514575,0.26758409785932724,4,654,0,1,1,1
1340,0543_c0004_015.jpg,543,3,-1,True,175,3100,0.566027012726932,0.2704791344667697,4,647,0,1,1,1
1341,0543_c0004_016.jpg,543,3,-1,True,175,3100,0.5521752490198136,0.2704791344667697,4,647,0,1,1,1
1342,0543_c0004_017.jpg,543,3,-1,True,175,3100,0.5642620244605178,0.2684049079754601,4,652,0,1,1,1
1343,0543_c0004_018.jpg,543,3,-1,True,175,3100,0.5588011308749945,0.2696456086286595,4,649,0,1,1,1
1344,0543_c0004_019.jpg,543,3,-1,True,175,3100,0.5606862373853918,0.2692307692307692,4,650,0,1,1,1
1345,0543_c0004_020.jpg,543,3,-1,True,175,3100,0.5611686930352007,0.26676829268292684,4,656,0,1,1,1
1346,0543_c0004_021.jpg,543,3,-1,True,175,3100,0.5624514205431694,0.26676829268292684,4,656,0,1,1,1
1347,0543_c0004_022.jpg,543,3,-1,True,175,3100,0.563224797269888,0.2704791344667697,4,647,0,1,1,1
1348,0543_c0004_023.jpg,543,3,-1,True,175,3100,0.5704863416930042,0.2692307692307692,4,650,0,1,1,1
1349,0543_c0004_024.jpg,543,3,-1,True,175,3100,0.5702670460773379,0.27386541471048514,4,639,0,1,1,1
1350,0543_c0005_000.jpg,543,4,-1,True,175,3100,0.32903136337698097,0.1959686450167973,21,893,0,0,0,0
1351,0543_c0005_001.jpg,543,4,-1,True,175,3100,0.3683687568480609,0.1997716894977169,15,876,0,0,0,1
1352,0543_c0005_002.jpg,543,4,-1,True,175,3100,0.33484919561490123,0.1925192519251925,9,909,0,0,1,1
1353,0543_c0005_003.jpg,543,4,-1,True,175,3100,0.32593849990344176,0.1865671641791045,12,938,0,0,0,1
1354,0543_c0005_004.jpg,543,4,-1,True,175,3100,0.3544130024757022,0.20161290322580644,14,868,0,0,0,1
1355,0543_c0005_005.jpg,543,4,-1,True,175,3100,0.35391062150525826,0.20161290322580644,13,868,0,0,0,1
1356,0543_c0005_006.jpg,543,4,-1,True,175,3100,0.330390852166757,0.1898047722342733,9,922,0,0,1,1
1357,0543_c0005_007.jpg,543,4,-1,True,175,3100,0.32100581956499047,0.19104803493449782,17,916,0,0,0,1
1358,0543_c0005_008.jpg,543,4,-1,True,175,3100,0.33322668201923483,0.18857758620689655,19,928,0,0,0,1
1359,0543_c0005_009.jpg,543,4,-1,True,175,3100,0.31964539502058287,0.19001085776330076,21,921,0,0,0,0
1360,0543_c0005_010.jpg,543,4,-1,True,175,3100,0.332174612307913,0.19042437431991294,21,919,0,0,0,0
1361,0543_c0005_011.jpg,543,4,-1,True,175,3100,0.31924132581816794,0.18857758620689655,14,928,0,0,0,1
1362,0543_c0005_012.jpg,543,4,-1,True,175,3100,0.28191291298686705,0.1826722338204593,18,958,0,0,0,1
1363,0543_c0005_013.jpg,543,4,-1,True,175,3100,0.28647524144966263,0.18401682439537329,23,951,0,0,0,0
1364,0543_c0005_014.jpg,543,4,-1,True,175,3100,0.3281020027520355,0.19553072625698323,21,895,0,0,0,0
1365,0543_c0005_015.jpg,543,4,-1,True,175,3100,0.2862929727875819,0.17784552845528456,22,984,0,0,0,0
1366,0543_c0005_016.jpg,543,4,-1,True,175,3100,0.3042936984170759,0.18363064008394545,20,953,0,0,0,1
1367,0543_c0005_017.jpg,543,4,-1,True,175,3100,0.283572485618143,0.17911975435005117,22,977,0,0,0,0
1368,0543_c0005_018.jpg,543,4,-1,True,175,3100,0.29578450480999996,0.18776824034334763,21,932,0,0,0,0
1369,0543_c0005_019.jpg,543,4,-1,True,175,3100,0.26189334340577614,0.18479408658922913,23,947,0,0,0,0
1370,0543_c0005_020.jpg,543,4,-1,True,175,3100,0.2535247119071944,0.175,29,1000,0,0,0,0
1371,0543_c0005_021.jpg,543,4,-1,True,175,3100,0.253780566874269,0.15297202797202797,36,1144,0,0,0,0
1372,0543_c0005_022.jpg,543,4,-1,True,175,3100,0.2853999379648698,0.16990291262135923,12,1030,0,0,0,1
1373,0543_c0005_023.jpg,543,4,-1,True,175,3100,0.26970883093793807,0.1652502360717658,20,1059,0,0,0,1
1374,0543_c0005_024.jpg,543,4,-1,True,175,3100,0.2833650155353123,0.16698473282442747,11,1048,0,0,0,1
1375,0543_c0006_000.jpg,543,5,-1,True,175,3100,0.5360182122543047,0.3514056224899598,18,498,0,0,0,1
1376,0543_c0006_001.jpg,543,5,-1,True,175,3100,0.5406736376270497,0.3431372549019608,11,510,0,0,0,1
1377,0543_c0006_002.jpg,543,5,-1,True,175,3100,0.5322483316182421,0.3431372549019608,20,510,0,0,0,1
1378,0543_c0006_003.jpg,543,5,-1,True,175,3100,0.5306048413897908,0.352112676056338,16,497,0,0,0,1
1379,0543_c0006_004.jpg,543,5,-1,True,175,3100,0.5403330023445192,0.33589251439539347,15,521,0,0,0,1
1380,0543_c0006_005.jpg,543,5,-1,True,175,3100,0.527756297337191,0.36231884057971014,17,483,0,0,0,1
1381,0543_c0006_006.jpg,543,5,-1,True,175,3100,0.5141278625118924,0.4050925925925926,22,432,0,0,0,0
1382,0543_c0006_007.jpg,543,5,-1,True,175,3100,0.5026699134303712,0.4098360655737705,26,427,0,0,0,0
1383,0543_c0006_008.jpg,543,5,-1,True,175,3100,0.5077849106597404,0.4032258064516129,23,434,0,0,0,0
1384,0543_c0006_009.jpg,543,5,-1,True,175,3100,0.5048035572801312,0.4013761467889908,22,436,0,0,0,0
1385,0543_c0006_010.jpg,543,5,-1,True,175,3100,0.5259160474566862,0.39149888143176736,23,447,0,0,0,0
1386,0543_c0006_011.jpg,543,5,-1,True,175,3100,0.5280073843854689,0.40792540792540793,21,429,0,0,0,0
1387,0543_c0006_012.jpg,543,5,-1,True,175,3100,0.5324167312632357,0.4098360655737705,21,427,0,0,0,0
1388,0543_c0006_013.jpg,543,5,-1,True,175,3100,0.5301074067056745,0.3995433789954338,22,438,0,0,0,0
1389,0543_c0006_014.jpg,543,5,-1,True,175,3100,0.5335535945838955,0.3995433789954338,17,438,0,0,0,1
1390,0543_c0006_015.jpg,543,5,-1,True,175,3100,0.5186457794137876,0.3995433789954338,22,438,0,0,0,0
1391,0543_c0006_016.jpg,543,5,-1,True,175,3100,0.5230638515442922,0.4069767441860465,20,430,0,0,0,1
1392,0543_c0006_017.jpg,543,5,-1,True,175,3100,0.5269279244661865,0.38293216630196936,22,457,0,0,0,0
1393,0543_c0006_018.jpg,543,5,-1,True,175,3100,0.5281111033607119,0.390625,22,448,0,0,0,0
1394,0543_c0006_019.jpg,543,5,-1,True,175,3100,0.5318979228818429,0.40792540792540793,17,429,0,0,0,1
1395,0543_c0006_020.jpg,543,5,-1,True,175,3100,0.5385370960756277,0.39503386004514673,16,443,0,0,0,1
1396,0543_c0006_021.jpg,543,5,-1,True,175,3100,0.5311605128447343,0.39149888143176736,20,447,0,0,0,1
1397,0543_c0006_022.jpg,543,5,-1,True,175,3100,0.5338226101424896,0.3854625550660793,15,454,0,0,0,1
1398,0543_c0006_023.jpg,543,5,-1,True,175,3100,0.5386696549676896,0.38209606986899564,15,458,0,0,0,1
1399,0543_c0006_024.jpg,543,5,-1,True,175,3100,0.530719104153265,0.38461538461538464,15,455,0,0,0,1
1400,0543_c0007_000.jpg,543,6,-1,True,175,3100,0.165404888022148,0.17430278884462153,9,1004,0,0,1,1
1401,0543_c0007_001.jpg,543,6,-1,True,175,3100,0.16460888433748488,0.16143911439114392,12,1084,0,0,0,1
1402,0543_c0007_002.jpg,543,6,-1,True,175,3100,0.1638595146047153,0.16603415559772297,19,1054,0,0,0,1
1403,0543_c0007_003.jpg,543,6,-1,True,175,3100,0.15772101906039995,0.16571969696969696,8,1056,0,0,1,1
1404,0543_c0007_004.jpg,543,6,-1,True,175,3100,0.17114486371879925,0.18577494692144372,8,942,0,0,1,1
1405,0543_c0007_005.jpg,543,6,-1,True,175,3100,0.1574018926935231,0.1588021778584392,9,1102,0,0,1,1
1406,0543_c0007_006.jpg,543,6,-1,True,175,3100,0.1929603730834266,0.18676627534685167,1,937,1,1,1,1
1407,0543_c0007_007.jpg,543,6,-1,True,175,3100,0.18003678614109173,0.18041237113402062,4,970,0,1,1,1
1408,0543_c0007_008.jpg,543,6,-1,True,175,3100,0.2101420602219111,0.2056404230317274,3,851,0,1,1,1
1409,0543_c0007_009.jpg,543,6,-1,True,175,3100,0.2078000299314948,0.20091848450057406,2,871,0,1,1,1
1410,0543_c0007_010.jpg,543,6,-1,True,175,3100,0.20847309487901855,0.22407170294494239,9,781,0,0,1,1
1411,0543_c0007_011.jpg,543,6,-1,True,175,3100,0.20710024324065257,0.22321428571428573,8,784,0,0,1,1
1412,0543_c0007_012.jpg,543,6,-1,True,175,3100,0.1901394789005741,0.1925192519251925,4,909,0,1,1,1
1413,0543_c0007_013.jpg,543,6,-1,True,175,3100,0.21671888825439606,0.19444444444444445,1,900,1,1,1,1
1414,0543_c0007_014.jpg,543,6,-1,True,175,3100,0.179155341167174,0.1771255060728745,3,988,0,1,1,1
1415,0543_c0007_015.jpg,543,6,-1,True,175,3100,0.1860457962488313,0.1783893985728848,4,981,0,1,1,1
1416,0543_c0007_016.jpg,543,6,-1,True,175,3100,0.18936608782030423,0.1780264496439471,6,983,0,0,1,1
1417,0543_c0007_017.jpg,543,6,-1,True,175,3100,0.195485146564642,0.19662921348314608,4,890,0,1,1,1
1418,0543_c0007_018.jpg,543,6,-1,True,175,3100,0.19908879143483862,0.19662921348314608,5,890,0,1,1,1
1419,0543_c0007_019.jpg,543,6,-1,True,175,3100,0.22519344404338143,0.20833333333333334,1,840,1,1,1,1
1420,0543_c0007_020.jpg,543,6,-1,True,175,3100,0.2087937400337032,0.19337016574585636,2,905,0,1,1,1
1421,0543_c0007_021.jpg,543,6,-1,True,175,3100,0.1985935765613917,0.19230769230769232,3,910,0,1,1,1
1422,0543_c0007_022.jpg,543,6,-1,True,175,3100,0.18234407798825825,0.1719056974459725,4,1018,0,1,1,1
1423,0543_c0007_023.jpg,543,6,-1,True,175,3100,0.24126610446182134,0.21929824561403508,2,798,0,1,1,1
1424,0543_c0007_024.jpg,543,6,-1,True,175,3100,0.21678598149044162,0.2025462962962963,3,864,0,1,1,1
1425,0543_c0008_000.jpg,543,7,-1,True,175,3100,0.4506526558330534,0.2986348122866894,6,586,0,0,1,1
1426,0543_c0008_001.jpg,543,7,-1,True,175,3100,0.4698099301508562,0.28225806451612906,6,620,0,0,1,1
1427,0543_c0008_002.jpg,543,7,-1,True,175,3100,0.4628986394198948,0.29069767441860467,6,602,0,0,1,1
1428,0543_c0008_003.jpg,543,7,-1,True,175,3100,0.4444387402755338,0.29069767441860467,7,602,0,0,1,1
1429,0543_c0008_004.jpg,543,7,-1,True,175,3100,0.48407906436935705,0.27689873417721517,4,632,0,1,1,1
1430,0543_c0008_005.jpg,543,7,-1,True,175,3100,0.4933549840968167,0.28225806451612906,4,620,0,1,1,1
1431,0543_c0008_006.jpg,543,7,-1,True,175,3100,0.4984173406903135,0.2892561983471074,4,605,0,1,1,1
1432,0543_c0008_007.jpg,543,7,-1,True,175,3100,0.4792598826039995,0.28735632183908044,6,609,0,0,1,1
1433,0543_c0008_008.jpg,543,7,-1,True,175,3100,0.4595492060591532,0.27386541471048514,6,639,0,0,1,1
1434,0543_c0008_009.jpg,543,7,-1,True,175,3100,0.47372367419073164,0.2734375,8,640,0,0,1,1
1435,0543_c0008_010.jpg,543,7,-1,True,175,3100,0.4470532559973552,0.2679938744257274,8,653,0,0,1,1
1436,0543_c0008_011.jpg,543,7,-1,True,175,3100,0.44064765026599534,0.2679938744257274,10,653,0,0,1,1
1437,0543_c0008_012.jpg,543,7,-1,True,175,3100,0.4372799700886484,0.2883031301482702,12,607,0,0,0,1
1438,0543_c0008_013.jpg,543,7,-1,True,175,3100,0.4539528105060921,0.27821939586645467,8,629,0,0,1,1
1439,0543_c0008_014.jpg,543,7,-1,True,175,3100,0.42368252172370113,0.2704791344667697,12,647,0,0,0,1
1440,0543_c0008_015.jpg,543,7,-1,True,175,3100,0.46052864311885955,0.2887788778877888,6,606,0,0,1,1
1441,0543_c0008_016.jpg,543,7,-1,True,175,3100,0.43527506869798654,0.28548123980424145,8,613,0,0,1,1
1442,0543_c0008_017.jpg,543,7,-1,True,175,3100,0.43583630136424645,0.2827140549273021,7,619,0,0,1,1
1443,0543_c0008_018.jpg,543,7,-1,True,175,3100,0.46088445272072315,0.28,6,625,0,0,1,1
1444,0543_c0008_019.jpg,543,7,-1,True,175,3100,0.4705762235137367,0.2751572327044025,4,636,0,1,1,1
1445,0543_c0008_020.jpg,543,7,-1,True,175,3100,0.43359107195451413,0.29711375212224106,7,589,0,0,1,1
1446,0543_c0008_021.jpg,543,7,-1,True,175,3100,0.466947251884529,0.27910685805422647,4,627,0,1,1,1
1447,0543_c0008_022.jpg,543,7,-1,True,175,3100,0.45958732941023933,0.28548123980424145,4,613,0,1,1,1
1448,0543_c0008_023.jpg,543,7,-1,True,175,3100,0.44480694564322254,0.2897350993377483,6,604,0,0,1,1
1449,0543_c0008_024.jpg,543,7,-1,True,175,3100,0.4894048505256857,0.2827140549273021,4,619,0,1,1,1
1450,0549_c0001_000.jpg,549,0,-1,True,175,3100,1.0,1.0,1,175,1,1,1,1
1451,0549_c0001_001.jpg,549,0,-1,True,175,3100,1.0,1.0,1,175,1,1,1,1
1452,0549_c0001_002.jpg,549,0,-1,True,175,3100,1.0,1.0,1,175,1,1,1,1
1453,0549_c0001_003.jpg,549,0,-1,True,175,3100,1.0,1.0,1,175,1,1,1,1
1454,0549_c0001_004.jpg,549,0,-1,True,175,3100,1.0,1.0,1,175,1,1,1,1
1455,0549_c0001_005.jpg,549,0,-1,True,175,3100,1.0,1.0,1,175,1,1,1,1
1456,0549_c0001_006.jpg,549,0,-1,True,175,3100,1.0,1.0,1,175,1,1,1,1
1457,0549_c0001_007.jpg,549,0,-1,True,175,3100,1.0,1.0,1,175,1,1,1,1
1458,0549_c0001_008.jpg,549,0,-1,True,175,3100,1.0,1.0,1,175,1,1,1,1
1459,0549_c0001_009.jpg,549,0,-1,True,175,3100,1.0,1.0,1,175,1,1,1,1
1460,0549_c0001_010.jpg,549,0,-1,True,175,3100,1.0,1.0,1,175,1,1,1,1
1461,0549_c0001_011.jpg,549,0,-1,True,175,3100,1.0,1.0,1,175,1,1,1,1
1462,0549_c0001_012.jpg,549,0,-1,True,175,3100,1.0,1.0,1,175,1,1,1,1
1463,0549_c0001_013.jpg,549,0,-1,True,175,3100,1.0,1.0,1,175,1,1,1,1
1464,0549_c0001_014.jpg,549,0,-1,True,175,3100,1.0,1.0,1,175,1,1,1,1
1465,0549_c0001_015.jpg,549,0,-1,True,175,3100,1.0,1.0,1,175,1,1,1,1
1466,0549_c0001_016.jpg,549,0,-1,True,175,3100,1.0,1.0,1,175,1,1,1,1
1467,0549_c0001_017.jpg,549,0,-1,True,175,3100,1.0,1.0,1,175,1,1,1,1
1468,0549_c0001_018.jpg,549,0,-1,True,175,3100,1.0,1.0,1,175,1,1,1,1
1469,0549_c0001_019.jpg,549,0,-1,True,175,3100,1.0,1.0,1,175,1,1,1,1
1470,0549_c0001_020.jpg,549,0,-1,True,175,3100,1.0,1.0,1,175,1,1,1,1
1471,0549_c0001_021.jpg,549,0,-1,True,175,3100,1.0,1.0,1,175,1,1,1,1
1472,0549_c0001_022.jpg,549,0,-1,True,175,3100,1.0,1.0,1,175,1,1,1,1
1473,0549_c0001_023.jpg,549,0,-1,True,175,3100,1.0,1.0,1,175,1,1,1,1
1474,0549_c0001_024.jpg,549,0,-1,True,175,3100,1.0,1.0,1,175,1,1,1,1
1475,0549_c0002_000.jpg,549,1,-1,True,175,3100,0.9791980085716978,0.7777777777777778,1,225,1,1,1,1
1476,0549_c0002_001.jpg,549,1,-1,True,175,3100,0.9784593460311087,0.7777777777777778,1,225,1,1,1,1
1477,0549_c0002_002.jpg,549,1,-1,True,175,3100,0.9746023827439178,0.7777777777777778,1,225,1,1,1,1
1478,0549_c0002_003.jpg,549,1,-1,True,175,3100,0.9729462813576814,0.7777777777777778,1,225,1,1,1,1
1479,0549_c0002_004.jpg,549,1,-1,True,175,3100,0.9747623211456523,0.7777777777777778,1,225,1,1,1,1
1480,0549_c0002_005.jpg,549,1,-1,True,175,3100,0.9743946046709542,0.7777777777777778,1,225,1,1,1,1
1481,0549_c0002_006.jpg,549,1,-1,True,175,3100,0.9715824290185778,0.7777777777777778,1,225,1,1,1,1
1482,0549_c0002_007.jpg,549,1,-1,True,175,3100,0.9819763352816403,0.813953488372093,1,215,1,1,1,1
1483,0549_c0002_008.jpg,549,1,-1,True,175,3100,0.9821344917141778,0.8177570093457944,1,214,1,1,1,1
1484,0549_c0002_009.jpg,549,1,-1,True,175,3100,0.9832700125949706,0.8215962441314554,1,213,1,1,1,1
1485,0549_c0002_010.jpg,549,1,-1,True,175,3100,0.9820340396620107,0.7847533632286996,1,223,1,1,1,1
1486,0549_c0002_011.jpg,549,1,-1,True,175,3100,0.9830485523699074,0.7882882882882883,1,222,1,1,1,1
1487,0549_c0002_012.jpg,549,1,-1,True,175,3100,0.9816814409877975,0.7777777777777778,1,225,1,1,1,1
1488,0549_c0002_013.jpg,549,1,-1,True,175,3100,0.981641864913008,0.78125,1,224,1,1,1,1
1489,0549_c0002_014.jpg,549,1,-1,True,175,3100,0.9815173842977973,0.7777777777777778,1,225,1,1,1,1
1490,0549_c0002_015.jpg,549,1,-1,True,175,3100,0.9816700795536137,0.78125,1,224,1,1,1,1
1491,0549_c0002_016.jpg,549,1,-1,True,175,3100,0.9824337789820551,0.8064516129032258,1,217,1,1,1,1
1492,0549_c0002_017.jpg,549,1,-1,True,175,3100,0.9835651735243846,0.8177570093457944,1,214,1,1,1,1
1493,0549_c0002_018.jpg,549,1,-1,True,175,3100,0.9810653954868946,0.7847533632286996,1,223,1,1,1,1
1494,0549_c0002_019.jpg,549,1,-1,True,175,3100,0.9809181030920647,0.78125,1,224,1,1,1,1
1495,0549_c0002_020.jpg,549,1,-1,True,175,3100,0.9816504695605673,0.7847533632286996,1,223,1,1,1,1
1496,0549_c0002_021.jpg,549,1,-1,True,175,3100,0.979815650402006,0.7777777777777778,1,225,1,1,1,1
1497,0549_c0002_022.jpg,549,1,-1,True,175,3100,0.9794299335549713,0.7777777777777778,1,225,1,1,1,1
1498,0549_c0002_023.jpg,549,1,-1,True,175,3100,0.97631784782003,0.7777777777777778,1,225,1,1,1,1
1499,0549_c0002_024.jpg,549,1,-1,True,175,3100,0.9708214696505284,0.7777777777777778,1,225,1,1,1,1
1500,0549_c0003_000.jpg,549,2,-1,True,175,3100,0.8983990531287688,0.6578947368421053,1,266,1,1,1,1
1501,0549_c0003_001.jpg,549,2,-1,True,175,3100,0.8947893720951943,0.6578947368421053,1,266,1,1,1,1
1502,0549_c0003_002.jpg,549,2,-1,True,175,3100,0.8860258069330725,0.631768953068592,1,277,1,1,1,1
1503,0549_c0003_003.jpg,549,2,-1,True,175,3100,0.8890289277568424,0.6529850746268657,1,268,1,1,1,1
1504,0549_c0003_004.jpg,549,2,-1,True,175,3100,0.8941404867627873,0.6457564575645757,1,271,1,1,1,1
1505,0549_c0003_005.jpg,549,2,-1,True,175,3100,0.8982090125916956,0.6554307116104869,1,267,1,1,1,1
1506,0549_c0003_006.jpg,549,2,-1,True,175,3100,0.900463837567556,0.6578947368421053,1,266,1,1,1,1
1507,0549_c0003_007.jpg,549,2,-1,True,175,3100,0.9005638659412102,0.6554307116104869,1,267,1,1,1,1
1508,0549_c0003_008.jpg,549,2,-1,True,175,3100,0.9052188882696425,0.6294964028776978,1,278,1,1,1,1
1509,0549_c0003_009.jpg,549,2,-1,True,175,3100,0.9059457167247774,0.625,1,280,1,1,1,1
1510,0549_c0003_010.jpg,549,2,-1,True,175,3100,0.8998312937582832,0.6183745583038869,1,283,1,1,1,1
1511,0549_c0003_011.jpg,549,2,-1,True,175,3100,0.890491651969216,0.6097560975609756,1,287,1,1,1,1
1512,0549_c0003_012.jpg,549,2,-1,True,175,3100,0.8862349697642928,0.6097560975609756,1,287,1,1,1,1
1513,0549_c0003_013.jpg,549,2,-1,True,175,3100,0.9017431402336985,0.6161971830985915,1,284,1,1,1,1
1514,0549_c0003_014.jpg,549,2,-1,True,175,3100,0.889395698529708,0.6097560975609756,1,287,1,1,1,1
1515,0549_c0003_015.jpg,549,2,-1,True,175,3100,0.8986179348427822,0.6161971830985915,1,284,1,1,1,1
1516,0549_c0003_016.jpg,549,2,-1,True,175,3100,0.9170191452540065,0.6183745583038869,1,283,1,1,1,1
1517,0549_c0003_017.jpg,549,2,-1,True,175,3100,0.9163180710895322,0.6227758007117438,1,281,1,1,1,1
1518,0549_c0003_018.jpg,549,2,-1,True,175,3100,0.9149831471134581,0.625,1,280,1,1,1,1
1519,0549_c0003_019.jpg,549,2,-1,True,175,3100,0.9251079132719607,0.6433823529411765,1,272,1,1,1,1
1520,0549_c0003_020.jpg,549,2,-1,True,175,3100,0.9328932538098229,0.6578947368421053,1,266,1,1,1,1
1521,0549_c0003_021.jpg,549,2,-1,True,175,3100,0.9562091709952254,0.7291666666666666,1,240,1,1,1,1
1522,0549_c0003_022.jpg,549,2,-1,True,175,3100,0.9192671829747696,0.6457564575645757,1,271,1,1,1,1
1523,0549_c0003_023.jpg,549,2,-1,True,175,3100,0.910226183282518,0.6272401433691757,1,279,1,1,1,1
1524,0549_c0003_024.jpg,549,2,-1,True,175,3100,0.9059497734901848,0.6272401433691757,1,279,1,1,1,1
1525,0549_c0004_000.jpg,549,3,-1,True,175,3100,0.9431031232836424,0.7777777777777778,1,225,1,1,1,1
1526,0549_c0004_001.jpg,549,3,-1,True,175,3100,0.9419848869774572,0.7777777777777778,1,225,1,1,1,1
1527,0549_c0004_002.jpg,549,3,-1,True,175,3100,0.9256960903350671,0.7777777777777778,1,225,1,1,1,1
1528,0549_c0004_003.jpg,549,3,-1,True,175,3100,0.9091273380565034,0.7777777777777778,1,225,1,1,1,1
1529,0549_c0004_004.jpg,549,3,-1,True,175,3100,0.9064374784748299,0.7777777777777778,1,225,1,1,1,1
1530,0549_c0004_005.jpg,549,3,-1,True,175,3100,0.922877244682937,0.7777777777777778,1,225,1,1,1,1
1531,0549_c0004_006.jpg,549,3,-1,True,175,3100,0.9235353016594747,0.7777777777777778,1,225,1,1,1,1
1532,0549_c0004_007.jpg,549,3,-1,True,175,3100,0.9075633465067023,0.7777777777777778,1,225,1,1,1,1
1533,0549_c0004_008.jpg,549,3,-1,True,175,3100,0.9191821051512385,0.7777777777777778,1,225,1,1,1,1
1534,0549_c0004_009.jpg,549,3,-1,True,175,3100,0.9114012370546727,0.7777777777777778,1,225,1,1,1,1
1535,0549_c0004_010.jpg,549,3,-1,True,175,3100,0.9203543485116321,0.7777777777777778,1,225,1,1,1,1
1536,0549_c0004_011.jpg,549,3,-1,True,175,3100,0.9239117400155552,0.7777777777777778,1,225,1,1,1,1
1537,0549_c0004_012.jpg,549,3,-1,True,175,3100,0.9014349766504896,0.7777777777777778,1,225,1,1,1,1
1538,0549_c0004_013.jpg,549,3,-1,True,175,3100,0.9211421309140583,0.7777777777777778,1,225,1,1,1,1
1539,0549_c0004_014.jpg,549,3,-1,True,175,3100,0.9201768667350266,0.7777777777777778,1,225,1,1,1,1
1540,0549_c0004_015.jpg,549,3,-1,True,175,3100,0.9327131842867294,0.7777777777777778,1,225,1,1,1,1
1541,0549_c0004_016.jpg,549,3,-1,True,175,3100,0.9312281443258913,0.7777777777777778,1,225,1,1,1,1
1542,0549_c0004_017.jpg,549,3,-1,True,175,3100,0.9270932846435913,0.7777777777777778,1,225,1,1,1,1
1543,0549_c0004_018.jpg,549,3,-1,True,175,3100,0.9173029559101069,0.7777777777777778,1,225,1,1,1,1
1544,0549_c0004_019.jpg,549,3,-1,True,175,3100,0.9103207126462519,0.7777777777777778,1,225,1,1,1,1
1545,0549_c0004_020.jpg,549,3,-1,True,175,3100,0.9060525825214839,0.7777777777777778,1,225,1,1,1,1
1546,0549_c0004_021.jpg,549,3,-1,True,175,3100,0.8995218872431917,0.7777777777777778,1,225,1,1,1,1
1547,0549_c0004_022.jpg,549,3,-1,True,175,3100,0.9168729963002153,0.7777777777777778,1,225,1,1,1,1
1548,0549_c0004_023.jpg,549,3,-1,True,175,3100,0.9279272997494898,0.7777777777777778,1,225,1,1,1,1
1549,0549_c0004_024.jpg,549,3,-1,True,175,3100,0.9300886159110501,0.7777777777777778,1,225,1,1,1,1
1550,0549_c0005_000.jpg,549,4,-1,True,175,3100,1.0,1.0,1,175,1,1,1,1
1551,0549_c0005_001.jpg,549,4,-1,True,175,3100,1.0,1.0,1,175,1,1,1,1
1552,0549_c0005_002.jpg,549,4,-1,True,175,3100,1.0,1.0,1,175,1,1,1,1
1553,0549_c0005_003.jpg,549,4,-1,True,175,3100,1.0,1.0,1,175,1,1,1,1
1554,0549_c0005_004.jpg,549,4,-1,True,175,3100,1.0,1.0,1,175,1,1,1,1
1555,0549_c0005_005.jpg,549,4,-1,True,175,3100,1.0,1.0,1,175,1,1,1,1
1556,0549_c0005_006.jpg,549,4,-1,True,175,3100,1.0,1.0,1,175,1,1,1,1
1557,0549_c0005_007.jpg,549,4,-1,True,175,3100,1.0,1.0,1,175,1,1,1,1
1558,0549_c0005_008.jpg,549,4,-1,True,175,3100,1.0,1.0,1,175,1,1,1,1
1559,0549_c0005_009.jpg,549,4,-1,True,175,3100,0.9998412698412699,0.9722222222222222,1,180,1,1,1,1
1560,0549_c0005_010.jpg,549,4,-1,True,175,3100,1.0,1.0,1,175,1,1,1,1
1561,0549_c0005_011.jpg,549,4,-1,True,175,3100,1.0,1.0,1,175,1,1,1,1
1562,0549_c0005_012.jpg,549,4,-1,True,175,3100,1.0,1.0,1,175,1,1,1,1
1563,0549_c0005_013.jpg,549,4,-1,True,175,3100,1.0,1.0,1,175,1,1,1,1
1564,0549_c0005_014.jpg,549,4,-1,True,175,3100,1.0,1.0,1,175,1,1,1,1
1565,0549_c0005_015.jpg,549,4,-1,True,175,3100,1.0,1.0,1,175,1,1,1,1
1566,0549_c0005_016.jpg,549,4,-1,True,175,3100,1.0,1.0,1,175,1,1,1,1
1567,0549_c0005_017.jpg,549,4,-1,True,175,3100,1.0,1.0,1,175,1,1,1,1
1568,0549_c0005_018.jpg,549,4,-1,True,175,3100,1.0,1.0,1,175,1,1,1,1
1569,0549_c0005_019.jpg,549,4,-1,True,175,3100,1.0,1.0,1,175,1,1,1,1
1570,0549_c0005_020.jpg,549,4,-1,True,175,3100,0.9999036918138042,0.9831460674157303,1,178,1,1,1,1
1571,0549_c0005_021.jpg,549,4,-1,True,175,3100,0.9999354317998385,0.9887005649717514,1,177,1,1,1,1
1572,0549_c0005_022.jpg,549,4,-1,True,175,3100,1.0,1.0,1,175,1,1,1,1
1573,0549_c0005_023.jpg,549,4,-1,True,175,3100,1.0,1.0,1,175,1,1,1,1
1574,0549_c0005_024.jpg,549,4,-1,True,175,3100,1.0,1.0,1,175,1,1,1,1
1575,0549_c0006_000.jpg,549,5,-1,True,175,3100,0.9945220679966821,0.8883248730964467,1,197,1,1,1,1
1576,0549_c0006_001.jpg,549,5,-1,True,175,3100,0.996806403063159,0.8928571428571429,1,196,1,1,1,1
1577,0549_c0006_002.jpg,549,5,-1,True,175,3100,0.9987638754594643,0.9020618556701031,1,194,1,1,1,1
1578,0549_c0006_003.jpg,549,5,-1,True,175,3100,0.996275558885795,0.8883248730964467,1,197,1,1,1,1
1579,0549_c0006_004.jpg,549,5,-1,True,175,3100,0.9962015867749567,0.8883248730964467,1,197,1,1,1,1
1580,0549_c0006_005.jpg,549,5,-1,True,175,3100,0.9942722187689906,0.8883248730964467,1,197,1,1,1,1
1581,0549_c0006_006.jpg,549,5,-1,True,175,3100,0.9975554812120332,0.8974358974358975,1,195,1,1,1,1
1582,0549_c0006_007.jpg,549,5,-1,True,175,3100,0.9965671874874353,0.8883248730964467,1,197,1,1,1,1
1583,0549_c0006_008.jpg,549,5,-1,True,175,3100,0.9946123184199089,0.8883248730964467,1,197,1,1,1,1
1584,0549_c0006_009.jpg,549,5,-1,True,175,3100,0.989247814961051,0.8793969849246231,1,199,1,1,1,1
1585,0549_c0006_010.jpg,549,5,-1,True,175,3100,0.9938531388785626,0.8883248730964467,1,197,1,1,1,1
1586,0549_c0006_011.jpg,549,5,-1,True,175,3100,0.9961397474721009,0.8883248730964467,1,197,1,1,1,1
1587,0549_c0006_012.jpg,549,5,-1,True,175,3100,0.9904758417029921,0.8793969849246231,1,199,1,1,1,1
1588,0549_c0006_013.jpg,549,5,-1,True,175,3100,0.9927412826877766,0.8883248730964467,1,197,1,1,1,1
1589,0549_c0006_014.jpg,549,5,-1,True,175,3100,0.999077894082418,0.9114583333333334,1,192,1,1,1,1
1590,0549_c0006_015.jpg,549,5,-1,True,175,3100,0.9986317143377093,0.9020618556701031,1,194,1,1,1,1
1591,0549_c0006_016.jpg,549,5,-1,True,175,3100,0.9977979737830015,0.8974358974358975,1,195,1,1,1,1
1592,0549_c0006_017.jpg,549,5,-1,True,175,3100,0.9948750052909437,0.8883248730964467,1,197,1,1,1,1
1593,0549_c0006_018.jpg,549,5,-1,True,175,3100,0.9926639984313597,0.8838383838383839,1,198,1,1,1,1
1594,0549_c0006_019.jpg,549,5,-1,True,175,3100,0.9928027571300884,0.8838383838383839,1,198,1,1,1,1
1595,0549_c0006_020.jpg,549,5,-1,True,175,3100,0.9984347771159338,0.9020618556701031,1,194,1,1,1,1
1596,0549_c0006_021.jpg,549,5,-1,True,175,3100,0.997261663957488,0.8928571428571429,1,196,1,1,1,1
1597,0549_c0006_022.jpg,549,5,-1,True,175,3100,0.9978770884584147,0.8974358974358975,1,195,1,1,1,1
1598,0549_c0006_023.jpg,549,5,-1,True,175,3100,0.9978745270474723,0.8974358974358975,1,195,1,1,1,1
1599,0549_c0006_024.jpg,549,5,-1,True,175,3100,0.996164239653878,0.8883248730964467,1,197,1,1,1,1
1600,0549_c0007_000.jpg,549,6,-1,True,175,3100,0.9176187398090305,0.7777777777777778,1,225,1,1,1,1
1601,0549_c0007_001.jpg,549,6,-1,True,175,3100,0.912638756751298,0.7777777777777778,1,225,1,1,1,1
1602,0549_c0007_002.jpg,549,6,-1,True,175,3100,0.9128772808177119,0.7777777777777778,1,225,1,1,1,1
1603,0549_c0007_003.jpg,549,6,-1,True,175,3100,0.9210129070761353,0.7777777777777778,1,225,1,1,1,1
1604,0549_c0007_004.jpg,549,6,-1,True,175,3100,0.9083278964912526,0.7777777777777778,1,225,1,1,1,1
1605,0549_c0007_005.jpg,549,6,-1,True,175,3100,0.9007151285141412,0.7777777777777778,1,225,1,1,1,1
1606,0549_c0007_006.jpg,549,6,-1,True,175,3100,0.902008837085322,0.7777777777777778,1,225,1,1,1,1
1607,0549_c0007_007.jpg,549,6,-1,True,175,3100,0.8974414011258753,0.7743362831858407,1,226,1,1,1,1
1608,0549_c0007_008.jpg,549,6,-1,True,175,3100,0.8995878431655475,0.7709251101321586,1,227,1,1,1,1
1609,0549_c0007_009.jpg,549,6,-1,True,175,3100,0.9000238407724452,0.7777777777777778,1,225,1,1,1,1
1610,0549_c0007_010.jpg,549,6,-1,True,175,3100,0.8998399608627557,0.7777777777777778,1,225,1,1,1,1
1611,0549_c0007_011.jpg,549,6,-1,True,175,3100,0.895778911374841,0.7777777777777778,1,225,1,1,1,1
1612,0549_c0007_012.jpg,549,6,-1,True,175,3100,0.8950735721579275,0.7777777777777778,1,225,1,1,1,1
1613,0549_c0007_013.jpg,549,6,-1,True,175,3100,0.8976458965691239,0.7777777777777778,1,225,1,1,1,1
1614,0549_c0007_014.jpg,549,6,-1,True,175,3100,0.8994889997731218,0.7777777777777778,1,225,1,1,1,1
1615,0549_c0007_015.jpg,549,6,-1,True,175,3100,0.8929122987319332,0.7777777777777778,1,225,1,1,1,1
1616,0549_c0007_016.jpg,549,6,-1,True,175,3100,0.9075040012990602,0.7777777777777778,1,225,1,1,1,1
1617,0549_c0007_017.jpg,549,6,-1,True,175,3100,0.9075142056360757,0.7777777777777778,1,225,1,1,1,1
1618,0549_c0007_018.jpg,549,6,-1,True,175,3100,0.9074818463680859,0.7777777777777778,1,225,1,1,1,1
1619,0549_c0007_019.jpg,549,6,-1,True,175,3100,0.9109330267826111,0.7777777777777778,1,225,1,1,1,1
1620,0549_c0007_020.jpg,549,6,-1,True,175,3100,0.9060767240539378,0.7777777777777778,1,225,1,1,1,1
1621,0549_c0007_021.jpg,549,6,-1,True,175,3100,0.9058335184877873,0.7777777777777778,1,225,1,1,1,1
1622,0549_c0007_022.jpg,549,6,-1,True,175,3100,0.9103187950731846,0.7777777777777778,1,225,1,1,1,1
1623,0549_c0007_023.jpg,549,6,-1,True,175,3100,0.9016528850170656,0.7777777777777778,1,225,1,1,1,1
1624,0549_c0007_024.jpg,549,6,-1,True,175,3100,0.8947355572269201,0.7777777777777778,1,225,1,1,1,1
1625,0549_c0008_000.jpg,549,7,-1,True,175,3100,0.9990835424660233,0.9831460674157303,1,178,1,1,1,1
1626,0549_c0008_001.jpg,549,7,-1,True,175,3100,0.999902038683812,0.9943181818181818,1,176,1,1,1,1
1627,0549_c0008_002.jpg,549,7,-1,True,175,3100,0.999902038683812,0.9943181818181818,1,176,1,1,1,1
1628,0549_c0008_003.jpg,549,7,-1,True,175,3100,0.9990835424660233,0.9831460674157303,1,178,1,1,1,1
1629,0549_c0008_004.jpg,549,7,-1,True,175,3100,0.9983071864416639,0.9562841530054644,1,183,1,1,1,1
1630,0549_c0008_005.jpg,549,7,-1,True,175,3100,0.9960271186686666,0.9459459459459459,1,185,1,1,1,1
1631,0549_c0008_006.jpg,549,7,-1,True,175,3100,0.9997009292713411,0.9943181818181818,1,176,1,1,1,1
1632,0549_c0008_007.jpg,549,7,-1,True,175,3100,0.9995976565490654,0.9943181818181818,1,176,1,1,1,1
1633,0549_c0008_008.jpg,549,7,-1,True,175,3100,0.99914315521679,0.9831460674157303,1,178,1,1,1,1
1634,0549_c0008_009.jpg,549,7,-1,True,175,3100,0.9990152907572575,0.9776536312849162,1,179,1,1,1,1
1635,0549_c0008_010.jpg,549,7,-1,True,175,3100,0.9993491709946007,0.9943181818181818,1,176,1,1,1,1
1636,0549_c0008_011.jpg,549,7,-1,True,175,3100,0.9996322885836973,0.9943181818181818,1,176,1,1,1,1
1637,0549_c0008_012.jpg,549,7,-1,True,175,3100,0.9975904395385193,0.9510869565217391,1,184,1,1,1,1
1638,0549_c0008_013.jpg,549,7,-1,True,175,3100,0.9930768836936201,0.9067357512953368,1,193,1,1,1,1
1639,0549_c0008_014.jpg,549,7,-1,True,175,3100,0.9947195520561529,0.9259259259259259,1,189,1,1,1,1
1640,0549_c0008_015.jpg,549,7,-1,True,175,3100,0.9971807835122624,0.9510869565217391,1,184,1,1,1,1
1641,0549_c0008_016.jpg,549,7,-1,True,175,3100,0.9966186140291928,0.9510869565217391,1,184,1,1,1,1
1642,0549_c0008_017.jpg,549,7,-1,True,175,3100,0.9976490960991792,0.9562841530054644,1,183,1,1,1,1
1643,0549_c0008_018.jpg,549,7,-1,True,175,3100,0.9955097839092706,0.9358288770053476,1,187,1,1,1,1
1644,0549_c0008_019.jpg,549,7,-1,True,175,3100,0.9845456717528048,0.8293838862559242,1,211,1,1,1,1
1645,0549_c0008_020.jpg,549,7,-1,True,175,3100,0.9754789123731705,0.7847533632286996,1,223,1,1,1,1
1646,0549_c0008_021.jpg,549,7,-1,True,175,3100,0.9810282866614848,0.7990867579908676,1,219,1,1,1,1
1647,0549_c0008_022.jpg,549,7,-1,True,175,3100,0.9854730826729728,0.8215962441314554,1,213,1,1,1,1
1648,0549_c0008_023.jpg,549,7,-1,True,175,3100,0.9843748114375483,0.8177570093457944,1,214,1,1,1,1
1649,0549_c0008_024.jpg,549,7,-1,True,175,3100,0.9868695559713017,0.8495145631067961,1,206,1,1,1,1
1650,0555_c0001_000.jpg,555,0,-1,True,75,3100,0.1678227494154877,0.26223776223776224,31,286,0,0,0,0
1651,0555_c0001_001.jpg,555,0,-1,True,75,3100,0.17429997188073154,0.2757352941176471,13,272,0,0,0,1
1652,0555_c0001_002.jpg,555,0,-1,True,75,3100,0.17334025004690748,0.2808988764044944,18,267,0,0,0,1
1653,0555_c0001_003.jpg,555,0,-1,True,75,3100,0.20653288382991564,0.2862595419847328,1,262,1,1,1,1
1654,0555_c0001_004.jpg,555,0,-1,True,75,3100,0.1817355550633871,0.2862595419847328,4,262,0,1,1,1
1655,0555_c0001_005.jpg,555,0,-1,True,75,3100,0.20549141680370342,0.2952755905511811,1,254,1,1,1,1
1656,0555_c0001_006.jpg,555,0,-1,True,75,3100,0.18577889167345635,0.2952755905511811,4,254,0,1,1,1
1657,0555_c0001_007.jpg,555,0,-1,True,75,3100,0.18785248437921084,0.29880478087649404,3,251,0,1,1,1
1658,0555_c0001_008.jpg,555,0,-1,True,75,3100,0.17532183937958865,0.29411764705882354,19,255,0,0,0,1
1659,0555_c0001_009.jpg,555,0,-1,True,75,3100,0.1720518442051252,0.2808988764044944,42,267,0,0,0,0
1660,0555_c0001_010.jpg,555,0,-1,True,75,3100,0.17802276281154122,0.2964426877470356,9,253,0,0,1,1
1661,0555_c0001_011.jpg,555,0,-1,True,75,3100,0.1775484472364032,0.29880478087649404,11,251,0,0,0,1
1662,0555_c0001_012.jpg,555,0,-1,True,75,3100,0.19334452357649537,0.3,5,250,0,1,1,1
1663,0555_c0001_013.jpg,555,0,-1,True,75,3100,0.18911424604084157,0.3,40,250,0,0,0,0
1664,0555_c0001_014.jpg,555,0,-1,True,75,3100,0.18519321533549954,0.3,53,250,0,0,0,0
1665,0555_c0001_015.jpg,555,0,-1,True,75,3100,0.18057887782028764,0.3,61,250,0,0,0,0
1666,0555_c0001_016.jpg,555,0,-1,True,75,3100,0.18184992538374775,0.3,38,250,0,0,0,0
1667,0555_c0001_017.jpg,555,0,-1,True,75,3100,0.1830443135643247,0.3,56,250,0,0,0,0
1668,0555_c0001_018.jpg,555,0,-1,True,75,3100,0.18146524076979,0.3,47,250,0,0,0,0
1669,0555_c0001_019.jpg,555,0,-1,True,75,3100,0.18512533808448298,0.3,36,250,0,0,0,0
1670,0555_c0001_020.jpg,555,0,-1,True,75,3100,0.18513892625143988,0.3,39,250,0,0,0,0
1671,0555_c0001_021.jpg,555,0,-1,True,75,3100,0.18347041408101503,0.3,20,250,0,0,0,1
1672,0555_c0001_022.jpg,555,0,-1,True,75,3100,0.1825268815480804,0.3,32,250,0,0,0,0
1673,0555_c0001_023.jpg,555,0,-1,True,75,3100,0.18274884572297276,0.3,16,250,0,0,0,1
1674,0555_c0001_024.jpg,555,0,-1,True,75,3100,0.1865049298989146,0.3,6,250,0,0,1,1
1675,0555_c0002_000.jpg,555,1,-1,True,75,3100,0.2241066940091469,0.1431297709923664,14,524,0,0,0,1
1676,0555_c0002_001.jpg,555,1,-1,True,75,3100,0.22316644689254,0.146484375,13,512,0,0,0,1
1677,0555_c0002_002.jpg,555,1,-1,True,75,3100,0.22606445255313345,0.14619883040935672,12,513,0,0,0,1
1678,0555_c0002_003.jpg,555,1,-1,True,75,3100,0.25789934678914767,0.14940239043824702,9,502,0,0,1,1
1679,0555_c0002_004.jpg,555,1,-1,True,75,3100,0.28107849507212707,0.15432098765432098,8,486,0,0,1,1
1680,0555_c0002_005.jpg,555,1,-1,True,75,3100,0.2736789133206805,0.15991471215351813,8,469,0,0,1,1
1681,0555_c0002_006.jpg,555,1,-1,True,75,3100,0.2605470870626237,0.15789473684210525,9,475,0,0,1,1
1682,0555_c0002_007.jpg,555,1,-1,True,75,3100,0.25737757734075745,0.15120967741935484,9,496,0,0,1,1
1683,0555_c0002_008.jpg,555,1,-1,True,75,3100,0.22352096754126005,0.14677103718199608,17,511,0,0,0,1
1684,0555_c0002_009.jpg,555,1,-1,True,75,3100,0.25703773575484895,0.15625,9,480,0,0,1,1
1685,0555_c0002_010.jpg,555,1,-1,True,75,3100,0.24552908544090546,0.1540041067761807,11,487,0,0,0,1
1686,0555_c0002_011.jpg,555,1,-1,True,75,3100,0.2606186845314897,0.15856236786469344,9,473,0,0,1,1
1687,0555_c0002_012.jpg,555,1,-1,True,75,3100,0.23304697101452934,0.15182186234817813,11,494,0,0,0,1
1688,0555_c0002_013.jpg,555,1,-1,True,75,3100,0.25685031684368054,0.1524390243902439,9,492,0,0,1,1
1689,0555_c0002_014.jpg,555,1,-1,True,75,3100,0.23507935119993362,0.15182186234817813,11,494,0,0,0,1
1690,0555_c0002_015.jpg,555,1,-1,True,75,3100,0.2584749351587506,0.15463917525773196,9,485,0,0,1,1
1691,0555_c0002_016.jpg,555,1,-1,True,75,3100,0.231476603232547,0.1497005988023952,12,501,0,0,0,1
1692,0555_c0002_017.jpg,555,1,-1,True,75,3100,0.23487930158106848,0.15090543259557343,11,497,0,0,0,1
1693,0555_c0002_018.jpg,555,1,-1,True,75,3100,0.22671582206807628,0.15060240963855423,14,498,0,0,0,1
1694,0555_c0002_019.jpg,555,1,-1,True,75,3100,0.2361515567014225,0.14940239043824702,11,502,0,0,0,1
1695,0555_c0002_020.jpg,555,1,-1,True,75,3100,0.2225586559872394,0.14619883040935672,17,513,0,0,0,1
1696,0555_c0002_021.jpg,555,1,-1,True,75,3100,0.22600039240923805,0.14705882352941177,16,510,0,0,0,1
1697,0555_c0002_022.jpg,555,1,-1,True,75,3100,0.2257547807481877,0.14792899408284024,16,507,0,0,0,1
1698,0555_c0002_023.jpg,555,1,-1,True,75,3100,0.22637768324040738,0.14705882352941177,17,510,0,0,0,1
1699,0555_c0002_024.jpg,555,1,-1,True,75,3100,0.22330106743856254,0.14534883720930233,17,516,0,0,0,1
1700,0555_c0005_000.jpg,555,4,-1,True,75,3100,0.49236751607930357,0.2976190476190476,1,252,1,1,1,1
1701,0555_c0005_001.jpg,555,4,-1,True,75,3100,0.4953865106099305,0.2976190476190476,1,252,1,1,1,1
1702,0555_c0005_002.jpg,555,4,-1,True,75,3100,0.4831783926813991,0.2976190476190476,1,252,1,1,1,1
1703,0555_c0005_003.jpg,555,4,-1,True,75,3100,0.4912336766899406,0.3,1,250,1,1,1,1
1704,0555_c0005_004.jpg,555,4,-1,True,75,3100,0.29601688497092726,0.28957528957528955,13,259,0,0,0,1
1705,0555_c0005_005.jpg,555,4,-1,True,75,3100,0.5158011456484133,0.30120481927710846,1,249,1,1,1,1
1706,0555_c0005_006.jpg,555,4,-1,True,75,3100,0.5001843821936292,0.3,1,250,1,1,1,1
1707,0555_c0005_007.jpg,555,4,-1,True,75,3100,0.46971449531476056,0.3,1,250,1,1,1,1
1708,0555_c0005_008.jpg,555,4,-1,True,75,3100,0.48108702273957116,0.2976190476190476,1,252,1,1,1,1
1709,0555_c0005_009.jpg,555,4,-1,True,75,3100,0.4163694331779751,0.2952755905511811,2,254,0,1,1,1
1710,0555_c0005_010.jpg,555,4,-1,True,75,3100,0.48725936559097854,0.2976190476190476,1,252,1,1,1,1
1711,0555_c0005_011.jpg,555,4,-1,True,75,3100,0.3853676568430787,0.3,3,250,0,1,1,1
1712,0555_c0005_012.jpg,555,4,-1,True,75,3100,0.5016698291422962,0.30120481927710846,1,249,1,1,1,1
1713,0555_c0005_013.jpg,555,4,-1,True,75,3100,0.4729075712387215,0.28957528957528955,1,259,1,1,1,1
1714,0555_c0005_014.jpg,555,4,-1,True,75,3100,0.485696062565139,0.3,1,250,1,1,1,1
1715,0555_c0005_015.jpg,555,4,-1,True,75,3100,0.48588708333312336,0.2976190476190476,1,252,1,1,1,1
1716,0555_c0005_016.jpg,555,4,-1,True,75,3100,0.4763680739559357,0.2840909090909091,1,264,1,1,1,1
1717,0555_c0005_017.jpg,555,4,-1,True,75,3100,0.4911478038126258,0.2976190476190476,1,252,1,1,1,1
1718,0555_c0005_018.jpg,555,4,-1,True,75,3100,0.47865910199767264,0.29069767441860467,1,258,1,1,1,1
1719,0555_c0005_019.jpg,555,4,-1,True,75,3100,0.5005002014393188,0.29880478087649404,1,251,1,1,1,1
1720,0555_c0005_020.jpg,555,4,-1,True,75,3100,0.502397539688587,0.3,1,250,1,1,1,1
1721,0555_c0005_021.jpg,555,4,-1,True,75,3100,0.47657405977484707,0.3,1,250,1,1,1,1
1722,0555_c0005_022.jpg,555,4,-1,True,75,3100,0.4891019793770345,0.3,1,250,1,1,1,1
1723,0555_c0005_023.jpg,555,4,-1,True,75,3100,0.4926752420040436,0.3,1,250,1,1,1,1
1724,0555_c0005_024.jpg,555,4,-1,True,75,3100,0.48709774595556593,0.3,1,250,1,1,1,1
1725,0555_c0006_000.jpg,555,5,-1,True,75,3100,0.5011810615255793,0.23006134969325154,1,326,1,1,1,1
1726,0555_c0006_001.jpg,555,5,-1,True,75,3100,0.5082560361752884,0.2329192546583851,1,322,1,1,1,1
1727,0555_c0006_002.jpg,555,5,-1,True,75,3100,0.5126418751603226,0.2336448598130841,1,321,1,1,1,1
1728,0555_c0006_003.jpg,555,5,-1,True,75,3100,0.5149622368997602,0.23076923076923078,1,325,1,1,1,1
1729,0555_c0006_004.jpg,555,5,-1,True,75,3100,0.5186039233529773,0.23961661341853036,1,313,1,1,1,1
1730,0555_c0006_005.jpg,555,5,-1,True,75,3100,0.5098591881714207,0.22189349112426035,1,338,1,1,1,1
1731,0555_c0006_006.jpg,555,5,-1,True,75,3100,0.5144064701286923,0.2403846153846154,1,312,1,1,1,1
1732,0555_c0006_007.jpg,555,5,-1,True,75,3100,0.5115819242073512,0.24509803921568626,1,306,1,1,1,1
1733,0555_c0006_008.jpg,555,5,-1,True,75,3100,0.5038839325351868,0.2245508982035928,1,334,1,1,1,1
1734,0555_c0006_009.jpg,555,5,-1,True,75,3100,0.5190420069218807,0.23076923076923078,1,325,1,1,1,1
1735,0555_c0006_010.jpg,555,5,-1,True,75,3100,0.5167096294114734,0.23885350318471338,1,314,1,1,1,1
1736,0555_c0006_011.jpg,555,5,-1,True,75,3100,0.5273014742793429,0.23148148148148148,1,324,1,1,1,1
1737,0555_c0006_012.jpg,555,5,-1,True,75,3100,0.560236274552971,0.26223776223776224,1,286,1,1,1,1
1738,0555_c0006_013.jpg,555,5,-1,True,75,3100,0.5525990707469194,0.25862068965517243,1,290,1,1,1,1
1739,0555_c0006_014.jpg,555,5,-1,True,75,3100,0.5178772512584531,0.2245508982035928,1,334,1,1,1,1
1740,0555_c0006_015.jpg,555,5,-1,True,75,3100,0.5228851735301913,0.2336448598130841,1,321,1,1,1,1
1741,0555_c0006_016.jpg,555,5,-1,True,75,3100,0.5327568089401897,0.24671052631578946,1,304,1,1,1,1
1742,0555_c0006_017.jpg,555,5,-1,True,75,3100,0.538272755415399,0.24429967426710097,1,307,1,1,1,1
1743,0555_c0006_018.jpg,555,5,-1,True,75,3100,0.5347064092054695,0.23961661341853036,1,313,1,1,1,1
1744,0555_c0006_019.jpg,555,5,-1,True,75,3100,0.5384791577136092,0.2403846153846154,1,312,1,1,1,1
1745,0555_c0006_020.jpg,555,5,-1,True,75,3100,0.5347334772353348,0.23076923076923078,1,325,1,1,1,1
1746,0555_c0006_021.jpg,555,5,-1,True,75,3100,0.5438853574378023,0.24115755627009647,1,311,1,1,1,1
1747,0555_c0006_022.jpg,555,5,-1,True,75,3100,0.5511416419204382,0.2403846153846154,1,312,1,1,1,1
1748,0555_c0006_023.jpg,555,5,-1,True,75,3100,0.547775461656783,0.24115755627009647,1,311,1,1,1,1
1749,0555_c0006_024.jpg,555,5,-1,True,75,3100,0.537990680034599,0.23734177215189872,1,316,1,1,1,1
1750,0561_c0001_000.jpg,561,0,-1,True,175,3100,0.5413102279867886,0.12455516014234876,1,1405,1,1,1,1
1751,0561_c0001_001.jpg,561,0,-1,True,175,3100,0.5508736768075891,0.1326762699014405,1,1319,1,1,1,1
1752,0561_c0001_002.jpg,561,0,-1,True,175,3100,0.5522400567604789,0.13650546021840873,1,1282,1,1,1,1
1753,0561_c0001_003.jpg,561,0,-1,True,175,3100,0.5678034689226495,0.13277693474962063,1,1318,1,1,1,1
1754,0561_c0001_004.jpg,561,0,-1,True,175,3100,0.5628188882812396,0.12144344205412907,1,1441,1,1,1,1
1755,0561_c0001_005.jpg,561,0,-1,True,175,3100,0.584289949784363,0.15364354697102722,1,1139,1,1,1,1
1756,0561_c0001_006.jpg,561,0,-1,True,175,3100,0.5344540789119133,0.12203626220362622,1,1434,1,1,1,1
1757,0561_c0001_007.jpg,561,0,-1,True,175,3100,0.5624304306209763,0.11319534282018111,1,1546,1,1,1,1
1758,0561_c0001_008.jpg,561,0,-1,True,175,3100,0.5617481688723436,0.12783053323593865,1,1369,1,1,1,1
1759,0561_c0001_009.jpg,561,0,-1,True,175,3100,0.5470552381591371,0.1383399209486166,1,1265,1,1,1,1
1760,0561_c0001_010.jpg,561,0,-1,True,175,3100,0.5254094525477044,0.13011152416356878,1,1345,1,1,1,1
1761,0561_c0001_011.jpg,561,0,-1,True,175,3100,0.5403309374793509,0.14022435897435898,1,1248,1,1,1,1
1762,0561_c0001_012.jpg,561,0,-1,True,175,3100,0.5220847163733994,0.12085635359116022,1,1448,1,1,1,1
1763,0561_c0001_013.jpg,561,0,-1,True,175,3100,0.5362434603032185,0.1270878721859114,1,1377,1,1,1,1
1764,0561_c0001_014.jpg,561,0,-1,True,175,3100,0.5224952679114941,0.12681159420289856,1,1380,1,1,1,1
1765,0561_c0001_015.jpg,561,0,-1,True,175,3100,0.5352353868160072,0.13069454817027631,1,1339,1,1,1,1
1766,0561_c0001_016.jpg,561,0,-1,True,175,3100,0.5575926104935639,0.1234132581100141,1,1418,1,1,1,1
1767,0561_c0001_017.jpg,561,0,-1,True,175,3100,0.5311808631305284,0.1259899208063355,1,1389,1,1,1,1
1768,0561_c0001_018.jpg,561,0,-1,True,175,3100,0.5099411350137982,0.12773722627737227,1,1370,1,1,1,1
1769,0561_c0001_019.jpg,561,0,-1,True,175,3100,0.4306625738547437,0.1224632610216935,2,1429,0,1,1,1
1770,0561_c0001_020.jpg,561,0,-1,True,175,3100,0.4866727511849659,0.14571190674437967,1,1201,1,1,1,1
1771,0561_c0001_021.jpg,561,0,-1,True,175,3100,0.5086921778772631,0.1363990646921278,1,1283,1,1,1,1
1772,0561_c0001_022.jpg,561,0,-1,True,175,3100,0.5425681169723202,0.15638963360142985,1,1119,1,1,1,1
1773,0561_c0001_023.jpg,561,0,-1,True,175,3100,0.5498022816810558,0.14767932489451477,1,1185,1,1,1,1
1774,0561_c0001_024.jpg,561,0,-1,True,175,3100,0.56990383690492,0.1426242868785656,1,1227,1,1,1,1
1775,0561_c0002_000.jpg,561,1,-1,True,175,3100,0.5436423989840955,0.1158173395102581,1,1511,1,1,1,1
1776,0561_c0002_001.jpg,561,1,-1,True,175,3100,0.5607062024776975,0.12119113573407202,1,1444,1,1,1,1
1777,0561_c0002_002.jpg,561,1,-1,True,175,3100,0.5352968069065785,0.11920980926430517,1,1468,1,1,1,1
1778,0561_c0002_003.jpg,561,1,-1,True,175,3100,0.5499647149449083,0.10441527446300716,1,1676,1,1,1,1
1779,0561_c0002_004.jpg,561,1,-1,True,175,3100,0.5192938136113797,0.10775862068965517,1,1624,1,1,1,1
1780,0561_c0002_005.jpg,561,1,-1,True,175,3100,0.5385460624802155,0.10822510822510822,1,1617,1,1,1,1
1781,0561_c0002_006.jpg,561,1,-1,True,175,3100,0.5348877992865143,0.1053582179409994,1,1661,1,1,1,1
1782,0561_c0002_007.jpg,561,1,-1,True,175,3100,0.5183316833048823,0.1042287075640262,1,1679,1,1,1,1
1783,0561_c0002_008.jpg,561,1,-1,True,175,3100,0.5081336397442775,0.1041046995835812,1,1681,1,1,1,1
1784,0561_c0002_009.jpg,561,1,-1,True,175,3100,0.5269596311393541,0.10644768856447688,1,1644,1,1,1,1
1785,0561_c0002_010.jpg,561,1,-1,True,175,3100,0.5613413406353567,0.11994516792323509,1,1459,1,1,1,1
1786,0561_c0002_011.jpg,561,1,-1,True,175,3100,0.5681073549089022,0.11978097193702943,1,1461,1,1,1,1
1787,0561_c0002_012.jpg,561,1,-1,True,175,3100,0.5470187830615499,0.1179245283018868,1,1484,1,1,1,1
1788,0561_c0002_013.jpg,561,1,-1,True,175,3100,0.5675108780873158,0.12127512127512127,1,1443,1,1,1,1
1789,0561_c0002_014.jpg,561,1,-1,True,175,3100,0.5715483913731164,0.1290560471976401,1,1356,1,1,1,1
1790,0561_c0002_015.jpg,561,1,-1,True,175,3100,0.5961967411462695,0.14498757249378624,1,1207,1,1,1,1
1791,0561_c0002_016.jpg,561,1,-1,True,175,3100,0.5743657367535392,0.13790386130811663,1,1269,1,1,1,1
1792,0561_c0002_017.jpg,561,1,-1,True,175,3100,0.6029279892666322,0.14805414551607446,1,1182,1,1,1,1
1793,0561_c0002_018.jpg,561,1,-1,True,175,3100,0.6035850118473456,0.1446280991735537,1,1210,1,1,1,1
1794,0561_c0002_019.jpg,561,1,-1,True,175,3100,0.6046024791834891,0.14855687606112053,1,1178,1,1,1,1
1795,0561_c0002_020.jpg,561,1,-1,True,175,3100,0.5989711327297035,0.15151515151515152,1,1155,1,1,1,1
1796,0561_c0002_021.jpg,561,1,-1,True,175,3100,0.6010471854735763,0.16730401529636713,1,1046,1,1,1,1
1797,0561_c0002_022.jpg,561,1,-1,True,175,3100,0.5960568475793514,0.17820773930753564,1,982,1,1,1,1
1798,0561_c0002_023.jpg,561,1,-1,True,175,3100,0.6245474778591044,0.19230769230769232,1,910,1,1,1,1
1799,0561_c0002_024.jpg,561,1,-1,True,175,3100,0.5891909492371498,0.1586582048957389,1,1103,1,1,1,1
1800,0561_c0003_000.jpg,561,2,-1,True,175,3100,0.5615094589182685,0.16069788797061524,1,1089,1,1,1,1
1801,0561_c0003_001.jpg,561,2,-1,True,175,3100,0.5689653047503693,0.15751575157515751,1,1111,1,1,1,1
1802,0561_c0003_002.jpg,561,2,-1,True,175,3100,0.6037659943665908,0.19886363636363635,1,880,1,1,1,1
1803,0561_c0003_003.jpg,561,2,-1,True,175,3100,0.568014286494143,0.15151515151515152,1,1155,1,1,1,1
1804,0561_c0003_004.jpg,561,2,-1,True,175,3100,0.5730090655899674,0.14855687606112053,1,1178,1,1,1,1
1805,0561_c0003_005.jpg,561,2,-1,True,175,3100,0.538603311015956,0.1426242868785656,1,1227,1,1,1,1
1806,0561_c0003_006.jpg,561,2,-1,True,175,3100,0.5600500893620073,0.15217391304347827,1,1150,1,1,1,1
1807,0561_c0003_007.jpg,561,2,-1,True,175,3100,0.5318325871682787,0.13955342902711323,1,1254,1,1,1,1
1808,0561_c0003_008.jpg,561,2,-1,True,175,3100,0.4997233984705591,0.15086206896551724,2,1160,0,1,1,1
1809,0561_c0003_009.jpg,561,2,-1,True,175,3100,0.512798890758701,0.14656616415410384,1,1194,1,1,1,1
1810,0561_c0003_010.jpg,561,2,-1,True,175,3100,0.5236139367913797,0.1483050847457627,1,1180,1,1,1,1
1811,0561_c0003_011.jpg,561,2,-1,True,175,3100,0.5476155085073066,0.1493174061433447,1,1172,1,1,1,1
1812,0561_c0003_012.jpg,561,2,-1,True,175,3100,0.575465916807354,0.16055045871559634,1,1090,1,1,1,1
1813,0561_c0003_013.jpg,561,2,-1,True,175,3100,0.5757619132721711,0.17395626242544732,1,1006,1,1,1,1
1814,0561_c0003_014.jpg,561,2,-1,True,175,3100,0.6090279537036153,0.1855779427359491,1,943,1,1,1,1
1815,0561_c0003_015.jpg,561,2,-1,True,175,3100,0.5856961405617924,0.16778523489932887,1,1043,1,1,1,1
1816,0561_c0003_016.jpg,561,2,-1,True,175,3100,0.6077850236696904,0.18636847710330137,1,939,1,1,1,1
1817,0561_c0003_017.jpg,561,2,-1,True,175,3100,0.6176642375860427,0.18041237113402062,1,970,1,1,1,1
1818,0561_c0003_018.jpg,561,2,-1,True,175,3100,0.5838441152258247,0.1615881809787627,1,1083,1,1,1,1
1819,0561_c0003_019.jpg,561,2,-1,True,175,3100,0.5807258253380266,0.14546965918536992,1,1203,1,1,1,1
1820,0561_c0003_020.jpg,561,2,-1,True,175,3100,0.5790536526623549,0.15459363957597172,1,1132,1,1,1,1
1821,0561_c0003_021.jpg,561,2,-1,True,175,3100,0.600885584729359,0.16587677725118483,1,1055,1,1,1,1
1822,0561_c0003_022.jpg,561,2,-1,True,175,3100,0.6014799665980988,0.1783893985728848,1,981,1,1,1,1
1823,0561_c0003_023.jpg,561,2,-1,True,175,3100,0.5814263060498659,0.14227642276422764,1,1230,1,1,1,1
1824,0561_c0003_024.jpg,561,2,-1,True,175,3100,0.5811009408092017,0.1519097222222222,1,1152,1,1,1,1
1825,0561_c0004_000.jpg,561,3,-1,True,175,3100,0.589516318872698,0.12002743484224966,1,1458,1,1,1,1
1826,0561_c0004_001.jpg,561,3,-1,True,175,3100,0.5510309749237438,0.12736535662299855,1,1374,1,1,1,1
1827,0561_c0004_002.jpg,561,3,-1,True,175,3100,0.552065821658398,0.12186629526462396,1,1436,1,1,1,1
1828,0561_c0004_003.jpg,561,3,-1,True,175,3100,0.5541628574920376,0.11904761904761904,1,1470,1,1,1,1
1829,0561_c0004_004.jpg,561,3,-1,True,175,3100,0.6440468109380469,0.1294378698224852,1,1352,1,1,1,1
1830,0561_c0004_005.jpg,561,3,-1,True,175,3100,0.6554494838936219,0.12535816618911175,1,1396,1,1,1,1
1831,0561_c0004_006.jpg,561,3,-1,True,175,3100,0.5695035296712584,0.12736535662299855,1,1374,1,1,1,1
1832,0561_c0004_007.jpg,561,3,-1,True,175,3100,0.4809434838771339,0.1201923076923077,1,1456,1,1,1,1
1833,0561_c0004_008.jpg,561,3,-1,True,175,3100,0.48869915179597195,0.12464387464387465,1,1404,1,1,1,1
1834,0561_c0004_009.jpg,561,3,-1,True,175,3100,0.5005395233626091,0.12393767705382436,1,1412,1,1,1,1
1835,0561_c0004_010.jpg,561,3,-1,True,175,3100,0.5043450046059209,0.1260806916426513,1,1388,1,1,1,1
1836,0561_c0004_011.jpg,561,3,-1,True,175,3100,0.49843536064124544,0.12755102040816327,1,1372,1,1,1,1
1837,0561_c0004_012.jpg,561,3,-1,True,175,3100,0.471919614306417,0.125,1,1400,1,1,1,1
1838,0561_c0004_013.jpg,561,3,-1,True,175,3100,0.471241126758115,0.12102351313969571,1,1446,1,1,1,1
1839,0561_c0004_014.jpg,561,3,-1,True,175,3100,0.47485102937894463,0.12237762237762238,1,1430,1,1,1,1
1840,0561_c0004_015.jpg,561,3,-1,True,175,3100,0.4802012784406106,0.12402551381998582,1,1411,1,1,1,1
1841,0561_c0004_016.jpg,561,3,-1,True,175,3100,0.4787640614543097,0.12384996461429583,1,1413,1,1,1,1
1842,0561_c0004_017.jpg,561,3,-1,True,175,3100,0.45743199987294586,0.1174496644295302,1,1490,1,1,1,1
1843,0561_c0004_018.jpg,561,3,-1,True,175,3100,0.46903998302905403,0.1206064782908339,1,1451,1,1,1,1
1844,0561_c0004_019.jpg,561,3,-1,True,175,3100,0.45947087668886966,0.12052341597796143,1,1452,1,1,1,1
1845,0561_c0004_020.jpg,561,3,-1,True,175,3100,0.45388732149759725,0.12237762237762238,1,1430,1,1,1,1
1846,0561_c0004_021.jpg,561,3,-1,True,175,3100,0.4556827834767127,0.1206064782908339,1,1451,1,1,1,1
1847,0561_c0004_022.jpg,561,3,-1,True,175,3100,0.4541221396823801,0.11620185922974767,1,1506,1,1,1,1
1848,0561_c0004_023.jpg,561,3,-1,True,175,3100,0.45358100124475453,0.11543535620052771,1,1516,1,1,1,1
1849,0561_c0004_024.jpg,561,3,-1,True,175,3100,0.4626179412031751,0.11620185922974767,1,1506,1,1,1,1
1850,0561_c0005_000.jpg,561,4,-1,True,175,3100,0.48697973563861713,0.08060801473975127,1,2171,1,1,1,1
1851,0561_c0005_001.jpg,561,4,-1,True,175,3100,0.492828344044754,0.0783348254252462,1,2234,1,1,1,1
1852,0561_c0005_002.jpg,561,4,-1,True,175,3100,0.5009266735351241,0.08231420507996237,1,2126,1,1,1,1
1853,0561_c0005_003.jpg,561,4,-1,True,175,3100,0.4995882852218975,0.07854578096947935,1,2228,1,1,1,1
1854,0561_c0005_004.jpg,561,4,-1,True,175,3100,0.48107143107346595,0.0775022143489814,1,2258,1,1,1,1
1855,0561_c0005_005.jpg,561,4,-1,True,175,3100,0.48042491836232604,0.07798573975044563,1,2244,1,1,1,1
1856,0561_c0005_006.jpg,561,4,-1,True,175,3100,0.4739360896584076,0.0780205082478823,1,2243,1,1,1,1
1857,0561_c0005_007.jpg,561,4,-1,True,175,3100,0.47723506475563626,0.0764525993883792,1,2289,1,1,1,1
1858,0561_c0005_008.jpg,561,4,-1,True,175,3100,0.4754244402487072,0.07822977201609298,1,2237,1,1,1,1
1859,0561_c0005_009.jpg,561,4,-1,True,175,3100,0.4782672355554482,0.07815989280928987,1,2239,1,1,1,1
1860,0561_c0005_010.jpg,561,4,-1,True,175,3100,0.47186167948612306,0.07546356188012074,1,2319,1,1,1,1
1861,0561_c0005_011.jpg,561,4,-1,True,175,3100,0.47698058057662024,0.07847533632286996,1,2230,1,1,1,1
1862,0561_c0005_012.jpg,561,4,-1,True,175,3100,0.4682361381156071,0.0779510022271715,1,2245,1,1,1,1
1863,0561_c0005_013.jpg,561,4,-1,True,175,3100,0.4773632069349659,0.07530120481927711,1,2324,1,1,1,1
1864,0561_c0005_014.jpg,561,4,-1,True,175,3100,0.472281196048456,0.07368421052631578,1,2375,1,1,1,1
1865,0561_c0005_015.jpg,561,4,-1,True,175,3100,0.48061958470667526,0.07618632999564649,1,2297,1,1,1,1
1866,0561_c0005_016.jpg,561,4,-1,True,175,3100,0.47775455570988484,0.07692307692307693,1,2275,1,1,1,1
1867,0561_c0005_017.jpg,561,4,-1,True,175,3100,0.47896230167778664,0.07911392405063292,1,2212,1,1,1,1
1868,0561_c0005_018.jpg,561,4,-1,True,175,3100,0.4808052797008265,0.08162313432835822,1,2144,1,1,1,1
1869,0561_c0005_019.jpg,561,4,-1,True,175,3100,0.4824784663801369,0.08005489478499543,1,2186,1,1,1,1
1870,0561_c0005_020.jpg,561,4,-1,True,175,3100,0.48045292908175247,0.08075680664513152,1,2167,1,1,1,1
1871,0561_c0005_021.jpg,561,4,-1,True,175,3100,0.4747248455363624,0.07882882882882883,1,2220,1,1,1,1
1872,0561_c0005_022.jpg,561,4,-1,True,175,3100,0.4822290425370075,0.08042279411764706,1,2176,1,1,1,1
1873,0561_c0005_023.jpg,561,4,-1,True,175,3100,0.48038035652580424,0.07809013833110219,1,2241,1,1,1,1
1874,0561_c0005_024.jpg,561,4,-1,True,175,3100,0.4761332828942957,0.0739332488381918,1,2367,1,1,1,1
1875,0561_c0006_000.jpg,561,5,-1,True,175,3100,0.6100234586793144,0.13020833333333334,1,1344,1,1,1,1
1876,0561_c0006_001.jpg,561,5,-1,True,175,3100,0.6504178655893141,0.1417004048582996,1,1235,1,1,1,1
1877,0561_c0006_002.jpg,561,5,-1,True,175,3100,0.608869469868593,0.10355029585798817,1,1690,1,1,1,1
1878,0561_c0006_003.jpg,561,5,-1,True,175,3100,0.6330920762700663,0.11341542449773169,1,1543,1,1,1,1
1879,0561_c0006_004.jpg,561,5,-1,True,175,3100,0.6317481394676336,0.1149047931713723,1,1523,1,1,1,1
1880,0561_c0006_005.jpg,561,5,-1,True,175,3100,0.6323945229101613,0.12402551381998582,1,1411,1,1,1,1
1881,0561_c0006_006.jpg,561,5,-1,True,175,3100,0.6475985255032484,0.13492675404780263,1,1297,1,1,1,1
1882,0561_c0006_007.jpg,561,5,-1,True,175,3100,0.6415786041618696,0.1276440554339898,1,1371,1,1,1,1
1883,0561_c0006_008.jpg,561,5,-1,True,175,3100,0.625225617740661,0.12411347517730496,1,1410,1,1,1,1
1884,0561_c0006_009.jpg,561,5,-1,True,175,3100,0.6400800967203097,0.14522821576763487,1,1205,1,1,1,1
1885,0561_c0006_010.jpg,561,5,-1,True,175,3100,0.6397173019746544,0.14297385620915032,1,1224,1,1,1,1
1886,0561_c0006_011.jpg,561,5,-1,True,175,3100,0.6062085722358705,0.11174968071519796,1,1566,1,1,1,1
1887,0561_c0006_012.jpg,561,5,-1,True,175,3100,0.6040025146354236,0.10802469135802469,1,1620,1,1,1,1
1888,0561_c0006_013.jpg,561,5,-1,True,175,3100,0.607018836531296,0.10944340212632896,1,1599,1,1,1,1
1889,0561_c0006_014.jpg,561,5,-1,True,175,3100,0.6284251510570464,0.11551155115511551,1,1515,1,1,1,1
1890,0561_c0006_015.jpg,561,5,-1,True,175,3100,0.6347108876841066,0.1203576341127923,1,1454,1,1,1,1
1891,0561_c0006_016.jpg,561,5,-1,True,175,3100,0.6245973917809055,0.1292466765140325,1,1354,1,1,1,1
1892,0561_c0006_017.jpg,561,5,-1,True,175,3100,0.6389094537622785,0.13790386130811663,1,1269,1,1,1,1
1893,0561_c0006_018.jpg,561,5,-1,True,175,3100,0.6288685941588653,0.1292466765140325,1,1354,1,1,1,1
1894,0561_c0006_019.jpg,561,5,-1,True,175,3100,0.5806324054385227,0.1326762699014405,1,1319,1,1,1,1
1895,0561_c0006_020.jpg,561,5,-1,True,175,3100,0.5914682315876234,0.13768686073957515,1,1271,1,1,1,1
1896,0561_c0006_021.jpg,561,5,-1,True,175,3100,0.5983982259057817,0.13420245398773006,1,1304,1,1,1,1
1897,0561_c0006_022.jpg,561,5,-1,True,175,3100,0.5889291303888623,0.13440860215053763,1,1302,1,1,1,1
1898,0561_c0006_023.jpg,561,5,-1,True,175,3100,0.6103547577206868,0.13118440779610194,1,1334,1,1,1,1
1899,0561_c0006_024.jpg,561,5,-1,True,175,3100,0.6049554535622619,0.13348588863463004,1,1311,1,1,1,1
1900,0561_c0007_000.jpg,561,6,-1,True,175,3100,0.7894943216498279,0.19021739130434784,1,920,1,1,1,1
1901,0561_c0007_001.jpg,561,6,-1,True,175,3100,0.8148575418804047,0.20348837209302326,1,860,1,1,1,1
1902,0561_c0007_002.jpg,561,6,-1,True,175,3100,0.7967360126471464,0.18756698821007503,1,933,1,1,1,1
1903,0561_c0007_003.jpg,561,6,-1,True,175,3100,0.7765605740475027,0.1898047722342733,1,922,1,1,1,1
1904,0561_c0007_004.jpg,561,6,-1,True,175,3100,0.8009761249082745,0.1937984496124031,1,903,1,1,1,1
1905,0561_c0007_005.jpg,561,6,-1,True,175,3100,0.799969737925887,0.19931662870159453,1,878,1,1,1,1
1906,0561_c0007_006.jpg,561,6,-1,True,175,3100,0.7918411646082709,0.19487750556792874,1,898,1,1,1,1
1907,0561_c0007_007.jpg,561,6,-1,True,175,3100,0.7755188682992996,0.1883745963401507,1,929,1,1,1,1
1908,0561_c0007_008.jpg,561,6,-1,True,175,3100,0.8251346458096708,0.19358407079646017,1,904,1,1,1,1
1909,0561_c0007_009.jpg,561,6,-1,True,175,3100,0.8505686292772712,0.21551724137931033,1,812,1,1,1,1
1910,0561_c0007_010.jpg,561,6,-1,True,175,3100,0.8510058009349882,0.23209549071618038,1,754,1,1,1,1
1911,0561_c0007_011.jpg,561,6,-1,True,175,3100,0.845848894564896,0.21008403361344538,1,833,1,1,1,1
1912,0561_c0007_012.jpg,561,6,-1,True,175,3100,0.8342046007091728,0.21341463414634146,1,820,1,1,1,1
1913,0561_c0007_013.jpg,561,6,-1,True,175,3100,0.8416211895090777,0.2080856123662307,1,841,1,1,1,1
1914,0561_c0007_014.jpg,561,6,-1,True,175,3100,0.8192332177715468,0.20759193357058126,1,843,1,1,1,1
1915,0561_c0007_015.jpg,561,6,-1,True,175,3100,0.8081726044263184,0.19315673289183222,1,906,1,1,1,1
1916,0561_c0007_016.jpg,561,6,-1,True,175,3100,0.8085911840626269,0.19337016574585636,1,905,1,1,1,1
1917,0561_c0007_017.jpg,561,6,-1,True,175,3100,0.8348507095896109,0.20372526193247964,1,859,1,1,1,1
1918,0561_c0007_018.jpg,561,6,-1,True,175,3100,0.8319091699564173,0.22349936143039592,1,783,1,1,1,1
1919,0561_c0007_019.jpg,561,6,-1,True,175,3100,0.7720323176361362,0.16619183285849953,1,1053,1,1,1,1
1920,0561_c0007_020.jpg,561,6,-1,True,175,3100,0.7801230376606726,0.1647834274952919,1,1062,1,1,1,1
1921,0561_c0007_021.jpg,561,6,-1,True,175,3100,0.7860547209894383,0.18191268191268192,1,962,1,1,1,1
1922,0561_c0007_022.jpg,561,6,-1,True,175,3100,0.8097542850322613,0.19209659714599342,1,911,1,1,1,1
1923,0561_c0007_023.jpg,561,6,-1,True,175,3100,0.7833011668731117,0.1849894291754757,1,946,1,1,1,1
1924,0561_c0007_024.jpg,561,6,-1,True,175,3100,0.8171022381144489,0.18676627534685167,1,937,1,1,1,1
1925,0561_c0008_000.jpg,561,7,-1,True,175,3100,0.8167603286778536,0.20685579196217493,1,846,1,1,1,1
1926,0561_c0008_001.jpg,561,7,-1,True,175,3100,0.8087933015960571,0.2023121387283237,1,865,1,1,1,1
1927,0561_c0008_002.jpg,561,7,-1,True,175,3100,0.8225264355177142,0.21712158808933002,1,806,1,1,1,1
1928,0561_c0008_003.jpg,561,7,-1,True,175,3100,0.8125004753771276,0.2080856123662307,1,841,1,1,1,1
1929,0561_c0008_004.jpg,561,7,-1,True,175,3100,0.8354589887957604,0.25510204081632654,1,686,1,1,1,1
1930,0561_c0008_005.jpg,561,7,-1,True,175,3100,0.8258310220825485,0.2190237797246558,1,799,1,1,1,1
1931,0561_c0008_006.jpg,561,7,-1,True,175,3100,0.8430544319627175,0.2517985611510791,1,695,1,1,1,1
1932,0561_c0008_007.jpg,561,7,-1,True,175,3100,0.8432476075622355,0.24752475247524752,1,707,1,1,1,1
1933,0561_c0008_008.jpg,561,7,-1,True,175,3100,0.8382337022935875,0.25773195876288657,1,679,1,1,1,1
1934,0561_c0008_009.jpg,561,7,-1,True,175,3100,0.8573795951461476,0.2679938744257274,1,653,1,1,1,1
1935,0561_c0008_010.jpg,561,7,-1,True,175,3100,0.8600438779005174,0.25289017341040465,1,692,1,1,1,1
1936,0561_c0008_011.jpg,561,7,-1,True,175,3100,0.848547886405873,0.24717514124293785,1,708,1,1,1,1
1937,0561_c0008_012.jpg,561,7,-1,True,175,3100,0.8525064989891111,0.24822695035460993,1,705,1,1,1,1
1938,0561_c0008_013.jpg,561,7,-1,True,175,3100,0.8653902213006904,0.31645569620253167,1,553,1,1,1,1
1939,0561_c0008_014.jpg,561,7,-1,True,175,3100,0.8594768228758546,0.27602523659305994,1,634,1,1,1,1
1940,0561_c0008_015.jpg,561,7,-1,True,175,3100,0.8552928141268168,0.24238227146814403,1,722,1,1,1,1
1941,0561_c0008_016.jpg,561,7,-1,True,175,3100,0.8496854142678957,0.22935779816513763,1,763,1,1,1,1
1942,0561_c0008_017.jpg,561,7,-1,True,175,3100,0.863824960863162,0.2514367816091954,1,696,1,1,1,1
1943,0561_c0008_018.jpg,561,7,-1,True,175,3100,0.8579001265696969,0.3027681660899654,1,578,1,1,1,1
1944,0561_c0008_019.jpg,561,7,-1,True,175,3100,0.8582648712726135,0.32051282051282054,1,546,1,1,1,1
1945,0561_c0008_020.jpg,561,7,-1,True,175,3100,0.8432647141956304,0.2936241610738255,1,596,1,1,1,1
1946,0561_c0008_021.jpg,561,7,-1,True,175,3100,0.8549199834261786,0.29411764705882354,1,595,1,1,1,1
1947,0561_c0008_022.jpg,561,7,-1,True,175,3100,0.8726641814836236,0.3458498023715415,1,506,1,1,1,1
1948,0561_c0008_023.jpg,561,7,-1,True,175,3100,0.8683248361189885,0.3333333333333333,1,525,1,1,1,1
1949,0561_c0008_024.jpg,561,7,-1,True,175,3100,0.873206489485777,0.3371868978805395,1,519,1,1,1,1
1950,0567_c0001_000.jpg,567,0,-1,True,175,3100,0.5969488530703893,0.1589464123524069,1,1101,1,1,1,1
1951,0567_c0001_001.jpg,567,0,-1,True,175,3100,0.6136936046704246,0.16069788797061524,1,1089,1,1,1,1
1952,0567_c0001_002.jpg,567,0,-1,True,175,3100,0.6127036450054306,0.17224409448818898,1,1016,1,1,1,1
1953,0567_c0001_003.jpg,567,0,-1,True,175,3100,0.6050773461543458,0.1736111111111111,1,1008,1,1,1,1
1954,0567_c0001_004.jpg,567,0,-1,True,175,3100,0.5346583873320835,0.1471825063078217,1,1189,1,1,1,1
1955,0567_c0001_005.jpg,567,0,-1,True,175,3100,0.535967246281496,0.14595496246872394,1,1199,1,1,1,1
1956,0567_c0001_006.jpg,567,0,-1,True,175,3100,0.5393846276422866,0.14619883040935672,1,1197,1,1,1,1
1957,0567_c0001_007.jpg,567,0,-1,True,175,3100,0.5787139424353905,0.1609935602575897,1,1087,1,1,1,1
1958,0567_c0001_008.jpg,567,0,-1,True,175,3100,0.5436805782472881,0.1519097222222222,1,1152,1,1,1,1
1959,0567_c0001_009.jpg,567,0,-1,True,175,3100,0.5916031272722072,0.1643192488262911,1,1065,1,1,1,1
1960,0567_c0001_010.jpg,567,0,-1,True,175,3100,0.56706276758258,0.15638963360142985,1,1119,1,1,1,1
1961,0567_c0001_011.jpg,567,0,-1,True,175,3100,0.5650980993918552,0.15555555555555556,1,1125,1,1,1,1
1962,0567_c0001_012.jpg,567,0,-1,True,175,3100,0.5690099354156751,0.16730401529636713,1,1046,1,1,1,1
1963,0567_c0001_013.jpg,567,0,-1,True,175,3100,0.49867004435697854,0.1484308736217133,1,1179,1,1,1,1
1964,0567_c0001_014.jpg,567,0,-1,True,175,3100,0.5006786207094804,0.1637043966323667,1,1069,1,1,1,1
1965,0567_c0001_015.jpg,567,0,-1,True,175,3100,0.5619156405573806,0.16462841015992474,1,1063,1,1,1,1
1966,0567_c0001_016.jpg,567,0,-1,True,175,3100,0.48446805673926213,0.15681003584229392,1,1116,1,1,1,1
1967,0567_c0001_017.jpg,567,0,-1,True,175,3100,0.5810795626427135,0.1674641148325359,1,1045,1,1,1,1
1968,0567_c0001_018.jpg,567,0,-1,True,175,3100,0.5602781106589941,0.1647834274952919,1,1062,1,1,1,1
1969,0567_c0001_019.jpg,567,0,-1,True,175,3100,0.5299972579360972,0.1592356687898089,1,1099,1,1,1,1
1970,0567_c0001_020.jpg,567,0,-1,True,175,3100,0.502065960347151,0.14944491887275832,1,1171,1,1,1,1
1971,0567_c0001_021.jpg,567,0,-1,True,175,3100,0.5253224942404556,0.1588021778584392,1,1102,1,1,1,1
1972,0567_c0001_022.jpg,567,0,-1,True,175,3100,0.5693567260318134,0.16233766233766234,1,1078,1,1,1,1
1973,0567_c0001_023.jpg,567,0,-1,True,175,3100,0.5765832108167642,0.16188714153561518,1,1081,1,1,1,1
1974,0567_c0001_024.jpg,567,0,-1,True,175,3100,0.5917655134298572,0.16233766233766234,1,1078,1,1,1,1
1975,0567_c0002_000.jpg,567,1,-1,True,175,3100,0.3674527226972725,0.34930139720558884,47,501,0,0,0,0
1976,0567_c0002_001.jpg,567,1,-1,True,175,3100,0.5272766267307888,0.3684210526315789,11,475,0,0,0,1
1977,0567_c0002_002.jpg,567,1,-1,True,175,3100,0.5724626571880724,0.43640897755610975,7,401,0,0,1,1
1978,0567_c0002_003.jpg,567,1,-1,True,175,3100,0.4830913811395713,0.4278728606356968,19,409,0,0,0,1
1979,0567_c0002_004.jpg,567,1,-1,True,175,3100,0.6004560568223487,0.4069767441860465,6,430,0,0,1,1
1980,0567_c0002_005.jpg,567,1,-1,True,175,3100,0.5532535763307872,0.39503386004514673,15,443,0,0,0,1
1981,0567_c0002_006.jpg,567,1,-1,True,175,3100,0.5579681684843676,0.38631346578366443,2,453,0,1,1,1
1982,0567_c0002_007.jpg,567,1,-1,True,175,3100,0.41585323764359455,0.36764705882352944,18,476,0,0,0,1
1983,0567_c0002_008.jpg,567,1,-1,True,175,3100,0.4470077537937238,0.373134328358209,19,469,0,0,0,1
1984,0567_c0002_009.jpg,567,1,-1,True,175,3100,0.5446956108446661,0.3796095444685466,12,461,0,0,0,1
1985,0567_c0002_010.jpg,567,1,-1,True,175,3100,0.574994342056281,0.41273584905660377,16,424,0,0,0,1
1986,0567_c0002_011.jpg,567,1,-1,True,175,3100,0.6194615812826786,0.5537974683544303,9,316,0,0,1,1
1987,0567_c0002_012.jpg,567,1,-1,True,175,3100,0.5725430051867102,0.4666666666666667,21,375,0,0,0,0
1988,0567_c0002_013.jpg,567,1,-1,True,175,3100,0.5804829128041908,0.4807692307692308,22,364,0,0,0,0
1989,0567_c0002_014.jpg,567,1,-1,True,175,3100,0.5603031608045952,0.4794520547945205,26,365,0,0,0,0
1990,0567_c0002_015.jpg,567,1,-1,True,175,3100,0.5419599043288766,0.4781420765027322,21,366,0,0,0,0
1991,0567_c0002_016.jpg,567,1,-1,True,175,3100,0.5920783450704036,0.49575070821529743,20,353,0,0,0,1
1992,0567_c0002_017.jpg,567,1,-1,True,175,3100,0.6054772724241827,0.46174142480211083,14,379,0,0,0,1
1993,0567_c0002_018.jpg,567,1,-1,True,175,3100,0.6099729348342154,0.4666666666666667,9,375,0,0,1,1
1994,0567_c0002_019.jpg,567,1,-1,True,175,3100,0.5864244307915941,0.4430379746835443,20,395,0,0,0,1
1995,0567_c0002_020.jpg,567,1,-1,True,175,3100,0.6020088735151834,0.45691906005221933,12,383,0,0,0,1
1996,0567_c0002_021.jpg,567,1,-1,True,175,3100,0.5949123164125868,0.4581151832460733,16,382,0,0,0,1
1997,0567_c0002_022.jpg,567,1,-1,True,175,3100,0.5980482998503671,0.45931758530183725,12,381,0,0,0,1
1998,0567_c0002_023.jpg,567,1,-1,True,175,3100,0.5488590879746222,0.39325842696629215,21,445,0,0,0,0
1999,0567_c0002_024.jpg,567,1,-1,True,175,3100,0.4838815364141637,0.36082474226804123,34,485,0,0,0,0
2000,0567_c0003_000.jpg,567,2,-1,True,175,3100,0.5530199389091985,0.33206831119544594,1,527,1,1,1,1
2001,0567_c0003_001.jpg,567,2,-1,True,175,3100,0.5935572718354394,0.3564154786150713,1,491,1,1,1,1
2002,0567_c0003_002.jpg,567,2,-1,True,175,3100,0.6028616903407963,0.3615702479338843,1,484,1,1,1,1
2003,0567_c0003_003.jpg,567,2,-1,True,175,3100,0.562612027019465,0.35860655737704916,1,488,1,1,1,1
2004,0567_c0003_004.jpg,567,2,-1,True,175,3100,0.5888008787707494,0.34448818897637795,1,508,1,1,1,1
2005,0567_c0003_005.jpg,567,2,-1,True,175,3100,0.638678717189001,0.343811394891945,1,509,1,1,1,1
2006,0567_c0003_006.jpg,567,2,-1,True,175,3100,0.6302709036522833,0.33849129593810445,1,517,1,1,1,1
2007,0567_c0003_007.jpg,567,2,-1,True,175,3100,0.6138280501851664,0.33524904214559387,1,522,1,1,1,1
2008,0567_c0003_008.jpg,567,2,-1,True,175,3100,0.5974057967323215,0.3391472868217054,1,516,1,1,1,1
2009,0567_c0003_009.jpg,567,2,-1,True,175,3100,0.6360825723196509,0.33396946564885494,1,524,1,1,1,1
2010,0567_c0003_010.jpg,567,2,-1,True,175,3100,0.5655850746435183,0.31992687385740404,1,547,1,1,1,1
2011,0567_c0003_011.jpg,567,2,-1,True,175,3100,0.6370199076228837,0.3333333333333333,1,525,1,1,1,1
2012,0567_c0003_012.jpg,567,2,-1,True,175,3100,0.5671478370152567,0.3234750462107209,1,541,1,1,1,1
2013,0567_c0003_013.jpg,567,2,-1,True,175,3100,0.5670864761437177,0.3147482014388489,1,556,1,1,1,1
2014,0567_c0003_014.jpg,567,2,-1,True,175,3100,0.555852023870514,0.31876138433515483,1,549,1,1,1,1
2015,0567_c0003_015.jpg,567,2,-1,True,175,3100,0.6463174926961586,0.341796875,1,512,1,1,1,1
2016,0567_c0003_016.jpg,567,2,-1,True,175,3100,0.6493080060506733,0.3528225806451613,1,496,1,1,1,1
2017,0567_c0003_017.jpg,567,2,-1,True,175,3100,0.6311259357794953,0.35070140280561124,1,499,1,1,1,1
2018,0567_c0003_018.jpg,567,2,-1,True,175,3100,0.5995997496742551,0.3424657534246575,1,511,1,1,1,1
2019,0567_c0003_019.jpg,567,2,-1,True,175,3100,0.617219832014912,0.35714285714285715,1,490,1,1,1,1
2020,0567_c0003_020.jpg,567,2,-1,True,175,3100,0.6559175499560957,0.35496957403651114,1,493,1,1,1,1
2021,0567_c0003_021.jpg,567,2,-1,True,175,3100,0.686767620906444,0.34930139720558884,1,501,1,1,1,1
2022,0567_c0003_022.jpg,567,2,-1,True,175,3100,0.716897397859444,0.3653444676409186,1,479,1,1,1,1
2023,0567_c0003_023.jpg,567,2,-1,True,175,3100,0.738182815899634,0.3645833333333333,1,480,1,1,1,1
2024,0567_c0003_024.jpg,567,2,-1,True,175,3100,0.7430617304519709,0.3645833333333333,1,480,1,1,1,1
2025,0567_c0004_000.jpg,567,3,-1,True,175,3100,0.39997275937433757,0.2916666666666667,1,600,1,1,1,1
2026,0567_c0004_001.jpg,567,3,-1,True,175,3100,0.41569792057601995,0.3017241379310345,1,580,1,1,1,1
2027,0567_c0004_002.jpg,567,3,-1,True,175,3100,0.40471606056028625,0.3054101221640489,1,573,1,1,1,1
2028,0567_c0004_003.jpg,567,3,-1,True,175,3100,0.38925433991949576,0.2956081081081081,1,592,1,1,1,1
2029,0567_c0004_004.jpg,567,3,-1,True,175,3100,0.4059225160864974,0.30120481927710846,1,581,1,1,1,1
2030,0567_c0004_005.jpg,567,3,-1,True,175,3100,0.41115534885823446,0.2986348122866894,1,586,1,1,1,1
2031,0567_c0004_006.jpg,567,3,-1,True,175,3100,0.3888526644501802,0.2981260647359455,1,587,1,1,1,1
2032,0567_c0004_007.jpg,567,3,-1,True,175,3100,0.3631483304501626,0.2764612954186414,1,633,1,1,1,1
2033,0567_c0004_008.jpg,567,3,-1,True,175,3100,0.3767575127120631,0.28735632183908044,1,609,1,1,1,1
2034,0567_c0004_009.jpg,567,3,-1,True,175,3100,0.3716881701024579,0.28548123980424145,1,613,1,1,1,1
2035,0567_c0004_010.jpg,567,3,-1,True,175,3100,0.4037458718755773,0.2931323283082077,1,597,1,1,1,1
2036,0567_c0004_011.jpg,567,3,-1,True,175,3100,0.3889156677150988,0.28044871794871795,1,624,1,1,1,1
2037,0567_c0004_012.jpg,567,3,-1,True,175,3100,0.36226745605184685,0.2777777777777778,1,630,1,1,1,1
2038,0567_c0004_013.jpg,567,3,-1,True,175,3100,0.3377560572783682,0.26119402985074625,1,670,1,1,1,1
2039,0567_c0004_014.jpg,567,3,-1,True,175,3100,0.22247806996392464,0.22905759162303665,3,764,0,1,1,1
2040,0567_c0004_015.jpg,567,3,-1,True,175,3100,0.2482689650216698,0.23777173913043478,1,736,1,1,1,1
2041,0567_c0004_016.jpg,567,3,-1,True,175,3100,0.3744062221770043,0.24509803921568626,1,714,1,1,1,1
2042,0567_c0004_017.jpg,567,3,-1,True,175,3100,0.3128153537550248,0.24271844660194175,1,721,1,1,1,1
2043,0567_c0004_018.jpg,567,3,-1,True,175,3100,0.3154428418038709,0.23333333333333334,1,750,1,1,1,1
2044,0567_c0004_019.jpg,567,3,-1,True,175,3100,0.36319587523611946,0.24005486968449932,1,729,1,1,1,1
2045,0567_c0004_020.jpg,567,3,-1,True,175,3100,0.3672970078978173,0.24717514124293785,1,708,1,1,1,1
2046,0567_c0004_021.jpg,567,3,-1,True,175,3100,0.391808453035838,0.25584795321637427,1,684,1,1,1,1
2047,0567_c0004_022.jpg,567,3,-1,True,175,3100,0.45161616800099263,0.33081285444234404,1,529,1,1,1,1
2048,0567_c0004_023.jpg,567,3,-1,True,175,3100,0.4297878610573291,0.32287822878228783,1,542,1,1,1,1
2049,0567_c0004_024.jpg,567,3,-1,True,175,3100,0.42528259661970913,0.2911813643926789,1,601,1,1,1,1
2050,0567_c0005_000.jpg,567,4,-1,True,175,3100,0.8538070211270962,0.38293216630196936,1,457,1,1,1,1
2051,0567_c0005_001.jpg,567,4,-1,True,175,3100,0.8369224900881259,0.34448818897637795,1,508,1,1,1,1
2052,0567_c0005_002.jpg,567,4,-1,True,175,3100,0.8255038967816287,0.31992687385740404,1,547,1,1,1,1
2053,0567_c0005_003.jpg,567,4,-1,True,175,3100,0.8483173610030806,0.38293216630196936,1,457,1,1,1,1
2054,0567_c0005_004.jpg,567,4,-1,True,175,3100,0.8264080146283608,0.3252788104089219,1,538,1,1,1,1
2055,0567_c0005_005.jpg,567,4,-1,True,175,3100,0.8278459068805097,0.3295668549905838,1,531,1,1,1,1
2056,0567_c0005_006.jpg,567,4,-1,True,175,3100,0.8830269720956698,0.4088785046728972,1,428,1,1,1,1
2057,0567_c0005_007.jpg,567,4,-1,True,175,3100,0.8657953263978334,0.4146919431279621,1,422,1,1,1,1
2058,0567_c0005_008.jpg,567,4,-1,True,175,3100,0.8821030817970587,0.44080604534005036,1,397,1,1,1,1
2059,0567_c0005_009.jpg,567,4,-1,True,175,3100,0.8750175291740749,0.39414414414414417,1,444,1,1,1,1
2060,0567_c0005_010.jpg,567,4,-1,True,175,3100,0.9012652773215493,0.46174142480211083,1,379,1,1,1,1
2061,0567_c0005_011.jpg,567,4,-1,True,175,3100,0.8987157706497452,0.48342541436464087,1,362,1,1,1,1
2062,0567_c0005_012.jpg,567,4,-1,True,175,3100,0.9017780254353475,0.5775577557755776,1,303,1,1,1,1
2063,0567_c0005_013.jpg,567,4,-1,True,175,3100,0.8934298373040143,0.4985754985754986,1,351,1,1,1,1
2064,0567_c0005_014.jpg,567,4,-1,True,175,3100,0.9165827234813813,0.6055363321799307,1,289,1,1,1,1
2065,0567_c0005_015.jpg,567,4,-1,True,175,3100,0.9325648157526338,0.6529850746268657,1,268,1,1,1,1
2066,0567_c0005_016.jpg,567,4,-1,True,175,3100,0.927947726880364,0.5573248407643312,1,314,1,1,1,1
2067,0567_c0005_017.jpg,567,4,-1,True,175,3100,0.9072404567355251,0.54858934169279,1,319,1,1,1,1
2068,0567_c0005_018.jpg,567,4,-1,True,175,3100,0.8657634844715855,0.390625,1,448,1,1,1,1
2069,0567_c0005_019.jpg,567,4,-1,True,175,3100,0.8968951018527843,0.42475728155339804,1,412,1,1,1,1
2070,0567_c0005_020.jpg,567,4,-1,True,175,3100,0.8769457640872398,0.38461538461538464,1,455,1,1,1,1
2071,0567_c0005_021.jpg,567,4,-1,True,175,3100,0.9198704328531571,0.4861111111111111,1,360,1,1,1,1
2072,0567_c0005_022.jpg,567,4,-1,True,175,3100,0.9263139544217481,0.5177514792899408,1,338,1,1,1,1
2073,0567_c0005_023.jpg,567,4,-1,True,175,3100,0.920150972600158,0.49157303370786515,1,356,1,1,1,1
2074,0567_c0005_024.jpg,567,4,-1,True,175,3100,0.9285744199861234,0.48476454293628807,1,361,1,1,1,1
2075,0567_c0006_000.jpg,567,5,-1,True,175,3100,0.7014124547034795,0.2878289473684211,1,608,1,1,1,1
2076,0567_c0006_001.jpg,567,5,-1,True,175,3100,0.7348438410566752,0.2878289473684211,1,608,1,1,1,1
2077,0567_c0006_002.jpg,567,5,-1,True,175,3100,0.7519069004607591,0.3038194444444444,1,576,1,1,1,1
2078,0567_c0006_003.jpg,567,5,-1,True,175,3100,0.7185006191017472,0.2764612954186414,1,633,1,1,1,1
2079,0567_c0006_004.jpg,567,5,-1,True,175,3100,0.742038955245666,0.28548123980424145,1,613,1,1,1,1
2080,0567_c0006_005.jpg,567,5,-1,True,175,3100,0.7682255844934002,0.30434782608695654,1,575,1,1,1,1
2081,0567_c0006_006.jpg,567,5,-1,True,175,3100,0.8129697915910317,0.33269961977186313,1,526,1,1,1,1
2082,0567_c0006_007.jpg,567,5,-1,True,175,3100,0.713084335142461,0.2619760479041916,1,668,1,1,1,1
2083,0567_c0006_008.jpg,567,5,-1,True,175,3100,0.734859201062375,0.2692307692307692,1,650,1,1,1,1
2084,0567_c0006_009.jpg,567,5,-1,True,175,3100,0.699819541981004,0.2588757396449704,1,676,1,1,1,1
2085,0567_c0006_010.jpg,567,5,-1,True,175,3100,0.6575580861331158,0.25584795321637427,1,684,1,1,1,1
2086,0567_c0006_011.jpg,567,5,-1,True,175,3100,0.7426205665680419,0.28501628664495116,1,614,1,1,1,1
2087,0567_c0006_012.jpg,567,5,-1,True,175,3100,0.7711712331730277,0.27301092043681746,1,641,1,1,1,1
2088,0567_c0006_013.jpg,567,5,-1,True,175,3100,0.6930134220280753,0.2892561983471074,1,605,1,1,1,1
2089,0567_c0006_014.jpg,567,5,-1,True,175,3100,0.7399709574103166,0.26595744680851063,1,658,1,1,1,1
2090,0567_c0006_015.jpg,567,5,-1,True,175,3100,0.7383502120054402,0.24717514124293785,1,708,1,1,1,1
2091,0567_c0006_016.jpg,567,5,-1,True,175,3100,0.6605851225580905,0.2692307692307692,1,650,1,1,1,1
2092,0567_c0006_017.jpg,567,5,-1,True,175,3100,0.7922836267017787,0.31305903398926654,1,559,1,1,1,1
2093,0567_c0006_018.jpg,567,5,-1,True,175,3100,0.7538731467492819,0.2961082910321489,1,591,1,1,1,1
2094,0567_c0006_019.jpg,567,5,-1,True,175,3100,0.6584499336564217,0.2708978328173375,1,646,1,1,1,1
2095,0567_c0006_020.jpg,567,5,-1,True,175,3100,0.7093335490624989,0.2708978328173375,1,646,1,1,1,1
2096,0567_c0006_021.jpg,567,5,-1,True,175,3100,0.7374660674397517,0.28501628664495116,1,614,1,1,1,1
2097,0567_c0006_022.jpg,567,5,-1,True,175,3100,0.6546729815166269,0.25925925925925924,1,675,1,1,1,1
2098,0567_c0006_023.jpg,567,5,-1,True,175,3100,0.6588860196123371,0.2755905511811024,1,635,1,1,1,1
2099,0567_c0006_024.jpg,567,5,-1,True,175,3100,0.5971556126161264,0.26395173453996984,1,663,1,1,1,1
2100,0567_c0007_000.jpg,567,6,-1,True,175,3100,0.7247253053633576,0.5833333333333334,5,300,0,1,1,1
2101,0567_c0007_001.jpg,567,6,-1,True,175,3100,0.7210467314148671,0.5368098159509203,5,326,0,1,1,1
2102,0567_c0007_002.jpg,567,6,-1,True,175,3100,0.7777551012308938,0.5116959064327485,1,342,1,1,1,1
2103,0567_c0007_003.jpg,567,6,-1,True,175,3100,0.7630227236478437,0.5208333333333334,1,336,1,1,1,1
2104,0567_c0007_004.jpg,567,6,-1,True,175,3100,0.7131637763533428,0.6704980842911877,6,261,0,0,1,1
2105,0567_c0007_005.jpg,567,6,-1,True,175,3100,0.8116368783609653,0.631768953068592,1,277,1,1,1,1
2106,0567_c0007_006.jpg,567,6,-1,True,175,3100,0.8694863453956171,0.6782945736434108,1,258,1,1,1,1
2107,0567_c0007_007.jpg,567,6,-1,True,175,3100,0.8952350129433921,0.6782945736434108,1,258,1,1,1,1
2108,0567_c0007_008.jpg,567,6,-1,True,175,3100,0.8980752608335723,0.625,1,280,1,1,1,1
2109,0567_c0007_009.jpg,567,6,-1,True,175,3100,0.8782018075001773,0.5718954248366013,1,306,1,1,1,1
2110,0567_c0007_010.jpg,567,6,-1,True,175,3100,0.7613158434179658,0.6679389312977099,5,262,0,1,1,1
2111,0567_c0007_011.jpg,567,6,-1,True,175,3100,0.7730372415833152,0.6782945736434108,5,258,0,1,1,1
2112,0567_c0007_012.jpg,567,6,-1,True,175,3100,0.6926977399946477,0.6227758007117438,12,281,0,0,0,1
2113,0567_c0007_013.jpg,567,6,-1,True,175,3100,0.6777868709912463,0.6653992395437263,14,263,0,0,0,1
2114,0567_c0007_014.jpg,567,6,-1,True,175,3100,0.7148859438465842,0.6862745098039216,11,255,0,0,0,1
2115,0567_c0007_015.jpg,567,6,-1,True,175,3100,0.7018231340266178,0.6972111553784861,11,251,0,0,0,1
2116,0567_c0007_016.jpg,567,6,-1,True,175,3100,0.731574004495192,0.6782945736434108,6,258,0,0,1,1
2117,0567_c0007_017.jpg,567,6,-1,True,175,3100,0.746024965756806,0.6183745583038869,5,283,0,1,1,1
2118,0567_c0007_018.jpg,567,6,-1,True,175,3100,0.728511602951395,0.68359375,8,256,0,0,1,1
2119,0567_c0007_019.jpg,567,6,-1,True,175,3100,0.7113955880488639,0.5645161290322581,8,310,0,0,1,1
2120,0567_c0007_020.jpg,567,6,-1,True,175,3100,0.7291699417741623,0.5555555555555556,6,315,0,0,1,1
2121,0567_c0007_021.jpg,567,6,-1,True,175,3100,0.7117911250483778,0.5520504731861199,7,317,0,0,1,1
2122,0567_c0007_022.jpg,567,6,-1,True,175,3100,0.8149353542735662,0.54858934169279,1,319,1,1,1,1
2123,0567_c0007_023.jpg,567,6,-1,True,175,3100,0.8052112456956274,0.5351681957186545,1,327,1,1,1,1
2124,0567_c0007_024.jpg,567,6,-1,True,175,3100,0.7504608028434958,0.6704980842911877,6,261,0,0,1,1
2125,0567_c0008_000.jpg,567,7,-1,True,175,3100,0.8771910153347218,0.3684210526315789,1,475,1,1,1,1
2126,0567_c0008_001.jpg,567,7,-1,True,175,3100,0.8815867785114022,0.36382536382536385,1,481,1,1,1,1
2127,0567_c0008_002.jpg,567,7,-1,True,175,3100,0.9228301139467628,0.4146919431279621,1,422,1,1,1,1
2128,0567_c0008_003.jpg,567,7,-1,True,175,3100,0.8599655496298791,0.3064798598949212,1,571,1,1,1,1
2129,0567_c0008_004.jpg,567,7,-1,True,175,3100,0.9077601072227867,0.4098360655737705,1,427,1,1,1,1
2130,0567_c0008_005.jpg,567,7,-1,True,175,3100,0.9388329051047747,0.4742547425474255,1,369,1,1,1,1
2131,0567_c0008_006.jpg,567,7,-1,True,175,3100,0.9479545703740795,0.43103448275862066,1,406,1,1,1,1
2132,0567_c0008_007.jpg,567,7,-1,True,175,3100,0.9637739007480176,0.4716981132075472,1,371,1,1,1,1
2133,0567_c0008_008.jpg,567,7,-1,True,175,3100,0.9609212156635838,0.46296296296296297,1,378,1,1,1,1
2134,0567_c0008_009.jpg,567,7,-1,True,175,3100,0.9485611544670168,0.41371158392434987,1,423,1,1,1,1
2135,0567_c0008_010.jpg,567,7,-1,True,175,3100,0.9493645254477477,0.4257907542579075,1,411,1,1,1,1
2136,0567_c0008_011.jpg,567,7,-1,True,175,3100,0.9339234454125109,0.38631346578366443,1,453,1,1,1,1
2137,0567_c0008_012.jpg,567,7,-1,True,175,3100,0.9432714554512576,0.46419098143236076,1,377,1,1,1,1
2138,0567_c0008_013.jpg,567,7,-1,True,175,3100,0.9374770155688488,0.43103448275862066,1,406,1,1,1,1
2139,0567_c0008_014.jpg,567,7,-1,True,175,3100,0.9372376773560602,0.44191919191919193,1,396,1,1,1,1
2140,0567_c0008_015.jpg,567,7,-1,True,175,3100,0.924189209885631,0.3804347826086957,1,460,1,1,1,1
2141,0567_c0008_016.jpg,567,7,-1,True,175,3100,0.9201715824664919,0.39325842696629215,1,445,1,1,1,1
2142,0567_c0008_017.jpg,567,7,-1,True,175,3100,0.9476510083400848,0.4581151832460733,1,382,1,1,1,1
2143,0567_c0008_018.jpg,567,7,-1,True,175,3100,0.9425821497866442,0.45931758530183725,1,381,1,1,1,1
2144,0567_c0008_019.jpg,567,7,-1,True,175,3100,0.956090999687769,0.5208333333333334,1,336,1,1,1,1
2145,0567_c0008_020.jpg,567,7,-1,True,175,3100,0.9433585805856095,0.4475703324808184,1,391,1,1,1,1
2146,0567_c0008_021.jpg,567,7,-1,True,175,3100,0.9608286440707021,0.5239520958083832,1,334,1,1,1,1
2147,0567_c0008_022.jpg,567,7,-1,True,175,3100,0.9519939802002764,0.47554347826086957,1,368,1,1,1,1
2148,0567_c0008_023.jpg,567,7,-1,True,175,3100,0.9429181137086258,0.4820936639118457,1,363,1,1,1,1
2149,0567_c0008_024.jpg,567,7,-1,True,175,3100,0.9133972365859586,0.4375,1,400,1,1,1,1
2150,0573_c0001_000.jpg,573,0,-1,True,175,3100,0.9023315857600892,0.4794520547945205,1,365,1,1,1,1
2151,0573_c0001_001.jpg,573,0,-1,True,175,3100,0.8985109983549276,0.4794520547945205,1,365,1,1,1,1
2152,0573_c0001_002.jpg,573,0,-1,True,175,3100,0.8823954414157782,0.4861111111111111,1,360,1,1,1,1
2153,0573_c0001_003.jpg,573,0,-1,True,175,3100,0.8852659516056838,0.4861111111111111,1,360,1,1,1,1
2154,0573_c0001_004.jpg,573,0,-1,True,175,3100,0.8702693632412223,0.47554347826086957,1,368,1,1,1,1
2155,0573_c0001_005.jpg,573,0,-1,True,175,3100,0.8685880108765007,0.49575070821529743,1,353,1,1,1,1
2156,0573_c0001_006.jpg,573,0,-1,True,175,3100,0.8895597397331715,0.5057803468208093,1,346,1,1,1,1
2157,0573_c0001_007.jpg,573,0,-1,True,175,3100,0.8994140552718904,0.5147058823529411,1,340,1,1,1,1
2158,0573_c0001_008.jpg,573,0,-1,True,175,3100,0.8810652915399452,0.49575070821529743,1,353,1,1,1,1
2159,0573_c0001_009.jpg,573,0,-1,True,175,3100,0.8854812857844958,0.5087209302325582,1,344,1,1,1,1
2160,0573_c0001_010.jpg,573,0,-1,True,175,3100,0.8761542752737965,0.4679144385026738,1,374,1,1,1,1
2161,0573_c0001_011.jpg,573,0,-1,True,175,3100,0.8941248582232187,0.5043227665706052,1,347,1,1,1,1
2162,0573_c0001_012.jpg,573,0,-1,True,175,3100,0.8811239880544146,0.49295774647887325,1,355,1,1,1,1
2163,0573_c0001_013.jpg,573,0,-1,True,175,3100,0.8768798645151946,0.4557291666666667,1,384,1,1,1,1
2164,0573_c0001_014.jpg,573,0,-1,True,175,3100,0.8807327425052173,0.4691689008042895,1,373,1,1,1,1
2165,0573_c0001_015.jpg,573,0,-1,True,175,3100,0.8796779343558482,0.4716981132075472,1,371,1,1,1,1
2166,0573_c0001_016.jpg,573,0,-1,True,175,3100,0.8752969728937332,0.46419098143236076,1,377,1,1,1,1
2167,0573_c0001_017.jpg,573,0,-1,True,175,3100,0.869000880878674,0.4716981132075472,1,371,1,1,1,1
2168,0573_c0001_018.jpg,573,0,-1,True,175,3100,0.8676771323424396,0.4691689008042895,1,373,1,1,1,1
2169,0573_c0001_019.jpg,573,0,-1,True,175,3100,0.8759827981607298,0.4807692307692308,1,364,1,1,1,1
2170,0573_c0001_020.jpg,573,0,-1,True,175,3100,0.8545695641771035,0.4498714652956298,1,389,1,1,1,1
2171,0573_c0001_021.jpg,573,0,-1,True,175,3100,0.8686427180584965,0.4396984924623116,1,398,1,1,1,1
2172,0573_c0001_022.jpg,573,0,-1,True,175,3100,0.8826460949970549,0.4475703324808184,1,391,1,1,1,1
2173,0573_c0001_023.jpg,573,0,-1,True,175,3100,0.8683469090915883,0.4498714652956298,1,389,1,1,1,1
2174,0573_c0001_024.jpg,573,0,-1,True,175,3100,0.8892560669709544,0.4768392370572207,1,367,1,1,1,1
2175,0573_c0002_000.jpg,573,1,-1,True,175,3100,0.884372236952323,0.7142857142857143,1,245,1,1,1,1
2176,0573_c0002_001.jpg,573,1,-1,True,175,3100,0.893949392619761,0.708502024291498,1,247,1,1,1,1
2177,0573_c0002_002.jpg,573,1,-1,True,175,3100,0.8965724003679566,0.720164609053498,1,243,1,1,1,1
2178,0573_c0002_003.jpg,573,1,-1,True,175,3100,0.8987060614980223,0.7231404958677686,1,242,1,1,1,1
2179,0573_c0002_004.jpg,573,1,-1,True,175,3100,0.8944704850035048,0.720164609053498,1,243,1,1,1,1
2180,0573_c0002_005.jpg,573,1,-1,True,175,3100,0.9015000866816302,0.7231404958677686,1,242,1,1,1,1
2181,0573_c0002_006.jpg,573,1,-1,True,175,3100,0.8976199904549255,0.720164609053498,1,243,1,1,1,1
2182,0573_c0002_007.jpg,573,1,-1,True,175,3100,0.8958537653083791,0.7231404958677686,1,242,1,1,1,1
2183,0573_c0002_008.jpg,573,1,-1,True,175,3100,0.890302271656036,0.720164609053498,1,243,1,1,1,1
2184,0573_c0002_009.jpg,573,1,-1,True,175,3100,0.8845894218264944,0.6481481481481481,1,270,1,1,1,1
2185,0573_c0002_010.jpg,573,1,-1,True,175,3100,0.8961407582794001,0.7056451612903226,1,248,1,1,1,1
2186,0573_c0002_011.jpg,573,1,-1,True,175,3100,0.8989006608400073,0.6782945736434108,1,258,1,1,1,1
2187,0573_c0002_012.jpg,573,1,-1,True,175,3100,0.8803274758543733,0.6272401433691757,1,279,1,1,1,1
2188,0573_c0002_013.jpg,573,1,-1,True,175,3100,0.8729150464627079,0.6433823529411765,1,272,1,1,1,1
2189,0573_c0002_014.jpg,573,1,-1,True,175,3100,0.8725611770862525,0.6363636363636364,1,275,1,1,1,1
2190,0573_c0002_015.jpg,573,1,-1,True,175,3100,0.8880690220316887,0.6756756756756757,1,259,1,1,1,1
2191,0573_c0002_016.jpg,573,1,-1,True,175,3100,0.86748136861471,0.6363636363636364,1,275,1,1,1,1
2192,0573_c0002_017.jpg,573,1,-1,True,175,3100,0.8913542930592627,0.6554307116104869,1,267,1,1,1,1
2193,0573_c0002_018.jpg,573,1,-1,True,175,3100,0.8677815030633954,0.6340579710144928,1,276,1,1,1,1
2194,0573_c0002_019.jpg,573,1,-1,True,175,3100,0.8877485361317998,0.6410256410256411,1,273,1,1,1,1
2195,0573_c0002_020.jpg,573,1,-1,True,175,3100,0.8767874117430791,0.631768953068592,1,277,1,1,1,1
2196,0573_c0002_021.jpg,573,1,-1,True,175,3100,0.8791536023909065,0.6363636363636364,1,275,1,1,1,1
2197,0573_c0002_022.jpg,573,1,-1,True,175,3100,0.8891163030702189,0.6386861313868614,1,274,1,1,1,1
2198,0573_c0002_023.jpg,573,1,-1,True,175,3100,0.876498093384095,0.6013745704467354,1,291,1,1,1,1
2199,0573_c0002_024.jpg,573,1,-1,True,175,3100,0.8780013603687161,0.5993150684931506,1,292,1,1,1,1
2200,0573_c0003_000.jpg,573,2,-1,True,175,3100,0.9039192031341362,0.6554307116104869,1,267,1,1,1,1
2201,0573_c0003_001.jpg,573,2,-1,True,175,3100,0.9012136774146815,0.6457564575645757,1,271,1,1,1,1
2202,0573_c0003_002.jpg,573,2,-1,True,175,3100,0.9005225156720267,0.6457564575645757,1,271,1,1,1,1
2203,0573_c0003_003.jpg,573,2,-1,True,175,3100,0.9034962500039355,0.6554307116104869,1,267,1,1,1,1
2204,0573_c0003_004.jpg,573,2,-1,True,175,3100,0.900499252149112,0.6457564575645757,1,271,1,1,1,1
2205,0573_c0003_005.jpg,573,2,-1,True,175,3100,0.9097781944789263,0.6481481481481481,1,270,1,1,1,1
2206,0573_c0003_006.jpg,573,2,-1,True,175,3100,0.9118179315516077,0.6505576208178439,1,269,1,1,1,1
2207,0573_c0003_007.jpg,573,2,-1,True,175,3100,0.9012832377135257,0.6363636363636364,1,275,1,1,1,1
2208,0573_c0003_008.jpg,573,2,-1,True,175,3100,0.9004012134560987,0.6363636363636364,1,275,1,1,1,1
2209,0573_c0003_009.jpg,573,2,-1,True,175,3100,0.9019082621074771,0.6386861313868614,1,274,1,1,1,1
2210,0573_c0003_010.jpg,573,2,-1,True,175,3100,0.9129081575562048,0.6363636363636364,1,275,1,1,1,1
2211,0573_c0003_011.jpg,573,2,-1,True,175,3100,0.911211354317857,0.6363636363636364,1,275,1,1,1,1
2212,0573_c0003_012.jpg,573,2,-1,True,175,3100,0.9264114475537105,0.6481481481481481,1,270,1,1,1,1
2213,0573_c0003_013.jpg,573,2,-1,True,175,3100,0.9255010294745319,0.6505576208178439,1,269,1,1,1,1
2214,0573_c0003_014.jpg,573,2,-1,True,175,3100,0.9172734555151284,0.6386861313868614,1,274,1,1,1,1
2215,0573_c0003_015.jpg,573,2,-1,True,175,3100,0.9223565224590207,0.6481481481481481,1,270,1,1,1,1
2216,0573_c0003_016.jpg,573,2,-1,True,175,3100,0.9220951628871203,0.6410256410256411,1,273,1,1,1,1
2217,0573_c0003_017.jpg,573,2,-1,True,175,3100,0.9144376599643531,0.6363636363636364,1,275,1,1,1,1
2218,0573_c0003_018.jpg,573,2,-1,True,175,3100,0.9264207198431759,0.6481481481481481,1,270,1,1,1,1
2219,0573_c0003_019.jpg,573,2,-1,True,175,3100,0.9030004852359138,0.6363636363636364,1,275,1,1,1,1
2220,0573_c0003_020.jpg,573,2,-1,True,175,3100,0.9087229344637546,0.6363636363636364,1,275,1,1,1,1
2221,0573_c0003_021.jpg,573,2,-1,True,175,3100,0.9090699642037202,0.6363636363636364,1,275,1,1,1,1
2222,0573_c0003_022.jpg,573,2,-1,True,175,3100,0.903213752745977,0.6363636363636364,1,275,1,1,1,1
2223,0573_c0003_023.jpg,573,2,-1,True,175,3100,0.9211700192465153,0.6410256410256411,1,273,1,1,1,1
2224,0573_c0003_024.jpg,573,2,-1,True,175,3100,0.9152150389865447,0.6363636363636364,1,275,1,1,1,1
2225,0573_c0004_000.jpg,573,3,-1,True,175,3100,0.3135409610084959,0.3699788583509514,5,473,0,1,1,1
2226,0573_c0004_001.jpg,573,3,-1,True,175,3100,0.3139089324403618,0.3684210526315789,3,475,0,1,1,1
2227,0573_c0004_002.jpg,573,3,-1,True,175,3100,0.32374847462084605,0.3691983122362869,1,474,1,1,1,1
2228,0573_c0004_003.jpg,573,3,-1,True,175,3100,0.3179091591416759,0.3684210526315789,2,475,0,1,1,1
2229,0573_c0004_004.jpg,573,3,-1,True,175,3100,0.3327291506097474,0.3699788583509514,1,473,1,1,1,1
2230,0573_c0004_005.jpg,573,3,-1,True,175,3100,0.32675565236507303,0.3691983122362869,2,474,0,1,1,1
2231,0573_c0004_006.jpg,573,3,-1,True,175,3100,0.30668966146860455,0.36382536382536385,9,481,0,0,1,1
2232,0573_c0004_007.jpg,573,3,-1,True,175,3100,0.31439120491817774,0.36610878661087864,9,478,0,0,1,1
2233,0573_c0004_008.jpg,573,3,-1,True,175,3100,0.3026402925617246,0.3645833333333333,18,480,0,0,0,1
2234,0573_c0004_009.jpg,573,3,-1,True,175,3100,0.3015618890844298,0.3645833333333333,20,480,0,0,0,1
2235,0573_c0004_010.jpg,573,3,-1,True,175,3100,0.2950049690399129,0.36382536382536385,9,481,0,0,1,1
2236,0573_c0004_011.jpg,573,3,-1,True,175,3100,0.29740840163450044,0.3645833333333333,9,480,0,0,1,1
2237,0573_c0004_012.jpg,573,3,-1,True,175,3100,0.29830576809205817,0.3645833333333333,12,480,0,0,0,1
2238,0573_c0004_013.jpg,573,3,-1,True,175,3100,0.30914678276340285,0.36610878661087864,6,478,0,0,1,1
2239,0573_c0004_014.jpg,573,3,-1,True,175,3100,0.29174515483719426,0.3630705394190871,12,482,0,0,0,1
2240,0573_c0004_015.jpg,573,3,-1,True,175,3100,0.2991687412864832,0.36382536382536385,7,481,0,0,1,1
2241,0573_c0004_016.jpg,573,3,-1,True,175,3100,0.3064786566469561,0.3684210526315789,1,475,1,1,1,1
2242,0573_c0004_017.jpg,573,3,-1,True,175,3100,0.3193046743455086,0.3699788583509514,1,473,1,1,1,1
2243,0573_c0004_018.jpg,573,3,-1,True,175,3100,0.3155342233922561,0.3684210526315789,3,475,0,1,1,1
2244,0573_c0004_019.jpg,573,3,-1,True,175,3100,0.31369371045840944,0.36764705882352944,3,476,0,1,1,1
2245,0573_c0004_020.jpg,573,3,-1,True,175,3100,0.30718303779944384,0.36764705882352944,4,476,0,1,1,1
2246,0573_c0004_021.jpg,573,3,-1,True,175,3100,0.3032343774690993,0.3645833333333333,5,480,0,1,1,1
2247,0573_c0004_022.jpg,573,3,-1,True,175,3100,0.30026791209996734,0.36382536382536385,3,481,0,1,1,1
2248,0573_c0004_023.jpg,573,3,-1,True,175,3100,0.2975408885878787,0.36382536382536385,3,481,0,1,1,1
2249,0573_c0004_024.jpg,573,3,-1,True,175,3100,0.2973042880093816,0.36610878661087864,5,478,0,1,1,1
2250,0573_c0005_000.jpg,573,4,-1,True,175,3100,0.9521832880344523,0.6340579710144928,1,276,1,1,1,1
2251,0573_c0005_001.jpg,573,4,-1,True,175,3100,0.9514071992925769,0.6097560975609756,1,287,1,1,1,1
2252,0573_c0005_002.jpg,573,4,-1,True,175,3100,0.9529593448554761,0.6272401433691757,1,279,1,1,1,1
2253,0573_c0005_003.jpg,573,4,-1,True,175,3100,0.949508452777529,0.5912162162162162,1,296,1,1,1,1
2254,0573_c0005_004.jpg,573,4,-1,True,175,3100,0.9506150274431148,0.5972696245733788,1,293,1,1,1,1
2255,0573_c0005_005.jpg,573,4,-1,True,175,3100,0.9529104026947975,0.625,1,280,1,1,1,1
2256,0573_c0005_006.jpg,573,4,-1,True,175,3100,0.9549095433499287,0.6578947368421053,1,266,1,1,1,1
2257,0573_c0005_007.jpg,573,4,-1,True,175,3100,0.9507097734940989,0.6055363321799307,1,289,1,1,1,1
2258,0573_c0005_008.jpg,573,4,-1,True,175,3100,0.9514641052404023,0.6140350877192983,1,285,1,1,1,1
2259,0573_c0005_009.jpg,573,4,-1,True,175,3100,0.9501111040013643,0.6055363321799307,1,289,1,1,1,1
2260,0573_c0005_010.jpg,573,4,-1,True,175,3100,0.9476266855840527,0.5756578947368421,1,304,1,1,1,1
2261,0573_c0005_011.jpg,573,4,-1,True,175,3100,0.9529391719177105,0.625,1,280,1,1,1,1
2262,0573_c0005_012.jpg,573,4,-1,True,175,3100,0.9462411766099911,0.5700325732899023,1,307,1,1,1,1
2263,0573_c0005_013.jpg,573,4,-1,True,175,3100,0.9462618397477139,0.5681818181818182,1,308,1,1,1,1
2264,0573_c0005_014.jpg,573,4,-1,True,175,3100,0.9503140776954998,0.603448275862069,1,290,1,1,1,1
2265,0573_c0005_015.jpg,573,4,-1,True,175,3100,0.9516158886269539,0.6118881118881119,1,286,1,1,1,1
2266,0573_c0005_016.jpg,573,4,-1,True,175,3100,0.9495925307380552,0.6076388888888888,1,288,1,1,1,1
2267,0573_c0005_017.jpg,573,4,-1,True,175,3100,0.94511833972028,0.5775577557755776,1,303,1,1,1,1
2268,0573_c0005_018.jpg,573,4,-1,True,175,3100,0.9429022087941585,0.5645161290322581,1,310,1,1,1,1
2269,0573_c0005_019.jpg,573,4,-1,True,175,3100,0.9443721171787017,0.5718954248366013,1,306,1,1,1,1
2270,0573_c0005_020.jpg,573,4,-1,True,175,3100,0.950650985117885,0.6161971830985915,1,284,1,1,1,1
2271,0573_c0005_021.jpg,573,4,-1,True,175,3100,0.9543246524651464,0.6529850746268657,1,268,1,1,1,1
2272,0573_c0005_022.jpg,573,4,-1,True,175,3100,0.9509107278110916,0.5993150684931506,1,292,1,1,1,1
2273,0573_c0005_023.jpg,573,4,-1,True,175,3100,0.9492883913729423,0.587248322147651,1,298,1,1,1,1
2274,0573_c0005_024.jpg,573,4,-1,True,175,3100,0.9517210174358086,0.6183745583038869,1,283,1,1,1,1
2275,0573_c0006_000.jpg,573,5,-1,True,175,3100,0.7410977839818949,0.5384615384615384,1,325,1,1,1,1
2276,0573_c0006_001.jpg,573,5,-1,True,175,3100,0.7350082549047012,0.5384615384615384,1,325,1,1,1,1
2277,0573_c0006_002.jpg,573,5,-1,True,175,3100,0.7075571893512865,0.5368098159509203,1,326,1,1,1,1
2278,0573_c0006_003.jpg,573,5,-1,True,175,3100,0.7295683598474249,0.5384615384615384,1,325,1,1,1,1
2279,0573_c0006_004.jpg,573,5,-1,True,175,3100,0.6348166301633327,0.5087209302325582,1,344,1,1,1,1
2280,0573_c0006_005.jpg,573,5,-1,True,175,3100,0.7395672389358515,0.5384615384615384,1,325,1,1,1,1
2281,0573_c0006_006.jpg,573,5,-1,True,175,3100,0.689290497357176,0.5384615384615384,1,325,1,1,1,1
2282,0573_c0006_007.jpg,573,5,-1,True,175,3100,0.6914868935070585,0.5192878338278932,1,337,1,1,1,1
2283,0573_c0006_008.jpg,573,5,-1,True,175,3100,0.7225003061464246,0.5384615384615384,1,325,1,1,1,1
2284,0573_c0006_009.jpg,573,5,-1,True,175,3100,0.8067060273703642,0.5384615384615384,1,325,1,1,1,1
2285,0573_c0006_010.jpg,573,5,-1,True,175,3100,0.7342475341743542,0.5384615384615384,1,325,1,1,1,1
2286,0573_c0006_011.jpg,573,5,-1,True,175,3100,0.7516315858096053,0.5384615384615384,1,325,1,1,1,1
2287,0573_c0006_012.jpg,573,5,-1,True,175,3100,0.8117816025996875,0.5384615384615384,1,325,1,1,1,1
2288,0573_c0006_013.jpg,573,5,-1,True,175,3100,0.8146459168277302,0.5384615384615384,1,325,1,1,1,1
2289,0573_c0006_014.jpg,573,5,-1,True,175,3100,0.7977209810439354,0.5384615384615384,1,325,1,1,1,1
2290,0573_c0006_015.jpg,573,5,-1,True,175,3100,0.7737264963777778,0.5384615384615384,1,325,1,1,1,1
2291,0573_c0006_016.jpg,573,5,-1,True,175,3100,0.7690215441786475,0.5384615384615384,1,325,1,1,1,1
2292,0573_c0006_017.jpg,573,5,-1,True,175,3100,0.7490141030788243,0.5384615384615384,1,325,1,1,1,1
2293,0573_c0006_018.jpg,573,5,-1,True,175,3100,0.7660096032640226,0.5384615384615384,1,325,1,1,1,1
2294,0573_c0006_019.jpg,573,5,-1,True,175,3100,0.7417777788548564,0.5384615384615384,1,325,1,1,1,1
2295,0573_c0006_020.jpg,573,5,-1,True,175,3100,0.7574781087426249,0.5384615384615384,1,325,1,1,1,1
2296,0573_c0006_021.jpg,573,5,-1,True,175,3100,0.751407393390473,0.5384615384615384,1,325,1,1,1,1
2297,0573_c0006_022.jpg,573,5,-1,True,175,3100,0.738923520328302,0.5384615384615384,1,325,1,1,1,1
2298,0573_c0006_023.jpg,573,5,-1,True,175,3100,0.7466440003921943,0.5384615384615384,1,325,1,1,1,1
2299,0573_c0006_024.jpg,573,5,-1,True,175,3100,0.7286880830548721,0.5384615384615384,1,325,1,1,1,1
2300,0573_c0007_000.jpg,573,6,-1,True,175,3100,1.0,1.0,1,175,1,1,1,1
2301,0573_c0007_001.jpg,573,6,-1,True,175,3100,1.0,1.0,1,175,1,1,1,1
2302,0573_c0007_002.jpg,573,6,-1,True,175,3100,0.9999675324675324,0.9943181818181818,1,176,1,1,1,1
2303,0573_c0007_003.jpg,573,6,-1,True,175,3100,0.9938186500284149,0.875,1,200,1,1,1,1
2304,0573_c0007_004.jpg,573,6,-1,True,175,3100,1.0,1.0,1,175,1,1,1,1
2305,0573_c0007_005.jpg,573,6,-1,True,175,3100,1.0,1.0,1,175,1,1,1,1
2306,0573_c0007_006.jpg,573,6,-1,True,175,3100,0.999214279888026,0.9776536312849162,1,179,1,1,1,1
2307,0573_c0007_007.jpg,573,6,-1,True,175,3100,0.9993765894839288,0.9831460674157303,1,178,1,1,1,1
2308,0573_c0007_008.jpg,573,6,-1,True,175,3100,1.0,1.0,1,175,1,1,1,1
2309,0573_c0007_009.jpg,573,6,-1,True,175,3100,1.0,1.0,1,175,1,1,1,1
2310,0573_c0007_010.jpg,573,6,-1,True,175,3100,1.0,1.0,1,175,1,1,1,1
2311,0573_c0007_011.jpg,573,6,-1,True,175,3100,1.0,1.0,1,175,1,1,1,1
2312,0573_c0007_012.jpg,573,6,-1,True,175,3100,0.9949131885216131,0.9210526315789473,1,190,1,1,1,1
2313,0573_c0007_013.jpg,573,6,-1,True,175,3100,1.0,1.0,1,175,1,1,1,1
2314,0573_c0007_014.jpg,573,6,-1,True,175,3100,0.9958652592859144,0.8578431372549019,1,204,1,1,1,1
2315,0573_c0007_015.jpg,573,6,-1,True,175,3100,0.9992068436582524,0.9259259259259259,1,189,1,1,1,1
2316,0573_c0007_016.jpg,573,6,-1,True,175,3100,0.987852823223636,0.875,1,200,1,1,1,1
2317,0573_c0007_017.jpg,573,6,-1,True,175,3100,0.9981365944247623,0.9114583333333334,1,192,1,1,1,1
2318,0573_c0007_018.jpg,573,6,-1,True,175,3100,0.9996719071469303,0.9887005649717514,1,177,1,1,1,1
2319,0573_c0007_019.jpg,573,6,-1,True,175,3100,0.9965137888980364,0.9358288770053476,1,187,1,1,1,1
2320,0573_c0007_020.jpg,573,6,-1,True,175,3100,0.9952893381773629,0.8706467661691543,1,201,1,1,1,1
2321,0573_c0007_021.jpg,573,6,-1,True,175,3100,0.9939455043265306,0.8495145631067961,1,206,1,1,1,1
2322,0573_c0007_022.jpg,573,6,-1,True,175,3100,0.9873935987302558,0.8454106280193237,1,207,1,1,1,1
2323,0573_c0007_023.jpg,573,6,-1,True,175,3100,0.9985155951743951,0.9067357512953368,1,193,1,1,1,1
2324,0573_c0007_024.jpg,573,6,-1,True,175,3100,1.0,1.0,1,175,1,1,1,1
2325,0573_c0008_000.jpg,573,7,-1,True,175,3100,0.9848961469212496,0.8536585365853658,1,205,1,1,1,1
2326,0573_c0008_001.jpg,573,7,-1,True,175,3100,0.9864448352591995,0.9067357512953368,1,193,1,1,1,1
2327,0573_c0008_002.jpg,573,7,-1,True,175,3100,0.9858003565322611,0.8928571428571429,1,196,1,1,1,1
2328,0573_c0008_003.jpg,573,7,-1,True,175,3100,0.982743797151478,0.8578431372549019,1,204,1,1,1,1
2329,0573_c0008_004.jpg,573,7,-1,True,175,3100,0.969464067759292,0.7709251101321586,1,227,1,1,1,1
2330,0573_c0008_005.jpg,573,7,-1,True,175,3100,0.9793814986595021,0.7882882882882883,1,222,1,1,1,1
2331,0573_c0008_006.jpg,573,7,-1,True,175,3100,0.9674066804657118,0.8101851851851852,1,216,1,1,1,1
2332,0573_c0008_007.jpg,573,7,-1,True,175,3100,0.9444125271085191,0.708502024291498,1,247,1,1,1,1
2333,0573_c0008_008.jpg,573,7,-1,True,175,3100,0.952112511863763,0.7113821138211383,1,246,1,1,1,1
2334,0573_c0008_009.jpg,573,7,-1,True,175,3100,0.955678395790292,0.691699604743083,1,253,1,1,1,1
2335,0573_c0008_010.jpg,573,7,-1,True,175,3100,0.9429982101245536,0.6704980842911877,1,261,1,1,1,1
2336,0573_c0008_011.jpg,573,7,-1,True,175,3100,0.9649928065606517,0.6809338521400778,1,257,1,1,1,1
2337,0573_c0008_012.jpg,573,7,-1,True,175,3100,0.9626642340425745,0.6505576208178439,1,269,1,1,1,1
2338,0573_c0008_013.jpg,573,7,-1,True,175,3100,0.9470066932304849,0.6889763779527559,1,254,1,1,1,1
2339,0573_c0008_014.jpg,573,7,-1,True,175,3100,0.9622462676016215,0.7446808510638298,1,235,1,1,1,1
2340,0573_c0008_015.jpg,573,7,-1,True,175,3100,0.9609400515666735,0.6889763779527559,1,254,1,1,1,1
2341,0573_c0008_016.jpg,573,7,-1,True,175,3100,0.9767051711665574,0.8536585365853658,1,205,1,1,1,1
2342,0573_c0008_017.jpg,573,7,-1,True,175,3100,0.975606521809794,0.8838383838383839,1,198,1,1,1,1
2343,0573_c0008_018.jpg,573,7,-1,True,175,3100,0.9850570097110201,0.8177570093457944,1,214,1,1,1,1
2344,0573_c0008_019.jpg,573,7,-1,True,175,3100,0.9779233684364282,0.7608695652173914,1,230,1,1,1,1
2345,0573_c0008_020.jpg,573,7,-1,True,175,3100,0.952508315459707,0.6862745098039216,1,255,1,1,1,1
2346,0573_c0008_021.jpg,573,7,-1,True,175,3100,0.9326402386540683,0.5993150684931506,1,292,1,1,1,1
2347,0573_c0008_022.jpg,573,7,-1,True,175,3100,0.921304763055028,0.6097560975609756,1,287,1,1,1,1
2348,0573_c0008_023.jpg,573,7,-1,True,175,3100,0.9070890569055803,0.6140350877192983,1,285,1,1,1,1
2349,0573_c0008_024.jpg,573,7,-1,True,175,3100,0.9186254695116746,0.5912162162162162,1,296,1,1,1,1
2350,0579_c0001_000.jpg,579,0,-1,True,175,3100,0.4663763730496671,0.18324607329842932,1,955,1,1,1,1
2351,0579_c0001_001.jpg,579,0,-1,True,175,3100,0.455239119331235,0.18134715025906736,1,965,1,1,1,1
2352,0579_c0001_002.jpg,579,0,-1,True,175,3100,0.4614877402921917,0.18041237113402062,1,970,1,1,1,1
2353,0579_c0001_003.jpg,579,0,-1,True,175,3100,0.4616959658186202,0.1787538304392237,1,979,1,1,1,1
2354,0579_c0001_004.jpg,579,0,-1,True,175,3100,0.44332653778444686,0.1649387370405278,1,1061,1,1,1,1
2355,0579_c0001_005.jpg,579,0,-1,True,175,3100,0.45636360587007274,0.17326732673267325,1,1010,1,1,1,1
2356,0579_c0001_006.jpg,579,0,-1,True,175,3100,0.4566973252820787,0.17893660531697342,1,978,1,1,1,1
2357,0579_c0001_007.jpg,579,0,-1,True,175,3100,0.4543575958522919,0.16294227188081936,1,1074,1,1,1,1
2358,0579_c0001_008.jpg,579,0,-1,True,175,3100,0.46320100892637045,0.16114180478821363,1,1086,1,1,1,1
2359,0579_c0001_009.jpg,579,0,-1,True,175,3100,0.4585373535359401,0.16587677725118483,1,1055,1,1,1,1
2360,0579_c0001_010.jpg,579,0,-1,True,175,3100,0.4539551397981962,0.1520417028670721,1,1151,1,1,1,1
2361,0579_c0001_011.jpg,579,0,-1,True,175,3100,0.46324650880604323,0.157942238267148,1,1108,1,1,1,1
2362,0579_c0001_012.jpg,579,0,-1,True,175,3100,0.46482054549922047,0.15099223468507333,1,1159,1,1,1,1
2363,0579_c0001_013.jpg,579,0,-1,True,175,3100,0.4611311729976938,0.15021459227467812,1,1165,1,1,1,1
2364,0579_c0001_014.jpg,579,0,-1,True,175,3100,0.4588657676256754,0.15377855887521968,1,1138,1,1,1,1
2365,0579_c0001_015.jpg,579,0,-1,True,175,3100,0.46025500642671174,0.14486754966887416,1,1208,1,1,1,1
2366,0579_c0001_016.jpg,579,0,-1,True,175,3100,0.4560397162588954,0.14792899408284024,1,1183,1,1,1,1
2367,0579_c0001_017.jpg,579,0,-1,True,175,3100,0.44029181775562637,0.15021459227467812,1,1165,1,1,1,1
2368,0579_c0001_018.jpg,579,0,-1,True,175,3100,0.4444931145520388,0.1551418439716312,1,1128,1,1,1,1
2369,0579_c0001_019.jpg,579,0,-1,True,175,3100,0.4472769928951085,0.16762452107279693,1,1044,1,1,1,1
2370,0579_c0001_020.jpg,579,0,-1,True,175,3100,0.44672582198756094,0.14817950889077053,1,1181,1,1,1,1
2371,0579_c0001_021.jpg,579,0,-1,True,175,3100,0.4537385341899422,0.14668901927912825,1,1193,1,1,1,1
2372,0579_c0001_022.jpg,579,0,-1,True,175,3100,0.44974390410694715,0.1524390243902439,1,1148,1,1,1,1
2373,0579_c0001_023.jpg,579,0,-1,True,175,3100,0.4515903709709458,0.1484308736217133,1,1179,1,1,1,1
2374,0579_c0001_024.jpg,579,0,-1,True,175,3100,0.4536528816575722,0.14919011082693948,1,1173,1,1,1,1
2375,0579_c0002_000.jpg,579,1,-1,True,175,3100,0.5739068905302556,0.4060324825986079,1,431,1,1,1,1
2376,0579_c0002_001.jpg,579,1,-1,True,175,3100,0.5750320558695404,0.3923766816143498,1,446,1,1,1,1
2377,0579_c0002_002.jpg,579,1,-1,True,175,3100,0.5714449782856874,0.4166666666666667,1,420,1,1,1,1
2378,0579_c0002_003.jpg,579,1,-1,True,175,3100,0.557863073704176,0.4088785046728972,1,428,1,1,1,1
2379,0579_c0002_004.jpg,579,1,-1,True,175,3100,0.5450547726278,0.4533678756476684,1,386,1,1,1,1
2380,0579_c0002_005.jpg,579,1,-1,True,175,3100,0.5480081828527916,0.4605263157894737,1,380,1,1,1,1
2381,0579_c0002_006.jpg,579,1,-1,True,175,3100,0.5611332701153978,0.42997542997543,1,407,1,1,1,1
2382,0579_c0002_007.jpg,579,1,-1,True,175,3100,0.5575746263337903,0.43103448275862066,1,406,1,1,1,1
2383,0579_c0002_008.jpg,579,1,-1,True,175,3100,0.5642415222908143,0.43316831683168316,1,404,1,1,1,1
2384,0579_c0002_009.jpg,579,1,-1,True,175,3100,0.5625565987625155,0.44871794871794873,1,390,1,1,1,1
2385,0579_c0002_010.jpg,579,1,-1,True,175,3100,0.5457603596154006,0.501432664756447,1,349,1,1,1,1
2386,0579_c0002_011.jpg,579,1,-1,True,175,3100,0.5482564566155599,0.4888268156424581,1,358,1,1,1,1
2387,0579_c0002_012.jpg,579,1,-1,True,175,3100,0.5376211125713616,0.49575070821529743,1,353,1,1,1,1
2388,0579_c0002_013.jpg,579,1,-1,True,175,3100,0.5403228043437598,0.4943502824858757,1,354,1,1,1,1
2389,0579_c0002_014.jpg,579,1,-1,True,175,3100,0.5406753130694647,0.4943502824858757,1,354,1,1,1,1
2390,0579_c0002_015.jpg,579,1,-1,True,175,3100,0.5465958109200705,0.5147058823529411,1,340,1,1,1,1
2391,0579_c0002_016.jpg,579,1,-1,True,175,3100,0.5393468973507265,0.5043227665706052,1,347,1,1,1,1
2392,0579_c0002_017.jpg,579,1,-1,True,175,3100,0.5396162600131751,0.5102040816326531,1,343,1,1,1,1
2393,0579_c0002_018.jpg,579,1,-1,True,175,3100,0.5348533231787764,0.5072463768115942,1,345,1,1,1,1
2394,0579_c0002_019.jpg,579,1,-1,True,175,3100,0.5438398861924384,0.5072463768115942,1,345,1,1,1,1
2395,0579_c0002_020.jpg,579,1,-1,True,175,3100,0.5429227756447521,0.5087209302325582,1,344,1,1,1,1
2396,0579_c0002_021.jpg,579,1,-1,True,175,3100,0.5375762780424408,0.4971590909090909,1,352,1,1,1,1
2397,0579_c0002_022.jpg,579,1,-1,True,175,3100,0.5394037440025894,0.4943502824858757,1,354,1,1,1,1
2398,0579_c0002_023.jpg,579,1,-1,True,175,3100,0.5277719727115353,0.48746518105849584,1,359,1,1,1,1
2399,0579_c0002_024.jpg,579,1,-1,True,175,3100,0.5275408071673335,0.5,1,350,1,1,1,1
2400,0579_c0003_000.jpg,579,2,-1,True,175,3100,0.35879966117371775,0.33396946564885494,4,524,0,1,1,1
2401,0579_c0003_001.jpg,579,2,-1,True,175,3100,0.36399839346722207,0.3234750462107209,4,541,0,1,1,1
2402,0579_c0003_002.jpg,579,2,-1,True,175,3100,0.3585214768806894,0.29711375212224106,6,589,0,0,1,1
2403,0579_c0003_003.jpg,579,2,-1,True,175,3100,0.37008733067632776,0.2956081081081081,3,592,0,1,1,1
2404,0579_c0003_004.jpg,579,2,-1,True,175,3100,0.37007079760511324,0.3141831238779174,4,557,0,1,1,1
2405,0579_c0003_005.jpg,579,2,-1,True,175,3100,0.3697058090939785,0.3147482014388489,4,556,0,1,1,1
2406,0579_c0003_006.jpg,579,2,-1,True,175,3100,0.3616702158778198,0.20091848450057406,2,871,0,1,1,1
2407,0579_c0003_007.jpg,579,2,-1,True,175,3100,0.36433655979940116,0.2266839378238342,5,772,0,1,1,1
2408,0579_c0003_008.jpg,579,2,-1,True,175,3100,0.375556857004257,0.25107604017216645,5,697,0,1,1,1
2409,0579_c0003_009.jpg,579,2,-1,True,175,3100,0.3813595093907566,0.2892561983471074,1,605,1,1,1,1
2410,0579_c0003_010.jpg,579,2,-1,True,175,3100,0.3876287785733463,0.2708978328173375,4,646,0,1,1,1
2411,0579_c0003_011.jpg,579,2,-1,True,175,3100,0.3999916641787738,0.2696456086286595,2,649,0,1,1,1
2412,0579_c0003_012.jpg,579,2,-1,True,175,3100,0.40630959610464157,0.2700617283950617,2,648,0,1,1,1
2413,0579_c0003_013.jpg,579,2,-1,True,175,3100,0.42074944871567677,0.274294670846395,1,638,1,1,1,1
2414,0579_c0003_014.jpg,579,2,-1,True,175,3100,0.4060341857571234,0.26515151515151514,1,660,1,1,1,1
2415,0579_c0003_015.jpg,579,2,-1,True,175,3100,0.40791228601549845,0.2916666666666667,1,600,1,1,1,1
2416,0579_c0003_016.jpg,579,2,-1,True,175,3100,0.3933625092838809,0.28548123980424145,2,613,0,1,1,1
2417,0579_c0003_017.jpg,579,2,-1,True,175,3100,0.37885994187687344,0.28317152103559873,3,618,0,1,1,1
2418,0579_c0003_018.jpg,579,2,-1,True,175,3100,0.36847879410295514,0.2692307692307692,7,650,0,0,1,1
2419,0579_c0003_019.jpg,579,2,-1,True,175,3100,0.38876943685498727,0.30594405594405594,3,572,0,1,1,1
2420,0579_c0003_020.jpg,579,2,-1,True,175,3100,0.38884098052177346,0.27301092043681746,3,641,0,1,1,1
2421,0579_c0003_021.jpg,579,2,-1,True,175,3100,0.39066458315019986,0.27386541471048514,3,639,0,1,1,1
2422,0579_c0003_022.jpg,579,2,-1,True,175,3100,0.40065378625159254,0.30120481927710846,2,581,0,1,1,1
2423,0579_c0003_023.jpg,579,2,-1,True,175,3100,0.4191304121222125,0.30120481927710846,1,581,1,1,1,1
2424,0579_c0003_024.jpg,579,2,-1,True,175,3100,0.39591331800807716,0.2827140549273021,2,619,0,1,1,1
2425,0579_c0004_000.jpg,579,3,-1,True,175,3100,0.6161892656927075,0.20734597156398105,1,844,1,1,1,1
2426,0579_c0004_001.jpg,579,3,-1,True,175,3100,0.618672894537405,0.20833333333333334,1,840,1,1,1,1
2427,0579_c0004_002.jpg,579,3,-1,True,175,3100,0.6366326229389462,0.21446078431372548,1,816,1,1,1,1
2428,0579_c0004_003.jpg,579,3,-1,True,175,3100,0.6224355018582775,0.20933014354066987,1,836,1,1,1,1
2429,0579_c0004_004.jpg,579,3,-1,True,175,3100,0.6331789956466501,0.21446078431372548,1,816,1,1,1,1
2430,0579_c0004_005.jpg,579,3,-1,True,175,3100,0.6466736749595438,0.2249357326478149,1,778,1,1,1,1
2431,0579_c0004_006.jpg,579,3,-1,True,175,3100,0.6356210174420099,0.22040302267002518,1,794,1,1,1,1
2432,0579_c0004_007.jpg,579,3,-1,True,175,3100,0.6407884743427108,0.22551546391752578,1,776,1,1,1,1
2433,0579_c0004_008.jpg,579,3,-1,True,175,3100,0.6381849960784883,0.2190237797246558,1,799,1,1,1,1
2434,0579_c0004_009.jpg,579,3,-1,True,175,3100,0.6357954456802494,0.22236340533672172,1,787,1,1,1,1
2435,0579_c0004_010.jpg,579,3,-1,True,175,3100,0.6428080296425567,0.2229299363057325,1,785,1,1,1,1
2436,0579_c0004_011.jpg,579,3,-1,True,175,3100,0.6262519496159165,0.2157829839704069,1,811,1,1,1,1
2437,0579_c0004_012.jpg,579,3,-1,True,175,3100,0.6293487475750036,0.22123893805309736,1,791,1,1,1,1
2438,0579_c0004_013.jpg,579,3,-1,True,175,3100,0.6271472661058892,0.22068095838587642,1,793,1,1,1,1
2439,0579_c0004_014.jpg,579,3,-1,True,175,3100,0.6157839076147726,0.2157829839704069,1,811,1,1,1,1
2440,0579_c0004_015.jpg,579,3,-1,True,175,3100,0.6260860760434989,0.22756827048114434,1,769,1,1,1,1
2441,0579_c0004_016.jpg,579,3,-1,True,175,3100,0.6292599954377411,0.22151898734177214,1,790,1,1,1,1
2442,0579_c0004_017.jpg,579,3,-1,True,175,3100,0.6397082576603431,0.22786458333333334,1,768,1,1,1,1
2443,0579_c0004_018.jpg,579,3,-1,True,175,3100,0.6443600360185813,0.22639068564036222,1,773,1,1,1,1
2444,0579_c0004_019.jpg,579,3,-1,True,175,3100,0.6388747376906053,0.22095959595959597,1,792,1,1,1,1
2445,0579_c0004_020.jpg,579,3,-1,True,175,3100,0.6499334728685399,0.24171270718232044,1,724,1,1,1,1
2446,0579_c0004_021.jpg,579,3,-1,True,175,3100,0.6278058213556528,0.22786458333333334,1,768,1,1,1,1
2447,0579_c0004_022.jpg,579,3,-1,True,175,3100,0.6304843061166858,0.2403846153846154,1,728,1,1,1,1
2448,0579_c0004_023.jpg,579,3,-1,True,175,3100,0.6489951836676575,0.24407252440725244,1,717,1,1,1,1
2449,0579_c0004_024.jpg,579,3,-1,True,175,3100,0.6475700680883173,0.2266839378238342,1,772,1,1,1,1
2450,0579_c0005_000.jpg,579,4,-1,True,175,3100,0.45354859747836224,0.4430379746835443,40,395,0,0,0,0
2451,0579_c0005_001.jpg,579,4,-1,True,175,3100,0.45066183434398893,0.4475703324808184,41,391,0,0,0,0
2452,0579_c0005_002.jpg,579,4,-1,True,175,3100,0.44897451027472896,0.43103448275862066,39,406,0,0,0,0
2453,0579_c0005_003.jpg,579,4,-1,True,175,3100,0.4539923657438362,0.4278728606356968,39,409,0,0,0,0
2454,0579_c0005_004.jpg,579,4,-1,True,175,3100,0.4602634978064513,0.4430379746835443,40,395,0,0,0,0
2455,0579_c0005_005.jpg,579,4,-1,True,175,3100,0.46541790731006016,0.44191919191919193,40,396,0,0,0,0
2456,0579_c0005_006.jpg,579,4,-1,True,175,3100,0.4566478072183703,0.42997542997543,34,407,0,0,0,0
2457,0579_c0005_007.jpg,579,4,-1,True,175,3100,0.41673650215919816,0.4146919431279621,49,422,0,0,0,0
2458,0579_c0005_008.jpg,579,4,-1,True,175,3100,0.42444348227213874,0.39592760180995473,41,442,0,0,0,0
2459,0579_c0005_009.jpg,579,4,-1,True,175,3100,0.4068002711937525,0.39863325740318906,48,439,0,0,0,0
2460,0579_c0005_010.jpg,579,4,-1,True,175,3100,0.44813023807269564,0.4032258064516129,40,434,0,0,0,0
2461,0579_c0005_011.jpg,579,4,-1,True,175,3100,0.4595698265990087,0.4013761467889908,37,436,0,0,0,0
2462,0579_c0005_012.jpg,579,4,-1,True,175,3100,0.45424083762950934,0.40229885057471265,40,435,0,0,0,0
2463,0579_c0005_013.jpg,579,4,-1,True,175,3100,0.44861300219990774,0.3995433789954338,37,438,0,0,0,0
2464,0579_c0005_014.jpg,579,4,-1,True,175,3100,0.428517857011325,0.4156769596199525,49,421,0,0,0,0
2465,0579_c0005_015.jpg,579,4,-1,True,175,3100,0.4251792523171683,0.41866028708133973,50,418,0,0,0,0
2466,0579_c0005_016.jpg,579,4,-1,True,175,3100,0.43948207921768423,0.41866028708133973,46,418,0,0,0,0
2467,0579_c0005_017.jpg,579,4,-1,True,175,3100,0.43150308372379836,0.4050925925925926,46,432,0,0,0,0
2468,0579_c0005_018.jpg,579,4,-1,True,175,3100,0.43464030589327335,0.41371158392434987,46,423,0,0,0,0
2469,0579_c0005_019.jpg,579,4,-1,True,175,3100,0.46455173000444233,0.4278728606356968,41,409,0,0,0,0
2470,0579_c0005_020.jpg,579,4,-1,True,175,3100,0.4776096385650198,0.43103448275862066,38,406,0,0,0,0
2471,0579_c0005_021.jpg,579,4,-1,True,175,3100,0.4880705206437335,0.4088785046728972,37,428,0,0,0,0
2472,0579_c0005_022.jpg,579,4,-1,True,175,3100,0.47931993218318275,0.4060324825986079,39,431,0,0,0,0
2473,0579_c0005_023.jpg,579,4,-1,True,175,3100,0.4796301382748342,0.42997542997543,43,407,0,0,0,0
2474,0579_c0005_024.jpg,579,4,-1,True,175,3100,0.4799341148065786,0.44416243654822335,40,394,0,0,0,0
2475,0579_c0006_000.jpg,579,5,-1,True,175,3100,0.587945412467082,0.13287775246772968,1,1317,1,1,1,1
2476,0579_c0006_001.jpg,579,5,-1,True,175,3100,0.5850679446742559,0.13482280431432975,1,1298,1,1,1,1
2477,0579_c0006_002.jpg,579,5,-1,True,175,3100,0.5810553521869909,0.1393312101910828,1,1256,1,1,1,1
2478,0579_c0006_003.jpg,579,5,-1,True,175,3100,0.6001674448177458,0.13368983957219252,1,1309,1,1,1,1
2479,0579_c0006_004.jpg,579,5,-1,True,175,3100,0.5538796507327098,0.1407884151246983,1,1243,1,1,1,1
2480,0579_c0006_005.jpg,579,5,-1,True,175,3100,0.5542256178190027,0.1649387370405278,1,1061,1,1,1,1
2481,0579_c0006_006.jpg,579,5,-1,True,175,3100,0.5772449952869104,0.16173752310536044,1,1082,1,1,1,1
2482,0579_c0006_007.jpg,579,5,-1,True,175,3100,0.5715136530071068,0.17395626242544732,1,1006,1,1,1,1
2483,0579_c0006_008.jpg,579,5,-1,True,175,3100,0.5886985953661961,0.16714422158548234,1,1047,1,1,1,1
2484,0579_c0006_009.jpg,579,5,-1,True,175,3100,0.6064848741329837,0.1717369970559372,1,1019,1,1,1,1
2485,0579_c0006_010.jpg,579,5,-1,True,175,3100,0.6253757451491014,0.15822784810126583,1,1106,1,1,1,1
2486,0579_c0006_011.jpg,579,5,-1,True,175,3100,0.6168793966289484,0.15310586176727908,1,1143,1,1,1,1
2487,0579_c0006_012.jpg,579,5,-1,True,175,3100,0.6227142999746258,0.15569395017793594,1,1124,1,1,1,1
2488,0579_c0006_013.jpg,579,5,-1,True,175,3100,0.590202458473712,0.16908212560386474,1,1035,1,1,1,1
2489,0579_c0006_014.jpg,579,5,-1,True,175,3100,0.611000614508023,0.14780405405405406,1,1184,1,1,1,1
2490,0579_c0006_015.jpg,579,5,-1,True,175,3100,0.6100830337346739,0.15230635335073978,1,1149,1,1,1,1
2491,0579_c0006_016.jpg,579,5,-1,True,175,3100,0.6130358281311071,0.14792899408284024,1,1183,1,1,1,1
2492,0579_c0006_017.jpg,579,5,-1,True,175,3100,0.6294100622285449,0.1532399299474606,1,1142,1,1,1,1
2493,0579_c0006_018.jpg,579,5,-1,True,175,3100,0.6300816163572917,0.16173752310536044,1,1082,1,1,1,1
2494,0579_c0006_019.jpg,579,5,-1,True,175,3100,0.6280136739016601,0.13899920571882446,1,1259,1,1,1,1
2495,0579_c0006_020.jpg,579,5,-1,True,175,3100,0.6135871473889098,0.132375189107413,1,1322,1,1,1,1
2496,0579_c0006_021.jpg,579,5,-1,True,175,3100,0.6052963987235243,0.13079222720478326,1,1338,1,1,1,1
2497,0579_c0006_022.jpg,579,5,-1,True,175,3100,0.5849967025401762,0.12801755669348938,1,1367,1,1,1,1
2498,0579_c0006_023.jpg,579,5,-1,True,175,3100,0.5710170073626094,0.1276440554339898,1,1371,1,1,1,1
2499,0579_c0006_024.jpg,579,5,-1,True,175,3100,0.5703380190943619,0.12393767705382436,1,1412,1,1,1,1
2500,0579_c0007_000.jpg,579,6,-1,True,175,3100,0.5938286306594422,0.32649253731343286,1,536,1,1,1,1
2501,0579_c0007_001.jpg,579,6,-1,True,175,3100,0.595184938289304,0.31305903398926654,1,559,1,1,1,1
2502,0579_c0007_002.jpg,579,6,-1,True,175,3100,0.583421821968242,0.3153153153153153,1,555,1,1,1,1
2503,0579_c0007_003.jpg,579,6,-1,True,175,3100,0.5380261177791559,0.3125,1,560,1,1,1,1
2504,0579_c0007_004.jpg,579,6,-1,True,175,3100,0.5226462502281146,0.2892561983471074,1,605,1,1,1,1
2505,0579_c0007_005.jpg,579,6,-1,True,175,3100,0.5645684608211107,0.2961082910321489,1,591,1,1,1,1
2506,0579_c0007_006.jpg,579,6,-1,True,175,3100,0.5532755119133272,0.2827140549273021,1,619,1,1,1,1
2507,0579_c0007_007.jpg,579,6,-1,True,175,3100,0.5820918152907577,0.27910685805422647,1,627,1,1,1,1
2508,0579_c0007_008.jpg,579,6,-1,True,175,3100,0.5891133002135972,0.2878289473684211,1,608,1,1,1,1
2509,0579_c0007_009.jpg,579,6,-1,True,175,3100,0.5692947466997768,0.29069767441860467,1,602,1,1,1,1
2510,0579_c0007_010.jpg,579,6,-1,True,175,3100,0.5890127715610468,0.29914529914529914,1,585,1,1,1,1
2511,0579_c0007_011.jpg,579,6,-1,True,175,3100,0.5856887835415684,0.2936241610738255,1,596,1,1,1,1
2512,0579_c0007_012.jpg,579,6,-1,True,175,3100,0.5793285461203806,0.2976190476190476,1,588,1,1,1,1
2513,0579_c0007_013.jpg,579,6,-1,True,175,3100,0.6041710164764288,0.2717391304347826,1,644,1,1,1,1
2514,0579_c0007_014.jpg,579,6,-1,True,175,3100,0.5981931849853458,0.2951096121416526,1,593,1,1,1,1
2515,0579_c0007_015.jpg,579,6,-1,True,175,3100,0.5972194744639954,0.27472527472527475,1,637,1,1,1,1
2516,0579_c0007_016.jpg,579,6,-1,True,175,3100,0.5833612513569145,0.2619760479041916,1,668,1,1,1,1
2517,0579_c0007_017.jpg,579,6,-1,True,175,3100,0.6100406328988821,0.2608047690014903,1,671,1,1,1,1
2518,0579_c0007_018.jpg,579,6,-1,True,175,3100,0.62777954808005,0.2562225475841874,1,683,1,1,1,1
2519,0579_c0007_019.jpg,579,6,-1,True,175,3100,0.6321406574972543,0.2878289473684211,1,608,1,1,1,1
2520,0579_c0007_020.jpg,579,6,-1,True,175,3100,0.6197915050070448,0.2921535893155259,1,599,1,1,1,1
2521,0579_c0007_021.jpg,579,6,-1,True,175,3100,0.632615339093339,0.30017152658662094,1,583,1,1,1,1
2522,0579_c0007_022.jpg,579,6,-1,True,175,3100,0.6323022934184144,0.2966101694915254,1,590,1,1,1,1
2523,0579_c0007_023.jpg,579,6,-1,True,175,3100,0.6113119443154327,0.3054101221640489,1,573,1,1,1,1
2524,0579_c0007_024.jpg,579,6,-1,True,175,3100,0.6002033252436141,0.3006872852233677,1,582,1,1,1,1
2525,0579_c0008_000.jpg,579,7,-1,True,175,3100,0.44490948181144674,0.14498757249378624,1,1207,1,1,1,1
2526,0579_c0008_001.jpg,579,7,-1,True,175,3100,0.4651873295891445,0.13757861635220126,1,1272,1,1,1,1
2527,0579_c0008_002.jpg,579,7,-1,True,175,3100,0.4678660604377097,0.15681003584229392,1,1116,1,1,1,1
2528,0579_c0008_003.jpg,579,7,-1,True,175,3100,0.49107517254832805,0.15404929577464788,1,1136,1,1,1,1
2529,0579_c0008_004.jpg,579,7,-1,True,175,3100,0.46944564243287695,0.15459363957597172,1,1132,1,1,1,1
2530,0579_c0008_005.jpg,579,7,-1,True,175,3100,0.32976895038886994,0.17552657973921765,2,997,0,1,1,1
2531,0579_c0008_006.jpg,579,7,-1,True,175,3100,0.35085044205882226,0.1697381183317168,1,1031,1,1,1,1
2532,0579_c0008_007.jpg,579,7,-1,True,175,3100,0.4079948876931705,0.16619183285849953,1,1053,1,1,1,1
2533,0579_c0008_008.jpg,579,7,-1,True,175,3100,0.3338806144839431,0.17412935323383086,1,1005,1,1,1,1
2534,0579_c0008_009.jpg,579,7,-1,True,175,3100,0.3532335414620621,0.1695736434108527,1,1032,1,1,1,1
2535,0579_c0008_010.jpg,579,7,-1,True,175,3100,0.3720228314408841,0.1493174061433447,1,1172,1,1,1,1
2536,0579_c0008_011.jpg,579,7,-1,True,175,3100,0.37682873217272717,0.15779981965734896,2,1109,0,1,1,1
2537,0579_c0008_012.jpg,579,7,-1,True,175,3100,0.4456443870743827,0.17967145790554415,1,974,1,1,1,1
2538,0579_c0008_013.jpg,579,7,-1,True,175,3100,0.2762893859713029,0.19146608315098468,18,914,0,0,0,1
2539,0579_c0008_014.jpg,579,7,-1,True,175,3100,0.28254189884437925,0.19167579408543264,13,913,0,0,0,1
2540,0579_c0008_015.jpg,579,7,-1,True,175,3100,0.35321988955193906,0.17309594460929772,1,1011,1,1,1,1
2541,0579_c0008_016.jpg,579,7,-1,True,175,3100,0.28811544584793175,0.17930327868852458,7,976,0,0,1,1
2542,0579_c0008_017.jpg,579,7,-1,True,175,3100,0.271417502648869,0.18796992481203006,11,931,0,0,0,1
2543,0579_c0008_018.jpg,579,7,-1,True,175,3100,0.2697131732611584,0.19273127753303965,13,908,0,0,0,1
2544,0579_c0008_019.jpg,579,7,-1,True,175,3100,0.26121116703963065,0.18878101402373246,14,927,0,0,0,1
2545,0579_c0008_020.jpg,579,7,-1,True,175,3100,0.30862712350435023,0.18286311389759666,3,957,0,1,1,1
2546,0579_c0008_021.jpg,579,7,-1,True,175,3100,0.355133353397088,0.17658930373360243,1,991,1,1,1,1
2547,0579_c0008_022.jpg,579,7,-1,True,175,3100,0.41862778698304004,0.17039922103213243,1,1027,1,1,1,1
2548,0579_c0008_023.jpg,579,7,-1,True,175,3100,0.37563733521023196,0.17820773930753564,1,982,1,1,1,1
2549,0579_c0008_024.jpg,579,7,-1,True,175,3100,0.43866867633172313,0.17482517482517482,1,1001,1,1,1,1
2550,0585_c0001_000.jpg,585,0,-1,True,175,3100,0.36051735116557143,0.30918727915194344,26,566,0,0,0,0
2551,0585_c0001_001.jpg,585,0,-1,True,175,3100,0.3571700835894466,0.3108348134991119,26,563,0,0,0,0
2552,0585_c0001_002.jpg,585,0,-1,True,175,3100,0.35370841485520066,0.2951096121416526,26,593,0,0,0,0
2553,0585_c0001_003.jpg,585,0,-1,True,175,3100,0.3709965216128824,0.3141831238779174,26,557,0,0,0,0
2554,0585_c0001_004.jpg,585,0,-1,True,175,3100,0.38664430925941257,0.33206831119544594,26,527,0,0,0,0
2555,0585_c0001_005.jpg,585,0,-1,True,175,3100,0.4043974867700414,0.3514056224899598,26,498,0,0,0,0
2556,0585_c0001_006.jpg,585,0,-1,True,175,3100,0.4193643152821817,0.32407407407407407,21,540,0,0,0,0
2557,0585_c0001_007.jpg,585,0,-1,True,175,3100,0.42168641781966554,0.3252788104089219,20,538,0,0,0,1
2558,0585_c0001_008.jpg,585,0,-1,True,175,3100,0.40631642740952123,0.30864197530864196,22,567,0,0,0,0
2559,0585_c0001_009.jpg,585,0,-1,True,175,3100,0.42271569315036883,0.33589251439539347,20,521,0,0,0,1
2560,0585_c0001_010.jpg,585,0,-1,True,175,3100,0.42409932975865194,0.3193430656934307,18,548,0,0,0,1
2561,0585_c0001_011.jpg,585,0,-1,True,175,3100,0.42127481706243325,0.3246753246753247,20,539,0,0,0,1
2562,0585_c0001_012.jpg,585,0,-1,True,175,3100,0.408676048926075,0.28501628664495116,22,614,0,0,0,0
2563,0585_c0001_013.jpg,585,0,-1,True,175,3100,0.4131873586892867,0.2966101694915254,18,590,0,0,0,1
2564,0585_c0001_014.jpg,585,0,-1,True,175,3100,0.4124438791175822,0.2717391304347826,19,644,0,0,0,1
2565,0585_c0001_015.jpg,585,0,-1,True,175,3100,0.42200852947925943,0.2521613832853026,11,694,0,0,0,1
2566,0585_c0001_016.jpg,585,0,-1,True,175,3100,0.3973383805418725,0.24204702627939143,15,723,0,0,0,1
2567,0585_c0001_017.jpg,585,0,-1,True,175,3100,0.37853320616047453,0.2393980848153215,17,731,0,0,0,1
2568,0585_c0001_018.jpg,585,0,-1,True,175,3100,0.39244091404339737,0.23972602739726026,11,730,0,0,0,1
2569,0585_c0001_019.jpg,585,0,-1,True,175,3100,0.4001485964152874,0.2413793103448276,10,725,0,0,1,1
2570,0585_c0001_020.jpg,585,0,-1,True,175,3100,0.4054906126620858,0.2407152682255846,10,727,0,0,1,1
2571,0585_c0001_021.jpg,585,0,-1,True,175,3100,0.41639882119683347,0.2390710382513661,1,732,1,1,1,1
2572,0585_c0001_022.jpg,585,0,-1,True,175,3100,0.3700219608866237,0.22639068564036222,2,773,0,1,1,1
2573,0585_c0001_023.jpg,585,0,-1,True,175,3100,0.4077274756324163,0.24204702627939143,3,723,0,1,1,1
2574,0585_c0001_024.jpg,585,0,-1,True,175,3100,0.4020528837683558,0.24005486968449932,3,729,0,1,1,1
2575,0585_c0002_000.jpg,585,1,-1,True,175,3100,0.4443465378293362,0.4475703324808184,17,391,0,0,0,1
2576,0585_c0002_001.jpg,585,1,-1,True,175,3100,0.44542309456997226,0.4533678756476684,17,386,0,0,0,1
2577,0585_c0002_002.jpg,585,1,-1,True,175,3100,0.4664349682949573,0.4557291666666667,15,384,0,0,0,1
2578,0585_c0002_003.jpg,585,1,-1,True,175,3100,0.464653526838073,0.45691906005221933,16,383,0,0,0,1
2579,0585_c0002_004.jpg,585,1,-1,True,175,3100,0.4672626288293595,0.4654255319148936,15,376,0,0,0,1
2580,0585_c0002_005.jpg,585,1,-1,True,175,3100,0.4442364374665138,0.45103092783505155,17,388,0,0,0,1
2581,0585_c0002_006.jpg,585,1,-1,True,175,3100,0.4590698348558791,0.45691906005221933,16,383,0,0,0,1
2582,0585_c0002_007.jpg,585,1,-1,True,175,3100,0.4631984622543306,0.45691906005221933,15,383,0,0,0,1
2583,0585_c0002_008.jpg,585,1,-1,True,175,3100,0.4557928071136083,0.45454545454545453,16,385,0,0,0,1
2584,0585_c0002_009.jpg,585,1,-1,True,175,3100,0.4655702685661168,0.4605263157894737,17,380,0,0,0,1
2585,0585_c0002_010.jpg,585,1,-1,True,175,3100,0.4656355722077704,0.4679144385026738,16,374,0,0,0,1
2586,0585_c0002_011.jpg,585,1,-1,True,175,3100,0.447781486329001,0.4581151832460733,17,382,0,0,0,1
2587,0585_c0002_012.jpg,585,1,-1,True,175,3100,0.45299054933831906,0.4716981132075472,17,371,0,0,0,1
2588,0585_c0002_013.jpg,585,1,-1,True,175,3100,0.4408910533163348,0.4475703324808184,17,391,0,0,0,1
2589,0585_c0002_014.jpg,585,1,-1,True,175,3100,0.4324015780521511,0.43859649122807015,18,399,0,0,0,1
2590,0585_c0002_015.jpg,585,1,-1,True,175,3100,0.44135359764735377,0.45219638242894056,17,387,0,0,0,1
2591,0585_c0002_016.jpg,585,1,-1,True,175,3100,0.4425173831613795,0.4557291666666667,17,384,0,0,0,1
2592,0585_c0002_017.jpg,585,1,-1,True,175,3100,0.4423001649310832,0.46174142480211083,17,379,0,0,0,1
2593,0585_c0002_018.jpg,585,1,-1,True,175,3100,0.44653912347943936,0.4581151832460733,17,382,0,0,0,1
2594,0585_c0002_019.jpg,585,1,-1,True,175,3100,0.44852628201418643,0.45691906005221933,17,383,0,0,0,1
2595,0585_c0002_020.jpg,585,1,-1,True,175,3100,0.44184320649419223,0.45691906005221933,17,383,0,0,0,1
2596,0585_c0002_021.jpg,585,1,-1,True,175,3100,0.4514414514335359,0.45103092783505155,16,388,0,0,0,1
2597,0585_c0002_022.jpg,585,1,-1,True,175,3100,0.4534459900726919,0.45691906005221933,16,383,0,0,0,1
2598,0585_c0002_023.jpg,585,1,-1,True,175,3100,0.4516418289276636,0.46174142480211083,16,379,0,0,0,1
2599,0585_c0002_024.jpg,585,1,-1,True,175,3100,0.45451415302313486,0.4679144385026738,16,374,0,0,0,1
2600,0585_c0003_000.jpg,585,2,-1,True,175,3100,0.47928734053226596,0.38802660753880264,14,451,0,0,0,1
2601,0585_c0003_001.jpg,585,2,-1,True,175,3100,0.47941674389878586,0.38802660753880264,13,451,0,0,0,1
2602,0585_c0003_002.jpg,585,2,-1,True,175,3100,0.4769164009428036,0.38377192982456143,14,456,0,0,0,1
2603,0585_c0003_003.jpg,585,2,-1,True,175,3100,0.47412759870523946,0.3897550111358575,17,449,0,0,0,1
2604,0585_c0003_004.jpg,585,2,-1,True,175,3100,0.4788661957959768,0.3888888888888889,14,450,0,0,0,1
2605,0585_c0003_005.jpg,585,2,-1,True,175,3100,0.47890340122920977,0.3888888888888889,14,450,0,0,0,1
2606,0585_c0003_006.jpg,585,2,-1,True,175,3100,0.47929753947319836,0.38802660753880264,15,451,0,0,0,1
2607,0585_c0003_007.jpg,585,2,-1,True,175,3100,0.48058845208210493,0.3854625550660793,13,454,0,0,0,1
2608,0585_c0003_008.jpg,585,2,-1,True,175,3100,0.47410610940898085,0.3556910569105691,16,492,0,0,0,1
2609,0585_c0003_009.jpg,585,2,-1,True,175,3100,0.46546172524602525,0.35496957403651114,17,493,0,0,0,1
2610,0585_c0003_010.jpg,585,2,-1,True,175,3100,0.4729273908099058,0.3812636165577342,17,459,0,0,0,1
2611,0585_c0003_011.jpg,585,2,-1,True,175,3100,0.47136942648857827,0.3653444676409186,17,479,0,0,0,1
2612,0585_c0003_012.jpg,585,2,-1,True,175,3100,0.477153166951005,0.3854625550660793,14,454,0,0,0,1
2613,0585_c0003_013.jpg,585,2,-1,True,175,3100,0.4783294017980535,0.38716814159292035,14,452,0,0,0,1
2614,0585_c0003_014.jpg,585,2,-1,True,175,3100,0.47891393957410805,0.3854625550660793,13,454,0,0,0,1
2615,0585_c0003_015.jpg,585,2,-1,True,175,3100,0.47447509758242495,0.37393162393162394,16,468,0,0,0,1
2616,0585_c0003_016.jpg,585,2,-1,True,175,3100,0.4762784241497873,0.38631346578366443,15,453,0,0,0,1
2617,0585_c0003_017.jpg,585,2,-1,True,175,3100,0.48424188375704896,0.3897550111358575,13,449,0,0,0,1
2618,0585_c0003_018.jpg,585,2,-1,True,175,3100,0.4939520205132868,0.3995433789954338,12,438,0,0,0,1
2619,0585_c0003_019.jpg,585,2,-1,True,175,3100,0.48665474864624475,0.3923766816143498,13,446,0,0,0,1
2620,0585_c0003_020.jpg,585,2,-1,True,175,3100,0.49043836776537675,0.3897550111358575,12,449,0,0,0,1
2621,0585_c0003_021.jpg,585,2,-1,True,175,3100,0.481983176076563,0.3897550111358575,14,449,0,0,0,1
2622,0585_c0003_022.jpg,585,2,-1,True,175,3100,0.4920889675584239,0.38716814159292035,13,452,0,0,0,1
2623,0585_c0003_023.jpg,585,2,-1,True,175,3100,0.4850214402764501,0.3854625550660793,13,454,0,0,0,1
2624,0585_c0003_024.jpg,585,2,-1,True,175,3100,0.48555297882129284,0.38631346578366443,13,453,0,0,0,1
2625,0585_c0004_000.jpg,585,3,-1,True,175,3100,0.22883778555802037,0.1588021778584392,17,1102,0,0,0,1
2626,0585_c0004_001.jpg,585,3,-1,True,175,3100,0.22521189350322268,0.15996343692870202,19,1094,0,0,0,1
2627,0585_c0004_002.jpg,585,3,-1,True,175,3100,0.22509236237122424,0.15695067264573992,10,1115,0,0,1,1
2628,0585_c0004_003.jpg,585,3,-1,True,175,3100,0.21795918784503357,0.15527950310559005,18,1127,0,0,0,1
2629,0585_c0004_004.jpg,585,3,-1,True,175,3100,0.2085139087648412,0.15541740674955595,21,1126,0,0,0,0
2630,0585_c0004_005.jpg,585,3,-1,True,175,3100,0.2129958424584451,0.15337423312883436,18,1141,0,0,0,1
2631,0585_c0004_006.jpg,585,3,-1,True,175,3100,0.20224295130300207,0.14919011082693948,22,1173,0,0,0,0
2632,0585_c0004_007.jpg,585,3,-1,True,175,3100,0.19261401003404766,0.14681208053691275,22,1192,0,0,0,0
2633,0585_c0004_008.jpg,585,3,-1,True,175,3100,0.1899352140851613,0.14792899408284024,23,1183,0,0,0,0
2634,0585_c0004_009.jpg,585,3,-1,True,175,3100,0.2090119475543105,0.14792899408284024,20,1183,0,0,0,1
2635,0585_c0004_010.jpg,585,3,-1,True,175,3100,0.22378170014075588,0.15404929577464788,17,1136,0,0,0,1
2636,0585_c0004_011.jpg,585,3,-1,True,175,3100,0.20506307359376827,0.14693534844668346,19,1191,0,0,0,1
2637,0585_c0004_012.jpg,585,3,-1,True,175,3100,0.20839015986698076,0.14805414551607446,18,1182,0,0,0,1
2638,0585_c0004_013.jpg,585,3,-1,True,175,3100,0.2089987478175618,0.14906303236797275,18,1174,0,0,0,1
2639,0585_c0004_014.jpg,585,3,-1,True,175,3100,0.23427202957161886,0.157942238267148,17,1108,0,0,0,1
2640,0585_c0004_015.jpg,585,3,-1,True,175,3100,0.21165514506406338,0.14868309260832624,19,1177,0,0,0,1
2641,0585_c0004_016.jpg,585,3,-1,True,175,3100,0.23314267988847526,0.15751575157515751,13,1111,0,0,0,1
2642,0585_c0004_017.jpg,585,3,-1,True,175,3100,0.22173444556321978,0.1532399299474606,19,1142,0,0,0,1
2643,0585_c0004_018.jpg,585,3,-1,True,175,3100,0.2154425896765314,0.15151515151515152,21,1155,0,0,0,0
2644,0585_c0004_019.jpg,585,3,-1,True,175,3100,0.20481666948011637,0.14906303236797275,21,1174,0,0,0,0
2645,0585_c0004_020.jpg,585,3,-1,True,175,3100,0.22839526766937734,0.15822784810126583,16,1106,0,0,0,1
2646,0585_c0004_021.jpg,585,3,-1,True,175,3100,0.23070003787269164,0.1550044286979628,17,1129,0,0,0,1
2647,0585_c0004_022.jpg,585,3,-1,True,175,3100,0.23720616051970098,0.1585144927536232,9,1104,0,0,1,1
2648,0585_c0004_023.jpg,585,3,-1,True,175,3100,0.23884091669435004,0.1592356687898089,9,1099,0,0,1,1
2649,0585_c0004_024.jpg,585,3,-1,True,175,3100,0.235156926096616,0.15737410071942445,10,1112,0,0,1,1
2650,0585_c0005_000.jpg,585,4,-1,True,175,3100,0.40249460024741535,0.2492877492877493,26,702,0,0,0,0
2651,0585_c0005_001.jpg,585,4,-1,True,175,3100,0.4068369530972108,0.2547307132459971,26,687,0,0,0,0
2652,0585_c0005_002.jpg,585,4,-1,True,175,3100,0.4041841061125254,0.24544179523141654,26,713,0,0,0,0
2653,0585_c0005_003.jpg,585,4,-1,True,175,3100,0.4096023534994513,0.2619760479041916,26,668,0,0,0,0
2654,0585_c0005_004.jpg,585,4,-1,True,175,3100,0.4115435800891109,0.26435045317220546,26,662,0,0,0,0
2655,0585_c0005_005.jpg,585,4,-1,True,175,3100,0.4079965465062758,0.2581120943952802,26,678,0,0,0,0
2656,0585_c0005_006.jpg,585,4,-1,True,175,3100,0.39828210552936183,0.24305555555555555,26,720,0,0,0,0
2657,0585_c0005_007.jpg,585,4,-1,True,175,3100,0.39612349468813696,0.23874488403819918,26,733,0,0,0,0
2658,0585_c0005_008.jpg,585,4,-1,True,175,3100,0.3946484553551856,0.23809523809523808,26,735,0,0,0,0
2659,0585_c0005_009.jpg,585,4,-1,True,175,3100,0.39470992263787025,0.24238227146814403,26,722,0,0,0,0
2660,0585_c0005_010.jpg,585,4,-1,True,175,3100,0.38902137996291497,0.23427041499330656,26,747,0,0,0,0
2661,0585_c0005_011.jpg,585,4,-1,True,175,3100,0.40233345206923926,0.2517985611510791,26,695,0,0,0,0
2662,0585_c0005_012.jpg,585,4,-1,True,175,3100,0.3968017565992656,0.2413793103448276,26,725,0,0,0,0
2663,0585_c0005_013.jpg,585,4,-1,True,175,3100,0.39864641724302935,0.24752475247524752,26,707,0,0,0,0
2664,0585_c0005_014.jpg,585,4,-1,True,175,3100,0.40432324194338026,0.25697503671071953,26,681,0,0,0,0
2665,0585_c0005_015.jpg,585,4,-1,True,175,3100,0.40463616487834314,0.25289017341040465,26,692,0,0,0,0
2666,0585_c0005_016.jpg,585,4,-1,True,175,3100,0.39849429004371084,0.24613220815752462,26,711,0,0,0,0
2667,0585_c0005_017.jpg,585,4,-1,True,175,3100,0.3964503896261731,0.23841961852861035,26,734,0,0,0,0
2668,0585_c0005_018.jpg,585,4,-1,True,175,3100,0.3964503896261731,0.23841961852861035,26,734,0,0,0,0
2669,0585_c0005_019.jpg,585,4,-1,True,175,3100,0.3972098330758437,0.2358490566037736,26,742,0,0,0,0
2670,0585_c0005_020.jpg,585,4,-1,True,175,3100,0.39742735585347766,0.2336448598130841,26,749,0,0,0,0
2671,0585_c0005_021.jpg,585,4,-1,True,175,3100,0.4006462583842181,0.24893314366998578,26,703,0,0,0,0
2672,0585_c0005_022.jpg,585,4,-1,True,175,3100,0.38902915759293444,0.2468265162200282,26,709,0,0,0,0
2673,0585_c0005_023.jpg,585,4,-1,True,175,3100,0.3868470157468431,0.23026315789473684,26,760,0,0,0,0
2674,0585_c0005_024.jpg,585,4,-1,True,175,3100,0.3862666456984591,0.23777173913043478,26,736,0,0,0,0
2675,0585_c0006_000.jpg,585,5,-1,True,175,3100,0.5173817463501951,0.25735294117647056,1,680,1,1,1,1
2676,0585_c0006_001.jpg,585,5,-1,True,175,3100,0.5224703075657536,0.274294670846395,1,638,1,1,1,1
2677,0585_c0006_002.jpg,585,5,-1,True,175,3100,0.5432266226419993,0.2956081081081081,1,592,1,1,1,1
2678,0585_c0006_003.jpg,585,5,-1,True,175,3100,0.5317739072491933,0.2956081081081081,1,592,1,1,1,1
2679,0585_c0006_004.jpg,585,5,-1,True,175,3100,0.5311882516073829,0.3181818181818182,1,550,1,1,1,1
2680,0585_c0006_005.jpg,585,5,-1,True,175,3100,0.5275084487592288,0.30434782608695654,1,575,1,1,1,1
2681,0585_c0006_006.jpg,585,5,-1,True,175,3100,0.5397034032783959,0.3153153153153153,1,555,1,1,1,1
2682,0585_c0006_007.jpg,585,5,-1,True,175,3100,0.5275106042088237,0.32228360957642727,1,543,1,1,1,1
2683,0585_c0006_008.jpg,585,5,-1,True,175,3100,0.5367598264306688,0.32287822878228783,1,542,1,1,1,1
2684,0585_c0006_009.jpg,585,5,-1,True,175,3100,0.5354973374015867,0.32771535580524347,1,534,1,1,1,1
2685,0585_c0006_010.jpg,585,5,-1,True,175,3100,0.5534735802698993,0.330188679245283,1,530,1,1,1,1
2686,0585_c0006_011.jpg,585,5,-1,True,175,3100,0.5622056296479079,0.33206831119544594,1,527,1,1,1,1
2687,0585_c0006_012.jpg,585,5,-1,True,175,3100,0.5704730057311321,0.3258845437616387,1,537,1,1,1,1
2688,0585_c0006_013.jpg,585,5,-1,True,175,3100,0.5725634712766315,0.330188679245283,1,530,1,1,1,1
2689,0585_c0006_014.jpg,585,5,-1,True,175,3100,0.5628115312754072,0.32771535580524347,1,534,1,1,1,1
2690,0585_c0006_015.jpg,585,5,-1,True,175,3100,0.5699639056921648,0.3258845437616387,1,537,1,1,1,1
2691,0585_c0006_016.jpg,585,5,-1,True,175,3100,0.5615126057963554,0.33206831119544594,1,527,1,1,1,1
2692,0585_c0006_017.jpg,585,5,-1,True,175,3100,0.574447809535932,0.3333333333333333,1,525,1,1,1,1
2693,0585_c0006_018.jpg,585,5,-1,True,175,3100,0.5678514242167528,0.3022452504317789,1,579,1,1,1,1
2694,0585_c0006_019.jpg,585,5,-1,True,175,3100,0.5678681224480703,0.3017241379310345,1,580,1,1,1,1
2695,0585_c0006_020.jpg,585,5,-1,True,175,3100,0.5713785419121691,0.3027681660899654,1,578,1,1,1,1
2696,0585_c0006_021.jpg,585,5,-1,True,175,3100,0.5730389501154286,0.3022452504317789,1,579,1,1,1,1
2697,0585_c0006_022.jpg,585,5,-1,True,175,3100,0.5771340232622715,0.32051282051282054,1,546,1,1,1,1
2698,0585_c0006_023.jpg,585,5,-1,True,175,3100,0.5678955395712624,0.33269961977186313,1,526,1,1,1,1
2699,0585_c0006_024.jpg,585,5,-1,True,175,3100,0.5678747956581076,0.32710280373831774,1,535,1,1,1,1
2700,0585_c0007_000.jpg,585,6,-1,True,175,3100,0.6842294714300015,0.546875,1,320,1,1,1,1
2701,0585_c0007_001.jpg,585,6,-1,True,175,3100,0.6865964067118552,0.546875,1,320,1,1,1,1
2702,0585_c0007_002.jpg,585,6,-1,True,175,3100,0.6835511655588036,0.54858934169279,1,319,1,1,1,1
2703,0585_c0007_003.jpg,585,6,-1,True,175,3100,0.6764090473936927,0.5434782608695652,1,322,1,1,1,1
2704,0585_c0007_004.jpg,585,6,-1,True,175,3100,0.6812197179510583,0.5451713395638629,1,321,1,1,1,1
2705,0585_c0007_005.jpg,585,6,-1,True,175,3100,0.6810482556979047,0.5451713395638629,1,321,1,1,1,1
2706,0585_c0007_006.jpg,585,6,-1,True,175,3100,0.6744795978727195,0.5401234567901234,1,324,1,1,1,1
2707,0585_c0007_007.jpg,585,6,-1,True,175,3100,0.6785702557538523,0.550314465408805,1,318,1,1,1,1
2708,0585_c0007_008.jpg,585,6,-1,True,175,3100,0.6761297480624517,0.546875,1,320,1,1,1,1
2709,0585_c0007_009.jpg,585,6,-1,True,175,3100,0.6768279037694678,0.550314465408805,1,318,1,1,1,1
2710,0585_c0007_010.jpg,585,6,-1,True,175,3100,0.6743073550005924,0.5451713395638629,1,321,1,1,1,1
2711,0585_c0007_011.jpg,585,6,-1,True,175,3100,0.675199273138638,0.5451713395638629,1,321,1,1,1,1
2712,0585_c0007_012.jpg,585,6,-1,True,175,3100,0.6827703031407649,0.54858934169279,1,319,1,1,1,1
2713,0585_c0007_013.jpg,585,6,-1,True,175,3100,0.6814780726712859,0.5520504731861199,1,317,1,1,1,1
2714,0585_c0007_014.jpg,585,6,-1,True,175,3100,0.6804667937023523,0.546875,1,320,1,1,1,1
2715,0585_c0007_015.jpg,585,6,-1,True,175,3100,0.6760054949776882,0.5451713395638629,1,321,1,1,1,1
2716,0585_c0007_016.jpg,585,6,-1,True,175,3100,0.6805886287890899,0.550314465408805,1,318,1,1,1,1
2717,0585_c0007_017.jpg,585,6,-1,True,175,3100,0.6845780135982128,0.5537974683544303,1,316,1,1,1,1
2718,0585_c0007_018.jpg,585,6,-1,True,175,3100,0.6847310846199807,0.5608974358974359,1,312,1,1,1,1
2719,0585_c0007_019.jpg,585,6,-1,True,175,3100,0.6802905772439164,0.546875,1,320,1,1,1,1
2720,0585_c0007_020.jpg,585,6,-1,True,175,3100,0.6780988017825467,0.5434782608695652,1,322,1,1,1,1
2721,0585_c0007_021.jpg,585,6,-1,True,175,3100,0.6768743322060032,0.5434782608695652,1,322,1,1,1,1
2722,0585_c0007_022.jpg,585,6,-1,True,175,3100,0.6805469388038575,0.54858934169279,1,319,1,1,1,1
2723,0585_c0007_023.jpg,585,6,-1,True,175,3100,0.6788200615566573,0.54858934169279,1,319,1,1,1,1
2724,0585_c0007_024.jpg,585,6,-1,True,175,3100,0.6816648026979805,0.5537974683544303,1,316,1,1,1,1
2725,0585_c0008_000.jpg,585,7,-1,True,175,3100,0.5365729161721166,0.2936241610738255,1,596,1,1,1,1
2726,0585_c0008_001.jpg,585,7,-1,True,175,3100,0.5359119878131512,0.2921535893155259,1,599,1,1,1,1
2727,0585_c0008_002.jpg,585,7,-1,True,175,3100,0.536110284728957,0.2931323283082077,1,597,1,1,1,1
2728,0585_c0008_003.jpg,585,7,-1,True,175,3100,0.5680067613065668,0.2936241610738255,1,596,1,1,1,1
2729,0585_c0008_004.jpg,585,7,-1,True,175,3100,0.5653836988072549,0.2902155887230514,1,603,1,1,1,1
2730,0585_c0008_005.jpg,585,7,-1,True,175,3100,0.5616195230614879,0.29411764705882354,1,595,1,1,1,1
2731,0585_c0008_006.jpg,585,7,-1,True,175,3100,0.5445997914443462,0.2864157119476268,1,611,1,1,1,1
2732,0585_c0008_007.jpg,585,7,-1,True,175,3100,0.5452260629390145,0.2777777777777778,1,630,1,1,1,1
2733,0585_c0008_008.jpg,585,7,-1,True,175,3100,0.5508339087666702,0.29411764705882354,1,595,1,1,1,1
2734,0585_c0008_009.jpg,585,7,-1,True,175,3100,0.5507685955291419,0.2921535893155259,1,599,1,1,1,1
2735,0585_c0008_010.jpg,585,7,-1,True,175,3100,0.5642479522572261,0.28180354267310787,1,621,1,1,1,1
2736,0585_c0008_011.jpg,585,7,-1,True,175,3100,0.5585966982625818,0.2786624203821656,1,628,1,1,1,1
2737,0585_c0008_012.jpg,585,7,-1,True,175,3100,0.5809106465437743,0.2892561983471074,1,605,1,1,1,1
2738,0585_c0008_013.jpg,585,7,-1,True,175,3100,0.5742441691759589,0.2946127946127946,1,594,1,1,1,1
2739,0585_c0008_014.jpg,585,7,-1,True,175,3100,0.5485074275934134,0.2892561983471074,1,605,1,1,1,1
2740,0585_c0008_015.jpg,585,7,-1,True,175,3100,0.5575705023767138,0.27472527472527475,1,637,1,1,1,1
2741,0585_c0008_016.jpg,585,7,-1,True,175,3100,0.5404414901706779,0.2751572327044025,1,636,1,1,1,1
2742,0585_c0008_017.jpg,585,7,-1,True,175,3100,0.5532547262288496,0.2764612954186414,1,633,1,1,1,1
2743,0585_c0008_018.jpg,585,7,-1,True,175,3100,0.5442453069950969,0.2663622526636225,1,657,1,1,1,1
2744,0585_c0008_019.jpg,585,7,-1,True,175,3100,0.5450293143903806,0.2684049079754601,1,652,1,1,1,1
2745,0585_c0008_020.jpg,585,7,-1,True,175,3100,0.5442172282277068,0.27472527472527475,1,637,1,1,1,1
2746,0585_c0008_021.jpg,585,7,-1,True,175,3100,0.5237398722929892,0.277337559429477,1,631,1,1,1,1
2747,0585_c0008_022.jpg,585,7,-1,True,175,3100,0.5317991871046792,0.28735632183908044,1,609,1,1,1,1
2748,0585_c0008_023.jpg,585,7,-1,True,175,3100,0.530010729699527,0.2840909090909091,1,616,1,1,1,1
2749,0585_c0008_024.jpg,585,7,-1,True,175,3100,0.5382526920194042,0.26881720430107525,1,651,1,1,1,1
2750,0591_c0001_000.jpg,591,0,-1,True,175,3100,0.4716239180594016,0.1640112464854733,1,1067,1,1,1,1
2751,0591_c0001_001.jpg,591,0,-1,True,175,3100,0.4503975463536319,0.16203703703703703,1,1080,1,1,1,1
2752,0591_c0001_002.jpg,591,0,-1,True,175,3100,0.44978186814340493,0.1604032997250229,1,1091,1,1,1,1
2753,0591_c0001_003.jpg,591,0,-1,True,175,3100,0.4458002439138555,0.1674641148325359,1,1045,1,1,1,1
2754,0591_c0001_004.jpg,591,0,-1,True,175,3100,0.46713324589840616,0.15967153284671534,1,1096,1,1,1,1
2755,0591_c0001_005.jpg,591,0,-1,True,175,3100,0.49064481273668337,0.1497005988023952,1,1169,1,1,1,1
2756,0591_c0001_006.jpg,591,0,-1,True,175,3100,0.4807850903016636,0.15337423312883436,1,1141,1,1,1,1
2757,0591_c0001_007.jpg,591,0,-1,True,175,3100,0.44578132739702225,0.15164644714038128,1,1154,1,1,1,1
2758,0591_c0001_008.jpg,591,0,-1,True,175,3100,0.4593579540206187,0.15779981965734896,1,1109,1,1,1,1
2759,0591_c0001_009.jpg,591,0,-1,True,175,3100,0.45791779541836913,0.1615881809787627,1,1083,1,1,1,1
2760,0591_c0001_010.jpg,591,0,-1,True,175,3100,0.46197380174403974,0.1585144927536232,1,1104,1,1,1,1
2761,0591_c0001_011.jpg,591,0,-1,True,175,3100,0.46060662884908365,0.1589464123524069,1,1101,1,1,1,1
2762,0591_c0001_012.jpg,591,0,-1,True,175,3100,0.4531878167407204,0.1674641148325359,1,1045,1,1,1,1
2763,0591_c0001_013.jpg,591,0,-1,True,175,3100,0.476578330738182,0.15112262521588946,1,1158,1,1,1,1
2764,0591_c0001_014.jpg,591,0,-1,True,175,3100,0.4736550369573841,0.14855687606112053,1,1178,1,1,1,1
2765,0591_c0001_015.jpg,591,0,-1,True,175,3100,0.4746819919235419,0.14855687606112053,1,1178,1,1,1,1
2766,0591_c0001_016.jpg,591,0,-1,True,175,3100,0.47092794504129043,0.14595496246872394,1,1199,1,1,1,1
2767,0591_c0001_017.jpg,591,0,-1,True,175,3100,0.4768302733112362,0.14644351464435146,1,1195,1,1,1,1
2768,0591_c0001_018.jpg,591,0,-1,True,175,3100,0.4729823186045211,0.1475548060708263,1,1186,1,1,1,1
2769,0591_c0001_019.jpg,591,0,-1,True,175,3100,0.48203423047109667,0.14868309260832624,1,1177,1,1,1,1
2770,0591_c0001_020.jpg,591,0,-1,True,175,3100,0.45543246888912814,0.14595496246872394,1,1199,1,1,1,1
2771,0591_c0001_021.jpg,591,0,-1,True,175,3100,0.4656386922035936,0.14644351464435146,1,1195,1,1,1,1
2772,0591_c0001_022.jpg,591,0,-1,True,175,3100,0.5129209788497885,0.14583333333333334,1,1200,1,1,1,1
2773,0591_c0001_023.jpg,591,0,-1,True,175,3100,0.5040360775309802,0.1442704039571311,1,1213,1,1,1,1
2774,0591_c0001_024.jpg,591,0,-1,True,175,3100,0.5040360775309802,0.1442704039571311,1,1213,1,1,1,1
2775,0591_c0002_000.jpg,591,1,-1,True,175,3100,0.2739780864599615,0.13812154696132597,16,1267,0,0,0,1
2776,0591_c0002_001.jpg,591,1,-1,True,175,3100,0.2588806273010912,0.11920980926430517,23,1468,0,0,0,0
2777,0591_c0002_002.jpg,591,1,-1,True,175,3100,0.2532665915976318,0.1179245283018868,22,1484,0,0,0,0
2778,0591_c0002_003.jpg,591,1,-1,True,175,3100,0.24205513339731546,0.09831460674157304,26,1780,0,0,0,0
2779,0591_c0002_004.jpg,591,1,-1,True,175,3100,0.23757489338547674,0.10215995329830706,26,1713,0,0,0,0
2780,0591_c0002_005.jpg,591,1,-1,True,175,3100,0.2641420693980431,0.10815822002472188,25,1618,0,0,0,0
2781,0591_c0002_006.jpg,591,1,-1,True,175,3100,0.25579812851148837,0.106318347509113,26,1646,0,0,0,0
2782,0591_c0002_007.jpg,591,1,-1,True,175,3100,0.2546624933910976,0.12535816618911175,25,1396,0,0,0,0
2783,0591_c0002_008.jpg,591,1,-1,True,175,3100,0.2832637821305078,0.14090177133655393,16,1242,0,0,0,1
2784,0591_c0002_009.jpg,591,1,-1,True,175,3100,0.2929592562841876,0.13608087091757387,7,1286,0,0,1,1
2785,0591_c0002_010.jpg,591,1,-1,True,175,3100,0.27334242355566657,0.1346153846153846,4,1300,0,1,1,1
2786,0591_c0002_011.jpg,591,1,-1,True,175,3100,0.264190084611191,0.12745812090313183,24,1373,0,0,0,0
2787,0591_c0002_012.jpg,591,1,-1,True,175,3100,0.2545565549096957,0.11682242990654206,24,1498,0,0,0,0
2788,0591_c0002_013.jpg,591,1,-1,True,175,3100,0.2680448708172332,0.12962962962962962,15,1350,0,0,0,1
2789,0591_c0002_014.jpg,591,1,-1,True,175,3100,0.26013560982866074,0.1259899208063355,24,1389,0,0,0,0
2790,0591_c0002_015.jpg,591,1,-1,True,175,3100,0.26185261156452416,0.1265365148228489,20,1383,0,0,0,1
2791,0591_c0002_016.jpg,591,1,-1,True,175,3100,0.27260827208065097,0.12544802867383512,15,1395,0,0,0,1
2792,0591_c0002_017.jpg,591,1,-1,True,175,3100,0.2873425908588603,0.13955342902711323,7,1254,0,0,1,1
2793,0591_c0002_018.jpg,591,1,-1,True,175,3100,0.29175993385864735,0.13177710843373494,1,1328,1,1,1,1
2794,0591_c0002_019.jpg,591,1,-1,True,175,3100,0.34703411652049615,0.1493174061433447,1,1172,1,1,1,1
2795,0591_c0002_020.jpg,591,1,-1,True,175,3100,0.3389447613744475,0.16055045871559634,1,1090,1,1,1,1
2796,0591_c0002_021.jpg,591,1,-1,True,175,3100,0.35175338079145574,0.1566696508504924,1,1117,1,1,1,1
2797,0591_c0002_022.jpg,591,1,-1,True,175,3100,0.3360379059295572,0.16233766233766234,1,1078,1,1,1,1
2798,0591_c0002_023.jpg,591,1,-1,True,175,3100,0.35578543389706485,0.16069788797061524,1,1089,1,1,1,1
2799,0591_c0002_024.jpg,591,1,-1,True,175,3100,0.2772962622945575,0.14632107023411373,1,1196,1,1,1,1
2800,0591_c0003_000.jpg,591,2,-1,True,175,3100,0.40015435236931385,0.22151898734177214,4,790,0,1,1,1
2801,0591_c0003_001.jpg,591,2,-1,True,175,3100,0.4080861095511747,0.22522522522522523,4,777,0,1,1,1
2802,0591_c0003_002.jpg,591,2,-1,True,175,3100,0.4199394673788618,0.23553162853297444,2,743,0,1,1,1
2803,0591_c0003_003.jpg,591,2,-1,True,175,3100,0.4283529250526558,0.23458445040214476,2,746,0,1,1,1
2804,0591_c0003_004.jpg,591,2,-1,True,175,3100,0.4245718225228948,0.23240371845949534,3,753,0,1,1,1
2805,0591_c0003_005.jpg,591,2,-1,True,175,3100,0.4302391392704615,0.23841961852861035,2,734,0,1,1,1
2806,0591_c0003_006.jpg,591,2,-1,True,175,3100,0.42772325121786153,0.23616734143049933,2,741,0,1,1,1
2807,0591_c0003_007.jpg,591,2,-1,True,175,3100,0.40979015992285805,0.22875816993464052,4,765,0,1,1,1
2808,0591_c0003_008.jpg,591,2,-1,True,175,3100,0.4120915766255244,0.2311756935270806,4,757,0,1,1,1
2809,0591_c0003_009.jpg,591,2,-1,True,175,3100,0.4186862127750488,0.2348993288590604,4,745,0,1,1,1
2810,0591_c0003_010.jpg,591,2,-1,True,175,3100,0.41408571586068466,0.2339572192513369,4,748,0,1,1,1
2811,0591_c0003_011.jpg,591,2,-1,True,175,3100,0.4129973321590317,0.22965879265091863,4,762,0,1,1,1
2812,0591_c0003_012.jpg,591,2,-1,True,175,3100,0.40998480236520884,0.2311756935270806,4,757,0,1,1,1
2813,0591_c0003_013.jpg,591,2,-1,True,175,3100,0.4115448964817211,0.22845953002610966,4,766,0,1,1,1
2814,0591_c0003_014.jpg,591,2,-1,True,175,3100,0.4161718719911704,0.2348993288590604,4,745,0,1,1,1
2815,0591_c0003_015.jpg,591,2,-1,True,175,3100,0.40655439128624243,0.22996057818659657,4,761,0,1,1,1
2816,0591_c0003_016.jpg,591,2,-1,True,175,3100,0.4170916805323839,0.23302263648468707,4,751,0,1,1,1
2817,0591_c0003_017.jpg,591,2,-1,True,175,3100,0.41530350098944446,0.2249357326478149,4,778,0,1,1,1
2818,0591_c0003_018.jpg,591,2,-1,True,175,3100,0.4013575929250163,0.21820448877805487,4,802,0,1,1,1
2819,0591_c0003_019.jpg,591,2,-1,True,175,3100,0.4109696449529747,0.22151898734177214,4,790,0,1,1,1
2820,0591_c0003_020.jpg,591,2,-1,True,175,3100,0.3974730108763343,0.22040302267002518,4,794,0,1,1,1
2821,0591_c0003_021.jpg,591,2,-1,True,175,3100,0.40136659218692794,0.22012578616352202,4,795,0,1,1,1
2822,0591_c0003_022.jpg,591,2,-1,True,175,3100,0.4106833210575566,0.2249357326478149,4,778,0,1,1,1
2823,0591_c0003_023.jpg,591,2,-1,True,175,3100,0.4144663522457928,0.22609819121447028,4,774,0,1,1,1
2824,0591_c0003_024.jpg,591,2,-1,True,175,3100,0.41257435531718295,0.22786458333333334,4,768,0,1,1,1
2825,0591_c0004_000.jpg,591,3,-1,True,175,3100,0.48550749963751744,0.4396984924623116,26,398,0,0,0,0
2826,0591_c0004_001.jpg,591,3,-1,True,175,3100,0.5018833735749306,0.43640897755610975,21,401,0,0,0,0
2827,0591_c0004_002.jpg,591,3,-1,True,175,3100,0.4935927179340778,0.44080604534005036,26,397,0,0,0,0
2828,0591_c0004_003.jpg,591,3,-1,True,175,3100,0.48872219766444475,0.43640897755610975,26,401,0,0,0,0
2829,0591_c0004_004.jpg,591,3,-1,True,175,3100,0.4955829295151063,0.43859649122807015,26,399,0,0,0,0
2830,0591_c0004_005.jpg,591,3,-1,True,175,3100,0.48476476530856816,0.43640897755610975,26,401,0,0,0,0
2831,0591_c0004_006.jpg,591,3,-1,True,175,3100,0.5084637860783439,0.4257907542579075,16,411,0,0,0,1
2832,0591_c0004_007.jpg,591,3,-1,True,175,3100,0.5653606957380012,0.40792540792540793,1,429,1,1,1,1
2833,0591_c0004_008.jpg,591,3,-1,True,175,3100,0.5745798728507896,0.4196642685851319,1,417,1,1,1,1
2834,0591_c0004_009.jpg,591,3,-1,True,175,3100,0.5749473235177859,0.4166666666666667,1,420,1,1,1,1
2835,0591_c0004_010.jpg,591,3,-1,True,175,3100,0.51687616009683,0.4375,12,400,0,0,0,1
2836,0591_c0004_011.jpg,591,3,-1,True,175,3100,0.5918266476673806,0.41273584905660377,1,424,1,1,1,1
2837,0591_c0004_012.jpg,591,3,-1,True,175,3100,0.49450989298714326,0.43316831683168316,19,404,0,0,0,1
2838,0591_c0004_013.jpg,591,3,-1,True,175,3100,0.49564531664736167,0.43640897755610975,3,401,0,1,1,1
2839,0591_c0004_014.jpg,591,3,-1,True,175,3100,0.4796436546664529,0.43424317617866004,18,403,0,0,0,1
2840,0591_c0004_015.jpg,591,3,-1,True,175,3100,0.5218399945554157,0.42168674698795183,4,415,0,1,1,1
2841,0591_c0004_016.jpg,591,3,-1,True,175,3100,0.4826174059227209,0.43532338308457713,24,402,0,0,0,0
2842,0591_c0004_017.jpg,591,3,-1,True,175,3100,0.5223674887552833,0.43316831683168316,11,404,0,0,0,1
2843,0591_c0004_018.jpg,591,3,-1,True,175,3100,0.5554586181073788,0.41273584905660377,1,424,1,1,1,1
2844,0591_c0004_019.jpg,591,3,-1,True,175,3100,0.5172916197261007,0.43532338308457713,8,402,0,0,1,1
2845,0591_c0004_020.jpg,591,3,-1,True,175,3100,0.49856019822618247,0.4396984924623116,17,398,0,0,0,1
2846,0591_c0004_021.jpg,591,3,-1,True,175,3100,0.5082355502863456,0.4375,16,400,0,0,0,1
2847,0591_c0004_022.jpg,591,3,-1,True,175,3100,0.5575421754602399,0.43424317617866004,1,403,1,1,1,1
2848,0591_c0004_023.jpg,591,3,-1,True,175,3100,0.5686302729198167,0.4396984924623116,1,398,1,1,1,1
2849,0591_c0004_024.jpg,591,3,-1,True,175,3100,0.5959032910237522,0.44191919191919193,1,396,1,1,1,1
2850,0591_c0005_000.jpg,591,4,-1,True,175,3100,0.5830655602287516,0.23874488403819918,1,733,1,1,1,1
2851,0591_c0005_001.jpg,591,4,-1,True,175,3100,0.5853236122191751,0.22321428571428573,1,784,1,1,1,1
2852,0591_c0005_002.jpg,591,4,-1,True,175,3100,0.577744088772566,0.20908004778972522,1,837,1,1,1,1
2853,0591_c0005_003.jpg,591,4,-1,True,175,3100,0.5905333614461059,0.22756827048114434,1,769,1,1,1,1
2854,0591_c0005_004.jpg,591,4,-1,True,175,3100,0.580673630180001,0.22236340533672172,1,787,1,1,1,1
2855,0591_c0005_005.jpg,591,4,-1,True,175,3100,0.5982400050728954,0.22407170294494239,1,781,1,1,1,1
2856,0591_c0005_006.jpg,591,4,-1,True,175,3100,0.5757033896343628,0.2141982864137087,1,817,1,1,1,1
2857,0591_c0005_007.jpg,591,4,-1,True,175,3100,0.5805248435360334,0.214987714987715,1,814,1,1,1,1
2858,0591_c0005_008.jpg,591,4,-1,True,175,3100,0.5820075743948482,0.22208121827411167,1,788,1,1,1,1
2859,0591_c0005_009.jpg,591,4,-1,True,175,3100,0.5796721415608768,0.22407170294494239,1,781,1,1,1,1
2860,0591_c0005_010.jpg,591,4,-1,True,175,3100,0.5885846760756763,0.22151898734177214,1,790,1,1,1,1
2861,0591_c0005_011.jpg,591,4,-1,True,175,3100,0.6020665860237022,0.2246469833119384,1,779,1,1,1,1
2862,0591_c0005_012.jpg,591,4,-1,True,175,3100,0.579087023724931,0.20734597156398105,1,844,1,1,1,1
2863,0591_c0005_013.jpg,591,4,-1,True,175,3100,0.5840169147649982,0.20734597156398105,1,844,1,1,1,1
2864,0591_c0005_014.jpg,591,4,-1,True,175,3100,0.5698095564005289,0.20710059171597633,1,845,1,1,1,1
2865,0591_c0005_015.jpg,591,4,-1,True,175,3100,0.585551036905814,0.20539906103286384,1,852,1,1,1,1
2866,0591_c0005_016.jpg,591,4,-1,True,175,3100,0.5774542781306887,0.20908004778972522,1,837,1,1,1,1
2867,0591_c0005_017.jpg,591,4,-1,True,175,3100,0.5750369389845423,0.20958083832335328,1,835,1,1,1,1
2868,0591_c0005_018.jpg,591,4,-1,True,175,3100,0.5795434494715069,0.23302263648468707,1,751,1,1,1,1
2869,0591_c0005_019.jpg,591,4,-1,True,175,3100,0.5910775431257114,0.23874488403819918,1,733,1,1,1,1
2870,0591_c0005_020.jpg,591,4,-1,True,175,3100,0.6023638160291348,0.24305555555555555,1,720,1,1,1,1
2871,0591_c0005_021.jpg,591,4,-1,True,175,3100,0.5897652953782494,0.23302263648468707,1,751,1,1,1,1
2872,0591_c0005_022.jpg,591,4,-1,True,175,3100,0.5960084147247867,0.23178807947019867,1,755,1,1,1,1
2873,0591_c0005_023.jpg,591,4,-1,True,175,3100,0.5967290562202707,0.24005486968449932,1,729,1,1,1,1
2874,0591_c0005_024.jpg,591,4,-1,True,175,3100,0.5945810268174628,0.22697795071335927,1,771,1,1,1,1
2875,0591_c0006_000.jpg,591,5,-1,True,175,3100,0.6610598347593671,0.43424317617866004,1,403,1,1,1,1
2876,0591_c0006_001.jpg,591,5,-1,True,175,3100,0.666487335502006,0.45454545454545453,1,385,1,1,1,1
2877,0591_c0006_002.jpg,591,5,-1,True,175,3100,0.6438193243841361,0.4807692307692308,1,364,1,1,1,1
2878,0591_c0006_003.jpg,591,5,-1,True,175,3100,0.6353310823512675,0.4666666666666667,1,375,1,1,1,1
2879,0591_c0006_004.jpg,591,5,-1,True,175,3100,0.6611749800617002,0.4807692307692308,1,364,1,1,1,1
2880,0591_c0006_005.jpg,591,5,-1,True,175,3100,0.6644444934778523,0.46419098143236076,1,377,1,1,1,1
2881,0591_c0006_006.jpg,591,5,-1,True,175,3100,0.6224812390855883,0.4557291666666667,1,384,1,1,1,1
2882,0591_c0006_007.jpg,591,5,-1,True,175,3100,0.6537284152574661,0.4807692307692308,1,364,1,1,1,1
2883,0591_c0006_008.jpg,591,5,-1,True,175,3100,0.6549295092059154,0.4820936639118457,1,363,1,1,1,1
2884,0591_c0006_009.jpg,591,5,-1,True,175,3100,0.6592131449499657,0.4781420765027322,1,366,1,1,1,1
2885,0591_c0006_010.jpg,591,5,-1,True,175,3100,0.6770415279144699,0.4781420765027322,1,366,1,1,1,1
2886,0591_c0006_011.jpg,591,5,-1,True,175,3100,0.6429519396044708,0.4768392370572207,1,367,1,1,1,1
2887,0591_c0006_012.jpg,591,5,-1,True,175,3100,0.6733349804023758,0.4666666666666667,1,375,1,1,1,1
2888,0591_c0006_013.jpg,591,5,-1,True,175,3100,0.6765288181691018,0.4475703324808184,1,391,1,1,1,1
2889,0591_c0006_014.jpg,591,5,-1,True,175,3100,0.6709188925736431,0.4605263157894737,1,380,1,1,1,1
2890,0591_c0006_015.jpg,591,5,-1,True,175,3100,0.6465255923927745,0.4666666666666667,1,375,1,1,1,1
2891,0591_c0006_016.jpg,591,5,-1,True,175,3100,0.6265738353885503,0.4742547425474255,1,369,1,1,1,1
2892,0591_c0006_017.jpg,591,5,-1,True,175,3100,0.630191927277205,0.47297297297297297,1,370,1,1,1,1
2893,0591_c0006_018.jpg,591,5,-1,True,175,3100,0.6313126315393358,0.4716981132075472,1,371,1,1,1,1
2894,0591_c0006_019.jpg,591,5,-1,True,175,3100,0.6313077751801661,0.4666666666666667,1,375,1,1,1,1
2895,0591_c0006_020.jpg,591,5,-1,True,175,3100,0.636615613652119,0.47043010752688175,1,372,1,1,1,1
2896,0591_c0006_021.jpg,591,5,-1,True,175,3100,0.642907728584505,0.4654255319148936,1,376,1,1,1,1
2897,0591_c0006_022.jpg,591,5,-1,True,175,3100,0.6500289825958373,0.4691689008042895,1,373,1,1,1,1
2898,0591_c0006_023.jpg,591,5,-1,True,175,3100,0.6321356440071848,0.4742547425474255,1,369,1,1,1,1
2899,0591_c0006_024.jpg,591,5,-1,True,175,3100,0.6327579559998635,0.4691689008042895,1,373,1,1,1,1
2900,0591_c0007_000.jpg,591,6,-1,True,175,3100,0.504385184293088,0.38802660753880264,1,451,1,1,1,1
2901,0591_c0007_001.jpg,591,6,-1,True,175,3100,0.512586792581216,0.38802660753880264,1,451,1,1,1,1
2902,0591_c0007_002.jpg,591,6,-1,True,175,3100,0.49455989293491287,0.38293216630196936,1,457,1,1,1,1
2903,0591_c0007_003.jpg,591,6,-1,True,175,3100,0.5059916217710625,0.3888888888888889,1,450,1,1,1,1
2904,0591_c0007_004.jpg,591,6,-1,True,175,3100,0.5029475714104619,0.38802660753880264,1,451,1,1,1,1
2905,0591_c0007_005.jpg,591,6,-1,True,175,3100,0.5081133857749097,0.38631346578366443,1,453,1,1,1,1
2906,0591_c0007_006.jpg,591,6,-1,True,175,3100,0.5054436169958453,0.38802660753880264,1,451,1,1,1,1
2907,0591_c0007_007.jpg,591,6,-1,True,175,3100,0.4931140936436898,0.3707627118644068,1,472,1,1,1,1
2908,0591_c0007_008.jpg,591,6,-1,True,175,3100,0.49902083296657995,0.38716814159292035,1,452,1,1,1,1
2909,0591_c0007_009.jpg,591,6,-1,True,175,3100,0.4970568859388674,0.3707627118644068,1,472,1,1,1,1
2910,0591_c0007_010.jpg,591,6,-1,True,175,3100,0.4976334567135078,0.3796095444685466,1,461,1,1,1,1
2911,0591_c0007_011.jpg,591,6,-1,True,175,3100,0.49987608366482555,0.3424657534246575,1,511,1,1,1,1
2912,0591_c0007_012.jpg,591,6,-1,True,175,3100,0.5029137474821924,0.3593429158110883,1,487,1,1,1,1
2913,0591_c0007_013.jpg,591,6,-1,True,175,3100,0.49738781308839763,0.3653444676409186,1,479,1,1,1,1
2914,0591_c0007_014.jpg,591,6,-1,True,175,3100,0.5001604065395016,0.3723404255319149,1,470,1,1,1,1
2915,0591_c0007_015.jpg,591,6,-1,True,175,3100,0.5010928657731393,0.36231884057971014,1,483,1,1,1,1
2916,0591_c0007_016.jpg,591,6,-1,True,175,3100,0.49355574439057864,0.32771535580524347,1,534,1,1,1,1
2917,0591_c0007_017.jpg,591,6,-1,True,175,3100,0.4919776246705822,0.33396946564885494,1,524,1,1,1,1
2918,0591_c0007_018.jpg,591,6,-1,True,175,3100,0.4991626116376118,0.3314393939393939,1,528,1,1,1,1
2919,0591_c0007_019.jpg,591,6,-1,True,175,3100,0.49396573295972057,0.32407407407407407,1,540,1,1,1,1
2920,0591_c0007_020.jpg,591,6,-1,True,175,3100,0.4914070366854576,0.32407407407407407,1,540,1,1,1,1
2921,0591_c0007_021.jpg,591,6,-1,True,175,3100,0.5017781964899688,0.32710280373831774,1,535,1,1,1,1
2922,0591_c0007_022.jpg,591,6,-1,True,175,3100,0.4978705078861026,0.31992687385740404,1,547,1,1,1,1
2923,0591_c0007_023.jpg,591,6,-1,True,175,3100,0.4983275157176097,0.32169117647058826,1,544,1,1,1,1
2924,0591_c0007_024.jpg,591,6,-1,True,175,3100,0.505365297365111,0.32649253731343286,1,536,1,1,1,1
2925,0591_c0008_000.jpg,591,7,-1,True,175,3100,0.568991410236582,0.16778523489932887,1,1043,1,1,1,1
2926,0591_c0008_001.jpg,591,7,-1,True,175,3100,0.5713547603626622,0.16843118383060635,1,1039,1,1,1,1
2927,0591_c0008_002.jpg,591,7,-1,True,175,3100,0.5794872435261552,0.18617021276595744,1,940,1,1,1,1
2928,0591_c0008_003.jpg,591,7,-1,True,175,3100,0.5827501311196923,0.1912568306010929,1,915,1,1,1,1
2929,0591_c0008_004.jpg,591,7,-1,True,175,3100,0.601016272049231,0.20420070011668612,1,857,1,1,1,1
2930,0591_c0008_005.jpg,591,7,-1,True,175,3100,0.6110017471530941,0.21712158808933002,1,806,1,1,1,1
2931,0591_c0008_006.jpg,591,7,-1,True,175,3100,0.5850656339188818,0.19640852974186307,1,891,1,1,1,1
2932,0591_c0008_007.jpg,591,7,-1,True,175,3100,0.5746093469237515,0.1727541954590326,1,1013,1,1,1,1
2933,0591_c0008_008.jpg,591,7,-1,True,175,3100,0.6000925391096873,0.19886363636363635,1,880,1,1,1,1
2934,0591_c0008_009.jpg,591,7,-1,True,175,3100,0.5713883198523161,0.16587677725118483,1,1055,1,1,1,1
2935,0591_c0008_010.jpg,591,7,-1,True,175,3100,0.5580901700278681,0.1665080875356803,1,1051,1,1,1,1
2936,0591_c0008_011.jpg,591,7,-1,True,175,3100,0.5583099835861427,0.16143911439114392,1,1084,1,1,1,1
2937,0591_c0008_012.jpg,591,7,-1,True,175,3100,0.5593753823451473,0.1570915619389587,1,1114,1,1,1,1
2938,0591_c0008_013.jpg,591,7,-1,True,175,3100,0.5519974997524574,0.15625,1,1120,1,1,1,1
2939,0591_c0008_014.jpg,591,7,-1,True,175,3100,0.5627498854562247,0.16447368421052633,1,1064,1,1,1,1
2940,0591_c0008_015.jpg,591,7,-1,True,175,3100,0.5694599316134598,0.1715686274509804,1,1020,1,1,1,1
2941,0591_c0008_016.jpg,591,7,-1,True,175,3100,0.5698445782886239,0.1708984375,1,1024,1,1,1,1
2942,0591_c0008_017.jpg,591,7,-1,True,175,3100,0.563834001767261,0.16069788797061524,1,1089,1,1,1,1
2943,0591_c0008_018.jpg,591,7,-1,True,175,3100,0.551392941617716,0.15297202797202797,1,1144,1,1,1,1
2944,0591_c0008_019.jpg,591,7,-1,True,175,3100,0.55222935785627,0.1566696508504924,1,1117,1,1,1,1
2945,0591_c0008_020.jpg,591,7,-1,True,175,3100,0.5665470764102744,0.1744765702891326,1,1003,1,1,1,1
2946,0591_c0008_021.jpg,591,7,-1,True,175,3100,0.5398205093649707,0.14227642276422764,1,1230,1,1,1,1
2947,0591_c0008_022.jpg,591,7,-1,True,175,3100,0.5552733640449338,0.16129032258064516,1,1085,1,1,1,1
2948,0591_c0008_023.jpg,591,7,-1,True,175,3100,0.5736623940168467,0.175,1,1000,1,1,1,1
2949,0591_c0008_024.jpg,591,7,-1,True,175,3100,0.5340596870706301,0.13977635782747605,1,1252,1,1,1,1
2950,0597_c0001_000.jpg,597,0,-1,True,150,3100,0.28021262121597934,0.39893617021276595,34,376,0,0,0,0
2951,0597_c0001_001.jpg,597,0,-1,True,150,3100,0.30493285196571984,0.3978779840848806,26,377,0,0,0,0
2952,0597_c0001_002.jpg,597,0,-1,True,150,3100,0.29788378594920945,0.38071065989847713,26,394,0,0,0,0
2953,0597_c0001_003.jpg,597,0,-1,True,150,3100,0.2975461399519236,0.3740648379052369,26,401,0,0,0,0
2954,0597_c0001_004.jpg,597,0,-1,True,150,3100,0.2724773074450895,0.39473684210526316,60,380,0,0,0,0
2955,0597_c0001_005.jpg,597,0,-1,True,150,3100,0.2821159366188145,0.3968253968253968,36,378,0,0,0,0
2956,0597_c0001_006.jpg,597,0,-1,True,150,3100,0.27939882354103424,0.3968253968253968,51,378,0,0,0,0
2957,0597_c0001_007.jpg,597,0,-1,True,150,3100,0.2940762526981586,0.4,46,375,0,0,0,0
2958,0597_c0001_008.jpg,597,0,-1,True,150,3100,0.2736858782299974,0.39473684210526316,51,380,0,0,0,0
2959,0597_c0001_009.jpg,597,0,-1,True,150,3100,0.2713595126613355,0.373134328358209,27,402,0,0,0,0
2960,0597_c0001_010.jpg,597,0,-1,True,150,3100,0.27560361387741245,0.3978779840848806,62,377,0,0,0,0
2961,0597_c0001_011.jpg,597,0,-1,True,150,3100,0.28603203742508354,0.3787878787878788,26,396,0,0,0,0
2962,0597_c0001_012.jpg,597,0,-1,True,150,3100,0.28477712919928877,0.3778337531486146,26,397,0,0,0,0
2963,0597_c0001_013.jpg,597,0,-1,True,150,3100,0.27483457625102525,0.37220843672456577,27,403,0,0,0,0
2964,0597_c0001_014.jpg,597,0,-1,True,150,3100,0.2783957947711879,0.36764705882352944,26,408,0,0,0,0
2965,0597_c0001_015.jpg,597,0,-1,True,150,3100,0.28326665304793947,0.36764705882352944,26,408,0,0,0,0
2966,0597_c0001_016.jpg,597,0,-1,True,150,3100,0.26698771027071344,0.3937007874015748,68,381,0,0,0,0
2967,0597_c0001_017.jpg,597,0,-1,True,150,3100,0.30575662159956,0.4,26,375,0,0,0,0
2968,0597_c0001_018.jpg,597,0,-1,True,150,3100,0.3059960583972798,0.3978779840848806,26,377,0,0,0,0
2969,0597_c0001_019.jpg,597,0,-1,True,150,3100,0.3073623277569855,0.39893617021276595,26,376,0,0,0,0
2970,0597_c0001_020.jpg,597,0,-1,True,150,3100,0.3177681684119674,0.4,26,375,0,0,0,0
2971,0597_c0001_021.jpg,597,0,-1,True,150,3100,0.30884720110800906,0.4,26,375,0,0,0,0
2972,0597_c0001_022.jpg,597,0,-1,True,150,3100,0.3110880009683372,0.4,26,375,0,0,0,0
2973,0597_c0001_023.jpg,597,0,-1,True,150,3100,0.30121167546650973,0.39473684210526316,26,380,0,0,0,0
2974,0597_c0001_024.jpg,597,0,-1,True,150,3100,0.2984692874133297,0.3826530612244898,26,392,0,0,0,0
2975,0597_c0002_000.jpg,597,1,-1,True,150,3100,0.45633507293857123,0.4934210526315789,1,304,1,1,1,1
2976,0597_c0002_001.jpg,597,1,-1,True,150,3100,0.46934558511065416,0.4966887417218543,2,302,0,1,1,1
2977,0597_c0002_002.jpg,597,1,-1,True,150,3100,0.5038091730277734,0.5,1,300,1,1,1,1
2978,0597_c0002_003.jpg,597,1,-1,True,150,3100,0.5358277133822518,0.5,1,300,1,1,1,1
2979,0597_c0002_004.jpg,597,1,-1,True,150,3100,0.5380025253069235,0.5,1,300,1,1,1,1
2980,0597_c0002_005.jpg,597,1,-1,True,150,3100,0.5701510132788434,0.5190311418685121,1,289,1,1,1,1
2981,0597_c0002_006.jpg,597,1,-1,True,150,3100,0.5392321007305043,0.5434782608695652,1,276,1,1,1,1
2982,0597_c0002_007.jpg,597,1,-1,True,150,3100,0.5282710066622267,0.5136986301369864,1,292,1,1,1,1
2983,0597_c0002_008.jpg,597,1,-1,True,150,3100,0.5142168908968828,0.5050505050505051,1,297,1,1,1,1
2984,0597_c0002_009.jpg,597,1,-1,True,150,3100,0.5136885819112006,0.49504950495049505,1,303,1,1,1,1
2985,0597_c0002_010.jpg,597,1,-1,True,150,3100,0.5476892441141822,0.5050505050505051,1,297,1,1,1,1
2986,0597_c0002_011.jpg,597,1,-1,True,150,3100,0.5333728358338506,0.5102040816326531,1,294,1,1,1,1
2987,0597_c0002_012.jpg,597,1,-1,True,150,3100,0.5200831097715652,0.4983388704318937,1,301,1,1,1,1
2988,0597_c0002_013.jpg,597,1,-1,True,150,3100,0.5237173972070308,0.5,1,300,1,1,1,1
2989,0597_c0002_014.jpg,597,1,-1,True,150,3100,0.5163045542852266,0.5016722408026756,1,299,1,1,1,1
2990,0597_c0002_015.jpg,597,1,-1,True,150,3100,0.535654408083766,0.5434782608695652,1,276,1,1,1,1
2991,0597_c0002_016.jpg,597,1,-1,True,150,3100,0.5325265073956755,0.5434782608695652,1,276,1,1,1,1
2992,0597_c0002_017.jpg,597,1,-1,True,150,3100,0.538022154476671,0.5434782608695652,1,276,1,1,1,1
2993,0597_c0002_018.jpg,597,1,-1,True,150,3100,0.5256694491357723,0.5434782608695652,1,276,1,1,1,1
2994,0597_c0002_019.jpg,597,1,-1,True,150,3100,0.5498455116848308,0.5454545454545454,1,275,1,1,1,1
2995,0597_c0002_020.jpg,597,1,-1,True,150,3100,0.5434710125020868,0.528169014084507,1,284,1,1,1,1
2996,0597_c0002_021.jpg,597,1,-1,True,150,3100,0.5198989455466089,0.539568345323741,1,278,1,1,1,1
2997,0597_c0002_022.jpg,597,1,-1,True,150,3100,0.5158525456702094,0.539568345323741,1,278,1,1,1,1
2998,0597_c0002_023.jpg,597,1,-1,True,150,3100,0.5252870668042704,0.5226480836236934,1,287,1,1,1,1
2999,0597_c0002_024.jpg,597,1,-1,True,150,3100,0.5241248407570476,0.5244755244755245,1,286,1,1,1,1
3000,0597_c0004_000.jpg,597,3,-1,True,150,3100,0.8882870871997326,0.4087193460490463,1,367,1,1,1,1
3001,0597_c0004_001.jpg,597,3,-1,True,150,3100,0.8896230275096297,0.4322766570605187,1,347,1,1,1,1
3002,0597_c0004_002.jpg,597,3,-1,True,150,3100,0.8880085969851976,0.410958904109589,1,365,1,1,1,1
3003,0597_c0004_003.jpg,597,3,-1,True,150,3100,0.8863535297383064,0.3978779840848806,1,377,1,1,1,1
3004,0597_c0004_004.jpg,597,3,-1,True,150,3100,0.8861979420507041,0.410958904109589,1,365,1,1,1,1
3005,0597_c0004_005.jpg,597,3,-1,True,150,3100,0.8870065869297523,0.410958904109589,1,365,1,1,1,1
3006,0597_c0004_006.jpg,597,3,-1,True,150,3100,0.8886374820331503,0.423728813559322,1,354,1,1,1,1
3007,0597_c0004_007.jpg,597,3,-1,True,150,3100,0.8889329861756895,0.42735042735042733,1,351,1,1,1,1
3008,0597_c0004_008.jpg,597,3,-1,True,150,3100,0.8850015717803815,0.39893617021276595,1,376,1,1,1,1
3009,0597_c0004_009.jpg,597,3,-1,True,150,3100,0.8940986847679491,0.4702194357366771,1,319,1,1,1,1
3010,0597_c0004_010.jpg,597,3,-1,True,150,3100,0.898240274101167,0.5016722408026756,1,299,1,1,1,1
3011,0597_c0004_011.jpg,597,3,-1,True,150,3100,0.8957692718630832,0.5050505050505051,1,297,1,1,1,1
3012,0597_c0004_012.jpg,597,3,-1,True,150,3100,0.892584145943624,0.4601226993865031,1,326,1,1,1,1
3013,0597_c0004_013.jpg,597,3,-1,True,150,3100,0.8917164544686712,0.45871559633027525,1,327,1,1,1,1
3014,0597_c0004_014.jpg,597,3,-1,True,150,3100,0.8898081032942109,0.44776119402985076,1,335,1,1,1,1
3015,0597_c0004_015.jpg,597,3,-1,True,150,3100,0.886642629315271,0.5033557046979866,1,298,1,1,1,1
3016,0597_c0004_016.jpg,597,3,-1,True,150,3100,0.8909575524621791,0.46875,1,320,1,1,1,1
3017,0597_c0004_017.jpg,597,3,-1,True,150,3100,0.889938407963244,0.4792332268370607,1,313,1,1,1,1
3018,0597_c0004_018.jpg,597,3,-1,True,150,3100,0.8894568597969775,0.45045045045045046,1,333,1,1,1,1
3019,0597_c0004_019.jpg,597,3,-1,True,150,3100,0.8828335417747171,0.40214477211796246,1,373,1,1,1,1
3020,0597_c0004_020.jpg,597,3,-1,True,150,3100,0.890052874811584,0.4491017964071856,1,334,1,1,1,1
3021,0597_c0004_021.jpg,597,3,-1,True,150,3100,0.8904666854872141,0.48859934853420195,1,307,1,1,1,1
3022,0597_c0004_022.jpg,597,3,-1,True,150,3100,0.8857761542175301,0.4854368932038835,1,309,1,1,1,1
3023,0597_c0004_023.jpg,597,3,-1,True,150,3100,0.8961266531248636,0.4918032786885246,1,305,1,1,1,1
3024,0597_c0004_024.jpg,597,3,-1,True,150,3100,0.8884645639229859,0.45180722891566266,1,332,1,1,1,1
3025,0597_c0005_000.jpg,597,4,-1,True,150,3100,0.3622684032012779,0.17985611510791366,7,834,0,0,1,1
3026,0597_c0005_001.jpg,597,4,-1,True,150,3100,0.3536067901047586,0.19455252918287938,7,771,0,0,1,1
3027,0597_c0005_002.jpg,597,4,-1,True,150,3100,0.3676890102557757,0.17964071856287425,5,835,0,1,1,1
3028,0597_c0005_003.jpg,597,4,-1,True,150,3100,0.3532436735713655,0.16987542468856173,6,883,0,0,1,1
3029,0597_c0005_004.jpg,597,4,-1,True,150,3100,0.36146746107929395,0.17523364485981308,7,856,0,0,1,1
3030,0597_c0005_005.jpg,597,4,-1,True,150,3100,0.3821363182208817,0.17584994138335286,1,853,1,1,1,1
3031,0597_c0005_006.jpg,597,4,-1,True,150,3100,0.3639908182163095,0.20242914979757085,9,741,0,0,1,1
3032,0597_c0005_007.jpg,597,4,-1,True,150,3100,0.3331735347662348,0.1884422110552764,41,796,0,0,0,0
3033,0597_c0005_008.jpg,597,4,-1,True,150,3100,0.3539569532753123,0.18315018315018314,21,819,0,0,0,0
3034,0597_c0005_009.jpg,597,4,-1,True,150,3100,0.34776788858937047,0.16666666666666666,12,900,0,0,0,1
3035,0597_c0005_010.jpg,597,4,-1,True,150,3100,0.3485373812255666,0.15641293013555788,12,959,0,0,0,1
3036,0597_c0005_011.jpg,597,4,-1,True,150,3100,0.33302531641728267,0.16835016835016836,22,891,0,0,0,0
3037,0597_c0005_012.jpg,597,4,-1,True,150,3100,0.3920726366541041,0.1736111111111111,1,864,1,1,1,1
3038,0597_c0005_013.jpg,597,4,-1,True,150,3100,0.37098461719548315,0.18796992481203006,15,798,0,0,0,1
3039,0597_c0005_014.jpg,597,4,-1,True,150,3100,0.38488970441198245,0.1822600243013366,6,823,0,0,1,1
3040,0597_c0005_015.jpg,597,4,-1,True,150,3100,0.4040290934650298,0.20604395604395603,6,728,0,0,1,1
3041,0597_c0005_016.jpg,597,4,-1,True,150,3100,0.3940969482394294,0.199203187250996,7,753,0,0,1,1
3042,0597_c0005_017.jpg,597,4,-1,True,150,3100,0.39617301763969853,0.17857142857142858,7,840,0,0,1,1
3043,0597_c0005_018.jpg,597,4,-1,True,150,3100,0.410136737978869,0.18427518427518427,1,814,1,1,1,1
3044,0597_c0005_019.jpg,597,4,-1,True,150,3100,0.36763521494946716,0.16198704103671707,7,926,0,0,1,1
3045,0597_c0005_020.jpg,597,4,-1,True,150,3100,0.382818428753389,0.17878426698450536,7,839,0,0,1,1
3046,0597_c0005_021.jpg,597,4,-1,True,150,3100,0.4322835248003387,0.17921146953405018,1,837,1,1,1,1
3047,0597_c0005_022.jpg,597,4,-1,True,150,3100,0.39368597549537687,0.1668520578420467,4,899,0,1,1,1
3048,0597_c0005_023.jpg,597,4,-1,True,150,3100,0.3701811037821229,0.1681614349775785,7,892,0,0,1,1
3049,0597_c0005_024.jpg,597,4,-1,True,150,3100,0.4365349225335416,0.2,1,750,1,1,1,1
3050,0597_c0006_000.jpg,597,5,-1,True,150,3100,0.9005013949809189,0.2912621359223301,1,515,1,1,1,1
3051,0597_c0006_001.jpg,597,5,-1,True,150,3100,0.8876526515598596,0.2145922746781116,1,699,1,1,1,1
3052,0597_c0006_002.jpg,597,5,-1,True,150,3100,0.8896266430669975,0.22026431718061673,1,681,1,1,1,1
3053,0597_c0006_003.jpg,597,5,-1,True,150,3100,0.9098470599484413,0.33783783783783783,1,444,1,1,1,1
3054,0597_c0006_004.jpg,597,5,-1,True,150,3100,0.8949453295019045,0.2631578947368421,1,570,1,1,1,1
3055,0597_c0006_005.jpg,597,5,-1,True,150,3100,0.8993619486959581,0.27726432532347506,1,541,1,1,1,1
3056,0597_c0006_006.jpg,597,5,-1,True,150,3100,0.8971158849163013,0.273224043715847,1,549,1,1,1,1
3057,0597_c0006_007.jpg,597,5,-1,True,150,3100,0.8992631703363656,0.2803738317757009,1,535,1,1,1,1
3058,0597_c0006_008.jpg,597,5,-1,True,150,3100,0.9015971601401801,0.31315240083507306,1,479,1,1,1,1
3059,0597_c0006_009.jpg,597,5,-1,True,150,3100,0.9193507233651637,0.4166666666666667,1,360,1,1,1,1
3060,0597_c0006_010.jpg,597,5,-1,True,150,3100,0.9018576292310945,0.33407572383073497,1,449,1,1,1,1
3061,0597_c0006_011.jpg,597,5,-1,True,150,3100,0.8930123117766366,0.2669039145907473,1,562,1,1,1,1
3062,0597_c0006_012.jpg,597,5,-1,True,150,3100,0.87898555315185,0.17543859649122806,1,855,1,1,1,1
3063,0597_c0006_013.jpg,597,5,-1,True,150,3100,0.8664462518461024,0.13321492007104796,1,1126,1,1,1,1
3064,0597_c0006_014.jpg,597,5,-1,True,150,3100,0.858675514294859,0.117096018735363,1,1281,1,1,1,1
3065,0597_c0006_015.jpg,597,5,-1,True,150,3100,0.8626239555579385,0.12690355329949238,1,1182,1,1,1,1
3066,0597_c0006_016.jpg,597,5,-1,True,150,3100,0.8577637325214535,0.1171875,1,1280,1,1,1,1
3067,0597_c0006_017.jpg,597,5,-1,True,150,3100,0.8591860175175136,0.12155591572123177,1,1234,1,1,1,1
3068,0597_c0006_018.jpg,597,5,-1,True,150,3100,0.8563693279717519,0.11152416356877323,1,1345,1,1,1,1
3069,0597_c0006_019.jpg,597,5,-1,True,150,3100,0.8446421503228915,0.10948905109489052,1,1370,1,1,1,1
3070,0597_c0006_020.jpg,597,5,-1,True,150,3100,0.8355507791112533,0.10302197802197802,1,1456,1,1,1,1
3071,0597_c0006_021.jpg,597,5,-1,True,150,3100,0.834138734909751,0.10351966873706005,1,1449,1,1,1,1
3072,0597_c0006_022.jpg,597,5,-1,True,150,3100,0.8487288849062493,0.11320754716981132,1,1325,1,1,1,1
3073,0597_c0006_023.jpg,597,5,-1,True,150,3100,0.8354922532604083,0.10013351134846461,1,1498,1,1,1,1
3074,0597_c0006_024.jpg,597,5,-1,True,150,3100,0.8628553320212796,0.1454898157129001,1,1031,1,1,1,1
3075,0597_c0007_000.jpg,597,6,-1,True,150,3100,0.6581985108214671,0.35799522673031026,1,419,1,1,1,1
3076,0597_c0007_001.jpg,597,6,-1,True,150,3100,0.6704992685214703,0.35377358490566035,1,424,1,1,1,1
3077,0597_c0007_002.jpg,597,6,-1,True,150,3100,0.6671177499736709,0.38461538461538464,1,390,1,1,1,1
3078,0597_c0007_003.jpg,597,6,-1,True,150,3100,0.6529465374089287,0.3694581280788177,1,406,1,1,1,1
3079,0597_c0007_004.jpg,597,6,-1,True,150,3100,0.6394292204012249,0.33783783783783783,1,444,1,1,1,1
3080,0597_c0007_005.jpg,597,6,-1,True,150,3100,0.7170904020881653,0.3640776699029126,1,412,1,1,1,1
3081,0597_c0007_006.jpg,597,6,-1,True,150,3100,0.652574483016144,0.33185840707964603,1,452,1,1,1,1
3082,0597_c0007_007.jpg,597,6,-1,True,150,3100,0.6810814147048003,0.32894736842105265,1,456,1,1,1,1
3083,0597_c0007_008.jpg,597,6,-1,True,150,3100,0.681637193522884,0.3325942350332594,1,451,1,1,1,1
3084,0597_c0007_009.jpg,597,6,-1,True,150,3100,0.7592417361651677,0.3424657534246575,1,438,1,1,1,1
3085,0597_c0007_010.jpg,597,6,-1,True,150,3100,0.7362906600521483,0.3424657534246575,1,438,1,1,1,1
3086,0597_c0007_011.jpg,597,6,-1,True,150,3100,0.6569481858599112,0.37593984962406013,1,399,1,1,1,1
3087,0597_c0007_012.jpg,597,6,-1,True,150,3100,0.709581895904885,0.3816793893129771,1,393,1,1,1,1
3088,0597_c0007_013.jpg,597,6,-1,True,150,3100,0.6582364715058554,0.35294117647058826,1,425,1,1,1,1
3089,0597_c0007_014.jpg,597,6,-1,True,150,3100,0.694825051383958,0.33557046979865773,1,447,1,1,1,1
3090,0597_c0007_015.jpg,597,6,-1,True,150,3100,0.6559969266878098,0.391644908616188,1,383,1,1,1,1
3091,0597_c0007_016.jpg,597,6,-1,True,150,3100,0.6932430885477604,0.3480278422273782,1,431,1,1,1,1
3092,0597_c0007_017.jpg,597,6,-1,True,150,3100,0.6569109405631717,0.36674816625916873,1,409,1,1,1,1
3093,0597_c0007_018.jpg,597,6,-1,True,150,3100,0.6116407644458509,0.3640776699029126,1,412,1,1,1,1
3094,0597_c0007_019.jpg,597,6,-1,True,150,3100,0.6933459698222945,0.42735042735042733,1,351,1,1,1,1
3095,0597_c0007_020.jpg,597,6,-1,True,150,3100,0.6876745942648538,0.3865979381443299,1,388,1,1,1,1
3096,0597_c0007_021.jpg,597,6,-1,True,150,3100,0.6616551166815671,0.4143646408839779,1,362,1,1,1,1
3097,0597_c0007_022.jpg,597,6,-1,True,150,3100,0.7288528598589433,0.375,1,400,1,1,1,1
3098,0597_c0007_023.jpg,597,6,-1,True,150,3100,0.746641602100414,0.32894736842105265,1,456,1,1,1,1
3099,0597_c0007_024.jpg,597,6,-1,True,150,3100,0.7230561404145118,0.3978779840848806,1,377,1,1,1,1
3100,0597_c0008_000.jpg,597,7,-1,True,150,3100,0.8351502957113895,0.28680688336520077,1,523,1,1,1,1
3101,0597_c0008_001.jpg,597,7,-1,True,150,3100,0.8341624391870336,0.2777777777777778,1,540,1,1,1,1
3102,0597_c0008_002.jpg,597,7,-1,True,150,3100,0.8472794677085309,0.3,1,500,1,1,1,1
3103,0597_c0008_003.jpg,597,7,-1,True,150,3100,0.841631529778996,0.30120481927710846,1,498,1,1,1,1
3104,0597_c0008_004.jpg,597,7,-1,True,150,3100,0.8011403478561351,0.30991735537190085,1,484,1,1,1,1
3105,0597_c0008_005.jpg,597,7,-1,True,150,3100,0.8305514620735337,0.33185840707964603,1,452,1,1,1,1
3106,0597_c0008_006.jpg,597,7,-1,True,150,3100,0.8243100281219514,0.2846299810246679,1,527,1,1,1,1
3107,0597_c0008_007.jpg,597,7,-1,True,150,3100,0.7936340890156882,0.3073770491803279,1,488,1,1,1,1
3108,0597_c0008_008.jpg,597,7,-1,True,150,3100,0.6792332537115412,0.352112676056338,3,426,0,1,1,1
3109,0597_c0008_009.jpg,597,7,-1,True,150,3100,0.8199395817523212,0.2640845070422535,1,568,1,1,1,1
3110,0597_c0008_010.jpg,597,7,-1,True,150,3100,0.7918651298508412,0.29880478087649404,1,502,1,1,1,1
3111,0597_c0008_011.jpg,597,7,-1,True,150,3100,0.8124851336055707,0.28142589118198874,1,533,1,1,1,1
3112,0597_c0008_012.jpg,597,7,-1,True,150,3100,0.8306293663202168,0.2958579881656805,1,507,1,1,1,1
3113,0597_c0008_013.jpg,597,7,-1,True,150,3100,0.8285196831098056,0.27223230490018147,1,551,1,1,1,1
3114,0597_c0008_014.jpg,597,7,-1,True,150,3100,0.8238407685676995,0.28517110266159695,1,526,1,1,1,1
3115,0597_c0008_015.jpg,597,7,-1,True,150,3100,0.8323316232257834,0.25773195876288657,1,582,1,1,1,1
3116,0597_c0008_016.jpg,597,7,-1,True,150,3100,0.8214661930993149,0.2964426877470356,1,506,1,1,1,1
3117,0597_c0008_017.jpg,597,7,-1,True,150,3100,0.7885980708036219,0.3225806451612903,1,465,1,1,1,1
3118,0597_c0008_018.jpg,597,7,-1,True,150,3100,0.7736787250890197,0.33185840707964603,1,452,1,1,1,1
3119,0597_c0008_019.jpg,597,7,-1,True,150,3100,0.8354378526503952,0.30991735537190085,1,484,1,1,1,1
3120,0597_c0008_020.jpg,597,7,-1,True,150,3100,0.8520176420309539,0.3232758620689655,1,464,1,1,1,1
3121,0597_c0008_021.jpg,597,7,-1,True,150,3100,0.8553073007912686,0.3694581280788177,1,406,1,1,1,1
3122,0597_c0008_022.jpg,597,7,-1,True,150,3100,0.8513095717015093,0.336322869955157,1,446,1,1,1,1
3123,0597_c0008_023.jpg,597,7,-1,True,150,3100,0.8435797093347248,0.32608695652173914,1,460,1,1,1,1
3124,0597_c0008_024.jpg,597,7,-1,True,150,3100,0.8206692434874556,0.32051282051282054,1,468,1,1,1,1
