query_index,name,identity,camera,scene,valid,relevant_gallery,kept_gallery,AP,INP,first_match,last_match,Rank-1,Rank-5,Rank-10,Rank-20
0,0502_c0001_000.jpg,502,0,-1,True,175,8550,0.7529844208520977,0.5368098159509203,1,326,1,1,1,1
1,0502_c0001_005.jpg,502,0,-1,True,175,8550,0.7382019647817402,0.5401234567901234,1,324,1,1,1,1
2,0502_c0001_010.jpg,502,0,-1,True,175,8550,0.7398924969103486,0.5319148936170213,1,329,1,1,1,1
3,0502_c0001_015.jpg,502,0,-1,True,175,8550,0.7488441451391438,0.5434782608695652,1,322,1,1,1,1
4,0502_c0001_020.jpg,502,0,-1,True,175,8550,0.7481328748149133,0.5573248407643312,1,314,1,1,1,1
5,0502_c0002_000.jpg,502,1,-1,True,175,8550,0.8740363343351225,0.49019607843137253,1,357,1,1,1,1
6,0502_c0002_005.jpg,502,1,-1,True,175,8550,0.8729062129222741,0.5057803468208093,1,346,1,1,1,1
7,0502_c0002_010.jpg,502,1,-1,True,175,8550,0.8754627926860358,0.501432664756447,1,349,1,1,1,1
8,0502_c0002_015.jpg,502,1,-1,True,175,8550,0.8786120963727009,0.5287009063444109,1,331,1,1,1,1
9,0502_c0002_020.jpg,502,1,-1,True,175,8550,0.9033577975463053,0.5520504731861199,1,317,1,1,1,1
10,0502_c0003_000.jpg,502,2,-1,True,175,8550,0.6698585050551357,0.32169117647058826,1,544,1,1,1,1
11,0502_c0003_005.jpg,502,2,-1,True,175,8550,0.6722385113551871,0.3252788104089219,1,538,1,1,1,1
12,0502_c0003_010.jpg,502,2,-1,True,175,8550,0.6839296983566708,0.32287822878228783,1,542,1,1,1,1
13,0502_c0003_015.jpg,502,2,-1,True,175,8550,0.7045406941734428,0.3371868978805395,1,519,1,1,1,1
14,0502_c0003_020.jpg,502,2,-1,True,175,8550,0.6884318855213252,0.30918727915194344,1,566,1,1,1,1
15,0502_c0004_000.jpg,502,3,-1,True,175,8550,0.884414371645931,0.3796095444685466,1,461,1,1,1,1
16,0502_c0004_005.jpg,502,3,-1,True,175,8550,0.9011656695525528,0.48746518105849584,1,359,1,1,1,1
17,0502_c0004_010.jpg,502,3,-1,True,175,8550,0.9039529422994838,0.5303030303030303,1,330,1,1,1,1
18,0502_c0004_015.jpg,502,3,-1,True,175,8550,0.9240815460310926,0.5645161290322581,1,310,1,1,1,1
19,0502_c0004_020.jpg,502,3,-1,True,175,8550,0.902124315689783,0.4943502824858757,1,354,1,1,1,1
20,0502_c0005_000.jpg,502,4,-1,True,175,8550,0.8911581822427304,0.7142857142857143,1,245,1,1,1,1
21,0502_c0005_005.jpg,502,4,-1,True,175,8550,0.895566576575199,0.7543103448275862,1,232,1,1,1,1
22,0502_c0005_010.jpg,502,4,-1,True,175,8550,0.888022415152712,0.7172131147540983,1,244,1,1,1,1
23,0502_c0005_015.jpg,502,4,-1,True,175,8550,0.8962152130068459,0.7172131147540983,1,244,1,1,1,1
24,0502_c0005_020.jpg,502,4,-1,True,175,8550,0.9111319219997014,0.7608695652173914,1,230,1,1,1,1
25,0502_c0006_000.jpg,502,5,-1,True,175,8550,0.6915202706892283,0.4013761467889908,1,436,1,1,1,1
26,0502_c0006_005.jpg,502,5,-1,True,175,8550,0.7045565552038294,0.41766109785202865,1,419,1,1,1,1
27,0502_c0006_010.jpg,502,5,-1,True,175,8550,0.6754950959244956,0.4050925925925926,1,432,1,1,1,1
28,0502_c0006_015.jpg,502,5,-1,True,175,8550,0.6570126587102285,0.3923766816143498,1,446,1,1,1,1
29,0502_c0006_020.jpg,502,5,-1,True,175,8550,0.6540856262235706,0.3995433789954338,1,438,1,1,1,1
30,0502_c0007_000.jpg,502,6,-1,True,175,8550,0.9344842518510275,0.7777777777777778,1,225,1,1,1,1
31,0502_c0007_005.jpg,502,6,-1,True,175,8550,0.9569422458127873,0.7777777777777778,1,225,1,1,1,1
32,0502_c0007_010.jpg,502,6,-1,True,175,8550,0.9417492605778423,0.7777777777777778,1,225,1,1,1,1
33,0502_c0007_015.jpg,502,6,-1,True,175,8550,0.933235968448543,0.7777777777777778,1,225,1,1,1,1
34,0502_c0007_020.jpg,502,6,-1,True,175,8550,0.9329972158290641,0.7777777777777778,1,225,1,1,1,1
35,0502_c0008_000.jpg,502,7,-1,True,175,8550,1.0,1.0,1,175,1,1,1,1
36,0502_c0008_005.jpg,502,7,-1,True,175,8550,1.0,1.0,1,175,1,1,1,1
37,0502_c0008_010.jpg,502,7,-1,True,175,8550,1.0,1.0,1,175,1,1,1,1
38,0502_c0008_015.jpg,502,7,-1,True,175,8550,1.0,1.0,1,175,1,1,1,1
39,0502_c0008_020.jpg,502,7,-1,True,175,8550,1.0,1.0,1,175,1,1,1,1
40,0504_c0001_000.jpg,504,0,-1,True,150,8550,0.9558499647230082,0.7425742574257426,1,202,1,1,1,1
41,0504_c0001_005.jpg,504,0,-1,True,150,8550,0.9544115575214603,0.7425742574257426,1,202,1,1,1,1
42,0504_c0001_010.jpg,504,0,-1,True,150,8550,0.9540700461916259,0.7389162561576355,1,203,1,1,1,1
43,0504_c0001_015.jpg,504,0,-1,True,150,8550,0.9551682758528284,0.7389162561576355,1,203,1,1,1,1
44,0504_c0001_020.jpg,504,0,-1,True,150,8550,0.9542634382639712,0.7389162561576355,1,203,1,1,1,1
45,0504_c0002_000.jpg,504,1,-1,True,150,8550,0.8608049797467254,0.8571428571428571,1,175,1,1,1,1
46,0504_c0002_005.jpg,504,1,-1,True,150,8550,0.8594762441145417,0.8571428571428571,1,175,1,1,1,1
47,0504_c0002_010.jpg,504,1,-1,True,150,8550,0.8599429107812083,0.8571428571428571,1,175,1,1,1,1
48,0504_c0002_015.jpg,504,1,-1,True,150,8550,0.8600944259327233,0.8571428571428571,1,175,1,1,1,1
49,0504_c0002_020.jpg,504,1,-1,True,150,8550,0.8608049797467254,0.8571428571428571,1,175,1,1,1,1
50,0504_c0003_000.jpg,504,2,-1,True,150,8550,0.9966014240581196,0.9316770186335404,1,161,1,1,1,1
51,0504_c0003_005.jpg,504,2,-1,True,150,8550,0.98167024692211,0.8021390374331551,1,187,1,1,1,1
52,0504_c0003_010.jpg,504,2,-1,True,150,8550,0.9978825617755016,0.9433962264150944,1,159,1,1,1,1
53,0504_c0003_015.jpg,504,2,-1,True,150,8550,0.9971596780825933,0.9202453987730062,1,163,1,1,1,1
54,0504_c0003_020.jpg,504,2,-1,True,150,8550,1.0,1.0,1,150,1,1,1,1
55,0504_c0005_000.jpg,504,4,-1,True,150,8550,0.974572172392656,0.8571428571428571,1,175,1,1,1,1
56,0504_c0005_005.jpg,504,4,-1,True,150,8550,0.9907258880038641,0.8928571428571429,1,168,1,1,1,1
57,0504_c0005_010.jpg,504,4,-1,True,150,8550,0.9990083548675553,0.9554140127388535,1,157,1,1,1,1
58,0504_c0005_015.jpg,504,4,-1,True,150,8550,0.9892989445757142,0.8823529411764706,1,170,1,1,1,1
59,0504_c0005_020.jpg,504,4,-1,True,150,8550,0.9748295068045908,0.8571428571428571,1,175,1,1,1,1
60,0504_c0006_000.jpg,504,5,-1,True,150,8550,1.0,1.0,1,150,1,1,1,1
61,0504_c0006_005.jpg,504,5,-1,True,150,8550,1.0,1.0,1,150,1,1,1,1
62,0504_c0006_010.jpg,504,5,-1,True,150,8550,1.0,1.0,1,150,1,1,1,1
63,0504_c0006_015.jpg,504,5,-1,True,150,8550,1.0,1.0,1,150,1,1,1,1
64,0504_c0006_020.jpg,504,5,-1,True,150,8550,1.0,1.0,1,150,1,1,1,1
65,0504_c0007_000.jpg,504,6,-1,True,150,8550,0.9871055105662336,0.8670520231213873,1,173,1,1,1,1
66,0504_c0007_005.jpg,504,6,-1,True,150,8550,0.9913196857672472,0.8823529411764706,1,170,1,1,1,1
67,0504_c0007_010.jpg,504,6,-1,True,150,8550,0.9923728604751894,0.9090909090909091,1,165,1,1,1,1
68,0504_c0007_015.jpg,504,6,-1,True,150,8550,0.9927946582813282,0.9202453987730062,1,163,1,1,1,1
69,0504_c0007_020.jpg,504,6,-1,True,150,8550,0.9989608304570612,0.9375,1,160,1,1,1,1
70,0504_c0008_000.jpg,504,7,-1,True,150,8550,0.9564591136775715,0.8571428571428571,1,175,1,1,1,1
71,0504_c0008_005.jpg,504,7,-1,True,150,8550,0.9711149482453768,0.8571428571428571,1,175,1,1,1,1
72,0504_c0008_010.jpg,504,7,-1,True,150,8550,0.9589299097799358,0.8571428571428571,1,175,1,1,1,1
73,0504_c0008_015.jpg,504,7,-1,True,150,8550,0.9650965238288218,0.8571428571428571,1,175,1,1,1,1
74,0504_c0008_020.jpg,504,7,-1,True,150,8550,0.9859019646642827,0.8670520231213873,1,173,1,1,1,1
75,0506_c0001_000.jpg,506,0,-1,True,175,8550,0.731624266988264,0.4888268156424581,1,358,1,1,1,1
76,0506_c0001_005.jpg,506,0,-1,True,175,8550,0.6903447697871654,0.47554347826086957,1,368,1,1,1,1
77,0506_c0001_010.jpg,506,0,-1,True,175,8550,0.6876716306651562,0.4430379746835443,1,395,1,1,1,1
78,0506_c0001_015.jpg,506,0,-1,True,175,8550,0.6560138380257843,0.40045766590389015,1,437,1,1,1,1
79,0506_c0001_020.jpg,506,0,-1,True,175,8550,0.6711265528713751,0.4117647058823529,1,425,1,1,1,1
80,0506_c0002_000.jpg,506,1,-1,True,175,8550,0.8758271860114074,0.1141552511415525,1,1533,1,1,1,1
81,0506_c0002_005.jpg,506,1,-1,True,175,8550,0.877795764716266,0.12367491166077739,1,1415,1,1,1,1
82,0506_c0002_010.jpg,506,1,-1,True,175,8550,0.8761471927053546,0.11824324324324324,1,1480,1,1,1,1
83,0506_c0002_015.jpg,506,1,-1,True,175,8550,0.8794196950797397,0.13523956723338484,1,1294,1,1,1,1
84,0506_c0002_020.jpg,506,1,-1,True,175,8550,0.8766641446563647,0.11986301369863013,1,1460,1,1,1,1
85,0506_c0003_000.jpg,506,2,-1,True,175,8550,0.7905275672234506,0.24613220815752462,1,711,1,1,1,1
86,0506_c0003_005.jpg,506,2,-1,True,175,8550,0.7990266550618673,0.25773195876288657,1,679,1,1,1,1
87,0506_c0003_010.jpg,506,2,-1,True,175,8550,0.7948319170055713,0.24893314366998578,1,703,1,1,1,1
88,0506_c0003_015.jpg,506,2,-1,True,175,8550,0.8086734545955147,0.27472527472527475,1,637,1,1,1,1
89,0506_c0003_020.jpg,506,2,-1,True,175,8550,0.7969357225047156,0.2608047690014903,1,671,1,1,1,1
90,0506_c0004_000.jpg,506,3,-1,True,175,8550,0.7851128192991689,0.1647834274952919,1,1062,1,1,1,1
91,0506_c0004_005.jpg,506,3,-1,True,175,8550,0.7995449879359613,0.17123287671232876,1,1022,1,1,1,1
92,0506_c0004_010.jpg,506,3,-1,True,175,8550,0.7877515700969796,0.18210197710718,1,961,1,1,1,1
93,0506_c0004_015.jpg,506,3,-1,True,175,8550,0.7939709810984146,0.1665080875356803,1,1051,1,1,1,1
94,0506_c0004_020.jpg,506,3,-1,True,175,8550,0.7916936177608108,0.17482517482517482,1,1001,1,1,1,1
95,0506_c0005_000.jpg,506,4,-1,True,175,8550,0.1368443741617174,0.0748182984181274,172,2339,0,0,0,0
96,0506_c0005_005.jpg,506,4,-1,True,175,8550,0.15626339938433484,0.08147113594040968,105,2148,0,0,0,0
97,0506_c0005_010.jpg,506,4,-1,True,175,8550,0.15166300479237885,0.07844016136261767,101,2231,0,0,0,0
98,0506_c0005_015.jpg,506,4,-1,True,175,8550,0.16195289400190443,0.0851581508515815,104,2055,0,0,0,0
99,0506_c0005_020.jpg,506,4,-1,True,175,8550,0.1632780076849205,0.07872244714349977,101,2223,0,0,0,0
100,0506_c0006_000.jpg,506,5,-1,True,175,8550,0.7933900583208905,0.18421052631578946,1,950,1,1,1,1
101,0506_c0006_005.jpg,506,5,-1,True,175,8550,0.7967939791809175,0.1925192519251925,1,909,1,1,1,1
102,0506_c0006_010.jpg,506,5,-1,True,175,8550,0.7929698294815324,0.19104803493449782,1,916,1,1,1,1
103,0506_c0006_015.jpg,506,5,-1,True,175,8550,0.8053475027018825,0.19401330376940132,1,902,1,1,1,1
104,0506_c0006_020.jpg,506,5,-1,True,175,8550,0.7963240370852888,0.19104803493449782,1,916,1,1,1,1
105,0506_c0007_000.jpg,506,6,-1,True,175,8550,0.8849878740119851,0.25925925925925924,1,675,1,1,1,1
106,0506_c0007_005.jpg,506,6,-1,True,175,8550,0.8965841831596052,0.2786624203821656,1,628,1,1,1,1
107,0506_c0007_010.jpg,506,6,-1,True,175,8550,0.8941307497744986,0.27602523659305994,1,634,1,1,1,1
108,0506_c0007_015.jpg,506,6,-1,True,175,8550,0.8917522913975282,0.26515151515151514,1,660,1,1,1,1
109,0506_c0007_020.jpg,506,6,-1,True,175,8550,0.8874973303308077,0.2393980848153215,1,731,1,1,1,1
110,0506_c0008_000.jpg,506,7,-1,True,175,8550,0.7408516066806474,0.20833333333333334,1,840,1,1,1,1
111,0506_c0008_005.jpg,506,7,-1,True,175,8550,0.7392279276802918,0.1953125,1,896,1,1,1,1
112,0506_c0008_010.jpg,506,7,-1,True,175,8550,0.7570202126172788,0.20161290322580644,1,868,1,1,1,1
113,0506_c0008_015.jpg,506,7,-1,True,175,8550,0.756267075620395,0.20588235294117646,1,850,1,1,1,1
114,0506_c0008_020.jpg,506,7,-1,True,175,8550,0.7494081677053474,0.19751693002257337,1,886,1,1,1,1
115,0508_c0001_000.jpg,508,0,-1,True,175,8550,0.763313403358287,0.36382536382536385,1,481,1,1,1,1
116,0508_c0001_005.jpg,508,0,-1,True,175,8550,0.7599567914829246,0.3771551724137931,1,464,1,1,1,1
117,0508_c0001_010.jpg,508,0,-1,True,175,8550,0.7470489966209864,0.38802660753880264,1,451,1,1,1,1
118,0508_c0001_015.jpg,508,0,-1,True,175,8550,0.6644309154082547,0.3193430656934307,1,548,1,1,1,1
119,0508_c0001_020.jpg,508,0,-1,True,175,8550,0.6419007835693188,0.3787878787878788,1,462,1,1,1,1
120,0508_c0002_000.jpg,508,1,-1,True,175,8550,0.9661560715592951,0.7142857142857143,1,245,1,1,1,1
121,0508_c0002_005.jpg,508,1,-1,True,175,8550,0.9552282317493636,0.6272401433691757,1,279,1,1,1,1
122,0508_c0002_010.jpg,508,1,-1,True,175,8550,0.9638379119851032,0.7,1,250,1,1,1,1
123,0508_c0002_015.jpg,508,1,-1,True,175,8550,0.9829119728734976,0.7510729613733905,1,233,1,1,1,1
124,0508_c0002_020.jpg,508,1,-1,True,175,8550,0.9634713031439721,0.6481481481481481,1,270,1,1,1,1
125,0508_c0003_000.jpg,508,2,-1,True,175,8550,0.7304879140373431,0.5852842809364549,1,299,1,1,1,1
126,0508_c0003_005.jpg,508,2,-1,True,175,8550,0.7950070784188178,0.6782945736434108,1,258,1,1,1,1
127,0508_c0003_010.jpg,508,2,-1,True,175,8550,0.7582416957914503,0.5681818181818182,1,308,1,1,1,1
128,0508_c0003_015.jpg,508,2,-1,True,175,8550,0.7245284564463031,0.49295774647887325,1,355,1,1,1,1
129,0508_c0003_020.jpg,508,2,-1,True,175,8550,0.745732421554848,0.4888268156424581,1,358,1,1,1,1
130,0508_c0004_000.jpg,508,3,-1,True,175,8550,0.8522124525213254,0.6076388888888888,1,288,1,1,1,1
131,0508_c0004_005.jpg,508,3,-1,True,175,8550,0.9430901385363891,0.6183745583038869,1,283,1,1,1,1
132,0508_c0004_010.jpg,508,3,-1,True,175,8550,0.900578872284282,0.6076388888888888,1,288,1,1,1,1
133,0508_c0004_015.jpg,508,3,-1,True,175,8550,0.9094794451870925,0.5993150684931506,1,292,1,1,1,1
134,0508_c0004_020.jpg,508,3,-1,True,175,8550,0.8508960612647359,0.5813953488372093,1,301,1,1,1,1
135,0508_c0005_000.jpg,508,4,-1,True,175,8550,0.972951076416812,0.7954545454545454,1,220,1,1,1,1
136,0508_c0005_005.jpg,508,4,-1,True,175,8550,0.9768939556028778,0.8064516129032258,1,217,1,1,1,1
137,0508_c0005_010.jpg,508,4,-1,True,175,8550,0.9704458181434324,0.8027522935779816,1,218,1,1,1,1
138,0508_c0005_015.jpg,508,4,-1,True,175,8550,0.9890352243929692,0.8027522935779816,1,218,1,1,1,1
139,0508_c0005_020.jpg,508,4,-1,True,175,8550,0.9663508384615482,0.8215962441314554,1,213,1,1,1,1
140,0508_c0006_000.jpg,508,5,-1,True,175,8550,0.8007358973135861,0.5627009646302251,1,311,1,1,1,1
141,0508_c0006_005.jpg,508,5,-1,True,175,8550,0.8161000924937538,0.6505576208178439,1,269,1,1,1,1
142,0508_c0006_010.jpg,508,5,-1,True,175,8550,0.807206980716887,0.6457564575645757,1,271,1,1,1,1
143,0508_c0006_015.jpg,508,5,-1,True,175,8550,0.7993442674326402,0.6363636363636364,1,275,1,1,1,1
144,0508_c0006_020.jpg,508,5,-1,True,175,8550,0.7966714746177953,0.5627009646302251,1,311,1,1,1,1
145,0508_c0007_000.jpg,508,6,-1,True,175,8550,0.7489524916824953,0.4088785046728972,1,428,1,1,1,1
146,0508_c0007_005.jpg,508,6,-1,True,175,8550,0.7473445500996536,0.40229885057471265,1,435,1,1,1,1
147,0508_c0007_010.jpg,508,6,-1,True,175,8550,0.7842402849259419,0.43103448275862066,1,406,1,1,1,1
148,0508_c0007_015.jpg,508,6,-1,True,175,8550,0.7676643988679521,0.38461538461538464,1,455,1,1,1,1
149,0508_c0007_020.jpg,508,6,-1,True,175,8550,0.7663684648379198,0.42168674698795183,1,415,1,1,1,1
150,0508_c0008_000.jpg,508,7,-1,True,175,8550,0.916421377961151,0.6410256410256411,1,273,1,1,1,1
151,0508_c0008_005.jpg,508,7,-1,True,175,8550,0.8964789342531633,0.6481481481481481,1,270,1,1,1,1
152,0508_c0008_010.jpg,508,7,-1,True,175,8550,0.8844038113272962,0.5434782608695652,1,322,1,1,1,1
153,0508_c0008_015.jpg,508,7,-1,True,175,8550,0.8933793595524756,0.6097560975609756,1,287,1,1,1,1
154,0508_c0008_020.jpg,508,7,-1,True,175,8550,0.8909594009668136,0.6161971830985915,1,284,1,1,1,1
155,0510_c0001_000.jpg,510,0,-1,True,175,8550,0.7133749329452517,0.05496231155778895,1,3184,1,1,1,1
156,0510_c0001_005.jpg,510,0,-1,True,175,8550,0.7139952279134624,0.05350045857535922,1,3271,1,1,1,1
157,0510_c0001_010.jpg,510,0,-1,True,175,8550,0.6859858508156153,0.05021520803443329,1,3485,1,1,1,1
158,0510_c0001_015.jpg,510,0,-1,True,175,8550,0.6670572976446738,0.04891000558971492,1,3578,1,1,1,1
159,0510_c0001_020.jpg,510,0,-1,True,175,8550,0.644041704979147,0.04577556892492807,1,3823,1,1,1,1
160,0510_c0002_000.jpg,510,1,-1,True,175,8550,0.07469135452412845,0.030978934324659233,35,5649,0,0,0,0
161,0510_c0002_005.jpg,510,1,-1,True,175,8550,0.08076275488760219,0.030771935994373133,42,5687,0,0,0,0
162,0510_c0002_010.jpg,510,1,-1,True,175,8550,0.11482699039081917,0.03182975627500909,14,5498,0,0,0,1
163,0510_c0002_015.jpg,510,1,-1,True,175,8550,0.09560874844836188,0.03191683385008207,8,5483,0,0,1,1
164,0510_c0002_020.jpg,510,1,-1,True,175,8550,0.07571154351475096,0.029298509961493385,17,5973,0,0,0,1
165,0510_c0003_000.jpg,510,2,-1,True,175,8550,0.4083869062336484,0.14090177133655393,1,1242,1,1,1,1
166,0510_c0003_005.jpg,510,2,-1,True,175,8550,0.371336664588898,0.13328255902513328,1,1313,1,1,1,1
167,0510_c0003_010.jpg,510,2,-1,True,175,8550,0.33727092378809603,0.12178148921363953,1,1437,1,1,1,1
168,0510_c0003_015.jpg,510,2,-1,True,175,8550,0.27701342869484813,0.11203585147247119,1,1562,1,1,1,1
169,0510_c0003_020.jpg,510,2,-1,True,175,8550,0.24973357459262438,0.11196417146513116,1,1563,1,1,1,1
170,0510_c0004_000.jpg,510,3,-1,True,175,8550,0.82624073939126,0.0707070707070707,1,2475,1,1,1,1
171,0510_c0004_005.jpg,510,3,-1,True,175,8550,0.8100084337219042,0.07337526205450734,1,2385,1,1,1,1
172,0510_c0004_010.jpg,510,3,-1,True,175,8550,0.8127396536700398,0.07598784194528875,1,2303,1,1,1,1
173,0510_c0004_015.jpg,510,3,-1,True,175,8550,0.7666849141518947,0.06846635367762129,1,2556,1,1,1,1
174,0510_c0004_020.jpg,510,3,-1,True,175,8550,0.7809235754632156,0.0673076923076923,1,2600,1,1,1,1
175,0510_c0005_000.jpg,510,4,-1,True,175,8550,0.8560882034856747,0.14906303236797275,1,1174,1,1,1,1
176,0510_c0005_005.jpg,510,4,-1,True,175,8550,0.8246581997517565,0.11961722488038277,1,1463,1,1,1,1
177,0510_c0005_010.jpg,510,4,-1,True,175,8550,0.8051335647574918,0.1072961373390558,1,1631,1,1,1,1
178,0510_c0005_015.jpg,510,4,-1,True,175,8550,0.797411971164187,0.10516826923076923,1,1664,1,1,1,1
179,0510_c0005_020.jpg,510,4,-1,True,175,8550,0.794277859689256,0.1023990637799883,1,1709,1,1,1,1
180,0510_c0006_000.jpg,510,5,-1,True,175,8550,0.5449555209310131,0.17552657973921765,1,997,1,1,1,1
181,0510_c0006_005.jpg,510,5,-1,True,175,8550,0.4390422222036222,0.17378351539225423,1,1007,1,1,1,1
182,0510_c0006_010.jpg,510,5,-1,True,175,8550,0.5073177645283504,0.1585144927536232,1,1104,1,1,1,1
183,0510_c0006_015.jpg,510,5,-1,True,175,8550,0.543135280530889,0.19931662870159453,1,878,1,1,1,1
184,0510_c0006_020.jpg,510,5,-1,True,175,8550,0.5912356140587063,0.18577494692144372,1,942,1,1,1,1
185,0510_c0007_000.jpg,510,6,-1,True,175,8550,0.3050105713533373,0.2931323283082077,22,597,0,0,0,0
186,0510_c0007_005.jpg,510,6,-1,True,175,8550,0.3963979677920791,0.28317152103559873,1,618,1,1,1,1
187,0510_c0007_010.jpg,510,6,-1,True,175,8550,0.5293602643090842,0.20685579196217493,1,846,1,1,1,1
188,0510_c0007_015.jpg,510,6,-1,True,175,8550,0.5319247912000574,0.22407170294494239,1,781,1,1,1,1
189,0510_c0007_020.jpg,510,6,-1,True,175,8550,0.515139853482324,0.22580645161290322,1,775,1,1,1,1
190,0510_c0008_000.jpg,510,7,-1,True,175,8550,0.8406587449022196,0.057114882506527416,1,3064,1,1,1,1
191,0510_c0008_005.jpg,510,7,-1,True,175,8550,0.8471868768304285,0.05436470953712333,1,3219,1,1,1,1
192,0510_c0008_010.jpg,510,7,-1,True,175,8550,0.8272817415821487,0.051897983392645314,1,3372,1,1,1,1
193,0510_c0008_015.jpg,510,7,-1,True,175,8550,0.8517774730236166,0.057660626029654036,1,3035,1,1,1,1
194,0510_c0008_020.jpg,510,7,-1,True,175,8550,0.8443800678882862,0.053713934929404544,1,3258,1,1,1,1
195,0512_c0001_000.jpg,512,0,-1,True,75,8550,0.9809821741079401,0.8241758241758241,1,91,1,1,1,1
196,0512_c0001_005.jpg,512,0,-1,True,75,8550,1.0,1.0,1,75,1,1,1,1
197,0512_c0001_010.jpg,512,0,-1,True,75,8550,1.0,1.0,1,75,1,1,1,1
198,0512_c0001_015.jpg,512,0,-1,True,75,8550,1.0,1.0,1,75,1,1,1,1
199,0512_c0001_020.jpg,512,0,-1,True,75,8550,1.0,1.0,1,75,1,1,1,1
200,0512_c0003_000.jpg,512,2,-1,True,75,8550,1.0,1.0,1,75,1,1,1,1
201,0512_c0003_005.jpg,512,2,-1,True,75,8550,1.0,1.0,1,75,1,1,1,1
202,0512_c0003_010.jpg,512,2,-1,True,75,8550,1.0,1.0,1,75,1,1,1,1
203,0512_c0003_015.jpg,512,2,-1,True,75,8550,1.0,1.0,1,75,1,1,1,1
204,0512_c0003_020.jpg,512,2,-1,True,75,8550,1.0,1.0,1,75,1,1,1,1
205,0512_c0005_000.jpg,512,4,-1,True,75,8550,1.0,1.0,1,75,1,1,1,1
206,0512_c0005_005.jpg,512,4,-1,True,75,8550,1.0,1.0,1,75,1,1,1,1
207,0512_c0005_010.jpg,512,4,-1,True,75,8550,1.0,1.0,1,75,1,1,1,1
208,0512_c0005_015.jpg,512,4,-1,True,75,8550,1.0,1.0,1,75,1,1,1,1
209,0512_c0005_020.jpg,512,4,-1,True,75,8550,1.0,1.0,1,75,1,1,1,1
210,0512_c0006_000.jpg,512,5,-1,True,75,8550,0.3586047470215585,0.42857142857142855,12,175,0,0,0,1
211,0512_c0006_005.jpg,512,5,-1,True,75,8550,0.46157027529444017,0.4658385093167702,1,161,1,1,1,1
212,0512_c0006_010.jpg,512,5,-1,True,75,8550,0.5165131704567232,0.4966887417218543,1,151,1,1,1,1
213,0512_c0006_015.jpg,512,5,-1,True,75,8550,0.6279342837652101,0.4807692307692308,1,156,1,1,1,1
214,0512_c0006_020.jpg,512,5,-1,True,75,8550,0.6938001065115811,0.4966887417218543,1,151,1,1,1,1
215,0514_c0001_000.jpg,514,0,-1,True,175,8550,0.40628956453262227,0.37154989384288745,27,471,0,0,0,0
216,0514_c0001_005.jpg,514,0,-1,True,175,8550,0.31486456902467086,0.28548123980424145,62,613,0,0,0,0
217,0514_c0001_010.jpg,514,0,-1,True,175,8550,0.3855932801052462,0.343811394891945,29,509,0,0,0,0
218,0514_c0001_015.jpg,514,0,-1,True,175,8550,0.3573345518116275,0.3371868978805395,48,519,0,0,0,0
219,0514_c0001_020.jpg,514,0,-1,True,175,8550,0.38881621555366314,0.3771551724137931,26,464,0,0,0,0
220,0514_c0002_000.jpg,514,1,-1,True,175,8550,0.997913643445529,0.8838383838383839,1,198,1,1,1,1
221,0514_c0002_005.jpg,514,1,-1,True,175,8550,0.942709694433732,0.7882882882882883,1,222,1,1,1,1
222,0514_c0002_010.jpg,514,1,-1,True,175,8550,0.9903669780086463,0.8706467661691543,1,201,1,1,1,1
223,0514_c0002_015.jpg,514,1,-1,True,175,8550,0.9443487080544436,0.7675438596491229,1,228,1,1,1,1
224,0514_c0002_020.jpg,514,1,-1,True,175,8550,0.9971968091962929,0.875,1,200,1,1,1,1
225,0514_c0003_000.jpg,514,2,-1,True,175,8550,0.9989065520945221,0.8928571428571429,1,196,1,1,1,1
226,0514_c0003_005.jpg,514,2,-1,True,175,8550,0.9970016656368313,0.8663366336633663,1,202,1,1,1,1
227,0514_c0003_010.jpg,514,2,-1,True,175,8550,0.9972065975531941,0.8663366336633663,1,202,1,1,1,1
228,0514_c0003_015.jpg,514,2,-1,True,175,8550,0.994326145525748,0.8536585365853658,1,205,1,1,1,1
229,0514_c0003_020.jpg,514,2,-1,True,175,8550,0.9972251660380298,0.8663366336633663,1,202,1,1,1,1
230,0514_c0004_000.jpg,514,3,-1,True,175,8550,1.0,1.0,1,175,1,1,1,1
231,0514_c0004_005.jpg,514,3,-1,True,175,8550,0.998018718411177,0.9067357512953368,1,193,1,1,1,1
232,0514_c0004_010.jpg,514,3,-1,True,175,8550,0.9840029322164391,0.9020618556701031,1,194,1,1,1,1
233,0514_c0004_015.jpg,514,3,-1,True,175,8550,0.9833930599816807,0.7478632478632479,1,234,1,1,1,1
234,0514_c0004_020.jpg,514,3,-1,True,175,8550,0.9966030783778518,0.9067357512953368,1,193,1,1,1,1
235,0514_c0005_000.jpg,514,4,-1,True,175,8550,1.0,1.0,1,175,1,1,1,1
236,0514_c0005_005.jpg,514,4,-1,True,175,8550,1.0,1.0,1,175,1,1,1,1
237,0514_c0005_010.jpg,514,4,-1,True,175,8550,0.9994000642845702,0.9562841530054644,1,183,1,1,1,1
238,0514_c0005_015.jpg,514,4,-1,True,175,8550,1.0,1.0,1,175,1,1,1,1
239,0514_c0005_020.jpg,514,4,-1,True,175,8550,1.0,1.0,1,175,1,1,1,1
240,0514_c0006_000.jpg,514,5,-1,True,175,8550,0.939252965296386,0.4605263157894737,1,380,1,1,1,1
241,0514_c0006_005.jpg,514,5,-1,True,175,8550,0.8945684080136851,0.48746518105849584,1,359,1,1,1,1
242,0514_c0006_010.jpg,514,5,-1,True,175,8550,0.9303123532874267,0.5434782608695652,1,322,1,1,1,1
243,0514_c0006_015.jpg,514,5,-1,True,175,8550,0.8764302870514734,0.4032258064516129,1,434,1,1,1,1
244,0514_c0006_020.jpg,514,5,-1,True,175,8550,0.8705572816852224,0.44871794871794873,1,390,1,1,1,1
245,0514_c0007_000.jpg,514,6,-1,True,175,8550,0.925579485992247,0.42892156862745096,1,408,1,1,1,1
246,0514_c0007_005.jpg,514,6,-1,True,175,8550,0.9207501967200876,0.4227053140096618,1,414,1,1,1,1
247,0514_c0007_010.jpg,514,6,-1,True,175,8550,0.9028447167213447,0.4050925925925926,1,432,1,1,1,1
248,0514_c0007_015.jpg,514,6,-1,True,175,8550,0.9055295844217446,0.39503386004514673,1,443,1,1,1,1
249,0514_c0007_020.jpg,514,6,-1,True,175,8550,0.9313895068367165,0.5177514792899408,1,338,1,1,1,1
250,0514_c0008_000.jpg,514,7,-1,True,175,8550,0.9304912059009007,0.6944444444444444,1,252,1,1,1,1
251,0514_c0008_005.jpg,514,7,-1,True,175,8550,0.9256146472452315,0.691699604743083,1,253,1,1,1,1
252,0514_c0008_010.jpg,514,7,-1,True,175,8550,0.9405869007563125,0.7028112449799196,1,249,1,1,1,1
253,0514_c0008_015.jpg,514,7,-1,True,175,8550,0.9175443593998912,0.6862745098039216,1,255,1,1,1,1
254,0514_c0008_020.jpg,514,7,-1,True,175,8550,0.9221552529875643,0.625,1,280,1,1,1,1
255,0516_c0001_000.jpg,516,0,-1,True,75,8550,1.0,1.0,1,75,1,1,1,1
256,0516_c0001_005.jpg,516,0,-1,True,75,8550,1.0,1.0,1,75,1,1,1,1
257,0516_c0001_010.jpg,516,0,-1,True,75,8550,1.0,1.0,1,75,1,1,1,1
258,0516_c0001_015.jpg,516,0,-1,True,75,8550,1.0,1.0,1,75,1,1,1,1
259,0516_c0001_020.jpg,516,0,-1,True,75,8550,0.9985882885270052,0.9615384615384616,1,78,1,1,1,1
260,0516_c0003_000.jpg,516,2,-1,True,75,8550,1.0,1.0,1,75,1,1,1,1
261,0516_c0003_005.jpg,516,2,-1,True,75,8550,1.0,1.0,1,75,1,1,1,1
262,0516_c0003_010.jpg,516,2,-1,True,75,8550,1.0,1.0,1,75,1,1,1,1
263,0516_c0003_015.jpg,516,2,-1,True,75,8550,1.0,1.0,1,75,1,1,1,1
264,0516_c0003_020.jpg,516,2,-1,True,75,8550,1.0,1.0,1,75,1,1,1,1
265,0516_c0005_000.jpg,516,4,-1,True,75,8550,1.0,1.0,1,75,1,1,1,1
266,0516_c0005_005.jpg,516,4,-1,True,75,8550,1.0,1.0,1,75,1,1,1,1
267,0516_c0005_010.jpg,516,4,-1,True,75,8550,1.0,1.0,1,75,1,1,1,1
268,0516_c0005_015.jpg,516,4,-1,True,75,8550,1.0,1.0,1,75,1,1,1,1
269,0516_c0005_020.jpg,516,4,-1,True,75,8550,1.0,1.0,1,75,1,1,1,1
270,0516_c0006_000.jpg,516,5,-1,True,75,8550,1.0,1.0,1,75,1,1,1,1
271,0516_c0006_005.jpg,516,5,-1,True,75,8550,1.0,1.0,1,75,1,1,1,1
272,0516_c0006_010.jpg,516,5,-1,True,75,8550,1.0,1.0,1,75,1,1,1,1
273,0516_c0006_015.jpg,516,5,-1,True,75,8550,1.0,1.0,1,75,1,1,1,1
274,0516_c0006_020.jpg,516,5,-1,True,75,8550,1.0,1.0,1,75,1,1,1,1
275,0518_c0001_000.jpg,518,0,-1,True,100,8550,0.8657069224139562,0.5494505494505495,1,182,1,1,1,1
276,0518_c0001_005.jpg,518,0,-1,True,100,8550,0.7614546716271287,0.5208333333333334,1,192,1,1,1,1
277,0518_c0001_010.jpg,518,0,-1,True,100,8550,0.7977537933117381,0.5181347150259067,1,193,1,1,1,1
278,0518_c0001_015.jpg,518,0,-1,True,100,8550,0.8013157591042254,0.5780346820809249,1,173,1,1,1,1
279,0518_c0001_020.jpg,518,0,-1,True,100,8550,0.9228066763576274,0.6666666666666666,1,150,1,1,1,1
280,0518_c0002_000.jpg,518,1,-1,True,100,8550,0.8652920996214271,0.7299270072992701,1,137,1,1,1,1
281,0518_c0002_005.jpg,518,1,-1,True,100,8550,0.8620977967322888,0.7092198581560284,1,141,1,1,1,1
282,0518_c0002_010.jpg,518,1,-1,True,100,8550,0.8786423971024173,0.7874015748031497,1,127,1,1,1,1
283,0518_c0002_015.jpg,518,1,-1,True,100,8550,0.8916836760925874,0.6993006993006993,1,143,1,1,1,1
284,0518_c0002_020.jpg,518,1,-1,True,100,8550,0.8861049962448206,0.7692307692307693,1,130,1,1,1,1
285,0518_c0003_000.jpg,518,2,-1,True,100,8550,0.9567471732086823,0.6410256410256411,1,156,1,1,1,1
286,0518_c0003_005.jpg,518,2,-1,True,100,8550,0.9718262996885955,0.684931506849315,1,146,1,1,1,1
287,0518_c0003_010.jpg,518,2,-1,True,100,8550,0.9851702370560234,0.7575757575757576,1,132,1,1,1,1
288,0518_c0003_015.jpg,518,2,-1,True,100,8550,0.9755209169115524,0.7092198581560284,1,141,1,1,1,1
289,0518_c0003_020.jpg,518,2,-1,True,100,8550,0.9833801547509373,0.7751937984496124,1,129,1,1,1,1
290,0518_c0005_000.jpg,518,4,-1,True,100,8550,0.83203992722501,0.5649717514124294,1,177,1,1,1,1
291,0518_c0005_005.jpg,518,4,-1,True,100,8550,0.8086492412346399,0.5405405405405406,1,185,1,1,1,1
292,0518_c0005_010.jpg,518,4,-1,True,100,8550,0.8264821886180295,0.5617977528089888,1,178,1,1,1,1
293,0518_c0005_015.jpg,518,4,-1,True,100,8550,0.8278994500441137,0.5586592178770949,1,179,1,1,1,1
294,0518_c0005_020.jpg,518,4,-1,True,100,8550,0.8461319843976106,0.6410256410256411,1,156,1,1,1,1
295,0518_c0006_000.jpg,518,5,-1,True,100,8550,0.92068944278223,0.6097560975609756,1,164,1,1,1,1
296,0518_c0006_005.jpg,518,5,-1,True,100,8550,0.9245919313668131,0.6493506493506493,1,154,1,1,1,1
297,0518_c0006_010.jpg,518,5,-1,True,100,8550,0.91293032882347,0.5882352941176471,1,170,1,1,1,1
298,0518_c0006_015.jpg,518,5,-1,True,100,8550,0.9382656034632351,0.6944444444444444,1,144,1,1,1,1
299,0518_c0006_020.jpg,518,5,-1,True,100,8550,0.9361938724809481,0.6944444444444444,1,144,1,1,1,1
300,0520_c0001_000.jpg,520,0,-1,True,150,8550,0.9999114054451803,0.9933774834437086,1,151,1,1,1,1
301,0520_c0001_005.jpg,520,0,-1,True,150,8550,1.0,1.0,1,150,1,1,1,1
302,0520_c0001_010.jpg,520,0,-1,True,150,8550,0.9994750525116711,0.974025974025974,1,154,1,1,1,1
303,0520_c0001_015.jpg,520,0,-1,True,150,8550,0.9987223166137409,0.967741935483871,1,155,1,1,1,1
304,0520_c0001_020.jpg,520,0,-1,True,150,8550,1.0,1.0,1,150,1,1,1,1
305,0520_c0002_000.jpg,520,1,-1,True,150,8550,0.9720377789063963,0.7894736842105263,1,190,1,1,1,1
306,0520_c0002_005.jpg,520,1,-1,True,150,8550,0.9656492763296695,0.7692307692307693,1,195,1,1,1,1
307,0520_c0002_010.jpg,520,1,-1,True,150,8550,0.9857498311539683,0.8670520231213873,1,173,1,1,1,1
308,0520_c0002_015.jpg,520,1,-1,True,150,8550,0.9806878784651087,0.8522727272727273,1,176,1,1,1,1
309,0520_c0002_020.jpg,520,1,-1,True,150,8550,0.9764765773652471,0.7772020725388601,1,193,1,1,1,1
310,0520_c0004_000.jpg,520,3,-1,True,150,8550,1.0,1.0,1,150,1,1,1,1
311,0520_c0004_005.jpg,520,3,-1,True,150,8550,1.0,1.0,1,150,1,1,1,1
312,0520_c0004_010.jpg,520,3,-1,True,150,8550,1.0,1.0,1,150,1,1,1,1
313,0520_c0004_015.jpg,520,3,-1,True,150,8550,1.0,1.0,1,150,1,1,1,1
314,0520_c0004_020.jpg,520,3,-1,True,150,8550,1.0,1.0,1,150,1,1,1,1
315,0520_c0005_000.jpg,520,4,-1,True,150,8550,1.0,1.0,1,150,1,1,1,1
316,0520_c0005_005.jpg,520,4,-1,True,150,8550,1.0,1.0,1,150,1,1,1,1
317,0520_c0005_010.jpg,520,4,-1,True,150,8550,1.0,1.0,1,150,1,1,1,1
318,0520_c0005_015.jpg,520,4,-1,True,150,8550,1.0,1.0,1,150,1,1,1,1
319,0520_c0005_020.jpg,520,4,-1,True,150,8550,1.0,1.0,1,150,1,1,1,1
320,0520_c0006_000.jpg,520,5,-1,True,150,8550,0.9945618926468861,0.9146341463414634,1,164,1,1,1,1
321,0520_c0006_005.jpg,520,5,-1,True,150,8550,0.9811471431672866,0.8571428571428571,1,175,1,1,1,1
322,0520_c0006_010.jpg,520,5,-1,True,150,8550,0.9811135320541456,0.8571428571428571,1,175,1,1,1,1
323,0520_c0006_015.jpg,520,5,-1,True,150,8550,0.9782728651989868,0.8571428571428571,1,175,1,1,1,1
324,0520_c0006_020.jpg,520,5,-1,True,150,8550,0.9927911524450714,0.9036144578313253,1,166,1,1,1,1
325,0520_c0007_000.jpg,520,6,-1,True,150,8550,1.0,1.0,1,150,1,1,1,1
326,0520_c0007_005.jpg,520,6,-1,True,150,8550,1.0,1.0,1,150,1,1,1,1
327,0520_c0007_010.jpg,520,6,-1,True,150,8550,1.0,1.0,1,150,1,1,1,1
328,0520_c0007_015.jpg,520,6,-1,True,150,8550,1.0,1.0,1,150,1,1,1,1
329,0520_c0007_020.jpg,520,6,-1,True,150,8550,1.0,1.0,1,150,1,1,1,1
330,0520_c0008_000.jpg,520,7,-1,True,150,8550,1.0,1.0,1,150,1,1,1,1
331,0520_c0008_005.jpg,520,7,-1,True,150,8550,1.0,1.0,1,150,1,1,1,1
332,0520_c0008_010.jpg,520,7,-1,True,150,8550,1.0,1.0,1,150,1,1,1,1
333,0520_c0008_015.jpg,520,7,-1,True,150,8550,1.0,1.0,1,150,1,1,1,1
334,0520_c0008_020.jpg,520,7,-1,True,150,8550,1.0,1.0,1,150,1,1,1,1
335,0522_c0001_000.jpg,522,0,-1,True,150,8550,0.6035335502556118,0.2840909090909091,1,528,1,1,1,1
336,0522_c0001_005.jpg,522,0,-1,True,150,8550,0.5899706511052372,0.1905972045743329,1,787,1,1,1,1
337,0522_c0001_010.jpg,522,0,-1,True,150,8550,0.5607299468174759,0.23622047244094488,1,635,1,1,1,1
338,0522_c0001_015.jpg,522,0,-1,True,150,8550,0.6475940552686501,0.3448275862068966,1,435,1,1,1,1
339,0522_c0001_020.jpg,522,0,-1,True,150,8550,0.5968047037786103,0.1989389920424403,1,754,1,1,1,1
340,0522_c0002_000.jpg,522,1,-1,True,150,8550,0.4890927134350234,0.12510425354462051,1,1199,1,1,1,1
341,0522_c0002_005.jpg,522,1,-1,True,150,8550,0.49497053113107986,0.12953367875647667,1,1158,1,1,1,1
342,0522_c0002_010.jpg,522,1,-1,True,150,8550,0.5102896416639606,0.1770956316410862,1,847,1,1,1,1
343,0522_c0002_015.jpg,522,1,-1,True,150,8550,0.5417103034386961,0.18495684340320592,1,811,1,1,1,1
344,0522_c0002_020.jpg,522,1,-1,True,150,8550,0.5907713215219562,0.20215633423180593,1,742,1,1,1,1
345,0522_c0004_000.jpg,522,3,-1,True,150,8550,0.9280530744074046,0.8571428571428571,1,175,1,1,1,1
346,0522_c0004_005.jpg,522,3,-1,True,150,8550,0.8804573015230605,0.6382978723404256,1,235,1,1,1,1
347,0522_c0004_010.jpg,522,3,-1,True,150,8550,0.9178024023291169,0.8522727272727273,1,176,1,1,1,1
348,0522_c0004_015.jpg,522,3,-1,True,150,8550,0.9599773904099019,0.8571428571428571,1,175,1,1,1,1
349,0522_c0004_020.jpg,522,3,-1,True,150,8550,0.9374279266447335,0.8571428571428571,1,175,1,1,1,1
350,0522_c0005_000.jpg,522,4,-1,True,150,8550,0.9093327329927967,0.2608695652173913,1,575,1,1,1,1
351,0522_c0005_005.jpg,522,4,-1,True,150,8550,0.897796368559579,0.2435064935064935,1,616,1,1,1,1
352,0522_c0005_010.jpg,522,4,-1,True,150,8550,0.872096954926329,0.21739130434782608,1,690,1,1,1,1
353,0522_c0005_015.jpg,522,4,-1,True,150,8550,0.9093904201679462,0.25252525252525254,1,594,1,1,1,1
354,0522_c0005_020.jpg,522,4,-1,True,150,8550,0.8974645123974456,0.2435064935064935,1,616,1,1,1,1
355,0522_c0006_000.jpg,522,5,-1,True,150,8550,0.9301345043183141,0.5300353356890459,1,283,1,1,1,1
356,0522_c0006_005.jpg,522,5,-1,True,150,8550,0.8619765812694076,0.4601226993865031,1,326,1,1,1,1
357,0522_c0006_010.jpg,522,5,-1,True,150,8550,0.7897395164941409,0.4032258064516129,1,372,1,1,1,1
358,0522_c0006_015.jpg,522,5,-1,True,150,8550,0.6842914602143114,0.3282275711159737,1,457,1,1,1,1
359,0522_c0006_020.jpg,522,5,-1,True,150,8550,0.7283937225829333,0.3171247357293869,1,473,1,1,1,1
360,0522_c0007_000.jpg,522,6,-1,True,150,8550,0.9921681582091734,0.8108108108108109,1,185,1,1,1,1
361,0522_c0007_005.jpg,522,6,-1,True,150,8550,0.9845958427100308,0.7853403141361257,1,191,1,1,1,1
362,0522_c0007_010.jpg,522,6,-1,True,150,8550,0.9984033254696961,0.8823529411764706,1,170,1,1,1,1
363,0522_c0007_015.jpg,522,6,-1,True,150,8550,0.9994322799500595,0.967741935483871,1,155,1,1,1,1
364,0522_c0007_020.jpg,522,6,-1,True,150,8550,0.9771658806651665,0.7317073170731707,1,205,1,1,1,1
365,0522_c0008_000.jpg,522,7,-1,True,150,8550,0.7449549757847003,0.29239766081871343,1,513,1,1,1,1
366,0522_c0008_005.jpg,522,7,-1,True,150,8550,0.7815476967987429,0.26833631484794274,1,559,1,1,1,1
367,0522_c0008_010.jpg,522,7,-1,True,150,8550,0.6592796063209156,0.24630541871921183,1,609,1,1,1,1
368,0522_c0008_015.jpg,522,7,-1,True,150,8550,0.6856202877499028,0.25996533795493937,1,577,1,1,1,1
369,0522_c0008_020.jpg,522,7,-1,True,150,8550,0.7465015335008868,0.2803738317757009,1,535,1,1,1,1
370,0524_c0001_000.jpg,524,0,-1,True,175,8550,0.8937843893161427,0.43103448275862066,1,406,1,1,1,1
371,0524_c0001_005.jpg,524,0,-1,True,175,8550,0.8021735570285627,0.3995433789954338,1,438,1,1,1,1
372,0524_c0001_010.jpg,524,0,-1,True,175,8550,0.811583771290319,0.4098360655737705,1,427,1,1,1,1
373,0524_c0001_015.jpg,524,0,-1,True,175,8550,0.8815607147693094,0.47297297297297297,1,370,1,1,1,1
374,0524_c0001_020.jpg,524,0,-1,True,175,8550,0.898152847549829,0.5028735632183908,1,348,1,1,1,1
375,0524_c0002_000.jpg,524,1,-1,True,175,8550,0.9710159164966152,0.6730769230769231,1,260,1,1,1,1
376,0524_c0002_005.jpg,524,1,-1,True,175,8550,0.9615720368139292,0.6679389312977099,1,262,1,1,1,1
377,0524_c0002_010.jpg,524,1,-1,True,175,8550,0.9875975208410003,0.7575757575757576,1,231,1,1,1,1
378,0524_c0002_015.jpg,524,1,-1,True,175,8550,0.9939225057659097,0.7954545454545454,1,220,1,1,1,1
379,0524_c0002_020.jpg,524,1,-1,True,175,8550,0.9929391519306098,0.8373205741626795,1,209,1,1,1,1
380,0524_c0003_000.jpg,524,2,-1,True,175,8550,0.9998073713995502,0.9776536312849162,1,179,1,1,1,1
381,0524_c0003_005.jpg,524,2,-1,True,175,8550,0.9814422399997665,0.7575757575757576,1,231,1,1,1,1
382,0524_c0003_010.jpg,524,2,-1,True,175,8550,0.9908099026106171,0.8620689655172413,1,203,1,1,1,1
383,0524_c0003_015.jpg,524,2,-1,True,175,8550,0.9825313222943532,0.813953488372093,1,215,1,1,1,1
384,0524_c0003_020.jpg,524,2,-1,True,175,8550,0.983985985035201,0.8215962441314554,1,213,1,1,1,1
385,0524_c0004_000.jpg,524,3,-1,True,175,8550,0.8517758481877822,0.42475728155339804,1,412,1,1,1,1
386,0524_c0004_005.jpg,524,3,-1,True,175,8550,0.7477679076698119,0.343811394891945,1,509,1,1,1,1
387,0524_c0004_010.jpg,524,3,-1,True,175,8550,0.7725200903047663,0.33524904214559387,1,522,1,1,1,1
388,0524_c0004_015.jpg,524,3,-1,True,175,8550,0.7348596379911045,0.34516765285996054,1,507,1,1,1,1
389,0524_c0004_020.jpg,524,3,-1,True,175,8550,0.7603717549385802,0.3431372549019608,1,510,1,1,1,1
390,0524_c0005_000.jpg,524,4,-1,True,175,8550,1.0,1.0,1,175,1,1,1,1
391,0524_c0005_005.jpg,524,4,-1,True,175,8550,1.0,1.0,1,175,1,1,1,1
392,0524_c0005_010.jpg,524,4,-1,True,175,8550,1.0,1.0,1,175,1,1,1,1
393,0524_c0005_015.jpg,524,4,-1,True,175,8550,1.0,1.0,1,175,1,1,1,1
394,0524_c0005_020.jpg,524,4,-1,True,175,8550,1.0,1.0,1,175,1,1,1,1
395,0524_c0006_000.jpg,524,5,-1,True,175,8550,0.9797396635069364,0.7446808510638298,1,235,1,1,1,1
396,0524_c0006_005.jpg,524,5,-1,True,175,8550,0.992855705558903,0.8663366336633663,1,202,1,1,1,1
397,0524_c0006_010.jpg,524,5,-1,True,175,8550,0.9943351384515939,0.8883248730964467,1,197,1,1,1,1
398,0524_c0006_015.jpg,524,5,-1,True,175,8550,0.9960022439877513,0.9114583333333334,1,192,1,1,1,1
399,0524_c0006_020.jpg,524,5,-1,True,175,8550,0.9981071975157688,0.9358288770053476,1,187,1,1,1,1
400,0524_c0007_000.jpg,524,6,-1,True,175,8550,0.8633878295920805,0.31305903398926654,1,559,1,1,1,1
401,0524_c0007_005.jpg,524,6,-1,True,175,8550,0.8619078552261703,0.3246753246753247,1,539,1,1,1,1
402,0524_c0007_010.jpg,524,6,-1,True,175,8550,0.9298758720961879,0.4820936639118457,1,363,1,1,1,1
403,0524_c0007_015.jpg,524,6,-1,True,175,8550,0.9169443980225627,0.44529262086513993,1,393,1,1,1,1
404,0524_c0007_020.jpg,524,6,-1,True,175,8550,0.9227061241550343,0.4475703324808184,1,391,1,1,1,1
405,0524_c0008_000.jpg,524,7,-1,True,175,8550,0.9905276089480649,0.8454106280193237,1,207,1,1,1,1
406,0524_c0008_005.jpg,524,7,-1,True,175,8550,0.990258904952731,0.8293838862559242,1,211,1,1,1,1
407,0524_c0008_010.jpg,524,7,-1,True,175,8550,0.9751446870009309,0.7231404958677686,1,242,1,1,1,1
408,0524_c0008_015.jpg,524,7,-1,True,175,8550,0.9736873508070591,0.7231404958677686,1,242,1,1,1,1
409,0524_c0008_020.jpg,524,7,-1,True,175,8550,0.9783655014031768,0.7777777777777778,1,225,1,1,1,1
410,0526_c0001_000.jpg,526,0,-1,True,50,8550,0.6788348489696919,0.26595744680851063,1,188,1,1,1,1
411,0526_c0001_005.jpg,526,0,-1,True,50,8550,0.7352166916079134,0.3424657534246575,1,146,1,1,1,1
412,0526_c0001_010.jpg,526,0,-1,True,50,8550,0.7030728773807337,0.3105590062111801,1,161,1,1,1,1
413,0526_c0001_015.jpg,526,0,-1,True,50,8550,0.7168513596913476,0.31446540880503143,1,159,1,1,1,1
414,0526_c0001_020.jpg,526,0,-1,True,50,8550,0.7837576296002822,0.37593984962406013,1,133,1,1,1,1
415,0526_c0003_000.jpg,526,2,-1,True,50,8550,0.7949142005753971,0.49504950495049505,1,101,1,1,1,1
416,0526_c0003_005.jpg,526,2,-1,True,50,8550,0.9112967576445579,0.625,1,80,1,1,1,1
417,0526_c0003_010.jpg,526,2,-1,True,50,8550,0.7791260443117983,0.4716981132075472,1,106,1,1,1,1
418,0526_c0003_015.jpg,526,2,-1,True,50,8550,0.8543910093131576,0.5747126436781609,1,87,1,1,1,1
419,0526_c0003_020.jpg,526,2,-1,True,50,8550,0.8806472037348909,0.6410256410256411,1,78,1,1,1,1
420,0526_c0005_000.jpg,526,4,-1,True,50,8550,1.0,1.0,1,50,1,1,1,1
421,0526_c0005_005.jpg,526,4,-1,True,50,8550,1.0,1.0,1,50,1,1,1,1
422,0526_c0005_010.jpg,526,4,-1,True,50,8550,1.0,1.0,1,50,1,1,1,1
423,0526_c0005_015.jpg,526,4,-1,True,50,8550,1.0,1.0,1,50,1,1,1,1
424,0526_c0005_020.jpg,526,4,-1,True,50,8550,1.0,1.0,1,50,1,1,1,1
425,0528_c0001_000.jpg,528,0,-1,True,150,8550,0.8955550334718322,0.6756756756756757,1,222,1,1,1,1
426,0528_c0001_005.jpg,528,0,-1,True,150,8550,0.8327292585343219,0.49504950495049505,1,303,1,1,1,1
427,0528_c0001_010.jpg,528,0,-1,True,150,8550,0.7845742712387949,0.5434782608695652,1,276,1,1,1,1
428,0528_c0001_015.jpg,528,0,-1,True,150,8550,0.7848734136602148,0.47770700636942676,1,314,1,1,1,1
429,0528_c0001_020.jpg,528,0,-1,True,150,8550,0.7420800134302851,0.5905511811023622,1,254,1,1,1,1
430,0528_c0002_000.jpg,528,1,-1,True,150,8550,0.8552303527164252,0.32608695652173914,1,460,1,1,1,1
431,0528_c0002_005.jpg,528,1,-1,True,150,8550,0.8580860451859341,0.32537960954446854,1,461,1,1,1,1
432,0528_c0002_010.jpg,528,1,-1,True,150,8550,0.8166683740859049,0.32537960954446854,1,461,1,1,1,1
433,0528_c0002_015.jpg,528,1,-1,True,150,8550,0.7699411565671416,0.3054989816700611,1,491,1,1,1,1
434,0528_c0002_020.jpg,528,1,-1,True,150,8550,0.7841849764605429,0.30120481927710846,1,498,1,1,1,1
435,0528_c0003_000.jpg,528,2,-1,True,150,8550,0.9389050975271697,0.5514705882352942,1,272,1,1,1,1
436,0528_c0003_005.jpg,528,2,-1,True,150,8550,0.9289104209415742,0.5454545454545454,1,275,1,1,1,1
437,0528_c0003_010.jpg,528,2,-1,True,150,8550,0.9356582245927757,0.5474452554744526,1,274,1,1,1,1
438,0528_c0003_015.jpg,528,2,-1,True,150,8550,0.9341492179849377,0.539568345323741,1,278,1,1,1,1
439,0528_c0003_020.jpg,528,2,-1,True,150,8550,0.9293569738503921,0.5226480836236934,1,287,1,1,1,1
440,0528_c0004_000.jpg,528,3,-1,True,150,8550,0.9708363883263613,0.8571428571428571,1,175,1,1,1,1
441,0528_c0004_005.jpg,528,3,-1,True,150,8550,0.9702497544505491,0.8571428571428571,1,175,1,1,1,1
442,0528_c0004_010.jpg,528,3,-1,True,150,8550,0.9713544104534924,0.8571428571428571,1,175,1,1,1,1
443,0528_c0004_015.jpg,528,3,-1,True,150,8550,0.9698413187939298,0.8571428571428571,1,175,1,1,1,1
444,0528_c0004_020.jpg,528,3,-1,True,150,8550,0.9692720646441326,0.8571428571428571,1,175,1,1,1,1
445,0528_c0005_000.jpg,528,4,-1,True,150,8550,0.9561568881552861,0.8571428571428571,1,175,1,1,1,1
446,0528_c0005_005.jpg,528,4,-1,True,150,8550,0.9631600990149388,0.8571428571428571,1,175,1,1,1,1
447,0528_c0005_010.jpg,528,4,-1,True,150,8550,0.9548057566288969,0.8522727272727273,1,176,1,1,1,1
448,0528_c0005_015.jpg,528,4,-1,True,150,8550,0.9515731511579566,0.8241758241758241,1,182,1,1,1,1
449,0528_c0005_020.jpg,528,4,-1,True,150,8550,0.9474108963371376,0.847457627118644,1,177,1,1,1,1
450,0528_c0006_000.jpg,528,5,-1,True,150,8550,0.9128425174155359,0.5319148936170213,1,282,1,1,1,1
451,0528_c0006_005.jpg,528,5,-1,True,150,8550,0.9124468318305907,0.5244755244755245,1,286,1,1,1,1
452,0528_c0006_010.jpg,528,5,-1,True,150,8550,0.9067370355351912,0.5535055350553506,1,271,1,1,1,1
453,0528_c0006_015.jpg,528,5,-1,True,150,8550,0.905618060392123,0.5555555555555556,1,270,1,1,1,1
454,0528_c0006_020.jpg,528,5,-1,True,150,8550,0.8987700035452871,0.5454545454545454,1,275,1,1,1,1
455,0528_c0007_000.jpg,528,6,-1,True,150,8550,0.7691536846029919,0.5555555555555556,1,270,1,1,1,1
456,0528_c0007_005.jpg,528,6,-1,True,150,8550,0.771686829721528,0.5747126436781609,1,261,1,1,1,1
457,0528_c0007_010.jpg,528,6,-1,True,150,8550,0.7604682205557861,0.5576208178438662,1,269,1,1,1,1
458,0528_c0007_015.jpg,528,6,-1,True,150,8550,0.7646998337685751,0.5576208178438662,1,269,1,1,1,1
459,0528_c0007_020.jpg,528,6,-1,True,150,8550,0.7711630265403626,0.5725190839694656,1,262,1,1,1,1
460,0530_c0001_000.jpg,530,0,-1,True,150,8550,0.7597061255238864,0.46296296296296297,1,324,1,1,1,1
461,0530_c0001_005.jpg,530,0,-1,True,150,8550,0.7465911555589202,0.45592705167173253,1,329,1,1,1,1
462,0530_c0001_010.jpg,530,0,-1,True,150,8550,0.7604550487447881,0.47318611987381703,1,317,1,1,1,1
463,0530_c0001_015.jpg,530,0,-1,True,150,8550,0.7880056800582994,0.5016722408026756,1,299,1,1,1,1
464,0530_c0001_020.jpg,530,0,-1,True,150,8550,0.739993980807875,0.46153846153846156,1,325,1,1,1,1
465,0530_c0002_000.jpg,530,1,-1,True,150,8550,1.0,1.0,1,150,1,1,1,1
466,0530_c0002_005.jpg,530,1,-1,True,150,8550,1.0,1.0,1,150,1,1,1,1
467,0530_c0002_010.jpg,530,1,-1,True,150,8550,1.0,1.0,1,150,1,1,1,1
468,0530_c0002_015.jpg,530,1,-1,True,150,8550,1.0,1.0,1,150,1,1,1,1
469,0530_c0002_020.jpg,530,1,-1,True,150,8550,1.0,1.0,1,150,1,1,1,1
470,0530_c0003_000.jpg,530,2,-1,True,150,8550,1.0,1.0,1,150,1,1,1,1
471,0530_c0003_005.jpg,530,2,-1,True,150,8550,1.0,1.0,1,150,1,1,1,1
472,0530_c0003_010.jpg,530,2,-1,True,150,8550,1.0,1.0,1,150,1,1,1,1
473,0530_c0003_015.jpg,530,2,-1,True,150,8550,1.0,1.0,1,150,1,1,1,1
474,0530_c0003_020.jpg,530,2,-1,True,150,8550,1.0,1.0,1,150,1,1,1,1
475,0530_c0004_000.jpg,530,3,-1,True,150,8550,1.0,1.0,1,150,1,1,1,1
476,0530_c0004_005.jpg,530,3,-1,True,150,8550,1.0,1.0,1,150,1,1,1,1
477,0530_c0004_010.jpg,530,3,-1,True,150,8550,1.0,1.0,1,150,1,1,1,1
478,0530_c0004_015.jpg,530,3,-1,True,150,8550,1.0,1.0,1,150,1,1,1,1
479,0530_c0004_020.jpg,530,3,-1,True,150,8550,1.0,1.0,1,150,1,1,1,1
480,0530_c0005_000.jpg,530,4,-1,True,150,8550,0.9319523755589356,0.75,1,200,1,1,1,1
481,0530_c0005_005.jpg,530,4,-1,True,150,8550,0.9489687145765529,0.75,1,200,1,1,1,1
482,0530_c0005_010.jpg,530,4,-1,True,150,8550,0.9498613507444094,0.75,1,200,1,1,1,1
483,0530_c0005_015.jpg,530,4,-1,True,150,8550,0.9593293674004206,0.75,1,200,1,1,1,1
484,0530_c0005_020.jpg,530,4,-1,True,150,8550,0.9807380682098471,0.75,1,200,1,1,1,1
485,0530_c0006_000.jpg,530,5,-1,True,150,8550,1.0,1.0,1,150,1,1,1,1
486,0530_c0006_005.jpg,530,5,-1,True,150,8550,1.0,1.0,1,150,1,1,1,1
487,0530_c0006_010.jpg,530,5,-1,True,150,8550,1.0,1.0,1,150,1,1,1,1
488,0530_c0006_015.jpg,530,5,-1,True,150,8550,1.0,1.0,1,150,1,1,1,1
489,0530_c0006_020.jpg,530,5,-1,True,150,8550,1.0,1.0,1,150,1,1,1,1
490,0530_c0008_000.jpg,530,7,-1,True,150,8550,0.9007237440575413,0.5376344086021505,1,279,1,1,1,1
491,0530_c0008_005.jpg,530,7,-1,True,150,8550,0.9009506836684473,0.5434782608695652,1,276,1,1,1,1
492,0530_c0008_010.jpg,530,7,-1,True,150,8550,0.8901365862390329,0.5357142857142857,1,280,1,1,1,1
493,0530_c0008_015.jpg,530,7,-1,True,150,8550,0.8901721472521937,0.5434782608695652,1,276,1,1,1,1
494,0530_c0008_020.jpg,530,7,-1,True,150,8550,0.8881534350075619,0.5016722408026756,1,299,1,1,1,1
495,0532_c0001_000.jpg,532,0,-1,True,175,8550,1.0,1.0,1,175,1,1,1,1
496,0532_c0001_005.jpg,532,0,-1,True,175,8550,1.0,1.0,1,175,1,1,1,1
497,0532_c0001_010.jpg,532,0,-1,True,175,8550,1.0,1.0,1,175,1,1,1,1
498,0532_c0001_015.jpg,532,0,-1,True,175,8550,1.0,1.0,1,175,1,1,1,1
499,0532_c0001_020.jpg,532,0,-1,True,175,8550,1.0,1.0,1,175,1,1,1,1
500,0532_c0002_000.jpg,532,1,-1,True,175,8550,0.44940502857270387,0.23148148148148148,1,756,1,1,1,1
501,0532_c0002_005.jpg,532,1,-1,True,175,8550,0.42929236430527007,0.22123893805309736,1,791,1,1,1,1
502,0532_c0002_010.jpg,532,1,-1,True,175,8550,0.5053020337083179,0.22875816993464052,1,765,1,1,1,1
503,0532_c0002_015.jpg,532,1,-1,True,175,8550,0.45645646445722493,0.21712158808933002,1,806,1,1,1,1
504,0532_c0002_020.jpg,532,1,-1,True,175,8550,0.4352795879222946,0.2249357326478149,1,778,1,1,1,1
505,0532_c0003_000.jpg,532,2,-1,True,175,8550,0.9367030891868814,0.48476454293628807,1,361,1,1,1,1
506,0532_c0003_005.jpg,532,2,-1,True,175,8550,0.9388477170529896,0.5087209302325582,1,344,1,1,1,1
507,0532_c0003_010.jpg,532,2,-1,True,175,8550,0.9497619913121702,0.5208333333333334,1,336,1,1,1,1
508,0532_c0003_015.jpg,532,2,-1,True,175,8550,0.9421926833460608,0.5072463768115942,1,345,1,1,1,1
509,0532_c0003_020.jpg,532,2,-1,True,175,8550,0.9488482281075002,0.5208333333333334,1,336,1,1,1,1
510,0532_c0004_000.jpg,532,3,-1,True,175,8550,0.9649697002233217,0.6294964028776978,1,278,1,1,1,1
511,0532_c0004_005.jpg,532,3,-1,True,175,8550,0.9564697912298687,0.6205673758865248,1,282,1,1,1,1
512,0532_c0004_010.jpg,532,3,-1,True,175,8550,0.9742544958617788,0.6628787878787878,1,264,1,1,1,1
513,0532_c0004_015.jpg,532,3,-1,True,175,8550,0.9682847070834782,0.7291666666666666,1,240,1,1,1,1
514,0532_c0004_020.jpg,532,3,-1,True,175,8550,0.9748753446837046,0.7322175732217573,1,239,1,1,1,1
515,0532_c0005_000.jpg,532,4,-1,True,175,8550,0.9620814387207393,0.6055363321799307,1,289,1,1,1,1
516,0532_c0005_005.jpg,532,4,-1,True,175,8550,0.966286874523863,0.5993150684931506,1,292,1,1,1,1
517,0532_c0005_010.jpg,532,4,-1,True,175,8550,0.9653467578729316,0.6140350877192983,1,285,1,1,1,1
518,0532_c0005_015.jpg,532,4,-1,True,175,8550,0.9607920706542109,0.5993150684931506,1,292,1,1,1,1
519,0532_c0005_020.jpg,532,4,-1,True,175,8550,0.9635309399164131,0.5813953488372093,1,301,1,1,1,1
520,0532_c0006_000.jpg,532,5,-1,True,175,8550,0.9920238891881563,0.8793969849246231,1,199,1,1,1,1
521,0532_c0006_005.jpg,532,5,-1,True,175,8550,1.0,1.0,1,175,1,1,1,1
522,0532_c0006_010.jpg,532,5,-1,True,175,8550,0.999065782160636,0.9308510638297872,1,188,1,1,1,1
523,0532_c0006_015.jpg,532,5,-1,True,175,8550,1.0,1.0,1,175,1,1,1,1
524,0532_c0006_020.jpg,532,5,-1,True,175,8550,0.9902243514996537,0.875,1,200,1,1,1,1
525,0532_c0007_000.jpg,532,6,-1,True,175,8550,0.9934906315014882,0.8027522935779816,1,218,1,1,1,1
526,0532_c0007_005.jpg,532,6,-1,True,175,8550,0.97215656468298,0.7709251101321586,1,227,1,1,1,1
527,0532_c0007_010.jpg,532,6,-1,True,175,8550,0.9774812841167951,0.7777777777777778,1,225,1,1,1,1
528,0532_c0007_015.jpg,532,6,-1,True,175,8550,0.9869615619115575,0.8027522935779816,1,218,1,1,1,1
529,0532_c0007_020.jpg,532,6,-1,True,175,8550,0.985221849449059,0.7777777777777778,1,225,1,1,1,1
530,0532_c0008_000.jpg,532,7,-1,True,175,8550,0.8862568587559438,0.18577494692144372,1,942,1,1,1,1
531,0532_c0008_005.jpg,532,7,-1,True,175,8550,0.885822313849701,0.17395626242544732,1,1006,1,1,1,1
532,0532_c0008_010.jpg,532,7,-1,True,175,8550,0.8883652220877065,0.1883745963401507,1,929,1,1,1,1
533,0532_c0008_015.jpg,532,7,-1,True,175,8550,0.886077359792388,0.17623363544813697,1,993,1,1,1,1
534,0532_c0008_020.jpg,532,7,-1,True,175,8550,0.8936031343010904,0.20883054892601433,1,838,1,1,1,1
535,0534_c0001_000.jpg,534,0,-1,True,150,8550,1.0,1.0,1,150,1,1,1,1
536,0534_c0001_005.jpg,534,0,-1,True,150,8550,1.0,1.0,1,150,1,1,1,1
537,0534_c0001_010.jpg,534,0,-1,True,150,8550,1.0,1.0,1,150,1,1,1,1
538,0534_c0001_015.jpg,534,0,-1,True,150,8550,1.0,1.0,1,150,1,1,1,1
539,0534_c0001_020.jpg,534,0,-1,True,150,8550,1.0,1.0,1,150,1,1,1,1
540,0534_c0002_000.jpg,534,1,-1,True,150,8550,1.0,1.0,1,150,1,1,1,1
541,0534_c0002_005.jpg,534,1,-1,True,150,8550,1.0,1.0,1,150,1,1,1,1
542,0534_c0002_010.jpg,534,1,-1,True,150,8550,1.0,1.0,1,150,1,1,1,1
543,0534_c0002_015.jpg,534,1,-1,True,150,8550,1.0,1.0,1,150,1,1,1,1
544,0534_c0002_020.jpg,534,1,-1,True,150,8550,1.0,1.0,1,150,1,1,1,1
545,0534_c0004_000.jpg,534,3,-1,True,150,8550,1.0,1.0,1,150,1,1,1,1
546,0534_c0004_005.jpg,534,3,-1,True,150,8550,1.0,1.0,1,150,1,1,1,1
547,0534_c0004_010.jpg,534,3,-1,True,150,8550,1.0,1.0,1,150,1,1,1,1
548,0534_c0004_015.jpg,534,3,-1,True,150,8550,1.0,1.0,1,150,1,1,1,1
549,0534_c0004_020.jpg,534,3,-1,True,150,8550,1.0,1.0,1,150,1,1,1,1
550,0534_c0005_000.jpg,534,4,-1,True,150,8550,1.0,1.0,1,150,1,1,1,1
551,0534_c0005_005.jpg,534,4,-1,True,150,8550,1.0,1.0,1,150,1,1,1,1
552,0534_c0005_010.jpg,534,4,-1,True,150,8550,1.0,1.0,1,150,1,1,1,1
553,0534_c0005_015.jpg,534,4,-1,True,150,8550,1.0,1.0,1,150,1,1,1,1
554,0534_c0005_020.jpg,534,4,-1,True,150,8550,1.0,1.0,1,150,1,1,1,1
555,0534_c0006_000.jpg,534,5,-1,True,150,8550,1.0,1.0,1,150,1,1,1,1
556,0534_c0006_005.jpg,534,5,-1,True,150,8550,1.0,1.0,1,150,1,1,1,1
557,0534_c0006_010.jpg,534,5,-1,True,150,8550,1.0,1.0,1,150,1,1,1,1
558,0534_c0006_015.jpg,534,5,-1,True,150,8550,1.0,1.0,1,150,1,1,1,1
559,0534_c0006_020.jpg,534,5,-1,True,150,8550,1.0,1.0,1,150,1,1,1,1
560,0534_c0007_000.jpg,534,6,-1,True,150,8550,1.0,1.0,1,150,1,1,1,1
561,0534_c0007_005.jpg,534,6,-1,True,150,8550,1.0,1.0,1,150,1,1,1,1
562,0534_c0007_010.jpg,534,6,-1,True,150,8550,1.0,1.0,1,150,1,1,1,1
563,0534_c0007_015.jpg,534,6,-1,True,150,8550,1.0,1.0,1,150,1,1,1,1
564,0534_c0007_020.jpg,534,6,-1,True,150,8550,1.0,1.0,1,150,1,1,1,1
565,0534_c0008_000.jpg,534,7,-1,True,150,8550,1.0,1.0,1,150,1,1,1,1
566,0534_c0008_005.jpg,534,7,-1,True,150,8550,1.0,1.0,1,150,1,1,1,1
567,0534_c0008_010.jpg,534,7,-1,True,150,8550,1.0,1.0,1,150,1,1,1,1
568,0534_c0008_015.jpg,534,7,-1,True,150,8550,1.0,1.0,1,150,1,1,1,1
569,0534_c0008_020.jpg,534,7,-1,True,150,8550,1.0,1.0,1,150,1,1,1,1
570,0536_c0001_000.jpg,536,0,-1,True,75,8550,0.46453809389868306,0.15274949083503056,1,491,1,1,1,1
571,0536_c0001_005.jpg,536,0,-1,True,75,8550,0.4736907288058945,0.15723270440251572,1,477,1,1,1,1
572,0536_c0001_010.jpg,536,0,-1,True,75,8550,0.4912833241867991,0.15889830508474576,1,472,1,1,1,1
573,0536_c0001_015.jpg,536,0,-1,True,75,8550,0.4649588031370045,0.16304347826086957,1,460,1,1,1,1
574,0536_c0001_020.jpg,536,0,-1,True,75,8550,0.47733903182865134,0.16268980477223427,1,461,1,1,1,1
575,0536_c0002_000.jpg,536,1,-1,True,75,8550,0.47304758689578835,0.24752475247524752,1,303,1,1,1,1
576,0536_c0002_005.jpg,536,1,-1,True,75,8550,0.47553909117531645,0.21008403361344538,1,357,1,1,1,1
577,0536_c0002_010.jpg,536,1,-1,True,75,8550,0.4467968762106412,0.19230769230769232,1,390,1,1,1,1
578,0536_c0002_015.jpg,536,1,-1,True,75,8550,0.4774976026260219,0.2542372881355932,1,295,1,1,1,1
579,0536_c0002_020.jpg,536,1,-1,True,75,8550,0.48082036114266713,0.21994134897360704,1,341,1,1,1,1
580,0536_c0005_000.jpg,536,4,-1,True,75,8550,0.6070524513906819,0.2757352941176471,1,272,1,1,1,1
581,0536_c0005_005.jpg,536,4,-1,True,75,8550,0.5899892425687113,0.2840909090909091,1,264,1,1,1,1
582,0536_c0005_010.jpg,536,4,-1,True,75,8550,0.5998218287150653,0.28957528957528955,1,259,1,1,1,1
583,0536_c0005_015.jpg,536,4,-1,True,75,8550,0.6150604550722879,0.2767527675276753,1,271,1,1,1,1
584,0536_c0005_020.jpg,536,4,-1,True,75,8550,0.5819893001399721,0.2358490566037736,1,318,1,1,1,1
585,0536_c0006_000.jpg,536,5,-1,True,75,8550,0.11597666571202346,0.08833922261484099,27,849,0,0,0,0
586,0536_c0006_005.jpg,536,5,-1,True,75,8550,0.12523397843952108,0.102880658436214,34,729,0,0,0,0
587,0536_c0006_010.jpg,536,5,-1,True,75,8550,0.16626892252589848,0.1152073732718894,26,651,0,0,0,0
588,0536_c0006_015.jpg,536,5,-1,True,75,8550,0.1828405120290109,0.12626262626262627,21,594,0,0,0,0
589,0536_c0006_020.jpg,536,5,-1,True,75,8550,0.16953089586733291,0.12096774193548387,26,620,0,0,0,0
590,0538_c0001_000.jpg,538,0,-1,True,175,8550,0.9101518088200753,0.5573248407643312,1,314,1,1,1,1
591,0538_c0001_005.jpg,538,0,-1,True,175,8550,0.8230647189895094,0.5223880597014925,1,335,1,1,1,1
592,0538_c0001_010.jpg,538,0,-1,True,175,8550,0.9325394311326896,0.6529850746268657,1,268,1,1,1,1
593,0538_c0001_015.jpg,538,0,-1,True,175,8550,0.9158440130588873,0.45103092783505155,1,388,1,1,1,1
594,0538_c0001_020.jpg,538,0,-1,True,175,8550,0.9188509913197268,0.54858934169279,1,319,1,1,1,1
595,0538_c0002_000.jpg,538,1,-1,True,175,8550,0.7359469616039117,0.20588235294117646,1,850,1,1,1,1
596,0538_c0002_005.jpg,538,1,-1,True,175,8550,0.7118606975157814,0.22935779816513763,1,763,1,1,1,1
597,0538_c0002_010.jpg,538,1,-1,True,175,8550,0.7059774620117568,0.1937984496124031,1,903,1,1,1,1
598,0538_c0002_015.jpg,538,1,-1,True,175,8550,0.7915632565139828,0.19001085776330076,1,921,1,1,1,1
599,0538_c0002_020.jpg,538,1,-1,True,175,8550,0.7953488519215511,0.18518518518518517,1,945,1,1,1,1
600,0538_c0003_000.jpg,538,2,-1,True,175,8550,0.8266106603403893,0.37553648068669526,1,466,1,1,1,1
601,0538_c0003_005.jpg,538,2,-1,True,175,8550,0.9101373110169328,0.44191919191919193,1,396,1,1,1,1
602,0538_c0003_010.jpg,538,2,-1,True,175,8550,0.9024269690047805,0.4396984924623116,1,398,1,1,1,1
603,0538_c0003_015.jpg,538,2,-1,True,175,8550,0.9384517283987404,0.5162241887905604,1,339,1,1,1,1
604,0538_c0003_020.jpg,538,2,-1,True,175,8550,0.9661061597448637,0.6340579710144928,1,276,1,1,1,1
605,0538_c0004_000.jpg,538,3,-1,True,175,8550,0.9051372578258614,0.4278728606356968,1,409,1,1,1,1
606,0538_c0004_005.jpg,538,3,-1,True,175,8550,0.8779268495425495,0.3854625550660793,1,454,1,1,1,1
607,0538_c0004_010.jpg,538,3,-1,True,175,8550,0.885751995680387,0.3804347826086957,1,460,1,1,1,1
608,0538_c0004_015.jpg,538,3,-1,True,175,8550,0.8892407733972594,0.36231884057971014,1,483,1,1,1,1
609,0538_c0004_020.jpg,538,3,-1,True,175,8550,0.8893041337079545,0.33589251439539347,1,521,1,1,1,1
610,0538_c0005_000.jpg,538,4,-1,True,175,8550,0.7139836295978762,0.22068095838587642,1,793,1,1,1,1
611,0538_c0005_005.jpg,538,4,-1,True,175,8550,0.6603866842586152,0.19083969465648856,1,917,1,1,1,1
612,0538_c0005_010.jpg,538,4,-1,True,175,8550,0.6187626131479631,0.1727541954590326,1,1013,1,1,1,1
613,0538_c0005_015.jpg,538,4,-1,True,175,8550,0.6905935353583414,0.1925192519251925,1,909,1,1,1,1
614,0538_c0005_020.jpg,538,4,-1,True,175,8550,0.688926312385934,0.18401682439537329,1,951,1,1,1,1
615,0538_c0006_000.jpg,538,5,-1,True,175,8550,0.88380179669897,0.22816166883963493,1,767,1,1,1,1
616,0538_c0006_005.jpg,538,5,-1,True,175,8550,0.8654806687650385,0.18459915611814345,1,948,1,1,1,1
617,0538_c0006_010.jpg,538,5,-1,True,175,8550,0.8702614196558274,0.1826722338204593,1,958,1,1,1,1
618,0538_c0006_015.jpg,538,5,-1,True,175,8550,0.8704090270767474,0.1912568306010929,1,915,1,1,1,1
619,0538_c0006_020.jpg,538,5,-1,True,175,8550,0.9496294469751698,0.2764612954186414,1,633,1,1,1,1
620,0538_c0007_000.jpg,538,6,-1,True,175,8550,0.8456527533290049,0.32771535580524347,1,534,1,1,1,1
621,0538_c0007_005.jpg,538,6,-1,True,175,8550,0.8232644710388652,0.3404669260700389,1,514,1,1,1,1
622,0538_c0007_010.jpg,538,6,-1,True,175,8550,0.8052668143890758,0.2936241610738255,1,596,1,1,1,1
623,0538_c0007_015.jpg,538,6,-1,True,175,8550,0.811772833666438,0.31305903398926654,1,559,1,1,1,1
624,0538_c0007_020.jpg,538,6,-1,True,175,8550,0.8990500437905695,0.34930139720558884,1,501,1,1,1,1
625,0538_c0008_000.jpg,538,7,-1,True,175,8550,0.904632272723148,0.41866028708133973,1,418,1,1,1,1
626,0538_c0008_005.jpg,538,7,-1,True,175,8550,0.8978052579935869,0.39863325740318906,1,439,1,1,1,1
627,0538_c0008_010.jpg,538,7,-1,True,175,8550,0.8976380386780894,0.40415704387990764,1,433,1,1,1,1
628,0538_c0008_015.jpg,538,7,-1,True,175,8550,0.8865497145108823,0.42168674698795183,1,415,1,1,1,1
629,0538_c0008_020.jpg,538,7,-1,True,175,8550,0.8747972866399456,0.41866028708133973,1,418,1,1,1,1
630,0540_c0001_000.jpg,540,0,-1,True,175,8550,0.7251329425854731,0.30329289428076256,1,577,1,1,1,1
631,0540_c0001_005.jpg,540,0,-1,True,175,8550,0.689678435260998,0.2951096121416526,1,593,1,1,1,1
632,0540_c0001_010.jpg,540,0,-1,True,175,8550,0.619990080287016,0.28501628664495116,1,614,1,1,1,1
633,0540_c0001_015.jpg,540,0,-1,True,175,8550,0.6638125316905824,0.2996575342465753,1,584,1,1,1,1
634,0540_c0001_020.jpg,540,0,-1,True,175,8550,0.5970784186688378,0.28735632183908044,1,609,1,1,1,1
635,0540_c0002_000.jpg,540,1,-1,True,175,8550,0.4355911563039939,0.1265365148228489,1,1383,1,1,1,1
636,0540_c0002_005.jpg,540,1,-1,True,175,8550,0.42284096080864214,0.12093987560469938,1,1447,1,1,1,1
637,0540_c0002_010.jpg,540,1,-1,True,175,8550,0.45177114271258884,0.13768686073957515,1,1271,1,1,1,1
638,0540_c0002_015.jpg,540,1,-1,True,175,8550,0.35064906453248473,0.09937535491198182,1,1761,1,1,1,1
639,0540_c0002_020.jpg,540,1,-1,True,175,8550,0.3859034059427405,0.12052341597796143,1,1452,1,1,1,1
640,0540_c0003_000.jpg,540,2,-1,True,175,8550,0.9261486926705873,0.4206730769230769,1,416,1,1,1,1
641,0540_c0003_005.jpg,540,2,-1,True,175,8550,0.9365277578490083,0.39149888143176736,1,447,1,1,1,1
642,0540_c0003_010.jpg,540,2,-1,True,175,8550,0.9613841551255229,0.45931758530183725,1,381,1,1,1,1
643,0540_c0003_015.jpg,540,2,-1,True,175,8550,0.9218379752895683,0.3458498023715415,1,506,1,1,1,1
644,0540_c0003_020.jpg,540,2,-1,True,175,8550,0.9471584143489258,0.3779697624190065,1,463,1,1,1,1
645,0540_c0004_000.jpg,540,3,-1,True,175,8550,0.8058106169401732,0.11690046760187041,1,1497,1,1,1,1
646,0540_c0004_005.jpg,540,3,-1,True,175,8550,0.904482073071442,0.17073170731707318,1,1025,1,1,1,1
647,0540_c0004_010.jpg,540,3,-1,True,175,8550,0.9198405548223759,0.2006880733944954,1,872,1,1,1,1
648,0540_c0004_015.jpg,540,3,-1,True,175,8550,0.9259599594850809,0.1937984496124031,1,903,1,1,1,1
649,0540_c0004_020.jpg,540,3,-1,True,175,8550,0.8513695818338117,0.13576415826221877,1,1289,1,1,1,1
650,0540_c0005_000.jpg,540,4,-1,True,175,8550,0.8721401306388494,0.46419098143236076,1,377,1,1,1,1
651,0540_c0005_005.jpg,540,4,-1,True,175,8550,0.859197777984378,0.4679144385026738,1,374,1,1,1,1
652,0540_c0005_010.jpg,540,4,-1,True,175,8550,0.8609544456958267,0.4679144385026738,1,374,1,1,1,1
653,0540_c0005_015.jpg,540,4,-1,True,175,8550,0.8512232733850991,0.4498714652956298,1,389,1,1,1,1
654,0540_c0005_020.jpg,540,4,-1,True,175,8550,0.8514658316904251,0.4557291666666667,1,384,1,1,1,1
655,0540_c0006_000.jpg,540,5,-1,True,175,8550,0.7273876391699964,0.30701754385964913,1,570,1,1,1,1
656,0540_c0006_005.jpg,540,5,-1,True,175,8550,0.7478815709974838,0.341130604288499,1,513,1,1,1,1
657,0540_c0006_010.jpg,540,5,-1,True,175,8550,0.7299759578261893,0.29069767441860467,1,602,1,1,1,1
658,0540_c0006_015.jpg,540,5,-1,True,175,8550,0.7360954772452033,0.30329289428076256,1,577,1,1,1,1
659,0540_c0006_020.jpg,540,5,-1,True,175,8550,0.7257128214840015,0.30755711775043937,1,569,1,1,1,1
660,0540_c0007_000.jpg,540,6,-1,True,175,8550,0.9884051226452625,0.691699604743083,1,253,1,1,1,1
661,0540_c0007_005.jpg,540,6,-1,True,175,8550,0.9870765785282659,0.7446808510638298,1,235,1,1,1,1
662,0540_c0007_010.jpg,540,6,-1,True,175,8550,0.9708006359378069,0.6433823529411765,1,272,1,1,1,1
663,0540_c0007_015.jpg,540,6,-1,True,175,8550,0.9534772206013896,0.6809338521400778,1,257,1,1,1,1
664,0540_c0007_020.jpg,540,6,-1,True,175,8550,0.9941367629841713,0.8027522935779816,1,218,1,1,1,1
665,0540_c0008_000.jpg,540,7,-1,True,175,8550,0.5586840902390322,0.1588021778584392,1,1102,1,1,1,1
666,0540_c0008_005.jpg,540,7,-1,True,175,8550,0.6026092231396326,0.19230769230769232,1,910,1,1,1,1
667,0540_c0008_010.jpg,540,7,-1,True,175,8550,0.6568638762287706,0.20114942528735633,1,870,1,1,1,1
668,0540_c0008_015.jpg,540,7,-1,True,175,8550,0.604371342850973,0.18898488120950324,1,926,1,1,1,1
669,0540_c0008_020.jpg,540,7,-1,True,175,8550,0.6346406525004259,0.18597236981934112,1,941,1,1,1,1
670,0542_c0001_000.jpg,542,0,-1,True,150,8550,0.5247313733621914,0.04339022273647671,1,3457,1,1,1,1
671,0542_c0001_005.jpg,542,0,-1,True,150,8550,0.5042454973492696,0.038109756097560975,1,3936,1,1,1,1
672,0542_c0001_010.jpg,542,0,-1,True,150,8550,0.5208838037905713,0.041631973355537054,1,3603,1,1,1,1
673,0542_c0001_015.jpg,542,0,-1,True,150,8550,0.549463682256571,0.039359748097612175,1,3811,1,1,1,1
674,0542_c0001_020.jpg,542,0,-1,True,150,8550,0.5364061534906933,0.04033342296316214,1,3719,1,1,1,1
675,0542_c0002_000.jpg,542,1,-1,True,150,8550,0.5948077985957599,0.2798507462686567,1,536,1,1,1,1
676,0542_c0002_005.jpg,542,1,-1,True,150,8550,0.6259401191030675,0.33783783783783783,1,444,1,1,1,1
677,0542_c0002_010.jpg,542,1,-1,True,150,8550,0.6629098637159166,0.3232758620689655,1,464,1,1,1,1
678,0542_c0002_015.jpg,542,1,-1,True,150,8550,0.5867854780210504,0.33557046979865773,1,447,1,1,1,1
679,0542_c0002_020.jpg,542,1,-1,True,150,8550,0.5987414185527101,0.31982942430703626,1,469,1,1,1,1
680,0542_c0004_000.jpg,542,3,-1,True,150,8550,0.06235359456001232,0.024,68,6250,0,0,0,0
681,0542_c0004_005.jpg,542,3,-1,True,150,8550,0.06432053932976965,0.02403460983816696,65,6241,0,0,0,0
682,0542_c0004_010.jpg,542,3,-1,True,150,8550,0.05877103232280149,0.0244140625,81,6144,0,0,0,0
683,0542_c0004_015.jpg,542,3,-1,True,150,8550,0.05873961928000225,0.024429967426710098,80,6140,0,0,0,0
684,0542_c0004_020.jpg,542,3,-1,True,150,8550,0.06379031986281879,0.02370417193426043,72,6328,0,0,0,0
685,0542_c0005_000.jpg,542,4,-1,True,150,8550,0.47248884223462834,0.030388978930307942,1,4936,1,1,1,1
686,0542_c0005_005.jpg,542,4,-1,True,150,8550,0.46535853992851683,0.027649769585253458,1,5425,1,1,1,1
687,0542_c0005_010.jpg,542,4,-1,True,150,8550,0.4537058884521578,0.027974636329727715,1,5362,1,1,1,1
688,0542_c0005_015.jpg,542,4,-1,True,150,8550,0.45109406831192833,0.028237951807228916,1,5312,1,1,1,1
689,0542_c0005_020.jpg,542,4,-1,True,150,8550,0.47881403890841995,0.031113876789047916,1,4821,1,1,1,1
690,0542_c0006_000.jpg,542,5,-1,True,150,8550,0.5833695927549558,0.041864359475300025,1,3583,1,1,1,1
691,0542_c0006_005.jpg,542,5,-1,True,150,8550,0.6190686628051806,0.042735042735042736,1,3510,1,1,1,1
692,0542_c0006_010.jpg,542,5,-1,True,150,8550,0.5794186931572194,0.04356665698518734,1,3443,1,1,1,1
693,0542_c0006_015.jpg,542,5,-1,True,150,8550,0.5907418736266489,0.04639653572533251,1,3233,1,1,1,1
694,0542_c0006_020.jpg,542,5,-1,True,150,8550,0.593484010695862,0.046012269938650305,1,3260,1,1,1,1
695,0542_c0007_000.jpg,542,6,-1,True,150,8550,0.6267532689115076,0.047619047619047616,1,3150,1,1,1,1
696,0542_c0007_005.jpg,542,6,-1,True,150,8550,0.5719506833728347,0.053552302749018205,1,2801,1,1,1,1
697,0542_c0007_010.jpg,542,6,-1,True,150,8550,0.6412652501195013,0.05653976630229928,1,2653,1,1,1,1
698,0542_c0007_015.jpg,542,6,-1,True,150,8550,0.5680558846905451,0.05686125852918878,1,2638,1,1,1,1
699,0542_c0007_020.jpg,542,6,-1,True,150,8550,0.6355552395219722,0.05877742946708464,1,2552,1,1,1,1
700,0542_c0008_000.jpg,542,7,-1,True,150,8550,0.15933583503416035,0.023715415019762844,1,6325,1,1,1,1
701,0542_c0008_005.jpg,542,7,-1,True,150,8550,0.11015528421234633,0.02459419576979833,6,6099,0,0,1,1
702,0542_c0008_010.jpg,542,7,-1,True,150,8550,0.0850176966049858,0.025176233635448138,22,5958,0,0,0,0
703,0542_c0008_015.jpg,542,7,-1,True,150,8550,0.07576905450297029,0.026223776223776224,19,5720,0,0,0,1
704,0542_c0008_020.jpg,542,7,-1,True,150,8550,0.08983141102466938,0.025888850535036246,5,5794,0,1,1,1
705,0544_c0001_000.jpg,544,0,-1,True,150,8550,0.6777101729784548,0.28901734104046245,1,519,1,1,1,1
706,0544_c0001_005.jpg,544,0,-1,True,150,8550,0.7672124494923397,0.31982942430703626,1,469,1,1,1,1
707,0544_c0001_010.jpg,544,0,-1,True,150,8550,0.7194290496054416,0.3472222222222222,1,432,1,1,1,1
708,0544_c0001_015.jpg,544,0,-1,True,150,8550,0.7289519424324182,0.3157894736842105,1,475,1,1,1,1
709,0544_c0001_020.jpg,544,0,-1,True,150,8550,0.6642980262796098,0.35046728971962615,1,428,1,1,1,1
710,0544_c0002_000.jpg,544,1,-1,True,150,8550,0.8820336421134035,0.6072874493927125,1,247,1,1,1,1
711,0544_c0002_005.jpg,544,1,-1,True,150,8550,0.8808245322165912,0.6048387096774194,1,248,1,1,1,1
712,0544_c0002_010.jpg,544,1,-1,True,150,8550,0.8503230735994527,0.5882352941176471,1,255,1,1,1,1
713,0544_c0002_015.jpg,544,1,-1,True,150,8550,0.8511114584073207,0.635593220338983,1,236,1,1,1,1
714,0544_c0002_020.jpg,544,1,-1,True,150,8550,0.8388221006860065,0.6976744186046512,1,215,1,1,1,1
715,0544_c0003_000.jpg,544,2,-1,True,150,8550,0.9791652065504935,0.8108108108108109,1,185,1,1,1,1
716,0544_c0003_005.jpg,544,2,-1,True,150,8550,0.9926028386263094,0.8670520231213873,1,173,1,1,1,1
717,0544_c0003_010.jpg,544,2,-1,True,150,8550,0.9962230056729436,0.8771929824561403,1,171,1,1,1,1
718,0544_c0003_015.jpg,544,2,-1,True,150,8550,0.9872306639222338,0.8571428571428571,1,175,1,1,1,1
719,0544_c0003_020.jpg,544,2,-1,True,150,8550,0.9793351695051069,0.8571428571428571,1,175,1,1,1,1
720,0544_c0005_000.jpg,544,4,-1,True,150,8550,0.9925457444762752,0.8333333333333334,1,180,1,1,1,1
721,0544_c0005_005.jpg,544,4,-1,True,150,8550,0.9935883249088261,0.7317073170731707,1,205,1,1,1,1
722,0544_c0005_010.jpg,544,4,-1,True,150,8550,0.9922466283123966,0.7614213197969543,1,197,1,1,1,1
723,0544_c0005_015.jpg,544,4,-1,True,150,8550,0.975751850261446,0.6097560975609756,1,246,1,1,1,1
724,0544_c0005_020.jpg,544,4,-1,True,150,8550,0.9947559827197832,0.7731958762886598,1,194,1,1,1,1
725,0544_c0006_000.jpg,544,5,-1,True,150,8550,1.0,1.0,1,150,1,1,1,1
726,0544_c0006_005.jpg,544,5,-1,True,150,8550,1.0,1.0,1,150,1,1,1,1
727,0544_c0006_010.jpg,544,5,-1,True,150,8550,1.0,1.0,1,150,1,1,1,1
728,0544_c0006_015.jpg,544,5,-1,True,150,8550,1.0,1.0,1,150,1,1,1,1
729,0544_c0006_020.jpg,544,5,-1,True,150,8550,1.0,1.0,1,150,1,1,1,1
730,0544_c0007_000.jpg,544,6,-1,True,150,8550,0.9742136994284006,0.8152173913043478,1,184,1,1,1,1
731,0544_c0007_005.jpg,544,6,-1,True,150,8550,0.9661790623552874,0.847457627118644,1,177,1,1,1,1
732,0544_c0007_010.jpg,544,6,-1,True,150,8550,0.9774629224014268,0.8241758241758241,1,182,1,1,1,1
733,0544_c0007_015.jpg,544,6,-1,True,150,8550,0.9541078348234598,0.8241758241758241,1,182,1,1,1,1
734,0544_c0007_020.jpg,544,6,-1,True,150,8550,0.9777731321070932,0.8333333333333334,1,180,1,1,1,1
735,0544_c0008_000.jpg,544,7,-1,True,150,8550,1.0,1.0,1,150,1,1,1,1
736,0544_c0008_005.jpg,544,7,-1,True,150,8550,1.0,1.0,1,150,1,1,1,1
737,0544_c0008_010.jpg,544,7,-1,True,150,8550,1.0,1.0,1,150,1,1,1,1
738,0544_c0008_015.jpg,544,7,-1,True,150,8550,1.0,1.0,1,150,1,1,1,1
739,0544_c0008_020.jpg,544,7,-1,True,150,8550,1.0,1.0,1,150,1,1,1,1
740,0546_c0002_000.jpg,546,1,-1,True,75,8550,0.9046593709711425,0.75,1,100,1,1,1,1
741,0546_c0002_005.jpg,546,1,-1,True,75,8550,0.9046593709711425,0.75,1,100,1,1,1,1
742,0546_c0002_010.jpg,546,1,-1,True,75,8550,0.9108234908682924,0.75,1,100,1,1,1,1
743,0546_c0002_015.jpg,546,1,-1,True,75,8550,0.9203330333807633,0.75,1,100,1,1,1,1
744,0546_c0002_020.jpg,546,1,-1,True,75,8550,0.9066670285743629,0.75,1,100,1,1,1,1
745,0546_c0004_000.jpg,546,3,-1,True,75,8550,1.0,1.0,1,75,1,1,1,1
746,0546_c0004_005.jpg,546,3,-1,True,75,8550,1.0,1.0,1,75,1,1,1,1
747,0546_c0004_010.jpg,546,3,-1,True,75,8550,1.0,1.0,1,75,1,1,1,1
748,0546_c0004_015.jpg,546,3,-1,True,75,8550,1.0,1.0,1,75,1,1,1,1
749,0546_c0004_020.jpg,546,3,-1,True,75,8550,1.0,1.0,1,75,1,1,1,1
750,0546_c0007_000.jpg,546,6,-1,True,75,8550,1.0,1.0,1,75,1,1,1,1
751,0546_c0007_005.jpg,546,6,-1,True,75,8550,1.0,1.0,1,75,1,1,1,1
752,0546_c0007_010.jpg,546,6,-1,True,75,8550,1.0,1.0,1,75,1,1,1,1
753,0546_c0007_015.jpg,546,6,-1,True,75,8550,1.0,1.0,1,75,1,1,1,1
754,0546_c0007_020.jpg,546,6,-1,True,75,8550,0.9998245614035088,0.9868421052631579,1,76,1,1,1,1
755,0546_c0008_000.jpg,546,7,-1,True,75,8550,0.7880006504084153,0.32894736842105265,1,228,1,1,1,1
756,0546_c0008_005.jpg,546,7,-1,True,75,8550,0.8068146458075557,0.3826530612244898,1,196,1,1,1,1
757,0546_c0008_010.jpg,546,7,-1,True,75,8550,0.8144712479812833,0.4143646408839779,1,181,1,1,1,1
758,0546_c0008_015.jpg,546,7,-1,True,75,8550,0.7977561719272511,0.3768844221105528,1,199,1,1,1,1
759,0546_c0008_020.jpg,546,7,-1,True,75,8550,0.9233329430269079,0.5208333333333334,1,144,1,1,1,1
760,0548_c0001_000.jpg,548,0,-1,True,125,8550,0.4666383338259898,0.095565749235474,1,1308,1,1,1,1
761,0548_c0001_005.jpg,548,0,-1,True,125,8550,0.38495905950938886,0.0767341927562922,1,1629,1,1,1,1
762,0548_c0001_010.jpg,548,0,-1,True,125,8550,0.5132652826537296,0.09952229299363058,1,1256,1,1,1,1
763,0548_c0001_015.jpg,548,0,-1,True,125,8550,0.5100374001118727,0.09225092250922509,1,1355,1,1,1,1
764,0548_c0001_020.jpg,548,0,-1,True,125,8550,0.5266112484691567,0.09412650602409639,1,1328,1,1,1,1
765,0548_c0002_000.jpg,548,1,-1,True,125,8550,0.2003858923160902,0.14450867052023122,53,865,0,0,0,0
766,0548_c0002_005.jpg,548,1,-1,True,125,8550,0.16902614790422224,0.15508684863523572,92,806,0,0,0,0
767,0548_c0002_010.jpg,548,1,-1,True,125,8550,0.20382745067151747,0.15375153751537515,61,813,0,0,0,0
768,0548_c0002_015.jpg,548,1,-1,True,125,8550,0.22620309146769643,0.15508684863523572,50,806,0,0,0,0
769,0548_c0002_020.jpg,548,1,-1,True,125,8550,0.2759629083869578,0.1773049645390071,26,705,0,0,0,0
770,0548_c0003_000.jpg,548,2,-1,True,125,8550,0.4088983617341561,0.33783783783783783,1,370,1,1,1,1
771,0548_c0003_005.jpg,548,2,-1,True,125,8550,0.4107166000723258,0.3306878306878307,1,378,1,1,1,1
772,0548_c0003_010.jpg,548,2,-1,True,125,8550,0.3989304420230802,0.3324468085106383,1,376,1,1,1,1
773,0548_c0003_015.jpg,548,2,-1,True,125,8550,0.43801534223997896,0.32808398950131235,1,381,1,1,1,1
774,0548_c0003_020.jpg,548,2,-1,True,125,8550,0.4243147881935499,0.32299741602067183,1,387,1,1,1,1
775,0548_c0005_000.jpg,548,4,-1,True,125,8550,0.9444221390430874,0.4664179104477612,1,268,1,1,1,1
776,0548_c0005_005.jpg,548,4,-1,True,125,8550,0.9266004364993127,0.37425149700598803,1,334,1,1,1,1
777,0548_c0005_010.jpg,548,4,-1,True,125,8550,0.8934157137646536,0.2403846153846154,1,520,1,1,1,1
778,0548_c0005_015.jpg,548,4,-1,True,125,8550,0.8877224478015611,0.22123893805309736,1,565,1,1,1,1
779,0548_c0005_020.jpg,548,4,-1,True,125,8550,0.9083823859491762,0.27593818984547464,1,453,1,1,1,1
780,0548_c0006_000.jpg,548,5,-1,True,125,8550,0.8518441062678165,0.6218905472636815,1,201,1,1,1,1
781,0548_c0006_005.jpg,548,5,-1,True,125,8550,0.8543090953743895,0.6476683937823834,1,193,1,1,1,1
782,0548_c0006_010.jpg,548,5,-1,True,125,8550,0.784330575015201,0.5707762557077626,1,219,1,1,1,1
783,0548_c0006_015.jpg,548,5,-1,True,125,8550,0.842197565007516,0.6793478260869565,1,184,1,1,1,1
784,0548_c0006_020.jpg,548,5,-1,True,125,8550,0.8321153822880908,0.702247191011236,1,178,1,1,1,1
785,0548_c0007_000.jpg,548,6,-1,True,125,8550,0.773193234296618,0.29069767441860467,1,430,1,1,1,1
786,0548_c0007_005.jpg,548,6,-1,True,125,8550,0.7812669596455296,0.3324468085106383,1,376,1,1,1,1
787,0548_c0007_010.jpg,548,6,-1,True,125,8550,0.7173886336039416,0.21968365553602812,1,569,1,1,1,1
788,0548_c0007_015.jpg,548,6,-1,True,125,8550,0.7849079263363704,0.2880184331797235,1,434,1,1,1,1
789,0548_c0007_020.jpg,548,6,-1,True,125,8550,0.7370470179740524,0.24900398406374502,1,502,1,1,1,1
790,0550_c0001_000.jpg,550,0,-1,True,175,8550,0.4636169961062554,0.2141982864137087,1,817,1,1,1,1
791,0550_c0001_005.jpg,550,0,-1,True,175,8550,0.4769806313679105,0.2139364303178484,1,818,1,1,1,1
792,0550_c0001_010.jpg,550,0,-1,True,175,8550,0.47465144695887296,0.21212121212121213,1,825,1,1,1,1
793,0550_c0001_015.jpg,550,0,-1,True,175,8550,0.5054491048372792,0.21033653846153846,1,832,1,1,1,1
794,0550_c0001_020.jpg,550,0,-1,True,175,8550,0.4928236618755589,0.20883054892601433,1,838,1,1,1,1
795,0550_c0002_000.jpg,550,1,-1,True,175,8550,0.5950895149411186,0.3064798598949212,1,571,1,1,1,1
796,0550_c0002_005.jpg,550,1,-1,True,175,8550,0.5925290323791392,0.27472527472527475,1,637,1,1,1,1
797,0550_c0002_010.jpg,550,1,-1,True,175,8550,0.5163869038278509,0.24822695035460993,1,705,1,1,1,1
798,0550_c0002_015.jpg,550,1,-1,True,175,8550,0.5115339783538101,0.27910685805422647,1,627,1,1,1,1
799,0550_c0002_020.jpg,550,1,-1,True,175,8550,0.523136127900024,0.24544179523141654,1,713,1,1,1,1
800,0550_c0003_000.jpg,550,2,-1,True,175,8550,0.36290977515999306,0.19509476031215162,1,897,1,1,1,1
801,0550_c0003_005.jpg,550,2,-1,True,175,8550,0.41813974407842386,0.20983213429256595,1,834,1,1,1,1
802,0550_c0003_010.jpg,550,2,-1,True,175,8550,0.37860954987112394,0.19931662870159453,1,878,1,1,1,1
803,0550_c0003_015.jpg,550,2,-1,True,175,8550,0.3512442429043432,0.18857758620689655,1,928,1,1,1,1
804,0550_c0003_020.jpg,550,2,-1,True,175,8550,0.346235317634699,0.2184769038701623,1,801,1,1,1,1
805,0550_c0004_000.jpg,550,3,-1,True,175,8550,0.6212788100205618,0.40792540792540793,1,429,1,1,1,1
806,0550_c0004_005.jpg,550,3,-1,True,175,8550,0.5402202017059079,0.43424317617866004,1,403,1,1,1,1
807,0550_c0004_010.jpg,550,3,-1,True,175,8550,0.5834910596800772,0.46419098143236076,1,377,1,1,1,1
808,0550_c0004_015.jpg,550,3,-1,True,175,8550,0.5206019814760414,0.4375,3,400,0,1,1,1
809,0550_c0004_020.jpg,550,3,-1,True,175,8550,0.549600571568098,0.41866028708133973,3,418,0,1,1,1
810,0550_c0005_000.jpg,550,4,-1,True,175,8550,0.5117895975648378,0.21446078431372548,1,816,1,1,1,1
811,0550_c0005_005.jpg,550,4,-1,True,175,8550,0.6108986571635764,0.24647887323943662,1,710,1,1,1,1
812,0550_c0005_010.jpg,550,4,-1,True,175,8550,0.6535118703779992,0.2336448598130841,1,749,1,1,1,1
813,0550_c0005_015.jpg,550,4,-1,True,175,8550,0.6629260441244001,0.27472527472527475,1,637,1,1,1,1
814,0550_c0005_020.jpg,550,4,-1,True,175,8550,0.6101603402589202,0.2358490566037736,1,742,1,1,1,1
815,0550_c0006_000.jpg,550,5,-1,True,175,8550,0.6092733531865098,0.16084558823529413,1,1088,1,1,1,1
816,0550_c0006_005.jpg,550,5,-1,True,175,8550,0.6009253560070795,0.1507321274763135,1,1161,1,1,1,1
817,0550_c0006_010.jpg,550,5,-1,True,175,8550,0.5981604716522609,0.16173752310536044,1,1082,1,1,1,1
818,0550_c0006_015.jpg,550,5,-1,True,175,8550,0.6179318379427913,0.18636847710330137,1,939,1,1,1,1
819,0550_c0006_020.jpg,550,5,-1,True,175,8550,0.6010957061284476,0.17378351539225423,1,1007,1,1,1,1
820,0550_c0007_000.jpg,550,6,-1,True,175,8550,0.6050841546461966,0.3295668549905838,1,531,1,1,1,1
821,0550_c0007_005.jpg,550,6,-1,True,175,8550,0.6110038755851767,0.3615702479338843,1,484,1,1,1,1
822,0550_c0007_010.jpg,550,6,-1,True,175,8550,0.6107191076331051,0.35353535353535354,1,495,1,1,1,1
823,0550_c0007_015.jpg,550,6,-1,True,175,8550,0.6108994235972888,0.352112676056338,1,497,1,1,1,1
824,0550_c0007_020.jpg,550,6,-1,True,175,8550,0.6239067418017895,0.37553648068669526,1,466,1,1,1,1
825,0550_c0008_000.jpg,550,7,-1,True,175,8550,0.6495410116153334,0.31194295900178254,1,561,1,1,1,1
826,0550_c0008_005.jpg,550,7,-1,True,175,8550,0.6577726850943315,0.30329289428076256,1,577,1,1,1,1
827,0550_c0008_010.jpg,550,7,-1,True,175,8550,0.6587650236424034,0.2864157119476268,1,611,1,1,1,1
828,0550_c0008_015.jpg,550,7,-1,True,175,8550,0.6603736460219355,0.32051282051282054,1,546,1,1,1,1
829,0550_c0008_020.jpg,550,7,-1,True,175,8550,0.6572764604490282,0.30017152658662094,1,583,1,1,1,1
830,0552_c0001_000.jpg,552,0,-1,True,175,8550,0.6537776495152141,0.14644351464435146,1,1195,1,1,1,1
831,0552_c0001_005.jpg,552,0,-1,True,175,8550,0.6521260384064463,0.1432078559738134,1,1222,1,1,1,1
832,0552_c0001_010.jpg,552,0,-1,True,175,8550,0.6421536472359122,0.14181523500810372,1,1234,1,1,1,1
833,0552_c0001_015.jpg,552,0,-1,True,175,8550,0.6396315227940087,0.1339969372128637,1,1306,1,1,1,1
834,0552_c0001_020.jpg,552,0,-1,True,175,8550,0.6102702442241731,0.11969904240766074,1,1462,1,1,1,1
835,0552_c0002_000.jpg,552,1,-1,True,175,8550,0.7025646894886763,0.2056404230317274,1,851,1,1,1,1
836,0552_c0002_005.jpg,552,1,-1,True,175,8550,0.687692323981451,0.19230769230769232,1,910,1,1,1,1
837,0552_c0002_010.jpg,552,1,-1,True,175,8550,0.7647908346031462,0.21604938271604937,1,810,1,1,1,1
838,0552_c0002_015.jpg,552,1,-1,True,175,8550,0.7818976793119893,0.19083969465648856,1,917,1,1,1,1
839,0552_c0002_020.jpg,552,1,-1,True,175,8550,0.7078209835530941,0.18153526970954356,1,964,1,1,1,1
840,0552_c0003_000.jpg,552,2,-1,True,175,8550,1.0,1.0,1,175,1,1,1,1
841,0552_c0003_005.jpg,552,2,-1,True,175,8550,1.0,1.0,1,175,1,1,1,1
842,0552_c0003_010.jpg,552,2,-1,True,175,8550,1.0,1.0,1,175,1,1,1,1
843,0552_c0003_015.jpg,552,2,-1,True,175,8550,1.0,1.0,1,175,1,1,1,1
844,0552_c0003_020.jpg,552,2,-1,True,175,8550,1.0,1.0,1,175,1,1,1,1
845,0552_c0004_000.jpg,552,3,-1,True,175,8550,0.9500250415378673,0.5627009646302251,1,311,1,1,1,1
846,0552_c0004_005.jpg,552,3,-1,True,175,8550,0.9328363352590217,0.45454545454545453,1,385,1,1,1,1
847,0552_c0004_010.jpg,552,3,-1,True,175,8550,0.9901843971599218,0.8620689655172413,1,203,1,1,1,1
848,0552_c0004_015.jpg,552,3,-1,True,175,8550,0.9142752275098263,0.4888268156424581,1,358,1,1,1,1
849,0552_c0004_020.jpg,552,3,-1,True,175,8550,0.9619125282221216,0.603448275862069,1,290,1,1,1,1
850,0552_c0005_000.jpg,552,4,-1,True,175,8550,1.0,1.0,1,175,1,1,1,1
851,0552_c0005_005.jpg,552,4,-1,True,175,8550,1.0,1.0,1,175,1,1,1,1
852,0552_c0005_010.jpg,552,4,-1,True,175,8550,0.9998376560124075,0.9887005649717514,1,177,1,1,1,1
853,0552_c0005_015.jpg,552,4,-1,True,175,8550,0.9973819126131878,0.8883248730964467,1,197,1,1,1,1
854,0552_c0005_020.jpg,552,4,-1,True,175,8550,0.9892982972105728,0.78125,1,224,1,1,1,1
855,0552_c0006_000.jpg,552,5,-1,True,175,8550,0.8978123796921591,0.30864197530864196,1,567,1,1,1,1
856,0552_c0006_005.jpg,552,5,-1,True,175,8550,0.885370162874673,0.31362007168458783,1,558,1,1,1,1
857,0552_c0006_010.jpg,552,5,-1,True,175,8550,0.8809579859064096,0.3234750462107209,1,541,1,1,1,1
858,0552_c0006_015.jpg,552,5,-1,True,175,8550,0.8806710058923397,0.32649253731343286,1,536,1,1,1,1
859,0552_c0006_020.jpg,552,5,-1,True,175,8550,0.8869072230341005,0.33589251439539347,1,521,1,1,1,1
860,0552_c0007_000.jpg,552,6,-1,True,175,8550,0.9407496976473405,0.4533678756476684,1,386,1,1,1,1
861,0552_c0007_005.jpg,552,6,-1,True,175,8550,0.9423692054008072,0.4666666666666667,1,375,1,1,1,1
862,0552_c0007_010.jpg,552,6,-1,True,175,8550,0.9263285658664514,0.43103448275862066,1,406,1,1,1,1
863,0552_c0007_015.jpg,552,6,-1,True,175,8550,0.9184545323271783,0.4117647058823529,1,425,1,1,1,1
864,0552_c0007_020.jpg,552,6,-1,True,175,8550,0.9089889130244412,0.352112676056338,1,497,1,1,1,1
865,0552_c0008_000.jpg,552,7,-1,True,175,8550,0.9347599663146087,0.5239520958083832,1,334,1,1,1,1
866,0552_c0008_005.jpg,552,7,-1,True,175,8550,0.9579304952898328,0.6140350877192983,1,285,1,1,1,1
867,0552_c0008_010.jpg,552,7,-1,True,175,8550,0.9379510269125879,0.5434782608695652,1,322,1,1,1,1
868,0552_c0008_015.jpg,552,7,-1,True,175,8550,0.9452759739230684,0.5520504731861199,1,317,1,1,1,1
869,0552_c0008_020.jpg,552,7,-1,True,175,8550,0.9662636549437192,0.6782945736434108,1,258,1,1,1,1
870,0554_c0001_000.jpg,554,0,-1,True,150,8550,0.8852571863116577,0.379746835443038,1,395,1,1,1,1
871,0554_c0001_005.jpg,554,0,-1,True,150,8550,0.867041535904533,0.36231884057971014,1,414,1,1,1,1
872,0554_c0001_010.jpg,554,0,-1,True,150,8550,0.8583876303047426,0.391644908616188,1,383,1,1,1,1
873,0554_c0001_015.jpg,554,0,-1,True,150,8550,0.8595590509565072,0.36231884057971014,1,414,1,1,1,1
874,0554_c0001_020.jpg,554,0,-1,True,150,8550,0.8462023317094346,0.35294117647058826,1,425,1,1,1,1
875,0554_c0002_000.jpg,554,1,-1,True,150,8550,0.5706533073352864,0.21929824561403508,1,684,1,1,1,1
876,0554_c0002_005.jpg,554,1,-1,True,150,8550,0.5431171291957809,0.22026431718061673,1,681,1,1,1,1
877,0554_c0002_010.jpg,554,1,-1,True,150,8550,0.4412183381192001,0.20408163265306123,1,735,1,1,1,1
878,0554_c0002_015.jpg,554,1,-1,True,150,8550,0.4344242437598053,0.20270270270270271,1,740,1,1,1,1
879,0554_c0002_020.jpg,554,1,-1,True,150,8550,0.49966136068863726,0.22288261515601784,1,673,1,1,1,1
880,0554_c0003_000.jpg,554,2,-1,True,150,8550,0.9050275685860153,0.3588516746411483,1,418,1,1,1,1
881,0554_c0003_005.jpg,554,2,-1,True,150,8550,0.9089644167521665,0.39473684210526316,1,380,1,1,1,1
882,0554_c0003_010.jpg,554,2,-1,True,150,8550,0.9015571803930604,0.3546099290780142,1,423,1,1,1,1
883,0554_c0003_015.jpg,554,2,-1,True,150,8550,0.8862742165131795,0.3048780487804878,1,492,1,1,1,1
884,0554_c0003_020.jpg,554,2,-1,True,150,8550,0.8968103085702016,0.3875968992248062,1,387,1,1,1,1
885,0554_c0005_000.jpg,554,4,-1,True,150,8550,0.8396318031673923,0.27223230490018147,1,551,1,1,1,1
886,0554_c0005_005.jpg,554,4,-1,True,150,8550,0.8423779123890766,0.26595744680851063,1,564,1,1,1,1
887,0554_c0005_010.jpg,554,4,-1,True,150,8550,0.8322680442575865,0.25510204081632654,1,588,1,1,1,1
888,0554_c0005_015.jpg,554,4,-1,True,150,8550,0.8357390340442605,0.25125628140703515,1,597,1,1,1,1
889,0554_c0005_020.jpg,554,4,-1,True,150,8550,0.8277150914448308,0.2384737678855326,1,629,1,1,1,1
890,0554_c0006_000.jpg,554,5,-1,True,150,8550,0.9717575936619217,0.819672131147541,1,183,1,1,1,1
891,0554_c0006_005.jpg,554,5,-1,True,150,8550,0.9755081686514768,0.847457627118644,1,177,1,1,1,1
892,0554_c0006_010.jpg,554,5,-1,True,150,8550,0.989462660171514,0.8670520231213873,1,173,1,1,1,1
893,0554_c0006_015.jpg,554,5,-1,True,150,8550,0.9737344725756035,0.8379888268156425,1,179,1,1,1,1
894,0554_c0006_020.jpg,554,5,-1,True,150,8550,0.9827758547925772,0.8571428571428571,1,175,1,1,1,1
895,0554_c0007_000.jpg,554,6,-1,True,150,8550,0.7425022967100864,0.29469548133595286,1,509,1,1,1,1
896,0554_c0007_005.jpg,554,6,-1,True,150,8550,0.7239545501275498,0.28680688336520077,1,523,1,1,1,1
897,0554_c0007_010.jpg,554,6,-1,True,150,8550,0.7341624367471041,0.2982107355864811,1,503,1,1,1,1
898,0554_c0007_015.jpg,554,6,-1,True,150,8550,0.7716072334172183,0.32608695652173914,1,460,1,1,1,1
899,0554_c0007_020.jpg,554,6,-1,True,150,8550,0.8161867106020861,0.3614457831325301,1,415,1,1,1,1
900,0554_c0008_000.jpg,554,7,-1,True,150,8550,0.9965888061658946,0.9433962264150944,1,159,1,1,1,1
901,0554_c0008_005.jpg,554,7,-1,True,150,8550,0.9981333675249622,0.9615384615384616,1,156,1,1,1,1
902,0554_c0008_010.jpg,554,7,-1,True,150,8550,1.0,1.0,1,150,1,1,1,1
903,0554_c0008_015.jpg,554,7,-1,True,150,8550,1.0,1.0,1,150,1,1,1,1
904,0554_c0008_020.jpg,554,7,-1,True,150,8550,1.0,1.0,1,150,1,1,1,1
905,0556_c0001_000.jpg,556,0,-1,True,175,8550,0.7067949113240143,0.33653846153846156,5,520,0,1,1,1
906,0556_c0001_005.jpg,556,0,-1,True,175,8550,0.6952482917855993,0.3234750462107209,5,541,0,1,1,1
907,0556_c0001_010.jpg,556,0,-1,True,175,8550,0.6541485080017347,0.32287822878228783,5,542,0,1,1,1
908,0556_c0001_015.jpg,556,0,-1,True,175,8550,0.6478411523652822,0.2751572327044025,6,636,0,0,1,1
909,0556_c0001_020.jpg,556,0,-1,True,175,8550,0.6328934431972443,0.2717391304347826,10,644,0,0,1,1
910,0556_c0002_000.jpg,556,1,-1,True,175,8550,0.6597097719424269,0.2407152682255846,1,727,1,1,1,1
911,0556_c0002_005.jpg,556,1,-1,True,175,8550,0.7965037696803967,0.38802660753880264,1,451,1,1,1,1
912,0556_c0002_010.jpg,556,1,-1,True,175,8550,0.779741698176743,0.3804347826086957,1,460,1,1,1,1
913,0556_c0002_015.jpg,556,1,-1,True,175,8550,0.7157547513252616,0.4475703324808184,1,391,1,1,1,1
914,0556_c0002_020.jpg,556,1,-1,True,175,8550,0.6883383471955202,0.43640897755610975,1,401,1,1,1,1
915,0556_c0003_000.jpg,556,2,-1,True,175,8550,0.9328779667666577,0.6481481481481481,1,270,1,1,1,1
916,0556_c0003_005.jpg,556,2,-1,True,175,8550,0.945762988220568,0.6529850746268657,1,268,1,1,1,1
917,0556_c0003_010.jpg,556,2,-1,True,175,8550,0.9548692548169083,0.7291666666666666,1,240,1,1,1,1
918,0556_c0003_015.jpg,556,2,-1,True,175,8550,0.9699537758500466,0.78125,1,224,1,1,1,1
919,0556_c0003_020.jpg,556,2,-1,True,175,8550,0.9623686759700585,0.7743362831858407,1,226,1,1,1,1
920,0556_c0004_000.jpg,556,3,-1,True,175,8550,0.955537948038585,0.587248322147651,1,298,1,1,1,1
921,0556_c0004_005.jpg,556,3,-1,True,175,8550,0.955807251241326,0.6097560975609756,1,287,1,1,1,1
922,0556_c0004_010.jpg,556,3,-1,True,175,8550,0.9689080980283251,0.6055363321799307,1,289,1,1,1,1
923,0556_c0004_015.jpg,556,3,-1,True,175,8550,0.9722792307785981,0.625,1,280,1,1,1,1
924,0556_c0004_020.jpg,556,3,-1,True,175,8550,0.9697211055489539,0.660377358490566,1,265,1,1,1,1
925,0556_c0005_000.jpg,556,4,-1,True,175,8550,0.5530764480652247,0.3556910569105691,1,492,1,1,1,1
926,0556_c0005_005.jpg,556,4,-1,True,175,8550,0.5013397753433696,0.37393162393162394,1,468,1,1,1,1
927,0556_c0005_010.jpg,556,4,-1,True,175,8550,0.6593282585460303,0.4098360655737705,1,427,1,1,1,1
928,0556_c0005_015.jpg,556,4,-1,True,175,8550,0.6024468565707316,0.38209606986899564,1,458,1,1,1,1
929,0556_c0005_020.jpg,556,4,-1,True,175,8550,0.5395862915847521,0.3771551724137931,1,464,1,1,1,1
930,0556_c0006_000.jpg,556,5,-1,True,175,8550,0.9581333424552284,0.660377358490566,1,265,1,1,1,1
931,0556_c0006_005.jpg,556,5,-1,True,175,8550,0.9473692926016114,0.5520504731861199,1,317,1,1,1,1
932,0556_c0006_010.jpg,556,5,-1,True,175,8550,0.9601658203737578,0.6340579710144928,1,276,1,1,1,1
933,0556_c0006_015.jpg,556,5,-1,True,175,8550,0.9584174968727669,0.6363636363636364,1,275,1,1,1,1
934,0556_c0006_020.jpg,556,5,-1,True,175,8550,0.953102094436578,0.603448275862069,1,290,1,1,1,1
935,0556_c0007_000.jpg,556,6,-1,True,175,8550,0.959692202685446,0.691699604743083,1,253,1,1,1,1
936,0556_c0007_005.jpg,556,6,-1,True,175,8550,0.9472870309693043,0.5591054313099042,1,313,1,1,1,1
937,0556_c0007_010.jpg,556,6,-1,True,175,8550,0.9591095855037062,0.6457564575645757,1,271,1,1,1,1
938,0556_c0007_015.jpg,556,6,-1,True,175,8550,0.9408275955152645,0.5401234567901234,1,324,1,1,1,1
939,0556_c0007_020.jpg,556,6,-1,True,175,8550,0.9495602894813965,0.5852842809364549,1,299,1,1,1,1
940,0556_c0008_000.jpg,556,7,-1,True,175,8550,0.941132439577053,0.6679389312977099,1,262,1,1,1,1
941,0556_c0008_005.jpg,556,7,-1,True,175,8550,0.9181894765355267,0.43859649122807015,1,399,1,1,1,1
942,0556_c0008_010.jpg,556,7,-1,True,175,8550,0.9278003250150358,0.4581151832460733,1,382,1,1,1,1
943,0556_c0008_015.jpg,556,7,-1,True,175,8550,0.9326147679612823,0.49295774647887325,1,355,1,1,1,1
944,0556_c0008_020.jpg,556,7,-1,True,175,8550,0.9455002961252824,0.6457564575645757,1,271,1,1,1,1
945,0558_c0001_000.jpg,558,0,-1,True,175,8550,0.6659327172924896,0.47554347826086957,1,368,1,1,1,1
946,0558_c0001_005.jpg,558,0,-1,True,175,8550,0.6807044516166595,0.501432664756447,1,349,1,1,1,1
947,0558_c0001_010.jpg,558,0,-1,True,175,8550,0.7122820785950478,0.5131964809384164,1,341,1,1,1,1
948,0558_c0001_015.jpg,558,0,-1,True,175,8550,0.6737436805526245,0.5384615384615384,1,325,1,1,1,1
949,0558_c0001_020.jpg,558,0,-1,True,175,8550,0.6635334165875576,0.5608974358974359,1,312,1,1,1,1
950,0558_c0002_000.jpg,558,1,-1,True,175,8550,0.6489605148809928,0.42892156862745096,2,408,0,1,1,1
951,0558_c0002_005.jpg,558,1,-1,True,175,8550,0.5810865885884868,0.42892156862745096,2,408,0,1,1,1
952,0558_c0002_010.jpg,558,1,-1,True,175,8550,0.5744956316866264,0.4069767441860465,7,430,0,0,1,1
953,0558_c0002_015.jpg,558,1,-1,True,175,8550,0.5997356089112073,0.4257907542579075,2,411,0,1,1,1
954,0558_c0002_020.jpg,558,1,-1,True,175,8550,0.5844592290977656,0.39414414414414417,2,444,0,1,1,1
955,0558_c0003_000.jpg,558,2,-1,True,175,8550,0.8922240188538983,0.3668763102725367,1,477,1,1,1,1
956,0558_c0003_005.jpg,558,2,-1,True,175,8550,0.8945814088200219,0.36764705882352944,1,476,1,1,1,1
957,0558_c0003_010.jpg,558,2,-1,True,175,8550,0.9061171601207217,0.4013761467889908,1,436,1,1,1,1
958,0558_c0003_015.jpg,558,2,-1,True,175,8550,0.8886601907258502,0.4430379746835443,1,395,1,1,1,1
959,0558_c0003_020.jpg,558,2,-1,True,175,8550,0.8953321816025658,0.4666666666666667,1,375,1,1,1,1
960,0558_c0004_000.jpg,558,3,-1,True,175,8550,0.9657354044247914,0.6363636363636364,1,275,1,1,1,1
961,0558_c0004_005.jpg,558,3,-1,True,175,8550,0.9553232372781937,0.6140350877192983,1,285,1,1,1,1
962,0558_c0004_010.jpg,558,3,-1,True,175,8550,0.9570877676840766,0.6013745704467354,1,291,1,1,1,1
963,0558_c0004_015.jpg,558,3,-1,True,175,8550,0.9411152273271978,0.5087209302325582,1,344,1,1,1,1
964,0558_c0004_020.jpg,558,3,-1,True,175,8550,0.8993669573957302,0.41371158392434987,1,423,1,1,1,1
965,0558_c0005_000.jpg,558,4,-1,True,175,8550,0.7624611223861578,0.38461538461538464,1,455,1,1,1,1
966,0558_c0005_005.jpg,558,4,-1,True,175,8550,0.7240417719117309,0.36231884057971014,1,483,1,1,1,1
967,0558_c0005_010.jpg,558,4,-1,True,175,8550,0.7253154394023887,0.3796095444685466,1,461,1,1,1,1
968,0558_c0005_015.jpg,558,4,-1,True,175,8550,0.7430275665041095,0.36764705882352944,1,476,1,1,1,1
969,0558_c0005_020.jpg,558,4,-1,True,175,8550,0.7547332005936687,0.35070140280561124,1,499,1,1,1,1
970,0558_c0006_000.jpg,558,5,-1,True,175,8550,0.7363769596435025,0.5681818181818182,1,308,1,1,1,1
971,0558_c0006_005.jpg,558,5,-1,True,175,8550,0.7414776578355816,0.5700325732899023,1,307,1,1,1,1
972,0558_c0006_010.jpg,558,5,-1,True,175,8550,0.7181397144154097,0.5681818181818182,1,308,1,1,1,1
973,0558_c0006_015.jpg,558,5,-1,True,175,8550,0.7816746164626446,0.5700325732899023,1,307,1,1,1,1
974,0558_c0006_020.jpg,558,5,-1,True,175,8550,0.7267934323988399,0.5627009646302251,1,311,1,1,1,1
975,0558_c0007_000.jpg,558,6,-1,True,175,8550,0.9232600434624656,0.6097560975609756,1,287,1,1,1,1
976,0558_c0007_005.jpg,558,6,-1,True,175,8550,0.9148606140014324,0.5239520958083832,1,334,1,1,1,1
977,0558_c0007_010.jpg,558,6,-1,True,175,8550,0.9053659534876163,0.6140350877192983,1,285,1,1,1,1
978,0558_c0007_015.jpg,558,6,-1,True,175,8550,0.9167303637541095,0.6972111553784861,1,251,1,1,1,1
979,0558_c0007_020.jpg,558,6,-1,True,175,8550,0.916685943354545,0.6889763779527559,1,254,1,1,1,1
980,0558_c0008_000.jpg,558,7,-1,True,175,8550,0.9271047023670245,0.4716981132075472,1,371,1,1,1,1
981,0558_c0008_005.jpg,558,7,-1,True,175,8550,0.9143192580929469,0.3854625550660793,1,454,1,1,1,1
982,0558_c0008_010.jpg,558,7,-1,True,175,8550,0.9269279690626208,0.45454545454545453,1,385,1,1,1,1
983,0558_c0008_015.jpg,558,7,-1,True,175,8550,0.925720296404011,0.4475703324808184,1,391,1,1,1,1
984,0558_c0008_020.jpg,558,7,-1,True,175,8550,0.9259220851163764,0.43640897755610975,1,401,1,1,1,1
985,0560_c0001_000.jpg,560,0,-1,True,150,8550,0.9391806852032649,0.5813953488372093,1,258,1,1,1,1
986,0560_c0001_005.jpg,560,0,-1,True,150,8550,0.9177968863432807,0.5474452554744526,1,274,1,1,1,1
987,0560_c0001_010.jpg,560,0,-1,True,150,8550,0.8997913310836007,0.5263157894736842,1,285,1,1,1,1
988,0560_c0001_015.jpg,560,0,-1,True,150,8550,0.8969835609755793,0.528169014084507,1,284,1,1,1,1
989,0560_c0001_020.jpg,560,0,-1,True,150,8550,0.8434062361756658,0.44510385756676557,1,337,1,1,1,1
990,0560_c0002_000.jpg,560,1,-1,True,150,8550,1.0,1.0,1,150,1,1,1,1
991,0560_c0002_005.jpg,560,1,-1,True,150,8550,1.0,1.0,1,150,1,1,1,1
992,0560_c0002_010.jpg,560,1,-1,True,150,8550,1.0,1.0,1,150,1,1,1,1
993,0560_c0002_015.jpg,560,1,-1,True,150,8550,1.0,1.0,1,150,1,1,1,1
994,0560_c0002_020.jpg,560,1,-1,True,150,8550,1.0,1.0,1,150,1,1,1,1
995,0560_c0003_000.jpg,560,2,-1,True,150,8550,0.9916777989206124,0.8670520231213873,1,173,1,1,1,1
996,0560_c0003_005.jpg,560,2,-1,True,150,8550,0.9816205321871762,0.8571428571428571,1,175,1,1,1,1
997,0560_c0003_010.jpg,560,2,-1,True,150,8550,0.9798751096609101,0.8571428571428571,1,175,1,1,1,1
998,0560_c0003_015.jpg,560,2,-1,True,150,8550,0.9820418673982425,0.8571428571428571,1,175,1,1,1,1
999,0560_c0003_020.jpg,560,2,-1,True,150,8550,0.9860692918258125,0.8571428571428571,1,175,1,1,1,1
1000,0560_c0005_000.jpg,560,4,-1,True,150,8550,1.0,1.0,1,150,1,1,1,1
1001,0560_c0005_005.jpg,560,4,-1,True,150,8550,1.0,1.0,1,150,1,1,1,1
1002,0560_c0005_010.jpg,560,4,-1,True,150,8550,1.0,1.0,1,150,1,1,1,1
1003,0560_c0005_015.jpg,560,4,-1,True,150,8550,1.0,1.0,1,150,1,1,1,1
1004,0560_c0005_020.jpg,560,4,-1,True,150,8550,1.0,1.0,1,150,1,1,1,1
1005,0560_c0006_000.jpg,560,5,-1,True,150,8550,0.9924488454388942,0.8571428571428571,1,175,1,1,1,1
1006,0560_c0006_005.jpg,560,5,-1,True,150,8550,0.9958614124532811,0.8670520231213873,1,173,1,1,1,1
1007,0560_c0006_010.jpg,560,5,-1,True,150,8550,0.9904386248699598,0.8571428571428571,1,175,1,1,1,1
1008,0560_c0006_015.jpg,560,5,-1,True,150,8550,0.9904576696612698,0.8571428571428571,1,175,1,1,1,1
1009,0560_c0006_020.jpg,560,5,-1,True,150,8550,0.9888035378134991,0.8571428571428571,1,175,1,1,1,1
1010,0560_c0007_000.jpg,560,6,-1,True,150,8550,0.9978169114263079,0.8928571428571429,1,168,1,1,1,1
1011,0560_c0007_005.jpg,560,6,-1,True,150,8550,0.9979856229504073,0.8982035928143712,1,167,1,1,1,1
1012,0560_c0007_010.jpg,560,6,-1,True,150,8550,0.9993664254624548,0.9316770186335404,1,161,1,1,1,1
1013,0560_c0007_015.jpg,560,6,-1,True,150,8550,0.9987816019248719,0.9036144578313253,1,166,1,1,1,1
1014,0560_c0007_020.jpg,560,6,-1,True,150,8550,0.9982119921377315,0.8982035928143712,1,167,1,1,1,1
1015,0560_c0008_000.jpg,560,7,-1,True,150,8550,0.9983474453826193,0.8928571428571429,1,168,1,1,1,1
1016,0560_c0008_005.jpg,560,7,-1,True,150,8550,0.9898641762981002,0.8670520231213873,1,173,1,1,1,1
1017,0560_c0008_010.jpg,560,7,-1,True,150,8550,0.9976657384600863,0.8928571428571429,1,168,1,1,1,1
1018,0560_c0008_015.jpg,560,7,-1,True,150,8550,0.9987960574133407,0.8928571428571429,1,168,1,1,1,1
1019,0560_c0008_020.jpg,560,7,-1,True,150,8550,0.9918840695104495,0.8670520231213873,1,173,1,1,1,1
1020,0562_c0001_000.jpg,562,0,-1,True,50,8550,0.9969893411910219,0.9090909090909091,1,55,1,1,1,1
1021,0562_c0001_005.jpg,562,0,-1,True,50,8550,0.995988929618512,0.9259259259259259,1,54,1,1,1,1
1022,0562_c0001_010.jpg,562,0,-1,True,50,8550,0.9980597612629958,0.9433962264150944,1,53,1,1,1,1
1023,0562_c0001_015.jpg,562,0,-1,True,50,8550,0.9954529348564304,0.8928571428571429,1,56,1,1,1,1
1024,0562_c0001_020.jpg,562,0,-1,True,50,8550,1.0,1.0,1,50,1,1,1,1
1025,0562_c0003_000.jpg,562,2,-1,True,50,8550,0.9523929370778877,0.7352941176470589,1,68,1,1,1,1
1026,0562_c0003_005.jpg,562,2,-1,True,50,8550,0.6630075533473823,0.6666666666666666,1,75,1,1,1,1
1027,0562_c0003_010.jpg,562,2,-1,True,50,8550,0.7849417228106332,0.5154639175257731,1,97,1,1,1,1
1028,0562_c0003_015.jpg,562,2,-1,True,50,8550,0.5139397230809336,0.5,9,100,0,0,1,1
1029,0562_c0003_020.jpg,562,2,-1,True,50,8550,0.4655847875011142,0.5555555555555556,12,90,0,0,0,1
1030,0562_c0005_000.jpg,562,4,-1,True,50,8550,0.9992307692307691,0.9615384615384616,1,52,1,1,1,1
1031,0562_c0005_005.jpg,562,4,-1,True,50,8550,0.9978571428571429,0.8928571428571429,1,56,1,1,1,1
1032,0562_c0005_010.jpg,562,4,-1,True,50,8550,1.0,1.0,1,50,1,1,1,1
1033,0562_c0005_015.jpg,562,4,-1,True,50,8550,1.0,1.0,1,50,1,1,1,1
1034,0562_c0005_020.jpg,562,4,-1,True,50,8550,0.9892833643784168,0.8620689655172413,1,58,1,1,1,1
1035,0564_c0001_000.jpg,564,0,-1,True,150,8550,1.0,1.0,1,150,1,1,1,1
1036,0564_c0001_005.jpg,564,0,-1,True,150,8550,1.0,1.0,1,150,1,1,1,1
1037,0564_c0001_010.jpg,564,0,-1,True,150,8550,1.0,1.0,1,150,1,1,1,1
1038,0564_c0001_015.jpg,564,0,-1,True,150,8550,1.0,1.0,1,150,1,1,1,1
1039,0564_c0001_020.jpg,564,0,-1,True,150,8550,1.0,1.0,1,150,1,1,1,1
1040,0564_c0002_000.jpg,564,1,-1,True,150,8550,1.0,1.0,1,150,1,1,1,1
1041,0564_c0002_005.jpg,564,1,-1,True,150,8550,1.0,1.0,1,150,1,1,1,1
1042,0564_c0002_010.jpg,564,1,-1,True,150,8550,1.0,1.0,1,150,1,1,1,1
1043,0564_c0002_015.jpg,564,1,-1,True,150,8550,1.0,1.0,1,150,1,1,1,1
1044,0564_c0002_020.jpg,564,1,-1,True,150,8550,1.0,1.0,1,150,1,1,1,1
1045,0564_c0004_000.jpg,564,3,-1,True,150,8550,0.9998268398268398,0.974025974025974,1,154,1,1,1,1
1046,0564_c0004_005.jpg,564,3,-1,True,150,8550,0.9999122807017545,0.9868421052631579,1,152,1,1,1,1
1047,0564_c0004_010.jpg,564,3,-1,True,150,8550,0.9952931715472226,0.8571428571428571,1,175,1,1,1,1
1048,0564_c0004_015.jpg,564,3,-1,True,150,8550,0.9998268398268398,0.974025974025974,1,154,1,1,1,1
1049,0564_c0004_020.jpg,564,3,-1,True,150,8550,0.9999122807017545,0.9868421052631579,1,152,1,1,1,1
1050,0564_c0005_000.jpg,564,4,-1,True,150,8550,1.0,1.0,1,150,1,1,1,1
1051,0564_c0005_005.jpg,564,4,-1,True,150,8550,1.0,1.0,1,150,1,1,1,1
1052,0564_c0005_010.jpg,564,4,-1,True,150,8550,1.0,1.0,1,150,1,1,1,1
1053,0564_c0005_015.jpg,564,4,-1,True,150,8550,1.0,1.0,1,150,1,1,1,1
1054,0564_c0005_020.jpg,564,4,-1,True,150,8550,1.0,1.0,1,150,1,1,1,1
1055,0564_c0006_000.jpg,564,5,-1,True,150,8550,1.0,1.0,1,150,1,1,1,1
1056,0564_c0006_005.jpg,564,5,-1,True,150,8550,1.0,1.0,1,150,1,1,1,1
1057,0564_c0006_010.jpg,564,5,-1,True,150,8550,1.0,1.0,1,150,1,1,1,1
1058,0564_c0006_015.jpg,564,5,-1,True,150,8550,1.0,1.0,1,150,1,1,1,1
1059,0564_c0006_020.jpg,564,5,-1,True,150,8550,1.0,1.0,1,150,1,1,1,1
1060,0564_c0007_000.jpg,564,6,-1,True,150,8550,1.0,1.0,1,150,1,1,1,1
1061,0564_c0007_005.jpg,564,6,-1,True,150,8550,1.0,1.0,1,150,1,1,1,1
1062,0564_c0007_010.jpg,564,6,-1,True,150,8550,1.0,1.0,1,150,1,1,1,1
1063,0564_c0007_015.jpg,564,6,-1,True,150,8550,1.0,1.0,1,150,1,1,1,1
1064,0564_c0007_020.jpg,564,6,-1,True,150,8550,1.0,1.0,1,150,1,1,1,1
1065,0564_c0008_000.jpg,564,7,-1,True,150,8550,1.0,1.0,1,150,1,1,1,1
1066,0564_c0008_005.jpg,564,7,-1,True,150,8550,1.0,1.0,1,150,1,1,1,1
1067,0564_c0008_010.jpg,564,7,-1,True,150,8550,1.0,1.0,1,150,1,1,1,1
1068,0564_c0008_015.jpg,564,7,-1,True,150,8550,1.0,1.0,1,150,1,1,1,1
1069,0564_c0008_020.jpg,564,7,-1,True,150,8550,1.0,1.0,1,150,1,1,1,1
1070,0566_c0001_000.jpg,566,0,-1,True,175,8550,0.9862527569674034,0.8333333333333334,1,210,1,1,1,1
1071,0566_c0001_005.jpg,566,0,-1,True,175,8550,0.9918656036403425,0.8101851851851852,1,216,1,1,1,1
1072,0566_c0001_010.jpg,566,0,-1,True,175,8550,0.9969354885358395,0.8838383838383839,1,198,1,1,1,1
1073,0566_c0001_015.jpg,566,0,-1,True,175,8550,0.9887005467061694,0.8064516129032258,1,217,1,1,1,1
1074,0566_c0001_020.jpg,566,0,-1,True,175,8550,0.9938276141641297,0.8663366336633663,1,202,1,1,1,1
1075,0566_c0002_000.jpg,566,1,-1,True,175,8550,0.8492046398593881,0.39149888143176736,1,447,1,1,1,1
1076,0566_c0002_005.jpg,566,1,-1,True,175,8550,0.8297908580241902,0.4794520547945205,1,365,1,1,1,1
1077,0566_c0002_010.jpg,566,1,-1,True,175,8550,0.9207739477193788,0.587248322147651,1,298,1,1,1,1
1078,0566_c0002_015.jpg,566,1,-1,True,175,8550,0.9169105585083708,0.5239520958083832,1,334,1,1,1,1
1079,0566_c0002_020.jpg,566,1,-1,True,175,8550,0.8072392997449008,0.44191919191919193,1,396,1,1,1,1
1080,0566_c0003_000.jpg,566,2,-1,True,175,8550,0.9888951507166075,0.708502024291498,1,247,1,1,1,1
1081,0566_c0003_005.jpg,566,2,-1,True,175,8550,0.9469774511330671,0.45931758530183725,1,381,1,1,1,1
1082,0566_c0003_010.jpg,566,2,-1,True,175,8550,0.9741245995020101,0.6363636363636364,1,275,1,1,1,1
1083,0566_c0003_015.jpg,566,2,-1,True,175,8550,0.947554846470839,0.5663430420711975,1,309,1,1,1,1
1084,0566_c0003_020.jpg,566,2,-1,True,175,8550,0.9766623173551436,0.6340579710144928,1,276,1,1,1,1
1085,0566_c0004_000.jpg,566,3,-1,True,175,8550,0.9606142587322085,0.7510729613733905,1,233,1,1,1,1
1086,0566_c0004_005.jpg,566,3,-1,True,175,8550,0.9949012528210917,0.8578431372549019,1,204,1,1,1,1
1087,0566_c0004_010.jpg,566,3,-1,True,175,8550,0.9918726618497238,0.7641921397379913,1,229,1,1,1,1
1088,0566_c0004_015.jpg,566,3,-1,True,175,8550,0.9960319195455132,0.8101851851851852,1,216,1,1,1,1
1089,0566_c0004_020.jpg,566,3,-1,True,175,8550,0.980253299927792,0.7322175732217573,1,239,1,1,1,1
1090,0566_c0005_000.jpg,566,4,-1,True,175,8550,0.8380173307559663,0.2961082910321489,1,591,1,1,1,1
1091,0566_c0005_005.jpg,566,4,-1,True,175,8550,0.8548886121055261,0.29914529914529914,1,585,1,1,1,1
1092,0566_c0005_010.jpg,566,4,-1,True,175,8550,0.8376016618669603,0.27301092043681746,1,641,1,1,1,1
1093,0566_c0005_015.jpg,566,4,-1,True,175,8550,0.8576516140328806,0.3246753246753247,1,539,1,1,1,1
1094,0566_c0005_020.jpg,566,4,-1,True,175,8550,0.8527149546171102,0.3371868978805395,1,519,1,1,1,1
1095,0566_c0006_000.jpg,566,5,-1,True,175,8550,0.7629953797905464,0.3564154786150713,1,491,1,1,1,1
1096,0566_c0006_005.jpg,566,5,-1,True,175,8550,0.71039776911116,0.3113879003558719,1,562,1,1,1,1
1097,0566_c0006_010.jpg,566,5,-1,True,175,8550,0.8106548844893386,0.3995433789954338,1,438,1,1,1,1
1098,0566_c0006_015.jpg,566,5,-1,True,175,8550,0.7223075445444256,0.33269961977186313,1,526,1,1,1,1
1099,0566_c0006_020.jpg,566,5,-1,True,175,8550,0.8593976282271286,0.42475728155339804,1,412,1,1,1,1
1100,0566_c0007_000.jpg,566,6,-1,True,175,8550,0.949002382652437,0.7352941176470589,1,238,1,1,1,1
1101,0566_c0007_005.jpg,566,6,-1,True,175,8550,0.9304072090559131,0.6294964028776978,1,278,1,1,1,1
1102,0566_c0007_010.jpg,566,6,-1,True,175,8550,0.8651897917830521,0.5555555555555556,1,315,1,1,1,1
1103,0566_c0007_015.jpg,566,6,-1,True,175,8550,0.8364553991577053,0.5255255255255256,1,333,1,1,1,1
1104,0566_c0007_020.jpg,566,6,-1,True,175,8550,0.841972709416964,0.541795665634675,1,323,1,1,1,1
1105,0566_c0008_000.jpg,566,7,-1,True,175,8550,0.9599751157559695,0.875,1,200,1,1,1,1
1106,0566_c0008_005.jpg,566,7,-1,True,175,8550,0.9778627243543169,0.8793969849246231,1,199,1,1,1,1
1107,0566_c0008_010.jpg,566,7,-1,True,175,8550,0.9961900982130975,0.9459459459459459,1,185,1,1,1,1
1108,0566_c0008_015.jpg,566,7,-1,True,175,8550,0.9360233256070485,0.875,1,200,1,1,1,1
1109,0566_c0008_020.jpg,566,7,-1,True,175,8550,0.9342767665325862,0.875,1,200,1,1,1,1
1110,0568_c0001_000.jpg,568,0,-1,True,50,8550,0.28946927696567215,0.21551724137931033,5,232,0,1,1,1
1111,0568_c0001_005.jpg,568,0,-1,True,50,8550,0.20425996219030546,0.19230769230769232,26,260,0,0,0,0
1112,0568_c0001_010.jpg,568,0,-1,True,50,8550,0.3339617162316449,0.30120481927710846,19,166,0,0,0,1
1113,0568_c0001_015.jpg,568,0,-1,True,50,8550,0.3168583106409654,0.2702702702702703,19,185,0,0,0,1
1114,0568_c0001_020.jpg,568,0,-1,True,50,8550,0.30248016190338384,0.24875621890547264,11,201,0,0,0,1
1115,0568_c0005_000.jpg,568,4,-1,True,50,8550,1.0,1.0,1,50,1,1,1,1
1116,0568_c0005_005.jpg,568,4,-1,True,50,8550,1.0,1.0,1,50,1,1,1,1
1117,0568_c0005_010.jpg,568,4,-1,True,50,8550,1.0,1.0,1,50,1,1,1,1
1118,0568_c0005_015.jpg,568,4,-1,True,50,8550,1.0,1.0,1,50,1,1,1,1
1119,0568_c0005_020.jpg,568,4,-1,True,50,8550,1.0,1.0,1,50,1,1,1,1
1120,0568_c0006_000.jpg,568,5,-1,True,50,8550,0.9992078431372547,0.9803921568627451,1,51,1,1,1,1
1121,0568_c0006_005.jpg,568,5,-1,True,50,8550,0.9597730574874184,0.8333333333333334,1,60,1,1,1,1
1122,0568_c0006_010.jpg,568,5,-1,True,50,8550,0.993349537519147,0.9259259259259259,1,54,1,1,1,1
1123,0568_c0006_015.jpg,568,5,-1,True,50,8550,1.0,1.0,1,50,1,1,1,1
1124,0568_c0006_020.jpg,568,5,-1,True,50,8550,1.0,1.0,1,50,1,1,1,1
1125,0570_c0001_000.jpg,570,0,-1,True,150,8550,0.998110207990236,0.9146341463414634,1,164,1,1,1,1
1126,0570_c0001_005.jpg,570,0,-1,True,150,8550,0.9840273087910255,0.8571428571428571,1,175,1,1,1,1
1127,0570_c0001_010.jpg,570,0,-1,True,150,8550,0.9907136045417796,0.8823529411764706,1,170,1,1,1,1
1128,0570_c0001_015.jpg,570,0,-1,True,150,8550,0.9863841156441738,0.8771929824561403,1,171,1,1,1,1
1129,0570_c0001_020.jpg,570,0,-1,True,150,8550,0.9247960650630235,0.5639097744360902,1,266,1,1,1,1
1130,0570_c0002_000.jpg,570,1,-1,True,150,8550,0.9422052039434828,0.6666666666666666,1,225,1,1,1,1
1131,0570_c0002_005.jpg,570,1,-1,True,150,8550,0.9532378408277884,0.704225352112676,1,213,1,1,1,1
1132,0570_c0002_010.jpg,570,1,-1,True,150,8550,0.9442657078568292,0.7177033492822966,1,209,1,1,1,1
1133,0570_c0002_015.jpg,570,1,-1,True,150,8550,0.9524151716529021,0.6976744186046512,1,215,1,1,1,1
1134,0570_c0002_020.jpg,570,1,-1,True,150,8550,0.9404448357799963,0.6696428571428571,1,224,1,1,1,1
1135,0570_c0004_000.jpg,570,3,-1,True,150,8550,1.0,1.0,1,150,1,1,1,1
1136,0570_c0004_005.jpg,570,3,-1,True,150,8550,1.0,1.0,1,150,1,1,1,1
1137,0570_c0004_010.jpg,570,3,-1,True,150,8550,0.9984271912407181,0.9375,1,160,1,1,1,1
1138,0570_c0004_015.jpg,570,3,-1,True,150,8550,1.0,1.0,1,150,1,1,1,1
1139,0570_c0004_020.jpg,570,3,-1,True,150,8550,0.996234324665171,0.9036144578313253,1,166,1,1,1,1
1140,0570_c0005_000.jpg,570,4,-1,True,150,8550,1.0,1.0,1,150,1,1,1,1
1141,0570_c0005_005.jpg,570,4,-1,True,150,8550,0.9980907948748764,0.9090909090909091,1,165,1,1,1,1
1142,0570_c0005_010.jpg,570,4,-1,True,150,8550,0.9967166259124345,0.8771929824561403,1,171,1,1,1,1
1143,0570_c0005_015.jpg,570,4,-1,True,150,8550,0.998443553441214,0.9259259259259259,1,162,1,1,1,1
1144,0570_c0005_020.jpg,570,4,-1,True,150,8550,0.9996054731051199,0.974025974025974,1,154,1,1,1,1
1145,0570_c0006_000.jpg,570,5,-1,True,150,8550,0.9233051021955642,0.5928853754940712,1,253,1,1,1,1
1146,0570_c0006_005.jpg,570,5,-1,True,150,8550,0.8884847263699667,0.4934210526315789,1,304,1,1,1,1
1147,0570_c0006_010.jpg,570,5,-1,True,150,8550,0.9232870048858137,0.6198347107438017,1,242,1,1,1,1
1148,0570_c0006_015.jpg,570,5,-1,True,150,8550,0.8723795973317704,0.5434782608695652,1,276,1,1,1,1
1149,0570_c0006_020.jpg,570,5,-1,True,150,8550,0.8916351590113567,0.6172839506172839,1,243,1,1,1,1
1150,0570_c0007_000.jpg,570,6,-1,True,150,8550,0.9720887695376363,0.847457627118644,1,177,1,1,1,1
1151,0570_c0007_005.jpg,570,6,-1,True,150,8550,0.9710676096359957,0.847457627118644,1,177,1,1,1,1
1152,0570_c0007_010.jpg,570,6,-1,True,150,8550,0.9704534873384981,0.8379888268156425,1,179,1,1,1,1
1153,0570_c0007_015.jpg,570,6,-1,True,150,8550,0.9640627086347361,0.8379888268156425,1,179,1,1,1,1
1154,0570_c0007_020.jpg,570,6,-1,True,150,8550,0.9362423399206741,0.7537688442211056,1,199,1,1,1,1
1155,0570_c0008_000.jpg,570,7,-1,True,150,8550,1.0,1.0,1,150,1,1,1,1
1156,0570_c0008_005.jpg,570,7,-1,True,150,8550,1.0,1.0,1,150,1,1,1,1
1157,0570_c0008_010.jpg,570,7,-1,True,150,8550,1.0,1.0,1,150,1,1,1,1
1158,0570_c0008_015.jpg,570,7,-1,True,150,8550,1.0,1.0,1,150,1,1,1,1
1159,0570_c0008_020.jpg,570,7,-1,True,150,8550,1.0,1.0,1,150,1,1,1,1
1160,0572_c0001_000.jpg,572,0,-1,True,175,8550,0.9994956557082242,0.9887005649717514,1,177,1,1,1,1
1161,0572_c0001_005.jpg,572,0,-1,True,175,8550,0.9979214575960847,0.9615384615384616,1,182,1,1,1,1
1162,0572_c0001_010.jpg,572,0,-1,True,175,8550,0.9921130471313934,0.8838383838383839,1,198,1,1,1,1
1163,0572_c0001_015.jpg,572,0,-1,True,175,8550,0.9987318008279247,0.9722222222222222,1,180,1,1,1,1
1164,0572_c0001_020.jpg,572,0,-1,True,175,8550,0.981824702133531,0.8706467661691543,1,201,1,1,1,1
1165,0572_c0002_000.jpg,572,1,-1,True,175,8550,0.980921163559127,0.7,1,250,1,1,1,1
1166,0572_c0002_005.jpg,572,1,-1,True,175,8550,0.9833135695677967,0.7415254237288136,1,236,1,1,1,1
1167,0572_c0002_010.jpg,572,1,-1,True,175,8550,0.975735601729186,0.6628787878787878,1,264,1,1,1,1
1168,0572_c0002_015.jpg,572,1,-1,True,175,8550,0.9885596971884395,0.8373205741626795,1,209,1,1,1,1
1169,0572_c0002_020.jpg,572,1,-1,True,175,8550,0.9647112906366592,0.5700325732899023,1,307,1,1,1,1
1170,0572_c0003_000.jpg,572,2,-1,True,175,8550,0.7283160825353706,0.352112676056338,1,497,1,1,1,1
1171,0572_c0003_005.jpg,572,2,-1,True,175,8550,0.7242351955180558,0.39592760180995473,1,442,1,1,1,1
1172,0572_c0003_010.jpg,572,2,-1,True,175,8550,0.8162618932547469,0.5102040816326531,1,343,1,1,1,1
1173,0572_c0003_015.jpg,572,2,-1,True,175,8550,0.6716649017750469,0.33783783783783783,1,518,1,1,1,1
1174,0572_c0003_020.jpg,572,2,-1,True,175,8550,0.728336345820983,0.33081285444234404,1,529,1,1,1,1
1175,0572_c0004_000.jpg,572,3,-1,True,175,8550,0.9999027787386141,0.9887005649717514,1,177,1,1,1,1
1176,0572_c0004_005.jpg,572,3,-1,True,175,8550,0.9976130377747998,0.9358288770053476,1,187,1,1,1,1
1177,0572_c0004_010.jpg,572,3,-1,True,175,8550,0.9947216062480145,0.8928571428571429,1,196,1,1,1,1
1178,0572_c0004_015.jpg,572,3,-1,True,175,8550,0.9979443416032138,0.9562841530054644,1,183,1,1,1,1
1179,0572_c0004_020.jpg,572,3,-1,True,175,8550,0.9989437491296781,0.9408602150537635,1,186,1,1,1,1
1180,0572_c0005_000.jpg,572,4,-1,True,175,8550,0.9450241156131088,0.4861111111111111,1,360,1,1,1,1
1181,0572_c0005_005.jpg,572,4,-1,True,175,8550,0.9649910970179758,0.5912162162162162,1,296,1,1,1,1
1182,0572_c0005_010.jpg,572,4,-1,True,175,8550,0.9548947956237612,0.5627009646302251,1,311,1,1,1,1
1183,0572_c0005_015.jpg,572,4,-1,True,175,8550,0.9519347910330112,0.4985754985754986,1,351,1,1,1,1
1184,0572_c0005_020.jpg,572,4,-1,True,175,8550,0.9504910137110525,0.5520504731861199,1,317,1,1,1,1
1185,0572_c0006_000.jpg,572,5,-1,True,175,8550,1.0,1.0,1,175,1,1,1,1
1186,0572_c0006_005.jpg,572,5,-1,True,175,8550,1.0,1.0,1,175,1,1,1,1
1187,0572_c0006_010.jpg,572,5,-1,True,175,8550,1.0,1.0,1,175,1,1,1,1
1188,0572_c0006_015.jpg,572,5,-1,True,175,8550,0.9995385917930921,0.9887005649717514,1,177,1,1,1,1
1189,0572_c0006_020.jpg,572,5,-1,True,175,8550,1.0,1.0,1,175,1,1,1,1
1190,0572_c0007_000.jpg,572,6,-1,True,175,8550,0.880658950977315,0.4679144385026738,1,374,1,1,1,1
1191,0572_c0007_005.jpg,572,6,-1,True,175,8550,0.8555059356359597,0.43209876543209874,1,405,1,1,1,1
1192,0572_c0007_010.jpg,572,6,-1,True,175,8550,0.8913577372490944,0.550314465408805,1,318,1,1,1,1
1193,0572_c0007_015.jpg,572,6,-1,True,175,8550,0.9022043278230233,0.5645161290322581,1,310,1,1,1,1
1194,0572_c0007_020.jpg,572,6,-1,True,175,8550,0.872153916026204,0.4716981132075472,1,371,1,1,1,1
1195,0572_c0008_000.jpg,572,7,-1,True,175,8550,0.9953243375272506,0.9114583333333334,1,192,1,1,1,1
1196,0572_c0008_005.jpg,572,7,-1,True,175,8550,0.9948314701775014,0.9020618556701031,1,194,1,1,1,1
1197,0572_c0008_010.jpg,572,7,-1,True,175,8550,0.9754229563264385,0.8706467661691543,1,201,1,1,1,1
1198,0572_c0008_015.jpg,572,7,-1,True,175,8550,0.986301731032201,0.8928571428571429,1,196,1,1,1,1
1199,0572_c0008_020.jpg,572,7,-1,True,175,8550,0.9953640865811296,0.9210526315789473,1,190,1,1,1,1
1200,0574_c0001_000.jpg,574,0,-1,True,150,8550,0.9204183074053391,0.4437869822485207,1,338,1,1,1,1
1201,0574_c0001_005.jpg,574,0,-1,True,150,8550,0.9234150036631942,0.4658385093167702,1,322,1,1,1,1
1202,0574_c0001_010.jpg,574,0,-1,True,150,8550,0.965944485405862,0.6198347107438017,1,242,1,1,1,1
1203,0574_c0001_015.jpg,574,0,-1,True,150,8550,0.9626936048633328,0.6024096385542169,1,249,1,1,1,1
1204,0574_c0001_020.jpg,574,0,-1,True,150,8550,0.9412426030655371,0.5474452554744526,1,274,1,1,1,1
1205,0574_c0002_000.jpg,574,1,-1,True,150,8550,0.9956157593302449,0.7853403141361257,1,191,1,1,1,1
1206,0574_c0002_005.jpg,574,1,-1,True,150,8550,0.9995664006339503,0.9615384615384616,1,156,1,1,1,1
1207,0574_c0002_010.jpg,574,1,-1,True,150,8550,0.9972052187411226,0.8620689655172413,1,174,1,1,1,1
1208,0574_c0002_015.jpg,574,1,-1,True,150,8550,0.9986035356549277,0.8982035928143712,1,167,1,1,1,1
1209,0574_c0002_020.jpg,574,1,-1,True,150,8550,0.9953435960904033,0.8426966292134831,1,178,1,1,1,1
1210,0574_c0003_000.jpg,574,2,-1,True,150,8550,0.9580309067201006,0.8152173913043478,1,184,1,1,1,1
1211,0574_c0003_005.jpg,574,2,-1,True,150,8550,0.9600627672866984,0.7978723404255319,1,188,1,1,1,1
1212,0574_c0003_010.jpg,574,2,-1,True,150,8550,0.9601035795386869,0.7575757575757576,1,198,1,1,1,1
1213,0574_c0003_015.jpg,574,2,-1,True,150,8550,0.9735602679958257,0.7936507936507936,1,189,1,1,1,1
1214,0574_c0003_020.jpg,574,2,-1,True,150,8550,0.9599862374027892,0.7537688442211056,1,199,1,1,1,1
1215,0574_c0004_000.jpg,574,3,-1,True,150,8550,0.953861478409467,0.8571428571428571,1,175,1,1,1,1
1216,0574_c0004_005.jpg,574,3,-1,True,150,8550,0.9580235527720223,0.8571428571428571,1,175,1,1,1,1
1217,0574_c0004_010.jpg,574,3,-1,True,150,8550,0.9769527726231866,0.8571428571428571,1,175,1,1,1,1
1218,0574_c0004_015.jpg,574,3,-1,True,150,8550,0.988329364129922,0.9316770186335404,1,161,1,1,1,1
1219,0574_c0004_020.jpg,574,3,-1,True,150,8550,0.9946425892179739,0.9554140127388535,1,157,1,1,1,1
1220,0574_c0005_000.jpg,574,4,-1,True,150,8550,0.6908492066867351,0.33860045146726864,1,443,1,1,1,1
1221,0574_c0005_005.jpg,574,4,-1,True,150,8550,0.7352271294713568,0.3778337531486146,1,397,1,1,1,1
1222,0574_c0005_010.jpg,574,4,-1,True,150,8550,0.7562015723218112,0.3856041131105398,1,389,1,1,1,1
1223,0574_c0005_015.jpg,574,4,-1,True,150,8550,0.735073972376914,0.3416856492027335,1,439,1,1,1,1
1224,0574_c0005_020.jpg,574,4,-1,True,150,8550,0.7416091040907233,0.336322869955157,1,446,1,1,1,1
1225,0574_c0006_000.jpg,574,5,-1,True,150,8550,1.0,1.0,1,150,1,1,1,1
1226,0574_c0006_005.jpg,574,5,-1,True,150,8550,1.0,1.0,1,150,1,1,1,1
1227,0574_c0006_010.jpg,574,5,-1,True,150,8550,1.0,1.0,1,150,1,1,1,1
1228,0574_c0006_015.jpg,574,5,-1,True,150,8550,1.0,1.0,1,150,1,1,1,1
1229,0574_c0006_020.jpg,574,5,-1,True,150,8550,0.9994267964418794,0.974025974025974,1,154,1,1,1,1
1230,0574_c0008_000.jpg,574,7,-1,True,150,8550,0.9905839805003609,0.8064516129032258,1,186,1,1,1,1
1231,0574_c0008_005.jpg,574,7,-1,True,150,8550,0.9669135897675399,0.7352941176470589,1,204,1,1,1,1
1232,0574_c0008_010.jpg,574,7,-1,True,150,8550,0.9740247864025136,0.746268656716418,1,201,1,1,1,1
1233,0574_c0008_015.jpg,574,7,-1,True,150,8550,0.9781225894293422,0.75,1,200,1,1,1,1
1234,0574_c0008_020.jpg,574,7,-1,True,150,8550,0.9839584297592368,0.7731958762886598,1,194,1,1,1,1
1235,0576_c0001_000.jpg,576,0,-1,True,150,8550,0.9431032659518664,0.6437768240343348,1,233,1,1,1,1
1236,0576_c0001_005.jpg,576,0,-1,True,150,8550,0.9130169839025821,0.5791505791505791,1,259,1,1,1,1
1237,0576_c0001_010.jpg,576,0,-1,True,150,8550,0.8535494015486078,0.5576208178438662,1,269,1,1,1,1
1238,0576_c0001_015.jpg,576,0,-1,True,150,8550,0.8713246740437743,0.5474452554744526,1,274,1,1,1,1
1239,0576_c0001_020.jpg,576,0,-1,True,150,8550,0.8654602841359765,0.5617977528089888,1,267,1,1,1,1
1240,0576_c0002_000.jpg,576,1,-1,True,150,8550,1.0,1.0,1,150,1,1,1,1
1241,0576_c0002_005.jpg,576,1,-1,True,150,8550,1.0,1.0,1,150,1,1,1,1
1242,0576_c0002_010.jpg,576,1,-1,True,150,8550,1.0,1.0,1,150,1,1,1,1
1243,0576_c0002_015.jpg,576,1,-1,True,150,8550,0.9999122807017545,0.9868421052631579,1,152,1,1,1,1
1244,0576_c0002_020.jpg,576,1,-1,True,150,8550,0.9976104057278591,0.8379888268156425,1,179,1,1,1,1
1245,0576_c0003_000.jpg,576,2,-1,True,150,8550,1.0,1.0,1,150,1,1,1,1
1246,0576_c0003_005.jpg,576,2,-1,True,150,8550,1.0,1.0,1,150,1,1,1,1
1247,0576_c0003_010.jpg,576,2,-1,True,150,8550,1.0,1.0,1,150,1,1,1,1
1248,0576_c0003_015.jpg,576,2,-1,True,150,8550,1.0,1.0,1,150,1,1,1,1
1249,0576_c0003_020.jpg,576,2,-1,True,150,8550,1.0,1.0,1,150,1,1,1,1
1250,0576_c0004_000.jpg,576,3,-1,True,150,8550,1.0,1.0,1,150,1,1,1,1
1251,0576_c0004_005.jpg,576,3,-1,True,150,8550,1.0,1.0,1,150,1,1,1,1
1252,0576_c0004_010.jpg,576,3,-1,True,150,8550,1.0,1.0,1,150,1,1,1,1
1253,0576_c0004_015.jpg,576,3,-1,True,150,8550,1.0,1.0,1,150,1,1,1,1
1254,0576_c0004_020.jpg,576,3,-1,True,150,8550,1.0,1.0,1,150,1,1,1,1
1255,0576_c0005_000.jpg,576,4,-1,True,150,8550,1.0,1.0,1,150,1,1,1,1
1256,0576_c0005_005.jpg,576,4,-1,True,150,8550,1.0,1.0,1,150,1,1,1,1
1257,0576_c0005_010.jpg,576,4,-1,True,150,8550,1.0,1.0,1,150,1,1,1,1
1258,0576_c0005_015.jpg,576,4,-1,True,150,8550,1.0,1.0,1,150,1,1,1,1
1259,0576_c0005_020.jpg,576,4,-1,True,150,8550,1.0,1.0,1,150,1,1,1,1
1260,0576_c0006_000.jpg,576,5,-1,True,150,8550,1.0,1.0,1,150,1,1,1,1
1261,0576_c0006_005.jpg,576,5,-1,True,150,8550,1.0,1.0,1,150,1,1,1,1
1262,0576_c0006_010.jpg,576,5,-1,True,150,8550,1.0,1.0,1,150,1,1,1,1
1263,0576_c0006_015.jpg,576,5,-1,True,150,8550,1.0,1.0,1,150,1,1,1,1
1264,0576_c0006_020.jpg,576,5,-1,True,150,8550,1.0,1.0,1,150,1,1,1,1
1265,0576_c0007_000.jpg,576,6,-1,True,150,8550,0.9457463063190816,0.5859375,1,256,1,1,1,1
1266,0576_c0007_005.jpg,576,6,-1,True,150,8550,0.962022711078167,0.6637168141592921,1,226,1,1,1,1
1267,0576_c0007_010.jpg,576,6,-1,True,150,8550,0.9538231371549444,0.5928853754940712,1,253,1,1,1,1
1268,0576_c0007_015.jpg,576,6,-1,True,150,8550,0.9680850495142105,0.7177033492822966,1,209,1,1,1,1
1269,0576_c0007_020.jpg,576,6,-1,True,150,8550,0.9563830671123973,0.6696428571428571,1,224,1,1,1,1
1270,0578_c0001_000.jpg,578,0,-1,True,175,8550,0.7486203898015629,0.4032258064516129,1,434,1,1,1,1
1271,0578_c0001_005.jpg,578,0,-1,True,175,8550,0.7351586411917451,0.4088785046728972,1,428,1,1,1,1
1272,0578_c0001_010.jpg,578,0,-1,True,175,8550,0.753717789503381,0.4227053140096618,1,414,1,1,1,1
1273,0578_c0001_015.jpg,578,0,-1,True,175,8550,0.6754985636992431,0.38802660753880264,1,451,1,1,1,1
1274,0578_c0001_020.jpg,578,0,-1,True,175,8550,0.6974528672450421,0.3995433789954338,1,438,1,1,1,1
1275,0578_c0002_000.jpg,578,1,-1,True,175,8550,0.3851092914263652,0.22875816993464052,3,765,0,1,1,1
1276,0578_c0002_005.jpg,578,1,-1,True,175,8550,0.3217359088949444,0.25,23,700,0,0,0,0
1277,0578_c0002_010.jpg,578,1,-1,True,175,8550,0.42355849942120294,0.24544179523141654,3,713,0,1,1,1
1278,0578_c0002_015.jpg,578,1,-1,True,175,8550,0.35651368754748475,0.2581120943952802,16,678,0,0,0,1
1279,0578_c0002_020.jpg,578,1,-1,True,175,8550,0.43968202884229024,0.23148148148148148,9,756,0,0,1,1
1280,0578_c0003_000.jpg,578,2,-1,True,175,8550,0.8564666615888833,0.4768392370572207,1,367,1,1,1,1
1281,0578_c0003_005.jpg,578,2,-1,True,175,8550,0.8444362211705704,0.4430379746835443,1,395,1,1,1,1
1282,0578_c0003_010.jpg,578,2,-1,True,175,8550,0.8515996521540637,0.49295774647887325,1,355,1,1,1,1
1283,0578_c0003_015.jpg,578,2,-1,True,175,8550,0.8820092492769513,0.5892255892255892,1,297,1,1,1,1
1284,0578_c0003_020.jpg,578,2,-1,True,175,8550,0.8850708381774676,0.5892255892255892,1,297,1,1,1,1
1285,0578_c0004_000.jpg,578,3,-1,True,175,8550,0.7536031522599317,0.4581151832460733,1,382,1,1,1,1
1286,0578_c0004_005.jpg,578,3,-1,True,175,8550,0.7837146538861204,0.4794520547945205,1,365,1,1,1,1
1287,0578_c0004_010.jpg,578,3,-1,True,175,8550,0.7735493093079737,0.5239520958083832,1,334,1,1,1,1
1288,0578_c0004_015.jpg,578,3,-1,True,175,8550,0.8481197976037317,0.6410256410256411,1,273,1,1,1,1
1289,0578_c0004_020.jpg,578,3,-1,True,175,8550,0.8534961734014483,0.6205673758865248,1,282,1,1,1,1
1290,0578_c0005_000.jpg,578,4,-1,True,175,8550,0.952534890699128,0.46174142480211083,1,379,1,1,1,1
1291,0578_c0005_005.jpg,578,4,-1,True,175,8550,0.9202664405204648,0.4278728606356968,1,409,1,1,1,1
1292,0578_c0005_010.jpg,578,4,-1,True,175,8550,0.9173808275259547,0.4257907542579075,1,411,1,1,1,1
1293,0578_c0005_015.jpg,578,4,-1,True,175,8550,0.9347263042296151,0.48342541436464087,1,362,1,1,1,1
1294,0578_c0005_020.jpg,578,4,-1,True,175,8550,0.9086205863252427,0.5131964809384164,1,341,1,1,1,1
1295,0578_c0006_000.jpg,578,5,-1,True,175,8550,0.7699975836461309,0.22965879265091863,1,762,1,1,1,1
1296,0578_c0006_005.jpg,578,5,-1,True,175,8550,0.794990795347883,0.24893314366998578,1,703,1,1,1,1
1297,0578_c0006_010.jpg,578,5,-1,True,175,8550,0.7664509115826422,0.2532561505065123,1,691,1,1,1,1
1298,0578_c0006_015.jpg,578,5,-1,True,175,8550,0.7627627735217544,0.24613220815752462,1,711,1,1,1,1
1299,0578_c0006_020.jpg,578,5,-1,True,175,8550,0.7876872984206734,0.24717514124293785,1,708,1,1,1,1
1300,0578_c0007_000.jpg,578,6,-1,True,175,8550,0.9698920926167806,0.7918552036199095,1,221,1,1,1,1
1301,0578_c0007_005.jpg,578,6,-1,True,175,8550,0.8886657818352586,0.5972696245733788,1,293,1,1,1,1
1302,0578_c0007_010.jpg,578,6,-1,True,175,8550,0.9136321343314583,0.5972696245733788,1,293,1,1,1,1
1303,0578_c0007_015.jpg,578,6,-1,True,175,8550,0.9126478583727294,0.6410256410256411,1,273,1,1,1,1
1304,0578_c0007_020.jpg,578,6,-1,True,175,8550,0.9470569473775947,0.6730769230769231,1,260,1,1,1,1
1305,0578_c0008_000.jpg,578,7,-1,True,175,8550,0.6061963829715054,0.3995433789954338,1,438,1,1,1,1
1306,0578_c0008_005.jpg,578,7,-1,True,175,8550,0.6053994612271363,0.37393162393162394,1,468,1,1,1,1
1307,0578_c0008_010.jpg,578,7,-1,True,175,8550,0.5831979359304186,0.39503386004514673,1,443,1,1,1,1
1308,0578_c0008_015.jpg,578,7,-1,True,175,8550,0.581640564637239,0.41866028708133973,1,418,1,1,1,1
1309,0578_c0008_020.jpg,578,7,-1,True,175,8550,0.5910468223658736,0.39503386004514673,1,443,1,1,1,1
1310,0580_c0001_000.jpg,580,0,-1,True,175,8550,0.6147894995239385,0.43859649122807015,1,399,1,1,1,1
1311,0580_c0001_005.jpg,580,0,-1,True,175,8550,0.5988253386096822,0.3653444676409186,1,479,1,1,1,1
1312,0580_c0001_010.jpg,580,0,-1,True,175,8550,0.5564810087345193,0.3593429158110883,1,487,1,1,1,1
1313,0580_c0001_015.jpg,580,0,-1,True,175,8550,0.5937044530887342,0.43424317617866004,1,403,1,1,1,1
1314,0580_c0001_020.jpg,580,0,-1,True,175,8550,0.6184341860751109,0.47043010752688175,1,372,1,1,1,1
1315,0580_c0002_000.jpg,580,1,-1,True,175,8550,0.3454324926002001,0.27301092043681746,23,641,0,0,0,0
1316,0580_c0002_005.jpg,580,1,-1,True,175,8550,0.42956788040618415,0.2986348122866894,6,586,0,0,1,1
1317,0580_c0002_010.jpg,580,1,-1,True,175,8550,0.511033126348352,0.2751572327044025,1,636,1,1,1,1
1318,0580_c0002_015.jpg,580,1,-1,True,175,8550,0.5479274334414763,0.30701754385964913,1,570,1,1,1,1
1319,0580_c0002_020.jpg,580,1,-1,True,175,8550,0.6183241346897709,0.35353535353535354,1,495,1,1,1,1
1320,0580_c0003_000.jpg,580,2,-1,True,175,8550,0.8251789269656141,0.6578947368421053,1,266,1,1,1,1
1321,0580_c0003_005.jpg,580,2,-1,True,175,8550,0.8384683449702308,0.6653992395437263,1,263,1,1,1,1
1322,0580_c0003_010.jpg,580,2,-1,True,175,8550,0.7887561481711178,0.6505576208178439,1,269,1,1,1,1
1323,0580_c0003_015.jpg,580,2,-1,True,175,8550,0.7696944956228225,0.625,1,280,1,1,1,1
1324,0580_c0003_020.jpg,580,2,-1,True,175,8550,0.7974048429789898,0.6433823529411765,1,272,1,1,1,1
1325,0580_c0004_000.jpg,580,3,-1,True,175,8550,0.9975384979125139,0.9162303664921466,1,191,1,1,1,1
1326,0580_c0004_005.jpg,580,3,-1,True,175,8550,0.9946622003883487,0.8293838862559242,1,211,1,1,1,1
1327,0580_c0004_010.jpg,580,3,-1,True,175,8550,0.9965996762121472,0.8663366336633663,1,202,1,1,1,1
1328,0580_c0004_015.jpg,580,3,-1,True,175,8550,0.9921386962927854,0.7261410788381742,1,241,1,1,1,1
1329,0580_c0004_020.jpg,580,3,-1,True,175,8550,0.9773838458242351,0.6076388888888888,1,288,1,1,1,1
1330,0580_c0005_000.jpg,580,4,-1,True,175,8550,0.6496541182677876,0.4098360655737705,1,427,1,1,1,1
1331,0580_c0005_005.jpg,580,4,-1,True,175,8550,0.6651245124708172,0.4166666666666667,1,420,1,1,1,1
1332,0580_c0005_010.jpg,580,4,-1,True,175,8550,0.6681884539702391,0.4050925925925926,1,432,1,1,1,1
1333,0580_c0005_015.jpg,580,4,-1,True,175,8550,0.5973790908920228,0.3804347826086957,1,460,1,1,1,1
1334,0580_c0005_020.jpg,580,4,-1,True,175,8550,0.6212262872455884,0.3723404255319149,1,470,1,1,1,1
1335,0580_c0006_000.jpg,580,5,-1,True,175,8550,0.8582587237535741,0.5608974358974359,1,312,1,1,1,1
1336,0580_c0006_005.jpg,580,5,-1,True,175,8550,0.8490884729708796,0.5833333333333334,1,300,1,1,1,1
1337,0580_c0006_010.jpg,580,5,-1,True,175,8550,0.8209433876234818,0.5775577557755776,1,303,1,1,1,1
1338,0580_c0006_015.jpg,580,5,-1,True,175,8550,0.8565765740105037,0.5303030303030303,1,330,1,1,1,1
1339,0580_c0006_020.jpg,580,5,-1,True,175,8550,0.8444965041388632,0.4666666666666667,1,375,1,1,1,1
1340,0580_c0007_000.jpg,580,6,-1,True,175,8550,0.8573051039648768,0.7,1,250,1,1,1,1
1341,0580_c0007_005.jpg,580,6,-1,True,175,8550,0.8630786801409759,0.6862745098039216,1,255,1,1,1,1
1342,0580_c0007_010.jpg,580,6,-1,True,175,8550,0.9077603041226606,0.6944444444444444,1,252,1,1,1,1
1343,0580_c0007_015.jpg,580,6,-1,True,175,8550,0.8846685240112525,0.6363636363636364,1,275,1,1,1,1
1344,0580_c0007_020.jpg,580,6,-1,True,175,8550,0.9170403357157082,0.7028112449799196,1,249,1,1,1,1
1345,0580_c0008_000.jpg,580,7,-1,True,175,8550,0.8975795877452654,0.5368098159509203,1,326,1,1,1,1
1346,0580_c0008_005.jpg,580,7,-1,True,175,8550,0.895196350696532,0.5384615384615384,1,325,1,1,1,1
1347,0580_c0008_010.jpg,580,7,-1,True,175,8550,0.8966013833649632,0.5451713395638629,1,321,1,1,1,1
1348,0580_c0008_015.jpg,580,7,-1,True,175,8550,0.9069846645934135,0.54858934169279,1,319,1,1,1,1
1349,0580_c0008_020.jpg,580,7,-1,True,175,8550,0.9157838905555972,0.5303030303030303,1,330,1,1,1,1
1350,0582_c0001_000.jpg,582,0,-1,True,175,8550,0.8457096848793458,0.1303052866716307,1,1343,1,1,1,1
1351,0582_c0001_005.jpg,582,0,-1,True,175,8550,0.8812004202176724,0.19230769230769232,1,910,1,1,1,1
1352,0582_c0001_010.jpg,582,0,-1,True,175,8550,0.873601791194192,0.15751575157515751,1,1111,1,1,1,1
1353,0582_c0001_015.jpg,582,0,-1,True,175,8550,0.8912310468891503,0.23240371845949534,1,753,1,1,1,1
1354,0582_c0001_020.jpg,582,0,-1,True,175,8550,0.8822034802117371,0.20161290322580644,1,868,1,1,1,1
1355,0582_c0002_000.jpg,582,1,-1,True,175,8550,0.5505739668104651,0.17326732673267325,1,1010,1,1,1,1
1356,0582_c0002_005.jpg,582,1,-1,True,175,8550,0.5123602811784795,0.11856368563685638,1,1476,1,1,1,1
1357,0582_c0002_010.jpg,582,1,-1,True,175,8550,0.5609770332234962,0.17395626242544732,1,1006,1,1,1,1
1358,0582_c0002_015.jpg,582,1,-1,True,175,8550,0.5846854977579785,0.19931662870159453,1,878,1,1,1,1
1359,0582_c0002_020.jpg,582,1,-1,True,175,8550,0.5878088182294307,0.16875602700096431,1,1037,1,1,1,1
1360,0582_c0003_000.jpg,582,2,-1,True,175,8550,0.1936580862786112,0.10762607626076261,52,1626,0,0,0,0
1361,0582_c0003_005.jpg,582,2,-1,True,175,8550,0.2059531074152952,0.13187641296156744,50,1327,0,0,0,0
1362,0582_c0003_010.jpg,582,2,-1,True,175,8550,0.2350104362255466,0.14534883720930233,40,1204,0,0,0,0
1363,0582_c0003_015.jpg,582,2,-1,True,175,8550,0.2382006116260859,0.14619883040935672,33,1197,0,0,0,0
1364,0582_c0003_020.jpg,582,2,-1,True,175,8550,0.23588374005426171,0.15086206896551724,27,1160,0,0,0,0
1365,0582_c0004_000.jpg,582,3,-1,True,175,8550,0.6922820112710427,0.4820936639118457,1,363,1,1,1,1
1366,0582_c0004_005.jpg,582,3,-1,True,175,8550,0.7460304650195226,0.49157303370786515,1,356,1,1,1,1
1367,0582_c0004_010.jpg,582,3,-1,True,175,8550,0.8377345140183489,0.4861111111111111,1,360,1,1,1,1
1368,0582_c0004_015.jpg,582,3,-1,True,175,8550,0.7871002505685085,0.5287009063444109,1,331,1,1,1,1
1369,0582_c0004_020.jpg,582,3,-1,True,175,8550,0.8165132528431728,0.5756578947368421,1,304,1,1,1,1
1370,0582_c0005_000.jpg,582,4,-1,True,175,8550,0.8136930705673598,0.15283842794759825,1,1145,1,1,1,1
1371,0582_c0005_005.jpg,582,4,-1,True,175,8550,0.783643033535972,0.14817950889077053,1,1181,1,1,1,1
1372,0582_c0005_010.jpg,582,4,-1,True,175,8550,0.7396976209210918,0.1287711552612215,1,1359,1,1,1,1
1373,0582_c0005_015.jpg,582,4,-1,True,175,8550,0.7581064283604769,0.14309076042518398,1,1223,1,1,1,1
1374,0582_c0005_020.jpg,582,4,-1,True,175,8550,0.7922559204389862,0.15350877192982457,1,1140,1,1,1,1
1375,0582_c0006_000.jpg,582,5,-1,True,175,8550,0.8181161757330554,0.631768953068592,1,277,1,1,1,1
1376,0582_c0006_005.jpg,582,5,-1,True,175,8550,0.9035301099588707,0.6972111553784861,1,251,1,1,1,1
1377,0582_c0006_010.jpg,582,5,-1,True,175,8550,0.8459667184721495,0.6809338521400778,1,257,1,1,1,1
1378,0582_c0006_015.jpg,582,5,-1,True,175,8550,0.9114315271579975,0.7352941176470589,1,238,1,1,1,1
1379,0582_c0006_020.jpg,582,5,-1,True,175,8550,0.9104472914341744,0.7,1,250,1,1,1,1
1380,0582_c0007_000.jpg,582,6,-1,True,175,8550,0.8645753110298724,0.4278728606356968,1,409,1,1,1,1
1381,0582_c0007_005.jpg,582,6,-1,True,175,8550,0.8782221449545539,0.46296296296296297,1,378,1,1,1,1
1382,0582_c0007_010.jpg,582,6,-1,True,175,8550,0.8750833775190756,0.4581151832460733,1,382,1,1,1,1
1383,0582_c0007_015.jpg,582,6,-1,True,175,8550,0.8624751673698932,0.45454545454545453,1,385,1,1,1,1
1384,0582_c0007_020.jpg,582,6,-1,True,175,8550,0.8273410902984106,0.41766109785202865,1,419,1,1,1,1
1385,0582_c0008_000.jpg,582,7,-1,True,175,8550,0.7538166940145935,0.3796095444685466,1,461,1,1,1,1
1386,0582_c0008_005.jpg,582,7,-1,True,175,8550,0.780473524608941,0.34860557768924305,1,502,1,1,1,1
1387,0582_c0008_010.jpg,582,7,-1,True,175,8550,0.7388692195376746,0.33849129593810445,1,517,1,1,1,1
1388,0582_c0008_015.jpg,582,7,-1,True,175,8550,0.7801761223457251,0.34930139720558884,1,501,1,1,1,1
1389,0582_c0008_020.jpg,582,7,-1,True,175,8550,0.7543992403153599,0.32169117647058826,1,544,1,1,1,1
1390,0584_c0001_000.jpg,584,0,-1,True,175,8550,0.9108824435070069,0.5319148936170213,1,329,1,1,1,1
1391,0584_c0001_005.jpg,584,0,-1,True,175,8550,0.8804872288720181,0.4742547425474255,1,369,1,1,1,1
1392,0584_c0001_010.jpg,584,0,-1,True,175,8550,0.9088133467678238,0.5520504731861199,1,317,1,1,1,1
1393,0584_c0001_015.jpg,584,0,-1,True,175,8550,0.8822537827267021,0.49019607843137253,1,357,1,1,1,1
1394,0584_c0001_020.jpg,584,0,-1,True,175,8550,0.9321355377727608,0.7291666666666666,1,240,1,1,1,1
1395,0584_c0002_000.jpg,584,1,-1,True,175,8550,0.937646751906077,0.5932203389830508,1,295,1,1,1,1
1396,0584_c0002_005.jpg,584,1,-1,True,175,8550,0.9314958461011984,0.5663430420711975,1,309,1,1,1,1
1397,0584_c0002_010.jpg,584,1,-1,True,175,8550,0.9184916374252676,0.5368098159509203,1,326,1,1,1,1
1398,0584_c0002_015.jpg,584,1,-1,True,175,8550,0.9162772462954766,0.54858934169279,1,319,1,1,1,1
1399,0584_c0002_020.jpg,584,1,-1,True,175,8550,0.9146244243022165,0.5162241887905604,1,339,1,1,1,1
1400,0584_c0003_000.jpg,584,2,-1,True,175,8550,0.7252721358382408,0.352112676056338,1,497,1,1,1,1
1401,0584_c0003_005.jpg,584,2,-1,True,175,8550,0.757705771367425,0.4396984924623116,1,398,1,1,1,1
1402,0584_c0003_010.jpg,584,2,-1,True,175,8550,0.7644878100776146,0.45931758530183725,1,381,1,1,1,1
1403,0584_c0003_015.jpg,584,2,-1,True,175,8550,0.7871310045608418,0.5043227665706052,1,347,1,1,1,1
1404,0584_c0003_020.jpg,584,2,-1,True,175,8550,0.742660825786673,0.4278728606356968,1,409,1,1,1,1
1405,0584_c0004_000.jpg,584,3,-1,True,175,8550,0.9037113369597375,0.6972111553784861,1,251,1,1,1,1
1406,0584_c0004_005.jpg,584,3,-1,True,175,8550,0.9132405495892024,0.691699604743083,1,253,1,1,1,1
1407,0584_c0004_010.jpg,584,3,-1,True,175,8550,0.915257546355718,0.7291666666666666,1,240,1,1,1,1
1408,0584_c0004_015.jpg,584,3,-1,True,175,8550,0.9200111596019399,0.7113821138211383,1,246,1,1,1,1
1409,0584_c0004_020.jpg,584,3,-1,True,175,8550,0.8996512541153519,0.6386861313868614,1,274,1,1,1,1
1410,0584_c0005_000.jpg,584,4,-1,True,175,8550,0.8202933821526103,0.35860655737704916,1,488,1,1,1,1
1411,0584_c0005_005.jpg,584,4,-1,True,175,8550,0.8130253763172397,0.3707627118644068,1,472,1,1,1,1
1412,0584_c0005_010.jpg,584,4,-1,True,175,8550,0.7749265213030446,0.3796095444685466,1,461,1,1,1,1
1413,0584_c0005_015.jpg,584,4,-1,True,175,8550,0.7861725161700873,0.30017152658662094,1,583,1,1,1,1
1414,0584_c0005_020.jpg,584,4,-1,True,175,8550,0.7798076435490793,0.2808988764044944,1,623,1,1,1,1
1415,0584_c0006_000.jpg,584,5,-1,True,175,8550,0.9388240824979679,0.5451713395638629,1,321,1,1,1,1
1416,0584_c0006_005.jpg,584,5,-1,True,175,8550,0.9295915850184772,0.4605263157894737,1,380,1,1,1,1
1417,0584_c0006_010.jpg,584,5,-1,True,175,8550,0.92615251580747,0.43424317617866004,1,403,1,1,1,1
1418,0584_c0006_015.jpg,584,5,-1,True,175,8550,0.9203026223666821,0.39503386004514673,1,443,1,1,1,1
1419,0584_c0006_020.jpg,584,5,-1,True,175,8550,0.9171198544751349,0.38802660753880264,1,451,1,1,1,1
1420,0584_c0007_000.jpg,584,6,-1,True,175,8550,0.590049990826064,0.31876138433515483,1,549,1,1,1,1
1421,0584_c0007_005.jpg,584,6,-1,True,175,8550,0.6002748622322288,0.35,1,500,1,1,1,1
1422,0584_c0007_010.jpg,584,6,-1,True,175,8550,0.6265846546974498,0.3528225806451613,1,496,1,1,1,1
1423,0584_c0007_015.jpg,584,6,-1,True,175,8550,0.6052957000016761,0.32771535580524347,1,534,1,1,1,1
1424,0584_c0007_020.jpg,584,6,-1,True,175,8550,0.7047968065518209,0.4768392370572207,1,367,1,1,1,1
1425,0584_c0008_000.jpg,584,7,-1,True,175,8550,0.8025772920061536,0.587248322147651,1,298,1,1,1,1
1426,0584_c0008_005.jpg,584,7,-1,True,175,8550,0.8166176156088516,0.5912162162162162,1,296,1,1,1,1
1427,0584_c0008_010.jpg,584,7,-1,True,175,8550,0.7919320536933064,0.5993150684931506,1,292,1,1,1,1
1428,0584_c0008_015.jpg,584,7,-1,True,175,8550,0.7644083146264791,0.5681818181818182,1,308,1,1,1,1
1429,0584_c0008_020.jpg,584,7,-1,True,175,8550,0.746335221034583,0.5239520958083832,1,334,1,1,1,1
1430,0586_c0001_000.jpg,586,0,-1,True,175,8550,0.9989045174611949,0.9668508287292817,1,181,1,1,1,1
1431,0586_c0001_005.jpg,586,0,-1,True,175,8550,1.0,1.0,1,175,1,1,1,1
1432,0586_c0001_010.jpg,586,0,-1,True,175,8550,1.0,1.0,1,175,1,1,1,1
1433,0586_c0001_015.jpg,586,0,-1,True,175,8550,0.9995771160042835,0.9831460674157303,1,178,1,1,1,1
1434,0586_c0001_020.jpg,586,0,-1,True,175,8550,0.9986150000698152,0.9668508287292817,1,181,1,1,1,1
1435,0586_c0002_000.jpg,586,1,-1,True,175,8550,0.9597878877502661,0.6730769230769231,1,260,1,1,1,1
1436,0586_c0002_005.jpg,586,1,-1,True,175,8550,0.964068177708754,0.720164609053498,1,243,1,1,1,1
1437,0586_c0002_010.jpg,586,1,-1,True,175,8550,0.9653576178913834,0.660377358490566,1,265,1,1,1,1
1438,0586_c0002_015.jpg,586,1,-1,True,175,8550,0.9775065364701068,0.813953488372093,1,215,1,1,1,1
1439,0586_c0002_020.jpg,586,1,-1,True,175,8550,0.9642271756805822,0.7056451612903226,1,248,1,1,1,1
1440,0586_c0003_000.jpg,586,2,-1,True,175,8550,0.9519407998829066,0.5794701986754967,1,302,1,1,1,1
1441,0586_c0003_005.jpg,586,2,-1,True,175,8550,0.944493932173052,0.5591054313099042,1,313,1,1,1,1
1442,0586_c0003_010.jpg,586,2,-1,True,175,8550,0.9442421910578558,0.546875,1,320,1,1,1,1
1443,0586_c0003_015.jpg,586,2,-1,True,175,8550,0.9711566048101258,0.6782945736434108,1,258,1,1,1,1
1444,0586_c0003_020.jpg,586,2,-1,True,175,8550,0.9601739168978595,0.6183745583038869,1,283,1,1,1,1
1445,0586_c0004_000.jpg,586,3,-1,True,175,8550,1.0,1.0,1,175,1,1,1,1
1446,0586_c0004_005.jpg,586,3,-1,True,175,8550,1.0,1.0,1,175,1,1,1,1
1447,0586_c0004_010.jpg,586,3,-1,True,175,8550,1.0,1.0,1,175,1,1,1,1
1448,0586_c0004_015.jpg,586,3,-1,True,175,8550,1.0,1.0,1,175,1,1,1,1
1449,0586_c0004_020.jpg,586,3,-1,True,175,8550,1.0,1.0,1,175,1,1,1,1
1450,0586_c0005_000.jpg,586,4,-1,True,175,8550,1.0,1.0,1,175,1,1,1,1
1451,0586_c0005_005.jpg,586,4,-1,True,175,8550,1.0,1.0,1,175,1,1,1,1
1452,0586_c0005_010.jpg,586,4,-1,True,175,8550,1.0,1.0,1,175,1,1,1,1
1453,0586_c0005_015.jpg,586,4,-1,True,175,8550,1.0,1.0,1,175,1,1,1,1
1454,0586_c0005_020.jpg,586,4,-1,True,175,8550,1.0,1.0,1,175,1,1,1,1
1455,0586_c0006_000.jpg,586,5,-1,True,175,8550,1.0,1.0,1,175,1,1,1,1
1456,0586_c0006_005.jpg,586,5,-1,True,175,8550,1.0,1.0,1,175,1,1,1,1
1457,0586_c0006_010.jpg,586,5,-1,True,175,8550,1.0,1.0,1,175,1,1,1,1
1458,0586_c0006_015.jpg,586,5,-1,True,175,8550,1.0,1.0,1,175,1,1,1,1
1459,0586_c0006_020.jpg,586,5,-1,True,175,8550,1.0,1.0,1,175,1,1,1,1
1460,0586_c0007_000.jpg,586,6,-1,True,175,8550,1.0,1.0,1,175,1,1,1,1
1461,0586_c0007_005.jpg,586,6,-1,True,175,8550,1.0,1.0,1,175,1,1,1,1
1462,0586_c0007_010.jpg,586,6,-1,True,175,8550,1.0,1.0,1,175,1,1,1,1
1463,0586_c0007_015.jpg,586,6,-1,True,175,8550,1.0,1.0,1,175,1,1,1,1
1464,0586_c0007_020.jpg,586,6,-1,True,175,8550,1.0,1.0,1,175,1,1,1,1
1465,0586_c0008_000.jpg,586,7,-1,True,175,8550,1.0,1.0,1,175,1,1,1,1
1466,0586_c0008_005.jpg,586,7,-1,True,175,8550,1.0,1.0,1,175,1,1,1,1
1467,0586_c0008_010.jpg,586,7,-1,True,175,8550,1.0,1.0,1,175,1,1,1,1
1468,0586_c0008_015.jpg,586,7,-1,True,175,8550,1.0,1.0,1,175,1,1,1,1
1469,0586_c0008_020.jpg,586,7,-1,True,175,8550,1.0,1.0,1,175,1,1,1,1
1470,0588_c0001_000.jpg,588,0,-1,True,175,8550,0.9030551926938776,0.5,1,350,1,1,1,1
1471,0588_c0001_005.jpg,588,0,-1,True,175,8550,0.8969947852993541,0.5700325732899023,1,307,1,1,1,1
1472,0588_c0001_010.jpg,588,0,-1,True,175,8550,0.940190936675775,0.6529850746268657,1,268,1,1,1,1
1473,0588_c0001_015.jpg,588,0,-1,True,175,8550,0.9132045426019408,0.4807692307692308,1,364,1,1,1,1
1474,0588_c0001_020.jpg,588,0,-1,True,175,8550,0.9181473267173264,0.48476454293628807,1,361,1,1,1,1
1475,0588_c0002_000.jpg,588,1,-1,True,175,8550,0.8959405374309404,0.5087209302325582,1,344,1,1,1,1
1476,0588_c0002_005.jpg,588,1,-1,True,175,8550,0.9146720866779976,0.5520504731861199,1,317,1,1,1,1
1477,0588_c0002_010.jpg,588,1,-1,True,175,8550,0.9238054382644958,0.5993150684931506,1,292,1,1,1,1
1478,0588_c0002_015.jpg,588,1,-1,True,175,8550,0.9151413563412861,0.5932203389830508,1,295,1,1,1,1
1479,0588_c0002_020.jpg,588,1,-1,True,175,8550,0.9128887259891212,0.5287009063444109,1,331,1,1,1,1
1480,0588_c0003_000.jpg,588,2,-1,True,175,8550,0.9995976565490654,0.9943181818181818,1,176,1,1,1,1
1481,0588_c0003_005.jpg,588,2,-1,True,175,8550,0.9961204262138992,0.8928571428571429,1,196,1,1,1,1
1482,0588_c0003_010.jpg,588,2,-1,True,175,8550,0.9919251364578924,0.8454106280193237,1,207,1,1,1,1
1483,0588_c0003_015.jpg,588,2,-1,True,175,8550,0.9844799963045944,0.8254716981132075,1,212,1,1,1,1
1484,0588_c0003_020.jpg,588,2,-1,True,175,8550,0.9765044623242797,0.7322175732217573,1,239,1,1,1,1
1485,0588_c0004_000.jpg,588,3,-1,True,175,8550,0.663352523116126,0.32710280373831774,1,535,1,1,1,1
1486,0588_c0004_005.jpg,588,3,-1,True,175,8550,0.6575759794818208,0.32407407407407407,1,540,1,1,1,1
1487,0588_c0004_010.jpg,588,3,-1,True,175,8550,0.7175455681652836,0.36231884057971014,1,483,1,1,1,1
1488,0588_c0004_015.jpg,588,3,-1,True,175,8550,0.6382161429899633,0.315884476534296,1,554,1,1,1,1
1489,0588_c0004_020.jpg,588,3,-1,True,175,8550,0.6615548681971758,0.34516765285996054,1,507,1,1,1,1
1490,0588_c0005_000.jpg,588,4,-1,True,175,8550,0.9833168253516188,0.7847533632286996,1,223,1,1,1,1
1491,0588_c0005_005.jpg,588,4,-1,True,175,8550,0.97453576878527,0.7172131147540983,1,244,1,1,1,1
1492,0588_c0005_010.jpg,588,4,-1,True,175,8550,0.9788128874984441,0.7608695652173914,1,230,1,1,1,1
1493,0588_c0005_015.jpg,588,4,-1,True,175,8550,0.9909667188604785,0.8254716981132075,1,212,1,1,1,1
1494,0588_c0005_020.jpg,588,4,-1,True,175,8550,0.9964620790963928,0.8536585365853658,1,205,1,1,1,1
1495,0588_c0006_000.jpg,588,5,-1,True,175,8550,0.8694885589730986,0.875,1,200,1,1,1,1
1496,0588_c0006_005.jpg,588,5,-1,True,175,8550,0.9452509001353072,0.875,1,200,1,1,1,1
1497,0588_c0006_010.jpg,588,5,-1,True,175,8550,0.9547257432347995,0.875,1,200,1,1,1,1
1498,0588_c0006_015.jpg,588,5,-1,True,175,8550,0.942692195019022,0.875,1,200,1,1,1,1
1499,0588_c0006_020.jpg,588,5,-1,True,175,8550,0.9312127890114321,0.875,1,200,1,1,1,1
1500,0588_c0007_000.jpg,588,6,-1,True,175,8550,0.976294659829254,0.708502024291498,1,247,1,1,1,1
1501,0588_c0007_005.jpg,588,6,-1,True,175,8550,0.977040287748557,0.7608695652173914,1,230,1,1,1,1
1502,0588_c0007_010.jpg,588,6,-1,True,175,8550,0.9691851274182277,0.720164609053498,1,243,1,1,1,1
1503,0588_c0007_015.jpg,588,6,-1,True,175,8550,0.9994453579978602,0.9831460674157303,1,178,1,1,1,1
1504,0588_c0007_020.jpg,588,6,-1,True,175,8550,0.9980727235689872,0.9668508287292817,1,181,1,1,1,1
1505,0588_c0008_000.jpg,588,7,-1,True,175,8550,0.9652817472066135,0.8254716981132075,1,212,1,1,1,1
1506,0588_c0008_005.jpg,588,7,-1,True,175,8550,0.9572938148906345,0.8101851851851852,1,216,1,1,1,1
1507,0588_c0008_010.jpg,588,7,-1,True,175,8550,0.9718509816124787,0.7882882882882883,1,222,1,1,1,1
1508,0588_c0008_015.jpg,588,7,-1,True,175,8550,0.952490694674539,0.7709251101321586,1,227,1,1,1,1
1509,0588_c0008_020.jpg,588,7,-1,True,175,8550,0.9610354518956735,0.7675438596491229,1,228,1,1,1,1
1510,0590_c0001_000.jpg,590,0,-1,True,150,8550,1.0,1.0,1,150,1,1,1,1
1511,0590_c0001_005.jpg,590,0,-1,True,150,8550,1.0,1.0,1,150,1,1,1,1
1512,0590_c0001_010.jpg,590,0,-1,True,150,8550,1.0,1.0,1,150,1,1,1,1
1513,0590_c0001_015.jpg,590,0,-1,True,150,8550,1.0,1.0,1,150,1,1,1,1
1514,0590_c0001_020.jpg,590,0,-1,True,150,8550,1.0,1.0,1,150,1,1,1,1
1515,0590_c0002_000.jpg,590,1,-1,True,150,8550,1.0,1.0,1,150,1,1,1,1
1516,0590_c0002_005.jpg,590,1,-1,True,150,8550,0.9991842555032447,0.9433962264150944,1,159,1,1,1,1
1517,0590_c0002_010.jpg,590,1,-1,True,150,8550,0.9998268398268398,0.974025974025974,1,154,1,1,1,1
1518,0590_c0002_015.jpg,590,1,-1,True,150,8550,0.9907925895181142,0.8571428571428571,1,175,1,1,1,1
1519,0590_c0002_020.jpg,590,1,-1,True,150,8550,0.9999558498896247,0.9933774834437086,1,151,1,1,1,1
1520,0590_c0004_000.jpg,590,3,-1,True,150,8550,0.9684327434749371,0.6493506493506493,1,231,1,1,1,1
1521,0590_c0004_005.jpg,590,3,-1,True,150,8550,0.9398221540186406,0.5033557046979866,1,298,1,1,1,1
1522,0590_c0004_010.jpg,590,3,-1,True,150,8550,0.9590994521519114,0.6172839506172839,1,243,1,1,1,1
1523,0590_c0004_015.jpg,590,3,-1,True,150,8550,0.9153127181993905,0.4792332268370607,1,313,1,1,1,1
1524,0590_c0004_020.jpg,590,3,-1,True,150,8550,0.9422772188742916,0.5172413793103449,1,290,1,1,1,1
1525,0590_c0005_000.jpg,590,4,-1,True,150,8550,0.9985132308973212,0.9433962264150944,1,159,1,1,1,1
1526,0590_c0005_005.jpg,590,4,-1,True,150,8550,0.9974165633003526,0.9202453987730062,1,163,1,1,1,1
1527,0590_c0005_010.jpg,590,4,-1,True,150,8550,1.0,1.0,1,150,1,1,1,1
1528,0590_c0005_015.jpg,590,4,-1,True,150,8550,0.9763098328189165,0.8571428571428571,1,175,1,1,1,1
1529,0590_c0005_020.jpg,590,4,-1,True,150,8550,0.9964739063630423,0.9146341463414634,1,164,1,1,1,1
1530,0590_c0006_000.jpg,590,5,-1,True,150,8550,1.0,1.0,1,150,1,1,1,1
1531,0590_c0006_005.jpg,590,5,-1,True,150,8550,1.0,1.0,1,150,1,1,1,1
1532,0590_c0006_010.jpg,590,5,-1,True,150,8550,1.0,1.0,1,150,1,1,1,1
1533,0590_c0006_015.jpg,590,5,-1,True,150,8550,1.0,1.0,1,150,1,1,1,1
1534,0590_c0006_020.jpg,590,5,-1,True,150,8550,1.0,1.0,1,150,1,1,1,1
1535,0590_c0007_000.jpg,590,6,-1,True,150,8550,1.0,1.0,1,150,1,1,1,1
1536,0590_c0007_005.jpg,590,6,-1,True,150,8550,1.0,1.0,1,150,1,1,1,1
1537,0590_c0007_010.jpg,590,6,-1,True,150,8550,1.0,1.0,1,150,1,1,1,1
1538,0590_c0007_015.jpg,590,6,-1,True,150,8550,1.0,1.0,1,150,1,1,1,1
1539,0590_c0007_020.jpg,590,6,-1,True,150,8550,1.0,1.0,1,150,1,1,1,1
1540,0590_c0008_000.jpg,590,7,-1,True,150,8550,0.9964066163430384,0.9090909090909091,1,165,1,1,1,1
1541,0590_c0008_005.jpg,590,7,-1,True,150,8550,0.9991810729858295,0.9493670886075949,1,158,1,1,1,1
1542,0590_c0008_010.jpg,590,7,-1,True,150,8550,0.9535530347978636,0.7281553398058253,1,206,1,1,1,1
1543,0590_c0008_015.jpg,590,7,-1,True,150,8550,0.9917804184659224,0.8108108108108109,1,185,1,1,1,1
1544,0590_c0008_020.jpg,590,7,-1,True,150,8550,0.986348624153001,0.7978723404255319,1,188,1,1,1,1
1545,0592_c0001_000.jpg,592,0,-1,True,125,8550,0.9896242641272933,0.6756756756756757,1,185,1,1,1,1
1546,0592_c0001_005.jpg,592,0,-1,True,125,8550,0.9845446232613441,0.7183908045977011,1,174,1,1,1,1
1547,0592_c0001_010.jpg,592,0,-1,True,125,8550,0.9609007733686028,0.7142857142857143,1,175,1,1,1,1
1548,0592_c0001_015.jpg,592,0,-1,True,125,8550,0.9736353911828639,0.6906077348066298,1,181,1,1,1,1
1549,0592_c0001_020.jpg,592,0,-1,True,125,8550,0.9874502773070408,0.8012820512820513,1,156,1,1,1,1
1550,0592_c0002_000.jpg,592,1,-1,True,125,8550,0.9801514722896327,0.8333333333333334,1,150,1,1,1,1
1551,0592_c0002_005.jpg,592,1,-1,True,125,8550,0.9660038172664392,0.7621951219512195,1,164,1,1,1,1
1552,0592_c0002_010.jpg,592,1,-1,True,125,8550,0.96147843192005,0.7621951219512195,1,164,1,1,1,1
1553,0592_c0002_015.jpg,592,1,-1,True,125,8550,0.9597908117356455,0.7716049382716049,1,162,1,1,1,1
1554,0592_c0002_020.jpg,592,1,-1,True,125,8550,0.9571413352113123,0.6983240223463687,1,179,1,1,1,1
1555,0592_c0003_000.jpg,592,2,-1,True,125,8550,0.6190613969861267,0.3654970760233918,1,342,1,1,1,1
1556,0592_c0003_005.jpg,592,2,-1,True,125,8550,0.7728832336714335,0.43103448275862066,1,290,1,1,1,1
1557,0592_c0003_010.jpg,592,2,-1,True,125,8550,0.9295032484711122,0.4789272030651341,1,261,1,1,1,1
1558,0592_c0003_015.jpg,592,2,-1,True,125,8550,0.8603185893624599,0.3943217665615142,1,317,1,1,1,1
1559,0592_c0003_020.jpg,592,2,-1,True,125,8550,0.884709279682545,0.40064102564102566,1,312,1,1,1,1
1560,0592_c0005_000.jpg,592,4,-1,True,125,8550,0.9827246273591319,0.8389261744966443,1,149,1,1,1,1
1561,0592_c0005_005.jpg,592,4,-1,True,125,8550,0.9879463113144941,0.8620689655172413,1,145,1,1,1,1
1562,0592_c0005_010.jpg,592,4,-1,True,125,8550,0.9872912057657363,0.8389261744966443,1,149,1,1,1,1
1563,0592_c0005_015.jpg,592,4,-1,True,125,8550,0.9827220467833523,0.78125,1,160,1,1,1,1
1564,0592_c0005_020.jpg,592,4,-1,True,125,8550,0.9437666473895917,0.7142857142857143,1,175,1,1,1,1
1565,0592_c0006_000.jpg,592,5,-1,True,125,8550,0.9429841456937056,0.6127450980392157,1,204,1,1,1,1
1566,0592_c0006_005.jpg,592,5,-1,True,125,8550,0.9253925635365154,0.5165289256198347,1,242,1,1,1,1
1567,0592_c0006_010.jpg,592,5,-1,True,125,8550,0.9384329702640439,0.6410256410256411,1,195,1,1,1,1
1568,0592_c0006_015.jpg,592,5,-1,True,125,8550,0.9339599139950951,0.6410256410256411,1,195,1,1,1,1
1569,0592_c0006_020.jpg,592,5,-1,True,125,8550,0.9295665109714686,0.6345177664974619,1,197,1,1,1,1
1570,0592_c0007_000.jpg,592,6,-1,True,125,8550,0.9182730086541981,0.5186721991701245,1,241,1,1,1,1
1571,0592_c0007_005.jpg,592,6,-1,True,125,8550,0.9308407273844697,0.5605381165919282,1,223,1,1,1,1
1572,0592_c0007_010.jpg,592,6,-1,True,125,8550,0.9102978388393932,0.5040322580645161,1,248,1,1,1,1
1573,0592_c0007_015.jpg,592,6,-1,True,125,8550,0.9180318843452534,0.5186721991701245,1,241,1,1,1,1
1574,0592_c0007_020.jpg,592,6,-1,True,125,8550,0.9146017682980465,0.508130081300813,1,246,1,1,1,1
1575,0594_c0001_000.jpg,594,0,-1,True,150,8550,0.9986839986434487,0.9259259259259259,1,162,1,1,1,1
1576,0594_c0001_005.jpg,594,0,-1,True,150,8550,0.9979696451139409,0.8771929824561403,1,171,1,1,1,1
1577,0594_c0001_010.jpg,594,0,-1,True,150,8550,0.9308748485068289,0.704225352112676,1,213,1,1,1,1
1578,0594_c0001_015.jpg,594,0,-1,True,150,8550,0.9519983264023133,0.7281553398058253,1,206,1,1,1,1
1579,0594_c0001_020.jpg,594,0,-1,True,150,8550,0.9952969523217674,0.8670520231213873,1,173,1,1,1,1
1580,0594_c0002_000.jpg,594,1,-1,True,150,8550,1.0,1.0,1,150,1,1,1,1
1581,0594_c0002_005.jpg,594,1,-1,True,150,8550,1.0,1.0,1,150,1,1,1,1
1582,0594_c0002_010.jpg,594,1,-1,True,150,8550,1.0,1.0,1,150,1,1,1,1
1583,0594_c0002_015.jpg,594,1,-1,True,150,8550,1.0,1.0,1,150,1,1,1,1
1584,0594_c0002_020.jpg,594,1,-1,True,150,8550,1.0,1.0,1,150,1,1,1,1
1585,0594_c0003_000.jpg,594,2,-1,True,150,8550,0.8845386152597524,0.6666666666666666,1,225,1,1,1,1
1586,0594_c0003_005.jpg,594,2,-1,True,150,8550,0.8859271050097955,0.6666666666666666,1,225,1,1,1,1
1587,0594_c0003_010.jpg,594,2,-1,True,150,8550,0.8842539248636505,0.6666666666666666,1,225,1,1,1,1
1588,0594_c0003_015.jpg,594,2,-1,True,150,8550,0.911489189933283,0.6666666666666666,1,225,1,1,1,1
1589,0594_c0003_020.jpg,594,2,-1,True,150,8550,0.9247886270154223,0.6666666666666666,1,225,1,1,1,1
1590,0594_c0005_000.jpg,594,4,-1,True,150,8550,1.0,1.0,1,150,1,1,1,1
1591,0594_c0005_005.jpg,594,4,-1,True,150,8550,1.0,1.0,1,150,1,1,1,1
1592,0594_c0005_010.jpg,594,4,-1,True,150,8550,1.0,1.0,1,150,1,1,1,1
1593,0594_c0005_015.jpg,594,4,-1,True,150,8550,1.0,1.0,1,150,1,1,1,1
1594,0594_c0005_020.jpg,594,4,-1,True,150,8550,1.0,1.0,1,150,1,1,1,1
1595,0594_c0006_000.jpg,594,5,-1,True,150,8550,1.0,1.0,1,150,1,1,1,1
1596,0594_c0006_005.jpg,594,5,-1,True,150,8550,1.0,1.0,1,150,1,1,1,1
1597,0594_c0006_010.jpg,594,5,-1,True,150,8550,1.0,1.0,1,150,1,1,1,1
1598,0594_c0006_015.jpg,594,5,-1,True,150,8550,1.0,1.0,1,150,1,1,1,1
1599,0594_c0006_020.jpg,594,5,-1,True,150,8550,1.0,1.0,1,150,1,1,1,1
1600,0594_c0007_000.jpg,594,6,-1,True,150,8550,1.0,1.0,1,150,1,1,1,1
1601,0594_c0007_005.jpg,594,6,-1,True,150,8550,1.0,1.0,1,150,1,1,1,1
1602,0594_c0007_010.jpg,594,6,-1,True,150,8550,1.0,1.0,1,150,1,1,1,1
1603,0594_c0007_015.jpg,594,6,-1,True,150,8550,1.0,1.0,1,150,1,1,1,1
1604,0594_c0007_020.jpg,594,6,-1,True,150,8550,1.0,1.0,1,150,1,1,1,1
1605,0594_c0008_000.jpg,594,7,-1,True,150,8550,0.9092525681769041,0.6276150627615062,1,239,1,1,1,1
1606,0594_c0008_005.jpg,594,7,-1,True,150,8550,0.8305714759290308,0.5555555555555556,1,270,1,1,1,1
1607,0594_c0008_010.jpg,594,7,-1,True,150,8550,0.8488589005912911,0.5791505791505791,1,259,1,1,1,1
1608,0594_c0008_015.jpg,594,7,-1,True,150,8550,0.8590789487429052,0.6550218340611353,1,229,1,1,1,1
1609,0594_c0008_020.jpg,594,7,-1,True,150,8550,0.8371685259914724,0.6410256410256411,1,234,1,1,1,1
1610,0596_c0001_000.jpg,596,0,-1,True,175,8550,1.0,1.0,1,175,1,1,1,1
1611,0596_c0001_005.jpg,596,0,-1,True,175,8550,0.9996493245267436,0.9668508287292817,1,181,1,1,1,1
1612,0596_c0001_010.jpg,596,0,-1,True,175,8550,0.9945773371790645,0.7142857142857143,1,245,1,1,1,1
1613,0596_c0001_015.jpg,596,0,-1,True,175,8550,0.9902743023539331,0.7142857142857143,1,245,1,1,1,1
1614,0596_c0001_020.jpg,596,0,-1,True,175,8550,0.9968407766470218,0.8578431372549019,1,204,1,1,1,1
1615,0596_c0002_000.jpg,596,1,-1,True,175,8550,0.8891426354473277,0.390625,1,448,1,1,1,1
1616,0596_c0002_005.jpg,596,1,-1,True,175,8550,0.880025958214533,0.5368098159509203,1,326,1,1,1,1
1617,0596_c0002_010.jpg,596,1,-1,True,175,8550,0.8915241623671779,0.47554347826086957,1,368,1,1,1,1
1618,0596_c0002_015.jpg,596,1,-1,True,175,8550,0.8512098872783865,0.36610878661087864,1,478,1,1,1,1
1619,0596_c0002_020.jpg,596,1,-1,True,175,8550,0.8431806925211212,0.37154989384288745,1,471,1,1,1,1
1620,0596_c0003_000.jpg,596,2,-1,True,175,8550,0.9960892873110879,0.8883248730964467,1,197,1,1,1,1
1621,0596_c0003_005.jpg,596,2,-1,True,175,8550,0.9665294485939939,0.5892255892255892,1,297,1,1,1,1
1622,0596_c0003_010.jpg,596,2,-1,True,175,8550,0.9656236542663915,0.5718954248366013,1,306,1,1,1,1
1623,0596_c0003_015.jpg,596,2,-1,True,175,8550,0.9814561652016937,0.7352941176470589,1,238,1,1,1,1
1624,0596_c0003_020.jpg,596,2,-1,True,175,8550,0.989853511333966,0.8254716981132075,1,212,1,1,1,1
1625,0596_c0004_000.jpg,596,3,-1,True,175,8550,0.9839197410047801,0.7352941176470589,1,238,1,1,1,1
1626,0596_c0004_005.jpg,596,3,-1,True,175,8550,0.9847475594282494,0.7641921397379913,1,229,1,1,1,1
1627,0596_c0004_010.jpg,596,3,-1,True,175,8550,0.9864166593953293,0.7641921397379913,1,229,1,1,1,1
1628,0596_c0004_015.jpg,596,3,-1,True,175,8550,0.9972509990237571,0.8536585365853658,1,205,1,1,1,1
1629,0596_c0004_020.jpg,596,3,-1,True,175,8550,0.9975639465030679,0.8373205741626795,1,209,1,1,1,1
1630,0596_c0005_000.jpg,596,4,-1,True,175,8550,0.9644845797682904,0.875,1,200,1,1,1,1
1631,0596_c0005_005.jpg,596,4,-1,True,175,8550,0.9860104682401087,0.875,1,200,1,1,1,1
1632,0596_c0005_010.jpg,596,4,-1,True,175,8550,0.9495941108224737,0.6809338521400778,1,257,1,1,1,1
1633,0596_c0005_015.jpg,596,4,-1,True,175,8550,0.966188166096681,0.8620689655172413,1,203,1,1,1,1
1634,0596_c0005_020.jpg,596,4,-1,True,175,8550,0.9562407515397834,0.78125,1,224,1,1,1,1
1635,0596_c0006_000.jpg,596,5,-1,True,175,8550,1.0,1.0,1,175,1,1,1,1
1636,0596_c0006_005.jpg,596,5,-1,True,175,8550,1.0,1.0,1,175,1,1,1,1
1637,0596_c0006_010.jpg,596,5,-1,True,175,8550,1.0,1.0,1,175,1,1,1,1
1638,0596_c0006_015.jpg,596,5,-1,True,175,8550,1.0,1.0,1,175,1,1,1,1
1639,0596_c0006_020.jpg,596,5,-1,True,175,8550,1.0,1.0,1,175,1,1,1,1
1640,0596_c0007_000.jpg,596,6,-1,True,175,8550,1.0,1.0,1,175,1,1,1,1
1641,0596_c0007_005.jpg,596,6,-1,True,175,8550,1.0,1.0,1,175,1,1,1,1
1642,0596_c0007_010.jpg,596,6,-1,True,175,8550,1.0,1.0,1,175,1,1,1,1
1643,0596_c0007_015.jpg,596,6,-1,True,175,8550,1.0,1.0,1,175,1,1,1,1
1644,0596_c0007_020.jpg,596,6,-1,True,175,8550,1.0,1.0,1,175,1,1,1,1
1645,0596_c0008_000.jpg,596,7,-1,True,175,8550,1.0,1.0,1,175,1,1,1,1
1646,0596_c0008_005.jpg,596,7,-1,True,175,8550,1.0,1.0,1,175,1,1,1,1
1647,0596_c0008_010.jpg,596,7,-1,True,175,8550,1.0,1.0,1,175,1,1,1,1
1648,0596_c0008_015.jpg,596,7,-1,True,175,8550,1.0,1.0,1,175,1,1,1,1
1649,0596_c0008_020.jpg,596,7,-1,True,175,8550,1.0,1.0,1,175,1,1,1,1
1650,0598_c0001_000.jpg,598,0,-1,True,100,8550,0.9290804400712667,0.5882352941176471,1,170,1,1,1,1
1651,0598_c0001_005.jpg,598,0,-1,True,100,8550,0.9924621491716552,0.847457627118644,1,118,1,1,1,1
1652,0598_c0001_010.jpg,598,0,-1,True,100,8550,1.0,1.0,1,100,1,1,1,1
1653,0598_c0001_015.jpg,598,0,-1,True,100,8550,1.0,1.0,1,100,1,1,1,1
1654,0598_c0001_020.jpg,598,0,-1,True,100,8550,0.9978038060305162,0.9803921568627451,1,102,1,1,1,1
1655,0598_c0002_000.jpg,598,1,-1,True,100,8550,1.0,1.0,1,100,1,1,1,1
1656,0598_c0002_005.jpg,598,1,-1,True,100,8550,1.0,1.0,1,100,1,1,1,1
1657,0598_c0002_010.jpg,598,1,-1,True,100,8550,1.0,1.0,1,100,1,1,1,1
1658,0598_c0002_015.jpg,598,1,-1,True,100,8550,1.0,1.0,1,100,1,1,1,1
1659,0598_c0002_020.jpg,598,1,-1,True,100,8550,1.0,1.0,1,100,1,1,1,1
1660,0598_c0003_000.jpg,598,2,-1,True,100,8550,0.9923367138176014,0.6535947712418301,1,153,1,1,1,1
1661,0598_c0003_005.jpg,598,2,-1,True,100,8550,0.9800158986525129,0.5,1,200,1,1,1,1
1662,0598_c0003_010.jpg,598,2,-1,True,100,8550,0.9758500872492436,0.49261083743842365,1,203,1,1,1,1
1663,0598_c0003_015.jpg,598,2,-1,True,100,8550,0.9812602856486531,0.5617977528089888,1,178,1,1,1,1
1664,0598_c0003_020.jpg,598,2,-1,True,100,8550,0.9779892204572294,0.5263157894736842,1,190,1,1,1,1
1665,0598_c0007_000.jpg,598,6,-1,True,100,8550,0.7843820913582124,0.3105590062111801,1,322,1,1,1,1
1666,0598_c0007_005.jpg,598,6,-1,True,100,8550,0.811337762549895,0.35842293906810035,1,279,1,1,1,1
1667,0598_c0007_010.jpg,598,6,-1,True,100,8550,0.8086802173806824,0.36231884057971014,1,276,1,1,1,1
1668,0598_c0007_015.jpg,598,6,-1,True,100,8550,0.803300282939055,0.31446540880503143,1,318,1,1,1,1
1669,0598_c0007_020.jpg,598,6,-1,True,100,8550,0.800993138189756,0.3401360544217687,1,294,1,1,1,1
1670,0598_c0008_000.jpg,598,7,-1,True,100,8550,0.7874436778915606,0.37174721189591076,1,269,1,1,1,1
1671,0598_c0008_005.jpg,598,7,-1,True,100,8550,0.8313608433544057,0.49504950495049505,1,202,1,1,1,1
1672,0598_c0008_010.jpg,598,7,-1,True,100,8550,0.8432260695595711,0.5235602094240838,1,191,1,1,1,1
1673,0598_c0008_015.jpg,598,7,-1,True,100,8550,0.8376706820904306,0.5181347150259067,1,193,1,1,1,1
1674,0598_c0008_020.jpg,598,7,-1,True,100,8550,0.8779465235681317,0.5714285714285714,1,175,1,1,1,1
1675,0600_c0001_000.jpg,600,0,-1,True,175,8550,0.9538403842981696,0.5162241887905604,1,339,1,1,1,1
1676,0600_c0001_005.jpg,600,0,-1,True,175,8550,0.9704203192188551,0.6097560975609756,1,287,1,1,1,1
1677,0600_c0001_010.jpg,600,0,-1,True,175,8550,0.9584708280875319,0.4794520547945205,1,365,1,1,1,1
1678,0600_c0001_015.jpg,600,0,-1,True,175,8550,0.9654479530969194,0.6862745098039216,1,255,1,1,1,1
1679,0600_c0001_020.jpg,600,0,-1,True,175,8550,0.9707027722119103,0.7113821138211383,1,246,1,1,1,1
1680,0600_c0002_000.jpg,600,1,-1,True,175,8550,0.836811166563489,0.1590909090909091,1,1100,1,1,1,1
1681,0600_c0002_005.jpg,600,1,-1,True,175,8550,0.6760908186584529,0.11697860962566844,1,1496,1,1,1,1
1682,0600_c0002_010.jpg,600,1,-1,True,175,8550,0.48894015327207935,0.09500542888165038,11,1842,0,0,0,1
1683,0600_c0002_015.jpg,600,1,-1,True,175,8550,0.551233031616643,0.13059701492537312,5,1340,0,1,1,1
1684,0600_c0002_020.jpg,600,1,-1,True,175,8550,0.4448161518381974,0.10204081632653061,18,1715,0,0,0,1
1685,0600_c0003_000.jpg,600,2,-1,True,175,8550,0.9997409682378042,0.9831460674157303,1,178,1,1,1,1
1686,0600_c0003_005.jpg,600,2,-1,True,175,8550,0.9998699380161182,0.9887005649717514,1,177,1,1,1,1
1687,0600_c0003_010.jpg,600,2,-1,True,175,8550,1.0,1.0,1,175,1,1,1,1
1688,0600_c0003_015.jpg,600,2,-1,True,175,8550,1.0,1.0,1,175,1,1,1,1
1689,0600_c0003_020.jpg,600,2,-1,True,175,8550,1.0,1.0,1,175,1,1,1,1
1690,0600_c0004_000.jpg,600,3,-1,True,175,8550,0.9170867130097491,0.2044392523364486,1,856,1,1,1,1
1691,0600_c0004_005.jpg,600,3,-1,True,175,8550,0.9278029694074967,0.2517985611510791,1,695,1,1,1,1
1692,0600_c0004_010.jpg,600,3,-1,True,175,8550,0.8956351112080269,0.15164644714038128,1,1154,1,1,1,1
1693,0600_c0004_015.jpg,600,3,-1,True,175,8550,0.8955842055508437,0.15283842794759825,1,1145,1,1,1,1
1694,0600_c0004_020.jpg,600,3,-1,True,175,8550,0.8776457982732411,0.09610104338275673,1,1821,1,1,1,1
1695,0600_c0005_000.jpg,600,4,-1,True,175,8550,0.9590425645368638,0.48342541436464087,1,362,1,1,1,1
1696,0600_c0005_005.jpg,600,4,-1,True,175,8550,0.9829426927290303,0.6118881118881119,1,286,1,1,1,1
1697,0600_c0005_010.jpg,600,4,-1,True,175,8550,0.9897697350291982,0.7446808510638298,1,235,1,1,1,1
1698,0600_c0005_015.jpg,600,4,-1,True,175,8550,0.9733865771003252,0.6294964028776978,1,278,1,1,1,1
1699,0600_c0005_020.jpg,600,4,-1,True,175,8550,0.9875035302395944,0.708502024291498,1,247,1,1,1,1
1700,0600_c0006_000.jpg,600,5,-1,True,175,8550,1.0,1.0,1,175,1,1,1,1
1701,0600_c0006_005.jpg,600,5,-1,True,175,8550,1.0,1.0,1,175,1,1,1,1
1702,0600_c0006_010.jpg,600,5,-1,True,175,8550,1.0,1.0,1,175,1,1,1,1
1703,0600_c0006_015.jpg,600,5,-1,True,175,8550,1.0,1.0,1,175,1,1,1,1
1704,0600_c0006_020.jpg,600,5,-1,True,175,8550,1.0,1.0,1,175,1,1,1,1
1705,0600_c0007_000.jpg,600,6,-1,True,175,8550,1.0,1.0,1,175,1,1,1,1
1706,0600_c0007_005.jpg,600,6,-1,True,175,8550,0.9996048632218845,0.9308510638297872,1,188,1,1,1,1
1707,0600_c0007_010.jpg,600,6,-1,True,175,8550,1.0,1.0,1,175,1,1,1,1
1708,0600_c0007_015.jpg,600,6,-1,True,175,8550,0.9998105761641672,0.9668508287292817,1,181,1,1,1,1
1709,0600_c0007_020.jpg,600,6,-1,True,175,8550,0.9980865772387298,0.8663366336633663,1,202,1,1,1,1
1710,0600_c0008_000.jpg,600,7,-1,True,175,8550,0.9999675324675324,0.9943181818181818,1,176,1,1,1,1
1711,0600_c0008_005.jpg,600,7,-1,True,175,8550,1.0,1.0,1,175,1,1,1,1
1712,0600_c0008_010.jpg,600,7,-1,True,175,8550,1.0,1.0,1,175,1,1,1,1
1713,0600_c0008_015.jpg,600,7,-1,True,175,8550,1.0,1.0,1,175,1,1,1,1
1714,0600_c0008_020.jpg,600,7,-1,True,175,8550,1.0,1.0,1,175,1,1,1,1
