query_index,name,identity,camera,scene,valid,relevant_gallery,kept_gallery,AP,INP,first_match,last_match,Rank-1,Rank-5,Rank-10,Rank-20
0,0502_c0001_000.jpg,502,0,-1,True,175,8550,0.7170643886609795,0.4807692307692308,1,364,1,1,1,1
1,0502_c0001_005.jpg,502,0,-1,True,175,8550,0.6957141882899124,0.4971590909090909,1,352,1,1,1,1
2,0502_c0001_010.jpg,502,0,-1,True,175,8550,0.7053889677330564,0.4781420765027322,1,366,1,1,1,1
3,0502_c0001_015.jpg,502,0,-1,True,175,8550,0.7094798580898112,0.5057803468208093,1,346,1,1,1,1
4,0502_c0001_020.jpg,502,0,-1,True,175,8550,0.7178461876408266,0.5287009063444109,1,331,1,1,1,1
5,0502_c0002_000.jpg,502,1,-1,True,175,8550,0.8665474624485046,0.4654255319148936,1,376,1,1,1,1
6,0502_c0002_005.jpg,502,1,-1,True,175,8550,0.8647082595394555,0.4654255319148936,1,376,1,1,1,1
7,0502_c0002_010.jpg,502,1,-1,True,175,8550,0.8625770352729669,0.4691689008042895,1,373,1,1,1,1
8,0502_c0002_015.jpg,502,1,-1,True,175,8550,0.8705067363949953,0.4943502824858757,1,354,1,1,1,1
9,0502_c0002_020.jpg,502,1,-1,True,175,8550,0.8887985748975952,0.5351681957186545,1,327,1,1,1,1
10,0502_c0003_000.jpg,502,2,-1,True,175,8550,0.6671361924655105,0.2951096121416526,1,593,1,1,1,1
11,0502_c0003_005.jpg,502,2,-1,True,175,8550,0.66678750103882,0.2976190476190476,1,588,1,1,1,1
12,0502_c0003_010.jpg,502,2,-1,True,175,8550,0.6724900439702353,0.2921535893155259,1,599,1,1,1,1
13,0502_c0003_015.jpg,502,2,-1,True,175,8550,0.6911992156395981,0.3170289855072464,1,552,1,1,1,1
14,0502_c0003_020.jpg,502,2,-1,True,175,8550,0.6738318137568969,0.27386541471048514,1,639,1,1,1,1
15,0502_c0004_000.jpg,502,3,-1,True,175,8550,0.8499556594718322,0.32051282051282054,1,546,1,1,1,1
16,0502_c0004_005.jpg,502,3,-1,True,175,8550,0.8699727784278609,0.37154989384288745,1,471,1,1,1,1
17,0502_c0004_010.jpg,502,3,-1,True,175,8550,0.8733897857132079,0.4098360655737705,1,427,1,1,1,1
18,0502_c0004_015.jpg,502,3,-1,True,175,8550,0.89106966639083,0.47297297297297297,1,370,1,1,1,1
19,0502_c0004_020.jpg,502,3,-1,True,175,8550,0.8698213696097108,0.37553648068669526,1,466,1,1,1,1
20,0502_c0005_000.jpg,502,4,-1,True,175,8550,0.8740484029962714,0.6272401433691757,1,279,1,1,1,1
21,0502_c0005_005.jpg,502,4,-1,True,175,8550,0.8862839089019177,0.6653992395437263,1,263,1,1,1,1
22,0502_c0005_010.jpg,502,4,-1,True,175,8550,0.8739712270854056,0.631768953068592,1,277,1,1,1,1
23,0502_c0005_015.jpg,502,4,-1,True,175,8550,0.88062978558281,0.6529850746268657,1,268,1,1,1,1
24,0502_c0005_020.jpg,502,4,-1,True,175,8550,0.9020176151535512,0.720164609053498,1,243,1,1,1,1
25,0502_c0006_000.jpg,502,5,-1,True,175,8550,0.7000747929212363,0.38631346578366443,1,453,1,1,1,1
26,0502_c0006_005.jpg,502,5,-1,True,175,8550,0.7184445834713412,0.40045766590389015,1,437,1,1,1,1
27,0502_c0006_010.jpg,502,5,-1,True,175,8550,0.6980416432046379,0.39592760180995473,1,442,1,1,1,1
28,0502_c0006_015.jpg,502,5,-1,True,175,8550,0.680437521644683,0.390625,1,448,1,1,1,1
29,0502_c0006_020.jpg,502,5,-1,True,175,8550,0.6614622782704723,0.3977272727272727,1,440,1,1,1,1
30,0502_c0007_000.jpg,502,6,-1,True,175,8550,0.9230970860684511,0.7777777777777778,1,225,1,1,1,1
31,0502_c0007_005.jpg,502,6,-1,True,175,8550,0.9469873346087193,0.7777777777777778,1,225,1,1,1,1
32,0502_c0007_010.jpg,502,6,-1,True,175,8550,0.9288477379124629,0.7777777777777778,1,225,1,1,1,1
33,0502_c0007_015.jpg,502,6,-1,True,175,8550,0.9282412733519502,0.7777777777777778,1,225,1,1,1,1
34,0502_c0007_020.jpg,502,6,-1,True,175,8550,0.9258038952586997,0.7777777777777778,1,225,1,1,1,1
35,0502_c0008_000.jpg,502,7,-1,True,175,8550,1.0,1.0,1,175,1,1,1,1
36,0502_c0008_005.jpg,502,7,-1,True,175,8550,1.0,1.0,1,175,1,1,1,1
37,0502_c0008_010.jpg,502,7,-1,True,175,8550,1.0,1.0,1,175,1,1,1,1
38,0502_c0008_015.jpg,502,7,-1,True,175,8550,1.0,1.0,1,175,1,1,1,1
39,0502_c0008_020.jpg,502,7,-1,True,175,8550,1.0,1.0,1,175,1,1,1,1
40,0504_c0001_000.jpg,504,0,-1,True,150,8550,0.9554209859952926,0.746268656716418,1,201,1,1,1,1
41,0504_c0001_005.jpg,504,0,-1,True,150,8550,0.9552288666749246,0.75,1,200,1,1,1,1
42,0504_c0001_010.jpg,504,0,-1,True,150,8550,0.9550168429863053,0.7425742574257426,1,202,1,1,1,1
43,0504_c0001_015.jpg,504,0,-1,True,150,8550,0.9555305851522644,0.746268656716418,1,201,1,1,1,1
44,0504_c0001_020.jpg,504,0,-1,True,150,8550,0.9550168429863053,0.7425742574257426,1,202,1,1,1,1
45,0504_c0002_000.jpg,504,1,-1,True,150,8550,0.8619439344618373,0.8571428571428571,1,175,1,1,1,1
46,0504_c0002_005.jpg,504,1,-1,True,150,8550,0.8596651330034304,0.8571428571428571,1,175,1,1,1,1
47,0504_c0002_010.jpg,504,1,-1,True,150,8550,0.8600944259327233,0.8571428571428571,1,175,1,1,1,1
48,0504_c0002_015.jpg,504,1,-1,True,150,8550,0.8615283794086446,0.8571428571428571,1,175,1,1,1,1
49,0504_c0002_020.jpg,504,1,-1,True,150,8550,0.8625445512737444,0.8571428571428571,1,175,1,1,1,1
50,0504_c0003_000.jpg,504,2,-1,True,150,8550,0.9934026388380802,0.8771929824561403,1,171,1,1,1,1
51,0504_c0003_005.jpg,504,2,-1,True,150,8550,0.9737786694613544,0.7853403141361257,1,191,1,1,1,1
52,0504_c0003_010.jpg,504,2,-1,True,150,8550,0.9956042132938128,0.9036144578313253,1,166,1,1,1,1
53,0504_c0003_015.jpg,504,2,-1,True,150,8550,0.9950789918847531,0.8823529411764706,1,170,1,1,1,1
54,0504_c0003_020.jpg,504,2,-1,True,150,8550,1.0,1.0,1,150,1,1,1,1
55,0504_c0005_000.jpg,504,4,-1,True,150,8550,0.9743874213402066,0.8571428571428571,1,175,1,1,1,1
56,0504_c0005_005.jpg,504,4,-1,True,150,8550,0.9843792139047014,0.8670520231213873,1,173,1,1,1,1
57,0504_c0005_010.jpg,504,4,-1,True,150,8550,0.9977303087579986,0.9316770186335404,1,161,1,1,1,1
58,0504_c0005_015.jpg,504,4,-1,True,150,8550,0.9824619273569138,0.8670520231213873,1,173,1,1,1,1
59,0504_c0005_020.jpg,504,4,-1,True,150,8550,0.9745356729443919,0.8571428571428571,1,175,1,1,1,1
60,0504_c0006_000.jpg,504,5,-1,True,150,8550,1.0,1.0,1,150,1,1,1,1
61,0504_c0006_005.jpg,504,5,-1,True,150,8550,1.0,1.0,1,150,1,1,1,1
62,0504_c0006_010.jpg,504,5,-1,True,150,8550,1.0,1.0,1,150,1,1,1,1
63,0504_c0006_015.jpg,504,5,-1,True,150,8550,1.0,1.0,1,150,1,1,1,1
64,0504_c0006_020.jpg,504,5,-1,True,150,8550,1.0,1.0,1,150,1,1,1,1
65,0504_c0007_000.jpg,504,6,-1,True,150,8550,0.9819472961043954,0.8571428571428571,1,175,1,1,1,1
66,0504_c0007_005.jpg,504,6,-1,True,150,8550,0.9876090472579089,0.8670520231213873,1,173,1,1,1,1
67,0504_c0007_010.jpg,504,6,-1,True,150,8550,0.9888955081354138,0.8771929824561403,1,171,1,1,1,1
68,0504_c0007_015.jpg,504,6,-1,True,150,8550,0.9893752890301118,0.8823529411764706,1,170,1,1,1,1
69,0504_c0007_020.jpg,504,6,-1,True,150,8550,0.9971602955140119,0.9259259259259259,1,162,1,1,1,1
70,0504_c0008_000.jpg,504,7,-1,True,150,8550,0.9604733412501806,0.8571428571428571,1,175,1,1,1,1
71,0504_c0008_005.jpg,504,7,-1,True,150,8550,0.9747245941343768,0.8571428571428571,1,175,1,1,1,1
72,0504_c0008_010.jpg,504,7,-1,True,150,8550,0.9634874969740443,0.8571428571428571,1,175,1,1,1,1
73,0504_c0008_015.jpg,504,7,-1,True,150,8550,0.969918633209503,0.8571428571428571,1,175,1,1,1,1
74,0504_c0008_020.jpg,504,7,-1,True,150,8550,0.9904768977186426,0.8823529411764706,1,170,1,1,1,1
75,0506_c0001_000.jpg,506,0,-1,True,175,8550,0.7195482276583134,0.4581151832460733,1,382,1,1,1,1
76,0506_c0001_005.jpg,506,0,-1,True,175,8550,0.6704833030014764,0.4375,1,400,1,1,1,1
77,0506_c0001_010.jpg,506,0,-1,True,175,8550,0.6698026867747784,0.4206730769230769,1,416,1,1,1,1
78,0506_c0001_015.jpg,506,0,-1,True,175,8550,0.6460093089079862,0.3771551724137931,1,464,1,1,1,1
79,0506_c0001_020.jpg,506,0,-1,True,175,8550,0.6586599824694496,0.38631346578366443,1,453,1,1,1,1
80,0506_c0002_000.jpg,506,1,-1,True,175,8550,0.8754226741614037,0.107958050586058,1,1621,1,1,1,1
81,0506_c0002_005.jpg,506,1,-1,True,175,8550,0.876931375572199,0.11904761904761904,1,1470,1,1,1,1
82,0506_c0002_010.jpg,506,1,-1,True,175,8550,0.8757677849079558,0.11422976501305483,1,1532,1,1,1,1
83,0506_c0002_015.jpg,506,1,-1,True,175,8550,0.8791873258105326,0.1298219584569733,1,1348,1,1,1,1
84,0506_c0002_020.jpg,506,1,-1,True,175,8550,0.8763867456723308,0.11378413524057217,1,1538,1,1,1,1
85,0506_c0003_000.jpg,506,2,-1,True,175,8550,0.7849344422464147,0.23427041499330656,1,747,1,1,1,1
86,0506_c0003_005.jpg,506,2,-1,True,175,8550,0.7926795715576046,0.24717514124293785,1,708,1,1,1,1
87,0506_c0003_010.jpg,506,2,-1,True,175,8550,0.7879371067501596,0.2407152682255846,1,727,1,1,1,1
88,0506_c0003_015.jpg,506,2,-1,True,175,8550,0.8029109244880388,0.2700617283950617,1,648,1,1,1,1
89,0506_c0003_020.jpg,506,2,-1,True,175,8550,0.7917470222059712,0.258493353028065,1,677,1,1,1,1
90,0506_c0004_000.jpg,506,3,-1,True,175,8550,0.7841133128448649,0.1650943396226415,1,1060,1,1,1,1
91,0506_c0004_005.jpg,506,3,-1,True,175,8550,0.7993362342695706,0.16826923076923078,1,1040,1,1,1,1
92,0506_c0004_010.jpg,506,3,-1,True,175,8550,0.788086151754547,0.17326732673267325,1,1010,1,1,1,1
93,0506_c0004_015.jpg,506,3,-1,True,175,8550,0.7933263357822607,0.16233766233766234,1,1078,1,1,1,1
94,0506_c0004_020.jpg,506,3,-1,True,175,8550,0.7901221289682758,0.16698473282442747,1,1048,1,1,1,1
95,0506_c0005_000.jpg,506,4,-1,True,175,8550,0.1284918686263597,0.0711671411142741,153,2459,0,0,0,0
96,0506_c0005_005.jpg,506,4,-1,True,175,8550,0.1528921541983553,0.07608695652173914,101,2300,0,0,0,0
97,0506_c0005_010.jpg,506,4,-1,True,175,8550,0.14863525915932527,0.07346767422334173,101,2382,0,0,0,0
98,0506_c0005_015.jpg,506,4,-1,True,175,8550,0.15890999227495997,0.07932910244786945,108,2206,0,0,0,0
99,0506_c0005_020.jpg,506,4,-1,True,175,8550,0.15795580023527217,0.07267441860465117,101,2408,0,0,0,0
100,0506_c0006_000.jpg,506,5,-1,True,175,8550,0.7848320423004626,0.18041237113402062,1,970,1,1,1,1
101,0506_c0006_005.jpg,506,5,-1,True,175,8550,0.7887482347832008,0.1853813559322034,1,944,1,1,1,1
102,0506_c0006_010.jpg,506,5,-1,True,175,8550,0.7832830481276798,0.1849894291754757,1,946,1,1,1,1
103,0506_c0006_015.jpg,506,5,-1,True,175,8550,0.7936574561730013,0.1891891891891892,1,925,1,1,1,1
104,0506_c0006_020.jpg,506,5,-1,True,175,8550,0.7877246191436328,0.18617021276595744,1,940,1,1,1,1
105,0506_c0007_000.jpg,506,6,-1,True,175,8550,0.8833519011814264,0.23333333333333334,1,750,1,1,1,1
106,0506_c0007_005.jpg,506,6,-1,True,175,8550,0.8941812030226655,0.25925925925925924,1,675,1,1,1,1
107,0506_c0007_010.jpg,506,6,-1,True,175,8550,0.8921386371360673,0.24787535410764872,1,706,1,1,1,1
108,0506_c0007_015.jpg,506,6,-1,True,175,8550,0.8894143444936218,0.23972602739726026,1,730,1,1,1,1
109,0506_c0007_020.jpg,506,6,-1,True,175,8550,0.885835269205328,0.22264631043256997,1,786,1,1,1,1
110,0506_c0008_000.jpg,506,7,-1,True,175,8550,0.736017252424673,0.1997716894977169,1,876,1,1,1,1
111,0506_c0008_005.jpg,506,7,-1,True,175,8550,0.7333473536120594,0.19042437431991294,1,919,1,1,1,1
112,0506_c0008_010.jpg,506,7,-1,True,175,8550,0.7470632643041526,0.19908987485779295,1,879,1,1,1,1
113,0506_c0008_015.jpg,506,7,-1,True,175,8550,0.7493984210508075,0.2025462962962963,1,864,1,1,1,1
114,0506_c0008_020.jpg,506,7,-1,True,175,8550,0.7402390793625294,0.19818799546998866,1,883,1,1,1,1
115,0508_c0001_000.jpg,508,0,-1,True,175,8550,0.7457217237587166,0.3465346534653465,1,505,1,1,1,1
116,0508_c0001_005.jpg,508,0,-1,True,175,8550,0.7413509417447196,0.3514056224899598,1,498,1,1,1,1
117,0508_c0001_010.jpg,508,0,-1,True,175,8550,0.729265910616905,0.341796875,1,512,1,1,1,1
118,0508_c0001_015.jpg,508,0,-1,True,175,8550,0.6394078667210338,0.29411764705882354,1,595,1,1,1,1
119,0508_c0001_020.jpg,508,0,-1,True,175,8550,0.6106057597121123,0.35353535353535354,1,495,1,1,1,1
120,0508_c0002_000.jpg,508,1,-1,True,175,8550,0.9616604436336141,0.6410256410256411,1,273,1,1,1,1
121,0508_c0002_005.jpg,508,1,-1,True,175,8550,0.9455949391005152,0.5932203389830508,1,295,1,1,1,1
122,0508_c0002_010.jpg,508,1,-1,True,175,8550,0.9590897389231104,0.6410256410256411,1,273,1,1,1,1
123,0508_c0002_015.jpg,508,1,-1,True,175,8550,0.9773132360245703,0.68359375,1,256,1,1,1,1
124,0508_c0002_020.jpg,508,1,-1,True,175,8550,0.953471598481209,0.625,1,280,1,1,1,1
125,0508_c0003_000.jpg,508,2,-1,True,175,8550,0.7258097693913135,0.49157303370786515,1,356,1,1,1,1
126,0508_c0003_005.jpg,508,2,-1,True,175,8550,0.7920168225356699,0.6294964028776978,1,278,1,1,1,1
127,0508_c0003_010.jpg,508,2,-1,True,175,8550,0.743671287539666,0.4533678756476684,1,386,1,1,1,1
128,0508_c0003_015.jpg,508,2,-1,True,175,8550,0.7113844625535969,0.41766109785202865,1,419,1,1,1,1
129,0508_c0003_020.jpg,508,2,-1,True,175,8550,0.7293942179978646,0.4146919431279621,1,422,1,1,1,1
130,0508_c0004_000.jpg,508,3,-1,True,175,8550,0.8899990629466831,0.6183745583038869,1,283,1,1,1,1
131,0508_c0004_005.jpg,508,3,-1,True,175,8550,0.9516002133032628,0.631768953068592,1,277,1,1,1,1
132,0508_c0004_010.jpg,508,3,-1,True,175,8550,0.9318403652842364,0.6205673758865248,1,282,1,1,1,1
133,0508_c0004_015.jpg,508,3,-1,True,175,8550,0.9209542551330456,0.5972696245733788,1,293,1,1,1,1
134,0508_c0004_020.jpg,508,3,-1,True,175,8550,0.8656660344303552,0.603448275862069,1,290,1,1,1,1
135,0508_c0005_000.jpg,508,4,-1,True,175,8550,0.9720873434932173,0.7510729613733905,1,233,1,1,1,1
136,0508_c0005_005.jpg,508,4,-1,True,175,8550,0.972852621944644,0.7383966244725738,1,237,1,1,1,1
137,0508_c0005_010.jpg,508,4,-1,True,175,8550,0.9739484262142449,0.8373205741626795,1,209,1,1,1,1
138,0508_c0005_015.jpg,508,4,-1,True,175,8550,0.9856528979018723,0.78125,1,224,1,1,1,1
139,0508_c0005_020.jpg,508,4,-1,True,175,8550,0.9740753338274117,0.7954545454545454,1,220,1,1,1,1
140,0508_c0006_000.jpg,508,5,-1,True,175,8550,0.7885271995264407,0.6140350877192983,1,285,1,1,1,1
141,0508_c0006_005.jpg,508,5,-1,True,175,8550,0.8163495606999329,0.6653992395437263,1,263,1,1,1,1
142,0508_c0006_010.jpg,508,5,-1,True,175,8550,0.8083965596394282,0.6433823529411765,1,272,1,1,1,1
143,0508_c0006_015.jpg,508,5,-1,True,175,8550,0.8001784569966133,0.6272401433691757,1,279,1,1,1,1
144,0508_c0006_020.jpg,508,5,-1,True,175,8550,0.794907108455356,0.5852842809364549,1,299,1,1,1,1
145,0508_c0007_000.jpg,508,6,-1,True,175,8550,0.7286461330896418,0.3796095444685466,1,461,1,1,1,1
146,0508_c0007_005.jpg,508,6,-1,True,175,8550,0.7208145243785723,0.3812636165577342,1,459,1,1,1,1
147,0508_c0007_010.jpg,508,6,-1,True,175,8550,0.7493778295841652,0.40792540792540793,1,429,1,1,1,1
148,0508_c0007_015.jpg,508,6,-1,True,175,8550,0.7324002099384241,0.3645833333333333,1,480,1,1,1,1
149,0508_c0007_020.jpg,508,6,-1,True,175,8550,0.7304536281669752,0.38631346578366443,1,453,1,1,1,1
150,0508_c0008_000.jpg,508,7,-1,True,175,8550,0.9064863316659916,0.5537974683544303,1,316,1,1,1,1
151,0508_c0008_005.jpg,508,7,-1,True,175,8550,0.8866589447740719,0.5912162162162162,1,296,1,1,1,1
152,0508_c0008_010.jpg,508,7,-1,True,175,8550,0.8751265655875834,0.501432664756447,1,349,1,1,1,1
153,0508_c0008_015.jpg,508,7,-1,True,175,8550,0.8841100511621224,0.5537974683544303,1,316,1,1,1,1
154,0508_c0008_020.jpg,508,7,-1,True,175,8550,0.881591063123632,0.5737704918032787,1,305,1,1,1,1
155,0510_c0001_000.jpg,510,0,-1,True,175,8550,0.7174051939165113,0.05455112219451372,1,3208,1,1,1,1
156,0510_c0001_005.jpg,510,0,-1,True,175,8550,0.7174856207980248,0.052552552552552555,1,3330,1,1,1,1
157,0510_c0001_010.jpg,510,0,-1,True,175,8550,0.6910055877012219,0.05011454753722795,1,3492,1,1,1,1
158,0510_c0001_015.jpg,510,0,-1,True,175,8550,0.6714001359444078,0.04937923250564334,1,3544,1,1,1,1
159,0510_c0001_020.jpg,510,0,-1,True,175,8550,0.6473889798359191,0.04585953878406709,1,3816,1,1,1,1
160,0510_c0002_000.jpg,510,1,-1,True,175,8550,0.06929746271108637,0.03089689265536723,44,5664,0,0,0,0
161,0510_c0002_005.jpg,510,1,-1,True,175,8550,0.07351157906912666,0.030739504654839277,42,5693,0,0,0,0
162,0510_c0002_010.jpg,510,1,-1,True,175,8550,0.10987202509280919,0.03181239774586439,19,5501,0,0,0,1
163,0510_c0002_015.jpg,510,1,-1,True,175,8550,0.08088424941099269,0.031754672473235344,15,5511,0,0,0,1
164,0510_c0002_020.jpg,510,1,-1,True,175,8550,0.06469640927888906,0.02880184331797235,34,6076,0,0,0,0
165,0510_c0003_000.jpg,510,2,-1,True,175,8550,0.4414035620565156,0.14297385620915032,1,1224,1,1,1,1
166,0510_c0003_005.jpg,510,2,-1,True,175,8550,0.40744694492449945,0.13492675404780263,1,1297,1,1,1,1
167,0510_c0003_010.jpg,510,2,-1,True,175,8550,0.3722701663895747,0.1242015613910575,1,1409,1,1,1,1
168,0510_c0003_015.jpg,510,2,-1,True,175,8550,0.3170857882961394,0.11027095148078135,1,1587,1,1,1,1
169,0510_c0003_020.jpg,510,2,-1,True,175,8550,0.2943368548621123,0.11174968071519796,1,1566,1,1,1,1
170,0510_c0004_000.jpg,510,3,-1,True,175,8550,0.8313687462822892,0.07050765511684126,1,2482,1,1,1,1
171,0510_c0004_005.jpg,510,3,-1,True,175,8550,0.8158938204621251,0.07396449704142012,1,2366,1,1,1,1
172,0510_c0004_010.jpg,510,3,-1,True,175,8550,0.81738046578517,0.07549611734253667,1,2318,1,1,1,1
173,0510_c0004_015.jpg,510,3,-1,True,175,8550,0.7890228274696531,0.06892477353288697,1,2539,1,1,1,1
174,0510_c0004_020.jpg,510,3,-1,True,175,8550,0.7919596158597363,0.06804043545878694,1,2572,1,1,1,1
175,0510_c0005_000.jpg,510,4,-1,True,175,8550,0.8709053725676207,0.1417004048582996,1,1235,1,1,1,1
176,0510_c0005_005.jpg,510,4,-1,True,175,8550,0.8443161820051682,0.11341542449773169,1,1543,1,1,1,1
177,0510_c0005_010.jpg,510,4,-1,True,175,8550,0.8251070387969064,0.10186263096623982,1,1718,1,1,1,1
178,0510_c0005_015.jpg,510,4,-1,True,175,8550,0.8171430607542187,0.09994288977727013,1,1751,1,1,1,1
179,0510_c0005_020.jpg,510,4,-1,True,175,8550,0.8102076919036517,0.09500542888165038,1,1842,1,1,1,1
180,0510_c0006_000.jpg,510,5,-1,True,175,8550,0.5359276578788754,0.1647834274952919,1,1062,1,1,1,1
181,0510_c0006_005.jpg,510,5,-1,True,175,8550,0.43295151504752905,0.16666666666666666,1,1050,1,1,1,1
182,0510_c0006_010.jpg,510,5,-1,True,175,8550,0.49975824836479604,0.1493174061433447,1,1172,1,1,1,1
183,0510_c0006_015.jpg,510,5,-1,True,175,8550,0.5340644972162844,0.1893939393939394,1,924,1,1,1,1
184,0510_c0006_020.jpg,510,5,-1,True,175,8550,0.5823199459598157,0.1787538304392237,1,979,1,1,1,1
185,0510_c0007_000.jpg,510,6,-1,True,175,8550,0.3137101340906975,0.3064798598949212,16,571,0,0,0,1
186,0510_c0007_005.jpg,510,6,-1,True,175,8550,0.4030254356982875,0.27821939586645467,1,629,1,1,1,1
187,0510_c0007_010.jpg,510,6,-1,True,175,8550,0.5337742168607645,0.19422863485016648,1,901,1,1,1,1
188,0510_c0007_015.jpg,510,6,-1,True,175,8550,0.5398508913936861,0.2147239263803681,1,815,1,1,1,1
189,0510_c0007_020.jpg,510,6,-1,True,175,8550,0.5216955964374798,0.21820448877805487,1,802,1,1,1,1
190,0510_c0008_000.jpg,510,7,-1,True,175,8550,0.8478326706713422,0.05628819556127372,1,3109,1,1,1,1
191,0510_c0008_005.jpg,510,7,-1,True,175,8550,0.8518773585611361,0.053304904051172705,1,3283,1,1,1,1
192,0510_c0008_010.jpg,510,7,-1,True,175,8550,0.832418785168329,0.0510352872557597,1,3429,1,1,1,1
193,0510_c0008_015.jpg,510,7,-1,True,175,8550,0.8570399934962434,0.05656108597285068,1,3094,1,1,1,1
194,0510_c0008_020.jpg,510,7,-1,True,175,8550,0.848689368620441,0.0531591737545565,1,3292,1,1,1,1
195,0512_c0001_000.jpg,512,0,-1,True,75,8550,0.9998245614035088,0.9868421052631579,1,76,1,1,1,1
196,0512_c0001_005.jpg,512,0,-1,True,75,8550,1.0,1.0,1,75,1,1,1,1
197,0512_c0001_010.jpg,512,0,-1,True,75,8550,1.0,1.0,1,75,1,1,1,1
198,0512_c0001_015.jpg,512,0,-1,True,75,8550,1.0,1.0,1,75,1,1,1,1
199,0512_c0001_020.jpg,512,0,-1,True,75,8550,1.0,1.0,1,75,1,1,1,1
200,0512_c0003_000.jpg,512,2,-1,True,75,8550,1.0,1.0,1,75,1,1,1,1
201,0512_c0003_005.jpg,512,2,-1,True,75,8550,1.0,1.0,1,75,1,1,1,1
202,0512_c0003_010.jpg,512,2,-1,True,75,8550,1.0,1.0,1,75,1,1,1,1
203,0512_c0003_015.jpg,512,2,-1,True,75,8550,1.0,1.0,1,75,1,1,1,1
204,0512_c0003_020.jpg,512,2,-1,True,75,8550,1.0,1.0,1,75,1,1,1,1
205,0512_c0005_000.jpg,512,4,-1,True,75,8550,1.0,1.0,1,75,1,1,1,1
206,0512_c0005_005.jpg,512,4,-1,True,75,8550,1.0,1.0,1,75,1,1,1,1
207,0512_c0005_010.jpg,512,4,-1,True,75,8550,1.0,1.0,1,75,1,1,1,1
208,0512_c0005_015.jpg,512,4,-1,True,75,8550,1.0,1.0,1,75,1,1,1,1
209,0512_c0005_020.jpg,512,4,-1,True,75,8550,1.0,1.0,1,75,1,1,1,1
210,0512_c0006_000.jpg,512,5,-1,True,75,8550,0.39407016463787364,0.42857142857142855,4,175,0,1,1,1
211,0512_c0006_005.jpg,512,5,-1,True,75,8550,0.5503695934225787,0.47770700636942676,1,157,1,1,1,1
212,0512_c0006_010.jpg,512,5,-1,True,75,8550,0.5977934605557578,0.5033557046979866,1,149,1,1,1,1
213,0512_c0006_015.jpg,512,5,-1,True,75,8550,0.7053313612872111,0.5033557046979866,1,149,1,1,1,1
214,0512_c0006_020.jpg,512,5,-1,True,75,8550,0.7846802202908546,0.5033557046979866,1,149,1,1,1,1
215,0514_c0001_000.jpg,514,0,-1,True,175,8550,0.40955400980678525,0.3564154786150713,31,491,0,0,0,0
216,0514_c0001_005.jpg,514,0,-1,True,175,8550,0.311992574279076,0.277337559429477,64,631,0,0,0,0
217,0514_c0001_010.jpg,514,0,-1,True,175,8550,0.38176174643285377,0.34516765285996054,43,507,0,0,0,0
218,0514_c0001_015.jpg,514,0,-1,True,175,8550,0.3550477949131106,0.33081285444234404,51,529,0,0,0,0
219,0514_c0001_020.jpg,514,0,-1,True,175,8550,0.3826947925711193,0.36382536382536385,31,481,0,0,0,0
220,0514_c0002_000.jpg,514,1,-1,True,175,8550,0.9999348794063079,0.9943181818181818,1,176,1,1,1,1
221,0514_c0002_005.jpg,514,1,-1,True,175,8550,0.9818276999256375,0.8706467661691543,1,201,1,1,1,1
222,0514_c0002_010.jpg,514,1,-1,True,175,8550,1.0,1.0,1,175,1,1,1,1
223,0514_c0002_015.jpg,514,1,-1,True,175,8550,0.9846738234712016,0.813953488372093,1,215,1,1,1,1
224,0514_c0002_020.jpg,514,1,-1,True,175,8550,1.0,1.0,1,175,1,1,1,1
225,0514_c0003_000.jpg,514,2,-1,True,175,8550,0.9993583959899749,0.9210526315789473,1,190,1,1,1,1
226,0514_c0003_005.jpg,514,2,-1,True,175,8550,0.9981069527511532,0.8663366336633663,1,202,1,1,1,1
227,0514_c0003_010.jpg,514,2,-1,True,175,8550,0.9982035904886973,0.8620689655172413,1,203,1,1,1,1
228,0514_c0003_015.jpg,514,2,-1,True,175,8550,0.9966551401549352,0.8578431372549019,1,204,1,1,1,1
229,0514_c0003_020.jpg,514,2,-1,True,175,8550,0.9984250205873244,0.875,1,200,1,1,1,1
230,0514_c0004_000.jpg,514,3,-1,True,175,8550,1.0,1.0,1,175,1,1,1,1
231,0514_c0004_005.jpg,514,3,-1,True,175,8550,0.9994746220345005,0.9308510638297872,1,188,1,1,1,1
232,0514_c0004_010.jpg,514,3,-1,True,175,8550,0.9991190038665027,0.9210526315789473,1,190,1,1,1,1
233,0514_c0004_015.jpg,514,3,-1,True,175,8550,0.9915916206651009,0.7608695652173914,1,230,1,1,1,1
234,0514_c0004_020.jpg,514,3,-1,True,175,8550,0.9992637690647046,0.9162303664921466,1,191,1,1,1,1
235,0514_c0005_000.jpg,514,4,-1,True,175,8550,1.0,1.0,1,175,1,1,1,1
236,0514_c0005_005.jpg,514,4,-1,True,175,8550,1.0,1.0,1,175,1,1,1,1
237,0514_c0005_010.jpg,514,4,-1,True,175,8550,0.9984984865924672,0.9259259259259259,1,189,1,1,1,1
238,0514_c0005_015.jpg,514,4,-1,True,175,8550,0.9998105761641672,0.9668508287292817,1,181,1,1,1,1
239,0514_c0005_020.jpg,514,4,-1,True,175,8550,1.0,1.0,1,175,1,1,1,1
240,0514_c0006_000.jpg,514,5,-1,True,175,8550,0.9421446133089904,0.4888268156424581,1,358,1,1,1,1
241,0514_c0006_005.jpg,514,5,-1,True,175,8550,0.9103339947418361,0.5072463768115942,1,345,1,1,1,1
242,0514_c0006_010.jpg,514,5,-1,True,175,8550,0.9445711759409596,0.5608974358974359,1,312,1,1,1,1
243,0514_c0006_015.jpg,514,5,-1,True,175,8550,0.898487137559156,0.45691906005221933,1,383,1,1,1,1
244,0514_c0006_020.jpg,514,5,-1,True,175,8550,0.8830523544176825,0.48476454293628807,1,361,1,1,1,1
245,0514_c0007_000.jpg,514,6,-1,True,175,8550,0.9400965598570762,0.4396984924623116,1,398,1,1,1,1
246,0514_c0007_005.jpg,514,6,-1,True,175,8550,0.933995734740544,0.45219638242894056,1,387,1,1,1,1
247,0514_c0007_010.jpg,514,6,-1,True,175,8550,0.9173378081023481,0.4060324825986079,1,431,1,1,1,1
248,0514_c0007_015.jpg,514,6,-1,True,175,8550,0.9140767663474864,0.41273584905660377,1,424,1,1,1,1
249,0514_c0007_020.jpg,514,6,-1,True,175,8550,0.9406122218048804,0.5287009063444109,1,331,1,1,1,1
250,0514_c0008_000.jpg,514,7,-1,True,175,8550,0.9451541728012383,0.7028112449799196,1,249,1,1,1,1
251,0514_c0008_005.jpg,514,7,-1,True,175,8550,0.9400820536957922,0.7028112449799196,1,249,1,1,1,1
252,0514_c0008_010.jpg,514,7,-1,True,175,8550,0.9455494828527795,0.7028112449799196,1,249,1,1,1,1
253,0514_c0008_015.jpg,514,7,-1,True,175,8550,0.9246486212666362,0.7,1,250,1,1,1,1
254,0514_c0008_020.jpg,514,7,-1,True,175,8550,0.9275619277458884,0.6889763779527559,1,254,1,1,1,1
255,0516_c0001_000.jpg,516,0,-1,True,75,8550,0.9998245614035088,0.9868421052631579,1,76,1,1,1,1
256,0516_c0001_005.jpg,516,0,-1,True,75,8550,0.9991226222805171,0.974025974025974,1,77,1,1,1,1
257,0516_c0001_010.jpg,516,0,-1,True,75,8550,1.0,1.0,1,75,1,1,1,1
258,0516_c0001_015.jpg,516,0,-1,True,75,8550,1.0,1.0,1,75,1,1,1,1
259,0516_c0001_020.jpg,516,0,-1,True,75,8550,0.9758229783152378,0.7731958762886598,1,97,1,1,1,1
260,0516_c0003_000.jpg,516,2,-1,True,75,8550,1.0,1.0,1,75,1,1,1,1
261,0516_c0003_005.jpg,516,2,-1,True,75,8550,1.0,1.0,1,75,1,1,1,1
262,0516_c0003_010.jpg,516,2,-1,True,75,8550,1.0,1.0,1,75,1,1,1,1
263,0516_c0003_015.jpg,516,2,-1,True,75,8550,1.0,1.0,1,75,1,1,1,1
264,0516_c0003_020.jpg,516,2,-1,True,75,8550,1.0,1.0,1,75,1,1,1,1
265,0516_c0005_000.jpg,516,4,-1,True,75,8550,1.0,1.0,1,75,1,1,1,1
266,0516_c0005_005.jpg,516,4,-1,True,75,8550,1.0,1.0,1,75,1,1,1,1
267,0516_c0005_010.jpg,516,4,-1,True,75,8550,1.0,1.0,1,75,1,1,1,1
268,0516_c0005_015.jpg,516,4,-1,True,75,8550,1.0,1.0,1,75,1,1,1,1
269,0516_c0005_020.jpg,516,4,-1,True,75,8550,1.0,1.0,1,75,1,1,1,1
270,0516_c0006_000.jpg,516,5,-1,True,75,8550,1.0,1.0,1,75,1,1,1,1
271,0516_c0006_005.jpg,516,5,-1,True,75,8550,1.0,1.0,1,75,1,1,1,1
272,0516_c0006_010.jpg,516,5,-1,True,75,8550,1.0,1.0,1,75,1,1,1,1
273,0516_c0006_015.jpg,516,5,-1,True,75,8550,1.0,1.0,1,75,1,1,1,1
274,0516_c0006_020.jpg,516,5,-1,True,75,8550,1.0,1.0,1,75,1,1,1,1
275,0518_c0001_000.jpg,518,0,-1,True,100,8550,0.8897867634903543,0.6289308176100629,1,159,1,1,1,1
276,0518_c0001_005.jpg,518,0,-1,True,100,8550,0.7813798708058113,0.5882352941176471,1,170,1,1,1,1
277,0518_c0001_010.jpg,518,0,-1,True,100,8550,0.8342625532430759,0.5882352941176471,1,170,1,1,1,1
278,0518_c0001_015.jpg,518,0,-1,True,100,8550,0.8316367585072666,0.6451612903225806,1,155,1,1,1,1
279,0518_c0001_020.jpg,518,0,-1,True,100,8550,0.9502827828858892,0.6896551724137931,1,145,1,1,1,1
280,0518_c0002_000.jpg,518,1,-1,True,100,8550,0.8700622624710936,0.7633587786259542,1,131,1,1,1,1
281,0518_c0002_005.jpg,518,1,-1,True,100,8550,0.8685403488116812,0.7575757575757576,1,132,1,1,1,1
282,0518_c0002_010.jpg,518,1,-1,True,100,8550,0.8750550246087332,0.8,1,125,1,1,1,1
283,0518_c0002_015.jpg,518,1,-1,True,100,8550,0.8886033691378799,0.7299270072992701,1,137,1,1,1,1
284,0518_c0002_020.jpg,518,1,-1,True,100,8550,0.8814686690855278,0.7874015748031497,1,127,1,1,1,1
285,0518_c0003_000.jpg,518,2,-1,True,100,8550,0.9830881973882234,0.7352941176470589,1,136,1,1,1,1
286,0518_c0003_005.jpg,518,2,-1,True,100,8550,0.9888867103272716,0.7692307692307693,1,130,1,1,1,1
287,0518_c0003_010.jpg,518,2,-1,True,100,8550,0.9948566055572864,0.8928571428571429,1,112,1,1,1,1
288,0518_c0003_015.jpg,518,2,-1,True,100,8550,0.9917244011072494,0.7936507936507936,1,126,1,1,1,1
289,0518_c0003_020.jpg,518,2,-1,True,100,8550,0.9955325076745057,0.9090909090909091,1,110,1,1,1,1
290,0518_c0005_000.jpg,518,4,-1,True,100,8550,0.8530205468084712,0.6622516556291391,1,151,1,1,1,1
291,0518_c0005_005.jpg,518,4,-1,True,100,8550,0.8387497819384305,0.5847953216374269,1,171,1,1,1,1
292,0518_c0005_010.jpg,518,4,-1,True,100,8550,0.8478994165637013,0.6451612903225806,1,155,1,1,1,1
293,0518_c0005_015.jpg,518,4,-1,True,100,8550,0.8485700677179673,0.6451612903225806,1,155,1,1,1,1
294,0518_c0005_020.jpg,518,4,-1,True,100,8550,0.8648967611914005,0.7299270072992701,1,137,1,1,1,1
295,0518_c0006_000.jpg,518,5,-1,True,100,8550,0.9327963474493217,0.6493506493506493,1,154,1,1,1,1
296,0518_c0006_005.jpg,518,5,-1,True,100,8550,0.9382819207166387,0.684931506849315,1,146,1,1,1,1
297,0518_c0006_010.jpg,518,5,-1,True,100,8550,0.9263901212533979,0.6493506493506493,1,154,1,1,1,1
298,0518_c0006_015.jpg,518,5,-1,True,100,8550,0.945301325600211,0.7575757575757576,1,132,1,1,1,1
299,0518_c0006_020.jpg,518,5,-1,True,100,8550,0.9437507630108728,0.7575757575757576,1,132,1,1,1,1
300,0520_c0001_000.jpg,520,0,-1,True,150,8550,1.0,1.0,1,150,1,1,1,1
301,0520_c0001_005.jpg,520,0,-1,True,150,8550,1.0,1.0,1,150,1,1,1,1
302,0520_c0001_010.jpg,520,0,-1,True,150,8550,1.0,1.0,1,150,1,1,1,1
303,0520_c0001_015.jpg,520,0,-1,True,150,8550,1.0,1.0,1,150,1,1,1,1
304,0520_c0001_020.jpg,520,0,-1,True,150,8550,1.0,1.0,1,150,1,1,1,1
305,0520_c0002_000.jpg,520,1,-1,True,150,8550,0.9952131591155903,0.9036144578313253,1,166,1,1,1,1
306,0520_c0002_005.jpg,520,1,-1,True,150,8550,0.9948752937591591,0.8928571428571429,1,168,1,1,1,1
307,0520_c0002_010.jpg,520,1,-1,True,150,8550,0.9997792377516974,0.9868421052631579,1,152,1,1,1,1
308,0520_c0002_015.jpg,520,1,-1,True,150,8550,0.9992984244840947,0.974025974025974,1,154,1,1,1,1
309,0520_c0002_020.jpg,520,1,-1,True,150,8550,0.9982441139733559,0.9554140127388535,1,157,1,1,1,1
310,0520_c0004_000.jpg,520,3,-1,True,150,8550,1.0,1.0,1,150,1,1,1,1
311,0520_c0004_005.jpg,520,3,-1,True,150,8550,1.0,1.0,1,150,1,1,1,1
312,0520_c0004_010.jpg,520,3,-1,True,150,8550,1.0,1.0,1,150,1,1,1,1
313,0520_c0004_015.jpg,520,3,-1,True,150,8550,1.0,1.0,1,150,1,1,1,1
314,0520_c0004_020.jpg,520,3,-1,True,150,8550,1.0,1.0,1,150,1,1,1,1
315,0520_c0005_000.jpg,520,4,-1,True,150,8550,1.0,1.0,1,150,1,1,1,1
316,0520_c0005_005.jpg,520,4,-1,True,150,8550,1.0,1.0,1,150,1,1,1,1
317,0520_c0005_010.jpg,520,4,-1,True,150,8550,1.0,1.0,1,150,1,1,1,1
318,0520_c0005_015.jpg,520,4,-1,True,150,8550,1.0,1.0,1,150,1,1,1,1
319,0520_c0005_020.jpg,520,4,-1,True,150,8550,1.0,1.0,1,150,1,1,1,1
320,0520_c0006_000.jpg,520,5,-1,True,150,8550,1.0,1.0,1,150,1,1,1,1
321,0520_c0006_005.jpg,520,5,-1,True,150,8550,0.9975737337830352,0.9316770186335404,1,161,1,1,1,1
322,0520_c0006_010.jpg,520,5,-1,True,150,8550,0.9969543782833448,0.9259259259259259,1,162,1,1,1,1
323,0520_c0006_015.jpg,520,5,-1,True,150,8550,0.9931038692142738,0.9036144578313253,1,166,1,1,1,1
324,0520_c0006_020.jpg,520,5,-1,True,150,8550,1.0,1.0,1,150,1,1,1,1
325,0520_c0007_000.jpg,520,6,-1,True,150,8550,1.0,1.0,1,150,1,1,1,1
326,0520_c0007_005.jpg,520,6,-1,True,150,8550,1.0,1.0,1,150,1,1,1,1
327,0520_c0007_010.jpg,520,6,-1,True,150,8550,1.0,1.0,1,150,1,1,1,1
328,0520_c0007_015.jpg,520,6,-1,True,150,8550,1.0,1.0,1,150,1,1,1,1
329,0520_c0007_020.jpg,520,6,-1,True,150,8550,1.0,1.0,1,150,1,1,1,1
330,0520_c0008_000.jpg,520,7,-1,True,150,8550,1.0,1.0,1,150,1,1,1,1
331,0520_c0008_005.jpg,520,7,-1,True,150,8550,1.0,1.0,1,150,1,1,1,1
332,0520_c0008_010.jpg,520,7,-1,True,150,8550,1.0,1.0,1,150,1,1,1,1
333,0520_c0008_015.jpg,520,7,-1,True,150,8550,1.0,1.0,1,150,1,1,1,1
334,0520_c0008_020.jpg,520,7,-1,True,150,8550,1.0,1.0,1,150,1,1,1,1
335,0522_c0001_000.jpg,522,0,-1,True,150,8550,0.6242935474379924,0.2901353965183752,1,517,1,1,1,1
336,0522_c0001_005.jpg,522,0,-1,True,150,8550,0.6021386434085487,0.17942583732057416,1,836,1,1,1,1
337,0522_c0001_010.jpg,522,0,-1,True,150,8550,0.5719660053380756,0.21246458923512748,1,706,1,1,1,1
338,0522_c0001_015.jpg,522,0,-1,True,150,8550,0.6697079062827075,0.35294117647058826,1,425,1,1,1,1
339,0522_c0001_020.jpg,522,0,-1,True,150,8550,0.6125736503569249,0.18963337547408343,1,791,1,1,1,1
340,0522_c0002_000.jpg,522,1,-1,True,150,8550,0.490868082020735,0.1091703056768559,1,1374,1,1,1,1
341,0522_c0002_005.jpg,522,1,-1,True,150,8550,0.49480414648639065,0.10822510822510822,1,1386,1,1,1,1
342,0522_c0002_010.jpg,522,1,-1,True,150,8550,0.5160143860315649,0.15789473684210525,1,950,1,1,1,1
343,0522_c0002_015.jpg,522,1,-1,True,150,8550,0.5510918110095581,0.17064846416382254,1,879,1,1,1,1
344,0522_c0002_020.jpg,522,1,-1,True,150,8550,0.5909167935242962,0.17523364485981308,1,856,1,1,1,1
345,0522_c0004_000.jpg,522,3,-1,True,150,8550,0.9091546895975902,0.8571428571428571,1,175,1,1,1,1
346,0522_c0004_005.jpg,522,3,-1,True,150,8550,0.8719549437568588,0.5976095617529881,1,251,1,1,1,1
347,0522_c0004_010.jpg,522,3,-1,True,150,8550,0.9074151053393412,0.8333333333333334,1,180,1,1,1,1
348,0522_c0004_015.jpg,522,3,-1,True,150,8550,0.9254557948067292,0.8571428571428571,1,175,1,1,1,1
349,0522_c0004_020.jpg,522,3,-1,True,150,8550,0.9119156075402877,0.8571428571428571,1,175,1,1,1,1
350,0522_c0005_000.jpg,522,4,-1,True,150,8550,0.8929619856783658,0.22865853658536586,1,656,1,1,1,1
351,0522_c0005_005.jpg,522,4,-1,True,150,8550,0.8778369612236857,0.20833333333333334,1,720,1,1,1,1
352,0522_c0005_010.jpg,522,4,-1,True,150,8550,0.8493042749099474,0.18963337547408343,1,791,1,1,1,1
353,0522_c0005_015.jpg,522,4,-1,True,150,8550,0.8930727046939505,0.22091310751104565,1,679,1,1,1,1
354,0522_c0005_020.jpg,522,4,-1,True,150,8550,0.8837423095475712,0.18915510718789408,1,793,1,1,1,1
355,0522_c0006_000.jpg,522,5,-1,True,150,8550,0.9438203899296593,0.5576208178438662,1,269,1,1,1,1
356,0522_c0006_005.jpg,522,5,-1,True,150,8550,0.8672385624467449,0.48859934853420195,1,307,1,1,1,1
357,0522_c0006_010.jpg,522,5,-1,True,150,8550,0.8246814037565608,0.46153846153846156,1,325,1,1,1,1
358,0522_c0006_015.jpg,522,5,-1,True,150,8550,0.7092843562543387,0.32051282051282054,1,468,1,1,1,1
359,0522_c0006_020.jpg,522,5,-1,True,150,8550,0.7518930343835237,0.35629453681710216,1,421,1,1,1,1
360,0522_c0007_000.jpg,522,6,-1,True,150,8550,0.9887656660917211,0.8064516129032258,1,186,1,1,1,1
361,0522_c0007_005.jpg,522,6,-1,True,150,8550,0.9802869451329995,0.8287292817679558,1,181,1,1,1,1
362,0522_c0007_010.jpg,522,6,-1,True,150,8550,0.9971394403782252,0.8241758241758241,1,182,1,1,1,1
363,0522_c0007_015.jpg,522,6,-1,True,150,8550,0.9966836648745383,0.8928571428571429,1,168,1,1,1,1
364,0522_c0007_020.jpg,522,6,-1,True,150,8550,0.9839635353965114,0.7246376811594203,1,207,1,1,1,1
365,0522_c0008_000.jpg,522,7,-1,True,150,8550,0.7541577722925592,0.2669039145907473,1,562,1,1,1,1
366,0522_c0008_005.jpg,522,7,-1,True,150,8550,0.7918325010087205,0.26362038664323373,1,569,1,1,1,1
367,0522_c0008_010.jpg,522,7,-1,True,150,8550,0.658679948000334,0.24793388429752067,1,605,1,1,1,1
368,0522_c0008_015.jpg,522,7,-1,True,150,8550,0.6900089488792004,0.25125628140703515,1,597,1,1,1,1
369,0522_c0008_020.jpg,522,7,-1,True,150,8550,0.75767012369306,0.26455026455026454,1,567,1,1,1,1
370,0524_c0001_000.jpg,524,0,-1,True,175,8550,0.8815006365631723,0.42475728155339804,1,412,1,1,1,1
371,0524_c0001_005.jpg,524,0,-1,True,175,8550,0.7872234072651778,0.3796095444685466,1,461,1,1,1,1
372,0524_c0001_010.jpg,524,0,-1,True,175,8550,0.814863873363236,0.3897550111358575,1,449,1,1,1,1
373,0524_c0001_015.jpg,524,0,-1,True,175,8550,0.8727316104581515,0.4742547425474255,1,369,1,1,1,1
374,0524_c0001_020.jpg,524,0,-1,True,175,8550,0.8912290220156677,0.4985754985754986,1,351,1,1,1,1
375,0524_c0002_000.jpg,524,1,-1,True,175,8550,0.9614136346913859,0.6272401433691757,1,279,1,1,1,1
376,0524_c0002_005.jpg,524,1,-1,True,175,8550,0.9578786998217991,0.6227758007117438,1,281,1,1,1,1
377,0524_c0002_010.jpg,524,1,-1,True,175,8550,0.9768836229814104,0.7291666666666666,1,240,1,1,1,1
378,0524_c0002_015.jpg,524,1,-1,True,175,8550,0.9816489554302267,0.7510729613733905,1,233,1,1,1,1
379,0524_c0002_020.jpg,524,1,-1,True,175,8550,0.9813528271957921,0.7918552036199095,1,221,1,1,1,1
380,0524_c0003_000.jpg,524,2,-1,True,175,8550,0.997548709944221,0.9358288770053476,1,187,1,1,1,1
381,0524_c0003_005.jpg,524,2,-1,True,175,8550,0.9682157194331668,0.6628787878787878,1,264,1,1,1,1
382,0524_c0003_010.jpg,524,2,-1,True,175,8550,0.9833054078004723,0.8293838862559242,1,211,1,1,1,1
383,0524_c0003_015.jpg,524,2,-1,True,175,8550,0.975702137445272,0.7261410788381742,1,241,1,1,1,1
384,0524_c0003_020.jpg,524,2,-1,True,175,8550,0.9770529572902806,0.7777777777777778,1,225,1,1,1,1
385,0524_c0004_000.jpg,524,3,-1,True,175,8550,0.8301134876995333,0.3645833333333333,1,480,1,1,1,1
386,0524_c0004_005.jpg,524,3,-1,True,175,8550,0.7444931599821696,0.32649253731343286,1,536,1,1,1,1
387,0524_c0004_010.jpg,524,3,-1,True,175,8550,0.7791623633407326,0.330188679245283,1,530,1,1,1,1
388,0524_c0004_015.jpg,524,3,-1,True,175,8550,0.7309307116284078,0.3181818181818182,1,550,1,1,1,1
389,0524_c0004_020.jpg,524,3,-1,True,175,8550,0.7670070583140598,0.3252788104089219,1,538,1,1,1,1
390,0524_c0005_000.jpg,524,4,-1,True,175,8550,1.0,1.0,1,175,1,1,1,1
391,0524_c0005_005.jpg,524,4,-1,True,175,8550,1.0,1.0,1,175,1,1,1,1
392,0524_c0005_010.jpg,524,4,-1,True,175,8550,1.0,1.0,1,175,1,1,1,1
393,0524_c0005_015.jpg,524,4,-1,True,175,8550,1.0,1.0,1,175,1,1,1,1
394,0524_c0005_020.jpg,524,4,-1,True,175,8550,1.0,1.0,1,175,1,1,1,1
395,0524_c0006_000.jpg,524,5,-1,True,175,8550,0.9738514561971855,0.7261410788381742,1,241,1,1,1,1
396,0524_c0006_005.jpg,524,5,-1,True,175,8550,0.99268392484341,0.8578431372549019,1,204,1,1,1,1
397,0524_c0006_010.jpg,524,5,-1,True,175,8550,0.9923288474378767,0.8663366336633663,1,202,1,1,1,1
398,0524_c0006_015.jpg,524,5,-1,True,175,8550,0.9926103977151336,0.8495145631067961,1,206,1,1,1,1
399,0524_c0006_020.jpg,524,5,-1,True,175,8550,0.996860948407858,0.9259259259259259,1,189,1,1,1,1
400,0524_c0007_000.jpg,524,6,-1,True,175,8550,0.8561600053492728,0.2840909090909091,1,616,1,1,1,1
401,0524_c0007_005.jpg,524,6,-1,True,175,8550,0.8556559686794848,0.3017241379310345,1,580,1,1,1,1
402,0524_c0007_010.jpg,524,6,-1,True,175,8550,0.922874060381235,0.43640897755610975,1,401,1,1,1,1
403,0524_c0007_015.jpg,524,6,-1,True,175,8550,0.9129555826662357,0.4060324825986079,1,431,1,1,1,1
404,0524_c0007_020.jpg,524,6,-1,True,175,8550,0.9172964713673046,0.4227053140096618,1,414,1,1,1,1
405,0524_c0008_000.jpg,524,7,-1,True,175,8550,0.993736100498829,0.875,1,200,1,1,1,1
406,0524_c0008_005.jpg,524,7,-1,True,175,8550,0.9939731530190437,0.8706467661691543,1,201,1,1,1,1
407,0524_c0008_010.jpg,524,7,-1,True,175,8550,0.980936979692823,0.78125,1,224,1,1,1,1
408,0524_c0008_015.jpg,524,7,-1,True,175,8550,0.9785433994819245,0.7641921397379913,1,229,1,1,1,1
409,0524_c0008_020.jpg,524,7,-1,True,175,8550,0.9845976979246398,0.7777777777777778,1,225,1,1,1,1
410,0526_c0001_000.jpg,526,0,-1,True,50,8550,0.6368433361119075,0.2242152466367713,1,223,1,1,1,1
411,0526_c0001_005.jpg,526,0,-1,True,50,8550,0.6879646566328165,0.28735632183908044,1,174,1,1,1,1
412,0526_c0001_010.jpg,526,0,-1,True,50,8550,0.6679494426375947,0.24875621890547264,1,201,1,1,1,1
413,0526_c0001_015.jpg,526,0,-1,True,50,8550,0.6808578779217954,0.2777777777777778,1,180,1,1,1,1
414,0526_c0001_020.jpg,526,0,-1,True,50,8550,0.7351835428749647,0.30303030303030304,1,165,1,1,1,1
415,0526_c0003_000.jpg,526,2,-1,True,50,8550,0.7567017618938864,0.49504950495049505,1,101,1,1,1,1
416,0526_c0003_005.jpg,526,2,-1,True,50,8550,0.8549044853761355,0.5434782608695652,1,92,1,1,1,1
417,0526_c0003_010.jpg,526,2,-1,True,50,8550,0.759204501371411,0.46296296296296297,1,108,1,1,1,1
418,0526_c0003_015.jpg,526,2,-1,True,50,8550,0.804280160737414,0.5319148936170213,1,94,1,1,1,1
419,0526_c0003_020.jpg,526,2,-1,True,50,8550,0.841064912282821,0.5747126436781609,1,87,1,1,1,1
420,0526_c0005_000.jpg,526,4,-1,True,50,8550,1.0,1.0,1,50,1,1,1,1
421,0526_c0005_005.jpg,526,4,-1,True,50,8550,1.0,1.0,1,50,1,1,1,1
422,0526_c0005_010.jpg,526,4,-1,True,50,8550,1.0,1.0,1,50,1,1,1,1
423,0526_c0005_015.jpg,526,4,-1,True,50,8550,1.0,1.0,1,50,1,1,1,1
424,0526_c0005_020.jpg,526,4,-1,True,50,8550,1.0,1.0,1,50,1,1,1,1
425,0528_c0001_000.jpg,528,0,-1,True,150,8550,0.9087405714673616,0.7177033492822966,1,209,1,1,1,1
426,0528_c0001_005.jpg,528,0,-1,True,150,8550,0.8491813838898562,0.5050505050505051,1,297,1,1,1,1
427,0528_c0001_010.jpg,528,0,-1,True,150,8550,0.838462943100935,0.5415162454873647,1,277,1,1,1,1
428,0528_c0001_015.jpg,528,0,-1,True,150,8550,0.8293410734537866,0.5067567567567568,1,296,1,1,1,1
429,0528_c0001_020.jpg,528,0,-1,True,150,8550,0.7938178712339483,0.5952380952380952,1,252,1,1,1,1
430,0528_c0002_000.jpg,528,1,-1,True,150,8550,0.8568593423079676,0.32751091703056767,1,458,1,1,1,1
431,0528_c0002_005.jpg,528,1,-1,True,150,8550,0.8629756293099734,0.33707865168539325,1,445,1,1,1,1
432,0528_c0002_010.jpg,528,1,-1,True,150,8550,0.815732060392613,0.33557046979865773,1,447,1,1,1,1
433,0528_c0002_015.jpg,528,1,-1,True,150,8550,0.7751510895692455,0.3177966101694915,1,472,1,1,1,1
434,0528_c0002_020.jpg,528,1,-1,True,150,8550,0.7869052795078917,0.31185031185031187,1,481,1,1,1,1
435,0528_c0003_000.jpg,528,2,-1,True,150,8550,0.9463035500481184,0.5617977528089888,1,267,1,1,1,1
436,0528_c0003_005.jpg,528,2,-1,True,150,8550,0.9437388655155022,0.5576208178438662,1,269,1,1,1,1
437,0528_c0003_010.jpg,528,2,-1,True,150,8550,0.937928861994689,0.5576208178438662,1,269,1,1,1,1
438,0528_c0003_015.jpg,528,2,-1,True,150,8550,0.9357875265760455,0.5617977528089888,1,267,1,1,1,1
439,0528_c0003_020.jpg,528,2,-1,True,150,8550,0.9314050655782959,0.5300353356890459,1,283,1,1,1,1
440,0528_c0004_000.jpg,528,3,-1,True,150,8550,0.9710777213304906,0.8571428571428571,1,175,1,1,1,1
441,0528_c0004_005.jpg,528,3,-1,True,150,8550,0.9699139274378827,0.8571428571428571,1,175,1,1,1,1
442,0528_c0004_010.jpg,528,3,-1,True,150,8550,0.9712201791254339,0.8571428571428571,1,175,1,1,1,1
443,0528_c0004_015.jpg,528,3,-1,True,150,8550,0.9696370679727553,0.8571428571428571,1,175,1,1,1,1
444,0528_c0004_020.jpg,528,3,-1,True,150,8550,0.9688085460626769,0.8571428571428571,1,175,1,1,1,1
445,0528_c0005_000.jpg,528,4,-1,True,150,8550,0.9656300688953062,0.8571428571428571,1,175,1,1,1,1
446,0528_c0005_005.jpg,528,4,-1,True,150,8550,0.9723183838441127,0.8571428571428571,1,175,1,1,1,1
447,0528_c0005_010.jpg,528,4,-1,True,150,8550,0.9633110029999716,0.8571428571428571,1,175,1,1,1,1
448,0528_c0005_015.jpg,528,4,-1,True,150,8550,0.9712924099118565,0.847457627118644,1,177,1,1,1,1
449,0528_c0005_020.jpg,528,4,-1,True,150,8550,0.9590319119909225,0.8571428571428571,1,175,1,1,1,1
450,0528_c0006_000.jpg,528,5,-1,True,150,8550,0.9199643088454044,0.5357142857142857,1,280,1,1,1,1
451,0528_c0006_005.jpg,528,5,-1,True,150,8550,0.9202221215349887,0.5357142857142857,1,280,1,1,1,1
452,0528_c0006_010.jpg,528,5,-1,True,150,8550,0.9129358116905877,0.5747126436781609,1,261,1,1,1,1
453,0528_c0006_015.jpg,528,5,-1,True,150,8550,0.9115912213961762,0.5576208178438662,1,269,1,1,1,1
454,0528_c0006_020.jpg,528,5,-1,True,150,8550,0.9064385009031787,0.5681818181818182,1,264,1,1,1,1
455,0528_c0007_000.jpg,528,6,-1,True,150,8550,0.7744763379451239,0.5617977528089888,1,267,1,1,1,1
456,0528_c0007_005.jpg,528,6,-1,True,150,8550,0.7771756289288477,0.6,1,250,1,1,1,1
457,0528_c0007_010.jpg,528,6,-1,True,150,8550,0.769623114653532,0.5882352941176471,1,255,1,1,1,1
458,0528_c0007_015.jpg,528,6,-1,True,150,8550,0.7718867402578052,0.5952380952380952,1,252,1,1,1,1
459,0528_c0007_020.jpg,528,6,-1,True,150,8550,0.7792445325936729,0.6,1,250,1,1,1,1
460,0530_c0001_000.jpg,530,0,-1,True,150,8550,0.7337515876534891,0.46153846153846156,1,325,1,1,1,1
461,0530_c0001_005.jpg,530,0,-1,True,150,8550,0.7246301652255634,0.44642857142857145,1,336,1,1,1,1
462,0530_c0001_010.jpg,530,0,-1,True,150,8550,0.7393410623934061,0.46296296296296297,1,324,1,1,1,1
463,0530_c0001_015.jpg,530,0,-1,True,150,8550,0.7679304368913342,0.48231511254019294,1,311,1,1,1,1
464,0530_c0001_020.jpg,530,0,-1,True,150,8550,0.7215174860490899,0.46153846153846156,1,325,1,1,1,1
465,0530_c0002_000.jpg,530,1,-1,True,150,8550,1.0,1.0,1,150,1,1,1,1
466,0530_c0002_005.jpg,530,1,-1,True,150,8550,1.0,1.0,1,150,1,1,1,1
467,0530_c0002_010.jpg,530,1,-1,True,150,8550,1.0,1.0,1,150,1,1,1,1
468,0530_c0002_015.jpg,530,1,-1,True,150,8550,1.0,1.0,1,150,1,1,1,1
469,0530_c0002_020.jpg,530,1,-1,True,150,8550,1.0,1.0,1,150,1,1,1,1
470,0530_c0003_000.jpg,530,2,-1,True,150,8550,1.0,1.0,1,150,1,1,1,1
471,0530_c0003_005.jpg,530,2,-1,True,150,8550,1.0,1.0,1,150,1,1,1,1
472,0530_c0003_010.jpg,530,2,-1,True,150,8550,1.0,1.0,1,150,1,1,1,1
473,0530_c0003_015.jpg,530,2,-1,True,150,8550,1.0,1.0,1,150,1,1,1,1
474,0530_c0003_020.jpg,530,2,-1,True,150,8550,1.0,1.0,1,150,1,1,1,1
475,0530_c0004_000.jpg,530,3,-1,True,150,8550,1.0,1.0,1,150,1,1,1,1
476,0530_c0004_005.jpg,530,3,-1,True,150,8550,1.0,1.0,1,150,1,1,1,1
477,0530_c0004_010.jpg,530,3,-1,True,150,8550,1.0,1.0,1,150,1,1,1,1
478,0530_c0004_015.jpg,530,3,-1,True,150,8550,1.0,1.0,1,150,1,1,1,1
479,0530_c0004_020.jpg,530,3,-1,True,150,8550,1.0,1.0,1,150,1,1,1,1
480,0530_c0005_000.jpg,530,4,-1,True,150,8550,0.9251249716098136,0.746268656716418,1,201,1,1,1,1
481,0530_c0005_005.jpg,530,4,-1,True,150,8550,0.9473483786195966,0.746268656716418,1,201,1,1,1,1
482,0530_c0005_010.jpg,530,4,-1,True,150,8550,0.9444260660041864,0.75,1,200,1,1,1,1
483,0530_c0005_015.jpg,530,4,-1,True,150,8550,0.9543746564363846,0.75,1,200,1,1,1,1
484,0530_c0005_020.jpg,530,4,-1,True,150,8550,0.9714797165685712,0.75,1,200,1,1,1,1
485,0530_c0006_000.jpg,530,5,-1,True,150,8550,1.0,1.0,1,150,1,1,1,1
486,0530_c0006_005.jpg,530,5,-1,True,150,8550,1.0,1.0,1,150,1,1,1,1
487,0530_c0006_010.jpg,530,5,-1,True,150,8550,1.0,1.0,1,150,1,1,1,1
488,0530_c0006_015.jpg,530,5,-1,True,150,8550,1.0,1.0,1,150,1,1,1,1
489,0530_c0006_020.jpg,530,5,-1,True,150,8550,1.0,1.0,1,150,1,1,1,1
490,0530_c0008_000.jpg,530,7,-1,True,150,8550,0.8960509826468901,0.539568345323741,1,278,1,1,1,1
491,0530_c0008_005.jpg,530,7,-1,True,150,8550,0.8966445955558301,0.5415162454873647,1,277,1,1,1,1
492,0530_c0008_010.jpg,530,7,-1,True,150,8550,0.8878793652736173,0.5338078291814946,1,281,1,1,1,1
493,0530_c0008_015.jpg,530,7,-1,True,150,8550,0.8899428409267891,0.5434782608695652,1,276,1,1,1,1
494,0530_c0008_020.jpg,530,7,-1,True,150,8550,0.8783233859396038,0.4702194357366771,1,319,1,1,1,1
495,0532_c0001_000.jpg,532,0,-1,True,175,8550,1.0,1.0,1,175,1,1,1,1
496,0532_c0001_005.jpg,532,0,-1,True,175,8550,1.0,1.0,1,175,1,1,1,1
497,0532_c0001_010.jpg,532,0,-1,True,175,8550,1.0,1.0,1,175,1,1,1,1
498,0532_c0001_015.jpg,532,0,-1,True,175,8550,1.0,1.0,1,175,1,1,1,1
499,0532_c0001_020.jpg,532,0,-1,True,175,8550,1.0,1.0,1,175,1,1,1,1
500,0532_c0002_000.jpg,532,1,-1,True,175,8550,0.434804004575923,0.2237851662404092,1,782,1,1,1,1
501,0532_c0002_005.jpg,532,1,-1,True,175,8550,0.4141009469251133,0.21160822249093109,1,827,1,1,1,1
502,0532_c0002_010.jpg,532,1,-1,True,175,8550,0.4936132082510442,0.2249357326478149,1,778,1,1,1,1
503,0532_c0002_015.jpg,532,1,-1,True,175,8550,0.4441906190055488,0.20933014354066987,1,836,1,1,1,1
504,0532_c0002_020.jpg,532,1,-1,True,175,8550,0.42454987889914086,0.21739130434782608,1,805,1,1,1,1
505,0532_c0003_000.jpg,532,2,-1,True,175,8550,0.9286983217491895,0.4475703324808184,1,391,1,1,1,1
506,0532_c0003_005.jpg,532,2,-1,True,175,8550,0.932020556170323,0.4533678756476684,1,386,1,1,1,1
507,0532_c0003_010.jpg,532,2,-1,True,175,8550,0.9361531521590216,0.4768392370572207,1,367,1,1,1,1
508,0532_c0003_015.jpg,532,2,-1,True,175,8550,0.9314477849185551,0.46174142480211083,1,379,1,1,1,1
509,0532_c0003_020.jpg,532,2,-1,True,175,8550,0.9356527675231762,0.5072463768115942,1,345,1,1,1,1
510,0532_c0004_000.jpg,532,3,-1,True,175,8550,0.9597588402630688,0.5608974358974359,1,312,1,1,1,1
511,0532_c0004_005.jpg,532,3,-1,True,175,8550,0.9525155936049889,0.54858934169279,1,319,1,1,1,1
512,0532_c0004_010.jpg,532,3,-1,True,175,8550,0.9652622222549325,0.625,1,280,1,1,1,1
513,0532_c0004_015.jpg,532,3,-1,True,175,8550,0.9650701089794429,0.6809338521400778,1,257,1,1,1,1
514,0532_c0004_020.jpg,532,3,-1,True,175,8550,0.9679290822012295,0.6862745098039216,1,255,1,1,1,1
515,0532_c0005_000.jpg,532,4,-1,True,175,8550,0.9627067814975482,0.5852842809364549,1,299,1,1,1,1
516,0532_c0005_005.jpg,532,4,-1,True,175,8550,0.9665866236664225,0.5775577557755776,1,303,1,1,1,1
517,0532_c0005_010.jpg,532,4,-1,True,175,8550,0.965321394176302,0.5833333333333334,1,300,1,1,1,1
518,0532_c0005_015.jpg,532,4,-1,True,175,8550,0.9618661689626751,0.550314465408805,1,318,1,1,1,1
519,0532_c0005_020.jpg,532,4,-1,True,175,8550,0.9643867469758789,0.5591054313099042,1,313,1,1,1,1
520,0532_c0006_000.jpg,532,5,-1,True,175,8550,0.981746884524191,0.875,1,200,1,1,1,1
521,0532_c0006_005.jpg,532,5,-1,True,175,8550,0.9990835147755199,0.9562841530054644,1,183,1,1,1,1
522,0532_c0006_010.jpg,532,5,-1,True,175,8550,0.9930432556636938,0.875,1,200,1,1,1,1
523,0532_c0006_015.jpg,532,5,-1,True,175,8550,0.9978347353148177,0.9067357512953368,1,193,1,1,1,1
524,0532_c0006_020.jpg,532,5,-1,True,175,8550,0.9816710954830494,0.875,1,200,1,1,1,1
525,0532_c0007_000.jpg,532,6,-1,True,175,8550,0.9900730007988506,0.7291666666666666,1,240,1,1,1,1
526,0532_c0007_005.jpg,532,6,-1,True,175,8550,0.969628948778382,0.7415254237288136,1,236,1,1,1,1
527,0532_c0007_010.jpg,532,6,-1,True,175,8550,0.9749140186764989,0.7777777777777778,1,225,1,1,1,1
528,0532_c0007_015.jpg,532,6,-1,True,175,8550,0.9843769035842626,0.7675438596491229,1,228,1,1,1,1
529,0532_c0007_020.jpg,532,6,-1,True,175,8550,0.9817588394113206,0.6782945736434108,1,258,1,1,1,1
530,0532_c0008_000.jpg,532,7,-1,True,175,8550,0.8839290356325945,0.1652502360717658,1,1059,1,1,1,1
531,0532_c0008_005.jpg,532,7,-1,True,175,8550,0.8831216385990284,0.1652502360717658,1,1059,1,1,1,1
532,0532_c0008_010.jpg,532,7,-1,True,175,8550,0.8853989830612984,0.17623363544813697,1,993,1,1,1,1
533,0532_c0008_015.jpg,532,7,-1,True,175,8550,0.8832538147853404,0.16730401529636713,1,1046,1,1,1,1
534,0532_c0008_020.jpg,532,7,-1,True,175,8550,0.8898074126963242,0.19640852974186307,1,891,1,1,1,1
535,0534_c0001_000.jpg,534,0,-1,True,150,8550,1.0,1.0,1,150,1,1,1,1
536,0534_c0001_005.jpg,534,0,-1,True,150,8550,1.0,1.0,1,150,1,1,1,1
537,0534_c0001_010.jpg,534,0,-1,True,150,8550,1.0,1.0,1,150,1,1,1,1
538,0534_c0001_015.jpg,534,0,-1,True,150,8550,1.0,1.0,1,150,1,1,1,1
539,0534_c0001_020.jpg,534,0,-1,True,150,8550,1.0,1.0,1,150,1,1,1,1
540,0534_c0002_000.jpg,534,1,-1,True,150,8550,1.0,1.0,1,150,1,1,1,1
541,0534_c0002_005.jpg,534,1,-1,True,150,8550,1.0,1.0,1,150,1,1,1,1
542,0534_c0002_010.jpg,534,1,-1,True,150,8550,1.0,1.0,1,150,1,1,1,1
543,0534_c0002_015.jpg,534,1,-1,True,150,8550,1.0,1.0,1,150,1,1,1,1
544,0534_c0002_020.jpg,534,1,-1,True,150,8550,1.0,1.0,1,150,1,1,1,1
545,0534_c0004_000.jpg,534,3,-1,True,150,8550,1.0,1.0,1,150,1,1,1,1
546,0534_c0004_005.jpg,534,3,-1,True,150,8550,1.0,1.0,1,150,1,1,1,1
547,0534_c0004_010.jpg,534,3,-1,True,150,8550,1.0,1.0,1,150,1,1,1,1
548,0534_c0004_015.jpg,534,3,-1,True,150,8550,1.0,1.0,1,150,1,1,1,1
549,0534_c0004_020.jpg,534,3,-1,True,150,8550,1.0,1.0,1,150,1,1,1,1
550,0534_c0005_000.jpg,534,4,-1,True,150,8550,1.0,1.0,1,150,1,1,1,1
551,0534_c0005_005.jpg,534,4,-1,True,150,8550,1.0,1.0,1,150,1,1,1,1
552,0534_c0005_010.jpg,534,4,-1,True,150,8550,1.0,1.0,1,150,1,1,1,1
553,0534_c0005_015.jpg,534,4,-1,True,150,8550,1.0,1.0,1,150,1,1,1,1
554,0534_c0005_020.jpg,534,4,-1,True,150,8550,1.0,1.0,1,150,1,1,1,1
555,0534_c0006_000.jpg,534,5,-1,True,150,8550,1.0,1.0,1,150,1,1,1,1
556,0534_c0006_005.jpg,534,5,-1,True,150,8550,1.0,1.0,1,150,1,1,1,1
557,0534_c0006_010.jpg,534,5,-1,True,150,8550,1.0,1.0,1,150,1,1,1,1
558,0534_c0006_015.jpg,534,5,-1,True,150,8550,1.0,1.0,1,150,1,1,1,1
559,0534_c0006_020.jpg,534,5,-1,True,150,8550,1.0,1.0,1,150,1,1,1,1
560,0534_c0007_000.jpg,534,6,-1,True,150,8550,1.0,1.0,1,150,1,1,1,1
561,0534_c0007_005.jpg,534,6,-1,True,150,8550,1.0,1.0,1,150,1,1,1,1
562,0534_c0007_010.jpg,534,6,-1,True,150,8550,1.0,1.0,1,150,1,1,1,1
563,0534_c0007_015.jpg,534,6,-1,True,150,8550,1.0,1.0,1,150,1,1,1,1
564,0534_c0007_020.jpg,534,6,-1,True,150,8550,1.0,1.0,1,150,1,1,1,1
565,0534_c0008_000.jpg,534,7,-1,True,150,8550,1.0,1.0,1,150,1,1,1,1
566,0534_c0008_005.jpg,534,7,-1,True,150,8550,1.0,1.0,1,150,1,1,1,1
567,0534_c0008_010.jpg,534,7,-1,True,150,8550,1.0,1.0,1,150,1,1,1,1
568,0534_c0008_015.jpg,534,7,-1,True,150,8550,1.0,1.0,1,150,1,1,1,1
569,0534_c0008_020.jpg,534,7,-1,True,150,8550,1.0,1.0,1,150,1,1,1,1
570,0536_c0001_000.jpg,536,0,-1,True,75,8550,0.4657672722701746,0.16025641025641027,1,468,1,1,1,1
571,0536_c0001_005.jpg,536,0,-1,True,75,8550,0.476831061285896,0.16339869281045752,1,459,1,1,1,1
572,0536_c0001_010.jpg,536,0,-1,True,75,8550,0.49769603484685226,0.16741071428571427,1,448,1,1,1,1
573,0536_c0001_015.jpg,536,0,-1,True,75,8550,0.4720896212294119,0.16304347826086957,1,460,1,1,1,1
574,0536_c0001_020.jpg,536,0,-1,True,75,8550,0.48138906740309373,0.17045454545454544,1,440,1,1,1,1
575,0536_c0002_000.jpg,536,1,-1,True,75,8550,0.49093992665960456,0.2459016393442623,1,305,1,1,1,1
576,0536_c0002_005.jpg,536,1,-1,True,75,8550,0.49827709421918037,0.23809523809523808,1,315,1,1,1,1
577,0536_c0002_010.jpg,536,1,-1,True,75,8550,0.4767918653649008,0.21246458923512748,1,353,1,1,1,1
578,0536_c0002_015.jpg,536,1,-1,True,75,8550,0.5048104908648164,0.3048780487804878,1,246,1,1,1,1
579,0536_c0002_020.jpg,536,1,-1,True,75,8550,0.5177892113953775,0.26595744680851063,1,282,1,1,1,1
580,0536_c0005_000.jpg,536,4,-1,True,75,8550,0.6125840740404515,0.2613240418118467,1,287,1,1,1,1
581,0536_c0005_005.jpg,536,4,-1,True,75,8550,0.5977583533429923,0.2862595419847328,1,262,1,1,1,1
582,0536_c0005_010.jpg,536,4,-1,True,75,8550,0.6029846281586174,0.3112033195020747,1,241,1,1,1,1
583,0536_c0005_015.jpg,536,4,-1,True,75,8550,0.6135221117418579,0.26785714285714285,1,280,1,1,1,1
584,0536_c0005_020.jpg,536,4,-1,True,75,8550,0.5904069472547717,0.23809523809523808,1,315,1,1,1,1
585,0536_c0006_000.jpg,536,5,-1,True,75,8550,0.13800807822285616,0.09090909090909091,27,825,0,0,0,0
586,0536_c0006_005.jpg,536,5,-1,True,75,8550,0.13709200229014834,0.10548523206751055,26,711,0,0,0,0
587,0536_c0006_010.jpg,536,5,-1,True,75,8550,0.16847655422783883,0.11645962732919254,26,644,0,0,0,0
588,0536_c0006_015.jpg,536,5,-1,True,75,8550,0.18638129235316214,0.125,12,600,0,0,0,1
589,0536_c0006_020.jpg,536,5,-1,True,75,8550,0.17402430366418375,0.11942675159235669,25,628,0,0,0,0
590,0538_c0001_000.jpg,538,0,-1,True,175,8550,0.9081174256452276,0.5663430420711975,1,309,1,1,1,1
591,0538_c0001_005.jpg,538,0,-1,True,175,8550,0.8219649731877486,0.5384615384615384,1,325,1,1,1,1
592,0538_c0001_010.jpg,538,0,-1,True,175,8550,0.921192004658171,0.6457564575645757,1,271,1,1,1,1
593,0538_c0001_015.jpg,538,0,-1,True,175,8550,0.9022024321274256,0.4716981132075472,1,371,1,1,1,1
594,0538_c0001_020.jpg,538,0,-1,True,175,8550,0.907498744232908,0.5681818181818182,1,308,1,1,1,1
595,0538_c0002_000.jpg,538,1,-1,True,175,8550,0.681349386279397,0.2025462962962963,1,864,1,1,1,1
596,0538_c0002_005.jpg,538,1,-1,True,175,8550,0.6749129316334244,0.22208121827411167,6,788,0,0,1,1
597,0538_c0002_010.jpg,538,1,-1,True,175,8550,0.6651073301342844,0.18518518518518517,1,945,1,1,1,1
598,0538_c0002_015.jpg,538,1,-1,True,175,8550,0.7205892918964751,0.18305439330543932,1,956,1,1,1,1
599,0538_c0002_020.jpg,538,1,-1,True,175,8550,0.7659324626376942,0.176056338028169,1,994,1,1,1,1
600,0538_c0003_000.jpg,538,2,-1,True,175,8550,0.8308720809135941,0.39325842696629215,1,445,1,1,1,1
601,0538_c0003_005.jpg,538,2,-1,True,175,8550,0.9156318829554643,0.45219638242894056,1,387,1,1,1,1
602,0538_c0003_010.jpg,538,2,-1,True,175,8550,0.9039230688050496,0.4396984924623116,1,398,1,1,1,1
603,0538_c0003_015.jpg,538,2,-1,True,175,8550,0.9456854972269774,0.5434782608695652,1,322,1,1,1,1
604,0538_c0003_020.jpg,538,2,-1,True,175,8550,0.9711248858818892,0.6862745098039216,1,255,1,1,1,1
605,0538_c0004_000.jpg,538,3,-1,True,175,8550,0.8966944838088278,0.44529262086513993,1,393,1,1,1,1
606,0538_c0004_005.jpg,538,3,-1,True,175,8550,0.8649593947605071,0.3763440860215054,1,465,1,1,1,1
607,0538_c0004_010.jpg,538,3,-1,True,175,8550,0.871624766676245,0.360082304526749,1,486,1,1,1,1
608,0538_c0004_015.jpg,538,3,-1,True,175,8550,0.8857487001669664,0.3787878787878788,1,462,1,1,1,1
609,0538_c0004_020.jpg,538,3,-1,True,175,8550,0.8801951512383461,0.34791252485089463,1,503,1,1,1,1
610,0538_c0005_000.jpg,538,4,-1,True,175,8550,0.727054213391032,0.21793275217932753,1,803,1,1,1,1
611,0538_c0005_005.jpg,538,4,-1,True,175,8550,0.6588681828458882,0.19401330376940132,1,902,1,1,1,1
612,0538_c0005_010.jpg,538,4,-1,True,175,8550,0.6116071012995068,0.1734390485629336,1,1009,1,1,1,1
613,0538_c0005_015.jpg,538,4,-1,True,175,8550,0.6971384349399607,0.1968503937007874,1,889,1,1,1,1
614,0538_c0005_020.jpg,538,4,-1,True,175,8550,0.696173972846293,0.18756698821007503,1,933,1,1,1,1
615,0538_c0006_000.jpg,538,5,-1,True,175,8550,0.8682066092172561,0.22407170294494239,1,781,1,1,1,1
616,0538_c0006_005.jpg,538,5,-1,True,175,8550,0.8452710883400134,0.1783893985728848,1,981,1,1,1,1
617,0538_c0006_010.jpg,538,5,-1,True,175,8550,0.8482608667057953,0.17893660531697342,1,978,1,1,1,1
618,0538_c0006_015.jpg,538,5,-1,True,175,8550,0.8517708575711198,0.1865671641791045,1,938,1,1,1,1
619,0538_c0006_020.jpg,538,5,-1,True,175,8550,0.9426830540669835,0.2635542168674699,1,664,1,1,1,1
620,0538_c0007_000.jpg,538,6,-1,True,175,8550,0.8363107582208522,0.33653846153846156,1,520,1,1,1,1
621,0538_c0007_005.jpg,538,6,-1,True,175,8550,0.8199582720044015,0.33783783783783783,1,518,1,1,1,1
622,0538_c0007_010.jpg,538,6,-1,True,175,8550,0.8000683136972749,0.2864157119476268,1,611,1,1,1,1
623,0538_c0007_015.jpg,538,6,-1,True,175,8550,0.8084123024129849,0.3108348134991119,1,563,1,1,1,1
624,0538_c0007_020.jpg,538,6,-1,True,175,8550,0.8959895749445924,0.343811394891945,1,509,1,1,1,1
625,0538_c0008_000.jpg,538,7,-1,True,175,8550,0.8971743424179215,0.4166666666666667,1,420,1,1,1,1
626,0538_c0008_005.jpg,538,7,-1,True,175,8550,0.890565264951274,0.39863325740318906,1,439,1,1,1,1
627,0538_c0008_010.jpg,538,7,-1,True,175,8550,0.890353448637882,0.40229885057471265,1,435,1,1,1,1
628,0538_c0008_015.jpg,538,7,-1,True,175,8550,0.8681077090240614,0.4156769596199525,1,421,1,1,1,1
629,0538_c0008_020.jpg,538,7,-1,True,175,8550,0.852582686469704,0.4146919431279621,1,422,1,1,1,1
630,0540_c0001_000.jpg,540,0,-1,True,175,8550,0.7136870449618604,0.2961082910321489,1,591,1,1,1,1
631,0540_c0001_005.jpg,540,0,-1,True,175,8550,0.6687429686869969,0.2883031301482702,1,607,1,1,1,1
632,0540_c0001_010.jpg,540,0,-1,True,175,8550,0.6018474603764911,0.2751572327044025,1,636,1,1,1,1
633,0540_c0001_015.jpg,540,0,-1,True,175,8550,0.6501250546327177,0.2911813643926789,1,601,1,1,1,1
634,0540_c0001_020.jpg,540,0,-1,True,175,8550,0.5780375505788399,0.2755905511811024,1,635,1,1,1,1
635,0540_c0002_000.jpg,540,1,-1,True,175,8550,0.4307975367633722,0.1383399209486166,1,1265,1,1,1,1
636,0540_c0002_005.jpg,540,1,-1,True,175,8550,0.4253251470872004,0.1345119139123751,1,1301,1,1,1,1
637,0540_c0002_010.jpg,540,1,-1,True,175,8550,0.44782343326573215,0.1440329218106996,1,1215,1,1,1,1
638,0540_c0002_015.jpg,540,1,-1,True,175,8550,0.343553546960475,0.10342789598108747,1,1692,1,1,1,1
639,0540_c0002_020.jpg,540,1,-1,True,175,8550,0.38763827452694644,0.1312828207051763,1,1333,1,1,1,1
640,0540_c0003_000.jpg,540,2,-1,True,175,8550,0.9201869986004785,0.4013761467889908,1,436,1,1,1,1
641,0540_c0003_005.jpg,540,2,-1,True,175,8550,0.9331802470123312,0.341796875,1,512,1,1,1,1
642,0540_c0003_010.jpg,540,2,-1,True,175,8550,0.9556853952133996,0.41866028708133973,1,418,1,1,1,1
643,0540_c0003_015.jpg,540,2,-1,True,175,8550,0.9169433427434553,0.31194295900178254,1,561,1,1,1,1
644,0540_c0003_020.jpg,540,2,-1,True,175,8550,0.9410681682676626,0.3431372549019608,1,510,1,1,1,1
645,0540_c0004_000.jpg,540,3,-1,True,175,8550,0.7901657057753543,0.1155878467635403,1,1514,1,1,1,1
646,0540_c0004_005.jpg,540,3,-1,True,175,8550,0.9024355283900442,0.1727541954590326,1,1013,1,1,1,1
647,0540_c0004_010.jpg,540,3,-1,True,175,8550,0.9123120800044567,0.19574944071588368,1,894,1,1,1,1
648,0540_c0004_015.jpg,540,3,-1,True,175,8550,0.9177188262187561,0.1898047722342733,1,922,1,1,1,1
649,0540_c0004_020.jpg,540,3,-1,True,175,8550,0.8274499682408574,0.13069454817027631,1,1339,1,1,1,1
650,0540_c0005_000.jpg,540,4,-1,True,175,8550,0.8769017153228658,0.47297297297297297,1,370,1,1,1,1
651,0540_c0005_005.jpg,540,4,-1,True,175,8550,0.8626048749203734,0.4794520547945205,1,365,1,1,1,1
652,0540_c0005_010.jpg,540,4,-1,True,175,8550,0.8641032217403015,0.47554347826086957,1,368,1,1,1,1
653,0540_c0005_015.jpg,540,4,-1,True,175,8550,0.8525922633818245,0.4533678756476684,1,386,1,1,1,1
654,0540_c0005_020.jpg,540,4,-1,True,175,8550,0.8540611653122242,0.4654255319148936,1,376,1,1,1,1
655,0540_c0006_000.jpg,540,5,-1,True,175,8550,0.727411874751402,0.3006872852233677,1,582,1,1,1,1
656,0540_c0006_005.jpg,540,5,-1,True,175,8550,0.748464682995437,0.36610878661087864,1,478,1,1,1,1
657,0540_c0006_010.jpg,540,5,-1,True,175,8550,0.7288188169594513,0.30701754385964913,1,570,1,1,1,1
658,0540_c0006_015.jpg,540,5,-1,True,175,8550,0.7351079469806483,0.3102836879432624,1,564,1,1,1,1
659,0540_c0006_020.jpg,540,5,-1,True,175,8550,0.7258747027391522,0.32169117647058826,1,544,1,1,1,1
660,0540_c0007_000.jpg,540,6,-1,True,175,8550,0.9762834453546894,0.6704980842911877,1,261,1,1,1,1
661,0540_c0007_005.jpg,540,6,-1,True,175,8550,0.9669602931027164,0.7261410788381742,1,241,1,1,1,1
662,0540_c0007_010.jpg,540,6,-1,True,175,8550,0.951343238840173,0.6433823529411765,1,272,1,1,1,1
663,0540_c0007_015.jpg,540,6,-1,True,175,8550,0.9396417343893426,0.6809338521400778,1,257,1,1,1,1
664,0540_c0007_020.jpg,540,6,-1,True,175,8550,0.9784580957883825,0.7575757575757576,1,231,1,1,1,1
665,0540_c0008_000.jpg,540,7,-1,True,175,8550,0.5880959976554035,0.1551418439716312,1,1128,1,1,1,1
666,0540_c0008_005.jpg,540,7,-1,True,175,8550,0.6334487468432519,0.18459915611814345,1,948,1,1,1,1
667,0540_c0008_010.jpg,540,7,-1,True,175,8550,0.6556649279446959,0.19818799546998866,1,883,1,1,1,1
668,0540_c0008_015.jpg,540,7,-1,True,175,8550,0.6248270925643221,0.18324607329842932,1,955,1,1,1,1
669,0540_c0008_020.jpg,540,7,-1,True,175,8550,0.6317450392979905,0.18440463645943098,1,949,1,1,1,1
670,0542_c0001_000.jpg,542,0,-1,True,150,8550,0.5270189207086908,0.04248088360237893,1,3531,1,1,1,1
671,0542_c0001_005.jpg,542,0,-1,True,150,8550,0.497938335000154,0.03571428571428571,1,4200,1,1,1,1
672,0542_c0001_010.jpg,542,0,-1,True,150,8550,0.515405131223448,0.03927729772191673,1,3819,1,1,1,1
673,0542_c0001_015.jpg,542,0,-1,True,150,8550,0.5466316085266401,0.03847140292382662,1,3899,1,1,1,1
674,0542_c0001_020.jpg,542,0,-1,True,150,8550,0.5342192891554917,0.03803245436105477,1,3944,1,1,1,1
675,0542_c0002_000.jpg,542,1,-1,True,150,8550,0.5909131526131716,0.25996533795493937,1,577,1,1,1,1
676,0542_c0002_005.jpg,542,1,-1,True,150,8550,0.620092281988443,0.30364372469635625,1,494,1,1,1,1
677,0542_c0002_010.jpg,542,1,-1,True,150,8550,0.6362367598285715,0.30991735537190085,1,484,1,1,1,1
678,0542_c0002_015.jpg,542,1,-1,True,150,8550,0.5769769252485683,0.3157894736842105,1,475,1,1,1,1
679,0542_c0002_020.jpg,542,1,-1,True,150,8550,0.5925079500954659,0.30060120240480964,1,499,1,1,1,1
680,0542_c0004_000.jpg,542,3,-1,True,150,8550,0.05493457000370467,0.024263992235522485,115,6182,0,0,0,0
681,0542_c0004_005.jpg,542,3,-1,True,150,8550,0.05583120875454729,0.024319066147859923,102,6168,0,0,0,0
682,0542_c0004_010.jpg,542,3,-1,True,150,8550,0.05249290072510685,0.024630541871921183,122,6090,0,0,0,0
683,0542_c0004_015.jpg,542,3,-1,True,150,8550,0.05353462056646778,0.02464268112370626,148,6087,0,0,0,0
684,0542_c0004_020.jpg,542,3,-1,True,150,8550,0.05374718707894588,0.023988485526947066,105,6253,0,0,0,0
685,0542_c0005_000.jpg,542,4,-1,True,150,8550,0.47519546700555687,0.03068112088361628,1,4889,1,1,1,1
686,0542_c0005_005.jpg,542,4,-1,True,150,8550,0.4690623927773343,0.02839833396440742,1,5282,1,1,1,1
687,0542_c0005_010.jpg,542,4,-1,True,150,8550,0.45482127211375567,0.028763183125599234,1,5215,1,1,1,1
688,0542_c0005_015.jpg,542,4,-1,True,150,8550,0.451314052913622,0.028901734104046242,1,5190,1,1,1,1
689,0542_c0005_020.jpg,542,4,-1,True,150,8550,0.48003761200715217,0.031739314430808296,1,4726,1,1,1,1
690,0542_c0006_000.jpg,542,5,-1,True,150,8550,0.5812571785712206,0.04240882103477523,1,3537,1,1,1,1
691,0542_c0006_005.jpg,542,5,-1,True,150,8550,0.6178027586985108,0.04310344827586207,1,3480,1,1,1,1
692,0542_c0006_010.jpg,542,5,-1,True,150,8550,0.572645299671562,0.04387247733255338,1,3419,1,1,1,1
693,0542_c0006_015.jpg,542,5,-1,True,150,8550,0.586383045501436,0.043642711667151585,1,3437,1,1,1,1
694,0542_c0006_020.jpg,542,5,-1,True,150,8550,0.5913107116968678,0.04655493482309125,1,3222,1,1,1,1
695,0542_c0007_000.jpg,542,6,-1,True,150,8550,0.6058536631925647,0.046627292508548336,1,3217,1,1,1,1
696,0542_c0007_005.jpg,542,6,-1,True,150,8550,0.5507302086162497,0.05192107995846314,1,2889,1,1,1,1
697,0542_c0007_010.jpg,542,6,-1,True,150,8550,0.6168152703601434,0.05555555555555555,1,2700,1,1,1,1
698,0542_c0007_015.jpg,542,6,-1,True,150,8550,0.548655510895773,0.05557613931085587,1,2699,1,1,1,1
699,0542_c0007_020.jpg,542,6,-1,True,150,8550,0.6131699238461618,0.0574052812858783,1,2613,1,1,1,1
700,0542_c0008_000.jpg,542,7,-1,True,150,8550,0.1527857473213252,0.023610892491736188,1,6353,1,1,1,1
701,0542_c0008_005.jpg,542,7,-1,True,150,8550,0.10277137688221845,0.02437835202340322,6,6153,0,0,1,1
702,0542_c0008_010.jpg,542,7,-1,True,150,8550,0.08287538020703687,0.02508361204013378,19,5980,0,0,0,1
703,0542_c0008_015.jpg,542,7,-1,True,150,8550,0.07120172611162497,0.025942580421999307,20,5782,0,0,0,1
704,0542_c0008_020.jpg,542,7,-1,True,150,8550,0.08148813011602683,0.02559290223511346,4,5861,0,1,1,1
705,0544_c0001_000.jpg,544,0,-1,True,150,8550,0.7376270878333093,0.352112676056338,1,426,1,1,1,1
706,0544_c0001_005.jpg,544,0,-1,True,150,8550,0.8317841469703299,0.4601226993865031,1,326,1,1,1,1
707,0544_c0001_010.jpg,544,0,-1,True,150,8550,0.8142904804230706,0.487012987012987,1,308,1,1,1,1
708,0544_c0001_015.jpg,544,0,-1,True,150,8550,0.8213119036886517,0.43731778425655976,1,343,1,1,1,1
709,0544_c0001_020.jpg,544,0,-1,True,150,8550,0.7775281940051361,0.4854368932038835,1,309,1,1,1,1
710,0544_c0002_000.jpg,544,1,-1,True,150,8550,0.9020826909597816,0.6880733944954128,1,218,1,1,1,1
711,0544_c0002_005.jpg,544,1,-1,True,150,8550,0.88343863636049,0.6976744186046512,1,215,1,1,1,1
712,0544_c0002_010.jpg,544,1,-1,True,150,8550,0.849192767175272,0.6550218340611353,1,229,1,1,1,1
713,0544_c0002_015.jpg,544,1,-1,True,150,8550,0.8428698355523401,0.6880733944954128,1,218,1,1,1,1
714,0544_c0002_020.jpg,544,1,-1,True,150,8550,0.8295415338507922,0.7389162561576355,1,203,1,1,1,1
715,0544_c0003_000.jpg,544,2,-1,True,150,8550,0.996890487005374,0.872093023255814,1,172,1,1,1,1
716,0544_c0003_005.jpg,544,2,-1,True,150,8550,0.9997435897435897,0.9615384615384616,1,156,1,1,1,1
717,0544_c0003_010.jpg,544,2,-1,True,150,8550,0.9998692810457518,0.9803921568627451,1,153,1,1,1,1
718,0544_c0003_015.jpg,544,2,-1,True,150,8550,0.9996226415094338,0.9433962264150944,1,159,1,1,1,1
719,0544_c0003_020.jpg,544,2,-1,True,150,8550,0.9960818752809261,0.872093023255814,1,172,1,1,1,1
720,0544_c0005_000.jpg,544,4,-1,True,150,8550,0.9969001966761747,0.8771929824561403,1,171,1,1,1,1
721,0544_c0005_005.jpg,544,4,-1,True,150,8550,0.9985305840471267,0.8522727272727273,1,176,1,1,1,1
722,0544_c0005_010.jpg,544,4,-1,True,150,8550,0.9960767680594931,0.8620689655172413,1,174,1,1,1,1
723,0544_c0005_015.jpg,544,4,-1,True,150,8550,0.9941528860988383,0.704225352112676,1,213,1,1,1,1
724,0544_c0005_020.jpg,544,4,-1,True,150,8550,0.9981231258779735,0.9036144578313253,1,166,1,1,1,1
725,0544_c0006_000.jpg,544,5,-1,True,150,8550,1.0,1.0,1,150,1,1,1,1
726,0544_c0006_005.jpg,544,5,-1,True,150,8550,1.0,1.0,1,150,1,1,1,1
727,0544_c0006_010.jpg,544,5,-1,True,150,8550,1.0,1.0,1,150,1,1,1,1
728,0544_c0006_015.jpg,544,5,-1,True,150,8550,1.0,1.0,1,150,1,1,1,1
729,0544_c0006_020.jpg,544,5,-1,True,150,8550,1.0,1.0,1,150,1,1,1,1
730,0544_c0007_000.jpg,544,6,-1,True,150,8550,0.999179020424534,0.9803921568627451,1,153,1,1,1,1
731,0544_c0007_005.jpg,544,6,-1,True,150,8550,0.9988241205821078,0.974025974025974,1,154,1,1,1,1
732,0544_c0007_010.jpg,544,6,-1,True,150,8550,0.9988353953188531,0.9868421052631579,1,152,1,1,1,1
733,0544_c0007_015.jpg,544,6,-1,True,150,8550,0.9967063180316412,0.9375,1,160,1,1,1,1
734,0544_c0007_020.jpg,544,6,-1,True,150,8550,0.9999558498896247,0.9933774834437086,1,151,1,1,1,1
735,0544_c0008_000.jpg,544,7,-1,True,150,8550,1.0,1.0,1,150,1,1,1,1
736,0544_c0008_005.jpg,544,7,-1,True,150,8550,1.0,1.0,1,150,1,1,1,1
737,0544_c0008_010.jpg,544,7,-1,True,150,8550,1.0,1.0,1,150,1,1,1,1
738,0544_c0008_015.jpg,544,7,-1,True,150,8550,1.0,1.0,1,150,1,1,1,1
739,0544_c0008_020.jpg,544,7,-1,True,150,8550,1.0,1.0,1,150,1,1,1,1
740,0546_c0002_000.jpg,546,1,-1,True,75,8550,0.8915155527187255,0.6198347107438017,1,121,1,1,1,1
741,0546_c0002_005.jpg,546,1,-1,True,75,8550,0.9002413760086798,0.6696428571428571,1,112,1,1,1,1
742,0546_c0002_010.jpg,546,1,-1,True,75,8550,0.912119103708558,0.75,1,100,1,1,1,1
743,0546_c0002_015.jpg,546,1,-1,True,75,8550,0.9262892182002556,0.75,1,100,1,1,1,1
744,0546_c0002_020.jpg,546,1,-1,True,75,8550,0.9076538734041979,0.75,1,100,1,1,1,1
745,0546_c0004_000.jpg,546,3,-1,True,75,8550,1.0,1.0,1,75,1,1,1,1
746,0546_c0004_005.jpg,546,3,-1,True,75,8550,1.0,1.0,1,75,1,1,1,1
747,0546_c0004_010.jpg,546,3,-1,True,75,8550,1.0,1.0,1,75,1,1,1,1
748,0546_c0004_015.jpg,546,3,-1,True,75,8550,1.0,1.0,1,75,1,1,1,1
749,0546_c0004_020.jpg,546,3,-1,True,75,8550,1.0,1.0,1,75,1,1,1,1
750,0546_c0007_000.jpg,546,6,-1,True,75,8550,1.0,1.0,1,75,1,1,1,1
751,0546_c0007_005.jpg,546,6,-1,True,75,8550,1.0,1.0,1,75,1,1,1,1
752,0546_c0007_010.jpg,546,6,-1,True,75,8550,1.0,1.0,1,75,1,1,1,1
753,0546_c0007_015.jpg,546,6,-1,True,75,8550,1.0,1.0,1,75,1,1,1,1
754,0546_c0007_020.jpg,546,6,-1,True,75,8550,0.9996536796536797,0.974025974025974,1,77,1,1,1,1
755,0546_c0008_000.jpg,546,7,-1,True,75,8550,0.783454863293341,0.30120481927710846,1,249,1,1,1,1
756,0546_c0008_005.jpg,546,7,-1,True,75,8550,0.8003193110486894,0.35046728971962615,1,214,1,1,1,1
757,0546_c0008_010.jpg,546,7,-1,True,75,8550,0.8076133591505644,0.40540540540540543,1,185,1,1,1,1
758,0546_c0008_015.jpg,546,7,-1,True,75,8550,0.7954700580220614,0.3694581280788177,1,203,1,1,1,1
759,0546_c0008_020.jpg,546,7,-1,True,75,8550,0.9007758367902811,0.5102040816326531,1,147,1,1,1,1
760,0548_c0001_000.jpg,548,0,-1,True,125,8550,0.4875020136101967,0.09811616954474098,1,1274,1,1,1,1
761,0548_c0001_005.jpg,548,0,-1,True,125,8550,0.41978259277112806,0.0764525993883792,1,1635,1,1,1,1
762,0548_c0001_010.jpg,548,0,-1,True,125,8550,0.5282662667342741,0.10237510237510238,1,1221,1,1,1,1
763,0548_c0001_015.jpg,548,0,-1,True,125,8550,0.5225083304778795,0.09433962264150944,1,1325,1,1,1,1
764,0548_c0001_020.jpg,548,0,-1,True,125,8550,0.5487273625173285,0.09659969088098919,1,1294,1,1,1,1
765,0548_c0002_000.jpg,548,1,-1,True,125,8550,0.22194900510187587,0.15169902912621358,44,824,0,0,0,0
766,0548_c0002_005.jpg,548,1,-1,True,125,8550,0.19013242965694688,0.15862944162436549,49,788,0,0,0,0
767,0548_c0002_010.jpg,548,1,-1,True,125,8550,0.2400467130497685,0.15664160401002505,37,798,0,0,0,0
768,0548_c0002_015.jpg,548,1,-1,True,125,8550,0.25202589481749377,0.1588310038119441,33,787,0,0,0,0
769,0548_c0002_020.jpg,548,1,-1,True,125,8550,0.29873341875434134,0.18545994065281898,26,674,0,0,0,0
770,0548_c0003_000.jpg,548,2,-1,True,125,8550,0.4228606517077687,0.35511363636363635,1,352,1,1,1,1
771,0548_c0003_005.jpg,548,2,-1,True,125,8550,0.4234186345294977,0.352112676056338,1,355,1,1,1,1
772,0548_c0003_010.jpg,548,2,-1,True,125,8550,0.40915163682042893,0.34153005464480873,1,366,1,1,1,1
773,0548_c0003_015.jpg,548,2,-1,True,125,8550,0.4490947556387701,0.33875338753387535,1,369,1,1,1,1
774,0548_c0003_020.jpg,548,2,-1,True,125,8550,0.43496089273355776,0.3472222222222222,1,360,1,1,1,1
775,0548_c0005_000.jpg,548,4,-1,True,125,8550,0.9602265180628154,0.4921259842519685,1,254,1,1,1,1
776,0548_c0005_005.jpg,548,4,-1,True,125,8550,0.9430262122034107,0.44642857142857145,1,280,1,1,1,1
777,0548_c0005_010.jpg,548,4,-1,True,125,8550,0.8999603081828136,0.2642706131078224,1,473,1,1,1,1
778,0548_c0005_015.jpg,548,4,-1,True,125,8550,0.8933321600461556,0.22977941176470587,1,544,1,1,1,1
779,0548_c0005_020.jpg,548,4,-1,True,125,8550,0.920479065916674,0.33156498673740054,1,377,1,1,1,1
780,0548_c0006_000.jpg,548,5,-1,True,125,8550,0.8739553086666481,0.8169934640522876,1,153,1,1,1,1
781,0548_c0006_005.jpg,548,5,-1,True,125,8550,0.8829771034507511,0.8169934640522876,1,153,1,1,1,1
782,0548_c0006_010.jpg,548,5,-1,True,125,8550,0.8312315125976416,0.7225433526011561,1,173,1,1,1,1
783,0548_c0006_015.jpg,548,5,-1,True,125,8550,0.8672124358970077,0.8333333333333334,1,150,1,1,1,1
784,0548_c0006_020.jpg,548,5,-1,True,125,8550,0.8665264107404007,0.8333333333333334,1,150,1,1,1,1
785,0548_c0007_000.jpg,548,6,-1,True,125,8550,0.8007862300721171,0.31094527363184077,1,402,1,1,1,1
786,0548_c0007_005.jpg,548,6,-1,True,125,8550,0.822418066922158,0.36443148688046645,1,343,1,1,1,1
787,0548_c0007_010.jpg,548,6,-1,True,125,8550,0.7188367927438987,0.23105360443622922,1,541,1,1,1,1
788,0548_c0007_015.jpg,548,6,-1,True,125,8550,0.8092602721840305,0.3324468085106383,1,376,1,1,1,1
789,0548_c0007_020.jpg,548,6,-1,True,125,8550,0.7538729047128886,0.27472527472527475,1,455,1,1,1,1
790,0550_c0001_000.jpg,550,0,-1,True,175,8550,0.4633910615095879,0.20933014354066987,1,836,1,1,1,1
791,0550_c0001_005.jpg,550,0,-1,True,175,8550,0.470164495318919,0.21058965102286403,1,831,1,1,1,1
792,0550_c0001_010.jpg,550,0,-1,True,175,8550,0.46053284784297327,0.21237864077669902,1,824,1,1,1,1
793,0550_c0001_015.jpg,550,0,-1,True,175,8550,0.498058213522163,0.2080856123662307,1,841,1,1,1,1
794,0550_c0001_020.jpg,550,0,-1,True,175,8550,0.4883356521756732,0.20734597156398105,1,844,1,1,1,1
795,0550_c0002_000.jpg,550,1,-1,True,175,8550,0.5904709337592836,0.29711375212224106,1,589,1,1,1,1
796,0550_c0002_005.jpg,550,1,-1,True,175,8550,0.5822254265518927,0.26555386949924126,1,659,1,1,1,1
797,0550_c0002_010.jpg,550,1,-1,True,175,8550,0.5149702847918308,0.23521505376344087,1,744,1,1,1,1
798,0550_c0002_015.jpg,550,1,-1,True,175,8550,0.5072966428879243,0.26595744680851063,1,658,1,1,1,1
799,0550_c0002_020.jpg,550,1,-1,True,175,8550,0.5135128912618109,0.22875816993464052,1,765,1,1,1,1
800,0550_c0003_000.jpg,550,2,-1,True,175,8550,0.37173301685672216,0.1891891891891892,1,925,1,1,1,1
801,0550_c0003_005.jpg,550,2,-1,True,175,8550,0.4255410500643861,0.20207852193995382,1,866,1,1,1,1
802,0550_c0003_010.jpg,550,2,-1,True,175,8550,0.38319738753304305,0.19315673289183222,1,906,1,1,1,1
803,0550_c0003_015.jpg,550,2,-1,True,175,8550,0.3623390097306726,0.18286311389759666,1,957,1,1,1,1
804,0550_c0003_020.jpg,550,2,-1,True,175,8550,0.3546961581555868,0.21008403361344538,1,833,1,1,1,1
805,0550_c0004_000.jpg,550,3,-1,True,175,8550,0.6237718655440267,0.4268292682926829,1,410,1,1,1,1
806,0550_c0004_005.jpg,550,3,-1,True,175,8550,0.5561026318877035,0.42997542997543,1,407,1,1,1,1
807,0550_c0004_010.jpg,550,3,-1,True,175,8550,0.6003743466107695,0.4716981132075472,1,371,1,1,1,1
808,0550_c0004_015.jpg,550,3,-1,True,175,8550,0.5328309330540331,0.43640897755610975,3,401,0,1,1,1
809,0550_c0004_020.jpg,550,3,-1,True,175,8550,0.577112055262555,0.4196642685851319,1,417,1,1,1,1
810,0550_c0005_000.jpg,550,4,-1,True,175,8550,0.5126819112856212,0.19931662870159453,1,878,1,1,1,1
811,0550_c0005_005.jpg,550,4,-1,True,175,8550,0.6112539843707216,0.24271844660194175,1,721,1,1,1,1
812,0550_c0005_010.jpg,550,4,-1,True,175,8550,0.6487440166345907,0.2229299363057325,1,785,1,1,1,1
813,0550_c0005_015.jpg,550,4,-1,True,175,8550,0.6566293274700356,0.2562225475841874,1,683,1,1,1,1
814,0550_c0005_020.jpg,550,4,-1,True,175,8550,0.6023870110017738,0.2249357326478149,1,778,1,1,1,1
815,0550_c0006_000.jpg,550,5,-1,True,175,8550,0.6269204769033412,0.1586582048957389,1,1103,1,1,1,1
816,0550_c0006_005.jpg,550,5,-1,True,175,8550,0.621892854487347,0.15112262521588946,1,1158,1,1,1,1
817,0550_c0006_010.jpg,550,5,-1,True,175,8550,0.6225957510587642,0.16218721037998146,1,1079,1,1,1,1
818,0550_c0006_015.jpg,550,5,-1,True,175,8550,0.6402230612137843,0.1849894291754757,1,946,1,1,1,1
819,0550_c0006_020.jpg,550,5,-1,True,175,8550,0.6236917374955694,0.17430278884462153,1,1004,1,1,1,1
820,0550_c0007_000.jpg,550,6,-1,True,175,8550,0.5991660055244561,0.30864197530864196,1,567,1,1,1,1
821,0550_c0007_005.jpg,550,6,-1,True,175,8550,0.6044668779503191,0.35070140280561124,1,499,1,1,1,1
822,0550_c0007_010.jpg,550,6,-1,True,175,8550,0.6055866493549373,0.33783783783783783,1,518,1,1,1,1
823,0550_c0007_015.jpg,550,6,-1,True,175,8550,0.6057541805406943,0.33460803059273425,1,523,1,1,1,1
824,0550_c0007_020.jpg,550,6,-1,True,175,8550,0.6178773759199079,0.35496957403651114,1,493,1,1,1,1
825,0550_c0008_000.jpg,550,7,-1,True,175,8550,0.6394735624258712,0.315884476534296,1,554,1,1,1,1
826,0550_c0008_005.jpg,550,7,-1,True,175,8550,0.6499995694817609,0.3054101221640489,1,573,1,1,1,1
827,0550_c0008_010.jpg,550,7,-1,True,175,8550,0.6487468259030215,0.29069767441860467,1,602,1,1,1,1
828,0550_c0008_015.jpg,550,7,-1,True,175,8550,0.6502385772609378,0.32051282051282054,1,546,1,1,1,1
829,0550_c0008_020.jpg,550,7,-1,True,175,8550,0.6514492307879985,0.30329289428076256,1,577,1,1,1,1
830,0552_c0001_000.jpg,552,0,-1,True,175,8550,0.6632119786265004,0.15099223468507333,1,1159,1,1,1,1
831,0552_c0001_005.jpg,552,0,-1,True,175,8550,0.6597559067742368,0.14583333333333334,1,1200,1,1,1,1
832,0552_c0001_010.jpg,552,0,-1,True,175,8550,0.6566061172811244,0.14522821576763487,1,1205,1,1,1,1
833,0552_c0001_015.jpg,552,0,-1,True,175,8550,0.6519376317994501,0.1370399373531715,1,1277,1,1,1,1
834,0552_c0001_020.jpg,552,0,-1,True,175,8550,0.6301548602423365,0.12178148921363953,1,1437,1,1,1,1
835,0552_c0002_000.jpg,552,1,-1,True,175,8550,0.6996289906514429,0.21446078431372548,1,816,1,1,1,1
836,0552_c0002_005.jpg,552,1,-1,True,175,8550,0.678283309935891,0.20114942528735633,1,870,1,1,1,1
837,0552_c0002_010.jpg,552,1,-1,True,175,8550,0.7552111242509854,0.22756827048114434,1,769,1,1,1,1
838,0552_c0002_015.jpg,552,1,-1,True,175,8550,0.7644335887027471,0.2,1,875,1,1,1,1
839,0552_c0002_020.jpg,552,1,-1,True,175,8550,0.6892021225052799,0.1893939393939394,1,924,1,1,1,1
840,0552_c0003_000.jpg,552,2,-1,True,175,8550,1.0,1.0,1,175,1,1,1,1
841,0552_c0003_005.jpg,552,2,-1,True,175,8550,1.0,1.0,1,175,1,1,1,1
842,0552_c0003_010.jpg,552,2,-1,True,175,8550,1.0,1.0,1,175,1,1,1,1
843,0552_c0003_015.jpg,552,2,-1,True,175,8550,1.0,1.0,1,175,1,1,1,1
844,0552_c0003_020.jpg,552,2,-1,True,175,8550,1.0,1.0,1,175,1,1,1,1
845,0552_c0004_000.jpg,552,3,-1,True,175,8550,0.9421259262077137,0.49295774647887325,1,355,1,1,1,1
846,0552_c0004_005.jpg,552,3,-1,True,175,8550,0.9229503101721277,0.42997542997543,1,407,1,1,1,1
847,0552_c0004_010.jpg,552,3,-1,True,175,8550,0.9918942521012079,0.8333333333333334,1,210,1,1,1,1
848,0552_c0004_015.jpg,552,3,-1,True,175,8550,0.9052029986996818,0.4475703324808184,1,391,1,1,1,1
849,0552_c0004_020.jpg,552,3,-1,True,175,8550,0.9529867963038587,0.5351681957186545,1,327,1,1,1,1
850,0552_c0005_000.jpg,552,4,-1,True,175,8550,1.0,1.0,1,175,1,1,1,1
851,0552_c0005_005.jpg,552,4,-1,True,175,8550,1.0,1.0,1,175,1,1,1,1
852,0552_c0005_010.jpg,552,4,-1,True,175,8550,1.0,1.0,1,175,1,1,1,1
853,0552_c0005_015.jpg,552,4,-1,True,175,8550,0.9989757606423535,0.9210526315789473,1,190,1,1,1,1
854,0552_c0005_020.jpg,552,4,-1,True,175,8550,0.9944900246464144,0.8373205741626795,1,209,1,1,1,1
855,0552_c0006_000.jpg,552,5,-1,True,175,8550,0.8977851466242325,0.31362007168458783,1,558,1,1,1,1
856,0552_c0006_005.jpg,552,5,-1,True,175,8550,0.8833579279367209,0.32287822878228783,1,542,1,1,1,1
857,0552_c0006_010.jpg,552,5,-1,True,175,8550,0.8751275718984823,0.330188679245283,1,530,1,1,1,1
858,0552_c0006_015.jpg,552,5,-1,True,175,8550,0.877193929567849,0.33653846153846156,1,520,1,1,1,1
859,0552_c0006_020.jpg,552,5,-1,True,175,8550,0.8806420455197739,0.34516765285996054,1,507,1,1,1,1
860,0552_c0007_000.jpg,552,6,-1,True,175,8550,0.9542014369095572,0.4861111111111111,1,360,1,1,1,1
861,0552_c0007_005.jpg,552,6,-1,True,175,8550,0.9528796542797924,0.5043227665706052,1,347,1,1,1,1
862,0552_c0007_010.jpg,552,6,-1,True,175,8550,0.9341436067041715,0.44080604534005036,1,397,1,1,1,1
863,0552_c0007_015.jpg,552,6,-1,True,175,8550,0.9240227101087403,0.41766109785202865,1,419,1,1,1,1
864,0552_c0007_020.jpg,552,6,-1,True,175,8550,0.9059668397419749,0.38377192982456143,1,456,1,1,1,1
865,0552_c0008_000.jpg,552,7,-1,True,175,8550,0.9295488953149642,0.4820936639118457,1,363,1,1,1,1
866,0552_c0008_005.jpg,552,7,-1,True,175,8550,0.9510311926274299,0.5972696245733788,1,293,1,1,1,1
867,0552_c0008_010.jpg,552,7,-1,True,175,8550,0.9324902070246779,0.48476454293628807,1,361,1,1,1,1
868,0552_c0008_015.jpg,552,7,-1,True,175,8550,0.9392319061260319,0.5303030303030303,1,330,1,1,1,1
869,0552_c0008_020.jpg,552,7,-1,True,175,8550,0.957237371093789,0.631768953068592,1,277,1,1,1,1
870,0554_c0001_000.jpg,554,0,-1,True,150,8550,0.9083977880711349,0.43731778425655976,1,343,1,1,1,1
871,0554_c0001_005.jpg,554,0,-1,True,150,8550,0.8954398893253178,0.4,1,375,1,1,1,1
872,0554_c0001_010.jpg,554,0,-1,True,150,8550,0.8932964730767519,0.44510385756676557,1,337,1,1,1,1
873,0554_c0001_015.jpg,554,0,-1,True,150,8550,0.8911976086868293,0.3978779840848806,1,377,1,1,1,1
874,0554_c0001_020.jpg,554,0,-1,True,150,8550,0.8779459477322165,0.3856041131105398,1,389,1,1,1,1
875,0554_c0002_000.jpg,554,1,-1,True,150,8550,0.5944399139656703,0.22865853658536586,1,656,1,1,1,1
876,0554_c0002_005.jpg,554,1,-1,True,150,8550,0.5637087381809411,0.23076923076923078,1,650,1,1,1,1
877,0554_c0002_010.jpg,554,1,-1,True,150,8550,0.46734403143290154,0.21551724137931033,1,696,1,1,1,1
878,0554_c0002_015.jpg,554,1,-1,True,150,8550,0.46382877127952127,0.22255192878338279,1,674,1,1,1,1
879,0554_c0002_020.jpg,554,1,-1,True,150,8550,0.5123736040186955,0.23885350318471338,1,628,1,1,1,1
880,0554_c0003_000.jpg,554,2,-1,True,150,8550,0.9169688934696661,0.41899441340782123,1,358,1,1,1,1
881,0554_c0003_005.jpg,554,2,-1,True,150,8550,0.9210612972917435,0.44776119402985076,1,335,1,1,1,1
882,0554_c0003_010.jpg,554,2,-1,True,150,8550,0.9090615142860535,0.42134831460674155,1,356,1,1,1,1
883,0554_c0003_015.jpg,554,2,-1,True,150,8550,0.9012045033845847,0.35629453681710216,1,421,1,1,1,1
884,0554_c0003_020.jpg,554,2,-1,True,150,8550,0.9085446846890041,0.42492917847025496,1,353,1,1,1,1
885,0554_c0005_000.jpg,554,4,-1,True,150,8550,0.8738309900697976,0.297029702970297,1,505,1,1,1,1
886,0554_c0005_005.jpg,554,4,-1,True,150,8550,0.8720750850262313,0.28680688336520077,1,523,1,1,1,1
887,0554_c0005_010.jpg,554,4,-1,True,150,8550,0.8536570423943393,0.2717391304347826,1,552,1,1,1,1
888,0554_c0005_015.jpg,554,4,-1,True,150,8550,0.8626065816438605,0.27624309392265195,1,543,1,1,1,1
889,0554_c0005_020.jpg,554,4,-1,True,150,8550,0.8536753735532729,0.2542372881355932,1,590,1,1,1,1
890,0554_c0006_000.jpg,554,5,-1,True,150,8550,0.9702604703927936,0.8108108108108109,1,185,1,1,1,1
891,0554_c0006_005.jpg,554,5,-1,True,150,8550,0.9737584274013426,0.8379888268156425,1,179,1,1,1,1
892,0554_c0006_010.jpg,554,5,-1,True,150,8550,0.9753666891731825,0.8522727272727273,1,176,1,1,1,1
893,0554_c0006_015.jpg,554,5,-1,True,150,8550,0.9720369167123984,0.819672131147541,1,183,1,1,1,1
894,0554_c0006_020.jpg,554,5,-1,True,150,8550,0.9747535288698093,0.8522727272727273,1,176,1,1,1,1
895,0554_c0007_000.jpg,554,6,-1,True,150,8550,0.7871182773084625,0.3416856492027335,1,439,1,1,1,1
896,0554_c0007_005.jpg,554,6,-1,True,150,8550,0.7726146048499465,0.33783783783783783,1,444,1,1,1,1
897,0554_c0007_010.jpg,554,6,-1,True,150,8550,0.7787841631768689,0.3424657534246575,1,438,1,1,1,1
898,0554_c0007_015.jpg,554,6,-1,True,150,8550,0.8056720768738252,0.38961038961038963,1,385,1,1,1,1
899,0554_c0007_020.jpg,554,6,-1,True,150,8550,0.8299825483163817,0.4143646408839779,1,362,1,1,1,1
900,0554_c0008_000.jpg,554,7,-1,True,150,8550,1.0,1.0,1,150,1,1,1,1
901,0554_c0008_005.jpg,554,7,-1,True,150,8550,1.0,1.0,1,150,1,1,1,1
902,0554_c0008_010.jpg,554,7,-1,True,150,8550,1.0,1.0,1,150,1,1,1,1
903,0554_c0008_015.jpg,554,7,-1,True,150,8550,1.0,1.0,1,150,1,1,1,1
904,0554_c0008_020.jpg,554,7,-1,True,150,8550,1.0,1.0,1,150,1,1,1,1
905,0556_c0001_000.jpg,556,0,-1,True,175,8550,0.7924968265480076,0.40415704387990764,1,433,1,1,1,1
906,0556_c0001_005.jpg,556,0,-1,True,175,8550,0.7664670487474807,0.38461538461538464,1,455,1,1,1,1
907,0556_c0001_010.jpg,556,0,-1,True,175,8550,0.7308642676855078,0.3556910569105691,2,492,0,1,1,1
908,0556_c0001_015.jpg,556,0,-1,True,175,8550,0.7608049292289535,0.3022452504317789,1,579,1,1,1,1
909,0556_c0001_020.jpg,556,0,-1,True,175,8550,0.7195642807120108,0.31645569620253167,3,553,0,1,1,1
910,0556_c0002_000.jpg,556,1,-1,True,175,8550,0.7476665989171593,0.24509803921568626,1,714,1,1,1,1
911,0556_c0002_005.jpg,556,1,-1,True,175,8550,0.8514924386553343,0.41866028708133973,1,418,1,1,1,1
912,0556_c0002_010.jpg,556,1,-1,True,175,8550,0.852282653247655,0.40045766590389015,1,437,1,1,1,1
913,0556_c0002_015.jpg,556,1,-1,True,175,8550,0.7760806564302271,0.4557291666666667,1,384,1,1,1,1
914,0556_c0002_020.jpg,556,1,-1,True,175,8550,0.7518103936577464,0.4475703324808184,1,391,1,1,1,1
915,0556_c0003_000.jpg,556,2,-1,True,175,8550,0.9455620366136767,0.7847533632286996,1,223,1,1,1,1
916,0556_c0003_005.jpg,556,2,-1,True,175,8550,0.9592268908569611,0.7954545454545454,1,220,1,1,1,1
917,0556_c0003_010.jpg,556,2,-1,True,175,8550,0.962109149056045,0.8413461538461539,1,208,1,1,1,1
918,0556_c0003_015.jpg,556,2,-1,True,175,8550,0.9750025050032549,0.8663366336633663,1,202,1,1,1,1
919,0556_c0003_020.jpg,556,2,-1,True,175,8550,0.9714464295423133,0.8177570093457944,1,214,1,1,1,1
920,0556_c0004_000.jpg,556,3,-1,True,175,8550,0.9689267481379865,0.6679389312977099,1,262,1,1,1,1
921,0556_c0004_005.jpg,556,3,-1,True,175,8550,0.9740322243135232,0.6730769230769231,1,260,1,1,1,1
922,0556_c0004_010.jpg,556,3,-1,True,175,8550,0.9854602277840159,0.6782945736434108,1,258,1,1,1,1
923,0556_c0004_015.jpg,556,3,-1,True,175,8550,0.9872179125196743,0.7113821138211383,1,246,1,1,1,1
924,0556_c0004_020.jpg,556,3,-1,True,175,8550,0.9834492042888701,0.7777777777777778,1,225,1,1,1,1
925,0556_c0005_000.jpg,556,4,-1,True,175,8550,0.5613546184467416,0.36610878661087864,1,478,1,1,1,1
926,0556_c0005_005.jpg,556,4,-1,True,175,8550,0.5116923463685197,0.3897550111358575,1,449,1,1,1,1
927,0556_c0005_010.jpg,556,4,-1,True,175,8550,0.6840542917701369,0.423728813559322,1,413,1,1,1,1
928,0556_c0005_015.jpg,556,4,-1,True,175,8550,0.631807802321652,0.40229885057471265,1,435,1,1,1,1
929,0556_c0005_020.jpg,556,4,-1,True,175,8550,0.5721525537880701,0.3888888888888889,1,450,1,1,1,1
930,0556_c0006_000.jpg,556,5,-1,True,175,8550,0.9589901285426884,0.660377358490566,1,265,1,1,1,1
931,0556_c0006_005.jpg,556,5,-1,True,175,8550,0.9492756014400345,0.5718954248366013,1,306,1,1,1,1
932,0556_c0006_010.jpg,556,5,-1,True,175,8550,0.9625491258251327,0.6481481481481481,1,270,1,1,1,1
933,0556_c0006_015.jpg,556,5,-1,True,175,8550,0.9588985691229733,0.6363636363636364,1,275,1,1,1,1
934,0556_c0006_020.jpg,556,5,-1,True,175,8550,0.9526896351243354,0.5932203389830508,1,295,1,1,1,1
935,0556_c0007_000.jpg,556,6,-1,True,175,8550,0.9520344503524725,0.6161971830985915,1,284,1,1,1,1
936,0556_c0007_005.jpg,556,6,-1,True,175,8550,0.9419402324280889,0.5287009063444109,1,331,1,1,1,1
937,0556_c0007_010.jpg,556,6,-1,True,175,8550,0.9535814969481636,0.5852842809364549,1,299,1,1,1,1
938,0556_c0007_015.jpg,556,6,-1,True,175,8550,0.9367745331437257,0.5147058823529411,1,340,1,1,1,1
939,0556_c0007_020.jpg,556,6,-1,True,175,8550,0.9445039857027997,0.541795665634675,1,323,1,1,1,1
940,0556_c0008_000.jpg,556,7,-1,True,175,8550,0.9603815340397033,0.7,1,250,1,1,1,1
941,0556_c0008_005.jpg,556,7,-1,True,175,8550,0.9402659606696635,0.541795665634675,1,323,1,1,1,1
942,0556_c0008_010.jpg,556,7,-1,True,175,8550,0.9447290258301886,0.6013745704467354,1,291,1,1,1,1
943,0556_c0008_015.jpg,556,7,-1,True,175,8550,0.9490926863802679,0.6140350877192983,1,285,1,1,1,1
944,0556_c0008_020.jpg,556,7,-1,True,175,8550,0.9639159910434438,0.6782945736434108,1,258,1,1,1,1
945,0558_c0001_000.jpg,558,0,-1,True,175,8550,0.7007388073497547,0.4679144385026738,1,374,1,1,1,1
946,0558_c0001_005.jpg,558,0,-1,True,175,8550,0.7010141389363087,0.49157303370786515,1,356,1,1,1,1
947,0558_c0001_010.jpg,558,0,-1,True,175,8550,0.7158695660566202,0.5072463768115942,1,345,1,1,1,1
948,0558_c0001_015.jpg,558,0,-1,True,175,8550,0.7018862787035138,0.5335365853658537,1,328,1,1,1,1
949,0558_c0001_020.jpg,558,0,-1,True,175,8550,0.6620042026363879,0.5555555555555556,1,315,1,1,1,1
950,0558_c0002_000.jpg,558,1,-1,True,175,8550,0.6496846191536395,0.4206730769230769,1,416,1,1,1,1
951,0558_c0002_005.jpg,558,1,-1,True,175,8550,0.5852458491411027,0.41371158392434987,1,423,1,1,1,1
952,0558_c0002_010.jpg,558,1,-1,True,175,8550,0.5882402112067109,0.38716814159292035,2,452,0,1,1,1
953,0558_c0002_015.jpg,558,1,-1,True,175,8550,0.6133535809011879,0.4146919431279621,2,422,0,1,1,1
954,0558_c0002_020.jpg,558,1,-1,True,175,8550,0.5865322956946478,0.3668763102725367,2,477,0,1,1,1
955,0558_c0003_000.jpg,558,2,-1,True,175,8550,0.8873105881755377,0.3424657534246575,1,511,1,1,1,1
956,0558_c0003_005.jpg,558,2,-1,True,175,8550,0.8866699722840826,0.32710280373831774,1,535,1,1,1,1
957,0558_c0003_010.jpg,558,2,-1,True,175,8550,0.8949954712278031,0.3458498023715415,1,506,1,1,1,1
958,0558_c0003_015.jpg,558,2,-1,True,175,8550,0.8766654699211771,0.3684210526315789,1,475,1,1,1,1
959,0558_c0003_020.jpg,558,2,-1,True,175,8550,0.8842534777692409,0.38377192982456143,1,456,1,1,1,1
960,0558_c0004_000.jpg,558,3,-1,True,175,8550,0.938609634550336,0.5368098159509203,1,326,1,1,1,1
961,0558_c0004_005.jpg,558,3,-1,True,175,8550,0.93442140306961,0.5537974683544303,1,316,1,1,1,1
962,0558_c0004_010.jpg,558,3,-1,True,175,8550,0.942096139968245,0.5192878338278932,1,337,1,1,1,1
963,0558_c0004_015.jpg,558,3,-1,True,175,8550,0.9282860070475648,0.423728813559322,1,413,1,1,1,1
964,0558_c0004_020.jpg,558,3,-1,True,175,8550,0.9039246913968202,0.38377192982456143,1,456,1,1,1,1
965,0558_c0005_000.jpg,558,4,-1,True,175,8550,0.756205333687966,0.33980582524271846,1,515,1,1,1,1
966,0558_c0005_005.jpg,558,4,-1,True,175,8550,0.7139852221104779,0.341796875,1,512,1,1,1,1
967,0558_c0005_010.jpg,558,4,-1,True,175,8550,0.7185704284961377,0.34448818897637795,1,508,1,1,1,1
968,0558_c0005_015.jpg,558,4,-1,True,175,8550,0.7370593442427763,0.33524904214559387,1,522,1,1,1,1
969,0558_c0005_020.jpg,558,4,-1,True,175,8550,0.7484474104849602,0.32287822878228783,1,542,1,1,1,1
970,0558_c0006_000.jpg,558,5,-1,True,175,8550,0.7512663429962458,0.5700325732899023,1,307,1,1,1,1
971,0558_c0006_005.jpg,558,5,-1,True,175,8550,0.746390967267226,0.5700325732899023,1,307,1,1,1,1
972,0558_c0006_010.jpg,558,5,-1,True,175,8550,0.732233146303794,0.5700325732899023,1,307,1,1,1,1
973,0558_c0006_015.jpg,558,5,-1,True,175,8550,0.7833417162922952,0.5700325732899023,1,307,1,1,1,1
974,0558_c0006_020.jpg,558,5,-1,True,175,8550,0.7446113391402238,0.5627009646302251,1,311,1,1,1,1
975,0558_c0007_000.jpg,558,6,-1,True,175,8550,0.9124436577292542,0.5384615384615384,1,325,1,1,1,1
976,0558_c0007_005.jpg,558,6,-1,True,175,8550,0.9054848992895241,0.5177514792899408,1,338,1,1,1,1
977,0558_c0007_010.jpg,558,6,-1,True,175,8550,0.9010526940129262,0.5681818181818182,1,308,1,1,1,1
978,0558_c0007_015.jpg,558,6,-1,True,175,8550,0.9156290576983075,0.6809338521400778,1,257,1,1,1,1
979,0558_c0007_020.jpg,558,6,-1,True,175,8550,0.913558657394886,0.6653992395437263,1,263,1,1,1,1
980,0558_c0008_000.jpg,558,7,-1,True,175,8550,0.9254597567401586,0.4557291666666667,1,384,1,1,1,1
981,0558_c0008_005.jpg,558,7,-1,True,175,8550,0.9106131884055361,0.3653444676409186,1,479,1,1,1,1
982,0558_c0008_010.jpg,558,7,-1,True,175,8550,0.9230372406766618,0.4156769596199525,1,421,1,1,1,1
983,0558_c0008_015.jpg,558,7,-1,True,175,8550,0.9226966107304241,0.4206730769230769,1,416,1,1,1,1
984,0558_c0008_020.jpg,558,7,-1,True,175,8550,0.9213728698713598,0.4088785046728972,1,428,1,1,1,1
985,0560_c0001_000.jpg,560,0,-1,True,150,8550,0.9232556426921151,0.5617977528089888,1,267,1,1,1,1
986,0560_c0001_005.jpg,560,0,-1,True,150,8550,0.8980760320482281,0.5300353356890459,1,283,1,1,1,1
987,0560_c0001_010.jpg,560,0,-1,True,150,8550,0.8664397511764866,0.5,1,300,1,1,1,1
988,0560_c0001_015.jpg,560,0,-1,True,150,8550,0.8586704665564536,0.5084745762711864,1,295,1,1,1,1
989,0560_c0001_020.jpg,560,0,-1,True,150,8550,0.7680414800912788,0.42134831460674155,1,356,1,1,1,1
990,0560_c0002_000.jpg,560,1,-1,True,150,8550,1.0,1.0,1,150,1,1,1,1
991,0560_c0002_005.jpg,560,1,-1,True,150,8550,1.0,1.0,1,150,1,1,1,1
992,0560_c0002_010.jpg,560,1,-1,True,150,8550,1.0,1.0,1,150,1,1,1,1
993,0560_c0002_015.jpg,560,1,-1,True,150,8550,1.0,1.0,1,150,1,1,1,1
994,0560_c0002_020.jpg,560,1,-1,True,150,8550,1.0,1.0,1,150,1,1,1,1
995,0560_c0003_000.jpg,560,2,-1,True,150,8550,0.9892830408889803,0.8571428571428571,1,175,1,1,1,1
996,0560_c0003_005.jpg,560,2,-1,True,150,8550,0.9802921192617164,0.8571428571428571,1,175,1,1,1,1
997,0560_c0003_010.jpg,560,2,-1,True,150,8550,0.9780774741638747,0.8571428571428571,1,175,1,1,1,1
998,0560_c0003_015.jpg,560,2,-1,True,150,8550,0.9807134476695463,0.8571428571428571,1,175,1,1,1,1
999,0560_c0003_020.jpg,560,2,-1,True,150,8550,0.9842996931134886,0.8571428571428571,1,175,1,1,1,1
1000,0560_c0005_000.jpg,560,4,-1,True,150,8550,1.0,1.0,1,150,1,1,1,1
1001,0560_c0005_005.jpg,560,4,-1,True,150,8550,1.0,1.0,1,150,1,1,1,1
1002,0560_c0005_010.jpg,560,4,-1,True,150,8550,1.0,1.0,1,150,1,1,1,1
1003,0560_c0005_015.jpg,560,4,-1,True,150,8550,1.0,1.0,1,150,1,1,1,1
1004,0560_c0005_020.jpg,560,4,-1,True,150,8550,1.0,1.0,1,150,1,1,1,1
1005,0560_c0006_000.jpg,560,5,-1,True,150,8550,0.9899979503949593,0.8571428571428571,1,175,1,1,1,1
1006,0560_c0006_005.jpg,560,5,-1,True,150,8550,0.9939913672882184,0.8620689655172413,1,174,1,1,1,1
1007,0560_c0006_010.jpg,560,5,-1,True,150,8550,0.9883751278902226,0.8571428571428571,1,175,1,1,1,1
1008,0560_c0006_015.jpg,560,5,-1,True,150,8550,0.9884538428948576,0.8571428571428571,1,175,1,1,1,1
1009,0560_c0006_020.jpg,560,5,-1,True,150,8550,0.9864998379397908,0.8571428571428571,1,175,1,1,1,1
1010,0560_c0007_000.jpg,560,6,-1,True,150,8550,0.9971095602943041,0.8875739644970414,1,169,1,1,1,1
1011,0560_c0007_005.jpg,560,6,-1,True,150,8550,0.9972003863487051,0.8875739644970414,1,169,1,1,1,1
1012,0560_c0007_010.jpg,560,6,-1,True,150,8550,0.9991962195446358,0.9259259259259259,1,162,1,1,1,1
1013,0560_c0007_015.jpg,560,6,-1,True,150,8550,0.9982523158072949,0.8982035928143712,1,167,1,1,1,1
1014,0560_c0007_020.jpg,560,6,-1,True,150,8550,0.9973691883957629,0.8928571428571429,1,168,1,1,1,1
1015,0560_c0008_000.jpg,560,7,-1,True,150,8550,0.9970233523535372,0.8823529411764706,1,170,1,1,1,1
1016,0560_c0008_005.jpg,560,7,-1,True,150,8550,0.9866677299419397,0.8571428571428571,1,175,1,1,1,1
1017,0560_c0008_010.jpg,560,7,-1,True,150,8550,0.9965682382139395,0.8823529411764706,1,170,1,1,1,1
1018,0560_c0008_015.jpg,560,7,-1,True,150,8550,0.9975782417407437,0.8928571428571429,1,168,1,1,1,1
1019,0560_c0008_020.jpg,560,7,-1,True,150,8550,0.9892331487203581,0.8670520231213873,1,173,1,1,1,1
1020,0562_c0001_000.jpg,562,0,-1,True,50,8550,0.9988307692307692,0.9615384615384616,1,52,1,1,1,1
1021,0562_c0001_005.jpg,562,0,-1,True,50,8550,0.9970782542372484,0.9803921568627451,1,51,1,1,1,1
1022,0562_c0001_010.jpg,562,0,-1,True,50,8550,0.9992078431372547,0.9803921568627451,1,51,1,1,1,1
1023,0562_c0001_015.jpg,562,0,-1,True,50,8550,0.9972175626814355,0.9433962264150944,1,53,1,1,1,1
1024,0562_c0001_020.jpg,562,0,-1,True,50,8550,1.0,1.0,1,50,1,1,1,1
1025,0562_c0003_000.jpg,562,2,-1,True,50,8550,0.9659855518851725,0.78125,1,64,1,1,1,1
1026,0562_c0003_005.jpg,562,2,-1,True,50,8550,0.7937487499219081,0.6666666666666666,1,75,1,1,1,1
1027,0562_c0003_010.jpg,562,2,-1,True,50,8550,0.825888768447596,0.5208333333333334,1,96,1,1,1,1
1028,0562_c0003_015.jpg,562,2,-1,True,50,8550,0.5796850822179751,0.5154639175257731,2,97,0,1,1,1
1029,0562_c0003_020.jpg,562,2,-1,True,50,8550,0.4928551630016091,0.5813953488372093,11,86,0,0,0,1
1030,0562_c0005_000.jpg,562,4,-1,True,50,8550,1.0,1.0,1,50,1,1,1,1
1031,0562_c0005_005.jpg,562,4,-1,True,50,8550,1.0,1.0,1,50,1,1,1,1
1032,0562_c0005_010.jpg,562,4,-1,True,50,8550,1.0,1.0,1,50,1,1,1,1
1033,0562_c0005_015.jpg,562,4,-1,True,50,8550,1.0,1.0,1,50,1,1,1,1
1034,0562_c0005_020.jpg,562,4,-1,True,50,8550,0.9878612874611707,0.8333333333333334,1,60,1,1,1,1
1035,0564_c0001_000.jpg,564,0,-1,True,150,8550,1.0,1.0,1,150,1,1,1,1
1036,0564_c0001_005.jpg,564,0,-1,True,150,8550,1.0,1.0,1,150,1,1,1,1
1037,0564_c0001_010.jpg,564,0,-1,True,150,8550,1.0,1.0,1,150,1,1,1,1
1038,0564_c0001_015.jpg,564,0,-1,True,150,8550,1.0,1.0,1,150,1,1,1,1
1039,0564_c0001_020.jpg,564,0,-1,True,150,8550,1.0,1.0,1,150,1,1,1,1
1040,0564_c0002_000.jpg,564,1,-1,True,150,8550,1.0,1.0,1,150,1,1,1,1
1041,0564_c0002_005.jpg,564,1,-1,True,150,8550,1.0,1.0,1,150,1,1,1,1
1042,0564_c0002_010.jpg,564,1,-1,True,150,8550,1.0,1.0,1,150,1,1,1,1
1043,0564_c0002_015.jpg,564,1,-1,True,150,8550,1.0,1.0,1,150,1,1,1,1
1044,0564_c0002_020.jpg,564,1,-1,True,150,8550,1.0,1.0,1,150,1,1,1,1
1045,0564_c0004_000.jpg,564,3,-1,True,150,8550,0.9990911915488583,0.9146341463414634,1,164,1,1,1,1
1046,0564_c0004_005.jpg,564,3,-1,True,150,8550,0.9992196474549416,0.9090909090909091,1,165,1,1,1,1
1047,0564_c0004_010.jpg,564,3,-1,True,150,8550,0.9926475300641152,0.8571428571428571,1,175,1,1,1,1
1048,0564_c0004_015.jpg,564,3,-1,True,150,8550,0.9989865689865689,0.8928571428571429,1,168,1,1,1,1
1049,0564_c0004_020.jpg,564,3,-1,True,150,8550,0.9993425940881927,0.9146341463414634,1,164,1,1,1,1
1050,0564_c0005_000.jpg,564,4,-1,True,150,8550,1.0,1.0,1,150,1,1,1,1
1051,0564_c0005_005.jpg,564,4,-1,True,150,8550,1.0,1.0,1,150,1,1,1,1
1052,0564_c0005_010.jpg,564,4,-1,True,150,8550,1.0,1.0,1,150,1,1,1,1
1053,0564_c0005_015.jpg,564,4,-1,True,150,8550,1.0,1.0,1,150,1,1,1,1
1054,0564_c0005_020.jpg,564,4,-1,True,150,8550,1.0,1.0,1,150,1,1,1,1
1055,0564_c0006_000.jpg,564,5,-1,True,150,8550,1.0,1.0,1,150,1,1,1,1
1056,0564_c0006_005.jpg,564,5,-1,True,150,8550,1.0,1.0,1,150,1,1,1,1
1057,0564_c0006_010.jpg,564,5,-1,True,150,8550,1.0,1.0,1,150,1,1,1,1
1058,0564_c0006_015.jpg,564,5,-1,True,150,8550,1.0,1.0,1,150,1,1,1,1
1059,0564_c0006_020.jpg,564,5,-1,True,150,8550,1.0,1.0,1,150,1,1,1,1
1060,0564_c0007_000.jpg,564,6,-1,True,150,8550,1.0,1.0,1,150,1,1,1,1
1061,0564_c0007_005.jpg,564,6,-1,True,150,8550,1.0,1.0,1,150,1,1,1,1
1062,0564_c0007_010.jpg,564,6,-1,True,150,8550,1.0,1.0,1,150,1,1,1,1
1063,0564_c0007_015.jpg,564,6,-1,True,150,8550,1.0,1.0,1,150,1,1,1,1
1064,0564_c0007_020.jpg,564,6,-1,True,150,8550,1.0,1.0,1,150,1,1,1,1
1065,0564_c0008_000.jpg,564,7,-1,True,150,8550,1.0,1.0,1,150,1,1,1,1
1066,0564_c0008_005.jpg,564,7,-1,True,150,8550,1.0,1.0,1,150,1,1,1,1
1067,0564_c0008_010.jpg,564,7,-1,True,150,8550,1.0,1.0,1,150,1,1,1,1
1068,0564_c0008_015.jpg,564,7,-1,True,150,8550,1.0,1.0,1,150,1,1,1,1
1069,0564_c0008_020.jpg,564,7,-1,True,150,8550,1.0,1.0,1,150,1,1,1,1
1070,0566_c0001_000.jpg,566,0,-1,True,175,8550,0.974917926345413,0.8663366336633663,1,202,1,1,1,1
1071,0566_c0001_005.jpg,566,0,-1,True,175,8550,0.9860061463577433,0.8536585365853658,1,205,1,1,1,1
1072,0566_c0001_010.jpg,566,0,-1,True,175,8550,0.9948884364602876,0.875,1,200,1,1,1,1
1073,0566_c0001_015.jpg,566,0,-1,True,175,8550,0.9828193284219128,0.8663366336633663,1,202,1,1,1,1
1074,0566_c0001_020.jpg,566,0,-1,True,175,8550,0.9894408620071611,0.8706467661691543,1,201,1,1,1,1
1075,0566_c0002_000.jpg,566,1,-1,True,175,8550,0.8902607281122001,0.46174142480211083,1,379,1,1,1,1
1076,0566_c0002_005.jpg,566,1,-1,True,175,8550,0.8645066808092116,0.5239520958083832,1,334,1,1,1,1
1077,0566_c0002_010.jpg,566,1,-1,True,175,8550,0.9392055600119852,0.6410256410256411,1,273,1,1,1,1
1078,0566_c0002_015.jpg,566,1,-1,True,175,8550,0.9334953493295342,0.5794701986754967,1,302,1,1,1,1
1079,0566_c0002_020.jpg,566,1,-1,True,175,8550,0.8434638443380871,0.5303030303030303,1,330,1,1,1,1
1080,0566_c0003_000.jpg,566,2,-1,True,175,8550,0.9946220655196891,0.7709251101321586,1,227,1,1,1,1
1081,0566_c0003_005.jpg,566,2,-1,True,175,8550,0.9540679955398205,0.5147058823529411,1,340,1,1,1,1
1082,0566_c0003_010.jpg,566,2,-1,True,175,8550,0.9854951104361209,0.6889763779527559,1,254,1,1,1,1
1083,0566_c0003_015.jpg,566,2,-1,True,175,8550,0.9537921657982598,0.5700325732899023,1,307,1,1,1,1
1084,0566_c0003_020.jpg,566,2,-1,True,175,8550,0.9891222051369255,0.6457564575645757,1,271,1,1,1,1
1085,0566_c0004_000.jpg,566,3,-1,True,175,8550,0.971323152475918,0.7172131147540983,1,244,1,1,1,1
1086,0566_c0004_005.jpg,566,3,-1,True,175,8550,0.9965835366720054,0.8663366336633663,1,202,1,1,1,1
1087,0566_c0004_010.jpg,566,3,-1,True,175,8550,0.9886862570168533,0.7415254237288136,1,236,1,1,1,1
1088,0566_c0004_015.jpg,566,3,-1,True,175,8550,0.9957282281290204,0.7990867579908676,1,219,1,1,1,1
1089,0566_c0004_020.jpg,566,3,-1,True,175,8550,0.9774419717749631,0.7113821138211383,1,246,1,1,1,1
1090,0566_c0005_000.jpg,566,4,-1,True,175,8550,0.8111636346909875,0.2966101694915254,1,590,1,1,1,1
1091,0566_c0005_005.jpg,566,4,-1,True,175,8550,0.8364985477553393,0.2986348122866894,1,586,1,1,1,1
1092,0566_c0005_010.jpg,566,4,-1,True,175,8550,0.7990651117994964,0.2631578947368421,1,665,1,1,1,1
1093,0566_c0005_015.jpg,566,4,-1,True,175,8550,0.8370293584105661,0.32649253731343286,1,536,1,1,1,1
1094,0566_c0005_020.jpg,566,4,-1,True,175,8550,0.8319008812835565,0.3314393939393939,1,528,1,1,1,1
1095,0566_c0006_000.jpg,566,5,-1,True,175,8550,0.7898677330638727,0.39592760180995473,1,442,1,1,1,1
1096,0566_c0006_005.jpg,566,5,-1,True,175,8550,0.7445412213424808,0.3465346534653465,1,505,1,1,1,1
1097,0566_c0006_010.jpg,566,5,-1,True,175,8550,0.8419903150595772,0.4533678756476684,1,386,1,1,1,1
1098,0566_c0006_015.jpg,566,5,-1,True,175,8550,0.7524956156948712,0.373134328358209,1,469,1,1,1,1
1099,0566_c0006_020.jpg,566,5,-1,True,175,8550,0.9002971798566013,0.501432664756447,1,349,1,1,1,1
1100,0566_c0007_000.jpg,566,6,-1,True,175,8550,0.9413344476195211,0.6653992395437263,1,263,1,1,1,1
1101,0566_c0007_005.jpg,566,6,-1,True,175,8550,0.903415730697826,0.5700325732899023,1,307,1,1,1,1
1102,0566_c0007_010.jpg,566,6,-1,True,175,8550,0.8537190716863885,0.5335365853658537,1,328,1,1,1,1
1103,0566_c0007_015.jpg,566,6,-1,True,175,8550,0.8235818842768375,0.5255255255255256,1,333,1,1,1,1
1104,0566_c0007_020.jpg,566,6,-1,True,175,8550,0.821408968952759,0.5401234567901234,1,324,1,1,1,1
1105,0566_c0008_000.jpg,566,7,-1,True,175,8550,0.9490367521748716,0.875,1,200,1,1,1,1
1106,0566_c0008_005.jpg,566,7,-1,True,175,8550,0.964009700642333,0.875,1,200,1,1,1,1
1107,0566_c0008_010.jpg,566,7,-1,True,175,8550,0.9829469044639211,0.8793969849246231,1,199,1,1,1,1
1108,0566_c0008_015.jpg,566,7,-1,True,175,8550,0.9299611653660902,0.875,1,200,1,1,1,1
1109,0566_c0008_020.jpg,566,7,-1,True,175,8550,0.9263243648074726,0.875,1,200,1,1,1,1
1110,0568_c0001_000.jpg,568,0,-1,True,50,8550,0.3848883200543377,0.22727272727272727,2,220,0,1,1,1
1111,0568_c0001_005.jpg,568,0,-1,True,50,8550,0.23681146640343717,0.18518518518518517,26,270,0,0,0,0
1112,0568_c0001_010.jpg,568,0,-1,True,50,8550,0.36096058368052475,0.29069767441860467,9,172,0,0,1,1
1113,0568_c0001_015.jpg,568,0,-1,True,50,8550,0.34376309545870676,0.26737967914438504,6,187,0,0,1,1
1114,0568_c0001_020.jpg,568,0,-1,True,50,8550,0.34339791532240727,0.2347417840375587,5,213,0,1,1,1
1115,0568_c0005_000.jpg,568,4,-1,True,50,8550,1.0,1.0,1,50,1,1,1,1
1116,0568_c0005_005.jpg,568,4,-1,True,50,8550,1.0,1.0,1,50,1,1,1,1
1117,0568_c0005_010.jpg,568,4,-1,True,50,8550,1.0,1.0,1,50,1,1,1,1
1118,0568_c0005_015.jpg,568,4,-1,True,50,8550,1.0,1.0,1,50,1,1,1,1
1119,0568_c0005_020.jpg,568,4,-1,True,50,8550,1.0,1.0,1,50,1,1,1,1
1120,0568_c0006_000.jpg,568,5,-1,True,50,8550,1.0,1.0,1,50,1,1,1,1
1121,0568_c0006_005.jpg,568,5,-1,True,50,8550,0.9592962335632259,0.8333333333333334,1,60,1,1,1,1
1122,0568_c0006_010.jpg,568,5,-1,True,50,8550,0.9937491973830924,0.9259259259259259,1,54,1,1,1,1
1123,0568_c0006_015.jpg,568,5,-1,True,50,8550,1.0,1.0,1,50,1,1,1,1
1124,0568_c0006_020.jpg,568,5,-1,True,50,8550,1.0,1.0,1,50,1,1,1,1
1125,0570_c0001_000.jpg,570,0,-1,True,150,8550,0.9953386128028873,0.8670520231213873,1,173,1,1,1,1
1126,0570_c0001_005.jpg,570,0,-1,True,150,8550,0.9792767532520962,0.8333333333333334,1,180,1,1,1,1
1127,0570_c0001_010.jpg,570,0,-1,True,150,8550,0.986217828903536,0.8522727272727273,1,176,1,1,1,1
1128,0570_c0001_015.jpg,570,0,-1,True,150,8550,0.9866073714449181,0.872093023255814,1,172,1,1,1,1
1129,0570_c0001_020.jpg,570,0,-1,True,150,8550,0.9372901835347018,0.5725190839694656,1,262,1,1,1,1
1130,0570_c0002_000.jpg,570,1,-1,True,150,8550,0.9405916835794831,0.6637168141592921,1,226,1,1,1,1
1131,0570_c0002_005.jpg,570,1,-1,True,150,8550,0.9537126701940747,0.7075471698113207,1,212,1,1,1,1
1132,0570_c0002_010.jpg,570,1,-1,True,150,8550,0.9328452193311101,0.7317073170731707,1,205,1,1,1,1
1133,0570_c0002_015.jpg,570,1,-1,True,150,8550,0.9533912339863122,0.7109004739336493,1,211,1,1,1,1
1134,0570_c0002_020.jpg,570,1,-1,True,150,8550,0.9325873472096207,0.6787330316742082,1,221,1,1,1,1
1135,0570_c0004_000.jpg,570,3,-1,True,150,8550,1.0,1.0,1,150,1,1,1,1
1136,0570_c0004_005.jpg,570,3,-1,True,150,8550,1.0,1.0,1,150,1,1,1,1
1137,0570_c0004_010.jpg,570,3,-1,True,150,8550,0.9986401587781514,0.9259259259259259,1,162,1,1,1,1
1138,0570_c0004_015.jpg,570,3,-1,True,150,8550,1.0,1.0,1,150,1,1,1,1
1139,0570_c0004_020.jpg,570,3,-1,True,150,8550,0.9998678362573101,0.9868421052631579,1,152,1,1,1,1
1140,0570_c0005_000.jpg,570,4,-1,True,150,8550,1.0,1.0,1,150,1,1,1,1
1141,0570_c0005_005.jpg,570,4,-1,True,150,8550,0.9984587862237915,0.9146341463414634,1,164,1,1,1,1
1142,0570_c0005_010.jpg,570,4,-1,True,150,8550,0.9975909042155524,0.8875739644970414,1,169,1,1,1,1
1143,0570_c0005_015.jpg,570,4,-1,True,150,8550,0.9992329567229474,0.9493670886075949,1,158,1,1,1,1
1144,0570_c0005_020.jpg,570,4,-1,True,150,8550,0.9998666627158738,0.9933774834437086,1,151,1,1,1,1
1145,0570_c0006_000.jpg,570,5,-1,True,150,8550,0.9284177573711353,0.6276150627615062,1,239,1,1,1,1
1146,0570_c0006_005.jpg,570,5,-1,True,150,8550,0.8917130301939256,0.48231511254019294,1,311,1,1,1,1
1147,0570_c0006_010.jpg,570,5,-1,True,150,8550,0.9236160888140719,0.625,1,240,1,1,1,1
1148,0570_c0006_015.jpg,570,5,-1,True,150,8550,0.8773958967051565,0.5319148936170213,1,282,1,1,1,1
1149,0570_c0006_020.jpg,570,5,-1,True,150,8550,0.8943285885210679,0.5952380952380952,1,252,1,1,1,1
1150,0570_c0007_000.jpg,570,6,-1,True,150,8550,0.9636927464532841,0.847457627118644,1,177,1,1,1,1
1151,0570_c0007_005.jpg,570,6,-1,True,150,8550,0.9632548465830368,0.847457627118644,1,177,1,1,1,1
1152,0570_c0007_010.jpg,570,6,-1,True,150,8550,0.9630813819660216,0.8379888268156425,1,179,1,1,1,1
1153,0570_c0007_015.jpg,570,6,-1,True,150,8550,0.9552898501971424,0.8379888268156425,1,179,1,1,1,1
1154,0570_c0007_020.jpg,570,6,-1,True,150,8550,0.9295745092908871,0.7537688442211056,1,199,1,1,1,1
1155,0570_c0008_000.jpg,570,7,-1,True,150,8550,0.9997780484829586,0.9868421052631579,1,152,1,1,1,1
1156,0570_c0008_005.jpg,570,7,-1,True,150,8550,1.0,1.0,1,150,1,1,1,1
1157,0570_c0008_010.jpg,570,7,-1,True,150,8550,1.0,1.0,1,150,1,1,1,1
1158,0570_c0008_015.jpg,570,7,-1,True,150,8550,1.0,1.0,1,150,1,1,1,1
1159,0570_c0008_020.jpg,570,7,-1,True,150,8550,1.0,1.0,1,150,1,1,1,1
1160,0572_c0001_000.jpg,572,0,-1,True,175,8550,0.9985260028622575,0.9615384615384616,1,182,1,1,1,1
1161,0572_c0001_005.jpg,572,0,-1,True,175,8550,0.9963788879060839,0.9408602150537635,1,186,1,1,1,1
1162,0572_c0001_010.jpg,572,0,-1,True,175,8550,0.9857560536731171,0.8215962441314554,1,213,1,1,1,1
1163,0572_c0001_015.jpg,572,0,-1,True,175,8550,0.9952390109141747,0.9210526315789473,1,190,1,1,1,1
1164,0572_c0001_020.jpg,572,0,-1,True,175,8550,0.9741978150381546,0.8663366336633663,1,202,1,1,1,1
1165,0572_c0002_000.jpg,572,1,-1,True,175,8550,0.9620610874070339,0.550314465408805,1,318,1,1,1,1
1166,0572_c0002_005.jpg,572,1,-1,True,175,8550,0.9600028262348578,0.5952380952380952,1,294,1,1,1,1
1167,0572_c0002_010.jpg,572,1,-1,True,175,8550,0.9519335026169035,0.5223880597014925,1,335,1,1,1,1
1168,0572_c0002_015.jpg,572,1,-1,True,175,8550,0.9745804594919177,0.6554307116104869,1,267,1,1,1,1
1169,0572_c0002_020.jpg,572,1,-1,True,175,8550,0.9445704361618599,0.5028735632183908,1,348,1,1,1,1
1170,0572_c0003_000.jpg,572,2,-1,True,175,8550,0.7062006179584552,0.32894736842105265,1,532,1,1,1,1
1171,0572_c0003_005.jpg,572,2,-1,True,175,8550,0.7030941310322483,0.32169117647058826,1,544,1,1,1,1
1172,0572_c0003_010.jpg,572,2,-1,True,175,8550,0.7904945946237225,0.46296296296296297,1,378,1,1,1,1
1173,0572_c0003_015.jpg,572,2,-1,True,175,8550,0.6489221138501198,0.31305903398926654,1,559,1,1,1,1
1174,0572_c0003_020.jpg,572,2,-1,True,175,8550,0.6989272561232864,0.32228360957642727,1,543,1,1,1,1
1175,0572_c0004_000.jpg,572,3,-1,True,175,8550,0.9999675324675324,0.9943181818181818,1,176,1,1,1,1
1176,0572_c0004_005.jpg,572,3,-1,True,175,8550,0.9981741156827946,0.9408602150537635,1,186,1,1,1,1
1177,0572_c0004_010.jpg,572,3,-1,True,175,8550,0.9961204071258349,0.9358288770053476,1,187,1,1,1,1
1178,0572_c0004_015.jpg,572,3,-1,True,175,8550,0.9983090443668581,0.9615384615384616,1,182,1,1,1,1
1179,0572_c0004_020.jpg,572,3,-1,True,175,8550,0.999711576818532,0.9722222222222222,1,180,1,1,1,1
1180,0572_c0005_000.jpg,572,4,-1,True,175,8550,0.9438244494345999,0.4666666666666667,1,375,1,1,1,1
1181,0572_c0005_005.jpg,572,4,-1,True,175,8550,0.965687296118298,0.5681818181818182,1,308,1,1,1,1
1182,0572_c0005_010.jpg,572,4,-1,True,175,8550,0.953831770687134,0.5087209302325582,1,344,1,1,1,1
1183,0572_c0005_015.jpg,572,4,-1,True,175,8550,0.9486351743498822,0.4475703324808184,1,391,1,1,1,1
1184,0572_c0005_020.jpg,572,4,-1,True,175,8550,0.9484080302709575,0.5028735632183908,1,348,1,1,1,1
1185,0572_c0006_000.jpg,572,5,-1,True,175,8550,1.0,1.0,1,175,1,1,1,1
1186,0572_c0006_005.jpg,572,5,-1,True,175,8550,1.0,1.0,1,175,1,1,1,1
1187,0572_c0006_010.jpg,572,5,-1,True,175,8550,1.0,1.0,1,175,1,1,1,1
1188,0572_c0006_015.jpg,572,5,-1,True,175,8550,0.9998036848714943,0.9887005649717514,1,177,1,1,1,1
1189,0572_c0006_020.jpg,572,5,-1,True,175,8550,1.0,1.0,1,175,1,1,1,1
1190,0572_c0007_000.jpg,572,6,-1,True,175,8550,0.8807870707359702,0.4557291666666667,1,384,1,1,1,1
1191,0572_c0007_005.jpg,572,6,-1,True,175,8550,0.8571740405518865,0.37154989384288745,1,471,1,1,1,1
1192,0572_c0007_010.jpg,572,6,-1,True,175,8550,0.8908305383481206,0.5287009063444109,1,331,1,1,1,1
1193,0572_c0007_015.jpg,572,6,-1,True,175,8550,0.9009074539852637,0.5591054313099042,1,313,1,1,1,1
1194,0572_c0007_020.jpg,572,6,-1,True,175,8550,0.8708692529691148,0.4498714652956298,1,389,1,1,1,1
1195,0572_c0008_000.jpg,572,7,-1,True,175,8550,0.9942035756091181,0.8883248730964467,1,197,1,1,1,1
1196,0572_c0008_005.jpg,572,7,-1,True,175,8550,0.9942421508311038,0.8928571428571429,1,196,1,1,1,1
1197,0572_c0008_010.jpg,572,7,-1,True,175,8550,0.9787409593149036,0.8578431372549019,1,204,1,1,1,1
1198,0572_c0008_015.jpg,572,7,-1,True,175,8550,0.9887532682199028,0.875,1,200,1,1,1,1
1199,0572_c0008_020.jpg,572,7,-1,True,175,8550,0.9949109092035948,0.9114583333333334,1,192,1,1,1,1
1200,0574_c0001_000.jpg,574,0,-1,True,150,8550,0.9132751657819229,0.4178272980501393,1,359,1,1,1,1
1201,0574_c0001_005.jpg,574,0,-1,True,150,8550,0.9168183314865128,0.42613636363636365,1,352,1,1,1,1
1202,0574_c0001_010.jpg,574,0,-1,True,150,8550,0.9586782947408937,0.5703422053231939,1,263,1,1,1,1
1203,0574_c0001_015.jpg,574,0,-1,True,150,8550,0.9540681255550589,0.5905511811023622,1,254,1,1,1,1
1204,0574_c0001_020.jpg,574,0,-1,True,150,8550,0.9289346465985212,0.5190311418685121,1,289,1,1,1,1
1205,0574_c0002_000.jpg,574,1,-1,True,150,8550,0.9857865818259631,0.7211538461538461,1,208,1,1,1,1
1206,0574_c0002_005.jpg,574,1,-1,True,150,8550,0.9981652442125918,0.8522727272727273,1,176,1,1,1,1
1207,0574_c0002_010.jpg,574,1,-1,True,150,8550,0.994341082466769,0.8333333333333334,1,180,1,1,1,1
1208,0574_c0002_015.jpg,574,1,-1,True,150,8550,0.9971437757368108,0.8522727272727273,1,176,1,1,1,1
1209,0574_c0002_020.jpg,574,1,-1,True,150,8550,0.989278847822982,0.7936507936507936,1,189,1,1,1,1
1210,0574_c0003_000.jpg,574,2,-1,True,150,8550,0.9623022358234589,0.7894736842105263,1,190,1,1,1,1
1211,0574_c0003_005.jpg,574,2,-1,True,150,8550,0.9638271454462788,0.7692307692307693,1,195,1,1,1,1
1212,0574_c0003_010.jpg,574,2,-1,True,150,8550,0.9627538874062325,0.7537688442211056,1,199,1,1,1,1
1213,0574_c0003_015.jpg,574,2,-1,True,150,8550,0.9733371618262925,0.7653061224489796,1,196,1,1,1,1
1214,0574_c0003_020.jpg,574,2,-1,True,150,8550,0.9613873590019576,0.75,1,200,1,1,1,1
1215,0574_c0004_000.jpg,574,3,-1,True,150,8550,0.9580265998552477,0.8571428571428571,1,175,1,1,1,1
1216,0574_c0004_005.jpg,574,3,-1,True,150,8550,0.9620076640423436,0.8571428571428571,1,175,1,1,1,1
1217,0574_c0004_010.jpg,574,3,-1,True,150,8550,0.9803982350582054,0.8571428571428571,1,175,1,1,1,1
1218,0574_c0004_015.jpg,574,3,-1,True,150,8550,0.9920676297465089,0.9433962264150944,1,159,1,1,1,1
1219,0574_c0004_020.jpg,574,3,-1,True,150,8550,0.9958193999592246,0.9554140127388535,1,157,1,1,1,1
1220,0574_c0005_000.jpg,574,4,-1,True,150,8550,0.6787073364078943,0.3303964757709251,1,454,1,1,1,1
1221,0574_c0005_005.jpg,574,4,-1,True,150,8550,0.7258937146609584,0.3488372093023256,1,430,1,1,1,1
1222,0574_c0005_010.jpg,574,4,-1,True,150,8550,0.7412244925722732,0.3393665158371041,1,442,1,1,1,1
1223,0574_c0005_015.jpg,574,4,-1,True,150,8550,0.7234283453681685,0.32894736842105265,1,456,1,1,1,1
1224,0574_c0005_020.jpg,574,4,-1,True,150,8550,0.7293715192926985,0.32051282051282054,1,468,1,1,1,1
1225,0574_c0006_000.jpg,574,5,-1,True,150,8550,1.0,1.0,1,150,1,1,1,1
1226,0574_c0006_005.jpg,574,5,-1,True,150,8550,1.0,1.0,1,150,1,1,1,1
1227,0574_c0006_010.jpg,574,5,-1,True,150,8550,1.0,1.0,1,150,1,1,1,1
1228,0574_c0006_015.jpg,574,5,-1,True,150,8550,1.0,1.0,1,150,1,1,1,1
1229,0574_c0006_020.jpg,574,5,-1,True,150,8550,0.9996496507172004,0.974025974025974,1,154,1,1,1,1
1230,0574_c0008_000.jpg,574,7,-1,True,150,8550,0.989013614774132,0.8021390374331551,1,187,1,1,1,1
1231,0574_c0008_005.jpg,574,7,-1,True,150,8550,0.9642795297719425,0.7352941176470589,1,204,1,1,1,1
1232,0574_c0008_010.jpg,574,7,-1,True,150,8550,0.970251366158019,0.7389162561576355,1,203,1,1,1,1
1233,0574_c0008_015.jpg,574,7,-1,True,150,8550,0.975953127432177,0.746268656716418,1,201,1,1,1,1
1234,0574_c0008_020.jpg,574,7,-1,True,150,8550,0.9820666199153516,0.7614213197969543,1,197,1,1,1,1
1235,0576_c0001_000.jpg,576,0,-1,True,150,8550,0.9659924960918075,0.8152173913043478,1,184,1,1,1,1
1236,0576_c0001_005.jpg,576,0,-1,True,150,8550,0.9435007148384084,0.6578947368421053,1,228,1,1,1,1
1237,0576_c0001_010.jpg,576,0,-1,True,150,8550,0.9143151888176677,0.6382978723404256,1,235,1,1,1,1
1238,0576_c0001_015.jpg,576,0,-1,True,150,8550,0.9426224286515685,0.6224066390041494,1,241,1,1,1,1
1239,0576_c0001_020.jpg,576,0,-1,True,150,8550,0.9300747685528531,0.6493506493506493,1,231,1,1,1,1
1240,0576_c0002_000.jpg,576,1,-1,True,150,8550,1.0,1.0,1,150,1,1,1,1
1241,0576_c0002_005.jpg,576,1,-1,True,150,8550,0.9997809808250012,0.9803921568627451,1,153,1,1,1,1
1242,0576_c0002_010.jpg,576,1,-1,True,150,8550,1.0,1.0,1,150,1,1,1,1
1243,0576_c0002_015.jpg,576,1,-1,True,150,8550,1.0,1.0,1,150,1,1,1,1
1244,0576_c0002_020.jpg,576,1,-1,True,150,8550,0.9990248845168753,0.9316770186335404,1,161,1,1,1,1
1245,0576_c0003_000.jpg,576,2,-1,True,150,8550,1.0,1.0,1,150,1,1,1,1
1246,0576_c0003_005.jpg,576,2,-1,True,150,8550,1.0,1.0,1,150,1,1,1,1
1247,0576_c0003_010.jpg,576,2,-1,True,150,8550,1.0,1.0,1,150,1,1,1,1
1248,0576_c0003_015.jpg,576,2,-1,True,150,8550,1.0,1.0,1,150,1,1,1,1
1249,0576_c0003_020.jpg,576,2,-1,True,150,8550,1.0,1.0,1,150,1,1,1,1
1250,0576_c0004_000.jpg,576,3,-1,True,150,8550,1.0,1.0,1,150,1,1,1,1
1251,0576_c0004_005.jpg,576,3,-1,True,150,8550,1.0,1.0,1,150,1,1,1,1
1252,0576_c0004_010.jpg,576,3,-1,True,150,8550,1.0,1.0,1,150,1,1,1,1
1253,0576_c0004_015.jpg,576,3,-1,True,150,8550,1.0,1.0,1,150,1,1,1,1
1254,0576_c0004_020.jpg,576,3,-1,True,150,8550,1.0,1.0,1,150,1,1,1,1
1255,0576_c0005_000.jpg,576,4,-1,True,150,8550,1.0,1.0,1,150,1,1,1,1
1256,0576_c0005_005.jpg,576,4,-1,True,150,8550,1.0,1.0,1,150,1,1,1,1
1257,0576_c0005_010.jpg,576,4,-1,True,150,8550,1.0,1.0,1,150,1,1,1,1
1258,0576_c0005_015.jpg,576,4,-1,True,150,8550,1.0,1.0,1,150,1,1,1,1
1259,0576_c0005_020.jpg,576,4,-1,True,150,8550,1.0,1.0,1,150,1,1,1,1
1260,0576_c0006_000.jpg,576,5,-1,True,150,8550,1.0,1.0,1,150,1,1,1,1
1261,0576_c0006_005.jpg,576,5,-1,True,150,8550,1.0,1.0,1,150,1,1,1,1
1262,0576_c0006_010.jpg,576,5,-1,True,150,8550,1.0,1.0,1,150,1,1,1,1
1263,0576_c0006_015.jpg,576,5,-1,True,150,8550,1.0,1.0,1,150,1,1,1,1
1264,0576_c0006_020.jpg,576,5,-1,True,150,8550,1.0,1.0,1,150,1,1,1,1
1265,0576_c0007_000.jpg,576,6,-1,True,150,8550,0.9842156219423779,0.8152173913043478,1,184,1,1,1,1
1266,0576_c0007_005.jpg,576,6,-1,True,150,8550,0.9941122980938254,0.9090909090909091,1,165,1,1,1,1
1267,0576_c0007_010.jpg,576,6,-1,True,150,8550,0.9853807771868359,0.8287292817679558,1,181,1,1,1,1
1268,0576_c0007_015.jpg,576,6,-1,True,150,8550,0.9994729201943838,0.967741935483871,1,155,1,1,1,1
1269,0576_c0007_020.jpg,576,6,-1,True,150,8550,0.9900609409687672,0.819672131147541,1,183,1,1,1,1
1270,0578_c0001_000.jpg,578,0,-1,True,175,8550,0.7225849583602572,0.3854625550660793,1,454,1,1,1,1
1271,0578_c0001_005.jpg,578,0,-1,True,175,8550,0.7031802155890632,0.3977272727272727,1,440,1,1,1,1
1272,0578_c0001_010.jpg,578,0,-1,True,175,8550,0.7216061132213026,0.3923766816143498,1,446,1,1,1,1
1273,0578_c0001_015.jpg,578,0,-1,True,175,8550,0.6491112468891486,0.3699788583509514,1,473,1,1,1,1
1274,0578_c0001_020.jpg,578,0,-1,True,175,8550,0.6786006819817281,0.3888888888888889,1,450,1,1,1,1
1275,0578_c0002_000.jpg,578,1,-1,True,175,8550,0.3648845983324852,0.23616734143049933,1,741,1,1,1,1
1276,0578_c0002_005.jpg,578,1,-1,True,175,8550,0.306261631815493,0.25547445255474455,27,685,0,0,0,0
1277,0578_c0002_010.jpg,578,1,-1,True,175,8550,0.3837154657389125,0.24204702627939143,5,723,0,1,1,1
1278,0578_c0002_015.jpg,578,1,-1,True,175,8550,0.34531316508142385,0.25547445255474455,25,685,0,0,0,0
1279,0578_c0002_020.jpg,578,1,-1,True,175,8550,0.411970702362006,0.23427041499330656,13,747,0,0,0,1
1280,0578_c0003_000.jpg,578,2,-1,True,175,8550,0.8318394665450208,0.3763440860215054,1,465,1,1,1,1
1281,0578_c0003_005.jpg,578,2,-1,True,175,8550,0.8168616250531321,0.3564154786150713,1,491,1,1,1,1
1282,0578_c0003_010.jpg,578,2,-1,True,175,8550,0.8385468144651123,0.38461538461538464,1,455,1,1,1,1
1283,0578_c0003_015.jpg,578,2,-1,True,175,8550,0.8652592950136472,0.46296296296296297,1,378,1,1,1,1
1284,0578_c0003_020.jpg,578,2,-1,True,175,8550,0.8727022173009152,0.48342541436464087,1,362,1,1,1,1
1285,0578_c0004_000.jpg,578,3,-1,True,175,8550,0.7428275677310063,0.45219638242894056,1,387,1,1,1,1
1286,0578_c0004_005.jpg,578,3,-1,True,175,8550,0.7768412325762335,0.5303030303030303,1,330,1,1,1,1
1287,0578_c0004_010.jpg,578,3,-1,True,175,8550,0.77411935848777,0.49157303370786515,1,356,1,1,1,1
1288,0578_c0004_015.jpg,578,3,-1,True,175,8550,0.8466837070907942,0.6457564575645757,1,271,1,1,1,1
1289,0578_c0004_020.jpg,578,3,-1,True,175,8550,0.8555323814831245,0.6205673758865248,1,282,1,1,1,1
1290,0578_c0005_000.jpg,578,4,-1,True,175,8550,0.9469376795575503,0.44871794871794873,1,390,1,1,1,1
1291,0578_c0005_005.jpg,578,4,-1,True,175,8550,0.9044538752739316,0.40229885057471265,1,435,1,1,1,1
1292,0578_c0005_010.jpg,578,4,-1,True,175,8550,0.9071368006317617,0.39503386004514673,1,443,1,1,1,1
1293,0578_c0005_015.jpg,578,4,-1,True,175,8550,0.9226396405341498,0.4581151832460733,1,382,1,1,1,1
1294,0578_c0005_020.jpg,578,4,-1,True,175,8550,0.9017576890554174,0.48342541436464087,1,362,1,1,1,1
1295,0578_c0006_000.jpg,578,5,-1,True,175,8550,0.747387895000288,0.2229299363057325,1,785,1,1,1,1
1296,0578_c0006_005.jpg,578,5,-1,True,175,8550,0.7811106923956856,0.2348993288590604,1,745,1,1,1,1
1297,0578_c0006_010.jpg,578,5,-1,True,175,8550,0.7535353519409314,0.24005486968449932,1,729,1,1,1,1
1298,0578_c0006_015.jpg,578,5,-1,True,175,8550,0.7550158550954913,0.2336448598130841,1,749,1,1,1,1
1299,0578_c0006_020.jpg,578,5,-1,True,175,8550,0.770049199793047,0.23712737127371275,1,738,1,1,1,1
1300,0578_c0007_000.jpg,578,6,-1,True,175,8550,0.967526634373135,0.7675438596491229,1,228,1,1,1,1
1301,0578_c0007_005.jpg,578,6,-1,True,175,8550,0.8749899635133176,0.5681818181818182,1,308,1,1,1,1
1302,0578_c0007_010.jpg,578,6,-1,True,175,8550,0.8957859221495917,0.5756578947368421,1,304,1,1,1,1
1303,0578_c0007_015.jpg,578,6,-1,True,175,8550,0.8921637974791322,0.6013745704467354,1,291,1,1,1,1
1304,0578_c0007_020.jpg,578,6,-1,True,175,8550,0.9324048313651601,0.6410256410256411,1,273,1,1,1,1
1305,0578_c0008_000.jpg,578,7,-1,True,175,8550,0.5893970857202974,0.38802660753880264,1,451,1,1,1,1
1306,0578_c0008_005.jpg,578,7,-1,True,175,8550,0.5883836478279618,0.3593429158110883,1,487,1,1,1,1
1307,0578_c0008_010.jpg,578,7,-1,True,175,8550,0.5663026161424374,0.3763440860215054,1,465,1,1,1,1
1308,0578_c0008_015.jpg,578,7,-1,True,175,8550,0.5712879713226181,0.390625,1,448,1,1,1,1
1309,0578_c0008_020.jpg,578,7,-1,True,175,8550,0.5820037425907639,0.38209606986899564,1,458,1,1,1,1
1310,0580_c0001_000.jpg,580,0,-1,True,175,8550,0.6181183131897252,0.4375,1,400,1,1,1,1
1311,0580_c0001_005.jpg,580,0,-1,True,175,8550,0.595839048304485,0.3630705394190871,1,482,1,1,1,1
1312,0580_c0001_010.jpg,580,0,-1,True,175,8550,0.5502993325643295,0.3564154786150713,1,491,1,1,1,1
1313,0580_c0001_015.jpg,580,0,-1,True,175,8550,0.5895997269673728,0.4278728606356968,1,409,1,1,1,1
1314,0580_c0001_020.jpg,580,0,-1,True,175,8550,0.617122366966886,0.4679144385026738,1,374,1,1,1,1
1315,0580_c0002_000.jpg,580,1,-1,True,175,8550,0.352037912550887,0.2700617283950617,23,648,0,0,0,0
1316,0580_c0002_005.jpg,580,1,-1,True,175,8550,0.43528233122381577,0.2931323283082077,6,597,0,0,1,1
1317,0580_c0002_010.jpg,580,1,-1,True,175,8550,0.5195964412009981,0.2608047690014903,1,671,1,1,1,1
1318,0580_c0002_015.jpg,580,1,-1,True,175,8550,0.5559545142523044,0.29264214046822745,1,598,1,1,1,1
1319,0580_c0002_020.jpg,580,1,-1,True,175,8550,0.6190611426437707,0.33589251439539347,1,521,1,1,1,1
1320,0580_c0003_000.jpg,580,2,-1,True,175,8550,0.8118708229201709,0.6628787878787878,1,264,1,1,1,1
1321,0580_c0003_005.jpg,580,2,-1,True,175,8550,0.8237712798952469,0.6756756756756757,1,259,1,1,1,1
1322,0580_c0003_010.jpg,580,2,-1,True,175,8550,0.7793221389930575,0.6410256410256411,1,273,1,1,1,1
1323,0580_c0003_015.jpg,580,2,-1,True,175,8550,0.7642106957605118,0.5952380952380952,1,294,1,1,1,1
1324,0580_c0003_020.jpg,580,2,-1,True,175,8550,0.7843407675528487,0.6140350877192983,1,285,1,1,1,1
1325,0580_c0004_000.jpg,580,3,-1,True,175,8550,0.9969489667645923,0.9020618556701031,1,194,1,1,1,1
1326,0580_c0004_005.jpg,580,3,-1,True,175,8550,0.9942371095390481,0.8293838862559242,1,211,1,1,1,1
1327,0580_c0004_010.jpg,580,3,-1,True,175,8550,0.9963655884257622,0.8578431372549019,1,204,1,1,1,1
1328,0580_c0004_015.jpg,580,3,-1,True,175,8550,0.9922406239542271,0.7056451612903226,1,248,1,1,1,1
1329,0580_c0004_020.jpg,580,3,-1,True,175,8550,0.9770499452136273,0.603448275862069,1,290,1,1,1,1
1330,0580_c0005_000.jpg,580,4,-1,True,175,8550,0.6682779148558254,0.42168674698795183,1,415,1,1,1,1
1331,0580_c0005_005.jpg,580,4,-1,True,175,8550,0.6846229784972498,0.42997542997543,1,407,1,1,1,1
1332,0580_c0005_010.jpg,580,4,-1,True,175,8550,0.6867031178626644,0.42997542997543,1,407,1,1,1,1
1333,0580_c0005_015.jpg,580,4,-1,True,175,8550,0.6072710084396005,0.39414414414414417,1,444,1,1,1,1
1334,0580_c0005_020.jpg,580,4,-1,True,175,8550,0.6295615861703464,0.3747323340471092,1,467,1,1,1,1
1335,0580_c0006_000.jpg,580,5,-1,True,175,8550,0.8504562221538906,0.5351681957186545,1,327,1,1,1,1
1336,0580_c0006_005.jpg,580,5,-1,True,175,8550,0.8462681048112586,0.5833333333333334,1,300,1,1,1,1
1337,0580_c0006_010.jpg,580,5,-1,True,175,8550,0.8146331601039797,0.5700325732899023,1,307,1,1,1,1
1338,0580_c0006_015.jpg,580,5,-1,True,175,8550,0.8478885346423711,0.5072463768115942,1,345,1,1,1,1
1339,0580_c0006_020.jpg,580,5,-1,True,175,8550,0.8351509158718662,0.44642857142857145,1,392,1,1,1,1
1340,0580_c0007_000.jpg,580,6,-1,True,175,8550,0.8527106380550851,0.7,1,250,1,1,1,1
1341,0580_c0007_005.jpg,580,6,-1,True,175,8550,0.8567463375368555,0.7,1,250,1,1,1,1
1342,0580_c0007_010.jpg,580,6,-1,True,175,8550,0.9032367680400444,0.7056451612903226,1,248,1,1,1,1
1343,0580_c0007_015.jpg,580,6,-1,True,175,8550,0.8803286515669098,0.6433823529411765,1,272,1,1,1,1
1344,0580_c0007_020.jpg,580,6,-1,True,175,8550,0.9160550936421384,0.7172131147540983,1,244,1,1,1,1
1345,0580_c0008_000.jpg,580,7,-1,True,175,8550,0.893828971369418,0.5401234567901234,1,324,1,1,1,1
1346,0580_c0008_005.jpg,580,7,-1,True,175,8550,0.8958315982815562,0.550314465408805,1,318,1,1,1,1
1347,0580_c0008_010.jpg,580,7,-1,True,175,8550,0.8947498946139236,0.546875,1,320,1,1,1,1
1348,0580_c0008_015.jpg,580,7,-1,True,175,8550,0.9013097997149345,0.5537974683544303,1,316,1,1,1,1
1349,0580_c0008_020.jpg,580,7,-1,True,175,8550,0.9149784213928793,0.5351681957186545,1,327,1,1,1,1
1350,0582_c0001_000.jpg,582,0,-1,True,175,8550,0.8513441398681669,0.15459363957597172,1,1132,1,1,1,1
1351,0582_c0001_005.jpg,582,0,-1,True,175,8550,0.8852994477743665,0.20685579196217493,1,846,1,1,1,1
1352,0582_c0001_010.jpg,582,0,-1,True,175,8550,0.875172084450224,0.17766497461928935,1,985,1,1,1,1
1353,0582_c0001_015.jpg,582,0,-1,True,175,8550,0.8947186043999809,0.2604166666666667,1,672,1,1,1,1
1354,0582_c0001_020.jpg,582,0,-1,True,175,8550,0.8847722390134117,0.2217997465145754,1,789,1,1,1,1
1355,0582_c0002_000.jpg,582,1,-1,True,175,8550,0.5741778209232282,0.20022883295194507,1,874,1,1,1,1
1356,0582_c0002_005.jpg,582,1,-1,True,175,8550,0.5360274688027209,0.1421608448415922,1,1231,1,1,1,1
1357,0582_c0002_010.jpg,582,1,-1,True,175,8550,0.597697352869274,0.19931662870159453,1,878,1,1,1,1
1358,0582_c0002_015.jpg,582,1,-1,True,175,8550,0.6171621022230777,0.23178807947019867,1,755,1,1,1,1
1359,0582_c0002_020.jpg,582,1,-1,True,175,8550,0.6083332350200428,0.19751693002257337,1,886,1,1,1,1
1360,0582_c0003_000.jpg,582,2,-1,True,175,8550,0.2131593581296917,0.11452879581151833,62,1528,0,0,0,0
1361,0582_c0003_005.jpg,582,2,-1,True,175,8550,0.22216121852553306,0.1393312101910828,47,1256,0,0,0,0
1362,0582_c0003_010.jpg,582,2,-1,True,175,8550,0.25013601837620747,0.15364354697102722,33,1139,0,0,0,0
1363,0582_c0003_015.jpg,582,2,-1,True,175,8550,0.2586549721402774,0.1558325912733749,26,1123,0,0,0,0
1364,0582_c0003_020.jpg,582,2,-1,True,175,8550,0.25120468846230826,0.157942238267148,22,1108,0,0,0,0
1365,0582_c0004_000.jpg,582,3,-1,True,175,8550,0.7315353889585838,0.4807692307692308,1,364,1,1,1,1
1366,0582_c0004_005.jpg,582,3,-1,True,175,8550,0.7839917313327535,0.5303030303030303,1,330,1,1,1,1
1367,0582_c0004_010.jpg,582,3,-1,True,175,8550,0.8500887598211908,0.5192878338278932,1,337,1,1,1,1
1368,0582_c0004_015.jpg,582,3,-1,True,175,8550,0.8033177722466639,0.5608974358974359,1,312,1,1,1,1
1369,0582_c0004_020.jpg,582,3,-1,True,175,8550,0.8214239790665985,0.546875,1,320,1,1,1,1
1370,0582_c0005_000.jpg,582,4,-1,True,175,8550,0.8384399183108128,0.1550044286979628,1,1129,1,1,1,1
1371,0582_c0005_005.jpg,582,4,-1,True,175,8550,0.8155415797601472,0.15177797051170858,1,1153,1,1,1,1
1372,0582_c0005_010.jpg,582,4,-1,True,175,8550,0.7583334389021086,0.1326762699014405,1,1319,1,1,1,1
1373,0582_c0005_015.jpg,582,4,-1,True,175,8550,0.7703385168754677,0.14285714285714285,1,1225,1,1,1,1
1374,0582_c0005_020.jpg,582,4,-1,True,175,8550,0.8108337398647816,0.15112262521588946,1,1158,1,1,1,1
1375,0582_c0006_000.jpg,582,5,-1,True,175,8550,0.8726193541891539,0.6782945736434108,1,258,1,1,1,1
1376,0582_c0006_005.jpg,582,5,-1,True,175,8550,0.9348596413241874,0.708502024291498,1,247,1,1,1,1
1377,0582_c0006_010.jpg,582,5,-1,True,175,8550,0.8965150784889615,0.7743362831858407,1,226,1,1,1,1
1378,0582_c0006_015.jpg,582,5,-1,True,175,8550,0.9624963245324838,0.7847533632286996,1,223,1,1,1,1
1379,0582_c0006_020.jpg,582,5,-1,True,175,8550,0.960728645190221,0.7352941176470589,1,238,1,1,1,1
1380,0582_c0007_000.jpg,582,6,-1,True,175,8550,0.8827695825522405,0.4691689008042895,1,373,1,1,1,1
1381,0582_c0007_005.jpg,582,6,-1,True,175,8550,0.8980244466724089,0.541795665634675,1,323,1,1,1,1
1382,0582_c0007_010.jpg,582,6,-1,True,175,8550,0.889539805402421,0.5287009063444109,1,331,1,1,1,1
1383,0582_c0007_015.jpg,582,6,-1,True,175,8550,0.8833674415741195,0.5102040816326531,1,343,1,1,1,1
1384,0582_c0007_020.jpg,582,6,-1,True,175,8550,0.8555021099474464,0.4768392370572207,1,367,1,1,1,1
1385,0582_c0008_000.jpg,582,7,-1,True,175,8550,0.7546572241141819,0.38802660753880264,1,451,1,1,1,1
1386,0582_c0008_005.jpg,582,7,-1,True,175,8550,0.7810620377470284,0.34930139720558884,1,501,1,1,1,1
1387,0582_c0008_010.jpg,582,7,-1,True,175,8550,0.7399613733718963,0.3404669260700389,1,514,1,1,1,1
1388,0582_c0008_015.jpg,582,7,-1,True,175,8550,0.781646124619812,0.3514056224899598,1,498,1,1,1,1
1389,0582_c0008_020.jpg,582,7,-1,True,175,8550,0.7561343934426369,0.33980582524271846,1,515,1,1,1,1
1390,0584_c0001_000.jpg,584,0,-1,True,175,8550,0.9017334582315194,0.5287009063444109,1,331,1,1,1,1
1391,0584_c0001_005.jpg,584,0,-1,True,175,8550,0.8742301539097098,0.45454545454545453,1,385,1,1,1,1
1392,0584_c0001_010.jpg,584,0,-1,True,175,8550,0.8988367186152751,0.5147058823529411,1,340,1,1,1,1
1393,0584_c0001_015.jpg,584,0,-1,True,175,8550,0.8731054752317767,0.47554347826086957,1,368,1,1,1,1
1394,0584_c0001_020.jpg,584,0,-1,True,175,8550,0.9263609133645577,0.6809338521400778,1,257,1,1,1,1
1395,0584_c0002_000.jpg,584,1,-1,True,175,8550,0.9384423288170212,0.6076388888888888,1,288,1,1,1,1
1396,0584_c0002_005.jpg,584,1,-1,True,175,8550,0.9320623934621819,0.5775577557755776,1,303,1,1,1,1
1397,0584_c0002_010.jpg,584,1,-1,True,175,8550,0.9191066328304563,0.5434782608695652,1,322,1,1,1,1
1398,0584_c0002_015.jpg,584,1,-1,True,175,8550,0.9194249223290675,0.5573248407643312,1,314,1,1,1,1
1399,0584_c0002_020.jpg,584,1,-1,True,175,8550,0.9177730519906298,0.5057803468208093,1,346,1,1,1,1
1400,0584_c0003_000.jpg,584,2,-1,True,175,8550,0.6934652252136893,0.33653846153846156,1,520,1,1,1,1
1401,0584_c0003_005.jpg,584,2,-1,True,175,8550,0.7222076013909563,0.44529262086513993,1,393,1,1,1,1
1402,0584_c0003_010.jpg,584,2,-1,True,175,8550,0.7313461070410373,0.46296296296296297,1,378,1,1,1,1
1403,0584_c0003_015.jpg,584,2,-1,True,175,8550,0.7537335074365442,0.4943502824858757,1,354,1,1,1,1
1404,0584_c0003_020.jpg,584,2,-1,True,175,8550,0.6999860308665805,0.3968253968253968,1,441,1,1,1,1
1405,0584_c0004_000.jpg,584,3,-1,True,175,8550,0.9135486384245912,0.6972111553784861,1,251,1,1,1,1
1406,0584_c0004_005.jpg,584,3,-1,True,175,8550,0.9264615652397429,0.6972111553784861,1,251,1,1,1,1
1407,0584_c0004_010.jpg,584,3,-1,True,175,8550,0.9276505898877326,0.7322175732217573,1,239,1,1,1,1
1408,0584_c0004_015.jpg,584,3,-1,True,175,8550,0.9315184100187484,0.7172131147540983,1,244,1,1,1,1
1409,0584_c0004_020.jpg,584,3,-1,True,175,8550,0.9097298931006468,0.631768953068592,1,277,1,1,1,1
1410,0584_c0005_000.jpg,584,4,-1,True,175,8550,0.7906367421681385,0.3006872852233677,1,582,1,1,1,1
1411,0584_c0005_005.jpg,584,4,-1,True,175,8550,0.7835881234136716,0.30434782608695654,1,575,1,1,1,1
1412,0584_c0005_010.jpg,584,4,-1,True,175,8550,0.756396475798921,0.32051282051282054,1,546,1,1,1,1
1413,0584_c0005_015.jpg,584,4,-1,True,175,8550,0.762963776022195,0.27301092043681746,1,641,1,1,1,1
1414,0584_c0005_020.jpg,584,4,-1,True,175,8550,0.7566318976015268,0.2536231884057971,1,690,1,1,1,1
1415,0584_c0006_000.jpg,584,5,-1,True,175,8550,0.9412571388566494,0.5520504731861199,1,317,1,1,1,1
1416,0584_c0006_005.jpg,584,5,-1,True,175,8550,0.9307615035362506,0.4716981132075472,1,371,1,1,1,1
1417,0584_c0006_010.jpg,584,5,-1,True,175,8550,0.9281862281687998,0.44416243654822335,1,394,1,1,1,1
1418,0584_c0006_015.jpg,584,5,-1,True,175,8550,0.9214992517569528,0.39863325740318906,1,439,1,1,1,1
1419,0584_c0006_020.jpg,584,5,-1,True,175,8550,0.9171958861402525,0.3897550111358575,1,449,1,1,1,1
1420,0584_c0007_000.jpg,584,6,-1,True,175,8550,0.5535188622899446,0.28225806451612906,1,620,1,1,1,1
1421,0584_c0007_005.jpg,584,6,-1,True,175,8550,0.5651929547461495,0.30809859154929575,1,568,1,1,1,1
1422,0584_c0007_010.jpg,584,6,-1,True,175,8550,0.5960028321632381,0.3108348134991119,1,563,1,1,1,1
1423,0584_c0007_015.jpg,584,6,-1,True,175,8550,0.5784598500274951,0.2892561983471074,1,605,1,1,1,1
1424,0584_c0007_020.jpg,584,6,-1,True,175,8550,0.6996892752806806,0.46174142480211083,1,379,1,1,1,1
1425,0584_c0008_000.jpg,584,7,-1,True,175,8550,0.8741879126301082,0.6554307116104869,1,267,1,1,1,1
1426,0584_c0008_005.jpg,584,7,-1,True,175,8550,0.8950452807854189,0.6653992395437263,1,263,1,1,1,1
1427,0584_c0008_010.jpg,584,7,-1,True,175,8550,0.8744266162744361,0.6529850746268657,1,268,1,1,1,1
1428,0584_c0008_015.jpg,584,7,-1,True,175,8550,0.843945255029238,0.5892255892255892,1,297,1,1,1,1
1429,0584_c0008_020.jpg,584,7,-1,True,175,8550,0.8233071956214499,0.6205673758865248,1,282,1,1,1,1
1430,0586_c0001_000.jpg,586,0,-1,True,175,8550,0.9998369074628565,0.9887005649717514,1,177,1,1,1,1
1431,0586_c0001_005.jpg,586,0,-1,True,175,8550,1.0,1.0,1,175,1,1,1,1
1432,0586_c0001_010.jpg,586,0,-1,True,175,8550,1.0,1.0,1,175,1,1,1,1
1433,0586_c0001_015.jpg,586,0,-1,True,175,8550,1.0,1.0,1,175,1,1,1,1
1434,0586_c0001_020.jpg,586,0,-1,True,175,8550,0.999902038683812,0.9943181818181818,1,176,1,1,1,1
1435,0586_c0002_000.jpg,586,1,-1,True,175,8550,0.9734289080892631,0.7743362831858407,1,226,1,1,1,1
1436,0586_c0002_005.jpg,586,1,-1,True,175,8550,0.9760841261033507,0.8027522935779816,1,218,1,1,1,1
1437,0586_c0002_010.jpg,586,1,-1,True,175,8550,0.9735360121169414,0.7291666666666666,1,240,1,1,1,1
1438,0586_c0002_015.jpg,586,1,-1,True,175,8550,0.9820807312829029,0.8620689655172413,1,203,1,1,1,1
1439,0586_c0002_020.jpg,586,1,-1,True,175,8550,0.9775838820830441,0.7847533632286996,1,223,1,1,1,1
1440,0586_c0003_000.jpg,586,2,-1,True,175,8550,0.9674645976242671,0.6529850746268657,1,268,1,1,1,1
1441,0586_c0003_005.jpg,586,2,-1,True,175,8550,0.9582879038426745,0.6294964028776978,1,278,1,1,1,1
1442,0586_c0003_010.jpg,586,2,-1,True,175,8550,0.9583298760366775,0.6386861313868614,1,274,1,1,1,1
1443,0586_c0003_015.jpg,586,2,-1,True,175,8550,0.9882599163679241,0.8027522935779816,1,218,1,1,1,1
1444,0586_c0003_020.jpg,586,2,-1,True,175,8550,0.9732465581048869,0.7028112449799196,1,249,1,1,1,1
1445,0586_c0004_000.jpg,586,3,-1,True,175,8550,1.0,1.0,1,175,1,1,1,1
1446,0586_c0004_005.jpg,586,3,-1,True,175,8550,1.0,1.0,1,175,1,1,1,1
1447,0586_c0004_010.jpg,586,3,-1,True,175,8550,1.0,1.0,1,175,1,1,1,1
1448,0586_c0004_015.jpg,586,3,-1,True,175,8550,1.0,1.0,1,175,1,1,1,1
1449,0586_c0004_020.jpg,586,3,-1,True,175,8550,1.0,1.0,1,175,1,1,1,1
1450,0586_c0005_000.jpg,586,4,-1,True,175,8550,1.0,1.0,1,175,1,1,1,1
1451,0586_c0005_005.jpg,586,4,-1,True,175,8550,1.0,1.0,1,175,1,1,1,1
1452,0586_c0005_010.jpg,586,4,-1,True,175,8550,1.0,1.0,1,175,1,1,1,1
1453,0586_c0005_015.jpg,586,4,-1,True,175,8550,1.0,1.0,1,175,1,1,1,1
1454,0586_c0005_020.jpg,586,4,-1,True,175,8550,1.0,1.0,1,175,1,1,1,1
1455,0586_c0006_000.jpg,586,5,-1,True,175,8550,1.0,1.0,1,175,1,1,1,1
1456,0586_c0006_005.jpg,586,5,-1,True,175,8550,1.0,1.0,1,175,1,1,1,1
1457,0586_c0006_010.jpg,586,5,-1,True,175,8550,1.0,1.0,1,175,1,1,1,1
1458,0586_c0006_015.jpg,586,5,-1,True,175,8550,1.0,1.0,1,175,1,1,1,1
1459,0586_c0006_020.jpg,586,5,-1,True,175,8550,1.0,1.0,1,175,1,1,1,1
1460,0586_c0007_000.jpg,586,6,-1,True,175,8550,1.0,1.0,1,175,1,1,1,1
1461,0586_c0007_005.jpg,586,6,-1,True,175,8550,1.0,1.0,1,175,1,1,1,1
1462,0586_c0007_010.jpg,586,6,-1,True,175,8550,1.0,1.0,1,175,1,1,1,1
1463,0586_c0007_015.jpg,586,6,-1,True,175,8550,1.0,1.0,1,175,1,1,1,1
1464,0586_c0007_020.jpg,586,6,-1,True,175,8550,1.0,1.0,1,175,1,1,1,1
1465,0586_c0008_000.jpg,586,7,-1,True,175,8550,1.0,1.0,1,175,1,1,1,1
1466,0586_c0008_005.jpg,586,7,-1,True,175,8550,1.0,1.0,1,175,1,1,1,1
1467,0586_c0008_010.jpg,586,7,-1,True,175,8550,1.0,1.0,1,175,1,1,1,1
1468,0586_c0008_015.jpg,586,7,-1,True,175,8550,1.0,1.0,1,175,1,1,1,1
1469,0586_c0008_020.jpg,586,7,-1,True,175,8550,1.0,1.0,1,175,1,1,1,1
1470,0588_c0001_000.jpg,588,0,-1,True,175,8550,0.9095635926251513,0.47043010752688175,1,372,1,1,1,1
1471,0588_c0001_005.jpg,588,0,-1,True,175,8550,0.9022933706308709,0.47297297297297297,1,370,1,1,1,1
1472,0588_c0001_010.jpg,588,0,-1,True,175,8550,0.9350117816338352,0.5116959064327485,1,342,1,1,1,1
1473,0588_c0001_015.jpg,588,0,-1,True,175,8550,0.9124311082766671,0.4605263157894737,1,380,1,1,1,1
1474,0588_c0001_020.jpg,588,0,-1,True,175,8550,0.918163268175592,0.4666666666666667,1,375,1,1,1,1
1475,0588_c0002_000.jpg,588,1,-1,True,175,8550,0.8987555983290751,0.4666666666666667,1,375,1,1,1,1
1476,0588_c0002_005.jpg,588,1,-1,True,175,8550,0.9141116716195314,0.5401234567901234,1,324,1,1,1,1
1477,0588_c0002_010.jpg,588,1,-1,True,175,8550,0.9229571391468653,0.5663430420711975,1,309,1,1,1,1
1478,0588_c0002_015.jpg,588,1,-1,True,175,8550,0.9153270506159613,0.5794701986754967,1,302,1,1,1,1
1479,0588_c0002_020.jpg,588,1,-1,True,175,8550,0.9135766447512366,0.5087209302325582,1,344,1,1,1,1
1480,0588_c0003_000.jpg,588,2,-1,True,175,8550,0.9992166516128671,0.9831460674157303,1,178,1,1,1,1
1481,0588_c0003_005.jpg,588,2,-1,True,175,8550,0.9923356103153089,0.8578431372549019,1,204,1,1,1,1
1482,0588_c0003_010.jpg,588,2,-1,True,175,8550,0.9908024715585101,0.8254716981132075,1,212,1,1,1,1
1483,0588_c0003_015.jpg,588,2,-1,True,175,8550,0.9847217341269855,0.813953488372093,1,215,1,1,1,1
1484,0588_c0003_020.jpg,588,2,-1,True,175,8550,0.9780407763931304,0.7352941176470589,1,238,1,1,1,1
1485,0588_c0004_000.jpg,588,3,-1,True,175,8550,0.6681939458981337,0.33589251439539347,1,521,1,1,1,1
1486,0588_c0004_005.jpg,588,3,-1,True,175,8550,0.6611566776022211,0.3371868978805395,1,519,1,1,1,1
1487,0588_c0004_010.jpg,588,3,-1,True,175,8550,0.7260246622704603,0.3812636165577342,1,459,1,1,1,1
1488,0588_c0004_015.jpg,588,3,-1,True,175,8550,0.6407542218645345,0.33783783783783783,1,518,1,1,1,1
1489,0588_c0004_020.jpg,588,3,-1,True,175,8550,0.6634918961869102,0.3707627118644068,1,472,1,1,1,1
1490,0588_c0005_000.jpg,588,4,-1,True,175,8550,0.9827857405058178,0.7510729613733905,1,233,1,1,1,1
1491,0588_c0005_005.jpg,588,4,-1,True,175,8550,0.9701603462619531,0.6578947368421053,1,266,1,1,1,1
1492,0588_c0005_010.jpg,588,4,-1,True,175,8550,0.9753275909350373,0.6972111553784861,1,251,1,1,1,1
1493,0588_c0005_015.jpg,588,4,-1,True,175,8550,0.9920159280855868,0.8373205741626795,1,209,1,1,1,1
1494,0588_c0005_020.jpg,588,4,-1,True,175,8550,0.996820542247027,0.8620689655172413,1,203,1,1,1,1
1495,0588_c0006_000.jpg,588,5,-1,True,175,8550,0.8717441326284149,0.875,1,200,1,1,1,1
1496,0588_c0006_005.jpg,588,5,-1,True,175,8550,0.947375466528351,0.875,1,200,1,1,1,1
1497,0588_c0006_010.jpg,588,5,-1,True,175,8550,0.9552493617672699,0.875,1,200,1,1,1,1
1498,0588_c0006_015.jpg,588,5,-1,True,175,8550,0.944228737259022,0.875,1,200,1,1,1,1
1499,0588_c0006_020.jpg,588,5,-1,True,175,8550,0.9310413651287311,0.875,1,200,1,1,1,1
1500,0588_c0007_000.jpg,588,6,-1,True,175,8550,0.974352639142093,0.7,1,250,1,1,1,1
1501,0588_c0007_005.jpg,588,6,-1,True,175,8550,0.9767772868060284,0.708502024291498,1,247,1,1,1,1
1502,0588_c0007_010.jpg,588,6,-1,True,175,8550,0.9667193084731432,0.7,1,250,1,1,1,1
1503,0588_c0007_015.jpg,588,6,-1,True,175,8550,0.9997379859922616,0.9887005649717514,1,177,1,1,1,1
1504,0588_c0007_020.jpg,588,6,-1,True,175,8550,0.9986666863381229,0.9668508287292817,1,181,1,1,1,1
1505,0588_c0008_000.jpg,588,7,-1,True,175,8550,0.9652045435141515,0.8578431372549019,1,204,1,1,1,1
1506,0588_c0008_005.jpg,588,7,-1,True,175,8550,0.9578616066414617,0.8495145631067961,1,206,1,1,1,1
1507,0588_c0008_010.jpg,588,7,-1,True,175,8550,0.9751776523694435,0.813953488372093,1,215,1,1,1,1
1508,0588_c0008_015.jpg,588,7,-1,True,175,8550,0.9559040381947222,0.8333333333333334,1,210,1,1,1,1
1509,0588_c0008_020.jpg,588,7,-1,True,175,8550,0.9627691361042636,0.7847533632286996,1,223,1,1,1,1
1510,0590_c0001_000.jpg,590,0,-1,True,150,8550,1.0,1.0,1,150,1,1,1,1
1511,0590_c0001_005.jpg,590,0,-1,True,150,8550,1.0,1.0,1,150,1,1,1,1
1512,0590_c0001_010.jpg,590,0,-1,True,150,8550,1.0,1.0,1,150,1,1,1,1
1513,0590_c0001_015.jpg,590,0,-1,True,150,8550,1.0,1.0,1,150,1,1,1,1
1514,0590_c0001_020.jpg,590,0,-1,True,150,8550,1.0,1.0,1,150,1,1,1,1
1515,0590_c0002_000.jpg,590,1,-1,True,150,8550,0.9997027600849258,0.9554140127388535,1,157,1,1,1,1
1516,0590_c0002_005.jpg,590,1,-1,True,150,8550,0.994931797228962,0.9036144578313253,1,166,1,1,1,1
1517,0590_c0002_010.jpg,590,1,-1,True,150,8550,0.998776856402628,0.8875739644970414,1,169,1,1,1,1
1518,0590_c0002_015.jpg,590,1,-1,True,150,8550,0.9809466066780317,0.7978723404255319,1,188,1,1,1,1
1519,0590_c0002_020.jpg,590,1,-1,True,150,8550,0.9988311505229994,0.9202453987730062,1,163,1,1,1,1
1520,0590_c0004_000.jpg,590,3,-1,True,150,8550,0.9540490066028011,0.6072874493927125,1,247,1,1,1,1
1521,0590_c0004_005.jpg,590,3,-1,True,150,8550,0.9211897940106493,0.4672897196261682,1,321,1,1,1,1
1522,0590_c0004_010.jpg,590,3,-1,True,150,8550,0.9448647441690787,0.5725190839694656,1,262,1,1,1,1
1523,0590_c0004_015.jpg,590,3,-1,True,150,8550,0.8950544640670415,0.45454545454545453,1,330,1,1,1,1
1524,0590_c0004_020.jpg,590,3,-1,True,150,8550,0.9221902725918528,0.4918032786885246,1,305,1,1,1,1
1525,0590_c0005_000.jpg,590,4,-1,True,150,8550,0.998992500705679,0.9554140127388535,1,157,1,1,1,1
1526,0590_c0005_005.jpg,590,4,-1,True,150,8550,0.997339591132959,0.9259259259259259,1,162,1,1,1,1
1527,0590_c0005_010.jpg,590,4,-1,True,150,8550,1.0,1.0,1,150,1,1,1,1
1528,0590_c0005_015.jpg,590,4,-1,True,150,8550,0.9755723335652192,0.8571428571428571,1,175,1,1,1,1
1529,0590_c0005_020.jpg,590,4,-1,True,150,8550,0.9957022494248975,0.9036144578313253,1,166,1,1,1,1
1530,0590_c0006_000.jpg,590,5,-1,True,150,8550,0.9980231920322005,0.9554140127388535,1,157,1,1,1,1
1531,0590_c0006_005.jpg,590,5,-1,True,150,8550,0.9922367703656682,0.8333333333333334,1,180,1,1,1,1
1532,0590_c0006_010.jpg,590,5,-1,True,150,8550,0.9930245667590085,0.847457627118644,1,177,1,1,1,1
1533,0590_c0006_015.jpg,590,5,-1,True,150,8550,0.9972969808644765,0.9202453987730062,1,163,1,1,1,1
1534,0590_c0006_020.jpg,590,5,-1,True,150,8550,0.9959585119287616,0.8928571428571429,1,168,1,1,1,1
1535,0590_c0007_000.jpg,590,6,-1,True,150,8550,1.0,1.0,1,150,1,1,1,1
1536,0590_c0007_005.jpg,590,6,-1,True,150,8550,1.0,1.0,1,150,1,1,1,1
1537,0590_c0007_010.jpg,590,6,-1,True,150,8550,1.0,1.0,1,150,1,1,1,1
1538,0590_c0007_015.jpg,590,6,-1,True,150,8550,1.0,1.0,1,150,1,1,1,1
1539,0590_c0007_020.jpg,590,6,-1,True,150,8550,1.0,1.0,1,150,1,1,1,1
1540,0590_c0008_000.jpg,590,7,-1,True,150,8550,0.9878407430271212,0.819672131147541,1,183,1,1,1,1
1541,0590_c0008_005.jpg,590,7,-1,True,150,8550,0.9957072067061054,0.8771929824561403,1,171,1,1,1,1
1542,0590_c0008_010.jpg,590,7,-1,True,150,8550,0.9422475005369828,0.7177033492822966,1,209,1,1,1,1
1543,0590_c0008_015.jpg,590,7,-1,True,150,8550,0.9795562389792428,0.7389162561576355,1,203,1,1,1,1
1544,0590_c0008_020.jpg,590,7,-1,True,150,8550,0.9694483590589316,0.7317073170731707,1,205,1,1,1,1
1545,0592_c0001_000.jpg,592,0,-1,True,125,8550,0.9912202496850342,0.7396449704142012,1,169,1,1,1,1
1546,0592_c0001_005.jpg,592,0,-1,True,125,8550,0.9783393909052072,0.7716049382716049,1,162,1,1,1,1
1547,0592_c0001_010.jpg,592,0,-1,True,125,8550,0.9569062883135792,0.7183908045977011,1,174,1,1,1,1
1548,0592_c0001_015.jpg,592,0,-1,True,125,8550,0.9678667157519352,0.6756756756756757,1,185,1,1,1,1
1549,0592_c0001_020.jpg,592,0,-1,True,125,8550,0.9826434901277356,0.8333333333333334,1,150,1,1,1,1
1550,0592_c0002_000.jpg,592,1,-1,True,125,8550,0.9676464377204244,0.8012820512820513,1,156,1,1,1,1
1551,0592_c0002_005.jpg,592,1,-1,True,125,8550,0.961445519872442,0.7485029940119761,1,167,1,1,1,1
1552,0592_c0002_010.jpg,592,1,-1,True,125,8550,0.9588299217457705,0.7309941520467836,1,171,1,1,1,1
1553,0592_c0002_015.jpg,592,1,-1,True,125,8550,0.9566257879838928,0.7716049382716049,1,162,1,1,1,1
1554,0592_c0002_020.jpg,592,1,-1,True,125,8550,0.9531046842761185,0.6648936170212766,1,188,1,1,1,1
1555,0592_c0003_000.jpg,592,2,-1,True,125,8550,0.6302073226788567,0.37425149700598803,1,334,1,1,1,1
1556,0592_c0003_005.jpg,592,2,-1,True,125,8550,0.7975691941401128,0.41254125412541254,1,303,1,1,1,1
1557,0592_c0003_010.jpg,592,2,-1,True,125,8550,0.9241473571436974,0.45126353790613716,1,277,1,1,1,1
1558,0592_c0003_015.jpg,592,2,-1,True,125,8550,0.8593747171794306,0.37650602409638556,1,332,1,1,1,1
1559,0592_c0003_020.jpg,592,2,-1,True,125,8550,0.8856651009044364,0.38461538461538464,1,325,1,1,1,1
1560,0592_c0005_000.jpg,592,4,-1,True,125,8550,0.9852628062789643,0.8333333333333334,1,150,1,1,1,1
1561,0592_c0005_005.jpg,592,4,-1,True,125,8550,0.9910748225446334,0.8620689655172413,1,145,1,1,1,1
1562,0592_c0005_010.jpg,592,4,-1,True,125,8550,0.9914515142926774,0.8389261744966443,1,149,1,1,1,1
1563,0592_c0005_015.jpg,592,4,-1,True,125,8550,0.9887633404698525,0.7961783439490446,1,157,1,1,1,1
1564,0592_c0005_020.jpg,592,4,-1,True,125,8550,0.9530060638294038,0.7142857142857143,1,175,1,1,1,1
1565,0592_c0006_000.jpg,592,5,-1,True,125,8550,0.9562257830718666,0.6578947368421053,1,190,1,1,1,1
1566,0592_c0006_005.jpg,592,5,-1,True,125,8550,0.9314937229866271,0.5102040816326531,1,245,1,1,1,1
1567,0592_c0006_010.jpg,592,5,-1,True,125,8550,0.9461046877470011,0.6510416666666666,1,192,1,1,1,1
1568,0592_c0006_015.jpg,592,5,-1,True,125,8550,0.9447047690164873,0.6410256410256411,1,195,1,1,1,1
1569,0592_c0006_020.jpg,592,5,-1,True,125,8550,0.9364039485623754,0.6410256410256411,1,195,1,1,1,1
1570,0592_c0007_000.jpg,592,6,-1,True,125,8550,0.9209685678328354,0.5296610169491526,1,236,1,1,1,1
1571,0592_c0007_005.jpg,592,6,-1,True,125,8550,0.9358187844495547,0.5630630630630631,1,222,1,1,1,1
1572,0592_c0007_010.jpg,592,6,-1,True,125,8550,0.912795211448559,0.5122950819672131,1,244,1,1,1,1
1573,0592_c0007_015.jpg,592,6,-1,True,125,8550,0.9214939980997158,0.5274261603375527,1,237,1,1,1,1
1574,0592_c0007_020.jpg,592,6,-1,True,125,8550,0.9170819991363895,0.5122950819672131,1,244,1,1,1,1
1575,0594_c0001_000.jpg,594,0,-1,True,150,8550,0.9996870349085789,0.9868421052631579,1,152,1,1,1,1
1576,0594_c0001_005.jpg,594,0,-1,True,150,8550,0.9995137234318895,0.967741935483871,1,155,1,1,1,1
1577,0594_c0001_010.jpg,594,0,-1,True,150,8550,0.9439979458310815,0.75,1,200,1,1,1,1
1578,0594_c0001_015.jpg,594,0,-1,True,150,8550,0.9595184593423647,0.8108108108108109,1,185,1,1,1,1
1579,0594_c0001_020.jpg,594,0,-1,True,150,8550,0.9985423798611182,0.9036144578313253,1,166,1,1,1,1
1580,0594_c0002_000.jpg,594,1,-1,True,150,8550,1.0,1.0,1,150,1,1,1,1
1581,0594_c0002_005.jpg,594,1,-1,True,150,8550,1.0,1.0,1,150,1,1,1,1
1582,0594_c0002_010.jpg,594,1,-1,True,150,8550,1.0,1.0,1,150,1,1,1,1
1583,0594_c0002_015.jpg,594,1,-1,True,150,8550,1.0,1.0,1,150,1,1,1,1
1584,0594_c0002_020.jpg,594,1,-1,True,150,8550,1.0,1.0,1,150,1,1,1,1
1585,0594_c0003_000.jpg,594,2,-1,True,150,8550,0.8838162351187706,0.6666666666666666,1,225,1,1,1,1
1586,0594_c0003_005.jpg,594,2,-1,True,150,8550,0.8851852684213858,0.6666666666666666,1,225,1,1,1,1
1587,0594_c0003_010.jpg,594,2,-1,True,150,8550,0.8839826575634182,0.6666666666666666,1,225,1,1,1,1
1588,0594_c0003_015.jpg,594,2,-1,True,150,8550,0.9084619919231133,0.6666666666666666,1,225,1,1,1,1
1589,0594_c0003_020.jpg,594,2,-1,True,150,8550,0.9238907591222835,0.6666666666666666,1,225,1,1,1,1
1590,0594_c0005_000.jpg,594,4,-1,True,150,8550,1.0,1.0,1,150,1,1,1,1
1591,0594_c0005_005.jpg,594,4,-1,True,150,8550,1.0,1.0,1,150,1,1,1,1
1592,0594_c0005_010.jpg,594,4,-1,True,150,8550,1.0,1.0,1,150,1,1,1,1
1593,0594_c0005_015.jpg,594,4,-1,True,150,8550,1.0,1.0,1,150,1,1,1,1
1594,0594_c0005_020.jpg,594,4,-1,True,150,8550,0.9995157663086445,0.9803921568627451,1,153,1,1,1,1
1595,0594_c0006_000.jpg,594,5,-1,True,150,8550,1.0,1.0,1,150,1,1,1,1
1596,0594_c0006_005.jpg,594,5,-1,True,150,8550,1.0,1.0,1,150,1,1,1,1
1597,0594_c0006_010.jpg,594,5,-1,True,150,8550,1.0,1.0,1,150,1,1,1,1
1598,0594_c0006_015.jpg,594,5,-1,True,150,8550,1.0,1.0,1,150,1,1,1,1
1599,0594_c0006_020.jpg,594,5,-1,True,150,8550,1.0,1.0,1,150,1,1,1,1
1600,0594_c0007_000.jpg,594,6,-1,True,150,8550,1.0,1.0,1,150,1,1,1,1
1601,0594_c0007_005.jpg,594,6,-1,True,150,8550,1.0,1.0,1,150,1,1,1,1
1602,0594_c0007_010.jpg,594,6,-1,True,150,8550,1.0,1.0,1,150,1,1,1,1
1603,0594_c0007_015.jpg,594,6,-1,True,150,8550,1.0,1.0,1,150,1,1,1,1
1604,0594_c0007_020.jpg,594,6,-1,True,150,8550,1.0,1.0,1,150,1,1,1,1
1605,0594_c0008_000.jpg,594,7,-1,True,150,8550,0.9349622475959438,0.6097560975609756,1,246,1,1,1,1
1606,0594_c0008_005.jpg,594,7,-1,True,150,8550,0.8886113099383681,0.5859375,1,256,1,1,1,1
1607,0594_c0008_010.jpg,594,7,-1,True,150,8550,0.8754030284892601,0.5836575875486382,1,257,1,1,1,1
1608,0594_c0008_015.jpg,594,7,-1,True,150,8550,0.8953176554614943,0.6521739130434783,1,230,1,1,1,1
1609,0594_c0008_020.jpg,594,7,-1,True,150,8550,0.8902360421071133,0.6276150627615062,1,239,1,1,1,1
1610,0596_c0001_000.jpg,596,0,-1,True,175,8550,1.0,1.0,1,175,1,1,1,1
1611,0596_c0001_005.jpg,596,0,-1,True,175,8550,0.9996168591267905,0.9668508287292817,1,181,1,1,1,1
1612,0596_c0001_010.jpg,596,0,-1,True,175,8550,0.9960034708086186,0.8064516129032258,1,217,1,1,1,1
1613,0596_c0001_015.jpg,596,0,-1,True,175,8550,0.9941591448519931,0.8027522935779816,1,218,1,1,1,1
1614,0596_c0001_020.jpg,596,0,-1,True,175,8550,0.9998068395135621,0.9831460674157303,1,178,1,1,1,1
1615,0596_c0002_000.jpg,596,1,-1,True,175,8550,0.9058544665507335,0.43209876543209874,1,405,1,1,1,1
1616,0596_c0002_005.jpg,596,1,-1,True,175,8550,0.9112468154656028,0.5932203389830508,1,295,1,1,1,1
1617,0596_c0002_010.jpg,596,1,-1,True,175,8550,0.914475696940426,0.5351681957186545,1,327,1,1,1,1
1618,0596_c0002_015.jpg,596,1,-1,True,175,8550,0.8765517628039093,0.38293216630196936,1,457,1,1,1,1
1619,0596_c0002_020.jpg,596,1,-1,True,175,8550,0.8712082708401077,0.39414414414414417,1,444,1,1,1,1
1620,0596_c0003_000.jpg,596,2,-1,True,175,8550,0.9977891313108004,0.9162303664921466,1,191,1,1,1,1
1621,0596_c0003_005.jpg,596,2,-1,True,175,8550,0.9732377972942455,0.631768953068592,1,277,1,1,1,1
1622,0596_c0003_010.jpg,596,2,-1,True,175,8550,0.972700023172724,0.5972696245733788,1,293,1,1,1,1
1623,0596_c0003_015.jpg,596,2,-1,True,175,8550,0.9886207549473297,0.8064516129032258,1,217,1,1,1,1
1624,0596_c0003_020.jpg,596,2,-1,True,175,8550,0.9953314390424716,0.8663366336633663,1,202,1,1,1,1
1625,0596_c0004_000.jpg,596,3,-1,True,175,8550,0.9899707469657957,0.7415254237288136,1,236,1,1,1,1
1626,0596_c0004_005.jpg,596,3,-1,True,175,8550,0.9899773037283106,0.7990867579908676,1,219,1,1,1,1
1627,0596_c0004_010.jpg,596,3,-1,True,175,8550,0.9943257758642632,0.7743362831858407,1,226,1,1,1,1
1628,0596_c0004_015.jpg,596,3,-1,True,175,8550,0.9992179967815435,0.8974358974358975,1,195,1,1,1,1
1629,0596_c0004_020.jpg,596,3,-1,True,175,8550,0.9991562966650198,0.9162303664921466,1,191,1,1,1,1
1630,0596_c0005_000.jpg,596,4,-1,True,175,8550,0.9720863385243029,0.875,1,200,1,1,1,1
1631,0596_c0005_005.jpg,596,4,-1,True,175,8550,0.9918078258799831,0.875,1,200,1,1,1,1
1632,0596_c0005_010.jpg,596,4,-1,True,175,8550,0.9597181917456938,0.7,1,250,1,1,1,1
1633,0596_c0005_015.jpg,596,4,-1,True,175,8550,0.9721130509646735,0.8663366336633663,1,202,1,1,1,1
1634,0596_c0005_020.jpg,596,4,-1,True,175,8550,0.9623454294120851,0.8293838862559242,1,211,1,1,1,1
1635,0596_c0006_000.jpg,596,5,-1,True,175,8550,1.0,1.0,1,175,1,1,1,1
1636,0596_c0006_005.jpg,596,5,-1,True,175,8550,1.0,1.0,1,175,1,1,1,1
1637,0596_c0006_010.jpg,596,5,-1,True,175,8550,1.0,1.0,1,175,1,1,1,1
1638,0596_c0006_015.jpg,596,5,-1,True,175,8550,1.0,1.0,1,175,1,1,1,1
1639,0596_c0006_020.jpg,596,5,-1,True,175,8550,1.0,1.0,1,175,1,1,1,1
1640,0596_c0007_000.jpg,596,6,-1,True,175,8550,1.0,1.0,1,175,1,1,1,1
1641,0596_c0007_005.jpg,596,6,-1,True,175,8550,1.0,1.0,1,175,1,1,1,1
1642,0596_c0007_010.jpg,596,6,-1,True,175,8550,1.0,1.0,1,175,1,1,1,1
1643,0596_c0007_015.jpg,596,6,-1,True,175,8550,1.0,1.0,1,175,1,1,1,1
1644,0596_c0007_020.jpg,596,6,-1,True,175,8550,1.0,1.0,1,175,1,1,1,1
1645,0596_c0008_000.jpg,596,7,-1,True,175,8550,1.0,1.0,1,175,1,1,1,1
1646,0596_c0008_005.jpg,596,7,-1,True,175,8550,1.0,1.0,1,175,1,1,1,1
1647,0596_c0008_010.jpg,596,7,-1,True,175,8550,1.0,1.0,1,175,1,1,1,1
1648,0596_c0008_015.jpg,596,7,-1,True,175,8550,1.0,1.0,1,175,1,1,1,1
1649,0596_c0008_020.jpg,596,7,-1,True,175,8550,1.0,1.0,1,175,1,1,1,1
1650,0598_c0001_000.jpg,598,0,-1,True,100,8550,0.9303298335177577,0.5882352941176471,1,170,1,1,1,1
1651,0598_c0001_005.jpg,598,0,-1,True,100,8550,0.992575866350821,0.8333333333333334,1,120,1,1,1,1
1652,0598_c0001_010.jpg,598,0,-1,True,100,8550,1.0,1.0,1,100,1,1,1,1
1653,0598_c0001_015.jpg,598,0,-1,True,100,8550,1.0,1.0,1,100,1,1,1,1
1654,0598_c0001_020.jpg,598,0,-1,True,100,8550,0.9981217563087434,0.9803921568627451,1,102,1,1,1,1
1655,0598_c0002_000.jpg,598,1,-1,True,100,8550,1.0,1.0,1,100,1,1,1,1
1656,0598_c0002_005.jpg,598,1,-1,True,100,8550,1.0,1.0,1,100,1,1,1,1
1657,0598_c0002_010.jpg,598,1,-1,True,100,8550,1.0,1.0,1,100,1,1,1,1
1658,0598_c0002_015.jpg,598,1,-1,True,100,8550,1.0,1.0,1,100,1,1,1,1
1659,0598_c0002_020.jpg,598,1,-1,True,100,8550,1.0,1.0,1,100,1,1,1,1
1660,0598_c0003_000.jpg,598,2,-1,True,100,8550,0.983052090462643,0.5555555555555556,1,180,1,1,1,1
1661,0598_c0003_005.jpg,598,2,-1,True,100,8550,0.9684468183955441,0.4975124378109453,1,201,1,1,1,1
1662,0598_c0003_010.jpg,598,2,-1,True,100,8550,0.9653488143870612,0.4830917874396135,1,207,1,1,1,1
1663,0598_c0003_015.jpg,598,2,-1,True,100,8550,0.9700090919934224,0.5434782608695652,1,184,1,1,1,1
1664,0598_c0003_020.jpg,598,2,-1,True,100,8550,0.9675415909654305,0.5208333333333334,1,192,1,1,1,1
1665,0598_c0007_000.jpg,598,6,-1,True,100,8550,0.7727321726117985,0.29673590504451036,1,337,1,1,1,1
1666,0598_c0007_005.jpg,598,6,-1,True,100,8550,0.7998968535929936,0.3436426116838488,1,291,1,1,1,1
1667,0598_c0007_010.jpg,598,6,-1,True,100,8550,0.799353588727741,0.3460207612456747,1,289,1,1,1,1
1668,0598_c0007_015.jpg,598,6,-1,True,100,8550,0.7943241283542228,0.303951367781155,1,329,1,1,1,1
1669,0598_c0007_020.jpg,598,6,-1,True,100,8550,0.7913291011723826,0.3257328990228013,1,307,1,1,1,1
1670,0598_c0008_000.jpg,598,7,-1,True,100,8550,0.7775255497390703,0.32362459546925565,1,309,1,1,1,1
1671,0598_c0008_005.jpg,598,7,-1,True,100,8550,0.8211668208134664,0.47393364928909953,1,211,1,1,1,1
1672,0598_c0008_010.jpg,598,7,-1,True,100,8550,0.8372252786447727,0.5128205128205128,1,195,1,1,1,1
1673,0598_c0008_015.jpg,598,7,-1,True,100,8550,0.8321636580340679,0.5050505050505051,1,198,1,1,1,1
1674,0598_c0008_020.jpg,598,7,-1,True,100,8550,0.8652764257599459,0.5494505494505495,1,182,1,1,1,1
1675,0600_c0001_000.jpg,600,0,-1,True,175,8550,0.9497146058824072,0.5177514792899408,1,338,1,1,1,1
1676,0600_c0001_005.jpg,600,0,-1,True,175,8550,0.9643862466703643,0.6097560975609756,1,287,1,1,1,1
1677,0600_c0001_010.jpg,600,0,-1,True,175,8550,0.9522462932618,0.4227053140096618,1,414,1,1,1,1
1678,0600_c0001_015.jpg,600,0,-1,True,175,8550,0.9614350960946568,0.631768953068592,1,277,1,1,1,1
1679,0600_c0001_020.jpg,600,0,-1,True,175,8550,0.9681575203500697,0.708502024291498,1,247,1,1,1,1
1680,0600_c0002_000.jpg,600,1,-1,True,175,8550,0.8429627868685058,0.1507321274763135,1,1161,1,1,1,1
1681,0600_c0002_005.jpg,600,1,-1,True,175,8550,0.6925563468096004,0.11013215859030837,1,1589,1,1,1,1
1682,0600_c0002_010.jpg,600,1,-1,True,175,8550,0.5271455931625293,0.09234828496042216,9,1895,0,0,1,1
1683,0600_c0002_015.jpg,600,1,-1,True,175,8550,0.5707527440287583,0.12491077801570306,5,1401,0,1,1,1
1684,0600_c0002_020.jpg,600,1,-1,True,175,8550,0.4595090564258559,0.09803921568627451,17,1785,0,0,0,1
1685,0600_c0003_000.jpg,600,2,-1,True,175,8550,0.9997409682378042,0.9831460674157303,1,178,1,1,1,1
1686,0600_c0003_005.jpg,600,2,-1,True,175,8550,0.9998381980300838,0.9831460674157303,1,178,1,1,1,1
1687,0600_c0003_010.jpg,600,2,-1,True,175,8550,1.0,1.0,1,175,1,1,1,1
1688,0600_c0003_015.jpg,600,2,-1,True,175,8550,1.0,1.0,1,175,1,1,1,1
1689,0600_c0003_020.jpg,600,2,-1,True,175,8550,1.0,1.0,1,175,1,1,1,1
1690,0600_c0004_000.jpg,600,3,-1,True,175,8550,0.9112750783981566,0.19294377067254687,1,907,1,1,1,1
1691,0600_c0004_005.jpg,600,3,-1,True,175,8550,0.9220464701024614,0.23809523809523808,1,735,1,1,1,1
1692,0600_c0004_010.jpg,600,3,-1,True,175,8550,0.8923085330840528,0.14559068219633944,1,1202,1,1,1,1
1693,0600_c0004_015.jpg,600,3,-1,True,175,8550,0.8925322176528901,0.1475548060708263,1,1186,1,1,1,1
1694,0600_c0004_020.jpg,600,3,-1,True,175,8550,0.8753330551346906,0.09328358208955224,1,1876,1,1,1,1
1695,0600_c0005_000.jpg,600,4,-1,True,175,8550,0.9515431882802204,0.43424317617866004,1,403,1,1,1,1
1696,0600_c0005_005.jpg,600,4,-1,True,175,8550,0.9752564542851592,0.5434782608695652,1,322,1,1,1,1
1697,0600_c0005_010.jpg,600,4,-1,True,175,8550,0.9844142007981177,0.6628787878787878,1,264,1,1,1,1
1698,0600_c0005_015.jpg,600,4,-1,True,175,8550,0.9670560532689004,0.5756578947368421,1,304,1,1,1,1
1699,0600_c0005_020.jpg,600,4,-1,True,175,8550,0.9839832647248009,0.6653992395437263,1,263,1,1,1,1
1700,0600_c0006_000.jpg,600,5,-1,True,175,8550,1.0,1.0,1,175,1,1,1,1
1701,0600_c0006_005.jpg,600,5,-1,True,175,8550,1.0,1.0,1,175,1,1,1,1
1702,0600_c0006_010.jpg,600,5,-1,True,175,8550,1.0,1.0,1,175,1,1,1,1
1703,0600_c0006_015.jpg,600,5,-1,True,175,8550,0.9999675324675324,0.9943181818181818,1,176,1,1,1,1
1704,0600_c0006_020.jpg,600,5,-1,True,175,8550,1.0,1.0,1,175,1,1,1,1
1705,0600_c0007_000.jpg,600,6,-1,True,175,8550,1.0,1.0,1,175,1,1,1,1
1706,0600_c0007_005.jpg,600,6,-1,True,175,8550,0.99972049689441,0.9510869565217391,1,184,1,1,1,1
1707,0600_c0007_010.jpg,600,6,-1,True,175,8550,1.0,1.0,1,175,1,1,1,1
1708,0600_c0007_015.jpg,600,6,-1,True,175,8550,0.9999675324675324,0.9943181818181818,1,176,1,1,1,1
1709,0600_c0007_020.jpg,600,6,-1,True,175,8550,0.9989360256040561,0.9259259259259259,1,189,1,1,1,1
1710,0600_c0008_000.jpg,600,7,-1,True,175,8550,0.9995614266683817,0.9459459459459459,1,185,1,1,1,1
1711,0600_c0008_005.jpg,600,7,-1,True,175,8550,1.0,1.0,1,175,1,1,1,1
1712,0600_c0008_010.jpg,600,7,-1,True,175,8550,1.0,1.0,1,175,1,1,1,1
1713,0600_c0008_015.jpg,600,7,-1,True,175,8550,1.0,1.0,1,175,1,1,1,1
1714,0600_c0008_020.jpg,600,7,-1,True,175,8550,1.0,1.0,1,175,1,1,1,1
