query_index,gallery_positive_index,gallery_negative_index,R00,R10,R01,R11,delta_M_given_F,delta_F_given_M,empirical_interaction,prediction_M,prediction_F,prediction_I
0,3,107,0.0007368498481810093,-0.0009529248345643282,0.003932353109121323,0.00314700067974627,-0.0007853524293750525,0.004099925514310598,0.000904422253370285,0.001164479530416429,0.0006425869069062173,0.0004886668757535517
1,2,467,-0.004944500979036093,-0.004142611287534237,-0.0019537133630365133,-0.003584977239370346,-0.0016312638763338327,0.0005576340481638908,-0.0024331535678356886,0.0011644794140011072,0.000642587139736861,0.0004886636161245406
2,1,245,0.006088021211326122,0.005271701142191887,0.0064811864867806435,0.006734853610396385,0.00025366712361574173,0.0014631524682044983,0.0010699871927499771,0.0011644794140011072,0.0006425870815292001,0.0004886645474471152
3,0,372,-0.007822005078196526,-0.0071826232597231865,-0.0057856193743646145,-0.006522276438772678,-0.0007366570644080639,0.0006603468209505081,-0.001376038882881403,0.0011644794140011072,0.000642587139736861,0.0004886632668785751
4,11,648,-0.002184784971177578,-0.0015060529112815857,0.0007994063198566437,0.002163228578865528,0.0013638222590088844,0.003669281490147114,0.0006850901991128922,0.0011644790647551417,0.0006425875471904874,0.000488657969981432
5,13,648,-0.06088045984506607,-0.06103832274675369,-0.05957687273621559,-0.06035511940717697,-0.00077824667096138,0.0006832033395767212,-0.0006203837692737579,0.0011644791811704636,0.0006425874307751656,0.0004886598326265812
6,13,931,-0.1117953211069107,-0.1126331239938736,-0.11471905559301376,-0.11648309230804443,-0.0017640367150306702,-0.0038499683141708374,-0.0009262338280677795,0.0011644791811704636,0.0006425874889828265,0.0004886591923423111
7,13,648,-0.14435584843158722,-0.14447054266929626,-0.14625567197799683,-0.14797602593898773,-0.0017203539609909058,-0.0035054832696914673,-0.0016056597232818604,0.0011644792975857854,0.0006425873725675046,0.0004886607639491558
8,13,648,-0.23277407884597778,-0.23325148224830627,-0.23428001999855042,-0.23596349358558655,-0.0016834735870361328,-0.0027120113372802734,-0.0012060701847076416,0.0011644792975857854,0.0006425873143598437,0.0004886609385721385
9,13,658,-0.24152050912380219,-0.2440311163663864,-0.24714398384094238,-0.2543667256832123,-0.0072227418422698975,-0.010335609316825867,-0.004712134599685669,0.0011644790647551417,0.0006425877218134701,0.0004886567476205528
10,13,658,-0.3134256601333618,-0.31645411252975464,-0.31797802448272705,-0.32403260469436646,-0.006054580211639404,-0.007578492164611816,-0.003026127815246582,0.0011644790647551417,0.000642587780021131,0.0004886563983745873
11,6,571,-0.10730444639921188,-0.10720586776733398,-0.10961787402629852,-0.10940968990325928,0.0002081841230392456,-0.002203822135925293,0.00010960549116134644,0.0011644791811704636,0.0006425875471904874,0.0004886585520580411
12,10,648,-0.15252169966697693,-0.1506165862083435,-0.1520802229642868,-0.14960604906082153,0.002474173903465271,0.0010105371475219727,0.0005690604448318481,0.0011644794140011072,0.000642587139736861,0.0004886641399934888
13,10,427,-0.23818716406822205,-0.23822864890098572,-0.24055278301239014,-0.2403089702129364,0.00024381279945373535,-0.0020803213119506836,0.0002852976322174072,0.0011644794140011072,0.000642587139736861,0.0004886635579168797
14,8,498,-0.049197643995285034,-0.04664551839232445,-0.0482281856238842,-0.04442650452256203,0.003801681101322174,0.0022190138697624207,0.0012495554983615875,0.0011644790647551417,0.0006425876053981483,0.0004886574461124837
15,10,648,-0.1383056342601776,-0.13575966656208038,-0.1378130316734314,-0.13412466645240784,0.0036883652210235596,0.0016350001096725464,0.0011423975229263306,0.0011644792975857854,0.0006425873143598437,0.0004886609385721385
16,23,48,-0.18920667469501495,-0.1890551745891571,-0.19184167683124542,-0.19205185770988464,-0.0002101808786392212,-0.002996683120727539,-0.0003616809844970703,0.0011644792975857854,0.0006425873725675046,0.0004886612296104431
17,26,48,-0.17170464992523193,-0.17177948355674744,-0.1772633045911789,-0.1771891713142395,7.413327693939209e-05,-0.005409687757492065,0.00014896690845489502,0.001164479530416429,0.0006425869069062173,0.000488666002638638
18,26,50,-0.2950434982776642,-0.2934032678604126,-0.2954710125923157,-0.293211966753006,0.0022590458393096924,0.0001913011074066162,0.0006188154220581055,0.0011644791811704636,0.0006425874307751656,0.0004886602400802076
19,16,50,-0.2175721377134323,-0.2178829163312912,-0.21965880692005157,-0.21999803185462952,-0.0003392249345779419,-0.002115115523338318,-2.8446316719055176e-05,0.001164479530416429,0.0006425870233215392,0.0004886657116003335
20,16,52,-0.23555999994277954,-0.23462149500846863,-0.2374381721019745,-0.23658286035060883,0.0008553117513656616,-0.0019613653421401978,-8.319318294525146e-05,0.001164479530416429,0.0006425869069062173,0.0004886669339612126
21,26,51,-0.2501315772533417,-0.24838751554489136,-0.2496926337480545,-0.246760293841362,0.002932339906692505,0.001627221703529358,0.0011882781982421875,0.001164479530416429,0.0006425869651138783,0.0004886657698079944
22,16,50,-0.19450749456882477,-0.19519534707069397,-0.19657638669013977,-0.19773897528648376,-0.0011625885963439941,-0.002543628215789795,-0.0004747360944747925,0.001164479530416429,0.0006425869069062173,0.0004886670503765345
23,16,738,-0.25491848587989807,-0.25677332282066345,-0.2575204074382782,-0.2596726417541504,-0.0021522343158721924,-0.0028993189334869385,-0.0002973973751068115,0.001164479530416429,0.0006425869651138783,0.0004886661772616208
24,16,163,-0.20970366895198822,-0.20998962223529816,-0.21155160665512085,-0.21327953040599823,-0.0017279237508773804,-0.0032899081707000732,-0.0014419704675674438,0.001164479530416429,0.0006425868486985564,0.0004886675160378218
25,16,163,-0.2195773869752884,-0.2201954573392868,-0.22215712070465088,-0.22382386028766632,-0.001666739583015442,-0.0036284029483795166,-0.0010486692190170288,0.001164479530416429,0.0006425870233215392,0.0004886657116003335
26,16,537,-0.1689126044511795,-0.1689024120569229,-0.17135925590991974,-0.17149826884269714,-0.00013901293277740479,-0.002595856785774231,-0.00014920532703399658,0.0011644796468317509,0.0006425867904908955,0.0004886685637757182
27,16,131,-0.13055720925331116,-0.1324777752161026,-0.1323705017566681,-0.13431905210018158,-0.0019485503435134888,-0.0018412768840789795,-2.79843807220459e-05,0.0011644794140011072,0.0006425870815292001,0.0004886646056547761
28,16,612,-0.19406306743621826,-0.19424183666706085,-0.19345533847808838,-0.19454532861709595,-0.0010899901390075684,-0.0003034919500350952,-0.000911220908164978,0.001164479530416429,0.0006425868486985564,0.0004886678652837873
29,16,736,-0.21827444434165955,-0.21924665570259094,-0.21819433569908142,-0.22038480639457703,-0.0021904706954956055,-0.001138150691986084,-0.001218259334564209,0.001164479530416429,0.0006425869069062173,0.0004886671085841954
30,16,736,-0.2287774384021759,-0.228605717420578,-0.22981376945972443,-0.23116271197795868,-0.001348942518234253,-0.0025569945573806763,-0.0015206634998321533,0.001164479530416429,0.0006425869069062173,0.0004886674578301609
31,16,163,-0.20602849125862122,-0.20642518997192383,-0.20872946083545685,-0.2101411372423172,-0.0014116764068603516,-0.0037159472703933716,-0.0010149776935577393,0.0011644796468317509,0.0006425867904908955,0.0004886685055680573
32,41,993,-0.3645244836807251,-0.36304017901420593,-0.3659254014492035,-0.36542633175849915,0.0004990696907043457,-0.002386152744293213,-0.0009852349758148193,0.001164479530416429,0.0006425869651138783,0.000488666002638638
33,41,207,-0.2620335519313812,-0.2612150013446808,-0.2660120725631714,-0.2658718228340149,0.00014024972915649414,-0.0046568214893341064,-0.0006783008575439453,0.0011644794140011072,0.0006425869651138783,0.0004886647220700979
34,41,992,-0.3469274640083313,-0.34661194682121277,-0.3463735282421112,-0.34772640466690063,-0.0013528764247894287,-0.0011144578456878662,-0.001668393611907959,0.0011644794140011072,0.0006425870815292001,0.0004886631504632533
35,41,191,-0.4420725405216217,-0.4429115653038025,-0.4476217031478882,-0.4499549865722656,-0.0023332834243774414,-0.007043421268463135,-0.0014942586421966553,0.0011644794140011072,0.0006425870815292001,0.0004886634415015578
36,41,733,-0.29355064034461975,-0.29221028089523315,-0.29775485396385193,-0.29807910323143005,-0.000324249267578125,-0.005868822336196899,-0.0016646087169647217,0.0011644794140011072,0.0006425869651138783,0.0004886648966930807
37,41,733,-0.3507887125015259,-0.3503013253211975,-0.35305553674697876,-0.3540205955505371,-0.0009650588035583496,-0.0037192702293395996,-0.0014524459838867188,0.0011644794140011072,0.0006425870815292001,0.0004886631504632533
38,41,760,-0.39610588550567627,-0.3951794505119324,-0.39612314105033875,-0.3966222107410431,-0.0004990696907043457,-0.0014427602291107178,-0.0014255046844482422,0.0011644794140011072,0.0006425870815292001,0.000488663325086236
39,35,731,-0.2681969702243805,-0.2693442702293396,-0.26791396737098694,-0.26908087730407715,-0.00116690993309021,0.00026339292526245117,-1.9609928131103516e-05,0.0011644796468317509,0.0006425867904908955,0.000488668738398701
40,35,731,-0.22117963433265686,-0.22248747944831848,-0.22126172482967377,-0.22289039194583893,-0.0016286671161651611,-0.0004029124975204468,-0.00032082200050354004,0.001164479530416429,0.0006425869069062173,0.0004886662936769426
41,35,625,-0.3293355703353882,-0.3299715220928192,-0.32964882254600525,-0.3306196928024292,-0.0009708702564239502,-0.0006481707096099854,-0.0003349184989929199,0.0011644791811704636,0.0006425874889828265,0.0004886594251729548
42,32,624,-0.28010937571525574,-0.28004634380340576,-0.2784650921821594,-0.2783800959587097,8.499622344970703e-05,0.001666247844696045,2.1964311599731445e-05,0.001164479530416429,0.0006425868486985564,0.0004886669339612126
43,32,625,-0.1884867250919342,-0.19048334658145905,-0.18606482446193695,-0.18798770010471344,-0.0019228756427764893,0.0024956464767456055,7.374584674835205e-05,0.0011644794140011072,0.0006425870233215392,0.000488664663862437
44,32,627,-0.33300453424453735,-0.33442968130111694,-0.33336225152015686,-0.3350328207015991,-0.0016705691814422607,-0.0006031394004821777,-0.0002454221248626709,0.0011644794140011072,0.0006425870815292001,0.0004886628012172878
45,35,624,-0.18561230599880219,-0.18726366758346558,-0.18464243412017822,-0.18681783974170685,-0.0021754056215286255,0.00044582784175872803,-0.0005240440368652344,0.0011644792975857854,0.0006425871979445219,0.0004886622773483396
46,35,731,-0.1946198046207428,-0.19563233852386475,-0.1925216168165207,-0.19374224543571472,-0.0012206286191940308,0.0018900930881500244,-0.00020809471607208252,0.0011644794140011072,0.0006425870815292001,0.0004886644892394543
47,50,20,-0.03399651497602463,-0.033697329461574554,-0.03344361111521721,-0.03337869420647621,6.491690874099731e-05,0.0003186352550983429,-0.00023426860570907593,0.0011644796468317509,0.0006425867904908955,0.0004886682727374136
48,51,22,-0.05944540351629257,-0.06032854691147804,-0.06064952537417412,-0.06091532111167908,-0.0002657957375049591,-0.0005867742002010345,0.0006173476576805115,0.001164479530416429,0.0006425869651138783,0.000488665362354368
49,51,20,0.02364332042634487,0.02355719916522503,0.023159293457865715,0.022734850645065308,-0.0004244428128004074,-0.0008223485201597214,-0.0003383215516805649,0.001164479530416429,0.0006425868486985564,0.0004886668175458908
50,48,18,-0.12480510026216507,-0.12489181756973267,-0.12424417585134506,-0.12340478599071503,0.0008393898606300354,0.0014870315790176392,0.0009260997176170349,0.001164479530416429,0.0006425870233215392,0.0004886657698079944
51,48,20,-0.1725885570049286,-0.17216776311397552,-0.17292074859142303,-0.1724759340286255,0.0004448145627975464,-0.0003081709146499634,2.4020671844482422e-05,0.001164479530416429,0.0006425869069062173,0.0004886672249995172
52,48,20,-0.18419799208641052,-0.18393026292324066,-0.18394015729427338,-0.18343372642993927,0.0005064308643341064,0.0004965364933013916,0.0002387017011642456,0.001164479530416429,0.0006425869069062173,0.0004886673996224999
53,55,750,-0.16178609430789948,-0.16572728753089905,-0.16094662249088287,-0.16598454117774963,-0.00503791868686676,-0.00025725364685058594,-0.0010967254638671875,0.0011644792975857854,0.0006425871979445219,0.0004886625101789832
54,56,992,-0.05901924520730972,-0.0587158277630806,-0.062428928911685944,-0.06274755299091339,-0.0003186240792274475,-0.004031725227832794,-0.0006220415234565735,0.0011644794140011072,0.0006425870815292001,0.000488664663862437
55,53,193,-0.1679099202156067,-0.17075854539871216,-0.17323848605155945,-0.17843955755233765,-0.005201071500778198,-0.007681012153625488,-0.0023524463176727295,0.001164479530416429,0.0006425869069062173,0.0004886664100922644
56,53,185,-0.16477394104003906,-0.16786989569664001,-0.1705729365348816,-0.17614087462425232,-0.0055679380893707275,-0.008270978927612305,-0.0024719834327697754,0.0011644796468317509,0.0006425867904908955,0.0004886679816991091
57,61,442,-0.15269796550273895,-0.1537664383649826,-0.1545979231595993,-0.15458285808563232,1.506507396697998e-05,-0.0008164197206497192,0.0010835379362106323,0.0011644791811704636,0.0006425875471904874,0.0004886581446044147
58,61,442,-0.12487782537937164,-0.12492194771766663,-0.12787330150604248,-0.1280735582113266,-0.00020025670528411865,-0.003151610493659973,-0.00015613436698913574,0.0011644791811704636,0.0006425874889828265,0.0004886586684733629
59,61,213,-0.1822565346956253,-0.1816093921661377,-0.18462899327278137,-0.18394187092781067,0.0006871223449707031,-0.0023324787616729736,3.997981548309326e-05,0.0011644792975857854,0.0006425873143598437,0.0004886610549874604
60,58,448,-0.17191240191459656,-0.17215928435325623,-0.17050579190254211,-0.17121084034442902,-0.0007050484418869019,0.0009484440088272095,-0.0004581660032272339,0.0011644791811704636,0.0006425874889828265,0.0004886589595116675
61,59,639,-0.16438966989517212,-0.16386626660823822,-0.16656267642974854,-0.16742826998233795,-0.0008655935525894165,-0.0035620033740997314,-0.0013889968395233154,0.0011644791811704636,0.0006425874889828265,0.0004886583774350584
62,57,754,-0.09612597525119781,-0.0963827595114708,-0.09457223117351532,-0.09497985243797302,-0.00040762126445770264,0.0014029070734977722,-0.0001508370041847229,0.0011644792975857854,0.0006425873143598437,0.0004886607639491558
63,57,754,-0.11149613559246063,-0.11173361539840698,-0.11076124012470245,-0.11126890778541565,-0.0005076676607131958,0.000464707612991333,-0.0002701878547668457,0.0011644791811704636,0.0006425874307751656,0.0004886593669652939
64,57,754,-0.17419162392616272,-0.17397071421146393,-0.17246335744857788,-0.17223548889160156,0.00022786855697631836,0.0017352253198623657,6.9588422775268555e-06,0.0011644792975857854,0.0006425873725675046,0.0004886602982878685
65,71,412,-0.03660518676042557,-0.03670726716518402,-0.03480598330497742,-0.035785429179668427,-0.0009794458746910095,0.0009218379855155945,-0.0008773654699325562,0.0011644794140011072,0.0006425870815292001,0.0004886634415015578
66,68,313,-0.07097165286540985,-0.07323289662599564,-0.06734680384397507,-0.06842745095491409,-0.0010806471109390259,0.004805445671081543,0.001180596649646759,0.0011644792975857854,0.0006425873143598437,0.0004886617534793913
67,68,192,-0.08298438787460327,-0.08443047106266022,-0.08296756446361542,-0.0837772786617279,-0.0008097141981124878,0.000653192400932312,0.000636368989944458,0.0011644792975857854,0.0006425873725675046,0.0004886608221568167
68,66,197,-0.13863667845726013,-0.14044922590255737,-0.14000944793224335,-0.14262372255325317,-0.0026142746210098267,-0.0021744966506958008,-0.0008017271757125854,0.0011644794140011072,0.000642587139736861,0.0004886630340479314
69,65,187,-0.10185880959033966,-0.101932592689991,-0.1079159677028656,-0.1082611232995987,-0.00034515559673309326,-0.0063285306096076965,-0.0002713724970817566,0.0011644791811704636,0.0006425874889828265,0.000488659949041903
70,66,641,-0.016864551231265068,-0.018043583258986473,-0.01613548770546913,-0.018939677625894547,-0.002804189920425415,-0.0008960943669080734,-0.00162515789270401,0.0011644792975857854,0.0006425874307751656,0.0004886605893261731
71,65,187,-0.049427956342697144,-0.04856724292039871,-0.055362358689308167,-0.05412568151950836,0.0012366771697998047,-0.00555843859910965,0.0003759637475013733,0.0011644791811704636,0.0006425874889828265,0.0004886590177193284
72,65,421,-0.02248704805970192,-0.021987352520227432,-0.02442568726837635,-0.023984938859939575,0.0004407484084367752,-0.001997586339712143,-5.89471310377121e-05,0.0011644790647551417,0.0006425876053981483,0.0004886577371507883
73,91,608,-0.13520653545856476,-0.13663934171199799,-0.13692909479141235,-0.13874594867229462,-0.0018168538808822632,-0.002106606960296631,-0.00038404762744903564,0.0011644792975857854,0.0006425873143598437,0.0004886611714027822
74,91,393,-0.10546323657035828,-0.10712936520576477,-0.1064940094947815,-0.11003342270851135,-0.0035394132137298584,-0.002904057502746582,-0.0018732845783233643,0.0011644791811704636,0.0006425875471904874,0.0004886581446044147
75,102,608,-0.1155744343996048,-0.11741984635591507,-0.11559665203094482,-0.11833804100751877,-0.002741388976573944,-0.0009181946516036987,-0.0008959770202636719,0.0011644791811704636,0.0006425874889828265,0.000488658610265702
76,91,399,-0.09936706721782684,-0.10029599070549011,-0.0994969978928566,-0.1010952815413475,-0.0015982836484909058,-0.0007992908358573914,-0.0006693601608276367,0.0011644792975857854,0.0006425872561521828,0.0004886612296104431
77,77,389,-0.17567746341228485,-0.17462503910064697,-0.17795339226722717,-0.1758817732334137,0.0020716190338134766,-0.0012567341327667236,0.0010191947221755981,0.0011644792975857854,0.0006425872561521828,0.0004886618116870522
78,91,400,-0.2066597193479538,-0.20645827054977417,-0.20646151900291443,-0.20634427666664124,0.00011724233627319336,0.00011399388313293457,-8.42064619064331e-05,0.0011644791811704636,0.0006425874307751656,0.0004886600654572248
79,77,401,-0.2810349464416504,-0.28170838952064514,-0.28204625844955444,-0.2816714644432068,0.00037479400634765625,3.692507743835449e-05,0.0010482370853424072,0.0011644794140011072,0.0006425870233215392,0.0004886650131084025
80,102,401,-0.16821324825286865,-0.16819265484809875,-0.16659128665924072,-0.16689185798168182,-0.0003005713224411011,0.0013007968664169312,-0.00032116472721099854,0.0011644794140011072,0.0006425870815292001,0.0004886636743322015
81,91,388,-0.2090519368648529,-0.20892804861068726,-0.20960649847984314,-0.21126329898834229,-0.0016568005084991455,-0.0023352503776550293,-0.001780688762664795,0.0011644791811704636,0.0006425874307751656,0.0004886597162112594
82,91,390,-0.14911937713623047,-0.14972177147865295,-0.15015831589698792,-0.15156465768814087,-0.001406341791152954,-0.001842886209487915,-0.0008039474487304688,0.0011644792975857854,0.0006425871979445219,0.0004886625683866441
83,91,396,-0.17746618390083313,-0.17899993062019348,-0.17831777036190033,-0.1826583594083786,-0.0043405890464782715,-0.0036584287881851196,-0.00280684232711792,0.0011644791811704636,0.0006425873725675046,0.0004886602400802076
84,91,390,-0.17142149806022644,-0.17179091274738312,-0.17073938250541687,-0.17164720594882965,-0.0009078234434127808,0.0001437067985534668,-0.0005384087562561035,0.0011644792975857854,0.0006425872561521828,0.0004886618698947132
85,91,388,-0.1919073462486267,-0.1919267475605011,-0.18963947892189026,-0.19084717333316803,-0.001207694411277771,0.0010795742273330688,-0.0011882930994033813,0.0011644791811704636,0.0006425873725675046,0.0004886603564955294
86,77,388,-0.18220001459121704,-0.18312719464302063,-0.18357032537460327,-0.18401861190795898,-0.0004482865333557129,-0.0008914172649383545,0.000478893518447876,0.0011644792975857854,0.0006425872561521828,0.0004886615788564086
87,77,400,-0.16962432861328125,-0.17009980976581573,-0.17077818512916565,-0.17104151844978333,-0.0002633333206176758,-0.0009417086839675903,0.00021214783191680908,0.0011644792975857854,0.0006425873143598437,0.0004886605311185122
88,77,401,-0.11495264619588852,-0.114188551902771,-0.11779483407735825,-0.1154819205403328,0.0023129135370254517,-0.001293368637561798,0.0015488192439079285,0.0011644792975857854,0.0006425872561521828,0.0004886612296104431
89,85,606,-0.07534342259168625,-0.07608561962842941,-0.07814854383468628,-0.07850242406129837,-0.00035388022661209106,-0.0024168044328689575,0.000388316810131073,0.0011644791811704636,0.0006425874889828265,0.000488658610265702
90,77,389,-0.08942452818155289,-0.08773339539766312,-0.09376292675733566,-0.09109197556972504,0.0026709511876106262,-0.00335858017206192,0.0009798184037208557,0.0011644791811704636,0.0006425873725675046,0.000488659949041903
91,77,608,-0.1263381391763687,-0.12638387084007263,-0.12713956832885742,-0.12647894024848938,0.000660628080368042,-9.506940841674805e-05,0.0007063597440719604,0.0011644792975857854,0.0006425873143598437,0.0004886612296104431
92,77,401,-0.044430024921894073,-0.042347464710474014,-0.04794500023126602,-0.04323715716600418,0.004707843065261841,-0.0008896924555301666,0.0026252828538417816,0.0011644792975857854,0.0006425871979445219,0.0004886625683866441
93,102,604,-0.14374664425849915,-0.14593231678009033,-0.14429710805416107,-0.14744329452514648,-0.0031461864709854126,-0.0015109777450561523,-0.0009605139493942261,0.0011644791811704636,0.0006425873725675046,0.0004886602400802076
94,102,607,-0.06829176843166351,-0.06953214108943939,-0.06785009056329727,-0.06943168491125107,-0.0015815943479537964,0.00010045617818832397,-0.0003412216901779175,0.0011644791811704636,0.0006425873725675046,0.0004886596580035985
95,91,390,-0.1255810558795929,-0.12625707685947418,-0.12733273208141327,-0.12900173664093018,-0.0016690045595169067,-0.0027446597814559937,-0.0009929835796356201,0.0011644792975857854,0.0006425873143598437,0.0004886607057414949
96,91,399,-0.1065036803483963,-0.10704369097948074,-0.1057763397693634,-0.10791787505149841,-0.0021415352821350098,-0.0008741840720176697,-0.0016015246510505676,0.0011644794140011072,0.0006425870815292001,0.0004886636743322015
97,77,388,-0.2174311876296997,-0.21936844289302826,-0.22094804048538208,-0.22232283651828766,-0.0013747960329055786,-0.0029543936252593994,0.0005624592304229736,0.0011644794140011072,0.0006425870815292001,0.0004886640817858279
98,77,389,-0.1494678258895874,-0.1503630131483078,-0.1531531661748886,-0.15320515632629395,-5.199015140533447e-05,-0.002842143177986145,0.0008431971073150635,0.0011644794140011072,0.000642587139736861,0.0004886632668785751
99,76,609,-0.13025571405887604,-0.13087576627731323,-0.13337643444538116,-0.1328527182340622,0.0005237162113189697,-0.0019769519567489624,0.0011437684297561646,0.0011644792975857854,0.0006425872561521828,0.0004886608803644776
100,77,389,-0.23544153571128845,-0.2362365871667862,-0.23845326900482178,-0.23907631635665894,-0.0006230473518371582,-0.0028397291898727417,0.0001720041036605835,0.0011644792975857854,0.0006425871979445219,0.0004886628012172878
101,77,390,-0.09292572736740112,-0.09287755936384201,-0.09621478617191315,-0.09454867243766785,0.0016661137342453003,-0.0016711130738258362,0.0016179457306861877,0.0011644794140011072,0.0006425870815292001,0.0004886634997092187
102,91,389,-0.12423644214868546,-0.12461594492197037,-0.12603545188903809,-0.12697191536426544,-0.000936463475227356,-0.0023559704422950745,-0.0005569607019424438,0.0011644792975857854,0.0006425872561521828,0.0004886616370640695
103,77,392,-0.07395447790622711,-0.0736040323972702,-0.07742131501436234,-0.07436291873455048,0.003058396279811859,-0.0007588863372802734,0.00270795077085495,0.0011644792975857854,0.0006425871979445219,0.0004886628594249487
104,114,222,-0.2788536548614502,-0.2798330783843994,-0.2839881479740143,-0.2855548858642578,-0.0015667378902435303,-0.0057218074798583984,-0.0005873143672943115,0.0011644792975857854,0.0006425873143598437,0.0004886623355560005
105,114,222,-0.2668902277946472,-0.2689496576786041,-0.271292120218277,-0.27412670850753784,-0.0028345882892608643,-0.005177050828933716,-0.0007751584053039551,0.0011644794140011072,0.0006425871979445219,0.000488663965370506
106,107,268,-0.20030325651168823,-0.20158647000789642,-0.20518332719802856,-0.20648998022079468,-0.0013066530227661133,-0.004903510212898254,-2.3439526557922363e-05,0.0011644791811704636,0.0006425875471904874,0.0004886596580035985
107,107,346,-0.2270960509777069,-0.2303166389465332,-0.2301947921514511,-0.23500651121139526,-0.004811719059944153,-0.0046898722648620605,-0.0015911310911178589,0.0011644792975857854,0.0006425873143598437,0.0004886618698947132
108,107,346,-0.2360226958990097,-0.23834432661533356,-0.23866724967956543,-0.24240869283676147,-0.003741443157196045,-0.0040643662214279175,-0.0014198124408721924,0.0011644792975857854,0.0006425874307751656,0.0004886611131951213
109,107,747,-0.10305315256118774,-0.10505350679159164,-0.11122927069664001,-0.11354116350412369,-0.002311892807483673,-0.008487656712532043,-0.00031153857707977295,0.0011644794140011072,0.0006425872561521828,0.0004886634997092187
110,109,222,-0.015502393245697021,-0.015991752967238426,-0.01994050294160843,-0.02069750428199768,-0.0007570013403892517,-0.0047057513147592545,-0.000267641618847847,0.0011644791811704636,0.0006425874307751656,0.0004886604729108512
111,106,350,-0.0646541565656662,-0.06626981496810913,-0.06593449413776398,-0.0687800869345665,-0.0028455927968025208,-0.002510271966457367,-0.0012299343943595886,0.0011644792975857854,0.0006425874307751656,0.0004886611131951213
112,107,349,-0.2750024199485779,-0.27782297134399414,-0.28035929799079895,-0.28529980778694153,-0.004940509796142578,-0.007476836442947388,-0.0021199584007263184,0.0011644792975857854,0.0006425873725675046,0.0004886608221568167
113,124,990,-0.04985136166214943,-0.04783328250050545,-0.05003061145544052,-0.04660705104470253,0.0034235604107379913,0.0012262314558029175,0.0014054812490940094,0.001164479530416429,0.0006425869651138783,0.0004886658280156553
114,135,27,-0.0758800357580185,-0.07639966905117035,-0.07830704748630524,-0.07857885956764221,-0.0002718120813369751,-0.002179190516471863,0.00024782121181488037,0.0011644791811704636,0.0006425874889828265,0.0004886592505499721
115,127,416,-0.07710502296686172,-0.07572249323129654,-0.07869196683168411,-0.0775032490491867,0.001188717782497406,-0.0017807558178901672,-0.00019381195306777954,0.0011644792975857854,0.0006425873143598437,0.000488661287818104
116,137,337,-0.060926757752895355,-0.060044459998607635,-0.059041865170001984,-0.059186577796936035,-0.00014471262693405151,0.0008578822016716003,-0.0010270103812217712,0.0011644794140011072,0.0006425870815292001,0.0004886649549007416
117,146,990,-0.10686862468719482,-0.10683749616146088,-0.10822097957134247,-0.10845804214477539,-0.00023706257343292236,-0.0016205459833145142,-0.0002681910991668701,0.001164479530416429,0.0006425870233215392,0.0004886651295237243
118,137,937,-0.19033437967300415,-0.18952719867229462,-0.1923995167016983,-0.19280394911766052,-0.00040443241596221924,-0.0032767504453659058,-0.001211613416671753,0.0011644794140011072,0.000642587139736861,0.0004886642564088106
119,126,987,-0.1542971134185791,-0.15238866209983826,-0.15751996636390686,-0.15624098479747772,0.0012789815664291382,-0.0038523226976394653,-0.0006294697523117065,0.0011644794140011072,0.0006425870815292001,0.0004886647220700979
120,127,987,-0.06395141780376434,-0.062129516154527664,-0.06761974841356277,-0.0659923404455185,0.001627407968044281,-0.0038628242909908295,-0.0001944899559020996,0.0011644794140011072,0.0006425870815292001,0.0004886644310317934
121,121,50,-0.1590379774570465,-0.15968868136405945,-0.15708942711353302,-0.15873906016349792,-0.0016496330499649048,0.0009496212005615234,-0.0009989291429519653,0.0011644794140011072,0.0006425870233215392,0.0004886653041467071
122,116,51,-0.10660672187805176,-0.10610111057758331,-0.10690473765134811,-0.10647636651992798,0.0004283711314201355,-0.00037525594234466553,-7.724016904830933e-05,0.001164479530416429,0.0006425869069062173,0.0004886674578301609
123,121,51,-0.13159465789794922,-0.13314472138881683,-0.13231423497200012,-0.1346263885498047,-0.0023121535778045654,-0.001481667160987854,-0.0007620900869369507,0.0011644796468317509,0.0006425868486985564,0.0004886679816991091
124,121,50,-0.2453392893075943,-0.24649184942245483,-0.24460744857788086,-0.24819111824035645,-0.003583669662475586,-0.0016992688179016113,-0.0024311095476150513,0.0011644794140011072,0.0006425870815292001,0.0004886645474471152
125,121,50,-0.14696699380874634,-0.1492108404636383,-0.14831368625164032,-0.15115177631378174,-0.0028380900621414185,-0.0019409358501434326,-0.0005942434072494507,0.0011644794140011072,0.000642587139736861,0.0004886642564088106
126,121,50,-0.10560538619756699,-0.10829148441553116,-0.1075253114104271,-0.11045162379741669,-0.0029263123869895935,-0.0021601393818855286,-0.00024021416902542114,0.0011644794140011072,0.000642587139736861,0.0004886641399934888
127,120,50,-0.14717133343219757,-0.14933371543884277,-0.14557239413261414,-0.14842334389686584,-0.002850949764251709,0.0009103715419769287,-0.0006885677576065063,0.001164479530416429,0.0006425870233215392,0.000488666002638638
128,120,22,-0.0380801260471344,-0.039579711854457855,-0.03747861832380295,-0.03764601796865463,-0.00016739964485168457,0.0019336938858032227,0.0013321861624717712,0.0011644794140011072,0.0006425871979445219,0.0004886628012172878
129,120,22,-0.14719974994659424,-0.1486656367778778,-0.1476140320301056,-0.14925172924995422,-0.0016376972198486328,-0.000586092472076416,-0.00017181038856506348,0.0011644794140011072,0.0006425871979445219,0.000488663325086236
130,121,22,-0.07701317220926285,-0.07921399176120758,-0.07849432528018951,-0.08066961914300919,-0.0021752938628196716,-0.0014556273818016052,2.5525689125061035e-05,0.0011644794140011072,0.0006425870815292001,0.0004886641982011497
131,121,22,-0.05382560193538666,-0.056016482412815094,-0.05566997826099396,-0.05803249776363373,-0.0023625195026397705,-0.002016015350818634,-0.00017163902521133423,0.001164479530416429,0.0006425870233215392,0.0004886655951850116
132,121,22,-0.11392807215452194,-0.11539193242788315,-0.11985848844051361,-0.11993743479251862,-7.894635200500488e-05,-0.0045455023646354675,0.0013849139213562012,0.0011644794140011072,0.0006425871979445219,0.0004886635579168797
133,116,161,-0.10681072622537613,-0.10690165311098099,-0.10501675307750702,-0.10602377355098724,-0.0010070204734802246,0.0008778795599937439,-0.0009160935878753662,0.0011644796468317509,0.0006425867322832346,0.000488669378682971
134,121,27,-0.10995972156524658,-0.11198239028453827,-0.11190670728683472,-0.1142500638961792,-0.0023433566093444824,-0.00226767361164093,-0.0003206878900527954,0.0011644794140011072,0.0006425870233215392,0.0004886653041467071
135,120,22,-0.16515344381332397,-0.166596919298172,-0.16690777242183685,-0.1687774658203125,-0.001869693398475647,-0.002180546522140503,-0.0004262179136276245,0.0011644792975857854,0.0006425872561521828,0.0004886623355560005
136,120,27,-0.12363296747207642,-0.12482373416423798,-0.12573854625225067,-0.1278194934129715,-0.002080947160720825,-0.0029957592487335205,-0.0008901804685592651,0.0011644792975857854,0.0006425873143598437,0.0004886618116870522
137,126,22,-0.07485171407461166,-0.07515326887369156,-0.07723657041788101,-0.07716089487075806,7.567554712295532e-05,-0.002007625997066498,0.00037723034620285034,0.0011644794140011072,0.0006425870815292001,0.0004886644310317934
138,126,22,-0.055895425379276276,-0.05623055621981621,-0.057587169110774994,-0.05776705592870712,-0.0001798868179321289,-0.001536499708890915,0.00015524402260780334,0.0011644794140011072,0.0006425870815292001,0.0004886642564088106
139,127,22,-0.08654733002185822,-0.08782929182052612,-0.09159599989652634,-0.09225807338953018,-0.0006620734930038452,-0.004428781569004059,0.0006198883056640625,0.0011644794140011072,0.000642587139736861,0.0004886633832938969
140,146,22,-0.0421137660741806,-0.04276756942272186,-0.04699791967868805,-0.04759511351585388,-0.0005971938371658325,-0.004827544093132019,5.6609511375427246e-05,0.0011644794140011072,0.000642587139736861,0.0004886639071628451
141,126,22,-0.1061106026172638,-0.10661470144987106,-0.10904134809970856,-0.10931558161973953,-0.00027423352003097534,-0.0027008801698684692,0.00022986531257629395,0.0011644794140011072,0.000642587139736861,0.0004886643146164715
142,127,22,-0.03797615319490433,-0.038623981177806854,-0.04125329107046127,-0.0414636954665184,-0.0002104043960571289,-0.002839714288711548,0.00043742358684539795,0.0011644794140011072,0.0006425871979445219,0.0004886636743322015
143,120,748,-0.06338278949260712,-0.06360512971878052,-0.06480209529399872,-0.065292589366436,-0.0004904940724372864,-0.001687459647655487,-0.0002681538462638855,0.0011644794140011072,0.000642587139736861,0.0004886636161245406
144,116,158,-0.12141813337802887,-0.12080757319927216,-0.12130563706159592,-0.12223736941814423,-0.0009317323565483093,-0.0014297962188720703,-0.0015422925353050232,0.001164479530416429,0.0006425870233215392,0.0004886654205620289
145,120,748,-0.05626145750284195,-0.05689762160181999,-0.05966993793845177,-0.060560595244169235,-0.0008906573057174683,-0.003662973642349243,-0.00025449320673942566,0.0011644794140011072,0.0006425870815292001,0.000488663965370506
146,120,172,-0.05244947224855423,-0.05224445462226868,-0.050426337867975235,-0.051407817751169205,-0.0009814798831939697,0.000836636871099472,-0.0011864975094795227,0.0011644794140011072,0.0006425870815292001,0.0004886644892394543
147,169,533,-0.19307462871074677,-0.19517607986927032,-0.1969781517982483,-0.2001536339521408,-0.003175482153892517,-0.004977554082870483,-0.0010740309953689575,0.001164479530416429,0.0006425868486985564,0.0004886676324531436
148,165,739,-0.256359338760376,-0.25564584136009216,-0.26191264390945435,-0.262129545211792,-0.00021690130233764648,-0.006483703851699829,-0.00093039870262146,0.0011644794140011072,0.0006425869651138783,0.0004886653041467071
149,165,611,-0.23852530121803284,-0.23969539999961853,-0.23991599678993225,-0.24140998721122742,-0.001493990421295166,-0.0017145872116088867,-0.00032389163970947266,0.001164479530416429,0.0006425868486985564,0.0004886678070761263
150,169,533,-0.22331154346466064,-0.22661104798316956,-0.22706423699855804,-0.23241034150123596,-0.0053461045026779175,-0.005799293518066406,-0.0020465999841690063,0.001164479530416429,0.0006425869651138783,0.0004886662354692817
151,167,326,-0.19420811533927917,-0.19631320238113403,-0.1968311071395874,-0.20062223076820374,-0.003791123628616333,-0.004309028387069702,-0.0016860365867614746,0.001164479530416429,0.0006425868486985564,0.0004886678652837873
152,169,611,-0.212708979845047,-0.21451115608215332,-0.21452347934246063,-0.2173791378736496,-0.002855658531188965,-0.002867981791496277,-0.0010534822940826416,0.001164479530416429,0.0006425869069062173,0.0004886668757535517
153,150,345,-0.23728901147842407,-0.2375459223985672,-0.23957353830337524,-0.23920099437236786,0.00037254393100738525,-0.0016550719738006592,0.0006294548511505127,0.001164479530416429,0.0006425869069062173,0.000488667341414839
154,150,345,-0.28377240896224976,-0.28429991006851196,-0.28261950612068176,-0.28207454085350037,0.0005449652671813965,0.0022253692150115967,0.0010724663734436035,0.0011644796468317509,0.0006425868486985564,0.0004886685055680573
155,165,612,-0.2587094306945801,-0.25811487436294556,-0.2586019039154053,-0.2579043507575989,0.0006975531578063965,0.0002105236053466797,0.000102996826171875,0.0011644796468317509,0.0006425867322832346,0.000488668738398701
156,150,611,-0.18187464773654938,-0.18264788389205933,-0.18505021929740906,-0.18542808294296265,-0.00037786364555358887,-0.0027801990509033203,0.00039537250995635986,0.001164479530416429,0.0006425869651138783,0.0004886664682999253
157,150,611,-0.2112535983324051,-0.21170806884765625,-0.21405082941055298,-0.21416118741035461,-0.00011035799980163574,-0.0024531185626983643,0.0003441125154495239,0.001164479530416429,0.0006425870233215392,0.0004886659444309771
158,150,611,-0.24589389562606812,-0.24653685092926025,-0.24784256517887115,-0.2481394112110138,-0.00029684603214263916,-0.00160256028175354,0.0003461092710494995,0.001164479530416429,0.0006425870233215392,0.0004886661772616208
159,152,22,-0.20436540246009827,-0.2077341377735138,-0.20581263303756714,-0.20692788064479828,-0.0011152476072311401,0.0008062571287155151,0.002253487706184387,0.0011644796468317509,0.0006425867904908955,0.000488668738398701
160,150,566,-0.23877662420272827,-0.2383366972208023,-0.23791927099227905,-0.23715531826019287,0.0007639527320861816,0.001181378960609436,0.0003240257501602173,0.0011644797632470727,0.0006425865576602519,0.000488671415951103
161,152,31,-0.23600417375564575,-0.23958447575569153,-0.24007585644721985,-0.24384312331676483,-0.003767266869544983,-0.004258647561073303,-0.00018696486949920654,0.001164479530416429,0.0006425869069062173,0.0004886670503765345
162,151,736,-0.1845087856054306,-0.18776406347751617,-0.1859724521636963,-0.18890516459941864,-0.002932712435722351,-0.0011411011219024658,0.0003225654363632202,0.0011644796468317509,0.0006425867322832346,0.0004886687966063619
163,150,736,-0.24281369149684906,-0.24351541697978973,-0.24542824923992157,-0.24614372849464417,-0.0007154792547225952,-0.002628311514854431,-1.3753771781921387e-05,0.0011644796468317509,0.0006425867322832346,0.0004886690294370055
164,150,736,-0.17820143699645996,-0.1798393726348877,-0.18069234490394592,-0.1824398785829544,-0.0017475336790084839,-0.0026005059480667114,-0.00010959804058074951,0.0011644796468317509,0.0006425867322832346,0.0004886693204753101
165,150,22,-0.14946752786636353,-0.1508512794971466,-0.15206581354141235,-0.15103372931480408,0.0010320842266082764,-0.0001824498176574707,0.0024158358573913574,0.0011644796468317509,0.0006425867904908955,0.0004886682145297527
166,151,736,-0.2046647071838379,-0.207222118973732,-0.20661942660808563,-0.20869198441505432,-0.002072557806968689,-0.0014698654413223267,0.00048485398292541504,0.0011644796468317509,0.0006425867904908955,0.000488668738398701
167,151,736,-0.23071222007274628,-0.23445668816566467,-0.23665188252925873,-0.24046209454536438,-0.003810212016105652,-0.006005406379699707,-6.574392318725586e-05,0.001164479530416429,0.0006425869069062173,0.0004886666429229081
168,151,736,-0.13139811158180237,-0.13290654122829437,-0.13114362955093384,-0.1321314573287964,-0.0009878277778625488,0.0007750838994979858,0.0005206018686294556,0.001164479530416429,0.0006425868486985564,0.0004886675160378218
169,151,736,-0.17421779036521912,-0.1766900271177292,-0.1755003035068512,-0.1777946650981903,-0.0022943615913391113,-0.0011046379804611206,0.00017787516117095947,0.001164479530416429,0.0006425868486985564,0.0004886677488684654
170,151,52,-0.1640247404575348,-0.16452543437480927,-0.16507026553153992,-0.16434867680072784,0.0007215887308120728,0.0001767575740814209,0.0012222826480865479,0.0011644796468317509,0.0006425867322832346,0.0004886688548140228
171,180,449,-0.23580050468444824,-0.23747314512729645,-0.2375684380531311,-0.24096457660198212,-0.003396138548851013,-0.003491431474685669,-0.0017234981060028076,0.0011644794140011072,0.0006425870815292001,0.0004886641399934888
172,180,391,-0.08768735080957413,-0.08898375928401947,-0.08782295137643814,-0.09084346890449524,-0.0030205175280570984,-0.001859709620475769,-0.0017241090536117554,0.0011644792975857854,0.0006425871979445219,0.000488662626594305
173,180,449,-0.2307215929031372,-0.23204180598258972,-0.23115891218185425,-0.23306383192539215,-0.0019049197435379028,-0.0010220259428024292,-0.0005847066640853882,0.0011644791811704636,0.0006425874889828265,0.0004886588430963457
174,180,450,-0.0666324570775032,-0.06762455403804779,-0.06779182702302933,-0.07001946121454239,-0.0022276341915130615,-0.0023949071764945984,-0.0012355372309684753,0.0011644791811704636,0.0006425874307751656,0.0004886593669652939
175,176,422,-0.2575397193431854,-0.2561635673046112,-0.2556409239768982,-0.2555571496486664,8.377432823181152e-05,0.0006064176559448242,-0.0012923777103424072,0.0011644790647551417,0.0006425876053981483,0.0004886568058282137
176,177,599,-0.10140150785446167,-0.10036852955818176,-0.09812795370817184,-0.0972328633069992,0.0008950904011726379,0.003135666251182556,-0.0001378878951072693,0.0011644792975857854,0.0006425873725675046,0.0004886605893261731
177,196,307,-0.14411243796348572,-0.14723046123981476,-0.14681577682495117,-0.1515367329120636,-0.004720956087112427,-0.00430627167224884,-0.0016029328107833862,0.0011644794140011072,0.0006425870815292001,0.0004886644310317934
178,196,308,-0.06315091252326965,-0.06516209244728088,-0.06674101203680038,-0.06910887360572815,-0.002367861568927765,-0.003946781158447266,-0.0003566816449165344,0.0011644794140011072,0.0006425870815292001,0.0004886645474471152
179,197,308,-0.00829687062650919,-0.0093050766736269,-0.009491419419646263,-0.010478729382157326,-0.0009873099625110626,-0.001173652708530426,2.089608460664749e-05,0.0011644794140011072,0.0006425870233215392,0.0004886651877313852
180,194,35,-0.012559277005493641,-0.01061013899743557,-0.013127772137522697,-0.010758530348539352,0.002369241788983345,-0.00014839135110378265,0.0004201037809252739,0.0011644794140011072,0.0006425870815292001,0.0004886644892394543
181,190,35,-0.041134633123874664,-0.040200598537921906,-0.040666624903678894,-0.03902265056967735,0.0016439743340015411,0.0011779479682445526,0.0007099397480487823,0.0011644794140011072,0.000642587139736861,0.0004886634997092187
182,192,416,-0.10399242490530014,-0.1027866005897522,-0.10244762897491455,-0.10201478004455566,0.0004328489303588867,0.0007718205451965332,-0.0007729753851890564,0.0011644794140011072,0.0006425870233215392,0.000488665362354368
183,195,35,-0.11769662797451019,-0.1168048083782196,-0.11759379506111145,-0.11663572490215302,0.0009580701589584351,0.00016908347606658936,6.625056266784668e-05,0.0011644794140011072,0.0006425870815292001,0.0004886638489551842
184,195,67,-0.1435624659061432,-0.1433209925889969,-0.14286166429519653,-0.1433335244655609,-0.0004718601703643799,-1.2531876564025879e-05,-0.0007133334875106812,0.0011644794140011072,0.0006425870233215392,0.0004886652459390461
185,195,309,-0.12148791551589966,-0.12351826578378677,-0.12230750918388367,-0.12532594799995422,-0.0030184388160705566,-0.00180768221616745,-0.0009880885481834412,0.001164479530416429,0.0006425869651138783,0.0004886653041467071
186,195,309,-0.19228899478912354,-0.19419056177139282,-0.19471131265163422,-0.19758053123950958,-0.002869218587875366,-0.0033899694681167603,-0.0009676516056060791,0.001164479530416429,0.0006425869651138783,0.0004886659444309771
187,192,416,-0.19122612476348877,-0.1907215565443039,-0.1920914500951767,-0.19234219193458557,-0.0002507418394088745,-0.0016206353902816772,-0.00075531005859375,0.0011644794140011072,0.0006425870233215392,0.0004886648966930807
188,185,38,-0.14620055258274078,-0.1455773115158081,-0.1465805023908615,-0.1464817374944687,9.876489639282227e-05,-0.0009044259786605835,-0.000524476170539856,0.0011644792975857854,0.0006425871979445219,0.0004886622773483396
189,190,38,-0.15777194499969482,-0.1569061577320099,-0.15387782454490662,-0.15331149101257324,0.000566333532333374,0.0035946667194366455,-0.0002994537353515625,0.0011644794140011072,0.0006425870815292001,0.0004886638489551842
190,215,860,-0.4333115816116333,-0.4359016716480255,-0.43438130617141724,-0.43829020857810974,-0.003908902406692505,-0.0023885369300842285,-0.001318812370300293,0.0011644796468317509,0.0006425867322832346,0.0004886693204753101
191,214,860,-0.40594395995140076,-0.40611401200294495,-0.40464821457862854,-0.40603023767471313,-0.0013820230960845947,8.377432823181152e-05,-0.0012119710445404053,0.001164479530416429,0.0006425869651138783,0.0004886672832071781
192,215,860,-0.4003966152667999,-0.40059104561805725,-0.40264132618904114,-0.40420353412628174,-0.0015622079372406006,-0.0036124885082244873,-0.0013677775859832764,0.001164479530416429,0.0006425870233215392,0.0004886657698079944
193,215,860,-0.5262811779975891,-0.530166745185852,-0.5295122861862183,-0.5338305234909058,-0.0043182373046875,-0.003663778305053711,-0.00043267011642456055,0.0011644797632470727,0.0006425866740755737,0.0004886701353825629
194,215,866,-0.5682393312454224,-0.5706725120544434,-0.5706183910369873,-0.5738267302513123,-0.003208339214324951,-0.0031542181968688965,-0.0007751584053039551,0.001164479530416429,0.0006425869651138783,0.0004886668757535517
195,215,860,-0.4851858615875244,-0.48613446950912476,-0.48529624938964844,-0.486680269241333,-0.0013840198516845703,-0.000545799732208252,-0.0004354119300842285,0.0011644797632470727,0.0006425866158679128,0.0004886712995357811
196,215,865,-0.33020761609077454,-0.3318236172199249,-0.3302271366119385,-0.33285796642303467,-0.0026308298110961914,-0.0010343492031097412,-0.0010148286819458008,0.0011644794140011072,0.000642587139736861,0.0004886632086709142
197,202,239,-0.38268032670021057,-0.38219940662384033,-0.38914647698402405,-0.3879208266735077,0.0012256503105163574,-0.005721420049667358,0.0007447302341461182,0.001164479530416429,0.0006425869069062173,0.0004886657698079944
198,202,239,-0.26614910364151,-0.2650933265686035,-0.27036052942276,-0.2682883143424988,0.0020722150802612305,-0.0031949877738952637,0.0010164380073547363,0.001164479530416429,0.0006425869651138783,0.0004886659444309771
199,202,239,-0.46310847997665405,-0.4630170166492462,-0.4674099385738373,-0.4665756821632385,0.0008342564105987549,-0.0035586655139923096,0.000742793083190918,0.0011644792975857854,0.000642587139736861,0.0004886624519713223
200,201,59,-0.3681884706020355,-0.3698323667049408,-0.3721271753311157,-0.37345150113105774,-0.0013243257999420166,-0.0036191344261169434,0.00031957030296325684,0.0011644794140011072,0.0006425870233215392,0.0004886651295237243
201,202,239,-0.37661266326904297,-0.37672582268714905,-0.3819412887096405,-0.38164111971855164,0.0003001689910888672,-0.004915297031402588,0.0004133284091949463,0.001164479530416429,0.0006425869651138783,0.000488665362354368
202,202,59,-0.45014986395835876,-0.4504258930683136,-0.45184874534606934,-0.45192402601242065,-7.528066635131836e-05,-0.0014981329441070557,0.00020074844360351562,0.001164479530416429,0.0006425869069062173,0.0004886662936769426
203,202,238,-0.4414448142051697,-0.4413018226623535,-0.44541290402412415,-0.4457966685295105,-0.00038376450538635254,-0.004494845867156982,-0.0005267560482025146,0.001164479530416429,0.0006425869651138783,0.0004886654205620289
204,202,59,-0.47485044598579407,-0.47605305910110474,-0.47493597865104675,-0.47627025842666626,-0.0013342797756195068,-0.00021719932556152344,-0.0001316666603088379,0.0011644794140011072,0.0006425870815292001,0.0004886643728241324
205,202,59,-0.5483248829841614,-0.5495981574058533,-0.5501748919487,-0.5521373152732849,-0.001962423324584961,-0.0025391578674316406,-0.0006891489028930664,0.0011644794140011072,0.0006425870815292001,0.0004886643146164715
206,202,239,-0.5003952383995056,-0.5006478428840637,-0.5049777030944824,-0.5052251815795898,-0.0002474784851074219,-0.004577338695526123,5.125999450683594e-06,0.0011644794140011072,0.0006425870233215392,0.0004886646056547761
207,201,59,-0.5705186128616333,-0.5742727518081665,-0.5754011869430542,-0.5804342031478882,-0.005033016204833984,-0.00616145133972168,-0.0012788772583007812,0.0011644792975857854,0.0006425872561521828,0.0004886622773483396
208,226,106,-0.05039123445749283,-0.05061722919344902,-0.049020398408174515,-0.049163222312927246,-0.00014282390475273132,0.0014540068805217743,8.31708312034607e-05,0.0011644792975857854,0.0006425873143598437,0.0004886623937636614
209,226,106,0.10299897193908691,0.10230141133069992,0.10585261881351471,0.10553823411464691,-0.00031438469886779785,0.003236822783946991,0.00038317590951919556,0.0011644791811704636,0.0006425874307751656,0.0004886602400802076
210,226,106,-0.00996667705476284,-0.010568313300609589,-0.01026257686316967,-0.011082340963184834,-0.0008197641000151634,-0.0005140276625752449,-0.00021812785416841507,0.0011644791811704636,0.0006425874307751656,0.0004886602982878685
211,224,217,-0.0424414686858654,-0.04137258231639862,-0.047169819474220276,-0.04580802470445633,0.0013617947697639465,-0.004435442388057709,0.0002929084002971649,0.0011644792975857854,0.0006425874307751656,0.0004886607057414949
212,224,217,-0.047333188354969025,-0.04643312469124794,-0.04988814890384674,-0.04915802925825119,0.0007301196455955505,-0.00272490456700325,-0.00016994401812553406,0.0011644791811704636,0.0006425876053981483,0.0004886580281890929
213,224,106,0.03170477971434593,0.030758993700146675,0.030338944867253304,0.028604483231902122,-0.001734461635351181,-0.0021545104682445526,-0.0007886774837970734,0.0011644792975857854,0.0006425873725675046,0.0004886608221568167
214,234,243,0.012977861799299717,0.012518119998276234,0.0121710654348135,0.012866449542343616,0.000695384107530117,0.0003483295440673828,0.0011551259085536003,0.001164479530416429,0.0006425870233215392,0.0004886664100922644
215,234,244,-0.08558280020952225,-0.08650670945644379,-0.08530949056148529,-0.08509258180856705,0.0002169087529182434,0.0014141276478767395,0.0011408179998397827,0.001164479530416429,0.0006425870233215392,0.0004886660608462989
216,234,611,-0.054462600499391556,-0.05308373272418976,-0.053373195230960846,-0.050735972821712494,0.002637222409248352,0.0023477599024772644,0.0012583546340465546,0.001164479530416429,0.0006425869651138783,0.0004886674578301609
217,234,155,0.004277939908206463,0.0032879705540835857,0.003127885516732931,0.002778736874461174,-0.0003491486422717571,-0.0005092336796224117,0.00064082071185112,0.0011644796468317509,0.0006425868486985564,0.0004886682727374136
218,229,155,-0.011684165336191654,-0.012863792479038239,-0.011258712038397789,-0.012714394368231297,-0.0014556823298335075,0.00014939811080694199,-0.0002760551869869232,0.001164479530416429,0.0006425868486985564,0.0004886678070761263
219,229,740,-0.0978298932313919,-0.09786730259656906,-0.09730815887451172,-0.09784067422151566,-0.0005325153470039368,2.6628375053405762e-05,-0.0004951059818267822,0.001164479530416429,0.0006425869651138783,0.0004886662936769426
220,229,740,-0.0693926215171814,-0.06970580667257309,-0.06904999911785126,-0.07001964002847672,-0.0009696409106254578,-0.0003138333559036255,-0.0006564557552337646,0.001164479530416429,0.0006425869069062173,0.0004886670503765345
221,229,741,0.019329067319631577,0.01897146925330162,0.019475704059004784,0.01746169477701187,-0.0020140092819929123,-0.0015097744762897491,-0.0016564112156629562,0.001164479530416429,0.0006425870233215392,0.0004886662936769426
222,255,1008,-0.11322817206382751,-0.11258921027183533,-0.1170831099152565,-0.11694978177547455,0.0001333281397819519,-0.004360571503639221,-0.0005056336522102356,0.0011644791811704636,0.0006425875471904874,0.0004886584938503802
223,257,413,-0.14440202713012695,-0.14551377296447754,-0.14566783607006073,-0.14693020284175873,-0.001262366771697998,-0.001416429877281189,-0.0001506209373474121,0.0011644790647551417,0.0006425876636058092,0.0004886572132818401
224,264,854,-0.19035619497299194,-0.19469714164733887,-0.18848900496959686,-0.19320611655712128,-0.004717111587524414,0.0014910250902175903,-0.00037616491317749023,0.0011644790647551417,0.0006425876636058092,0.0004886573296971619
225,257,457,-0.15589314699172974,-0.15692804753780365,-0.15775763988494873,-0.15947256982326508,-0.0017149299383163452,-0.0025445222854614258,-0.0006800293922424316,0.0011644792975857854,0.0006425872561521828,0.0004886627430096269
226,264,851,-0.16577865183353424,-0.1703491508960724,-0.1661680042743683,-0.17123204469680786,-0.005064040422439575,-0.0008828938007354736,-0.0004935413599014282,0.0011644790647551417,0.0006425877218134701,0.0004886563401669264
227,255,728,-0.09893712401390076,-0.09996223449707031,-0.10290399938821793,-0.10440263152122498,-0.0014986321330070496,-0.004440397024154663,-0.0004735216498374939,0.0011644794140011072,0.000642587139736861,0.0004886632668785751
228,255,457,-0.1511904001235962,-0.15086756646633148,-0.15430304408073425,-0.15374162793159485,0.0005614161491394043,-0.0028740614652633667,0.00023858249187469482,0.0011644794140011072,0.000642587139736861,0.000488663965370506
229,255,1008,-0.18765518069267273,-0.18835338950157166,-0.18934911489486694,-0.1909957230091095,-0.0016466081142425537,-0.002642333507537842,-0.0009483993053436279,0.0011644794140011072,0.0006425870233215392,0.0004886651295237243
230,264,431,-0.26711907982826233,-0.26964032649993896,-0.2654886543750763,-0.2672758102416992,-0.0017871558666229248,0.002364516258239746,0.0007340908050537109,0.00116447894833982,0.0006425878964364529,0.0004886548849754035
231,261,695,-0.16706137359142303,-0.1693688929080963,-0.16689009964466095,-0.1697131097316742,-0.0028230100870132446,-0.00034421682357788086,-0.0005154907703399658,0.0011644790647551417,0.0006425876636058092,0.0004886571550741792
232,249,413,-0.17040328681468964,-0.17056314647197723,-0.17056532204151154,-0.171268492937088,-0.000703170895576477,-0.0007053464651107788,-0.0005433112382888794,0.0011644792975857854,0.0006425873143598437,0.0004886614624410868
233,249,412,-0.2201736867427826,-0.2197190225124359,-0.21571214497089386,-0.21505893766880035,0.0006532073020935059,0.004660084843635559,0.00019854307174682617,0.0011644791811704636,0.0006425874307751656,0.0004886595997959375
234,249,1008,-0.1961175501346588,-0.1983170211315155,-0.19703525304794312,-0.2000720202922821,-0.0030367672443389893,-0.0017549991607666016,-0.0008372962474822998,0.0011644792975857854,0.0006425873725675046,0.0004886605311185122
235,249,1013,-0.06857305020093918,-0.06936899572610855,-0.06710872799158096,-0.06937427818775177,-0.002265550196170807,-5.282461643218994e-06,-0.0014696046710014343,0.0011644790647551417,0.0006425876053981483,0.0004886576207354665
236,255,615,-0.13994982838630676,-0.14107169210910797,-0.14343662559986115,-0.14581874012947083,-0.00238211452960968,-0.004747048020362854,-0.0012602508068084717,0.0011644792975857854,0.0006425873725675046,0.0004886609967797995
237,257,413,-0.13067178428173065,-0.13127395510673523,-0.13087889552116394,-0.13197070360183716,-0.0010918080806732178,-0.0006967484951019287,-0.0004896372556686401,0.0011644791811704636,0.0006425874889828265,0.0004886591923423111
238,255,579,-0.18342244625091553,-0.1836559772491455,-0.18610064685344696,-0.18643954396247864,-0.00033889710903167725,-0.00278356671333313,-0.00010536611080169678,0.0011644794140011072,0.000642587139736861,0.000488664023578167
239,249,1010,-0.26563629508018494,-0.2676665186882019,-0.26869967579841614,-0.2710791826248169,-0.002379506826400757,-0.0034126639366149902,-0.00034928321838378906,0.0011644791811704636,0.0006425874889828265,0.000488659308757633
240,249,1008,-0.1489986777305603,-0.15060864388942719,-0.15004703402519226,-0.1529744267463684,-0.0029273927211761475,-0.002365782856941223,-0.0013174265623092651,0.0011644792975857854,0.0006425873143598437,0.0004886618116870522
241,249,429,-0.0478786937892437,-0.04670164734125137,-0.045444004237651825,-0.04379112645983696,0.0016528777778148651,0.0029105208814144135,0.0004758313298225403,0.0011644792975857854,0.0006425873725675046,0.0004886611131951213
242,274,787,-0.06697345525026321,-0.06747953593730927,-0.07011967152357101,-0.07233989238739014,-0.0022202208638191223,-0.004860356450080872,-0.0017141401767730713,0.0011644792975857854,0.0006425873143598437,0.000488662684801966
243,275,786,-0.12414606660604477,-0.12340579926967621,-0.12527519464492798,-0.12606823444366455,-0.0007930397987365723,-0.0026624351739883423,-0.001533307135105133,0.001164479530416429,0.0006425869651138783,0.000488666002638638
244,272,786,-0.041332829743623734,-0.03977300971746445,-0.041427649557590485,-0.04157479852437973,-0.0001471489667892456,-0.0018017888069152832,-0.001706968992948532,0.0011644792975857854,0.0006425873143598437,0.000488661986310035
245,271,30,-0.02992372214794159,-0.03160836175084114,-0.035815443843603134,-0.038798194378614426,-0.0029827505350112915,-0.007189832627773285,-0.0012981109321117401,0.0011644794140011072,0.000642587139736861,0.0004886647220700979
246,269,612,-0.048776984214782715,-0.04923262074589729,-0.05188297480344772,-0.05228211358189583,-0.00039913877844810486,-0.003049492835998535,5.649775266647339e-05,0.0011644794140011072,0.0006425870815292001,0.000488665362354368
247,269,786,-0.08506540954113007,-0.08488854020833969,-0.08780568838119507,-0.08978534489870071,-0.0019796565175056458,-0.004896804690361023,-0.0021565258502960205,0.0011644794140011072,0.000642587139736861,0.0004886644892394543
248,270,787,-0.04477030411362648,-0.04540130868554115,-0.0443456806242466,-0.04615425691008568,-0.0018085762858390808,-0.0007529482245445251,-0.001177571713924408,0.001164479530416429,0.0006425870815292001,0.0004886661190539598
249,269,786,-0.05180824548006058,-0.050935931503772736,-0.05507630854845047,-0.05508771166205406,-1.1403113603591919e-05,-0.004151780158281326,-0.0008837170898914337,0.0011644796468317509,0.0006425868486985564,0.00048866803990677
250,269,786,-0.09106780588626862,-0.09057620167732239,-0.09539220482110977,-0.09735111892223358,-0.00195891410112381,-0.006774917244911194,-0.002450518310070038,0.0011644796468317509,0.0006425867904908955,0.0004886689130216837
251,269,612,-0.07557276636362076,-0.07562369853258133,-0.07707790285348892,-0.07711195200681686,-3.4049153327941895e-05,-0.0014882534742355347,1.6883015632629395e-05,0.0011644794140011072,0.0006425871979445219,0.0004886634997092187
252,286,348,-0.21292465925216675,-0.21349439024925232,-0.21416795253753662,-0.21520327031612396,-0.0010353177785873413,-0.001708880066871643,-0.00046558678150177,0.001164479530416429,0.0006425870233215392,0.0004886655369773507
253,287,958,-0.2805321216583252,-0.28060948848724365,-0.2894783914089203,-0.2896297574043274,-0.0001513659954071045,-0.00902026891708374,-7.399916648864746e-05,0.001164479530416429,0.0006425870233215392,0.000488665362354368
254,285,348,-0.20405395328998566,-0.204158216714859,-0.2048913836479187,-0.20514309406280518,-0.0002517104148864746,-0.000984877347946167,-0.00014744699001312256,0.001164479530416429,0.0006425870233215392,0.0004886655951850116
255,283,346,-0.3701373338699341,-0.37311479449272156,-0.3763867914676666,-0.384036660194397,-0.007649868726730347,-0.010921865701675415,-0.004672408103942871,0.0011644792975857854,0.0006425872561521828,0.0004886629176326096
256,283,346,-0.26152437925338745,-0.2644261121749878,-0.26681822538375854,-0.27361974120140076,-0.006801515817642212,-0.009193629026412964,-0.00389978289604187,0.0011644792975857854,0.0006425873725675046,0.0004886618116870522
257,283,109,-0.3948546051979065,-0.39681342244148254,-0.40198951959609985,-0.4066290259361267,-0.0046395063400268555,-0.009815603494644165,-0.0026806890964508057,0.0011644794140011072,0.0006425871979445219,0.0004886638489551842
258,301,319,-0.3212101459503174,-0.3224390149116516,-0.324984610080719,-0.32659947872161865,-0.0016148686408996582,-0.004160463809967041,-0.0003859996795654297,0.0011644792975857854,0.0006425874307751656,0.0004886608803644776
259,294,319,-0.18033480644226074,-0.1815483123064041,-0.18278418481349945,-0.18443065881729126,-0.001646474003791809,-0.002882346510887146,-0.0004329681396484375,0.0011644790647551417,0.0006425876636058092,0.0004886569222435355
260,295,318,-0.25028306245803833,-0.25036007165908813,-0.2551838457584381,-0.25541257858276367,-0.00022873282432556152,-0.005052506923675537,-0.00015172362327575684,0.0011644791811704636,0.0006425875471904874,0.0004886584938503802
261,295,383,-0.1982516348361969,-0.19794511795043945,-0.20714984834194183,-0.20768027007579803,-0.0005304217338562012,-0.009735152125358582,-0.0008369386196136475,0.0011644791811704636,0.0006425874889828265,0.0004886597162112594
262,297,319,-0.24747049808502197,-0.2484891414642334,-0.25245004892349243,-0.2537074387073517,-0.001257389783859253,-0.005218297243118286,-0.00023874640464782715,0.0011644791811704636,0.0006425876053981483,0.0004886587848886847
263,298,379,-0.17530034482479095,-0.17486849427223206,-0.18019965291023254,-0.17956888675689697,0.0006307661533355713,-0.004700392484664917,0.00019891560077667236,0.0011644791811704636,0.0006425875471904874,0.0004886594833806157
264,288,871,-0.17216849327087402,-0.17261432111263275,-0.17157815396785736,-0.17234189808368683,-0.0007637441158294678,0.00027242302894592285,-0.00031791627407073975,0.0011644791811704636,0.0006425876053981483,0.0004886583774350584
265,291,597,-0.14539018273353577,-0.14577755331993103,-0.1484163999557495,-0.14962594211101532,-0.001209542155265808,-0.0038483887910842896,-0.0008221715688705444,0.0011644791811704636,0.0006425875471904874,0.000488659308757633
266,300,357,-0.1722249686717987,-0.1724611520767212,-0.1723460704088211,-0.17165133357048035,0.0006947368383407593,0.0008098185062408447,0.0009309202432632446,0.0011644791811704636,0.0006425874307751656,0.0004886605311185122
267,292,41,-0.14019863307476044,-0.1395062655210495,-0.1397160440683365,-0.13847742974758148,0.0012386143207550049,0.0010288357734680176,0.0005462467670440674,0.0011644791811704636,0.0006425874889828265,0.0004886598908342421
268,302,41,-0.177115797996521,-0.17690645158290863,-0.17577499151229858,-0.1750076711177826,0.0007673203945159912,0.0018987804651260376,0.0005579739809036255,0.0011644790647551417,0.0006425876053981483,0.0004886576789431274
269,290,427,-0.1711755096912384,-0.17051219940185547,-0.1712213158607483,-0.1703474521636963,0.000873863697052002,0.0001647472381591797,0.00021055340766906738,0.0011644791811704636,0.0006425874889828265,0.0004886591341346502
270,296,375,-0.1221613958477974,-0.12185603380203247,-0.12795034050941467,-0.12786272168159485,8.761882781982422e-05,-0.006006687879562378,-0.00021774321794509888,0.0011644791811704636,0.0006425874889828265,0.0004886595415882766
271,288,871,-0.2170611321926117,-0.2171643227338791,-0.2202848494052887,-0.22067318856716156,-0.00038833916187286377,-0.0035088658332824707,-0.00028514862060546875,0.0011644790647551417,0.0006425877218134701,0.0004886560491286218
272,298,381,-0.2696838080883026,-0.26943084597587585,-0.2688440680503845,-0.2689420282840729,-9.796023368835449e-05,0.0004888176918029785,-0.0003509223461151123,0.0011644790647551417,0.0006425876636058092,0.0004886569804511964
273,291,381,-0.10928601771593094,-0.10945985466241837,-0.11060044169425964,-0.11134376376867294,-0.0007433220744132996,-0.0018839091062545776,-0.0005694851279258728,0.0011644790647551417,0.000642587780021131,0.0004886562237516046
274,290,381,-0.10668249428272247,-0.106515072286129,-0.10611047595739365,-0.10651571303606033,-0.000405237078666687,-6.407499313354492e-07,-0.0005726590752601624,0.0011644790647551417,0.0006425877218134701,0.00048865657299757
275,290,473,-0.13116586208343506,-0.13220125436782837,-0.12979629635810852,-0.13081921637058258,-0.00102292001247406,0.0013820379972457886,1.2472271919250488e-05,0.0011644790647551417,0.0006425877218134701,0.0004886563401669264
276,290,371,-0.12453039735555649,-0.1249435693025589,-0.12434461712837219,-0.12425313889980316,9.147822856903076e-05,0.0006904304027557373,0.0005046501755714417,0.00116447894833982,0.000642587780021131,0.0004886556998826563
277,317,451,-0.2428390085697174,-0.24367991089820862,-0.24633866548538208,-0.24859610199928284,-0.002257436513900757,-0.004916191101074219,-0.001416534185409546,0.0011644790647551417,0.0006425876636058092,0.0004886564565822482
278,317,469,0.014546254649758339,0.01552614290267229,0.014761362224817276,0.015192068181931973,0.0004307059571146965,-0.0003340747207403183,-0.0005491822957992554,0.00116447894833982,0.000642587838228792,0.0004886550013907254
279,317,484,-0.19447968900203705,-0.19475628435611725,-0.19291004538536072,-0.19331932067871094,-0.0004092752933502197,0.001436963677406311,-0.00013267993927001953,0.001164478831924498,0.0006425879546441138,0.0004886528477072716
280,317,470,-0.08353401720523834,-0.08318836987018585,-0.07972706109285355,-0.07981844991445541,-9.138882160186768e-05,0.0033699199557304382,-0.0004370361566543579,0.001164478831924498,0.0006425880128517747,0.0004886527894996107
281,310,472,0.01885312981903553,0.018834976479411125,0.016209525987505913,0.014900877140462399,-0.0013086488470435143,-0.003934099338948727,-0.0012904945760965347,0.001164478831924498,0.0006425879546441138,0.0004886527894996107
282,310,371,-0.09230749309062958,-0.09215675294399261,-0.09399551153182983,-0.0936952456831932,0.0003002658486366272,-0.001538492739200592,0.0001495257019996643,0.00116447894833982,0.000642587838228792,0.0004886550013907254
283,312,646,-0.1585887372493744,-0.15834903717041016,-0.15905602276325226,-0.15877148509025574,0.000284537672996521,-0.00042244791984558105,4.48375940322876e-05,0.0011644791811704636,0.0006425874889828265,0.0004886600654572248
284,312,661,-0.19633394479751587,-0.19568488001823425,-0.19845668971538544,-0.197432279586792,0.0010244101285934448,-0.0017473995685577393,0.0003753453493118286,0.0011644790647551417,0.0006425877218134701,0.0004886565147899091
285,329,530,-0.35132384300231934,-0.35263925790786743,-0.35743144154548645,-0.35954052209854126,-0.0021090805530548096,-0.006901264190673828,-0.0007936656475067139,0.0011644794140011072,0.0006425870815292001,0.0004886652459390461
286,329,532,-0.3895728588104248,-0.39235159754753113,-0.39390745759010315,-0.3967743515968323,-0.002866894006729126,-0.0044227540493011475,-8.815526962280273e-05,0.001164479530416429,0.0006425870233215392,0.0004886659444309771
287,329,532,-0.2791338860988617,-0.2794989049434662,-0.2828468382358551,-0.2834912836551666,-0.0006444454193115234,-0.0039923787117004395,-0.00027942657470703125,0.0011644794140011072,0.000642587139736861,0.0004886635579168797
288,326,150,-0.0724753588438034,-0.07244935631752014,-0.06773652136325836,-0.06584737449884415,0.001889146864414215,0.006601981818675995,0.001863144338130951,0.0011644794140011072,0.0006425871979445219,0.0004886633832938969
289,326,413,-0.3557989299297333,-0.35780957341194153,-0.35945838689804077,-0.3617141842842102,-0.0022557973861694336,-0.0039046108722686768,-0.00024515390396118164,0.0011644790647551417,0.0006425877218134701,0.0004886562237516046
290,327,530,-0.09957076609134674,-0.100369893014431,-0.10213492065668106,-0.1035827249288559,-0.0014478042721748352,-0.0032128319144248962,-0.0006486773490905762,0.0011644794140011072,0.0006425870815292001,0.0004886647802777588
291,326,512,-0.2707206606864929,-0.2724091708660126,-0.2707286477088928,-0.2703950107097626,0.000333636999130249,0.00201416015625,0.0020221471786499023,0.0011644792975857854,0.0006425871979445219,0.0004886620445176959
292,329,512,-0.11397978663444519,-0.11387056112289429,-0.11418821662664413,-0.11263567209243774,0.0015525445342063904,0.001234889030456543,0.001443319022655487,0.0011644794140011072,0.0006425871979445219,0.0004886629758402705
293,329,541,-0.30125635862350464,-0.30269086360931396,-0.30607110261917114,-0.30948564410209656,-0.003414541482925415,-0.006794780492782593,-0.001980036497116089,0.0011644792975857854,0.0006425872561521828,0.000488662626594305
294,329,543,-0.20588453114032745,-0.2055632770061493,-0.20944374799728394,-0.20969372987747192,-0.0002499818801879883,-0.004130452871322632,-0.0005712360143661499,0.0011644792975857854,0.0006425873725675046,0.000488661287818104
295,343,914,-0.13013841211795807,-0.12833331525325775,-0.13555367290973663,-0.13457009196281433,0.0009835809469223022,-0.00623677670955658,-0.0008215159177780151,0.0011644796468317509,0.0006425867904908955,0.0004886685637757182
296,343,162,-0.16625933349132538,-0.1662173867225647,-0.16621193289756775,-0.1668308824300766,-0.0006189495325088501,-0.0006134957075119019,-0.0006608963012695312,0.0011644797632470727,0.0006425866158679128,0.000488670717459172
297,343,911,-0.2273818403482437,-0.22615808248519897,-0.22689703106880188,-0.2259943038225174,0.0009027272462844849,0.0001637786626815796,-0.0003210306167602539,0.0011644796468317509,0.0006425866740755737,0.0004886699607595801
298,343,912,-0.15918387472629547,-0.157889723777771,-0.15896806120872498,-0.15884822607040405,0.00011983513832092285,-0.0009585022926330566,-0.0011743158102035522,0.0011644796468317509,0.0006425867904908955,0.0004886689130216837
299,343,784,-0.2332804948091507,-0.23265087604522705,-0.23612156510353088,-0.2356816530227661,0.0004399120807647705,-0.0030307769775390625,-0.0001897066831588745,0.0011644796468317509,0.0006425867904908955,0.0004886682145297527
300,343,786,-0.14188110828399658,-0.14010974764823914,-0.14112064242362976,-0.14031915366649628,0.0008014887571334839,-0.0002094060182571411,-0.0009698718786239624,0.0011644797632470727,0.0006425866158679128,0.0004886711249127984
301,343,738,-0.15158295631408691,-0.15305906534194946,-0.15363715589046478,-0.15552973747253418,-0.001892581582069397,-0.002470672130584717,-0.00041647255420684814,0.0011644796468317509,0.0006425867322832346,0.0004886690294370055
302,343,162,-0.0809125080704689,-0.08013908565044403,-0.08324938267469406,-0.08312223851680756,0.00012714415788650513,-0.0029831528663635254,-0.0006462782621383667,0.0011644796468317509,0.0006425866740755737,0.0004886696697212756
303,339,610,-0.35908156633377075,-0.3592977225780487,-0.36257416009902954,-0.36328744888305664,-0.0007132887840270996,-0.003989726305007935,-0.0004971325397491455,0.001164479530416429,0.0006425868486985564,0.0004886679234914482
304,339,612,-0.3132855296134949,-0.31461310386657715,-0.31693530082702637,-0.3178689777851105,-0.0009336769580841064,-0.003255873918533325,0.00039389729499816895,0.001164479530416429,0.0006425869069062173,0.0004886672249995172
305,339,612,-0.3670457601547241,-0.36840251088142395,-0.37040799856185913,-0.3709622919559479,-0.0005542933940887451,-0.0025597810745239258,0.000802457332611084,0.0011644796468317509,0.0006425867904908955,0.0004886682727374136
306,352,109,-0.17862682044506073,-0.17930015921592712,-0.18107107281684875,-0.18270060420036316,-0.0016295313835144043,-0.003400444984436035,-0.0009561926126480103,0.0011644792975857854,0.0006425872561521828,0.0004886628012172878
307,350,286,-0.24179714918136597,-0.24211281538009644,-0.24282118678092957,-0.24367479979991913,-0.000853613018989563,-0.0015619844198226929,-0.0005379468202590942,0.0011644794140011072,0.0006425871979445219,0.0004886637325398624
308,350,284,-0.10183653980493546,-0.10293859243392944,-0.10532862693071365,-0.10716976970434189,-0.0018411427736282349,-0.004231177270412445,-0.0007390901446342468,0.001164479530416429,0.0006425869651138783,0.0004886670503765345
309,347,109,-0.18797819316387177,-0.18914297223091125,-0.18804754316806793,-0.19103756546974182,-0.002990022301673889,-0.0018945932388305664,-0.0018252432346343994,0.0011644792975857854,0.0006425873143598437,0.0004886625101789832
310,347,114,-0.2643652558326721,-0.26519840955734253,-0.26472610235214233,-0.2665598392486572,-0.0018337368965148926,-0.0013614296913146973,-0.0010005831718444824,0.0011644792975857854,0.0006425874307751656,0.0004886607639491558
311,347,114,-0.2025059312582016,-0.20438885688781738,-0.20474062860012054,-0.2081765979528427,-0.003435969352722168,-0.0037877410650253296,-0.0015530437231063843,0.0011644791811704636,0.0006425874889828265,0.0004886594833806157
312,347,559,-0.1630380004644394,-0.1626935452222824,-0.15987668931484222,-0.15844391286373138,0.0014327764511108398,0.004249632358551025,0.0010883212089538574,0.0011644792975857854,0.0006425873143598437,0.0004886617534793913
313,370,279,-0.4750407636165619,-0.4787093997001648,-0.4815859794616699,-0.4876177906990051,-0.006031811237335205,-0.008908390998840332,-0.0023631751537323,0.0011644790647551417,0.0006425876053981483,0.0004886575625278056
314,365,497,-0.22877389192581177,-0.2286386489868164,-0.2338637262582779,-0.2336496114730835,0.00021411478519439697,-0.00501096248626709,7.887184619903564e-05,0.0011644790647551417,0.0006425876053981483,0.0004886576207354665
315,365,498,-0.3049541711807251,-0.3036598861217499,-0.3073970377445221,-0.30541738867759705,0.001979649066925049,-0.001757502555847168,0.0006853640079498291,0.0011644791811704636,0.0006425875471904874,0.0004886581446044147
316,365,497,-0.18601574003696442,-0.18605294823646545,-0.1909988522529602,-0.19082263112068176,0.00017622113227844238,-0.004769682884216309,0.00021342933177947998,0.00116447894833982,0.000642587780021131,0.0004886554670520127
317,365,452,-0.3239353895187378,-0.32631218433380127,-0.330500990152359,-0.3317652642726898,-0.0012642741203308105,-0.00545307993888855,0.001112520694732666,0.0011644792975857854,0.0006425873725675046,0.0004886609385721385
318,365,497,-0.1526271104812622,-0.1527436077594757,-0.15166008472442627,-0.1511700302362442,0.0004900544881820679,0.0015735775232315063,0.0006065517663955688,0.00116447894833982,0.000642587838228792,0.0004886551178060472
319,355,481,-0.3117202818393707,-0.3134574294090271,-0.3119981288909912,-0.31411081552505493,-0.0021126866340637207,-0.000653386116027832,-0.00037553906440734863,0.0011644790647551417,0.000642587780021131,0.0004886561655439436
320,353,481,-0.3600943088531494,-0.3631647229194641,-0.3584916889667511,-0.36257392168045044,-0.004082232713699341,0.0005908012390136719,-0.0010118186473846436,0.00116447894833982,0.000642587838228792,0.0004886549431830645
321,370,475,-0.3418455421924591,-0.3431892395019531,-0.34608331322669983,-0.3476507067680359,-0.0015673935413360596,-0.004461467266082764,-0.00022369623184204102,0.0011644790647551417,0.0006425877218134701,0.0004886558162979782
322,357,475,-0.3329797685146332,-0.334165096282959,-0.3344267010688782,-0.33632802963256836,-0.0019013285636901855,-0.002162933349609375,-0.0007160007953643799,0.00116447894833982,0.000642587838228792,0.0004886550013907254
323,355,246,-0.12562312185764313,-0.12647134065628052,-0.12396161258220673,-0.12681332230567932,-0.002851709723472595,-0.0003419816493988037,-0.002003490924835205,0.0011644794140011072,0.000642587139736861,0.0004886634415015578
324,368,475,-0.23378445208072662,-0.23474760353565216,-0.23937207460403442,-0.23971900343894958,-0.00034692883491516113,-0.004971399903297424,0.000616222620010376,0.0011644791811704636,0.0006425874307751656,0.0004886597162112594
325,357,475,-0.3508892059326172,-0.35267096757888794,-0.3542857766151428,-0.35712602734565735,-0.0028402507305145264,-0.004455059766769409,-0.0010584890842437744,0.0011644791811704636,0.0006425874889828265,0.000488659308757633
326,357,600,-0.3739551603794098,-0.3741716742515564,-0.37434643507003784,-0.37583649158477783,-0.0014900565147399902,-0.0016648173332214355,-0.0012735426425933838,0.00116447894833982,0.000642587838228792,0.0004886543028987944
327,364,315,-0.26067861914634705,-0.2614293396472931,-0.26169899106025696,-0.26202285289764404,-0.00032386183738708496,-0.0005935132503509521,0.00042685866355895996,0.00116447894833982,0.000642587838228792,0.0004886547103524208
328,353,490,-0.34962427616119385,-0.35076242685317993,-0.35231539607048035,-0.3537779152393341,-0.0014625191688537598,-0.003015488386154175,-0.0003243684768676758,0.0011644790647551417,0.0006425877218134701,0.0004886561655439436
329,353,490,-0.3438834547996521,-0.34291374683380127,-0.3483229875564575,-0.34937942028045654,-0.0010564327239990234,-0.0064656734466552734,-0.0020261406898498535,0.0011644792975857854,0.0006425874307751656,0.0004886607639491558
330,353,490,-0.44244495034217834,-0.44355636835098267,-0.4436948597431183,-0.4469245970249176,-0.0032297372817993164,-0.0033682286739349365,-0.002118319272994995,0.0011644791811704636,0.0006425874889828265,0.0004886590759269893
331,365,472,-0.2813784182071686,-0.28211116790771484,-0.2832241654396057,-0.2850452661514282,-0.0018211007118225098,-0.002934098243713379,-0.0010883510112762451,0.00116447894833982,0.0006425879546441138,0.0004886535461992025
332,361,485,-0.3463572859764099,-0.3464744985103607,-0.349584698677063,-0.3498510420322418,-0.000266343355178833,-0.0033765435218811035,-0.00014913082122802734,0.0011644791811704636,0.0006425876053981483,0.0004886580863967538
333,353,489,-0.3395468294620514,-0.3393459916114807,-0.338167667388916,-0.33752861618995667,0.0006390511989593506,0.0018173754215240479,0.0004382133483886719,0.0011644791811704636,0.0006425874307751656,0.0004886602982878685
334,357,474,-0.2918800115585327,-0.2915782332420349,-0.2901543080806732,-0.2909940481185913,-0.0008397400379180908,0.0005841851234436035,-0.0011415183544158936,0.0011644790647551417,0.0006425876053981483,0.000488657911773771
335,385,301,-0.23422417044639587,-0.23611286282539368,-0.2373027205467224,-0.24000374972820282,-0.0027010291814804077,-0.003890886902809143,-0.000812336802482605,0.0011644790647551417,0.0006425876636058092,0.0004886568640358746
336,385,301,-0.2120487242937088,-0.2147449105978012,-0.21367651224136353,-0.21638108789920807,-0.0027045756578445435,-0.0016361773014068604,-8.38935375213623e-06,0.0011644791811704636,0.0006425874307751656,0.0004886597744189203
337,383,45,-0.295391321182251,-0.2949369251728058,-0.2933920919895172,-0.29245758056640625,0.0009345114231109619,0.002479344606399536,0.0004801154136657715,0.001164479530416429,0.0006425869651138783,0.0004886661190539598
338,381,869,-0.18230797350406647,-0.18363399803638458,-0.1881546974182129,-0.19045503437519073,-0.0023003369569778442,-0.006821036338806152,-0.000974312424659729,0.0011644796468317509,0.0006425867904908955,0.00048866803990677
339,385,293,-0.2685990631580353,-0.2707373797893524,-0.27242693305015564,-0.2757880687713623,-0.003361135721206665,-0.005050688982009888,-0.0012228190898895264,0.0011644790647551417,0.0006425876053981483,0.0004886576207354665
340,375,760,-0.1950247585773468,-0.1940082311630249,-0.19245564937591553,-0.19188033044338226,0.0005753189325332642,0.002127900719642639,-0.00044120848178863525,0.001164479530416429,0.0006425869069062173,0.0004886666429229081
341,377,302,-0.33562448620796204,-0.33658918738365173,-0.33806470036506653,-0.339796781539917,-0.0017320811748504639,-0.003207594156265259,-0.0007673799991607666,0.0011644791811704636,0.0006425874889828265,0.0004886590759269893
342,379,349,-0.18970166146755219,-0.19083023071289062,-0.189408078789711,-0.1912916749715805,-0.0018835961818695068,-0.00046144425868988037,-0.0007550269365310669,0.0011644792975857854,0.0006425872561521828,0.0004886625101789832
343,377,492,-0.31962722539901733,-0.3197101950645447,-0.3256942331790924,-0.3258225619792938,-0.00012832880020141602,-0.0061123669147491455,-4.5359134674072266e-05,0.0011644791811704636,0.0006425874889828265,0.0004886591341346502
344,375,349,-0.2095695436000824,-0.2097526639699936,-0.2069302797317505,-0.20752818882465363,-0.0005979090929031372,0.002224475145339966,-0.00041478872299194336,0.0011644794140011072,0.000642587139736861,0.0004886634997092187
345,379,761,-0.20842333137989044,-0.20764857530593872,-0.2120058685541153,-0.2116823047399521,0.000323563814163208,-0.004033729434013367,-0.0004511922597885132,0.001164479530416429,0.0006425869651138783,0.0004886657698079944
346,375,730,-0.14031808078289032,-0.1386326402425766,-0.1400405913591385,-0.13866443932056427,0.0013761520385742188,-3.17990779876709e-05,-0.00030928850173950195,0.001164479530416429,0.0006425869651138783,0.0004886656533926725
347,381,869,-0.13397355377674103,-0.1341937780380249,-0.13439519703388214,-0.13544833660125732,-0.001053139567375183,-0.0012545585632324219,-0.0008329153060913086,0.001164479530416429,0.0006425869651138783,0.0004886656533926725
348,402,415,-0.1113680824637413,-0.11150824278593063,-0.11091174930334091,-0.11146499216556549,-0.0005532428622245789,4.325062036514282e-05,-0.0004130825400352478,0.0011644792975857854,0.0006425873725675046,0.0004886608803644776
349,402,79,-0.14465433359146118,-0.1436188817024231,-0.14484179019927979,-0.14329904317855835,0.0015427470207214355,0.0003198385238647461,0.0005072951316833496,0.0011644791811704636,0.0006425874889828265,0.0004886587848886847
350,401,766,-0.14450372755527496,-0.1468639373779297,-0.14428864419460297,-0.1487656682729721,-0.004477024078369141,-0.0019017308950424194,-0.0021168142557144165,0.0011644791811704636,0.0006425876053981483,0.0004886580863967538
351,396,764,-0.03158552944660187,-0.03097274899482727,-0.033308982849121094,-0.03104276955127716,0.002266213297843933,-7.002055644989014e-05,0.001653432846069336,0.0011644790647551417,0.0006425876636058092,0.0004886570968665183
352,396,80,-0.10089842230081558,-0.10061491280794144,-0.10205681622028351,-0.10138394683599472,0.0006728693842887878,-0.0007690340280532837,0.00038935989141464233,0.0011644791811704636,0.0006425873725675046,0.0004886602982878685
353,395,85,-0.08699672669172287,-0.08942590653896332,-0.08743725717067719,-0.0916498675942421,-0.004212610423564911,-0.002223961055278778,-0.0017834305763244629,0.0011644791811704636,0.0006425874307751656,0.0004886598908342421
354,392,766,-0.04345100373029709,-0.04619496315717697,-0.04153162240982056,-0.04559630900621414,-0.004064686596393585,0.0005986541509628296,-0.0013207271695137024,0.0011644791811704636,0.0006425876053981483,0.0004886581446044147
355,395,764,-0.007523336447775364,-0.008202597498893738,-0.006272343453019857,-0.006759066134691238,-0.000486722681671381,0.0014435313642024994,0.00019253836944699287,0.0011644791811704636,0.0006425874889828265,0.0004886592505499721
356,393,80,-0.08328226208686829,-0.08285985141992569,-0.08339416980743408,-0.08330976217985153,8.440762758255005e-05,-0.0004499107599258423,-0.0003380030393600464,0.0011644792975857854,0.0006425873725675046,0.0004886605311185122
357,393,80,-0.1533188372850418,-0.1543363630771637,-0.1520175188779831,-0.15366806089878082,-0.0016505420207977295,0.0006683021783828735,-0.0006330162286758423,0.0011644792975857854,0.0006425873143598437,0.000488660647533834
358,393,81,-0.19703815877437592,-0.19754143059253693,-0.19654570519924164,-0.1971910297870636,-0.0006453245878219604,0.00035040080547332764,-0.0001420527696609497,0.0011644794140011072,0.0006425870815292001,0.0004886641982011497
359,392,766,-0.10740707814693451,-0.11006719619035721,-0.10616294294595718,-0.11077352613210678,-0.004610583186149597,-0.0007063299417495728,-0.0019504651427268982,0.0011644792975857854,0.0006425873143598437,0.0004886610549874604
360,418,391,-0.1573086977005005,-0.1575838178396225,-0.15756167471408844,-0.15803150832653046,-0.0004698336124420166,-0.000447690486907959,-0.00019471347332000732,0.0011644792975857854,0.0006425873143598437,0.0004886611714027822
361,418,195,-0.10840103775262833,-0.10794879496097565,-0.10637175291776657,-0.10673723369836807,-0.00036548078060150146,0.0012115612626075745,-0.0008177235722541809,0.0011644794140011072,0.000642587139736861,0.0004886632086709142
362,419,132,-0.0014816406182944775,-0.001285770209506154,0.0016678622923791409,0.002166727790609002,0.0004988654982298613,0.003452498000115156,0.00030299508944153786,0.0011644791811704636,0.0006425874889828265,0.0004886592505499721
363,415,127,-0.05437421426177025,-0.05460071936249733,-0.050908539444208145,-0.051556751132011414,-0.0006482116878032684,0.003043968230485916,-0.00042170658707618713,0.0011644791811704636,0.0006425874889828265,0.000488659949041903
364,416,190,0.011049004271626472,0.010851229541003704,0.011284910142421722,0.01074135210365057,-0.0005435580387711525,-0.00010987743735313416,-0.0003457833081483841,0.0011644792975857854,0.0006425873143598437,0.0004886610549874604
365,425,216,-0.10557395219802856,-0.1061248853802681,-0.10578691959381104,-0.10639550536870956,-0.000608585774898529,-0.0002706199884414673,-5.765259265899658e-05,0.0011644791811704636,0.0006425873725675046,0.0004886600654572248
366,422,289,-0.15701735019683838,-0.1571313440799713,-0.15342728793621063,-0.153124138712883,0.0003031492233276367,0.004007205367088318,0.0004171431064605713,0.0011644790647551417,0.0006425877218134701,0.0004886559327133
367,425,180,-0.2929282784461975,-0.29142239689826965,-0.29624027013778687,-0.2935963273048401,0.0026439428329467773,-0.0021739304065704346,0.001138061285018921,0.0011644791811704636,0.0006425874307751656,0.0004886587848886847
368,425,670,-0.19938965141773224,-0.19755694270133972,-0.200393944978714,-0.19895179569721222,0.00144214928150177,-0.0013948529958724976,-0.00039055943489074707,0.00116447894833982,0.000642587780021131,0.0004886551178060472
369,422,473,-0.13430216908454895,-0.13399851322174072,-0.13360854983329773,-0.1338339000940323,-0.0002253502607345581,0.00016461312770843506,-0.0005290061235427856,0.0011644791811704636,0.0006425874889828265,0.0004886585520580411
370,422,473,-0.3006545901298523,-0.2999001741409302,-0.30288389325141907,-0.30226197838783264,0.0006219148635864258,-0.002361804246902466,-0.00013250112533569336,0.0011644791811704636,0.0006425874889828265,0.0004886592505499721
371,422,927,-0.26503440737724304,-0.2653084993362427,-0.26611194014549255,-0.26647815108299255,-0.0003662109375,-0.001169651746749878,-9.211897850036621e-05,0.0011644791811704636,0.0006425874889828265,0.0004886586684733629
372,422,299,-0.14141488075256348,-0.14169646799564362,-0.1420888751745224,-0.1423908770084381,-0.00030200183391571045,-0.0006944090127944946,-2.041459083557129e-05,0.00116447894833982,0.0006425877218134701,0.0004886554670520127
373,422,473,-0.19609171152114868,-0.19560576975345612,-0.1955185830593109,-0.19502492249011993,0.000493660569190979,0.0005808472633361816,7.718801498413086e-06,0.0011644790647551417,0.0006425877218134701,0.0004886562237516046
374,438,266,-0.14251646399497986,-0.1438412070274353,-0.14499901235103607,-0.14698517322540283,-0.0019861608743667603,-0.0031439661979675293,-0.0006614178419113159,0.0011644792975857854,0.0006425874307751656,0.0004886609967797995
375,433,704,-0.1021428257226944,-0.10483082383871078,-0.10075987130403519,-0.104926697909832,-0.004166826605796814,-9.587407112121582e-05,-0.001478828489780426,0.0011644794140011072,0.0006425871979445219,0.0004886637907475233
376,438,255,-0.23559314012527466,-0.2394181489944458,-0.23683668673038483,-0.2422773838043213,-0.005440697073936462,-0.0028592348098754883,-0.0016156882047653198,0.0011644791811704636,0.0006425874889828265,0.0004886604729108512
377,438,255,-0.2060004323720932,-0.21026690304279327,-0.20814119279384613,-0.21437515318393707,-0.006233960390090942,-0.004108250141143799,-0.001967489719390869,0.0011644792975857854,0.0006425873143598437,0.0004886627430096269
378,432,456,-0.21728166937828064,-0.22003129124641418,-0.21793881058692932,-0.22161555290222168,-0.0036767423152923584,-0.0015842616558074951,-0.0009271204471588135,0.0011644794140011072,0.0006425870815292001,0.0004886651877313852
379,429,456,-0.04382793605327606,-0.04423203691840172,-0.04218537360429764,-0.0425444096326828,-0.00035903602838516235,0.0016876272857189178,4.5064836740493774e-05,0.0011644794140011072,0.0006425871979445219,0.0004886635579168797
380,431,579,-0.079459547996521,-0.08046904951334,-0.08259475231170654,-0.08474491536617279,-0.0021501630544662476,-0.004275865852832794,-0.0011406615376472473,0.0011644794140011072,0.000642587139736861,0.0004886644310317934
381,432,704,-0.026462063193321228,-0.029966097325086594,-0.028480634093284607,-0.03336770832538605,-0.00488707423210144,-0.0034016110002994537,-0.0013830401003360748,0.0011644794140011072,0.000642587139736861,0.0004886648966930807
382,432,703,-0.14895470440387726,-0.15189892053604126,-0.15356190502643585,-0.15726707875728607,-0.0037051737308502197,-0.005368158221244812,-0.0007609575986862183,0.0011644794140011072,0.0006425870815292001,0.0004886653041467071
383,432,703,-0.2052495777606964,-0.20903220772743225,-0.20708170533180237,-0.21223628520965576,-0.0051545798778533936,-0.0032040774822235107,-0.0013719499111175537,0.0011644794140011072,0.0006425871979445219,0.0004886637907475233
384,432,465,-0.10607601702213287,-0.11068501323461533,-0.10986187309026718,-0.11584354937076569,-0.005981676280498505,-0.00515853613615036,-0.0013726800680160522,0.0011644794140011072,0.0006425872561521828,0.0004886632086709142
385,432,579,-0.14297187328338623,-0.14688286185264587,-0.1461254060268402,-0.1516791433095932,-0.005553737282752991,-0.004796281456947327,-0.0016427487134933472,0.0011644792975857854,0.0006425872561521828,0.000488662684801966
386,431,704,-0.05558788776397705,-0.0570044070482254,-0.055471524596214294,-0.0576881542801857,-0.002216629683971405,-0.0006837472319602966,-0.000800110399723053,0.0011644794140011072,0.000642587139736861,0.0004886648966930807
387,447,57,-0.20874403417110443,-0.20807117223739624,-0.20874200761318207,-0.20928257703781128,-0.0005405694246292114,-0.001211404800415039,-0.0012134313583374023,0.0011644791811704636,0.0006425874889828265,0.0004886589013040066
388,447,57,-0.07420027256011963,-0.07368813455104828,-0.07231038808822632,-0.07232610881328583,-1.5720725059509277e-05,0.0013620257377624512,-0.0005278587341308594,0.0011644791811704636,0.0006425874307751656,0.0004886600654572248
389,445,754,-0.08235582709312439,-0.08116036653518677,-0.0809706375002861,-0.0802881270647049,0.0006825104355812073,0.0008722394704818726,-0.0005129501223564148,0.001164479530416429,0.0006425869651138783,0.0004886658280156553
390,442,60,-0.13854485750198364,-0.13916592299938202,-0.1385217010974884,-0.14073559641838074,-0.002213895320892334,-0.0015696734189987183,-0.0015928298234939575,0.0011644791811704636,0.0006425874889828265,0.0004886594251729548
391,442,754,-0.166035994887352,-0.16475889086723328,-0.16702573001384735,-0.1674528419971466,-0.00042711198329925537,-0.00269395112991333,-0.0017042160034179688,0.0011644794140011072,0.000642587139736861,0.0004886632668785751
392,442,64,-0.13280269503593445,-0.1319110095500946,-0.1305149793624878,-0.13026048243045807,0.0002544969320297241,0.0016505271196365356,-0.0006371885538101196,0.0011644794140011072,0.0006425871979445219,0.0004886629758402705
393,442,60,-0.133785679936409,-0.13409064710140228,-0.13154937326908112,-0.13276979327201843,-0.001220420002937317,0.00132085382938385,-0.0009154528379440308,0.0011644792975857854,0.0006425873725675046,0.0004886609385721385
394,466,579,-0.07310066372156143,-0.07425859570503235,-0.07173345237970352,-0.07376521080732346,-0.002031758427619934,0.0004933848977088928,-0.0008738264441490173,0.0011644792975857854,0.0006425873143598437,0.0004886624519713223
395,458,579,-0.07046029716730118,-0.07057024538516998,-0.07012069225311279,-0.07065107673406601,-0.0005303844809532166,-8.083134889602661e-05,-0.0004204362630844116,0.0011644791811704636,0.0006425874889828265,0.0004886595415882766
396,458,433,-0.14962078630924225,-0.14894819259643555,-0.15099333226680756,-0.14946787059307098,0.0015254616737365723,-0.000519677996635437,0.0008528679609298706,0.0011644791811704636,0.0006425875471904874,0.0004886589595116675
397,454,250,-0.10302549600601196,-0.10518929362297058,-0.10270814597606659,-0.10569131374359131,-0.0029831677675247192,-0.0005020201206207275,-0.0008193701505661011,0.0011644792975857854,0.0006425872561521828,0.0004886623937636614
398,456,253,-0.11838333308696747,-0.11994248628616333,-0.12233434617519379,-0.1252019703388214,-0.0028676241636276245,-0.005259484052658081,-0.0013084709644317627,0.0011644794140011072,0.000642587139736861,0.0004886632668785751
399,454,433,-0.06022684648633003,-0.06164208799600601,-0.05852310732007027,-0.0595872588455677,-0.0010641515254974365,0.0020548291504383087,0.0003510899841785431,0.0011644794140011072,0.000642587139736861,0.0004886637325398624
400,456,1010,-0.05821540206670761,-0.05916096270084381,-0.06129002943634987,-0.0630897656083107,-0.0017997361719608307,-0.003928802907466888,-0.0008541755378246307,0.0011644794140011072,0.0006425870815292001,0.0004886647220700979
401,456,253,-0.036620788276195526,-0.035742465406656265,-0.036606401205062866,-0.037439439445734024,-0.0008330382406711578,-0.0016969740390777588,-0.0017113611102104187,0.0011644792975857854,0.0006425873725675046,0.0004886614042334259
402,456,1010,-0.03625538945198059,-0.03641751408576965,-0.037678055465221405,-0.038480427116155624,-0.0008023716509342194,-0.002062913030385971,-0.0006402470171451569,0.0011644792975857854,0.0006425872561521828,0.000488662626594305
403,458,439,-0.03469987213611603,-0.033734582364559174,-0.03561103343963623,-0.03338408097624779,0.002226952463388443,0.0003505013883113861,0.0012616626918315887,0.0011644791811704636,0.0006425874307751656,0.0004886602982878685
404,458,439,-0.00347113236784935,-0.0030127782374620438,-0.0037464573979377747,-0.001763155683875084,0.0019833017140626907,0.0012496225535869598,0.0015249475836753845,0.0011644791811704636,0.0006425874307751656,0.0004886601236648858
405,458,433,-0.06052077189087868,-0.06129740923643112,-0.06182495877146721,-0.061406951397657394,0.00041800737380981445,-0.00010954216122627258,0.001194644719362259,0.0011644792975857854,0.0006425872561521828,0.0004886623937636614
406,454,433,-0.10692792385816574,-0.10961596667766571,-0.10735101997852325,-0.10974439978599548,-0.002393379807472229,-0.00012843310832977295,0.0002946630120277405,0.0011644794140011072,0.000642587139736861,0.0004886637907475233
407,474,313,-0.0976988822221756,-0.09939844161272049,-0.09952294081449509,-0.10145466029644012,-0.0019317194819450378,-0.002056218683719635,-0.00023216009140014648,0.001164478831924498,0.0006425881874747574,0.0004886509850621223
408,474,489,-0.06748473644256592,-0.06865709275007248,-0.0697137862443924,-0.07069632411003113,-0.000982537865638733,-0.0020392313599586487,0.00018981844186782837,0.00116447894833982,0.000642587838228792,0.0004886552924290299
409,474,371,-0.06347028911113739,-0.06302790343761444,-0.06409864872694016,-0.06338907033205032,0.0007095783948898315,-0.00036116689443588257,0.0002671927213668823,0.0011644790647551417,0.000642587780021131,0.0004886560491286218
410,474,481,-0.13422010838985443,-0.13440272212028503,-0.13503114879131317,-0.13514545559883118,-0.00011430680751800537,-0.0007427334785461426,6.830692291259766e-05,0.0011644787155091763,0.0006425881874747574,0.0004886500537395477
411,472,428,-0.1186932772397995,-0.12027866393327713,-0.11854824423789978,-0.12062051147222519,-0.002072267234325409,-0.0003418475389480591,-0.0004868805408477783,0.00116447894833982,0.000642587780021131,0.0004886553506366909
412,469,428,-0.10606992989778519,-0.10661306232213974,-0.10666730254888535,-0.10757437348365784,-0.0009070709347724915,-0.0009613111615180969,-0.00036393851041793823,0.0011644790647551417,0.0006425876053981483,0.0004886577371507883
413,485,362,-0.2289215326309204,-0.23016968369483948,-0.23156985640525818,-0.23306423425674438,-0.001494377851486206,-0.0028945505619049072,-0.00024622678756713867,0.0011644791811704636,0.0006425876053981483,0.0004886582610197365
414,483,664,-0.20847192406654358,-0.20730099081993103,-0.21101894974708557,-0.21038818359375,0.0006307661533355713,-0.0030871927738189697,-0.0005401670932769775,0.0011644790647551417,0.0006425876053981483,0.0004886572132818401
415,488,842,-0.30679890513420105,-0.3062575161457062,-0.3072265684604645,-0.3069387376308441,0.00028783082962036133,-0.0006812214851379395,-0.0002535581588745117,0.0011644790647551417,0.000642587780021131,0.0004886561655439436
416,488,362,-0.18647384643554688,-0.18908098340034485,-0.1866866648197174,-0.18981128931045532,-0.003124624490737915,-0.0007303059101104736,-0.0005174875259399414,0.00116447894833982,0.000642587838228792,0.0004886543611064553
417,488,362,-0.23331087827682495,-0.23622167110443115,-0.23493896424770355,-0.23896552622318268,-0.004026561975479126,-0.002743855118751526,-0.0011157691478729248,0.0011644790647551417,0.0006425876636058092,0.0004886573296971619
418,482,362,-0.17020529508590698,-0.17133857309818268,-0.16986852884292603,-0.17134970426559448,-0.001481175422668457,-1.11311674118042e-05,-0.00034789741039276123,0.0011644791811704636,0.0006425875471904874,0.0004886590759269893
419,488,472,-0.18511462211608887,-0.1869669258594513,-0.18865716457366943,-0.19120332598686218,-0.002546161413192749,-0.004236400127410889,-0.0006938576698303223,0.00116447894833982,0.0006425879546441138,0.0004886533715762198
420,483,472,-0.2552282214164734,-0.2564599812030792,-0.2561371326446533,-0.2587938904762268,-0.0026567578315734863,-0.002333909273147583,-0.0014249980449676514,0.00116447894833982,0.0006425878964364529,0.0004886540118604898
421,477,374,-0.20849201083183289,-0.20854812860488892,-0.20901738107204437,-0.2089710533618927,4.632771015167236e-05,-0.0004229247570037842,0.00010244548320770264,0.0011644790647551417,0.0006425876636058092,0.0004886566894128919
422,477,313,-0.2009941041469574,-0.19996023178100586,-0.20121628046035767,-0.20002081990242004,0.001195460557937622,-6.058812141418457e-05,0.00016158819198608398,0.0011644790647551417,0.0006425876636058092,0.0004886570386588573
423,488,372,-0.3380535840988159,-0.33963897824287415,-0.3422456979751587,-0.3440695106983185,-0.00182381272315979,-0.004430532455444336,-0.0002384185791015625,0.00116447894833982,0.000642587838228792,0.000488654593937099
424,488,473,-0.22431209683418274,-0.22646568715572357,-0.2261575162410736,-0.22849825024604797,-0.0023407340049743652,-0.002032563090324402,-0.00018714368343353271,0.00116447894833982,0.0006425879546441138,0.0004886531969532371
425,488,842,-0.271215558052063,-0.27103590965270996,-0.2713465988636017,-0.2710326611995697,0.0003139376640319824,3.248453140258789e-06,0.00013428926467895508,0.0011644790647551417,0.000642587780021131,0.0004886557580903172
426,477,291,-0.24351739883422852,-0.24484001100063324,-0.24389328062534332,-0.24567003548145294,-0.0017767548561096191,-0.0008300244808197021,-0.000454142689704895,0.0011644791811704636,0.0006425875471904874,0.0004886583192273974
427,480,470,-0.1826041340827942,-0.18240302801132202,-0.18415726721286774,-0.18519285321235657,-0.0010355859994888306,-0.002789825201034546,-0.0012366920709609985,0.00116447894833982,0.000642587838228792,0.0004886552924290299
428,483,664,-0.23574736714363098,-0.23512005805969238,-0.24127674102783203,-0.24216708540916443,-0.0008903443813323975,-0.007047027349472046,-0.001517653465270996,0.0011644790647551417,0.0006425876636058092,0.0004886564565822482
429,512,652,-0.0953531414270401,-0.09433242678642273,-0.09559736400842667,-0.09388617426156998,0.0017111897468566895,0.0004462525248527527,0.0006904751062393188,0.0011644791811704636,0.0006425874889828265,0.0004886591341346502
430,512,652,-0.08096915483474731,-0.07993826270103455,-0.0820561870932579,-0.08093254268169403,0.0011236444115638733,-0.0009942799806594849,9.275227785110474e-05,0.0011644791811704636,0.0006425874889828265,0.0004886589595116675
431,512,770,-0.1076599508523941,-0.10737934708595276,-0.10937288403511047,-0.10963553190231323,-0.0002626478672027588,-0.0022561848163604736,-0.000543251633644104,0.0011644791811704636,0.0006425874889828265,0.0004886592505499721
432,512,970,-0.0686502680182457,-0.07038084417581558,-0.06858321279287338,-0.07138628512620926,-0.0028030723333358765,-0.0010054409503936768,-0.0010724961757659912,0.0011644791811704636,0.0006425874889828265,0.0004886588430963457
433,512,770,-0.09072630107402802,-0.09082675725221634,-0.09341403096914291,-0.09397322684526443,-0.000559195876121521,-0.0031464695930480957,-0.000458739697933197,0.0011644791811704636,0.0006425874889828265,0.0004886591341346502
434,512,971,-0.06492574512958527,-0.06626033782958984,-0.06468513607978821,-0.06647475808858871,-0.0017896220088005066,-0.00021442025899887085,-0.00045502930879592896,0.0011644791811704636,0.0006425874889828265,0.0004886595997959375
435,512,770,-0.17210830748081207,-0.1721804440021515,-0.17255939543247223,-0.172689288854599,-0.00012989342212677002,-0.0005088448524475098,-5.7756900787353516e-05,0.0011644791811704636,0.0006425875471904874,0.000488657969981432
436,512,970,-0.10334057360887527,-0.10484607517719269,-0.10277680307626724,-0.10516001284122467,-0.002383209764957428,-0.0003139376640319824,-0.0008777081966400146,0.0011644790647551417,0.0006425876636058092,0.00048865657299757
437,508,525,-0.15751072764396667,-0.1582704782485962,-0.15767985582351685,-0.15943683683872223,-0.0017569810152053833,-0.0011663585901260376,-0.0009972304105758667,0.0011644791811704636,0.0006425875471904874,0.000488657911773771
438,505,331,-0.22700874507427216,-0.2257397472858429,-0.2213050276041031,-0.21927069127559662,0.0020343363285064697,0.006469056010246277,0.0007653385400772095,0.0011644791811704636,0.0006425874889828265,0.0004886584356427193
439,518,693,-0.15239180624485016,-0.15176048874855042,-0.15603843331336975,-0.15563461184501648,0.0004038214683532715,-0.0038741230964660645,-0.00022749602794647217,0.0011644794140011072,0.0006425870815292001,0.0004886634415015578
440,516,406,-0.18279002606868744,-0.18219833076000214,-0.18317711353302002,-0.1838393211364746,-0.0006622076034545898,-0.0016409903764724731,-0.0012539029121398926,0.0011644792975857854,0.000642587139736861,0.000488662684801966
441,516,407,-0.29134586453437805,-0.29221469163894653,-0.29056525230407715,-0.2921757698059082,-0.0016105175018310547,3.892183303833008e-05,-0.0007416903972625732,0.0011644794140011072,0.0006425870815292001,0.000488663965370506
442,515,405,-0.11452659964561462,-0.11349369585514069,-0.11659988015890121,-0.11542201042175293,0.001177869737148285,-0.0019283145666122437,0.00014496594667434692,0.0011644794140011072,0.0006425870815292001,0.0004886638489551842
443,513,406,-0.1682467758655548,-0.16986942291259766,-0.16808786988258362,-0.17188724875450134,-0.0037993788719177246,-0.0020178258419036865,-0.002176731824874878,0.001164479530416429,0.0006425869651138783,0.0004886654205620289
444,513,407,-0.34428703784942627,-0.3462696671485901,-0.3430679440498352,-0.3459920287132263,-0.0029240846633911133,0.00027763843536376953,-0.0009414553642272949,0.0011644794140011072,0.000642587139736861,0.0004886630340479314
445,513,406,-0.23706644773483276,-0.23894530534744263,-0.23731574416160583,-0.24075376987457275,-0.003438025712966919,-0.001808464527130127,-0.0015591681003570557,0.0011644794140011072,0.0006425870815292001,0.000488664663862437
446,513,407,-0.2934527099132538,-0.2961817979812622,-0.29341602325439453,-0.29766589403152466,-0.004249870777130127,-0.0014840960502624512,-0.001520782709121704,0.0011644794140011072,0.0006425870815292001,0.0004886639071628451
447,527,511,0.08337972313165665,0.08285540342330933,0.08222725242376328,0.08137473464012146,-0.0008525177836418152,-0.0014806687831878662,-0.00032819807529449463,0.0011644791811704636,0.0006425875471904874,0.0004886577953584492
448,528,64,0.006983326748013496,0.007111728191375732,0.007709634955972433,0.008024843409657478,0.00031520845368504524,0.0009131152182817459,0.00018680701032280922,0.0011644790647551417,0.0006425876053981483,0.0004886571550741792
449,529,62,-0.04532565549015999,-0.045733191072940826,-0.044902216643095016,-0.04359225183725357,0.001309964805841446,0.002140939235687256,0.001717500388622284,0.0011644792975857854,0.0006425872561521828,0.0004886610549874604
450,528,38,0.0445716492831707,0.04623204097151756,0.04458111524581909,0.04579585790634155,0.001214742660522461,-0.00043618306517601013,-0.00044564902782440186,0.0011644790647551417,0.0006425875471904874,0.0004886570968665183
451,523,511,0.025219811126589775,0.024623241275548935,0.02333686500787735,0.021928295493125916,-0.0014085695147514343,-0.0026949457824230194,-0.0008119996637105942,0.0011644790647551417,0.0006425876636058092,0.0004886561655439436
452,523,511,-0.008090765215456486,-0.008822033181786537,-0.008522492833435535,-0.009744199924170971,-0.0012217070907354355,-0.0009221667423844337,-0.0004904391244053841,0.0011644792975857854,0.0006425873725675046,0.0004886604729108512
453,522,62,0.01853625476360321,0.018081340938806534,0.018814537674188614,0.018926722928881645,0.00011218525469303131,0.0008453819900751114,0.000567099079489708,0.0011644791811704636,0.0006425874307751656,0.0004886593669652939
454,522,64,-0.02501486986875534,-0.025905471295118332,-0.023670721799135208,-0.023926641792058945,-0.00025591999292373657,0.001978829503059387,0.0006346814334392548,0.0011644792975857854,0.0006425873143598437,0.0004886603564955294
455,523,511,-0.015411382541060448,-0.015437517315149307,-0.016338810324668884,-0.016750935465097427,-0.0004121251404285431,-0.0013134181499481201,-0.00038599036633968353,0.0011644792975857854,0.0006425873143598437,0.0004886611131951213
456,535,672,-0.3808220624923706,-0.38370200991630554,-0.3844420611858368,-0.38979044556617737,-0.005348384380340576,-0.006088435649871826,-0.0024684369564056396,0.0011644794140011072,0.0006425870815292001,0.000488664663862437
457,535,612,-0.4076792895793915,-0.40952470898628235,-0.40933066606521606,-0.4118196368217468,-0.0024889707565307617,-0.0022949278354644775,-0.0006435513496398926,0.0011644794140011072,0.0006425870815292001,0.0004886643728241324
458,535,612,-0.43649837374687195,-0.4392239451408386,-0.4386073648929596,-0.4427317976951599,-0.004124432802200317,-0.003507852554321289,-0.0013988614082336426,0.0011644794140011072,0.000642587139736861,0.0004886641399934888
459,535,152,-0.4381539225578308,-0.4411259591579437,-0.44226598739624023,-0.4477754533290863,-0.005509465932846069,-0.006649494171142578,-0.0025374293327331543,0.001164479530416429,0.0006425869651138783,0.0004886661190539598
460,535,612,-0.41857871413230896,-0.41962528228759766,-0.4203425347805023,-0.421739786863327,-0.001397252082824707,-0.00211450457572937,-0.00035068392753601074,0.001164479530416429,0.0006425869651138783,0.0004886664682999253
461,533,677,-0.3407457172870636,-0.3433474898338318,-0.34376418590545654,-0.34830379486083984,-0.004539608955383301,-0.004956305027008057,-0.0019378364086151123,0.0011644794140011072,0.0006425870815292001,0.0004886646056547761
462,532,409,-0.05428986996412277,-0.054069727659225464,-0.054342351853847504,-0.053752586245536804,0.0005897656083106995,0.00031714141368865967,0.0003696233034133911,0.001164479530416429,0.0006425869651138783,0.0004886659444309771
463,540,24,-0.08795597404241562,-0.08820933848619461,-0.08825219422578812,-0.0874873474240303,0.0007648468017578125,0.0007219910621643066,0.0010182112455368042,0.001164479530416429,0.0006425870233215392,0.000488665362354368
464,533,409,-0.07567884027957916,-0.07576578855514526,-0.07609036564826965,-0.07615400850772858,-6.364285945892334e-05,-0.000388219952583313,2.3305416107177734e-05,0.0011644796468317509,0.0006425868486985564,0.0004886681563220918
465,533,677,-0.3104530870914459,-0.31111788749694824,-0.3083011209964752,-0.3084027171134949,-0.00010159611701965332,0.002715170383453369,0.000563204288482666,0.001164479530416429,0.0006425868486985564,0.0004886670503765345
466,535,612,-0.3589904010295868,-0.36129090189933777,-0.3608461618423462,-0.36452215909957886,-0.003675997257232666,-0.003231257200241089,-0.0013754963874816895,0.001164479530416429,0.0006425869651138783,0.0004886663518846035
467,535,672,-0.3504158854484558,-0.3520195186138153,-0.3520849347114563,-0.3565407991409302,-0.004455864429473877,-0.004521280527114868,-0.00285223126411438,0.001164479530416429,0.0006425869069062173,0.0004886671085841954
468,535,326,-0.32368558645248413,-0.3260461390018463,-0.32681548595428467,-0.3317278027534485,-0.004912316799163818,-0.005681663751602173,-0.0025517642498016357,0.001164479530416429,0.0006425869069062173,0.0004886672832071781
469,535,672,-0.3526920676231384,-0.35548120737075806,-0.3567376732826233,-0.36280345916748047,-0.006065785884857178,-0.007322251796722412,-0.003276646137237549,0.0011644794140011072,0.0006425870815292001,0.0004886646056547761
470,562,605,-0.370934396982193,-0.3717033267021179,-0.3700536787509918,-0.37129271030426025,-0.0012390315532684326,0.000410616397857666,-0.00047010183334350586,0.0011644791811704636,0.0006425874307751656,0.000488659308757633
471,562,605,-0.26220226287841797,-0.26191091537475586,-0.2596660554409027,-0.25888726115226746,0.0007787942886352539,0.0030236542224884033,0.00048744678497314453,0.0011644792975857854,0.0006425873143598437,0.0004886614624410868
472,562,605,-0.21608182787895203,-0.2164829969406128,-0.2160043567419052,-0.21610687673091888,-0.00010251998901367188,0.0003761202096939087,0.0002986490726470947,0.0011644791811704636,0.0006425874307751656,0.0004886589013040066
473,562,802,-0.2446252703666687,-0.2440204620361328,-0.24785517156124115,-0.2466021627187729,0.0012530088424682617,-0.0025817006826400757,0.000648200511932373,0.0011644792975857854,0.0006425873143598437,0.0004886607639491558
474,562,803,-0.31442293524742126,-0.31408458948135376,-0.31740838289260864,-0.3165632486343384,0.0008451342582702637,-0.002478659152984619,0.0005067884922027588,0.0011644791811704636,0.0006425874889828265,0.0004886586684733629
475,562,844,-0.3038429617881775,-0.30136507749557495,-0.3052838444709778,-0.3023720681667328,0.002911776304244995,-0.001006990671157837,0.00043389201164245605,0.0011644791811704636,0.0006425875471904874,0.0004886581446044147
476,562,801,-0.2542426586151123,-0.25219354033470154,-0.2576129734516144,-0.25485143065452576,0.002761542797088623,-0.0026578903198242188,0.0007124245166778564,0.0011644792975857854,0.0006425873725675046,0.0004886602400802076
477,562,605,-0.2056957483291626,-0.20505641400814056,-0.20307102799415588,-0.20171189308166504,0.0013591349124908447,0.003344520926475525,0.000719800591468811,0.0011644792975857854,0.0006425873143598437,0.0004886614042334259
478,553,197,-0.3614462614059448,-0.3603517413139343,-0.36585962772369385,-0.36473000049591064,0.0011296272277832031,-0.004378259181976318,3.510713577270508e-05,0.0011644792975857854,0.0006425872561521828,0.0004886615206487477
479,554,309,-0.30164575576782227,-0.3042677640914917,-0.3048519790172577,-0.30888277292251587,-0.004030793905258179,-0.00461500883102417,-0.0014087855815887451,0.0011644794140011072,0.0006425870233215392,0.0004886652459390461
480,554,308,-0.25199559330940247,-0.2534681260585785,-0.2572055757045746,-0.2611989974975586,-0.003993421792984009,-0.0077308714389801025,-0.0025208890438079834,0.0011644792975857854,0.0006425873143598437,0.0004886614042334259
481,553,308,-0.23098012804985046,-0.23264354467391968,-0.23630808293819427,-0.2393537014722824,-0.0030456185340881348,-0.006710156798362732,-0.001382201910018921,0.001164479530416429,0.0006425869651138783,0.0004886654787696898
482,554,307,-0.19883304834365845,-0.20203690230846405,-0.20513156056404114,-0.21101364493370056,-0.005882084369659424,-0.008976742625236511,-0.002678230404853821,0.0011644792975857854,0.0006425872561521828,0.0004886618698947132
483,549,603,-0.1756715476512909,-0.17358794808387756,-0.1762174367904663,-0.1728755235671997,0.0033419132232666016,0.0007124245166778564,0.0012583136558532715,0.0011644791811704636,0.0006425873725675046,0.0004886595415882766
484,548,197,-0.315990149974823,-0.3166310489177704,-0.3245559632778168,-0.3270527720451355,-0.0024968087673187256,-0.010421723127365112,-0.0018559098243713379,0.001164479530416429,0.0006425869651138783,0.0004886658280156553
485,564,669,-0.05135750770568848,-0.051344405859708786,-0.05193367600440979,-0.05166437476873398,0.00026930123567581177,-0.00031996890902519226,0.0002561993896961212,0.0011644796468317509,0.0006425868486985564,0.0004886680981144309
486,563,699,-0.08055698871612549,-0.08106768876314163,-0.08453232795000076,-0.08530239015817642,-0.0007700622081756592,-0.00423470139503479,-0.0002593621611595154,0.0011644796468317509,0.0006425867322832346,0.0004886696697212756
487,563,668,-0.13536179065704346,-0.13635729253292084,-0.13598662614822388,-0.1369135081768036,-0.0009268820285797119,-0.0005562156438827515,6.861984729766846e-05,0.0011644797632470727,0.00064258644124493,0.000488672754727304
488,563,668,-0.12251169979572296,-0.12232396751642227,-0.12460926175117493,-0.12452729791402817,8.196383714675903e-05,-0.002203330397605896,-0.00010576844215393066,0.0011644797632470727,0.0006425864994525909,0.0004886723472736776
489,584,214,-0.11882323771715164,-0.11889301985502243,-0.118459053337574,-0.11922473460435867,-0.000765681266784668,-0.0003317147493362427,-0.0006958991289138794,0.0011644794140011072,0.000642587139736861,0.0004886640817858279
490,582,721,-0.15666387975215912,-0.15897324681282043,-0.15523654222488403,-0.1590234339237213,-0.0037868916988372803,-5.0187110900878906e-05,-0.0014775246381759644,0.001164479530416429,0.0006425869651138783,0.0004886661190539598
491,579,706,-0.09823943674564362,-0.0982687696814537,-0.09698102623224258,-0.09664352983236313,0.00033749639987945557,0.0016252398490905762,0.0003668293356895447,0.0011644792975857854,0.0006425871979445219,0.0004886628594249487
492,584,435,-0.11308473348617554,-0.11463113874197006,-0.11548949778079987,-0.11673357337713242,-0.00124407559633255,-0.0021024346351623535,0.0003023296594619751,0.0011644794140011072,0.000642587139736861,0.000488663965370506
493,588,694,-0.15112270414829254,-0.15027236938476562,-0.1475011706352234,-0.14649158716201782,0.0010095834732055664,0.0037807822227478027,0.0001592487096786499,0.0011644794140011072,0.0006425871979445219,0.000488663325086236
494,584,440,-0.2269122302532196,-0.2301652431488037,-0.22742435336112976,-0.23027288913726807,-0.0028485357761383057,-0.00010764598846435547,0.0004044771194458008,0.0011644792975857854,0.0006425873143598437,0.0004886616370640695
495,584,466,-0.12123208492994308,-0.12196765840053558,-0.12337969988584518,-0.12394841015338898,-0.0005687102675437927,-0.0019807517528533936,0.00016686320304870605,0.0011644792975857854,0.0006425873143598437,0.0004886621609330177
496,574,706,-0.043196190148591995,-0.04259747266769409,-0.0407177172601223,-0.03992393612861633,0.0007937811315059662,0.002673536539077759,0.00019506365060806274,0.0011644794140011072,0.0006425870815292001,0.0004886647220700979
497,584,263,-0.1046491339802742,-0.10640046745538712,-0.10741212218999863,-0.10981488227844238,-0.002402760088443756,-0.0034144148230552673,-0.0006514266133308411,0.0011644794140011072,0.0006425871979445219,0.000488663325086236
498,578,707,-0.17493674159049988,-0.1763666421175003,-0.17272169888019562,-0.17436861991882324,-0.0016469210386276245,0.001998022198677063,-0.00021702051162719727,0.001164479530416429,0.0006425869651138783,0.0004886657116003335
499,579,711,-0.21906007826328278,-0.22072483599185944,-0.2200511395931244,-0.22163383662700653,-0.0015826970338821411,-0.0009090006351470947,8.206069469451904e-05,0.0011644797632470727,0.0006425866158679128,0.0004886712413281202
500,578,707,-0.16467046737670898,-0.1654496043920517,-0.1641136258840561,-0.16550320386886597,-0.0013895779848098755,-5.359947681427002e-05,-0.0006104409694671631,0.001164479530416429,0.0006425868486985564,0.0004886672249995172
501,578,706,-0.12565076351165771,-0.12616798281669617,-0.12556298077106476,-0.12614484131336212,-0.0005818605422973633,2.314150333404541e-05,-6.464123725891113e-05,0.001164479530416429,0.0006425869651138783,0.0004886654205620289
502,579,721,-0.16190925240516663,-0.16495221853256226,-0.1621830314397812,-0.16624745726585388,-0.004064425826072693,-0.001295238733291626,-0.001021459698677063,0.001164479530416429,0.0006425869069062173,0.0004886665847152472
503,578,711,-0.1605638712644577,-0.1609603464603424,-0.1606261134147644,-0.1619310975074768,-0.0013049840927124023,-0.0009707510471343994,-0.0009085088968276978,0.001164479530416429,0.0006425869651138783,0.0004886657116003335
504,606,625,-0.2464621663093567,-0.2451760172843933,-0.24606618285179138,-0.24619294703006744,-0.000126764178276062,-0.0010169297456741333,-0.001412913203239441,0.0011644794140011072,0.0006425869651138783,0.0004886646056547761
505,606,625,-0.17965787649154663,-0.17840096354484558,-0.17555925250053406,-0.17379997670650482,0.0017592757940292358,0.004600986838340759,0.000502362847328186,0.0011644791811704636,0.0006425874307751656,0.0004886589595116675
506,602,95,-0.22071659564971924,-0.2213403582572937,-0.22251924872398376,-0.22395974397659302,-0.001440495252609253,-0.0026193857192993164,-0.00081673264503479,0.0011644791811704636,0.0006425873725675046,0.000488659949041903
507,602,548,-0.2118607461452484,-0.2114563286304474,-0.21204304695129395,-0.2114335596561432,0.0006094872951507568,2.276897430419922e-05,0.00020506978034973145,0.0011644791811704636,0.0006425873725675046,0.000488659308757633
508,602,82,-0.32166242599487305,-0.3214115500450134,-0.32060644030570984,-0.320651650428772,-4.521012306213379e-05,0.0007598996162414551,-0.00029608607292175293,0.0011644792975857854,0.0006425873143598437,0.0004886605893261731
509,602,96,-0.275618314743042,-0.2760521173477173,-0.27792805433273315,-0.279076486825943,-0.0011484324932098389,-0.003024369478225708,-0.0007146298885345459,0.0011644791811704636,0.0006425873725675046,0.0004886594833806157
510,602,87,-0.24868148565292358,-0.2490312159061432,-0.2497115433216095,-0.25088509917259216,-0.001173555850982666,-0.0018538832664489746,-0.0008238255977630615,0.0011644790647551417,0.0006425875471904874,0.0004886574461124837
511,602,101,-0.25637292861938477,-0.2548265755176544,-0.2566220164299011,-0.2547256350517273,0.0018963813781738281,0.00010094046592712402,0.00035002827644348145,0.0011644791811704636,0.0006425873725675046,0.0004886596580035985
512,622,261,-0.18734103441238403,-0.18591275811195374,-0.19067826867103577,-0.1892504096031189,0.0014278590679168701,-0.003337651491165161,-4.172325134277344e-07,0.0011644791811704636,0.0006425875471904874,0.0004886584356427193
513,620,716,0.0527343675494194,0.0540100522339344,0.051513418555259705,0.05237206071615219,0.0008586421608924866,-0.0016379915177822113,-0.0004170425236225128,0.0011644792975857854,0.0006425871979445219,0.000488662684801966
514,622,716,-0.05352502316236496,-0.05227695778012276,-0.055793363600969315,-0.056171007454395294,-0.0003776438534259796,-0.0038940496742725372,-0.0016257092356681824,0.0011644794140011072,0.0006425869651138783,0.0004886653041467071
515,623,624,-0.03397398814558983,-0.032724909484386444,-0.03506843373179436,-0.03356540575623512,0.0015030279755592346,-0.0008404962718486786,0.0002539493143558502,0.0011644792975857854,0.0006425873725675046,0.0004886607639491558
516,617,60,-0.09927311539649963,-0.09911031275987625,-0.09751204401254654,-0.09772749990224838,-0.00021545588970184326,0.0013828128576278687,-0.00037825852632522583,0.0011644792975857854,0.0006425873725675046,0.0004886603564955294
517,615,715,-0.15379469096660614,-0.15430235862731934,-0.15602676570415497,-0.15787649154663086,-0.0018497258424758911,-0.0035741329193115234,-0.0013420581817626953,0.001164479530416429,0.0006425869069062173,0.0004886670503765345
518,615,749,-0.1264723241329193,-0.12674081325531006,-0.1257544308900833,-0.1257704198360443,-1.5988945960998535e-05,0.0009703934192657471,0.00025250017642974854,0.0011644794140011072,0.0006425870815292001,0.0004886641399934888
519,615,751,-0.2587926983833313,-0.2579279839992523,-0.2601376473903656,-0.25905776023864746,0.0010798871517181396,-0.0011297762393951416,0.00021517276763916016,0.0011644794140011072,0.0006425870815292001,0.0004886637325398624
520,617,445,-0.14009356498718262,-0.13972507417201996,-0.13731101155281067,-0.137290358543396,2.065300941467285e-05,0.0024347156286239624,-0.00034783780574798584,0.0011644792975857854,0.0006425872561521828,0.0004886618698947132
521,629,42,-0.022823873907327652,-0.02148439735174179,-0.02390630543231964,-0.021859116852283478,0.0020471885800361633,-0.000374719500541687,0.0007077120244503021,0.0011644792975857854,0.0006425872561521828,0.0004886616952717304
522,629,603,-0.05485435575246811,-0.05505768209695816,-0.05321566388010979,-0.05259508267045021,0.0006205812096595764,0.00246259942650795,0.0008239075541496277,0.0011644791811704636,0.0006425873143598437,0.0004886602400802076
523,628,45,-0.07826688885688782,-0.07818212360143661,-0.08087918162345886,-0.08079437911510468,8.480250835418701e-05,-0.0026122555136680603,3.725290298461914e-08,0.0011644792975857854,0.0006425873143598437,0.000488660647533834
524,629,44,-0.06158433482050896,-0.06161905452609062,-0.06326574832201004,-0.06291801482439041,0.0003477334976196289,-0.0012989602982997894,0.00038245320320129395,0.0011644794140011072,0.0006425870815292001,0.0004886639071628451
525,626,568,-0.12136068940162659,-0.12338975071907043,-0.12314783036708832,-0.1266077160835266,-0.0034598857164382935,-0.0032179653644561768,-0.0014308243989944458,0.0011644791811704636,0.0006425874307751656,0.0004886590759269893
526,626,37,-0.056822314858436584,-0.05763613432645798,-0.057213544845581055,-0.0590844601392746,-0.0018709152936935425,-0.0014483258128166199,-0.0010570958256721497,0.0011644791811704636,0.0006425874307751656,0.0004886591923423111
527,656,833,-0.166329026222229,-0.16623395681381226,-0.16615641117095947,-0.16558238863945007,0.0005740225315093994,0.0006515681743621826,0.00047895312309265137,0.0011644790647551417,0.0006425876636058092,0.0004886572132818401
528,656,851,-0.06722421199083328,-0.06907752901315689,-0.06824428588151932,-0.06993535161018372,-0.0016910657286643982,-0.000857822597026825,0.0001622512936592102,0.0011644792975857854,0.0006425874307751656,0.0004886605893261731
529,656,847,-0.1481083780527115,-0.14873091876506805,-0.14967221021652222,-0.1497509777545929,-7.876753807067871e-05,-0.0010200589895248413,0.0005437731742858887,0.0011644792975857854,0.0006425873725675046,0.0004886614624410868
530,652,431,-0.15027713775634766,-0.1494441032409668,-0.15159910917282104,-0.14871153235435486,0.0028875768184661865,0.0007325708866119385,0.002054542303085327,0.0011644791811704636,0.0006425876053981483,0.000488658610265702
531,652,545,-0.13395625352859497,-0.13242007791996002,-0.1353968232870102,-0.13349802792072296,0.0018987953662872314,-0.0010779500007629395,0.0003626197576522827,0.0011644791811704636,0.0006425875471904874,0.0004886586684733629
532,664,496,-0.22110532224178314,-0.22165413200855255,-0.2296294867992401,-0.23166817426681519,-0.0020386874675750732,-0.010014042258262634,-0.001489877700805664,0.0011644790647551417,0.0006425876053981483,0.0004886581446044147
533,664,317,-0.09715304523706436,-0.09783969074487686,-0.1042570173740387,-0.10583258420228958,-0.001575566828250885,-0.00799289345741272,-0.000888921320438385,0.0011644791811704636,0.0006425874889828265,0.0004886594833806157
534,665,317,-0.07917679846286774,-0.08051354438066483,-0.08456366509199142,-0.08632449805736542,-0.001760832965373993,-0.005810953676700592,-0.0004240870475769043,0.0011644791811704636,0.0006425874307751656,0.0004886603564955294
535,664,481,-0.08321274071931839,-0.0853404849767685,-0.0874590203166008,-0.09112440049648285,-0.0036653801798820496,-0.0057839155197143555,-0.0015376359224319458,0.0011644790647551417,0.0006425877218134701,0.0004886568058282137
536,660,490,-0.29995185136795044,-0.3007023334503174,-0.30167773365974426,-0.30425703525543213,-0.002579301595687866,-0.003554701805114746,-0.0018288195133209229,0.0011644790647551417,0.0006425876053981483,0.0004886573296971619
537,660,369,-0.18595600128173828,-0.18847425282001495,-0.1910787969827652,-0.19469429552555084,-0.0036154985427856445,-0.006220042705535889,-0.0010972470045089722,0.00116447894833982,0.000642587780021131,0.0004886549431830645
538,687,693,-0.32968929409980774,-0.33262598514556885,-0.33029526472091675,-0.33386364579200745,-0.0035683810710906982,-0.0012376606464385986,-0.0006316900253295898,0.0011644791811704636,0.0006425873725675046,0.0004886601236648858
539,688,594,-0.13503889739513397,-0.13573381304740906,-0.13753697276115417,-0.13903319835662842,-0.0014962255954742432,-0.0032993853092193604,-0.0008013099431991577,0.0011644792975857854,0.0006425873725675046,0.0004886607639491558
540,687,693,-0.24184277653694153,-0.24240459501743317,-0.24414204061031342,-0.24501515924930573,-0.0008731186389923096,-0.0026105642318725586,-0.0003113001585006714,0.0011644792975857854,0.0006425871979445219,0.0004886625101789832
541,687,516,-0.23883314430713654,-0.2415560632944107,-0.23835396766662598,-0.2418186068534851,-0.003464639186859131,-0.00026254355907440186,-0.0007417201995849609,0.0011644791811704636,0.0006425875471904874,0.0004886582610197365
542,687,693,-0.28419482707977295,-0.28508251905441284,-0.28875604271888733,-0.2897934317588806,-0.0010373890399932861,-0.0047109127044677734,-0.00014969706535339355,0.0011644794140011072,0.000642587139736861,0.0004886632668785751
543,687,693,-0.2332610934972763,-0.2350144386291504,-0.2358444631099701,-0.23793403804302216,-0.002089574933052063,-0.002919599413871765,-0.0003362298011779785,0.0011644794140011072,0.000642587139736861,0.0004886633832938969
544,688,375,-0.07820340245962143,-0.0776345431804657,-0.08500087261199951,-0.08280609548091888,0.0021947771310806274,-0.005171552300453186,0.0016259178519248962,0.0011644791811704636,0.0006425874889828265,0.0004886590177193284
545,683,383,-0.2928185760974884,-0.294255793094635,-0.2994133234024048,-0.30111411213874817,-0.0017007887363433838,-0.006858319044113159,-0.00026357173919677734,0.0011644790647551417,0.0006425876636058092,0.0004886570968665183
546,679,492,-0.340969979763031,-0.3419712483882904,-0.3479481339454651,-0.3500140607357025,-0.0020659267902374268,-0.00804281234741211,-0.0010646581649780273,0.0011644790647551417,0.0006425875471904874,0.000488657911773771
547,679,111,-0.3154427409172058,-0.3146968185901642,-0.31273484230041504,-0.3115895986557007,0.0011452436447143555,0.003107219934463501,0.0003993213176727295,0.0011644792975857854,0.0006425871979445219,0.000488662626594305
548,679,492,-0.34197089076042175,-0.3423030972480774,-0.34530383348464966,-0.34562554955482483,-0.0003217160701751709,-0.0033224523067474365,1.049041748046875e-05,0.0011644791811704636,0.0006425874307751656,0.0004886597744189203
549,709,575,-0.21420900523662567,-0.21550294756889343,-0.21501927077770233,-0.21732279658317566,-0.0023035258054733276,-0.0018198490142822266,-0.0010095834732055664,0.001164479530416429,0.0006425869069062173,0.0004886678070761263
550,709,724,-0.08701267838478088,-0.08766864240169525,-0.0903291329741478,-0.09196557849645615,-0.0016364455223083496,-0.004296936094760895,-0.000980481505393982,0.0011644794140011072,0.0006425870815292001,0.0004886651295237243
551,711,436,-0.0961633026599884,-0.09654972702264786,-0.0923691987991333,-0.09231734275817871,5.1856040954589844e-05,0.004232384264469147,0.0004382804036140442,0.001164479530416429,0.0006425870233215392,0.0004886658280156553
552,709,500,-0.04673111066222191,-0.0484180673956871,-0.05079343914985657,-0.05383837968111038,-0.0030449405312538147,-0.005420312285423279,-0.00135798379778862,0.0011644796468317509,0.0006425867904908955,0.0004886689712293446
553,709,575,-0.1451246738433838,-0.14548157155513763,-0.14835242927074432,-0.14983446896076202,-0.0014820396900177002,-0.00435289740562439,-0.001125141978263855,0.001164479530416429,0.0006425869651138783,0.0004886662354692817
554,704,575,-0.10725397616624832,-0.10737881809473038,-0.1106187030673027,-0.11166025698184967,-0.0010415539145469666,-0.004281438887119293,-0.0009167119860649109,0.0011644796468317509,0.0006425867904908955,0.0004886690294370055
555,704,499,-0.05593656003475189,-0.05468054115772247,-0.05478622019290924,-0.05405781418085098,0.0007284060120582581,0.0006227269768714905,-0.0005276128649711609,0.0011644796468317509,0.0006425867322832346,0.0004886698443442583
556,702,584,-0.11654463410377502,-0.11838412284851074,-0.11970597505569458,-0.12359344959259033,-0.003887474536895752,-0.00520932674407959,-0.002047985792160034,0.0011644796468317509,0.0006425866740755737,0.0004886702517978847
557,702,816,-0.06230216473340988,-0.06331928074359894,-0.06134268641471863,-0.06287411600351334,-0.0015314295887947083,0.0004451647400856018,-0.0005143135786056519,0.0011644796468317509,0.0006425867322832346,0.0004886697861365974
558,704,585,-0.1293729841709137,-0.12991149723529816,-0.13140100240707397,-0.13311780989170074,-0.00171680748462677,-0.003206312656402588,-0.0011782944202423096,0.0011644796468317509,0.0006425867904908955,0.0004886691458523273
559,704,500,-0.046977974474430084,-0.047282759100198746,-0.046895503997802734,-0.047492001205682755,-0.0005964972078800201,-0.0002092421054840088,-0.00029171258211135864,0.0011644796468317509,0.0006425868486985564,0.00048866803990677
560,732,37,-0.029721451923251152,-0.029867345467209816,-0.032676100730895996,-0.031812675297260284,0.0008634254336357117,-0.0019453298300504684,0.0010093189775943756,0.0011644792975857854,0.0006425873143598437,0.0004886603564955294
561,733,416,-0.06894807517528534,-0.06945765018463135,-0.0700836330652237,-0.07052122801542282,-0.0004375949501991272,-0.0010635778307914734,7.19800591468811e-05,0.001164479530416429,0.0006425869069062173,0.0004886659444309771
562,733,45,-0.09960858523845673,-0.1004086434841156,-0.09961232542991638,-0.0999477431178093,-0.0003354176878929138,0.00046090036630630493,0.0004646405577659607,0.001164479530416429,0.0006425869651138783,0.0004886656533926725
563,731,760,-0.13671807944774628,-0.1377049684524536,-0.13857892155647278,-0.14082665741443634,-0.002247735857963562,-0.003121688961982727,-0.0012608468532562256,0.0011644794140011072,0.0006425871979445219,0.0004886628594249487
564,731,37,-0.15018996596336365,-0.15104839205741882,-0.14974445104599,-0.15182818472385406,-0.0020837336778640747,-0.0007797926664352417,-0.001225307583808899,0.0011644792975857854,0.0006425872561521828,0.0004886615206487477
565,739,22,-0.20280438661575317,-0.20324890315532684,-0.2018505036830902,-0.19997268915176392,0.001877814531326294,0.0032762140035629272,0.0023223310708999634,0.001164479530416429,0.0006425869651138783,0.0004886663518846035
566,739,161,-0.13966645300388336,-0.13869953155517578,-0.139847069978714,-0.13851715624332428,0.0013299137353897095,0.00018237531185150146,0.0003629922866821289,0.0011644796468317509,0.0006425867904908955,0.0004886687966063619
567,739,163,-0.2058935910463333,-0.20465302467346191,-0.2062395215034485,-0.20378412306308746,0.002455398440361023,0.0008689016103744507,0.001214832067489624,0.0011644796468317509,0.0006425867904908955,0.0004886683309450746
568,739,168,-0.14030596613883972,-0.14086242020130157,-0.14010562002658844,-0.1400647610425949,4.0858983993530273e-05,0.000797659158706665,0.0005973130464553833,0.001164479530416429,0.0006425869069062173,0.0004886671085841954
569,741,29,-0.1706981509923935,-0.17019298672676086,-0.17187760770320892,-0.170368030667305,0.0015095770359039307,-0.00017504394054412842,0.0010044127702713013,0.001164479530416429,0.0006425869651138783,0.0004886657698079944
570,734,531,-0.19346468150615692,-0.19145409762859344,-0.19500106573104858,-0.19290846586227417,0.002092599868774414,-0.001454368233680725,8.20159912109375e-05,0.0011644794140011072,0.000642587139736861,0.0004886635579168797
571,738,233,-0.17344653606414795,-0.17535829544067383,-0.17778654396533966,-0.18119052052497864,-0.003403976559638977,-0.00583222508430481,-0.0014922171831130981,0.001164479530416429,0.0006425869069062173,0.0004886664100922644
572,738,233,-0.19925884902477264,-0.20004016160964966,-0.2024126946926117,-0.20402787625789642,-0.001615181565284729,-0.003987714648246765,-0.0008338689804077148,0.001164479530416429,0.0006425867904908955,0.00048866803990677
573,737,611,-0.07137841731309891,-0.07124140858650208,-0.0716521218419075,-0.07227980345487595,-0.0006276816129684448,-0.0010383948683738708,-0.0007646903395652771,0.001164479530416429,0.0006425869069062173,0.0004886665265075862
574,780,1017,-0.33517810702323914,-0.33868369460105896,-0.3352808952331543,-0.33877861499786377,-0.0034977197647094727,-9.492039680480957e-05,7.867813110351562e-06,0.0011644792975857854,0.0006425872561521828,0.0004886615788564086
575,776,1011,-0.4660986065864563,-0.4659282863140106,-0.4671657085418701,-0.4664961099624634,0.0006695985794067383,-0.0005678236484527588,0.0004992783069610596,0.0011644794140011072,0.000642587139736861,0.0004886636743322015
576,783,1005,-0.35700228810310364,-0.3584388196468353,-0.3585038185119629,-0.3599837124347687,-0.0014798939228057861,-0.0015448927879333496,-4.336237907409668e-05,0.001164479530416429,0.0006425869069062173,0.0004886673996224999
577,780,979,-0.4587875008583069,-0.45977360010147095,-0.461168497800827,-0.4624018669128418,-0.0012333691120147705,-0.0026282668113708496,-0.000247269868850708,0.0011644794140011072,0.000642587139736861,0.0004886632668785751
578,780,834,-0.49404841661453247,-0.4948183596134186,-0.4944818615913391,-0.4955695867538452,-0.0010877251625061035,-0.0007512271404266357,-0.0003177821636199951,0.0011644792975857854,0.0006425873725675046,0.0004886607057414949
579,771,1038,-0.4172258675098419,-0.41700610518455505,-0.41488879919052124,-0.4144067168235779,0.0004820823669433594,0.002599388360977173,0.00026232004165649414,0.0011644796468317509,0.0006425867904908955,0.0004886682145297527
580,770,1038,-0.3657408654689789,-0.3668137788772583,-0.3619559109210968,-0.36146557331085205,0.000490337610244751,0.00534820556640625,0.00156325101852417,0.001164479530416429,0.0006425869069062173,0.0004886664682999253
581,771,718,-0.4655143618583679,-0.46627649664878845,-0.4670245945453644,-0.46827954053878784,-0.001254945993423462,-0.0020030438899993896,-0.0004928112030029297,0.001164479530416429,0.0006425869069062173,0.0004886662936769426
582,771,719,-0.2867627739906311,-0.28564170002937317,-0.28849178552627563,-0.2880844473838806,0.00040733814239501953,-0.0024427473545074463,-0.000713735818862915,0.0011644796468317509,0.0006425867904908955,0.0004886683309450746
583,771,991,-0.4761161208152771,-0.47673776745796204,-0.474834144115448,-0.4762135148048401,-0.0013793706893920898,0.0005242526531219482,-0.0007577240467071533,0.001164479530416429,0.0006425869651138783,0.0004886654787696898
584,771,933,-0.38321933150291443,-0.3831281363964081,-0.38263922929763794,-0.38271859288215637,-7.936358451843262e-05,0.000409543514251709,-0.00017055869102478027,0.0011644796468317509,0.0006425866740755737,0.0004886701353825629
585,771,933,-0.4166511595249176,-0.41828453540802,-0.41742822527885437,-0.4203198254108429,-0.0028916001319885254,-0.002035290002822876,-0.0012582242488861084,0.0011644796468317509,0.0006425867904908955,0.0004886689130216837
586,771,1028,-0.33053988218307495,-0.3318755030632019,-0.3294317126274109,-0.3312007784843445,-0.0017690658569335938,0.0006747245788574219,-0.0004334449768066406,0.001164479530416429,0.0006425869651138783,0.0004886662936769426
587,771,236,-0.4289540946483612,-0.4282672107219696,-0.4326518177986145,-0.43288806080818176,-0.00023624300956726074,-0.004620850086212158,-0.0009231269359588623,0.0011644796468317509,0.0006425866740755737,0.0004886699025519192
588,771,718,-0.4258352518081665,-0.42661771178245544,-0.4246884882450104,-0.4251615107059479,-0.0004730224609375,0.0014562010765075684,0.00030943751335144043,0.0011644796468317509,0.0006425867322832346,0.0004886691458523273
589,771,586,-0.33702990412712097,-0.3395957350730896,-0.3355571925640106,-0.3391009569168091,-0.003543764352798462,0.0004947781562805176,-0.000977933406829834,0.001164479530416429,0.0006425869651138783,0.0004886660608462989
590,771,584,-0.4265836477279663,-0.42631101608276367,-0.4283737540245056,-0.4283447265625,2.9027462005615234e-05,-0.002033710479736328,-0.00024360418319702148,0.0011644796468317509,0.0006425866740755737,0.0004886698443442583
