query_index,gallery_positive_index,gallery_negative_index,R00,R10,R01,R11,delta_M_given_F,delta_F_given_M,empirical_interaction,prediction_M,prediction_F,prediction_I
0,2,219,0.034379418939352036,0.03362340107560158,0.03268823027610779,0.0315849669277668,-0.0011032633483409882,-0.002038434147834778,-0.0003472454845905304,0.0004524642135947943,0.0002897115773521364,0.00020727311493828893
1,2,245,-0.035978082567453384,-0.03607527166604996,-0.03698725253343582,-0.037268951535224915,-0.000281699001789093,-0.0011936798691749573,-0.00018450990319252014,0.0004524642135947943,0.0002897115482483059,0.00020727318769786507
2,1,284,0.03301612660288811,0.03325772285461426,0.03440354764461517,0.03462541848421097,0.00022187083959579468,0.0013676956295967102,-1.9725412130355835e-05,0.0004524641844909638,0.00028971160645596683,0.0002072728966595605
3,0,246,0.049311235547065735,0.049549102783203125,0.04889838770031929,0.0487140417098999,-0.00018434599041938782,-0.0008350610733032227,-0.00042221322655677795,0.0004524642135947943,0.0002897115482483059,0.00020727308583445847
4,11,693,-0.07431069761514664,-0.07499135285615921,-0.07449541985988617,-0.07487943023443222,-0.000384010374546051,0.00011192262172698975,0.0002966448664665222,0.00045246415538713336,0.00028971172287128866,0.00020727224182337523
5,13,648,-0.051287028938531876,-0.050773248076438904,-0.05007804185152054,-0.04958561807870865,0.0004924237728118896,0.0011876299977302551,-2.1357089281082153e-05,0.00045246415538713336,0.0002897116937674582,0.0002072722854791209
6,11,931,-0.06667491793632507,-0.06704455614089966,-0.06762463599443436,-0.06844300776720047,-0.0008183717727661133,-0.0013984516263008118,-0.0004487335681915283,0.00045246415538713336,0.0002897116937674582,0.00020727234368678182
7,10,648,-0.12368607521057129,-0.12333987653255463,-0.12461376935243607,-0.1241387128829956,0.0004750564694404602,-0.000798836350440979,0.0001288577914237976,0.00045246415538713336,0.0002897116937674582,0.00020727230003103614
8,13,648,-0.16219601035118103,-0.162523552775383,-0.1622740775346756,-0.16300319135189056,-0.0007291138172149658,-0.00047963857650756836,-0.0004015713930130005,0.00045246415538713336,0.00028971172287128866,0.00020727209630422294
9,13,658,-0.22784572839736938,-0.22855494916439056,-0.2307068556547165,-0.23274368047714233,-0.0020368248224258423,-0.00418873131275177,-0.001327604055404663,0.0004524641844909638,0.0002897116937674582,0.00020727262017317116
10,13,482,-0.25876614451408386,-0.25924041867256165,-0.2601759433746338,-0.26126185059547424,-0.001085907220840454,-0.0020214319229125977,-0.0006116330623626709,0.00045246415538713336,0.0002897116937674582,0.00020727237279061228
11,4,571,-0.14662861824035645,-0.14635434746742249,-0.146901935338974,-0.1469246745109558,-2.2739171981811523e-05,-0.0005703270435333252,-0.0002970099449157715,0.00045246415538713336,0.00028971172287128866,0.00020727227092720568
12,10,648,-0.19979354739189148,-0.19976387917995453,-0.19917622208595276,-0.19910548627376556,7.073581218719482e-05,0.0006583929061889648,4.106760025024414e-05,0.00045246415538713336,0.0002897116937674582,0.0002072723291348666
13,10,693,-0.28064224123954773,-0.2811357378959656,-0.2830585837364197,-0.2833179831504822,-0.0002593994140625,-0.0021822452545166016,0.00023409724235534668,0.00045246415538713336,0.0002897116937674582,0.00020727205264847726
14,10,427,-0.08520787209272385,-0.08474770933389664,-0.08616034686565399,-0.0860665813088417,9.376555681228638e-05,-0.0013188719749450684,-0.0003663972020149231,0.00045246415538713336,0.00028971172287128866,0.0002072718198178336
15,10,648,-0.22434589266777039,-0.22456319630146027,-0.22392261028289795,-0.22393374145030975,-1.11311674118042e-05,0.0006294548511505127,0.00020617246627807617,0.00045246415538713336,0.0002897116937674582,0.00020727209630422294
16,26,150,-0.27308419346809387,-0.27330946922302246,-0.2748347520828247,-0.2750324606895447,-0.0001977086067199707,-0.0017229914665222168,2.7567148208618164e-05,0.0004524642135947943,0.0002897115773521364,0.00020727339142467827
17,26,48,-0.2758331000804901,-0.2762521505355835,-0.2774152457714081,-0.2781584560871124,-0.0007432103157043457,-0.0019063055515289307,-0.0003241598606109619,0.0004524641844909638,0.00028971160645596683,0.00020727295486722142
18,26,50,-0.2858307957649231,-0.2858142852783203,-0.28419333696365356,-0.2845192551612854,-0.00032591819763183594,0.0012950301170349121,-0.00034242868423461914,0.0004524642135947943,0.00028971160645596683,0.00020727334776893258
19,16,50,-0.24631308019161224,-0.2467590570449829,-0.24684953689575195,-0.24750787019729614,-0.0006583333015441895,-0.0007488131523132324,-0.00021235644817352295,0.0004524642135947943,0.0002897115773521364,0.00020727368246298283
20,16,52,-0.2674356698989868,-0.2676700949668884,-0.26784980297088623,-0.26797381043434143,-0.0001240074634552002,-0.00030371546745300293,0.00011041760444641113,0.0004524642135947943,0.0002897115773521364,0.00020727359515149146
21,16,50,-0.23685061931610107,-0.23727987706661224,-0.23749247193336487,-0.2385542243719101,-0.001061752438545227,-0.0012743473052978516,-0.0006324946880340576,0.0004524642135947943,0.0002897115773521364,0.00020727334776893258
22,16,736,-0.21270368993282318,-0.21338286995887756,-0.2158900648355484,-0.21709245443344116,-0.0012023895978927612,-0.0037095844745635986,-0.0005232095718383789,0.0004524641844909638,0.00028971160645596683,0.0002072732604574412
23,16,736,-0.3071584403514862,-0.307981014251709,-0.31029388308525085,-0.3119068145751953,-0.001612931489944458,-0.003925800323486328,-0.0007903575897216797,0.0004524641844909638,0.00028971160645596683,0.0002072732022497803
24,16,163,-0.2939422130584717,-0.2945325970649719,-0.29474395513534546,-0.296134352684021,-0.0013903975486755371,-0.0016017556190490723,-0.000800013542175293,0.0004524642135947943,0.00028971160645596683,0.00020727342052850872
25,16,163,-0.27694955468177795,-0.2774353325366974,-0.27685725688934326,-0.27746573090553284,-0.0006084740161895752,-3.039836883544922e-05,-0.0001226961612701416,0.0004524642135947943,0.0002897115773521364,0.00020727359515149146
26,16,163,-0.2692737877368927,-0.26931649446487427,-0.2701752781867981,-0.27028071880340576,-0.00010544061660766602,-0.0009642243385314941,-6.273388862609863e-05,0.0004524642135947943,0.0002897115482483059,0.00020727390074171126
27,17,136,-0.1928216516971588,-0.19322469830513,-0.19412152469158173,-0.19559991359710693,-0.0014783889055252075,-0.0023752152919769287,-0.0010753422975540161,0.0004524641844909638,0.0002897116355597973,0.00020727302762679756
28,16,612,-0.206942617893219,-0.2074040025472641,-0.20804423093795776,-0.20866726338863373,-0.0006230324506759644,-0.001263260841369629,-0.00016164779663085938,0.0004524642135947943,0.0002897115773521364,0.0002072735078400001
29,16,734,-0.23334965109825134,-0.23391962051391602,-0.23452720046043396,-0.23632071912288666,-0.0017935186624526978,-0.002401098608970642,-0.001223549246788025,0.0004524642135947943,0.00028971160645596683,0.00020727344963233918
30,16,163,-0.2847297191619873,-0.28541725873947144,-0.28553837537765503,-0.28701111674308777,-0.0014727413654327393,-0.001593858003616333,-0.0007852017879486084,0.0004524642135947943,0.0002897115773521364,0.00020727372611872852
31,16,612,-0.2546030580997467,-0.25504547357559204,-0.25516343116760254,-0.2557615637779236,-0.0005981326103210449,-0.000716090202331543,-0.000155717134475708,0.0004524642135947943,0.0002897115773521364,0.00020727378432638943
32,41,993,-0.31548041105270386,-0.3154112696647644,-0.3156488239765167,-0.31500566005706787,0.0006431639194488525,0.0004056096076965332,0.0005740225315093994,0.0004524641844909638,0.00028971166466362774,0.00020727247465401888
33,41,65,-0.3042275309562683,-0.30404555797576904,-0.3035333752632141,-0.303134024143219,0.0003993511199951172,0.0009115338325500488,0.0002173781394958496,0.0004524641844909638,0.00028971166466362774,0.00020727270748466253
34,41,729,-0.31731948256492615,-0.31752803921699524,-0.3180849850177765,-0.3178982734680176,0.00018671154975891113,-0.00037023425102233887,0.00039526820182800293,0.0004524641844909638,0.00028971166466362774,0.00020727260562125593
35,41,189,-0.5245811343193054,-0.5252859592437744,-0.5261355638504028,-0.5270211696624756,-0.0008856058120727539,-0.0017352104187011719,-0.00018078088760375977,0.0004524641844909638,0.0002897116355597973,0.0002072728966595605
36,41,188,-0.42834019660949707,-0.4288126230239868,-0.4306659996509552,-0.431824266910553,-0.0011582672595977783,-0.003011643886566162,-0.0006858408451080322,0.0004524641844909638,0.0002897116355597973,0.00020727286755573004
37,41,733,-0.4651675522327423,-0.46539562940597534,-0.46535199880599976,-0.4655832052230835,-0.00023120641708374023,-0.0001875758171081543,-3.129243850708008e-06,0.0004524641844909638,0.00028971166466362774,0.00020727234368678182
38,41,197,-0.4670214056968689,-0.4673689603805542,-0.46738794445991516,-0.46778666973114014,-0.0003987252712249756,-0.0004177093505859375,-5.117058753967285e-05,0.0004524641844909638,0.00028971166466362774,0.0002072723873425275
39,35,731,-0.2844963073730469,-0.28501662611961365,-0.2854451537132263,-0.28613096475601196,-0.0006858110427856445,-0.0011143386363983154,-0.00016549229621887207,0.0004524641844909638,0.0002897116937674582,0.0002072725328616798
40,36,731,-0.29006099700927734,-0.2903602123260498,-0.2880583107471466,-0.28884828090667725,-0.0007899701595306396,0.0015119314193725586,-0.0004907548427581787,0.0004524641844909638,0.0002897116937674582,0.00020727230003103614
41,35,357,-0.40375086665153503,-0.4044315218925476,-0.4053809642791748,-0.40605831146240234,-0.0006773471832275391,-0.0016267895698547363,3.3080577850341797e-06,0.00045246415538713336,0.00028971172287128866,0.00020727224182337523
42,35,627,-0.2946545481681824,-0.2949812114238739,-0.29465290904045105,-0.2946206331253052,3.2275915145874023e-05,0.0003605782985687256,0.00035893917083740234,0.0004524641844909638,0.0002897116937674582,0.00020727216906379908
43,35,624,-0.2364504337310791,-0.23655307292938232,-0.23635444045066833,-0.23656685650348663,-0.00021241605281829834,-1.3783574104309082e-05,-0.00010977685451507568,0.00045246415538713336,0.00028971172287128866,0.00020727205264847726
44,35,627,-0.28848695755004883,-0.28868618607521057,-0.2885819673538208,-0.28863364458084106,-5.167722702026367e-05,5.2541494369506836e-05,0.0001475512981414795,0.00045246415538713336,0.00028971172287128866,0.00020727187802549452
45,35,731,-0.31546518206596375,-0.31543752551078796,-0.3142933249473572,-0.3142979145050049,-4.589557647705078e-06,0.001139611005783081,-3.224611282348633e-05,0.00045246415538713336,0.00028971172287128866,0.00020727215451188385
46,35,731,-0.25467243790626526,-0.2546365559101105,-0.2549687922000885,-0.2553549110889435,-0.00038611888885498047,-0.0007183551788330078,-0.0004220008850097656,0.00045246415538713336,0.00028971172287128866,0.00020727231458295137
47,50,28,-0.021873727440834045,-0.021980945020914078,-0.022653382271528244,-0.02256876230239868,8.461996912956238e-05,-0.0005878172814846039,0.00019183754920959473,0.0004524642135947943,0.0002897115773521364,0.00020727362425532192
48,51,17,-0.11207912117242813,-0.11224362999200821,-0.11397337168455124,-0.11385978758335114,0.00011358410120010376,-0.001616157591342926,0.0002780929207801819,0.0004524642135947943,0.0002897115773521364,0.0002072731585940346
49,51,21,-0.017639068886637688,-0.017934627830982208,-0.018622808158397675,-0.018943358212709427,-0.0003205500543117523,-0.0010087303817272186,-2.499110996723175e-05,0.0004524642135947943,0.0002897115773521364,0.00020727343508042395
50,47,21,-0.09964438527822495,-0.09970790892839432,-0.10128579288721085,-0.10074719041585922,0.0005386024713516235,-0.0010392814874649048,0.0006021261215209961,0.0004524642135947943,0.00028971160645596683,0.0002072734059765935
51,48,21,-0.16891054809093475,-0.1692916303873062,-0.17066168785095215,-0.17112289369106293,-0.0004612058401107788,-0.0018312633037567139,-8.012354373931885e-05,0.0004524642135947943,0.00028971160645596683,0.00020727333321701735
52,48,20,-0.13617753982543945,-0.13675165176391602,-0.13826321065425873,-0.13887561857700348,-0.000612407922744751,-0.0021239668130874634,-3.8295984268188477e-05,0.0004524641844909638,0.0002897116355597973,0.0002072733041131869
53,55,34,-0.1622506082057953,-0.16302840411663055,-0.16373561322689056,-0.16451603174209595,-0.0007804185152053833,-0.001487627625465393,-2.6226043701171875e-06,0.0004524641844909638,0.0002897116355597973,0.00020727280934806913
54,55,32,-0.12949633598327637,-0.12984350323677063,-0.13136081397533417,-0.1318097710609436,-0.00044895708560943604,-0.0019662678241729736,-0.00010178983211517334,0.0004524641844909638,0.0002897116937674582,0.00020727272203657776
55,53,193,-0.20057524740695953,-0.20099924504756927,-0.20205186307430267,-0.20250098407268524,-0.00044912099838256836,-0.0015017390251159668,-2.512335777282715e-05,0.0004524641844909638,0.00028971166466362774,0.00020727237279061228
56,53,193,-0.19743061065673828,-0.1972293257713318,-0.19968311488628387,-0.19937314093112946,0.00030997395515441895,-0.0021438151597976685,0.0001086890697479248,0.0004524641844909638,0.0002897116355597973,0.00020727264927700162
57,64,442,-0.1552809476852417,-0.1555410921573639,-0.15612640976905823,-0.15627869963645935,-0.00015228986740112305,-0.000737607479095459,0.00010785460472106934,0.0004524642135947943,0.00028971160645596683,0.00020727353694383055
58,60,442,-0.09672805666923523,-0.09710145741701126,-0.09895535558462143,-0.09913090616464615,-0.00017555058002471924,-0.0020294487476348877,0.00019785016775131226,0.0004524641844909638,0.0002897116355597973,0.0002072732022497803
59,64,213,-0.17463181912899017,-0.17473019659519196,-0.17539381980895996,-0.17618981003761292,-0.0007959902286529541,-0.0014596134424209595,-0.0006976127624511719,0.0004524641844909638,0.0002897116355597973,0.00020727347873616964
60,59,445,-0.171456441283226,-0.17152491211891174,-0.17172637581825256,-0.17216786742210388,-0.00044149160385131836,-0.0006429553031921387,-0.0003730207681655884,0.0004524642135947943,0.00028971160645596683,0.00020727343508042395
61,59,639,-0.1488170027732849,-0.14893072843551636,-0.14835727214813232,-0.14872032403945923,-0.0003630518913269043,0.0002104043960571289,-0.000249326229095459,0.0004524641844909638,0.0002897116355597973,0.00020727312949020416
62,57,444,-0.12112314254045486,-0.12110583484172821,-0.12059587240219116,-0.12051203846931458,8.383393287658691e-05,0.0005937963724136353,6.652623414993286e-05,0.0004524641844909638,0.00028971166466362774,0.00020727304217871279
63,57,754,-0.15240293741226196,-0.15222099423408508,-0.1513245701789856,-0.15129223465919495,3.2335519790649414e-05,0.0009287595748901367,-0.00014960765838623047,0.0004524641844909638,0.00028971166466362774,0.00020727304217871279
64,59,754,-0.19369281828403473,-0.19346390664577484,-0.19263742864131927,-0.19268111884593964,-4.369020462036133e-05,0.0007827877998352051,-0.000272601842880249,0.0004524641844909638,0.00028971166466362774,0.00020727280934806913
65,72,33,-0.05623721703886986,-0.056671228259801865,-0.056965816766023636,-0.057554036378860474,-0.0005882196128368378,-0.000882808119058609,-0.00015420839190483093,0.0004524641844909638,0.00028971166466362774,0.00020727250375784934
66,68,33,-0.02258121408522129,-0.02331271395087242,-0.022408058866858482,-0.02299436926841736,-0.000586310401558876,0.00031834468245506287,0.00014518946409225464,0.0004524641844909638,0.00028971166466362774,0.0002072725910693407
67,68,192,-0.10231490433216095,-0.10229340195655823,-0.10278565436601639,-0.10257066786289215,0.00021498650312423706,-0.00027726590633392334,0.0001934841275215149,0.0004524641844909638,0.0002897116355597973,0.00020727312949020416
68,67,36,-0.13079217076301575,-0.13153663277626038,-0.13284584879875183,-0.13351713120937347,-0.0006712824106216431,-0.001980498433113098,7.317960262298584e-05,0.0004524641844909638,0.00028971166466362774,0.00020727296941913664
69,65,187,-0.0975007712841034,-0.09747835993766785,-0.0986952930688858,-0.09880466014146805,-0.00010936707258224487,-0.0013263002038002014,-0.00013177841901779175,0.0004524641844909638,0.0002897116937674582,0.00020727278024423867
70,66,641,0.0244804248213768,0.02454303205013275,0.02466285601258278,0.02448250725865364,-0.00018034875392913818,-6.052479147911072e-05,-0.0002429559826850891,0.0004524641844909638,0.00028971172287128866,0.000207272736588493
71,68,187,-0.06738193333148956,-0.06709673255681992,-0.06700792908668518,-0.06695444881916046,5.348026752471924e-05,0.00014228373765945435,-0.00023172050714492798,0.0004524641844909638,0.00028971172287128866,0.0002072725328616798
72,68,405,-0.004091355018317699,-0.004705960862338543,-0.0051523055881261826,-0.005881208926439285,-0.0007289033383131027,-0.0011752480641007423,-0.00011429749429225922,0.00045246415538713336,0.0002897117519751191,0.00020727241644635797
73,91,390,-0.14218728244304657,-0.14169824123382568,-0.1422048807144165,-0.14176876842975616,0.00043611228466033936,-7.052719593048096e-05,-5.2928924560546875e-05,0.0004524641844909638,0.00028971160645596683,0.00020727304217871279
74,91,390,-0.10025957226753235,-0.10016658902168274,-0.10138214379549026,-0.10130491107702255,7.72327184677124e-05,-0.0011383220553398132,-1.5750527381896973e-05,0.0004524641844909638,0.00028971160645596683,0.00020727291121147573
75,102,390,-0.07630936056375504,-0.07593894749879837,-0.07622157782316208,-0.07610377669334412,0.00011780112981796265,-0.00016482919454574585,-0.0002526119351387024,0.0004524641844909638,0.0002897116355597973,0.00020727276569232345
76,91,390,-0.08645383268594742,-0.08622467517852783,-0.08704105764627457,-0.08685841411352158,0.00018264353275299072,-0.0006337389349937439,-4.651397466659546e-05,0.0004524641844909638,0.0002897116355597973,0.000207272736588493
77,77,608,-0.13229651749134064,-0.13219580054283142,-0.13292309641838074,-0.13244566321372986,0.0004774332046508789,-0.0002498626708984375,0.0003767162561416626,0.0004524642135947943,0.00028971160645596683,0.00020727305673062801
78,91,400,-0.16217482089996338,-0.1614372432231903,-0.16166061162948608,-0.1610739529132843,0.0005866587162017822,0.00036329030990600586,-0.00015091896057128906,0.0004524642135947943,0.00028971160645596683,0.0002072731003863737
79,77,401,-0.20996448397636414,-0.20933806896209717,-0.2104991227388382,-0.20997154712677002,0.0005275756120681763,-0.0006334781646728516,-9.88394021987915e-05,0.0004524642135947943,0.00028971160645596683,0.00020727302762679756
80,102,401,-0.12909778952598572,-0.12882892787456512,-0.12900301814079285,-0.1287333220243454,0.00026969611644744873,9.560585021972656e-05,8.344650268554688e-07,0.0004524641844909638,0.00028971160645596683,0.00020727278024423867
81,91,390,-0.15610289573669434,-0.15578047931194305,-0.15597037971019745,-0.15569676458835602,0.00027361512184143066,8.371472358703613e-05,-4.8801302909851074e-05,0.0004524641844909638,0.00028971160645596683,0.00020727304217871279
82,91,395,-0.12418971955776215,-0.12409624457359314,-0.1248309388756752,-0.1247178316116333,0.00011310726404190063,-0.0006215870380401611,1.9632279872894287e-05,0.0004524642135947943,0.00028971160645596683,0.00020727301307488233
83,91,396,-0.1675509214401245,-0.16785025596618652,-0.16810274124145508,-0.1687200516462326,-0.0006173104047775269,-0.0008697956800460815,-0.00031797587871551514,0.0004524642135947943,0.00028971160645596683,0.00020727308583445847
84,91,390,-0.12131688743829727,-0.12105456739664078,-0.1215113177895546,-0.12123440951108932,0.000276908278465271,-0.00017984211444854736,1.4588236808776855e-05,0.0004524642135947943,0.00028971160645596683,0.00020727308583445847
85,91,389,-0.13915202021598816,-0.1384497582912445,-0.1380898505449295,-0.1371498554944992,0.0009399950504302979,0.0012999027967453003,0.0002377331256866455,0.0004524641844909638,0.00028971160645596683,0.00020727298397105187
86,77,389,-0.08706602454185486,-0.08688817173242569,-0.08708222210407257,-0.08668282628059387,0.00039939582347869873,0.00020534545183181763,0.00022154301404953003,0.0004524641844909638,0.00028971166466362774,0.0002072726929327473
87,76,390,-0.10525758564472198,-0.1050477921962738,-0.10494329035282135,-0.10433840751647949,0.0006048828363418579,0.0007093846797943115,0.00039508938789367676,0.0004524641844909638,0.0002897116355597973,0.00020727264927700162
88,76,395,-0.10538685321807861,-0.1052616685628891,-0.1054130420088768,-0.10491807013750076,0.0004949718713760376,0.0003435984253883362,0.00036978721618652344,0.0004524641844909638,0.00028971166466362774,0.00020727262017317116
89,85,394,-0.11229187995195389,-0.11234770715236664,-0.11300200968980789,-0.11366569250822067,-0.0006636828184127808,-0.0013179853558540344,-0.0006078556180000305,0.0004524641844909638,0.00028971166466362774,0.00020727264927700162
90,105,401,-0.04520582780241966,-0.045320309698581696,-0.04599825665354729,-0.046054840087890625,-5.658343434333801e-05,-0.0007345303893089294,5.789846181869507e-05,0.0004524641844909638,0.0002897116355597973,0.0002072728966595605
91,105,608,-0.13691169023513794,-0.13657750189304352,-0.1367385983467102,-0.1363515853881836,0.00038701295852661133,0.00022591650485992432,5.282461643218994e-05,0.0004524641844909638,0.00028971160645596683,0.00020727304217871279
92,77,395,-0.041594114154577255,-0.041425466537475586,-0.04268105328083038,-0.04224986582994461,0.0004311874508857727,-0.0008243992924690247,0.0002625398337841034,0.0004524642135947943,0.00028971160645596683,0.00020727308583445847
93,102,607,-0.12576958537101746,-0.12567362189292908,-0.1254541426897049,-0.12533098459243774,0.00012315809726715088,0.000342637300491333,2.7194619178771973e-05,0.0004524641844909638,0.00028971160645596683,0.00020727292576339096
94,102,607,-0.0601789616048336,-0.05981052666902542,-0.05969399958848953,-0.059225961565971375,0.00046803802251815796,0.0005845651030540466,9.96030867099762e-05,0.0004524641844909638,0.0002897116355597973,0.00020727270748466253
95,91,388,-0.14809322357177734,-0.14765231311321259,-0.14843761920928955,-0.14812804758548737,0.00030957162380218506,-0.0004757344722747803,-0.00013133883476257324,0.0004524641844909638,0.00028971160645596683,0.00020727286755573004
96,93,399,-0.09648498147726059,-0.0957246869802475,-0.09504790604114532,-0.0947270467877388,0.00032085925340652466,0.0009976401925086975,-0.0004394352436065674,0.0004524641844909638,0.00028971160645596683,0.0002072729403153062
97,77,388,-0.14562660455703735,-0.1457054167985916,-0.1469712257385254,-0.14672015607357025,0.00025106966495513916,-0.0010147392749786377,0.0003298819065093994,0.0004524641844909638,0.0002897116355597973,0.00020727295486722142
98,77,401,-0.1522562950849533,-0.1518026739358902,-0.1534307301044464,-0.15266431868076324,0.0007664114236831665,-0.0008616447448730469,0.00031279027462005615,0.0004524641844909638,0.0002897116355597973,0.00020727276569232345
99,76,604,-0.1430816352367401,-0.14298687875270844,-0.14444184303283691,-0.14387571811676025,0.0005661249160766602,-0.0008888393640518188,0.0004713684320449829,0.0004524641844909638,0.0002897116355597973,0.00020727262017317116
100,77,389,-0.1383064091205597,-0.13801777362823486,-0.13840623199939728,-0.13805900514125824,0.0003472268581390381,-4.1231513023376465e-05,5.8591365814208984e-05,0.0004524641844909638,0.00028971160645596683,0.00020727292576339096
101,91,389,-0.1046949103474617,-0.10492289811372757,-0.10547883063554764,-0.10563685745000839,-0.0001580268144607544,-0.0007139593362808228,6.996095180511475e-05,0.0004524641844909638,0.0002897116355597973,0.00020727282389998436
102,91,609,-0.13704465329647064,-0.13676795363426208,-0.1372540295124054,-0.13659754395484924,0.0006564855575561523,0.0001704096794128418,0.0003797858953475952,0.0004524641844909638,0.0002897116355597973,0.00020727275114040822
103,93,396,-0.10540188103914261,-0.10547468066215515,-0.10540524870157242,-0.10612501204013824,-0.0007197633385658264,-0.0006503313779830933,-0.0006469637155532837,0.0004524641844909638,0.0002897116355597973,0.000207272736588493
104,114,222,-0.17209474742412567,-0.1728028804063797,-0.17410731315612793,-0.17514801025390625,-0.0010406970977783203,-0.0023451298475265503,-0.000332564115524292,0.0004524642135947943,0.0002897115773521364,0.00020727349328808486
105,114,222,-0.2457302212715149,-0.24639281630516052,-0.24761739373207092,-0.2485596388578415,-0.0009422451257705688,-0.0021668225526809692,-0.00027965009212493896,0.0004524642135947943,0.0002897115773521364,0.000207273566047661
106,107,268,-0.20338459312915802,-0.20365466177463531,-0.20451727509498596,-0.20490621030330658,-0.0003889352083206177,-0.0012515485286712646,-0.00011886656284332275,0.0004524641844909638,0.0002897116355597973,0.00020727324590552598
107,107,346,-0.28865060210227966,-0.2892574071884155,-0.28903791308403015,-0.29106542468070984,-0.0020275115966796875,-0.0018080174922943115,-0.0014207065105438232,0.0004524641844909638,0.0002897116355597973,0.00020727311493828893
108,107,346,-0.23213039338588715,-0.23239494860172272,-0.23241764307022095,-0.23414793610572815,-0.0017302930355072021,-0.0017529875040054321,-0.0014657378196716309,0.0004524641844909638,0.0002897116355597973,0.00020727305673062801
109,107,747,-0.14140585064888,-0.14204531908035278,-0.14481136202812195,-0.14559698104858398,-0.0007856190204620361,-0.003551661968231201,-0.0001461505889892578,0.0004524642135947943,0.00028971160645596683,0.0002072736097034067
110,109,372,-0.05515371263027191,-0.05511296167969704,-0.05717623233795166,-0.057331785559654236,-0.00015555322170257568,-0.002218823879957199,-0.00019630417227745056,0.0004524641844909638,0.0002897116355597973,0.00020727295486722142
111,107,346,-0.0969189777970314,-0.09759746491909027,-0.09874043613672256,-0.10082689672708511,-0.002086460590362549,-0.0032294318079948425,-0.0014079734683036804,0.0004524641844909638,0.0002897116355597973,0.00020727323135361075
112,107,346,-0.2555728852748871,-0.2560576796531677,-0.25576767325401306,-0.257571280002594,-0.0018036067485809326,-0.0015136003494262695,-0.001318812370300293,0.0004524641844909638,0.00028971166466362774,0.00020727295486722142
113,137,938,-0.12841643393039703,-0.12890586256980896,-0.1301257461309433,-0.1315642148256302,-0.0014384686946868896,-0.002658352255821228,-0.0009490400552749634,0.0004524641844909638,0.0002897116355597973,0.00020727295486722142
114,128,27,-0.08258264511823654,-0.0829712375998497,-0.08405379205942154,-0.0837835893034935,0.00027020275592803955,-0.0008123517036437988,0.0006587952375411987,0.0004524641844909638,0.0002897116355597973,0.00020727286755573004
115,128,990,-0.11509986966848373,-0.11496967077255249,-0.11449869722127914,-0.11485665291547775,-0.0003579556941986084,0.00011301785707473755,-0.0004881545901298523,0.0004524641844909638,0.0002897116355597973,0.00020727301307488233
116,137,337,-0.12868481874465942,-0.12835589051246643,-0.12537874281406403,-0.12677916884422302,-0.0014004260301589966,0.0015767216682434082,-0.0017293542623519897,0.0004524642135947943,0.00028971160645596683,0.00020727331866510212
117,128,990,-0.17947326600551605,-0.17980945110321045,-0.1830567568540573,-0.18335744738578796,-0.00030069053173065186,-0.0035479962825775146,3.549456596374512e-05,0.0004524641844909638,0.0002897116355597973,0.00020727276569232345
118,137,933,-0.26939958333969116,-0.2693476676940918,-0.26969924569129944,-0.2708978056907654,-0.0011985599994659424,-0.001550137996673584,-0.0012504756450653076,0.0004524641844909638,0.00028971166466362774,0.00020727314404211938
119,126,337,-0.1746867448091507,-0.17476367950439453,-0.175253763794899,-0.1759299635887146,-0.0006761997938156128,-0.0011662840843200684,-0.0005992650985717773,0.0004524642135947943,0.00028971160645596683,0.00020727321680169553
120,128,938,-0.1611313372850418,-0.16158396005630493,-0.16330385208129883,-0.16379697620868683,-0.0004931241273880005,-0.002213016152381897,-4.050135612487793e-05,0.0004524641844909638,0.0002897116355597973,0.0002072731003863737
121,121,50,-0.13219158351421356,-0.13280096650123596,-0.1328088939189911,-0.13373814523220062,-0.0009292513132095337,-0.0009371787309646606,-0.0003198683261871338,0.0004524641844909638,0.0002897116355597973,0.0002072732022497803
122,141,51,-0.137063130736351,-0.1375320851802826,-0.1366763859987259,-0.13689403235912323,-0.00021764636039733887,0.0006380528211593628,0.0002513080835342407,0.0004524642135947943,0.00028971160645596683,0.0002072736679110676
123,120,51,-0.15182030200958252,-0.15193307399749756,-0.1526661515235901,-0.152245432138443,0.0004207193851470947,-0.00031235814094543457,0.0005334913730621338,0.0004524642135947943,0.00028971160645596683,0.00020727349328808486
124,121,50,-0.2401798814535141,-0.2406008243560791,-0.24005065858364105,-0.24086397886276245,-0.0008133202791213989,-0.0002631545066833496,-0.0003923773765563965,0.0004524641844909638,0.00028971166466362774,0.0002072731585940346
125,141,418,-0.15626683831214905,-0.1570405811071396,-0.15780408680438995,-0.1584847867488861,-0.0006806999444961548,-0.001444205641746521,9.304285049438477e-05,0.0004524641844909638,0.0002897116355597973,0.00020727333321701735
126,141,20,-0.19285953044891357,-0.193418949842453,-0.19355908036231995,-0.19433967769145966,-0.0007805973291397095,-0.0009207278490066528,-0.00022117793560028076,0.0004524642135947943,0.0002897116355597973,0.00020727352239191532
127,120,50,-0.19421914219856262,-0.19434843957424164,-0.19357140362262726,-0.19388213753700256,-0.0003107339143753052,0.0004663020372390747,-0.00018143653869628906,0.0004524641844909638,0.0002897116355597973,0.00020727334776893258
128,128,22,-0.027884148061275482,-0.028361979871988297,-0.028985952958464622,-0.029218465089797974,-0.00023251213133335114,-0.0008564852178096771,0.0002453196793794632,0.0004524641844909638,0.0002897116355597973,0.00020727327500935644
129,120,27,-0.1736239790916443,-0.17380119860172272,-0.17502392828464508,-0.17434030771255493,0.0006836205720901489,-0.0005391091108322144,0.0008608400821685791,0.0004524641844909638,0.0002897116355597973,0.00020727327500935644
130,137,22,-0.11564952880144119,-0.11581791192293167,-0.11540402472019196,-0.11509831249713898,0.0003057122230529785,0.0007195994257926941,0.00047409534454345703,0.0004524641844909638,0.0002897116355597973,0.0002072731003863737
131,119,22,-0.08557061851024628,-0.08618848770856857,-0.08888183534145355,-0.08897607773542404,-9.42423939704895e-05,-0.0027875900268554688,0.0005236268043518066,0.0004524641844909638,0.0002897116355597973,0.0002072732604574412
132,121,22,-0.12070577591657639,-0.12079396843910217,-0.12361286580562592,-0.12325597554445267,0.0003568902611732483,-0.0024620071053504944,0.00044508278369903564,0.0004524641844909638,0.00028971166466362774,0.00020727302762679756
133,116,341,-0.06969750672578812,-0.06951560080051422,-0.06960643082857132,-0.06931458413600922,0.00029184669256210327,0.00020101666450500488,0.00010994076728820801,0.0004524641844909638,0.00028971160645596683,0.00020727321680169553
134,121,27,-0.1733017861843109,-0.17365247011184692,-0.17561672627925873,-0.17564637959003448,-2.9653310775756836e-05,-0.001993909478187561,0.0003210306167602539,0.0004524642135947943,0.00028971160645596683,0.00020727333321701735
135,120,301,-0.22645190358161926,-0.22667443752288818,-0.22814449667930603,-0.22732429206371307,0.0008202046155929565,-0.0006498545408248901,0.0010427385568618774,0.0004524641844909638,0.0002897116355597973,0.00020727314404211938
136,120,27,-0.16342638432979584,-0.16338367760181427,-0.16398248076438904,-0.16321031749248505,0.0007721632719039917,0.00017336010932922363,0.0007294565439224243,0.0004524642135947943,0.00028971160645596683,0.0002072734059765935
137,126,22,-0.08103091269731522,-0.0810229703783989,-0.08183971047401428,-0.08117126673460007,0.0006684437394142151,-0.00014829635620117188,0.0006605014204978943,0.0004524641844909638,0.0002897116355597973,0.00020727288210764527
138,126,27,-0.10332220792770386,-0.10357202589511871,-0.10460936278104782,-0.10440190136432648,0.000207461416721344,-0.0008298754692077637,0.00045727938413619995,0.0004524641844909638,0.0002897116355597973,0.00020727307128254324
139,128,22,-0.11726461350917816,-0.11737406998872757,-0.11820782721042633,-0.11784645915031433,0.0003613680601119995,-0.0004723891615867615,0.00047082453966140747,0.0004524641844909638,0.0002897116355597973,0.00020727292576339096
140,129,100,-0.08716140687465668,-0.08740642666816711,-0.08671759814023972,-0.08777612447738647,-0.001058526337146759,-0.00036969780921936035,-0.000813506543636322,0.0004524641844909638,0.0002897116937674582,0.0002072726347250864
141,126,731,-0.14914771914482117,-0.14925874769687653,-0.15101046860218048,-0.14984837174415588,0.0011620968580245972,-0.0005896240472793579,0.001273125410079956,0.0004524641844909638,0.0002897116355597973,0.00020727312949020416
142,129,27,-0.10967119038105011,-0.11045846343040466,-0.11228963732719421,-0.11293434351682663,-0.0006447061896324158,-0.0024758800864219666,0.00014256685972213745,0.0004524641844909638,0.0002897116355597973,0.00020727331866510212
143,142,417,-0.09760772436857224,-0.09760723263025284,-0.09843011200428009,-0.0977730080485344,0.000657103955745697,-0.00016577541828155518,0.0006566122174263,0.0004524642135947943,0.00028971160645596683,0.0002072734641842544
144,119,51,-0.16568583250045776,-0.16631768643856049,-0.1677757352590561,-0.16759423911571503,0.00018149614334106445,-0.001276552677154541,0.0008133500814437866,0.0004524642135947943,0.00028971160645596683,0.00020727324590552598
145,137,51,-0.09725263714790344,-0.09788689017295837,-0.09575479477643967,-0.09636001288890839,-0.0006052181124687195,0.0015268772840499878,2.9034912586212158e-05,0.0004524642135947943,0.00028971160645596683,0.00020727321680169553
146,120,51,-0.13834865391254425,-0.13836327195167542,-0.13747264444828033,-0.1370348334312439,0.000437811017036438,0.0013284385204315186,0.00045242905616760254,0.0004524641844909638,0.00028971160645596683,0.0002072731003863737
147,163,533,-0.21804675459861755,-0.21825450658798218,-0.2190965712070465,-0.2197546362876892,-0.0006580650806427002,-0.0015001296997070312,-0.00045031309127807617,0.0004524642135947943,0.0002897115773521364,0.00020727312949020416
148,165,16,-0.33648547530174255,-0.3365260064601898,-0.3394864797592163,-0.3389787971973419,0.0005076825618743896,-0.0024527907371520996,0.0005482137203216553,0.0004524642135947943,0.0002897115773521364,0.00020727304217871279
149,169,611,-0.22841693460941315,-0.22868452966213226,-0.22920532524585724,-0.2295883297920227,-0.0003830045461654663,-0.0009038001298904419,-0.0001154094934463501,0.0004524642135947943,0.0002897115773521364,0.0002072736679110676
150,163,232,-0.20579922199249268,-0.20662595331668854,-0.20759546756744385,-0.20914104580879211,-0.0015455782413482666,-0.0025150924921035767,-0.0007188469171524048,0.0004524642135947943,0.00028971160645596683,0.00020727333321701735
151,163,742,-0.21951588988304138,-0.2199176549911499,-0.22134408354759216,-0.22181430459022522,-0.00047022104263305664,-0.0018966495990753174,-6.845593452453613e-05,0.0004524642135947943,0.0002897115773521364,0.00020727339142467827
152,150,345,-0.25461360812187195,-0.25516316294670105,-0.2567807734012604,-0.2572832703590393,-0.0005024969577789307,-0.002120107412338257,4.70578670501709e-05,0.0004524642135947943,0.0002897115773521364,0.00020727365335915238
153,150,345,-0.31603384017944336,-0.3164137303829193,-0.31787097454071045,-0.3180369734764099,-0.0001659989356994629,-0.0016232430934906006,0.00021389126777648926,0.0004524642135947943,0.00028971160645596683,0.00020727347873616964
154,150,345,-0.29964789748191833,-0.2999136447906494,-0.30094486474990845,-0.300943523645401,1.341104507446289e-06,-0.001029878854751587,0.0002670884132385254,0.0004524642135947943,0.00028971160645596683,0.0002072737115668133
155,165,612,-0.2422540932893753,-0.24202120304107666,-0.2424784004688263,-0.2417600154876709,0.0007183849811553955,0.0002611875534057617,0.0004854947328567505,0.0004524642135947943,0.0002897115773521364,0.00020727368246298283
156,150,611,-0.3198489248752594,-0.3206719160079956,-0.322018027305603,-0.3232536315917969,-0.0012356042861938477,-0.0025817155838012695,-0.0004126131534576416,0.0004524642135947943,0.00028971160645596683,0.00020727365335915238
157,150,611,-0.32717978954315186,-0.327770859003067,-0.329185426235199,-0.329939067363739,-0.0007536411285400391,-0.002168208360671997,-0.00016257166862487793,0.0004524641844909638,0.00028971160645596683,0.00020727334776893258
158,150,611,-0.367473304271698,-0.36781030893325806,-0.36873847246170044,-0.36931127309799194,-0.0005728006362915039,-0.0015009641647338867,-0.0002357959747314453,0.0004524642135947943,0.00028971160645596683,0.0002072734641842544
159,150,735,-0.2513243556022644,-0.2519439458847046,-0.25250443816185,-0.2541574537754059,-0.0016530156135559082,-0.002213507890701294,-0.0010334253311157227,0.0004524641844909638,0.00028971160645596683,0.00020727324590552598
160,150,610,-0.29514509439468384,-0.29626360535621643,-0.2981598675251007,-0.2993606925010681,-0.0012008249759674072,-0.0030970871448516846,-8.231401443481445e-05,0.0004524641844909638,0.0002897116355597973,0.00020727304217871279
161,150,736,-0.37330612540245056,-0.3741537630558014,-0.37649568915367126,-0.37738513946533203,-0.0008894503116607666,-0.0032313764095306396,-4.1812658309936523e-05,0.0004524642135947943,0.00028971160645596683,0.00020727355149574578
162,150,736,-0.2916404902935028,-0.2923261225223541,-0.2942368984222412,-0.29528799653053284,-0.001051098108291626,-0.002961874008178711,-0.0003654658794403076,0.0004524641844909638,0.0002897116355597973,0.00020727301307488233
163,150,736,-0.3825564384460449,-0.38315004110336304,-0.3854694366455078,-0.3860620856285095,-0.000592648983001709,-0.0029120445251464844,9.5367431640625e-07,0.0004524641844909638,0.0002897116355597973,0.00020727305673062801
164,150,736,-0.3583156168460846,-0.35926952958106995,-0.36126741766929626,-0.36272290349006653,-0.0014554858207702637,-0.003453373908996582,-0.0005015730857849121,0.0004524641844909638,0.00028971166466362774,0.00020727291121147573
165,150,610,-0.25340646505355835,-0.2544608414173126,-0.25669077038764954,-0.2576650381088257,-0.0009742677211761475,-0.0032041966915130615,8.0108642578125e-05,0.0004524641844909638,0.0002897116355597973,0.0002072729985229671
166,150,736,-0.3902260661125183,-0.3909960389137268,-0.3929564952850342,-0.39389950037002563,-0.0009430050849914551,-0.002903461456298828,-0.00017303228378295898,0.0004524641844909638,0.00028971160645596683,0.0002072732604574412
167,150,736,-0.3035755157470703,-0.3046220541000366,-0.307587206363678,-0.30841803550720215,-0.0008308291435241699,-0.0037959814071655273,0.00021570920944213867,0.0004524641844909638,0.00028971160645596683,0.00020727323135361075
168,150,736,-0.32745373249053955,-0.3280814588069916,-0.33011871576309204,-0.3310462236404419,-0.0009275078773498535,-0.0029647648334503174,-0.00029978156089782715,0.0004524641844909638,0.0002897116355597973,0.00020727266382891685
169,150,735,-0.2744855582714081,-0.2747008204460144,-0.2757435739040375,-0.2766358256340027,-0.00089225172996521,-0.0019350051879882812,-0.0006769895553588867,0.0004524641844909638,0.00028971166466362774,0.00020727275114040822
170,150,52,-0.18681290745735168,-0.18758313357830048,-0.1889123171567917,-0.18894967436790466,-3.7357211112976074e-05,-0.001366540789604187,0.0007328689098358154,0.0004524641844909638,0.00028971166466362774,0.0002072726929327473
171,180,318,-0.26909568905830383,-0.2694838345050812,-0.2703254520893097,-0.2709335684776306,-0.0006081163883209229,-0.0014497339725494385,-0.0002199709415435791,0.0004524642135947943,0.0002897115482483059,0.00020727358059957623
172,180,218,-0.07815814018249512,-0.07803410291671753,-0.07883050292730331,-0.07887813448905945,-4.763156175613403e-05,-0.0008440315723419189,-0.00017166882753372192,0.0004524642135947943,0.0002897115482483059,0.00020727324590552598
173,180,218,-0.23221230506896973,-0.23262417316436768,-0.23369869589805603,-0.2343107908964157,-0.0006120949983596802,-0.0016866177320480347,-0.00020022690296173096,0.0004524642135947943,0.00028971151914447546,0.00020727359515149146
174,180,450,-0.09565309435129166,-0.09601617604494095,-0.09674696624279022,-0.09727415442466736,-0.0005271881818771362,-0.00125797837972641,-0.00016410648822784424,0.0004524642135947943,0.0002897115482483059,0.00020727339142467827
175,176,89,-0.25128617882728577,-0.2518715262413025,-0.25141626596450806,-0.2516108751296997,-0.0001946091651916504,0.0002606511116027832,0.00039073824882507324,0.0004524641844909638,0.00028971160645596683,0.00020727275114040822
176,177,600,-0.07772424072027206,-0.07677169144153595,-0.075838103890419,-0.07468849420547485,0.0011496096849441528,0.002083197236061096,0.00019706040620803833,0.0004524642135947943,0.0002897115482483059,0.00020727349328808486
177,196,307,-0.1692541241645813,-0.1689760535955429,-0.16999055445194244,-0.1705297827720642,-0.0005392283201217651,-0.0015537291765213013,-0.0008172988891601562,0.0004524641844909638,0.0002897116355597973,0.000207272736588493
178,196,308,-0.0626186802983284,-0.06249348446726799,-0.06261063367128372,-0.06352601200342178,-0.0009153783321380615,-0.0010325275361537933,-0.001040574163198471,0.0004524642135947943,0.00028971160645596683,0.00020727317314594984
179,197,69,-0.13415230810642242,-0.13407668471336365,-0.1361098438501358,-0.13626927137374878,-0.00015942752361297607,-0.002192586660385132,-0.00023505091667175293,0.0004524641844909638,0.0002897116355597973,0.00020727307128254324
180,194,35,-0.13511641323566437,-0.13527315855026245,-0.13623878359794617,-0.1359502226114273,0.00028856098651885986,-0.000677064061164856,0.00044530630111694336,0.0004524642135947943,0.00028971160645596683,0.0002072732604574412
181,194,35,-0.15907281637191772,-0.15956296026706696,-0.1607368141412735,-0.16049669682979584,0.00024011731147766113,-0.0009337365627288818,0.0007302612066268921,0.0004524641844909638,0.00028971160645596683,0.00020727311493828893
182,197,419,-0.1363196074962616,-0.13610653579235077,-0.1360972374677658,-0.1356888711452484,0.000408366322517395,0.00041766464710235596,0.00019529461860656738,0.0004524642135947943,0.00028971160645596683,0.0002072733623208478
183,194,35,-0.16929908096790314,-0.16951905190944672,-0.17068928480148315,-0.17021311819553375,0.00047616660594940186,-0.0006940662860870361,0.000696137547492981,0.0004524642135947943,0.00028971160645596683,0.00020727337687276304
184,195,69,-0.11084561794996262,-0.11065060645341873,-0.11141008138656616,-0.11134002357721329,7.005780935287476e-05,-0.0006894171237945557,-0.00012495368719100952,0.0004524641844909638,0.00028971160645596683,0.00020727292576339096
185,195,55,-0.10523733496665955,-0.10521351546049118,-0.1056470051407814,-0.10594739019870758,-0.000300385057926178,-0.0007338747382164001,-0.00032420456409454346,0.0004524641844909638,0.00028971160645596683,0.00020727260562125593
186,197,307,-0.2194385528564453,-0.21995310485363007,-0.22168727219104767,-0.22257250547409058,-0.0008852332830429077,-0.0026194006204605103,-0.0003706812858581543,0.0004524642135947943,0.0002897115773521364,0.0002072732022497803
187,194,416,-0.19084274768829346,-0.19072678685188293,-0.19156260788440704,-0.19168654084205627,-0.00012393295764923096,-0.0009597539901733398,-0.00023989379405975342,0.0004524641844909638,0.0002897116355597973,0.0002072732022497803
188,194,759,-0.21495378017425537,-0.21532118320465088,-0.21650198101997375,-0.21725021302700043,-0.0007482320070266724,-0.0019290298223495483,-0.00038082897663116455,0.0004524641844909638,0.0002897116355597973,0.00020727282389998436
189,194,38,-0.2719295024871826,-0.27231931686401367,-0.2728380560874939,-0.27276334166526794,7.471442222595215e-05,-0.00044402480125427246,0.00046452879905700684,0.0004524641844909638,0.00028971166466362774,0.00020727272203657776
190,215,855,-0.5762200951576233,-0.5771446228027344,-0.578244686126709,-0.579538881778717,-0.0012941956520080566,-0.002394258975982666,-0.00036966800689697266,0.0004524642135947943,0.0002897115773521364,0.0002072738716378808
191,207,855,-0.5372574925422668,-0.5383272767066956,-0.5382345914840698,-0.5389320850372314,-0.0006974935531616211,-0.0006048083305358887,0.00037229061126708984,0.0004524642135947943,0.00028971160645596683,0.00020727355149574578
192,215,860,-0.4928804039955139,-0.4932577610015869,-0.49350032210350037,-0.4943521022796631,-0.0008517801761627197,-0.0010943412780761719,-0.0004744231700897217,0.0004524642135947943,0.0002897116355597973,0.00020727352239191532
193,215,860,-0.6173573136329651,-0.6181249022483826,-0.6187712550163269,-0.6193641424179077,-0.0005928874015808105,-0.0012392401695251465,0.00017470121383666992,0.0004524642135947943,0.00028971160645596683,0.00020727328956127167
194,215,865,-0.6639153957366943,-0.6646701693534851,-0.6658565998077393,-0.6666373610496521,-0.0007807612419128418,-0.001967191696166992,-2.5987625122070312e-05,0.0004524641844909638,0.0002897116355597973,0.00020727323135361075
195,215,860,-0.5589273571968079,-0.5597817301750183,-0.5594452619552612,-0.5598821043968201,-0.0004368424415588379,-0.00010037422180175781,0.00041753053665161133,0.0004524642135947943,0.00028971160645596683,0.00020727368246298283
196,213,865,-0.4214058816432953,-0.42223697900772095,-0.42353957891464233,-0.4246165156364441,-0.0010769367218017578,-0.0023795366287231445,-0.00024583935737609863,0.0004524641844909638,0.0002897116937674582,0.0002072727947961539
197,202,59,-0.40718498826026917,-0.40853676199913025,-0.41270631551742554,-0.41397470235824585,-0.0012683868408203125,-0.005437940359115601,8.338689804077148e-05,0.0004524641844909638,0.00028971166466362774,0.00020727262017317116
198,200,239,-0.2843121886253357,-0.2854052186012268,-0.28638187050819397,-0.28794270753860474,-0.0015608370304107666,-0.0025374889373779297,-0.0004678070545196533,0.0004524641844909638,0.0002897116937674582,0.00020727270748466253
199,202,239,-0.5514706969261169,-0.5526290535926819,-0.553593099117279,-0.5553330183029175,-0.0017399191856384277,-0.0027039647102355957,-0.0005815625190734863,0.0004524641844909638,0.00028971166466362774,0.00020727286755573004
200,202,59,-0.5109990239143372,-0.5119338631629944,-0.5131273865699768,-0.5143542289733887,-0.0012268424034118652,-0.002420365810394287,-0.00029200315475463867,0.0004524641844909638,0.00028971166466362774,0.00020727301307488233
201,202,239,-0.46998876333236694,-0.4713215231895447,-0.4728281497955322,-0.4747292697429657,-0.0019011199474334717,-0.0034077465534210205,-0.0005683600902557373,0.0004524641844909638,0.00028971166466362774,0.00020727302762679756
202,202,59,-0.5208561420440674,-0.5222697257995605,-0.5239796042442322,-0.5257258415222168,-0.0017462372779846191,-0.00345611572265625,-0.0003326535224914551,0.0004524641844909638,0.00028971166466362774,0.00020727276569232345
203,200,239,-0.502545952796936,-0.5035032033920288,-0.5061012506484985,-0.5070206522941589,-0.0009194016456604004,-0.003517448902130127,3.784894943237305e-05,0.0004524641844909638,0.0002897116355597973,0.0002072731585940346
204,202,59,-0.528542160987854,-0.5291599631309509,-0.5295735597610474,-0.5304732918739319,-0.0008997321128845215,-0.001313328742980957,-0.00028192996978759766,0.0004524641844909638,0.0002897116937674582,0.00020727267838083208
205,202,59,-0.6435586214065552,-0.6438427567481995,-0.6461598873138428,-0.6467602849006653,-0.0006003975868225098,-0.0029175281524658203,-0.00031626224517822266,0.0004524641844909638,0.0002897116355597973,0.00020727324590552598
206,202,239,-0.561128556728363,-0.5619733929634094,-0.5624498724937439,-0.5632157921791077,-0.0007659196853637695,-0.0012423992156982422,7.891654968261719e-05,0.0004524641844909638,0.00028971166466362774,0.00020727298397105187
207,201,59,-0.6445843577384949,-0.6456105709075928,-0.6485328674316406,-0.6496866941452026,-0.0011538267135620117,-0.004076123237609863,-0.00012761354446411133,0.0004524641844909638,0.00028971166466362774,0.00020727305673062801
208,227,106,0.025467323139309883,0.025575270876288414,0.025282466784119606,0.025626201182603836,0.00034373439848423004,5.093030631542206e-05,0.00023578666150569916,0.0004524641844909638,0.00028971160645596683,0.00020727304217871279
209,227,106,0.11784326285123825,0.11753179132938385,0.11734417080879211,0.11745837330818176,0.00011420249938964844,-7.34180212020874e-05,0.00042567402124404907,0.0004524641844909638,0.00028971166466362774,0.00020727305673062801
210,226,106,-0.02215464785695076,-0.0219404399394989,-0.022664682939648628,-0.02236832119524479,0.0002963617444038391,-0.00042788125574588776,8.215382695198059e-05,0.0004524641844909638,0.0002897116355597973,0.00020727298397105187
211,224,217,-0.003682095091789961,-0.005077876150608063,-0.007708397693932056,-0.009494956582784653,-0.0017865588888525963,-0.00441708043217659,-0.0003907778300344944,0.0004524641844909638,0.00028971166466362774,0.00020727295486722142
212,224,217,-0.058638978749513626,-0.05966098979115486,-0.06177011877298355,-0.06342963874340057,-0.0016595199704170227,-0.0037686489522457123,-0.0006375089287757874,0.0004524641844909638,0.0002897116355597973,0.0002072728966595605
213,224,217,0.03369371220469475,0.032446328550577164,0.030595984309911728,0.029169337823987007,-0.0014266464859247208,-0.0032769907265901566,-0.00017926469445228577,0.0004524641844909638,0.0002897116355597973,0.0002072729403153062
214,233,243,0.026030734181404114,0.02660248801112175,0.02609707973897457,0.027204832062125206,0.0011077523231506348,0.0006023440510034561,0.0005359984934329987,0.0004524641844909638,0.00028971160645596683,0.00020727352239191532
215,233,244,-0.09275709837675095,-0.09254009276628494,-0.09301388263702393,-0.09209994226694107,0.0009139403700828552,0.00044015049934387207,0.0006969347596168518,0.0004524642135947943,0.00028971160645596683,0.00020727374067064375
216,233,244,-0.02140350267291069,-0.020708559080958366,-0.0213339701294899,-0.020128237083554268,0.0012057330459356308,0.0005803219974040985,0.0005107894539833069,0.0004524642135947943,0.0002897115773521364,0.00020727395894937217
217,233,243,-0.021819526329636574,-0.02197408117353916,-0.0230142530053854,-0.02243034541606903,0.0005839075893163681,-0.0004562642425298691,0.000738462433218956,0.0004524642135947943,0.00028971160645596683,0.00020727344963233918
218,229,155,0.020559117197990417,0.02029210329055786,0.02004256844520569,0.01999976485967636,-4.280358552932739e-05,-0.00029233843088150024,0.00022421032190322876,0.0004524642135947943,0.00028971160645596683,0.00020727328956127167
219,229,740,-0.07739124447107315,-0.07783512026071548,-0.07828586548566818,-0.07827921956777573,6.645917892456055e-06,-0.0004440993070602417,0.00045052170753479004,0.0004524642135947943,0.0002897115773521364,0.00020727324590552598
220,229,740,-0.002649015747010708,-0.002690789755433798,-0.003954518120735884,-0.0037424308247864246,0.00021208729594945908,-0.0010516410693526268,0.00025386130437254906,0.0004524641844909638,0.00028971160645596683,0.00020727321680169553
221,231,740,0.016603518277406693,0.016573190689086914,0.0168356541544199,0.017096256837248802,0.0002606026828289032,0.0005230661481618881,0.00029093027114868164,0.0004524642135947943,0.0002897115773521364,0.00020727344963233918
222,255,1013,-0.10483331233263016,-0.10568451881408691,-0.10499756783246994,-0.10600009560585022,-0.0010025277733802795,-0.00031557679176330566,-0.00015132129192352295,0.0004524641844909638,0.00028971166466362774,0.0002072725910693407
223,257,413,-0.08069828152656555,-0.08097716420888901,-0.08165844529867172,-0.08183006942272186,-0.00017162412405014038,-0.0008529052138328552,0.00010725855827331543,0.0004524641844909638,0.00028971166466362774,0.00020727280934806913
224,258,854,-0.17068587243556976,-0.1706024557352066,-0.16979429125785828,-0.16989834606647491,-0.00010405480861663818,0.0007041096687316895,-0.00018747150897979736,0.0004524641844909638,0.0002897116355597973,0.00020727275114040822
225,255,457,-0.14293265342712402,-0.14245547354221344,-0.1435518115758896,-0.14330416917800903,0.0002476423978805542,-0.0008486956357955933,-0.0002295374870300293,0.0004524641844909638,0.00028971160645596683,0.00020727301307488233
226,254,854,-0.10743844509124756,-0.10735885798931122,-0.10721351206302643,-0.10747617483139038,-0.00026266276836395264,-0.0001173168420791626,-0.00034224987030029297,0.0004524641844909638,0.0002897116355597973,0.00020727301307488233
227,255,466,-0.10821077972650528,-0.10843505710363388,-0.10887391865253448,-0.10962475091218948,-0.0007508322596549988,-0.001189693808555603,-0.0005265548825263977,0.0004524642135947943,0.0002897115773521364,0.00020727342052850872
228,255,461,-0.09929642826318741,-0.09963712841272354,-0.09871130436658859,-0.09948866814374924,-0.0007773637771606445,0.0001484602689743042,-0.0004366636276245117,0.0004524641844909638,0.00028971166466362774,0.00020727254741359502
229,255,460,-0.23146593570709229,-0.23190371692180634,-0.23039008677005768,-0.23104986548423767,-0.0006597787141799927,0.0008538514375686646,-0.00022199749946594238,0.0004524641844909638,0.00028971166466362774,0.0002072726347250864
230,254,695,-0.20823609828948975,-0.20830199122428894,-0.2085028439760208,-0.2086634784936905,-0.00016063451766967773,-0.0003614872694015503,-9.47415828704834e-05,0.0004524642135947943,0.00028971160645596683,0.00020727339142467827
231,261,695,-0.21216663718223572,-0.21194449067115784,-0.2119598239660263,-0.2124890387058258,-0.0005292147397994995,-0.0005445480346679688,-0.0007513612508773804,0.0004524641844909638,0.0002897116355597973,0.0002072732022497803
232,248,412,-0.13284972310066223,-0.1329130083322525,-0.13524867594242096,-0.1354350745677948,-0.00018639862537384033,-0.0025220662355422974,-0.00012311339378356934,0.0004524641844909638,0.00028971166466362774,0.0002072726347250864
233,255,413,-0.17479410767555237,-0.17513513565063477,-0.17558109760284424,-0.17552019655704498,6.090104579925537e-05,-0.0003850609064102173,0.00040192902088165283,0.00045246415538713336,0.00028971172287128866,0.00020727250375784934
234,255,1009,-0.1712007075548172,-0.1715628206729889,-0.17197644710540771,-0.17266355454921722,-0.0006871074438095093,-0.0011007338762283325,-0.0003249943256378174,0.0004524641844909638,0.0002897116937674582,0.00020727257651742548
235,249,1013,-0.028585141524672508,-0.028618227690458298,-0.027641505002975464,-0.028076007962226868,-0.0004345029592514038,0.00054221972823143,-0.0004014167934656143,0.0004524641844909638,0.0002897116355597973,0.00020727292576339096
236,256,615,-0.16127237677574158,-0.1615542769432068,-0.16139143705368042,-0.1617387980222702,-0.0003473609685897827,-0.00018452107906341553,-6.546080112457275e-05,0.0004524641844909638,0.00028971166466362774,0.0002072729403153062
237,255,461,-0.019360898062586784,-0.020395010709762573,-0.020197369158267975,-0.021442990750074387,-0.0012456215918064117,-0.0010479800403118134,-0.00021150894463062286,0.0004524641844909638,0.0002897116355597973,0.000207272736588493
238,255,1007,-0.15417443215847015,-0.15486396849155426,-0.155155211687088,-0.15564164519309998,-0.0004864335060119629,-0.0007776767015457153,0.00020310282707214355,0.0004524641844909638,0.0002897116937674582,0.00020727257651742548
239,255,1007,-0.21517981588840485,-0.21568435430526733,-0.2154020518064499,-0.21614517271518707,-0.0007431209087371826,-0.00046081840991973877,-0.00023858249187469482,0.0004524641844909638,0.00028971166466362774,0.00020727267838083208
240,255,460,-0.1886216402053833,-0.1888912469148636,-0.18816082179546356,-0.18848182260990143,-0.0003210008144378662,0.0004094243049621582,-5.1394104957580566e-05,0.00045246415538713336,0.00028971172287128866,0.0002072724892059341
241,250,413,-0.09114911407232285,-0.0912996307015419,-0.09096173942089081,-0.09104014933109283,-7.840991020202637e-05,0.00025948137044906616,7.210671901702881e-05,0.0004524641844909638,0.0002897116937674582,0.00020727264927700162
242,277,785,-0.1480996161699295,-0.14825499057769775,-0.1475711464881897,-0.14758872985839844,-1.7583370208740234e-05,0.0006662607192993164,0.00013779103755950928,0.0004524641844909638,0.0002897116355597973,0.0002072732022497803
243,272,786,-0.12751907110214233,-0.12773066759109497,-0.1275952011346817,-0.12870095670223236,-0.0011057555675506592,-0.0009702891111373901,-0.0008941590785980225,0.0004524641844909638,0.00028971160645596683,0.00020727321680169553
244,272,786,-0.02061029151082039,-0.020853742957115173,-0.01936165615916252,-0.020177338272333145,-0.0008156821131706238,0.0006764046847820282,-0.0005722306668758392,0.0004524641844909638,0.0002897116355597973,0.0002072732022497803
245,270,25,-0.06060044839978218,-0.06064409762620926,-0.06356683373451233,-0.06343502551317215,0.00013180822134017944,-0.0027909278869628906,0.0001754574477672577,0.0004524642135947943,0.0002897115773521364,0.00020727384253405035
246,269,786,0.03527627885341644,0.035059407353401184,0.03542429581284523,0.03448648005723953,-0.0009378157556056976,-0.0005729272961616516,-0.0007209442555904388,0.0004524641844909638,0.0002897116355597973,0.00020727327500935644
247,269,786,-0.0815863236784935,-0.08199421316385269,-0.08147222548723221,-0.08257976919412613,-0.001107543706893921,-0.0005855560302734375,-0.000699654221534729,0.0004524641844909638,0.0002897116355597973,0.00020727318769786507
248,269,787,-0.028143111616373062,-0.02825765311717987,-0.027654768899083138,-0.028139393776655197,-0.00048462487757205963,0.00011825934052467346,-0.00037008337676525116,0.0004524642135947943,0.00028971160645596683,0.00020727372611872852
249,269,786,-0.08698901534080505,-0.08726299554109573,-0.0870572030544281,-0.08786427229642868,-0.0008070692420005798,-0.0006012767553329468,-0.0005330890417098999,0.0004524641844909638,0.00028971160645596683,0.00020727327500935644
250,269,786,-0.12943339347839355,-0.12960924208164215,-0.12960532307624817,-0.13094638288021088,-0.0013410598039627075,-0.0013371407985687256,-0.0011652112007141113,0.0004524642135947943,0.0002897115773521364,0.0002072734059765935
251,269,52,-0.05278445780277252,-0.05252482369542122,-0.05380852520465851,-0.053367991000413895,0.00044053420424461365,-0.0008431673049926758,0.00018090009689331055,0.0004524641844909638,0.0002897116355597973,0.00020727333321701735
252,286,348,-0.1926114410161972,-0.1926221251487732,-0.1933104693889618,-0.19329702854156494,1.3440847396850586e-05,-0.000674903392791748,2.4124979972839355e-05,0.0004524642135947943,0.0002897115773521364,0.00020727327500935644
253,287,931,-0.23506131768226624,-0.23662176728248596,-0.2386847287416458,-0.2403784692287445,-0.0016937404870986938,-0.003756701946258545,-0.00013329088687896729,0.0004524641844909638,0.00028971166466362774,0.00020727244555018842
254,286,348,-0.16403892636299133,-0.1641385406255722,-0.16480374336242676,-0.16468173265457153,0.00012201070785522461,-0.0005431920289993286,0.0002216249704360962,0.0004524641844909638,0.00028971160645596683,0.00020727307128254324
255,283,346,-0.3462870121002197,-0.3473981022834778,-0.3484489917755127,-0.3504800498485565,-0.0020310580730438232,-0.0030819475650787354,-0.0009199678897857666,0.0004524641844909638,0.0002897116355597973,0.00020727321680169553
256,282,347,-0.25557512044906616,-0.25560787320137024,-0.25596022605895996,-0.25659096240997314,-0.0006307363510131836,-0.0009830892086029053,-0.0005979835987091064,0.0004524641844909638,0.00028971166466362774,0.00020727305673062801
257,283,346,-0.34879958629608154,-0.3495486080646515,-0.34938594698905945,-0.3505810499191284,-0.0011951029300689697,-0.0010324418544769287,-0.00044608116149902344,0.0004524641844909638,0.0002897116355597973,0.00020727312949020416
258,301,319,-0.29177549481391907,-0.29230692982673645,-0.2934950888156891,-0.2945809066295624,-0.001085817813873291,-0.0022739768028259277,-0.0005543828010559082,0.0004524642135947943,0.00028971160645596683,0.0002072736097034067
259,298,319,-0.14464445412158966,-0.14421017467975616,-0.14587529003620148,-0.1454930454492569,0.0003822445869445801,-0.0012828707695007324,-5.2034854888916016e-05,0.0004524641844909638,0.0002897116355597973,0.00020727344963233918
260,299,318,-0.2581024467945099,-0.2590218782424927,-0.2591830790042877,-0.26053181290626526,-0.001348733901977539,-0.001509934663772583,-0.000429302453994751,0.0004524642135947943,0.00028971160645596683,0.00020727323135361075
261,298,318,-0.21777461469173431,-0.21811601519584656,-0.21903903782367706,-0.21997955441474915,-0.0009405165910720825,-0.0018635392189025879,-0.0005991160869598389,0.0004524642135947943,0.0002897115773521364,0.0002072736679110676
262,298,319,-0.19599229097366333,-0.1959051489830017,-0.1971728652715683,-0.1968407779932022,0.00033208727836608887,-0.0009356290102005005,0.0002449452877044678,0.0004524642135947943,0.0002897115773521364,0.0002072736679110676
263,299,106,-0.14063581824302673,-0.14130213856697083,-0.14107352495193481,-0.14190880954265594,-0.0008352845907211304,-0.0006066709756851196,-0.00016896426677703857,0.0004524642135947943,0.00028971160645596683,0.000207273566047661
264,288,418,-0.1677161455154419,-0.16807518899440765,-0.16749709844589233,-0.16777825355529785,-0.0002811551094055176,0.00029693543910980225,7.78883695602417e-05,0.0004524641844909638,0.00028971166466362774,0.00020727292576339096
265,290,357,-0.1484452486038208,-0.14862380921840668,-0.15017107129096985,-0.15013977885246277,3.129243850708008e-05,-0.0015159696340560913,0.00020985305309295654,0.0004524641844909638,0.0002897116937674582,0.0002072728384518996
266,290,357,-0.17806780338287354,-0.17816580832004547,-0.17826956510543823,-0.17856663465499878,-0.0002970695495605469,-0.0004008263349533081,-0.00019906461238861084,0.0004524641844909638,0.00028971166466362774,0.00020727285300381482
267,292,375,-0.07557114213705063,-0.07544808089733124,-0.07565481960773468,-0.07530957460403442,0.00034524500370025635,0.00013850629329681396,0.00022218376398086548,0.0004524641844909638,0.0002897116355597973,0.00020727308583445847
268,291,41,-0.11362623423337936,-0.11371177434921265,-0.11348889023065567,-0.11381895840167999,-0.0003300681710243225,-0.00010718405246734619,-0.00024452805519104004,0.0004524641844909638,0.00028971166466362774,0.00020727262017317116
269,290,613,-0.1614500880241394,-0.162059485912323,-0.1629774570465088,-0.1635117083787918,-0.00053425133228302,-0.001452222466468811,7.514655590057373e-05,0.0004524641844909638,0.0002897116937674582,0.0002072725910693407
270,296,680,-0.12027617543935776,-0.12059716880321503,-0.11979521065950394,-0.12041909992694855,-0.0006238892674446106,0.0001780688762664795,-0.0003028959035873413,0.0004524641844909638,0.0002897116355597973,0.00020727324590552598
271,288,871,-0.19417797029018402,-0.19475167989730835,-0.19513507187366486,-0.19506411254405975,7.095932960510254e-05,-0.0003124326467514038,0.0006446689367294312,0.0004524641844909638,0.00028971166466362774,0.00020727280934806913
272,298,381,-0.2348427176475525,-0.23454175889492035,-0.23396356403827667,-0.23355689644813538,0.0004066675901412964,0.0009848624467849731,0.00010570883750915527,0.0004524641844909638,0.00028971166466362774,0.00020727307128254324
273,291,381,-0.11700775474309921,-0.1174936294555664,-0.11749660223722458,-0.11817687004804611,-0.0006802678108215332,-0.0006832405924797058,-0.0001943930983543396,0.0004524641844909638,0.0002897116937674582,0.0002072731585940346
274,290,381,-0.19057942926883698,-0.19067168235778809,-0.19069895148277283,-0.19096142053604126,-0.0002624690532684326,-0.00028973817825317383,-0.00017021596431732178,0.0004524641844909638,0.00028971166466362774,0.00020727286755573004
275,290,381,-0.16241319477558136,-0.16260135173797607,-0.16286839544773102,-0.16302695870399475,-0.0001585632562637329,-0.00042560696601867676,2.9593706130981445e-05,0.0004524641844909638,0.00028971166466362774,0.00020727301307488233
276,290,381,-0.15325312316417694,-0.15343910455703735,-0.15321174263954163,-0.1534680426120758,-0.0002562999725341797,-2.893805503845215e-05,-7.031857967376709e-05,0.0004524641844909638,0.00028971166466362774,0.00020727317314594984
277,317,451,-0.21845097839832306,-0.21899016201496124,-0.22014735639095306,-0.22091230750083923,-0.0007649511098861694,-0.0019221454858779907,-0.00022576749324798584,0.0004524641844909638,0.00028971166466362774,0.00020727257651742548
278,312,469,-0.008340151980519295,-0.008772696368396282,-0.009580317884683609,-0.009726107120513916,-0.000145789235830307,-0.0009534107521176338,0.00028675515204668045,0.0004524641844909638,0.00028971160645596683,0.00020727318769786507
279,317,451,-0.1071930080652237,-0.1078270822763443,-0.10892140865325928,-0.10954863578081131,-0.0006272271275520325,-0.0017215535044670105,6.847083568572998e-06,0.0004524641844909638,0.0002897116355597973,0.000207272736588493
280,317,485,-0.0908610075712204,-0.09076801687479019,-0.09128972142934799,-0.0912809818983078,8.73953104019165e-06,-0.0005129650235176086,-8.425116539001465e-05,0.0004524641844909638,0.0002897116355597973,0.00020727296941913664
281,313,451,0.02045651338994503,0.02003149501979351,0.020159773528575897,0.019420810043811798,-0.0007389634847640991,-0.0006106849759817123,-0.00031394511461257935,0.0004524641844909638,0.00028971166466362774,0.00020727254741359502
282,312,665,-0.08544725924730301,-0.08575596660375595,-0.0867033451795578,-0.08721868693828583,-0.0005153417587280273,-0.0014627203345298767,-0.00020663440227508545,0.0004524641844909638,0.0002897116355597973,0.00020727298397105187
283,312,646,-0.16852489113807678,-0.16897110641002655,-0.1685795933008194,-0.16834691166877747,0.00023268163204193115,0.0006241947412490845,0.0006788969039916992,0.0004524642135947943,0.00028971160645596683,0.00020727347873616964
284,312,661,-0.16609998047351837,-0.16659019887447357,-0.16872455179691315,-0.16937969624996185,-0.0006551444530487061,-0.0027894973754882812,-0.00016492605209350586,0.0004524641844909638,0.00028971166466362774,0.00020727288210764527
285,329,542,-0.2739429473876953,-0.27464795112609863,-0.275873064994812,-0.277278333902359,-0.001405268907546997,-0.002630382776260376,-0.0007002651691436768,0.0004524642135947943,0.0002897115482483059,0.00020727358059957623
286,331,532,-0.3420513868331909,-0.3422248959541321,-0.3422360420227051,-0.3427356481552124,-0.0004996061325073242,-0.0005107522010803223,-0.0003260970115661621,0.0004524642135947943,0.0002897115482483059,0.00020727372611872852
287,329,531,-0.23073002696037292,-0.23141494393348694,-0.23270809650421143,-0.23379509150981903,-0.001086995005607605,-0.0023801475763320923,-0.0004020780324935913,0.0004524642135947943,0.0002897115773521364,0.00020727327500935644
288,326,150,-0.09671048820018768,-0.09642259776592255,-0.09420362114906311,-0.09327651560306549,0.0009271055459976196,0.0031460821628570557,0.0006392151117324829,0.0004524642135947943,0.0002897115482483059,0.00020727343508042395
289,333,413,-0.2352292686700821,-0.2350412905216217,-0.23512648046016693,-0.23466067016124725,0.00046581029891967773,0.0003806203603744507,0.00027783215045928955,0.0004524641844909638,0.00028971166466362774,0.00020727246010210365
290,327,890,-0.12563905119895935,-0.12573698163032532,-0.12630437314510345,-0.12586449086666107,0.0004398822784423828,-0.0001275092363357544,0.0005378127098083496,0.0004524642135947943,0.0002897115773521364,0.00020727368246298283
291,326,512,-0.3253319561481476,-0.3248056471347809,-0.3245868980884552,-0.32401320338249207,0.0005736947059631348,0.0007924437522888184,4.738569259643555e-05,0.0004524641844909638,0.0002897116355597973,0.00020727250375784934
292,326,150,-0.16903026401996613,-0.1688138097524643,-0.16783186793327332,-0.16686013340950012,0.0009717345237731934,0.0019536763429641724,0.0007552802562713623,0.0004524641844909638,0.00028971160645596683,0.00020727280934806913
293,329,530,-0.2756270170211792,-0.27662307024002075,-0.27689602971076965,-0.27878010272979736,-0.00188407301902771,-0.0021570324897766113,-0.0008880198001861572,0.0004524641844909638,0.0002897115773521364,0.00020727321680169553
294,329,543,-0.1369422823190689,-0.13766761124134064,-0.1388264149427414,-0.140395388007164,-0.0015689730644226074,-0.0027277767658233643,-0.0008436441421508789,0.0004524641844909638,0.00028971160645596683,0.00020727307128254324
295,344,914,-0.12820380926132202,-0.12830621004104614,-0.12967504560947418,-0.12998464703559875,-0.00030960142612457275,-0.0016784369945526123,-0.00020720064640045166,0.0004524642135947943,0.00028971160645596683,0.00020727331866510212
296,344,162,-0.135024756193161,-0.1351521760225296,-0.1352362036705017,-0.13613435626029968,-0.0008981525897979736,-0.0009821802377700806,-0.0007707327604293823,0.0004524642135947943,0.00028971160645596683,0.0002072733041131869
297,344,121,-0.2000657618045807,-0.20026686787605286,-0.20122207701206207,-0.20210780203342438,-0.0008857250213623047,-0.001840934157371521,-0.0006846189498901367,0.0004524642135947943,0.00028971160645596683,0.00020727334776893258
298,344,788,-0.14189188182353973,-0.1424625813961029,-0.1427801549434662,-0.1437780261039734,-0.0009978711605072021,-0.0013154447078704834,-0.00042717158794403076,0.0004524641844909638,0.0002897116355597973,0.00020727311493828893
299,344,788,-0.2158316969871521,-0.2167837768793106,-0.21888548135757446,-0.22003522515296936,-0.0011497437953948975,-0.0032514482736587524,-0.00019766390323638916,0.0004524642135947943,0.00028971160645596683,0.00020727343508042395
300,344,788,-0.14792363345623016,-0.14861734211444855,-0.14914298057556152,-0.15049932897090912,-0.0013563483953475952,-0.0018819868564605713,-0.0006626397371292114,0.0004524641844909638,0.00028971160645596683,0.0002072732022497803
301,344,738,-0.22994373738765717,-0.23022888600826263,-0.23147009313106537,-0.23200623691082,-0.0005361437797546387,-0.001777350902557373,-0.0002509951591491699,0.0004524642135947943,0.0002897115773521364,0.0002072734641842544
302,344,162,-0.1567545235157013,-0.15729393064975739,-0.15874367952346802,-0.1598433554172516,-0.0010996758937835693,-0.0025494247674942017,-0.000560268759727478,0.0004524641844909638,0.0002897116355597973,0.00020727317314594984
303,339,155,-0.29855841398239136,-0.2989003360271454,-0.29967260360717773,-0.3007740378379822,-0.0011014342308044434,-0.001873701810836792,-0.000759512186050415,0.0004524641844909638,0.0002897116355597973,0.0002072729985229671
304,339,155,-0.304237425327301,-0.3050851821899414,-0.30559349060058594,-0.30630332231521606,-0.000709831714630127,-0.0012181401252746582,0.0001379251480102539,0.0004524641844909638,0.0002897116355597973,0.00020727324590552598
305,339,155,-0.3311268091201782,-0.3320891261100769,-0.33337926864624023,-0.33405381441116333,-0.0006745457649230957,-0.0019646883010864258,0.00028777122497558594,0.0004524641844909638,0.00028971160645596683,0.0002072733623208478
306,352,109,-0.14864030480384827,-0.1490352302789688,-0.14901402592658997,-0.14964629709720612,-0.0006322711706161499,-0.0006110668182373047,-0.00023734569549560547,0.0004524642135947943,0.00028971160645596683,0.0002072734059765935
307,352,286,-0.24561955034732819,-0.24580636620521545,-0.245771124958992,-0.24601981043815613,-0.00024868547916412354,-0.00021344423294067383,-6.186962127685547e-05,0.0004524641844909638,0.00028971166466362774,0.0002072731585940346
308,351,284,-0.04738780856132507,-0.04725731909275055,-0.04915914312005043,-0.0486798956990242,0.00047924742102622986,-0.0014225766062736511,0.00034875795245170593,0.0004524642135947943,0.0002897115773521364,0.0002072734059765935
309,347,109,-0.1490074098110199,-0.14927826821804047,-0.14933575689792633,-0.14983783662319183,-0.0005020797252655029,-0.0005595684051513672,-0.00023122131824493408,0.0004524641844909638,0.00028971160645596683,0.00020727323135361075
310,347,114,-0.23824842274188995,-0.23846498131752014,-0.23764558136463165,-0.23794220387935638,-0.00029662251472473145,0.0005227774381637573,-8.006393909454346e-05,0.0004524641844909638,0.0002897116355597973,0.00020727317314594984
311,347,110,-0.1762509047985077,-0.17646712064743042,-0.1762375831604004,-0.17695708572864532,-0.0007195025682449341,-0.0004899650812149048,-0.0005032867193222046,0.0004524641844909638,0.00028971160645596683,0.00020727317314594984
312,347,82,-0.19639790058135986,-0.19652503728866577,-0.19643014669418335,-0.19653673470020294,-0.00010658800601959229,-1.169741153717041e-05,2.0548701286315918e-05,0.0004524641844909638,0.00028971160645596683,0.00020727308583445847
313,370,279,-0.4688369929790497,-0.469300240278244,-0.4707562327384949,-0.47127848863601685,-0.0005222558975219727,-0.001978248357772827,-5.900859832763672e-05,0.0004524641844909638,0.00028971160645596683,0.0002072728384518996
314,365,842,-0.18120437860488892,-0.18130210041999817,-0.18054093420505524,-0.180463969707489,7.696449756622314e-05,0.0008381307125091553,0.00017468631267547607,0.0004524641844909638,0.00028971160645596683,0.0002072731585940346
315,359,3,-0.2594263255596161,-0.2590503990650177,-0.26055723428726196,-0.26037752628326416,0.00017970800399780273,-0.00132712721824646,-0.00019621849060058594,0.0004524641844909638,0.0002897116355597973,0.0002072725328616798
316,370,279,-0.1595645546913147,-0.16019366681575775,-0.16114704310894012,-0.1623232066631317,-0.0011761635541915894,-0.0021295398473739624,-0.0005470514297485352,0.0004524641844909638,0.0002897116355597973,0.00020727270748466253
317,365,427,-0.36067676544189453,-0.3607783019542694,-0.3616173267364502,-0.3623332679271698,-0.0007159411907196045,-0.0015549659729003906,-0.0006144046783447266,0.0004524641844909638,0.00028971166466362774,0.0002072723873425275
318,370,484,-0.1324002742767334,-0.132287859916687,-0.1341991275548935,-0.1336442530155182,0.0005548745393753052,-0.0013563930988311768,0.00044246017932891846,0.0004524642135947943,0.0002897115773521364,0.00020727342052850872
319,357,475,-0.27748510241508484,-0.27778664231300354,-0.2785121202468872,-0.27910351753234863,-0.0005913972854614258,-0.0013168752193450928,-0.0002898573875427246,0.0004524641844909638,0.00028971160645596683,0.00020727324590552598
320,353,481,-0.24525333940982819,-0.24570511281490326,-0.2463141530752182,-0.2478991597890854,-0.0015850067138671875,-0.002194046974182129,-0.0011332333087921143,0.0004524641844909638,0.0002897116355597973,0.00020727314404211938
321,369,475,-0.36254504323005676,-0.36266353726387024,-0.36384257674217224,-0.3639543950557709,-0.00011181831359863281,-0.0012908577919006348,6.67572021484375e-06,0.0004524641844909638,0.0002897116355597973,0.00020727275114040822
322,357,475,-0.34719088673591614,-0.34756696224212646,-0.3476521372795105,-0.34864428639411926,-0.0009921491146087646,-0.0010773241519927979,-0.0006160736083984375,0.0004524641844909638,0.00028971160645596683,0.00020727280934806913
323,369,478,-0.20000499486923218,-0.20086908340454102,-0.2015683948993683,-0.20284268260002136,-0.0012742877006530762,-0.0019735991954803467,-0.0004101991653442383,0.0004524641844909638,0.00028971160645596683,0.00020727272203657776
324,369,475,-0.31000420451164246,-0.3108960688114166,-0.31210097670555115,-0.3130532503128052,-0.0009522736072540283,-0.00215718150138855,-6.04093074798584e-05,0.0004524641844909638,0.00028971160645596683,0.00020727267838083208
325,357,475,-0.38098788261413574,-0.381588876247406,-0.3823474645614624,-0.3833830654621124,-0.0010356009006500244,-0.001794189214706421,-0.00043460726737976074,0.0004524642135947943,0.0002897115773521364,0.0002072732604574412
326,357,599,-0.3362208604812622,-0.3365759551525116,-0.33733832836151123,-0.33811742067337036,-0.0007790923118591309,-0.0015414655208587646,-0.0004239976406097412,0.0004524642135947943,0.0002897115773521364,0.0002072732604574412
327,364,311,-0.27098867297172546,-0.2711621820926666,-0.27071329951286316,-0.27086904644966125,-0.0001557469367980957,0.0002931356430053711,1.7762184143066406e-05,0.0004524642135947943,0.00028971160645596683,0.00020727359515149146
328,353,490,-0.31853610277175903,-0.31921297311782837,-0.32000377774238586,-0.32114750146865845,-0.001143723726272583,-0.0019345283508300781,-0.00046685338020324707,0.0004524642135947943,0.0002897115773521364,0.00020727363880723715
329,361,489,-0.4062693119049072,-0.40676149725914,-0.4077760577201843,-0.4087236225605011,-0.0009475648403167725,-0.001962125301361084,-0.0004553794860839844,0.0004524641844909638,0.0002897116355597973,0.00020727317314594984
330,353,490,-0.44404137134552,-0.44409316778182983,-0.4452999532222748,-0.44612959027290344,-0.0008296370506286621,-0.0020364224910736084,-0.0007778406143188477,0.0004524642135947943,0.00028971160645596683,0.00020727337687276304
331,364,472,-0.2506541311740875,-0.25140583515167236,-0.25138670206069946,-0.2525014877319336,-0.0011147856712341309,-0.0010956525802612305,-0.000363081693649292,0.0004524642135947943,0.00028971160645596683,0.00020727363880723715
332,365,485,-0.41360679268836975,-0.4140503704547882,-0.4149942398071289,-0.4158279001712799,-0.000833660364151001,-0.0017775297164916992,-0.00039008259773254395,0.0004524641844909638,0.0002897116355597973,0.00020727295486722142
333,353,497,-0.2610543370246887,-0.2607654333114624,-0.2607559859752655,-0.2604445219039917,0.0003114640712738037,0.0003209114074707031,2.256035804748535e-05,0.0004524642135947943,0.0002897115482483059,0.0002072734059765935
334,357,470,-0.17641779780387878,-0.17564530670642853,-0.1764087826013565,-0.17573636770248413,0.0006724148988723755,-9.106099605560303e-05,-0.00010007619857788086,0.0004524642135947943,0.0002897115482483059,0.0002072732604574412
335,380,975,-0.22808901965618134,-0.22810184955596924,-0.22895313799381256,-0.22917842864990234,-0.00022529065608978271,-0.0010765790939331055,-0.00021246075630187988,0.0004524641844909638,0.00028971166466362774,0.0002072727947961539
336,385,301,-0.24018099904060364,-0.24089248478412628,-0.2410353273153305,-0.2422296553850174,-0.0011943280696868896,-0.0013371706008911133,-0.0004828423261642456,0.0004524641844909638,0.0002897116355597973,0.00020727285300381482
337,381,922,-0.22081032395362854,-0.22175444662570953,-0.22495697438716888,-0.22571401298046112,-0.0007570385932922363,-0.003959566354751587,0.00018708407878875732,0.0004524641844909638,0.00028971166466362774,0.00020727241644635797
338,381,760,-0.17666155099868774,-0.17685258388519287,-0.17611169815063477,-0.17643824219703674,-0.00032654404640197754,0.00041434168815612793,-0.00013551115989685059,0.0004524641844909638,0.0002897116355597973,0.00020727282389998436
339,377,302,-0.20918962359428406,-0.2091248333454132,-0.20830310881137848,-0.2087632417678833,-0.0004601329565048218,0.0003615915775299072,-0.0005249232053756714,0.0004524641844909638,0.00028971160645596683,0.00020727304217871279
340,375,872,-0.20961527526378632,-0.20967969298362732,-0.20869743824005127,-0.20859716832637787,0.00010026991367340088,0.0010825246572494507,0.0001646876335144043,0.0004524642135947943,0.0002897115773521364,0.00020727353694383055
341,385,302,-0.36170634627342224,-0.361755907535553,-0.362296462059021,-0.3630741834640503,-0.0007777214050292969,-0.0013182759284973145,-0.0007281601428985596,0.0004524642135947943,0.00028971160645596683,0.00020727355149574578
342,376,760,-0.22495579719543457,-0.2250131070613861,-0.22361139953136444,-0.22454696893692017,-0.0009355694055557251,0.0004661381244659424,-0.000878259539604187,0.0004524641844909638,0.00028971166466362774,0.0002072732022497803
343,377,686,-0.2478742003440857,-0.2489832043647766,-0.25136876106262207,-0.25305500626564026,-0.0016862452030181885,-0.0040718019008636475,-0.0005772411823272705,0.0004524641844909638,0.0002897116355597973,0.00020727317314594984
344,376,348,-0.20679795742034912,-0.20685987174510956,-0.20533151924610138,-0.20562490820884705,-0.0002933889627456665,0.0012349635362625122,-0.0002314746379852295,0.0004524641844909638,0.00028971166466362774,0.00020727324590552598
345,381,32,-0.2268979698419571,-0.22772909700870514,-0.22987644374370575,-0.23141469061374664,-0.0015382468700408936,-0.003685593605041504,-0.0007071197032928467,0.0004524641844909638,0.0002897116937674582,0.00020727256196551025
346,377,760,-0.22379879653453827,-0.22373834252357483,-0.22539690136909485,-0.22573642432689667,-0.00033952295780181885,-0.0019980818033218384,-0.0003999769687652588,0.0004524641844909638,0.00028971160645596683,0.00020727305673062801
347,381,106,-0.203443244099617,-0.20354095101356506,-0.20228394865989685,-0.2024202048778534,-0.00013625621795654297,0.00112074613571167,-3.854930400848389e-05,0.0004524641844909638,0.0002897116355597973,0.00020727285300381482
348,400,98,-0.06245644763112068,-0.06254690140485764,-0.0610990971326828,-0.06109083443880081,8.262693881988525e-06,0.0014560669660568237,9.871646761894226e-05,0.0004524642135947943,0.0002897115773521364,0.00020727312949020416
349,394,84,-0.10414241999387741,-0.10417473316192627,-0.10352931916713715,-0.10360747575759888,-7.815659046173096e-05,0.0005672574043273926,-4.5843422412872314e-05,0.0004524642135947943,0.00028971160645596683,0.00020727304217871279
350,401,96,-0.0636303573846817,-0.06371482461690903,-0.06262769550085068,-0.06307017803192139,-0.00044248253107070923,0.0006446465849876404,-0.0003580152988433838,0.0004524641844909638,0.0002897116355597973,0.00020727301307488233
351,392,96,-0.06101708859205246,-0.06127634271979332,-0.0607062503695488,-0.06123051047325134,-0.0005242601037025452,4.583224654197693e-05,-0.0002650059759616852,0.0004524642135947943,0.0002897115773521364,0.00020727343508042395
352,391,80,-0.06653090566396713,-0.0668674111366272,-0.06698471307754517,-0.06678929179906845,0.0001954212784767151,7.811933755874634e-05,0.0005319267511367798,0.0004524642135947943,0.0002897115773521364,0.00020727305673062801
353,394,84,-0.07308360189199448,-0.07290603965520859,-0.07243942469358444,-0.07197593152523041,0.0004634931683540344,0.0009301081299781799,0.00028593093156814575,0.0004524642135947943,0.0002897115773521364,0.00020727321680169553
354,392,98,-0.0297218170017004,-0.02980293147265911,-0.029128925874829292,-0.029133906587958336,-4.980713129043579e-06,0.0006690248847007751,7.613375782966614e-05,0.0004524642135947943,0.0002897115773521364,0.00020727331866510212
355,392,98,0.0015256255865097046,0.0013939151540398598,0.002247132360935211,0.0022026365622878075,-4.449579864740372e-05,0.0008087214082479477,8.72146338224411e-05,0.0004524642135947943,0.0002897115773521364,0.00020727328956127167
356,391,80,-0.08653561770915985,-0.08690166473388672,-0.08750270307064056,-0.08750235289335251,3.501772880554199e-07,-0.0006006881594657898,0.0003663972020149231,0.0004524642135947943,0.00028971160645596683,0.00020727308583445847
357,391,80,-0.157461017370224,-0.15786892175674438,-0.15747642517089844,-0.15741603076457977,6.039440631866455e-05,0.0004528909921646118,0.0004682987928390503,0.0004524642135947943,0.0002897115773521364,0.00020727321680169553
358,391,81,-0.16742298007011414,-0.16749067604541779,-0.16739818453788757,-0.16680356860160828,0.0005946159362792969,0.0006871074438095093,0.0006623119115829468,0.0004524642135947943,0.0002897115773521364,0.00020727314404211938
359,392,80,-0.046155549585819244,-0.046327609568834305,-0.04664069041609764,-0.04667298495769501,-3.229454159736633e-05,-0.0003453753888607025,0.0001397654414176941,0.0004524642135947943,0.0002897115773521364,0.0002072732604574412
360,418,745,-0.11947013437747955,-0.11906038224697113,-0.1195048838853836,-0.12006407231092453,-0.0005591884255409241,-0.0010036900639533997,-0.0009689405560493469,0.0004524641844909638,0.00028971160645596683,0.00020727308583445847
361,418,759,-0.11673267930746078,-0.11665190011262894,-0.11838985234498978,-0.11838562786579132,4.2244791984558105e-06,-0.001733727753162384,-7.655471563339233e-05,0.0004524641844909638,0.0002897116355597973,0.00020727311493828893
362,419,132,0.0045677656307816505,0.005333452485501766,0.00568094477057457,0.006382402963936329,0.0007014581933617592,0.0010489504784345627,-6.422866135835648e-05,0.0004524641844909638,0.0002897116355597973,0.0002072732604574412
363,415,127,-0.08812658488750458,-0.08770669251680374,-0.08622479438781738,-0.0862559899687767,-3.119558095932007e-05,0.0014507025480270386,-0.00045108795166015625,0.0004524641844909638,0.00028971166466362774,0.00020727285300381482
364,416,190,0.01635795459151268,0.016312487423419952,0.016575848683714867,0.016271468251943588,-0.0003043804317712784,-4.1019171476364136e-05,-0.0002589132636785507,0.0004524641844909638,0.00028971166466362774,0.000207272736588493
365,425,453,-0.20072519779205322,-0.20076562464237213,-0.19983460009098053,-0.19983622431755066,-1.6242265701293945e-06,0.0009294003248214722,3.88026237487793e-05,0.0004524641844909638,0.00028971166466362774,0.00020727295486722142
366,425,289,-0.14204899966716766,-0.1415078341960907,-0.14097128808498383,-0.1402982473373413,0.0006730407476425171,0.0012095868587493896,0.00013187527656555176,0.0004524641844909638,0.00028971166466362774,0.00020727295486722142
367,425,180,-0.2621154189109802,-0.26232635974884033,-0.262037068605423,-0.26202815771102905,8.910894393920898e-06,0.0002982020378112793,0.00021985173225402832,0.0004524641844909638,0.0002897116355597973,0.00020727314404211938
368,425,670,-0.24632667005062103,-0.24612516164779663,-0.24506665766239166,-0.24440382421016693,0.0006628334522247314,0.0017213374376296997,0.0004613250494003296,0.0004524641844909638,0.00028971166466362774,0.00020727307128254324
369,420,926,-0.14274463057518005,-0.14199380576610565,-0.14398513734340668,-0.14362506568431854,0.00036007165908813477,-0.0016312599182128906,-0.0003907531499862671,0.00045246415538713336,0.00028971172287128866,0.00020727225637529045
370,423,473,-0.3133726716041565,-0.3131582736968994,-0.3125878870487213,-0.3126620352268219,-7.414817810058594e-05,0.0004962384700775146,-0.000288546085357666,0.0004524641844909638,0.00028971166466362774,0.0002072724892059341
371,422,452,-0.22423319518566132,-0.2247028350830078,-0.22461441159248352,-0.22545857727527618,-0.0008441656827926636,-0.0007557421922683716,-0.000374525785446167,0.0004524641844909638,0.0002897116937674582,0.0002072722854791209
372,422,691,-0.20924997329711914,-0.20982395112514496,-0.21160024404525757,-0.2120768129825592,-0.00047656893730163574,-0.0022528618574142456,9.740889072418213e-05,0.00045246415538713336,0.00028971172287128866,0.00020727203809656203
373,420,932,-0.19873005151748657,-0.19835855066776276,-0.19940192997455597,-0.19950662553310394,-0.00010469555854797363,-0.0011480748653411865,-0.00047619640827178955,0.0004524641844909638,0.0002897116937674582,0.00020727241644635797
374,437,655,-0.10341855883598328,-0.1027374193072319,-0.10341059416532516,-0.10375211387872696,-0.00034151971340179443,-0.0010146945714950562,-0.0010226592421531677,0.0004524641844909638,0.0002897116355597973,0.00020727339142467827
375,433,578,-0.11992471665143967,-0.1193016991019249,-0.11948737502098083,-0.11975270509719849,-0.00026533007621765137,-0.0004510059952735901,-0.0008883476257324219,0.0004524641844909638,0.0002897116355597973,0.00020727352239191532
376,433,655,-0.19676563143730164,-0.196669802069664,-0.1976841390132904,-0.1991742104291916,-0.001490071415901184,-0.002504408359527588,-0.0015859007835388184,0.0004524641844909638,0.0002897116355597973,0.0002072734641842544
377,433,256,-0.17752420902252197,-0.1773149073123932,-0.17829370498657227,-0.17912302911281586,-0.0008293241262435913,-0.0018081218004226685,-0.0010386258363723755,0.0004524641844909638,0.0002897116355597973,0.00020727334776893258
378,431,456,-0.26706308126449585,-0.26717954874038696,-0.2673831284046173,-0.2680426239967346,-0.0006594955921173096,-0.0008630752563476562,-0.0005430281162261963,0.0004524641844909638,0.0002897116355597973,0.0002072732022497803
379,430,456,-0.12972065806388855,-0.13009685277938843,-0.12945789098739624,-0.12991051375865936,-0.00045262277126312256,0.00018633902072906494,-7.642805576324463e-05,0.0004524641844909638,0.0002897116937674582,0.00020727272203657776
380,431,456,-0.04209107160568237,-0.04249895364046097,-0.04366940259933472,-0.04383502155542374,-0.00016561895608901978,-0.0013360679149627686,0.0002422630786895752,0.0004524641844909638,0.00028971166466362774,0.00020727334776893258
381,437,456,-0.017074864357709885,-0.0166728887706995,-0.017505154013633728,-0.01638195849955082,0.0011231955140829086,0.00029093027114868164,0.000721219927072525,0.0004524641844909638,0.0002897116355597973,0.00020727347873616964
382,431,724,-0.09660401940345764,-0.09649500250816345,-0.096798375248909,-0.09691284596920013,-0.0001144707202911377,-0.00041784346103668213,-0.00022348761558532715,0.0004524642135947943,0.0002897115773521364,0.00020727375522255898
383,431,582,-0.20260576903820038,-0.20270581543445587,-0.20365405082702637,-0.20362477004528046,2.9280781745910645e-05,-0.000918954610824585,0.0001293271780014038,0.0004524641844909638,0.0002897116355597973,0.00020727328956127167
384,432,456,-0.09250739961862564,-0.09343179315328598,-0.09507764875888824,-0.09570874273777008,-0.0006310939788818359,-0.0022769495844841003,0.0002932995557785034,0.0004524641844909638,0.00028971160645596683,0.0002072734641842544
385,431,579,-0.1371353566646576,-0.13782425224781036,-0.1393498033285141,-0.1408105194568634,-0.0014607161283493042,-0.0029862672090530396,-0.0007718205451965332,0.0004524641844909638,0.0002897116355597973,0.00020727339142467827
386,431,582,-0.0858728215098381,-0.0861286073923111,-0.08744712918996811,-0.08751499652862549,-6.786733865737915e-05,-0.001386389136314392,0.0001879185438156128,0.0004524641844909638,0.0002897116355597973,0.00020727359515149146
387,447,57,-0.1958044171333313,-0.19596430659294128,-0.19645507633686066,-0.1971350610256195,-0.0006799846887588501,-0.0011707544326782227,-0.0005200952291488647,0.0004524641844909638,0.00028971166466362774,0.00020727298397105187
388,447,57,-0.12455125153064728,-0.12444915622472763,-0.12449706345796585,-0.12476342171430588,-0.00026635825634002686,-0.00031426548957824707,-0.00036845356225967407,0.0004524641844909638,0.0002897116355597973,0.00020727311493828893
389,447,62,-0.039099302142858505,-0.03917498514056206,-0.038773857057094574,-0.03940302133560181,-0.0006291642785072327,-0.00022803619503974915,-0.0005534812808036804,0.0004524641844909638,0.00028971166466362774,0.00020727304217871279
390,443,60,-0.11631380021572113,-0.11571429669857025,-0.11403414607048035,-0.11378251761198044,0.00025162845849990845,0.0019317790865898132,-0.00034787505865097046,0.0004524642135947943,0.00028971160645596683,0.00020727328956127167
391,442,754,-0.12554368376731873,-0.1254473626613617,-0.1259940266609192,-0.12644919753074646,-0.0004551708698272705,-0.0010018348693847656,-0.0005514919757843018,0.0004524642135947943,0.00028971160645596683,0.0002072733623208478
392,442,748,-0.10236389189958572,-0.10198764503002167,-0.10199438035488129,-0.10236455500125885,-0.0003701746463775635,-0.0003769099712371826,-0.0007464215159416199,0.0004524642135947943,0.00028971160645596683,0.0002072734059765935
393,442,60,-0.09509506076574326,-0.09484094381332397,-0.09320612996816635,-0.09362398833036423,-0.000417858362197876,0.0012169554829597473,-0.000671975314617157,0.0004524642135947943,0.00028971160645596683,0.0002072735078400001
394,457,582,-0.18287140130996704,-0.18317648768424988,-0.18272386491298676,-0.18323710560798645,-0.0005132406949996948,-6.0617923736572266e-05,-0.0002081543207168579,0.0004524641844909638,0.00028971166466362774,0.00020727295486722142
395,457,579,-0.12933595478534698,-0.12954826653003693,-0.1299862563610077,-0.13077303767204285,-0.0007867813110351562,-0.0012247711420059204,-0.0005744695663452148,0.0004524641844909638,0.0002897116937674582,0.00020727278024423867
396,458,433,-0.20059949159622192,-0.20004387199878693,-0.2005835771560669,-0.199441596865654,0.0011419802904129028,0.0006022751331329346,0.0005863606929779053,0.00045246415538713336,0.00028971172287128866,0.0002072725910693407
397,454,250,-0.19431748986244202,-0.19430890679359436,-0.1950639933347702,-0.19517123699188232,-0.00010724365711212158,-0.0008623301982879639,-0.00011582672595977783,0.0004524641844909638,0.00028971166466362774,0.00020727250375784934
398,456,253,-0.12342899292707443,-0.1240939348936081,-0.12468807399272919,-0.12516023218631744,-0.00047215819358825684,-0.0010662972927093506,0.00019278377294540405,0.0004524641844909638,0.0002897116937674582,0.00020727219816762954
399,454,433,-0.14076443016529083,-0.14093007147312164,-0.1404096782207489,-0.1409364491701126,-0.0005267709493637085,-6.377696990966797e-06,-0.00036112964153289795,0.0004524641844909638,0.0002897116355597973,0.0002072729403153062
400,457,265,-0.10218594968318939,-0.10234974324703217,-0.1030585765838623,-0.103392593562603,-0.00033401697874069214,-0.0010428503155708313,-0.0001702234148979187,0.00045246415538713336,0.0002897116937674582,0.00020727225637529045
401,456,253,-0.12640917301177979,-0.12639003992080688,-0.12611648440361023,-0.12632374465465546,-0.00020726025104522705,6.629526615142822e-05,-0.00022639334201812744,0.0004524641844909638,0.0002897116355597973,0.00020727282389998436
402,457,254,-0.055428311228752136,-0.05544876307249069,-0.05465376377105713,-0.054835379123687744,-0.00018161535263061523,0.000613383948802948,-0.00016116350889205933,0.0004524641844909638,0.00028971166466362774,0.00020727266382891685
403,458,433,-0.1268027126789093,-0.12669748067855835,-0.1267475038766861,-0.12633085250854492,0.0004166513681411743,0.00036662817001342773,0.00031141936779022217,0.0004524641844909638,0.0002897116355597973,0.00020727304217871279
404,457,439,-0.05223124474287033,-0.05194041132926941,-0.0513446219265461,-0.05058746784925461,0.0007571540772914886,0.001352943480014801,0.000466320663690567,0.0004524641844909638,0.00028971166466362774,0.00020727275114040822
405,457,579,-0.126739501953125,-0.1266563981771469,-0.12583322823047638,-0.12548528611660004,0.0003479421138763428,0.001171112060546875,0.0002648383378982544,0.0004524641844909638,0.0002897116355597973,0.00020727302762679756
406,454,577,-0.16555266082286835,-0.16550207138061523,-0.16545185446739197,-0.16635751724243164,-0.0009056627750396729,-0.0008554458618164062,-0.0009562522172927856,0.0004524641844909638,0.00028971166466362774,0.00020727282389998436
407,474,313,-0.17965079843997955,-0.18017663061618805,-0.18033333122730255,-0.1806686669588089,-0.00033533573150634766,-0.0004920363426208496,0.00019049644470214844,0.0004524642135947943,0.0002897115773521364,0.00020727368246298283
408,471,486,-0.05488252639770508,-0.05557999759912491,-0.05708184093236923,-0.05856405198574066,-0.0014822110533714294,-0.002984054386615753,-0.0007847398519515991,0.0004524641844909638,0.00028971160645596683,0.0002072731003863737
409,474,371,-0.19716215133666992,-0.19773231446743011,-0.19881080090999603,-0.1994425505399704,-0.0006317496299743652,-0.0017102360725402832,-6.158649921417236e-05,0.0004524641844909638,0.00028971166466362774,0.00020727333321701735
410,474,481,-0.18169522285461426,-0.18231405317783356,-0.18303358554840088,-0.18388709425926208,-0.0008535087108612061,-0.0015730410814285278,-0.00023467838764190674,0.0004524641844909638,0.00028971166466362774,0.00020727308583445847
411,471,425,-0.14801402390003204,-0.14806301891803741,-0.1490347534418106,-0.1499386429786682,-0.000903889536857605,-0.0018756240606307983,-0.0008548945188522339,0.0004524641844909638,0.00028971166466362774,0.00020727270748466253
412,471,479,-0.15603017807006836,-0.15661491453647614,-0.1602393090724945,-0.16144585609436035,-0.0012065470218658447,-0.004830941557884216,-0.0006218105554580688,0.0004524641844909638,0.0002897116355597973,0.00020727278024423867
413,485,365,-0.3164539933204651,-0.31693506240844727,-0.31812888383865356,-0.3187672197818756,-0.0006383359432220459,-0.0018321573734283447,-0.00015726685523986816,0.0004524642135947943,0.0002897115482483059,0.00020727353694383055
414,488,470,-0.3214624524116516,-0.3220168352127075,-0.32297995686531067,-0.32354506850242615,-0.0005651116371154785,-0.001528233289718628,-1.0728836059570312e-05,0.0004524641844909638,0.0002897116355597973,0.00020727244555018842
415,483,845,-0.31151679158210754,-0.31167829036712646,-0.31194061040878296,-0.3121742308139801,-0.00023362040519714355,-0.0004959404468536377,-7.212162017822266e-05,0.0004524641844909638,0.00028971160645596683,0.00020727302762679756
416,488,497,-0.18881651759147644,-0.18794623017311096,-0.1875697672367096,-0.18682913482189178,0.0007406324148178101,0.0011170953512191772,-0.00012965500354766846,0.0004524641844909638,0.0002897116355597973,0.00020727264927700162
417,488,845,-0.26046866178512573,-0.26015856862068176,-0.25969696044921875,-0.2593747675418854,0.000322192907333374,0.0007838010787963867,1.2099742889404297e-05,0.0004524641844909638,0.0002897115773521364,0.00020727302762679756
418,482,106,-0.23088137805461884,-0.2315272092819214,-0.2318219542503357,-0.2327989935874939,-0.0009770393371582031,-0.0012717843055725098,-0.00033120810985565186,0.0004524642135947943,0.0002897115773521364,0.0002072734059765935
419,483,472,-0.2022237479686737,-0.20225222408771515,-0.2030230313539505,-0.20318950712680817,-0.00016647577285766602,-0.0009372830390930176,-0.00013799965381622314,0.0004524641844909638,0.00028971166466362774,0.00020727304217871279
420,483,472,-0.3486088514328003,-0.34847623109817505,-0.3480983376502991,-0.3485521376132965,-0.0004537999629974365,-7.590651512145996e-05,-0.0005864202976226807,0.0004524641844909638,0.0002897116937674582,0.000207272736588493
421,482,374,-0.30252256989479065,-0.30229443311691284,-0.30118680000305176,-0.30025023221969604,0.0009365677833557129,0.002044200897216797,0.0007084310054779053,0.0004524641844909638,0.00028971160645596683,0.00020727291121147573
422,482,313,-0.2198334038257599,-0.21981245279312134,-0.2200639545917511,-0.219970241189003,9.371340274810791e-05,-0.00015778839588165283,7.27623701095581e-05,0.0004524641844909638,0.00028971160645596683,0.0002072729985229671
423,488,372,-0.4067800045013428,-0.4076719582080841,-0.4090835154056549,-0.4099462032318115,-0.0008626878261566162,-0.002274245023727417,2.9265880584716797e-05,0.0004524641844909638,0.0002897116355597973,0.000207272736588493
424,488,470,-0.23987579345703125,-0.24021923542022705,-0.23901773989200592,-0.2387726753950119,0.00024506449699401855,0.001446560025215149,0.0005885064601898193,0.0004524641844909638,0.0002897116355597973,0.0002072727947961539
425,488,472,-0.26510781049728394,-0.264936625957489,-0.26517802476882935,-0.26465415954589844,0.0005238652229309082,0.00028246641159057617,0.00035268068313598633,0.0004524641844909638,0.0002897116355597973,0.00020727285300381482
426,476,374,-0.29182788729667664,-0.29197123646736145,-0.2925528883934021,-0.2927807867527008,-0.00022789835929870605,-0.0008095502853393555,-8.45491886138916e-05,0.0004524642135947943,0.0002897115773521364,0.0002072734059765935
427,483,369,-0.254189133644104,-0.25437450408935547,-0.2555508017539978,-0.2562239170074463,-0.0006731152534484863,-0.0018494129180908203,-0.0004877448081970215,0.0004524642135947943,0.00028971160645596683,0.00020727342052850872
428,483,369,-0.3520817160606384,-0.35280072689056396,-0.35305312275886536,-0.35403749346733093,-0.0009843707084655762,-0.0012367665767669678,-0.00026535987854003906,0.0004524641844909638,0.0002897116355597973,0.00020727291121147573
429,512,971,-0.08236159384250641,-0.08247333765029907,-0.08219020068645477,-0.08297331631183624,-0.0007831156253814697,-0.0004999786615371704,-0.0006713718175888062,0.0004524641844909638,0.0002897116937674582,0.00020727267838083208
430,512,897,-0.1631174236536026,-0.16346795856952667,-0.16210421919822693,-0.16294310986995697,-0.0008388906717300415,0.0005248486995697021,-0.0004883557558059692,0.0004524641844909638,0.00028971166466362774,0.00020727288210764527
431,512,970,-0.1327265202999115,-0.1324712187051773,-0.1300952136516571,-0.13033966720104218,-0.0002444535493850708,0.002131551504135132,-0.0004997551441192627,0.0004524641844909638,0.0002897116937674582,0.00020727254741359502
432,512,970,-0.07591996341943741,-0.07583695650100708,-0.07433207333087921,-0.0749550461769104,-0.000622972846031189,0.0008819103240966797,-0.0007059797644615173,0.0004524641844909638,0.00028971166466362774,0.00020727305673062801
433,512,971,-0.13399286568164825,-0.13387106359004974,-0.1335681974887848,-0.1341138631105423,-0.0005456656217575073,-0.0002427995204925537,-0.0006674677133560181,0.0004524641844909638,0.0002897116937674582,0.00020727262017317116
434,512,971,-0.13443855941295624,-0.13422547280788422,-0.13415563106536865,-0.13471287488937378,-0.000557243824005127,-0.000487402081489563,-0.0007703304290771484,0.0004524641844909638,0.00028971172287128866,0.00020727262017317116
435,512,970,-0.19919130206108093,-0.19897755980491638,-0.19651202857494354,-0.196722149848938,-0.0002101212739944458,0.0022554099559783936,-0.0004238635301589966,0.0004524641844909638,0.0002897116937674582,0.00020727278024423867
436,512,970,-0.13007473945617676,-0.13007037341594696,-0.12796920537948608,-0.1283525824546814,-0.0003833770751953125,0.001717790961265564,-0.00038774311542510986,0.0004524641844909638,0.0002897116937674582,0.0002072726929327473
437,508,331,-0.18410485982894897,-0.18359649181365967,-0.1836315542459488,-0.18258023262023926,0.0010513216257095337,0.0010162591934204102,0.000542953610420227,0.0004524641844909638,0.0002897116937674582,0.00020727235823869705
438,505,331,-0.25185874104499817,-0.25107064843177795,-0.24937283992767334,-0.24809996783733368,0.0012728720903396606,0.002970680594444275,0.00048479437828063965,0.0004524641844909638,0.00028971166466362774,0.00020727247465401888
439,518,405,-0.06577096879482269,-0.06604741513729095,-0.06696265190839767,-0.06720148026943207,-0.0002388283610343933,-0.0011540651321411133,3.761798143386841e-05,0.00045246415538713336,0.0002897116937674582,0.00020727199444081634
440,516,406,-0.1236666738986969,-0.12371665984392166,-0.12330769002437592,-0.12318602949380875,0.00012166053056716919,0.000530630350112915,0.00017164647579193115,0.00045246415538713336,0.00028971172287128866,0.00020727203809656203
441,516,407,-0.2138579785823822,-0.21407675743103027,-0.21396033465862274,-0.21392318606376648,3.714859485626221e-05,0.00015357136726379395,0.0002559274435043335,0.00045246415538713336,0.0002897117519751191,0.0002072719216812402
442,515,408,-0.00985984317958355,-0.010132001712918282,-0.012061425484716892,-0.01232011616230011,-0.0002586906775832176,-0.0021881144493818283,1.3467855751514435e-05,0.00045246415538713336,0.00028971172287128866,0.00020727197988890111
443,513,406,-0.13325586915016174,-0.13326814770698547,-0.13264866173267365,-0.13304787874221802,-0.00039921700954437256,0.00022026896476745605,-0.0003869384527206421,0.00045246415538713336,0.0002897117519751191,0.00020727189257740974
444,513,406,-0.21577425301074982,-0.21604040265083313,-0.2160366177558899,-0.216386079788208,-0.00034946203231811523,-0.00034567713737487793,-8.331239223480225e-05,0.00045246415538713336,0.0002897117519751191,0.00020727197988890111
445,513,406,-0.1458618938922882,-0.14597101509571075,-0.14629404246807098,-0.1465509980916977,-0.000256955623626709,-0.0005799829959869385,-0.0001478344202041626,0.00045246415538713336,0.0002897117519751191,0.00020727230003103614
446,513,407,-0.19204793870449066,-0.19197459518909454,-0.1915992647409439,-0.1917525827884674,-0.00015331804752349854,0.00022201240062713623,-0.0002266615629196167,0.00045246415538713336,0.00028971178107894957,0.00020727197988890111
447,528,567,0.07858540117740631,0.07830803096294403,0.07781340181827545,0.07696068286895752,-0.0008527189493179321,-0.0013473480939865112,-0.0005753487348556519,0.00045246415538713336,0.0002897116937674582,0.00020727221271954477
448,528,64,0.03548873960971832,0.03547658398747444,0.036233238875865936,0.03593463450670242,-0.0002986043691635132,0.00045805051922798157,-0.00028644874691963196,0.00045246415538713336,0.00028971172287128866,0.0002072723291348666
449,526,62,0.0032015512697398663,0.0035373419523239136,0.004923563450574875,0.00488008838146925,-4.347506910562515e-05,0.0013427464291453362,-0.00037926575168967247,0.0004524641844909638,0.0002897116937674582,0.0002072723873425275
450,529,207,0.11845530569553375,0.11785996705293655,0.11792362481355667,0.11748775839805603,-0.00043586641550064087,-0.0003722086548805237,0.00015947222709655762,0.00045246415538713336,0.00028971172287128866,0.00020727231458295137
451,522,696,0.06658586114645004,0.06682896614074707,0.06798941642045975,0.06785468012094498,-0.0001347362995147705,0.0010257139801979065,-0.0003778412938117981,0.0004524641844909638,0.0002897116937674582,0.0002072724309982732
452,523,64,0.013608848676085472,0.013646209612488747,0.013875287026166916,0.013639508746564388,-0.00023577827960252762,-6.700865924358368e-06,-0.00027313921600580215,0.0004524641844909638,0.0002897116937674582,0.00020727267838083208
453,521,62,0.0942719429731369,0.09527451545000076,0.09633821249008179,0.09740766882896423,0.0010694563388824463,0.0021331533789634705,6.68838620185852e-05,0.0004524641844909638,0.0002897116937674582,0.0002072725328616798
454,522,64,0.04201303422451019,0.04219697043299675,0.04334138706326485,0.04309973865747452,-0.00024164840579032898,0.0009027682244777679,-0.000425584614276886,0.0004524641844909638,0.0002897116355597973,0.00020727285300381482
455,523,753,0.05131687968969345,0.051955971866846085,0.052933674305677414,0.05346295237541199,0.0005292780697345734,0.0015069805085659027,-0.0001098141074180603,0.0004524641844909638,0.0002897116937674582,0.00020727262017317116
456,535,672,-0.3833349049091339,-0.38378220796585083,-0.3833984136581421,-0.38504117727279663,-0.001642763614654541,-0.0012589693069458008,-0.001195460557937622,0.0004524642135947943,0.0002897115773521364,0.0002072736097034067
457,539,327,-0.4205583930015564,-0.420693039894104,-0.4204837381839752,-0.42141860723495483,-0.0009348690509796143,-0.0007255673408508301,-0.0008002221584320068,0.0004524642135947943,0.0002897115482483059,0.0002072734641842544
458,535,154,-0.40749943256378174,-0.40792974829673767,-0.40741676092147827,-0.40910500288009644,-0.001688241958618164,-0.0011752545833587646,-0.0012579262256622314,0.0004524641844909638,0.00028971160645596683,0.00020727328956127167
459,535,326,-0.43277958035469055,-0.43353524804115295,-0.4340553879737854,-0.43613094091415405,-0.0020755529403686523,-0.0025956928730010986,-0.00131988525390625,0.0004524641844909638,0.00028971160645596683,0.00020727305673062801
460,535,612,-0.4558408260345459,-0.4563760757446289,-0.4577646553516388,-0.45800110697746277,-0.0002364516258239746,-0.0016250312328338623,0.0002987980842590332,0.0004524642135947943,0.0002897115773521364,0.00020727379887830466
461,534,674,-0.3674513101577759,-0.36774522066116333,-0.36773166060447693,-0.36918532848358154,-0.0014536678791046143,-0.0014401078224182129,-0.001159757375717163,0.00045246415538713336,0.0002897116937674582,0.00020727211085613817
462,530,24,-0.06573909521102905,-0.06631610542535782,-0.0679832398891449,-0.06896049529314041,-0.000977255403995514,-0.0026443898677825928,-0.00040024518966674805,0.0004524641844909638,0.00028971160645596683,0.00020727301307488233
463,534,24,-0.11965814232826233,-0.1195419654250145,-0.1204364076256752,-0.11967223137617111,0.0007641762495040894,-0.0001302659511566162,0.0006479993462562561,0.0004524642135947943,0.0002897115773521364,0.0002072733623208478
464,531,738,-0.1247195154428482,-0.12471801042556763,-0.1236732006072998,-0.12315887957811356,0.0005143210291862488,0.001559130847454071,0.0005128234624862671,0.0004524641844909638,0.00028971160645596683,0.0002072732022497803
465,531,514,-0.2877484858036041,-0.2880277931690216,-0.2895969748497009,-0.28976374864578247,-0.00016677379608154297,-0.0017359554767608643,0.0001125335693359375,0.0004524641844909638,0.0002897116355597973,0.0002072725328616798
466,535,612,-0.3390507102012634,-0.33952099084854126,-0.34071260690689087,-0.34146830439567566,-0.00075569748878479,-0.0019473135471343994,-0.000285416841506958,0.0004524642135947943,0.0002897115773521364,0.00020727369701489806
467,535,612,-0.2835538983345032,-0.28419339656829834,-0.28364625573158264,-0.2852042317390442,-0.0015579760074615479,-0.0010108351707458496,-0.0009184777736663818,0.0004524642135947943,0.0002897115773521364,0.00020727342052850872
468,535,325,-0.2914612591266632,-0.29210084676742554,-0.2909516990184784,-0.2933926284313202,-0.002440929412841797,-0.0012917816638946533,-0.0018013417720794678,0.0004524642135947943,0.0002897115773521364,0.00020727365335915238
469,535,672,-0.33401888608932495,-0.3349289894104004,-0.3344234824180603,-0.33637797832489014,-0.001954495906829834,-0.001448988914489746,-0.0010443925857543945,0.0004524642135947943,0.0002897115773521364,0.0002072735078400001
470,562,608,-0.29899489879608154,-0.29870736598968506,-0.29855334758758545,-0.29802796244621277,0.0005253851413726807,0.00067940354347229,0.0002378523349761963,0.0004524641844909638,0.0002897116355597973,0.00020727260562125593
471,562,589,-0.20076724886894226,-0.2004910558462143,-0.20010347664356232,-0.19959737360477448,0.0005061030387878418,0.0008936822414398193,0.0002299100160598755,0.0004524641844909638,0.0002897116355597973,0.00020727278024423867
472,562,666,-0.16052579879760742,-0.16045571863651276,-0.1606239676475525,-0.16061195731163025,1.2010335922241211e-05,-0.00015623867511749268,-5.8069825172424316e-05,0.0004524641844909638,0.0002897116355597973,0.00020727262017317116
473,556,888,-0.13113820552825928,-0.1315692514181137,-0.1327337771654129,-0.1329004168510437,-0.00016663968563079834,-0.0013311654329299927,0.0002644062042236328,0.0004524641844909638,0.00028971166466362774,0.00020727251830976456
474,556,844,-0.23386192321777344,-0.23424668610095978,-0.23675554990768433,-0.23697680234909058,-0.00022125244140625,-0.0027301162481307983,0.00016351044178009033,0.0004524641844909638,0.0002897116355597973,0.00020727275114040822
475,556,844,-0.3039763867855072,-0.3042180836200714,-0.30550408363342285,-0.3056010603904724,-9.697675704956055e-05,-0.001382976770401001,0.00014472007751464844,0.0004524641844909638,0.00028971160645596683,0.00020727298397105187
476,557,844,-0.18283815681934357,-0.18249191343784332,-0.18302087485790253,-0.18250323832035065,0.0005176365375518799,-1.1324882507324219e-05,0.00017139315605163574,0.0004524641844909638,0.0002897116355597973,0.00020727256196551025
477,556,667,-0.16252124309539795,-0.16279733180999756,-0.1637185662984848,-0.16421912610530853,-0.0005005598068237305,-0.0014217942953109741,-0.0002244710922241211,0.0004524641844909638,0.0002897116355597973,0.00020727276569232345
478,553,197,-0.3032306432723999,-0.3039144277572632,-0.30582740902900696,-0.30651408433914185,-0.0006866753101348877,-0.002599656581878662,-2.8908252716064453e-06,0.00045246415538713336,0.0002897116937674582,0.0002072721254080534
479,553,666,-0.26972419023513794,-0.2698652446269989,-0.26893189549446106,-0.26926204562187195,-0.00033015012741088867,0.0006031990051269531,-0.00018909573554992676,0.0004524641844909638,0.0002897116355597973,0.00020727307128254324
480,548,308,-0.286002516746521,-0.2857774496078491,-0.28633013367652893,-0.28796151280403137,-0.0016313791275024414,-0.002184063196182251,-0.0018564462661743164,0.0004524641844909638,0.0002897116355597973,0.00020727280934806913
481,553,688,-0.1984425187110901,-0.19832469522953033,-0.1982574760913849,-0.1987581104040146,-0.0005006343126296997,-0.00043341517448425293,-0.0006184577941894531,0.0004524641844909638,0.00028971160645596683,0.0002072728966595605
482,554,307,-0.2464044690132141,-0.24663597345352173,-0.24880880117416382,-0.2507742941379547,-0.0019654929637908936,-0.004138320684432983,-0.0017339885234832764,0.0004524641844909638,0.00028971160645596683,0.00020727292576339096
483,549,603,-0.19909319281578064,-0.1995375007390976,-0.19891372323036194,-0.1994982361793518,-0.0005845129489898682,3.9264559745788574e-05,-0.0001402050256729126,0.0004524641844909638,0.0002897116355597973,0.0002072726929327473
484,548,197,-0.29641202092170715,-0.29696762561798096,-0.29990115761756897,-0.3013860583305359,-0.001484900712966919,-0.004418432712554932,-0.0009292960166931152,0.0004524641844909638,0.00028971166466362774,0.0002072722854791209
485,564,668,-0.05518786236643791,-0.05520034208893776,-0.055798158049583435,-0.05619983375072479,-0.0004016757011413574,-0.000999491661787033,-0.00038919597864151,0.0004524642135947943,0.0002897115773521364,0.00020727392984554172
486,563,668,0.005013661924749613,0.005310211330652237,0.0039663007482886314,0.004361007362604141,0.0003947066143155098,-0.0009492039680480957,9.815720841288567e-05,0.0004524642135947943,0.0002897115482483059,0.00020727404626086354
487,563,668,-0.0662740021944046,-0.06627564132213593,-0.06671839207410812,-0.06699340045452118,-0.0002750083804130554,-0.0007177591323852539,-0.0002733692526817322,0.0004524642135947943,0.00028971151914447546,0.00020727390074171126
488,563,668,-0.04403635859489441,-0.04425857216119766,-0.04522458091378212,-0.04548940435051918,-0.00026482343673706055,-0.001230832189321518,-4.260987043380737e-05,0.0004524642135947943,0.0002897115773521364,0.00020727368246298283
489,584,440,-0.12879246473312378,-0.12889143824577332,-0.1284613460302353,-0.1287194937467575,-0.0002581477165222168,0.0001719444990158081,-0.00015917420387268066,0.0004524641844909638,0.00028971166466362774,0.0002072729985229671
490,579,721,-0.14802227914333344,-0.14787518978118896,-0.14679519832134247,-0.14706145226955414,-0.0002662539482116699,0.0008137375116348267,-0.00041334331035614014,0.0004524641844909638,0.0002897116355597973,0.00020727334776893258
491,577,702,-0.06057846173644066,-0.06028686463832855,-0.06067989766597748,-0.059906117618083954,0.0007737800478935242,0.0003807470202445984,0.00048218294978141785,0.0004524641844909638,0.00028971166466362774,0.00020727301307488233
492,584,466,-0.16664355993270874,-0.16706302762031555,-0.1682719588279724,-0.16850078105926514,-0.0002288222312927246,-0.001437753438949585,0.00019064545631408691,0.0004524641844909638,0.00028971166466362774,0.00020727295486722142
493,584,435,-0.14733582735061646,-0.14779411256313324,-0.1481747329235077,-0.14866513013839722,-0.0004903972148895264,-0.000871017575263977,-3.21120023727417e-05,0.0004524641844909638,0.0002897116937674582,0.0002072728384518996
494,584,465,-0.21982768177986145,-0.22012272477149963,-0.22011741995811462,-0.22048278152942657,-0.0003653615713119507,-0.0003600567579269409,-7.031857967376709e-05,0.0004524641844909638,0.0002897116355597973,0.00020727308583445847
495,584,466,-0.14224544167518616,-0.14227916300296783,-0.14379866421222687,-0.144015371799469,-0.00021670758724212646,-0.0017362087965011597,-0.00018298625946044922,0.00045246415538713336,0.00028971172287128866,0.00020727266382891685
496,574,435,-0.05510738492012024,-0.05453874170780182,-0.0540001317858696,-0.05363772064447403,0.00036241114139556885,0.0009010210633277893,-0.00020623207092285156,0.0004524641844909638,0.0002897116355597973,0.00020727339142467827
497,584,435,-0.0963464230298996,-0.09664672613143921,-0.09675347059965134,-0.09697860479354858,-0.00022513419389724731,-0.000331878662109375,7.51689076423645e-05,0.0004524641844909638,0.0002897116937674582,0.0002072728966595605
498,578,707,-0.13498620688915253,-0.13461564481258392,-0.13394565880298615,-0.1342918425798416,-0.00034618377685546875,0.00032380223274230957,-0.0007167458534240723,0.0004524642135947943,0.0002897115773521364,0.0002072735078400001
499,579,711,-0.2563585937023163,-0.25539910793304443,-0.2540680170059204,-0.25279349088668823,0.0012745261192321777,0.002605617046356201,0.00031504034996032715,0.0004524642135947943,0.0002897115482483059,0.00020727395894937217
500,578,707,-0.19344665110111237,-0.19303420186042786,-0.19280239939689636,-0.19282755255699158,-2.5153160095214844e-05,0.0002066493034362793,-0.0004376024007797241,0.0004524642135947943,0.00028971160645596683,0.0002072734641842544
501,578,466,-0.10089126974344254,-0.10052160173654556,-0.10071320831775665,-0.10062079131603241,9.241700172424316e-05,-9.918957948684692e-05,-0.0002772510051727295,0.0004524641844909638,0.0002897116355597973,0.0002072731585940346
502,574,702,-0.1151808351278305,-0.11513442546129227,-0.11533597856760025,-0.11456779390573502,0.0007681846618652344,0.000566631555557251,0.0007217749953269958,0.0004524642135947943,0.00028971160645596683,0.0002072733623208478
503,574,706,-0.10900118947029114,-0.10874292999505997,-0.10823321342468262,-0.10732581466436386,0.0009073987603187561,0.001417115330696106,0.0006491392850875854,0.0004524642135947943,0.00028971160645596683,0.00020727339142467827
504,606,625,-0.19631782174110413,-0.19591782987117767,-0.19578242301940918,-0.19573509693145752,4.7326087951660156e-05,0.0001827329397201538,-0.0003526657819747925,0.00045246415538713336,0.00028971172287128866,0.00020727179071400315
505,606,561,-0.20505639910697937,-0.2042897492647171,-0.20391826331615448,-0.20366163551807404,0.00025662779808044434,0.0006281137466430664,-0.0005100220441818237,0.0004524641844909638,0.00028971166466362774,0.00020727257651742548
506,602,101,-0.22728899121284485,-0.22751331329345703,-0.22824522852897644,-0.2278866022825241,0.00035862624645233154,-0.00037328898906707764,0.0005829483270645142,0.0004524641844909638,0.00028971160645596683,0.00020727301307488233
507,603,101,-0.17527098953723907,-0.17491909861564636,-0.1729530543088913,-0.17289136350154877,6.16908073425293e-05,0.002027735114097595,-0.0002902001142501831,0.0004524641844909638,0.0002897116355597973,0.00020727267838083208
508,602,95,-0.2939416170120239,-0.2940232753753662,-0.2945300042629242,-0.2947571277618408,-0.00022712349891662598,-0.0007338523864746094,-0.00014546513557434082,0.0004524641844909638,0.00028971160645596683,0.00020727285300381482
509,602,95,-0.29315489530563354,-0.2934735119342804,-0.2937771677970886,-0.2943807542324066,-0.0006035864353179932,-0.0009072422981262207,-0.0002849698066711426,0.0004524641844909638,0.00028971160645596683,0.00020727296941913664
510,602,79,-0.2666051983833313,-0.26650360226631165,-0.2671979069709778,-0.2667405605316162,0.00045734643936157227,-0.00023695826530456543,0.00035575032234191895,0.0004524641844909638,0.00028971160645596683,0.0002072728966595605
511,602,101,-0.24542878568172455,-0.24558337032794952,-0.24623218178749084,-0.24590285122394562,0.00032933056354522705,-0.00031948089599609375,0.00048391520977020264,0.0004524641844909638,0.00028971160645596683,0.00020727282389998436
512,622,261,-0.26111799478530884,-0.26138943433761597,-0.26299652457237244,-0.2635863721370697,-0.0005898475646972656,-0.0021969377994537354,-0.0003184080123901367,0.0004524641844909638,0.00028971172287128866,0.00020727254741359502
513,620,716,0.03800356388092041,0.037563204765319824,0.03710983693599701,0.036393359303474426,-0.000716477632522583,-0.001169845461845398,-0.00027611851692199707,0.0004524641844909638,0.00028971166466362774,0.0002072729403153062
514,623,716,-0.12334905564785004,-0.12341832369565964,-0.124858558177948,-0.12479043006896973,6.812810897827148e-05,-0.0013721063733100891,0.00013739615678787231,0.0004524641844909638,0.0002897116355597973,0.00020727264927700162
515,620,624,-0.022130362689495087,-0.022590164095163345,-0.023759188130497932,-0.023912498727440834,-0.0001533105969429016,-0.0013223346322774887,0.00030649080872535706,0.00045246415538713336,0.00028971172287128866,0.0002072722854791209
516,617,60,-0.14085537195205688,-0.14120465517044067,-0.14181141555309296,-0.14197281002998352,-0.00016139447689056396,-0.0007681548595428467,0.0001878887414932251,0.0004524641844909638,0.0002897116355597973,0.00020727328956127167
517,615,715,-0.23136523365974426,-0.23218706250190735,-0.23328490555286407,-0.2338322252035141,-0.0005473196506500244,-0.0016451627016067505,0.0002745091915130615,0.0004524642135947943,0.0002897115773521364,0.000207273566047661
518,615,749,-0.18731261789798737,-0.18708452582359314,-0.1865766942501068,-0.18568190932273865,0.0008947849273681641,0.0014026165008544922,0.000666692852973938,0.0004524641844909638,0.00028971160645596683,0.00020727327500935644
519,615,750,-0.3105926811695099,-0.31102871894836426,-0.31138646602630615,-0.3112586438655853,0.0001278221607208252,-0.00022992491722106934,0.0005638599395751953,0.0004524641844909638,0.0002897116355597973,0.00020727304217871279
520,617,749,-0.26985427737236023,-0.26983267068862915,-0.27225518226623535,-0.27177321910858154,0.0004819631576538086,-0.0019405484199523926,0.0004603564739227295,0.0004524642135947943,0.00028971160645596683,0.0002072733623208478
521,629,44,-0.035739533603191376,-0.03553950414061546,-0.03666002303361893,-0.03637662157416344,0.0002834014594554901,-0.0008371174335479736,8.337199687957764e-05,0.00045246415538713336,0.0002897117519751191,0.00020727199444081634
522,628,603,-0.060558877885341644,-0.06003211811184883,-0.06028342247009277,-0.05957464128732681,0.0007087811827659607,0.00045747682452201843,0.00018202140927314758,0.00045246415538713336,0.00028971172287128866,0.00020727193623315543
523,628,43,-0.010233111679553986,-0.01059707347303629,-0.012427694164216518,-0.01266084797680378,-0.0002331538125872612,-0.0020637745037674904,0.00013080798089504242,0.00045246415538713336,0.0002897117519751191,0.00020727195078507066
524,629,44,-0.06328769773244858,-0.06312526017427444,-0.06298064440488815,-0.0631871372461319,-0.0002064928412437439,-6.187707185745239e-05,-0.0003689303994178772,0.00045246415538713336,0.0002897117519751191,0.00020727206720039248
525,625,197,-0.07339053601026535,-0.07372578978538513,-0.0747973844408989,-0.07560498267412186,-0.0008075982332229614,-0.0018791928887367249,-0.00047234445810317993,0.00045246415538713336,0.00028971172287128866,0.00020727244555018842
526,625,37,-0.04739727824926376,-0.04728662222623825,-0.047315891832113266,-0.047144997864961624,0.00017089396715164185,0.0001416243612766266,6.023794412612915e-05,0.0004524641844909638,0.0002897116937674582,0.00020727240189444274
527,656,833,-0.18058253824710846,-0.18156307935714722,-0.18116390705108643,-0.18283893167972565,-0.0016750246286392212,-0.0012758523225784302,-0.0006944835186004639,0.0004524642135947943,0.00028971160645596683,0.00020727333321701735
528,656,815,-0.12858369946479797,-0.12859292328357697,-0.1305089145898819,-0.12998196482658386,0.0005269497632980347,-0.001389041543006897,0.0005361735820770264,0.0004524642135947943,0.00028971160645596683,0.0002072732604574412
529,656,833,-0.15348663926124573,-0.15407408773899078,-0.15471994876861572,-0.15574252605438232,-0.0010225772857666016,-0.0016684383153915405,-0.0004351288080215454,0.0004524642135947943,0.00028971160645596683,0.0002072734641842544
530,652,545,-0.17635159194469452,-0.17629733681678772,-0.17838332056999207,-0.17818613350391388,0.00019718706607818604,-0.0018887966871261597,0.00014293193817138672,0.0004524642135947943,0.00028971160645596683,0.00020727342052850872
531,652,695,-0.21609452366828918,-0.21594905853271484,-0.21605752408504486,-0.21574583649635315,0.0003116875886917114,0.00020322203636169434,0.0001662224531173706,0.0004524641844909638,0.00028971160645596683,0.0002072732022497803
532,664,10,-0.16221384704113007,-0.163161501288414,-0.16465307772159576,-0.16615957021713257,-0.0015064924955368042,-0.002998068928718567,-0.0005588382482528687,0.0004524641844909638,0.0002897116937674582,0.0002072725910693407
533,664,317,-0.10021517425775528,-0.10052850097417831,-0.10255782306194305,-0.10324625670909882,-0.0006884336471557617,-0.0027177557349205017,-0.00037510693073272705,0.0004524641844909638,0.00028971166466362774,0.00020727276569232345
534,664,317,-0.01836652308702469,-0.01887088268995285,-0.020122606307268143,-0.020892534404993057,-0.0007699280977249146,-0.002021651715040207,-0.00026556849479675293,0.0004524641844909638,0.00028971166466362774,0.0002072729985229671
535,664,317,-0.03217810392379761,-0.03284715116024017,-0.034221820533275604,-0.03528841957449913,-0.001066599041223526,-0.002441268414258957,-0.0003975518047809601,0.0004524641844909638,0.0002897116937674582,0.00020727275114040822
536,660,490,-0.2219191938638687,-0.22221721708774567,-0.22456209361553192,-0.22510972619056702,-0.0005476325750350952,-0.00289250910282135,-0.0002496093511581421,0.0004524641844909638,0.0002897116355597973,0.00020727250375784934
537,660,315,-0.1742037832736969,-0.1744147390127182,-0.17521527409553528,-0.17496700584888458,0.0002482682466506958,-0.0005522668361663818,0.00045922398567199707,0.0004524641844909638,0.00028971166466362774,0.00020727260562125593
538,688,516,-0.33135610818862915,-0.3322526216506958,-0.33280038833618164,-0.33396926522254944,-0.0011688768863677979,-0.0017166435718536377,-0.00027236342430114746,0.0004524641844909638,0.0002897116937674582,0.00020727234368678182
539,688,601,-0.21689602732658386,-0.21707139909267426,-0.2163676917552948,-0.21620097756385803,0.00016671419143676758,0.0008704215288162231,0.00034208595752716064,0.0004524641844909638,0.0002897116355597973,0.00020727272203657776
540,686,594,-0.19269102811813354,-0.1935945749282837,-0.19397826492786407,-0.19488006830215454,-0.0009018033742904663,-0.0012854933738708496,1.7434358596801758e-06,0.0004524641844909638,0.0002897116937674582,0.0002072722854791209
541,688,603,-0.19095048308372498,-0.19177505373954773,-0.19104240834712982,-0.19256015121936798,-0.0015177428722381592,-0.0007850974798202515,-0.0006931722164154053,0.0004524641844909638,0.0002897116937674582,0.00020727231458295137
542,689,516,-0.23526714742183685,-0.23620030283927917,-0.23865516483783722,-0.23915651440620422,-0.0005013495683670044,-0.002956211566925049,0.0004318058490753174,0.00045246415538713336,0.0002897116937674582,0.0002072723291348666
543,687,691,-0.20508478581905365,-0.2058277428150177,-0.20673072338104248,-0.20718535780906677,-0.000454634428024292,-0.0013576149940490723,0.0002883225679397583,0.0004524641844909638,0.0002897116937674582,0.00020727231458295137
544,688,300,-0.11293679475784302,-0.11364850401878357,-0.1148725152015686,-0.11573344469070435,-0.0008609294891357422,-0.0020849406719207764,-0.00014922022819519043,0.0004524641844909638,0.0002897116937674582,0.00020727215451188385
545,683,599,-0.30774495005607605,-0.30921825766563416,-0.3112552762031555,-0.31271716952323914,-0.0014618933200836182,-0.0034989118576049805,1.1414289474487305e-05,0.0004524641844909638,0.00028971160645596683,0.00020727308583445847
546,679,599,-0.3976213335990906,-0.3982139825820923,-0.40057310461997986,-0.4013681411743164,-0.0007950365543365479,-0.003154158592224121,-0.00020238757133483887,0.0004524641844909638,0.00028971160645596683,0.00020727307128254324
547,679,600,-0.3929082751274109,-0.39306336641311646,-0.39470675587654114,-0.3946717083454132,3.504753112792969e-05,-0.001608341932296753,0.0001901388168334961,0.0004524642135947943,0.0002897115773521364,0.0002072734059765935
548,679,600,-0.4496409595012665,-0.4496937096118927,-0.4506235718727112,-0.45040416717529297,0.0002194046974182129,-0.0007104575634002686,0.0002721548080444336,0.0004524641844909638,0.00028971160645596683,0.00020727317314594984
549,709,575,-0.2038976103067398,-0.20410948991775513,-0.2044190913438797,-0.2047395408153534,-0.00032044947147369385,-0.0006300508975982666,-0.00010856986045837402,0.0004524642135947943,0.00028971160645596683,0.00020727365335915238
550,709,724,-0.11027929931879044,-0.11102980375289917,-0.1117171049118042,-0.11294383555650711,-0.0012267306447029114,-0.0019140318036079407,-0.00047622621059417725,0.0004524642135947943,0.0002897115773521364,0.00020727372611872852
551,711,441,-0.10718534141778946,-0.10766039043664932,-0.10653727501630783,-0.10748029500246048,-0.0009430199861526489,0.00018009543418884277,-0.00046797096729278564,0.0004524642135947943,0.0002897115773521364,0.00020727368246298283
552,709,500,-0.05101745203137398,-0.05149262398481369,-0.0527677983045578,-0.05351237952709198,-0.0007445812225341797,-0.00201975554227829,-0.00026940926909446716,0.0004524642135947943,0.0002897115482483059,0.00020727375522255898
553,709,575,-0.14036232233047485,-0.14115826785564423,-0.14229047298431396,-0.1434241384267807,-0.0011336654424667358,-0.0022658705711364746,-0.0003377199172973633,0.0004524642135947943,0.00028971160645596683,0.00020727339142467827
554,704,584,-0.10923296213150024,-0.10915273427963257,-0.10894651710987091,-0.10954684019088745,-0.0006003230810165405,-0.0003941059112548828,-0.0006805509328842163,0.0004524642135947943,0.0002897115773521364,0.00020727358059957623
555,704,584,-0.09515397250652313,-0.09504809230566025,-0.0948929637670517,-0.0958869606256485,-0.0009939968585968018,-0.0008388683199882507,-0.0010998770594596863,0.0004524642135947943,0.0002897115773521364,0.00020727372611872852
556,702,584,-0.10370887815952301,-0.10346567630767822,-0.10378118604421616,-0.10396881401538849,-0.00018762797117233276,-0.0005031377077102661,-0.00043082982301712036,0.0004524642135947943,0.0002897115482483059,0.00020727379887830466
557,704,816,-0.06122412905097008,-0.06155994534492493,-0.0625690221786499,-0.06305650621652603,-0.00048748403787612915,-0.0014965608716011047,-0.0001516677439212799,0.0004524642135947943,0.00028971151914447546,0.00020727401715703309
558,704,584,-0.188040092587471,-0.18807581067085266,-0.18811018764972687,-0.18897688388824463,-0.0008666962385177612,-0.0009010732173919678,-0.0008309781551361084,0.0004524642135947943,0.0002897115773521364,0.00020727375522255898
559,704,500,-0.07676905393600464,-0.07637085765600204,-0.07630302757024765,-0.07628040760755539,2.2619962692260742e-05,9.045004844665527e-05,-0.00037557631731033325,0.0004524642135947943,0.0002897115773521364,0.00020727385708596557
560,732,34,-0.09330612421035767,-0.09391127526760101,-0.0959625095129013,-0.09706994891166687,-0.001107439398765564,-0.003158673644065857,-0.0005022883415222168,0.0004524641844909638,0.0002897116937674582,0.0002072723873425275
561,732,34,-0.1366325318813324,-0.13720320165157318,-0.13891960680484772,-0.13992278277873993,-0.001003175973892212,-0.002719581127166748,-0.0004325062036514282,0.0004524641844909638,0.0002897116355597973,0.00020727250375784934
562,732,40,-0.19247762858867645,-0.19254329800605774,-0.19327384233474731,-0.19378961622714996,-0.0005157738924026489,-0.0012463182210922241,-0.0004501044750213623,0.0004524641844909638,0.0002897116937674582,0.00020727240189444274
563,731,38,-0.19107969105243683,-0.19143901765346527,-0.1920718550682068,-0.19277308881282806,-0.0007012337446212769,-0.001334071159362793,-0.00034190714359283447,0.0004524641844909638,0.00028971166466362774,0.0002072726929327473
564,731,37,-0.2626640796661377,-0.2624512314796448,-0.2628100514411926,-0.2627417743206024,6.827712059020996e-05,-0.0002905428409576416,-0.00014457106590270996,0.0004524641844909638,0.0002897116937674582,0.00020727230003103614
565,739,168,-0.19368702173233032,-0.19391688704490662,-0.19323225319385529,-0.19368267059326172,-0.0004504173994064331,0.00023421645164489746,-0.00022055208683013916,0.0004524641844909638,0.00028971160645596683,0.00020727324590552598
566,739,161,-0.23628851771354675,-0.23642101883888245,-0.23556843400001526,-0.23558279871940613,-1.436471939086914e-05,0.0008382201194763184,0.00011813640594482422,0.0004524642135947943,0.00028971160645596683,0.00020727321680169553
567,739,168,-0.3048962354660034,-0.3049679696559906,-0.3047719895839691,-0.30458101630210876,0.00019097328186035156,0.00038695335388183594,0.0002627074718475342,0.0004524641844909638,0.0002897116355597973,0.00020727323135361075
568,739,168,-0.21174690127372742,-0.2120380848646164,-0.21083813905715942,-0.21155035495758057,-0.0007122159004211426,0.00048772990703582764,-0.00042103230953216553,0.0004524641844909638,0.0002897116355597973,0.00020727312949020416
569,741,161,-0.15626947581768036,-0.15631580352783203,-0.15606912970542908,-0.15580372512340546,0.0002654045820236206,0.0005120784044265747,0.00031173229217529297,0.0004524642135947943,0.00028971160645596683,0.00020727328956127167
570,736,531,-0.199187234044075,-0.19936417043209076,-0.20127691328525543,-0.20132899284362793,-5.207955837249756e-05,-0.0019648224115371704,0.0001248568296432495,0.0004524641844909638,0.0002897116355597973,0.00020727256196551025
571,738,233,-0.18949057161808014,-0.19002369046211243,-0.19072076678276062,-0.19269871711730957,-0.00197795033454895,-0.0026750266551971436,-0.0014448314905166626,0.0004524641844909638,0.00028971160645596683,0.00020727292576339096
572,738,233,-0.15467071533203125,-0.1549513041973114,-0.1554185003042221,-0.1566784530878067,-0.0012599527835845947,-0.0017271488904953003,-0.0009793639183044434,0.0004524642135947943,0.0002897115773521364,0.00020727304217871279
573,735,611,-0.0812007337808609,-0.0815121978521347,-0.0819346234202385,-0.08246298134326935,-0.0005283579230308533,-0.0009507834911346436,-0.00021689385175704956,0.0004524641844909638,0.0002897115773521364,0.00020727295486722142
574,778,598,-0.3363119661808014,-0.3372361958026886,-0.33941978216171265,-0.3401828408241272,-0.0007630586624145508,-0.0029466450214385986,0.00016117095947265625,0.0004524641844909638,0.00028971166466362774,0.00020727286755573004
575,774,1011,-0.32435524463653564,-0.32522132992744446,-0.3258483409881592,-0.3258610963821411,-1.2755393981933594e-05,-0.0006397664546966553,0.0008533298969268799,0.0004524641844909638,0.00028971166466362774,0.00020727282389998436
576,774,1005,-0.38467493653297424,-0.38563668727874756,-0.38603466749191284,-0.3863247334957123,-0.0002900660037994385,-0.0006880462169647217,0.000671684741973877,0.0004524641844909638,0.0002897116355597973,0.00020727304217871279
577,780,979,-0.43231117725372314,-0.4330459237098694,-0.4337921738624573,-0.434215784072876,-0.00042361021041870117,-0.0011698603630065918,0.00031113624572753906,0.0004524641844909638,0.0002897116937674582,0.00020727267838083208
578,783,834,-0.47562384605407715,-0.47649693489074707,-0.4766134023666382,-0.4778527617454529,-0.0012393593788146973,-0.0013558268547058105,-0.0003662705421447754,0.0004524641844909638,0.0002897116355597973,0.00020727314404211938
579,771,1037,-0.34009885787963867,-0.3409409523010254,-0.34178265929222107,-0.3413916528224945,0.0003910064697265625,-0.0004507005214691162,0.0012331008911132812,0.0004524642135947943,0.00028971160645596683,0.00020727339142467827
580,770,1038,-0.305871844291687,-0.3057544231414795,-0.30463093519210815,-0.30306172370910645,0.001569211483001709,0.002692699432373047,0.0014517903327941895,0.0004524641844909638,0.0002897116355597973,0.00020727304217871279
581,771,991,-0.4274139702320099,-0.428037166595459,-0.4286577105522156,-0.4290570616722107,-0.0003993511199951172,-0.001019895076751709,0.0002238452434539795,0.0004524642135947943,0.00028971160645596683,0.00020727334776893258
582,771,991,-0.26036882400512695,-0.26086777448654175,-0.26276353001594543,-0.2631613612174988,-0.0003978312015533447,-0.0022935867309570312,0.0001011192798614502,0.0004524642135947943,0.00028971160645596683,0.00020727339142467827
583,771,991,-0.4007413387298584,-0.40065234899520874,-0.4009150266647339,-0.40045279264450073,0.0004622340202331543,0.0001995563507080078,0.0003732442855834961,0.0004524641844909638,0.0002897116355597973,0.00020727318769786507
584,771,718,-0.3953724503517151,-0.3965117335319519,-0.3985484540462494,-0.3990618884563446,-0.0005134344100952148,-0.0025501549243927,0.0006258487701416016,0.0004524642135947943,0.00028971160645596683,0.00020727355149574578
585,771,1039,-0.4314610958099365,-0.43188729882240295,-0.4324268698692322,-0.4315401613712311,0.0008867084980010986,0.000347137451171875,0.0013129115104675293,0.0004524642135947943,0.0002897116355597973,0.00020727352239191532
586,771,1039,-0.22781875729560852,-0.2279973179101944,-0.22839291393756866,-0.22817400097846985,0.00021891295909881592,-0.00017668306827545166,0.0003974735736846924,0.0004524642135947943,0.0002897116355597973,0.00020727352239191532
587,771,238,-0.3910779356956482,-0.3907093405723572,-0.3905884027481079,-0.3905656933784485,2.2709369659423828e-05,0.0001436471939086914,-0.0003458857536315918,0.0004524642135947943,0.00028971160645596683,0.00020727321680169553
588,771,715,-0.3852698504924774,-0.38544175028800964,-0.3870586156845093,-0.38710880279541016,-5.0187110900878906e-05,-0.0016670525074005127,0.00012171268463134766,0.0004524642135947943,0.00028971160645596683,0.00020727333321701735
589,771,723,-0.38907137513160706,-0.3893192708492279,-0.3913978636264801,-0.3905699849128723,0.0008278787136077881,-0.0012507140636444092,0.0010757744312286377,0.0004524642135947943,0.00028971160645596683,0.00020727344963233918
590,771,583,-0.42852771282196045,-0.4285110533237457,-0.42976313829421997,-0.42971348762512207,4.965066909790039e-05,-0.0012024343013763428,3.299117088317871e-05,0.0004524642135947943,0.00028971160645596683,0.00020727328956127167
