query_index,name,identity,camera,scene,valid,relevant_gallery,kept_gallery,AP,INP,first_match,last_match,Rank-1,Rank-5,Rank-10,Rank-20
0,0502_c0001_000.jpg,502,0,-1,True,175,8550,0.750678548361474,0.45103092783505155,1,388,1,1,1,1
1,0502_c0001_005.jpg,502,0,-1,True,175,8550,0.7417240496580967,0.4820936639118457,1,363,1,1,1,1
2,0502_c0001_010.jpg,502,0,-1,True,175,8550,0.7439552824286505,0.44871794871794873,1,390,1,1,1,1
3,0502_c0001_015.jpg,502,0,-1,True,175,8550,0.7507620447637386,0.5057803468208093,1,346,1,1,1,1
4,0502_c0001_020.jpg,502,0,-1,True,175,8550,0.7590081167392643,0.5087209302325582,1,344,1,1,1,1
5,0502_c0002_000.jpg,502,1,-1,True,175,8550,0.8699913505818141,0.46174142480211083,1,379,1,1,1,1
6,0502_c0002_005.jpg,502,1,-1,True,175,8550,0.8638863306413497,0.4888268156424581,1,358,1,1,1,1
7,0502_c0002_010.jpg,502,1,-1,True,175,8550,0.8643450234456779,0.4581151832460733,1,382,1,1,1,1
8,0502_c0002_015.jpg,502,1,-1,True,175,8550,0.8758901698780865,0.5043227665706052,1,347,1,1,1,1
9,0502_c0002_020.jpg,502,1,-1,True,175,8550,0.8877260511437978,0.5555555555555556,1,315,1,1,1,1
10,0502_c0003_000.jpg,502,2,-1,True,175,8550,0.7107069047641483,0.352112676056338,1,497,1,1,1,1
11,0502_c0003_005.jpg,502,2,-1,True,175,8550,0.7407388982558054,0.36082474226804123,1,485,1,1,1,1
12,0502_c0003_010.jpg,502,2,-1,True,175,8550,0.7455314107875073,0.37154989384288745,1,471,1,1,1,1
13,0502_c0003_015.jpg,502,2,-1,True,175,8550,0.7620580051796415,0.3691983122362869,1,474,1,1,1,1
14,0502_c0003_020.jpg,502,2,-1,True,175,8550,0.7245996906722936,0.3465346534653465,1,505,1,1,1,1
15,0502_c0004_000.jpg,502,3,-1,True,175,8550,0.8293013092590349,0.2951096121416526,1,593,1,1,1,1
16,0502_c0004_005.jpg,502,3,-1,True,175,8550,0.8661034779484356,0.3796095444685466,1,461,1,1,1,1
17,0502_c0004_010.jpg,502,3,-1,True,175,8550,0.8780047670564688,0.4050925925925926,1,432,1,1,1,1
18,0502_c0004_015.jpg,502,3,-1,True,175,8550,0.8864511884808968,0.4227053140096618,1,414,1,1,1,1
19,0502_c0004_020.jpg,502,3,-1,True,175,8550,0.864679280774657,0.35,1,500,1,1,1,1
20,0502_c0005_000.jpg,502,4,-1,True,175,8550,0.8471039449125546,0.587248322147651,1,298,1,1,1,1
21,0502_c0005_005.jpg,502,4,-1,True,175,8550,0.8602042673383519,0.6118881118881119,1,286,1,1,1,1
22,0502_c0005_010.jpg,502,4,-1,True,175,8550,0.8393011711762597,0.5718954248366013,1,306,1,1,1,1
23,0502_c0005_015.jpg,502,4,-1,True,175,8550,0.8357886985761401,0.6227758007117438,1,281,1,1,1,1
24,0502_c0005_020.jpg,502,4,-1,True,175,8550,0.8576640679541281,0.6363636363636364,1,275,1,1,1,1
25,0502_c0006_000.jpg,502,5,-1,True,175,8550,0.7384819831583318,0.4060324825986079,1,431,1,1,1,1
26,0502_c0006_005.jpg,502,5,-1,True,175,8550,0.7499725743354481,0.44642857142857145,1,392,1,1,1,1
27,0502_c0006_010.jpg,502,5,-1,True,175,8550,0.6908395029951994,0.4268292682926829,1,410,1,1,1,1
28,0502_c0006_015.jpg,502,5,-1,True,175,8550,0.6623648737316533,0.3995433789954338,1,438,1,1,1,1
29,0502_c0006_020.jpg,502,5,-1,True,175,8550,0.6471181079570535,0.3593429158110883,1,487,1,1,1,1
30,0502_c0007_000.jpg,502,6,-1,True,175,8550,0.9245953462583343,0.7777777777777778,1,225,1,1,1,1
31,0502_c0007_005.jpg,502,6,-1,True,175,8550,0.9675699805529169,0.7954545454545454,1,220,1,1,1,1
32,0502_c0007_010.jpg,502,6,-1,True,175,8550,0.9387947641284781,0.7777777777777778,1,225,1,1,1,1
33,0502_c0007_015.jpg,502,6,-1,True,175,8550,0.9276767779490741,0.7777777777777778,1,225,1,1,1,1
34,0502_c0007_020.jpg,502,6,-1,True,175,8550,0.925328582163531,0.7777777777777778,1,225,1,1,1,1
35,0502_c0008_000.jpg,502,7,-1,True,175,8550,0.9991898362299169,0.9668508287292817,1,181,1,1,1,1
36,0502_c0008_005.jpg,502,7,-1,True,175,8550,0.9996380948054258,0.9887005649717514,1,177,1,1,1,1
37,0502_c0008_010.jpg,502,7,-1,True,175,8550,0.9993499622218183,0.9722222222222222,1,180,1,1,1,1
38,0502_c0008_015.jpg,502,7,-1,True,175,8550,0.9998690081305502,0.9943181818181818,1,176,1,1,1,1
39,0502_c0008_020.jpg,502,7,-1,True,175,8550,0.9993514071090827,0.9722222222222222,1,180,1,1,1,1
40,0504_c0001_000.jpg,504,0,-1,True,150,8550,0.9273047573028457,0.6637168141592921,1,226,1,1,1,1
41,0504_c0001_005.jpg,504,0,-1,True,150,8550,0.8989450942433236,0.6437768240343348,1,233,1,1,1,1
42,0504_c0001_010.jpg,504,0,-1,True,150,8550,0.9117328174310237,0.6607929515418502,1,227,1,1,1,1
43,0504_c0001_015.jpg,504,0,-1,True,150,8550,0.9134220859180927,0.6493506493506493,1,231,1,1,1,1
44,0504_c0001_020.jpg,504,0,-1,True,150,8550,0.9040056039962662,0.6550218340611353,1,229,1,1,1,1
45,0504_c0002_000.jpg,504,1,-1,True,150,8550,0.8320671445967898,0.7177033492822966,1,209,1,1,1,1
46,0504_c0002_005.jpg,504,1,-1,True,150,8550,0.8116721441000346,0.6912442396313364,1,217,1,1,1,1
47,0504_c0002_010.jpg,504,1,-1,True,150,8550,0.8654612615526786,0.6607929515418502,1,227,1,1,1,1
48,0504_c0002_015.jpg,504,1,-1,True,150,8550,0.8520363725566433,0.7853403141361257,1,191,1,1,1,1
49,0504_c0002_020.jpg,504,1,-1,True,150,8550,0.8684865456631807,0.7692307692307693,1,195,1,1,1,1
50,0504_c0003_000.jpg,504,2,-1,True,150,8550,0.9011064394433923,0.6944444444444444,1,216,1,1,1,1
51,0504_c0003_005.jpg,504,2,-1,True,150,8550,0.8882656752261562,0.7109004739336493,1,211,1,1,1,1
52,0504_c0003_010.jpg,504,2,-1,True,150,8550,0.9061703509028708,0.75,1,200,1,1,1,1
53,0504_c0003_015.jpg,504,2,-1,True,150,8550,0.9024264759953818,0.746268656716418,1,201,1,1,1,1
54,0504_c0003_020.jpg,504,2,-1,True,150,8550,0.9264325675681401,0.7537688442211056,1,199,1,1,1,1
55,0504_c0005_000.jpg,504,4,-1,True,150,8550,0.9592867602434558,0.8571428571428571,1,175,1,1,1,1
56,0504_c0005_005.jpg,504,4,-1,True,150,8550,0.9731252746533534,0.8571428571428571,1,175,1,1,1,1
57,0504_c0005_010.jpg,504,4,-1,True,150,8550,0.9743874213402066,0.8571428571428571,1,175,1,1,1,1
58,0504_c0005_015.jpg,504,4,-1,True,150,8550,0.9743874213402066,0.8571428571428571,1,175,1,1,1,1
59,0504_c0005_020.jpg,504,4,-1,True,150,8550,0.9736866676585783,0.8571428571428571,1,175,1,1,1,1
60,0504_c0006_000.jpg,504,5,-1,True,150,8550,1.0,1.0,1,150,1,1,1,1
61,0504_c0006_005.jpg,504,5,-1,True,150,8550,1.0,1.0,1,150,1,1,1,1
62,0504_c0006_010.jpg,504,5,-1,True,150,8550,1.0,1.0,1,150,1,1,1,1
63,0504_c0006_015.jpg,504,5,-1,True,150,8550,1.0,1.0,1,150,1,1,1,1
64,0504_c0006_020.jpg,504,5,-1,True,150,8550,1.0,1.0,1,150,1,1,1,1
65,0504_c0007_000.jpg,504,6,-1,True,150,8550,0.9817160750243409,0.8571428571428571,1,175,1,1,1,1
66,0504_c0007_005.jpg,504,6,-1,True,150,8550,0.988486712572114,0.8571428571428571,1,175,1,1,1,1
67,0504_c0007_010.jpg,504,6,-1,True,150,8550,0.9973434838944625,0.8982035928143712,1,167,1,1,1,1
68,0504_c0007_015.jpg,504,6,-1,True,150,8550,0.984315810693322,0.8571428571428571,1,175,1,1,1,1
69,0504_c0007_020.jpg,504,6,-1,True,150,8550,0.995281489913306,0.8928571428571429,1,168,1,1,1,1
70,0504_c0008_000.jpg,504,7,-1,True,150,8550,0.9557434332552165,0.8571428571428571,1,175,1,1,1,1
71,0504_c0008_005.jpg,504,7,-1,True,150,8550,0.9574134442362483,0.8571428571428571,1,175,1,1,1,1
72,0504_c0008_010.jpg,504,7,-1,True,150,8550,0.950841762891309,0.8571428571428571,1,175,1,1,1,1
73,0504_c0008_015.jpg,504,7,-1,True,150,8550,0.9491339257487084,0.8571428571428571,1,175,1,1,1,1
74,0504_c0008_020.jpg,504,7,-1,True,150,8550,0.9584374815913901,0.8571428571428571,1,175,1,1,1,1
75,0506_c0001_000.jpg,506,0,-1,True,175,8550,0.8448611244041682,0.5303030303030303,1,330,1,1,1,1
76,0506_c0001_005.jpg,506,0,-1,True,175,8550,0.871593513466739,0.541795665634675,1,323,1,1,1,1
77,0506_c0001_010.jpg,506,0,-1,True,175,8550,0.8596765768347095,0.5952380952380952,1,294,1,1,1,1
78,0506_c0001_015.jpg,506,0,-1,True,175,8550,0.7905541215629092,0.4375,1,400,1,1,1,1
79,0506_c0001_020.jpg,506,0,-1,True,175,8550,0.7967008342458993,0.4156769596199525,1,421,1,1,1,1
80,0506_c0002_000.jpg,506,1,-1,True,175,8550,0.8854015456998094,0.15952597994530537,1,1097,1,1,1,1
81,0506_c0002_005.jpg,506,1,-1,True,175,8550,0.890898841389364,0.1794871794871795,1,975,1,1,1,1
82,0506_c0002_010.jpg,506,1,-1,True,175,8550,0.8900632364933195,0.17766497461928935,1,985,1,1,1,1
83,0506_c0002_015.jpg,506,1,-1,True,175,8550,0.8863429747922154,0.18363064008394545,1,953,1,1,1,1
84,0506_c0002_020.jpg,506,1,-1,True,175,8550,0.88041739081876,0.16025641025641027,1,1092,1,1,1,1
85,0506_c0003_000.jpg,506,2,-1,True,175,8550,0.8294920781637758,0.2883031301482702,1,607,1,1,1,1
86,0506_c0003_005.jpg,506,2,-1,True,175,8550,0.8362903290121763,0.30434782608695654,1,575,1,1,1,1
87,0506_c0003_010.jpg,506,2,-1,True,175,8550,0.8313382820893547,0.2883031301482702,1,607,1,1,1,1
88,0506_c0003_015.jpg,506,2,-1,True,175,8550,0.8461730337938348,0.33081285444234404,1,529,1,1,1,1
89,0506_c0003_020.jpg,506,2,-1,True,175,8550,0.8340651097225981,0.2996575342465753,1,584,1,1,1,1
90,0506_c0004_000.jpg,506,3,-1,True,175,8550,0.841771179411543,0.1883745963401507,1,929,1,1,1,1
91,0506_c0004_005.jpg,506,3,-1,True,175,8550,0.8607192580139464,0.2080856123662307,1,841,1,1,1,1
92,0506_c0004_010.jpg,506,3,-1,True,175,8550,0.8503853050883422,0.20833333333333334,1,840,1,1,1,1
93,0506_c0004_015.jpg,506,3,-1,True,175,8550,0.8499393709258004,0.19188596491228072,1,912,1,1,1,1
94,0506_c0004_020.jpg,506,3,-1,True,175,8550,0.840861115425816,0.19401330376940132,1,902,1,1,1,1
95,0506_c0005_000.jpg,506,4,-1,True,175,8550,0.1618093890274901,0.10204081632653061,170,1715,0,0,0,0
96,0506_c0005_005.jpg,506,4,-1,True,175,8550,0.17960054847661447,0.1095118898623279,104,1598,0,0,0,0
97,0506_c0005_010.jpg,506,4,-1,True,175,8550,0.17680302412874396,0.09809417040358745,101,1784,0,0,0,0
98,0506_c0005_015.jpg,506,4,-1,True,175,8550,0.19085596943939231,0.1056125528062764,101,1657,0,0,0,0
99,0506_c0005_020.jpg,506,4,-1,True,175,8550,0.1896743260891135,0.10227936879018118,101,1711,0,0,0,0
100,0506_c0006_000.jpg,506,5,-1,True,175,8550,0.8094810970987414,0.26717557251908397,1,655,1,1,1,1
101,0506_c0006_005.jpg,506,5,-1,True,175,8550,0.81849150832691,0.2704791344667697,1,647,1,1,1,1
102,0506_c0006_010.jpg,506,5,-1,True,175,8550,0.8135230791952432,0.2708978328173375,1,646,1,1,1,1
103,0506_c0006_015.jpg,506,5,-1,True,175,8550,0.8441854226556962,0.2795527156549521,1,626,1,1,1,1
104,0506_c0006_020.jpg,506,5,-1,True,175,8550,0.822816477489125,0.2717391304347826,1,644,1,1,1,1
105,0506_c0007_000.jpg,506,6,-1,True,175,8550,0.9355887061528956,0.4107981220657277,1,426,1,1,1,1
106,0506_c0007_005.jpg,506,6,-1,True,175,8550,0.9320506206670661,0.43209876543209874,1,405,1,1,1,1
107,0506_c0007_010.jpg,506,6,-1,True,175,8550,0.9302592224775903,0.39592760180995473,1,442,1,1,1,1
108,0506_c0007_015.jpg,506,6,-1,True,175,8550,0.929558999583656,0.39149888143176736,1,447,1,1,1,1
109,0506_c0007_020.jpg,506,6,-1,True,175,8550,0.9256745179821847,0.3593429158110883,1,487,1,1,1,1
110,0506_c0008_000.jpg,506,7,-1,True,175,8550,0.779089712851784,0.2565982404692082,1,682,1,1,1,1
111,0506_c0008_005.jpg,506,7,-1,True,175,8550,0.7693630233022843,0.23972602739726026,1,730,1,1,1,1
112,0506_c0008_010.jpg,506,7,-1,True,175,8550,0.7849168530816077,0.23841961852861035,1,734,1,1,1,1
113,0506_c0008_015.jpg,506,7,-1,True,175,8550,0.7966149676266835,0.2608047690014903,1,671,1,1,1,1
114,0506_c0008_020.jpg,506,7,-1,True,175,8550,0.7806498277701881,0.2393980848153215,1,731,1,1,1,1
115,0508_c0001_000.jpg,508,0,-1,True,175,8550,0.7101958231474262,0.34930139720558884,1,501,1,1,1,1
116,0508_c0001_005.jpg,508,0,-1,True,175,8550,0.7319237028116634,0.40045766590389015,1,437,1,1,1,1
117,0508_c0001_010.jpg,508,0,-1,True,175,8550,0.7118318539259502,0.3968253968253968,1,441,1,1,1,1
118,0508_c0001_015.jpg,508,0,-1,True,175,8550,0.6283603918337657,0.3102836879432624,1,564,1,1,1,1
119,0508_c0001_020.jpg,508,0,-1,True,175,8550,0.6131641788985731,0.35714285714285715,1,490,1,1,1,1
120,0508_c0002_000.jpg,508,1,-1,True,175,8550,0.9514071253230684,0.603448275862069,1,290,1,1,1,1
121,0508_c0002_005.jpg,508,1,-1,True,175,8550,0.9458125184310688,0.5813953488372093,1,301,1,1,1,1
122,0508_c0002_010.jpg,508,1,-1,True,175,8550,0.9448389725508773,0.5775577557755776,1,303,1,1,1,1
123,0508_c0002_015.jpg,508,1,-1,True,175,8550,0.9738075591620711,0.7510729613733905,1,233,1,1,1,1
124,0508_c0002_020.jpg,508,1,-1,True,175,8550,0.9616905026341608,0.6433823529411765,1,272,1,1,1,1
125,0508_c0003_000.jpg,508,2,-1,True,175,8550,0.7252075159984032,0.5384615384615384,1,325,1,1,1,1
126,0508_c0003_005.jpg,508,2,-1,True,175,8550,0.7639538735413245,0.6363636363636364,1,275,1,1,1,1
127,0508_c0003_010.jpg,508,2,-1,True,175,8550,0.7390224615863819,0.6294964028776978,1,278,1,1,1,1
128,0508_c0003_015.jpg,508,2,-1,True,175,8550,0.7145869428925384,0.5335365853658537,1,328,1,1,1,1
129,0508_c0003_020.jpg,508,2,-1,True,175,8550,0.7376336895718288,0.501432664756447,1,349,1,1,1,1
130,0508_c0004_000.jpg,508,3,-1,True,175,8550,0.6645875009316992,0.5537974683544303,1,316,1,1,1,1
131,0508_c0004_005.jpg,508,3,-1,True,175,8550,0.8223718522770098,0.7510729613733905,1,233,1,1,1,1
132,0508_c0004_010.jpg,508,3,-1,True,175,8550,0.812890404498887,0.7322175732217573,1,239,1,1,1,1
133,0508_c0004_015.jpg,508,3,-1,True,175,8550,0.7892172919664092,0.7322175732217573,1,239,1,1,1,1
134,0508_c0004_020.jpg,508,3,-1,True,175,8550,0.6491451658026741,0.5756578947368421,1,304,1,1,1,1
135,0508_c0005_000.jpg,508,4,-1,True,175,8550,0.944412642037839,0.6118881118881119,1,286,1,1,1,1
136,0508_c0005_005.jpg,508,4,-1,True,175,8550,0.9452838285858798,0.6097560975609756,1,287,1,1,1,1
137,0508_c0005_010.jpg,508,4,-1,True,175,8550,0.9490677520637425,0.6055363321799307,1,289,1,1,1,1
138,0508_c0005_015.jpg,508,4,-1,True,175,8550,0.9602654305165814,0.6118881118881119,1,286,1,1,1,1
139,0508_c0005_020.jpg,508,4,-1,True,175,8550,0.9385720297259358,0.6161971830985915,1,284,1,1,1,1
140,0508_c0006_000.jpg,508,5,-1,True,175,8550,0.8110822157412341,0.5072463768115942,1,345,1,1,1,1
141,0508_c0006_005.jpg,508,5,-1,True,175,8550,0.8286387685287507,0.54858934169279,1,319,1,1,1,1
142,0508_c0006_010.jpg,508,5,-1,True,175,8550,0.8195399733282579,0.5663430420711975,1,309,1,1,1,1
143,0508_c0006_015.jpg,508,5,-1,True,175,8550,0.8144752267978268,0.5718954248366013,1,306,1,1,1,1
144,0508_c0006_020.jpg,508,5,-1,True,175,8550,0.808289743153962,0.5,1,350,1,1,1,1
145,0508_c0007_000.jpg,508,6,-1,True,175,8550,0.7198048905085911,0.3125,1,560,1,1,1,1
146,0508_c0007_005.jpg,508,6,-1,True,175,8550,0.7117360236557347,0.3125,1,560,1,1,1,1
147,0508_c0007_010.jpg,508,6,-1,True,175,8550,0.7352389435595211,0.32710280373831774,1,535,1,1,1,1
148,0508_c0007_015.jpg,508,6,-1,True,175,8550,0.7219346820219861,0.315884476534296,1,554,1,1,1,1
149,0508_c0007_020.jpg,508,6,-1,True,175,8550,0.7198050654597151,0.3176043557168784,1,551,1,1,1,1
150,0508_c0008_000.jpg,508,7,-1,True,175,8550,0.8885746468236818,0.7291666666666666,1,240,1,1,1,1
151,0508_c0008_005.jpg,508,7,-1,True,175,8550,0.8842658290330139,0.720164609053498,1,243,1,1,1,1
152,0508_c0008_010.jpg,508,7,-1,True,175,8550,0.8819513657693708,0.7322175732217573,1,239,1,1,1,1
153,0508_c0008_015.jpg,508,7,-1,True,175,8550,0.8798313036087552,0.7641921397379913,1,229,1,1,1,1
154,0508_c0008_020.jpg,508,7,-1,True,175,8550,0.8850087552941964,0.7675438596491229,1,228,1,1,1,1
155,0510_c0001_000.jpg,510,0,-1,True,175,8550,0.7219678656297851,0.06621263715474839,1,2643,1,1,1,1
156,0510_c0001_005.jpg,510,0,-1,True,175,8550,0.7292555468356504,0.0676459219172787,1,2587,1,1,1,1
157,0510_c0001_010.jpg,510,0,-1,True,175,8550,0.715123844231459,0.06429096252755327,1,2722,1,1,1,1
158,0510_c0001_015.jpg,510,0,-1,True,175,8550,0.6896300036644976,0.06345177664974619,1,2758,1,1,1,1
159,0510_c0001_020.jpg,510,0,-1,True,175,8550,0.6726664970773051,0.054893350062735255,1,3188,1,1,1,1
160,0510_c0002_000.jpg,510,1,-1,True,175,8550,0.12110815881214657,0.03283302063789869,7,5330,0,0,1,1
161,0510_c0002_005.jpg,510,1,-1,True,175,8550,0.12074766733503806,0.03293187805796011,10,5314,0,0,1,1
162,0510_c0002_010.jpg,510,1,-1,True,175,8550,0.18330612134708446,0.034033450019447686,1,5142,1,1,1,1
163,0510_c0002_015.jpg,510,1,-1,True,175,8550,0.16563132139489528,0.03388845855925639,1,5164,1,1,1,1
164,0510_c0002_020.jpg,510,1,-1,True,175,8550,0.132250342954928,0.03151449666846749,1,5553,1,1,1,1
165,0510_c0003_000.jpg,510,2,-1,True,175,8550,0.4863437027548935,0.15377855887521968,1,1138,1,1,1,1
166,0510_c0003_005.jpg,510,2,-1,True,175,8550,0.4501169681256874,0.14239218877135884,1,1229,1,1,1,1
167,0510_c0003_010.jpg,510,2,-1,True,175,8550,0.39288510613388117,0.12161223071577484,1,1439,1,1,1,1
168,0510_c0003_015.jpg,510,2,-1,True,175,8550,0.3669325682240367,0.11574074074074074,1,1512,1,1,1,1
169,0510_c0003_020.jpg,510,2,-1,True,175,8550,0.3444609150280304,0.11422976501305483,1,1532,1,1,1,1
170,0510_c0004_000.jpg,510,3,-1,True,175,8550,0.850646762173933,0.09095634095634096,1,1924,1,1,1,1
171,0510_c0004_005.jpg,510,3,-1,True,175,8550,0.8345141139971922,0.09641873278236915,1,1815,1,1,1,1
172,0510_c0004_010.jpg,510,3,-1,True,175,8550,0.8556148085683674,0.10789149198520345,1,1622,1,1,1,1
173,0510_c0004_015.jpg,510,3,-1,True,175,8550,0.8274186007470926,0.09278897136797455,1,1886,1,1,1,1
174,0510_c0004_020.jpg,510,3,-1,True,175,8550,0.8244715544669751,0.09673852957435047,1,1809,1,1,1,1
175,0510_c0005_000.jpg,510,4,-1,True,175,8550,0.8686588364283461,0.15751575157515751,1,1111,1,1,1,1
176,0510_c0005_005.jpg,510,4,-1,True,175,8550,0.8540678911182027,0.12681159420289856,1,1380,1,1,1,1
177,0510_c0005_010.jpg,510,4,-1,True,175,8550,0.846782458188489,0.1287711552612215,1,1359,1,1,1,1
178,0510_c0005_015.jpg,510,4,-1,True,175,8550,0.8345044863683961,0.1234132581100141,1,1418,1,1,1,1
179,0510_c0005_020.jpg,510,4,-1,True,175,8550,0.8257885032490685,0.12411347517730496,1,1410,1,1,1,1
180,0510_c0006_000.jpg,510,5,-1,True,175,8550,0.6652622956204042,0.25289017341040465,1,692,1,1,1,1
181,0510_c0006_005.jpg,510,5,-1,True,175,8550,0.6162537569842913,0.22845953002610966,1,766,1,1,1,1
182,0510_c0006_010.jpg,510,5,-1,True,175,8550,0.6750456042771326,0.24893314366998578,1,703,1,1,1,1
183,0510_c0006_015.jpg,510,5,-1,True,175,8550,0.6938905374626196,0.315884476534296,1,554,1,1,1,1
184,0510_c0006_020.jpg,510,5,-1,True,175,8550,0.7445379182264213,0.29914529914529914,1,585,1,1,1,1
185,0510_c0007_000.jpg,510,6,-1,True,175,8550,0.5525476598457995,0.3314393939393939,1,528,1,1,1,1
186,0510_c0007_005.jpg,510,6,-1,True,175,8550,0.624608701007208,0.4278728606356968,1,409,1,1,1,1
187,0510_c0007_010.jpg,510,6,-1,True,175,8550,0.7853673634042403,0.2663622526636225,1,657,1,1,1,1
188,0510_c0007_015.jpg,510,6,-1,True,175,8550,0.7721886018034603,0.274294670846395,1,638,1,1,1,1
189,0510_c0007_020.jpg,510,6,-1,True,175,8550,0.7531337855580524,0.2777777777777778,1,630,1,1,1,1
190,0510_c0008_000.jpg,510,7,-1,True,175,8550,0.8663773998296678,0.06694720734506504,1,2614,1,1,1,1
191,0510_c0008_005.jpg,510,7,-1,True,175,8550,0.8656322236648615,0.06294964028776978,1,2780,1,1,1,1
192,0510_c0008_010.jpg,510,7,-1,True,175,8550,0.8649482384397035,0.05902192242833052,1,2965,1,1,1,1
193,0510_c0008_015.jpg,510,7,-1,True,175,8550,0.8683501193010911,0.0707070707070707,1,2475,1,1,1,1
194,0510_c0008_020.jpg,510,7,-1,True,175,8550,0.8558398903867964,0.06046993780234969,1,2894,1,1,1,1
195,0512_c0001_000.jpg,512,0,-1,True,75,8550,0.8848240462439395,0.75,1,100,1,1,1,1
196,0512_c0001_005.jpg,512,0,-1,True,75,8550,1.0,1.0,1,75,1,1,1,1
197,0512_c0001_010.jpg,512,0,-1,True,75,8550,0.9853703735624022,0.7653061224489796,1,98,1,1,1,1
198,0512_c0001_015.jpg,512,0,-1,True,75,8550,0.9963666614401664,0.8522727272727273,1,88,1,1,1,1
199,0512_c0001_020.jpg,512,0,-1,True,75,8550,1.0,1.0,1,75,1,1,1,1
200,0512_c0003_000.jpg,512,2,-1,True,75,8550,1.0,1.0,1,75,1,1,1,1
201,0512_c0003_005.jpg,512,2,-1,True,75,8550,1.0,1.0,1,75,1,1,1,1
202,0512_c0003_010.jpg,512,2,-1,True,75,8550,1.0,1.0,1,75,1,1,1,1
203,0512_c0003_015.jpg,512,2,-1,True,75,8550,1.0,1.0,1,75,1,1,1,1
204,0512_c0003_020.jpg,512,2,-1,True,75,8550,1.0,1.0,1,75,1,1,1,1
205,0512_c0005_000.jpg,512,4,-1,True,75,8550,0.9975881327780062,0.9493670886075949,1,79,1,1,1,1
206,0512_c0005_005.jpg,512,4,-1,True,75,8550,1.0,1.0,1,75,1,1,1,1
207,0512_c0005_010.jpg,512,4,-1,True,75,8550,1.0,1.0,1,75,1,1,1,1
208,0512_c0005_015.jpg,512,4,-1,True,75,8550,1.0,1.0,1,75,1,1,1,1
209,0512_c0005_020.jpg,512,4,-1,True,75,8550,1.0,1.0,1,75,1,1,1,1
210,0512_c0006_000.jpg,512,5,-1,True,75,8550,0.45853276489852735,0.42857142857142855,1,175,1,1,1,1
211,0512_c0006_005.jpg,512,5,-1,True,75,8550,0.6157379255648956,0.42857142857142855,1,175,1,1,1,1
212,0512_c0006_010.jpg,512,5,-1,True,75,8550,0.5685351848502893,0.46296296296296297,1,162,1,1,1,1
213,0512_c0006_015.jpg,512,5,-1,True,75,8550,0.5790084466226443,0.42857142857142855,1,175,1,1,1,1
214,0512_c0006_020.jpg,512,5,-1,True,75,8550,0.8129012594024628,0.4491017964071856,1,167,1,1,1,1
215,0514_c0001_000.jpg,514,0,-1,True,175,8550,0.44590544310993396,0.49019607843137253,26,357,0,0,0,0
216,0514_c0001_005.jpg,514,0,-1,True,175,8550,0.34138475593601714,0.3371868978805395,74,519,0,0,0,0
217,0514_c0001_010.jpg,514,0,-1,True,175,8550,0.39378347233140104,0.47043010752688175,29,372,0,0,0,0
218,0514_c0001_015.jpg,514,0,-1,True,175,8550,0.3746978742530654,0.44191919191919193,60,396,0,0,0,0
219,0514_c0001_020.jpg,514,0,-1,True,175,8550,0.39990482265794036,0.4971590909090909,27,352,0,0,0,0
220,0514_c0002_000.jpg,514,1,-1,True,175,8550,0.9867898974622614,0.9358288770053476,1,187,1,1,1,1
221,0514_c0002_005.jpg,514,1,-1,True,175,8550,0.9660555380291012,0.720164609053498,1,243,1,1,1,1
222,0514_c0002_010.jpg,514,1,-1,True,175,8550,0.9806651243569956,0.7743362831858407,1,226,1,1,1,1
223,0514_c0002_015.jpg,514,1,-1,True,175,8550,0.9587464091568573,0.7,1,250,1,1,1,1
224,0514_c0002_020.jpg,514,1,-1,True,175,8550,0.9801425549369315,0.8101851851851852,1,216,1,1,1,1
225,0514_c0003_000.jpg,514,2,-1,True,175,8550,0.9997802197802197,0.9615384615384616,1,182,1,1,1,1
226,0514_c0003_005.jpg,514,2,-1,True,175,8550,0.9997501951600313,0.9562841530054644,1,183,1,1,1,1
227,0514_c0003_010.jpg,514,2,-1,True,175,8550,0.9997501951600313,0.9562841530054644,1,183,1,1,1,1
228,0514_c0003_015.jpg,514,2,-1,True,175,8550,0.9996620583717358,0.9408602150537635,1,186,1,1,1,1
229,0514_c0003_020.jpg,514,2,-1,True,175,8550,0.9996620583717358,0.9408602150537635,1,186,1,1,1,1
230,0514_c0004_000.jpg,514,3,-1,True,175,8550,1.0,1.0,1,175,1,1,1,1
231,0514_c0004_005.jpg,514,3,-1,True,175,8550,1.0,1.0,1,175,1,1,1,1
232,0514_c0004_010.jpg,514,3,-1,True,175,8550,1.0,1.0,1,175,1,1,1,1
233,0514_c0004_015.jpg,514,3,-1,True,175,8550,0.9999354317998385,0.9887005649717514,1,177,1,1,1,1
234,0514_c0004_020.jpg,514,3,-1,True,175,8550,1.0,1.0,1,175,1,1,1,1
235,0514_c0005_000.jpg,514,4,-1,True,175,8550,0.9999675324675324,0.9943181818181818,1,176,1,1,1,1
236,0514_c0005_005.jpg,514,4,-1,True,175,8550,0.9999348794063079,0.9943181818181818,1,176,1,1,1,1
237,0514_c0005_010.jpg,514,4,-1,True,175,8550,0.9998046254591457,0.9887005649717514,1,177,1,1,1,1
238,0514_c0005_015.jpg,514,4,-1,True,175,8550,1.0,1.0,1,175,1,1,1,1
239,0514_c0005_020.jpg,514,4,-1,True,175,8550,0.9999675324675324,0.9943181818181818,1,176,1,1,1,1
240,0514_c0006_000.jpg,514,5,-1,True,175,8550,0.9972518245874685,0.8620689655172413,1,203,1,1,1,1
241,0514_c0006_005.jpg,514,5,-1,True,175,8550,0.9990236461379731,0.8578431372549019,1,204,1,1,1,1
242,0514_c0006_010.jpg,514,5,-1,True,175,8550,0.9997802197802197,0.9615384615384616,1,182,1,1,1,1
243,0514_c0006_015.jpg,514,5,-1,True,175,8550,0.9943111302723381,0.7142857142857143,1,245,1,1,1,1
244,0514_c0006_020.jpg,514,5,-1,True,175,8550,0.9979465842887982,0.78125,1,224,1,1,1,1
245,0514_c0007_000.jpg,514,6,-1,True,175,8550,0.9875425339980529,0.8333333333333334,1,210,1,1,1,1
246,0514_c0007_005.jpg,514,6,-1,True,175,8550,0.9875068476041624,0.8706467661691543,1,201,1,1,1,1
247,0514_c0007_010.jpg,514,6,-1,True,175,8550,0.9816448498713842,0.8064516129032258,1,217,1,1,1,1
248,0514_c0007_015.jpg,514,6,-1,True,175,8550,0.9795092213759283,0.7882882882882883,1,222,1,1,1,1
249,0514_c0007_020.jpg,514,6,-1,True,175,8550,0.9931295128325888,0.875,1,200,1,1,1,1
250,0514_c0008_000.jpg,514,7,-1,True,175,8550,0.9997152847152847,0.9615384615384616,1,182,1,1,1,1
251,0514_c0008_005.jpg,514,7,-1,True,175,8550,0.9996833674799778,0.9615384615384616,1,182,1,1,1,1
252,0514_c0008_010.jpg,514,7,-1,True,175,8550,0.9997501951600313,0.9562841530054644,1,183,1,1,1,1
253,0514_c0008_015.jpg,514,7,-1,True,175,8550,0.998983828882409,0.8974358974358975,1,195,1,1,1,1
254,0514_c0008_020.jpg,514,7,-1,True,175,8550,0.9994123133934639,0.9358288770053476,1,187,1,1,1,1
255,0516_c0001_000.jpg,516,0,-1,True,75,8550,1.0,1.0,1,75,1,1,1,1
256,0516_c0001_005.jpg,516,0,-1,True,75,8550,1.0,1.0,1,75,1,1,1,1
257,0516_c0001_010.jpg,516,0,-1,True,75,8550,1.0,1.0,1,75,1,1,1,1
258,0516_c0001_015.jpg,516,0,-1,True,75,8550,1.0,1.0,1,75,1,1,1,1
259,0516_c0001_020.jpg,516,0,-1,True,75,8550,0.922224535490113,0.7009345794392523,1,107,1,1,1,1
260,0516_c0003_000.jpg,516,2,-1,True,75,8550,1.0,1.0,1,75,1,1,1,1
261,0516_c0003_005.jpg,516,2,-1,True,75,8550,1.0,1.0,1,75,1,1,1,1
262,0516_c0003_010.jpg,516,2,-1,True,75,8550,1.0,1.0,1,75,1,1,1,1
263,0516_c0003_015.jpg,516,2,-1,True,75,8550,1.0,1.0,1,75,1,1,1,1
264,0516_c0003_020.jpg,516,2,-1,True,75,8550,1.0,1.0,1,75,1,1,1,1
265,0516_c0005_000.jpg,516,4,-1,True,75,8550,1.0,1.0,1,75,1,1,1,1
266,0516_c0005_005.jpg,516,4,-1,True,75,8550,1.0,1.0,1,75,1,1,1,1
267,0516_c0005_010.jpg,516,4,-1,True,75,8550,1.0,1.0,1,75,1,1,1,1
268,0516_c0005_015.jpg,516,4,-1,True,75,8550,1.0,1.0,1,75,1,1,1,1
269,0516_c0005_020.jpg,516,4,-1,True,75,8550,1.0,1.0,1,75,1,1,1,1
270,0516_c0006_000.jpg,516,5,-1,True,75,8550,0.9857827141689861,0.75,1,100,1,1,1,1
271,0516_c0006_005.jpg,516,5,-1,True,75,8550,0.9891100238069387,0.75,1,100,1,1,1,1
272,0516_c0006_010.jpg,516,5,-1,True,75,8550,0.9816195630402014,0.75,1,100,1,1,1,1
273,0516_c0006_015.jpg,516,5,-1,True,75,8550,0.978781269306051,0.75,1,100,1,1,1,1
274,0516_c0006_020.jpg,516,5,-1,True,75,8550,0.9781192630182401,0.75,1,100,1,1,1,1
275,0518_c0001_000.jpg,518,0,-1,True,100,8550,0.48476005051019727,0.3105590062111801,3,322,0,1,1,1
276,0518_c0001_005.jpg,518,0,-1,True,100,8550,0.4439280159461215,0.33003300330033003,9,303,0,0,1,1
277,0518_c0001_010.jpg,518,0,-1,True,100,8550,0.44472312866945785,0.3194888178913738,9,313,0,0,1,1
278,0518_c0001_015.jpg,518,0,-1,True,100,8550,0.4341346042395257,0.4,14,250,0,0,0,1
279,0518_c0001_020.jpg,518,0,-1,True,100,8550,0.5762731037681648,0.5494505494505495,6,182,0,0,1,1
280,0518_c0002_000.jpg,518,1,-1,True,100,8550,0.8553120839019459,0.6369426751592356,1,157,1,1,1,1
281,0518_c0002_005.jpg,518,1,-1,True,100,8550,0.8478199031983443,0.6134969325153374,1,163,1,1,1,1
282,0518_c0002_010.jpg,518,1,-1,True,100,8550,0.8659006931008725,0.6993006993006993,1,143,1,1,1,1
283,0518_c0002_015.jpg,518,1,-1,True,100,8550,0.852497731630571,0.6211180124223602,1,161,1,1,1,1
284,0518_c0002_020.jpg,518,1,-1,True,100,8550,0.8643210612634289,0.6666666666666666,1,150,1,1,1,1
285,0518_c0003_000.jpg,518,2,-1,True,100,8550,0.7049446730606277,0.42735042735042733,1,234,1,1,1,1
286,0518_c0003_005.jpg,518,2,-1,True,100,8550,0.8130435548725531,0.5434782608695652,1,184,1,1,1,1
287,0518_c0003_010.jpg,518,2,-1,True,100,8550,0.8955708780642104,0.5494505494505495,1,182,1,1,1,1
288,0518_c0003_015.jpg,518,2,-1,True,100,8550,0.7379061738093361,0.5181347150259067,1,193,1,1,1,1
289,0518_c0003_020.jpg,518,2,-1,True,100,8550,0.8695493118477158,0.5376344086021505,1,186,1,1,1,1
290,0518_c0005_000.jpg,518,4,-1,True,100,8550,0.779093802372674,0.5291005291005291,1,189,1,1,1,1
291,0518_c0005_005.jpg,518,4,-1,True,100,8550,0.7631706328725256,0.5235602094240838,1,191,1,1,1,1
292,0518_c0005_010.jpg,518,4,-1,True,100,8550,0.7762331265363716,0.5235602094240838,1,191,1,1,1,1
293,0518_c0005_015.jpg,518,4,-1,True,100,8550,0.7807006392045678,0.5405405405405406,1,185,1,1,1,1
294,0518_c0005_020.jpg,518,4,-1,True,100,8550,0.7847472699050364,0.5494505494505495,1,182,1,1,1,1
295,0518_c0006_000.jpg,518,5,-1,True,100,8550,0.9090477026066985,0.5102040816326531,1,196,1,1,1,1
296,0518_c0006_005.jpg,518,5,-1,True,100,8550,0.9219218868066272,0.546448087431694,1,183,1,1,1,1
297,0518_c0006_010.jpg,518,5,-1,True,100,8550,0.8981386148845729,0.5154639175257731,1,194,1,1,1,1
298,0518_c0006_015.jpg,518,5,-1,True,100,8550,0.923546718910045,0.5780346820809249,1,173,1,1,1,1
299,0518_c0006_020.jpg,518,5,-1,True,100,8550,0.9235748265455054,0.5952380952380952,1,168,1,1,1,1
300,0520_c0001_000.jpg,520,0,-1,True,150,8550,0.9929963609892551,0.9202453987730062,1,163,1,1,1,1
301,0520_c0001_005.jpg,520,0,-1,True,150,8550,1.0,1.0,1,150,1,1,1,1
302,0520_c0001_010.jpg,520,0,-1,True,150,8550,0.9907159415731909,0.9036144578313253,1,166,1,1,1,1
303,0520_c0001_015.jpg,520,0,-1,True,150,8550,0.9905985677991244,0.9259259259259259,1,162,1,1,1,1
304,0520_c0001_020.jpg,520,0,-1,True,150,8550,0.9978822714436588,0.9554140127388535,1,157,1,1,1,1
305,0520_c0002_000.jpg,520,1,-1,True,150,8550,0.976830692410929,0.8241758241758241,1,182,1,1,1,1
306,0520_c0002_005.jpg,520,1,-1,True,150,8550,0.9720142240806218,0.7731958762886598,1,194,1,1,1,1
307,0520_c0002_010.jpg,520,1,-1,True,150,8550,0.9820209702947128,0.8571428571428571,1,175,1,1,1,1
308,0520_c0002_015.jpg,520,1,-1,True,150,8550,0.9755963506184707,0.7692307692307693,1,195,1,1,1,1
309,0520_c0002_020.jpg,520,1,-1,True,150,8550,0.9672170046247395,0.6276150627615062,1,239,1,1,1,1
310,0520_c0004_000.jpg,520,3,-1,True,150,8550,1.0,1.0,1,150,1,1,1,1
311,0520_c0004_005.jpg,520,3,-1,True,150,8550,1.0,1.0,1,150,1,1,1,1
312,0520_c0004_010.jpg,520,3,-1,True,150,8550,1.0,1.0,1,150,1,1,1,1
313,0520_c0004_015.jpg,520,3,-1,True,150,8550,1.0,1.0,1,150,1,1,1,1
314,0520_c0004_020.jpg,520,3,-1,True,150,8550,1.0,1.0,1,150,1,1,1,1
315,0520_c0005_000.jpg,520,4,-1,True,150,8550,1.0,1.0,1,150,1,1,1,1
316,0520_c0005_005.jpg,520,4,-1,True,150,8550,1.0,1.0,1,150,1,1,1,1
317,0520_c0005_010.jpg,520,4,-1,True,150,8550,1.0,1.0,1,150,1,1,1,1
318,0520_c0005_015.jpg,520,4,-1,True,150,8550,1.0,1.0,1,150,1,1,1,1
319,0520_c0005_020.jpg,520,4,-1,True,150,8550,1.0,1.0,1,150,1,1,1,1
320,0520_c0006_000.jpg,520,5,-1,True,150,8550,0.9957832989399246,0.9316770186335404,1,161,1,1,1,1
321,0520_c0006_005.jpg,520,5,-1,True,150,8550,0.9788177995855798,0.8571428571428571,1,175,1,1,1,1
322,0520_c0006_010.jpg,520,5,-1,True,150,8550,0.9782917100136225,0.8571428571428571,1,175,1,1,1,1
323,0520_c0006_015.jpg,520,5,-1,True,150,8550,0.9755127836033881,0.8571428571428571,1,175,1,1,1,1
324,0520_c0006_020.jpg,520,5,-1,True,150,8550,0.9890596122227225,0.8875739644970414,1,169,1,1,1,1
325,0520_c0007_000.jpg,520,6,-1,True,150,8550,1.0,1.0,1,150,1,1,1,1
326,0520_c0007_005.jpg,520,6,-1,True,150,8550,1.0,1.0,1,150,1,1,1,1
327,0520_c0007_010.jpg,520,6,-1,True,150,8550,1.0,1.0,1,150,1,1,1,1
328,0520_c0007_015.jpg,520,6,-1,True,150,8550,1.0,1.0,1,150,1,1,1,1
329,0520_c0007_020.jpg,520,6,-1,True,150,8550,1.0,1.0,1,150,1,1,1,1
330,0520_c0008_000.jpg,520,7,-1,True,150,8550,1.0,1.0,1,150,1,1,1,1
331,0520_c0008_005.jpg,520,7,-1,True,150,8550,1.0,1.0,1,150,1,1,1,1
332,0520_c0008_010.jpg,520,7,-1,True,150,8550,1.0,1.0,1,150,1,1,1,1
333,0520_c0008_015.jpg,520,7,-1,True,150,8550,1.0,1.0,1,150,1,1,1,1
334,0520_c0008_020.jpg,520,7,-1,True,150,8550,1.0,1.0,1,150,1,1,1,1
335,0522_c0001_000.jpg,522,0,-1,True,150,8550,0.5363493754571412,0.3605769230769231,1,416,1,1,1,1
336,0522_c0001_005.jpg,522,0,-1,True,150,8550,0.4765897185010372,0.25041736227045075,1,599,1,1,1,1
337,0522_c0001_010.jpg,522,0,-1,True,150,8550,0.46359342248131696,0.30991735537190085,1,484,1,1,1,1
338,0522_c0001_015.jpg,522,0,-1,True,150,8550,0.5768074032940348,0.3826530612244898,1,392,1,1,1,1
339,0522_c0001_020.jpg,522,0,-1,True,150,8550,0.5117557564999445,0.27223230490018147,1,551,1,1,1,1
340,0522_c0002_000.jpg,522,1,-1,True,150,8550,0.6298875282907475,0.12274959083469722,1,1222,1,1,1,1
341,0522_c0002_005.jpg,522,1,-1,True,150,8550,0.6942613745380851,0.11990407673860912,1,1251,1,1,1,1
342,0522_c0002_010.jpg,522,1,-1,True,150,8550,0.6847729688527722,0.16465422612513722,1,911,1,1,1,1
343,0522_c0002_015.jpg,522,1,-1,True,150,8550,0.6875179154781762,0.1865671641791045,1,804,1,1,1,1
344,0522_c0002_020.jpg,522,1,-1,True,150,8550,0.8525551796216985,0.199203187250996,1,753,1,1,1,1
345,0522_c0004_000.jpg,522,3,-1,True,150,8550,0.9419171035216207,0.5226480836236934,1,287,1,1,1,1
346,0522_c0004_005.jpg,522,3,-1,True,150,8550,0.8926586755748239,0.30303030303030304,1,495,1,1,1,1
347,0522_c0004_010.jpg,522,3,-1,True,150,8550,0.9013987832475517,0.3480278422273782,1,431,1,1,1,1
348,0522_c0004_015.jpg,522,3,-1,True,150,8550,0.9230724942608015,0.4658385093167702,1,322,1,1,1,1
349,0522_c0004_020.jpg,522,3,-1,True,150,8550,0.9208147258213498,0.46296296296296297,1,324,1,1,1,1
350,0522_c0005_000.jpg,522,4,-1,True,150,8550,0.5858307571500232,0.11600928074245939,1,1293,1,1,1,1
351,0522_c0005_005.jpg,522,4,-1,True,150,8550,0.7123211922087622,0.10080645161290322,1,1488,1,1,1,1
352,0522_c0005_010.jpg,522,4,-1,True,150,8550,0.6108418035688916,0.09225092250922509,1,1626,1,1,1,1
353,0522_c0005_015.jpg,522,4,-1,True,150,8550,0.7846312030145147,0.11177347242921014,1,1342,1,1,1,1
354,0522_c0005_020.jpg,522,4,-1,True,150,8550,0.7769227869971695,0.11252813203300825,1,1333,1,1,1,1
355,0522_c0006_000.jpg,522,5,-1,True,150,8550,0.9510533457488286,0.49504950495049505,1,303,1,1,1,1
356,0522_c0006_005.jpg,522,5,-1,True,150,8550,0.8970578172627253,0.40540540540540543,1,370,1,1,1,1
357,0522_c0006_010.jpg,522,5,-1,True,150,8550,0.8774410755316265,0.375,1,400,1,1,1,1
358,0522_c0006_015.jpg,522,5,-1,True,150,8550,0.705578672562795,0.3138075313807531,1,478,1,1,1,1
359,0522_c0006_020.jpg,522,5,-1,True,150,8550,0.8094840459385055,0.3409090909090909,1,440,1,1,1,1
360,0522_c0007_000.jpg,522,6,-1,True,150,8550,0.931743427006805,0.75,1,200,1,1,1,1
361,0522_c0007_005.jpg,522,6,-1,True,150,8550,0.9084404747842237,0.5639097744360902,1,266,1,1,1,1
362,0522_c0007_010.jpg,522,6,-1,True,150,8550,0.969086715327867,0.7246376811594203,1,207,1,1,1,1
363,0522_c0007_015.jpg,522,6,-1,True,150,8550,0.9916666013728349,0.819672131147541,1,183,1,1,1,1
364,0522_c0007_020.jpg,522,6,-1,True,150,8550,0.9417798819380095,0.7614213197969543,1,197,1,1,1,1
365,0522_c0008_000.jpg,522,7,-1,True,150,8550,0.6364151898087245,0.3546099290780142,1,423,1,1,1,1
366,0522_c0008_005.jpg,522,7,-1,True,150,8550,0.6791822404388979,0.3597122302158273,1,417,1,1,1,1
367,0522_c0008_010.jpg,522,7,-1,True,150,8550,0.5346515085484045,0.3157894736842105,1,475,1,1,1,1
368,0522_c0008_015.jpg,522,7,-1,True,150,8550,0.5473563497782524,0.3184713375796178,1,471,1,1,1,1
369,0522_c0008_020.jpg,522,7,-1,True,150,8550,0.6243039333634207,0.3440366972477064,1,436,1,1,1,1
370,0524_c0001_000.jpg,524,0,-1,True,175,8550,0.9445846770628382,0.6013745704467354,1,291,1,1,1,1
371,0524_c0001_005.jpg,524,0,-1,True,175,8550,0.8779008929654859,0.5239520958083832,1,334,1,1,1,1
372,0524_c0001_010.jpg,524,0,-1,True,175,8550,0.924012985626484,0.5335365853658537,1,328,1,1,1,1
373,0524_c0001_015.jpg,524,0,-1,True,175,8550,0.9599705236068378,0.6628787878787878,1,264,1,1,1,1
374,0524_c0001_020.jpg,524,0,-1,True,175,8550,0.9667174701811613,0.7575757575757576,1,231,1,1,1,1
375,0524_c0002_000.jpg,524,1,-1,True,175,8550,1.0,1.0,1,175,1,1,1,1
376,0524_c0002_005.jpg,524,1,-1,True,175,8550,0.9999675324675324,0.9943181818181818,1,176,1,1,1,1
377,0524_c0002_010.jpg,524,1,-1,True,175,8550,1.0,1.0,1,175,1,1,1,1
378,0524_c0002_015.jpg,524,1,-1,True,175,8550,1.0,1.0,1,175,1,1,1,1
379,0524_c0002_020.jpg,524,1,-1,True,175,8550,1.0,1.0,1,175,1,1,1,1
380,0524_c0003_000.jpg,524,2,-1,True,175,8550,1.0,1.0,1,175,1,1,1,1
381,0524_c0003_005.jpg,524,2,-1,True,175,8550,0.9999675324675324,0.9943181818181818,1,176,1,1,1,1
382,0524_c0003_010.jpg,524,2,-1,True,175,8550,1.0,1.0,1,175,1,1,1,1
383,0524_c0003_015.jpg,524,2,-1,True,175,8550,0.9995244374672947,0.9615384615384616,1,182,1,1,1,1
384,0524_c0003_020.jpg,524,2,-1,True,175,8550,0.9994629495791593,0.9510869565217391,1,184,1,1,1,1
385,0524_c0004_000.jpg,524,3,-1,True,175,8550,0.9342709334776851,0.5451713395638629,1,321,1,1,1,1
386,0524_c0004_005.jpg,524,3,-1,True,175,8550,0.9153400025631239,0.46419098143236076,1,377,1,1,1,1
387,0524_c0004_010.jpg,524,3,-1,True,175,8550,0.9184409646955168,0.3995433789954338,1,438,1,1,1,1
388,0524_c0004_015.jpg,524,3,-1,True,175,8550,0.9052937957253796,0.390625,1,448,1,1,1,1
389,0524_c0004_020.jpg,524,3,-1,True,175,8550,0.9054217331895169,0.3763440860215054,1,465,1,1,1,1
390,0524_c0005_000.jpg,524,4,-1,True,175,8550,1.0,1.0,1,175,1,1,1,1
391,0524_c0005_005.jpg,524,4,-1,True,175,8550,1.0,1.0,1,175,1,1,1,1
392,0524_c0005_010.jpg,524,4,-1,True,175,8550,1.0,1.0,1,175,1,1,1,1
393,0524_c0005_015.jpg,524,4,-1,True,175,8550,1.0,1.0,1,175,1,1,1,1
394,0524_c0005_020.jpg,524,4,-1,True,175,8550,1.0,1.0,1,175,1,1,1,1
395,0524_c0006_000.jpg,524,5,-1,True,175,8550,0.9969684159982412,0.9162303664921466,1,191,1,1,1,1
396,0524_c0006_005.jpg,524,5,-1,True,175,8550,0.9994792786944251,0.9776536312849162,1,179,1,1,1,1
397,0524_c0006_010.jpg,524,5,-1,True,175,8550,0.9992275621221129,0.9562841530054644,1,183,1,1,1,1
398,0524_c0006_015.jpg,524,5,-1,True,175,8550,0.999902038683812,0.9943181818181818,1,176,1,1,1,1
399,0524_c0006_020.jpg,524,5,-1,True,175,8550,0.9994870608462212,0.9615384615384616,1,182,1,1,1,1
400,0524_c0007_000.jpg,524,6,-1,True,175,8550,0.945765710825164,0.5255255255255256,1,333,1,1,1,1
401,0524_c0007_005.jpg,524,6,-1,True,175,8550,0.89652354337155,0.3707627118644068,1,472,1,1,1,1
402,0524_c0007_010.jpg,524,6,-1,True,175,8550,0.9824986469973735,0.7142857142857143,1,245,1,1,1,1
403,0524_c0007_015.jpg,524,6,-1,True,175,8550,0.9834740381116853,0.7172131147540983,1,244,1,1,1,1
404,0524_c0007_020.jpg,524,6,-1,True,175,8550,0.9688810394549601,0.6363636363636364,1,275,1,1,1,1
405,0524_c0008_000.jpg,524,7,-1,True,175,8550,0.9952058246892326,0.8333333333333334,1,210,1,1,1,1
406,0524_c0008_005.jpg,524,7,-1,True,175,8550,0.9983205561626898,0.8974358974358975,1,195,1,1,1,1
407,0524_c0008_010.jpg,524,7,-1,True,175,8550,0.9764761505836327,0.68359375,1,256,1,1,1,1
408,0524_c0008_015.jpg,524,7,-1,True,175,8550,0.9787971221411379,0.7446808510638298,1,235,1,1,1,1
409,0524_c0008_020.jpg,524,7,-1,True,175,8550,0.9859519014503675,0.7709251101321586,1,227,1,1,1,1
410,0526_c0001_000.jpg,526,0,-1,True,50,8550,0.6108186306477292,0.2066115702479339,1,242,1,1,1,1
411,0526_c0001_005.jpg,526,0,-1,True,50,8550,0.7750709660244459,0.3787878787878788,1,132,1,1,1,1
412,0526_c0001_010.jpg,526,0,-1,True,50,8550,0.7233314295825317,0.27472527472527475,1,182,1,1,1,1
413,0526_c0001_015.jpg,526,0,-1,True,50,8550,0.7293762311600479,0.2976190476190476,1,168,1,1,1,1
414,0526_c0001_020.jpg,526,0,-1,True,50,8550,0.7561053132553585,0.38461538461538464,1,130,1,1,1,1
415,0526_c0003_000.jpg,526,2,-1,True,50,8550,0.7142341123659068,0.46296296296296297,1,108,1,1,1,1
416,0526_c0003_005.jpg,526,2,-1,True,50,8550,0.7478649585550735,0.4807692307692308,1,104,1,1,1,1
417,0526_c0003_010.jpg,526,2,-1,True,50,8550,0.7089362607308844,0.3546099290780142,1,141,1,1,1,1
418,0526_c0003_015.jpg,526,2,-1,True,50,8550,0.729665261674369,0.43478260869565216,1,115,1,1,1,1
419,0526_c0003_020.jpg,526,2,-1,True,50,8550,0.7232228782530384,0.4065040650406504,1,123,1,1,1,1
420,0526_c0005_000.jpg,526,4,-1,True,50,8550,1.0,1.0,1,50,1,1,1,1
421,0526_c0005_005.jpg,526,4,-1,True,50,8550,1.0,1.0,1,50,1,1,1,1
422,0526_c0005_010.jpg,526,4,-1,True,50,8550,1.0,1.0,1,50,1,1,1,1
423,0526_c0005_015.jpg,526,4,-1,True,50,8550,1.0,1.0,1,50,1,1,1,1
424,0526_c0005_020.jpg,526,4,-1,True,50,8550,1.0,1.0,1,50,1,1,1,1
425,0528_c0001_000.jpg,528,0,-1,True,150,8550,0.9037491795023057,0.7009345794392523,1,214,1,1,1,1
426,0528_c0001_005.jpg,528,0,-1,True,150,8550,0.8447153804481226,0.528169014084507,1,284,1,1,1,1
427,0528_c0001_010.jpg,528,0,-1,True,150,8550,0.8057707220717625,0.5859375,1,256,1,1,1,1
428,0528_c0001_015.jpg,528,0,-1,True,150,8550,0.8026023972043086,0.528169014084507,1,284,1,1,1,1
429,0528_c0001_020.jpg,528,0,-1,True,150,8550,0.7491907801173947,0.5976095617529881,1,251,1,1,1,1
430,0528_c0002_000.jpg,528,1,-1,True,150,8550,0.7858572784410846,0.3440366972477064,1,436,1,1,1,1
431,0528_c0002_005.jpg,528,1,-1,True,150,8550,0.8087889128962619,0.34965034965034963,1,429,1,1,1,1
432,0528_c0002_010.jpg,528,1,-1,True,150,8550,0.8150075216642997,0.3448275862068966,1,435,1,1,1,1
433,0528_c0002_015.jpg,528,1,-1,True,150,8550,0.7637562754544562,0.31446540880503143,1,477,1,1,1,1
434,0528_c0002_020.jpg,528,1,-1,True,150,8550,0.7786369365251692,0.3177966101694915,1,472,1,1,1,1
435,0528_c0003_000.jpg,528,2,-1,True,150,8550,0.9412574396637945,0.5681818181818182,1,264,1,1,1,1
436,0528_c0003_005.jpg,528,2,-1,True,150,8550,0.9393938073766026,0.5555555555555556,1,270,1,1,1,1
437,0528_c0003_010.jpg,528,2,-1,True,150,8550,0.9312067290190718,0.5136986301369864,1,292,1,1,1,1
438,0528_c0003_015.jpg,528,2,-1,True,150,8550,0.9300207175503908,0.5244755244755245,1,286,1,1,1,1
439,0528_c0003_020.jpg,528,2,-1,True,150,8550,0.9270639838373969,0.5050505050505051,1,297,1,1,1,1
440,0528_c0004_000.jpg,528,3,-1,True,150,8550,0.9705771485725696,0.8571428571428571,1,175,1,1,1,1
441,0528_c0004_005.jpg,528,3,-1,True,150,8550,0.969478869248788,0.8571428571428571,1,175,1,1,1,1
442,0528_c0004_010.jpg,528,3,-1,True,150,8550,0.9703985953484293,0.8571428571428571,1,175,1,1,1,1
443,0528_c0004_015.jpg,528,3,-1,True,150,8550,0.9694067575256474,0.8571428571428571,1,175,1,1,1,1
444,0528_c0004_020.jpg,528,3,-1,True,150,8550,0.968810847544219,0.8571428571428571,1,175,1,1,1,1
445,0528_c0005_000.jpg,528,4,-1,True,150,8550,0.9642988500034174,0.8571428571428571,1,175,1,1,1,1
446,0528_c0005_005.jpg,528,4,-1,True,150,8550,0.9709910410306346,0.8571428571428571,1,175,1,1,1,1
447,0528_c0005_010.jpg,528,4,-1,True,150,8550,0.9637234966787502,0.8522727272727273,1,176,1,1,1,1
448,0528_c0005_015.jpg,528,4,-1,True,150,8550,0.959361579284642,0.847457627118644,1,177,1,1,1,1
449,0528_c0005_020.jpg,528,4,-1,True,150,8550,0.9575031677419152,0.8571428571428571,1,175,1,1,1,1
450,0528_c0006_000.jpg,528,5,-1,True,150,8550,0.9034141725198442,0.5376344086021505,1,279,1,1,1,1
451,0528_c0006_005.jpg,528,5,-1,True,150,8550,0.9034778726139087,0.528169014084507,1,284,1,1,1,1
452,0528_c0006_010.jpg,528,5,-1,True,150,8550,0.9055265688374845,0.5639097744360902,1,266,1,1,1,1
453,0528_c0006_015.jpg,528,5,-1,True,150,8550,0.9046229266669888,0.5576208178438662,1,269,1,1,1,1
454,0528_c0006_020.jpg,528,5,-1,True,150,8550,0.8977808392435037,0.5454545454545454,1,275,1,1,1,1
455,0528_c0007_000.jpg,528,6,-1,True,150,8550,0.775716901654236,0.5576208178438662,1,269,1,1,1,1
456,0528_c0007_005.jpg,528,6,-1,True,150,8550,0.7774944157742438,0.5928853754940712,1,253,1,1,1,1
457,0528_c0007_010.jpg,528,6,-1,True,150,8550,0.7712987616458995,0.5576208178438662,1,269,1,1,1,1
458,0528_c0007_015.jpg,528,6,-1,True,150,8550,0.771627692226843,0.5576208178438662,1,269,1,1,1,1
459,0528_c0007_020.jpg,528,6,-1,True,150,8550,0.7776266985741425,0.5836575875486382,1,257,1,1,1,1
460,0530_c0001_000.jpg,530,0,-1,True,150,8550,0.763433496367056,0.49019607843137253,1,306,1,1,1,1
461,0530_c0001_005.jpg,530,0,-1,True,150,8550,0.7511893846726267,0.47468354430379744,1,316,1,1,1,1
462,0530_c0001_010.jpg,530,0,-1,True,150,8550,0.7656278479806605,0.5016722408026756,1,299,1,1,1,1
463,0530_c0001_015.jpg,530,0,-1,True,150,8550,0.8156729389564015,0.5434782608695652,1,276,1,1,1,1
464,0530_c0001_020.jpg,530,0,-1,True,150,8550,0.7434835993975293,0.47318611987381703,1,317,1,1,1,1
465,0530_c0002_000.jpg,530,1,-1,True,150,8550,1.0,1.0,1,150,1,1,1,1
466,0530_c0002_005.jpg,530,1,-1,True,150,8550,1.0,1.0,1,150,1,1,1,1
467,0530_c0002_010.jpg,530,1,-1,True,150,8550,1.0,1.0,1,150,1,1,1,1
468,0530_c0002_015.jpg,530,1,-1,True,150,8550,1.0,1.0,1,150,1,1,1,1
469,0530_c0002_020.jpg,530,1,-1,True,150,8550,1.0,1.0,1,150,1,1,1,1
470,0530_c0003_000.jpg,530,2,-1,True,150,8550,1.0,1.0,1,150,1,1,1,1
471,0530_c0003_005.jpg,530,2,-1,True,150,8550,1.0,1.0,1,150,1,1,1,1
472,0530_c0003_010.jpg,530,2,-1,True,150,8550,1.0,1.0,1,150,1,1,1,1
473,0530_c0003_015.jpg,530,2,-1,True,150,8550,1.0,1.0,1,150,1,1,1,1
474,0530_c0003_020.jpg,530,2,-1,True,150,8550,1.0,1.0,1,150,1,1,1,1
475,0530_c0004_000.jpg,530,3,-1,True,150,8550,1.0,1.0,1,150,1,1,1,1
476,0530_c0004_005.jpg,530,3,-1,True,150,8550,1.0,1.0,1,150,1,1,1,1
477,0530_c0004_010.jpg,530,3,-1,True,150,8550,1.0,1.0,1,150,1,1,1,1
478,0530_c0004_015.jpg,530,3,-1,True,150,8550,1.0,1.0,1,150,1,1,1,1
479,0530_c0004_020.jpg,530,3,-1,True,150,8550,1.0,1.0,1,150,1,1,1,1
480,0530_c0005_000.jpg,530,4,-1,True,150,8550,0.9722792559030997,0.7352941176470589,1,204,1,1,1,1
481,0530_c0005_005.jpg,530,4,-1,True,150,8550,0.9749643704479984,0.746268656716418,1,201,1,1,1,1
482,0530_c0005_010.jpg,530,4,-1,True,150,8550,0.9821667414810558,0.746268656716418,1,201,1,1,1,1
483,0530_c0005_015.jpg,530,4,-1,True,150,8550,0.9886109221509926,0.7614213197969543,1,197,1,1,1,1
484,0530_c0005_020.jpg,530,4,-1,True,150,8550,0.9921768821858169,0.7978723404255319,1,188,1,1,1,1
485,0530_c0006_000.jpg,530,5,-1,True,150,8550,1.0,1.0,1,150,1,1,1,1
486,0530_c0006_005.jpg,530,5,-1,True,150,8550,1.0,1.0,1,150,1,1,1,1
487,0530_c0006_010.jpg,530,5,-1,True,150,8550,1.0,1.0,1,150,1,1,1,1
488,0530_c0006_015.jpg,530,5,-1,True,150,8550,1.0,1.0,1,150,1,1,1,1
489,0530_c0006_020.jpg,530,5,-1,True,150,8550,1.0,1.0,1,150,1,1,1,1
490,0530_c0008_000.jpg,530,7,-1,True,150,8550,0.9113933941585667,0.5576208178438662,1,269,1,1,1,1
491,0530_c0008_005.jpg,530,7,-1,True,150,8550,0.918171392700828,0.5681818181818182,1,264,1,1,1,1
492,0530_c0008_010.jpg,530,7,-1,True,150,8550,0.8885455943567462,0.5434782608695652,1,276,1,1,1,1
493,0530_c0008_015.jpg,530,7,-1,True,150,8550,0.8906985381968203,0.5454545454545454,1,275,1,1,1,1
494,0530_c0008_020.jpg,530,7,-1,True,150,8550,0.8807806554278527,0.5338078291814946,1,281,1,1,1,1
495,0532_c0001_000.jpg,532,0,-1,True,175,8550,1.0,1.0,1,175,1,1,1,1
496,0532_c0001_005.jpg,532,0,-1,True,175,8550,1.0,1.0,1,175,1,1,1,1
497,0532_c0001_010.jpg,532,0,-1,True,175,8550,1.0,1.0,1,175,1,1,1,1
498,0532_c0001_015.jpg,532,0,-1,True,175,8550,1.0,1.0,1,175,1,1,1,1
499,0532_c0001_020.jpg,532,0,-1,True,175,8550,1.0,1.0,1,175,1,1,1,1
500,0532_c0002_000.jpg,532,1,-1,True,175,8550,0.5069133345836578,0.2921535893155259,1,599,1,1,1,1
501,0532_c0002_005.jpg,532,1,-1,True,175,8550,0.4860896847966426,0.26395173453996984,1,663,1,1,1,1
502,0532_c0002_010.jpg,532,1,-1,True,175,8550,0.5593289940793187,0.28135048231511256,1,622,1,1,1,1
503,0532_c0002_015.jpg,532,1,-1,True,175,8550,0.5284579416141226,0.2536231884057971,1,690,1,1,1,1
504,0532_c0002_020.jpg,532,1,-1,True,175,8550,0.4742758719868118,0.26515151515151514,1,660,1,1,1,1
505,0532_c0003_000.jpg,532,2,-1,True,175,8550,0.9485793447520768,0.5239520958083832,1,334,1,1,1,1
506,0532_c0003_005.jpg,532,2,-1,True,175,8550,0.9548636896353813,0.5681818181818182,1,308,1,1,1,1
507,0532_c0003_010.jpg,532,2,-1,True,175,8550,0.955563449306724,0.5972696245733788,1,293,1,1,1,1
508,0532_c0003_015.jpg,532,2,-1,True,175,8550,0.9589728512982564,0.6013745704467354,1,291,1,1,1,1
509,0532_c0003_020.jpg,532,2,-1,True,175,8550,0.9690524681288142,0.6554307116104869,1,267,1,1,1,1
510,0532_c0004_000.jpg,532,3,-1,True,175,8550,0.9899675795458178,0.7743362831858407,1,226,1,1,1,1
511,0532_c0004_005.jpg,532,3,-1,True,175,8550,0.9764068189926574,0.7261410788381742,1,241,1,1,1,1
512,0532_c0004_010.jpg,532,3,-1,True,175,8550,0.9939701218165231,0.8536585365853658,1,205,1,1,1,1
513,0532_c0004_015.jpg,532,3,-1,True,175,8550,0.9845866371776834,0.8064516129032258,1,217,1,1,1,1
514,0532_c0004_020.jpg,532,3,-1,True,175,8550,0.9900017787165455,0.8663366336633663,1,202,1,1,1,1
515,0532_c0005_000.jpg,532,4,-1,True,175,8550,0.9974884990253905,0.8706467661691543,1,201,1,1,1,1
516,0532_c0005_005.jpg,532,4,-1,True,175,8550,0.9987208339573176,0.9114583333333334,1,192,1,1,1,1
517,0532_c0005_010.jpg,532,4,-1,True,175,8550,0.9984045937577207,0.9210526315789473,1,190,1,1,1,1
518,0532_c0005_015.jpg,532,4,-1,True,175,8550,0.9990634959800263,0.9259259259259259,1,189,1,1,1,1
519,0532_c0005_020.jpg,532,4,-1,True,175,8550,0.9990065427251363,0.9162303664921466,1,191,1,1,1,1
520,0532_c0006_000.jpg,532,5,-1,True,175,8550,0.9903287630826766,0.8928571428571429,1,196,1,1,1,1
521,0532_c0006_005.jpg,532,5,-1,True,175,8550,1.0,1.0,1,175,1,1,1,1
522,0532_c0006_010.jpg,532,5,-1,True,175,8550,0.9987945109304938,0.9408602150537635,1,186,1,1,1,1
523,0532_c0006_015.jpg,532,5,-1,True,175,8550,0.9997757760575494,0.9722222222222222,1,180,1,1,1,1
524,0532_c0006_020.jpg,532,5,-1,True,175,8550,0.9921737638393535,0.8928571428571429,1,196,1,1,1,1
525,0532_c0007_000.jpg,532,6,-1,True,175,8550,0.9994412491780125,0.9776536312849162,1,179,1,1,1,1
526,0532_c0007_005.jpg,532,6,-1,True,175,8550,0.99876803676686,0.9114583333333334,1,192,1,1,1,1
527,0532_c0007_010.jpg,532,6,-1,True,175,8550,0.9999027787386141,0.9887005649717514,1,177,1,1,1,1
528,0532_c0007_015.jpg,532,6,-1,True,175,8550,0.9996054439136957,0.9887005649717514,1,177,1,1,1,1
529,0532_c0007_020.jpg,532,6,-1,True,175,8550,0.9997055205923084,0.9887005649717514,1,177,1,1,1,1
530,0532_c0008_000.jpg,532,7,-1,True,175,8550,0.8912260858589047,0.20783847980997625,1,842,1,1,1,1
531,0532_c0008_005.jpg,532,7,-1,True,175,8550,0.8906097822253196,0.20685579196217493,1,846,1,1,1,1
532,0532_c0008_010.jpg,532,7,-1,True,175,8550,0.8950984623340144,0.21793275217932753,1,803,1,1,1,1
533,0532_c0008_015.jpg,532,7,-1,True,175,8550,0.8903544996230275,0.2056404230317274,1,851,1,1,1,1
534,0532_c0008_020.jpg,532,7,-1,True,175,8550,0.9015334989584971,0.25925925925925924,1,675,1,1,1,1
535,0534_c0001_000.jpg,534,0,-1,True,150,8550,1.0,1.0,1,150,1,1,1,1
536,0534_c0001_005.jpg,534,0,-1,True,150,8550,1.0,1.0,1,150,1,1,1,1
537,0534_c0001_010.jpg,534,0,-1,True,150,8550,1.0,1.0,1,150,1,1,1,1
538,0534_c0001_015.jpg,534,0,-1,True,150,8550,1.0,1.0,1,150,1,1,1,1
539,0534_c0001_020.jpg,534,0,-1,True,150,8550,1.0,1.0,1,150,1,1,1,1
540,0534_c0002_000.jpg,534,1,-1,True,150,8550,1.0,1.0,1,150,1,1,1,1
541,0534_c0002_005.jpg,534,1,-1,True,150,8550,1.0,1.0,1,150,1,1,1,1
542,0534_c0002_010.jpg,534,1,-1,True,150,8550,1.0,1.0,1,150,1,1,1,1
543,0534_c0002_015.jpg,534,1,-1,True,150,8550,1.0,1.0,1,150,1,1,1,1
544,0534_c0002_020.jpg,534,1,-1,True,150,8550,1.0,1.0,1,150,1,1,1,1
545,0534_c0004_000.jpg,534,3,-1,True,150,8550,1.0,1.0,1,150,1,1,1,1
546,0534_c0004_005.jpg,534,3,-1,True,150,8550,1.0,1.0,1,150,1,1,1,1
547,0534_c0004_010.jpg,534,3,-1,True,150,8550,1.0,1.0,1,150,1,1,1,1
548,0534_c0004_015.jpg,534,3,-1,True,150,8550,1.0,1.0,1,150,1,1,1,1
549,0534_c0004_020.jpg,534,3,-1,True,150,8550,1.0,1.0,1,150,1,1,1,1
550,0534_c0005_000.jpg,534,4,-1,True,150,8550,1.0,1.0,1,150,1,1,1,1
551,0534_c0005_005.jpg,534,4,-1,True,150,8550,1.0,1.0,1,150,1,1,1,1
552,0534_c0005_010.jpg,534,4,-1,True,150,8550,1.0,1.0,1,150,1,1,1,1
553,0534_c0005_015.jpg,534,4,-1,True,150,8550,1.0,1.0,1,150,1,1,1,1
554,0534_c0005_020.jpg,534,4,-1,True,150,8550,1.0,1.0,1,150,1,1,1,1
555,0534_c0006_000.jpg,534,5,-1,True,150,8550,1.0,1.0,1,150,1,1,1,1
556,0534_c0006_005.jpg,534,5,-1,True,150,8550,1.0,1.0,1,150,1,1,1,1
557,0534_c0006_010.jpg,534,5,-1,True,150,8550,1.0,1.0,1,150,1,1,1,1
558,0534_c0006_015.jpg,534,5,-1,True,150,8550,1.0,1.0,1,150,1,1,1,1
559,0534_c0006_020.jpg,534,5,-1,True,150,8550,1.0,1.0,1,150,1,1,1,1
560,0534_c0007_000.jpg,534,6,-1,True,150,8550,1.0,1.0,1,150,1,1,1,1
561,0534_c0007_005.jpg,534,6,-1,True,150,8550,1.0,1.0,1,150,1,1,1,1
562,0534_c0007_010.jpg,534,6,-1,True,150,8550,1.0,1.0,1,150,1,1,1,1
563,0534_c0007_015.jpg,534,6,-1,True,150,8550,1.0,1.0,1,150,1,1,1,1
564,0534_c0007_020.jpg,534,6,-1,True,150,8550,1.0,1.0,1,150,1,1,1,1
565,0534_c0008_000.jpg,534,7,-1,True,150,8550,1.0,1.0,1,150,1,1,1,1
566,0534_c0008_005.jpg,534,7,-1,True,150,8550,1.0,1.0,1,150,1,1,1,1
567,0534_c0008_010.jpg,534,7,-1,True,150,8550,1.0,1.0,1,150,1,1,1,1
568,0534_c0008_015.jpg,534,7,-1,True,150,8550,1.0,1.0,1,150,1,1,1,1
569,0534_c0008_020.jpg,534,7,-1,True,150,8550,1.0,1.0,1,150,1,1,1,1
570,0536_c0001_000.jpg,536,0,-1,True,75,8550,0.4933665770068851,0.16059957173447537,1,467,1,1,1,1
571,0536_c0001_005.jpg,536,0,-1,True,75,8550,0.506268530354839,0.16059957173447537,1,467,1,1,1,1
572,0536_c0001_010.jpg,536,0,-1,True,75,8550,0.5145247060233864,0.16375545851528384,1,458,1,1,1,1
573,0536_c0001_015.jpg,536,0,-1,True,75,8550,0.49075048219604595,0.1681614349775785,1,446,1,1,1,1
574,0536_c0001_020.jpg,536,0,-1,True,75,8550,0.5082833634574726,0.16198704103671707,1,463,1,1,1,1
575,0536_c0002_000.jpg,536,1,-1,True,75,8550,0.444620034240746,0.29069767441860467,1,258,1,1,1,1
576,0536_c0002_005.jpg,536,1,-1,True,75,8550,0.42428351508340795,0.22727272727272727,1,330,1,1,1,1
577,0536_c0002_010.jpg,536,1,-1,True,75,8550,0.4060795526643812,0.21367521367521367,1,351,1,1,1,1
578,0536_c0002_015.jpg,536,1,-1,True,75,8550,0.45451930230581855,0.25,1,300,1,1,1,1
579,0536_c0002_020.jpg,536,1,-1,True,75,8550,0.4504783090126795,0.25,1,300,1,1,1,1
580,0536_c0005_000.jpg,536,4,-1,True,75,8550,0.637636790660583,0.20718232044198895,1,362,1,1,1,1
581,0536_c0005_005.jpg,536,4,-1,True,75,8550,0.617381445210232,0.26223776223776224,1,286,1,1,1,1
582,0536_c0005_010.jpg,536,4,-1,True,75,8550,0.6374587119748011,0.28957528957528955,1,259,1,1,1,1
583,0536_c0005_015.jpg,536,4,-1,True,75,8550,0.6404174659586949,0.2112676056338028,1,355,1,1,1,1
584,0536_c0005_020.jpg,536,4,-1,True,75,8550,0.5935872258645909,0.20718232044198895,1,362,1,1,1,1
585,0536_c0006_000.jpg,536,5,-1,True,75,8550,0.11172074376648922,0.11013215859030837,32,681,0,0,0,0
586,0536_c0006_005.jpg,536,5,-1,True,75,8550,0.11746082572560036,0.12295081967213115,51,610,0,0,0,0
587,0536_c0006_010.jpg,536,5,-1,True,75,8550,0.16672810870909585,0.15,26,500,0,0,0,0
588,0536_c0006_015.jpg,536,5,-1,True,75,8550,0.18779000411257918,0.1595744680851064,21,470,0,0,0,0
589,0536_c0006_020.jpg,536,5,-1,True,75,8550,0.16426377643309092,0.15151515151515152,26,495,0,0,0,0
590,0538_c0001_000.jpg,538,0,-1,True,175,8550,0.7162500987767699,0.45454545454545453,1,385,1,1,1,1
591,0538_c0001_005.jpg,538,0,-1,True,175,8550,0.6321851919507229,0.45454545454545453,1,385,1,1,1,1
592,0538_c0001_010.jpg,538,0,-1,True,175,8550,0.8359468907570902,0.46296296296296297,1,378,1,1,1,1
593,0538_c0001_015.jpg,538,0,-1,True,175,8550,0.7890275895565045,0.44416243654822335,1,394,1,1,1,1
594,0538_c0001_020.jpg,538,0,-1,True,175,8550,0.7983626240192734,0.44191919191919193,1,396,1,1,1,1
595,0538_c0002_000.jpg,538,1,-1,True,175,8550,0.6209913697330958,0.19083969465648856,1,917,1,1,1,1
596,0538_c0002_005.jpg,538,1,-1,True,175,8550,0.6465549763312268,0.22816166883963493,1,767,1,1,1,1
597,0538_c0002_010.jpg,538,1,-1,True,175,8550,0.6189823350839567,0.19146608315098468,1,914,1,1,1,1
598,0538_c0002_015.jpg,538,1,-1,True,175,8550,0.6201795971232316,0.18857758620689655,1,928,1,1,1,1
599,0538_c0002_020.jpg,538,1,-1,True,175,8550,0.6394912032927026,0.18191268191268192,1,962,1,1,1,1
600,0538_c0003_000.jpg,538,2,-1,True,175,8550,0.7163576236347965,0.19662921348314608,1,890,1,1,1,1
601,0538_c0003_005.jpg,538,2,-1,True,175,8550,0.8198909560301432,0.33460803059273425,1,523,1,1,1,1
602,0538_c0003_010.jpg,538,2,-1,True,175,8550,0.8372357948882108,0.3699788583509514,1,473,1,1,1,1
603,0538_c0003_015.jpg,538,2,-1,True,175,8550,0.9267409991066142,0.44416243654822335,1,394,1,1,1,1
604,0538_c0003_020.jpg,538,2,-1,True,175,8550,0.9462547963930472,0.5271084337349398,1,332,1,1,1,1
605,0538_c0004_000.jpg,538,3,-1,True,175,8550,0.8928295304495513,0.45103092783505155,1,388,1,1,1,1
606,0538_c0004_005.jpg,538,3,-1,True,175,8550,0.8555385514962319,0.33460803059273425,1,523,1,1,1,1
607,0538_c0004_010.jpg,538,3,-1,True,175,8550,0.8476353240256596,0.33206831119544594,1,527,1,1,1,1
608,0538_c0004_015.jpg,538,3,-1,True,175,8550,0.8761055458824779,0.3796095444685466,1,461,1,1,1,1
609,0538_c0004_020.jpg,538,3,-1,True,175,8550,0.8700403520504749,0.3763440860215054,1,465,1,1,1,1
610,0538_c0005_000.jpg,538,4,-1,True,175,8550,0.568398208297946,0.15486725663716813,1,1130,1,1,1,1
611,0538_c0005_005.jpg,538,4,-1,True,175,8550,0.5341510165205418,0.14805414551607446,1,1182,1,1,1,1
612,0538_c0005_010.jpg,538,4,-1,True,175,8550,0.5048066247889469,0.13277693474962063,1,1318,1,1,1,1
613,0538_c0005_015.jpg,538,4,-1,True,175,8550,0.5675727636171521,0.15541740674955595,1,1126,1,1,1,1
614,0538_c0005_020.jpg,538,4,-1,True,175,8550,0.5676998569987153,0.15164644714038128,1,1154,1,1,1,1
615,0538_c0006_000.jpg,538,5,-1,True,175,8550,0.8025472077546978,0.14995715509854327,1,1167,1,1,1,1
616,0538_c0006_005.jpg,538,5,-1,True,175,8550,0.7909924922484103,0.13555383423702555,1,1291,1,1,1,1
617,0538_c0006_010.jpg,538,5,-1,True,175,8550,0.7983910287093382,0.13576415826221877,1,1289,1,1,1,1
618,0538_c0006_015.jpg,538,5,-1,True,175,8550,0.8052779217486353,0.1294378698224852,1,1352,1,1,1,1
619,0538_c0006_020.jpg,538,5,-1,True,175,8550,0.8775635789514328,0.15445719329214475,1,1133,1,1,1,1
620,0538_c0007_000.jpg,538,6,-1,True,175,8550,0.7794198510329274,0.2897350993377483,1,604,1,1,1,1
621,0538_c0007_005.jpg,538,6,-1,True,175,8550,0.7727294387611007,0.29264214046822745,1,598,1,1,1,1
622,0538_c0007_010.jpg,538,6,-1,True,175,8550,0.7591286131394113,0.24407252440725244,1,717,1,1,1,1
623,0538_c0007_015.jpg,538,6,-1,True,175,8550,0.7683791384734235,0.26435045317220546,1,662,1,1,1,1
624,0538_c0007_020.jpg,538,6,-1,True,175,8550,0.8145376043696988,0.2892561983471074,1,605,1,1,1,1
625,0538_c0008_000.jpg,538,7,-1,True,175,8550,0.8611955905203994,0.34516765285996054,1,507,1,1,1,1
626,0538_c0008_005.jpg,538,7,-1,True,175,8550,0.8562822368754246,0.341130604288499,1,513,1,1,1,1
627,0538_c0008_010.jpg,538,7,-1,True,175,8550,0.8657910701863726,0.3314393939393939,1,528,1,1,1,1
628,0538_c0008_015.jpg,538,7,-1,True,175,8550,0.8458982210055098,0.33081285444234404,1,529,1,1,1,1
629,0538_c0008_020.jpg,538,7,-1,True,175,8550,0.8383179293214436,0.33460803059273425,1,523,1,1,1,1
630,0540_c0001_000.jpg,540,0,-1,True,175,8550,0.79943050787015,0.3771551724137931,1,464,1,1,1,1
631,0540_c0001_005.jpg,540,0,-1,True,175,8550,0.7737479940638161,0.35860655737704916,1,488,1,1,1,1
632,0540_c0001_010.jpg,540,0,-1,True,175,8550,0.7465926586879669,0.341130604288499,1,513,1,1,1,1
633,0540_c0001_015.jpg,540,0,-1,True,175,8550,0.7650197112353785,0.34930139720558884,1,501,1,1,1,1
634,0540_c0001_020.jpg,540,0,-1,True,175,8550,0.7384372995510873,0.34516765285996054,1,507,1,1,1,1
635,0540_c0002_000.jpg,540,1,-1,True,175,8550,0.2503346510912501,0.1695736434108527,35,1032,0,0,0,0
636,0540_c0002_005.jpg,540,1,-1,True,175,8550,0.2917066208909608,0.15060240963855423,1,1162,1,1,1,1
637,0540_c0002_010.jpg,540,1,-1,True,175,8550,0.29469068009783767,0.17309594460929772,11,1011,0,0,0,1
638,0540_c0002_015.jpg,540,1,-1,True,175,8550,0.33040837370474774,0.11363636363636363,1,1540,1,1,1,1
639,0540_c0002_020.jpg,540,1,-1,True,175,8550,0.2749635907288578,0.1383399209486166,14,1265,0,0,0,1
640,0540_c0003_000.jpg,540,2,-1,True,175,8550,0.9442854548059706,0.42168674698795183,1,415,1,1,1,1
641,0540_c0003_005.jpg,540,2,-1,True,175,8550,0.9429639750647149,0.36382536382536385,1,481,1,1,1,1
642,0540_c0003_010.jpg,540,2,-1,True,175,8550,0.9628908446433356,0.42892156862745096,1,408,1,1,1,1
643,0540_c0003_015.jpg,540,2,-1,True,175,8550,0.9427826286498997,0.354251012145749,1,494,1,1,1,1
644,0540_c0003_020.jpg,540,2,-1,True,175,8550,0.9546568399772959,0.3796095444685466,1,461,1,1,1,1
645,0540_c0004_000.jpg,540,3,-1,True,175,8550,0.7936908616680061,0.19083969465648856,1,917,1,1,1,1
646,0540_c0004_005.jpg,540,3,-1,True,175,8550,0.9010482067852037,0.25547445255474455,1,685,1,1,1,1
647,0540_c0004_010.jpg,540,3,-1,True,175,8550,0.9163621632160386,0.3017241379310345,1,580,1,1,1,1
648,0540_c0004_015.jpg,540,3,-1,True,175,8550,0.9192943997898333,0.2976190476190476,1,588,1,1,1,1
649,0540_c0004_020.jpg,540,3,-1,True,175,8550,0.8737025716534172,0.21289537712895376,1,822,1,1,1,1
650,0540_c0005_000.jpg,540,4,-1,True,175,8550,0.8783507451248189,0.5147058823529411,1,340,1,1,1,1
651,0540_c0005_005.jpg,540,4,-1,True,175,8550,0.8687176715232932,0.5116959064327485,1,342,1,1,1,1
652,0540_c0005_010.jpg,540,4,-1,True,175,8550,0.8738567414585207,0.5162241887905604,1,339,1,1,1,1
653,0540_c0005_015.jpg,540,4,-1,True,175,8550,0.8646332693555392,0.4820936639118457,1,363,1,1,1,1
654,0540_c0005_020.jpg,540,4,-1,True,175,8550,0.8682149352900688,0.5028735632183908,1,348,1,1,1,1
655,0540_c0006_000.jpg,540,5,-1,True,175,8550,0.7926822275448665,0.33653846153846156,1,520,1,1,1,1
656,0540_c0006_005.jpg,540,5,-1,True,175,8550,0.822237335916533,0.47297297297297297,1,370,1,1,1,1
657,0540_c0006_010.jpg,540,5,-1,True,175,8550,0.7934907935801604,0.3771551724137931,1,464,1,1,1,1
658,0540_c0006_015.jpg,540,5,-1,True,175,8550,0.8016960266634748,0.3995433789954338,1,438,1,1,1,1
659,0540_c0006_020.jpg,540,5,-1,True,175,8550,0.7908089559906667,0.37393162393162394,1,468,1,1,1,1
660,0540_c0007_000.jpg,540,6,-1,True,175,8550,0.9907739669284571,0.7847533632286996,1,223,1,1,1,1
661,0540_c0007_005.jpg,540,6,-1,True,175,8550,0.9872277622006329,0.8838383838383839,1,198,1,1,1,1
662,0540_c0007_010.jpg,540,6,-1,True,175,8550,0.9757935431601017,0.7777777777777778,1,225,1,1,1,1
663,0540_c0007_015.jpg,540,6,-1,True,175,8550,0.9588122653657375,0.7743362831858407,1,226,1,1,1,1
664,0540_c0007_020.jpg,540,6,-1,True,175,8550,0.9943883089087704,0.8793969849246231,1,199,1,1,1,1
665,0540_c0008_000.jpg,540,7,-1,True,175,8550,0.573314231038763,0.23240371845949534,1,753,1,1,1,1
666,0540_c0008_005.jpg,540,7,-1,True,175,8550,0.6044926313697304,0.2543604651162791,1,688,1,1,1,1
667,0540_c0008_010.jpg,540,7,-1,True,175,8550,0.6448612848980173,0.29411764705882354,1,595,1,1,1,1
668,0540_c0008_015.jpg,540,7,-1,True,175,8550,0.5996728427129384,0.264750378214826,1,661,1,1,1,1
669,0540_c0008_020.jpg,540,7,-1,True,175,8550,0.5942378561445184,0.2684049079754601,1,652,1,1,1,1
670,0542_c0001_000.jpg,542,0,-1,True,150,8550,0.5096737566692221,0.05947660586835844,1,2522,1,1,1,1
671,0542_c0001_005.jpg,542,0,-1,True,150,8550,0.5124866878535265,0.041969781757134866,1,3574,1,1,1,1
672,0542_c0001_010.jpg,542,0,-1,True,150,8550,0.5336967253164658,0.046540490226497054,1,3223,1,1,1,1
673,0542_c0001_015.jpg,542,0,-1,True,150,8550,0.5620894400852428,0.04542701393095094,1,3302,1,1,1,1
674,0542_c0001_020.jpg,542,0,-1,True,150,8550,0.5260782342785455,0.042759407069555305,1,3508,1,1,1,1
675,0542_c0002_000.jpg,542,1,-1,True,150,8550,0.55821192090663,0.2158273381294964,1,695,1,1,1,1
676,0542_c0002_005.jpg,542,1,-1,True,150,8550,0.6301611123954697,0.21613832853025935,1,694,1,1,1,1
677,0542_c0002_010.jpg,542,1,-1,True,150,8550,0.659170253238344,0.24834437086092714,1,604,1,1,1,1
678,0542_c0002_015.jpg,542,1,-1,True,150,8550,0.5908078793956658,0.25817555938037867,1,581,1,1,1,1
679,0542_c0002_020.jpg,542,1,-1,True,150,8550,0.5894978621997712,0.23961661341853036,1,626,1,1,1,1
680,0542_c0004_000.jpg,542,3,-1,True,150,8550,0.07449377978885606,0.02449379490529066,100,6124,0,0,0,0
681,0542_c0004_005.jpg,542,3,-1,True,150,8550,0.07623200910024223,0.024549918166939442,76,6110,0,0,0,0
682,0542_c0004_010.jpg,542,3,-1,True,150,8550,0.0695792810842954,0.02501250625312656,83,5997,0,0,0,0
683,0542_c0004_015.jpg,542,3,-1,True,150,8550,0.07162524568101146,0.025108804820890524,140,5974,0,0,0,0
684,0542_c0004_020.jpg,542,3,-1,True,150,8550,0.07681780649125285,0.024236548715462918,68,6189,0,0,0,0
685,0542_c0005_000.jpg,542,4,-1,True,150,8550,0.4396717068998597,0.03383713061132416,1,4433,1,1,1,1
686,0542_c0005_005.jpg,542,4,-1,True,150,8550,0.435859944331455,0.030512611879576892,1,4916,1,1,1,1
687,0542_c0005_010.jpg,542,4,-1,True,150,8550,0.4281634698935878,0.030556121409655735,1,4909,1,1,1,1
688,0542_c0005_015.jpg,542,4,-1,True,150,8550,0.43055679841457445,0.03132832080200501,1,4788,1,1,1,1
689,0542_c0005_020.jpg,542,4,-1,True,150,8550,0.44104705553633283,0.03431708991077557,1,4371,1,1,1,1
690,0542_c0006_000.jpg,542,5,-1,True,150,8550,0.580597151093755,0.04700720777185835,1,3191,1,1,1,1
691,0542_c0006_005.jpg,542,5,-1,True,150,8550,0.6227978449292099,0.04798464491362764,1,3126,1,1,1,1
692,0542_c0006_010.jpg,542,5,-1,True,150,8550,0.5812845594603947,0.05062436719541006,1,2963,1,1,1,1
693,0542_c0006_015.jpg,542,5,-1,True,150,8550,0.5871333827286234,0.0511770726714432,1,2931,1,1,1,1
694,0542_c0006_020.jpg,542,5,-1,True,150,8550,0.6111874233984025,0.05121201775349949,1,2929,1,1,1,1
695,0542_c0007_000.jpg,542,6,-1,True,150,8550,0.5495366174301817,0.03898128898128898,1,3848,1,1,1,1
696,0542_c0007_005.jpg,542,6,-1,True,150,8550,0.4419505536138766,0.043757292882147025,16,3428,0,0,0,1
697,0542_c0007_010.jpg,542,6,-1,True,150,8550,0.5555178266540703,0.0460546515198035,1,3257,1,1,1,1
698,0542_c0007_015.jpg,542,6,-1,True,150,8550,0.5449900610462792,0.04639653572533251,1,3233,1,1,1,1
699,0542_c0007_020.jpg,542,6,-1,True,150,8550,0.502081131794085,0.04751346214760849,1,3157,1,1,1,1
700,0542_c0008_000.jpg,542,7,-1,True,150,8550,0.2694430631305698,0.023353573096683792,1,6423,1,1,1,1
701,0542_c0008_005.jpg,542,7,-1,True,150,8550,0.2834324330821343,0.024115755627009645,1,6220,1,1,1,1
702,0542_c0008_010.jpg,542,7,-1,True,150,8550,0.21815640586385177,0.02492936679408343,1,6017,1,1,1,1
703,0542_c0008_015.jpg,542,7,-1,True,150,8550,0.25949531950117966,0.025303643724696356,1,5928,1,1,1,1
704,0542_c0008_020.jpg,542,7,-1,True,150,8550,0.23566594334231714,0.025256777235224785,1,5939,1,1,1,1
705,0544_c0001_000.jpg,544,0,-1,True,150,8550,0.6203620500721698,0.26785714285714285,1,560,1,1,1,1
706,0544_c0001_005.jpg,544,0,-1,True,150,8550,0.664411466920097,0.2862595419847328,1,524,1,1,1,1
707,0544_c0001_010.jpg,544,0,-1,True,150,8550,0.6630868508662585,0.31446540880503143,1,477,1,1,1,1
708,0544_c0001_015.jpg,544,0,-1,True,150,8550,0.6653631023858168,0.2835538752362949,1,529,1,1,1,1
709,0544_c0001_020.jpg,544,0,-1,True,150,8550,0.6316745739090922,0.32397408207343414,1,463,1,1,1,1
710,0544_c0002_000.jpg,544,1,-1,True,150,8550,0.875199124790557,0.75,1,200,1,1,1,1
711,0544_c0002_005.jpg,544,1,-1,True,150,8550,0.8043951367552322,0.746268656716418,1,201,1,1,1,1
712,0544_c0002_010.jpg,544,1,-1,True,150,8550,0.8091045530862163,0.7352941176470589,1,204,1,1,1,1
713,0544_c0002_015.jpg,544,1,-1,True,150,8550,0.7789471031024188,0.7177033492822966,1,209,1,1,1,1
714,0544_c0002_020.jpg,544,1,-1,True,150,8550,0.7371352905987841,0.7009345794392523,1,214,1,1,1,1
715,0544_c0003_000.jpg,544,2,-1,True,150,8550,0.8857176466770554,0.5474452554744526,1,274,1,1,1,1
716,0544_c0003_005.jpg,544,2,-1,True,150,8550,0.8979303075787106,0.5859375,1,256,1,1,1,1
717,0544_c0003_010.jpg,544,2,-1,True,150,8550,0.9162111739741181,0.6410256410256411,1,234,1,1,1,1
718,0544_c0003_015.jpg,544,2,-1,True,150,8550,0.8940531252358142,0.5905511811023622,1,254,1,1,1,1
719,0544_c0003_020.jpg,544,2,-1,True,150,8550,0.8798312417918766,0.6097560975609756,1,246,1,1,1,1
720,0544_c0005_000.jpg,544,4,-1,True,150,8550,0.9920309372893179,0.7978723404255319,1,188,1,1,1,1
721,0544_c0005_005.jpg,544,4,-1,True,150,8550,0.9623829574425959,0.5535055350553506,1,271,1,1,1,1
722,0544_c0005_010.jpg,544,4,-1,True,150,8550,0.9757451672081887,0.6224066390041494,1,241,1,1,1,1
723,0544_c0005_015.jpg,544,4,-1,True,150,8550,0.951708126155108,0.48859934853420195,1,307,1,1,1,1
724,0544_c0005_020.jpg,544,4,-1,True,150,8550,0.9769787156424328,0.6276150627615062,1,239,1,1,1,1
725,0544_c0006_000.jpg,544,5,-1,True,150,8550,0.9984674898163219,0.9493670886075949,1,158,1,1,1,1
726,0544_c0006_005.jpg,544,5,-1,True,150,8550,0.9990333303643432,0.9615384615384616,1,156,1,1,1,1
727,0544_c0006_010.jpg,544,5,-1,True,150,8550,1.0,1.0,1,150,1,1,1,1
728,0544_c0006_015.jpg,544,5,-1,True,150,8550,0.9995560333166876,0.9803921568627451,1,153,1,1,1,1
729,0544_c0006_020.jpg,544,5,-1,True,150,8550,1.0,1.0,1,150,1,1,1,1
730,0544_c0007_000.jpg,544,6,-1,True,150,8550,0.9277789288557456,0.6756756756756757,1,222,1,1,1,1
731,0544_c0007_005.jpg,544,6,-1,True,150,8550,0.9254286112704021,0.7352941176470589,1,204,1,1,1,1
732,0544_c0007_010.jpg,544,6,-1,True,150,8550,0.919754421405068,0.7177033492822966,1,209,1,1,1,1
733,0544_c0007_015.jpg,544,6,-1,True,150,8550,0.9119079823248317,0.6637168141592921,1,226,1,1,1,1
734,0544_c0007_020.jpg,544,6,-1,True,150,8550,0.9296242452208774,0.7352941176470589,1,204,1,1,1,1
735,0544_c0008_000.jpg,544,7,-1,True,150,8550,1.0,1.0,1,150,1,1,1,1
736,0544_c0008_005.jpg,544,7,-1,True,150,8550,1.0,1.0,1,150,1,1,1,1
737,0544_c0008_010.jpg,544,7,-1,True,150,8550,1.0,1.0,1,150,1,1,1,1
738,0544_c0008_015.jpg,544,7,-1,True,150,8550,1.0,1.0,1,150,1,1,1,1
739,0544_c0008_020.jpg,544,7,-1,True,150,8550,1.0,1.0,1,150,1,1,1,1
740,0546_c0002_000.jpg,546,1,-1,True,75,8550,0.9021260989046003,0.6696428571428571,1,112,1,1,1,1
741,0546_c0002_005.jpg,546,1,-1,True,75,8550,0.90446329253977,0.7352941176470589,1,102,1,1,1,1
742,0546_c0002_010.jpg,546,1,-1,True,75,8550,0.9120730118726095,0.75,1,100,1,1,1,1
743,0546_c0002_015.jpg,546,1,-1,True,75,8550,0.9243862152205082,0.75,1,100,1,1,1,1
744,0546_c0002_020.jpg,546,1,-1,True,75,8550,0.9073746359930671,0.75,1,100,1,1,1,1
745,0546_c0004_000.jpg,546,3,-1,True,75,8550,1.0,1.0,1,75,1,1,1,1
746,0546_c0004_005.jpg,546,3,-1,True,75,8550,1.0,1.0,1,75,1,1,1,1
747,0546_c0004_010.jpg,546,3,-1,True,75,8550,1.0,1.0,1,75,1,1,1,1
748,0546_c0004_015.jpg,546,3,-1,True,75,8550,1.0,1.0,1,75,1,1,1,1
749,0546_c0004_020.jpg,546,3,-1,True,75,8550,1.0,1.0,1,75,1,1,1,1
750,0546_c0007_000.jpg,546,6,-1,True,75,8550,1.0,1.0,1,75,1,1,1,1
751,0546_c0007_005.jpg,546,6,-1,True,75,8550,1.0,1.0,1,75,1,1,1,1
752,0546_c0007_010.jpg,546,6,-1,True,75,8550,1.0,1.0,1,75,1,1,1,1
753,0546_c0007_015.jpg,546,6,-1,True,75,8550,1.0,1.0,1,75,1,1,1,1
754,0546_c0007_020.jpg,546,6,-1,True,75,8550,1.0,1.0,1,75,1,1,1,1
755,0546_c0008_000.jpg,546,7,-1,True,75,8550,0.7885008675599071,0.3393665158371041,1,221,1,1,1,1
756,0546_c0008_005.jpg,546,7,-1,True,75,8550,0.8078174024185736,0.4032258064516129,1,186,1,1,1,1
757,0546_c0008_010.jpg,546,7,-1,True,75,8550,0.8157507339971399,0.42134831460674155,1,178,1,1,1,1
758,0546_c0008_015.jpg,546,7,-1,True,75,8550,0.803124649068772,0.39473684210526316,1,190,1,1,1,1
759,0546_c0008_020.jpg,546,7,-1,True,75,8550,0.9274737297951333,0.5434782608695652,1,138,1,1,1,1
760,0548_c0001_000.jpg,548,0,-1,True,125,8550,0.5356315641008141,0.07744733581164807,1,1614,1,1,1,1
761,0548_c0001_005.jpg,548,0,-1,True,125,8550,0.3812560422801457,0.06181998021760633,1,2022,1,1,1,1
762,0548_c0001_010.jpg,548,0,-1,True,125,8550,0.4957278185833841,0.07896399241945673,1,1583,1,1,1,1
763,0548_c0001_015.jpg,548,0,-1,True,125,8550,0.43411377326266765,0.07422802850356294,1,1684,1,1,1,1
764,0548_c0001_020.jpg,548,0,-1,True,125,8550,0.4662025105575822,0.07822277847309136,1,1598,1,1,1,1
765,0548_c0002_000.jpg,548,1,-1,True,125,8550,0.15623772747516446,0.125,68,1000,0,0,0,0
766,0548_c0002_005.jpg,548,1,-1,True,125,8550,0.1399689029981161,0.14417531718569782,181,867,0,0,0,0
767,0548_c0002_010.jpg,548,1,-1,True,125,8550,0.1675704857659377,0.13676148796498905,123,914,0,0,0,0
768,0548_c0002_015.jpg,548,1,-1,True,125,8550,0.17609502797971432,0.13171759747102213,98,949,0,0,0,0
769,0548_c0002_020.jpg,548,1,-1,True,125,8550,0.23925842906778932,0.15644555694618273,68,799,0,0,0,0
770,0548_c0003_000.jpg,548,2,-1,True,125,8550,0.3959920915115385,0.3056234718826406,1,409,1,1,1,1
771,0548_c0003_005.jpg,548,2,-1,True,125,8550,0.390298692237788,0.30413625304136255,1,411,1,1,1,1
772,0548_c0003_010.jpg,548,2,-1,True,125,8550,0.3747370934238661,0.31017369727047145,1,403,1,1,1,1
773,0548_c0003_015.jpg,548,2,-1,True,125,8550,0.41093857374967385,0.2962085308056872,1,422,1,1,1,1
774,0548_c0003_020.jpg,548,2,-1,True,125,8550,0.4025636096301479,0.2934272300469484,1,426,1,1,1,1
775,0548_c0005_000.jpg,548,4,-1,True,125,8550,0.8635038100174919,0.27233115468409586,1,459,1,1,1,1
776,0548_c0005_005.jpg,548,4,-1,True,125,8550,0.8481714453829534,0.2204585537918871,1,567,1,1,1,1
777,0548_c0005_010.jpg,548,4,-1,True,125,8550,0.8451275354995678,0.16666666666666666,1,750,1,1,1,1
778,0548_c0005_015.jpg,548,4,-1,True,125,8550,0.8466959695688503,0.14076576576576577,1,888,1,1,1,1
779,0548_c0005_020.jpg,548,4,-1,True,125,8550,0.8565914288139485,0.175561797752809,1,712,1,1,1,1
780,0548_c0006_000.jpg,548,5,-1,True,125,8550,0.6661984444778455,0.5060728744939271,1,247,1,1,1,1
781,0548_c0006_005.jpg,548,5,-1,True,125,8550,0.6660168742051351,0.51440329218107,1,243,1,1,1,1
782,0548_c0006_010.jpg,548,5,-1,True,125,8550,0.656744693124326,0.5208333333333334,1,240,1,1,1,1
783,0548_c0006_015.jpg,548,5,-1,True,125,8550,0.6594953573765812,0.5040322580645161,1,248,1,1,1,1
784,0548_c0006_020.jpg,548,5,-1,True,125,8550,0.6629650459576318,0.5252100840336135,1,238,1,1,1,1
785,0548_c0007_000.jpg,548,6,-1,True,125,8550,0.6225213982154364,0.22202486678507993,1,563,1,1,1,1
786,0548_c0007_005.jpg,548,6,-1,True,125,8550,0.632705356380982,0.2598752598752599,1,481,1,1,1,1
787,0548_c0007_010.jpg,548,6,-1,True,125,8550,0.5977118985992975,0.17507002801120447,1,714,1,1,1,1
788,0548_c0007_015.jpg,548,6,-1,True,125,8550,0.7205546627989369,0.23105360443622922,1,541,1,1,1,1
789,0548_c0007_020.jpg,548,6,-1,True,125,8550,0.6366097234823085,0.19592476489028213,1,638,1,1,1,1
790,0550_c0001_000.jpg,550,0,-1,True,175,8550,0.4577960089741677,0.17676767676767677,1,990,1,1,1,1
791,0550_c0001_005.jpg,550,0,-1,True,175,8550,0.4422309101687332,0.17911975435005117,1,977,1,1,1,1
792,0550_c0001_010.jpg,550,0,-1,True,175,8550,0.41206138340202797,0.18059855521155832,1,969,1,1,1,1
793,0550_c0001_015.jpg,550,0,-1,True,175,8550,0.4992953250914911,0.18324607329842932,1,955,1,1,1,1
794,0550_c0001_020.jpg,550,0,-1,True,175,8550,0.43551776568794515,0.17985611510791366,1,973,1,1,1,1
795,0550_c0002_000.jpg,550,1,-1,True,175,8550,0.6723014683089681,0.3193430656934307,1,548,1,1,1,1
796,0550_c0002_005.jpg,550,1,-1,True,175,8550,0.6941538026334934,0.31876138433515483,1,549,1,1,1,1
797,0550_c0002_010.jpg,550,1,-1,True,175,8550,0.6738833196556641,0.3763440860215054,1,465,1,1,1,1
798,0550_c0002_015.jpg,550,1,-1,True,175,8550,0.6220542369150062,0.42475728155339804,1,412,1,1,1,1
799,0550_c0002_020.jpg,550,1,-1,True,175,8550,0.6180958476562813,0.352112676056338,1,497,1,1,1,1
800,0550_c0003_000.jpg,550,2,-1,True,175,8550,0.39150152117579856,0.24339360222531292,4,719,0,1,1,1
801,0550_c0003_005.jpg,550,2,-1,True,175,8550,0.4341512751959689,0.2600297176820208,4,673,0,1,1,1
802,0550_c0003_010.jpg,550,2,-1,True,175,8550,0.4172679240145978,0.23712737127371275,5,738,0,1,1,1
803,0550_c0003_015.jpg,550,2,-1,True,175,8550,0.40252760996519676,0.23148148148148148,5,756,0,1,1,1
804,0550_c0003_020.jpg,550,2,-1,True,175,8550,0.4165755134473349,0.24171270718232044,1,724,1,1,1,1
805,0550_c0004_000.jpg,550,3,-1,True,175,8550,0.5196785648269729,0.29411764705882354,1,595,1,1,1,1
806,0550_c0004_005.jpg,550,3,-1,True,175,8550,0.39316942007549593,0.27689873417721517,4,632,0,1,1,1
807,0550_c0004_010.jpg,550,3,-1,True,175,8550,0.41937716635883054,0.2786624203821656,2,628,0,1,1,1
808,0550_c0004_015.jpg,550,3,-1,True,175,8550,0.4257906212229357,0.2734375,1,640,1,1,1,1
809,0550_c0004_020.jpg,550,3,-1,True,175,8550,0.4830902836863208,0.27472527472527475,1,637,1,1,1,1
810,0550_c0005_000.jpg,550,4,-1,True,175,8550,0.5021905484860691,0.28135048231511256,1,622,1,1,1,1
811,0550_c0005_005.jpg,550,4,-1,True,175,8550,0.5636967969979274,0.29914529914529914,1,585,1,1,1,1
812,0550_c0005_010.jpg,550,4,-1,True,175,8550,0.5902688668887542,0.3141831238779174,1,557,1,1,1,1
813,0550_c0005_015.jpg,550,4,-1,True,175,8550,0.5472546758172695,0.33783783783783783,1,518,1,1,1,1
814,0550_c0005_020.jpg,550,4,-1,True,175,8550,0.5142958230519656,0.3141831238779174,1,557,1,1,1,1
815,0550_c0006_000.jpg,550,5,-1,True,175,8550,0.6535239647424448,0.21058965102286403,1,831,1,1,1,1
816,0550_c0006_005.jpg,550,5,-1,True,175,8550,0.6558275765068593,0.19863791146424517,1,881,1,1,1,1
817,0550_c0006_010.jpg,550,5,-1,True,175,8550,0.6306895448262687,0.2046783625730994,1,855,1,1,1,1
818,0550_c0006_015.jpg,550,5,-1,True,175,8550,0.6924591608235,0.2562225475841874,1,683,1,1,1,1
819,0550_c0006_020.jpg,550,5,-1,True,175,8550,0.5783671746688932,0.19509476031215162,1,897,1,1,1,1
820,0550_c0007_000.jpg,550,6,-1,True,175,8550,0.6040931341889378,0.30973451327433627,1,565,1,1,1,1
821,0550_c0007_005.jpg,550,6,-1,True,175,8550,0.6075023479517023,0.32051282051282054,1,546,1,1,1,1
822,0550_c0007_010.jpg,550,6,-1,True,175,8550,0.6060533354632531,0.32228360957642727,1,543,1,1,1,1
823,0550_c0007_015.jpg,550,6,-1,True,175,8550,0.600355874909983,0.31645569620253167,1,553,1,1,1,1
824,0550_c0007_020.jpg,550,6,-1,True,175,8550,0.6173692839060162,0.29711375212224106,1,589,1,1,1,1
825,0550_c0008_000.jpg,550,7,-1,True,175,8550,0.625625021623781,0.27258566978193144,1,642,1,1,1,1
826,0550_c0008_005.jpg,550,7,-1,True,175,8550,0.6270342949448093,0.24544179523141654,1,713,1,1,1,1
827,0550_c0008_010.jpg,550,7,-1,True,175,8550,0.6265214893698245,0.2413793103448276,1,725,1,1,1,1
828,0550_c0008_015.jpg,550,7,-1,True,175,8550,0.6185638668573898,0.26758409785932724,1,654,1,1,1,1
829,0550_c0008_020.jpg,550,7,-1,True,175,8550,0.6087796759680991,0.24822695035460993,1,705,1,1,1,1
830,0552_c0001_000.jpg,552,0,-1,True,175,8550,0.6498138015113161,0.1387787470261697,1,1261,1,1,1,1
831,0552_c0001_005.jpg,552,0,-1,True,175,8550,0.6558366921397575,0.13693270735524257,1,1278,1,1,1,1
832,0552_c0001_010.jpg,552,0,-1,True,175,8550,0.6309787299122086,0.13379204892966362,1,1308,1,1,1,1
833,0552_c0001_015.jpg,552,0,-1,True,175,8550,0.6429778207175917,0.13167795334838225,1,1329,1,1,1,1
834,0552_c0001_020.jpg,552,0,-1,True,175,8550,0.594176342071374,0.12135922330097088,1,1442,1,1,1,1
835,0552_c0002_000.jpg,552,1,-1,True,175,8550,0.6305938838711439,0.21237864077669902,1,824,1,1,1,1
836,0552_c0002_005.jpg,552,1,-1,True,175,8550,0.6046487274083475,0.20114942528735633,1,870,1,1,1,1
837,0552_c0002_010.jpg,552,1,-1,True,175,8550,0.6830245932230203,0.21875,1,800,1,1,1,1
838,0552_c0002_015.jpg,552,1,-1,True,175,8550,0.7063120439558057,0.20685579196217493,1,846,1,1,1,1
839,0552_c0002_020.jpg,552,1,-1,True,175,8550,0.6511816509170499,0.20372526193247964,1,859,1,1,1,1
840,0552_c0003_000.jpg,552,2,-1,True,175,8550,1.0,1.0,1,175,1,1,1,1
841,0552_c0003_005.jpg,552,2,-1,True,175,8550,1.0,1.0,1,175,1,1,1,1
842,0552_c0003_010.jpg,552,2,-1,True,175,8550,1.0,1.0,1,175,1,1,1,1
843,0552_c0003_015.jpg,552,2,-1,True,175,8550,1.0,1.0,1,175,1,1,1,1
844,0552_c0003_020.jpg,552,2,-1,True,175,8550,1.0,1.0,1,175,1,1,1,1
845,0552_c0004_000.jpg,552,3,-1,True,175,8550,0.9022995575035889,0.4679144385026738,1,374,1,1,1,1
846,0552_c0004_005.jpg,552,3,-1,True,175,8550,0.8973896925486201,0.4375,1,400,1,1,1,1
847,0552_c0004_010.jpg,552,3,-1,True,175,8550,0.9322229527457122,0.6782945736434108,1,258,1,1,1,1
848,0552_c0004_015.jpg,552,3,-1,True,175,8550,0.891524609993411,0.43859649122807015,1,399,1,1,1,1
849,0552_c0004_020.jpg,552,3,-1,True,175,8550,0.911122636989976,0.4679144385026738,1,374,1,1,1,1
850,0552_c0005_000.jpg,552,4,-1,True,175,8550,0.9999354317998385,0.9887005649717514,1,177,1,1,1,1
851,0552_c0005_005.jpg,552,4,-1,True,175,8550,0.9978259854346317,0.9459459459459459,1,185,1,1,1,1
852,0552_c0005_010.jpg,552,4,-1,True,175,8550,0.9923315973242451,0.7608695652173914,1,230,1,1,1,1
853,0552_c0005_015.jpg,552,4,-1,True,175,8550,0.9761731858152789,0.7172131147540983,1,244,1,1,1,1
854,0552_c0005_020.jpg,552,4,-1,True,175,8550,0.9537880296350756,0.7,1,250,1,1,1,1
855,0552_c0006_000.jpg,552,5,-1,True,175,8550,0.863414578807975,0.2887788778877888,1,606,1,1,1,1
856,0552_c0006_005.jpg,552,5,-1,True,175,8550,0.8608314844472896,0.2902155887230514,1,603,1,1,1,1
857,0552_c0006_010.jpg,552,5,-1,True,175,8550,0.8620531785726784,0.2966101694915254,1,590,1,1,1,1
858,0552_c0006_015.jpg,552,5,-1,True,175,8550,0.8635862030023231,0.2916666666666667,1,600,1,1,1,1
859,0552_c0006_020.jpg,552,5,-1,True,175,8550,0.8640980374001986,0.2981260647359455,1,587,1,1,1,1
860,0552_c0007_000.jpg,552,6,-1,True,175,8550,0.9153897818571685,0.3968253968253968,1,441,1,1,1,1
861,0552_c0007_005.jpg,552,6,-1,True,175,8550,0.9183895906820746,0.3995433789954338,1,438,1,1,1,1
862,0552_c0007_010.jpg,552,6,-1,True,175,8550,0.9131017857595501,0.3854625550660793,1,454,1,1,1,1
863,0552_c0007_015.jpg,552,6,-1,True,175,8550,0.9116187720474929,0.3699788583509514,1,473,1,1,1,1
864,0552_c0007_020.jpg,552,6,-1,True,175,8550,0.9055283817560557,0.32287822878228783,1,542,1,1,1,1
865,0552_c0008_000.jpg,552,7,-1,True,175,8550,0.9250147898640559,0.4268292682926829,1,410,1,1,1,1
866,0552_c0008_005.jpg,552,7,-1,True,175,8550,0.9343704693170205,0.4679144385026738,1,374,1,1,1,1
867,0552_c0008_010.jpg,552,7,-1,True,175,8550,0.9250399530426197,0.43640897755610975,1,401,1,1,1,1
868,0552_c0008_015.jpg,552,7,-1,True,175,8550,0.9293187018004567,0.4498714652956298,1,389,1,1,1,1
869,0552_c0008_020.jpg,552,7,-1,True,175,8550,0.9445023735732294,0.5319148936170213,1,329,1,1,1,1
870,0554_c0001_000.jpg,554,0,-1,True,150,8550,0.9279243797167313,0.5033557046979866,1,298,1,1,1,1
871,0554_c0001_005.jpg,554,0,-1,True,150,8550,0.9107061442656912,0.5,1,300,1,1,1,1
872,0554_c0001_010.jpg,554,0,-1,True,150,8550,0.9377368274482505,0.5617977528089888,1,267,1,1,1,1
873,0554_c0001_015.jpg,554,0,-1,True,150,8550,0.9183596738284503,0.5016722408026756,1,299,1,1,1,1
874,0554_c0001_020.jpg,554,0,-1,True,150,8550,0.9073974449153294,0.5319148936170213,1,282,1,1,1,1
875,0554_c0002_000.jpg,554,1,-1,True,150,8550,0.6368334275663582,0.25295109612141653,1,593,1,1,1,1
876,0554_c0002_005.jpg,554,1,-1,True,150,8550,0.6357574330361767,0.23923444976076555,1,627,1,1,1,1
877,0554_c0002_010.jpg,554,1,-1,True,150,8550,0.5512883478181795,0.20891364902506965,1,718,1,1,1,1
878,0554_c0002_015.jpg,554,1,-1,True,150,8550,0.540979417234991,0.20270270270270271,1,740,1,1,1,1
879,0554_c0002_020.jpg,554,1,-1,True,150,8550,0.6254795487292995,0.22058823529411764,1,680,1,1,1,1
880,0554_c0003_000.jpg,554,2,-1,True,150,8550,0.9144522121817169,0.4658385093167702,1,322,1,1,1,1
881,0554_c0003_005.jpg,554,2,-1,True,150,8550,0.9252866272204684,0.5263157894736842,1,285,1,1,1,1
882,0554_c0003_010.jpg,554,2,-1,True,150,8550,0.891166658959948,0.436046511627907,1,344,1,1,1,1
883,0554_c0003_015.jpg,554,2,-1,True,150,8550,0.852002031625204,0.36319612590799033,1,413,1,1,1,1
884,0554_c0003_020.jpg,554,2,-1,True,150,8550,0.8761330093425086,0.4573170731707317,1,328,1,1,1,1
885,0554_c0005_000.jpg,554,4,-1,True,150,8550,0.8420897128946,0.2767527675276753,1,542,1,1,1,1
886,0554_c0005_005.jpg,554,4,-1,True,150,8550,0.8694584770277485,0.29354207436399216,1,511,1,1,1,1
887,0554_c0005_010.jpg,554,4,-1,True,150,8550,0.8173619515681187,0.26548672566371684,1,565,1,1,1,1
888,0554_c0005_015.jpg,554,4,-1,True,150,8550,0.8462622033463788,0.28735632183908044,1,522,1,1,1,1
889,0554_c0005_020.jpg,554,4,-1,True,150,8550,0.8349508806498582,0.25728987993138935,1,583,1,1,1,1
890,0554_c0006_000.jpg,554,5,-1,True,150,8550,0.9454099772384075,0.6097560975609756,1,246,1,1,1,1
891,0554_c0006_005.jpg,554,5,-1,True,150,8550,0.9576003218245537,0.6818181818181818,1,220,1,1,1,1
892,0554_c0006_010.jpg,554,5,-1,True,150,8550,0.9686736538970248,0.7075471698113207,1,212,1,1,1,1
893,0554_c0006_015.jpg,554,5,-1,True,150,8550,0.9500665458605677,0.6048387096774194,1,248,1,1,1,1
894,0554_c0006_020.jpg,554,5,-1,True,150,8550,0.9681214246998627,0.746268656716418,1,201,1,1,1,1
895,0554_c0007_000.jpg,554,6,-1,True,150,8550,0.742957273172548,0.410958904109589,1,365,1,1,1,1
896,0554_c0007_005.jpg,554,6,-1,True,150,8550,0.7098809355348794,0.4,1,375,1,1,1,1
897,0554_c0007_010.jpg,554,6,-1,True,150,8550,0.7230241095996901,0.40214477211796246,1,373,1,1,1,1
898,0554_c0007_015.jpg,554,6,-1,True,150,8550,0.7498404615168639,0.42492917847025496,1,353,1,1,1,1
899,0554_c0007_020.jpg,554,6,-1,True,150,8550,0.7916181787631138,0.47468354430379744,1,316,1,1,1,1
900,0554_c0008_000.jpg,554,7,-1,True,150,8550,1.0,1.0,1,150,1,1,1,1
901,0554_c0008_005.jpg,554,7,-1,True,150,8550,1.0,1.0,1,150,1,1,1,1
902,0554_c0008_010.jpg,554,7,-1,True,150,8550,1.0,1.0,1,150,1,1,1,1
903,0554_c0008_015.jpg,554,7,-1,True,150,8550,1.0,1.0,1,150,1,1,1,1
904,0554_c0008_020.jpg,554,7,-1,True,150,8550,1.0,1.0,1,150,1,1,1,1
905,0556_c0001_000.jpg,556,0,-1,True,175,8550,0.8007005925831199,0.46174142480211083,1,379,1,1,1,1
906,0556_c0001_005.jpg,556,0,-1,True,175,8550,0.7774356778321473,0.43640897755610975,1,401,1,1,1,1
907,0556_c0001_010.jpg,556,0,-1,True,175,8550,0.7623238848638646,0.4107981220657277,1,426,1,1,1,1
908,0556_c0001_015.jpg,556,0,-1,True,175,8550,0.7658725743669095,0.39325842696629215,1,445,1,1,1,1
909,0556_c0001_020.jpg,556,0,-1,True,175,8550,0.7758261839858168,0.4050925925925926,1,432,1,1,1,1
910,0556_c0002_000.jpg,556,1,-1,True,175,8550,0.6168250871326206,0.2358490566037736,1,742,1,1,1,1
911,0556_c0002_005.jpg,556,1,-1,True,175,8550,0.7223097148528073,0.330188679245283,1,530,1,1,1,1
912,0556_c0002_010.jpg,556,1,-1,True,175,8550,0.6998496946219226,0.30120481927710846,1,581,1,1,1,1
913,0556_c0002_015.jpg,556,1,-1,True,175,8550,0.6566118664803643,0.34448818897637795,1,508,1,1,1,1
914,0556_c0002_020.jpg,556,1,-1,True,175,8550,0.6334676856313971,0.354251012145749,1,494,1,1,1,1
915,0556_c0003_000.jpg,556,2,-1,True,175,8550,0.9996001879160034,0.9887005649717514,1,177,1,1,1,1
916,0556_c0003_005.jpg,556,2,-1,True,175,8550,0.9977236372975704,0.9259259259259259,1,189,1,1,1,1
917,0556_c0003_010.jpg,556,2,-1,True,175,8550,0.9997687552182879,0.9943181818181818,1,176,1,1,1,1
918,0556_c0003_015.jpg,556,2,-1,True,175,8550,0.9999348794063079,0.9943181818181818,1,176,1,1,1,1
919,0556_c0003_020.jpg,556,2,-1,True,175,8550,0.9997687552182879,0.9943181818181818,1,176,1,1,1,1
920,0556_c0004_000.jpg,556,3,-1,True,175,8550,0.95906623728948,0.6529850746268657,1,268,1,1,1,1
921,0556_c0004_005.jpg,556,3,-1,True,175,8550,0.9614930836231819,0.68359375,1,256,1,1,1,1
922,0556_c0004_010.jpg,556,3,-1,True,175,8550,0.9671702065202777,0.7231404958677686,1,242,1,1,1,1
923,0556_c0004_015.jpg,556,3,-1,True,175,8550,0.9665373992698266,0.708502024291498,1,247,1,1,1,1
924,0556_c0004_020.jpg,556,3,-1,True,175,8550,0.9654563168317268,0.7415254237288136,1,236,1,1,1,1
925,0556_c0005_000.jpg,556,4,-1,True,175,8550,0.5955205219427162,0.43859649122807015,1,399,1,1,1,1
926,0556_c0005_005.jpg,556,4,-1,True,175,8550,0.5638213540735316,0.41371158392434987,1,423,1,1,1,1
927,0556_c0005_010.jpg,556,4,-1,True,175,8550,0.7004268027916097,0.4396984924623116,1,398,1,1,1,1
928,0556_c0005_015.jpg,556,4,-1,True,175,8550,0.6585582214071235,0.4679144385026738,1,374,1,1,1,1
929,0556_c0005_020.jpg,556,4,-1,True,175,8550,0.5842538460816317,0.3771551724137931,1,464,1,1,1,1
930,0556_c0006_000.jpg,556,5,-1,True,175,8550,0.9581311800238916,0.7028112449799196,1,249,1,1,1,1
931,0556_c0006_005.jpg,556,5,-1,True,175,8550,0.9594603828852012,0.7113821138211383,1,246,1,1,1,1
932,0556_c0006_010.jpg,556,5,-1,True,175,8550,0.9677417024053963,0.7322175732217573,1,239,1,1,1,1
933,0556_c0006_015.jpg,556,5,-1,True,175,8550,0.9675978343901375,0.7352941176470589,1,238,1,1,1,1
934,0556_c0006_020.jpg,556,5,-1,True,175,8550,0.9668778176880869,0.7291666666666666,1,240,1,1,1,1
935,0556_c0007_000.jpg,556,6,-1,True,175,8550,0.9748792939105128,0.7918552036199095,1,221,1,1,1,1
936,0556_c0007_005.jpg,556,6,-1,True,175,8550,0.9709772220626082,0.78125,1,224,1,1,1,1
937,0556_c0007_010.jpg,556,6,-1,True,175,8550,0.977804604229564,0.7954545454545454,1,220,1,1,1,1
938,0556_c0007_015.jpg,556,6,-1,True,175,8550,0.9681094238549873,0.7743362831858407,1,226,1,1,1,1
939,0556_c0007_020.jpg,556,6,-1,True,175,8550,0.9705631427033858,0.78125,1,224,1,1,1,1
940,0556_c0008_000.jpg,556,7,-1,True,175,8550,0.9469392197230135,0.7142857142857143,1,245,1,1,1,1
941,0556_c0008_005.jpg,556,7,-1,True,175,8550,0.9333077139289488,0.6410256410256411,1,273,1,1,1,1
942,0556_c0008_010.jpg,556,7,-1,True,175,8550,0.938316855474682,0.660377358490566,1,265,1,1,1,1
943,0556_c0008_015.jpg,556,7,-1,True,175,8550,0.9407796187697831,0.6756756756756757,1,259,1,1,1,1
944,0556_c0008_020.jpg,556,7,-1,True,175,8550,0.9541305596411438,0.7142857142857143,1,245,1,1,1,1
945,0558_c0001_000.jpg,558,0,-1,True,175,8550,0.7004748029793123,0.47554347826086957,1,368,1,1,1,1
946,0558_c0001_005.jpg,558,0,-1,True,175,8550,0.6916960645170489,0.4943502824858757,1,354,1,1,1,1
947,0558_c0001_010.jpg,558,0,-1,True,175,8550,0.7145710166877715,0.5,1,350,1,1,1,1
948,0558_c0001_015.jpg,558,0,-1,True,175,8550,0.6961164620519216,0.5072463768115942,1,345,1,1,1,1
949,0558_c0001_020.jpg,558,0,-1,True,175,8550,0.6510638973646364,0.5537974683544303,1,316,1,1,1,1
950,0558_c0002_000.jpg,558,1,-1,True,175,8550,0.5308566489032867,0.43640897755610975,3,401,0,1,1,1
951,0558_c0002_005.jpg,558,1,-1,True,175,8550,0.4737746082842209,0.4107981220657277,5,426,0,1,1,1
952,0558_c0002_010.jpg,558,1,-1,True,175,8550,0.46370753225538147,0.390625,9,448,0,0,1,1
953,0558_c0002_015.jpg,558,1,-1,True,175,8550,0.4794863086754687,0.4257907542579075,12,411,0,0,0,1
954,0558_c0002_020.jpg,558,1,-1,True,175,8550,0.4585726923572801,0.37553648068669526,9,466,0,0,1,1
955,0558_c0003_000.jpg,558,2,-1,True,175,8550,0.8650270431971061,0.3615702479338843,1,484,1,1,1,1
956,0558_c0003_005.jpg,558,2,-1,True,175,8550,0.8660213350219796,0.3528225806451613,1,496,1,1,1,1
957,0558_c0003_010.jpg,558,2,-1,True,175,8550,0.894046924491705,0.37393162393162394,1,468,1,1,1,1
958,0558_c0003_015.jpg,558,2,-1,True,175,8550,0.8629804474522426,0.4050925925925926,1,432,1,1,1,1
959,0558_c0003_020.jpg,558,2,-1,True,175,8550,0.871526528033728,0.4117647058823529,1,425,1,1,1,1
960,0558_c0004_000.jpg,558,3,-1,True,175,8550,0.8690722132629853,0.4985754985754986,1,351,1,1,1,1
961,0558_c0004_005.jpg,558,3,-1,True,175,8550,0.8757060672767557,0.4888268156424581,1,358,1,1,1,1
962,0558_c0004_010.jpg,558,3,-1,True,175,8550,0.9056633801205125,0.501432664756447,1,349,1,1,1,1
963,0558_c0004_015.jpg,558,3,-1,True,175,8550,0.8784070191105432,0.4475703324808184,1,391,1,1,1,1
964,0558_c0004_020.jpg,558,3,-1,True,175,8550,0.8073833480667291,0.4107981220657277,1,426,1,1,1,1
965,0558_c0005_000.jpg,558,4,-1,True,175,8550,0.7578746517898388,0.3246753246753247,1,539,1,1,1,1
966,0558_c0005_005.jpg,558,4,-1,True,175,8550,0.7256215653384386,0.33396946564885494,1,524,1,1,1,1
967,0558_c0005_010.jpg,558,4,-1,True,175,8550,0.7253518394250857,0.3295668549905838,1,531,1,1,1,1
968,0558_c0005_015.jpg,558,4,-1,True,175,8550,0.7305569207703194,0.3295668549905838,1,531,1,1,1,1
969,0558_c0005_020.jpg,558,4,-1,True,175,8550,0.7446617149182755,0.3176043557168784,1,551,1,1,1,1
970,0558_c0006_000.jpg,558,5,-1,True,175,8550,0.6692623602021353,0.5681818181818182,1,308,1,1,1,1
971,0558_c0006_005.jpg,558,5,-1,True,175,8550,0.6586949175222823,0.5700325732899023,1,307,1,1,1,1
972,0558_c0006_010.jpg,558,5,-1,True,175,8550,0.6370986148842656,0.5700325732899023,1,307,1,1,1,1
973,0558_c0006_015.jpg,558,5,-1,True,175,8550,0.7165382503507826,0.5700325732899023,1,307,1,1,1,1
974,0558_c0006_020.jpg,558,5,-1,True,175,8550,0.6362996168278648,0.5627009646302251,1,311,1,1,1,1
975,0558_c0007_000.jpg,558,6,-1,True,175,8550,0.8918314453161984,0.5319148936170213,1,329,1,1,1,1
976,0558_c0007_005.jpg,558,6,-1,True,175,8550,0.8924342570412215,0.4605263157894737,1,380,1,1,1,1
977,0558_c0007_010.jpg,558,6,-1,True,175,8550,0.8783028210827141,0.5537974683544303,1,316,1,1,1,1
978,0558_c0007_015.jpg,558,6,-1,True,175,8550,0.9021174555510464,0.5573248407643312,1,314,1,1,1,1
979,0558_c0007_020.jpg,558,6,-1,True,175,8550,0.8870013242114922,0.5681818181818182,1,308,1,1,1,1
980,0558_c0008_000.jpg,558,7,-1,True,175,8550,0.9162546131117846,0.40792540792540793,1,429,1,1,1,1
981,0558_c0008_005.jpg,558,7,-1,True,175,8550,0.9094577547687968,0.35353535353535354,1,495,1,1,1,1
982,0558_c0008_010.jpg,558,7,-1,True,175,8550,0.9175194799742669,0.41371158392434987,1,423,1,1,1,1
983,0558_c0008_015.jpg,558,7,-1,True,175,8550,0.913505542321199,0.3888888888888889,1,450,1,1,1,1
984,0558_c0008_020.jpg,558,7,-1,True,175,8550,0.9107260835281511,0.35787321063394684,1,489,1,1,1,1
985,0560_c0001_000.jpg,560,0,-1,True,150,8550,0.9080637307936168,0.5454545454545454,1,275,1,1,1,1
986,0560_c0001_005.jpg,560,0,-1,True,150,8550,0.8681718068319794,0.5338078291814946,1,281,1,1,1,1
987,0560_c0001_010.jpg,560,0,-1,True,150,8550,0.7986278081741927,0.4918032786885246,1,305,1,1,1,1
988,0560_c0001_015.jpg,560,0,-1,True,150,8550,0.7912351549231083,0.5016722408026756,1,299,1,1,1,1
989,0560_c0001_020.jpg,560,0,-1,True,150,8550,0.6696294220752727,0.41208791208791207,1,364,1,1,1,1
990,0560_c0002_000.jpg,560,1,-1,True,150,8550,1.0,1.0,1,150,1,1,1,1
991,0560_c0002_005.jpg,560,1,-1,True,150,8550,1.0,1.0,1,150,1,1,1,1
992,0560_c0002_010.jpg,560,1,-1,True,150,8550,1.0,1.0,1,150,1,1,1,1
993,0560_c0002_015.jpg,560,1,-1,True,150,8550,1.0,1.0,1,150,1,1,1,1
994,0560_c0002_020.jpg,560,1,-1,True,150,8550,1.0,1.0,1,150,1,1,1,1
995,0560_c0003_000.jpg,560,2,-1,True,150,8550,0.9848720333956646,0.8571428571428571,1,175,1,1,1,1
996,0560_c0003_005.jpg,560,2,-1,True,150,8550,0.9777689001162784,0.8571428571428571,1,175,1,1,1,1
997,0560_c0003_010.jpg,560,2,-1,True,150,8550,0.9762390006426036,0.8571428571428571,1,175,1,1,1,1
998,0560_c0003_015.jpg,560,2,-1,True,150,8550,0.9779353138643812,0.8571428571428571,1,175,1,1,1,1
999,0560_c0003_020.jpg,560,2,-1,True,150,8550,0.9810967753316405,0.8571428571428571,1,175,1,1,1,1
1000,0560_c0005_000.jpg,560,4,-1,True,150,8550,0.9999558498896247,0.9933774834437086,1,151,1,1,1,1
1001,0560_c0005_005.jpg,560,4,-1,True,150,8550,1.0,1.0,1,150,1,1,1,1
1002,0560_c0005_010.jpg,560,4,-1,True,150,8550,1.0,1.0,1,150,1,1,1,1
1003,0560_c0005_015.jpg,560,4,-1,True,150,8550,1.0,1.0,1,150,1,1,1,1
1004,0560_c0005_020.jpg,560,4,-1,True,150,8550,1.0,1.0,1,150,1,1,1,1
1005,0560_c0006_000.jpg,560,5,-1,True,150,8550,0.9857484050588085,0.8571428571428571,1,175,1,1,1,1
1006,0560_c0006_005.jpg,560,5,-1,True,150,8550,0.9903910917144529,0.8571428571428571,1,175,1,1,1,1
1007,0560_c0006_010.jpg,560,5,-1,True,150,8550,0.9845188584165874,0.8571428571428571,1,175,1,1,1,1
1008,0560_c0006_015.jpg,560,5,-1,True,150,8550,0.9844982555973517,0.8571428571428571,1,175,1,1,1,1
1009,0560_c0006_020.jpg,560,5,-1,True,150,8550,0.9825535957440538,0.8571428571428571,1,175,1,1,1,1
1010,0560_c0007_000.jpg,560,6,-1,True,150,8550,0.9945504216485994,0.8620689655172413,1,174,1,1,1,1
1011,0560_c0007_005.jpg,560,6,-1,True,150,8550,0.9948346083772088,0.8670520231213873,1,173,1,1,1,1
1012,0560_c0007_010.jpg,560,6,-1,True,150,8550,0.9983505394560617,0.8982035928143712,1,167,1,1,1,1
1013,0560_c0007_015.jpg,560,6,-1,True,150,8550,0.9961709888036319,0.8771929824561403,1,171,1,1,1,1
1014,0560_c0007_020.jpg,560,6,-1,True,150,8550,0.9949523063985877,0.8670520231213873,1,173,1,1,1,1
1015,0560_c0008_000.jpg,560,7,-1,True,150,8550,0.9926208068608658,0.872093023255814,1,172,1,1,1,1
1016,0560_c0008_005.jpg,560,7,-1,True,150,8550,0.9828824689887025,0.8571428571428571,1,175,1,1,1,1
1017,0560_c0008_010.jpg,560,7,-1,True,150,8550,0.991448718425099,0.8670520231213873,1,173,1,1,1,1
1018,0560_c0008_015.jpg,560,7,-1,True,150,8550,0.9935443952261342,0.8823529411764706,1,170,1,1,1,1
1019,0560_c0008_020.jpg,560,7,-1,True,150,8550,0.9848733679284157,0.8571428571428571,1,175,1,1,1,1
1020,0562_c0001_000.jpg,562,0,-1,True,50,8550,0.9873181955356009,0.7692307692307693,1,65,1,1,1,1
1021,0562_c0001_005.jpg,562,0,-1,True,50,8550,0.9890035187960738,0.819672131147541,1,61,1,1,1,1
1022,0562_c0001_010.jpg,562,0,-1,True,50,8550,0.9878217443688578,0.8064516129032258,1,62,1,1,1,1
1023,0562_c0001_015.jpg,562,0,-1,True,50,8550,0.983142102169014,0.7936507936507936,1,63,1,1,1,1
1024,0562_c0001_020.jpg,562,0,-1,True,50,8550,0.9960489023195486,0.8620689655172413,1,58,1,1,1,1
1025,0562_c0003_000.jpg,562,2,-1,True,50,8550,0.9279767180025914,0.6756756756756757,1,74,1,1,1,1
1026,0562_c0003_005.jpg,562,2,-1,True,50,8550,0.7062008095745395,0.6666666666666666,2,75,0,1,1,1
1027,0562_c0003_010.jpg,562,2,-1,True,50,8550,0.765138759934361,0.5952380952380952,1,84,1,1,1,1
1028,0562_c0003_015.jpg,562,2,-1,True,50,8550,0.5400306119950787,0.6172839506172839,4,81,0,1,1,1
1029,0562_c0003_020.jpg,562,2,-1,True,50,8550,0.49033049560485203,0.6666666666666666,11,75,0,0,0,1
1030,0562_c0005_000.jpg,562,4,-1,True,50,8550,0.9907765601687504,0.8064516129032258,1,62,1,1,1,1
1031,0562_c0005_005.jpg,562,4,-1,True,50,8550,0.9886037899061983,0.7575757575757576,1,66,1,1,1,1
1032,0562_c0005_010.jpg,562,4,-1,True,50,8550,0.9985185185185185,0.9259259259259259,1,54,1,1,1,1
1033,0562_c0005_015.jpg,562,4,-1,True,50,8550,1.0,1.0,1,50,1,1,1,1
1034,0562_c0005_020.jpg,562,4,-1,True,50,8550,0.9818751352992199,0.7246376811594203,1,69,1,1,1,1
1035,0564_c0001_000.jpg,564,0,-1,True,150,8550,1.0,1.0,1,150,1,1,1,1
1036,0564_c0001_005.jpg,564,0,-1,True,150,8550,1.0,1.0,1,150,1,1,1,1
1037,0564_c0001_010.jpg,564,0,-1,True,150,8550,1.0,1.0,1,150,1,1,1,1
1038,0564_c0001_015.jpg,564,0,-1,True,150,8550,1.0,1.0,1,150,1,1,1,1
1039,0564_c0001_020.jpg,564,0,-1,True,150,8550,1.0,1.0,1,150,1,1,1,1
1040,0564_c0002_000.jpg,564,1,-1,True,150,8550,1.0,1.0,1,150,1,1,1,1
1041,0564_c0002_005.jpg,564,1,-1,True,150,8550,1.0,1.0,1,150,1,1,1,1
1042,0564_c0002_010.jpg,564,1,-1,True,150,8550,1.0,1.0,1,150,1,1,1,1
1043,0564_c0002_015.jpg,564,1,-1,True,150,8550,1.0,1.0,1,150,1,1,1,1
1044,0564_c0002_020.jpg,564,1,-1,True,150,8550,1.0,1.0,1,150,1,1,1,1
1045,0564_c0004_000.jpg,564,3,-1,True,150,8550,0.9947356354426112,0.8771929824561403,1,171,1,1,1,1
1046,0564_c0004_005.jpg,564,3,-1,True,150,8550,0.9981358796919255,0.8928571428571429,1,168,1,1,1,1
1047,0564_c0004_010.jpg,564,3,-1,True,150,8550,0.9488924817441519,0.8571428571428571,1,175,1,1,1,1
1048,0564_c0004_015.jpg,564,3,-1,True,150,8550,0.9989059674502714,0.8928571428571429,1,168,1,1,1,1
1049,0564_c0004_020.jpg,564,3,-1,True,150,8550,0.9991831377798777,0.9036144578313253,1,166,1,1,1,1
1050,0564_c0005_000.jpg,564,4,-1,True,150,8550,1.0,1.0,1,150,1,1,1,1
1051,0564_c0005_005.jpg,564,4,-1,True,150,8550,1.0,1.0,1,150,1,1,1,1
1052,0564_c0005_010.jpg,564,4,-1,True,150,8550,1.0,1.0,1,150,1,1,1,1
1053,0564_c0005_015.jpg,564,4,-1,True,150,8550,1.0,1.0,1,150,1,1,1,1
1054,0564_c0005_020.jpg,564,4,-1,True,150,8550,1.0,1.0,1,150,1,1,1,1
1055,0564_c0006_000.jpg,564,5,-1,True,150,8550,1.0,1.0,1,150,1,1,1,1
1056,0564_c0006_005.jpg,564,5,-1,True,150,8550,1.0,1.0,1,150,1,1,1,1
1057,0564_c0006_010.jpg,564,5,-1,True,150,8550,1.0,1.0,1,150,1,1,1,1
1058,0564_c0006_015.jpg,564,5,-1,True,150,8550,1.0,1.0,1,150,1,1,1,1
1059,0564_c0006_020.jpg,564,5,-1,True,150,8550,1.0,1.0,1,150,1,1,1,1
1060,0564_c0007_000.jpg,564,6,-1,True,150,8550,1.0,1.0,1,150,1,1,1,1
1061,0564_c0007_005.jpg,564,6,-1,True,150,8550,1.0,1.0,1,150,1,1,1,1
1062,0564_c0007_010.jpg,564,6,-1,True,150,8550,1.0,1.0,1,150,1,1,1,1
1063,0564_c0007_015.jpg,564,6,-1,True,150,8550,1.0,1.0,1,150,1,1,1,1
1064,0564_c0007_020.jpg,564,6,-1,True,150,8550,1.0,1.0,1,150,1,1,1,1
1065,0564_c0008_000.jpg,564,7,-1,True,150,8550,1.0,1.0,1,150,1,1,1,1
1066,0564_c0008_005.jpg,564,7,-1,True,150,8550,1.0,1.0,1,150,1,1,1,1
1067,0564_c0008_010.jpg,564,7,-1,True,150,8550,1.0,1.0,1,150,1,1,1,1
1068,0564_c0008_015.jpg,564,7,-1,True,150,8550,1.0,1.0,1,150,1,1,1,1
1069,0564_c0008_020.jpg,564,7,-1,True,150,8550,1.0,1.0,1,150,1,1,1,1
1070,0566_c0001_000.jpg,566,0,-1,True,175,8550,0.9957624744286447,0.813953488372093,1,215,1,1,1,1
1071,0566_c0001_005.jpg,566,0,-1,True,175,8550,0.9987214732371438,0.8706467661691543,1,201,1,1,1,1
1072,0566_c0001_010.jpg,566,0,-1,True,175,8550,0.9972571547423115,0.8578431372549019,1,204,1,1,1,1
1073,0566_c0001_015.jpg,566,0,-1,True,175,8550,0.994652541981177,0.8293838862559242,1,211,1,1,1,1
1074,0566_c0001_020.jpg,566,0,-1,True,175,8550,0.9976558387016272,0.8495145631067961,1,206,1,1,1,1
1075,0566_c0002_000.jpg,566,1,-1,True,175,8550,0.773870332544496,0.3854625550660793,1,454,1,1,1,1
1076,0566_c0002_005.jpg,566,1,-1,True,175,8550,0.754916942353291,0.44529262086513993,1,393,1,1,1,1
1077,0566_c0002_010.jpg,566,1,-1,True,175,8550,0.9022072392269866,0.625,1,280,1,1,1,1
1078,0566_c0002_015.jpg,566,1,-1,True,175,8550,0.8439783320274452,0.5303030303030303,1,330,1,1,1,1
1079,0566_c0002_020.jpg,566,1,-1,True,175,8550,0.7427908264134697,0.42475728155339804,1,412,1,1,1,1
1080,0566_c0003_000.jpg,566,2,-1,True,175,8550,0.9232899224424378,0.5271084337349398,1,332,1,1,1,1
1081,0566_c0003_005.jpg,566,2,-1,True,175,8550,0.8684514262485657,0.4088785046728972,1,428,1,1,1,1
1082,0566_c0003_010.jpg,566,2,-1,True,175,8550,0.9134534166082764,0.4581151832460733,1,382,1,1,1,1
1083,0566_c0003_015.jpg,566,2,-1,True,175,8550,0.8610047774084059,0.4050925925925926,1,432,1,1,1,1
1084,0566_c0003_020.jpg,566,2,-1,True,175,8550,0.8835808165336917,0.46419098143236076,1,377,1,1,1,1
1085,0566_c0004_000.jpg,566,3,-1,True,175,8550,0.933224451165109,0.48746518105849584,1,359,1,1,1,1
1086,0566_c0004_005.jpg,566,3,-1,True,175,8550,0.977169149201836,0.7291666666666666,1,240,1,1,1,1
1087,0566_c0004_010.jpg,566,3,-1,True,175,8550,0.9758923680444325,0.660377358490566,1,265,1,1,1,1
1088,0566_c0004_015.jpg,566,3,-1,True,175,8550,0.9783572389893206,0.708502024291498,1,247,1,1,1,1
1089,0566_c0004_020.jpg,566,3,-1,True,175,8550,0.9602497754312068,0.6272401433691757,1,279,1,1,1,1
1090,0566_c0005_000.jpg,566,4,-1,True,175,8550,0.8635312578798984,0.2827140549273021,1,619,1,1,1,1
1091,0566_c0005_005.jpg,566,4,-1,True,175,8550,0.8407596289661095,0.2708978328173375,1,646,1,1,1,1
1092,0566_c0005_010.jpg,566,4,-1,True,175,8550,0.7909683346140467,0.23148148148148148,1,756,1,1,1,1
1093,0566_c0005_015.jpg,566,4,-1,True,175,8550,0.8671221634200752,0.29914529914529914,1,585,1,1,1,1
1094,0566_c0005_020.jpg,566,4,-1,True,175,8550,0.8081920729569406,0.26555386949924126,1,659,1,1,1,1
1095,0566_c0006_000.jpg,566,5,-1,True,175,8550,0.7328676917425118,0.3684210526315789,1,475,1,1,1,1
1096,0566_c0006_005.jpg,566,5,-1,True,175,8550,0.6695087301504353,0.2751572327044025,1,636,1,1,1,1
1097,0566_c0006_010.jpg,566,5,-1,True,175,8550,0.7528000561533674,0.4166666666666667,1,420,1,1,1,1
1098,0566_c0006_015.jpg,566,5,-1,True,175,8550,0.6873126833465103,0.2883031301482702,1,607,1,1,1,1
1099,0566_c0006_020.jpg,566,5,-1,True,175,8550,0.7948372302556171,0.46419098143236076,1,377,1,1,1,1
1100,0566_c0007_000.jpg,566,6,-1,True,175,8550,0.9188786232979907,0.6505576208178439,1,269,1,1,1,1
1101,0566_c0007_005.jpg,566,6,-1,True,175,8550,0.8926905810487954,0.5972696245733788,1,293,1,1,1,1
1102,0566_c0007_010.jpg,566,6,-1,True,175,8550,0.8488090583600547,0.54858934169279,1,319,1,1,1,1
1103,0566_c0007_015.jpg,566,6,-1,True,175,8550,0.8193737268956433,0.5192878338278932,1,337,1,1,1,1
1104,0566_c0007_020.jpg,566,6,-1,True,175,8550,0.8102187902492923,0.54858934169279,1,319,1,1,1,1
1105,0566_c0008_000.jpg,566,7,-1,True,175,8550,0.9998699380161182,0.9887005649717514,1,177,1,1,1,1
1106,0566_c0008_005.jpg,566,7,-1,True,175,8550,1.0,1.0,1,175,1,1,1,1
1107,0566_c0008_010.jpg,566,7,-1,True,175,8550,1.0,1.0,1,175,1,1,1,1
1108,0566_c0008_015.jpg,566,7,-1,True,175,8550,0.9991457146193917,0.9831460674157303,1,178,1,1,1,1
1109,0566_c0008_020.jpg,566,7,-1,True,175,8550,0.9968043328870876,0.9358288770053476,1,187,1,1,1,1
1110,0568_c0001_000.jpg,568,0,-1,True,50,8550,0.23511160391755123,0.26595744680851063,27,188,0,0,0,0
1111,0568_c0001_005.jpg,568,0,-1,True,50,8550,0.18197619679619215,0.2403846153846154,42,208,0,0,0,0
1112,0568_c0001_010.jpg,568,0,-1,True,50,8550,0.285923412004263,0.2994011976047904,26,167,0,0,0,0
1113,0568_c0001_015.jpg,568,0,-1,True,50,8550,0.24573303889716702,0.28901734104046245,27,173,0,0,0,0
1114,0568_c0001_020.jpg,568,0,-1,True,50,8550,0.25711744454318547,0.2857142857142857,26,175,0,0,0,0
1115,0568_c0005_000.jpg,568,4,-1,True,50,8550,1.0,1.0,1,50,1,1,1,1
1116,0568_c0005_005.jpg,568,4,-1,True,50,8550,1.0,1.0,1,50,1,1,1,1
1117,0568_c0005_010.jpg,568,4,-1,True,50,8550,1.0,1.0,1,50,1,1,1,1
1118,0568_c0005_015.jpg,568,4,-1,True,50,8550,1.0,1.0,1,50,1,1,1,1
1119,0568_c0005_020.jpg,568,4,-1,True,50,8550,1.0,1.0,1,50,1,1,1,1
1120,0568_c0006_000.jpg,568,5,-1,True,50,8550,0.9980836108028117,0.9433962264150944,1,53,1,1,1,1
1121,0568_c0006_005.jpg,568,5,-1,True,50,8550,0.9904560521118061,0.847457627118644,1,59,1,1,1,1
1122,0568_c0006_010.jpg,568,5,-1,True,50,8550,1.0,1.0,1,50,1,1,1,1
1123,0568_c0006_015.jpg,568,5,-1,True,50,8550,0.9992078431372547,0.9803921568627451,1,51,1,1,1,1
1124,0568_c0006_020.jpg,568,5,-1,True,50,8550,1.0,1.0,1,50,1,1,1,1
1125,0570_c0001_000.jpg,570,0,-1,True,150,8550,0.983693810742832,0.7692307692307693,1,195,1,1,1,1
1126,0570_c0001_005.jpg,570,0,-1,True,150,8550,0.9797474075546686,0.6756756756756757,1,222,1,1,1,1
1127,0570_c0001_010.jpg,570,0,-1,True,150,8550,0.99222992212593,0.7246376811594203,1,207,1,1,1,1
1128,0570_c0001_015.jpg,570,0,-1,True,150,8550,0.9789065712271259,0.7246376811594203,1,207,1,1,1,1
1129,0570_c0001_020.jpg,570,0,-1,True,150,8550,0.9127879072002171,0.4424778761061947,1,339,1,1,1,1
1130,0570_c0002_000.jpg,570,1,-1,True,150,8550,0.9398474277150424,0.7352941176470589,1,204,1,1,1,1
1131,0570_c0002_005.jpg,570,1,-1,True,150,8550,0.9438558027334125,0.7894736842105263,1,190,1,1,1,1
1132,0570_c0002_010.jpg,570,1,-1,True,150,8550,0.9393250100928261,0.8287292817679558,1,181,1,1,1,1
1133,0570_c0002_015.jpg,570,1,-1,True,150,8550,0.9461810394749838,0.7575757575757576,1,198,1,1,1,1
1134,0570_c0002_020.jpg,570,1,-1,True,150,8550,0.9324227085297775,0.75,1,200,1,1,1,1
1135,0570_c0004_000.jpg,570,3,-1,True,150,8550,1.0,1.0,1,150,1,1,1,1
1136,0570_c0004_005.jpg,570,3,-1,True,150,8550,1.0,1.0,1,150,1,1,1,1
1137,0570_c0004_010.jpg,570,3,-1,True,150,8550,0.9996052517672573,0.9803921568627451,1,153,1,1,1,1
1138,0570_c0004_015.jpg,570,3,-1,True,150,8550,1.0,1.0,1,150,1,1,1,1
1139,0570_c0004_020.jpg,570,3,-1,True,150,8550,1.0,1.0,1,150,1,1,1,1
1140,0570_c0005_000.jpg,570,4,-1,True,150,8550,1.0,1.0,1,150,1,1,1,1
1141,0570_c0005_005.jpg,570,4,-1,True,150,8550,0.9993549077944451,0.9554140127388535,1,157,1,1,1,1
1142,0570_c0005_010.jpg,570,4,-1,True,150,8550,0.9988057315046297,0.9433962264150944,1,159,1,1,1,1
1143,0570_c0005_015.jpg,570,4,-1,True,150,8550,1.0,1.0,1,150,1,1,1,1
1144,0570_c0005_020.jpg,570,4,-1,True,150,8550,1.0,1.0,1,150,1,1,1,1
1145,0570_c0006_000.jpg,570,5,-1,True,150,8550,0.8452153444419909,0.4854368932038835,1,309,1,1,1,1
1146,0570_c0006_005.jpg,570,5,-1,True,150,8550,0.8042767012841181,0.42735042735042733,1,351,1,1,1,1
1147,0570_c0006_010.jpg,570,5,-1,True,150,8550,0.8560353908305863,0.4658385093167702,1,322,1,1,1,1
1148,0570_c0006_015.jpg,570,5,-1,True,150,8550,0.7875909993891367,0.45454545454545453,1,330,1,1,1,1
1149,0570_c0006_020.jpg,570,5,-1,True,150,8550,0.7988904060969307,0.4807692307692308,1,312,1,1,1,1
1150,0570_c0007_000.jpg,570,6,-1,True,150,8550,0.9684778375324966,0.8287292817679558,1,181,1,1,1,1
1151,0570_c0007_005.jpg,570,6,-1,True,150,8550,0.9671563864960695,0.8108108108108109,1,185,1,1,1,1
1152,0570_c0007_010.jpg,570,6,-1,True,150,8550,0.961373137252977,0.7614213197969543,1,197,1,1,1,1
1153,0570_c0007_015.jpg,570,6,-1,True,150,8550,0.9593642441665589,0.7731958762886598,1,194,1,1,1,1
1154,0570_c0007_020.jpg,570,6,-1,True,150,8550,0.9312079105108868,0.75,1,200,1,1,1,1
1155,0570_c0008_000.jpg,570,7,-1,True,150,8550,0.9828574384117943,0.8522727272727273,1,176,1,1,1,1
1156,0570_c0008_005.jpg,570,7,-1,True,150,8550,0.9983903610103964,0.9375,1,160,1,1,1,1
1157,0570_c0008_010.jpg,570,7,-1,True,150,8550,0.9904585192605982,0.8620689655172413,1,174,1,1,1,1
1158,0570_c0008_015.jpg,570,7,-1,True,150,8550,0.9982262130155778,0.9433962264150944,1,159,1,1,1,1
1159,0570_c0008_020.jpg,570,7,-1,True,150,8550,0.9991833444428899,0.9433962264150944,1,159,1,1,1,1
1160,0572_c0001_000.jpg,572,0,-1,True,175,8550,0.9916993987928244,0.8793969849246231,1,199,1,1,1,1
1161,0572_c0001_005.jpg,572,0,-1,True,175,8550,0.9828579389978473,0.875,1,200,1,1,1,1
1162,0572_c0001_010.jpg,572,0,-1,True,175,8550,0.9809573760731455,0.875,1,200,1,1,1,1
1163,0572_c0001_015.jpg,572,0,-1,True,175,8550,0.9880616529478253,0.875,1,200,1,1,1,1
1164,0572_c0001_020.jpg,572,0,-1,True,175,8550,0.9730345200128006,0.875,1,200,1,1,1,1
1165,0572_c0002_000.jpg,572,1,-1,True,175,8550,0.9868045757128798,0.8215962441314554,1,213,1,1,1,1
1166,0572_c0002_005.jpg,572,1,-1,True,175,8550,0.9724320647674186,0.6653992395437263,1,263,1,1,1,1
1167,0572_c0002_010.jpg,572,1,-1,True,175,8550,0.9778225752932891,0.6578947368421053,1,266,1,1,1,1
1168,0572_c0002_015.jpg,572,1,-1,True,175,8550,0.9876764166931354,0.7918552036199095,1,221,1,1,1,1
1169,0572_c0002_020.jpg,572,1,-1,True,175,8550,0.9747598080246576,0.6272401433691757,1,279,1,1,1,1
1170,0572_c0003_000.jpg,572,2,-1,True,175,8550,0.5709711523525133,0.3424657534246575,1,511,1,1,1,1
1171,0572_c0003_005.jpg,572,2,-1,True,175,8550,0.6034144079736447,0.36231884057971014,1,483,1,1,1,1
1172,0572_c0003_010.jpg,572,2,-1,True,175,8550,0.7202741830095749,0.4196642685851319,1,417,1,1,1,1
1173,0572_c0003_015.jpg,572,2,-1,True,175,8550,0.5429370372296279,0.30973451327433627,1,565,1,1,1,1
1174,0572_c0003_020.jpg,572,2,-1,True,175,8550,0.5698425465547564,0.32649253731343286,1,536,1,1,1,1
1175,0572_c0004_000.jpg,572,3,-1,True,175,8550,0.9509185955834544,0.6433823529411765,1,272,1,1,1,1
1176,0572_c0004_005.jpg,572,3,-1,True,175,8550,0.9376049624237167,0.6183745583038869,1,283,1,1,1,1
1177,0572_c0004_010.jpg,572,3,-1,True,175,8550,0.9208286622763331,0.603448275862069,1,290,1,1,1,1
1178,0572_c0004_015.jpg,572,3,-1,True,175,8550,0.9501176702082128,0.6363636363636364,1,275,1,1,1,1
1179,0572_c0004_020.jpg,572,3,-1,True,175,8550,0.9438203007311553,0.6363636363636364,1,275,1,1,1,1
1180,0572_c0005_000.jpg,572,4,-1,True,175,8550,0.985764613782572,0.6889763779527559,1,254,1,1,1,1
1181,0572_c0005_005.jpg,572,4,-1,True,175,8550,0.9962925984171161,0.7882882882882883,1,222,1,1,1,1
1182,0572_c0005_010.jpg,572,4,-1,True,175,8550,0.9943648002987728,0.8101851851851852,1,216,1,1,1,1
1183,0572_c0005_015.jpg,572,4,-1,True,175,8550,0.994332247440103,0.7882882882882883,1,222,1,1,1,1
1184,0572_c0005_020.jpg,572,4,-1,True,175,8550,0.9944340994605243,0.7291666666666666,1,240,1,1,1,1
1185,0572_c0006_000.jpg,572,5,-1,True,175,8550,0.9998051674768219,0.9831460674157303,1,178,1,1,1,1
1186,0572_c0006_005.jpg,572,5,-1,True,175,8550,1.0,1.0,1,175,1,1,1,1
1187,0572_c0006_010.jpg,572,5,-1,True,175,8550,1.0,1.0,1,175,1,1,1,1
1188,0572_c0006_015.jpg,572,5,-1,True,175,8550,0.9996734480609394,0.9887005649717514,1,177,1,1,1,1
1189,0572_c0006_020.jpg,572,5,-1,True,175,8550,0.9999675324675324,0.9943181818181818,1,176,1,1,1,1
1190,0572_c0007_000.jpg,572,6,-1,True,175,8550,0.9018968630897399,0.6972111553784861,1,251,1,1,1,1
1191,0572_c0007_005.jpg,572,6,-1,True,175,8550,0.8850843829363745,0.7172131147540983,1,244,1,1,1,1
1192,0572_c0007_010.jpg,572,6,-1,True,175,8550,0.9236446106951777,0.7231404958677686,1,242,1,1,1,1
1193,0572_c0007_015.jpg,572,6,-1,True,175,8550,0.9337009322996692,0.7322175732217573,1,239,1,1,1,1
1194,0572_c0007_020.jpg,572,6,-1,True,175,8550,0.8879480508691153,0.6862745098039216,1,255,1,1,1,1
1195,0572_c0008_000.jpg,572,7,-1,True,175,8550,0.8359859145094364,0.5351681957186545,1,327,1,1,1,1
1196,0572_c0008_005.jpg,572,7,-1,True,175,8550,0.7792551015084966,0.43532338308457713,1,402,1,1,1,1
1197,0572_c0008_010.jpg,572,7,-1,True,175,8550,0.7431568489181154,0.3707627118644068,1,472,1,1,1,1
1198,0572_c0008_015.jpg,572,7,-1,True,175,8550,0.7470558653537538,0.34516765285996054,1,507,1,1,1,1
1199,0572_c0008_020.jpg,572,7,-1,True,175,8550,0.7604373167876728,0.38631346578366443,1,453,1,1,1,1
1200,0574_c0001_000.jpg,574,0,-1,True,150,8550,0.9151025649496414,0.44776119402985076,1,335,1,1,1,1
1201,0574_c0001_005.jpg,574,0,-1,True,150,8550,0.9189317770781217,0.46153846153846156,1,325,1,1,1,1
1202,0574_c0001_010.jpg,574,0,-1,True,150,8550,0.9623382323568095,0.6048387096774194,1,248,1,1,1,1
1203,0574_c0001_015.jpg,574,0,-1,True,150,8550,0.9578485695965026,0.5952380952380952,1,252,1,1,1,1
1204,0574_c0001_020.jpg,574,0,-1,True,150,8550,0.9315142624518375,0.5555555555555556,1,270,1,1,1,1
1205,0574_c0002_000.jpg,574,1,-1,True,150,8550,0.9801703784159567,0.6787330316742082,1,221,1,1,1,1
1206,0574_c0002_005.jpg,574,1,-1,True,150,8550,0.9989066980908232,0.9090909090909091,1,165,1,1,1,1
1207,0574_c0002_010.jpg,574,1,-1,True,150,8550,0.9972494207207361,0.847457627118644,1,177,1,1,1,1
1208,0574_c0002_015.jpg,574,1,-1,True,150,8550,0.9985994220519857,0.8982035928143712,1,167,1,1,1,1
1209,0574_c0002_020.jpg,574,1,-1,True,150,8550,0.9959269570724969,0.8064516129032258,1,186,1,1,1,1
1210,0574_c0003_000.jpg,574,2,-1,True,150,8550,0.9603270935846211,0.8108108108108109,1,185,1,1,1,1
1211,0574_c0003_005.jpg,574,2,-1,True,150,8550,0.9591736553535767,0.78125,1,192,1,1,1,1
1212,0574_c0003_010.jpg,574,2,-1,True,150,8550,0.9624678090077966,0.7653061224489796,1,196,1,1,1,1
1213,0574_c0003_015.jpg,574,2,-1,True,150,8550,0.9726123495773364,0.7894736842105263,1,190,1,1,1,1
1214,0574_c0003_020.jpg,574,2,-1,True,150,8550,0.9619314882669765,0.7537688442211056,1,199,1,1,1,1
1215,0574_c0004_000.jpg,574,3,-1,True,150,8550,0.9397242588182867,0.8571428571428571,1,175,1,1,1,1
1216,0574_c0004_005.jpg,574,3,-1,True,150,8550,0.946101951268336,0.8571428571428571,1,175,1,1,1,1
1217,0574_c0004_010.jpg,574,3,-1,True,150,8550,0.9710093040007564,0.8571428571428571,1,175,1,1,1,1
1218,0574_c0004_015.jpg,574,3,-1,True,150,8550,0.984621937378275,0.9036144578313253,1,166,1,1,1,1
1219,0574_c0004_020.jpg,574,3,-1,True,150,8550,0.9909056130258497,0.9259259259259259,1,162,1,1,1,1
1220,0574_c0005_000.jpg,574,4,-1,True,150,8550,0.665150307007033,0.33557046979865773,1,447,1,1,1,1
1221,0574_c0005_005.jpg,574,4,-1,True,150,8550,0.7095291876864994,0.379746835443038,1,395,1,1,1,1
1222,0574_c0005_010.jpg,574,4,-1,True,150,8550,0.7298770614828919,0.3875968992248062,1,387,1,1,1,1
1223,0574_c0005_015.jpg,574,4,-1,True,150,8550,0.713143923920944,0.3588516746411483,1,418,1,1,1,1
1224,0574_c0005_020.jpg,574,4,-1,True,150,8550,0.7160103075909179,0.3448275862068966,1,435,1,1,1,1
1225,0574_c0006_000.jpg,574,5,-1,True,150,8550,1.0,1.0,1,150,1,1,1,1
1226,0574_c0006_005.jpg,574,5,-1,True,150,8550,1.0,1.0,1,150,1,1,1,1
1227,0574_c0006_010.jpg,574,5,-1,True,150,8550,1.0,1.0,1,150,1,1,1,1
1228,0574_c0006_015.jpg,574,5,-1,True,150,8550,1.0,1.0,1,150,1,1,1,1
1229,0574_c0006_020.jpg,574,5,-1,True,150,8550,0.9999114054451803,0.9933774834437086,1,151,1,1,1,1
1230,0574_c0008_000.jpg,574,7,-1,True,150,8550,0.9897265781381713,0.8108108108108109,1,185,1,1,1,1
1231,0574_c0008_005.jpg,574,7,-1,True,150,8550,0.9670245739436768,0.7352941176470589,1,204,1,1,1,1
1232,0574_c0008_010.jpg,574,7,-1,True,150,8550,0.9733686599783565,0.7537688442211056,1,199,1,1,1,1
1233,0574_c0008_015.jpg,574,7,-1,True,150,8550,0.979447201604532,0.7731958762886598,1,194,1,1,1,1
1234,0574_c0008_020.jpg,574,7,-1,True,150,8550,0.983677611188197,0.7853403141361257,1,191,1,1,1,1
1235,0576_c0001_000.jpg,576,0,-1,True,150,8550,0.954410014482001,0.6578947368421053,1,228,1,1,1,1
1236,0576_c0001_005.jpg,576,0,-1,True,150,8550,0.9247474542157514,0.4854368932038835,1,309,1,1,1,1
1237,0576_c0001_010.jpg,576,0,-1,True,150,8550,0.8254732621198462,0.44510385756676557,1,337,1,1,1,1
1238,0576_c0001_015.jpg,576,0,-1,True,150,8550,0.7923604948089726,0.375,1,400,1,1,1,1
1239,0576_c0001_020.jpg,576,0,-1,True,150,8550,0.7996667220153058,0.45317220543806647,1,331,1,1,1,1
1240,0576_c0002_000.jpg,576,1,-1,True,150,8550,0.9572542123195179,0.8426966292134831,1,178,1,1,1,1
1241,0576_c0002_005.jpg,576,1,-1,True,150,8550,0.9948201219753692,0.8287292817679558,1,181,1,1,1,1
1242,0576_c0002_010.jpg,576,1,-1,True,150,8550,0.9910412581199731,0.78125,1,192,1,1,1,1
1243,0576_c0002_015.jpg,576,1,-1,True,150,8550,0.9449165663396839,0.684931506849315,1,219,1,1,1,1
1244,0576_c0002_020.jpg,576,1,-1,True,150,8550,0.773297975158707,0.2857142857142857,1,525,1,1,1,1
1245,0576_c0003_000.jpg,576,2,-1,True,150,8550,0.9266785935513011,0.47468354430379744,1,316,1,1,1,1
1246,0576_c0003_005.jpg,576,2,-1,True,150,8550,0.9532915288331651,0.5555555555555556,1,270,1,1,1,1
1247,0576_c0003_010.jpg,576,2,-1,True,150,8550,0.9363235536976502,0.5067567567567568,1,296,1,1,1,1
1248,0576_c0003_015.jpg,576,2,-1,True,150,8550,0.9321272918034246,0.47318611987381703,1,317,1,1,1,1
1249,0576_c0003_020.jpg,576,2,-1,True,150,8550,0.9151042256358252,0.4087193460490463,1,367,1,1,1,1
1250,0576_c0004_000.jpg,576,3,-1,True,150,8550,0.8911197491548146,0.4716981132075472,1,318,1,1,1,1
1251,0576_c0004_005.jpg,576,3,-1,True,150,8550,0.8680963232934871,0.46439628482972134,1,323,1,1,1,1
1252,0576_c0004_010.jpg,576,3,-1,True,150,8550,0.9165973769533082,0.5208333333333334,1,288,1,1,1,1
1253,0576_c0004_015.jpg,576,3,-1,True,150,8550,0.9025021382432451,0.49019607843137253,1,306,1,1,1,1
1254,0576_c0004_020.jpg,576,3,-1,True,150,8550,0.8554262933660349,0.45454545454545453,1,330,1,1,1,1
1255,0576_c0005_000.jpg,576,4,-1,True,150,8550,0.9979524086347421,0.9259259259259259,1,162,1,1,1,1
1256,0576_c0005_005.jpg,576,4,-1,True,150,8550,0.997571840282147,0.8982035928143712,1,167,1,1,1,1
1257,0576_c0005_010.jpg,576,4,-1,True,150,8550,0.9903668958017198,0.7352941176470589,1,204,1,1,1,1
1258,0576_c0005_015.jpg,576,4,-1,True,150,8550,0.9858278426728956,0.684931506849315,1,219,1,1,1,1
1259,0576_c0005_020.jpg,576,4,-1,True,150,8550,0.9581609453626512,0.5555555555555556,1,270,1,1,1,1
1260,0576_c0006_000.jpg,576,5,-1,True,150,8550,0.9962055870168879,0.8064516129032258,1,186,1,1,1,1
1261,0576_c0006_005.jpg,576,5,-1,True,150,8550,0.9988923134324227,0.8670520231213873,1,173,1,1,1,1
1262,0576_c0006_010.jpg,576,5,-1,True,150,8550,0.9906739791883759,0.8108108108108109,1,185,1,1,1,1
1263,0576_c0006_015.jpg,576,5,-1,True,150,8550,0.9947057911327231,0.7936507936507936,1,189,1,1,1,1
1264,0576_c0006_020.jpg,576,5,-1,True,150,8550,0.9990470543309116,0.8771929824561403,1,171,1,1,1,1
1265,0576_c0007_000.jpg,576,6,-1,True,150,8550,0.9147697134319608,0.4076086956521739,1,368,1,1,1,1
1266,0576_c0007_005.jpg,576,6,-1,True,150,8550,0.920796562908788,0.4225352112676056,1,355,1,1,1,1
1267,0576_c0007_010.jpg,576,6,-1,True,150,8550,0.9218635644313895,0.4437869822485207,1,338,1,1,1,1
1268,0576_c0007_015.jpg,576,6,-1,True,150,8550,0.9335197990875845,0.48231511254019294,1,311,1,1,1,1
1269,0576_c0007_020.jpg,576,6,-1,True,150,8550,0.9285202773793295,0.45180722891566266,1,332,1,1,1,1
1270,0578_c0001_000.jpg,578,0,-1,True,175,8550,0.6786200412570843,0.40792540792540793,1,429,1,1,1,1
1271,0578_c0001_005.jpg,578,0,-1,True,175,8550,0.6850119783803434,0.3995433789954338,1,438,1,1,1,1
1272,0578_c0001_010.jpg,578,0,-1,True,175,8550,0.6880459133576319,0.3888888888888889,1,450,1,1,1,1
1273,0578_c0001_015.jpg,578,0,-1,True,175,8550,0.6251917523202566,0.3787878787878788,1,462,1,1,1,1
1274,0578_c0001_020.jpg,578,0,-1,True,175,8550,0.6415524630279037,0.40415704387990764,1,433,1,1,1,1
1275,0578_c0002_000.jpg,578,1,-1,True,175,8550,0.22243220022155347,0.20348837209302326,77,860,0,0,0,0
1276,0578_c0002_005.jpg,578,1,-1,True,175,8550,0.24176064983365905,0.21685254027261464,73,807,0,0,0,0
1277,0578_c0002_010.jpg,578,1,-1,True,175,8550,0.27606089669755296,0.21033653846153846,72,832,0,0,0,0
1278,0578_c0002_015.jpg,578,1,-1,True,175,8550,0.27754773480703415,0.20933014354066987,76,836,0,0,0,0
1279,0578_c0002_020.jpg,578,1,-1,True,175,8550,0.29625208418580606,0.2032520325203252,70,861,0,0,0,0
1280,0578_c0003_000.jpg,578,2,-1,True,175,8550,0.840348603574802,0.4794520547945205,1,365,1,1,1,1
1281,0578_c0003_005.jpg,578,2,-1,True,175,8550,0.8352120017856974,0.4605263157894737,1,380,1,1,1,1
1282,0578_c0003_010.jpg,578,2,-1,True,175,8550,0.7899035085707584,0.4691689008042895,1,373,1,1,1,1
1283,0578_c0003_015.jpg,578,2,-1,True,175,8550,0.8183397208674389,0.5,1,350,1,1,1,1
1284,0578_c0003_020.jpg,578,2,-1,True,175,8550,0.8013135587154381,0.49157303370786515,1,356,1,1,1,1
1285,0578_c0004_000.jpg,578,3,-1,True,175,8550,0.7329199212939971,0.33460803059273425,1,523,1,1,1,1
1286,0578_c0004_005.jpg,578,3,-1,True,175,8550,0.7611367470378185,0.3391472868217054,1,516,1,1,1,1
1287,0578_c0004_010.jpg,578,3,-1,True,175,8550,0.7509695994595764,0.33589251439539347,1,521,1,1,1,1
1288,0578_c0004_015.jpg,578,3,-1,True,175,8550,0.8000973022059628,0.3723404255319149,1,470,1,1,1,1
1289,0578_c0004_020.jpg,578,3,-1,True,175,8550,0.8225223288761722,0.3804347826086957,1,460,1,1,1,1
1290,0578_c0005_000.jpg,578,4,-1,True,175,8550,0.9121050379341332,0.4581151832460733,1,382,1,1,1,1
1291,0578_c0005_005.jpg,578,4,-1,True,175,8550,0.8880946640116905,0.44871794871794873,1,390,1,1,1,1
1292,0578_c0005_010.jpg,578,4,-1,True,175,8550,0.8837328867305798,0.41371158392434987,1,423,1,1,1,1
1293,0578_c0005_015.jpg,578,4,-1,True,175,8550,0.851530221560523,0.43316831683168316,1,404,1,1,1,1
1294,0578_c0005_020.jpg,578,4,-1,True,175,8550,0.8240011635313821,0.45219638242894056,1,387,1,1,1,1
1295,0578_c0006_000.jpg,578,5,-1,True,175,8550,0.7265659311081378,0.2056404230317274,1,851,1,1,1,1
1296,0578_c0006_005.jpg,578,5,-1,True,175,8550,0.8183078184350877,0.2266839378238342,1,772,1,1,1,1
1297,0578_c0006_010.jpg,578,5,-1,True,175,8550,0.7508654192973807,0.22639068564036222,1,773,1,1,1,1
1298,0578_c0006_015.jpg,578,5,-1,True,175,8550,0.7607591221696319,0.2229299363057325,1,785,1,1,1,1
1299,0578_c0006_020.jpg,578,5,-1,True,175,8550,0.8055195865568976,0.22349936143039592,1,783,1,1,1,1
1300,0578_c0007_000.jpg,578,6,-1,True,175,8550,0.8338746032185463,0.5116959064327485,1,342,1,1,1,1
1301,0578_c0007_005.jpg,578,6,-1,True,175,8550,0.796830970115684,0.4396984924623116,1,398,1,1,1,1
1302,0578_c0007_010.jpg,578,6,-1,True,175,8550,0.8049129665902512,0.4206730769230769,1,416,1,1,1,1
1303,0578_c0007_015.jpg,578,6,-1,True,175,8550,0.7910007101129145,0.4146919431279621,1,422,1,1,1,1
1304,0578_c0007_020.jpg,578,6,-1,True,175,8550,0.8234066674813936,0.38802660753880264,1,451,1,1,1,1
1305,0578_c0008_000.jpg,578,7,-1,True,175,8550,0.604544292499998,0.44080604534005036,1,397,1,1,1,1
1306,0578_c0008_005.jpg,578,7,-1,True,175,8550,0.6097469949630402,0.42475728155339804,1,412,1,1,1,1
1307,0578_c0008_010.jpg,578,7,-1,True,175,8550,0.588089846088143,0.423728813559322,1,413,1,1,1,1
1308,0578_c0008_015.jpg,578,7,-1,True,175,8550,0.5913334769871768,0.43859649122807015,1,399,1,1,1,1
1309,0578_c0008_020.jpg,578,7,-1,True,175,8550,0.6079327936792781,0.43859649122807015,1,399,1,1,1,1
1310,0580_c0001_000.jpg,580,0,-1,True,175,8550,0.584245716617632,0.2916666666666667,1,600,1,1,1,1
1311,0580_c0001_005.jpg,580,0,-1,True,175,8550,0.5711901582092459,0.2864157119476268,1,611,1,1,1,1
1312,0580_c0001_010.jpg,580,0,-1,True,175,8550,0.5275205526836688,0.2777777777777778,1,630,1,1,1,1
1313,0580_c0001_015.jpg,580,0,-1,True,175,8550,0.5591754840181802,0.2966101694915254,1,590,1,1,1,1
1314,0580_c0001_020.jpg,580,0,-1,True,175,8550,0.611175890210829,0.3252788104089219,1,538,1,1,1,1
1315,0580_c0002_000.jpg,580,1,-1,True,175,8550,0.4047731391372597,0.23087071240105542,2,758,0,1,1,1
1316,0580_c0002_005.jpg,580,1,-1,True,175,8550,0.552620832209497,0.2631578947368421,1,665,1,1,1,1
1317,0580_c0002_010.jpg,580,1,-1,True,175,8550,0.5444829332775635,0.23026315789473684,1,760,1,1,1,1
1318,0580_c0002_015.jpg,580,1,-1,True,175,8550,0.5559919234309538,0.23616734143049933,1,741,1,1,1,1
1319,0580_c0002_020.jpg,580,1,-1,True,175,8550,0.638405393827295,0.2521613832853026,1,694,1,1,1,1
1320,0580_c0003_000.jpg,580,2,-1,True,175,8550,0.7859839199227221,0.7478632478632479,1,234,1,1,1,1
1321,0580_c0003_005.jpg,580,2,-1,True,175,8550,0.7250816112668219,0.587248322147651,1,298,1,1,1,1
1322,0580_c0003_010.jpg,580,2,-1,True,175,8550,0.7698210986559486,0.7675438596491229,1,228,1,1,1,1
1323,0580_c0003_015.jpg,580,2,-1,True,175,8550,0.7759179815197584,0.7478632478632479,1,234,1,1,1,1
1324,0580_c0003_020.jpg,580,2,-1,True,175,8550,0.6920840662915616,0.5993150684931506,1,292,1,1,1,1
1325,0580_c0004_000.jpg,580,3,-1,True,175,8550,0.9938093452901172,0.7446808510638298,1,235,1,1,1,1
1326,0580_c0004_005.jpg,580,3,-1,True,175,8550,0.986418982338858,0.691699604743083,1,253,1,1,1,1
1327,0580_c0004_010.jpg,580,3,-1,True,175,8550,0.9926793336763325,0.6782945736434108,1,258,1,1,1,1
1328,0580_c0004_015.jpg,580,3,-1,True,175,8550,0.9792323477957968,0.5993150684931506,1,292,1,1,1,1
1329,0580_c0004_020.jpg,580,3,-1,True,175,8550,0.9635365232095007,0.5384615384615384,1,325,1,1,1,1
1330,0580_c0005_000.jpg,580,4,-1,True,175,8550,0.5934706794925417,0.32407407407407407,1,540,1,1,1,1
1331,0580_c0005_005.jpg,580,4,-1,True,175,8550,0.5830633291578979,0.330188679245283,1,530,1,1,1,1
1332,0580_c0005_010.jpg,580,4,-1,True,175,8550,0.568668991634105,0.3234750462107209,1,541,1,1,1,1
1333,0580_c0005_015.jpg,580,4,-1,True,175,8550,0.5350540597644916,0.31992687385740404,1,547,1,1,1,1
1334,0580_c0005_020.jpg,580,4,-1,True,175,8550,0.5594408684038722,0.28501628664495116,1,614,1,1,1,1
1335,0580_c0006_000.jpg,580,5,-1,True,175,8550,0.8378472428437372,0.5162241887905604,1,339,1,1,1,1
1336,0580_c0006_005.jpg,580,5,-1,True,175,8550,0.8307555700177846,0.5102040816326531,1,343,1,1,1,1
1337,0580_c0006_010.jpg,580,5,-1,True,175,8550,0.7958754810617099,0.5028735632183908,1,348,1,1,1,1
1338,0580_c0006_015.jpg,580,5,-1,True,175,8550,0.8397547770808494,0.4807692307692308,1,364,1,1,1,1
1339,0580_c0006_020.jpg,580,5,-1,True,175,8550,0.8209008038848044,0.43424317617866004,1,403,1,1,1,1
1340,0580_c0007_000.jpg,580,6,-1,True,175,8550,0.8364411967546271,0.6227758007117438,1,281,1,1,1,1
1341,0580_c0007_005.jpg,580,6,-1,True,175,8550,0.8261132403886742,0.5287009063444109,1,331,1,1,1,1
1342,0580_c0007_010.jpg,580,6,-1,True,175,8550,0.8523500089253204,0.5537974683544303,1,316,1,1,1,1
1343,0580_c0007_015.jpg,580,6,-1,True,175,8550,0.8408960654669012,0.5223880597014925,1,335,1,1,1,1
1344,0580_c0007_020.jpg,580,6,-1,True,175,8550,0.871270621965811,0.5573248407643312,1,314,1,1,1,1
1345,0580_c0008_000.jpg,580,7,-1,True,175,8550,0.8687768837918826,0.40415704387990764,1,433,1,1,1,1
1346,0580_c0008_005.jpg,580,7,-1,True,175,8550,0.867400771384187,0.40229885057471265,1,435,1,1,1,1
1347,0580_c0008_010.jpg,580,7,-1,True,175,8550,0.8688373732974775,0.41273584905660377,1,424,1,1,1,1
1348,0580_c0008_015.jpg,580,7,-1,True,175,8550,0.8788905300315878,0.44080604534005036,1,397,1,1,1,1
1349,0580_c0008_020.jpg,580,7,-1,True,175,8550,0.8764275359679995,0.3923766816143498,1,446,1,1,1,1
1350,0582_c0001_000.jpg,582,0,-1,True,175,8550,0.863942716906968,0.11312217194570136,1,1547,1,1,1,1
1351,0582_c0001_005.jpg,582,0,-1,True,175,8550,0.8776139763142019,0.17123287671232876,1,1022,1,1,1,1
1352,0582_c0001_010.jpg,582,0,-1,True,175,8550,0.8741515969628163,0.1589464123524069,1,1101,1,1,1,1
1353,0582_c0001_015.jpg,582,0,-1,True,175,8550,0.8811904162380071,0.22151898734177214,1,790,1,1,1,1
1354,0582_c0001_020.jpg,582,0,-1,True,175,8550,0.8733979421660027,0.18401682439537329,1,951,1,1,1,1
1355,0582_c0002_000.jpg,582,1,-1,True,175,8550,0.5089114112714261,0.13420245398773006,1,1304,1,1,1,1
1356,0582_c0002_005.jpg,582,1,-1,True,175,8550,0.47712077409772724,0.10080645161290322,1,1736,1,1,1,1
1357,0582_c0002_010.jpg,582,1,-1,True,175,8550,0.5393040806311892,0.1382306477093207,1,1266,1,1,1,1
1358,0582_c0002_015.jpg,582,1,-1,True,175,8550,0.5582753149633535,0.1484308736217133,1,1179,1,1,1,1
1359,0582_c0002_020.jpg,582,1,-1,True,175,8550,0.5612959726343776,0.13597513597513597,1,1287,1,1,1,1
1360,0582_c0003_000.jpg,582,2,-1,True,175,8550,0.18440008781498385,0.08620689655172414,49,2030,0,0,0,0
1361,0582_c0003_005.jpg,582,2,-1,True,175,8550,0.19191102143680053,0.09343299519487454,37,1873,0,0,0,0
1362,0582_c0003_010.jpg,582,2,-1,True,175,8550,0.22470326586975475,0.11082963901203294,21,1579,0,0,0,0
1363,0582_c0003_015.jpg,582,2,-1,True,175,8550,0.23464688686283833,0.11196417146513116,17,1563,0,0,0,1
1364,0582_c0003_020.jpg,582,2,-1,True,175,8550,0.2227968707675099,0.11535926170072512,17,1517,0,0,0,1
1365,0582_c0004_000.jpg,582,3,-1,True,175,8550,0.5957310618447214,0.2883031301482702,1,607,1,1,1,1
1366,0582_c0004_005.jpg,582,3,-1,True,175,8550,0.5439940493079732,0.3022452504317789,1,579,1,1,1,1
1367,0582_c0004_010.jpg,582,3,-1,True,175,8550,0.7004963602228826,0.2936241610738255,1,596,1,1,1,1
1368,0582_c0004_015.jpg,582,3,-1,True,175,8550,0.6185503427310985,0.2961082910321489,1,591,1,1,1,1
1369,0582_c0004_020.jpg,582,3,-1,True,175,8550,0.691756551028542,0.30809859154929575,1,568,1,1,1,1
1370,0582_c0005_000.jpg,582,4,-1,True,175,8550,0.7981001008622299,0.14450867052023122,1,1211,1,1,1,1
1371,0582_c0005_005.jpg,582,4,-1,True,175,8550,0.7714449210552851,0.13482280431432975,1,1298,1,1,1,1
1372,0582_c0005_010.jpg,582,4,-1,True,175,8550,0.7374260135423898,0.11945392491467577,1,1465,1,1,1,1
1373,0582_c0005_015.jpg,582,4,-1,True,175,8550,0.761948766227068,0.1313813813813814,1,1332,1,1,1,1
1374,0582_c0005_020.jpg,582,4,-1,True,175,8550,0.7902144857461475,0.13108614232209737,1,1335,1,1,1,1
1375,0582_c0006_000.jpg,582,5,-1,True,175,8550,0.6884794155393493,0.4781420765027322,1,366,1,1,1,1
1376,0582_c0006_005.jpg,582,5,-1,True,175,8550,0.8501182462661822,0.5401234567901234,1,324,1,1,1,1
1377,0582_c0006_010.jpg,582,5,-1,True,175,8550,0.7570927558599516,0.5756578947368421,1,304,1,1,1,1
1378,0582_c0006_015.jpg,582,5,-1,True,175,8550,0.8655670474606297,0.5952380952380952,1,294,1,1,1,1
1379,0582_c0006_020.jpg,582,5,-1,True,175,8550,0.8703056452127501,0.587248322147651,1,298,1,1,1,1
1380,0582_c0007_000.jpg,582,6,-1,True,175,8550,0.7517477542490765,0.49019607843137253,1,357,1,1,1,1
1381,0582_c0007_005.jpg,582,6,-1,True,175,8550,0.7836950502814491,0.4971590909090909,1,352,1,1,1,1
1382,0582_c0007_010.jpg,582,6,-1,True,175,8550,0.7860287945587392,0.541795665634675,1,323,1,1,1,1
1383,0582_c0007_015.jpg,582,6,-1,True,175,8550,0.7707409338308876,0.5239520958083832,1,334,1,1,1,1
1384,0582_c0007_020.jpg,582,6,-1,True,175,8550,0.7244989108991928,0.5102040816326531,1,343,1,1,1,1
1385,0582_c0008_000.jpg,582,7,-1,True,175,8550,0.757149714631599,0.26717557251908397,1,655,1,1,1,1
1386,0582_c0008_005.jpg,582,7,-1,True,175,8550,0.7719227969017394,0.2249357326478149,1,778,1,1,1,1
1387,0582_c0008_010.jpg,582,7,-1,True,175,8550,0.7391043323062934,0.23333333333333334,1,750,1,1,1,1
1388,0582_c0008_015.jpg,582,7,-1,True,175,8550,0.7666089512792018,0.22095959595959597,1,792,1,1,1,1
1389,0582_c0008_020.jpg,582,7,-1,True,175,8550,0.755355511158526,0.21929824561403508,1,798,1,1,1,1
1390,0584_c0001_000.jpg,584,0,-1,True,175,8550,0.9365497476594695,0.6756756756756757,1,259,1,1,1,1
1391,0584_c0001_005.jpg,584,0,-1,True,175,8550,0.8941212173976497,0.5520504731861199,1,317,1,1,1,1
1392,0584_c0001_010.jpg,584,0,-1,True,175,8550,0.926757709107215,0.68359375,1,256,1,1,1,1
1393,0584_c0001_015.jpg,584,0,-1,True,175,8550,0.9072265481482582,0.5591054313099042,1,313,1,1,1,1
1394,0584_c0001_020.jpg,584,0,-1,True,175,8550,0.9443789876640669,0.7172131147540983,1,244,1,1,1,1
1395,0584_c0002_000.jpg,584,1,-1,True,175,8550,0.9375924070646388,0.5794701986754967,1,302,1,1,1,1
1396,0584_c0002_005.jpg,584,1,-1,True,175,8550,0.9331676664048986,0.5537974683544303,1,316,1,1,1,1
1397,0584_c0002_010.jpg,584,1,-1,True,175,8550,0.9232163772689881,0.5072463768115942,1,345,1,1,1,1
1398,0584_c0002_015.jpg,584,1,-1,True,175,8550,0.9156108563317323,0.5131964809384164,1,341,1,1,1,1
1399,0584_c0002_020.jpg,584,1,-1,True,175,8550,0.9133966998943416,0.4943502824858757,1,354,1,1,1,1
1400,0584_c0003_000.jpg,584,2,-1,True,175,8550,0.7365565927446838,0.3113879003558719,1,562,1,1,1,1
1401,0584_c0003_005.jpg,584,2,-1,True,175,8550,0.751560272073211,0.35714285714285715,1,490,1,1,1,1
1402,0584_c0003_010.jpg,584,2,-1,True,175,8550,0.7617395366807299,0.37154989384288745,1,471,1,1,1,1
1403,0584_c0003_015.jpg,584,2,-1,True,175,8550,0.7921906345468646,0.40229885057471265,1,435,1,1,1,1
1404,0584_c0003_020.jpg,584,2,-1,True,175,8550,0.7552810957160621,0.4107981220657277,1,426,1,1,1,1
1405,0584_c0004_000.jpg,584,3,-1,True,175,8550,0.9323298565887052,0.8215962441314554,1,213,1,1,1,1
1406,0584_c0004_005.jpg,584,3,-1,True,175,8550,0.9363461746005198,0.8215962441314554,1,213,1,1,1,1
1407,0584_c0004_010.jpg,584,3,-1,True,175,8550,0.9230168606495583,0.8293838862559242,1,211,1,1,1,1
1408,0584_c0004_015.jpg,584,3,-1,True,175,8550,0.933136935031308,0.8495145631067961,1,206,1,1,1,1
1409,0584_c0004_020.jpg,584,3,-1,True,175,8550,0.9251179972095015,0.8254716981132075,1,212,1,1,1,1
1410,0584_c0005_000.jpg,584,4,-1,True,175,8550,0.7899056084798092,0.39325842696629215,1,445,1,1,1,1
1411,0584_c0005_005.jpg,584,4,-1,True,175,8550,0.7930124628034524,0.41866028708133973,1,418,1,1,1,1
1412,0584_c0005_010.jpg,584,4,-1,True,175,8550,0.7800866303771878,0.35070140280561124,1,499,1,1,1,1
1413,0584_c0005_015.jpg,584,4,-1,True,175,8550,0.7906842665578683,0.390625,1,448,1,1,1,1
1414,0584_c0005_020.jpg,584,4,-1,True,175,8550,0.7855089517280536,0.3615702479338843,1,484,1,1,1,1
1415,0584_c0006_000.jpg,584,5,-1,True,175,8550,0.9430240490498224,0.5663430420711975,1,309,1,1,1,1
1416,0584_c0006_005.jpg,584,5,-1,True,175,8550,0.9299616278351011,0.45931758530183725,1,381,1,1,1,1
1417,0584_c0006_010.jpg,584,5,-1,True,175,8550,0.925467058613077,0.4498714652956298,1,389,1,1,1,1
1418,0584_c0006_015.jpg,584,5,-1,True,175,8550,0.9211341748715923,0.4166666666666667,1,420,1,1,1,1
1419,0584_c0006_020.jpg,584,5,-1,True,175,8550,0.9158364393131504,0.38802660753880264,1,451,1,1,1,1
1420,0584_c0007_000.jpg,584,6,-1,True,175,8550,0.6234353450229148,0.3630705394190871,1,482,1,1,1,1
1421,0584_c0007_005.jpg,584,6,-1,True,175,8550,0.6385143093238339,0.39414414414414417,1,444,1,1,1,1
1422,0584_c0007_010.jpg,584,6,-1,True,175,8550,0.6646940123735574,0.38802660753880264,1,451,1,1,1,1
1423,0584_c0007_015.jpg,584,6,-1,True,175,8550,0.640969556860635,0.360082304526749,1,486,1,1,1,1
1424,0584_c0007_020.jpg,584,6,-1,True,175,8550,0.7276211072229255,0.49295774647887325,1,355,1,1,1,1
1425,0584_c0008_000.jpg,584,7,-1,True,175,8550,0.7579061294046702,0.5255255255255256,1,333,1,1,1,1
1426,0584_c0008_005.jpg,584,7,-1,True,175,8550,0.7690349217209688,0.5555555555555556,1,315,1,1,1,1
1427,0584_c0008_010.jpg,584,7,-1,True,175,8550,0.7588775570437198,0.5681818181818182,1,308,1,1,1,1
1428,0584_c0008_015.jpg,584,7,-1,True,175,8550,0.7316581005068344,0.47554347826086957,1,368,1,1,1,1
1429,0584_c0008_020.jpg,584,7,-1,True,175,8550,0.721024944855224,0.48476454293628807,1,361,1,1,1,1
1430,0586_c0001_000.jpg,586,0,-1,True,175,8550,0.9875818644591023,0.875,1,200,1,1,1,1
1431,0586_c0001_005.jpg,586,0,-1,True,175,8550,0.9990166395795518,0.9776536312849162,1,179,1,1,1,1
1432,0586_c0001_010.jpg,586,0,-1,True,175,8550,0.996056389775297,0.9210526315789473,1,190,1,1,1,1
1433,0586_c0001_015.jpg,586,0,-1,True,175,8550,0.9890574470971507,0.8706467661691543,1,201,1,1,1,1
1434,0586_c0001_020.jpg,586,0,-1,True,175,8550,0.9844111150469655,0.8495145631067961,1,206,1,1,1,1
1435,0586_c0002_000.jpg,586,1,-1,True,175,8550,0.980824147958727,0.8706467661691543,1,201,1,1,1,1
1436,0586_c0002_005.jpg,586,1,-1,True,175,8550,0.9793515713416996,0.8578431372549019,1,204,1,1,1,1
1437,0586_c0002_010.jpg,586,1,-1,True,175,8550,0.9798414742636947,0.7954545454545454,1,220,1,1,1,1
1438,0586_c0002_015.jpg,586,1,-1,True,175,8550,0.9888528110488304,0.8620689655172413,1,203,1,1,1,1
1439,0586_c0002_020.jpg,586,1,-1,True,175,8550,0.9800750787444187,0.8454106280193237,1,207,1,1,1,1
1440,0586_c0003_000.jpg,586,2,-1,True,175,8550,0.9034025061243576,0.5627009646302251,1,311,1,1,1,1
1441,0586_c0003_005.jpg,586,2,-1,True,175,8550,0.9077898218043632,0.5520504731861199,1,317,1,1,1,1
1442,0586_c0003_010.jpg,586,2,-1,True,175,8550,0.9095781695278311,0.5401234567901234,1,324,1,1,1,1
1443,0586_c0003_015.jpg,586,2,-1,True,175,8550,0.9504912009193841,0.6161971830985915,1,284,1,1,1,1
1444,0586_c0003_020.jpg,586,2,-1,True,175,8550,0.9383649773765782,0.5756578947368421,1,304,1,1,1,1
1445,0586_c0004_000.jpg,586,3,-1,True,175,8550,1.0,1.0,1,175,1,1,1,1
1446,0586_c0004_005.jpg,586,3,-1,True,175,8550,1.0,1.0,1,175,1,1,1,1
1447,0586_c0004_010.jpg,586,3,-1,True,175,8550,1.0,1.0,1,175,1,1,1,1
1448,0586_c0004_015.jpg,586,3,-1,True,175,8550,1.0,1.0,1,175,1,1,1,1
1449,0586_c0004_020.jpg,586,3,-1,True,175,8550,1.0,1.0,1,175,1,1,1,1
1450,0586_c0005_000.jpg,586,4,-1,True,175,8550,0.9999675324675324,0.9943181818181818,1,176,1,1,1,1
1451,0586_c0005_005.jpg,586,4,-1,True,175,8550,0.9966730151359301,0.9114583333333334,1,192,1,1,1,1
1452,0586_c0005_010.jpg,586,4,-1,True,175,8550,0.9976489374530011,0.9408602150537635,1,186,1,1,1,1
1453,0586_c0005_015.jpg,586,4,-1,True,175,8550,0.998199630698753,0.9510869565217391,1,184,1,1,1,1
1454,0586_c0005_020.jpg,586,4,-1,True,175,8550,0.9946507951185907,0.8793969849246231,1,199,1,1,1,1
1455,0586_c0006_000.jpg,586,5,-1,True,175,8550,1.0,1.0,1,175,1,1,1,1
1456,0586_c0006_005.jpg,586,5,-1,True,175,8550,1.0,1.0,1,175,1,1,1,1
1457,0586_c0006_010.jpg,586,5,-1,True,175,8550,1.0,1.0,1,175,1,1,1,1
1458,0586_c0006_015.jpg,586,5,-1,True,175,8550,0.9999675324675324,0.9943181818181818,1,176,1,1,1,1
1459,0586_c0006_020.jpg,586,5,-1,True,175,8550,1.0,1.0,1,175,1,1,1,1
1460,0586_c0007_000.jpg,586,6,-1,True,175,8550,1.0,1.0,1,175,1,1,1,1
1461,0586_c0007_005.jpg,586,6,-1,True,175,8550,1.0,1.0,1,175,1,1,1,1
1462,0586_c0007_010.jpg,586,6,-1,True,175,8550,1.0,1.0,1,175,1,1,1,1
1463,0586_c0007_015.jpg,586,6,-1,True,175,8550,1.0,1.0,1,175,1,1,1,1
1464,0586_c0007_020.jpg,586,6,-1,True,175,8550,1.0,1.0,1,175,1,1,1,1
1465,0586_c0008_000.jpg,586,7,-1,True,175,8550,0.9984601109958466,0.9668508287292817,1,181,1,1,1,1
1466,0586_c0008_005.jpg,586,7,-1,True,175,8550,1.0,1.0,1,175,1,1,1,1
1467,0586_c0008_010.jpg,586,7,-1,True,175,8550,0.9992177467459633,0.9776536312849162,1,179,1,1,1,1
1468,0586_c0008_015.jpg,586,7,-1,True,175,8550,0.9963391711739616,0.9668508287292817,1,181,1,1,1,1
1469,0586_c0008_020.jpg,586,7,-1,True,175,8550,0.9978499696782069,0.9668508287292817,1,181,1,1,1,1
1470,0588_c0001_000.jpg,588,0,-1,True,175,8550,0.8762532515079108,0.5177514792899408,1,338,1,1,1,1
1471,0588_c0001_005.jpg,588,0,-1,True,175,8550,0.8583534172674907,0.5573248407643312,1,314,1,1,1,1
1472,0588_c0001_010.jpg,588,0,-1,True,175,8550,0.9146238138260816,0.5756578947368421,1,304,1,1,1,1
1473,0588_c0001_015.jpg,588,0,-1,True,175,8550,0.8606608720632877,0.501432664756447,1,349,1,1,1,1
1474,0588_c0001_020.jpg,588,0,-1,True,175,8550,0.8996027395554178,0.4861111111111111,1,360,1,1,1,1
1475,0588_c0002_000.jpg,588,1,-1,True,175,8550,0.8943197536533184,0.4794520547945205,1,365,1,1,1,1
1476,0588_c0002_005.jpg,588,1,-1,True,175,8550,0.9175245658649203,0.5434782608695652,1,322,1,1,1,1
1477,0588_c0002_010.jpg,588,1,-1,True,175,8550,0.9240711975084316,0.5718954248366013,1,306,1,1,1,1
1478,0588_c0002_015.jpg,588,1,-1,True,175,8550,0.9126851979165901,0.5813953488372093,1,301,1,1,1,1
1479,0588_c0002_020.jpg,588,1,-1,True,175,8550,0.9044860031454726,0.5287009063444109,1,331,1,1,1,1
1480,0588_c0003_000.jpg,588,2,-1,True,175,8550,0.97605201316723,0.7383966244725738,1,237,1,1,1,1
1481,0588_c0003_005.jpg,588,2,-1,True,175,8550,0.9585756380544295,0.6653992395437263,1,263,1,1,1,1
1482,0588_c0003_010.jpg,588,2,-1,True,175,8550,0.9614016431355377,0.6704980842911877,1,261,1,1,1,1
1483,0588_c0003_015.jpg,588,2,-1,True,175,8550,0.9574661975174078,0.6340579710144928,1,276,1,1,1,1
1484,0588_c0003_020.jpg,588,2,-1,True,175,8550,0.9535595144086892,0.6340579710144928,1,276,1,1,1,1
1485,0588_c0004_000.jpg,588,3,-1,True,175,8550,0.6434552551185659,0.31194295900178254,1,561,1,1,1,1
1486,0588_c0004_005.jpg,588,3,-1,True,175,8550,0.6384195735280278,0.30809859154929575,1,568,1,1,1,1
1487,0588_c0004_010.jpg,588,3,-1,True,175,8550,0.6766299876147549,0.352112676056338,1,497,1,1,1,1
1488,0588_c0004_015.jpg,588,3,-1,True,175,8550,0.6217689394145636,0.2976190476190476,1,588,1,1,1,1
1489,0588_c0004_020.jpg,588,3,-1,True,175,8550,0.6398044200700121,0.32833020637898686,1,533,1,1,1,1
1490,0588_c0005_000.jpg,588,4,-1,True,175,8550,0.9722958207331931,0.7415254237288136,1,236,1,1,1,1
1491,0588_c0005_005.jpg,588,4,-1,True,175,8550,0.9661517696857644,0.708502024291498,1,247,1,1,1,1
1492,0588_c0005_010.jpg,588,4,-1,True,175,8550,0.9700589913781383,0.7383966244725738,1,237,1,1,1,1
1493,0588_c0005_015.jpg,588,4,-1,True,175,8550,0.9842393071431895,0.8254716981132075,1,212,1,1,1,1
1494,0588_c0005_020.jpg,588,4,-1,True,175,8550,0.9889068584512428,0.8663366336633663,1,202,1,1,1,1
1495,0588_c0006_000.jpg,588,5,-1,True,175,8550,0.9144063272974303,0.8706467661691543,1,201,1,1,1,1
1496,0588_c0006_005.jpg,588,5,-1,True,175,8550,0.9589410440338182,0.875,1,200,1,1,1,1
1497,0588_c0006_010.jpg,588,5,-1,True,175,8550,0.9594863507583783,0.875,1,200,1,1,1,1
1498,0588_c0006_015.jpg,588,5,-1,True,175,8550,0.951865261732991,0.875,1,200,1,1,1,1
1499,0588_c0006_020.jpg,588,5,-1,True,175,8550,0.9442007638687459,0.875,1,200,1,1,1,1
1500,0588_c0007_000.jpg,588,6,-1,True,175,8550,0.9666181464869179,0.7,1,250,1,1,1,1
1501,0588_c0007_005.jpg,588,6,-1,True,175,8550,0.9757274498358025,0.7261410788381742,1,241,1,1,1,1
1502,0588_c0007_010.jpg,588,6,-1,True,175,8550,0.9687325742591868,0.7028112449799196,1,249,1,1,1,1
1503,0588_c0007_015.jpg,588,6,-1,True,175,8550,0.9978273671578589,0.9459459459459459,1,185,1,1,1,1
1504,0588_c0007_020.jpg,588,6,-1,True,175,8550,0.9933291864940829,0.8663366336633663,1,202,1,1,1,1
1505,0588_c0008_000.jpg,588,7,-1,True,175,8550,0.9916020649577231,0.8536585365853658,1,205,1,1,1,1
1506,0588_c0008_005.jpg,588,7,-1,True,175,8550,0.9867530620221422,0.7352941176470589,1,238,1,1,1,1
1507,0588_c0008_010.jpg,588,7,-1,True,175,8550,0.97660982492946,0.6457564575645757,1,271,1,1,1,1
1508,0588_c0008_015.jpg,588,7,-1,True,175,8550,0.9806859762762479,0.6730769230769231,1,260,1,1,1,1
1509,0588_c0008_020.jpg,588,7,-1,True,175,8550,0.9761391731029,0.6554307116104869,1,267,1,1,1,1
1510,0590_c0001_000.jpg,590,0,-1,True,150,8550,0.9999558498896247,0.9933774834437086,1,151,1,1,1,1
1511,0590_c0001_005.jpg,590,0,-1,True,150,8550,1.0,1.0,1,150,1,1,1,1
1512,0590_c0001_010.jpg,590,0,-1,True,150,8550,1.0,1.0,1,150,1,1,1,1
1513,0590_c0001_015.jpg,590,0,-1,True,150,8550,1.0,1.0,1,150,1,1,1,1
1514,0590_c0001_020.jpg,590,0,-1,True,150,8550,1.0,1.0,1,150,1,1,1,1
1515,0590_c0002_000.jpg,590,1,-1,True,150,8550,0.9910219581106742,0.7894736842105263,1,190,1,1,1,1
1516,0590_c0002_005.jpg,590,1,-1,True,150,8550,0.9840764225303189,0.872093023255814,1,172,1,1,1,1
1517,0590_c0002_010.jpg,590,1,-1,True,150,8550,0.83482052099686,0.47468354430379744,1,316,1,1,1,1
1518,0590_c0002_015.jpg,590,1,-1,True,150,8550,0.8213604878061597,0.3740648379052369,1,401,1,1,1,1
1519,0590_c0002_020.jpg,590,1,-1,True,150,8550,0.9981136664961654,0.9433962264150944,1,159,1,1,1,1
1520,0590_c0004_000.jpg,590,3,-1,True,150,8550,0.9274457467599371,0.5119453924914675,1,293,1,1,1,1
1521,0590_c0004_005.jpg,590,3,-1,True,150,8550,0.9106368206882519,0.4491017964071856,1,334,1,1,1,1
1522,0590_c0004_010.jpg,590,3,-1,True,150,8550,0.925413871673025,0.4807692307692308,1,312,1,1,1,1
1523,0590_c0004_015.jpg,590,3,-1,True,150,8550,0.8767251254147888,0.3778337531486146,1,397,1,1,1,1
1524,0590_c0004_020.jpg,590,3,-1,True,150,8550,0.8979008196378045,0.3856041131105398,1,389,1,1,1,1
1525,0590_c0005_000.jpg,590,4,-1,True,150,8550,1.0,1.0,1,150,1,1,1,1
1526,0590_c0005_005.jpg,590,4,-1,True,150,8550,1.0,1.0,1,150,1,1,1,1
1527,0590_c0005_010.jpg,590,4,-1,True,150,8550,1.0,1.0,1,150,1,1,1,1
1528,0590_c0005_015.jpg,590,4,-1,True,150,8550,0.9999558498896247,0.9933774834437086,1,151,1,1,1,1
1529,0590_c0005_020.jpg,590,4,-1,True,150,8550,1.0,1.0,1,150,1,1,1,1
1530,0590_c0006_000.jpg,590,5,-1,True,150,8550,0.9995636589989532,0.974025974025974,1,154,1,1,1,1
1531,0590_c0006_005.jpg,590,5,-1,True,150,8550,0.998815116666791,0.9615384615384616,1,156,1,1,1,1
1532,0590_c0006_010.jpg,590,5,-1,True,150,8550,0.9989509449598503,0.9615384615384616,1,156,1,1,1,1
1533,0590_c0006_015.jpg,590,5,-1,True,150,8550,0.9998216176708288,0.9933774834437086,1,151,1,1,1,1
1534,0590_c0006_020.jpg,590,5,-1,True,150,8550,0.9998216176708288,0.9933774834437086,1,151,1,1,1,1
1535,0590_c0007_000.jpg,590,6,-1,True,150,8550,1.0,1.0,1,150,1,1,1,1
1536,0590_c0007_005.jpg,590,6,-1,True,150,8550,1.0,1.0,1,150,1,1,1,1
1537,0590_c0007_010.jpg,590,6,-1,True,150,8550,1.0,1.0,1,150,1,1,1,1
1538,0590_c0007_015.jpg,590,6,-1,True,150,8550,1.0,1.0,1,150,1,1,1,1
1539,0590_c0007_020.jpg,590,6,-1,True,150,8550,1.0,1.0,1,150,1,1,1,1
1540,0590_c0008_000.jpg,590,7,-1,True,150,8550,0.9731799129933809,0.6172839506172839,1,243,1,1,1,1
1541,0590_c0008_005.jpg,590,7,-1,True,150,8550,0.9803852414742852,0.6550218340611353,1,229,1,1,1,1
1542,0590_c0008_010.jpg,590,7,-1,True,150,8550,0.9557321874724952,0.4424778761061947,1,339,1,1,1,1
1543,0590_c0008_015.jpg,590,7,-1,True,150,8550,0.9686430241964615,0.5597014925373134,1,268,1,1,1,1
1544,0590_c0008_020.jpg,590,7,-1,True,150,8550,0.9768707485116466,0.5725190839694656,1,262,1,1,1,1
1545,0592_c0001_000.jpg,592,0,-1,True,125,8550,0.9884046612947571,0.7225433526011561,1,173,1,1,1,1
1546,0592_c0001_005.jpg,592,0,-1,True,125,8550,0.938957444632758,0.6510416666666666,1,192,1,1,1,1
1547,0592_c0001_010.jpg,592,0,-1,True,125,8550,0.9611004544752086,0.6443298969072165,1,194,1,1,1,1
1548,0592_c0001_015.jpg,592,0,-1,True,125,8550,0.9741626816739158,0.628140703517588,1,199,1,1,1,1
1549,0592_c0001_020.jpg,592,0,-1,True,125,8550,0.9803919451501768,0.6410256410256411,1,195,1,1,1,1
1550,0592_c0002_000.jpg,592,1,-1,True,125,8550,0.9814969973073794,0.8333333333333334,1,150,1,1,1,1
1551,0592_c0002_005.jpg,592,1,-1,True,125,8550,0.9776752558015465,0.8012820512820513,1,156,1,1,1,1
1552,0592_c0002_010.jpg,592,1,-1,True,125,8550,0.9683072087574258,0.7861635220125787,1,159,1,1,1,1
1553,0592_c0002_015.jpg,592,1,-1,True,125,8550,0.9670235345455994,0.7961783439490446,1,157,1,1,1,1
1554,0592_c0002_020.jpg,592,1,-1,True,125,8550,0.9622148838206918,0.7225433526011561,1,173,1,1,1,1
1555,0592_c0003_000.jpg,592,2,-1,True,125,8550,0.6056108858665012,0.30864197530864196,1,405,1,1,1,1
1556,0592_c0003_005.jpg,592,2,-1,True,125,8550,0.6862563255772165,0.33783783783783783,1,370,1,1,1,1
1557,0592_c0003_010.jpg,592,2,-1,True,125,8550,0.8136593997927197,0.38819875776397517,1,322,1,1,1,1
1558,0592_c0003_015.jpg,592,2,-1,True,125,8550,0.7407645982124477,0.3698224852071006,1,338,1,1,1,1
1559,0592_c0003_020.jpg,592,2,-1,True,125,8550,0.7384738044205209,0.3943217665615142,1,317,1,1,1,1
1560,0592_c0005_000.jpg,592,4,-1,True,125,8550,0.9080330401145061,0.7142857142857143,1,175,1,1,1,1
1561,0592_c0005_005.jpg,592,4,-1,True,125,8550,0.9213892728736467,0.7142857142857143,1,175,1,1,1,1
1562,0592_c0005_010.jpg,592,4,-1,True,125,8550,0.9080552999735007,0.7142857142857143,1,175,1,1,1,1
1563,0592_c0005_015.jpg,592,4,-1,True,125,8550,0.9045406464651046,0.7142857142857143,1,175,1,1,1,1
1564,0592_c0005_020.jpg,592,4,-1,True,125,8550,0.8827638489177767,0.7142857142857143,1,175,1,1,1,1
1565,0592_c0006_000.jpg,592,5,-1,True,125,8550,0.9454969189722201,0.6313131313131313,1,198,1,1,1,1
1566,0592_c0006_005.jpg,592,5,-1,True,125,8550,0.9269370502569843,0.5122950819672131,1,244,1,1,1,1
1567,0592_c0006_010.jpg,592,5,-1,True,125,8550,0.956723890495149,0.6793478260869565,1,184,1,1,1,1
1568,0592_c0006_015.jpg,592,5,-1,True,125,8550,0.9397156809304995,0.6410256410256411,1,195,1,1,1,1
1569,0592_c0006_020.jpg,592,5,-1,True,125,8550,0.945153965463622,0.6544502617801047,1,191,1,1,1,1
1570,0592_c0007_000.jpg,592,6,-1,True,125,8550,0.9233155298433564,0.5458515283842795,1,229,1,1,1,1
1571,0592_c0007_005.jpg,592,6,-1,True,125,8550,0.928410704091591,0.5605381165919282,1,223,1,1,1,1
1572,0592_c0007_010.jpg,592,6,-1,True,125,8550,0.9089959802734369,0.5230125523012552,1,239,1,1,1,1
1573,0592_c0007_015.jpg,592,6,-1,True,125,8550,0.9180077212279627,0.5434782608695652,1,230,1,1,1,1
1574,0592_c0007_020.jpg,592,6,-1,True,125,8550,0.9231580487942083,0.5411255411255411,1,231,1,1,1,1
1575,0594_c0001_000.jpg,594,0,-1,True,150,8550,0.9977790351713939,0.9090909090909091,1,165,1,1,1,1
1576,0594_c0001_005.jpg,594,0,-1,True,150,8550,0.9992676716768498,0.9493670886075949,1,158,1,1,1,1
1577,0594_c0001_010.jpg,594,0,-1,True,150,8550,0.9825554277047801,0.746268656716418,1,201,1,1,1,1
1578,0594_c0001_015.jpg,594,0,-1,True,150,8550,0.9874599261974469,0.7853403141361257,1,191,1,1,1,1
1579,0594_c0001_020.jpg,594,0,-1,True,150,8550,0.9998268398268398,0.974025974025974,1,154,1,1,1,1
1580,0594_c0002_000.jpg,594,1,-1,True,150,8550,1.0,1.0,1,150,1,1,1,1
1581,0594_c0002_005.jpg,594,1,-1,True,150,8550,1.0,1.0,1,150,1,1,1,1
1582,0594_c0002_010.jpg,594,1,-1,True,150,8550,1.0,1.0,1,150,1,1,1,1
1583,0594_c0002_015.jpg,594,1,-1,True,150,8550,1.0,1.0,1,150,1,1,1,1
1584,0594_c0002_020.jpg,594,1,-1,True,150,8550,1.0,1.0,1,150,1,1,1,1
1585,0594_c0003_000.jpg,594,2,-1,True,150,8550,0.8844761623484495,0.6666666666666666,1,225,1,1,1,1
1586,0594_c0003_005.jpg,594,2,-1,True,150,8550,0.8849549583052806,0.6666666666666666,1,225,1,1,1,1
1587,0594_c0003_010.jpg,594,2,-1,True,150,8550,0.8844045967546683,0.6666666666666666,1,225,1,1,1,1
1588,0594_c0003_015.jpg,594,2,-1,True,150,8550,0.907713066684906,0.6666666666666666,1,225,1,1,1,1
1589,0594_c0003_020.jpg,594,2,-1,True,150,8550,0.917576750922983,0.6666666666666666,1,225,1,1,1,1
1590,0594_c0005_000.jpg,594,4,-1,True,150,8550,0.9999122807017545,0.9868421052631579,1,152,1,1,1,1
1591,0594_c0005_005.jpg,594,4,-1,True,150,8550,0.9998248366013074,0.9803921568627451,1,153,1,1,1,1
1592,0594_c0005_010.jpg,594,4,-1,True,150,8550,1.0,1.0,1,150,1,1,1,1
1593,0594_c0005_015.jpg,594,4,-1,True,150,8550,1.0,1.0,1,150,1,1,1,1
1594,0594_c0005_020.jpg,594,4,-1,True,150,8550,0.9996026064774992,0.9803921568627451,1,153,1,1,1,1
1595,0594_c0006_000.jpg,594,5,-1,True,150,8550,1.0,1.0,1,150,1,1,1,1
1596,0594_c0006_005.jpg,594,5,-1,True,150,8550,1.0,1.0,1,150,1,1,1,1
1597,0594_c0006_010.jpg,594,5,-1,True,150,8550,1.0,1.0,1,150,1,1,1,1
1598,0594_c0006_015.jpg,594,5,-1,True,150,8550,1.0,1.0,1,150,1,1,1,1
1599,0594_c0006_020.jpg,594,5,-1,True,150,8550,1.0,1.0,1,150,1,1,1,1
1600,0594_c0007_000.jpg,594,6,-1,True,150,8550,1.0,1.0,1,150,1,1,1,1
1601,0594_c0007_005.jpg,594,6,-1,True,150,8550,1.0,1.0,1,150,1,1,1,1
1602,0594_c0007_010.jpg,594,6,-1,True,150,8550,1.0,1.0,1,150,1,1,1,1
1603,0594_c0007_015.jpg,594,6,-1,True,150,8550,1.0,1.0,1,150,1,1,1,1
1604,0594_c0007_020.jpg,594,6,-1,True,150,8550,1.0,1.0,1,150,1,1,1,1
1605,0594_c0008_000.jpg,594,7,-1,True,150,8550,0.8866628133485458,0.6302521008403361,1,238,1,1,1,1
1606,0594_c0008_005.jpg,594,7,-1,True,150,8550,0.6652287195113554,0.5415162454873647,1,277,1,1,1,1
1607,0594_c0008_010.jpg,594,7,-1,True,150,8550,0.849615196571415,0.5928853754940712,1,253,1,1,1,1
1608,0594_c0008_015.jpg,594,7,-1,True,150,8550,0.8521280117492648,0.6666666666666666,1,225,1,1,1,1
1609,0594_c0008_020.jpg,594,7,-1,True,150,8550,0.8598629939535135,0.6666666666666666,1,225,1,1,1,1
1610,0596_c0001_000.jpg,596,0,-1,True,175,8550,0.9956590176234671,0.7322175732217573,1,239,1,1,1,1
1611,0596_c0001_005.jpg,596,0,-1,True,175,8550,0.9799879391539936,0.5351681957186545,1,327,1,1,1,1
1612,0596_c0001_010.jpg,596,0,-1,True,175,8550,0.9636791965753683,0.5,1,350,1,1,1,1
1613,0596_c0001_015.jpg,596,0,-1,True,175,8550,0.9473826806777392,0.4985754985754986,1,351,1,1,1,1
1614,0596_c0001_020.jpg,596,0,-1,True,175,8550,0.977329369491955,0.7882882882882883,1,222,1,1,1,1
1615,0596_c0002_000.jpg,596,1,-1,True,175,8550,0.498799422738254,0.341130604288499,5,513,0,1,1,1
1616,0596_c0002_005.jpg,596,1,-1,True,175,8550,0.9017306287423346,0.3668763102725367,1,477,1,1,1,1
1617,0596_c0002_010.jpg,596,1,-1,True,175,8550,0.9099299796426567,0.31992687385740404,1,547,1,1,1,1
1618,0596_c0002_015.jpg,596,1,-1,True,175,8550,0.8958334457552422,0.28501628664495116,1,614,1,1,1,1
1619,0596_c0002_020.jpg,596,1,-1,True,175,8550,0.8946995046640901,0.2996575342465753,1,584,1,1,1,1
1620,0596_c0003_000.jpg,596,2,-1,True,175,8550,0.9685494802611592,0.4943502824858757,1,354,1,1,1,1
1621,0596_c0003_005.jpg,596,2,-1,True,175,8550,0.9305261733465672,0.4794520547945205,1,365,1,1,1,1
1622,0596_c0003_010.jpg,596,2,-1,True,175,8550,0.9337127422308095,0.44191919191919193,1,396,1,1,1,1
1623,0596_c0003_015.jpg,596,2,-1,True,175,8550,0.9422938900291794,0.45691906005221933,1,383,1,1,1,1
1624,0596_c0003_020.jpg,596,2,-1,True,175,8550,0.9566693770805952,0.4820936639118457,1,363,1,1,1,1
1625,0596_c0004_000.jpg,596,3,-1,True,175,8550,0.9651811705941704,0.5737704918032787,1,305,1,1,1,1
1626,0596_c0004_005.jpg,596,3,-1,True,175,8550,0.9647190376652814,0.625,1,280,1,1,1,1
1627,0596_c0004_010.jpg,596,3,-1,True,175,8550,0.9649798537253511,0.5775577557755776,1,303,1,1,1,1
1628,0596_c0004_015.jpg,596,3,-1,True,175,8550,0.9657226880261051,0.6055363321799307,1,289,1,1,1,1
1629,0596_c0004_020.jpg,596,3,-1,True,175,8550,0.9680230325662063,0.6554307116104869,1,267,1,1,1,1
1630,0596_c0005_000.jpg,596,4,-1,True,175,8550,0.9090437239525601,0.3431372549019608,1,510,1,1,1,1
1631,0596_c0005_005.jpg,596,4,-1,True,175,8550,0.9370257137607672,0.39592760180995473,1,442,1,1,1,1
1632,0596_c0005_010.jpg,596,4,-1,True,175,8550,0.8956776041646877,0.2217997465145754,1,789,1,1,1,1
1633,0596_c0005_015.jpg,596,4,-1,True,175,8550,0.9098259946451058,0.31645569620253167,1,553,1,1,1,1
1634,0596_c0005_020.jpg,596,4,-1,True,175,8550,0.8984698814225609,0.2827140549273021,1,619,1,1,1,1
1635,0596_c0006_000.jpg,596,5,-1,True,175,8550,0.9999027787386141,0.9887005649717514,1,177,1,1,1,1
1636,0596_c0006_005.jpg,596,5,-1,True,175,8550,0.9981930172332035,0.8663366336633663,1,202,1,1,1,1
1637,0596_c0006_010.jpg,596,5,-1,True,175,8550,1.0,1.0,1,175,1,1,1,1
1638,0596_c0006_015.jpg,596,5,-1,True,175,8550,1.0,1.0,1,175,1,1,1,1
1639,0596_c0006_020.jpg,596,5,-1,True,175,8550,1.0,1.0,1,175,1,1,1,1
1640,0596_c0007_000.jpg,596,6,-1,True,175,8550,0.9942471210706505,0.6481481481481481,1,270,1,1,1,1
1641,0596_c0007_005.jpg,596,6,-1,True,175,8550,0.993744202422881,0.6294964028776978,1,278,1,1,1,1
1642,0596_c0007_010.jpg,596,6,-1,True,175,8550,0.9938784352749842,0.6363636363636364,1,275,1,1,1,1
1643,0596_c0007_015.jpg,596,6,-1,True,175,8550,0.9924500177318555,0.5627009646302251,1,311,1,1,1,1
1644,0596_c0007_020.jpg,596,6,-1,True,175,8550,0.9955230019739965,0.7142857142857143,1,245,1,1,1,1
1645,0596_c0008_000.jpg,596,7,-1,True,175,8550,0.9879838144725979,0.7641921397379913,1,229,1,1,1,1
1646,0596_c0008_005.jpg,596,7,-1,True,175,8550,0.9959194502913271,0.7777777777777778,1,225,1,1,1,1
1647,0596_c0008_010.jpg,596,7,-1,True,175,8550,0.9983733692369887,0.8883248730964467,1,197,1,1,1,1
1648,0596_c0008_015.jpg,596,7,-1,True,175,8550,0.9962331333575729,0.78125,1,224,1,1,1,1
1649,0596_c0008_020.jpg,596,7,-1,True,175,8550,0.9947565363622543,0.7709251101321586,1,227,1,1,1,1
1650,0598_c0001_000.jpg,598,0,-1,True,100,8550,0.9027928092220024,0.49261083743842365,1,203,1,1,1,1
1651,0598_c0001_005.jpg,598,0,-1,True,100,8550,0.9752461196741126,0.7874015748031497,1,127,1,1,1,1
1652,0598_c0001_010.jpg,598,0,-1,True,100,8550,1.0,1.0,1,100,1,1,1,1
1653,0598_c0001_015.jpg,598,0,-1,True,100,8550,1.0,1.0,1,100,1,1,1,1
1654,0598_c0001_020.jpg,598,0,-1,True,100,8550,0.990926157118854,0.9345794392523364,1,107,1,1,1,1
1655,0598_c0002_000.jpg,598,1,-1,True,100,8550,1.0,1.0,1,100,1,1,1,1
1656,0598_c0002_005.jpg,598,1,-1,True,100,8550,1.0,1.0,1,100,1,1,1,1
1657,0598_c0002_010.jpg,598,1,-1,True,100,8550,1.0,1.0,1,100,1,1,1,1
1658,0598_c0002_015.jpg,598,1,-1,True,100,8550,1.0,1.0,1,100,1,1,1,1
1659,0598_c0002_020.jpg,598,1,-1,True,100,8550,1.0,1.0,1,100,1,1,1,1
1660,0598_c0003_000.jpg,598,2,-1,True,100,8550,0.973014221730266,0.5102040816326531,1,196,1,1,1,1
1661,0598_c0003_005.jpg,598,2,-1,True,100,8550,0.9578260488479825,0.4854368932038835,1,206,1,1,1,1
1662,0598_c0003_010.jpg,598,2,-1,True,100,8550,0.9541211237070081,0.4608294930875576,1,217,1,1,1,1
1663,0598_c0003_015.jpg,598,2,-1,True,100,8550,0.9628147027341764,0.5076142131979695,1,197,1,1,1,1
1664,0598_c0003_020.jpg,598,2,-1,True,100,8550,0.9631801595874093,0.4830917874396135,1,207,1,1,1,1
1665,0598_c0007_000.jpg,598,6,-1,True,100,8550,0.7718757610483752,0.2840909090909091,1,352,1,1,1,1
1666,0598_c0007_005.jpg,598,6,-1,True,100,8550,0.8008792408041592,0.3184713375796178,1,314,1,1,1,1
1667,0598_c0007_010.jpg,598,6,-1,True,100,8550,0.7966538494342958,0.3105590062111801,1,322,1,1,1,1
1668,0598_c0007_015.jpg,598,6,-1,True,100,8550,0.787948807588006,0.2857142857142857,1,350,1,1,1,1
1669,0598_c0007_020.jpg,598,6,-1,True,100,8550,0.7856527466894088,0.30303030303030304,1,330,1,1,1,1
1670,0598_c0008_000.jpg,598,7,-1,True,100,8550,0.7989571161933783,0.4424778761061947,1,226,1,1,1,1
1671,0598_c0008_005.jpg,598,7,-1,True,100,8550,0.8324005464518457,0.5025125628140703,1,199,1,1,1,1
1672,0598_c0008_010.jpg,598,7,-1,True,100,8550,0.8588298013711854,0.5263157894736842,1,190,1,1,1,1
1673,0598_c0008_015.jpg,598,7,-1,True,100,8550,0.8563423312884421,0.5347593582887701,1,187,1,1,1,1
1674,0598_c0008_020.jpg,598,7,-1,True,100,8550,0.8986897306989355,0.6097560975609756,1,164,1,1,1,1
1675,0600_c0001_000.jpg,600,0,-1,True,175,8550,0.9235816028405754,0.5555555555555556,1,315,1,1,1,1
1676,0600_c0001_005.jpg,600,0,-1,True,175,8550,0.9652276948153089,0.7172131147540983,1,244,1,1,1,1
1677,0600_c0001_010.jpg,600,0,-1,True,175,8550,0.9510197058667202,0.45691906005221933,1,383,1,1,1,1
1678,0600_c0001_015.jpg,600,0,-1,True,175,8550,0.9861309135741821,0.7777777777777778,1,225,1,1,1,1
1679,0600_c0001_020.jpg,600,0,-1,True,175,8550,0.9987355073351244,0.9067357512953368,1,193,1,1,1,1
1680,0600_c0002_000.jpg,600,1,-1,True,175,8550,0.923962317615137,0.1343054489639294,1,1303,1,1,1,1
1681,0600_c0002_005.jpg,600,1,-1,True,175,8550,0.8928849624626517,0.1053582179409994,1,1661,1,1,1,1
1682,0600_c0002_010.jpg,600,1,-1,True,175,8550,0.8814276899406374,0.09090909090909091,1,1925,1,1,1,1
1683,0600_c0002_015.jpg,600,1,-1,True,175,8550,0.8918360757926724,0.11666666666666667,1,1500,1,1,1,1
1684,0600_c0002_020.jpg,600,1,-1,True,175,8550,0.8757506557892082,0.09636563876651982,1,1816,1,1,1,1
1685,0600_c0003_000.jpg,600,2,-1,True,175,8550,1.0,1.0,1,175,1,1,1,1
1686,0600_c0003_005.jpg,600,2,-1,True,175,8550,1.0,1.0,1,175,1,1,1,1
1687,0600_c0003_010.jpg,600,2,-1,True,175,8550,1.0,1.0,1,175,1,1,1,1
1688,0600_c0003_015.jpg,600,2,-1,True,175,8550,1.0,1.0,1,175,1,1,1,1
1689,0600_c0003_020.jpg,600,2,-1,True,175,8550,1.0,1.0,1,175,1,1,1,1
1690,0600_c0004_000.jpg,600,3,-1,True,175,8550,0.9481307364746546,0.4032258064516129,1,434,1,1,1,1
1691,0600_c0004_005.jpg,600,3,-1,True,175,8550,0.9540664583056592,0.4691689008042895,1,373,1,1,1,1
1692,0600_c0004_010.jpg,600,3,-1,True,175,8550,0.9010296939312155,0.16875602700096431,1,1037,1,1,1,1
1693,0600_c0004_015.jpg,600,3,-1,True,175,8550,0.8963420633768068,0.16084558823529413,1,1088,1,1,1,1
1694,0600_c0004_020.jpg,600,3,-1,True,175,8550,0.8541638888561162,0.08177570093457943,1,2140,1,1,1,1
1695,0600_c0005_000.jpg,600,4,-1,True,175,8550,0.9521616133524418,0.3141831238779174,1,557,1,1,1,1
1696,0600_c0005_005.jpg,600,4,-1,True,175,8550,0.9746772296918698,0.48746518105849584,1,359,1,1,1,1
1697,0600_c0005_010.jpg,600,4,-1,True,175,8550,0.9819782982923316,0.5208333333333334,1,336,1,1,1,1
1698,0600_c0005_015.jpg,600,4,-1,True,175,8550,0.9719206760777981,0.44529262086513993,1,393,1,1,1,1
1699,0600_c0005_020.jpg,600,4,-1,True,175,8550,0.979772137948077,0.550314465408805,1,318,1,1,1,1
1700,0600_c0006_000.jpg,600,5,-1,True,175,8550,0.9992154304191295,0.9020618556701031,1,194,1,1,1,1
1701,0600_c0006_005.jpg,600,5,-1,True,175,8550,0.9994940476190475,0.9114583333333334,1,192,1,1,1,1
1702,0600_c0006_010.jpg,600,5,-1,True,175,8550,0.9968900063864043,0.875,1,200,1,1,1,1
1703,0600_c0006_015.jpg,600,5,-1,True,175,8550,0.9956937244526005,0.875,1,200,1,1,1,1
1704,0600_c0006_020.jpg,600,5,-1,True,175,8550,0.998070347922841,0.875,1,200,1,1,1,1
1705,0600_c0007_000.jpg,600,6,-1,True,175,8550,1.0,1.0,1,175,1,1,1,1
1706,0600_c0007_005.jpg,600,6,-1,True,175,8550,1.0,1.0,1,175,1,1,1,1
1707,0600_c0007_010.jpg,600,6,-1,True,175,8550,1.0,1.0,1,175,1,1,1,1
1708,0600_c0007_015.jpg,600,6,-1,True,175,8550,1.0,1.0,1,175,1,1,1,1
1709,0600_c0007_020.jpg,600,6,-1,True,175,8550,1.0,1.0,1,175,1,1,1,1
1710,0600_c0008_000.jpg,600,7,-1,True,175,8550,1.0,1.0,1,175,1,1,1,1
1711,0600_c0008_005.jpg,600,7,-1,True,175,8550,0.999633307868602,0.9358288770053476,1,187,1,1,1,1
1712,0600_c0008_010.jpg,600,7,-1,True,175,8550,0.9997802197802197,0.9615384615384616,1,182,1,1,1,1
1713,0600_c0008_015.jpg,600,7,-1,True,175,8550,1.0,1.0,1,175,1,1,1,1
1714,0600_c0008_020.jpg,600,7,-1,True,175,8550,0.9989648845021046,0.8974358974358975,1,195,1,1,1,1
