query_index,name,identity,camera,scene,valid,relevant_gallery,kept_gallery,AP,INP,first_match,last_match,Rank-1,Rank-5,Rank-10,Rank-20
0,0502_c0001_000.jpg,502,0,-1,True,175,8550,0.48941607251709357,0.18343815513626835,1,954,1,1,1,1
1,0502_c0001_005.jpg,502,0,-1,True,175,8550,0.4740671280433211,0.18401682439537329,1,951,1,1,1,1
2,0502_c0001_010.jpg,502,0,-1,True,175,8550,0.47972455109437767,0.18363064008394545,1,953,1,1,1,1
3,0502_c0001_015.jpg,502,0,-1,True,175,8550,0.47684290019938996,0.19358407079646017,1,904,1,1,1,1
4,0502_c0001_020.jpg,502,0,-1,True,175,8550,0.48976995022278724,0.2032520325203252,1,861,1,1,1,1
5,0502_c0002_000.jpg,502,1,-1,True,175,8550,0.6753945014007355,0.17395626242544732,1,1006,1,1,1,1
6,0502_c0002_005.jpg,502,1,-1,True,175,8550,0.6780364049447986,0.18248175182481752,1,959,1,1,1,1
7,0502_c0002_010.jpg,502,1,-1,True,175,8550,0.6863444231287047,0.18796992481203006,1,931,1,1,1,1
8,0502_c0002_015.jpg,502,1,-1,True,175,8550,0.6903337576685008,0.20114942528735633,1,870,1,1,1,1
9,0502_c0002_020.jpg,502,1,-1,True,175,8550,0.7146974297288615,0.21315468940316687,1,821,1,1,1,1
10,0502_c0003_000.jpg,502,2,-1,True,175,8550,0.6794994686602047,0.22697795071335927,1,771,1,1,1,1
11,0502_c0003_005.jpg,502,2,-1,True,175,8550,0.6789833053740232,0.22040302267002518,1,794,1,1,1,1
12,0502_c0003_010.jpg,502,2,-1,True,175,8550,0.7015753930954703,0.24613220815752462,1,711,1,1,1,1
13,0502_c0003_015.jpg,502,2,-1,True,175,8550,0.7016995324738751,0.2393980848153215,1,731,1,1,1,1
14,0502_c0003_020.jpg,502,2,-1,True,175,8550,0.6919028144028772,0.2217997465145754,1,789,1,1,1,1
15,0502_c0004_000.jpg,502,3,-1,True,175,8550,0.7274724811883674,0.28548123980424145,1,613,1,1,1,1
16,0502_c0004_005.jpg,502,3,-1,True,175,8550,0.7237969854365411,0.2751572327044025,1,636,1,1,1,1
17,0502_c0004_010.jpg,502,3,-1,True,175,8550,0.7251597899742785,0.2704791344667697,1,647,1,1,1,1
18,0502_c0004_015.jpg,502,3,-1,True,175,8550,0.7351656446843186,0.29069767441860467,1,602,1,1,1,1
19,0502_c0004_020.jpg,502,3,-1,True,175,8550,0.7277871197682217,0.27472527472527475,1,637,1,1,1,1
20,0502_c0005_000.jpg,502,4,-1,True,175,8550,0.6761581710334647,0.27472527472527475,1,637,1,1,1,1
21,0502_c0005_005.jpg,502,4,-1,True,175,8550,0.6932084861355106,0.2996575342465753,1,584,1,1,1,1
22,0502_c0005_010.jpg,502,4,-1,True,175,8550,0.6751876202023136,0.27821939586645467,1,629,1,1,1,1
23,0502_c0005_015.jpg,502,4,-1,True,175,8550,0.6869838809447125,0.29069767441860467,1,602,1,1,1,1
24,0502_c0005_020.jpg,502,4,-1,True,175,8550,0.7045553121011819,0.3141831238779174,1,557,1,1,1,1
25,0502_c0006_000.jpg,502,5,-1,True,175,8550,0.7338917868094009,0.38631346578366443,1,453,1,1,1,1
26,0502_c0006_005.jpg,502,5,-1,True,175,8550,0.7226867407918051,0.34448818897637795,1,508,1,1,1,1
27,0502_c0006_010.jpg,502,5,-1,True,175,8550,0.7100885965414877,0.3102836879432624,1,564,1,1,1,1
28,0502_c0006_015.jpg,502,5,-1,True,175,8550,0.7126072320051345,0.31194295900178254,1,561,1,1,1,1
29,0502_c0006_020.jpg,502,5,-1,True,175,8550,0.7231551867996975,0.34516765285996054,1,507,1,1,1,1
30,0502_c0007_000.jpg,502,6,-1,True,175,8550,0.896601933271444,0.7777777777777778,1,225,1,1,1,1
31,0502_c0007_005.jpg,502,6,-1,True,175,8550,0.9014611389033814,0.7777777777777778,1,225,1,1,1,1
32,0502_c0007_010.jpg,502,6,-1,True,175,8550,0.9007126987333625,0.7641921397379913,1,229,1,1,1,1
33,0502_c0007_015.jpg,502,6,-1,True,175,8550,0.8896767315395381,0.6782945736434108,1,258,1,1,1,1
34,0502_c0007_020.jpg,502,6,-1,True,175,8550,0.8871165023858373,0.7028112449799196,1,249,1,1,1,1
35,0502_c0008_000.jpg,502,7,-1,True,175,8550,0.9990444644807821,0.9831460674157303,1,178,1,1,1,1
36,0502_c0008_005.jpg,502,7,-1,True,175,8550,0.9958147057455459,0.9510869565217391,1,184,1,1,1,1
37,0502_c0008_010.jpg,502,7,-1,True,175,8550,0.9978533187354325,0.9615384615384616,1,182,1,1,1,1
38,0502_c0008_015.jpg,502,7,-1,True,175,8550,0.9999348794063079,0.9943181818181818,1,176,1,1,1,1
39,0502_c0008_020.jpg,502,7,-1,True,175,8550,0.998936854509202,0.9776536312849162,1,179,1,1,1,1
40,0504_c0001_000.jpg,504,0,-1,True,150,8550,0.9454294986382227,0.8108108108108109,1,185,1,1,1,1
41,0504_c0001_005.jpg,504,0,-1,True,150,8550,0.9503996646376163,0.8333333333333334,1,180,1,1,1,1
42,0504_c0001_010.jpg,504,0,-1,True,150,8550,0.9474296150063805,0.8152173913043478,1,184,1,1,1,1
43,0504_c0001_015.jpg,504,0,-1,True,150,8550,0.9621404977450548,0.8241758241758241,1,182,1,1,1,1
44,0504_c0001_020.jpg,504,0,-1,True,150,8550,0.9489120079415504,0.8021390374331551,1,187,1,1,1,1
45,0504_c0002_000.jpg,504,1,-1,True,150,8550,0.8233246973604841,0.6880733944954128,1,218,1,1,1,1
46,0504_c0002_005.jpg,504,1,-1,True,150,8550,0.8003369837170581,0.6578947368421053,1,228,1,1,1,1
47,0504_c0002_010.jpg,504,1,-1,True,150,8550,0.7789994646572901,0.625,1,240,1,1,1,1
48,0504_c0002_015.jpg,504,1,-1,True,150,8550,0.793630318833274,0.6382978723404256,1,235,1,1,1,1
49,0504_c0002_020.jpg,504,1,-1,True,150,8550,0.8088786255896689,0.7142857142857143,1,210,1,1,1,1
50,0504_c0003_000.jpg,504,2,-1,True,150,8550,1.0,1.0,1,150,1,1,1,1
51,0504_c0003_005.jpg,504,2,-1,True,150,8550,0.9957621640868695,0.9433962264150944,1,159,1,1,1,1
52,0504_c0003_010.jpg,504,2,-1,True,150,8550,0.9999114054451803,0.9933774834437086,1,151,1,1,1,1
53,0504_c0003_015.jpg,504,2,-1,True,150,8550,0.9991863428710519,0.9868421052631579,1,152,1,1,1,1
54,0504_c0003_020.jpg,504,2,-1,True,150,8550,1.0,1.0,1,150,1,1,1,1
55,0504_c0005_000.jpg,504,4,-1,True,150,8550,1.0,1.0,1,150,1,1,1,1
56,0504_c0005_005.jpg,504,4,-1,True,150,8550,1.0,1.0,1,150,1,1,1,1
57,0504_c0005_010.jpg,504,4,-1,True,150,8550,1.0,1.0,1,150,1,1,1,1
58,0504_c0005_015.jpg,504,4,-1,True,150,8550,1.0,1.0,1,150,1,1,1,1
59,0504_c0005_020.jpg,504,4,-1,True,150,8550,1.0,1.0,1,150,1,1,1,1
60,0504_c0006_000.jpg,504,5,-1,True,150,8550,1.0,1.0,1,150,1,1,1,1
61,0504_c0006_005.jpg,504,5,-1,True,150,8550,1.0,1.0,1,150,1,1,1,1
62,0504_c0006_010.jpg,504,5,-1,True,150,8550,1.0,1.0,1,150,1,1,1,1
63,0504_c0006_015.jpg,504,5,-1,True,150,8550,1.0,1.0,1,150,1,1,1,1
64,0504_c0006_020.jpg,504,5,-1,True,150,8550,1.0,1.0,1,150,1,1,1,1
65,0504_c0007_000.jpg,504,6,-1,True,150,8550,0.9498367656940552,0.8571428571428571,1,175,1,1,1,1
66,0504_c0007_005.jpg,504,6,-1,True,150,8550,0.9570392916118134,0.8571428571428571,1,175,1,1,1,1
67,0504_c0007_010.jpg,504,6,-1,True,150,8550,0.9595359811086704,0.8571428571428571,1,175,1,1,1,1
68,0504_c0007_015.jpg,504,6,-1,True,150,8550,0.9604282635555819,0.8571428571428571,1,175,1,1,1,1
69,0504_c0007_020.jpg,504,6,-1,True,150,8550,0.9679644983073404,0.8571428571428571,1,175,1,1,1,1
70,0504_c0008_000.jpg,504,7,-1,True,150,8550,0.9466915964108417,0.8571428571428571,1,175,1,1,1,1
71,0504_c0008_005.jpg,504,7,-1,True,150,8550,0.9502230062530005,0.8571428571428571,1,175,1,1,1,1
72,0504_c0008_010.jpg,504,7,-1,True,150,8550,0.9487637613567453,0.8571428571428571,1,175,1,1,1,1
73,0504_c0008_015.jpg,504,7,-1,True,150,8550,0.9560976275057347,0.8571428571428571,1,175,1,1,1,1
74,0504_c0008_020.jpg,504,7,-1,True,150,8550,0.9733518241801122,0.8571428571428571,1,175,1,1,1,1
75,0506_c0001_000.jpg,506,0,-1,True,175,8550,0.22050665125097688,0.19021739130434784,5,920,0,1,1,1
76,0506_c0001_005.jpg,506,0,-1,True,175,8550,0.20252673758920284,0.17623363544813697,14,993,0,0,0,1
77,0506_c0001_010.jpg,506,0,-1,True,175,8550,0.20673868573387144,0.17930327868852458,7,976,0,0,1,1
78,0506_c0001_015.jpg,506,0,-1,True,175,8550,0.205204114152369,0.15164644714038128,7,1154,0,0,1,1
79,0506_c0001_020.jpg,506,0,-1,True,175,8550,0.19773069612223387,0.15418502202643172,10,1135,0,0,1,1
80,0506_c0002_000.jpg,506,1,-1,True,175,8550,0.7212673064739832,0.05560851604702892,1,3147,1,1,1,1
81,0506_c0002_005.jpg,506,1,-1,True,175,8550,0.7366996881468705,0.05743354118805382,1,3047,1,1,1,1
82,0506_c0002_010.jpg,506,1,-1,True,175,8550,0.7000059216387674,0.0554850982878884,1,3154,1,1,1,1
83,0506_c0002_015.jpg,506,1,-1,True,175,8550,0.6817992501770025,0.060158129941560674,1,2909,1,1,1,1
84,0506_c0002_020.jpg,506,1,-1,True,175,8550,0.693990120235504,0.057096247960848286,1,3065,1,1,1,1
85,0506_c0003_000.jpg,506,2,-1,True,175,8550,0.6942914988612525,0.13227513227513227,1,1323,1,1,1,1
86,0506_c0003_005.jpg,506,2,-1,True,175,8550,0.7016282411079455,0.13650546021840873,1,1282,1,1,1,1
87,0506_c0003_010.jpg,506,2,-1,True,175,8550,0.7028729511713717,0.14285714285714285,1,1225,1,1,1,1
88,0506_c0003_015.jpg,506,2,-1,True,175,8550,0.7018977761024517,0.14957264957264957,1,1170,1,1,1,1
89,0506_c0003_020.jpg,506,2,-1,True,175,8550,0.6969391730252483,0.14204545454545456,1,1232,1,1,1,1
90,0506_c0004_000.jpg,506,3,-1,True,175,8550,0.6800915501545002,0.11006289308176101,1,1590,1,1,1,1
91,0506_c0004_005.jpg,506,3,-1,True,175,8550,0.6835042985130235,0.11020151133501259,1,1588,1,1,1,1
92,0506_c0004_010.jpg,506,3,-1,True,175,8550,0.6813587563720334,0.109375,1,1600,1,1,1,1
93,0506_c0004_015.jpg,506,3,-1,True,175,8550,0.6873996350605485,0.10441527446300716,1,1676,1,1,1,1
94,0506_c0004_020.jpg,506,3,-1,True,175,8550,0.6821771409727033,0.10391923990498812,1,1684,1,1,1,1
95,0506_c0005_000.jpg,506,4,-1,True,175,8550,0.055549804814572154,0.03894080996884735,395,4494,0,0,0,0
96,0506_c0005_005.jpg,506,4,-1,True,175,8550,0.06640844733481749,0.04152823920265781,261,4214,0,0,0,0
97,0506_c0005_010.jpg,506,4,-1,True,175,8550,0.0649715847064868,0.04221954161640531,229,4145,0,0,0,0
98,0506_c0005_015.jpg,506,4,-1,True,175,8550,0.07175179706119061,0.04375,202,4000,0,0,0,0
99,0506_c0005_020.jpg,506,4,-1,True,175,8550,0.06891300657498145,0.040697674418604654,266,4300,0,0,0,0
100,0506_c0006_000.jpg,506,5,-1,True,175,8550,0.7578908923960149,0.13358778625954199,1,1310,1,1,1,1
101,0506_c0006_005.jpg,506,5,-1,True,175,8550,0.7571972302104921,0.12773722627737227,1,1370,1,1,1,1
102,0506_c0006_010.jpg,506,5,-1,True,175,8550,0.7562983610213967,0.1312828207051763,1,1333,1,1,1,1
103,0506_c0006_015.jpg,506,5,-1,True,175,8550,0.758195453037,0.13338414634146342,1,1312,1,1,1,1
104,0506_c0006_020.jpg,506,5,-1,True,175,8550,0.7580264219417161,0.12991833704528583,1,1347,1,1,1,1
105,0506_c0007_000.jpg,506,6,-1,True,175,8550,0.790525892307279,0.1163563829787234,1,1504,1,1,1,1
106,0506_c0007_005.jpg,506,6,-1,True,175,8550,0.7967592004831712,0.12736535662299855,1,1374,1,1,1,1
107,0506_c0007_010.jpg,506,6,-1,True,175,8550,0.8098651180416099,0.13197586726998492,1,1326,1,1,1,1
108,0506_c0007_015.jpg,506,6,-1,True,175,8550,0.7977380815491876,0.1326762699014405,1,1319,1,1,1,1
109,0506_c0007_020.jpg,506,6,-1,True,175,8550,0.7971550269545247,0.10606060606060606,1,1650,1,1,1,1
110,0506_c0008_000.jpg,506,7,-1,True,175,8550,0.6328703688802347,0.10856079404466501,1,1612,1,1,1,1
111,0506_c0008_005.jpg,506,7,-1,True,175,8550,0.6280713900078904,0.10074841681059298,1,1737,1,1,1,1
112,0506_c0008_010.jpg,506,7,-1,True,175,8550,0.6475541771107434,0.107559926244622,1,1627,1,1,1,1
113,0506_c0008_015.jpg,506,7,-1,True,175,8550,0.6311627037872076,0.11319534282018111,1,1546,1,1,1,1
114,0506_c0008_020.jpg,506,7,-1,True,175,8550,0.6230154178499656,0.10156703424260012,1,1723,1,1,1,1
115,0508_c0001_000.jpg,508,0,-1,True,175,8550,0.6885688567803956,0.36610878661087864,1,478,1,1,1,1
116,0508_c0001_005.jpg,508,0,-1,True,175,8550,0.6733919606908438,0.3564154786150713,1,491,1,1,1,1
117,0508_c0001_010.jpg,508,0,-1,True,175,8550,0.6536756769465387,0.39503386004514673,1,443,1,1,1,1
118,0508_c0001_015.jpg,508,0,-1,True,175,8550,0.5565549447928922,0.30918727915194344,1,566,1,1,1,1
119,0508_c0001_020.jpg,508,0,-1,True,175,8550,0.4969569791803552,0.3514056224899598,1,498,1,1,1,1
120,0508_c0002_000.jpg,508,1,-1,True,175,8550,0.8870357383083011,0.5852842809364549,1,299,1,1,1,1
121,0508_c0002_005.jpg,508,1,-1,True,175,8550,0.8360892311961691,0.5681818181818182,1,308,1,1,1,1
122,0508_c0002_010.jpg,508,1,-1,True,175,8550,0.9275185638674478,0.6433823529411765,1,272,1,1,1,1
123,0508_c0002_015.jpg,508,1,-1,True,175,8550,0.9305117400942936,0.6183745583038869,1,283,1,1,1,1
124,0508_c0002_020.jpg,508,1,-1,True,175,8550,0.8075283752931273,0.5794701986754967,1,302,1,1,1,1
125,0508_c0003_000.jpg,508,2,-1,True,175,8550,0.540537743452456,0.21739130434782608,1,805,1,1,1,1
126,0508_c0003_005.jpg,508,2,-1,True,175,8550,0.6874100730995744,0.2543604651162791,1,688,1,1,1,1
127,0508_c0003_010.jpg,508,2,-1,True,175,8550,0.6419475790893912,0.2403846153846154,1,728,1,1,1,1
128,0508_c0003_015.jpg,508,2,-1,True,175,8550,0.590095737028621,0.21341463414634146,1,820,1,1,1,1
129,0508_c0003_020.jpg,508,2,-1,True,175,8550,0.6095433233701244,0.23148148148148148,1,756,1,1,1,1
130,0508_c0004_000.jpg,508,3,-1,True,175,8550,0.860977834234503,0.3514056224899598,1,498,1,1,1,1
131,0508_c0004_005.jpg,508,3,-1,True,175,8550,0.8676558335960027,0.3391472868217054,1,516,1,1,1,1
132,0508_c0004_010.jpg,508,3,-1,True,175,8550,0.876989568203085,0.3193430656934307,1,548,1,1,1,1
133,0508_c0004_015.jpg,508,3,-1,True,175,8550,0.7427858440669954,0.28363047001620745,1,617,1,1,1,1
134,0508_c0004_020.jpg,508,3,-1,True,175,8550,0.7616430168914774,0.30755711775043937,1,569,1,1,1,1
135,0508_c0005_000.jpg,508,4,-1,True,175,8550,0.8856611790413847,0.48746518105849584,1,359,1,1,1,1
136,0508_c0005_005.jpg,508,4,-1,True,175,8550,0.8987202115908407,0.4768392370572207,1,367,1,1,1,1
137,0508_c0005_010.jpg,508,4,-1,True,175,8550,0.9037359277698962,0.5287009063444109,1,331,1,1,1,1
138,0508_c0005_015.jpg,508,4,-1,True,175,8550,0.9284648701715069,0.546875,1,320,1,1,1,1
139,0508_c0005_020.jpg,508,4,-1,True,175,8550,0.8970447806428329,0.5072463768115942,1,345,1,1,1,1
140,0508_c0006_000.jpg,508,5,-1,True,175,8550,0.5885833776695649,0.4117647058823529,1,425,1,1,1,1
141,0508_c0006_005.jpg,508,5,-1,True,175,8550,0.5578207823722513,0.30973451327433627,1,565,1,1,1,1
142,0508_c0006_010.jpg,508,5,-1,True,175,8550,0.5731618308718425,0.3854625550660793,1,454,1,1,1,1
143,0508_c0006_015.jpg,508,5,-1,True,175,8550,0.5676309143413304,0.38293216630196936,1,457,1,1,1,1
144,0508_c0006_020.jpg,508,5,-1,True,175,8550,0.5660708399642177,0.37154989384288745,1,471,1,1,1,1
145,0508_c0007_000.jpg,508,6,-1,True,175,8550,0.5841124759603753,0.1744765702891326,1,1003,1,1,1,1
146,0508_c0007_005.jpg,508,6,-1,True,175,8550,0.5552661124324293,0.16143911439114392,1,1084,1,1,1,1
147,0508_c0007_010.jpg,508,6,-1,True,175,8550,0.5805309842257801,0.1883745963401507,1,929,1,1,1,1
148,0508_c0007_015.jpg,508,6,-1,True,175,8550,0.5713262667705633,0.17930327868852458,1,976,1,1,1,1
149,0508_c0007_020.jpg,508,6,-1,True,175,8550,0.5650268969486701,0.16714422158548234,1,1047,1,1,1,1
150,0508_c0008_000.jpg,508,7,-1,True,175,8550,0.797501250336333,0.2393980848153215,1,731,1,1,1,1
151,0508_c0008_005.jpg,508,7,-1,True,175,8550,0.7764746326228575,0.25510204081632654,1,686,1,1,1,1
152,0508_c0008_010.jpg,508,7,-1,True,175,8550,0.7272195099668074,0.22349936143039592,1,783,1,1,1,1
153,0508_c0008_015.jpg,508,7,-1,True,175,8550,0.7455663747962399,0.22935779816513763,1,763,1,1,1,1
154,0508_c0008_020.jpg,508,7,-1,True,175,8550,0.7508851794876367,0.23616734143049933,1,741,1,1,1,1
155,0510_c0001_000.jpg,510,0,-1,True,175,8550,0.5856082671370367,0.0276417627546991,1,6331,1,1,1,1
156,0510_c0001_005.jpg,510,0,-1,True,175,8550,0.5940780727461976,0.027157045313469894,1,6444,1,1,1,1
157,0510_c0001_010.jpg,510,0,-1,True,175,8550,0.5633881562934536,0.026359391474619673,1,6639,1,1,1,1
158,0510_c0001_015.jpg,510,0,-1,True,175,8550,0.5608274151570617,0.026135005973715653,1,6696,1,1,1,1
159,0510_c0001_020.jpg,510,0,-1,True,175,8550,0.5098654646321492,0.025227043390514632,1,6937,1,1,1,1
160,0510_c0002_000.jpg,510,1,-1,True,175,8550,0.017273587437798093,0.02137535116648345,1312,8187,0,0,0,0
161,0510_c0002_005.jpg,510,1,-1,True,175,8550,0.017010333337721475,0.02117362371445856,1342,8265,0,0,0,0
162,0510_c0002_010.jpg,510,1,-1,True,175,8550,0.01930616027432697,0.021855876108405146,797,8007,0,0,0,0
163,0510_c0002_015.jpg,510,1,-1,True,175,8550,0.019478318077139206,0.02204030226700252,1043,7940,0,0,0,0
164,0510_c0002_020.jpg,510,1,-1,True,175,8550,0.018708300416488802,0.021475027610749785,1194,8149,0,0,0,0
165,0510_c0003_000.jpg,510,2,-1,True,175,8550,0.2378508789012082,0.0880281690140845,1,1988,1,1,1,1
166,0510_c0003_005.jpg,510,2,-1,True,175,8550,0.24350756451959463,0.08561643835616438,1,2044,1,1,1,1
167,0510_c0003_010.jpg,510,2,-1,True,175,8550,0.23002894764731163,0.07465870307167236,1,2344,1,1,1,1
168,0510_c0003_015.jpg,510,2,-1,True,175,8550,0.18502070298432663,0.06440927493559072,1,2717,1,1,1,1
169,0510_c0003_020.jpg,510,2,-1,True,175,8550,0.17943110616412744,0.0641025641025641,1,2730,1,1,1,1
170,0510_c0004_000.jpg,510,3,-1,True,175,8550,0.6715839934348696,0.0398361028909629,1,4393,1,1,1,1
171,0510_c0004_005.jpg,510,3,-1,True,175,8550,0.6269193843700901,0.03907122125474436,1,4479,1,1,1,1
172,0510_c0004_010.jpg,510,3,-1,True,175,8550,0.5667492193663854,0.03927289048473968,1,4456,1,1,1,1
173,0510_c0004_015.jpg,510,3,-1,True,175,8550,0.6064627065608346,0.03874252822669914,1,4517,1,1,1,1
174,0510_c0004_020.jpg,510,3,-1,True,175,8550,0.5673129945804084,0.038076588337684944,1,4596,1,1,1,1
175,0510_c0005_000.jpg,510,4,-1,True,175,8550,0.8064351807513613,0.06841282251759187,1,2558,1,1,1,1
176,0510_c0005_005.jpg,510,4,-1,True,175,8550,0.7747980637186138,0.055031446540880505,1,3180,1,1,1,1
177,0510_c0005_010.jpg,510,4,-1,True,175,8550,0.7812558352906334,0.051913378819341445,1,3371,1,1,1,1
178,0510_c0005_015.jpg,510,4,-1,True,175,8550,0.7616521072375789,0.0524266027561414,1,3338,1,1,1,1
179,0510_c0005_020.jpg,510,4,-1,True,175,8550,0.7564644162339398,0.048289183222958054,1,3624,1,1,1,1
180,0510_c0006_000.jpg,510,5,-1,True,175,8550,0.3991397115572292,0.05713352921971923,1,3063,1,1,1,1
181,0510_c0006_005.jpg,510,5,-1,True,175,8550,0.2863041986601838,0.05876427132303559,1,2978,1,1,1,1
182,0510_c0006_010.jpg,510,5,-1,True,175,8550,0.41857933587638724,0.055100755667506295,1,3176,1,1,1,1
183,0510_c0006_015.jpg,510,5,-1,True,175,8550,0.4283235966557199,0.0673854447439353,1,2597,1,1,1,1
184,0510_c0006_020.jpg,510,5,-1,True,175,8550,0.4366392403901481,0.06095437129919889,1,2871,1,1,1,1
185,0510_c0007_000.jpg,510,6,-1,True,175,8550,0.1205401101609713,0.1041046995835812,96,1681,0,0,0,0
186,0510_c0007_005.jpg,510,6,-1,True,175,8550,0.13094542779910598,0.08992805755395683,86,1946,0,0,0,0
187,0510_c0007_010.jpg,510,6,-1,True,175,8550,0.1674921453179492,0.06897910918407568,54,2537,0,0,0,0
188,0510_c0007_015.jpg,510,6,-1,True,175,8550,0.1753008602190494,0.07517182130584192,45,2328,0,0,0,0
189,0510_c0007_020.jpg,510,6,-1,True,175,8550,0.18964828371046155,0.07692307692307693,44,2275,0,0,0,0
190,0510_c0008_000.jpg,510,7,-1,True,175,8550,0.5790338766668278,0.030245419979260283,1,5786,1,1,1,1
191,0510_c0008_005.jpg,510,7,-1,True,175,8550,0.5914992590152781,0.031311504741456435,1,5589,1,1,1,1
192,0510_c0008_010.jpg,510,7,-1,True,175,8550,0.5831086657883361,0.030136042707077666,1,5807,1,1,1,1
193,0510_c0008_015.jpg,510,7,-1,True,175,8550,0.6161538130950645,0.0322224268090591,1,5431,1,1,1,1
194,0510_c0008_020.jpg,510,7,-1,True,175,8550,0.6184077946555644,0.031783508899382494,1,5506,1,1,1,1
195,0512_c0001_000.jpg,512,0,-1,True,75,8550,1.0,1.0,1,75,1,1,1,1
196,0512_c0001_005.jpg,512,0,-1,True,75,8550,1.0,1.0,1,75,1,1,1,1
197,0512_c0001_010.jpg,512,0,-1,True,75,8550,1.0,1.0,1,75,1,1,1,1
198,0512_c0001_015.jpg,512,0,-1,True,75,8550,1.0,1.0,1,75,1,1,1,1
199,0512_c0001_020.jpg,512,0,-1,True,75,8550,1.0,1.0,1,75,1,1,1,1
200,0512_c0003_000.jpg,512,2,-1,True,75,8550,1.0,1.0,1,75,1,1,1,1
201,0512_c0003_005.jpg,512,2,-1,True,75,8550,1.0,1.0,1,75,1,1,1,1
202,0512_c0003_010.jpg,512,2,-1,True,75,8550,1.0,1.0,1,75,1,1,1,1
203,0512_c0003_015.jpg,512,2,-1,True,75,8550,1.0,1.0,1,75,1,1,1,1
204,0512_c0003_020.jpg,512,2,-1,True,75,8550,1.0,1.0,1,75,1,1,1,1
205,0512_c0005_000.jpg,512,4,-1,True,75,8550,1.0,1.0,1,75,1,1,1,1
206,0512_c0005_005.jpg,512,4,-1,True,75,8550,1.0,1.0,1,75,1,1,1,1
207,0512_c0005_010.jpg,512,4,-1,True,75,8550,1.0,1.0,1,75,1,1,1,1
208,0512_c0005_015.jpg,512,4,-1,True,75,8550,1.0,1.0,1,75,1,1,1,1
209,0512_c0005_020.jpg,512,4,-1,True,75,8550,1.0,1.0,1,75,1,1,1,1
210,0512_c0006_000.jpg,512,5,-1,True,75,8550,0.7926751904344485,0.5136986301369864,1,146,1,1,1,1
211,0512_c0006_005.jpg,512,5,-1,True,75,8550,0.83181224890587,0.5555555555555556,1,135,1,1,1,1
212,0512_c0006_010.jpg,512,5,-1,True,75,8550,0.9277307253331738,0.6302521008403361,1,119,1,1,1,1
213,0512_c0006_015.jpg,512,5,-1,True,75,8550,0.9442887844921565,0.635593220338983,1,118,1,1,1,1
214,0512_c0006_020.jpg,512,5,-1,True,75,8550,0.9408082328476964,0.6578947368421053,1,114,1,1,1,1
215,0514_c0001_000.jpg,514,0,-1,True,175,8550,0.368146741611311,0.27301092043681746,50,641,0,0,0,0
216,0514_c0001_005.jpg,514,0,-1,True,175,8550,0.4062315640238279,0.3113879003558719,35,562,0,0,0,0
217,0514_c0001_010.jpg,514,0,-1,True,175,8550,0.47586922616789945,0.36231884057971014,4,483,0,1,1,1
218,0514_c0001_015.jpg,514,0,-1,True,175,8550,0.4119223420765551,0.32894736842105265,14,532,0,0,0,1
219,0514_c0001_020.jpg,514,0,-1,True,175,8550,0.36944174557820936,0.32710280373831774,34,535,0,0,0,0
220,0514_c0002_000.jpg,514,1,-1,True,175,8550,0.5056447398171084,0.1440329218106996,1,1215,1,1,1,1
221,0514_c0002_005.jpg,514,1,-1,True,175,8550,0.5509429982540508,0.2492877492877493,1,702,1,1,1,1
222,0514_c0002_010.jpg,514,1,-1,True,175,8550,0.5879470676991824,0.23553162853297444,1,743,1,1,1,1
223,0514_c0002_015.jpg,514,1,-1,True,175,8550,0.6074667872795887,0.25547445255474455,1,685,1,1,1,1
224,0514_c0002_020.jpg,514,1,-1,True,175,8550,0.6319923715665975,0.22407170294494239,1,781,1,1,1,1
225,0514_c0003_000.jpg,514,2,-1,True,175,8550,0.7568194493611827,0.5287009063444109,1,331,1,1,1,1
226,0514_c0003_005.jpg,514,2,-1,True,175,8550,0.7144879801474258,0.541795665634675,1,323,1,1,1,1
227,0514_c0003_010.jpg,514,2,-1,True,175,8550,0.7006148556045079,0.47297297297297297,1,370,1,1,1,1
228,0514_c0003_015.jpg,514,2,-1,True,175,8550,0.7425440457965766,0.49157303370786515,1,356,1,1,1,1
229,0514_c0003_020.jpg,514,2,-1,True,175,8550,0.7740388235741054,0.6140350877192983,1,285,1,1,1,1
230,0514_c0004_000.jpg,514,3,-1,True,175,8550,0.8692955800212405,0.5681818181818182,1,308,1,1,1,1
231,0514_c0004_005.jpg,514,3,-1,True,175,8550,0.8210379520869053,0.5775577557755776,1,303,1,1,1,1
232,0514_c0004_010.jpg,514,3,-1,True,175,8550,0.7950254521062114,0.5072463768115942,1,345,1,1,1,1
233,0514_c0004_015.jpg,514,3,-1,True,175,8550,0.7596737136454449,0.5335365853658537,1,328,1,1,1,1
234,0514_c0004_020.jpg,514,3,-1,True,175,8550,0.8074173806343808,0.541795665634675,1,323,1,1,1,1
235,0514_c0005_000.jpg,514,4,-1,True,175,8550,0.8215545977568761,0.34448818897637795,1,508,1,1,1,1
236,0514_c0005_005.jpg,514,4,-1,True,175,8550,0.7998536265324976,0.32407407407407407,1,540,1,1,1,1
237,0514_c0005_010.jpg,514,4,-1,True,175,8550,0.7540120285992342,0.2734375,1,640,1,1,1,1
238,0514_c0005_015.jpg,514,4,-1,True,175,8550,0.781641635148581,0.2966101694915254,1,590,1,1,1,1
239,0514_c0005_020.jpg,514,4,-1,True,175,8550,0.7970272546056599,0.29264214046822745,1,598,1,1,1,1
240,0514_c0006_000.jpg,514,5,-1,True,175,8550,0.6596190485058985,0.3006872852233677,1,582,1,1,1,1
241,0514_c0006_005.jpg,514,5,-1,True,175,8550,0.592458759827023,0.230566534914361,1,759,1,1,1,1
242,0514_c0006_010.jpg,514,5,-1,True,175,8550,0.6849660678484603,0.2562225475841874,1,683,1,1,1,1
243,0514_c0006_015.jpg,514,5,-1,True,175,8550,0.565699374298277,0.22321428571428573,1,784,1,1,1,1
244,0514_c0006_020.jpg,514,5,-1,True,175,8550,0.517621348022138,0.17073170731707318,1,1025,1,1,1,1
245,0514_c0007_000.jpg,514,6,-1,True,175,8550,0.6235996841334372,0.31362007168458783,1,558,1,1,1,1
246,0514_c0007_005.jpg,514,6,-1,True,175,8550,0.6204741280433723,0.26717557251908397,1,655,1,1,1,1
247,0514_c0007_010.jpg,514,6,-1,True,175,8550,0.6198179231672435,0.264750378214826,1,661,1,1,1,1
248,0514_c0007_015.jpg,514,6,-1,True,175,8550,0.6047567181040665,0.2623688155922039,1,667,1,1,1,1
249,0514_c0007_020.jpg,514,6,-1,True,175,8550,0.6288987318092337,0.24613220815752462,1,711,1,1,1,1
250,0514_c0008_000.jpg,514,7,-1,True,175,8550,0.4993944740770433,0.1757028112449799,9,996,0,0,1,1
251,0514_c0008_005.jpg,514,7,-1,True,175,8550,0.5113165816060756,0.18518518518518517,9,945,0,0,1,1
252,0514_c0008_010.jpg,514,7,-1,True,175,8550,0.42887339494673077,0.18229166666666666,19,960,0,0,0,1
253,0514_c0008_015.jpg,514,7,-1,True,175,8550,0.42985116752429803,0.17930327868852458,14,976,0,0,0,1
254,0514_c0008_020.jpg,514,7,-1,True,175,8550,0.4272451413252949,0.15230635335073978,19,1149,0,0,0,1
255,0516_c0001_000.jpg,516,0,-1,True,75,8550,0.9932617512037054,0.9375,1,80,1,1,1,1
256,0516_c0001_005.jpg,516,0,-1,True,75,8550,0.9473850565870945,0.7731958762886598,1,97,1,1,1,1
257,0516_c0001_010.jpg,516,0,-1,True,75,8550,0.9869083042784005,0.9259259259259259,1,81,1,1,1,1
258,0516_c0001_015.jpg,516,0,-1,True,75,8550,0.9951499994785835,0.9493670886075949,1,79,1,1,1,1
259,0516_c0001_020.jpg,516,0,-1,True,75,8550,0.9510474181237756,0.7978723404255319,1,94,1,1,1,1
260,0516_c0003_000.jpg,516,2,-1,True,75,8550,1.0,1.0,1,75,1,1,1,1
261,0516_c0003_005.jpg,516,2,-1,True,75,8550,0.9964592671071096,0.9493670886075949,1,79,1,1,1,1
262,0516_c0003_010.jpg,516,2,-1,True,75,8550,0.9857456170172819,0.9036144578313253,1,83,1,1,1,1
263,0516_c0003_015.jpg,516,2,-1,True,75,8550,0.9542220920862513,0.7894736842105263,1,95,1,1,1,1
264,0516_c0003_020.jpg,516,2,-1,True,75,8550,0.9808506364359835,0.8928571428571429,1,84,1,1,1,1
265,0516_c0005_000.jpg,516,4,-1,True,75,8550,1.0,1.0,1,75,1,1,1,1
266,0516_c0005_005.jpg,516,4,-1,True,75,8550,1.0,1.0,1,75,1,1,1,1
267,0516_c0005_010.jpg,516,4,-1,True,75,8550,1.0,1.0,1,75,1,1,1,1
268,0516_c0005_015.jpg,516,4,-1,True,75,8550,1.0,1.0,1,75,1,1,1,1
269,0516_c0005_020.jpg,516,4,-1,True,75,8550,1.0,1.0,1,75,1,1,1,1
270,0516_c0006_000.jpg,516,5,-1,True,75,8550,1.0,1.0,1,75,1,1,1,1
271,0516_c0006_005.jpg,516,5,-1,True,75,8550,0.9954388417783129,0.974025974025974,1,77,1,1,1,1
272,0516_c0006_010.jpg,516,5,-1,True,75,8550,1.0,1.0,1,75,1,1,1,1
273,0516_c0006_015.jpg,516,5,-1,True,75,8550,1.0,1.0,1,75,1,1,1,1
274,0516_c0006_020.jpg,516,5,-1,True,75,8550,1.0,1.0,1,75,1,1,1,1
275,0518_c0001_000.jpg,518,0,-1,True,100,8550,0.4909587815349428,0.30864197530864196,4,324,0,1,1,1
276,0518_c0001_005.jpg,518,0,-1,True,100,8550,0.5012322876148867,0.3448275862068966,19,290,0,0,0,1
277,0518_c0001_010.jpg,518,0,-1,True,100,8550,0.5281792343226351,0.3597122302158273,20,278,0,0,0,1
278,0518_c0001_015.jpg,518,0,-1,True,100,8550,0.5805819973007114,0.5235602094240838,21,191,0,0,0,0
279,0518_c0001_020.jpg,518,0,-1,True,100,8550,0.5925214451817521,0.4830917874396135,3,207,0,1,1,1
280,0518_c0002_000.jpg,518,1,-1,True,100,8550,0.7418619258987111,0.36764705882352944,1,272,1,1,1,1
281,0518_c0002_005.jpg,518,1,-1,True,100,8550,0.8028907799362667,0.4784688995215311,1,209,1,1,1,1
282,0518_c0002_010.jpg,518,1,-1,True,100,8550,0.8399790496730034,0.5952380952380952,1,168,1,1,1,1
283,0518_c0002_015.jpg,518,1,-1,True,100,8550,0.7975047344224677,0.37593984962406013,1,266,1,1,1,1
284,0518_c0002_020.jpg,518,1,-1,True,100,8550,0.8357225120828473,0.5586592178770949,1,179,1,1,1,1
285,0518_c0003_000.jpg,518,2,-1,True,100,8550,0.9523074011448377,0.45662100456621,1,219,1,1,1,1
286,0518_c0003_005.jpg,518,2,-1,True,100,8550,0.9528656458539918,0.4807692307692308,1,208,1,1,1,1
287,0518_c0003_010.jpg,518,2,-1,True,100,8550,0.9658784310912607,0.4854368932038835,1,206,1,1,1,1
288,0518_c0003_015.jpg,518,2,-1,True,100,8550,0.9648599242280445,0.5208333333333334,1,192,1,1,1,1
289,0518_c0003_020.jpg,518,2,-1,True,100,8550,0.9682418533336598,0.5235602094240838,1,191,1,1,1,1
290,0518_c0005_000.jpg,518,4,-1,True,100,8550,0.8217383071335589,0.4807692307692308,1,208,1,1,1,1
291,0518_c0005_005.jpg,518,4,-1,True,100,8550,0.822110007123941,0.5347593582887701,1,187,1,1,1,1
292,0518_c0005_010.jpg,518,4,-1,True,100,8550,0.807016392637648,0.4484304932735426,1,223,1,1,1,1
293,0518_c0005_015.jpg,518,4,-1,True,100,8550,0.8101008832126052,0.46296296296296297,1,216,1,1,1,1
294,0518_c0005_020.jpg,518,4,-1,True,100,8550,0.8286503488750054,0.5681818181818182,1,176,1,1,1,1
295,0518_c0006_000.jpg,518,5,-1,True,100,8550,0.8930683608961973,0.36231884057971014,1,276,1,1,1,1
296,0518_c0006_005.jpg,518,5,-1,True,100,8550,0.9201451242344848,0.4366812227074236,1,229,1,1,1,1
297,0518_c0006_010.jpg,518,5,-1,True,100,8550,0.8919728680777318,0.36363636363636365,1,275,1,1,1,1
298,0518_c0006_015.jpg,518,5,-1,True,100,8550,0.9405586382650664,0.546448087431694,1,183,1,1,1,1
299,0518_c0006_020.jpg,518,5,-1,True,100,8550,0.9401313291553776,0.6802721088435374,1,147,1,1,1,1
300,0520_c0001_000.jpg,520,0,-1,True,150,8550,0.7751566693016636,0.28517110266159695,1,526,1,1,1,1
301,0520_c0001_005.jpg,520,0,-1,True,150,8550,0.8505232741903892,0.352112676056338,1,426,1,1,1,1
302,0520_c0001_010.jpg,520,0,-1,True,150,8550,0.8034915384454488,0.3048780487804878,1,492,1,1,1,1
303,0520_c0001_015.jpg,520,0,-1,True,150,8550,0.787531784300682,0.28790786948176583,1,521,1,1,1,1
304,0520_c0001_020.jpg,520,0,-1,True,150,8550,0.7846717800237761,0.2846299810246679,1,527,1,1,1,1
305,0520_c0002_000.jpg,520,1,-1,True,150,8550,0.8254123820307194,0.1597444089456869,1,939,1,1,1,1
306,0520_c0002_005.jpg,520,1,-1,True,150,8550,0.8127265124642775,0.15991471215351813,1,938,1,1,1,1
307,0520_c0002_010.jpg,520,1,-1,True,150,8550,0.8174985978519145,0.18072289156626506,1,830,1,1,1,1
308,0520_c0002_015.jpg,520,1,-1,True,150,8550,0.8354496927873482,0.1770956316410862,1,847,1,1,1,1
309,0520_c0002_020.jpg,520,1,-1,True,150,8550,0.8119622104900373,0.16666666666666666,1,900,1,1,1,1
310,0520_c0004_000.jpg,520,3,-1,True,150,8550,1.0,1.0,1,150,1,1,1,1
311,0520_c0004_005.jpg,520,3,-1,True,150,8550,1.0,1.0,1,150,1,1,1,1
312,0520_c0004_010.jpg,520,3,-1,True,150,8550,1.0,1.0,1,150,1,1,1,1
313,0520_c0004_015.jpg,520,3,-1,True,150,8550,1.0,1.0,1,150,1,1,1,1
314,0520_c0004_020.jpg,520,3,-1,True,150,8550,1.0,1.0,1,150,1,1,1,1
315,0520_c0005_000.jpg,520,4,-1,True,150,8550,0.8772574932187598,0.5905511811023622,1,254,1,1,1,1
316,0520_c0005_005.jpg,520,4,-1,True,150,8550,0.9958677249542719,0.9316770186335404,1,161,1,1,1,1
317,0520_c0005_010.jpg,520,4,-1,True,150,8550,0.9399528390167882,0.6550218340611353,1,229,1,1,1,1
318,0520_c0005_015.jpg,520,4,-1,True,150,8550,0.997803292505677,0.9615384615384616,1,156,1,1,1,1
319,0520_c0005_020.jpg,520,4,-1,True,150,8550,0.928342342277828,0.6024096385542169,1,249,1,1,1,1
320,0520_c0006_000.jpg,520,5,-1,True,150,8550,0.8412879560874531,0.36764705882352944,1,408,1,1,1,1
321,0520_c0006_005.jpg,520,5,-1,True,150,8550,0.8082403937653452,0.34324942791762014,1,437,1,1,1,1
322,0520_c0006_010.jpg,520,5,-1,True,150,8550,0.7889652502836855,0.3080082135523614,1,487,1,1,1,1
323,0520_c0006_015.jpg,520,5,-1,True,150,8550,0.7615790012925608,0.28517110266159695,1,526,1,1,1,1
324,0520_c0006_020.jpg,520,5,-1,True,150,8550,0.8005260238617518,0.3067484662576687,1,489,1,1,1,1
325,0520_c0007_000.jpg,520,6,-1,True,150,8550,0.9217568447570166,0.5905511811023622,1,254,1,1,1,1
326,0520_c0007_005.jpg,520,6,-1,True,150,8550,0.9485123595697367,0.5952380952380952,1,252,1,1,1,1
327,0520_c0007_010.jpg,520,6,-1,True,150,8550,0.9889185298235733,0.6493506493506493,1,231,1,1,1,1
328,0520_c0007_015.jpg,520,6,-1,True,150,8550,0.9898329119206646,0.6024096385542169,1,249,1,1,1,1
329,0520_c0007_020.jpg,520,6,-1,True,150,8550,0.9913829931681076,0.6410256410256411,1,234,1,1,1,1
330,0520_c0008_000.jpg,520,7,-1,True,150,8550,1.0,1.0,1,150,1,1,1,1
331,0520_c0008_005.jpg,520,7,-1,True,150,8550,1.0,1.0,1,150,1,1,1,1
332,0520_c0008_010.jpg,520,7,-1,True,150,8550,0.9996911930506497,0.9803921568627451,1,153,1,1,1,1
333,0520_c0008_015.jpg,520,7,-1,True,150,8550,0.9998678362573101,0.9868421052631579,1,152,1,1,1,1
334,0520_c0008_020.jpg,520,7,-1,True,150,8550,0.9997780484829586,0.9868421052631579,1,152,1,1,1,1
335,0522_c0001_000.jpg,522,0,-1,True,150,8550,0.6618826156762465,0.13440860215053763,1,1116,1,1,1,1
336,0522_c0001_005.jpg,522,0,-1,True,150,8550,0.6353064973240611,0.08503401360544217,1,1764,1,1,1,1
337,0522_c0001_010.jpg,522,0,-1,True,150,8550,0.641233558870828,0.104675505931612,1,1433,1,1,1,1
338,0522_c0001_015.jpg,522,0,-1,True,150,8550,0.7346859442696414,0.1937984496124031,1,774,1,1,1,1
339,0522_c0001_020.jpg,522,0,-1,True,150,8550,0.6421264502332266,0.08870490833826139,1,1691,1,1,1,1
340,0522_c0002_000.jpg,522,1,-1,True,150,8550,0.29838745595231764,0.08269018743109151,1,1814,1,1,1,1
341,0522_c0002_005.jpg,522,1,-1,True,150,8550,0.22998389656973833,0.07436787307882994,2,2017,0,1,1,1
342,0522_c0002_010.jpg,522,1,-1,True,150,8550,0.29150423909314316,0.0851305334846765,1,1762,1,1,1,1
343,0522_c0002_015.jpg,522,1,-1,True,150,8550,0.32779024292125425,0.1073729420186113,1,1397,1,1,1,1
344,0522_c0002_020.jpg,522,1,-1,True,150,8550,0.32386718704917467,0.12,1,1250,1,1,1,1
345,0522_c0004_000.jpg,522,3,-1,True,150,8550,0.814957275515021,0.20920502092050208,1,717,1,1,1,1
346,0522_c0004_005.jpg,522,3,-1,True,150,8550,0.7592576893108329,0.13169446883230904,1,1139,1,1,1,1
347,0522_c0004_010.jpg,522,3,-1,True,150,8550,0.7925269480325303,0.178359096313912,1,841,1,1,1,1
348,0522_c0004_015.jpg,522,3,-1,True,150,8550,0.8018199909253141,0.18028846153846154,1,832,1,1,1,1
349,0522_c0004_020.jpg,522,3,-1,True,150,8550,0.8036187323198021,0.18450184501845018,1,813,1,1,1,1
350,0522_c0005_000.jpg,522,4,-1,True,150,8550,0.8886998534384545,0.21613832853025935,1,694,1,1,1,1
351,0522_c0005_005.jpg,522,4,-1,True,150,8550,0.8763513666807027,0.1822600243013366,1,823,1,1,1,1
352,0522_c0005_010.jpg,522,4,-1,True,150,8550,0.8626211251082038,0.1724137931034483,1,870,1,1,1,1
353,0522_c0005_015.jpg,522,4,-1,True,150,8550,0.8808895615452277,0.1925545571245186,1,779,1,1,1,1
354,0522_c0005_020.jpg,522,4,-1,True,150,8550,0.8731316903133288,0.18137847642079807,1,827,1,1,1,1
355,0522_c0006_000.jpg,522,5,-1,True,150,8550,0.73180739183432,0.25996533795493937,1,577,1,1,1,1
356,0522_c0006_005.jpg,522,5,-1,True,150,8550,0.69176732305948,0.1953125,1,768,1,1,1,1
357,0522_c0006_010.jpg,522,5,-1,True,150,8550,0.6103410230395921,0.15136226034308778,1,991,1,1,1,1
358,0522_c0006_015.jpg,522,5,-1,True,150,8550,0.43486343535650196,0.14071294559099437,1,1066,1,1,1,1
359,0522_c0006_020.jpg,522,5,-1,True,150,8550,0.5498066307109667,0.13404825737265416,1,1119,1,1,1,1
360,0522_c0007_000.jpg,522,6,-1,True,150,8550,1.0,1.0,1,150,1,1,1,1
361,0522_c0007_005.jpg,522,6,-1,True,150,8550,1.0,1.0,1,150,1,1,1,1
362,0522_c0007_010.jpg,522,6,-1,True,150,8550,1.0,1.0,1,150,1,1,1,1
363,0522_c0007_015.jpg,522,6,-1,True,150,8550,1.0,1.0,1,150,1,1,1,1
364,0522_c0007_020.jpg,522,6,-1,True,150,8550,0.9997385396060893,0.974025974025974,1,154,1,1,1,1
365,0522_c0008_000.jpg,522,7,-1,True,150,8550,0.762605100295726,0.09499683343888538,1,1579,1,1,1,1
366,0522_c0008_005.jpg,522,7,-1,True,150,8550,0.7646663282082439,0.09759271307742355,1,1537,1,1,1,1
367,0522_c0008_010.jpg,522,7,-1,True,150,8550,0.7568591635191971,0.09696186166774402,1,1547,1,1,1,1
368,0522_c0008_015.jpg,522,7,-1,True,150,8550,0.7631170639488226,0.10176390773405698,1,1474,1,1,1,1
369,0522_c0008_020.jpg,522,7,-1,True,150,8550,0.7681823640861015,0.09771986970684039,1,1535,1,1,1,1
370,0524_c0001_000.jpg,524,0,-1,True,175,8550,0.47366365777787217,0.22349936143039592,1,783,1,1,1,1
371,0524_c0001_005.jpg,524,0,-1,True,175,8550,0.49467851635185867,0.2066115702479339,1,847,1,1,1,1
372,0524_c0001_010.jpg,524,0,-1,True,175,8550,0.45884370336027097,0.2006880733944954,1,872,1,1,1,1
373,0524_c0001_015.jpg,524,0,-1,True,175,8550,0.4617438796236929,0.22349936143039592,1,783,1,1,1,1
374,0524_c0001_020.jpg,524,0,-1,True,175,8550,0.45078677952268337,0.22208121827411167,1,788,1,1,1,1
375,0524_c0002_000.jpg,524,1,-1,True,175,8550,0.6429286996681315,0.21929824561403508,1,798,1,1,1,1
376,0524_c0002_005.jpg,524,1,-1,True,175,8550,0.6232461302856953,0.2080856123662307,1,841,1,1,1,1
377,0524_c0002_010.jpg,524,1,-1,True,175,8550,0.6149336883921857,0.25,1,700,1,1,1,1
378,0524_c0002_015.jpg,524,1,-1,True,175,8550,0.6450874009198382,0.27386541471048514,1,639,1,1,1,1
379,0524_c0002_020.jpg,524,1,-1,True,175,8550,0.6353456486104107,0.2751572327044025,1,636,1,1,1,1
380,0524_c0003_000.jpg,524,2,-1,True,175,8550,0.7891148074534733,0.4098360655737705,1,427,1,1,1,1
381,0524_c0003_005.jpg,524,2,-1,True,175,8550,0.7412736772023478,0.22935779816513763,1,763,1,1,1,1
382,0524_c0003_010.jpg,524,2,-1,True,175,8550,0.7550231799215731,0.30755711775043937,1,569,1,1,1,1
383,0524_c0003_015.jpg,524,2,-1,True,175,8550,0.7445016156216105,0.28135048231511256,1,622,1,1,1,1
384,0524_c0003_020.jpg,524,2,-1,True,175,8550,0.7227404893837392,0.2936241610738255,1,596,1,1,1,1
385,0524_c0004_000.jpg,524,3,-1,True,175,8550,0.3540947691648755,0.1386687797147385,1,1262,1,1,1,1
386,0524_c0004_005.jpg,524,3,-1,True,175,8550,0.26104000195470145,0.11880515953835709,16,1473,0,0,0,1
387,0524_c0004_010.jpg,524,3,-1,True,175,8550,0.2929202972292055,0.13409961685823754,8,1305,0,0,1,1
388,0524_c0004_015.jpg,524,3,-1,True,175,8550,0.2875864539962658,0.12393767705382436,16,1412,0,0,0,1
389,0524_c0004_020.jpg,524,3,-1,True,175,8550,0.2944196142065334,0.1247327156094084,5,1403,0,1,1,1
390,0524_c0005_000.jpg,524,4,-1,True,175,8550,0.7873177362441707,0.49157303370786515,1,356,1,1,1,1
391,0524_c0005_005.jpg,524,4,-1,True,175,8550,0.7565767772924619,0.4781420765027322,1,366,1,1,1,1
392,0524_c0005_010.jpg,524,4,-1,True,175,8550,0.7445337162047821,0.4605263157894737,1,380,1,1,1,1
393,0524_c0005_015.jpg,524,4,-1,True,175,8550,0.8159453935693721,0.4498714652956298,1,389,1,1,1,1
394,0524_c0005_020.jpg,524,4,-1,True,175,8550,0.756341140814093,0.5028735632183908,1,348,1,1,1,1
395,0524_c0006_000.jpg,524,5,-1,True,175,8550,0.629267429146081,0.40415704387990764,1,433,1,1,1,1
396,0524_c0006_005.jpg,524,5,-1,True,175,8550,0.6544475156428996,0.390625,1,448,1,1,1,1
397,0524_c0006_010.jpg,524,5,-1,True,175,8550,0.6505401288308952,0.38631346578366443,1,453,1,1,1,1
398,0524_c0006_015.jpg,524,5,-1,True,175,8550,0.652173945457596,0.4107981220657277,1,426,1,1,1,1
399,0524_c0006_020.jpg,524,5,-1,True,175,8550,0.6715254336450116,0.43316831683168316,1,404,1,1,1,1
400,0524_c0007_000.jpg,524,6,-1,True,175,8550,0.7041107792552977,0.14367816091954022,1,1218,1,1,1,1
401,0524_c0007_005.jpg,524,6,-1,True,175,8550,0.7042282111324198,0.1586582048957389,1,1103,1,1,1,1
402,0524_c0007_010.jpg,524,6,-1,True,175,8550,0.7385864723468434,0.21315468940316687,1,821,1,1,1,1
403,0524_c0007_015.jpg,524,6,-1,True,175,8550,0.7352807066079383,0.19294377067254687,1,907,1,1,1,1
404,0524_c0007_020.jpg,524,6,-1,True,175,8550,0.7367913862066694,0.2025462962962963,1,864,1,1,1,1
405,0524_c0008_000.jpg,524,7,-1,True,175,8550,0.7181673169567654,0.28225806451612906,1,620,1,1,1,1
406,0524_c0008_005.jpg,524,7,-1,True,175,8550,0.6653971334091011,0.2911813643926789,1,601,1,1,1,1
407,0524_c0008_010.jpg,524,7,-1,True,175,8550,0.6706774030483705,0.27301092043681746,1,641,1,1,1,1
408,0524_c0008_015.jpg,524,7,-1,True,175,8550,0.6828827320057832,0.26515151515151514,1,660,1,1,1,1
409,0524_c0008_020.jpg,524,7,-1,True,175,8550,0.6928634699581099,0.3054101221640489,1,573,1,1,1,1
410,0526_c0001_000.jpg,526,0,-1,True,50,8550,0.6633659771180587,0.26737967914438504,1,187,1,1,1,1
411,0526_c0001_005.jpg,526,0,-1,True,50,8550,0.7428845048372318,0.3225806451612903,1,155,1,1,1,1
412,0526_c0001_010.jpg,526,0,-1,True,50,8550,0.6902958037208263,0.30303030303030304,1,165,1,1,1,1
413,0526_c0001_015.jpg,526,0,-1,True,50,8550,0.7110638377370093,0.2994011976047904,1,167,1,1,1,1
414,0526_c0001_020.jpg,526,0,-1,True,50,8550,0.7546679910637286,0.33112582781456956,1,151,1,1,1,1
415,0526_c0003_000.jpg,526,2,-1,True,50,8550,0.9935673889109115,0.8928571428571429,1,56,1,1,1,1
416,0526_c0003_005.jpg,526,2,-1,True,50,8550,0.9976754475375057,0.9433962264150944,1,53,1,1,1,1
417,0526_c0003_010.jpg,526,2,-1,True,50,8550,0.9635691649935805,0.8771929824561403,1,57,1,1,1,1
418,0526_c0003_015.jpg,526,2,-1,True,50,8550,1.0,1.0,1,50,1,1,1,1
419,0526_c0003_020.jpg,526,2,-1,True,50,8550,1.0,1.0,1,50,1,1,1,1
420,0526_c0005_000.jpg,526,4,-1,True,50,8550,1.0,1.0,1,50,1,1,1,1
421,0526_c0005_005.jpg,526,4,-1,True,50,8550,1.0,1.0,1,50,1,1,1,1
422,0526_c0005_010.jpg,526,4,-1,True,50,8550,1.0,1.0,1,50,1,1,1,1
423,0526_c0005_015.jpg,526,4,-1,True,50,8550,1.0,1.0,1,50,1,1,1,1
424,0526_c0005_020.jpg,526,4,-1,True,50,8550,1.0,1.0,1,50,1,1,1,1
425,0528_c0001_000.jpg,528,0,-1,True,150,8550,0.652465135856879,0.4065040650406504,1,369,1,1,1,1
426,0528_c0001_005.jpg,528,0,-1,True,150,8550,0.537917246408731,0.176056338028169,1,852,1,1,1,1
427,0528_c0001_010.jpg,528,0,-1,True,150,8550,0.485976078926743,0.21897810218978103,1,685,1,1,1,1
428,0528_c0001_015.jpg,528,0,-1,True,150,8550,0.44916334542593084,0.1609442060085837,1,932,1,1,1,1
429,0528_c0001_020.jpg,528,0,-1,True,150,8550,0.397117260787674,0.18137847642079807,1,827,1,1,1,1
430,0528_c0002_000.jpg,528,1,-1,True,150,8550,0.7773148929104786,0.2717391304347826,1,552,1,1,1,1
431,0528_c0002_005.jpg,528,1,-1,True,150,8550,0.7857161170170571,0.2782931354359926,1,539,1,1,1,1
432,0528_c0002_010.jpg,528,1,-1,True,150,8550,0.7720988066947788,0.2742230347349177,1,547,1,1,1,1
433,0528_c0002_015.jpg,528,1,-1,True,150,8550,0.7663830079224321,0.26929982046678635,1,557,1,1,1,1
434,0528_c0002_020.jpg,528,1,-1,True,150,8550,0.7661229717827222,0.2669039145907473,1,562,1,1,1,1
435,0528_c0003_000.jpg,528,2,-1,True,150,8550,0.8964796879719205,0.3546099290780142,1,423,1,1,1,1
436,0528_c0003_005.jpg,528,2,-1,True,150,8550,0.8982163333442124,0.36231884057971014,1,414,1,1,1,1
437,0528_c0003_010.jpg,528,2,-1,True,150,8550,0.898775251001814,0.3826530612244898,1,392,1,1,1,1
438,0528_c0003_015.jpg,528,2,-1,True,150,8550,0.8915986311824152,0.3836317135549872,1,391,1,1,1,1
439,0528_c0003_020.jpg,528,2,-1,True,150,8550,0.8955876639525745,0.3712871287128713,1,404,1,1,1,1
440,0528_c0004_000.jpg,528,3,-1,True,150,8550,0.9353472201578931,0.6880733944954128,1,218,1,1,1,1
441,0528_c0004_005.jpg,528,3,-1,True,150,8550,0.9451558415894877,0.7109004739336493,1,211,1,1,1,1
442,0528_c0004_010.jpg,528,3,-1,True,150,8550,0.9397504277921458,0.6607929515418502,1,227,1,1,1,1
443,0528_c0004_015.jpg,528,3,-1,True,150,8550,0.916948166390176,0.6493506493506493,1,231,1,1,1,1
444,0528_c0004_020.jpg,528,3,-1,True,150,8550,0.9394543497624522,0.6329113924050633,1,237,1,1,1,1
445,0528_c0005_000.jpg,528,4,-1,True,150,8550,0.9592174093060951,0.6,1,250,1,1,1,1
446,0528_c0005_005.jpg,528,4,-1,True,150,8550,0.9734608732805625,0.6097560975609756,1,246,1,1,1,1
447,0528_c0005_010.jpg,528,4,-1,True,150,8550,0.9613883079047808,0.5952380952380952,1,252,1,1,1,1
448,0528_c0005_015.jpg,528,4,-1,True,150,8550,0.9406843886517963,0.5208333333333334,1,288,1,1,1,1
449,0528_c0005_020.jpg,528,4,-1,True,150,8550,0.9414370458986613,0.5474452554744526,1,274,1,1,1,1
450,0528_c0006_000.jpg,528,5,-1,True,150,8550,0.6569454952451712,0.43352601156069365,1,346,1,1,1,1
451,0528_c0006_005.jpg,528,5,-1,True,150,8550,0.6629592287373413,0.43103448275862066,1,348,1,1,1,1
452,0528_c0006_010.jpg,528,5,-1,True,150,8550,0.6659918852214967,0.42492917847025496,1,353,1,1,1,1
453,0528_c0006_015.jpg,528,5,-1,True,150,8550,0.6829598011350064,0.41208791208791207,1,364,1,1,1,1
454,0528_c0006_020.jpg,528,5,-1,True,150,8550,0.632838658805962,0.43103448275862066,1,348,1,1,1,1
455,0528_c0007_000.jpg,528,6,-1,True,150,8550,0.6258669587575871,0.42492917847025496,1,353,1,1,1,1
456,0528_c0007_005.jpg,528,6,-1,True,150,8550,0.6295485733324847,0.4322766570605187,1,347,1,1,1,1
457,0528_c0007_010.jpg,528,6,-1,True,150,8550,0.6249057414837913,0.42492917847025496,1,353,1,1,1,1
458,0528_c0007_015.jpg,528,6,-1,True,150,8550,0.627512247035764,0.4424778761061947,1,339,1,1,1,1
459,0528_c0007_020.jpg,528,6,-1,True,150,8550,0.6270081544254046,0.4076086956521739,1,368,1,1,1,1
460,0530_c0001_000.jpg,530,0,-1,True,150,8550,0.6871604456202516,0.4838709677419355,1,310,1,1,1,1
461,0530_c0001_005.jpg,530,0,-1,True,150,8550,0.6045544424270162,0.45045045045045046,1,333,1,1,1,1
462,0530_c0001_010.jpg,530,0,-1,True,150,8550,0.6584188025694978,0.48231511254019294,1,311,1,1,1,1
463,0530_c0001_015.jpg,530,0,-1,True,150,8550,0.7322984748119925,0.4983388704318937,1,301,1,1,1,1
464,0530_c0001_020.jpg,530,0,-1,True,150,8550,0.5612672315505433,0.47468354430379744,1,316,1,1,1,1
465,0530_c0002_000.jpg,530,1,-1,True,150,8550,0.9596112344327385,0.7109004739336493,1,211,1,1,1,1
466,0530_c0002_005.jpg,530,1,-1,True,150,8550,0.9357884091107186,0.6198347107438017,1,242,1,1,1,1
467,0530_c0002_010.jpg,530,1,-1,True,150,8550,0.9068198099195738,0.5226480836236934,1,287,1,1,1,1
468,0530_c0002_015.jpg,530,1,-1,True,150,8550,0.9343896514520873,0.6122448979591837,1,245,1,1,1,1
469,0530_c0002_020.jpg,530,1,-1,True,150,8550,0.9451413215680172,0.6578947368421053,1,228,1,1,1,1
470,0530_c0003_000.jpg,530,2,-1,True,150,8550,1.0,1.0,1,150,1,1,1,1
471,0530_c0003_005.jpg,530,2,-1,True,150,8550,0.9983254401436277,0.9615384615384616,1,156,1,1,1,1
472,0530_c0003_010.jpg,530,2,-1,True,150,8550,0.9997762661969058,0.9933774834437086,1,151,1,1,1,1
473,0530_c0003_015.jpg,530,2,-1,True,150,8550,1.0,1.0,1,150,1,1,1,1
474,0530_c0003_020.jpg,530,2,-1,True,150,8550,1.0,1.0,1,150,1,1,1,1
475,0530_c0004_000.jpg,530,3,-1,True,150,8550,1.0,1.0,1,150,1,1,1,1
476,0530_c0004_005.jpg,530,3,-1,True,150,8550,1.0,1.0,1,150,1,1,1,1
477,0530_c0004_010.jpg,530,3,-1,True,150,8550,1.0,1.0,1,150,1,1,1,1
478,0530_c0004_015.jpg,530,3,-1,True,150,8550,1.0,1.0,1,150,1,1,1,1
479,0530_c0004_020.jpg,530,3,-1,True,150,8550,1.0,1.0,1,150,1,1,1,1
480,0530_c0005_000.jpg,530,4,-1,True,150,8550,0.6218024964922412,0.5,1,300,1,1,1,1
481,0530_c0005_005.jpg,530,4,-1,True,150,8550,0.609110546267638,0.5,1,300,1,1,1,1
482,0530_c0005_010.jpg,530,4,-1,True,150,8550,0.6260680753724501,0.5,1,300,1,1,1,1
483,0530_c0005_015.jpg,530,4,-1,True,150,8550,0.6621572985269402,0.5,1,300,1,1,1,1
484,0530_c0005_020.jpg,530,4,-1,True,150,8550,0.6655891945355499,0.5154639175257731,1,291,1,1,1,1
485,0530_c0006_000.jpg,530,5,-1,True,150,8550,0.9999558498896247,0.9933774834437086,1,151,1,1,1,1
486,0530_c0006_005.jpg,530,5,-1,True,150,8550,1.0,1.0,1,150,1,1,1,1
487,0530_c0006_010.jpg,530,5,-1,True,150,8550,1.0,1.0,1,150,1,1,1,1
488,0530_c0006_015.jpg,530,5,-1,True,150,8550,0.9998692810457518,0.9803921568627451,1,153,1,1,1,1
489,0530_c0006_020.jpg,530,5,-1,True,150,8550,0.9999122807017545,0.9868421052631579,1,152,1,1,1,1
490,0530_c0008_000.jpg,530,7,-1,True,150,8550,0.763111205615996,0.43859649122807015,1,342,1,1,1,1
491,0530_c0008_005.jpg,530,7,-1,True,150,8550,0.7755824965414777,0.49019607843137253,1,306,1,1,1,1
492,0530_c0008_010.jpg,530,7,-1,True,150,8550,0.7307492567191642,0.3826530612244898,1,392,1,1,1,1
493,0530_c0008_015.jpg,530,7,-1,True,150,8550,0.7416166057678214,0.3856041131105398,1,389,1,1,1,1
494,0530_c0008_020.jpg,530,7,-1,True,150,8550,0.7301426097126316,0.3712871287128713,1,404,1,1,1,1
495,0532_c0001_000.jpg,532,0,-1,True,175,8550,0.9823004114515428,0.6433823529411765,1,272,1,1,1,1
496,0532_c0001_005.jpg,532,0,-1,True,175,8550,0.97777478782811,0.6481481481481481,1,270,1,1,1,1
497,0532_c0001_010.jpg,532,0,-1,True,175,8550,0.9766639420282656,0.6433823529411765,1,272,1,1,1,1
498,0532_c0001_015.jpg,532,0,-1,True,175,8550,0.9808784704904187,0.6505576208178439,1,269,1,1,1,1
499,0532_c0001_020.jpg,532,0,-1,True,175,8550,0.9943011316272623,0.8663366336633663,1,202,1,1,1,1
500,0532_c0002_000.jpg,532,1,-1,True,175,8550,0.22584414812136078,0.08445945945945946,26,2072,0,0,0,0
501,0532_c0002_005.jpg,532,1,-1,True,175,8550,0.22062478733464225,0.07879333633498424,26,2221,0,0,0,0
502,0532_c0002_010.jpg,532,1,-1,True,175,8550,0.2345837704582036,0.08433734939759036,8,2075,0,0,1,1
503,0532_c0002_015.jpg,532,1,-1,True,175,8550,0.22344014215600996,0.08064516129032258,26,2170,0,0,0,0
504,0532_c0002_020.jpg,532,1,-1,True,175,8550,0.22604896187707213,0.07936507936507936,26,2205,0,0,0,0
505,0532_c0003_000.jpg,532,2,-1,True,175,8550,0.879583003229086,0.2190237797246558,1,799,1,1,1,1
506,0532_c0003_005.jpg,532,2,-1,True,175,8550,0.8880806495873812,0.22935779816513763,1,763,1,1,1,1
507,0532_c0003_010.jpg,532,2,-1,True,175,8550,0.9009444945201092,0.2393980848153215,1,731,1,1,1,1
508,0532_c0003_015.jpg,532,2,-1,True,175,8550,0.8988392449151801,0.22609819121447028,1,774,1,1,1,1
509,0532_c0003_020.jpg,532,2,-1,True,175,8550,0.9004103946498805,0.23427041499330656,1,747,1,1,1,1
510,0532_c0004_000.jpg,532,3,-1,True,175,8550,0.9110606428305374,0.2946127946127946,1,594,1,1,1,1
511,0532_c0004_005.jpg,532,3,-1,True,175,8550,0.9049606275471193,0.2717391304347826,1,644,1,1,1,1
512,0532_c0004_010.jpg,532,3,-1,True,175,8550,0.9044912818520894,0.26881720430107525,1,651,1,1,1,1
513,0532_c0004_015.jpg,532,3,-1,True,175,8550,0.9035840994040405,0.27386541471048514,1,639,1,1,1,1
514,0532_c0004_020.jpg,532,3,-1,True,175,8550,0.9031543870090293,0.2704791344667697,1,647,1,1,1,1
515,0532_c0005_000.jpg,532,4,-1,True,175,8550,0.881399130145666,0.13368983957219252,1,1309,1,1,1,1
516,0532_c0005_005.jpg,532,4,-1,True,175,8550,0.8818066913057467,0.13409961685823754,1,1305,1,1,1,1
517,0532_c0005_010.jpg,532,4,-1,True,175,8550,0.8840452877714314,0.14332514332514332,1,1221,1,1,1,1
518,0532_c0005_015.jpg,532,4,-1,True,175,8550,0.8805203798765037,0.13257575757575757,1,1320,1,1,1,1
519,0532_c0005_020.jpg,532,4,-1,True,175,8550,0.8817437173037271,0.13157894736842105,1,1330,1,1,1,1
520,0532_c0006_000.jpg,532,5,-1,True,175,8550,0.9762844750343463,0.7709251101321586,1,227,1,1,1,1
521,0532_c0006_005.jpg,532,5,-1,True,175,8550,0.9852348009247641,0.68359375,1,256,1,1,1,1
522,0532_c0006_010.jpg,532,5,-1,True,175,8550,0.9937778475484803,0.813953488372093,1,215,1,1,1,1
523,0532_c0006_015.jpg,532,5,-1,True,175,8550,0.9979335228457726,0.8838383838383839,1,198,1,1,1,1
524,0532_c0006_020.jpg,532,5,-1,True,175,8550,0.9748207625731171,0.7641921397379913,1,229,1,1,1,1
525,0532_c0007_000.jpg,532,6,-1,True,175,8550,0.9404141912270586,0.4430379746835443,1,395,1,1,1,1
526,0532_c0007_005.jpg,532,6,-1,True,175,8550,0.9353726829273913,0.40415704387990764,1,433,1,1,1,1
527,0532_c0007_010.jpg,532,6,-1,True,175,8550,0.936275419614619,0.47554347826086957,1,368,1,1,1,1
528,0532_c0007_015.jpg,532,6,-1,True,175,8550,0.9379889330356728,0.44191919191919193,1,396,1,1,1,1
529,0532_c0007_020.jpg,532,6,-1,True,175,8550,0.9288090350252287,0.3977272727272727,1,440,1,1,1,1
530,0532_c0008_000.jpg,532,7,-1,True,175,8550,0.8473513764668684,0.07815989280928987,1,2239,1,1,1,1
531,0532_c0008_005.jpg,532,7,-1,True,175,8550,0.8682531542122242,0.07602085143353605,1,2302,1,1,1,1
532,0532_c0008_010.jpg,532,7,-1,True,175,8550,0.8698943086769191,0.08177570093457943,1,2140,1,1,1,1
533,0532_c0008_015.jpg,532,7,-1,True,175,8550,0.868901367121191,0.07791629563668745,1,2246,1,1,1,1
534,0532_c0008_020.jpg,532,7,-1,True,175,8550,0.8705950226834066,0.08595284872298625,1,2036,1,1,1,1
535,0534_c0001_000.jpg,534,0,-1,True,150,8550,1.0,1.0,1,150,1,1,1,1
536,0534_c0001_005.jpg,534,0,-1,True,150,8550,1.0,1.0,1,150,1,1,1,1
537,0534_c0001_010.jpg,534,0,-1,True,150,8550,1.0,1.0,1,150,1,1,1,1
538,0534_c0001_015.jpg,534,0,-1,True,150,8550,1.0,1.0,1,150,1,1,1,1
539,0534_c0001_020.jpg,534,0,-1,True,150,8550,1.0,1.0,1,150,1,1,1,1
540,0534_c0002_000.jpg,534,1,-1,True,150,8550,0.9692362616194892,0.7537688442211056,1,199,1,1,1,1
541,0534_c0002_005.jpg,534,1,-1,True,150,8550,0.9544695210954285,0.7614213197969543,1,197,1,1,1,1
542,0534_c0002_010.jpg,534,1,-1,True,150,8550,0.9669319119271089,0.7936507936507936,1,189,1,1,1,1
543,0534_c0002_015.jpg,534,1,-1,True,150,8550,0.995147562128229,0.8823529411764706,1,170,1,1,1,1
544,0534_c0002_020.jpg,534,1,-1,True,150,8550,0.9997405017921147,0.967741935483871,1,155,1,1,1,1
545,0534_c0004_000.jpg,534,3,-1,True,150,8550,1.0,1.0,1,150,1,1,1,1
546,0534_c0004_005.jpg,534,3,-1,True,150,8550,1.0,1.0,1,150,1,1,1,1
547,0534_c0004_010.jpg,534,3,-1,True,150,8550,1.0,1.0,1,150,1,1,1,1
548,0534_c0004_015.jpg,534,3,-1,True,150,8550,1.0,1.0,1,150,1,1,1,1
549,0534_c0004_020.jpg,534,3,-1,True,150,8550,0.9996093575247937,0.9615384615384616,1,156,1,1,1,1
550,0534_c0005_000.jpg,534,4,-1,True,150,8550,0.9985645804144034,0.974025974025974,1,154,1,1,1,1
551,0534_c0005_005.jpg,534,4,-1,True,150,8550,1.0,1.0,1,150,1,1,1,1
552,0534_c0005_010.jpg,534,4,-1,True,150,8550,0.9936922639604885,0.9036144578313253,1,166,1,1,1,1
553,0534_c0005_015.jpg,534,4,-1,True,150,8550,1.0,1.0,1,150,1,1,1,1
554,0534_c0005_020.jpg,534,4,-1,True,150,8550,0.999510923738158,0.9803921568627451,1,153,1,1,1,1
555,0534_c0006_000.jpg,534,5,-1,True,150,8550,1.0,1.0,1,150,1,1,1,1
556,0534_c0006_005.jpg,534,5,-1,True,150,8550,1.0,1.0,1,150,1,1,1,1
557,0534_c0006_010.jpg,534,5,-1,True,150,8550,1.0,1.0,1,150,1,1,1,1
558,0534_c0006_015.jpg,534,5,-1,True,150,8550,1.0,1.0,1,150,1,1,1,1
559,0534_c0006_020.jpg,534,5,-1,True,150,8550,1.0,1.0,1,150,1,1,1,1
560,0534_c0007_000.jpg,534,6,-1,True,150,8550,1.0,1.0,1,150,1,1,1,1
561,0534_c0007_005.jpg,534,6,-1,True,150,8550,0.998672554791768,0.9202453987730062,1,163,1,1,1,1
562,0534_c0007_010.jpg,534,6,-1,True,150,8550,0.9933801898914506,0.8771929824561403,1,171,1,1,1,1
563,0534_c0007_015.jpg,534,6,-1,True,150,8550,1.0,1.0,1,150,1,1,1,1
564,0534_c0007_020.jpg,534,6,-1,True,150,8550,0.9998268398268398,0.974025974025974,1,154,1,1,1,1
565,0534_c0008_000.jpg,534,7,-1,True,150,8550,1.0,1.0,1,150,1,1,1,1
566,0534_c0008_005.jpg,534,7,-1,True,150,8550,1.0,1.0,1,150,1,1,1,1
567,0534_c0008_010.jpg,534,7,-1,True,150,8550,1.0,1.0,1,150,1,1,1,1
568,0534_c0008_015.jpg,534,7,-1,True,150,8550,1.0,1.0,1,150,1,1,1,1
569,0534_c0008_020.jpg,534,7,-1,True,150,8550,1.0,1.0,1,150,1,1,1,1
570,0536_c0001_000.jpg,536,0,-1,True,75,8550,0.45936420193250027,0.17857142857142858,1,420,1,1,1,1
571,0536_c0001_005.jpg,536,0,-1,True,75,8550,0.48741641216217174,0.20718232044198895,1,362,1,1,1,1
572,0536_c0001_010.jpg,536,0,-1,True,75,8550,0.49943836698250504,0.19083969465648856,1,393,1,1,1,1
573,0536_c0001_015.jpg,536,0,-1,True,75,8550,0.48190317672158445,0.21067415730337077,1,356,1,1,1,1
574,0536_c0001_020.jpg,536,0,-1,True,75,8550,0.5045374886355689,0.21008403361344538,1,357,1,1,1,1
575,0536_c0002_000.jpg,536,1,-1,True,75,8550,0.43270349851689605,0.1681614349775785,1,446,1,1,1,1
576,0536_c0002_005.jpg,536,1,-1,True,75,8550,0.4326152107002961,0.1744186046511628,1,430,1,1,1,1
577,0536_c0002_010.jpg,536,1,-1,True,75,8550,0.4288825664699252,0.15060240963855423,1,498,1,1,1,1
578,0536_c0002_015.jpg,536,1,-1,True,75,8550,0.43503925282588984,0.18796992481203006,1,399,1,1,1,1
579,0536_c0002_020.jpg,536,1,-1,True,75,8550,0.42981855316194156,0.16519823788546256,1,454,1,1,1,1
580,0536_c0005_000.jpg,536,4,-1,True,75,8550,0.5499924903458248,0.26595744680851063,1,282,1,1,1,1
581,0536_c0005_005.jpg,536,4,-1,True,75,8550,0.5310523032811209,0.22658610271903323,1,331,1,1,1,1
582,0536_c0005_010.jpg,536,4,-1,True,75,8550,0.5220306613440291,0.2336448598130841,1,321,1,1,1,1
583,0536_c0005_015.jpg,536,4,-1,True,75,8550,0.514174608680605,0.2516778523489933,1,298,1,1,1,1
584,0536_c0005_020.jpg,536,4,-1,True,75,8550,0.5017496419355884,0.20891364902506965,1,359,1,1,1,1
585,0536_c0006_000.jpg,536,5,-1,True,75,8550,0.3078498114140623,0.10822510822510822,1,693,1,1,1,1
586,0536_c0006_005.jpg,536,5,-1,True,75,8550,0.36468631819753544,0.12355848434925865,1,607,1,1,1,1
587,0536_c0006_010.jpg,536,5,-1,True,75,8550,0.3811713615026973,0.12057877813504823,1,622,1,1,1,1
588,0536_c0006_015.jpg,536,5,-1,True,75,8550,0.3712490731624959,0.12096774193548387,1,620,1,1,1,1
589,0536_c0006_020.jpg,536,5,-1,True,75,8550,0.3372687040683881,0.11980830670926518,1,626,1,1,1,1
590,0538_c0001_000.jpg,538,0,-1,True,175,8550,0.9892998548159507,0.875,1,200,1,1,1,1
591,0538_c0001_005.jpg,538,0,-1,True,175,8550,0.921270574651997,0.7882882882882883,1,222,1,1,1,1
592,0538_c0001_010.jpg,538,0,-1,True,175,8550,0.9801324260700671,0.8706467661691543,1,201,1,1,1,1
593,0538_c0001_015.jpg,538,0,-1,True,175,8550,0.9739974383277598,0.8101851851851852,1,216,1,1,1,1
594,0538_c0001_020.jpg,538,0,-1,True,175,8550,0.9686688669909258,0.7990867579908676,1,219,1,1,1,1
595,0538_c0002_000.jpg,538,1,-1,True,175,8550,0.5874137507445504,0.2507163323782235,1,698,1,1,1,1
596,0538_c0002_005.jpg,538,1,-1,True,175,8550,0.6735539105046046,0.3064798598949212,8,571,0,0,1,1
597,0538_c0002_010.jpg,538,1,-1,True,175,8550,0.6237389896485076,0.274294670846395,8,638,0,0,1,1
598,0538_c0002_015.jpg,538,1,-1,True,175,8550,0.7660093279301784,0.29411764705882354,1,595,1,1,1,1
599,0538_c0002_020.jpg,538,1,-1,True,175,8550,0.7677957083747913,0.28594771241830064,1,612,1,1,1,1
600,0538_c0003_000.jpg,538,2,-1,True,175,8550,0.9209262829043118,0.39325842696629215,1,445,1,1,1,1
601,0538_c0003_005.jpg,538,2,-1,True,175,8550,0.9585697600281916,0.660377358490566,1,265,1,1,1,1
602,0538_c0003_010.jpg,538,2,-1,True,175,8550,0.9514314777225201,0.4861111111111111,1,360,1,1,1,1
603,0538_c0003_015.jpg,538,2,-1,True,175,8550,0.964428056729573,0.6363636363636364,1,275,1,1,1,1
604,0538_c0003_020.jpg,538,2,-1,True,175,8550,0.9791790151936013,0.7918552036199095,1,221,1,1,1,1
605,0538_c0004_000.jpg,538,3,-1,True,175,8550,0.9043025848366486,0.32407407407407407,1,540,1,1,1,1
606,0538_c0004_005.jpg,538,3,-1,True,175,8550,0.87223474146986,0.277337559429477,1,631,1,1,1,1
607,0538_c0004_010.jpg,538,3,-1,True,175,8550,0.8795868529468781,0.274294670846395,1,638,1,1,1,1
608,0538_c0004_015.jpg,538,3,-1,True,175,8550,0.8852569089681717,0.2619760479041916,1,668,1,1,1,1
609,0538_c0004_020.jpg,538,3,-1,True,175,8550,0.8867028447636844,0.2536231884057971,1,690,1,1,1,1
610,0538_c0005_000.jpg,538,4,-1,True,175,8550,0.776431348902157,0.49019607843137253,1,357,1,1,1,1
611,0538_c0005_005.jpg,538,4,-1,True,175,8550,0.7076516501259198,0.35860655737704916,1,488,1,1,1,1
612,0538_c0005_010.jpg,538,4,-1,True,175,8550,0.6320751256882705,0.2883031301482702,1,607,1,1,1,1
613,0538_c0005_015.jpg,538,4,-1,True,175,8550,0.7034522548428509,0.43424317617866004,1,403,1,1,1,1
614,0538_c0005_020.jpg,538,4,-1,True,175,8550,0.7096122401040462,0.4032258064516129,1,434,1,1,1,1
615,0538_c0006_000.jpg,538,5,-1,True,175,8550,0.8333754700411896,0.38377192982456143,1,456,1,1,1,1
616,0538_c0006_005.jpg,538,5,-1,True,175,8550,0.7862386177965842,0.31362007168458783,1,558,1,1,1,1
617,0538_c0006_010.jpg,538,5,-1,True,175,8550,0.7956612595766586,0.2981260647359455,1,587,1,1,1,1
618,0538_c0006_015.jpg,538,5,-1,True,175,8550,0.7406062659778779,0.3246753246753247,1,539,1,1,1,1
619,0538_c0006_020.jpg,538,5,-1,True,175,8550,0.9396764168329128,0.39149888143176736,1,447,1,1,1,1
620,0538_c0007_000.jpg,538,6,-1,True,175,8550,0.8575220062028375,0.2864157119476268,1,611,1,1,1,1
621,0538_c0007_005.jpg,538,6,-1,True,175,8550,0.8205785853713002,0.2916666666666667,1,600,1,1,1,1
622,0538_c0007_010.jpg,538,6,-1,True,175,8550,0.755971072753914,0.28501628664495116,1,614,1,1,1,1
623,0538_c0007_015.jpg,538,6,-1,True,175,8550,0.7782107759678144,0.28548123980424145,1,613,1,1,1,1
624,0538_c0007_020.jpg,538,6,-1,True,175,8550,0.8883397346835149,0.5718954248366013,1,306,1,1,1,1
625,0538_c0008_000.jpg,538,7,-1,True,175,8550,0.9097459714007103,0.4146919431279621,1,422,1,1,1,1
626,0538_c0008_005.jpg,538,7,-1,True,175,8550,0.8952324125095074,0.45219638242894056,1,387,1,1,1,1
627,0538_c0008_010.jpg,538,7,-1,True,175,8550,0.8991269821008487,0.43640897755610975,1,401,1,1,1,1
628,0538_c0008_015.jpg,538,7,-1,True,175,8550,0.8622264788207094,0.40792540792540793,1,429,1,1,1,1
629,0538_c0008_020.jpg,538,7,-1,True,175,8550,0.8439283075032107,0.4032258064516129,1,434,1,1,1,1
630,0540_c0001_000.jpg,540,0,-1,True,175,8550,0.4957262604930996,0.2507163323782235,1,698,1,1,1,1
631,0540_c0001_005.jpg,540,0,-1,True,175,8550,0.42712073895340347,0.23087071240105542,3,758,0,1,1,1
632,0540_c0001_010.jpg,540,0,-1,True,175,8550,0.35551477870570114,0.21446078431372548,14,816,0,0,0,1
633,0540_c0001_015.jpg,540,0,-1,True,175,8550,0.4542083361300534,0.23744911804613297,1,737,1,1,1,1
634,0540_c0001_020.jpg,540,0,-1,True,175,8550,0.29849879441729044,0.20759193357058126,18,843,0,0,0,1
635,0540_c0002_000.jpg,540,1,-1,True,175,8550,0.2052416900321206,0.06013745704467354,2,2910,0,1,1,1
636,0540_c0002_005.jpg,540,1,-1,True,175,8550,0.3192162104545992,0.06498329001113999,1,2693,1,1,1,1
637,0540_c0002_010.jpg,540,1,-1,True,175,8550,0.31203844112570445,0.08068234209313048,1,2169,1,1,1,1
638,0540_c0002_015.jpg,540,1,-1,True,175,8550,0.2813003500344054,0.047080979284369114,1,3717,1,1,1,1
639,0540_c0002_020.jpg,540,1,-1,True,175,8550,0.24837012956798604,0.07331378299120235,8,2387,0,0,1,1
640,0540_c0003_000.jpg,540,2,-1,True,175,8550,0.5473584150642611,0.14147130153597412,1,1237,1,1,1,1
641,0540_c0003_005.jpg,540,2,-1,True,175,8550,0.6244580293104142,0.1276440554339898,1,1371,1,1,1,1
642,0540_c0003_010.jpg,540,2,-1,True,175,8550,0.6746608905730249,0.16114180478821363,1,1086,1,1,1,1
643,0540_c0003_015.jpg,540,2,-1,True,175,8550,0.5804921334856383,0.11953551912568305,1,1464,1,1,1,1
644,0540_c0003_020.jpg,540,2,-1,True,175,8550,0.576080426584303,0.13523956723338484,1,1294,1,1,1,1
645,0540_c0004_000.jpg,540,3,-1,True,175,8550,0.32096695401341163,0.0478534317746787,1,3657,1,1,1,1
646,0540_c0004_005.jpg,540,3,-1,True,175,8550,0.49493745566024966,0.058023872679045095,1,3016,1,1,1,1
647,0540_c0004_010.jpg,540,3,-1,True,175,8550,0.4485301469835518,0.06676840900419687,1,2621,1,1,1,1
648,0540_c0004_015.jpg,540,3,-1,True,175,8550,0.3955805547854022,0.06751543209876543,1,2592,1,1,1,1
649,0540_c0004_020.jpg,540,3,-1,True,175,8550,0.3610276562467888,0.054045707226683136,1,3238,1,1,1,1
650,0540_c0005_000.jpg,540,4,-1,True,175,8550,0.8177323305349127,0.3147482014388489,1,556,1,1,1,1
651,0540_c0005_005.jpg,540,4,-1,True,175,8550,0.7917153573138828,0.32771535580524347,1,534,1,1,1,1
652,0540_c0005_010.jpg,540,4,-1,True,175,8550,0.7971323868215214,0.30973451327433627,1,565,1,1,1,1
653,0540_c0005_015.jpg,540,4,-1,True,175,8550,0.7851357952414326,0.2840909090909091,1,616,1,1,1,1
654,0540_c0005_020.jpg,540,4,-1,True,175,8550,0.7946813311802436,0.2916666666666667,1,600,1,1,1,1
655,0540_c0006_000.jpg,540,5,-1,True,175,8550,0.6339492412080137,0.14332514332514332,1,1221,1,1,1,1
656,0540_c0006_005.jpg,540,5,-1,True,175,8550,0.6140218308287105,0.13513513513513514,1,1295,1,1,1,1
657,0540_c0006_010.jpg,540,5,-1,True,175,8550,0.5940255946471223,0.1072961373390558,1,1631,1,1,1,1
658,0540_c0006_015.jpg,540,5,-1,True,175,8550,0.6047254496497242,0.1118925831202046,1,1564,1,1,1,1
659,0540_c0006_020.jpg,540,5,-1,True,175,8550,0.5830573235098153,0.11363636363636363,1,1540,1,1,1,1
660,0540_c0007_000.jpg,540,6,-1,True,175,8550,0.8764862191881249,0.5663430420711975,1,309,1,1,1,1
661,0540_c0007_005.jpg,540,6,-1,True,175,8550,0.8402101609273122,0.5384615384615384,1,325,1,1,1,1
662,0540_c0007_010.jpg,540,6,-1,True,175,8550,0.821356452529691,0.4820936639118457,1,363,1,1,1,1
663,0540_c0007_015.jpg,540,6,-1,True,175,8550,0.8090556308545072,0.5335365853658537,1,328,1,1,1,1
664,0540_c0007_020.jpg,540,6,-1,True,175,8550,0.862567769468751,0.5591054313099042,1,313,1,1,1,1
665,0540_c0008_000.jpg,540,7,-1,True,175,8550,0.3953481145565307,0.07019655034095468,1,2493,1,1,1,1
666,0540_c0008_005.jpg,540,7,-1,True,175,8550,0.41329163984264905,0.07836990595611286,1,2233,1,1,1,1
667,0540_c0008_010.jpg,540,7,-1,True,175,8550,0.5253346626499389,0.0851581508515815,1,2055,1,1,1,1
668,0540_c0008_015.jpg,540,7,-1,True,175,8550,0.4242570754128077,0.07399577167019028,1,2365,1,1,1,1
669,0540_c0008_020.jpg,540,7,-1,True,175,8550,0.5304551320185159,0.08389261744966443,1,2086,1,1,1,1
670,0542_c0001_000.jpg,542,0,-1,True,150,8550,0.5214030688849088,0.04260153365521159,1,3521,1,1,1,1
671,0542_c0001_005.jpg,542,0,-1,True,150,8550,0.4874378179956748,0.037821482602118005,1,3966,1,1,1,1
672,0542_c0001_010.jpg,542,0,-1,True,150,8550,0.5180465670104979,0.039851222104144525,1,3764,1,1,1,1
673,0542_c0001_015.jpg,542,0,-1,True,150,8550,0.48895061626814673,0.03942181340341656,1,3805,1,1,1,1
674,0542_c0001_020.jpg,542,0,-1,True,150,8550,0.4708721586565567,0.040584415584415584,1,3696,1,1,1,1
675,0542_c0002_000.jpg,542,1,-1,True,150,8550,0.3115385637767839,0.0788229111928534,26,1903,0,0,0,0
676,0542_c0002_005.jpg,542,1,-1,True,150,8550,0.3298917713658354,0.08746355685131195,26,1715,0,0,0,0
677,0542_c0002_010.jpg,542,1,-1,True,150,8550,0.2980617400012309,0.09410288582183186,26,1594,0,0,0,0
678,0542_c0002_015.jpg,542,1,-1,True,150,8550,0.2878705767772595,0.0959079283887468,17,1564,0,0,0,1
679,0542_c0002_020.jpg,542,1,-1,True,150,8550,0.2901029771727057,0.1059322033898305,17,1416,0,0,0,1
680,0542_c0004_000.jpg,542,3,-1,True,150,8550,0.05457770432333517,0.024525833878351864,21,6116,0,0,0,0
681,0542_c0004_005.jpg,542,3,-1,True,150,8550,0.049462589259686315,0.024752475247524754,29,6060,0,0,0,0
682,0542_c0004_010.jpg,542,3,-1,True,150,8550,0.04193271634856554,0.02503755633450175,45,5991,0,0,0,0
683,0542_c0004_015.jpg,542,3,-1,True,150,8550,0.04372227863234876,0.025227043390514632,48,5946,0,0,0,0
684,0542_c0004_020.jpg,542,3,-1,True,150,8550,0.04415044216897333,0.02432695426532598,50,6166,0,0,0,0
685,0542_c0005_000.jpg,542,4,-1,True,150,8550,0.20690098668534712,0.03430139492339355,10,4373,0,0,1,1
686,0542_c0005_005.jpg,542,4,-1,True,150,8550,0.18233011729337945,0.03106876553438277,35,4828,0,0,0,0
687,0542_c0005_010.jpg,542,4,-1,True,150,8550,0.1884425406379007,0.03175947491001482,28,4723,0,0,0,0
688,0542_c0005_015.jpg,542,4,-1,True,150,8550,0.2227415660714673,0.032265003226500326,5,4649,0,1,1,1
689,0542_c0005_020.jpg,542,4,-1,True,150,8550,0.31236749863092766,0.0361794500723589,1,4146,1,1,1,1
690,0542_c0006_000.jpg,542,5,-1,True,150,8550,0.5120229001423815,0.06307821698906645,1,2378,1,1,1,1
691,0542_c0006_005.jpg,542,5,-1,True,150,8550,0.5830461439430398,0.061932287365813375,1,2422,1,1,1,1
692,0542_c0006_010.jpg,542,5,-1,True,150,8550,0.5476660144783945,0.06587615283267458,1,2277,1,1,1,1
693,0542_c0006_015.jpg,542,5,-1,True,150,8550,0.5811916194273923,0.07338551859099804,1,2044,1,1,1,1
694,0542_c0006_020.jpg,542,5,-1,True,150,8550,0.5798730375939083,0.07418397626112759,1,2022,1,1,1,1
695,0542_c0007_000.jpg,542,6,-1,True,150,8550,0.6603244751205072,0.037341299477221805,1,4017,1,1,1,1
696,0542_c0007_005.jpg,542,6,-1,True,150,8550,0.6413691265974106,0.04095004095004095,1,3663,1,1,1,1
697,0542_c0007_010.jpg,542,6,-1,True,150,8550,0.6529429243539966,0.0484027105517909,1,3099,1,1,1,1
698,0542_c0007_015.jpg,542,6,-1,True,150,8550,0.5898031619920295,0.05,1,3000,1,1,1,1
699,0542_c0007_020.jpg,542,6,-1,True,150,8550,0.6587306278412636,0.04588559192413582,1,3269,1,1,1,1
700,0542_c0008_000.jpg,542,7,-1,True,150,8550,0.03741226376405173,0.02640845070422535,162,5680,0,0,0,0
701,0542_c0008_005.jpg,542,7,-1,True,150,8550,0.0344134125067806,0.027347310847766638,161,5485,0,0,0,0
702,0542_c0008_010.jpg,542,7,-1,True,150,8550,0.038513668846172966,0.028511689792815053,107,5261,0,0,0,0
703,0542_c0008_015.jpg,542,7,-1,True,150,8550,0.035126429046752054,0.029952076677316294,134,5008,0,0,0,0
704,0542_c0008_020.jpg,542,7,-1,True,150,8550,0.03458739444060192,0.0296794618124258,224,5054,0,0,0,0
705,0544_c0001_000.jpg,544,0,-1,True,150,8550,0.7693148787882383,0.40106951871657753,1,374,1,1,1,1
706,0544_c0001_005.jpg,544,0,-1,True,150,8550,0.8961612390074953,0.5454545454545454,1,275,1,1,1,1
707,0544_c0001_010.jpg,544,0,-1,True,150,8550,0.8483763684666492,0.5617977528089888,1,267,1,1,1,1
708,0544_c0001_015.jpg,544,0,-1,True,150,8550,0.8395088633045407,0.4983388704318937,1,301,1,1,1,1
709,0544_c0001_020.jpg,544,0,-1,True,150,8550,0.7902277824162417,0.528169014084507,1,284,1,1,1,1
710,0544_c0002_000.jpg,544,1,-1,True,150,8550,0.9376627397507,0.7894736842105263,1,190,1,1,1,1
711,0544_c0002_005.jpg,544,1,-1,True,150,8550,0.9577721955810887,0.7936507936507936,1,189,1,1,1,1
712,0544_c0002_010.jpg,544,1,-1,True,150,8550,0.8866457138967504,0.7009345794392523,1,214,1,1,1,1
713,0544_c0002_015.jpg,544,1,-1,True,150,8550,0.9122783941511913,0.7537688442211056,1,199,1,1,1,1
714,0544_c0002_020.jpg,544,1,-1,True,150,8550,0.9385426443639925,0.7537688442211056,1,199,1,1,1,1
715,0544_c0003_000.jpg,544,2,-1,True,150,8550,0.9922424755670807,0.9146341463414634,1,164,1,1,1,1
716,0544_c0003_005.jpg,544,2,-1,True,150,8550,0.9978764493834208,0.9554140127388535,1,157,1,1,1,1
717,0544_c0003_010.jpg,544,2,-1,True,150,8550,0.9937330456758112,0.8823529411764706,1,170,1,1,1,1
718,0544_c0003_015.jpg,544,2,-1,True,150,8550,0.9949090488340301,0.9493670886075949,1,158,1,1,1,1
719,0544_c0003_020.jpg,544,2,-1,True,150,8550,0.9953371149435363,0.9146341463414634,1,164,1,1,1,1
720,0544_c0005_000.jpg,544,4,-1,True,150,8550,0.9725079590219821,0.7936507936507936,1,189,1,1,1,1
721,0544_c0005_005.jpg,544,4,-1,True,150,8550,0.9623885386907098,0.746268656716418,1,201,1,1,1,1
722,0544_c0005_010.jpg,544,4,-1,True,150,8550,0.9757866377639641,0.819672131147541,1,183,1,1,1,1
723,0544_c0005_015.jpg,544,4,-1,True,150,8550,0.9659442968545894,0.7317073170731707,1,205,1,1,1,1
724,0544_c0005_020.jpg,544,4,-1,True,150,8550,0.9614368934645385,0.7389162561576355,1,203,1,1,1,1
725,0544_c0006_000.jpg,544,5,-1,True,150,8550,1.0,1.0,1,150,1,1,1,1
726,0544_c0006_005.jpg,544,5,-1,True,150,8550,1.0,1.0,1,150,1,1,1,1
727,0544_c0006_010.jpg,544,5,-1,True,150,8550,1.0,1.0,1,150,1,1,1,1
728,0544_c0006_015.jpg,544,5,-1,True,150,8550,1.0,1.0,1,150,1,1,1,1
729,0544_c0006_020.jpg,544,5,-1,True,150,8550,1.0,1.0,1,150,1,1,1,1
730,0544_c0007_000.jpg,544,6,-1,True,150,8550,1.0,1.0,1,150,1,1,1,1
731,0544_c0007_005.jpg,544,6,-1,True,150,8550,1.0,1.0,1,150,1,1,1,1
732,0544_c0007_010.jpg,544,6,-1,True,150,8550,1.0,1.0,1,150,1,1,1,1
733,0544_c0007_015.jpg,544,6,-1,True,150,8550,1.0,1.0,1,150,1,1,1,1
734,0544_c0007_020.jpg,544,6,-1,True,150,8550,1.0,1.0,1,150,1,1,1,1
735,0544_c0008_000.jpg,544,7,-1,True,150,8550,1.0,1.0,1,150,1,1,1,1
736,0544_c0008_005.jpg,544,7,-1,True,150,8550,1.0,1.0,1,150,1,1,1,1
737,0544_c0008_010.jpg,544,7,-1,True,150,8550,1.0,1.0,1,150,1,1,1,1
738,0544_c0008_015.jpg,544,7,-1,True,150,8550,0.9997350488269557,0.9803921568627451,1,153,1,1,1,1
739,0544_c0008_020.jpg,544,7,-1,True,150,8550,1.0,1.0,1,150,1,1,1,1
740,0546_c0002_000.jpg,546,1,-1,True,75,8550,0.8397037902660395,0.5,1,150,1,1,1,1
741,0546_c0002_005.jpg,546,1,-1,True,75,8550,0.8492197194048328,0.5357142857142857,1,140,1,1,1,1
742,0546_c0002_010.jpg,546,1,-1,True,75,8550,0.8506878229556141,0.5514705882352942,1,136,1,1,1,1
743,0546_c0002_015.jpg,546,1,-1,True,75,8550,0.8387675469591431,0.4437869822485207,1,169,1,1,1,1
744,0546_c0002_020.jpg,546,1,-1,True,75,8550,0.8511548700314083,0.5725190839694656,1,131,1,1,1,1
745,0546_c0004_000.jpg,546,3,-1,True,75,8550,1.0,1.0,1,75,1,1,1,1
746,0546_c0004_005.jpg,546,3,-1,True,75,8550,1.0,1.0,1,75,1,1,1,1
747,0546_c0004_010.jpg,546,3,-1,True,75,8550,1.0,1.0,1,75,1,1,1,1
748,0546_c0004_015.jpg,546,3,-1,True,75,8550,1.0,1.0,1,75,1,1,1,1
749,0546_c0004_020.jpg,546,3,-1,True,75,8550,1.0,1.0,1,75,1,1,1,1
750,0546_c0007_000.jpg,546,6,-1,True,75,8550,0.9790775430360951,0.7653061224489796,1,98,1,1,1,1
751,0546_c0007_005.jpg,546,6,-1,True,75,8550,0.9982574002280957,0.9493670886075949,1,79,1,1,1,1
752,0546_c0007_010.jpg,546,6,-1,True,75,8550,1.0,1.0,1,75,1,1,1,1
753,0546_c0007_015.jpg,546,6,-1,True,75,8550,1.0,1.0,1,75,1,1,1,1
754,0546_c0007_020.jpg,546,6,-1,True,75,8550,0.9102421190649278,0.7211538461538461,1,104,1,1,1,1
755,0546_c0008_000.jpg,546,7,-1,True,75,8550,0.7208798171606073,0.16339869281045752,1,459,1,1,1,1
756,0546_c0008_005.jpg,546,7,-1,True,75,8550,0.7273622017984513,0.17688679245283018,1,424,1,1,1,1
757,0546_c0008_010.jpg,546,7,-1,True,75,8550,0.7339791034542261,0.1884422110552764,1,398,1,1,1,1
758,0546_c0008_015.jpg,546,7,-1,True,75,8550,0.7288785211622518,0.17688679245283018,1,424,1,1,1,1
759,0546_c0008_020.jpg,546,7,-1,True,75,8550,0.7365186098194165,0.1953125,1,384,1,1,1,1
760,0548_c0001_000.jpg,548,0,-1,True,125,8550,0.27159456315983904,0.053418803418803416,1,2340,1,1,1,1
761,0548_c0001_005.jpg,548,0,-1,True,125,8550,0.24896716322720097,0.043952180028129395,1,2844,1,1,1,1
762,0548_c0001_010.jpg,548,0,-1,True,125,8550,0.33219115690216927,0.057763401109057304,1,2164,1,1,1,1
763,0548_c0001_015.jpg,548,0,-1,True,125,8550,0.3358061088260911,0.05378657487091222,1,2324,1,1,1,1
764,0548_c0001_020.jpg,548,0,-1,True,125,8550,0.3831476687455632,0.057656826568265686,1,2168,1,1,1,1
765,0548_c0002_000.jpg,548,1,-1,True,125,8550,0.2644570797227235,0.13440860215053763,1,930,1,1,1,1
766,0548_c0002_005.jpg,548,1,-1,True,125,8550,0.31004177294376906,0.14467592592592593,1,864,1,1,1,1
767,0548_c0002_010.jpg,548,1,-1,True,125,8550,0.34406781486741755,0.1414027149321267,1,884,1,1,1,1
768,0548_c0002_015.jpg,548,1,-1,True,125,8550,0.33434382484092356,0.13842746400885936,1,903,1,1,1,1
769,0548_c0002_020.jpg,548,1,-1,True,125,8550,0.3881712795235032,0.14792899408284024,1,845,1,1,1,1
770,0548_c0003_000.jpg,548,2,-1,True,125,8550,0.2784906154436479,0.1286008230452675,26,972,0,0,0,0
771,0548_c0003_005.jpg,548,2,-1,True,125,8550,0.2770810754598575,0.13227513227513227,26,945,0,0,0,0
772,0548_c0003_010.jpg,548,2,-1,True,125,8550,0.28057532206406594,0.13312034078807242,26,939,0,0,0,0
773,0548_c0003_015.jpg,548,2,-1,True,125,8550,0.288486988532735,0.1232741617357002,26,1014,0,0,0,0
774,0548_c0003_020.jpg,548,2,-1,True,125,8550,0.2894178993697171,0.12007684918347743,25,1041,0,0,0,0
775,0548_c0005_000.jpg,548,4,-1,True,125,8550,0.9294483962765148,0.27654867256637167,1,452,1,1,1,1
776,0548_c0005_005.jpg,548,4,-1,True,125,8550,0.8849539863117343,0.21404109589041095,1,584,1,1,1,1
777,0548_c0005_010.jpg,548,4,-1,True,125,8550,0.7945116531999491,0.10831889081455806,1,1154,1,1,1,1
778,0548_c0005_015.jpg,548,4,-1,True,125,8550,0.8079697065444187,0.09005763688760807,1,1388,1,1,1,1
779,0548_c0005_020.jpg,548,4,-1,True,125,8550,0.8328718318879725,0.15206812652068127,1,822,1,1,1,1
780,0548_c0006_000.jpg,548,5,-1,True,125,8550,0.9484443498892638,0.7352941176470589,1,170,1,1,1,1
781,0548_c0006_005.jpg,548,5,-1,True,125,8550,0.9377454237677265,0.7396449704142012,1,169,1,1,1,1
782,0548_c0006_010.jpg,548,5,-1,True,125,8550,0.885430977950798,0.5868544600938967,1,213,1,1,1,1
783,0548_c0006_015.jpg,548,5,-1,True,125,8550,0.9304116388772198,0.6868131868131868,1,182,1,1,1,1
784,0548_c0006_020.jpg,548,5,-1,True,125,8550,0.9200628567329174,0.6218905472636815,1,201,1,1,1,1
785,0548_c0007_000.jpg,548,6,-1,True,125,8550,0.571639200490426,0.14827995255041518,1,843,1,1,1,1
786,0548_c0007_005.jpg,548,6,-1,True,125,8550,0.6440743105651134,0.20358306188925082,1,614,1,1,1,1
787,0548_c0007_010.jpg,548,6,-1,True,125,8550,0.5283770487815019,0.11384335154826958,1,1098,1,1,1,1
788,0548_c0007_015.jpg,548,6,-1,True,125,8550,0.5915603581032911,0.13721185510428102,1,911,1,1,1,1
789,0548_c0007_020.jpg,548,6,-1,True,125,8550,0.6311285648652663,0.12315270935960591,1,1015,1,1,1,1
790,0550_c0001_000.jpg,550,0,-1,True,175,8550,0.37339621362680164,0.1708984375,1,1024,1,1,1,1
791,0550_c0001_005.jpg,550,0,-1,True,175,8550,0.3769274863963831,0.18115942028985507,1,966,1,1,1,1
792,0550_c0001_010.jpg,550,0,-1,True,175,8550,0.38915351175806184,0.18229166666666666,1,960,1,1,1,1
793,0550_c0001_015.jpg,550,0,-1,True,175,8550,0.43165347456182734,0.17857142857142858,1,980,1,1,1,1
794,0550_c0001_020.jpg,550,0,-1,True,175,8550,0.3933074612554813,0.19487750556792874,1,898,1,1,1,1
795,0550_c0002_000.jpg,550,1,-1,True,175,8550,0.47431945513445434,0.28180354267310787,1,621,1,1,1,1
796,0550_c0002_005.jpg,550,1,-1,True,175,8550,0.40726705663232826,0.2413793103448276,1,725,1,1,1,1
797,0550_c0002_010.jpg,550,1,-1,True,175,8550,0.3699489343223956,0.20278099652375434,2,863,0,1,1,1
798,0550_c0002_015.jpg,550,1,-1,True,175,8550,0.414949694057728,0.20588235294117646,1,850,1,1,1,1
799,0550_c0002_020.jpg,550,1,-1,True,175,8550,0.40897229368656884,0.19273127753303965,1,908,1,1,1,1
800,0550_c0003_000.jpg,550,2,-1,True,175,8550,0.37883009761588377,0.1493174061433447,1,1172,1,1,1,1
801,0550_c0003_005.jpg,550,2,-1,True,175,8550,0.40282515019509485,0.1643192488262911,1,1065,1,1,1,1
802,0550_c0003_010.jpg,550,2,-1,True,175,8550,0.38057781414059355,0.15297202797202797,1,1144,1,1,1,1
803,0550_c0003_015.jpg,550,2,-1,True,175,8550,0.3868891421323443,0.13157894736842105,1,1330,1,1,1,1
804,0550_c0003_020.jpg,550,2,-1,True,175,8550,0.3799007426288847,0.18636847710330137,1,939,1,1,1,1
805,0550_c0004_000.jpg,550,3,-1,True,175,8550,0.5978719591281645,0.3564154786150713,1,491,1,1,1,1
806,0550_c0004_005.jpg,550,3,-1,True,175,8550,0.5153743208457815,0.341796875,4,512,0,1,1,1
807,0550_c0004_010.jpg,550,3,-1,True,175,8550,0.6033934880726297,0.3645833333333333,3,480,0,1,1,1
808,0550_c0004_015.jpg,550,3,-1,True,175,8550,0.5063087606928007,0.34516765285996054,8,507,0,0,1,1
809,0550_c0004_020.jpg,550,3,-1,True,175,8550,0.5098589752829832,0.32894736842105265,7,532,0,0,1,1
810,0550_c0005_000.jpg,550,4,-1,True,175,8550,0.398524141137073,0.12801755669348938,1,1367,1,1,1,1
811,0550_c0005_005.jpg,550,4,-1,True,175,8550,0.5226211065298584,0.1771255060728745,1,988,1,1,1,1
812,0550_c0005_010.jpg,550,4,-1,True,175,8550,0.43936809864103893,0.16682554814108674,1,1049,1,1,1,1
813,0550_c0005_015.jpg,550,4,-1,True,175,8550,0.4459070433571152,0.212636695018226,1,823,1,1,1,1
814,0550_c0005_020.jpg,550,4,-1,True,175,8550,0.40150020842600853,0.16587677725118483,2,1055,0,1,1,1
815,0550_c0006_000.jpg,550,5,-1,True,175,8550,0.426436198475622,0.09562841530054644,1,1830,1,1,1,1
816,0550_c0006_005.jpg,550,5,-1,True,175,8550,0.46373436565906057,0.09167103195390257,2,1909,0,1,1,1
817,0550_c0006_010.jpg,550,5,-1,True,175,8550,0.4940908960343761,0.10109763142692085,1,1731,1,1,1,1
818,0550_c0006_015.jpg,550,5,-1,True,175,8550,0.5018508830949733,0.11341542449773169,1,1543,1,1,1,1
819,0550_c0006_020.jpg,550,5,-1,True,175,8550,0.45941451549635165,0.10677242220866381,2,1639,0,1,1,1
820,0550_c0007_000.jpg,550,6,-1,True,175,8550,0.6119414707191241,0.24204702627939143,1,723,1,1,1,1
821,0550_c0007_005.jpg,550,6,-1,True,175,8550,0.6216644871949126,0.3258845437616387,1,537,1,1,1,1
822,0550_c0007_010.jpg,550,6,-1,True,175,8550,0.6178959218199239,0.3048780487804878,1,574,1,1,1,1
823,0550_c0007_015.jpg,550,6,-1,True,175,8550,0.6186573137449137,0.3054101221640489,1,573,1,1,1,1
824,0550_c0007_020.jpg,550,6,-1,True,175,8550,0.6192442122285294,0.32051282051282054,1,546,1,1,1,1
825,0550_c0008_000.jpg,550,7,-1,True,175,8550,0.5845910523642686,0.3234750462107209,1,541,1,1,1,1
826,0550_c0008_005.jpg,550,7,-1,True,175,8550,0.6168807647643753,0.3211009174311927,1,545,1,1,1,1
827,0550_c0008_010.jpg,550,7,-1,True,175,8550,0.6133667764831864,0.2717391304347826,1,644,1,1,1,1
828,0550_c0008_015.jpg,550,7,-1,True,175,8550,0.6084472092871462,0.41371158392434987,1,423,1,1,1,1
829,0550_c0008_020.jpg,550,7,-1,True,175,8550,0.6295255286786278,0.3170289855072464,1,552,1,1,1,1
830,0552_c0001_000.jpg,552,0,-1,True,175,8550,0.6516693702693078,0.1649387370405278,1,1061,1,1,1,1
831,0552_c0001_005.jpg,552,0,-1,True,175,8550,0.6449267027331868,0.15364354697102722,1,1139,1,1,1,1
832,0552_c0001_010.jpg,552,0,-1,True,175,8550,0.6255328398473495,0.14193025141930252,1,1233,1,1,1,1
833,0552_c0001_015.jpg,552,0,-1,True,175,8550,0.620837778497886,0.13747054202670855,1,1273,1,1,1,1
834,0552_c0001_020.jpg,552,0,-1,True,175,8550,0.6010569261110132,0.11651131824234354,1,1502,1,1,1,1
835,0552_c0002_000.jpg,552,1,-1,True,175,8550,0.7681574006919327,0.22123893805309736,1,791,1,1,1,1
836,0552_c0002_005.jpg,552,1,-1,True,175,8550,0.7432776887894935,0.19863791146424517,1,881,1,1,1,1
837,0552_c0002_010.jpg,552,1,-1,True,175,8550,0.8062798465282136,0.2311756935270806,1,757,1,1,1,1
838,0552_c0002_015.jpg,552,1,-1,True,175,8550,0.7970930620160311,0.19553072625698323,1,895,1,1,1,1
839,0552_c0002_020.jpg,552,1,-1,True,175,8550,0.7182361010423468,0.1734390485629336,1,1009,1,1,1,1
840,0552_c0003_000.jpg,552,2,-1,True,175,8550,1.0,1.0,1,175,1,1,1,1
841,0552_c0003_005.jpg,552,2,-1,True,175,8550,1.0,1.0,1,175,1,1,1,1
842,0552_c0003_010.jpg,552,2,-1,True,175,8550,0.9999354317998385,0.9887005649717514,1,177,1,1,1,1
843,0552_c0003_015.jpg,552,2,-1,True,175,8550,0.9990286745757561,0.9831460674157303,1,178,1,1,1,1
844,0552_c0003_020.jpg,552,2,-1,True,175,8550,0.9973346025978279,0.9776536312849162,1,179,1,1,1,1
845,0552_c0004_000.jpg,552,3,-1,True,175,8550,0.8983602283061071,0.4098360655737705,1,427,1,1,1,1
846,0552_c0004_005.jpg,552,3,-1,True,175,8550,0.8577245510615141,0.341130604288499,1,513,1,1,1,1
847,0552_c0004_010.jpg,552,3,-1,True,175,8550,0.9882280629592476,0.8536585365853658,1,205,1,1,1,1
848,0552_c0004_015.jpg,552,3,-1,True,175,8550,0.8570898283367143,0.3391472868217054,1,516,1,1,1,1
849,0552_c0004_020.jpg,552,3,-1,True,175,8550,0.9293694696234297,0.42892156862745096,1,408,1,1,1,1
850,0552_c0005_000.jpg,552,4,-1,True,175,8550,1.0,1.0,1,175,1,1,1,1
851,0552_c0005_005.jpg,552,4,-1,True,175,8550,0.999902038683812,0.9943181818181818,1,176,1,1,1,1
852,0552_c0005_010.jpg,552,4,-1,True,175,8550,0.9999348794063079,0.9943181818181818,1,176,1,1,1,1
853,0552_c0005_015.jpg,552,4,-1,True,175,8550,1.0,1.0,1,175,1,1,1,1
854,0552_c0005_020.jpg,552,4,-1,True,175,8550,0.9991319727891157,0.8928571428571429,1,196,1,1,1,1
855,0552_c0006_000.jpg,552,5,-1,True,175,8550,0.8855582407604147,0.2619760479041916,1,668,1,1,1,1
856,0552_c0006_005.jpg,552,5,-1,True,175,8550,0.8803354028140598,0.2751572327044025,1,636,1,1,1,1
857,0552_c0006_010.jpg,552,5,-1,True,175,8550,0.8586738058324027,0.2600297176820208,1,673,1,1,1,1
858,0552_c0006_015.jpg,552,5,-1,True,175,8550,0.8567622909544625,0.25697503671071953,1,681,1,1,1,1
859,0552_c0006_020.jpg,552,5,-1,True,175,8550,0.8658665095318407,0.2827140549273021,1,619,1,1,1,1
860,0552_c0007_000.jpg,552,6,-1,True,175,8550,0.9658304543470292,0.6386861313868614,1,274,1,1,1,1
861,0552_c0007_005.jpg,552,6,-1,True,175,8550,0.9606336701769532,0.6481481481481481,1,270,1,1,1,1
862,0552_c0007_010.jpg,552,6,-1,True,175,8550,0.9577947330240324,0.5287009063444109,1,331,1,1,1,1
863,0552_c0007_015.jpg,552,6,-1,True,175,8550,0.9426680623723785,0.4666666666666667,1,375,1,1,1,1
864,0552_c0007_020.jpg,552,6,-1,True,175,8550,0.8238762655465497,0.35070140280561124,1,499,1,1,1,1
865,0552_c0008_000.jpg,552,7,-1,True,175,8550,0.9055019200535391,0.4768392370572207,1,367,1,1,1,1
866,0552_c0008_005.jpg,552,7,-1,True,175,8550,0.930967474516163,0.6140350877192983,1,285,1,1,1,1
867,0552_c0008_010.jpg,552,7,-1,True,175,8550,0.9126847612096997,0.5192878338278932,1,337,1,1,1,1
868,0552_c0008_015.jpg,552,7,-1,True,175,8550,0.9204109701201517,0.5627009646302251,1,311,1,1,1,1
869,0552_c0008_020.jpg,552,7,-1,True,175,8550,0.9436320801089042,0.6756756756756757,1,259,1,1,1,1
870,0554_c0001_000.jpg,554,0,-1,True,150,8550,0.765303377062187,0.2459016393442623,1,610,1,1,1,1
871,0554_c0001_005.jpg,554,0,-1,True,150,8550,0.7610928042374031,0.24916943521594684,1,602,1,1,1,1
872,0554_c0001_010.jpg,554,0,-1,True,150,8550,0.7611801129320944,0.25510204081632654,1,588,1,1,1,1
873,0554_c0001_015.jpg,554,0,-1,True,150,8550,0.7578750899342793,0.24232633279483037,1,619,1,1,1,1
874,0554_c0001_020.jpg,554,0,-1,True,150,8550,0.7593873388349969,0.25,1,600,1,1,1,1
875,0554_c0002_000.jpg,554,1,-1,True,150,8550,0.5710514514016823,0.18679950186799502,1,803,1,1,1,1
876,0554_c0002_005.jpg,554,1,-1,True,150,8550,0.5709429017731166,0.19305019305019305,1,777,1,1,1,1
877,0554_c0002_010.jpg,554,1,-1,True,150,8550,0.576563574624897,0.19011406844106463,1,789,1,1,1,1
878,0554_c0002_015.jpg,554,1,-1,True,150,8550,0.5598086490632468,0.1865671641791045,1,804,1,1,1,1
879,0554_c0002_020.jpg,554,1,-1,True,150,8550,0.573883095468594,0.20026702269692923,1,749,1,1,1,1
880,0554_c0003_000.jpg,554,2,-1,True,150,8550,0.9649093262556004,0.7075471698113207,1,212,1,1,1,1
881,0554_c0003_005.jpg,554,2,-1,True,150,8550,0.970168014904162,0.7575757575757576,1,198,1,1,1,1
882,0554_c0003_010.jpg,554,2,-1,True,150,8550,0.9604255587044344,0.6976744186046512,1,215,1,1,1,1
883,0554_c0003_015.jpg,554,2,-1,True,150,8550,0.9486522554406607,0.6224066390041494,1,241,1,1,1,1
884,0554_c0003_020.jpg,554,2,-1,True,150,8550,0.9430894002692806,0.5905511811023622,1,254,1,1,1,1
885,0554_c0005_000.jpg,554,4,-1,True,150,8550,0.8849636446098134,0.3105590062111801,1,483,1,1,1,1
886,0554_c0005_005.jpg,554,4,-1,True,150,8550,0.8853206054882768,0.3138075313807531,1,478,1,1,1,1
887,0554_c0005_010.jpg,554,4,-1,True,150,8550,0.8827367400673519,0.3054989816700611,1,491,1,1,1,1
888,0554_c0005_015.jpg,554,4,-1,True,150,8550,0.8827213957277178,0.3024193548387097,1,496,1,1,1,1
889,0554_c0005_020.jpg,554,4,-1,True,150,8550,0.8826388723100748,0.3,1,500,1,1,1,1
890,0554_c0006_000.jpg,554,5,-1,True,150,8550,0.982473282327916,0.847457627118644,1,177,1,1,1,1
891,0554_c0006_005.jpg,554,5,-1,True,150,8550,0.9939392744862111,0.9316770186335404,1,161,1,1,1,1
892,0554_c0006_010.jpg,554,5,-1,True,150,8550,0.9973547182328436,0.974025974025974,1,154,1,1,1,1
893,0554_c0006_015.jpg,554,5,-1,True,150,8550,0.9619643646660245,0.7425742574257426,1,202,1,1,1,1
894,0554_c0006_020.jpg,554,5,-1,True,150,8550,0.9844104245839131,0.8426966292134831,1,178,1,1,1,1
895,0554_c0007_000.jpg,554,6,-1,True,150,8550,0.8998479868123747,0.47318611987381703,1,317,1,1,1,1
896,0554_c0007_005.jpg,554,6,-1,True,150,8550,0.9069195086890772,0.5084745762711864,1,295,1,1,1,1
897,0554_c0007_010.jpg,554,6,-1,True,150,8550,0.9010147521453951,0.48859934853420195,1,307,1,1,1,1
898,0554_c0007_015.jpg,554,6,-1,True,150,8550,0.9239954798157077,0.5300353356890459,1,283,1,1,1,1
899,0554_c0007_020.jpg,554,6,-1,True,150,8550,0.9219537854114274,0.5494505494505495,1,273,1,1,1,1
900,0554_c0008_000.jpg,554,7,-1,True,150,8550,0.9429449696270747,0.672645739910314,1,223,1,1,1,1
901,0554_c0008_005.jpg,554,7,-1,True,150,8550,0.9423344015240476,0.672645739910314,1,223,1,1,1,1
902,0554_c0008_010.jpg,554,7,-1,True,150,8550,0.9431339635616102,0.6696428571428571,1,224,1,1,1,1
903,0554_c0008_015.jpg,554,7,-1,True,150,8550,0.9435996145664547,0.672645739910314,1,223,1,1,1,1
904,0554_c0008_020.jpg,554,7,-1,True,150,8550,0.9433426240411067,0.672645739910314,1,223,1,1,1,1
905,0556_c0001_000.jpg,556,0,-1,True,175,8550,0.5911019634654225,0.23178807947019867,5,755,0,1,1,1
906,0556_c0001_005.jpg,556,0,-1,True,175,8550,0.5522958003930606,0.22321428571428573,5,784,0,1,1,1
907,0556_c0001_010.jpg,556,0,-1,True,175,8550,0.47789482381355386,0.23521505376344087,5,744,0,1,1,1
908,0556_c0001_015.jpg,556,0,-1,True,175,8550,0.5249113247736169,0.19729425028184894,5,887,0,1,1,1
909,0556_c0001_020.jpg,556,0,-1,True,175,8550,0.4465986824684751,0.19444444444444445,23,900,0,0,0,0
910,0556_c0002_000.jpg,556,1,-1,True,175,8550,0.480903159793119,0.1695736434108527,1,1032,1,1,1,1
911,0556_c0002_005.jpg,556,1,-1,True,175,8550,0.5746054486397589,0.22236340533672172,1,787,1,1,1,1
912,0556_c0002_010.jpg,556,1,-1,True,175,8550,0.6113748142767194,0.24578651685393257,1,712,1,1,1,1
913,0556_c0002_015.jpg,556,1,-1,True,175,8550,0.5685719978482402,0.230566534914361,1,759,1,1,1,1
914,0556_c0002_020.jpg,556,1,-1,True,175,8550,0.5519385665059342,0.21289537712895376,1,822,1,1,1,1
915,0556_c0003_000.jpg,556,2,-1,True,175,8550,0.7053048583564511,0.3102836879432624,1,564,1,1,1,1
916,0556_c0003_005.jpg,556,2,-1,True,175,8550,0.7656569345434803,0.3295668549905838,1,531,1,1,1,1
917,0556_c0003_010.jpg,556,2,-1,True,175,8550,0.8235061420429072,0.44529262086513993,1,393,1,1,1,1
918,0556_c0003_015.jpg,556,2,-1,True,175,8550,0.8298601261906177,0.4794520547945205,1,365,1,1,1,1
919,0556_c0003_020.jpg,556,2,-1,True,175,8550,0.8371209755679818,0.4820936639118457,1,363,1,1,1,1
920,0556_c0004_000.jpg,556,3,-1,True,175,8550,0.7645054126022394,0.2808988764044944,1,623,1,1,1,1
921,0556_c0004_005.jpg,556,3,-1,True,175,8550,0.7631859251566488,0.3006872852233677,1,582,1,1,1,1
922,0556_c0004_010.jpg,556,3,-1,True,175,8550,0.8375917776769305,0.27301092043681746,1,641,1,1,1,1
923,0556_c0004_015.jpg,556,3,-1,True,175,8550,0.8289109337320978,0.28735632183908044,1,609,1,1,1,1
924,0556_c0004_020.jpg,556,3,-1,True,175,8550,0.8204446753152768,0.3102836879432624,1,564,1,1,1,1
925,0556_c0005_000.jpg,556,4,-1,True,175,8550,0.28198260628241795,0.214987714987715,30,814,0,0,0,0
926,0556_c0005_005.jpg,556,4,-1,True,175,8550,0.2540447082199347,0.23744911804613297,32,737,0,0,0,0
927,0556_c0005_010.jpg,556,4,-1,True,175,8550,0.4179630894269611,0.26717557251908397,1,655,1,1,1,1
928,0556_c0005_015.jpg,556,4,-1,True,175,8550,0.4656880315114762,0.27386541471048514,1,639,1,1,1,1
929,0556_c0005_020.jpg,556,4,-1,True,175,8550,0.4194898977827493,0.2619760479041916,1,668,1,1,1,1
930,0556_c0006_000.jpg,556,5,-1,True,175,8550,0.881085032910492,0.38716814159292035,1,452,1,1,1,1
931,0556_c0006_005.jpg,556,5,-1,True,175,8550,0.8665241183762818,0.3170289855072464,1,552,1,1,1,1
932,0556_c0006_010.jpg,556,5,-1,True,175,8550,0.8918149512046698,0.3691983122362869,1,474,1,1,1,1
933,0556_c0006_015.jpg,556,5,-1,True,175,8550,0.8798899519141014,0.3684210526315789,1,475,1,1,1,1
934,0556_c0006_020.jpg,556,5,-1,True,175,8550,0.8706035904550776,0.3246753246753247,1,539,1,1,1,1
935,0556_c0007_000.jpg,556,6,-1,True,175,8550,0.8782648102400644,0.5384615384615384,1,325,1,1,1,1
936,0556_c0007_005.jpg,556,6,-1,True,175,8550,0.8833099976454155,0.4257907542579075,1,411,1,1,1,1
937,0556_c0007_010.jpg,556,6,-1,True,175,8550,0.9079712944941121,0.46174142480211083,1,379,1,1,1,1
938,0556_c0007_015.jpg,556,6,-1,True,175,8550,0.8783227816422763,0.38377192982456143,1,456,1,1,1,1
939,0556_c0007_020.jpg,556,6,-1,True,175,8550,0.8956873176645396,0.4196642685851319,1,417,1,1,1,1
940,0556_c0008_000.jpg,556,7,-1,True,175,8550,0.8669392480760617,0.44871794871794873,1,390,1,1,1,1
941,0556_c0008_005.jpg,556,7,-1,True,175,8550,0.8268921338627605,0.2911813643926789,1,601,1,1,1,1
942,0556_c0008_010.jpg,556,7,-1,True,175,8550,0.8444378307186307,0.28363047001620745,1,617,1,1,1,1
943,0556_c0008_015.jpg,556,7,-1,True,175,8550,0.8361943726052706,0.3038194444444444,1,576,1,1,1,1
944,0556_c0008_020.jpg,556,7,-1,True,175,8550,0.8868798579748597,0.3630705394190871,1,482,1,1,1,1
945,0558_c0001_000.jpg,558,0,-1,True,175,8550,0.7108111253306345,0.38209606986899564,1,458,1,1,1,1
946,0558_c0001_005.jpg,558,0,-1,True,175,8550,0.7277863660489564,0.39863325740318906,1,439,1,1,1,1
947,0558_c0001_010.jpg,558,0,-1,True,175,8550,0.7363285973052448,0.43209876543209874,1,405,1,1,1,1
948,0558_c0001_015.jpg,558,0,-1,True,175,8550,0.7115086984683953,0.46174142480211083,1,379,1,1,1,1
949,0558_c0001_020.jpg,558,0,-1,True,175,8550,0.6512897437663201,0.541795665634675,1,323,1,1,1,1
950,0558_c0002_000.jpg,558,1,-1,True,175,8550,0.5238587252646458,0.277337559429477,1,631,1,1,1,1
951,0558_c0002_005.jpg,558,1,-1,True,175,8550,0.48741904796468555,0.27910685805422647,1,627,1,1,1,1
952,0558_c0002_010.jpg,558,1,-1,True,175,8550,0.48911236852785633,0.26676829268292684,1,656,1,1,1,1
953,0558_c0002_015.jpg,558,1,-1,True,175,8550,0.5264753016090463,0.2936241610738255,1,596,1,1,1,1
954,0558_c0002_020.jpg,558,1,-1,True,175,8550,0.48886199637481176,0.25697503671071953,1,681,1,1,1,1
955,0558_c0003_000.jpg,558,2,-1,True,175,8550,0.8828370508387471,0.18134715025906736,1,965,1,1,1,1
956,0558_c0003_005.jpg,558,2,-1,True,175,8550,0.8571900284506546,0.1757028112449799,1,996,1,1,1,1
957,0558_c0003_010.jpg,558,2,-1,True,175,8550,0.8551643831359749,0.16730401529636713,1,1046,1,1,1,1
958,0558_c0003_015.jpg,558,2,-1,True,175,8550,0.807929127665338,0.20420070011668612,1,857,1,1,1,1
959,0558_c0003_020.jpg,558,2,-1,True,175,8550,0.8313226157660815,0.264750378214826,1,661,1,1,1,1
960,0558_c0004_000.jpg,558,3,-1,True,175,8550,0.777408234157073,0.35860655737704916,1,488,1,1,1,1
961,0558_c0004_005.jpg,558,3,-1,True,175,8550,0.8290618021371405,0.3812636165577342,1,459,1,1,1,1
962,0558_c0004_010.jpg,558,3,-1,True,175,8550,0.8520317377293616,0.35,1,500,1,1,1,1
963,0558_c0004_015.jpg,558,3,-1,True,175,8550,0.7966112224157594,0.2883031301482702,1,607,1,1,1,1
964,0558_c0004_020.jpg,558,3,-1,True,175,8550,0.805252308928051,0.24964336661911554,1,701,1,1,1,1
965,0558_c0005_000.jpg,558,4,-1,True,175,8550,0.7747654093374592,0.1984126984126984,1,882,1,1,1,1
966,0558_c0005_005.jpg,558,4,-1,True,175,8550,0.756037711812285,0.1984126984126984,1,882,1,1,1,1
967,0558_c0005_010.jpg,558,4,-1,True,175,8550,0.75495637984387,0.1997716894977169,1,876,1,1,1,1
968,0558_c0005_015.jpg,558,4,-1,True,175,8550,0.7673464913942475,0.20091848450057406,1,871,1,1,1,1
969,0558_c0005_020.jpg,558,4,-1,True,175,8550,0.7697898236232202,0.18479408658922913,1,947,1,1,1,1
970,0558_c0006_000.jpg,558,5,-1,True,175,8550,0.7779628543062491,0.5700325732899023,1,307,1,1,1,1
971,0558_c0006_005.jpg,558,5,-1,True,175,8550,0.7921118264216434,0.5737704918032787,1,305,1,1,1,1
972,0558_c0006_010.jpg,558,5,-1,True,175,8550,0.7677435341414236,0.5700325732899023,1,307,1,1,1,1
973,0558_c0006_015.jpg,558,5,-1,True,175,8550,0.8025603500603454,0.5718954248366013,1,306,1,1,1,1
974,0558_c0006_020.jpg,558,5,-1,True,175,8550,0.7901665324387068,0.5645161290322581,1,310,1,1,1,1
975,0558_c0007_000.jpg,558,6,-1,True,175,8550,0.8679682073775091,0.46174142480211083,1,379,1,1,1,1
976,0558_c0007_005.jpg,558,6,-1,True,175,8550,0.8507625044291032,0.3897550111358575,1,449,1,1,1,1
977,0558_c0007_010.jpg,558,6,-1,True,175,8550,0.8669738808665485,0.4943502824858757,1,354,1,1,1,1
978,0558_c0007_015.jpg,558,6,-1,True,175,8550,0.8742829365075457,0.5912162162162162,1,296,1,1,1,1
979,0558_c0007_020.jpg,558,6,-1,True,175,8550,0.8791920983177274,0.6013745704467354,1,291,1,1,1,1
980,0558_c0008_000.jpg,558,7,-1,True,175,8550,0.9033650628743226,0.2966101694915254,1,590,1,1,1,1
981,0558_c0008_005.jpg,558,7,-1,True,175,8550,0.8942626531603683,0.25,1,700,1,1,1,1
982,0558_c0008_010.jpg,558,7,-1,True,175,8550,0.8989734311306434,0.27472527472527475,1,637,1,1,1,1
983,0558_c0008_015.jpg,558,7,-1,True,175,8550,0.8990993716689119,0.27386541471048514,1,639,1,1,1,1
984,0558_c0008_020.jpg,558,7,-1,True,175,8550,0.9008510025216357,0.2751572327044025,1,636,1,1,1,1
985,0560_c0001_000.jpg,560,0,-1,True,150,8550,0.9832099927867474,0.746268656716418,1,201,1,1,1,1
986,0560_c0001_005.jpg,560,0,-1,True,150,8550,0.9927429111799924,0.8287292817679558,1,181,1,1,1,1
987,0560_c0001_010.jpg,560,0,-1,True,150,8550,0.9969723759016794,0.8571428571428571,1,175,1,1,1,1
988,0560_c0001_015.jpg,560,0,-1,True,150,8550,0.9869501025900882,0.8571428571428571,1,175,1,1,1,1
989,0560_c0001_020.jpg,560,0,-1,True,150,8550,0.9706959915279,0.635593220338983,1,236,1,1,1,1
990,0560_c0002_000.jpg,560,1,-1,True,150,8550,1.0,1.0,1,150,1,1,1,1
991,0560_c0002_005.jpg,560,1,-1,True,150,8550,1.0,1.0,1,150,1,1,1,1
992,0560_c0002_010.jpg,560,1,-1,True,150,8550,1.0,1.0,1,150,1,1,1,1
993,0560_c0002_015.jpg,560,1,-1,True,150,8550,1.0,1.0,1,150,1,1,1,1
994,0560_c0002_020.jpg,560,1,-1,True,150,8550,1.0,1.0,1,150,1,1,1,1
995,0560_c0003_000.jpg,560,2,-1,True,150,8550,0.9998692810457518,0.9803921568627451,1,153,1,1,1,1
996,0560_c0003_005.jpg,560,2,-1,True,150,8550,0.9988805686260626,0.872093023255814,1,172,1,1,1,1
997,0560_c0003_010.jpg,560,2,-1,True,150,8550,0.9969425538125881,0.8571428571428571,1,175,1,1,1,1
998,0560_c0003_015.jpg,560,2,-1,True,150,8550,0.9988012998580431,0.8670520231213873,1,173,1,1,1,1
999,0560_c0003_020.jpg,560,2,-1,True,150,8550,0.9993939393939394,0.9090909090909091,1,165,1,1,1,1
1000,0560_c0005_000.jpg,560,4,-1,True,150,8550,1.0,1.0,1,150,1,1,1,1
1001,0560_c0005_005.jpg,560,4,-1,True,150,8550,1.0,1.0,1,150,1,1,1,1
1002,0560_c0005_010.jpg,560,4,-1,True,150,8550,1.0,1.0,1,150,1,1,1,1
1003,0560_c0005_015.jpg,560,4,-1,True,150,8550,1.0,1.0,1,150,1,1,1,1
1004,0560_c0005_020.jpg,560,4,-1,True,150,8550,1.0,1.0,1,150,1,1,1,1
1005,0560_c0006_000.jpg,560,5,-1,True,150,8550,1.0,1.0,1,150,1,1,1,1
1006,0560_c0006_005.jpg,560,5,-1,True,150,8550,1.0,1.0,1,150,1,1,1,1
1007,0560_c0006_010.jpg,560,5,-1,True,150,8550,1.0,1.0,1,150,1,1,1,1
1008,0560_c0006_015.jpg,560,5,-1,True,150,8550,1.0,1.0,1,150,1,1,1,1
1009,0560_c0006_020.jpg,560,5,-1,True,150,8550,1.0,1.0,1,150,1,1,1,1
1010,0560_c0007_000.jpg,560,6,-1,True,150,8550,1.0,1.0,1,150,1,1,1,1
1011,0560_c0007_005.jpg,560,6,-1,True,150,8550,1.0,1.0,1,150,1,1,1,1
1012,0560_c0007_010.jpg,560,6,-1,True,150,8550,1.0,1.0,1,150,1,1,1,1
1013,0560_c0007_015.jpg,560,6,-1,True,150,8550,1.0,1.0,1,150,1,1,1,1
1014,0560_c0007_020.jpg,560,6,-1,True,150,8550,1.0,1.0,1,150,1,1,1,1
1015,0560_c0008_000.jpg,560,7,-1,True,150,8550,0.9989028877599974,0.9202453987730062,1,163,1,1,1,1
1016,0560_c0008_005.jpg,560,7,-1,True,150,8550,0.9999122807017545,0.9868421052631579,1,152,1,1,1,1
1017,0560_c0008_010.jpg,560,7,-1,True,150,8550,1.0,1.0,1,150,1,1,1,1
1018,0560_c0008_015.jpg,560,7,-1,True,150,8550,1.0,1.0,1,150,1,1,1,1
1019,0560_c0008_020.jpg,560,7,-1,True,150,8550,1.0,1.0,1,150,1,1,1,1
1020,0562_c0001_000.jpg,562,0,-1,True,50,8550,1.0,1.0,1,50,1,1,1,1
1021,0562_c0001_005.jpg,562,0,-1,True,50,8550,0.9992078431372547,0.9803921568627451,1,51,1,1,1,1
1022,0562_c0001_010.jpg,562,0,-1,True,50,8550,1.0,1.0,1,50,1,1,1,1
1023,0562_c0001_015.jpg,562,0,-1,True,50,8550,1.0,1.0,1,50,1,1,1,1
1024,0562_c0001_020.jpg,562,0,-1,True,50,8550,1.0,1.0,1,50,1,1,1,1
1025,0562_c0003_000.jpg,562,2,-1,True,50,8550,0.9556185431331561,0.7142857142857143,1,70,1,1,1,1
1026,0562_c0003_005.jpg,562,2,-1,True,50,8550,0.8741589997662907,0.6666666666666666,1,75,1,1,1,1
1027,0562_c0003_010.jpg,562,2,-1,True,50,8550,0.7937370593899143,0.4166666666666667,1,120,1,1,1,1
1028,0562_c0003_015.jpg,562,2,-1,True,50,8550,0.7594965511568691,0.43103448275862066,1,116,1,1,1,1
1029,0562_c0003_020.jpg,562,2,-1,True,50,8550,0.7741335061468546,0.49504950495049505,1,101,1,1,1,1
1030,0562_c0005_000.jpg,562,4,-1,True,50,8550,0.9155162350500686,0.6493506493506493,1,77,1,1,1,1
1031,0562_c0005_005.jpg,562,4,-1,True,50,8550,0.9200577819600073,0.684931506849315,1,73,1,1,1,1
1032,0562_c0005_010.jpg,562,4,-1,True,50,8550,0.9466666153191055,0.78125,1,64,1,1,1,1
1033,0562_c0005_015.jpg,562,4,-1,True,50,8550,0.9910546139359698,0.8333333333333334,1,60,1,1,1,1
1034,0562_c0005_020.jpg,562,4,-1,True,50,8550,0.8657228525620004,0.5747126436781609,1,87,1,1,1,1
1035,0564_c0001_000.jpg,564,0,-1,True,150,8550,1.0,1.0,1,150,1,1,1,1
1036,0564_c0001_005.jpg,564,0,-1,True,150,8550,1.0,1.0,1,150,1,1,1,1
1037,0564_c0001_010.jpg,564,0,-1,True,150,8550,1.0,1.0,1,150,1,1,1,1
1038,0564_c0001_015.jpg,564,0,-1,True,150,8550,1.0,1.0,1,150,1,1,1,1
1039,0564_c0001_020.jpg,564,0,-1,True,150,8550,1.0,1.0,1,150,1,1,1,1
1040,0564_c0002_000.jpg,564,1,-1,True,150,8550,0.942980404084041,0.8670520231213873,1,173,1,1,1,1
1041,0564_c0002_005.jpg,564,1,-1,True,150,8550,0.9660135294925101,0.8771929824561403,1,171,1,1,1,1
1042,0564_c0002_010.jpg,564,1,-1,True,150,8550,0.9762257301300019,0.9090909090909091,1,165,1,1,1,1
1043,0564_c0002_015.jpg,564,1,-1,True,150,8550,0.9828887145916981,0.9090909090909091,1,165,1,1,1,1
1044,0564_c0002_020.jpg,564,1,-1,True,150,8550,0.9250327042223144,0.8571428571428571,1,175,1,1,1,1
1045,0564_c0004_000.jpg,564,3,-1,True,150,8550,0.9530693573339134,0.8571428571428571,1,175,1,1,1,1
1046,0564_c0004_005.jpg,564,3,-1,True,150,8550,0.970321364631673,0.8571428571428571,1,175,1,1,1,1
1047,0564_c0004_010.jpg,564,3,-1,True,150,8550,0.9195405328794012,0.8571428571428571,1,175,1,1,1,1
1048,0564_c0004_015.jpg,564,3,-1,True,150,8550,0.9640168657284952,0.8571428571428571,1,175,1,1,1,1
1049,0564_c0004_020.jpg,564,3,-1,True,150,8550,0.9580292105683013,0.8571428571428571,1,175,1,1,1,1
1050,0564_c0005_000.jpg,564,4,-1,True,150,8550,1.0,1.0,1,150,1,1,1,1
1051,0564_c0005_005.jpg,564,4,-1,True,150,8550,0.9998248366013074,0.9803921568627451,1,153,1,1,1,1
1052,0564_c0005_010.jpg,564,4,-1,True,150,8550,1.0,1.0,1,150,1,1,1,1
1053,0564_c0005_015.jpg,564,4,-1,True,150,8550,1.0,1.0,1,150,1,1,1,1
1054,0564_c0005_020.jpg,564,4,-1,True,150,8550,1.0,1.0,1,150,1,1,1,1
1055,0564_c0006_000.jpg,564,5,-1,True,150,8550,1.0,1.0,1,150,1,1,1,1
1056,0564_c0006_005.jpg,564,5,-1,True,150,8550,1.0,1.0,1,150,1,1,1,1
1057,0564_c0006_010.jpg,564,5,-1,True,150,8550,1.0,1.0,1,150,1,1,1,1
1058,0564_c0006_015.jpg,564,5,-1,True,150,8550,1.0,1.0,1,150,1,1,1,1
1059,0564_c0006_020.jpg,564,5,-1,True,150,8550,1.0,1.0,1,150,1,1,1,1
1060,0564_c0007_000.jpg,564,6,-1,True,150,8550,1.0,1.0,1,150,1,1,1,1
1061,0564_c0007_005.jpg,564,6,-1,True,150,8550,1.0,1.0,1,150,1,1,1,1
1062,0564_c0007_010.jpg,564,6,-1,True,150,8550,1.0,1.0,1,150,1,1,1,1
1063,0564_c0007_015.jpg,564,6,-1,True,150,8550,1.0,1.0,1,150,1,1,1,1
1064,0564_c0007_020.jpg,564,6,-1,True,150,8550,1.0,1.0,1,150,1,1,1,1
1065,0564_c0008_000.jpg,564,7,-1,True,150,8550,1.0,1.0,1,150,1,1,1,1
1066,0564_c0008_005.jpg,564,7,-1,True,150,8550,1.0,1.0,1,150,1,1,1,1
1067,0564_c0008_010.jpg,564,7,-1,True,150,8550,1.0,1.0,1,150,1,1,1,1
1068,0564_c0008_015.jpg,564,7,-1,True,150,8550,1.0,1.0,1,150,1,1,1,1
1069,0564_c0008_020.jpg,564,7,-1,True,150,8550,1.0,1.0,1,150,1,1,1,1
1070,0566_c0001_000.jpg,566,0,-1,True,175,8550,0.9063696456954303,0.7847533632286996,1,223,1,1,1,1
1071,0566_c0001_005.jpg,566,0,-1,True,175,8550,0.9098601315781044,0.7777777777777778,1,225,1,1,1,1
1072,0566_c0001_010.jpg,566,0,-1,True,175,8550,0.9241446691273153,0.813953488372093,1,215,1,1,1,1
1073,0566_c0001_015.jpg,566,0,-1,True,175,8550,0.9060710102198386,0.7990867579908676,1,219,1,1,1,1
1074,0566_c0001_020.jpg,566,0,-1,True,175,8550,0.9111405859703489,0.8254716981132075,1,212,1,1,1,1
1075,0566_c0002_000.jpg,566,1,-1,True,175,8550,0.9137690165942686,0.5681818181818182,1,308,1,1,1,1
1076,0566_c0002_005.jpg,566,1,-1,True,175,8550,0.9451147018733829,0.6481481481481481,1,270,1,1,1,1
1077,0566_c0002_010.jpg,566,1,-1,True,175,8550,0.9557943639511528,0.6505576208178439,1,269,1,1,1,1
1078,0566_c0002_015.jpg,566,1,-1,True,175,8550,0.9504232912793139,0.6205673758865248,1,282,1,1,1,1
1079,0566_c0002_020.jpg,566,1,-1,True,175,8550,0.9299885780976128,0.7383966244725738,1,237,1,1,1,1
1080,0566_c0003_000.jpg,566,2,-1,True,175,8550,1.0,1.0,1,175,1,1,1,1
1081,0566_c0003_005.jpg,566,2,-1,True,175,8550,0.9959628651247411,0.8495145631067961,1,206,1,1,1,1
1082,0566_c0003_010.jpg,566,2,-1,True,175,8550,0.9991064127443889,0.9615384615384616,1,182,1,1,1,1
1083,0566_c0003_015.jpg,566,2,-1,True,175,8550,0.977771017344861,0.6809338521400778,1,257,1,1,1,1
1084,0566_c0003_020.jpg,566,2,-1,True,175,8550,0.9967217042088097,0.875,1,200,1,1,1,1
1085,0566_c0004_000.jpg,566,3,-1,True,175,8550,0.9390262740848532,0.4888268156424581,1,358,1,1,1,1
1086,0566_c0004_005.jpg,566,3,-1,True,175,8550,0.9882471169957274,0.7446808510638298,1,235,1,1,1,1
1087,0566_c0004_010.jpg,566,3,-1,True,175,8550,0.9806459022402073,0.6653992395437263,1,263,1,1,1,1
1088,0566_c0004_015.jpg,566,3,-1,True,175,8550,0.9983144614091235,0.9358288770053476,1,187,1,1,1,1
1089,0566_c0004_020.jpg,566,3,-1,True,175,8550,0.9801610753081718,0.691699604743083,1,253,1,1,1,1
1090,0566_c0005_000.jpg,566,4,-1,True,175,8550,0.6077524297652979,0.22965879265091863,2,762,0,1,1,1
1091,0566_c0005_005.jpg,566,4,-1,True,175,8550,0.7151086637728965,0.2562225475841874,1,683,1,1,1,1
1092,0566_c0005_010.jpg,566,4,-1,True,175,8550,0.6398723833995675,0.2348993288590604,1,745,1,1,1,1
1093,0566_c0005_015.jpg,566,4,-1,True,175,8550,0.6339784798649719,0.23616734143049933,1,741,1,1,1,1
1094,0566_c0005_020.jpg,566,4,-1,True,175,8550,0.6790024256885265,0.2845528455284553,1,615,1,1,1,1
1095,0566_c0006_000.jpg,566,5,-1,True,175,8550,0.9315310664852252,0.5162241887905604,1,339,1,1,1,1
1096,0566_c0006_005.jpg,566,5,-1,True,175,8550,0.9496482413180891,0.5952380952380952,1,294,1,1,1,1
1097,0566_c0006_010.jpg,566,5,-1,True,175,8550,0.9882668920426717,0.8928571428571429,1,196,1,1,1,1
1098,0566_c0006_015.jpg,566,5,-1,True,175,8550,0.9378658752476036,0.6505576208178439,1,269,1,1,1,1
1099,0566_c0006_020.jpg,566,5,-1,True,175,8550,0.9895616037113808,0.9459459459459459,1,185,1,1,1,1
1100,0566_c0007_000.jpg,566,6,-1,True,175,8550,0.9001976562017648,0.3995433789954338,1,438,1,1,1,1
1101,0566_c0007_005.jpg,566,6,-1,True,175,8550,0.836683134440221,0.3314393939393939,1,528,1,1,1,1
1102,0566_c0007_010.jpg,566,6,-1,True,175,8550,0.8086527338903774,0.341130604288499,1,513,1,1,1,1
1103,0566_c0007_015.jpg,566,6,-1,True,175,8550,0.7697067599555641,0.2897350993377483,1,604,1,1,1,1
1104,0566_c0007_020.jpg,566,6,-1,True,175,8550,0.7459884818887813,0.26758409785932724,1,654,1,1,1,1
1105,0566_c0008_000.jpg,566,7,-1,True,175,8550,0.8899141345143633,0.7777777777777778,1,225,1,1,1,1
1106,0566_c0008_005.jpg,566,7,-1,True,175,8550,0.9056672910041464,0.7777777777777778,1,225,1,1,1,1
1107,0566_c0008_010.jpg,566,7,-1,True,175,8550,0.9266464439002117,0.7777777777777778,1,225,1,1,1,1
1108,0566_c0008_015.jpg,566,7,-1,True,175,8550,0.9207061907869226,0.7608695652173914,1,230,1,1,1,1
1109,0566_c0008_020.jpg,566,7,-1,True,175,8550,0.9159348938375963,0.7641921397379913,1,229,1,1,1,1
1110,0568_c0001_000.jpg,568,0,-1,True,50,8550,0.13885642384410096,0.1457725947521866,99,343,0,0,0,0
1111,0568_c0001_005.jpg,568,0,-1,True,50,8550,0.11043028307759122,0.14450867052023122,108,346,0,0,0,0
1112,0568_c0001_010.jpg,568,0,-1,True,50,8550,0.1685392831287038,0.176056338028169,99,284,0,0,0,0
1113,0568_c0001_015.jpg,568,0,-1,True,50,8550,0.15211056228161735,0.16611295681063123,101,301,0,0,0,0
1114,0568_c0001_020.jpg,568,0,-1,True,50,8550,0.1393032588992955,0.15873015873015872,101,315,0,0,0,0
1115,0568_c0005_000.jpg,568,4,-1,True,50,8550,0.7142352706327114,0.4424778761061947,1,113,1,1,1,1
1116,0568_c0005_005.jpg,568,4,-1,True,50,8550,0.7315421864185729,0.46296296296296297,1,108,1,1,1,1
1117,0568_c0005_010.jpg,568,4,-1,True,50,8550,0.8823937188781984,0.625,1,80,1,1,1,1
1118,0568_c0005_015.jpg,568,4,-1,True,50,8550,0.7245246697088017,0.4716981132075472,1,106,1,1,1,1
1119,0568_c0005_020.jpg,568,4,-1,True,50,8550,0.7124000156819335,0.4672897196261682,1,107,1,1,1,1
1120,0568_c0006_000.jpg,568,5,-1,True,50,8550,0.7824704130811964,0.4098360655737705,1,122,1,1,1,1
1121,0568_c0006_005.jpg,568,5,-1,True,50,8550,0.7255979123523217,0.3546099290780142,1,141,1,1,1,1
1122,0568_c0006_010.jpg,568,5,-1,True,50,8550,0.9158839309656659,0.6666666666666666,1,75,1,1,1,1
1123,0568_c0006_015.jpg,568,5,-1,True,50,8550,0.9729454073128662,0.7246376811594203,1,69,1,1,1,1
1124,0568_c0006_020.jpg,568,5,-1,True,50,8550,0.8440441964769024,0.47619047619047616,1,105,1,1,1,1
1125,0570_c0001_000.jpg,570,0,-1,True,150,8550,0.9588332923587966,0.8426966292134831,1,178,1,1,1,1
1126,0570_c0001_005.jpg,570,0,-1,True,150,8550,0.94008080398465,0.8522727272727273,1,176,1,1,1,1
1127,0570_c0001_010.jpg,570,0,-1,True,150,8550,0.9410726740019311,0.8571428571428571,1,175,1,1,1,1
1128,0570_c0001_015.jpg,570,0,-1,True,150,8550,0.9407338069026704,0.8571428571428571,1,175,1,1,1,1
1129,0570_c0001_020.jpg,570,0,-1,True,150,8550,0.9233360268911398,0.7731958762886598,1,194,1,1,1,1
1130,0570_c0002_000.jpg,570,1,-1,True,150,8550,0.91745927827796,0.423728813559322,1,354,1,1,1,1
1131,0570_c0002_005.jpg,570,1,-1,True,150,8550,0.939338131622336,0.5976095617529881,1,251,1,1,1,1
1132,0570_c0002_010.jpg,570,1,-1,True,150,8550,0.9289822136497098,0.6637168141592921,1,226,1,1,1,1
1133,0570_c0002_015.jpg,570,1,-1,True,150,8550,0.9416068109573398,0.6521739130434783,1,230,1,1,1,1
1134,0570_c0002_020.jpg,570,1,-1,True,150,8550,0.9261153579675583,0.6410256410256411,1,234,1,1,1,1
1135,0570_c0004_000.jpg,570,3,-1,True,150,8550,0.9199282191704018,0.5244755244755245,1,286,1,1,1,1
1136,0570_c0004_005.jpg,570,3,-1,True,150,8550,0.9201499027902027,0.5208333333333334,1,288,1,1,1,1
1137,0570_c0004_010.jpg,570,3,-1,True,150,8550,0.9508271856891612,0.539568345323741,1,278,1,1,1,1
1138,0570_c0004_015.jpg,570,3,-1,True,150,8550,0.9661832111653257,0.6410256410256411,1,234,1,1,1,1
1139,0570_c0004_020.jpg,570,3,-1,True,150,8550,0.8584500014273838,0.44642857142857145,1,336,1,1,1,1
1140,0570_c0005_000.jpg,570,4,-1,True,150,8550,1.0,1.0,1,150,1,1,1,1
1141,0570_c0005_005.jpg,570,4,-1,True,150,8550,0.9994415671391691,0.9554140127388535,1,157,1,1,1,1
1142,0570_c0005_010.jpg,570,4,-1,True,150,8550,0.9991460008341178,0.9433962264150944,1,159,1,1,1,1
1143,0570_c0005_015.jpg,570,4,-1,True,150,8550,0.9999114054451803,0.9933774834437086,1,151,1,1,1,1
1144,0570_c0005_020.jpg,570,4,-1,True,150,8550,1.0,1.0,1,150,1,1,1,1
1145,0570_c0006_000.jpg,570,5,-1,True,150,8550,0.9579694160608955,0.75,1,200,1,1,1,1
1146,0570_c0006_005.jpg,570,5,-1,True,150,8550,0.9508114974226936,0.7281553398058253,1,206,1,1,1,1
1147,0570_c0006_010.jpg,570,5,-1,True,150,8550,0.9536719030138594,0.75,1,200,1,1,1,1
1148,0570_c0006_015.jpg,570,5,-1,True,150,8550,0.9365293312093463,0.6944444444444444,1,216,1,1,1,1
1149,0570_c0006_020.jpg,570,5,-1,True,150,8550,0.9209885732917235,0.6276150627615062,1,239,1,1,1,1
1150,0570_c0007_000.jpg,570,6,-1,True,150,8550,0.9828670620117999,0.8620689655172413,1,174,1,1,1,1
1151,0570_c0007_005.jpg,570,6,-1,True,150,8550,0.9855368922683286,0.8571428571428571,1,175,1,1,1,1
1152,0570_c0007_010.jpg,570,6,-1,True,150,8550,0.987458727733696,0.8571428571428571,1,175,1,1,1,1
1153,0570_c0007_015.jpg,570,6,-1,True,150,8550,0.9669892318176585,0.78125,1,192,1,1,1,1
1154,0570_c0007_020.jpg,570,6,-1,True,150,8550,0.9404905497929504,0.7009345794392523,1,214,1,1,1,1
1155,0570_c0008_000.jpg,570,7,-1,True,150,8550,1.0,1.0,1,150,1,1,1,1
1156,0570_c0008_005.jpg,570,7,-1,True,150,8550,1.0,1.0,1,150,1,1,1,1
1157,0570_c0008_010.jpg,570,7,-1,True,150,8550,1.0,1.0,1,150,1,1,1,1
1158,0570_c0008_015.jpg,570,7,-1,True,150,8550,1.0,1.0,1,150,1,1,1,1
1159,0570_c0008_020.jpg,570,7,-1,True,150,8550,1.0,1.0,1,150,1,1,1,1
1160,0572_c0001_000.jpg,572,0,-1,True,175,8550,0.9151832376151106,0.5043227665706052,1,347,1,1,1,1
1161,0572_c0001_005.jpg,572,0,-1,True,175,8550,0.9240741274166411,0.6013745704467354,1,291,1,1,1,1
1162,0572_c0001_010.jpg,572,0,-1,True,175,8550,0.8586302216583043,0.5102040816326531,1,343,1,1,1,1
1163,0572_c0001_015.jpg,572,0,-1,True,175,8550,0.8884383709375815,0.541795665634675,1,323,1,1,1,1
1164,0572_c0001_020.jpg,572,0,-1,True,175,8550,0.8100039713290034,0.4146919431279621,1,422,1,1,1,1
1165,0572_c0002_000.jpg,572,1,-1,True,175,8550,0.8079364660401939,0.24787535410764872,1,706,1,1,1,1
1166,0572_c0002_005.jpg,572,1,-1,True,175,8550,0.8106673341542192,0.26555386949924126,1,659,1,1,1,1
1167,0572_c0002_010.jpg,572,1,-1,True,175,8550,0.8243222435493713,0.2679938744257274,1,653,1,1,1,1
1168,0572_c0002_015.jpg,572,1,-1,True,175,8550,0.8332930819262049,0.2878289473684211,1,608,1,1,1,1
1169,0572_c0002_020.jpg,572,1,-1,True,175,8550,0.8122357881641207,0.23333333333333334,1,750,1,1,1,1
1170,0572_c0003_000.jpg,572,2,-1,True,175,8550,0.6075790202235681,0.1524390243902439,1,1148,1,1,1,1
1171,0572_c0003_005.jpg,572,2,-1,True,175,8550,0.6029215957691185,0.14559068219633944,1,1202,1,1,1,1
1172,0572_c0003_010.jpg,572,2,-1,True,175,8550,0.7064830578473171,0.23178807947019867,1,755,1,1,1,1
1173,0572_c0003_015.jpg,572,2,-1,True,175,8550,0.5597112705135123,0.17023346303501946,1,1028,1,1,1,1
1174,0572_c0003_020.jpg,572,2,-1,True,175,8550,0.6593836774265602,0.1734390485629336,1,1009,1,1,1,1
1175,0572_c0004_000.jpg,572,3,-1,True,175,8550,0.9159393157716252,0.7641921397379913,1,229,1,1,1,1
1176,0572_c0004_005.jpg,572,3,-1,True,175,8550,0.8983897619735882,0.660377358490566,1,265,1,1,1,1
1177,0572_c0004_010.jpg,572,3,-1,True,175,8550,0.8862300561871947,0.7446808510638298,1,235,1,1,1,1
1178,0572_c0004_015.jpg,572,3,-1,True,175,8550,0.8545189328844331,0.8027522935779816,1,218,1,1,1,1
1179,0572_c0004_020.jpg,572,3,-1,True,175,8550,0.8997700146579366,0.6809338521400778,1,257,1,1,1,1
1180,0572_c0005_000.jpg,572,4,-1,True,175,8550,0.7833137247248516,0.11020151133501259,1,1588,1,1,1,1
1181,0572_c0005_005.jpg,572,4,-1,True,175,8550,0.8824890484215411,0.14274061990212072,1,1226,1,1,1,1
1182,0572_c0005_010.jpg,572,4,-1,True,175,8550,0.8791740839481278,0.12297962052002812,1,1423,1,1,1,1
1183,0572_c0005_015.jpg,572,4,-1,True,175,8550,0.8471387592993685,0.10324483775811209,1,1695,1,1,1,1
1184,0572_c0005_020.jpg,572,4,-1,True,175,8550,0.8408166697837227,0.10109763142692085,1,1731,1,1,1,1
1185,0572_c0006_000.jpg,572,5,-1,True,175,8550,0.9869544032889163,0.875,1,200,1,1,1,1
1186,0572_c0006_005.jpg,572,5,-1,True,175,8550,0.9857160075767866,0.9114583333333334,1,192,1,1,1,1
1187,0572_c0006_010.jpg,572,5,-1,True,175,8550,0.989332693781797,0.9114583333333334,1,192,1,1,1,1
1188,0572_c0006_015.jpg,572,5,-1,True,175,8550,0.9799298862882188,0.8928571428571429,1,196,1,1,1,1
1189,0572_c0006_020.jpg,572,5,-1,True,175,8550,0.9906655002281328,0.9114583333333334,1,192,1,1,1,1
1190,0572_c0007_000.jpg,572,6,-1,True,175,8550,0.6561702198442187,0.16875602700096431,1,1037,1,1,1,1
1191,0572_c0007_005.jpg,572,6,-1,True,175,8550,0.6559234798099037,0.1363990646921278,1,1283,1,1,1,1
1192,0572_c0007_010.jpg,572,6,-1,True,175,8550,0.6944131894720015,0.21033653846153846,1,832,1,1,1,1
1193,0572_c0007_015.jpg,572,6,-1,True,175,8550,0.7237712469374337,0.2198492462311558,1,796,1,1,1,1
1194,0572_c0007_020.jpg,572,6,-1,True,175,8550,0.6495582751747179,0.16218721037998146,1,1079,1,1,1,1
1195,0572_c0008_000.jpg,572,7,-1,True,175,8550,0.9997349428767831,0.9943181818181818,1,176,1,1,1,1
1196,0572_c0008_005.jpg,572,7,-1,True,175,8550,0.9855286005914166,0.8620689655172413,1,203,1,1,1,1
1197,0572_c0008_010.jpg,572,7,-1,True,175,8550,0.9931494328874213,0.8928571428571429,1,196,1,1,1,1
1198,0572_c0008_015.jpg,572,7,-1,True,175,8550,0.9925786077742542,0.8620689655172413,1,203,1,1,1,1
1199,0572_c0008_020.jpg,572,7,-1,True,175,8550,0.9986545721189444,0.9459459459459459,1,185,1,1,1,1
1200,0574_c0001_000.jpg,574,0,-1,True,150,8550,0.9991567859544948,0.967741935483871,1,155,1,1,1,1
1201,0574_c0001_005.jpg,574,0,-1,True,150,8550,0.9982328092269235,0.9433962264150944,1,159,1,1,1,1
1202,0574_c0001_010.jpg,574,0,-1,True,150,8550,0.9984037001649106,0.967741935483871,1,155,1,1,1,1
1203,0574_c0001_015.jpg,574,0,-1,True,150,8550,0.9997800938720007,0.9803921568627451,1,153,1,1,1,1
1204,0574_c0001_020.jpg,574,0,-1,True,150,8550,0.9991966777665418,0.967741935483871,1,155,1,1,1,1
1205,0574_c0002_000.jpg,574,1,-1,True,150,8550,0.953593502882624,0.6880733944954128,1,218,1,1,1,1
1206,0574_c0002_005.jpg,574,1,-1,True,150,8550,0.9689149949461474,0.7894736842105263,1,190,1,1,1,1
1207,0574_c0002_010.jpg,574,1,-1,True,150,8550,0.996047951312853,0.9316770186335404,1,161,1,1,1,1
1208,0574_c0002_015.jpg,574,1,-1,True,150,8550,1.0,1.0,1,150,1,1,1,1
1209,0574_c0002_020.jpg,574,1,-1,True,150,8550,0.9745838683160495,0.7936507936507936,1,189,1,1,1,1
1210,0574_c0003_000.jpg,574,2,-1,True,150,8550,0.9712922989310014,0.7246376811594203,1,207,1,1,1,1
1211,0574_c0003_005.jpg,574,2,-1,True,150,8550,0.9718536231914573,0.7246376811594203,1,207,1,1,1,1
1212,0574_c0003_010.jpg,574,2,-1,True,150,8550,0.9706747744499205,0.7246376811594203,1,207,1,1,1,1
1213,0574_c0003_015.jpg,574,2,-1,True,150,8550,0.9756471575373763,0.7317073170731707,1,205,1,1,1,1
1214,0574_c0003_020.jpg,574,2,-1,True,150,8550,0.9723666400368889,0.7246376811594203,1,207,1,1,1,1
1215,0574_c0004_000.jpg,574,3,-1,True,150,8550,0.9999114054451803,0.9933774834437086,1,151,1,1,1,1
1216,0574_c0004_005.jpg,574,3,-1,True,150,8550,0.9999114054451803,0.9933774834437086,1,151,1,1,1,1
1217,0574_c0004_010.jpg,574,3,-1,True,150,8550,0.9996037681644494,0.9803921568627451,1,153,1,1,1,1
1218,0574_c0004_015.jpg,574,3,-1,True,150,8550,1.0,1.0,1,150,1,1,1,1
1219,0574_c0004_020.jpg,574,3,-1,True,150,8550,1.0,1.0,1,150,1,1,1,1
1220,0574_c0005_000.jpg,574,4,-1,True,150,8550,0.9028413776110923,0.746268656716418,1,201,1,1,1,1
1221,0574_c0005_005.jpg,574,4,-1,True,150,8550,0.9075338191590115,0.7142857142857143,1,210,1,1,1,1
1222,0574_c0005_010.jpg,574,4,-1,True,150,8550,0.9043301840523069,0.6756756756756757,1,222,1,1,1,1
1223,0574_c0005_015.jpg,574,4,-1,True,150,8550,0.8948675218729949,0.6696428571428571,1,224,1,1,1,1
1224,0574_c0005_020.jpg,574,4,-1,True,150,8550,0.8948905105259713,0.6493506493506493,1,231,1,1,1,1
1225,0574_c0006_000.jpg,574,5,-1,True,150,8550,0.9976456767584176,0.974025974025974,1,154,1,1,1,1
1226,0574_c0006_005.jpg,574,5,-1,True,150,8550,0.9959485295478601,0.9615384615384616,1,156,1,1,1,1
1227,0574_c0006_010.jpg,574,5,-1,True,150,8550,0.9995517619447856,0.9803921568627451,1,153,1,1,1,1
1228,0574_c0006_015.jpg,574,5,-1,True,150,8550,0.9991428334776205,0.9803921568627451,1,153,1,1,1,1
1229,0574_c0006_020.jpg,574,5,-1,True,150,8550,0.998825542218716,0.9803921568627451,1,153,1,1,1,1
1230,0574_c0008_000.jpg,574,7,-1,True,150,8550,0.992044332386873,0.8928571428571429,1,168,1,1,1,1
1231,0574_c0008_005.jpg,574,7,-1,True,150,8550,0.9759453171346979,0.8333333333333334,1,180,1,1,1,1
1232,0574_c0008_010.jpg,574,7,-1,True,150,8550,0.9744048903625918,0.8333333333333334,1,180,1,1,1,1
1233,0574_c0008_015.jpg,574,7,-1,True,150,8550,0.976555294555728,0.8333333333333334,1,180,1,1,1,1
1234,0574_c0008_020.jpg,574,7,-1,True,150,8550,0.9739996876108413,0.8333333333333334,1,180,1,1,1,1
1235,0576_c0001_000.jpg,576,0,-1,True,150,8550,0.8662761585372623,0.4297994269340974,1,349,1,1,1,1
1236,0576_c0001_005.jpg,576,0,-1,True,150,8550,0.8311771835437572,0.3282275711159737,1,457,1,1,1,1
1237,0576_c0001_010.jpg,576,0,-1,True,150,8550,0.775142892775269,0.3246753246753247,1,462,1,1,1,1
1238,0576_c0001_015.jpg,576,0,-1,True,150,8550,0.8512157338282255,0.4155124653739612,1,361,1,1,1,1
1239,0576_c0001_020.jpg,576,0,-1,True,150,8550,0.8122203020005184,0.32679738562091504,1,459,1,1,1,1
1240,0576_c0002_000.jpg,576,1,-1,True,150,8550,0.7906035271356195,0.2824858757062147,1,531,1,1,1,1
1241,0576_c0002_005.jpg,576,1,-1,True,150,8550,0.6436288719896999,0.20920502092050208,1,717,1,1,1,1
1242,0576_c0002_010.jpg,576,1,-1,True,150,8550,0.7621626350370534,0.24916943521594684,1,602,1,1,1,1
1243,0576_c0002_015.jpg,576,1,-1,True,150,8550,0.674134928603126,0.2074688796680498,1,723,1,1,1,1
1244,0576_c0002_020.jpg,576,1,-1,True,150,8550,0.6478988652489045,0.24311183144246354,1,617,1,1,1,1
1245,0576_c0003_000.jpg,576,2,-1,True,150,8550,0.9903837150349265,0.8571428571428571,1,175,1,1,1,1
1246,0576_c0003_005.jpg,576,2,-1,True,150,8550,0.9985230194436455,0.8875739644970414,1,169,1,1,1,1
1247,0576_c0003_010.jpg,576,2,-1,True,150,8550,0.9961646520945466,0.8571428571428571,1,175,1,1,1,1
1248,0576_c0003_015.jpg,576,2,-1,True,150,8550,0.9995833333333334,0.9375,1,160,1,1,1,1
1249,0576_c0003_020.jpg,576,2,-1,True,150,8550,0.9959382768243901,0.8571428571428571,1,175,1,1,1,1
1250,0576_c0004_000.jpg,576,3,-1,True,150,8550,1.0,1.0,1,150,1,1,1,1
1251,0576_c0004_005.jpg,576,3,-1,True,150,8550,1.0,1.0,1,150,1,1,1,1
1252,0576_c0004_010.jpg,576,3,-1,True,150,8550,1.0,1.0,1,150,1,1,1,1
1253,0576_c0004_015.jpg,576,3,-1,True,150,8550,1.0,1.0,1,150,1,1,1,1
1254,0576_c0004_020.jpg,576,3,-1,True,150,8550,0.9997405017921147,0.967741935483871,1,155,1,1,1,1
1255,0576_c0005_000.jpg,576,4,-1,True,150,8550,0.9778084006225178,0.8426966292134831,1,178,1,1,1,1
1256,0576_c0005_005.jpg,576,4,-1,True,150,8550,0.9688617913966516,0.7075471698113207,1,212,1,1,1,1
1257,0576_c0005_010.jpg,576,4,-1,True,150,8550,0.9685949403535006,0.7281553398058253,1,206,1,1,1,1
1258,0576_c0005_015.jpg,576,4,-1,True,150,8550,0.9451305570228775,0.6550218340611353,1,229,1,1,1,1
1259,0576_c0005_020.jpg,576,4,-1,True,150,8550,0.954748916389104,0.6578947368421053,1,228,1,1,1,1
1260,0576_c0006_000.jpg,576,5,-1,True,150,8550,0.9729965790085784,0.8287292817679558,1,181,1,1,1,1
1261,0576_c0006_005.jpg,576,5,-1,True,150,8550,0.966502007804219,0.6976744186046512,1,215,1,1,1,1
1262,0576_c0006_010.jpg,576,5,-1,True,150,8550,0.9411355658476058,0.6666666666666666,1,225,1,1,1,1
1263,0576_c0006_015.jpg,576,5,-1,True,150,8550,0.968391695832102,0.7281553398058253,1,206,1,1,1,1
1264,0576_c0006_020.jpg,576,5,-1,True,150,8550,0.9629643366673774,0.6976744186046512,1,215,1,1,1,1
1265,0576_c0007_000.jpg,576,6,-1,True,150,8550,0.7657218979878944,0.22556390977443608,1,665,1,1,1,1
1266,0576_c0007_005.jpg,576,6,-1,True,150,8550,0.7921543869834708,0.2564102564102564,1,585,1,1,1,1
1267,0576_c0007_010.jpg,576,6,-1,True,150,8550,0.8317179069955878,0.2727272727272727,1,550,1,1,1,1
1268,0576_c0007_015.jpg,576,6,-1,True,150,8550,0.8427862599500336,0.3073770491803279,1,488,1,1,1,1
1269,0576_c0007_020.jpg,576,6,-1,True,150,8550,0.8196467185460065,0.2737226277372263,1,548,1,1,1,1
1270,0578_c0001_000.jpg,578,0,-1,True,175,8550,0.6785577527851165,0.32649253731343286,1,536,1,1,1,1
1271,0578_c0001_005.jpg,578,0,-1,True,175,8550,0.6545858205187288,0.2961082910321489,1,591,1,1,1,1
1272,0578_c0001_010.jpg,578,0,-1,True,175,8550,0.6644647585121909,0.3211009174311927,1,545,1,1,1,1
1273,0578_c0001_015.jpg,578,0,-1,True,175,8550,0.6021970803051752,0.2751572327044025,1,636,1,1,1,1
1274,0578_c0001_020.jpg,578,0,-1,True,175,8550,0.5996346348571527,0.2663622526636225,1,657,1,1,1,1
1275,0578_c0002_000.jpg,578,1,-1,True,175,8550,0.5942453592169382,0.18857758620689655,1,928,1,1,1,1
1276,0578_c0002_005.jpg,578,1,-1,True,175,8550,0.4500046415436115,0.1912568306010929,1,915,1,1,1,1
1277,0578_c0002_010.jpg,578,1,-1,True,175,8550,0.5890587208383571,0.19707207207207209,1,888,1,1,1,1
1278,0578_c0002_015.jpg,578,1,-1,True,175,8550,0.39809250282893915,0.1881720430107527,2,930,0,1,1,1
1279,0578_c0002_020.jpg,578,1,-1,True,175,8550,0.5573528816847826,0.18696581196581197,1,936,1,1,1,1
1280,0578_c0003_000.jpg,578,2,-1,True,175,8550,0.7121807738423914,0.32894736842105265,1,532,1,1,1,1
1281,0578_c0003_005.jpg,578,2,-1,True,175,8550,0.671171597080133,0.32833020637898686,1,533,1,1,1,1
1282,0578_c0003_010.jpg,578,2,-1,True,175,8550,0.6939666488735073,0.3211009174311927,1,545,1,1,1,1
1283,0578_c0003_015.jpg,578,2,-1,True,175,8550,0.7195308264650297,0.33849129593810445,1,517,1,1,1,1
1284,0578_c0003_020.jpg,578,2,-1,True,175,8550,0.738313831331449,0.3465346534653465,1,505,1,1,1,1
1285,0578_c0004_000.jpg,578,3,-1,True,175,8550,0.5594224683475787,0.354251012145749,1,494,1,1,1,1
1286,0578_c0004_005.jpg,578,3,-1,True,175,8550,0.5831203119435954,0.30701754385964913,1,570,1,1,1,1
1287,0578_c0004_010.jpg,578,3,-1,True,175,8550,0.4926229667515986,0.34860557768924305,1,502,1,1,1,1
1288,0578_c0004_015.jpg,578,3,-1,True,175,8550,0.6618104090579757,0.45454545454545453,1,385,1,1,1,1
1289,0578_c0004_020.jpg,578,3,-1,True,175,8550,0.5965050089186046,0.3804347826086957,1,460,1,1,1,1
1290,0578_c0005_000.jpg,578,4,-1,True,175,8550,0.8286115355184406,0.264750378214826,1,661,1,1,1,1
1291,0578_c0005_005.jpg,578,4,-1,True,175,8550,0.7177465628439991,0.23240371845949534,1,753,1,1,1,1
1292,0578_c0005_010.jpg,578,4,-1,True,175,8550,0.7487703590137065,0.24613220815752462,1,711,1,1,1,1
1293,0578_c0005_015.jpg,578,4,-1,True,175,8550,0.7821257468380713,0.2514367816091954,1,696,1,1,1,1
1294,0578_c0005_020.jpg,578,4,-1,True,175,8550,0.7949964573759289,0.2696456086286595,1,649,1,1,1,1
1295,0578_c0006_000.jpg,578,5,-1,True,175,8550,0.6606429088717092,0.16385767790262173,1,1068,1,1,1,1
1296,0578_c0006_005.jpg,578,5,-1,True,175,8550,0.6921862526914038,0.16294227188081936,1,1074,1,1,1,1
1297,0578_c0006_010.jpg,578,5,-1,True,175,8550,0.664553689034914,0.18440463645943098,1,949,1,1,1,1
1298,0578_c0006_015.jpg,578,5,-1,True,175,8550,0.668322856253944,0.181723779854621,1,963,1,1,1,1
1299,0578_c0006_020.jpg,578,5,-1,True,175,8550,0.6834859277675699,0.181723779854621,1,963,1,1,1,1
1300,0578_c0007_000.jpg,578,6,-1,True,175,8550,0.9232706898390259,0.5775577557755776,1,303,1,1,1,1
1301,0578_c0007_005.jpg,578,6,-1,True,175,8550,0.7711000909359118,0.4768392370572207,1,367,1,1,1,1
1302,0578_c0007_010.jpg,578,6,-1,True,175,8550,0.7622292293585258,0.48342541436464087,1,362,1,1,1,1
1303,0578_c0007_015.jpg,578,6,-1,True,175,8550,0.7745012018848615,0.49157303370786515,1,356,1,1,1,1
1304,0578_c0007_020.jpg,578,6,-1,True,175,8550,0.8141652586502279,0.48746518105849584,1,359,1,1,1,1
1305,0578_c0008_000.jpg,578,7,-1,True,175,8550,0.64271806932874,0.24857954545454544,1,704,1,1,1,1
1306,0578_c0008_005.jpg,578,7,-1,True,175,8550,0.6490801829555629,0.24104683195592286,1,726,1,1,1,1
1307,0578_c0008_010.jpg,578,7,-1,True,175,8550,0.6214107631983797,0.2565982404692082,1,682,1,1,1,1
1308,0578_c0008_015.jpg,578,7,-1,True,175,8550,0.6316774957555512,0.2713178294573643,1,645,1,1,1,1
1309,0578_c0008_020.jpg,578,7,-1,True,175,8550,0.639070010073124,0.2615844544095665,1,669,1,1,1,1
1310,0580_c0001_000.jpg,580,0,-1,True,175,8550,0.6677838377307782,0.546875,1,320,1,1,1,1
1311,0580_c0001_005.jpg,580,0,-1,True,175,8550,0.6144888711529558,0.5351681957186545,1,327,1,1,1,1
1312,0580_c0001_010.jpg,580,0,-1,True,175,8550,0.5768630806083497,0.5368098159509203,1,326,1,1,1,1
1313,0580_c0001_015.jpg,580,0,-1,True,175,8550,0.6479904953414237,0.5451713395638629,1,321,1,1,1,1
1314,0580_c0001_020.jpg,580,0,-1,True,175,8550,0.6606080668928729,0.5384615384615384,1,325,1,1,1,1
1315,0580_c0002_000.jpg,580,1,-1,True,175,8550,0.29346780421985474,0.25,43,700,0,0,0,0
1316,0580_c0002_005.jpg,580,1,-1,True,175,8550,0.3707805981493084,0.258493353028065,26,677,0,0,0,0
1317,0580_c0002_010.jpg,580,1,-1,True,175,8550,0.4108485995737662,0.2827140549273021,1,619,1,1,1,1
1318,0580_c0002_015.jpg,580,1,-1,True,175,8550,0.5123342455871108,0.33206831119544594,1,527,1,1,1,1
1319,0580_c0002_020.jpg,580,1,-1,True,175,8550,0.5750387021416542,0.2892561983471074,1,605,1,1,1,1
1320,0580_c0003_000.jpg,580,2,-1,True,175,8550,0.9529892050076806,0.6862745098039216,1,255,1,1,1,1
1321,0580_c0003_005.jpg,580,2,-1,True,175,8550,0.9491075965632481,0.6730769230769231,1,260,1,1,1,1
1322,0580_c0003_010.jpg,580,2,-1,True,175,8550,0.9325876495041084,0.5700325732899023,1,307,1,1,1,1
1323,0580_c0003_015.jpg,580,2,-1,True,175,8550,0.9156812717790428,0.6161971830985915,1,284,1,1,1,1
1324,0580_c0003_020.jpg,580,2,-1,True,175,8550,0.9297888685890286,0.5384615384615384,1,325,1,1,1,1
1325,0580_c0004_000.jpg,580,3,-1,True,175,8550,0.9989843231962062,0.9668508287292817,1,181,1,1,1,1
1326,0580_c0004_005.jpg,580,3,-1,True,175,8550,0.999902038683812,0.9943181818181818,1,176,1,1,1,1
1327,0580_c0004_010.jpg,580,3,-1,True,175,8550,0.999902038683812,0.9943181818181818,1,176,1,1,1,1
1328,0580_c0004_015.jpg,580,3,-1,True,175,8550,0.9998690081305502,0.9943181818181818,1,176,1,1,1,1
1329,0580_c0004_020.jpg,580,3,-1,True,175,8550,0.9972257391024537,0.9114583333333334,1,192,1,1,1,1
1330,0580_c0005_000.jpg,580,4,-1,True,175,8550,0.6384437779027181,0.5627009646302251,1,311,1,1,1,1
1331,0580_c0005_005.jpg,580,4,-1,True,175,8550,0.6402105218762827,0.5833333333333334,1,300,1,1,1,1
1332,0580_c0005_010.jpg,580,4,-1,True,175,8550,0.6252301445485761,0.5813953488372093,1,301,1,1,1,1
1333,0580_c0005_015.jpg,580,4,-1,True,175,8550,0.5806866570615863,0.5351681957186545,1,327,1,1,1,1
1334,0580_c0005_020.jpg,580,4,-1,True,175,8550,0.587965679073993,0.5116959064327485,1,342,1,1,1,1
1335,0580_c0006_000.jpg,580,5,-1,True,175,8550,0.9400810718990767,0.6679389312977099,1,262,1,1,1,1
1336,0580_c0006_005.jpg,580,5,-1,True,175,8550,0.9378501853020186,0.708502024291498,1,247,1,1,1,1
1337,0580_c0006_010.jpg,580,5,-1,True,175,8550,0.8735550386561015,0.691699604743083,1,253,1,1,1,1
1338,0580_c0006_015.jpg,580,5,-1,True,175,8550,0.9278033222125723,0.6410256410256411,1,273,1,1,1,1
1339,0580_c0006_020.jpg,580,5,-1,True,175,8550,0.9059370657390518,0.5700325732899023,1,307,1,1,1,1
1340,0580_c0007_000.jpg,580,6,-1,True,175,8550,0.9872985235918057,0.8928571428571429,1,196,1,1,1,1
1341,0580_c0007_005.jpg,580,6,-1,True,175,8550,0.987662235500779,0.8706467661691543,1,201,1,1,1,1
1342,0580_c0007_010.jpg,580,6,-1,True,175,8550,0.9983249096559896,0.9510869565217391,1,184,1,1,1,1
1343,0580_c0007_015.jpg,580,6,-1,True,175,8550,0.9927403513662869,0.7709251101321586,1,227,1,1,1,1
1344,0580_c0007_020.jpg,580,6,-1,True,175,8550,0.9991884153231302,0.9408602150537635,1,186,1,1,1,1
1345,0580_c0008_000.jpg,580,7,-1,True,175,8550,0.9545828085774474,0.631768953068592,1,277,1,1,1,1
1346,0580_c0008_005.jpg,580,7,-1,True,175,8550,0.9576725121850703,0.6433823529411765,1,272,1,1,1,1
1347,0580_c0008_010.jpg,580,7,-1,True,175,8550,0.9576043844655832,0.6505576208178439,1,269,1,1,1,1
1348,0580_c0008_015.jpg,580,7,-1,True,175,8550,0.9630222867765598,0.6554307116104869,1,267,1,1,1,1
1349,0580_c0008_020.jpg,580,7,-1,True,175,8550,0.9550788494101331,0.6294964028776978,1,278,1,1,1,1
1350,0582_c0001_000.jpg,582,0,-1,True,175,8550,0.5676484828124551,0.075790385448246,1,2309,1,1,1,1
1351,0582_c0001_005.jpg,582,0,-1,True,175,8550,0.6724892992095834,0.09625962596259625,1,1818,1,1,1,1
1352,0582_c0001_010.jpg,582,0,-1,True,175,8550,0.5899379150194088,0.07036590269400884,1,2487,1,1,1,1
1353,0582_c0001_015.jpg,582,0,-1,True,175,8550,0.7294586529523449,0.12773722627737227,1,1370,1,1,1,1
1354,0582_c0001_020.jpg,582,0,-1,True,175,8550,0.7199207027148957,0.10670731707317073,1,1640,1,1,1,1
1355,0582_c0002_000.jpg,582,1,-1,True,175,8550,0.4766148069285523,0.0849102377486657,1,2061,1,1,1,1
1356,0582_c0002_005.jpg,582,1,-1,True,175,8550,0.45262761905006754,0.07312996239030506,1,2393,1,1,1,1
1357,0582_c0002_010.jpg,582,1,-1,True,175,8550,0.49378240341583696,0.07231404958677685,1,2420,1,1,1,1
1358,0582_c0002_015.jpg,582,1,-1,True,175,8550,0.46405682309276775,0.07039420756234915,1,2486,1,1,1,1
1359,0582_c0002_020.jpg,582,1,-1,True,175,8550,0.4587346312569872,0.07019655034095468,1,2493,1,1,1,1
1360,0582_c0003_000.jpg,582,2,-1,True,175,8550,0.11991995858128925,0.05678131083711875,9,3082,0,0,1,1
1361,0582_c0003_005.jpg,582,2,-1,True,175,8550,0.24834937448504932,0.05543237250554324,1,3157,1,1,1,1
1362,0582_c0003_010.jpg,582,2,-1,True,175,8550,0.2656247276743336,0.059544062606328683,1,2939,1,1,1,1
1363,0582_c0003_015.jpg,582,2,-1,True,175,8550,0.2688849018162297,0.06370586093920641,1,2747,1,1,1,1
1364,0582_c0003_020.jpg,582,2,-1,True,175,8550,0.27073486421483045,0.057170859196341066,1,3061,1,1,1,1
1365,0582_c0004_000.jpg,582,3,-1,True,175,8550,0.6376384841795502,0.1898047722342733,1,922,1,1,1,1
1366,0582_c0004_005.jpg,582,3,-1,True,175,8550,0.6894859919479828,0.2864157119476268,1,611,1,1,1,1
1367,0582_c0004_010.jpg,582,3,-1,True,175,8550,0.7513208604651228,0.3048780487804878,1,574,1,1,1,1
1368,0582_c0004_015.jpg,582,3,-1,True,175,8550,0.708905877925427,0.26717557251908397,1,655,1,1,1,1
1369,0582_c0004_020.jpg,582,3,-1,True,175,8550,0.7360803656764017,0.2845528455284553,1,615,1,1,1,1
1370,0582_c0005_000.jpg,582,4,-1,True,175,8550,0.5802095493660578,0.05848930481283422,1,2992,1,1,1,1
1371,0582_c0005_005.jpg,582,4,-1,True,175,8550,0.5259996084477575,0.05569700827498408,1,3142,1,1,1,1
1372,0582_c0005_010.jpg,582,4,-1,True,175,8550,0.4455133617018147,0.04142992424242424,1,4224,1,1,1,1
1373,0582_c0005_015.jpg,582,4,-1,True,175,8550,0.4717818172094113,0.04463147156337669,1,3921,1,1,1,1
1374,0582_c0005_020.jpg,582,4,-1,True,175,8550,0.46461157843487877,0.052854122621564484,1,3311,1,1,1,1
1375,0582_c0006_000.jpg,582,5,-1,True,175,8550,0.8485387698778906,0.3763440860215054,1,465,1,1,1,1
1376,0582_c0006_005.jpg,582,5,-1,True,175,8550,0.8442019241894673,0.3787878787878788,1,462,1,1,1,1
1377,0582_c0006_010.jpg,582,5,-1,True,175,8550,0.8422590412575314,0.4069767441860465,1,430,1,1,1,1
1378,0582_c0006_015.jpg,582,5,-1,True,175,8550,0.8869655032173043,0.5351681957186545,1,327,1,1,1,1
1379,0582_c0006_020.jpg,582,5,-1,True,175,8550,0.9179004144435716,0.44642857142857145,1,392,1,1,1,1
1380,0582_c0007_000.jpg,582,6,-1,True,175,8550,0.7552345235430667,0.31194295900178254,1,561,1,1,1,1
1381,0582_c0007_005.jpg,582,6,-1,True,175,8550,0.7455811204154351,0.32228360957642727,1,543,1,1,1,1
1382,0582_c0007_010.jpg,582,6,-1,True,175,8550,0.7451541030905914,0.2921535893155259,1,599,1,1,1,1
1383,0582_c0007_015.jpg,582,6,-1,True,175,8550,0.739900875375932,0.30594405594405594,1,572,1,1,1,1
1384,0582_c0007_020.jpg,582,6,-1,True,175,8550,0.6862826508833614,0.27602523659305994,1,634,1,1,1,1
1385,0582_c0008_000.jpg,582,7,-1,True,175,8550,0.6016952642204629,0.20636792452830188,1,848,1,1,1,1
1386,0582_c0008_005.jpg,582,7,-1,True,175,8550,0.6465161654000301,0.1912568306010929,1,915,1,1,1,1
1387,0582_c0008_010.jpg,582,7,-1,True,175,8550,0.48109809519832863,0.16010978956999086,1,1093,1,1,1,1
1388,0582_c0008_015.jpg,582,7,-1,True,175,8550,0.5369599169672234,0.15099223468507333,1,1159,1,1,1,1
1389,0582_c0008_020.jpg,582,7,-1,True,175,8550,0.5390969670997579,0.1475548060708263,1,1186,1,1,1,1
1390,0584_c0001_000.jpg,584,0,-1,True,175,8550,0.9120725817131113,0.4861111111111111,1,360,1,1,1,1
1391,0584_c0001_005.jpg,584,0,-1,True,175,8550,0.9156867124800283,0.5102040816326531,1,343,1,1,1,1
1392,0584_c0001_010.jpg,584,0,-1,True,175,8550,0.919635272172086,0.48476454293628807,1,361,1,1,1,1
1393,0584_c0001_015.jpg,584,0,-1,True,175,8550,0.8982122296527921,0.41766109785202865,1,419,1,1,1,1
1394,0584_c0001_020.jpg,584,0,-1,True,175,8550,0.931881554290249,0.603448275862069,1,290,1,1,1,1
1395,0584_c0002_000.jpg,584,1,-1,True,175,8550,0.919580005800392,0.4888268156424581,1,358,1,1,1,1
1396,0584_c0002_005.jpg,584,1,-1,True,175,8550,0.9195211134845831,0.5,1,350,1,1,1,1
1397,0584_c0002_010.jpg,584,1,-1,True,175,8550,0.9213492141576942,0.5451713395638629,1,321,1,1,1,1
1398,0584_c0002_015.jpg,584,1,-1,True,175,8550,0.9123874917094484,0.603448275862069,1,290,1,1,1,1
1399,0584_c0002_020.jpg,584,1,-1,True,175,8550,0.9119071515720103,0.6294964028776978,1,278,1,1,1,1
1400,0584_c0003_000.jpg,584,2,-1,True,175,8550,0.5917965925989647,0.19509476031215162,1,897,1,1,1,1
1401,0584_c0003_005.jpg,584,2,-1,True,175,8550,0.6740734596602815,0.22095959595959597,1,792,1,1,1,1
1402,0584_c0003_010.jpg,584,2,-1,True,175,8550,0.6858820289730391,0.22012578616352202,1,795,1,1,1,1
1403,0584_c0003_015.jpg,584,2,-1,True,175,8550,0.6859920093601133,0.214987714987715,1,814,1,1,1,1
1404,0584_c0003_020.jpg,584,2,-1,True,175,8550,0.6411007872313847,0.14498757249378624,1,1207,1,1,1,1
1405,0584_c0004_000.jpg,584,3,-1,True,175,8550,0.8243837432843567,0.3812636165577342,1,459,1,1,1,1
1406,0584_c0004_005.jpg,584,3,-1,True,175,8550,0.8303389301538067,0.43316831683168316,1,404,1,1,1,1
1407,0584_c0004_010.jpg,584,3,-1,True,175,8550,0.8263471498270644,0.3968253968253968,1,441,1,1,1,1
1408,0584_c0004_015.jpg,584,3,-1,True,175,8550,0.8309133373310941,0.3593429158110883,1,487,1,1,1,1
1409,0584_c0004_020.jpg,584,3,-1,True,175,8550,0.7986023923707714,0.33980582524271846,1,515,1,1,1,1
1410,0584_c0005_000.jpg,584,4,-1,True,175,8550,0.7451087933942927,0.1426242868785656,1,1227,1,1,1,1
1411,0584_c0005_005.jpg,584,4,-1,True,175,8550,0.7754259773682878,0.15217391304347827,1,1150,1,1,1,1
1412,0584_c0005_010.jpg,584,4,-1,True,175,8550,0.7737574983446234,0.1652502360717658,1,1059,1,1,1,1
1413,0584_c0005_015.jpg,584,4,-1,True,175,8550,0.7657670838927609,0.14957264957264957,1,1170,1,1,1,1
1414,0584_c0005_020.jpg,584,4,-1,True,175,8550,0.7355351102774879,0.13922036595067622,1,1257,1,1,1,1
1415,0584_c0006_000.jpg,584,5,-1,True,175,8550,0.9984876780409789,0.9162303664921466,1,191,1,1,1,1
1416,0584_c0006_005.jpg,584,5,-1,True,175,8550,0.9906803565374571,0.6704980842911877,1,261,1,1,1,1
1417,0584_c0006_010.jpg,584,5,-1,True,175,8550,0.9984374067893828,0.9259259259259259,1,189,1,1,1,1
1418,0584_c0006_015.jpg,584,5,-1,True,175,8550,0.9961064098689372,0.8974358974358975,1,195,1,1,1,1
1419,0584_c0006_020.jpg,584,5,-1,True,175,8550,0.9928258748426098,0.8974358974358975,1,195,1,1,1,1
1420,0584_c0007_000.jpg,584,6,-1,True,175,8550,0.4684066474097544,0.13910969793322733,1,1258,1,1,1,1
1421,0584_c0007_005.jpg,584,6,-1,True,175,8550,0.46074098855626483,0.16309412861137,1,1073,1,1,1,1
1422,0584_c0007_010.jpg,584,6,-1,True,175,8550,0.491903779315739,0.15967153284671534,1,1096,1,1,1,1
1423,0584_c0007_015.jpg,584,6,-1,True,175,8550,0.46590449319275845,0.1483050847457627,1,1180,1,1,1,1
1424,0584_c0007_020.jpg,584,6,-1,True,175,8550,0.5810375814068218,0.18676627534685167,1,937,1,1,1,1
1425,0584_c0008_000.jpg,584,7,-1,True,175,8550,0.9084813151241539,0.49295774647887325,1,355,1,1,1,1
1426,0584_c0008_005.jpg,584,7,-1,True,175,8550,0.9361344731930255,0.5335365853658537,1,328,1,1,1,1
1427,0584_c0008_010.jpg,584,7,-1,True,175,8550,0.928076139506002,0.5147058823529411,1,340,1,1,1,1
1428,0584_c0008_015.jpg,584,7,-1,True,175,8550,0.9349466505690853,0.5335365853658537,1,328,1,1,1,1
1429,0584_c0008_020.jpg,584,7,-1,True,175,8550,0.8952323228567233,0.4257907542579075,1,411,1,1,1,1
1430,0586_c0001_000.jpg,586,0,-1,True,175,8550,0.99809246359767,0.9358288770053476,1,187,1,1,1,1
1431,0586_c0001_005.jpg,586,0,-1,True,175,8550,1.0,1.0,1,175,1,1,1,1
1432,0586_c0001_010.jpg,586,0,-1,True,175,8550,0.9996764063628978,0.9831460674157303,1,178,1,1,1,1
1433,0586_c0001_015.jpg,586,0,-1,True,175,8550,0.9992100224577306,0.9722222222222222,1,180,1,1,1,1
1434,0586_c0001_020.jpg,586,0,-1,True,175,8550,0.9989060993184483,0.9668508287292817,1,181,1,1,1,1
1435,0586_c0002_000.jpg,586,1,-1,True,175,8550,0.9428158079305229,0.6628787878787878,1,264,1,1,1,1
1436,0586_c0002_005.jpg,586,1,-1,True,175,8550,0.9437149994290664,0.7575757575757576,1,231,1,1,1,1
1437,0586_c0002_010.jpg,586,1,-1,True,175,8550,0.9238822732565984,0.5775577557755776,1,303,1,1,1,1
1438,0586_c0002_015.jpg,586,1,-1,True,175,8550,0.9582719597130123,0.6889763779527559,1,254,1,1,1,1
1439,0586_c0002_020.jpg,586,1,-1,True,175,8550,0.9592349974439627,0.7028112449799196,1,249,1,1,1,1
1440,0586_c0003_000.jpg,586,2,-1,True,175,8550,0.9761026630724658,0.7261410788381742,1,241,1,1,1,1
1441,0586_c0003_005.jpg,586,2,-1,True,175,8550,0.9667416955258166,0.6679389312977099,1,262,1,1,1,1
1442,0586_c0003_010.jpg,586,2,-1,True,175,8550,0.9629177436988917,0.6529850746268657,1,268,1,1,1,1
1443,0586_c0003_015.jpg,586,2,-1,True,175,8550,0.9979353720623364,0.8974358974358975,1,195,1,1,1,1
1444,0586_c0003_020.jpg,586,2,-1,True,175,8550,0.9815809781238815,0.7261410788381742,1,241,1,1,1,1
1445,0586_c0004_000.jpg,586,3,-1,True,175,8550,0.9999348794063079,0.9943181818181818,1,176,1,1,1,1
1446,0586_c0004_005.jpg,586,3,-1,True,175,8550,1.0,1.0,1,175,1,1,1,1
1447,0586_c0004_010.jpg,586,3,-1,True,175,8550,1.0,1.0,1,175,1,1,1,1
1448,0586_c0004_015.jpg,586,3,-1,True,175,8550,0.9974870255836608,0.875,1,200,1,1,1,1
1449,0586_c0004_020.jpg,586,3,-1,True,175,8550,0.9988188738088813,0.9162303664921466,1,191,1,1,1,1
1450,0586_c0005_000.jpg,586,4,-1,True,175,8550,1.0,1.0,1,175,1,1,1,1
1451,0586_c0005_005.jpg,586,4,-1,True,175,8550,0.9986676481337294,0.9615384615384616,1,182,1,1,1,1
1452,0586_c0005_010.jpg,586,4,-1,True,175,8550,0.999387622290117,0.9668508287292817,1,181,1,1,1,1
1453,0586_c0005_015.jpg,586,4,-1,True,175,8550,0.9995439590200327,0.9776536312849162,1,179,1,1,1,1
1454,0586_c0005_020.jpg,586,4,-1,True,175,8550,0.9987463012567972,0.9562841530054644,1,183,1,1,1,1
1455,0586_c0006_000.jpg,586,5,-1,True,175,8550,0.9974480758625496,0.9067357512953368,1,193,1,1,1,1
1456,0586_c0006_005.jpg,586,5,-1,True,175,8550,1.0,1.0,1,175,1,1,1,1
1457,0586_c0006_010.jpg,586,5,-1,True,175,8550,1.0,1.0,1,175,1,1,1,1
1458,0586_c0006_015.jpg,586,5,-1,True,175,8550,1.0,1.0,1,175,1,1,1,1
1459,0586_c0006_020.jpg,586,5,-1,True,175,8550,1.0,1.0,1,175,1,1,1,1
1460,0586_c0007_000.jpg,586,6,-1,True,175,8550,1.0,1.0,1,175,1,1,1,1
1461,0586_c0007_005.jpg,586,6,-1,True,175,8550,1.0,1.0,1,175,1,1,1,1
1462,0586_c0007_010.jpg,586,6,-1,True,175,8550,1.0,1.0,1,175,1,1,1,1
1463,0586_c0007_015.jpg,586,6,-1,True,175,8550,1.0,1.0,1,175,1,1,1,1
1464,0586_c0007_020.jpg,586,6,-1,True,175,8550,1.0,1.0,1,175,1,1,1,1
1465,0586_c0008_000.jpg,586,7,-1,True,175,8550,1.0,1.0,1,175,1,1,1,1
1466,0586_c0008_005.jpg,586,7,-1,True,175,8550,1.0,1.0,1,175,1,1,1,1
1467,0586_c0008_010.jpg,586,7,-1,True,175,8550,1.0,1.0,1,175,1,1,1,1
1468,0586_c0008_015.jpg,586,7,-1,True,175,8550,0.9999675324675324,0.9943181818181818,1,176,1,1,1,1
1469,0586_c0008_020.jpg,586,7,-1,True,175,8550,1.0,1.0,1,175,1,1,1,1
1470,0588_c0001_000.jpg,588,0,-1,True,175,8550,0.8700674376869951,0.3176043557168784,1,551,1,1,1,1
1471,0588_c0001_005.jpg,588,0,-1,True,175,8550,0.8686163468106517,0.3211009174311927,1,545,1,1,1,1
1472,0588_c0001_010.jpg,588,0,-1,True,175,8550,0.9075095453334007,0.3699788583509514,1,473,1,1,1,1
1473,0588_c0001_015.jpg,588,0,-1,True,175,8550,0.8730708392390227,0.2986348122866894,1,586,1,1,1,1
1474,0588_c0001_020.jpg,588,0,-1,True,175,8550,0.8778530958694104,0.32169117647058826,1,544,1,1,1,1
1475,0588_c0002_000.jpg,588,1,-1,True,175,8550,0.7971803038812235,0.3458498023715415,1,506,1,1,1,1
1476,0588_c0002_005.jpg,588,1,-1,True,175,8550,0.8318429369030111,0.36764705882352944,1,476,1,1,1,1
1477,0588_c0002_010.jpg,588,1,-1,True,175,8550,0.8526082412369562,0.3747323340471092,1,467,1,1,1,1
1478,0588_c0002_015.jpg,588,1,-1,True,175,8550,0.8367266214426705,0.37393162393162394,1,468,1,1,1,1
1479,0588_c0002_020.jpg,588,1,-1,True,175,8550,0.8310886651001688,0.3691983122362869,1,474,1,1,1,1
1480,0588_c0003_000.jpg,588,2,-1,True,175,8550,0.9954171144460705,0.8974358974358975,1,195,1,1,1,1
1481,0588_c0003_005.jpg,588,2,-1,True,175,8550,0.9855048958771353,0.8928571428571429,1,196,1,1,1,1
1482,0588_c0003_010.jpg,588,2,-1,True,175,8550,0.963682877462588,0.875,1,200,1,1,1,1
1483,0588_c0003_015.jpg,588,2,-1,True,175,8550,0.9687603187590784,0.8254716981132075,1,212,1,1,1,1
1484,0588_c0003_020.jpg,588,2,-1,True,175,8550,0.9234461411732308,0.7777777777777778,1,225,1,1,1,1
1485,0588_c0004_000.jpg,588,3,-1,True,175,8550,0.779873062422624,0.3691983122362869,1,474,1,1,1,1
1486,0588_c0004_005.jpg,588,3,-1,True,175,8550,0.7647867661941085,0.360082304526749,1,486,1,1,1,1
1487,0588_c0004_010.jpg,588,3,-1,True,175,8550,0.8224931451133002,0.3888888888888889,1,450,1,1,1,1
1488,0588_c0004_015.jpg,588,3,-1,True,175,8550,0.7083091555866198,0.33524904214559387,1,522,1,1,1,1
1489,0588_c0004_020.jpg,588,3,-1,True,175,8550,0.7445755100301161,0.341796875,1,512,1,1,1,1
1490,0588_c0005_000.jpg,588,4,-1,True,175,8550,0.9852546168090697,0.7882882882882883,1,222,1,1,1,1
1491,0588_c0005_005.jpg,588,4,-1,True,175,8550,0.9663347701137078,0.625,1,280,1,1,1,1
1492,0588_c0005_010.jpg,588,4,-1,True,175,8550,0.9718681816201106,0.6972111553784861,1,251,1,1,1,1
1493,0588_c0005_015.jpg,588,4,-1,True,175,8550,0.9987900563109273,0.9308510638297872,1,188,1,1,1,1
1494,0588_c0005_020.jpg,588,4,-1,True,175,8550,0.9999348794063079,0.9943181818181818,1,176,1,1,1,1
1495,0588_c0006_000.jpg,588,5,-1,True,175,8550,0.7694411465258733,0.78125,1,224,1,1,1,1
1496,0588_c0006_005.jpg,588,5,-1,True,175,8550,0.9015914115489614,0.7990867579908676,1,219,1,1,1,1
1497,0588_c0006_010.jpg,588,5,-1,True,175,8550,0.9217889859558736,0.8064516129032258,1,217,1,1,1,1
1498,0588_c0006_015.jpg,588,5,-1,True,175,8550,0.9127797605951602,0.8101851851851852,1,216,1,1,1,1
1499,0588_c0006_020.jpg,588,5,-1,True,175,8550,0.8794566964233095,0.7918552036199095,1,221,1,1,1,1
1500,0588_c0007_000.jpg,588,6,-1,True,175,8550,0.9901584980662317,0.7231404958677686,1,242,1,1,1,1
1501,0588_c0007_005.jpg,588,6,-1,True,175,8550,0.9849470069541696,0.6972111553784861,1,251,1,1,1,1
1502,0588_c0007_010.jpg,588,6,-1,True,175,8550,0.9871682303416213,0.720164609053498,1,243,1,1,1,1
1503,0588_c0007_015.jpg,588,6,-1,True,175,8550,0.999802368663666,0.9943181818181818,1,176,1,1,1,1
1504,0588_c0007_020.jpg,588,6,-1,True,175,8550,1.0,1.0,1,175,1,1,1,1
1505,0588_c0008_000.jpg,588,7,-1,True,175,8550,0.9626220249001171,0.8373205741626795,1,209,1,1,1,1
1506,0588_c0008_005.jpg,588,7,-1,True,175,8550,0.9589888714165719,0.8333333333333334,1,210,1,1,1,1
1507,0588_c0008_010.jpg,588,7,-1,True,175,8550,0.9757983757546536,0.8454106280193237,1,207,1,1,1,1
1508,0588_c0008_015.jpg,588,7,-1,True,175,8550,0.9606975170662586,0.8454106280193237,1,207,1,1,1,1
1509,0588_c0008_020.jpg,588,7,-1,True,175,8550,0.9613863242369427,0.7954545454545454,1,220,1,1,1,1
1510,0590_c0001_000.jpg,590,0,-1,True,150,8550,0.7007712060592531,0.23809523809523808,1,630,1,1,1,1
1511,0590_c0001_005.jpg,590,0,-1,True,150,8550,0.6095068723606173,0.1328609388839681,1,1129,1,1,1,1
1512,0590_c0001_010.jpg,590,0,-1,True,150,8550,0.705984902603492,0.27932960893854747,1,537,1,1,1,1
1513,0590_c0001_015.jpg,590,0,-1,True,150,8550,0.7126057470640108,0.2824858757062147,1,531,1,1,1,1
1514,0590_c0001_020.jpg,590,0,-1,True,150,8550,0.7444433271170051,0.33557046979865773,1,447,1,1,1,1
1515,0590_c0002_000.jpg,590,1,-1,True,150,8550,0.8883796986667654,0.6666666666666666,1,225,1,1,1,1
1516,0590_c0002_005.jpg,590,1,-1,True,150,8550,0.6516786607662151,0.36231884057971014,1,414,1,1,1,1
1517,0590_c0002_010.jpg,590,1,-1,True,150,8550,0.7045109735328842,0.3968253968253968,1,378,1,1,1,1
1518,0590_c0002_015.jpg,590,1,-1,True,150,8550,0.7160902658998831,0.351288056206089,1,427,1,1,1,1
1519,0590_c0002_020.jpg,590,1,-1,True,150,8550,0.7148027604518833,0.3640776699029126,1,412,1,1,1,1
1520,0590_c0004_000.jpg,590,3,-1,True,150,8550,0.687057570690444,0.12776831345826234,1,1174,1,1,1,1
1521,0590_c0004_005.jpg,590,3,-1,True,150,8550,0.6844464137622378,0.09797517962116264,1,1531,1,1,1,1
1522,0590_c0004_010.jpg,590,3,-1,True,150,8550,0.6992227046602335,0.12468827930174564,1,1203,1,1,1,1
1523,0590_c0004_015.jpg,590,3,-1,True,150,8550,0.6380682294937365,0.0959079283887468,1,1564,1,1,1,1
1524,0590_c0004_020.jpg,590,3,-1,True,150,8550,0.6785068554804019,0.10861694424330195,1,1381,1,1,1,1
1525,0590_c0005_000.jpg,590,4,-1,True,150,8550,0.8209882235989922,0.45045045045045046,1,333,1,1,1,1
1526,0590_c0005_005.jpg,590,4,-1,True,150,8550,0.7968758796941534,0.4672897196261682,1,321,1,1,1,1
1527,0590_c0005_010.jpg,590,4,-1,True,150,8550,0.8675256549220279,0.5300353356890459,1,283,1,1,1,1
1528,0590_c0005_015.jpg,590,4,-1,True,150,8550,0.7167001462692996,0.3024193548387097,1,496,1,1,1,1
1529,0590_c0005_020.jpg,590,4,-1,True,150,8550,0.8197516110395359,0.5033557046979866,1,298,1,1,1,1
1530,0590_c0006_000.jpg,590,5,-1,True,150,8550,0.6021179000131636,0.18726591760299627,1,801,1,1,1,1
1531,0590_c0006_005.jpg,590,5,-1,True,150,8550,0.6179875704237425,0.18867924528301888,1,795,1,1,1,1
1532,0590_c0006_010.jpg,590,5,-1,True,150,8550,0.6534252022599133,0.1835985312117503,1,817,1,1,1,1
1533,0590_c0006_015.jpg,590,5,-1,True,150,8550,0.670312681699886,0.1740139211136891,1,862,1,1,1,1
1534,0590_c0006_020.jpg,590,5,-1,True,150,8550,0.6234198891328043,0.18270401948842874,1,821,1,1,1,1
1535,0590_c0007_000.jpg,590,6,-1,True,150,8550,0.912189839492812,0.4087193460490463,1,367,1,1,1,1
1536,0590_c0007_005.jpg,590,6,-1,True,150,8550,0.9094013827344408,0.3488372093023256,1,430,1,1,1,1
1537,0590_c0007_010.jpg,590,6,-1,True,150,8550,0.9052161846360253,0.32894736842105265,1,456,1,1,1,1
1538,0590_c0007_015.jpg,590,6,-1,True,150,8550,0.8971562493387679,0.3171247357293869,1,473,1,1,1,1
1539,0590_c0007_020.jpg,590,6,-1,True,150,8550,0.8997455126586313,0.29354207436399216,1,511,1,1,1,1
1540,0590_c0008_000.jpg,590,7,-1,True,150,8550,0.7041237511398861,0.23885350318471338,1,628,1,1,1,1
1541,0590_c0008_005.jpg,590,7,-1,True,150,8550,0.7274526121561212,0.25510204081632654,1,588,1,1,1,1
1542,0590_c0008_010.jpg,590,7,-1,True,150,8550,0.6425790972851947,0.22354694485842028,1,671,1,1,1,1
1543,0590_c0008_015.jpg,590,7,-1,True,150,8550,0.6681592905138936,0.23255813953488372,1,645,1,1,1,1
1544,0590_c0008_020.jpg,590,7,-1,True,150,8550,0.6411870559493706,0.22692889561270801,1,661,1,1,1,1
1545,0592_c0001_000.jpg,592,0,-1,True,125,8550,0.7830813454335259,0.7440476190476191,1,168,1,1,1,1
1546,0592_c0001_005.jpg,592,0,-1,True,125,8550,0.7741760870135639,0.7142857142857143,1,175,1,1,1,1
1547,0592_c0001_010.jpg,592,0,-1,True,125,8550,0.7802404570023453,0.8116883116883117,1,154,1,1,1,1
1548,0592_c0001_015.jpg,592,0,-1,True,125,8550,0.7812450449708428,0.8278145695364238,1,151,1,1,1,1
1549,0592_c0001_020.jpg,592,0,-1,True,125,8550,0.7919542847867976,0.8333333333333334,1,150,1,1,1,1
1550,0592_c0002_000.jpg,592,1,-1,True,125,8550,0.9180357336050711,0.5952380952380952,1,210,1,1,1,1
1551,0592_c0002_005.jpg,592,1,-1,True,125,8550,0.9274682775393994,0.6067961165048543,1,206,1,1,1,1
1552,0592_c0002_010.jpg,592,1,-1,True,125,8550,0.9230526835139068,0.6067961165048543,1,206,1,1,1,1
1553,0592_c0002_015.jpg,592,1,-1,True,125,8550,0.9187164668578461,0.6097560975609756,1,205,1,1,1,1
1554,0592_c0002_020.jpg,592,1,-1,True,125,8550,0.9118035483205329,0.5555555555555556,1,225,1,1,1,1
1555,0592_c0003_000.jpg,592,2,-1,True,125,8550,0.6580806299120684,0.3263707571801567,1,383,1,1,1,1
1556,0592_c0003_005.jpg,592,2,-1,True,125,8550,0.8505355221865544,0.35410764872521244,1,353,1,1,1,1
1557,0592_c0003_010.jpg,592,2,-1,True,125,8550,0.8992114456303976,0.4340277777777778,1,288,1,1,1,1
1558,0592_c0003_015.jpg,592,2,-1,True,125,8550,0.8834909498375556,0.36656891495601174,1,341,1,1,1,1
1559,0592_c0003_020.jpg,592,2,-1,True,125,8550,0.8868437181294287,0.3799392097264438,1,329,1,1,1,1
1560,0592_c0005_000.jpg,592,4,-1,True,125,8550,0.9842486804199237,0.8445945945945946,1,148,1,1,1,1
1561,0592_c0005_005.jpg,592,4,-1,True,125,8550,0.9882767398547332,0.8278145695364238,1,151,1,1,1,1
1562,0592_c0005_010.jpg,592,4,-1,True,125,8550,0.9873679445773867,0.7575757575757576,1,165,1,1,1,1
1563,0592_c0005_015.jpg,592,4,-1,True,125,8550,0.9725446469917766,0.7352941176470589,1,170,1,1,1,1
1564,0592_c0005_020.jpg,592,4,-1,True,125,8550,0.9177466998417461,0.6868131868131868,1,182,1,1,1,1
1565,0592_c0006_000.jpg,592,5,-1,True,125,8550,0.9220702260182201,0.48638132295719844,1,257,1,1,1,1
1566,0592_c0006_005.jpg,592,5,-1,True,125,8550,0.8974940087668659,0.423728813559322,1,295,1,1,1,1
1567,0592_c0006_010.jpg,592,5,-1,True,125,8550,0.9226987925105262,0.5506607929515418,1,227,1,1,1,1
1568,0592_c0006_015.jpg,592,5,-1,True,125,8550,0.9253735812158553,0.625,1,200,1,1,1,1
1569,0592_c0006_020.jpg,592,5,-1,True,125,8550,0.9224284420367374,0.5813953488372093,1,215,1,1,1,1
1570,0592_c0007_000.jpg,592,6,-1,True,125,8550,0.959230991663857,0.625,1,200,1,1,1,1
1571,0592_c0007_005.jpg,592,6,-1,True,125,8550,0.9854570657207729,0.7440476190476191,1,168,1,1,1,1
1572,0592_c0007_010.jpg,592,6,-1,True,125,8550,0.9546608490452743,0.625,1,200,1,1,1,1
1573,0592_c0007_015.jpg,592,6,-1,True,125,8550,0.9782724770291229,0.6983240223463687,1,179,1,1,1,1
1574,0592_c0007_020.jpg,592,6,-1,True,125,8550,0.9842612825802364,0.702247191011236,1,178,1,1,1,1
1575,0594_c0001_000.jpg,594,0,-1,True,150,8550,0.9809356110200457,0.7575757575757576,1,198,1,1,1,1
1576,0594_c0001_005.jpg,594,0,-1,True,150,8550,0.9920108677294983,0.7731958762886598,1,194,1,1,1,1
1577,0594_c0001_010.jpg,594,0,-1,True,150,8550,0.9385684148787554,0.6,1,250,1,1,1,1
1578,0594_c0001_015.jpg,594,0,-1,True,150,8550,0.9459350813829602,0.6578947368421053,1,228,1,1,1,1
1579,0594_c0001_020.jpg,594,0,-1,True,150,8550,0.9967639825256748,0.872093023255814,1,172,1,1,1,1
1580,0594_c0002_000.jpg,594,1,-1,True,150,8550,1.0,1.0,1,150,1,1,1,1
1581,0594_c0002_005.jpg,594,1,-1,True,150,8550,1.0,1.0,1,150,1,1,1,1
1582,0594_c0002_010.jpg,594,1,-1,True,150,8550,1.0,1.0,1,150,1,1,1,1
1583,0594_c0002_015.jpg,594,1,-1,True,150,8550,1.0,1.0,1,150,1,1,1,1
1584,0594_c0002_020.jpg,594,1,-1,True,150,8550,1.0,1.0,1,150,1,1,1,1
1585,0594_c0003_000.jpg,594,2,-1,True,150,8550,0.9118578538290626,0.6666666666666666,1,225,1,1,1,1
1586,0594_c0003_005.jpg,594,2,-1,True,150,8550,0.9198787925403347,0.6666666666666666,1,225,1,1,1,1
1587,0594_c0003_010.jpg,594,2,-1,True,150,8550,0.9026303797640537,0.6666666666666666,1,225,1,1,1,1
1588,0594_c0003_015.jpg,594,2,-1,True,150,8550,0.9471570778116116,0.6818181818181818,1,220,1,1,1,1
1589,0594_c0003_020.jpg,594,2,-1,True,150,8550,0.9689928610005183,0.7142857142857143,1,210,1,1,1,1
1590,0594_c0005_000.jpg,594,4,-1,True,150,8550,1.0,1.0,1,150,1,1,1,1
1591,0594_c0005_005.jpg,594,4,-1,True,150,8550,1.0,1.0,1,150,1,1,1,1
1592,0594_c0005_010.jpg,594,4,-1,True,150,8550,1.0,1.0,1,150,1,1,1,1
1593,0594_c0005_015.jpg,594,4,-1,True,150,8550,1.0,1.0,1,150,1,1,1,1
1594,0594_c0005_020.jpg,594,4,-1,True,150,8550,1.0,1.0,1,150,1,1,1,1
1595,0594_c0006_000.jpg,594,5,-1,True,150,8550,1.0,1.0,1,150,1,1,1,1
1596,0594_c0006_005.jpg,594,5,-1,True,150,8550,1.0,1.0,1,150,1,1,1,1
1597,0594_c0006_010.jpg,594,5,-1,True,150,8550,1.0,1.0,1,150,1,1,1,1
1598,0594_c0006_015.jpg,594,5,-1,True,150,8550,1.0,1.0,1,150,1,1,1,1
1599,0594_c0006_020.jpg,594,5,-1,True,150,8550,1.0,1.0,1,150,1,1,1,1
1600,0594_c0007_000.jpg,594,6,-1,True,150,8550,1.0,1.0,1,150,1,1,1,1
1601,0594_c0007_005.jpg,594,6,-1,True,150,8550,1.0,1.0,1,150,1,1,1,1
1602,0594_c0007_010.jpg,594,6,-1,True,150,8550,0.9999558498896247,0.9933774834437086,1,151,1,1,1,1
1603,0594_c0007_015.jpg,594,6,-1,True,150,8550,1.0,1.0,1,150,1,1,1,1
1604,0594_c0007_020.jpg,594,6,-1,True,150,8550,1.0,1.0,1,150,1,1,1,1
1605,0594_c0008_000.jpg,594,7,-1,True,150,8550,0.9627913782761762,0.7537688442211056,1,199,1,1,1,1
1606,0594_c0008_005.jpg,594,7,-1,True,150,8550,0.9613018890205869,0.7389162561576355,1,203,1,1,1,1
1607,0594_c0008_010.jpg,594,7,-1,True,150,8550,0.9259858324544109,0.6437768240343348,1,233,1,1,1,1
1608,0594_c0008_015.jpg,594,7,-1,True,150,8550,0.9636628497042212,0.6578947368421053,1,228,1,1,1,1
1609,0594_c0008_020.jpg,594,7,-1,True,150,8550,0.9807891340020588,0.704225352112676,1,213,1,1,1,1
1610,0596_c0001_000.jpg,596,0,-1,True,175,8550,0.998531707423142,0.8793969849246231,1,199,1,1,1,1
1611,0596_c0001_005.jpg,596,0,-1,True,175,8550,1.0,1.0,1,175,1,1,1,1
1612,0596_c0001_010.jpg,596,0,-1,True,175,8550,0.9978198469393714,0.9067357512953368,1,193,1,1,1,1
1613,0596_c0001_015.jpg,596,0,-1,True,175,8550,0.9958969511182758,0.7847533632286996,1,223,1,1,1,1
1614,0596_c0001_020.jpg,596,0,-1,True,175,8550,0.9974732271090738,0.8373205741626795,1,209,1,1,1,1
1615,0596_c0002_000.jpg,596,1,-1,True,175,8550,0.9229636203713711,0.603448275862069,1,290,1,1,1,1
1616,0596_c0002_005.jpg,596,1,-1,True,175,8550,0.9377107537398339,0.8293838862559242,1,211,1,1,1,1
1617,0596_c0002_010.jpg,596,1,-1,True,175,8550,0.9527760460153591,0.7608695652173914,1,230,1,1,1,1
1618,0596_c0002_015.jpg,596,1,-1,True,175,8550,0.9024880922685007,0.45103092783505155,1,388,1,1,1,1
1619,0596_c0002_020.jpg,596,1,-1,True,175,8550,0.8948911266329664,0.4861111111111111,1,360,1,1,1,1
1620,0596_c0003_000.jpg,596,2,-1,True,175,8550,0.9889793196612271,0.7709251101321586,1,227,1,1,1,1
1621,0596_c0003_005.jpg,596,2,-1,True,175,8550,0.9561629209518602,0.5756578947368421,1,304,1,1,1,1
1622,0596_c0003_010.jpg,596,2,-1,True,175,8550,0.9513652840655633,0.5303030303030303,1,330,1,1,1,1
1623,0596_c0003_015.jpg,596,2,-1,True,175,8550,0.97639647193574,0.7,1,250,1,1,1,1
1624,0596_c0003_020.jpg,596,2,-1,True,175,8550,0.9878342785435952,0.7954545454545454,1,220,1,1,1,1
1625,0596_c0004_000.jpg,596,3,-1,True,175,8550,0.9664298631192284,0.6227758007117438,1,281,1,1,1,1
1626,0596_c0004_005.jpg,596,3,-1,True,175,8550,0.945780004706271,0.5287009063444109,1,331,1,1,1,1
1627,0596_c0004_010.jpg,596,3,-1,True,175,8550,0.9733477256491884,0.660377358490566,1,265,1,1,1,1
1628,0596_c0004_015.jpg,596,3,-1,True,175,8550,0.9724034177783915,0.6628787878787878,1,264,1,1,1,1
1629,0596_c0004_020.jpg,596,3,-1,True,175,8550,0.9745904823623193,0.6628787878787878,1,264,1,1,1,1
1630,0596_c0005_000.jpg,596,4,-1,True,175,8550,0.9752682525888212,0.5756578947368421,1,304,1,1,1,1
1631,0596_c0005_005.jpg,596,4,-1,True,175,8550,0.9986380170637937,0.9020618556701031,1,194,1,1,1,1
1632,0596_c0005_010.jpg,596,4,-1,True,175,8550,0.9579272593022733,0.43316831683168316,1,404,1,1,1,1
1633,0596_c0005_015.jpg,596,4,-1,True,175,8550,0.9732491256366831,0.49295774647887325,1,355,1,1,1,1
1634,0596_c0005_020.jpg,596,4,-1,True,175,8550,0.9133993040014797,0.3048780487804878,1,574,1,1,1,1
1635,0596_c0006_000.jpg,596,5,-1,True,175,8550,1.0,1.0,1,175,1,1,1,1
1636,0596_c0006_005.jpg,596,5,-1,True,175,8550,0.9999348794063079,0.9943181818181818,1,176,1,1,1,1
1637,0596_c0006_010.jpg,596,5,-1,True,175,8550,1.0,1.0,1,175,1,1,1,1
1638,0596_c0006_015.jpg,596,5,-1,True,175,8550,1.0,1.0,1,175,1,1,1,1
1639,0596_c0006_020.jpg,596,5,-1,True,175,8550,0.9999348794063079,0.9943181818181818,1,176,1,1,1,1
1640,0596_c0007_000.jpg,596,6,-1,True,175,8550,1.0,1.0,1,175,1,1,1,1
1641,0596_c0007_005.jpg,596,6,-1,True,175,8550,1.0,1.0,1,175,1,1,1,1
1642,0596_c0007_010.jpg,596,6,-1,True,175,8550,1.0,1.0,1,175,1,1,1,1
1643,0596_c0007_015.jpg,596,6,-1,True,175,8550,1.0,1.0,1,175,1,1,1,1
1644,0596_c0007_020.jpg,596,6,-1,True,175,8550,1.0,1.0,1,175,1,1,1,1
1645,0596_c0008_000.jpg,596,7,-1,True,175,8550,1.0,1.0,1,175,1,1,1,1
1646,0596_c0008_005.jpg,596,7,-1,True,175,8550,1.0,1.0,1,175,1,1,1,1
1647,0596_c0008_010.jpg,596,7,-1,True,175,8550,1.0,1.0,1,175,1,1,1,1
1648,0596_c0008_015.jpg,596,7,-1,True,175,8550,1.0,1.0,1,175,1,1,1,1
1649,0596_c0008_020.jpg,596,7,-1,True,175,8550,1.0,1.0,1,175,1,1,1,1
1650,0598_c0001_000.jpg,598,0,-1,True,100,8550,0.8302971687770097,0.3215434083601286,1,311,1,1,1,1
1651,0598_c0001_005.jpg,598,0,-1,True,100,8550,0.851613648799288,0.34965034965034963,1,286,1,1,1,1
1652,0598_c0001_010.jpg,598,0,-1,True,100,8550,0.8893805360614081,0.43859649122807015,1,228,1,1,1,1
1653,0598_c0001_015.jpg,598,0,-1,True,100,8550,0.932720485836477,0.6172839506172839,1,162,1,1,1,1
1654,0598_c0001_020.jpg,598,0,-1,True,100,8550,0.8500315339052945,0.390625,1,256,1,1,1,1
1655,0598_c0002_000.jpg,598,1,-1,True,100,8550,0.9975076551310329,0.9259259259259259,1,108,1,1,1,1
1656,0598_c0002_005.jpg,598,1,-1,True,100,8550,1.0,1.0,1,100,1,1,1,1
1657,0598_c0002_010.jpg,598,1,-1,True,100,8550,0.994975132852911,0.847457627118644,1,118,1,1,1,1
1658,0598_c0002_015.jpg,598,1,-1,True,100,8550,0.9647554122080182,0.6622516556291391,1,151,1,1,1,1
1659,0598_c0002_020.jpg,598,1,-1,True,100,8550,0.9982110998110614,0.9615384615384616,1,104,1,1,1,1
1660,0598_c0003_000.jpg,598,2,-1,True,100,8550,0.7995058869410948,0.3663003663003663,1,273,1,1,1,1
1661,0598_c0003_005.jpg,598,2,-1,True,100,8550,0.7502734829506177,0.3472222222222222,1,288,1,1,1,1
1662,0598_c0003_010.jpg,598,2,-1,True,100,8550,0.7491458838419003,0.3597122302158273,1,278,1,1,1,1
1663,0598_c0003_015.jpg,598,2,-1,True,100,8550,0.7316887517142816,0.3125,1,320,1,1,1,1
1664,0598_c0003_020.jpg,598,2,-1,True,100,8550,0.7061856704959736,0.29069767441860467,1,344,1,1,1,1
1665,0598_c0007_000.jpg,598,6,-1,True,100,8550,0.43377189156505763,0.16611295681063123,1,602,1,1,1,1
1666,0598_c0007_005.jpg,598,6,-1,True,100,8550,0.5926466555452264,0.1968503937007874,1,508,1,1,1,1
1667,0598_c0007_010.jpg,598,6,-1,True,100,8550,0.6692752585431695,0.19157088122605365,1,522,1,1,1,1
1668,0598_c0007_015.jpg,598,6,-1,True,100,8550,0.6620022795914859,0.18083182640144665,1,553,1,1,1,1
1669,0598_c0007_020.jpg,598,6,-1,True,100,8550,0.653177083306133,0.18115942028985507,1,552,1,1,1,1
1670,0598_c0008_000.jpg,598,7,-1,True,100,8550,0.6063441526175707,0.2808988764044944,1,356,1,1,1,1
1671,0598_c0008_005.jpg,598,7,-1,True,100,8550,0.7121929080494557,0.29673590504451036,1,337,1,1,1,1
1672,0598_c0008_010.jpg,598,7,-1,True,100,8550,0.7265109711658659,0.3058103975535168,1,327,1,1,1,1
1673,0598_c0008_015.jpg,598,7,-1,True,100,8550,0.7222856632669334,0.3048780487804878,1,328,1,1,1,1
1674,0598_c0008_020.jpg,598,7,-1,True,100,8550,0.7291997729940597,0.3058103975535168,1,327,1,1,1,1
1675,0600_c0001_000.jpg,600,0,-1,True,175,8550,0.8821006815036629,0.12263489838822705,1,1427,1,1,1,1
1676,0600_c0001_005.jpg,600,0,-1,True,175,8550,0.885123165167553,0.13503086419753085,1,1296,1,1,1,1
1677,0600_c0001_010.jpg,600,0,-1,True,175,8550,0.8594325017932352,0.10849349039057657,1,1613,1,1,1,1
1678,0600_c0001_015.jpg,600,0,-1,True,175,8550,0.8491133266827847,0.1259899208063355,1,1389,1,1,1,1
1679,0600_c0001_020.jpg,600,0,-1,True,175,8550,0.8836206003255034,0.12195121951219512,1,1435,1,1,1,1
1680,0600_c0002_000.jpg,600,1,-1,True,175,8550,0.2973620012068852,0.1144538914323087,37,1529,0,0,0,0
1681,0600_c0002_005.jpg,600,1,-1,True,175,8550,0.19292618562765548,0.07383966244725738,70,2370,0,0,0,0
1682,0600_c0002_010.jpg,600,1,-1,True,175,8550,0.10833009757881085,0.05163765122455002,169,3389,0,0,0,0
1683,0600_c0002_015.jpg,600,1,-1,True,175,8550,0.14211619189607394,0.07042253521126761,112,2485,0,0,0,0
1684,0600_c0002_020.jpg,600,1,-1,True,175,8550,0.1000568067401695,0.052615754660252555,128,3326,0,0,0,0
1685,0600_c0003_000.jpg,600,2,-1,True,175,8550,0.9626214870929238,0.6055363321799307,1,289,1,1,1,1
1686,0600_c0003_005.jpg,600,2,-1,True,175,8550,0.9720958575479972,0.6529850746268657,1,268,1,1,1,1
1687,0600_c0003_010.jpg,600,2,-1,True,175,8550,0.9812907133852221,0.7113821138211383,1,246,1,1,1,1
1688,0600_c0003_015.jpg,600,2,-1,True,175,8550,0.9795159089546958,0.7028112449799196,1,249,1,1,1,1
1689,0600_c0003_020.jpg,600,2,-1,True,175,8550,0.9805978509426403,0.6889763779527559,1,254,1,1,1,1
1690,0600_c0004_000.jpg,600,3,-1,True,175,8550,0.8615958440510464,0.11068943706514864,1,1581,1,1,1,1
1691,0600_c0004_005.jpg,600,3,-1,True,175,8550,0.8785393327936434,0.11666666666666667,1,1500,1,1,1,1
1692,0600_c0004_010.jpg,600,3,-1,True,175,8550,0.8366163948314067,0.08433734939759036,1,2075,1,1,1,1
1693,0600_c0004_015.jpg,600,3,-1,True,175,8550,0.8497196324719379,0.09378349410503752,1,1866,1,1,1,1
1694,0600_c0004_020.jpg,600,3,-1,True,175,8550,0.8691662817602397,0.11551155115511551,1,1515,1,1,1,1
1695,0600_c0005_000.jpg,600,4,-1,True,175,8550,0.8939742958483429,0.5401234567901234,1,324,1,1,1,1
1696,0600_c0005_005.jpg,600,4,-1,True,175,8550,0.9051768978527616,0.5627009646302251,1,311,1,1,1,1
1697,0600_c0005_010.jpg,600,4,-1,True,175,8550,0.9278990817415094,0.6272401433691757,1,279,1,1,1,1
1698,0600_c0005_015.jpg,600,4,-1,True,175,8550,0.8682272885307927,0.4430379746835443,1,395,1,1,1,1
1699,0600_c0005_020.jpg,600,4,-1,True,175,8550,0.9312894781667882,0.6756756756756757,1,259,1,1,1,1
1700,0600_c0006_000.jpg,600,5,-1,True,175,8550,0.9744978584339749,0.5972696245733788,1,293,1,1,1,1
1701,0600_c0006_005.jpg,600,5,-1,True,175,8550,0.9697402663763434,0.541795665634675,1,323,1,1,1,1
1702,0600_c0006_010.jpg,600,5,-1,True,175,8550,0.9637442065679714,0.5102040816326531,1,343,1,1,1,1
1703,0600_c0006_015.jpg,600,5,-1,True,175,8550,0.9704866784853211,0.5681818181818182,1,308,1,1,1,1
1704,0600_c0006_020.jpg,600,5,-1,True,175,8550,0.9714400925085741,0.6227758007117438,1,281,1,1,1,1
1705,0600_c0007_000.jpg,600,6,-1,True,175,8550,0.9145409582883115,0.24171270718232044,1,724,1,1,1,1
1706,0600_c0007_005.jpg,600,6,-1,True,175,8550,0.8994783805861697,0.1652502360717658,1,1059,1,1,1,1
1707,0600_c0007_010.jpg,600,6,-1,True,175,8550,0.9125526477987113,0.22905759162303665,1,764,1,1,1,1
1708,0600_c0007_015.jpg,600,6,-1,True,175,8550,0.9053389162109637,0.1937984496124031,1,903,1,1,1,1
1709,0600_c0007_020.jpg,600,6,-1,True,175,8550,0.8958933833838602,0.1736111111111111,1,1008,1,1,1,1
1710,0600_c0008_000.jpg,600,7,-1,True,175,8550,0.9043573566189743,0.18305439330543932,1,956,1,1,1,1
1711,0600_c0008_005.jpg,600,7,-1,True,175,8550,0.9167791651943964,0.2249357326478149,1,778,1,1,1,1
1712,0600_c0008_010.jpg,600,7,-1,True,175,8550,0.9197062405185122,0.22965879265091863,1,762,1,1,1,1
1713,0600_c0008_015.jpg,600,7,-1,True,175,8550,0.911052461176232,0.19863791146424517,1,881,1,1,1,1
1714,0600_c0008_020.jpg,600,7,-1,True,175,8550,0.9279109684012009,0.26119402985074625,1,670,1,1,1,1
