query_index,name,identity,camera,scene,valid,relevant_gallery,kept_gallery,AP,INP,first_match,last_match,Rank-1,Rank-5,Rank-10,Rank-20
0,0502_c0001_000.jpg,502,0,-1,True,175,8550,0.6651080405715019,0.23809523809523808,1,735,1,1,1,1
1,0502_c0001_005.jpg,502,0,-1,True,175,8550,0.5740134945406404,0.24271844660194175,4,721,0,1,1,1
2,0502_c0001_010.jpg,502,0,-1,True,175,8550,0.5584088462532548,0.22095959595959597,1,792,1,1,1,1
3,0502_c0001_015.jpg,502,0,-1,True,175,8550,0.6620336796782972,0.22935779816513763,1,763,1,1,1,1
4,0502_c0001_020.jpg,502,0,-1,True,175,8550,0.622869997826045,0.22697795071335927,1,771,1,1,1,1
5,0502_c0002_000.jpg,502,1,-1,True,175,8550,0.7811514605683879,0.2734375,1,640,1,1,1,1
6,0502_c0002_005.jpg,502,1,-1,True,175,8550,0.6478418876114074,0.3888888888888889,2,450,0,1,1,1
7,0502_c0002_010.jpg,502,1,-1,True,175,8550,0.6348694430940286,0.315884476534296,2,554,0,1,1,1
8,0502_c0002_015.jpg,502,1,-1,True,175,8550,0.6849709616580313,0.341796875,1,512,1,1,1,1
9,0502_c0002_020.jpg,502,1,-1,True,175,8550,0.8036676805912907,0.4781420765027322,1,366,1,1,1,1
10,0502_c0003_000.jpg,502,2,-1,True,175,8550,0.4571259531286364,0.14957264957264957,7,1170,0,0,1,1
11,0502_c0003_005.jpg,502,2,-1,True,175,8550,0.49194833767163443,0.1665080875356803,7,1051,0,0,1,1
12,0502_c0003_010.jpg,502,2,-1,True,175,8550,0.4166503891351884,0.14855687606112053,19,1178,0,0,0,1
13,0502_c0003_015.jpg,502,2,-1,True,175,8550,0.4579703510599536,0.16025641025641027,13,1092,0,0,0,1
14,0502_c0003_020.jpg,502,2,-1,True,175,8550,0.43268993859680954,0.15230635335073978,15,1149,0,0,0,1
15,0502_c0004_000.jpg,502,3,-1,True,175,8550,0.6499305254208584,0.15638963360142985,1,1119,1,1,1,1
16,0502_c0004_005.jpg,502,3,-1,True,175,8550,0.7755530387056327,0.1883745963401507,1,929,1,1,1,1
17,0502_c0004_010.jpg,502,3,-1,True,175,8550,0.8444247659745442,0.18421052631578946,1,950,1,1,1,1
18,0502_c0004_015.jpg,502,3,-1,True,175,8550,0.8348061614088155,0.1720747295968535,1,1017,1,1,1,1
19,0502_c0004_020.jpg,502,3,-1,True,175,8550,0.8080268292890992,0.1783893985728848,1,981,1,1,1,1
20,0502_c0005_000.jpg,502,4,-1,True,175,8550,0.7785555799533549,0.2966101694915254,1,590,1,1,1,1
21,0502_c0005_005.jpg,502,4,-1,True,175,8550,0.7707934051026041,0.29264214046822745,1,598,1,1,1,1
22,0502_c0005_010.jpg,502,4,-1,True,175,8550,0.7210072625495061,0.2764612954186414,1,633,1,1,1,1
23,0502_c0005_015.jpg,502,4,-1,True,175,8550,0.7635980728764309,0.2808988764044944,1,623,1,1,1,1
24,0502_c0005_020.jpg,502,4,-1,True,175,8550,0.8015609153405459,0.2921535893155259,1,599,1,1,1,1
25,0502_c0006_000.jpg,502,5,-1,True,175,8550,0.21439200997259344,0.10098095787651472,1,1733,1,1,1,1
26,0502_c0006_005.jpg,502,5,-1,True,175,8550,0.4209150839328317,0.14656616415410384,1,1194,1,1,1,1
27,0502_c0006_010.jpg,502,5,-1,True,175,8550,0.39707902051005495,0.1358695652173913,1,1288,1,1,1,1
28,0502_c0006_015.jpg,502,5,-1,True,175,8550,0.3533538967105692,0.1282991202346041,13,1364,0,0,0,1
29,0502_c0006_020.jpg,502,5,-1,True,175,8550,0.3021725288480512,0.12589928057553956,13,1390,0,0,0,1
30,0502_c0007_000.jpg,502,6,-1,True,175,8550,0.5656181892646374,0.24787535410764872,1,706,1,1,1,1
31,0502_c0007_005.jpg,502,6,-1,True,175,8550,0.7016649030195503,0.43859649122807015,1,399,1,1,1,1
32,0502_c0007_010.jpg,502,6,-1,True,175,8550,0.693183564713656,0.4032258064516129,1,434,1,1,1,1
33,0502_c0007_015.jpg,502,6,-1,True,175,8550,0.6694940332459755,0.33589251439539347,1,521,1,1,1,1
34,0502_c0007_020.jpg,502,6,-1,True,175,8550,0.6265814334052353,0.30701754385964913,1,570,1,1,1,1
35,0502_c0008_000.jpg,502,7,-1,True,175,8550,0.7954275444429082,0.22727272727272727,1,770,1,1,1,1
36,0502_c0008_005.jpg,502,7,-1,True,175,8550,0.8220712744378685,0.28,1,625,1,1,1,1
37,0502_c0008_010.jpg,502,7,-1,True,175,8550,0.8117571871051915,0.23648648648648649,1,740,1,1,1,1
38,0502_c0008_015.jpg,502,7,-1,True,175,8550,0.8128839410755163,0.2631578947368421,1,665,1,1,1,1
39,0502_c0008_020.jpg,502,7,-1,True,175,8550,0.7720241365733435,0.19553072625698323,1,895,1,1,1,1
40,0504_c0001_000.jpg,504,0,-1,True,150,8550,0.6255149727297453,0.22123893805309736,1,678,1,1,1,1
41,0504_c0001_005.jpg,504,0,-1,True,150,8550,0.5706734277459037,0.15856236786469344,1,946,1,1,1,1
42,0504_c0001_010.jpg,504,0,-1,True,150,8550,0.5887154780775411,0.1718213058419244,1,873,1,1,1,1
43,0504_c0001_015.jpg,504,0,-1,True,150,8550,0.529325547788771,0.15789473684210525,1,950,1,1,1,1
44,0504_c0001_020.jpg,504,0,-1,True,150,8550,0.5913081961530822,0.17543859649122806,1,855,1,1,1,1
45,0504_c0002_000.jpg,504,1,-1,True,150,8550,0.707181955967607,0.3393665158371041,1,442,1,1,1,1
46,0504_c0002_005.jpg,504,1,-1,True,150,8550,0.6907677842776546,0.3177966101694915,1,472,1,1,1,1
47,0504_c0002_010.jpg,504,1,-1,True,150,8550,0.7402540345824489,0.3605769230769231,1,416,1,1,1,1
48,0504_c0002_015.jpg,504,1,-1,True,150,8550,0.7493629837859154,0.4297994269340974,1,349,1,1,1,1
49,0504_c0002_020.jpg,504,1,-1,True,150,8550,0.8019277429706829,0.45871559633027525,1,327,1,1,1,1
50,0504_c0003_000.jpg,504,2,-1,True,150,8550,0.8270153408591371,0.5474452554744526,1,274,1,1,1,1
51,0504_c0003_005.jpg,504,2,-1,True,150,8550,0.7859703501464484,0.5905511811023622,2,254,0,1,1,1
52,0504_c0003_010.jpg,504,2,-1,True,150,8550,0.8490246302648015,0.5976095617529881,1,251,1,1,1,1
53,0504_c0003_015.jpg,504,2,-1,True,150,8550,0.8721305190635553,0.5976095617529881,1,251,1,1,1,1
54,0504_c0003_020.jpg,504,2,-1,True,150,8550,0.8958451903747428,0.6048387096774194,1,248,1,1,1,1
55,0504_c0005_000.jpg,504,4,-1,True,150,8550,0.6101927460578903,0.26595744680851063,1,564,1,1,1,1
56,0504_c0005_005.jpg,504,4,-1,True,150,8550,0.6408634814046491,0.3105590062111801,1,483,1,1,1,1
57,0504_c0005_010.jpg,504,4,-1,True,150,8550,0.6702583581834728,0.3401360544217687,1,441,1,1,1,1
58,0504_c0005_015.jpg,504,4,-1,True,150,8550,0.69909051077649,0.3401360544217687,1,441,1,1,1,1
59,0504_c0005_020.jpg,504,4,-1,True,150,8550,0.6936450521042345,0.3067484662576687,1,489,1,1,1,1
60,0504_c0006_000.jpg,504,5,-1,True,150,8550,0.9977468735346611,0.974025974025974,1,154,1,1,1,1
61,0504_c0006_005.jpg,504,5,-1,True,150,8550,0.9846496826854589,0.847457627118644,1,177,1,1,1,1
62,0504_c0006_010.jpg,504,5,-1,True,150,8550,0.9867185378741719,0.8620689655172413,1,174,1,1,1,1
63,0504_c0006_015.jpg,504,5,-1,True,150,8550,0.9803666623070262,0.819672131147541,1,183,1,1,1,1
64,0504_c0006_020.jpg,504,5,-1,True,150,8550,0.988963699018932,0.9036144578313253,1,166,1,1,1,1
65,0504_c0007_000.jpg,504,6,-1,True,150,8550,0.998830912577733,0.967741935483871,1,155,1,1,1,1
66,0504_c0007_005.jpg,504,6,-1,True,150,8550,0.9959150262400017,0.8982035928143712,1,167,1,1,1,1
67,0504_c0007_010.jpg,504,6,-1,True,150,8550,0.954477583876929,0.746268656716418,1,201,1,1,1,1
68,0504_c0007_015.jpg,504,6,-1,True,150,8550,0.9974078351840862,0.9202453987730062,1,163,1,1,1,1
69,0504_c0007_020.jpg,504,6,-1,True,150,8550,0.9993277503865577,0.974025974025974,1,154,1,1,1,1
70,0504_c0008_000.jpg,504,7,-1,True,150,8550,0.9856929147075921,0.8771929824561403,1,171,1,1,1,1
71,0504_c0008_005.jpg,504,7,-1,True,150,8550,0.9906668139623851,0.819672131147541,1,183,1,1,1,1
72,0504_c0008_010.jpg,504,7,-1,True,150,8550,0.9809049889376301,0.8064516129032258,1,186,1,1,1,1
73,0504_c0008_015.jpg,504,7,-1,True,150,8550,0.9720822240902843,0.7978723404255319,1,188,1,1,1,1
74,0504_c0008_020.jpg,504,7,-1,True,150,8550,0.9762905669803744,0.7894736842105263,1,190,1,1,1,1
75,0506_c0001_000.jpg,506,0,-1,True,175,8550,0.7982320584044227,0.6410256410256411,1,273,1,1,1,1
76,0506_c0001_005.jpg,506,0,-1,True,175,8550,0.8390770977504663,0.7028112449799196,1,249,1,1,1,1
77,0506_c0001_010.jpg,506,0,-1,True,175,8550,0.8097559154895348,0.6730769230769231,1,260,1,1,1,1
78,0506_c0001_015.jpg,506,0,-1,True,175,8550,0.8101677706020936,0.6097560975609756,1,287,1,1,1,1
79,0506_c0001_020.jpg,506,0,-1,True,175,8550,0.8001632865143687,0.6730769230769231,1,260,1,1,1,1
80,0506_c0002_000.jpg,506,1,-1,True,175,8550,0.8533234276515187,0.4985754985754986,1,351,1,1,1,1
81,0506_c0002_005.jpg,506,1,-1,True,175,8550,0.8660364941231838,0.5208333333333334,1,336,1,1,1,1
82,0506_c0002_010.jpg,506,1,-1,True,175,8550,0.8648487343174664,0.4985754985754986,1,351,1,1,1,1
83,0506_c0002_015.jpg,506,1,-1,True,175,8550,0.8064487982890272,0.541795665634675,1,323,1,1,1,1
84,0506_c0002_020.jpg,506,1,-1,True,175,8550,0.8559451569410623,0.541795665634675,1,323,1,1,1,1
85,0506_c0003_000.jpg,506,2,-1,True,175,8550,0.9229386509468126,0.7028112449799196,1,249,1,1,1,1
86,0506_c0003_005.jpg,506,2,-1,True,175,8550,0.9311566408996623,0.7847533632286996,1,223,1,1,1,1
87,0506_c0003_010.jpg,506,2,-1,True,175,8550,0.9175604211865711,0.6756756756756757,1,259,1,1,1,1
88,0506_c0003_015.jpg,506,2,-1,True,175,8550,0.9331648019431829,0.7231404958677686,1,242,1,1,1,1
89,0506_c0003_020.jpg,506,2,-1,True,175,8550,0.911199115387921,0.6161971830985915,1,284,1,1,1,1
90,0506_c0004_000.jpg,506,3,-1,True,175,8550,0.8326724908304063,0.4430379746835443,1,395,1,1,1,1
91,0506_c0004_005.jpg,506,3,-1,True,175,8550,0.9086863382672891,0.5737704918032787,1,305,1,1,1,1
92,0506_c0004_010.jpg,506,3,-1,True,175,8550,0.8786785240583728,0.603448275862069,1,290,1,1,1,1
93,0506_c0004_015.jpg,506,3,-1,True,175,8550,0.874395737733062,0.5813953488372093,1,301,1,1,1,1
94,0506_c0004_020.jpg,506,3,-1,True,175,8550,0.8613324042406242,0.5833333333333334,1,300,1,1,1,1
95,0506_c0005_000.jpg,506,4,-1,True,175,8550,0.5202254783266869,0.2600297176820208,1,673,1,1,1,1
96,0506_c0005_005.jpg,506,4,-1,True,175,8550,0.5251519379721923,0.2507163323782235,1,698,1,1,1,1
97,0506_c0005_010.jpg,506,4,-1,True,175,8550,0.5153507062298037,0.25547445255474455,1,685,1,1,1,1
98,0506_c0005_015.jpg,506,4,-1,True,175,8550,0.6127699410012221,0.2700617283950617,1,648,1,1,1,1
99,0506_c0005_020.jpg,506,4,-1,True,175,8550,0.5008782125597572,0.2692307692307692,1,650,1,1,1,1
100,0506_c0006_000.jpg,506,5,-1,True,175,8550,0.8896178404803754,0.33849129593810445,1,517,1,1,1,1
101,0506_c0006_005.jpg,506,5,-1,True,175,8550,0.9060541539635243,0.423728813559322,1,413,1,1,1,1
102,0506_c0006_010.jpg,506,5,-1,True,175,8550,0.9049252944061537,0.3812636165577342,1,459,1,1,1,1
103,0506_c0006_015.jpg,506,5,-1,True,175,8550,0.9109974075314481,0.46296296296296297,1,378,1,1,1,1
104,0506_c0006_020.jpg,506,5,-1,True,175,8550,0.9094579110096875,0.4257907542579075,1,411,1,1,1,1
105,0506_c0007_000.jpg,506,6,-1,True,175,8550,0.9556735806851657,0.7383966244725738,1,237,1,1,1,1
106,0506_c0007_005.jpg,506,6,-1,True,175,8550,0.9619720518334803,0.720164609053498,1,243,1,1,1,1
107,0506_c0007_010.jpg,506,6,-1,True,175,8550,0.9437275090523083,0.5718954248366013,1,306,1,1,1,1
108,0506_c0007_015.jpg,506,6,-1,True,175,8550,0.9382334175944259,0.5833333333333334,1,300,1,1,1,1
109,0506_c0007_020.jpg,506,6,-1,True,175,8550,0.9484178629925467,0.5608974358974359,1,312,1,1,1,1
110,0506_c0008_000.jpg,506,7,-1,True,175,8550,0.7244349456553427,0.2327127659574468,1,752,1,1,1,1
111,0506_c0008_005.jpg,506,7,-1,True,175,8550,0.7322825136817562,0.24238227146814403,1,722,1,1,1,1
112,0506_c0008_010.jpg,506,7,-1,True,175,8550,0.8269794349094475,0.27301092043681746,1,641,1,1,1,1
113,0506_c0008_015.jpg,506,7,-1,True,175,8550,0.8222851483581524,0.2786624203821656,1,628,1,1,1,1
114,0506_c0008_020.jpg,506,7,-1,True,175,8550,0.8394188308770728,0.2916666666666667,1,600,1,1,1,1
115,0508_c0001_000.jpg,508,0,-1,True,175,8550,0.5798640025798173,0.19146608315098468,1,914,1,1,1,1
116,0508_c0001_005.jpg,508,0,-1,True,175,8550,0.6479678404456432,0.23026315789473684,1,760,1,1,1,1
117,0508_c0001_010.jpg,508,0,-1,True,175,8550,0.5880371209966517,0.18343815513626835,1,954,1,1,1,1
118,0508_c0001_015.jpg,508,0,-1,True,175,8550,0.6034285592365835,0.20372526193247964,1,859,1,1,1,1
119,0508_c0001_020.jpg,508,0,-1,True,175,8550,0.5939901628439247,0.20161290322580644,1,868,1,1,1,1
120,0508_c0002_000.jpg,508,1,-1,True,175,8550,0.8766427935303013,0.43209876543209874,1,405,1,1,1,1
121,0508_c0002_005.jpg,508,1,-1,True,175,8550,0.8686624433014978,0.352112676056338,1,497,1,1,1,1
122,0508_c0002_010.jpg,508,1,-1,True,175,8550,0.8380496997498598,0.3113879003558719,1,562,1,1,1,1
123,0508_c0002_015.jpg,508,1,-1,True,175,8550,0.8750385239412789,0.44191919191919193,1,396,1,1,1,1
124,0508_c0002_020.jpg,508,1,-1,True,175,8550,0.8785068292996707,0.4768392370572207,1,367,1,1,1,1
125,0508_c0003_000.jpg,508,2,-1,True,175,8550,0.6564937965891298,0.37393162393162394,1,468,1,1,1,1
126,0508_c0003_005.jpg,508,2,-1,True,175,8550,0.6863420534310339,0.354251012145749,1,494,1,1,1,1
127,0508_c0003_010.jpg,508,2,-1,True,175,8550,0.6311457181608383,0.36610878661087864,1,478,1,1,1,1
128,0508_c0003_015.jpg,508,2,-1,True,175,8550,0.4790136709158748,0.34791252485089463,1,503,1,1,1,1
129,0508_c0003_020.jpg,508,2,-1,True,175,8550,0.5838218430129041,0.33849129593810445,1,517,1,1,1,1
130,0508_c0004_000.jpg,508,3,-1,True,175,8550,0.13905384298388349,0.12044046799724707,82,1453,0,0,0,0
131,0508_c0004_005.jpg,508,3,-1,True,175,8550,0.19757044771973584,0.20161290322580644,37,868,0,0,0,0
132,0508_c0004_010.jpg,508,3,-1,True,175,8550,0.19322825560687956,0.19640852974186307,31,891,0,0,0,0
133,0508_c0004_015.jpg,508,3,-1,True,175,8550,0.19848394005929193,0.19796380090497737,46,884,0,0,0,0
134,0508_c0004_020.jpg,508,3,-1,True,175,8550,0.16609544144783647,0.16990291262135923,57,1030,0,0,0,0
135,0508_c0005_000.jpg,508,4,-1,True,175,8550,0.8978971226543822,0.6433823529411765,1,272,1,1,1,1
136,0508_c0005_005.jpg,508,4,-1,True,175,8550,0.901271702127683,0.6809338521400778,1,257,1,1,1,1
137,0508_c0005_010.jpg,508,4,-1,True,175,8550,0.9170304703929073,0.5993150684931506,1,292,1,1,1,1
138,0508_c0005_015.jpg,508,4,-1,True,175,8550,0.8918129271254793,0.7322175732217573,1,239,1,1,1,1
139,0508_c0005_020.jpg,508,4,-1,True,175,8550,0.8874181723868717,0.6862745098039216,1,255,1,1,1,1
140,0508_c0006_000.jpg,508,5,-1,True,175,8550,0.39793577262621355,0.24373259052924792,1,718,1,1,1,1
141,0508_c0006_005.jpg,508,5,-1,True,175,8550,0.43217191195243687,0.2565982404692082,1,682,1,1,1,1
142,0508_c0006_010.jpg,508,5,-1,True,175,8550,0.45061130950058076,0.2936241610738255,1,596,1,1,1,1
143,0508_c0006_015.jpg,508,5,-1,True,175,8550,0.4297512573429775,0.3064798598949212,1,571,1,1,1,1
144,0508_c0006_020.jpg,508,5,-1,True,175,8550,0.4503419655041835,0.2503576537911302,1,699,1,1,1,1
145,0508_c0007_000.jpg,508,6,-1,True,175,8550,0.6979194664673863,0.1891891891891892,1,925,1,1,1,1
146,0508_c0007_005.jpg,508,6,-1,True,175,8550,0.6970252087107753,0.19751693002257337,1,886,1,1,1,1
147,0508_c0007_010.jpg,508,6,-1,True,175,8550,0.7588345940305976,0.20588235294117646,1,850,1,1,1,1
148,0508_c0007_015.jpg,508,6,-1,True,175,8550,0.7467973122586307,0.1946607341490545,1,899,1,1,1,1
149,0508_c0007_020.jpg,508,6,-1,True,175,8550,0.7168747390038906,0.19337016574585636,1,905,1,1,1,1
150,0508_c0008_000.jpg,508,7,-1,True,175,8550,0.762058810954742,0.2878289473684211,1,608,1,1,1,1
151,0508_c0008_005.jpg,508,7,-1,True,175,8550,0.7552248707001114,0.32287822878228783,1,542,1,1,1,1
152,0508_c0008_010.jpg,508,7,-1,True,175,8550,0.7054092587833373,0.3615702479338843,1,484,1,1,1,1
153,0508_c0008_015.jpg,508,7,-1,True,175,8550,0.7425705438547405,0.42475728155339804,1,412,1,1,1,1
154,0508_c0008_020.jpg,508,7,-1,True,175,8550,0.7538421288989564,0.38209606986899564,1,458,1,1,1,1
155,0510_c0001_000.jpg,510,0,-1,True,175,8550,0.678617028596097,0.25735294117647056,1,680,1,1,1,1
156,0510_c0001_005.jpg,510,0,-1,True,175,8550,0.7124321071015561,0.258493353028065,1,677,1,1,1,1
157,0510_c0001_010.jpg,510,0,-1,True,175,8550,0.6941858038607802,0.25697503671071953,1,681,1,1,1,1
158,0510_c0001_015.jpg,510,0,-1,True,175,8550,0.6530894770902268,0.2348993288590604,1,745,1,1,1,1
159,0510_c0001_020.jpg,510,0,-1,True,175,8550,0.6088794876306652,0.2887788778877888,1,606,1,1,1,1
160,0510_c0002_000.jpg,510,1,-1,True,175,8550,0.6955137577465719,0.20958083832335328,1,835,1,1,1,1
161,0510_c0002_005.jpg,510,1,-1,True,175,8550,0.6103293398498395,0.23744911804613297,1,737,1,1,1,1
162,0510_c0002_010.jpg,510,1,-1,True,175,8550,0.6111941746180506,0.22935779816513763,1,763,1,1,1,1
163,0510_c0002_015.jpg,510,1,-1,True,175,8550,0.5562485599827988,0.15597147950089127,1,1122,1,1,1,1
164,0510_c0002_020.jpg,510,1,-1,True,175,8550,0.5493920161651955,0.14534883720930233,1,1204,1,1,1,1
165,0510_c0003_000.jpg,510,2,-1,True,175,8550,0.7169615159352899,0.16924564796905223,1,1034,1,1,1,1
166,0510_c0003_005.jpg,510,2,-1,True,175,8550,0.6524480141845893,0.13801261829652997,1,1268,1,1,1,1
167,0510_c0003_010.jpg,510,2,-1,True,175,8550,0.6445385978407357,0.15099223468507333,1,1159,1,1,1,1
168,0510_c0003_015.jpg,510,2,-1,True,175,8550,0.6765014470408196,0.16762452107279693,1,1044,1,1,1,1
169,0510_c0003_020.jpg,510,2,-1,True,175,8550,0.631673671069712,0.14644351464435146,1,1195,1,1,1,1
170,0510_c0004_000.jpg,510,3,-1,True,175,8550,0.5947579465635823,0.24475524475524477,1,715,1,1,1,1
171,0510_c0004_005.jpg,510,3,-1,True,175,8550,0.6142322070678495,0.2619760479041916,1,668,1,1,1,1
172,0510_c0004_010.jpg,510,3,-1,True,175,8550,0.6610986253826147,0.2786624203821656,1,628,1,1,1,1
173,0510_c0004_015.jpg,510,3,-1,True,175,8550,0.5545546933959651,0.2717391304347826,1,644,1,1,1,1
174,0510_c0004_020.jpg,510,3,-1,True,175,8550,0.5931605985037812,0.2892561983471074,1,605,1,1,1,1
175,0510_c0005_000.jpg,510,4,-1,True,175,8550,0.2671119376473563,0.3006872852233677,25,582,0,0,0,0
176,0510_c0005_005.jpg,510,4,-1,True,175,8550,0.28298222645178434,0.30755711775043937,18,569,0,0,0,1
177,0510_c0005_010.jpg,510,4,-1,True,175,8550,0.2806209367467358,0.2565982404692082,56,682,0,0,0,0
178,0510_c0005_015.jpg,510,4,-1,True,175,8550,0.22479781114672015,0.274294670846395,62,638,0,0,0,0
179,0510_c0005_020.jpg,510,4,-1,True,175,8550,0.27357423570142014,0.28317152103559873,48,618,0,0,0,0
180,0510_c0006_000.jpg,510,5,-1,True,175,8550,0.7760119650987105,0.3017241379310345,1,580,1,1,1,1
181,0510_c0006_005.jpg,510,5,-1,True,175,8550,0.7011006702787276,0.3006872852233677,1,582,1,1,1,1
182,0510_c0006_010.jpg,510,5,-1,True,175,8550,0.6242833829476807,0.2631578947368421,1,665,1,1,1,1
183,0510_c0006_015.jpg,510,5,-1,True,175,8550,0.6465605179393383,0.2713178294573643,1,645,1,1,1,1
184,0510_c0006_020.jpg,510,5,-1,True,175,8550,0.6711664012107399,0.2883031301482702,1,607,1,1,1,1
185,0510_c0007_000.jpg,510,6,-1,True,175,8550,0.7871832574527658,0.3787878787878788,1,462,1,1,1,1
186,0510_c0007_005.jpg,510,6,-1,True,175,8550,0.7788502055846175,0.4088785046728972,1,428,1,1,1,1
187,0510_c0007_010.jpg,510,6,-1,True,175,8550,0.8849516803265395,0.38377192982456143,1,456,1,1,1,1
188,0510_c0007_015.jpg,510,6,-1,True,175,8550,0.879588515622772,0.41371158392434987,1,423,1,1,1,1
189,0510_c0007_020.jpg,510,6,-1,True,175,8550,0.8776557815075821,0.39149888143176736,1,447,1,1,1,1
190,0510_c0008_000.jpg,510,7,-1,True,175,8550,0.9845144420272579,0.8064516129032258,1,217,1,1,1,1
191,0510_c0008_005.jpg,510,7,-1,True,175,8550,0.9655981142410178,0.7882882882882883,1,222,1,1,1,1
192,0510_c0008_010.jpg,510,7,-1,True,175,8550,0.9444529662798627,0.8064516129032258,1,217,1,1,1,1
193,0510_c0008_015.jpg,510,7,-1,True,175,8550,0.9905330553781625,0.8333333333333334,1,210,1,1,1,1
194,0510_c0008_020.jpg,510,7,-1,True,175,8550,0.8764889302572922,0.6756756756756757,1,259,1,1,1,1
195,0512_c0001_000.jpg,512,0,-1,True,75,8550,0.8032151070952075,0.3640776699029126,1,206,1,1,1,1
196,0512_c0001_005.jpg,512,0,-1,True,75,8550,0.7656487317447184,0.35046728971962615,1,214,1,1,1,1
197,0512_c0001_010.jpg,512,0,-1,True,75,8550,0.7734122674068307,0.3640776699029126,1,206,1,1,1,1
198,0512_c0001_015.jpg,512,0,-1,True,75,8550,0.8060554593129836,0.35545023696682465,1,211,1,1,1,1
199,0512_c0001_020.jpg,512,0,-1,True,75,8550,0.9488011377418415,0.6147540983606558,1,122,1,1,1,1
200,0512_c0003_000.jpg,512,2,-1,True,75,8550,0.817298743807562,0.4966887417218543,1,151,1,1,1,1
201,0512_c0003_005.jpg,512,2,-1,True,75,8550,0.8203959497515828,0.4966887417218543,1,151,1,1,1,1
202,0512_c0003_010.jpg,512,2,-1,True,75,8550,0.8221973463657859,0.4966887417218543,1,151,1,1,1,1
203,0512_c0003_015.jpg,512,2,-1,True,75,8550,0.8655814312091165,0.5,1,150,1,1,1,1
204,0512_c0003_020.jpg,512,2,-1,True,75,8550,0.8517289429450404,0.5,1,150,1,1,1,1
205,0512_c0005_000.jpg,512,4,-1,True,75,8550,0.9349619405966001,0.528169014084507,1,142,1,1,1,1
206,0512_c0005_005.jpg,512,4,-1,True,75,8550,0.9822506171613932,0.8620689655172413,1,87,1,1,1,1
207,0512_c0005_010.jpg,512,4,-1,True,75,8550,0.9953206262106685,0.9036144578313253,1,83,1,1,1,1
208,0512_c0005_015.jpg,512,4,-1,True,75,8550,0.9629459126317399,0.6578947368421053,1,114,1,1,1,1
209,0512_c0005_020.jpg,512,4,-1,True,75,8550,1.0,1.0,1,75,1,1,1,1
210,0512_c0006_000.jpg,512,5,-1,True,75,8550,0.3464827165647783,0.13513513513513514,1,555,1,1,1,1
211,0512_c0006_005.jpg,512,5,-1,True,75,8550,0.3905596656215124,0.11078286558345643,1,677,1,1,1,1
212,0512_c0006_010.jpg,512,5,-1,True,75,8550,0.308280349980575,0.10885341074020319,8,689,0,0,1,1
213,0512_c0006_015.jpg,512,5,-1,True,75,8550,0.34143135422563015,0.125,1,600,1,1,1,1
214,0512_c0006_020.jpg,512,5,-1,True,75,8550,0.43870381244178974,0.09803921568627451,1,765,1,1,1,1
215,0514_c0001_000.jpg,514,0,-1,True,175,8550,0.19233798123342602,0.19640852974186307,76,891,0,0,0,0
216,0514_c0001_005.jpg,514,0,-1,True,175,8550,0.037205945018267184,0.053240036507453604,467,3287,0,0,0,0
217,0514_c0001_010.jpg,514,0,-1,True,175,8550,0.06409134589232596,0.06991610067918498,170,2503,0,0,0,0
218,0514_c0001_015.jpg,514,0,-1,True,175,8550,0.06004524129772527,0.07163323782234957,180,2443,0,0,0,0
219,0514_c0001_020.jpg,514,0,-1,True,175,8550,0.10741932109213345,0.12119113573407202,83,1444,0,0,0,0
220,0514_c0002_000.jpg,514,1,-1,True,175,8550,0.8763903566991602,0.5718954248366013,1,306,1,1,1,1
221,0514_c0002_005.jpg,514,1,-1,True,175,8550,0.8703858349964974,0.625,1,280,1,1,1,1
222,0514_c0002_010.jpg,514,1,-1,True,175,8550,0.8638557696316498,0.5813953488372093,1,301,1,1,1,1
223,0514_c0002_015.jpg,514,1,-1,True,175,8550,0.8946184675816253,0.6653992395437263,1,263,1,1,1,1
224,0514_c0002_020.jpg,514,1,-1,True,175,8550,0.8804433969213713,0.5852842809364549,1,299,1,1,1,1
225,0514_c0003_000.jpg,514,2,-1,True,175,8550,0.8861399984234142,0.34930139720558884,1,501,1,1,1,1
226,0514_c0003_005.jpg,514,2,-1,True,175,8550,0.874534951876515,0.3404669260700389,1,514,1,1,1,1
227,0514_c0003_010.jpg,514,2,-1,True,175,8550,0.8471489767268524,0.264750378214826,1,661,1,1,1,1
228,0514_c0003_015.jpg,514,2,-1,True,175,8550,0.8419133042924684,0.27301092043681746,1,641,1,1,1,1
229,0514_c0003_020.jpg,514,2,-1,True,175,8550,0.8711432868152188,0.30755711775043937,1,569,1,1,1,1
230,0514_c0004_000.jpg,514,3,-1,True,175,8550,0.9462270286810416,0.3333333333333333,1,525,1,1,1,1
231,0514_c0004_005.jpg,514,3,-1,True,175,8550,0.9496261676966248,0.36082474226804123,1,485,1,1,1,1
232,0514_c0004_010.jpg,514,3,-1,True,175,8550,0.9430662611222485,0.33269961977186313,1,526,1,1,1,1
233,0514_c0004_015.jpg,514,3,-1,True,175,8550,0.9398160665840516,0.33269961977186313,1,526,1,1,1,1
234,0514_c0004_020.jpg,514,3,-1,True,175,8550,0.93306995821445,0.29914529914529914,1,585,1,1,1,1
235,0514_c0005_000.jpg,514,4,-1,True,175,8550,0.9357302131409475,0.44191919191919193,1,396,1,1,1,1
236,0514_c0005_005.jpg,514,4,-1,True,175,8550,0.9352471783270582,0.4430379746835443,1,395,1,1,1,1
237,0514_c0005_010.jpg,514,4,-1,True,175,8550,0.9360112845556195,0.44871794871794873,1,390,1,1,1,1
238,0514_c0005_015.jpg,514,4,-1,True,175,8550,0.9313112162884541,0.42168674698795183,1,415,1,1,1,1
239,0514_c0005_020.jpg,514,4,-1,True,175,8550,0.9290573550519663,0.4032258064516129,1,434,1,1,1,1
240,0514_c0006_000.jpg,514,5,-1,True,175,8550,0.9159017727301109,0.2916666666666667,1,600,1,1,1,1
241,0514_c0006_005.jpg,514,5,-1,True,175,8550,0.9222515260322469,0.34860557768924305,1,502,1,1,1,1
242,0514_c0006_010.jpg,514,5,-1,True,175,8550,0.924443949558966,0.3653444676409186,1,479,1,1,1,1
243,0514_c0006_015.jpg,514,5,-1,True,175,8550,0.9222800655896897,0.35353535353535354,1,495,1,1,1,1
244,0514_c0006_020.jpg,514,5,-1,True,175,8550,0.9229867715740299,0.3615702479338843,1,484,1,1,1,1
245,0514_c0007_000.jpg,514,6,-1,True,175,8550,0.9312349019974805,0.36610878661087864,1,478,1,1,1,1
246,0514_c0007_005.jpg,514,6,-1,True,175,8550,0.9333695507410432,0.3684210526315789,1,475,1,1,1,1
247,0514_c0007_010.jpg,514,6,-1,True,175,8550,0.9326306840346332,0.3691983122362869,1,474,1,1,1,1
248,0514_c0007_015.jpg,514,6,-1,True,175,8550,0.9380138978016448,0.38209606986899564,1,458,1,1,1,1
249,0514_c0007_020.jpg,514,6,-1,True,175,8550,0.9319053192505276,0.3723404255319149,1,470,1,1,1,1
250,0514_c0008_000.jpg,514,7,-1,True,175,8550,0.9373293143685258,0.4679144385026738,1,374,1,1,1,1
251,0514_c0008_005.jpg,514,7,-1,True,175,8550,0.9443032592651411,0.5028735632183908,1,348,1,1,1,1
252,0514_c0008_010.jpg,514,7,-1,True,175,8550,0.9376415587017126,0.4375,1,400,1,1,1,1
253,0514_c0008_015.jpg,514,7,-1,True,175,8550,0.9533721156253137,0.5833333333333334,1,300,1,1,1,1
254,0514_c0008_020.jpg,514,7,-1,True,175,8550,0.9488075537553258,0.5608974358974359,1,312,1,1,1,1
255,0516_c0001_000.jpg,516,0,-1,True,75,8550,0.602263913535727,0.5434782608695652,3,138,0,1,1,1
256,0516_c0001_005.jpg,516,0,-1,True,75,8550,0.6241422102976852,0.6521739130434783,4,115,0,1,1,1
257,0516_c0001_010.jpg,516,0,-1,True,75,8550,0.652977695950356,0.6578947368421053,2,114,0,1,1,1
258,0516_c0001_015.jpg,516,0,-1,True,75,8550,0.5008128927142633,0.5597014925373134,16,134,0,0,0,1
259,0516_c0001_020.jpg,516,0,-1,True,75,8550,0.4053063202318477,0.375,31,200,0,0,0,0
260,0516_c0003_000.jpg,516,2,-1,True,75,8550,0.3432140387806018,0.1681614349775785,10,446,0,0,1,1
261,0516_c0003_005.jpg,516,2,-1,True,75,8550,0.4198581432398113,0.20107238605898123,10,373,0,0,1,1
262,0516_c0003_010.jpg,516,2,-1,True,75,8550,0.6829682675211479,0.3218884120171674,1,233,1,1,1,1
263,0516_c0003_015.jpg,516,2,-1,True,75,8550,0.4847410356811639,0.23148148148148148,7,324,0,0,1,1
264,0516_c0003_020.jpg,516,2,-1,True,75,8550,0.29421011672145814,0.176056338028169,25,426,0,0,0,0
265,0516_c0005_000.jpg,516,4,-1,True,75,8550,0.9893314511462595,0.8241758241758241,1,91,1,1,1,1
266,0516_c0005_005.jpg,516,4,-1,True,75,8550,0.9928981261398949,0.8620689655172413,1,87,1,1,1,1
267,0516_c0005_010.jpg,516,4,-1,True,75,8550,0.9824202241095458,0.7978723404255319,1,94,1,1,1,1
268,0516_c0005_015.jpg,516,4,-1,True,75,8550,0.9835627235616162,0.7978723404255319,1,94,1,1,1,1
269,0516_c0005_020.jpg,516,4,-1,True,75,8550,0.9967373141656247,0.9259259259259259,1,81,1,1,1,1
270,0516_c0006_000.jpg,516,5,-1,True,75,8550,0.8948752087309376,0.5555555555555556,1,135,1,1,1,1
271,0516_c0006_005.jpg,516,5,-1,True,75,8550,0.8466533003243467,0.5514705882352942,1,136,1,1,1,1
272,0516_c0006_010.jpg,516,5,-1,True,75,8550,0.878518531581015,0.6198347107438017,1,121,1,1,1,1
273,0516_c0006_015.jpg,516,5,-1,True,75,8550,0.8401312903143575,0.43352601156069365,1,173,1,1,1,1
274,0516_c0006_020.jpg,516,5,-1,True,75,8550,0.8178375118573512,0.43859649122807015,1,171,1,1,1,1
275,0518_c0001_000.jpg,518,0,-1,True,100,8550,0.19665440165560097,0.24813895781637718,26,403,0,0,0,0
276,0518_c0001_005.jpg,518,0,-1,True,100,8550,0.17582651236688437,0.24449877750611246,37,409,0,0,0,0
277,0518_c0001_010.jpg,518,0,-1,True,100,8550,0.1872817912785998,0.24154589371980675,26,414,0,0,0,0
278,0518_c0001_015.jpg,518,0,-1,True,100,8550,0.18151687676376382,0.24875621890547264,27,402,0,0,0,0
279,0518_c0001_020.jpg,518,0,-1,True,100,8550,0.22803682976997475,0.2570694087403599,26,389,0,0,0,0
280,0518_c0002_000.jpg,518,1,-1,True,100,8550,0.6107596492353602,0.8,13,125,0,0,0,1
281,0518_c0002_005.jpg,518,1,-1,True,100,8550,0.6965389228817779,0.7874015748031497,3,127,0,1,1,1
282,0518_c0002_010.jpg,518,1,-1,True,100,8550,0.6396307680732584,0.7874015748031497,5,127,0,1,1,1
283,0518_c0002_015.jpg,518,1,-1,True,100,8550,0.7232057116990397,0.8,2,125,0,1,1,1
284,0518_c0002_020.jpg,518,1,-1,True,100,8550,0.7201104524774031,0.8,2,125,0,1,1,1
285,0518_c0003_000.jpg,518,2,-1,True,100,8550,0.18948100028488582,0.25316455696202533,35,395,0,0,0,0
286,0518_c0003_005.jpg,518,2,-1,True,100,8550,0.4021589850510621,0.26455026455026454,1,378,1,1,1,1
287,0518_c0003_010.jpg,518,2,-1,True,100,8550,0.46649981958308956,0.3115264797507788,1,321,1,1,1,1
288,0518_c0003_015.jpg,518,2,-1,True,100,8550,0.5545611001145095,0.3597122302158273,1,278,1,1,1,1
289,0518_c0003_020.jpg,518,2,-1,True,100,8550,0.5190261926046273,0.35587188612099646,1,281,1,1,1,1
290,0518_c0005_000.jpg,518,4,-1,True,100,8550,0.5670632624674409,0.35714285714285715,1,280,1,1,1,1
291,0518_c0005_005.jpg,518,4,-1,True,100,8550,0.588086799265331,0.3875968992248062,1,258,1,1,1,1
292,0518_c0005_010.jpg,518,4,-1,True,100,8550,0.6326526197099931,0.3831417624521073,1,261,1,1,1,1
293,0518_c0005_015.jpg,518,4,-1,True,100,8550,0.6405843887278302,0.38461538461538464,1,260,1,1,1,1
294,0518_c0005_020.jpg,518,4,-1,True,100,8550,0.646764650577297,0.3861003861003861,1,259,1,1,1,1
295,0518_c0006_000.jpg,518,5,-1,True,100,8550,0.6534338061706806,0.29239766081871343,1,342,1,1,1,1
296,0518_c0006_005.jpg,518,5,-1,True,100,8550,0.6747124593330613,0.3058103975535168,1,327,1,1,1,1
297,0518_c0006_010.jpg,518,5,-1,True,100,8550,0.6656519794354019,0.3058103975535168,1,327,1,1,1,1
298,0518_c0006_015.jpg,518,5,-1,True,100,8550,0.6706573742924198,0.30959752321981426,1,323,1,1,1,1
299,0518_c0006_020.jpg,518,5,-1,True,100,8550,0.6510975733641533,0.30120481927710846,1,332,1,1,1,1
300,0520_c0001_000.jpg,520,0,-1,True,150,8550,0.42714831637724093,0.3054989816700611,1,491,1,1,1,1
301,0520_c0001_005.jpg,520,0,-1,True,150,8550,0.4271709249121732,0.3,1,500,1,1,1,1
302,0520_c0001_010.jpg,520,0,-1,True,150,8550,0.4069329135836344,0.25996533795493937,1,577,1,1,1,1
303,0520_c0001_015.jpg,520,0,-1,True,150,8550,0.4312561026422232,0.2982107355864811,1,503,1,1,1,1
304,0520_c0001_020.jpg,520,0,-1,True,150,8550,0.4401294434543911,0.3401360544217687,1,441,1,1,1,1
305,0520_c0002_000.jpg,520,1,-1,True,150,8550,0.9788083084622652,0.6607929515418502,1,227,1,1,1,1
306,0520_c0002_005.jpg,520,1,-1,True,150,8550,0.967422701355373,0.6818181818181818,1,220,1,1,1,1
307,0520_c0002_010.jpg,520,1,-1,True,150,8550,0.9587893729462735,0.6276150627615062,1,239,1,1,1,1
308,0520_c0002_015.jpg,520,1,-1,True,150,8550,0.9675592421472872,0.6147540983606558,1,244,1,1,1,1
309,0520_c0002_020.jpg,520,1,-1,True,150,8550,0.977897403968735,0.5681818181818182,1,264,1,1,1,1
310,0520_c0004_000.jpg,520,3,-1,True,150,8550,0.9787403743223547,0.6410256410256411,1,234,1,1,1,1
311,0520_c0004_005.jpg,520,3,-1,True,150,8550,0.9914994573795726,0.7075471698113207,1,212,1,1,1,1
312,0520_c0004_010.jpg,520,3,-1,True,150,8550,0.9935072173199461,0.7177033492822966,1,209,1,1,1,1
313,0520_c0004_015.jpg,520,3,-1,True,150,8550,0.9821669739942372,0.6818181818181818,1,220,1,1,1,1
314,0520_c0004_020.jpg,520,3,-1,True,150,8550,0.9737985920368059,0.6787330316742082,1,221,1,1,1,1
315,0520_c0005_000.jpg,520,4,-1,True,150,8550,0.5639829888765606,0.3416856492027335,1,439,1,1,1,1
316,0520_c0005_005.jpg,520,4,-1,True,150,8550,0.5265251469429131,0.3282275711159737,1,457,1,1,1,1
317,0520_c0005_010.jpg,520,4,-1,True,150,8550,0.4519407657985291,0.3171247357293869,1,473,1,1,1,1
318,0520_c0005_015.jpg,520,4,-1,True,150,8550,0.43546060014181925,0.32537960954446854,1,461,1,1,1,1
319,0520_c0005_020.jpg,520,4,-1,True,150,8550,0.449503687604888,0.3246753246753247,1,462,1,1,1,1
320,0520_c0006_000.jpg,520,5,-1,True,150,8550,1.0,1.0,1,150,1,1,1,1
321,0520_c0006_005.jpg,520,5,-1,True,150,8550,1.0,1.0,1,150,1,1,1,1
322,0520_c0006_010.jpg,520,5,-1,True,150,8550,1.0,1.0,1,150,1,1,1,1
323,0520_c0006_015.jpg,520,5,-1,True,150,8550,1.0,1.0,1,150,1,1,1,1
324,0520_c0006_020.jpg,520,5,-1,True,150,8550,1.0,1.0,1,150,1,1,1,1
325,0520_c0007_000.jpg,520,6,-1,True,150,8550,1.0,1.0,1,150,1,1,1,1
326,0520_c0007_005.jpg,520,6,-1,True,150,8550,1.0,1.0,1,150,1,1,1,1
327,0520_c0007_010.jpg,520,6,-1,True,150,8550,0.9994895985593769,0.9433962264150944,1,159,1,1,1,1
328,0520_c0007_015.jpg,520,6,-1,True,150,8550,0.9926866906785036,0.8670520231213873,1,173,1,1,1,1
329,0520_c0007_020.jpg,520,6,-1,True,150,8550,0.9998268398268398,0.974025974025974,1,154,1,1,1,1
330,0520_c0008_000.jpg,520,7,-1,True,150,8550,0.9898310307582024,0.7389162561576355,1,203,1,1,1,1
331,0520_c0008_005.jpg,520,7,-1,True,150,8550,0.9757374449274168,0.6122448979591837,1,245,1,1,1,1
332,0520_c0008_010.jpg,520,7,-1,True,150,8550,0.9684964215766886,0.5474452554744526,1,274,1,1,1,1
333,0520_c0008_015.jpg,520,7,-1,True,150,8550,1.0,1.0,1,150,1,1,1,1
334,0520_c0008_020.jpg,520,7,-1,True,150,8550,0.9964753724822333,0.8426966292134831,1,178,1,1,1,1
335,0522_c0001_000.jpg,522,0,-1,True,150,8550,0.4255980538095719,0.04256526674233825,1,3524,1,1,1,1
336,0522_c0001_005.jpg,522,0,-1,True,150,8550,0.37191673681791587,0.04447079750963534,1,3373,1,1,1,1
337,0522_c0001_010.jpg,522,0,-1,True,150,8550,0.38087132951245894,0.04054054054054054,1,3700,1,1,1,1
338,0522_c0001_015.jpg,522,0,-1,True,150,8550,0.37703397233489355,0.04291845493562232,1,3495,1,1,1,1
339,0522_c0001_020.jpg,522,0,-1,True,150,8550,0.3575692423527637,0.04306632213608958,1,3483,1,1,1,1
340,0522_c0002_000.jpg,522,1,-1,True,150,8550,0.37012917147250357,0.039359748097612175,1,3811,1,1,1,1
341,0522_c0002_005.jpg,522,1,-1,True,150,8550,0.4173939813925394,0.044736057262153295,1,3353,1,1,1,1
342,0522_c0002_010.jpg,522,1,-1,True,150,8550,0.38142886829594563,0.051440329218107,2,2916,0,1,1,1
343,0522_c0002_015.jpg,522,1,-1,True,150,8550,0.42152599158407195,0.04715498270983967,1,3181,1,1,1,1
344,0522_c0002_020.jpg,522,1,-1,True,150,8550,0.4196760354353402,0.04876462938881664,2,3076,0,1,1,1
345,0522_c0004_000.jpg,522,3,-1,True,150,8550,0.3526906513299064,0.08412787436904094,1,1783,1,1,1,1
346,0522_c0004_005.jpg,522,3,-1,True,150,8550,0.3557717914860925,0.0778816199376947,1,1926,1,1,1,1
347,0522_c0004_010.jpg,522,3,-1,True,150,8550,0.3840179206770627,0.07598784194528875,1,1974,1,1,1,1
348,0522_c0004_015.jpg,522,3,-1,True,150,8550,0.3986252405654242,0.07849293563579278,1,1911,1,1,1,1
349,0522_c0004_020.jpg,522,3,-1,True,150,8550,0.38571572947196925,0.08264462809917356,1,1815,1,1,1,1
350,0522_c0005_000.jpg,522,4,-1,True,150,8550,0.015552594278894893,0.023237800154918668,2878,6455,0,0,0,0
351,0522_c0005_005.jpg,522,4,-1,True,150,8550,0.017687872440483022,0.026242127361791462,2687,5716,0,0,0,0
352,0522_c0005_010.jpg,522,4,-1,True,150,8550,0.016394027987616498,0.02610966057441253,2798,5745,0,0,0,0
353,0522_c0005_015.jpg,522,4,-1,True,150,8550,0.017264562457894914,0.026881720430107527,2882,5580,0,0,0,0
354,0522_c0005_020.jpg,522,4,-1,True,150,8550,0.018274471237179388,0.02819548872180451,3033,5320,0,0,0,0
355,0522_c0006_000.jpg,522,5,-1,True,150,8550,0.5014643825883895,0.036425449247207385,1,4118,1,1,1,1
356,0522_c0006_005.jpg,522,5,-1,True,150,8550,0.3689553685947639,0.035285815102328866,1,4251,1,1,1,1
357,0522_c0006_010.jpg,522,5,-1,True,150,8550,0.4571951607599768,0.03640776699029126,1,4120,1,1,1,1
358,0522_c0006_015.jpg,522,5,-1,True,150,8550,0.5057421715176225,0.0355534486845224,1,4219,1,1,1,1
359,0522_c0006_020.jpg,522,5,-1,True,150,8550,0.4158993312319248,0.037294878170064646,1,4022,1,1,1,1
360,0522_c0007_000.jpg,522,6,-1,True,150,8550,0.23110493475271815,0.0573175391669851,12,2617,0,0,0,1
361,0522_c0007_005.jpg,522,6,-1,True,150,8550,0.19367890582542727,0.05555555555555555,25,2700,0,0,0,0
362,0522_c0007_010.jpg,522,6,-1,True,150,8550,0.24975793351087902,0.05795981452859351,10,2588,0,0,1,1
363,0522_c0007_015.jpg,522,6,-1,True,150,8550,0.25659118024049166,0.05705591479650057,9,2629,0,0,1,1
364,0522_c0007_020.jpg,522,6,-1,True,150,8550,0.22905406459746047,0.048559404337973455,5,3089,0,1,1,1
365,0522_c0008_000.jpg,522,7,-1,True,150,8550,0.6416195753223817,0.035236081747709654,1,4257,1,1,1,1
366,0522_c0008_005.jpg,522,7,-1,True,150,8550,0.7311503215731641,0.03636363636363636,1,4125,1,1,1,1
367,0522_c0008_010.jpg,522,7,-1,True,150,8550,0.4818417995512779,0.03425439598081754,1,4379,1,1,1,1
368,0522_c0008_015.jpg,522,7,-1,True,150,8550,0.49301697239910025,0.034005894355021535,1,4411,1,1,1,1
369,0522_c0008_020.jpg,522,7,-1,True,150,8550,0.6024529866349438,0.03433279926756695,1,4369,1,1,1,1
370,0524_c0001_000.jpg,524,0,-1,True,175,8550,0.9034568336101593,0.46174142480211083,1,379,1,1,1,1
371,0524_c0001_005.jpg,524,0,-1,True,175,8550,0.9014571128319192,0.41371158392434987,1,423,1,1,1,1
372,0524_c0001_010.jpg,524,0,-1,True,175,8550,0.9479792360482512,0.5177514792899408,1,338,1,1,1,1
373,0524_c0001_015.jpg,524,0,-1,True,175,8550,0.9677480555472056,0.631768953068592,1,277,1,1,1,1
374,0524_c0001_020.jpg,524,0,-1,True,175,8550,0.9631708905515132,0.587248322147651,1,298,1,1,1,1
375,0524_c0002_000.jpg,524,1,-1,True,175,8550,0.9405616971544327,0.5972696245733788,1,293,1,1,1,1
376,0524_c0002_005.jpg,524,1,-1,True,175,8550,0.805334622581195,0.4654255319148936,1,376,1,1,1,1
377,0524_c0002_010.jpg,524,1,-1,True,175,8550,0.8803943620777764,0.49157303370786515,1,356,1,1,1,1
378,0524_c0002_015.jpg,524,1,-1,True,175,8550,0.8626626415394049,0.5663430420711975,1,309,1,1,1,1
379,0524_c0002_020.jpg,524,1,-1,True,175,8550,0.936717517816374,0.6809338521400778,1,257,1,1,1,1
380,0524_c0003_000.jpg,524,2,-1,True,175,8550,0.9814614659217588,0.8663366336633663,1,202,1,1,1,1
381,0524_c0003_005.jpg,524,2,-1,True,175,8550,0.9221065925228069,0.5627009646302251,1,311,1,1,1,1
382,0524_c0003_010.jpg,524,2,-1,True,175,8550,0.8848995668616435,0.5072463768115942,1,345,1,1,1,1
383,0524_c0003_015.jpg,524,2,-1,True,175,8550,0.9113151261214628,0.546875,1,320,1,1,1,1
384,0524_c0003_020.jpg,524,2,-1,True,175,8550,0.9063777215119567,0.5608974358974359,1,312,1,1,1,1
385,0524_c0004_000.jpg,524,3,-1,True,175,8550,0.8924355038134874,0.40415704387990764,1,433,1,1,1,1
386,0524_c0004_005.jpg,524,3,-1,True,175,8550,0.8791556291055279,0.40229885057471265,1,435,1,1,1,1
387,0524_c0004_010.jpg,524,3,-1,True,175,8550,0.8790799755592089,0.3691983122362869,1,474,1,1,1,1
388,0524_c0004_015.jpg,524,3,-1,True,175,8550,0.821760720657094,0.3252788104089219,1,538,1,1,1,1
389,0524_c0004_020.jpg,524,3,-1,True,175,8550,0.8420909239805839,0.33849129593810445,1,517,1,1,1,1
390,0524_c0005_000.jpg,524,4,-1,True,175,8550,0.8972244502455825,0.6529850746268657,1,268,1,1,1,1
391,0524_c0005_005.jpg,524,4,-1,True,175,8550,0.9855406093757275,0.7028112449799196,1,249,1,1,1,1
392,0524_c0005_010.jpg,524,4,-1,True,175,8550,0.9691394384743622,0.7,1,250,1,1,1,1
393,0524_c0005_015.jpg,524,4,-1,True,175,8550,0.9474439261379473,0.6862745098039216,1,255,1,1,1,1
394,0524_c0005_020.jpg,524,4,-1,True,175,8550,0.957487014503256,0.6972111553784861,1,251,1,1,1,1
395,0524_c0006_000.jpg,524,5,-1,True,175,8550,0.9538166852448668,0.5591054313099042,1,313,1,1,1,1
396,0524_c0006_005.jpg,524,5,-1,True,175,8550,0.9564080476710098,0.5833333333333334,1,300,1,1,1,1
397,0524_c0006_010.jpg,524,5,-1,True,175,8550,0.9649476749781849,0.6363636363636364,1,275,1,1,1,1
398,0524_c0006_015.jpg,524,5,-1,True,175,8550,0.9359571556059165,0.5663430420711975,1,309,1,1,1,1
399,0524_c0006_020.jpg,524,5,-1,True,175,8550,0.9508726877829784,0.546875,1,320,1,1,1,1
400,0524_c0007_000.jpg,524,6,-1,True,175,8550,0.8104884182018128,0.3022452504317789,1,579,1,1,1,1
401,0524_c0007_005.jpg,524,6,-1,True,175,8550,0.9204725882922749,0.5737704918032787,1,305,1,1,1,1
402,0524_c0007_010.jpg,524,6,-1,True,175,8550,0.9086806429238069,0.6055363321799307,1,289,1,1,1,1
403,0524_c0007_015.jpg,524,6,-1,True,175,8550,0.8899286510050287,0.6097560975609756,1,287,1,1,1,1
404,0524_c0007_020.jpg,524,6,-1,True,175,8550,0.8914945694332476,0.5192878338278932,1,337,1,1,1,1
405,0524_c0008_000.jpg,524,7,-1,True,175,8550,1.0,1.0,1,175,1,1,1,1
406,0524_c0008_005.jpg,524,7,-1,True,175,8550,0.9998723064644852,0.9776536312849162,1,179,1,1,1,1
407,0524_c0008_010.jpg,524,7,-1,True,175,8550,0.9673570372499692,0.4888268156424581,1,358,1,1,1,1
408,0524_c0008_015.jpg,524,7,-1,True,175,8550,0.9730096353189294,0.5319148936170213,1,329,1,1,1,1
409,0524_c0008_020.jpg,524,7,-1,True,175,8550,0.9938318504270137,0.6410256410256411,1,273,1,1,1,1
410,0526_c0001_000.jpg,526,0,-1,True,50,8550,0.05347607898060551,0.04329004329004329,112,1155,0,0,0,0
411,0526_c0001_005.jpg,526,0,-1,True,50,8550,0.049893997592721354,0.04677268475210477,133,1069,0,0,0,0
412,0526_c0001_010.jpg,526,0,-1,True,50,8550,0.07177434504206341,0.055991041433370664,75,893,0,0,0,0
413,0526_c0001_015.jpg,526,0,-1,True,50,8550,0.0728576410933824,0.0590318772136954,102,847,0,0,0,0
414,0526_c0001_020.jpg,526,0,-1,True,50,8550,0.15695103924822523,0.11904761904761904,48,420,0,0,0,0
415,0526_c0003_000.jpg,526,2,-1,True,50,8550,0.06690014995421363,0.021422450728363324,89,2334,0,0,0,0
416,0526_c0003_005.jpg,526,2,-1,True,50,8550,0.06898164415828,0.028425241614553724,109,1759,0,0,0,0
417,0526_c0003_010.jpg,526,2,-1,True,50,8550,0.06691348589590501,0.026497085320614733,115,1887,0,0,0,0
418,0526_c0003_015.jpg,526,2,-1,True,50,8550,0.06835293172416022,0.026709401709401708,114,1872,0,0,0,0
419,0526_c0003_020.jpg,526,2,-1,True,50,8550,0.07263159335626652,0.03306878306878307,99,1512,0,0,0,0
420,0526_c0005_000.jpg,526,4,-1,True,50,8550,0.20615130984591024,0.053304904051172705,24,938,0,0,0,0
421,0526_c0005_005.jpg,526,4,-1,True,50,8550,0.2112605901104223,0.05417118093174431,14,923,0,0,0,1
422,0526_c0005_010.jpg,526,4,-1,True,50,8550,0.19908635323186888,0.04830917874396135,23,1035,0,0,0,0
423,0526_c0005_015.jpg,526,4,-1,True,50,8550,0.17871948071928523,0.04042037186742118,8,1237,0,0,1,1
424,0526_c0005_020.jpg,526,4,-1,True,50,8550,0.2146216220702567,0.04844961240310078,6,1032,0,0,1,1
425,0528_c0001_000.jpg,528,0,-1,True,150,8550,0.8658795510200654,0.5681818181818182,1,264,1,1,1,1
426,0528_c0001_005.jpg,528,0,-1,True,150,8550,0.8337385510498803,0.487012987012987,1,308,1,1,1,1
427,0528_c0001_010.jpg,528,0,-1,True,150,8550,0.8086988965095961,0.3605769230769231,1,416,1,1,1,1
428,0528_c0001_015.jpg,528,0,-1,True,150,8550,0.8533423412455211,0.4424778761061947,1,339,1,1,1,1
429,0528_c0001_020.jpg,528,0,-1,True,150,8550,0.8703805266000171,0.5208333333333334,1,288,1,1,1,1
430,0528_c0002_000.jpg,528,1,-1,True,150,8550,0.12868239487977642,0.1372369624885636,110,1093,0,0,0,0
431,0528_c0002_005.jpg,528,1,-1,True,150,8550,0.12562937505085714,0.13169446883230904,104,1139,0,0,0,0
432,0528_c0002_010.jpg,528,1,-1,True,150,8550,0.12810953619563803,0.13146362839614373,109,1141,0,0,0,0
433,0528_c0002_015.jpg,528,1,-1,True,150,8550,0.09260958683285914,0.07507507507507508,260,1998,0,0,0,0
434,0528_c0002_020.jpg,528,1,-1,True,150,8550,0.10163248417742977,0.09168704156479218,190,1636,0,0,0,0
435,0528_c0003_000.jpg,528,2,-1,True,150,8550,0.6490521506128314,0.28735632183908044,1,522,1,1,1,1
436,0528_c0003_005.jpg,528,2,-1,True,150,8550,0.6091835052921545,0.26929982046678635,1,557,1,1,1,1
437,0528_c0003_010.jpg,528,2,-1,True,150,8550,0.6193166693316471,0.26223776223776224,1,572,1,1,1,1
438,0528_c0003_015.jpg,528,2,-1,True,150,8550,0.6783227082351522,0.27223230490018147,1,551,1,1,1,1
439,0528_c0003_020.jpg,528,2,-1,True,150,8550,0.7365701693318333,0.2782931354359926,1,539,1,1,1,1
440,0528_c0004_000.jpg,528,3,-1,True,150,8550,0.9329654365689464,0.5338078291814946,1,281,1,1,1,1
441,0528_c0004_005.jpg,528,3,-1,True,150,8550,0.8794845480718853,0.4601226993865031,1,326,1,1,1,1
442,0528_c0004_010.jpg,528,3,-1,True,150,8550,0.9293488551654431,0.5300353356890459,1,283,1,1,1,1
443,0528_c0004_015.jpg,528,3,-1,True,150,8550,0.9194504242366113,0.47318611987381703,1,317,1,1,1,1
444,0528_c0004_020.jpg,528,3,-1,True,150,8550,0.9317565083366729,0.5172413793103449,1,290,1,1,1,1
445,0528_c0005_000.jpg,528,4,-1,True,150,8550,0.5481868870924287,0.1388888888888889,1,1080,1,1,1,1
446,0528_c0005_005.jpg,528,4,-1,True,150,8550,0.6061380247512652,0.14749262536873156,1,1017,1,1,1,1
447,0528_c0005_010.jpg,528,4,-1,True,150,8550,0.5875098166080744,0.13297872340425532,1,1128,1,1,1,1
448,0528_c0005_015.jpg,528,4,-1,True,150,8550,0.5816340566944719,0.13204225352112675,1,1136,1,1,1,1
449,0528_c0005_020.jpg,528,4,-1,True,150,8550,0.546099634839654,0.13009540329575023,1,1153,1,1,1,1
450,0528_c0006_000.jpg,528,5,-1,True,150,8550,0.6377467565669626,0.37593984962406013,1,399,1,1,1,1
451,0528_c0006_005.jpg,528,5,-1,True,150,8550,0.6343249868656913,0.36764705882352944,1,408,1,1,1,1
452,0528_c0006_010.jpg,528,5,-1,True,150,8550,0.6352017213856344,0.36496350364963503,1,411,1,1,1,1
453,0528_c0006_015.jpg,528,5,-1,True,150,8550,0.6522396017557691,0.3712871287128713,1,404,1,1,1,1
454,0528_c0006_020.jpg,528,5,-1,True,150,8550,0.7171182958043761,0.4225352112676056,1,355,1,1,1,1
455,0528_c0007_000.jpg,528,6,-1,True,150,8550,0.8153730829230529,0.3856041131105398,1,389,1,1,1,1
456,0528_c0007_005.jpg,528,6,-1,True,150,8550,0.8149474016522381,0.3640776699029126,1,412,1,1,1,1
457,0528_c0007_010.jpg,528,6,-1,True,150,8550,0.8245412871936948,0.4132231404958678,1,363,1,1,1,1
458,0528_c0007_015.jpg,528,6,-1,True,150,8550,0.8198432169153334,0.4178272980501393,1,359,1,1,1,1
459,0528_c0007_020.jpg,528,6,-1,True,150,8550,0.8229059795060264,0.39577836411609496,1,379,1,1,1,1
460,0530_c0001_000.jpg,530,0,-1,True,150,8550,0.35101041786562415,0.21037868162692847,2,713,0,1,1,1
461,0530_c0001_005.jpg,530,0,-1,True,150,8550,0.40909104004142194,0.2332814930015552,1,643,1,1,1,1
462,0530_c0001_010.jpg,530,0,-1,True,150,8550,0.47049662930347275,0.28790786948176583,1,521,1,1,1,1
463,0530_c0001_015.jpg,530,0,-1,True,150,8550,0.39846549716180213,0.2742230347349177,8,547,0,0,1,1
464,0530_c0001_020.jpg,530,0,-1,True,150,8550,0.3613436140242408,0.234375,6,640,0,0,1,1
465,0530_c0002_000.jpg,530,1,-1,True,150,8550,0.6662103119624185,0.47468354430379744,1,316,1,1,1,1
466,0530_c0002_005.jpg,530,1,-1,True,150,8550,0.5631612373593301,0.45317220543806647,1,331,1,1,1,1
467,0530_c0002_010.jpg,530,1,-1,True,150,8550,0.42712262527935363,0.45317220543806647,3,331,0,1,1,1
468,0530_c0002_015.jpg,530,1,-1,True,150,8550,0.5318720940147972,0.45180722891566266,1,332,1,1,1,1
469,0530_c0002_020.jpg,530,1,-1,True,150,8550,0.5494808014238944,0.44642857142857145,1,336,1,1,1,1
470,0530_c0003_000.jpg,530,2,-1,True,150,8550,0.4935630992245395,0.2,1,750,1,1,1,1
471,0530_c0003_005.jpg,530,2,-1,True,150,8550,0.5711157741098729,0.1989389920424403,1,754,1,1,1,1
472,0530_c0003_010.jpg,530,2,-1,True,150,8550,0.44562223068685436,0.18796992481203006,1,798,1,1,1,1
473,0530_c0003_015.jpg,530,2,-1,True,150,8550,0.4454018851439816,0.18679950186799502,3,803,0,1,1,1
474,0530_c0003_020.jpg,530,2,-1,True,150,8550,0.6348775928852523,0.19455252918287938,1,771,1,1,1,1
475,0530_c0004_000.jpg,530,3,-1,True,150,8550,0.8005872209850843,0.4322766570605187,1,347,1,1,1,1
476,0530_c0004_005.jpg,530,3,-1,True,150,8550,0.7818906627256924,0.37220843672456577,1,403,1,1,1,1
477,0530_c0004_010.jpg,530,3,-1,True,150,8550,0.7130060159592595,0.3597122302158273,1,417,1,1,1,1
478,0530_c0004_015.jpg,530,3,-1,True,150,8550,0.7670518390663584,0.4065040650406504,1,369,1,1,1,1
479,0530_c0004_020.jpg,530,3,-1,True,150,8550,0.6907357955189108,0.4143646408839779,1,362,1,1,1,1
480,0530_c0005_000.jpg,530,4,-1,True,150,8550,0.7516817037588812,0.4983388704318937,1,301,1,1,1,1
481,0530_c0005_005.jpg,530,4,-1,True,150,8550,0.7910560207127791,0.3836317135549872,1,391,1,1,1,1
482,0530_c0005_010.jpg,530,4,-1,True,150,8550,0.6668925321591496,0.4702194357366771,1,319,1,1,1,1
483,0530_c0005_015.jpg,530,4,-1,True,150,8550,0.655136283169409,0.5376344086021505,1,279,1,1,1,1
484,0530_c0005_020.jpg,530,4,-1,True,150,8550,0.6858461346579919,0.5338078291814946,1,281,1,1,1,1
485,0530_c0006_000.jpg,530,5,-1,True,150,8550,0.783376094005055,0.3080082135523614,1,487,1,1,1,1
486,0530_c0006_005.jpg,530,5,-1,True,150,8550,0.7949961214446722,0.28846153846153844,1,520,1,1,1,1
487,0530_c0006_010.jpg,530,5,-1,True,150,8550,0.804954416452251,0.3067484662576687,1,489,1,1,1,1
488,0530_c0006_015.jpg,530,5,-1,True,150,8550,0.790187355535575,0.3488372093023256,1,430,1,1,1,1
489,0530_c0006_020.jpg,530,5,-1,True,150,8550,0.8143456700502912,0.3067484662576687,1,489,1,1,1,1
490,0530_c0008_000.jpg,530,7,-1,True,150,8550,0.41711186466780664,0.42134831460674155,8,356,0,0,1,1
491,0530_c0008_005.jpg,530,7,-1,True,150,8550,0.4187941959729529,0.4155124653739612,4,361,0,1,1,1
492,0530_c0008_010.jpg,530,7,-1,True,150,8550,0.394262954915855,0.410958904109589,3,365,0,1,1,1
493,0530_c0008_015.jpg,530,7,-1,True,150,8550,0.388105485613897,0.4087193460490463,3,367,0,1,1,1
494,0530_c0008_020.jpg,530,7,-1,True,150,8550,0.4488832620421916,0.33783783783783783,1,444,1,1,1,1
495,0532_c0001_000.jpg,532,0,-1,True,175,8550,1.0,1.0,1,175,1,1,1,1
496,0532_c0001_005.jpg,532,0,-1,True,175,8550,1.0,1.0,1,175,1,1,1,1
497,0532_c0001_010.jpg,532,0,-1,True,175,8550,1.0,1.0,1,175,1,1,1,1
498,0532_c0001_015.jpg,532,0,-1,True,175,8550,1.0,1.0,1,175,1,1,1,1
499,0532_c0001_020.jpg,532,0,-1,True,175,8550,1.0,1.0,1,175,1,1,1,1
500,0532_c0002_000.jpg,532,1,-1,True,175,8550,0.8484225933036675,0.708502024291498,1,247,1,1,1,1
501,0532_c0002_005.jpg,532,1,-1,True,175,8550,0.8427232638057577,0.6862745098039216,1,255,1,1,1,1
502,0532_c0002_010.jpg,532,1,-1,True,175,8550,0.8899175464290041,0.6972111553784861,1,251,1,1,1,1
503,0532_c0002_015.jpg,532,1,-1,True,175,8550,0.8685394711251323,0.7291666666666666,1,240,1,1,1,1
504,0532_c0002_020.jpg,532,1,-1,True,175,8550,0.802406989127379,0.6628787878787878,1,264,1,1,1,1
505,0532_c0003_000.jpg,532,2,-1,True,175,8550,0.7751104397054892,0.26717557251908397,1,655,1,1,1,1
506,0532_c0003_005.jpg,532,2,-1,True,175,8550,0.7625962706854206,0.26595744680851063,1,658,1,1,1,1
507,0532_c0003_010.jpg,532,2,-1,True,175,8550,0.7940059061030699,0.2615844544095665,1,669,1,1,1,1
508,0532_c0003_015.jpg,532,2,-1,True,175,8550,0.7565941918885469,0.26758409785932724,1,654,1,1,1,1
509,0532_c0003_020.jpg,532,2,-1,True,175,8550,0.7881714235612919,0.2976190476190476,1,588,1,1,1,1
510,0532_c0004_000.jpg,532,3,-1,True,175,8550,0.8483362596166781,0.37154989384288745,1,471,1,1,1,1
511,0532_c0004_005.jpg,532,3,-1,True,175,8550,0.8317376265392058,0.4050925925925926,1,432,1,1,1,1
512,0532_c0004_010.jpg,532,3,-1,True,175,8550,0.9087474201292938,0.5087209302325582,1,344,1,1,1,1
513,0532_c0004_015.jpg,532,3,-1,True,175,8550,0.9269437466980179,0.5384615384615384,1,325,1,1,1,1
514,0532_c0004_020.jpg,532,3,-1,True,175,8550,0.9541871873476485,0.6410256410256411,1,273,1,1,1,1
515,0532_c0005_000.jpg,532,4,-1,True,175,8550,1.0,1.0,1,175,1,1,1,1
516,0532_c0005_005.jpg,532,4,-1,True,175,8550,1.0,1.0,1,175,1,1,1,1
517,0532_c0005_010.jpg,532,4,-1,True,175,8550,1.0,1.0,1,175,1,1,1,1
518,0532_c0005_015.jpg,532,4,-1,True,175,8550,1.0,1.0,1,175,1,1,1,1
519,0532_c0005_020.jpg,532,4,-1,True,175,8550,1.0,1.0,1,175,1,1,1,1
520,0532_c0006_000.jpg,532,5,-1,True,175,8550,0.9599499524908977,0.7352941176470589,1,238,1,1,1,1
521,0532_c0006_005.jpg,532,5,-1,True,175,8550,0.9999348794063079,0.9943181818181818,1,176,1,1,1,1
522,0532_c0006_010.jpg,532,5,-1,True,175,8550,0.9866655356228156,0.8536585365853658,1,205,1,1,1,1
523,0532_c0006_015.jpg,532,5,-1,True,175,8550,0.9896621159046363,0.8373205741626795,1,209,1,1,1,1
524,0532_c0006_020.jpg,532,5,-1,True,175,8550,0.9982803446726275,0.9510869565217391,1,184,1,1,1,1
525,0532_c0007_000.jpg,532,6,-1,True,175,8550,0.993417584960892,0.8454106280193237,1,207,1,1,1,1
526,0532_c0007_005.jpg,532,6,-1,True,175,8550,0.9953153498082814,0.8663366336633663,1,202,1,1,1,1
527,0532_c0007_010.jpg,532,6,-1,True,175,8550,0.9980686263418144,0.9358288770053476,1,187,1,1,1,1
528,0532_c0007_015.jpg,532,6,-1,True,175,8550,0.9858331663193433,0.78125,1,224,1,1,1,1
529,0532_c0007_020.jpg,532,6,-1,True,175,8550,0.9929843280112894,0.8413461538461539,1,208,1,1,1,1
530,0532_c0008_000.jpg,532,7,-1,True,175,8550,0.7648453706786359,0.27216174183514774,1,643,1,1,1,1
531,0532_c0008_005.jpg,532,7,-1,True,175,8550,0.7515584424063925,0.2692307692307692,1,650,1,1,1,1
532,0532_c0008_010.jpg,532,7,-1,True,175,8550,0.7384968434772158,0.26395173453996984,1,663,1,1,1,1
533,0532_c0008_015.jpg,532,7,-1,True,175,8550,0.6911372523667274,0.2627627627627628,1,666,1,1,1,1
534,0532_c0008_020.jpg,532,7,-1,True,175,8550,0.7964215668549137,0.3113879003558719,1,562,1,1,1,1
535,0534_c0001_000.jpg,534,0,-1,True,150,8550,0.854777187476073,0.1762632197414806,1,851,1,1,1,1
536,0534_c0001_005.jpg,534,0,-1,True,150,8550,0.8452030281593825,0.1740139211136891,1,862,1,1,1,1
537,0534_c0001_010.jpg,534,0,-1,True,150,8550,0.8451243528022946,0.1756440281030445,1,854,1,1,1,1
538,0534_c0001_015.jpg,534,0,-1,True,150,8550,0.8561712961795943,0.18050541516245489,1,831,1,1,1,1
539,0534_c0001_020.jpg,534,0,-1,True,150,8550,0.8242890742315315,0.16429353778751368,1,913,1,1,1,1
540,0534_c0002_000.jpg,534,1,-1,True,150,8550,0.5148861528849851,0.42735042735042733,1,351,1,1,1,1
541,0534_c0002_005.jpg,534,1,-1,True,150,8550,0.5301130807502807,0.43859649122807015,1,342,1,1,1,1
542,0534_c0002_010.jpg,534,1,-1,True,150,8550,0.5895028285849618,0.4918032786885246,1,305,1,1,1,1
543,0534_c0002_015.jpg,534,1,-1,True,150,8550,0.6517236877023964,0.4807692307692308,1,312,1,1,1,1
544,0534_c0002_020.jpg,534,1,-1,True,150,8550,0.6080448674832313,0.45592705167173253,1,329,1,1,1,1
545,0534_c0004_000.jpg,534,3,-1,True,150,8550,0.7527295857153088,0.15789473684210525,1,950,1,1,1,1
546,0534_c0004_005.jpg,534,3,-1,True,150,8550,0.7565159000943971,0.16759776536312848,1,895,1,1,1,1
547,0534_c0004_010.jpg,534,3,-1,True,150,8550,0.7701785372073611,0.2051983584131327,1,731,1,1,1,1
548,0534_c0004_015.jpg,534,3,-1,True,150,8550,0.7704253914119616,0.195822454308094,1,766,1,1,1,1
549,0534_c0004_020.jpg,534,3,-1,True,150,8550,0.8199643529398069,0.25125628140703515,1,597,1,1,1,1
550,0534_c0005_000.jpg,534,4,-1,True,150,8550,0.85788277353619,0.20380434782608695,1,736,1,1,1,1
551,0534_c0005_005.jpg,534,4,-1,True,150,8550,0.8577918159892767,0.19788918205804748,1,758,1,1,1,1
552,0534_c0005_010.jpg,534,4,-1,True,150,8550,0.8538079184881743,0.1937984496124031,1,774,1,1,1,1
553,0534_c0005_015.jpg,534,4,-1,True,150,8550,0.8676435502314461,0.21156558533145275,1,709,1,1,1,1
554,0534_c0005_020.jpg,534,4,-1,True,150,8550,0.8683298578855287,0.20718232044198895,1,724,1,1,1,1
555,0534_c0006_000.jpg,534,5,-1,True,150,8550,0.9221732435950446,0.7211538461538461,1,208,1,1,1,1
556,0534_c0006_005.jpg,534,5,-1,True,150,8550,0.9687638910380173,0.7425742574257426,1,202,1,1,1,1
557,0534_c0006_010.jpg,534,5,-1,True,150,8550,0.9209483902703749,0.7317073170731707,1,205,1,1,1,1
558,0534_c0006_015.jpg,534,5,-1,True,150,8550,0.9457194113483812,0.6198347107438017,1,242,1,1,1,1
559,0534_c0006_020.jpg,534,5,-1,True,150,8550,0.9454806129670711,0.6493506493506493,1,231,1,1,1,1
560,0534_c0007_000.jpg,534,6,-1,True,150,8550,0.8802845420575479,0.2329192546583851,1,644,1,1,1,1
561,0534_c0007_005.jpg,534,6,-1,True,150,8550,0.8383459152634308,0.18495684340320592,1,811,1,1,1,1
562,0534_c0007_010.jpg,534,6,-1,True,150,8550,0.8417748542279152,0.18867924528301888,1,795,1,1,1,1
563,0534_c0007_015.jpg,534,6,-1,True,150,8550,0.8515394659035678,0.19973368841544606,1,751,1,1,1,1
564,0534_c0007_020.jpg,534,6,-1,True,150,8550,0.8731365471118471,0.22658610271903323,1,662,1,1,1,1
565,0534_c0008_000.jpg,534,7,-1,True,150,8550,0.8672162923110621,0.20161290322580644,1,744,1,1,1,1
566,0534_c0008_005.jpg,534,7,-1,True,150,8550,0.8570467324052741,0.1937984496124031,1,774,1,1,1,1
567,0534_c0008_010.jpg,534,7,-1,True,150,8550,0.8631645828438688,0.1986754966887417,1,755,1,1,1,1
568,0534_c0008_015.jpg,534,7,-1,True,150,8550,0.8519407585351952,0.18137847642079807,1,827,1,1,1,1
569,0534_c0008_020.jpg,534,7,-1,True,150,8550,0.8656069465603804,0.19455252918287938,1,771,1,1,1,1
570,0536_c0001_000.jpg,536,0,-1,True,75,8550,0.4408077956472663,0.10578279266572638,1,709,1,1,1,1
571,0536_c0001_005.jpg,536,0,-1,True,75,8550,0.2812108242283592,0.10273972602739725,9,730,0,0,1,1
572,0536_c0001_010.jpg,536,0,-1,True,75,8550,0.4237076283848676,0.10578279266572638,1,709,1,1,1,1
573,0536_c0001_015.jpg,536,0,-1,True,75,8550,0.39870012405041955,0.10344827586206896,1,725,1,1,1,1
574,0536_c0001_020.jpg,536,0,-1,True,75,8550,0.43065312160288777,0.1048951048951049,1,715,1,1,1,1
575,0536_c0002_000.jpg,536,1,-1,True,75,8550,0.7940668240080416,0.15991471215351813,1,469,1,1,1,1
576,0536_c0002_005.jpg,536,1,-1,True,75,8550,0.6634193587463338,0.24916943521594684,1,301,1,1,1,1
577,0536_c0002_010.jpg,536,1,-1,True,75,8550,0.798893882666708,0.23961661341853036,1,313,1,1,1,1
578,0536_c0002_015.jpg,536,1,-1,True,75,8550,0.884425354639027,0.195822454308094,1,383,1,1,1,1
579,0536_c0002_020.jpg,536,1,-1,True,75,8550,0.849917960244149,0.20604395604395603,1,364,1,1,1,1
580,0536_c0005_000.jpg,536,4,-1,True,75,8550,0.5938287667139316,0.17857142857142858,1,420,1,1,1,1
581,0536_c0005_005.jpg,536,4,-1,True,75,8550,0.6576446271441604,0.2054794520547945,1,365,1,1,1,1
582,0536_c0005_010.jpg,536,4,-1,True,75,8550,0.6296451958517516,0.1773049645390071,1,423,1,1,1,1
583,0536_c0005_015.jpg,536,4,-1,True,75,8550,0.5422014870362273,0.14478764478764478,1,518,1,1,1,1
584,0536_c0005_020.jpg,536,4,-1,True,75,8550,0.5397641041966279,0.14591439688715954,1,514,1,1,1,1
585,0536_c0006_000.jpg,536,5,-1,True,75,8550,0.04241118951745491,0.05961844197138315,403,1258,0,0,0,0
586,0536_c0006_005.jpg,536,5,-1,True,75,8550,0.04671249128549686,0.0715648854961832,347,1048,0,0,0,0
587,0536_c0006_010.jpg,536,5,-1,True,75,8550,0.06471518298048176,0.08844339622641509,196,848,0,0,0,0
588,0536_c0006_015.jpg,536,5,-1,True,75,8550,0.11398225618122614,0.1072961373390558,31,699,0,0,0,0
589,0536_c0006_020.jpg,536,5,-1,True,75,8550,0.0875692682999532,0.09339975093399751,39,803,0,0,0,0
590,0538_c0001_000.jpg,538,0,-1,True,175,8550,0.34065611821694824,0.1855779427359491,28,943,0,0,0,0
591,0538_c0001_005.jpg,538,0,-1,True,175,8550,0.3362306394948759,0.17985611510791366,35,973,0,0,0,0
592,0538_c0001_010.jpg,538,0,-1,True,175,8550,0.3877979987291808,0.15967153284671534,7,1096,0,0,1,1
593,0538_c0001_015.jpg,538,0,-1,True,175,8550,0.3918324408442605,0.16908212560386474,2,1035,0,1,1,1
594,0538_c0001_020.jpg,538,0,-1,True,175,8550,0.4042839088594295,0.14693534844668346,7,1191,0,0,1,1
595,0538_c0002_000.jpg,538,1,-1,True,175,8550,0.6239273679862626,0.10379596678529063,1,1686,1,1,1,1
596,0538_c0002_005.jpg,538,1,-1,True,175,8550,0.5475845178387331,0.09191176470588236,1,1904,1,1,1,1
597,0538_c0002_010.jpg,538,1,-1,True,175,8550,0.5945047398612557,0.09776536312849161,1,1790,1,1,1,1
598,0538_c0002_015.jpg,538,1,-1,True,175,8550,0.5646623683922353,0.09809417040358745,1,1784,1,1,1,1
599,0538_c0002_020.jpg,538,1,-1,True,175,8550,0.5627152651005398,0.0971682398667407,1,1801,1,1,1,1
600,0538_c0003_000.jpg,538,2,-1,True,175,8550,0.04286924015057586,0.05038871292830406,268,3473,0,0,0,0
601,0538_c0003_005.jpg,538,2,-1,True,175,8550,0.16628648233047477,0.07453151618398637,33,2348,0,0,0,0
602,0538_c0003_010.jpg,538,2,-1,True,175,8550,0.3733168127523263,0.20685579196217493,1,846,1,1,1,1
603,0538_c0003_015.jpg,538,2,-1,True,175,8550,0.782871625746761,0.3006872852233677,1,582,1,1,1,1
604,0538_c0003_020.jpg,538,2,-1,True,175,8550,0.8776090461252161,0.32771535580524347,1,534,1,1,1,1
605,0538_c0004_000.jpg,538,3,-1,True,175,8550,0.6958402017125639,0.1320754716981132,1,1325,1,1,1,1
606,0538_c0004_005.jpg,538,3,-1,True,175,8550,0.770119311738506,0.0942380183091007,1,1857,1,1,1,1
607,0538_c0004_010.jpg,538,3,-1,True,175,8550,0.732612284431932,0.08511673151750973,1,2056,1,1,1,1
608,0538_c0004_015.jpg,538,3,-1,True,175,8550,0.8097543426720147,0.09479956663055254,1,1846,1,1,1,1
609,0538_c0004_020.jpg,538,3,-1,True,175,8550,0.7982225825339154,0.12237762237762238,1,1430,1,1,1,1
610,0538_c0005_000.jpg,538,4,-1,True,175,8550,0.2843167659188452,0.06741140215716487,1,2596,1,1,1,1
611,0538_c0005_005.jpg,538,4,-1,True,175,8550,0.34444095869374364,0.06903353057199212,1,2535,1,1,1,1
612,0538_c0005_010.jpg,538,4,-1,True,175,8550,0.35481293961442706,0.06801399144966964,1,2573,1,1,1,1
613,0538_c0005_015.jpg,538,4,-1,True,175,8550,0.37608856000369045,0.07128309572301425,1,2455,1,1,1,1
614,0538_c0005_020.jpg,538,4,-1,True,175,8550,0.36337996306995446,0.07062146892655367,1,2478,1,1,1,1
615,0538_c0006_000.jpg,538,5,-1,True,175,8550,0.8142513941368456,0.07605388961321165,1,2301,1,1,1,1
616,0538_c0006_005.jpg,538,5,-1,True,175,8550,0.8190778842739529,0.07377740303541315,1,2372,1,1,1,1
617,0538_c0006_010.jpg,538,5,-1,True,175,8550,0.825395403621832,0.0721947194719472,1,2424,1,1,1,1
618,0538_c0006_015.jpg,538,5,-1,True,175,8550,0.8444293180887722,0.07309941520467836,1,2394,1,1,1,1
619,0538_c0006_020.jpg,538,5,-1,True,175,8550,0.8513538272754051,0.07228418009087154,1,2421,1,1,1,1
620,0538_c0007_000.jpg,538,6,-1,True,175,8550,0.8039772095146303,0.09898190045248868,1,1768,1,1,1,1
621,0538_c0007_005.jpg,538,6,-1,True,175,8550,0.7935428433627186,0.10835913312693499,1,1615,1,1,1,1
622,0538_c0007_010.jpg,538,6,-1,True,175,8550,0.7813548032942728,0.09881422924901186,1,1771,1,1,1,1
623,0538_c0007_015.jpg,538,6,-1,True,175,8550,0.7728819470045525,0.10245901639344263,1,1708,1,1,1,1
624,0538_c0007_020.jpg,538,6,-1,True,175,8550,0.7852398230387335,0.09875846501128668,1,1772,1,1,1,1
625,0538_c0008_000.jpg,538,7,-1,True,175,8550,0.8546615505133514,0.1056125528062764,1,1657,1,1,1,1
626,0538_c0008_005.jpg,538,7,-1,True,175,8550,0.8503387099277396,0.10762607626076261,1,1626,1,1,1,1
627,0538_c0008_010.jpg,538,7,-1,True,175,8550,0.8641929344546828,0.10802469135802469,1,1620,1,1,1,1
628,0538_c0008_015.jpg,538,7,-1,True,175,8550,0.8610315801701185,0.11082963901203294,1,1579,1,1,1,1
629,0538_c0008_020.jpg,538,7,-1,True,175,8550,0.8628895479378853,0.10862818125387957,1,1611,1,1,1,1
630,0540_c0001_000.jpg,540,0,-1,True,175,8550,0.8649929226384835,0.37393162393162394,1,468,1,1,1,1
631,0540_c0001_005.jpg,540,0,-1,True,175,8550,0.8561976134188295,0.3668763102725367,1,477,1,1,1,1
632,0540_c0001_010.jpg,540,0,-1,True,175,8550,0.8698164054001458,0.3897550111358575,1,449,1,1,1,1
633,0540_c0001_015.jpg,540,0,-1,True,175,8550,0.8809769934431334,0.3796095444685466,1,461,1,1,1,1
634,0540_c0001_020.jpg,540,0,-1,True,175,8550,0.8975162328786123,0.39414414414414417,1,444,1,1,1,1
635,0540_c0002_000.jpg,540,1,-1,True,175,8550,0.5686700558840829,0.26595744680851063,1,658,1,1,1,1
636,0540_c0002_005.jpg,540,1,-1,True,175,8550,0.4805397565220655,0.2708978328173375,1,646,1,1,1,1
637,0540_c0002_010.jpg,540,1,-1,True,175,8550,0.4866984036528491,0.26435045317220546,1,662,1,1,1,1
638,0540_c0002_015.jpg,540,1,-1,True,175,8550,0.4273753998933165,0.20184544405997693,1,867,1,1,1,1
639,0540_c0002_020.jpg,540,1,-1,True,175,8550,0.43624642667304303,0.2056404230317274,1,851,1,1,1,1
640,0540_c0003_000.jpg,540,2,-1,True,175,8550,0.8867415636882603,0.32407407407407407,1,540,1,1,1,1
641,0540_c0003_005.jpg,540,2,-1,True,175,8550,0.9166142688890516,0.3796095444685466,1,461,1,1,1,1
642,0540_c0003_010.jpg,540,2,-1,True,175,8550,0.8986691218125595,0.3615702479338843,1,484,1,1,1,1
643,0540_c0003_015.jpg,540,2,-1,True,175,8550,0.8970717899344053,0.3763440860215054,1,465,1,1,1,1
644,0540_c0003_020.jpg,540,2,-1,True,175,8550,0.9022422593830867,0.3458498023715415,1,506,1,1,1,1
645,0540_c0004_000.jpg,540,3,-1,True,175,8550,0.4526330789458237,0.3431372549019608,1,510,1,1,1,1
646,0540_c0004_005.jpg,540,3,-1,True,175,8550,0.5793646709220599,0.3645833333333333,1,480,1,1,1,1
647,0540_c0004_010.jpg,540,3,-1,True,175,8550,0.5685674868858476,0.33396946564885494,1,524,1,1,1,1
648,0540_c0004_015.jpg,540,3,-1,True,175,8550,0.5686350345369837,0.36382536382536385,1,481,1,1,1,1
649,0540_c0004_020.jpg,540,3,-1,True,175,8550,0.4671878642083168,0.3653444676409186,1,479,1,1,1,1
650,0540_c0005_000.jpg,540,4,-1,True,175,8550,0.8971086098536758,0.5794701986754967,1,302,1,1,1,1
651,0540_c0005_005.jpg,540,4,-1,True,175,8550,0.9060669586318282,0.5912162162162162,1,296,1,1,1,1
652,0540_c0005_010.jpg,540,4,-1,True,175,8550,0.9273703607512311,0.6433823529411765,1,272,1,1,1,1
653,0540_c0005_015.jpg,540,4,-1,True,175,8550,0.9131674279972543,0.6183745583038869,1,283,1,1,1,1
654,0540_c0005_020.jpg,540,4,-1,True,175,8550,0.9166551099358783,0.6097560975609756,1,287,1,1,1,1
655,0540_c0006_000.jpg,540,5,-1,True,175,8550,0.9359273776450601,0.37393162393162394,1,468,1,1,1,1
656,0540_c0006_005.jpg,540,5,-1,True,175,8550,0.9357302909741683,0.3796095444685466,1,461,1,1,1,1
657,0540_c0006_010.jpg,540,5,-1,True,175,8550,0.9283133970661382,0.3615702479338843,1,484,1,1,1,1
658,0540_c0006_015.jpg,540,5,-1,True,175,8550,0.9194696042738091,0.3404669260700389,1,514,1,1,1,1
659,0540_c0006_020.jpg,540,5,-1,True,175,8550,0.9337406761370768,0.38461538461538464,1,455,1,1,1,1
660,0540_c0007_000.jpg,540,6,-1,True,175,8550,0.7116859494571257,0.5451713395638629,1,321,1,1,1,1
661,0540_c0007_005.jpg,540,6,-1,True,175,8550,0.7697087123869005,0.5303030303030303,1,330,1,1,1,1
662,0540_c0007_010.jpg,540,6,-1,True,175,8550,0.8475065654111147,0.6433823529411765,1,272,1,1,1,1
663,0540_c0007_015.jpg,540,6,-1,True,175,8550,0.8672999086529213,0.6227758007117438,1,281,1,1,1,1
664,0540_c0007_020.jpg,540,6,-1,True,175,8550,0.8551423970717107,0.625,1,280,1,1,1,1
665,0540_c0008_000.jpg,540,7,-1,True,175,8550,0.3256410938446784,0.29069767441860467,5,602,0,1,1,1
666,0540_c0008_005.jpg,540,7,-1,True,175,8550,0.3504972739430354,0.330188679245283,20,530,0,0,0,1
667,0540_c0008_010.jpg,540,7,-1,True,175,8550,0.30303031322730994,0.2878289473684211,29,608,0,0,0,0
668,0540_c0008_015.jpg,540,7,-1,True,175,8550,0.36321090538197337,0.33269961977186313,5,526,0,1,1,1
669,0540_c0008_020.jpg,540,7,-1,True,175,8550,0.22457129362513262,0.23648648648648649,60,740,0,0,0,0
670,0542_c0001_000.jpg,542,0,-1,True,150,8550,0.09114591129497264,0.026543974517784463,6,5651,0,0,1,1
671,0542_c0001_005.jpg,542,0,-1,True,150,8550,0.23736740313492508,0.024030759371996155,1,6242,1,1,1,1
672,0542_c0001_010.jpg,542,0,-1,True,150,8550,0.21460660709744311,0.025597269624573378,1,5860,1,1,1,1
673,0542_c0001_015.jpg,542,0,-1,True,150,8550,0.19415531783538237,0.02498750624687656,1,6003,1,1,1,1
674,0542_c0001_020.jpg,542,0,-1,True,150,8550,0.24128910124901662,0.02480979159775058,1,6046,1,1,1,1
675,0542_c0002_000.jpg,542,1,-1,True,150,8550,0.09108564008229375,0.05514705882352941,90,2720,0,0,0,0
676,0542_c0002_005.jpg,542,1,-1,True,150,8550,0.10827503527962215,0.05193905817174515,44,2888,0,0,0,0
677,0542_c0002_010.jpg,542,1,-1,True,150,8550,0.12004829124145687,0.04700720777185835,34,3191,0,0,0,0
678,0542_c0002_015.jpg,542,1,-1,True,150,8550,0.1422851523236008,0.03905233012236397,31,3841,0,0,0,0
679,0542_c0002_020.jpg,542,1,-1,True,150,8550,0.14875647187575944,0.040983606557377046,36,3660,0,0,0,0
680,0542_c0004_000.jpg,542,3,-1,True,150,8550,0.21697175756160475,0.025848698948819575,1,5803,1,1,1,1
681,0542_c0004_005.jpg,542,3,-1,True,150,8550,0.21983669933606184,0.02566295979469632,1,5845,1,1,1,1
682,0542_c0004_010.jpg,542,3,-1,True,150,8550,0.2259413235240379,0.025983024424042957,1,5773,1,1,1,1
683,0542_c0004_015.jpg,542,3,-1,True,150,8550,0.21937078477576713,0.024975024975024976,1,6006,1,1,1,1
684,0542_c0004_020.jpg,542,3,-1,True,150,8550,0.22495048895255554,0.025711347274597188,1,5834,1,1,1,1
685,0542_c0005_000.jpg,542,4,-1,True,150,8550,0.25350916262916573,0.023485204321277594,1,6387,1,1,1,1
686,0542_c0005_005.jpg,542,4,-1,True,150,8550,0.2641511926953694,0.02376425855513308,1,6312,1,1,1,1
687,0542_c0005_010.jpg,542,4,-1,True,150,8550,0.26246799986632674,0.023108920043136652,1,6491,1,1,1,1
688,0542_c0005_015.jpg,542,4,-1,True,150,8550,0.26171204179097146,0.022935779816513763,1,6540,1,1,1,1
689,0542_c0005_020.jpg,542,4,-1,True,150,8550,0.26264275886013216,0.022796352583586626,1,6580,1,1,1,1
690,0542_c0006_000.jpg,542,5,-1,True,150,8550,0.1470127960422594,0.025235531628532974,12,5944,0,0,0,1
691,0542_c0006_005.jpg,542,5,-1,True,150,8550,0.15653287681999092,0.02570694087403599,12,5835,0,0,0,1
692,0542_c0006_010.jpg,542,5,-1,True,150,8550,0.1587454972079903,0.02501250625312656,12,5997,0,0,0,1
693,0542_c0006_015.jpg,542,5,-1,True,150,8550,0.15088493339471876,0.02424438338451592,11,6187,0,0,0,1
694,0542_c0006_020.jpg,542,5,-1,True,150,8550,0.15789499574048674,0.024374390640233994,14,6154,0,0,0,1
695,0542_c0007_000.jpg,542,6,-1,True,150,8550,0.13953219090761826,0.04427390791027155,42,3388,0,0,0,0
696,0542_c0007_005.jpg,542,6,-1,True,150,8550,0.11878700543851385,0.05131713992473486,40,2923,0,0,0,0
697,0542_c0007_010.jpg,542,6,-1,True,150,8550,0.15460886062488066,0.046918986549890525,39,3197,0,0,0,0
698,0542_c0007_015.jpg,542,6,-1,True,150,8550,0.13246518640694002,0.04730368968779565,47,3171,0,0,0,0
699,0542_c0007_020.jpg,542,6,-1,True,150,8550,0.12920888168100253,0.055970149253731345,43,2680,0,0,0,0
700,0542_c0008_000.jpg,542,7,-1,True,150,8550,0.22005116744360598,0.02370791844476055,1,6327,1,1,1,1
701,0542_c0008_005.jpg,542,7,-1,True,150,8550,0.21998631620688086,0.0234192037470726,1,6405,1,1,1,1
702,0542_c0008_010.jpg,542,7,-1,True,150,8550,0.20558676516932015,0.022939287352806238,1,6539,1,1,1,1
703,0542_c0008_015.jpg,542,7,-1,True,150,8550,0.21122717728164367,0.022768670309653915,1,6588,1,1,1,1
704,0542_c0008_020.jpg,542,7,-1,True,150,8550,0.21085419312508283,0.02318750966146236,1,6469,1,1,1,1
705,0544_c0001_000.jpg,544,0,-1,True,150,8550,0.1897488788723017,0.08635578583765112,31,1737,0,0,0,0
706,0544_c0001_005.jpg,544,0,-1,True,150,8550,0.15639006594816537,0.07688364941055868,51,1951,0,0,0,0
707,0544_c0001_010.jpg,544,0,-1,True,150,8550,0.19634834006932247,0.09416195856873823,43,1593,0,0,0,0
708,0544_c0001_015.jpg,544,0,-1,True,150,8550,0.20058482392277238,0.0982961992136304,27,1526,0,0,0,0
709,0544_c0001_020.jpg,544,0,-1,True,150,8550,0.18208964078248718,0.08503401360544217,39,1764,0,0,0,0
710,0544_c0002_000.jpg,544,1,-1,True,150,8550,0.3902166191848721,0.1200960768614892,1,1249,1,1,1,1
711,0544_c0002_005.jpg,544,1,-1,True,150,8550,0.3007991993947301,0.11476664116296863,5,1307,0,1,1,1
712,0544_c0002_010.jpg,544,1,-1,True,150,8550,0.44182312698700876,0.13966480446927373,1,1074,1,1,1,1
713,0544_c0002_015.jpg,544,1,-1,True,150,8550,0.28252040636761855,0.12987012987012986,11,1155,0,0,0,1
714,0544_c0002_020.jpg,544,1,-1,True,150,8550,0.2068913486616943,0.13537906137184116,20,1108,0,0,0,1
715,0544_c0003_000.jpg,544,2,-1,True,150,8550,0.6821502434820372,0.15228426395939088,1,985,1,1,1,1
716,0544_c0003_005.jpg,544,2,-1,True,150,8550,0.7049553718244322,0.1928020565552699,1,778,1,1,1,1
717,0544_c0003_010.jpg,544,2,-1,True,150,8550,0.7052864874666859,0.2054794520547945,1,730,1,1,1,1
718,0544_c0003_015.jpg,544,2,-1,True,150,8550,0.6789068788015099,0.22388059701492538,1,670,1,1,1,1
719,0544_c0003_020.jpg,544,2,-1,True,150,8550,0.6804536714169269,0.23622047244094488,1,635,1,1,1,1
720,0544_c0005_000.jpg,544,4,-1,True,150,8550,0.5004955218482146,0.111358574610245,1,1347,1,1,1,1
721,0544_c0005_005.jpg,544,4,-1,True,150,8550,0.4949180429981225,0.10578279266572638,1,1418,1,1,1,1
722,0544_c0005_010.jpg,544,4,-1,True,150,8550,0.43187226525836364,0.08282716731087797,1,1811,1,1,1,1
723,0544_c0005_015.jpg,544,4,-1,True,150,8550,0.44007355231001666,0.08571428571428572,1,1750,1,1,1,1
724,0544_c0005_020.jpg,544,4,-1,True,150,8550,0.45194546947730413,0.09057971014492754,1,1656,1,1,1,1
725,0544_c0006_000.jpg,544,5,-1,True,150,8550,0.7372150971480345,0.3440366972477064,1,436,1,1,1,1
726,0544_c0006_005.jpg,544,5,-1,True,150,8550,0.7222938391011496,0.2336448598130841,1,642,1,1,1,1
727,0544_c0006_010.jpg,544,5,-1,True,150,8550,0.747714654524395,0.2459016393442623,1,610,1,1,1,1
728,0544_c0006_015.jpg,544,5,-1,True,150,8550,0.716259274098797,0.19404915912031048,1,773,1,1,1,1
729,0544_c0006_020.jpg,544,5,-1,True,150,8550,0.7199695236684691,0.17123287671232876,1,876,1,1,1,1
730,0544_c0007_000.jpg,544,6,-1,True,150,8550,0.5526437655386568,0.10302197802197802,1,1456,1,1,1,1
731,0544_c0007_005.jpg,544,6,-1,True,150,8550,0.5631842379491308,0.09966777408637874,1,1505,1,1,1,1
732,0544_c0007_010.jpg,544,6,-1,True,150,8550,0.448642648599265,0.09057971014492754,1,1656,1,1,1,1
733,0544_c0007_015.jpg,544,6,-1,True,150,8550,0.46684344084731283,0.08310249307479224,1,1805,1,1,1,1
734,0544_c0007_020.jpg,544,6,-1,True,150,8550,0.5842718102024643,0.08287292817679558,1,1810,1,1,1,1
735,0544_c0008_000.jpg,544,7,-1,True,150,8550,0.9245141678177693,0.78125,1,192,1,1,1,1
736,0544_c0008_005.jpg,544,7,-1,True,150,8550,0.92234027226173,0.7075471698113207,1,212,1,1,1,1
737,0544_c0008_010.jpg,544,7,-1,True,150,8550,0.898918048803565,0.6607929515418502,1,227,1,1,1,1
738,0544_c0008_015.jpg,544,7,-1,True,150,8550,0.8932330609123623,0.7211538461538461,1,208,1,1,1,1
739,0544_c0008_020.jpg,544,7,-1,True,150,8550,0.8746266894108097,0.42613636363636365,1,352,1,1,1,1
740,0546_c0002_000.jpg,546,1,-1,True,75,8550,0.4325947312119616,0.4098360655737705,3,183,0,1,1,1
741,0546_c0002_005.jpg,546,1,-1,True,75,8550,0.3692500892669693,0.39473684210526316,13,190,0,0,0,1
742,0546_c0002_010.jpg,546,1,-1,True,75,8550,0.4288422993240894,0.47770700636942676,4,157,0,1,1,1
743,0546_c0002_015.jpg,546,1,-1,True,75,8550,0.5408361365921038,0.5,1,150,1,1,1,1
744,0546_c0002_020.jpg,546,1,-1,True,75,8550,0.41636603263572863,0.41899441340782123,3,179,0,1,1,1
745,0546_c0004_000.jpg,546,3,-1,True,75,8550,0.9989109764313091,0.9868421052631579,1,76,1,1,1,1
746,0546_c0004_005.jpg,546,3,-1,True,75,8550,1.0,1.0,1,75,1,1,1,1
747,0546_c0004_010.jpg,546,3,-1,True,75,8550,0.9987205002408329,0.9868421052631579,1,76,1,1,1,1
748,0546_c0004_015.jpg,546,3,-1,True,75,8550,0.989824154859053,0.9146341463414634,1,82,1,1,1,1
749,0546_c0004_020.jpg,546,3,-1,True,75,8550,0.9872062593945774,0.8928571428571429,1,84,1,1,1,1
750,0546_c0007_000.jpg,546,6,-1,True,75,8550,0.9968087875648852,0.9146341463414634,1,82,1,1,1,1
751,0546_c0007_005.jpg,546,6,-1,True,75,8550,1.0,1.0,1,75,1,1,1,1
752,0546_c0007_010.jpg,546,6,-1,True,75,8550,1.0,1.0,1,75,1,1,1,1
753,0546_c0007_015.jpg,546,6,-1,True,75,8550,1.0,1.0,1,75,1,1,1,1
754,0546_c0007_020.jpg,546,6,-1,True,75,8550,1.0,1.0,1,75,1,1,1,1
755,0546_c0008_000.jpg,546,7,-1,True,75,8550,0.9918600691984983,0.8823529411764706,1,85,1,1,1,1
756,0546_c0008_005.jpg,546,7,-1,True,75,8550,0.9964678919526392,0.8928571428571429,1,84,1,1,1,1
757,0546_c0008_010.jpg,546,7,-1,True,75,8550,0.9958040548804077,0.8928571428571429,1,84,1,1,1,1
758,0546_c0008_015.jpg,546,7,-1,True,75,8550,0.9925959083740139,0.872093023255814,1,86,1,1,1,1
759,0546_c0008_020.jpg,546,7,-1,True,75,8550,0.9474525990611471,0.75,1,100,1,1,1,1
760,0548_c0001_000.jpg,548,0,-1,True,125,8550,0.4613553295562275,0.2648305084745763,1,472,1,1,1,1
761,0548_c0001_005.jpg,548,0,-1,True,125,8550,0.3119164348194872,0.21891418563922943,13,571,0,0,0,1
762,0548_c0001_010.jpg,548,0,-1,True,125,8550,0.38560667185374475,0.23629489603024575,1,529,1,1,1,1
763,0548_c0001_015.jpg,548,0,-1,True,125,8550,0.29964718057794165,0.21551724137931033,22,580,0,0,0,0
764,0548_c0001_020.jpg,548,0,-1,True,125,8550,0.2968084556642316,0.21739130434782608,28,575,0,0,0,0
765,0548_c0002_000.jpg,548,1,-1,True,125,8550,0.30545219726783995,0.22522522522522523,11,555,0,0,0,1
766,0548_c0002_005.jpg,548,1,-1,True,125,8550,0.2718681475423791,0.20833333333333334,26,600,0,0,0,0
767,0548_c0002_010.jpg,548,1,-1,True,125,8550,0.30482829977965026,0.21777003484320556,26,574,0,0,0,0
768,0548_c0002_015.jpg,548,1,-1,True,125,8550,0.3139102210560507,0.2079866888519135,24,601,0,0,0,0
769,0548_c0002_020.jpg,548,1,-1,True,125,8550,0.4169787865490288,0.22768670309653916,1,549,1,1,1,1
770,0548_c0003_000.jpg,548,2,-1,True,125,8550,0.8446899421010751,0.42517006802721086,1,294,1,1,1,1
771,0548_c0003_005.jpg,548,2,-1,True,125,8550,0.8241488806292054,0.4355400696864111,1,287,1,1,1,1
772,0548_c0003_010.jpg,548,2,-1,True,125,8550,0.8157788349422798,0.42955326460481097,1,291,1,1,1,1
773,0548_c0003_015.jpg,548,2,-1,True,125,8550,0.7800577370620922,0.423728813559322,1,295,1,1,1,1
774,0548_c0003_020.jpg,548,2,-1,True,125,8550,0.7947543306443487,0.390625,1,320,1,1,1,1
775,0548_c0005_000.jpg,548,4,-1,True,125,8550,0.8490038435423295,0.37425149700598803,1,334,1,1,1,1
776,0548_c0005_005.jpg,548,4,-1,True,125,8550,0.8510721967552666,0.3776435045317221,1,331,1,1,1,1
777,0548_c0005_010.jpg,548,4,-1,True,125,8550,0.8604042871498213,0.3834355828220859,1,326,1,1,1,1
778,0548_c0005_015.jpg,548,4,-1,True,125,8550,0.8560169200048775,0.3787878787878788,1,330,1,1,1,1
779,0548_c0005_020.jpg,548,4,-1,True,125,8550,0.8520439620637029,0.38109756097560976,1,328,1,1,1,1
780,0548_c0006_000.jpg,548,5,-1,True,125,8550,0.6259781931549322,0.22007042253521128,1,568,1,1,1,1
781,0548_c0006_005.jpg,548,5,-1,True,125,8550,0.6300964965407477,0.2204585537918871,1,567,1,1,1,1
782,0548_c0006_010.jpg,548,5,-1,True,125,8550,0.6884678614558578,0.23674242424242425,1,528,1,1,1,1
783,0548_c0006_015.jpg,548,5,-1,True,125,8550,0.711723218546418,0.24084778420038536,1,519,1,1,1,1
784,0548_c0006_020.jpg,548,5,-1,True,125,8550,0.702697263059654,0.2455795677799607,1,509,1,1,1,1
785,0548_c0007_000.jpg,548,6,-1,True,125,8550,0.8086853996288378,0.34818941504178275,1,359,1,1,1,1
786,0548_c0007_005.jpg,548,6,-1,True,125,8550,0.8918704536550932,0.4664179104477612,1,268,1,1,1,1
787,0548_c0007_010.jpg,548,6,-1,True,125,8550,0.9241636107054696,0.5387931034482759,1,232,1,1,1,1
788,0548_c0007_015.jpg,548,6,-1,True,125,8550,0.9247703458835224,0.5387931034482759,1,232,1,1,1,1
789,0548_c0007_020.jpg,548,6,-1,True,125,8550,0.9309126038464739,0.5681818181818182,1,220,1,1,1,1
790,0550_c0001_000.jpg,550,0,-1,True,175,8550,0.41950442301371255,0.1257183908045977,1,1392,1,1,1,1
791,0550_c0001_005.jpg,550,0,-1,True,175,8550,0.3820226821678018,0.1339969372128637,1,1306,1,1,1,1
792,0550_c0001_010.jpg,550,0,-1,True,175,8550,0.397068975403198,0.13629283489096572,1,1284,1,1,1,1
793,0550_c0001_015.jpg,550,0,-1,True,175,8550,0.3773511482296216,0.13338414634146342,1,1312,1,1,1,1
794,0550_c0001_020.jpg,550,0,-1,True,175,8550,0.38998193201228976,0.12801755669348938,1,1367,1,1,1,1
795,0550_c0002_000.jpg,550,1,-1,True,175,8550,0.47975555854824614,0.2679938744257274,1,653,1,1,1,1
796,0550_c0002_005.jpg,550,1,-1,True,175,8550,0.46146656136455116,0.2596439169139466,1,674,1,1,1,1
797,0550_c0002_010.jpg,550,1,-1,True,175,8550,0.5024909075276139,0.24578651685393257,1,712,1,1,1,1
798,0550_c0002_015.jpg,550,1,-1,True,175,8550,0.5043422755099757,0.2887788778877888,1,606,1,1,1,1
799,0550_c0002_020.jpg,550,1,-1,True,175,8550,0.44431908881579507,0.2600297176820208,22,673,0,0,0,0
800,0550_c0003_000.jpg,550,2,-1,True,175,8550,0.2600613041348472,0.21793275217932753,10,803,0,0,1,1
801,0550_c0003_005.jpg,550,2,-1,True,175,8550,0.26333842881060615,0.23648648648648649,10,740,0,0,1,1
802,0550_c0003_010.jpg,550,2,-1,True,175,8550,0.26117889865008803,0.22236340533672172,14,787,0,0,0,1
803,0550_c0003_015.jpg,550,2,-1,True,175,8550,0.27132209392954243,0.26555386949924126,16,659,0,0,0,1
804,0550_c0003_020.jpg,550,2,-1,True,175,8550,0.2659660257312716,0.230566534914361,19,759,0,0,0,1
805,0550_c0004_000.jpg,550,3,-1,True,175,8550,0.3137092756242235,0.1133419689119171,1,1544,1,1,1,1
806,0550_c0004_005.jpg,550,3,-1,True,175,8550,0.18362450822746607,0.11254019292604502,36,1555,0,0,0,0
807,0550_c0004_010.jpg,550,3,-1,True,175,8550,0.17547862468351985,0.11385816525699415,52,1537,0,0,0,0
808,0550_c0004_015.jpg,550,3,-1,True,175,8550,0.1793846695186256,0.11153601019757807,43,1569,0,0,0,0
809,0550_c0004_020.jpg,550,3,-1,True,175,8550,0.27956980543072074,0.11210762331838565,1,1561,1,1,1,1
810,0550_c0005_000.jpg,550,4,-1,True,175,8550,0.22670020172671132,0.22551546391752578,11,776,0,0,0,1
811,0550_c0005_005.jpg,550,4,-1,True,175,8550,0.2722523788245399,0.23178807947019867,1,755,1,1,1,1
812,0550_c0005_010.jpg,550,4,-1,True,175,8550,0.24352258637774188,0.21160822249093109,16,827,0,0,0,1
813,0550_c0005_015.jpg,550,4,-1,True,175,8550,0.33090698001360314,0.1383399209486166,1,1265,1,1,1,1
814,0550_c0005_020.jpg,550,4,-1,True,175,8550,0.3313289168096298,0.1383399209486166,1,1265,1,1,1,1
815,0550_c0006_000.jpg,550,5,-1,True,175,8550,0.22780916998204492,0.21289537712895376,21,822,0,0,0,0
816,0550_c0006_005.jpg,550,5,-1,True,175,8550,0.20526338100316455,0.17985611510791366,28,973,0,0,0,0
817,0550_c0006_010.jpg,550,5,-1,True,175,8550,0.2884018371608748,0.15364354697102722,2,1139,0,1,1,1
818,0550_c0006_015.jpg,550,5,-1,True,175,8550,0.22658368853149058,0.20491803278688525,6,854,0,0,1,1
819,0550_c0006_020.jpg,550,5,-1,True,175,8550,0.19438320414681243,0.1959686450167973,52,893,0,0,0,0
820,0550_c0007_000.jpg,550,6,-1,True,175,8550,0.47395575894032765,0.16826923076923078,1,1040,1,1,1,1
821,0550_c0007_005.jpg,550,6,-1,True,175,8550,0.4443523684405521,0.1674641148325359,1,1045,1,1,1,1
822,0550_c0007_010.jpg,550,6,-1,True,175,8550,0.4524260047169247,0.19294377067254687,1,907,1,1,1,1
823,0550_c0007_015.jpg,550,6,-1,True,175,8550,0.4453079050422608,0.14855687606112053,1,1178,1,1,1,1
824,0550_c0007_020.jpg,550,6,-1,True,175,8550,0.5066834812801423,0.14450867052023122,1,1211,1,1,1,1
825,0550_c0008_000.jpg,550,7,-1,True,175,8550,0.5011485408050901,0.106318347509113,1,1646,1,1,1,1
826,0550_c0008_005.jpg,550,7,-1,True,175,8550,0.4636873962704535,0.10040160642570281,1,1743,1,1,1,1
827,0550_c0008_010.jpg,550,7,-1,True,175,8550,0.4309991036203691,0.09029927760577916,1,1938,1,1,1,1
828,0550_c0008_015.jpg,550,7,-1,True,175,8550,0.3948299011922933,0.09474824038982133,1,1847,1,1,1,1
829,0550_c0008_020.jpg,550,7,-1,True,175,8550,0.33587188407796825,0.0984251968503937,12,1778,0,0,0,1
830,0552_c0001_000.jpg,552,0,-1,True,175,8550,0.5921236811464216,0.1201923076923077,1,1456,1,1,1,1
831,0552_c0001_005.jpg,552,0,-1,True,175,8550,0.577948321497923,0.12161223071577484,1,1439,1,1,1,1
832,0552_c0001_010.jpg,552,0,-1,True,175,8550,0.5965299864130302,0.12671976828385229,1,1381,1,1,1,1
833,0552_c0001_015.jpg,552,0,-1,True,175,8550,0.5896466407135986,0.12297962052002812,1,1423,1,1,1,1
834,0552_c0001_020.jpg,552,0,-1,True,175,8550,0.5721952463845721,0.1203576341127923,1,1454,1,1,1,1
835,0552_c0002_000.jpg,552,1,-1,True,175,8550,0.28070471395542956,0.20301624129930396,26,862,0,0,0,0
836,0552_c0002_005.jpg,552,1,-1,True,175,8550,0.27612519710009364,0.20278099652375434,26,863,0,0,0,0
837,0552_c0002_010.jpg,552,1,-1,True,175,8550,0.2957090505347887,0.21084337349397592,26,830,0,0,0,0
838,0552_c0002_015.jpg,552,1,-1,True,175,8550,0.3044293872992103,0.21160822249093109,25,827,0,0,0,0
839,0552_c0002_020.jpg,552,1,-1,True,175,8550,0.3215399152127719,0.22435897435897437,25,780,0,0,0,0
840,0552_c0003_000.jpg,552,2,-1,True,175,8550,0.7344188539930946,0.7675438596491229,1,228,1,1,1,1
841,0552_c0003_005.jpg,552,2,-1,True,175,8550,0.7335412050356181,0.7056451612903226,1,248,1,1,1,1
842,0552_c0003_010.jpg,552,2,-1,True,175,8550,0.7332110960783011,0.7383966244725738,1,237,1,1,1,1
843,0552_c0003_015.jpg,552,2,-1,True,175,8550,0.735192646332224,0.7322175732217573,1,239,1,1,1,1
844,0552_c0003_020.jpg,552,2,-1,True,175,8550,0.7355386332835693,0.7743362831858407,1,226,1,1,1,1
845,0552_c0004_000.jpg,552,3,-1,True,175,8550,0.5603154747723886,0.4475703324808184,1,391,1,1,1,1
846,0552_c0004_005.jpg,552,3,-1,True,175,8550,0.5694505200155405,0.4581151832460733,1,382,1,1,1,1
847,0552_c0004_010.jpg,552,3,-1,True,175,8550,0.5709849798794008,0.45931758530183725,1,381,1,1,1,1
848,0552_c0004_015.jpg,552,3,-1,True,175,8550,0.5595191131524988,0.423728813559322,1,413,1,1,1,1
849,0552_c0004_020.jpg,552,3,-1,True,175,8550,0.5518256563375458,0.46419098143236076,1,377,1,1,1,1
850,0552_c0005_000.jpg,552,4,-1,True,175,8550,0.6533473448791988,0.5401234567901234,1,324,1,1,1,1
851,0552_c0005_005.jpg,552,4,-1,True,175,8550,0.6782498669280261,0.5775577557755776,1,303,1,1,1,1
852,0552_c0005_010.jpg,552,4,-1,True,175,8550,0.6144259930031056,0.541795665634675,1,323,1,1,1,1
853,0552_c0005_015.jpg,552,4,-1,True,175,8550,0.6067488566761525,0.5303030303030303,1,330,1,1,1,1
854,0552_c0005_020.jpg,552,4,-1,True,175,8550,0.594171203531382,0.4971590909090909,2,352,0,1,1,1
855,0552_c0006_000.jpg,552,5,-1,True,175,8550,0.6583678627750529,0.30809859154929575,1,568,1,1,1,1
856,0552_c0006_005.jpg,552,5,-1,True,175,8550,0.6533504935641358,0.30864197530864196,1,567,1,1,1,1
857,0552_c0006_010.jpg,552,5,-1,True,175,8550,0.6847472318442814,0.30864197530864196,1,567,1,1,1,1
858,0552_c0006_015.jpg,552,5,-1,True,175,8550,0.7230700620804117,0.3193430656934307,1,548,1,1,1,1
859,0552_c0006_020.jpg,552,5,-1,True,175,8550,0.7202979830844946,0.315884476534296,1,554,1,1,1,1
860,0552_c0007_000.jpg,552,6,-1,True,175,8550,0.7504261099438214,0.3528225806451613,1,496,1,1,1,1
861,0552_c0007_005.jpg,552,6,-1,True,175,8550,0.7835901619763526,0.360082304526749,1,486,1,1,1,1
862,0552_c0007_010.jpg,552,6,-1,True,175,8550,0.7378566444698594,0.32894736842105265,1,532,1,1,1,1
863,0552_c0007_015.jpg,552,6,-1,True,175,8550,0.7307499255028114,0.3064798598949212,1,571,1,1,1,1
864,0552_c0007_020.jpg,552,6,-1,True,175,8550,0.737597580062694,0.3125,1,560,1,1,1,1
865,0552_c0008_000.jpg,552,7,-1,True,175,8550,0.8508877850622317,0.354251012145749,1,494,1,1,1,1
866,0552_c0008_005.jpg,552,7,-1,True,175,8550,0.8537315920919728,0.35,1,500,1,1,1,1
867,0552_c0008_010.jpg,552,7,-1,True,175,8550,0.8420354087046164,0.3295668549905838,1,531,1,1,1,1
868,0552_c0008_015.jpg,552,7,-1,True,175,8550,0.8424818715045025,0.3465346534653465,1,505,1,1,1,1
869,0552_c0008_020.jpg,552,7,-1,True,175,8550,0.8498264673942039,0.35787321063394684,1,489,1,1,1,1
870,0554_c0001_000.jpg,554,0,-1,True,150,8550,0.3157304806529168,0.1059322033898305,1,1416,1,1,1,1
871,0554_c0001_005.jpg,554,0,-1,True,150,8550,0.2634299264522635,0.09810333551340746,1,1529,1,1,1,1
872,0554_c0001_010.jpg,554,0,-1,True,150,8550,0.3388538299607497,0.12798634812286688,1,1172,1,1,1,1
873,0554_c0001_015.jpg,554,0,-1,True,150,8550,0.336665650493513,0.1272264631043257,1,1179,1,1,1,1
874,0554_c0001_020.jpg,554,0,-1,True,150,8550,0.272878906681273,0.12489592006661115,1,1201,1,1,1,1
875,0554_c0002_000.jpg,554,1,-1,True,150,8550,0.39364744971382515,0.10302197802197802,1,1456,1,1,1,1
876,0554_c0002_005.jpg,554,1,-1,True,150,8550,0.3576723685291169,0.09689922480620156,1,1548,1,1,1,1
877,0554_c0002_010.jpg,554,1,-1,True,150,8550,0.28436441582227484,0.07961783439490445,1,1884,1,1,1,1
878,0554_c0002_015.jpg,554,1,-1,True,150,8550,0.2765048422285205,0.08077544426494346,1,1857,1,1,1,1
879,0554_c0002_020.jpg,554,1,-1,True,150,8550,0.2990735280873327,0.08896797153024912,1,1686,1,1,1,1
880,0554_c0003_000.jpg,554,2,-1,True,150,8550,0.19098735412304255,0.07688364941055868,30,1951,0,0,0,0
881,0554_c0003_005.jpg,554,2,-1,True,150,8550,0.20297295730637793,0.08090614886731391,30,1854,0,0,0,0
882,0554_c0003_010.jpg,554,2,-1,True,150,8550,0.20595823735937,0.07447864945382324,5,2014,0,1,1,1
883,0554_c0003_015.jpg,554,2,-1,True,150,8550,0.1909409633540251,0.07338551859099804,23,2044,0,0,0,0
884,0554_c0003_020.jpg,554,2,-1,True,150,8550,0.18832501013915348,0.08187772925764192,6,1832,0,0,1,1
885,0554_c0005_000.jpg,554,4,-1,True,150,8550,0.3787491717590503,0.07477567298105683,1,2006,1,1,1,1
886,0554_c0005_005.jpg,554,4,-1,True,150,8550,0.35303445575018655,0.06976744186046512,3,2150,0,1,1,1
887,0554_c0005_010.jpg,554,4,-1,True,150,8550,0.35575025038888586,0.07015902712815715,9,2138,0,0,1,1
888,0554_c0005_015.jpg,554,4,-1,True,150,8550,0.37698986730742345,0.06663705019991115,1,2251,1,1,1,1
889,0554_c0005_020.jpg,554,4,-1,True,150,8550,0.3925919491434932,0.06218905472636816,1,2412,1,1,1,1
890,0554_c0006_000.jpg,554,5,-1,True,150,8550,0.31174784363456526,0.25510204081632654,8,588,0,0,1,1
891,0554_c0006_005.jpg,554,5,-1,True,150,8550,0.34464658949355015,0.27223230490018147,5,551,0,1,1,1
892,0554_c0006_010.jpg,554,5,-1,True,150,8550,0.3241341943898384,0.2846299810246679,3,527,0,1,1,1
893,0554_c0006_015.jpg,554,5,-1,True,150,8550,0.2692084528667572,0.25773195876288657,6,582,0,0,1,1
894,0554_c0006_020.jpg,554,5,-1,True,150,8550,0.41161374042321236,0.29469548133595286,2,509,0,1,1,1
895,0554_c0007_000.jpg,554,6,-1,True,150,8550,0.2905536022109476,0.0911854103343465,1,1645,1,1,1,1
896,0554_c0007_005.jpg,554,6,-1,True,150,8550,0.257125879112433,0.08537279453614115,1,1757,1,1,1,1
897,0554_c0007_010.jpg,554,6,-1,True,150,8550,0.2733678148257756,0.09036144578313253,1,1660,1,1,1,1
898,0554_c0007_015.jpg,554,6,-1,True,150,8550,0.2878135355088057,0.09282178217821782,1,1616,1,1,1,1
899,0554_c0007_020.jpg,554,6,-1,True,150,8550,0.3070538182490463,0.09861932938856016,1,1521,1,1,1,1
900,0554_c0008_000.jpg,554,7,-1,True,150,8550,0.4509389034763251,0.30060120240480964,1,499,1,1,1,1
901,0554_c0008_005.jpg,554,7,-1,True,150,8550,0.4109387786804344,0.24429967426710097,1,614,1,1,1,1
902,0554_c0008_010.jpg,554,7,-1,True,150,8550,0.4144388277490519,0.29296875,1,512,1,1,1,1
903,0554_c0008_015.jpg,554,7,-1,True,150,8550,0.42040874432557485,0.24793388429752067,1,605,1,1,1,1
904,0554_c0008_020.jpg,554,7,-1,True,150,8550,0.4733800268426396,0.30991735537190085,1,484,1,1,1,1
905,0556_c0001_000.jpg,556,0,-1,True,175,8550,0.4343066883063214,0.32228360957642727,21,543,0,0,0,0
906,0556_c0001_005.jpg,556,0,-1,True,175,8550,0.400047449927127,0.30973451327433627,31,565,0,0,0,0
907,0556_c0001_010.jpg,556,0,-1,True,175,8550,0.33350768150771576,0.2976190476190476,51,588,0,0,0,0
908,0556_c0001_015.jpg,556,0,-1,True,175,8550,0.37588599096453307,0.30120481927710846,46,581,0,0,0,0
909,0556_c0001_020.jpg,556,0,-1,True,175,8550,0.3991528011610174,0.3102836879432624,44,564,0,0,0,0
910,0556_c0002_000.jpg,556,1,-1,True,175,8550,0.8880547031099647,0.32287822878228783,1,542,1,1,1,1
911,0556_c0002_005.jpg,556,1,-1,True,175,8550,0.9117813954251818,0.4060324825986079,1,431,1,1,1,1
912,0556_c0002_010.jpg,556,1,-1,True,175,8550,0.9067977800189588,0.3787878787878788,1,462,1,1,1,1
913,0556_c0002_015.jpg,556,1,-1,True,175,8550,0.9102090904153731,0.38461538461538464,1,455,1,1,1,1
914,0556_c0002_020.jpg,556,1,-1,True,175,8550,0.9048056502131312,0.38631346578366443,1,453,1,1,1,1
915,0556_c0003_000.jpg,556,2,-1,True,175,8550,1.0,1.0,1,175,1,1,1,1
916,0556_c0003_005.jpg,556,2,-1,True,175,8550,1.0,1.0,1,175,1,1,1,1
917,0556_c0003_010.jpg,556,2,-1,True,175,8550,1.0,1.0,1,175,1,1,1,1
918,0556_c0003_015.jpg,556,2,-1,True,175,8550,1.0,1.0,1,175,1,1,1,1
919,0556_c0003_020.jpg,556,2,-1,True,175,8550,1.0,1.0,1,175,1,1,1,1
920,0556_c0004_000.jpg,556,3,-1,True,175,8550,0.9993558884871969,0.9668508287292817,1,181,1,1,1,1
921,0556_c0004_005.jpg,556,3,-1,True,175,8550,1.0,1.0,1,175,1,1,1,1
922,0556_c0004_010.jpg,556,3,-1,True,175,8550,1.0,1.0,1,175,1,1,1,1
923,0556_c0004_015.jpg,556,3,-1,True,175,8550,0.9997438955495574,0.9776536312849162,1,179,1,1,1,1
924,0556_c0004_020.jpg,556,3,-1,True,175,8550,0.999096791377978,0.9615384615384616,1,182,1,1,1,1
925,0556_c0005_000.jpg,556,4,-1,True,175,8550,0.5566790844818086,0.5057803468208093,1,346,1,1,1,1
926,0556_c0005_005.jpg,556,4,-1,True,175,8550,0.5512428379165367,0.5,1,350,1,1,1,1
927,0556_c0005_010.jpg,556,4,-1,True,175,8550,0.5957158177849328,0.5057803468208093,1,346,1,1,1,1
928,0556_c0005_015.jpg,556,4,-1,True,175,8550,0.5373292499712048,0.5177514792899408,1,338,1,1,1,1
929,0556_c0005_020.jpg,556,4,-1,True,175,8550,0.48383077191711876,0.48342541436464087,1,362,1,1,1,1
930,0556_c0006_000.jpg,556,5,-1,True,175,8550,0.9999036918138042,0.9831460674157303,1,178,1,1,1,1
931,0556_c0006_005.jpg,556,5,-1,True,175,8550,1.0,1.0,1,175,1,1,1,1
932,0556_c0006_010.jpg,556,5,-1,True,175,8550,1.0,1.0,1,175,1,1,1,1
933,0556_c0006_015.jpg,556,5,-1,True,175,8550,1.0,1.0,1,175,1,1,1,1
934,0556_c0006_020.jpg,556,5,-1,True,175,8550,1.0,1.0,1,175,1,1,1,1
935,0556_c0007_000.jpg,556,6,-1,True,175,8550,0.8402124337837609,0.5255255255255256,1,333,1,1,1,1
936,0556_c0007_005.jpg,556,6,-1,True,175,8550,0.8738589200573242,0.5368098159509203,1,326,1,1,1,1
937,0556_c0007_010.jpg,556,6,-1,True,175,8550,0.8663586986737077,0.5177514792899408,1,338,1,1,1,1
938,0556_c0007_015.jpg,556,6,-1,True,175,8550,0.8596251212464855,0.5368098159509203,1,326,1,1,1,1
939,0556_c0007_020.jpg,556,6,-1,True,175,8550,0.8369070560664887,0.5239520958083832,1,334,1,1,1,1
940,0556_c0008_000.jpg,556,7,-1,True,175,8550,0.9640200005124768,0.7575757575757576,1,231,1,1,1,1
941,0556_c0008_005.jpg,556,7,-1,True,175,8550,0.9688318971060907,0.875,1,200,1,1,1,1
942,0556_c0008_010.jpg,556,7,-1,True,175,8550,0.9867107244482161,0.8883248730964467,1,197,1,1,1,1
943,0556_c0008_015.jpg,556,7,-1,True,175,8550,0.9814393051341292,0.875,1,200,1,1,1,1
944,0556_c0008_020.jpg,556,7,-1,True,175,8550,0.9860256621471871,0.8883248730964467,1,197,1,1,1,1
945,0558_c0001_000.jpg,558,0,-1,True,175,8550,0.42104770415875886,0.4475703324808184,26,391,0,0,0,0
946,0558_c0001_005.jpg,558,0,-1,True,175,8550,0.43010073628480205,0.4654255319148936,26,376,0,0,0,0
947,0558_c0001_010.jpg,558,0,-1,True,175,8550,0.4398602215038572,0.4533678756476684,26,386,0,0,0,0
948,0558_c0001_015.jpg,558,0,-1,True,175,8550,0.4311559600553407,0.46419098143236076,26,377,0,0,0,0
949,0558_c0001_020.jpg,558,0,-1,True,175,8550,0.4254635935890455,0.4666666666666667,26,375,0,0,0,0
950,0558_c0002_000.jpg,558,1,-1,True,175,8550,0.4207082618881952,0.44871794871794873,21,390,0,0,0,0
951,0558_c0002_005.jpg,558,1,-1,True,175,8550,0.3943533652843785,0.4768392370572207,64,367,0,0,0,0
952,0558_c0002_010.jpg,558,1,-1,True,175,8550,0.3913232927583785,0.4581151832460733,52,382,0,0,0,0
953,0558_c0002_015.jpg,558,1,-1,True,175,8550,0.38685890728317435,0.48342541436464087,54,362,0,0,0,0
954,0558_c0002_020.jpg,558,1,-1,True,175,8550,0.389044036598289,0.4533678756476684,49,386,0,0,0,0
955,0558_c0003_000.jpg,558,2,-1,True,175,8550,0.37159211305681084,0.35714285714285715,51,490,0,0,0,0
956,0558_c0003_005.jpg,558,2,-1,True,175,8550,0.38653611715800007,0.4196642685851319,65,417,0,0,0,0
957,0558_c0003_010.jpg,558,2,-1,True,175,8550,0.365892960745826,0.4107981220657277,57,426,0,0,0,0
958,0558_c0003_015.jpg,558,2,-1,True,175,8550,0.3734966918799797,0.39503386004514673,51,443,0,0,0,0
959,0558_c0003_020.jpg,558,2,-1,True,175,8550,0.3730429297106149,0.4060324825986079,61,431,0,0,0,0
960,0558_c0004_000.jpg,558,3,-1,True,175,8550,0.4688828091754236,0.3593429158110883,26,487,0,0,0,0
961,0558_c0004_005.jpg,558,3,-1,True,175,8550,0.4544105494065767,0.3593429158110883,4,487,0,1,1,1
962,0558_c0004_010.jpg,558,3,-1,True,175,8550,0.4619141885201392,0.3691983122362869,1,474,1,1,1,1
963,0558_c0004_015.jpg,558,3,-1,True,175,8550,0.5253826497256043,0.360082304526749,1,486,1,1,1,1
964,0558_c0004_020.jpg,558,3,-1,True,175,8550,0.4302913332685138,0.33980582524271846,1,515,1,1,1,1
965,0558_c0005_000.jpg,558,4,-1,True,175,8550,0.5636806029412244,0.5,1,350,1,1,1,1
966,0558_c0005_005.jpg,558,4,-1,True,175,8550,0.6001217608476807,0.4943502824858757,1,354,1,1,1,1
967,0558_c0005_010.jpg,558,4,-1,True,175,8550,0.5673199949187667,0.5,1,350,1,1,1,1
968,0558_c0005_015.jpg,558,4,-1,True,175,8550,0.5784806789764728,0.5043227665706052,1,347,1,1,1,1
969,0558_c0005_020.jpg,558,4,-1,True,175,8550,0.5669293044119695,0.5,1,350,1,1,1,1
970,0558_c0006_000.jpg,558,5,-1,True,175,8550,0.5528150627262484,0.4666666666666667,26,375,0,0,0,0
971,0558_c0006_005.jpg,558,5,-1,True,175,8550,0.5508811714130233,0.4166666666666667,26,420,0,0,0,0
972,0558_c0006_010.jpg,558,5,-1,True,175,8550,0.5545445790386789,0.38631346578366443,25,453,0,0,0,0
973,0558_c0006_015.jpg,558,5,-1,True,175,8550,0.559939391212551,0.47297297297297297,24,370,0,0,0,0
974,0558_c0006_020.jpg,558,5,-1,True,175,8550,0.5532244179514509,0.43532338308457713,26,402,0,0,0,0
975,0558_c0007_000.jpg,558,6,-1,True,175,8550,0.6399893868279701,0.550314465408805,1,318,1,1,1,1
976,0558_c0007_005.jpg,558,6,-1,True,175,8550,0.6124055254812377,0.5223880597014925,1,335,1,1,1,1
977,0558_c0007_010.jpg,558,6,-1,True,175,8550,0.6439058499074619,0.5573248407643312,1,314,1,1,1,1
978,0558_c0007_015.jpg,558,6,-1,True,175,8550,0.665461413790274,0.5681818181818182,1,308,1,1,1,1
979,0558_c0007_020.jpg,558,6,-1,True,175,8550,0.6601195265905965,0.5591054313099042,1,313,1,1,1,1
980,0558_c0008_000.jpg,558,7,-1,True,175,8550,0.7323855968772273,0.4666666666666667,1,375,1,1,1,1
981,0558_c0008_005.jpg,558,7,-1,True,175,8550,0.7196820244775975,0.4666666666666667,1,375,1,1,1,1
982,0558_c0008_010.jpg,558,7,-1,True,175,8550,0.7323153422265624,0.4654255319148936,1,376,1,1,1,1
983,0558_c0008_015.jpg,558,7,-1,True,175,8550,0.8063173491279975,0.4679144385026738,1,374,1,1,1,1
984,0558_c0008_020.jpg,558,7,-1,True,175,8550,0.753307208274359,0.4666666666666667,1,375,1,1,1,1
985,0560_c0001_000.jpg,560,0,-1,True,150,8550,0.034966911856697286,0.046787273861509666,661,3206,0,0,0,0
986,0560_c0001_005.jpg,560,0,-1,True,150,8550,0.024939066823631777,0.035046728971962614,1057,4280,0,0,0,0
987,0560_c0001_010.jpg,560,0,-1,True,150,8550,0.021792580624887828,0.031393888656341566,1123,4778,0,0,0,0
988,0560_c0001_015.jpg,560,0,-1,True,150,8550,0.023588469891338372,0.033905967450271246,1055,4424,0,0,0,0
989,0560_c0001_020.jpg,560,0,-1,True,150,8550,0.022056988456319527,0.0325874429719748,1258,4603,0,0,0,0
990,0560_c0002_000.jpg,560,1,-1,True,150,8550,0.9690551450082683,0.6756756756756757,1,222,1,1,1,1
991,0560_c0002_005.jpg,560,1,-1,True,150,8550,0.9690356766626693,0.6756756756756757,1,222,1,1,1,1
992,0560_c0002_010.jpg,560,1,-1,True,150,8550,0.9701412034204301,0.684931506849315,1,219,1,1,1,1
993,0560_c0002_015.jpg,560,1,-1,True,150,8550,0.9696923803002341,0.6880733944954128,1,218,1,1,1,1
994,0560_c0002_020.jpg,560,1,-1,True,150,8550,0.9680037300365443,0.6637168141592921,1,226,1,1,1,1
995,0560_c0003_000.jpg,560,2,-1,True,150,8550,0.9635592735985108,0.7142857142857143,1,210,1,1,1,1
996,0560_c0003_005.jpg,560,2,-1,True,150,8550,0.9623818497424085,0.6880733944954128,1,218,1,1,1,1
997,0560_c0003_010.jpg,560,2,-1,True,150,8550,0.9647039969787744,0.7142857142857143,1,210,1,1,1,1
998,0560_c0003_015.jpg,560,2,-1,True,150,8550,0.9632777815223835,0.7142857142857143,1,210,1,1,1,1
999,0560_c0003_020.jpg,560,2,-1,True,150,8550,0.9630839674651825,0.7009345794392523,1,214,1,1,1,1
1000,0560_c0005_000.jpg,560,4,-1,True,150,8550,0.952009544009119,0.6550218340611353,1,229,1,1,1,1
1001,0560_c0005_005.jpg,560,4,-1,True,150,8550,0.9670860977185318,0.746268656716418,1,201,1,1,1,1
1002,0560_c0005_010.jpg,560,4,-1,True,150,8550,0.9667418102800025,0.75,1,200,1,1,1,1
1003,0560_c0005_015.jpg,560,4,-1,True,150,8550,0.965123264953653,0.7352941176470589,1,204,1,1,1,1
1004,0560_c0005_020.jpg,560,4,-1,True,150,8550,0.9675733922508372,0.7614213197969543,1,197,1,1,1,1
1005,0560_c0006_000.jpg,560,5,-1,True,150,8550,0.9198521748961114,0.3865979381443299,1,388,1,1,1,1
1006,0560_c0006_005.jpg,560,5,-1,True,150,8550,0.9189312967531036,0.3978779840848806,1,377,1,1,1,1
1007,0560_c0006_010.jpg,560,5,-1,True,150,8550,0.919335676883122,0.38961038961038963,1,385,1,1,1,1
1008,0560_c0006_015.jpg,560,5,-1,True,150,8550,0.9235945441744339,0.42735042735042733,1,351,1,1,1,1
1009,0560_c0006_020.jpg,560,5,-1,True,150,8550,0.9201038813842195,0.4032258064516129,1,372,1,1,1,1
1010,0560_c0007_000.jpg,560,6,-1,True,150,8550,0.9474187493883429,0.5747126436781609,1,261,1,1,1,1
1011,0560_c0007_005.jpg,560,6,-1,True,150,8550,0.9466243584512624,0.5747126436781609,1,261,1,1,1,1
1012,0560_c0007_010.jpg,560,6,-1,True,150,8550,0.9462669119373667,0.5660377358490566,1,265,1,1,1,1
1013,0560_c0007_015.jpg,560,6,-1,True,150,8550,0.9471826122913923,0.5725190839694656,1,262,1,1,1,1
1014,0560_c0007_020.jpg,560,6,-1,True,150,8550,0.9481914446366947,0.5813953488372093,1,258,1,1,1,1
1015,0560_c0008_000.jpg,560,7,-1,True,150,8550,0.9608674778682229,0.5859375,1,256,1,1,1,1
1016,0560_c0008_005.jpg,560,7,-1,True,150,8550,0.9635728201233071,0.5791505791505791,1,259,1,1,1,1
1017,0560_c0008_010.jpg,560,7,-1,True,150,8550,0.9598559464373041,0.5836575875486382,1,257,1,1,1,1
1018,0560_c0008_015.jpg,560,7,-1,True,150,8550,0.9594209096273805,0.5882352941176471,1,255,1,1,1,1
1019,0560_c0008_020.jpg,560,7,-1,True,150,8550,0.9604621446292119,0.5791505791505791,1,259,1,1,1,1
1020,0562_c0001_000.jpg,562,0,-1,True,50,8550,0.4560161330379808,0.6024096385542169,26,83,0,0,0,0
1021,0562_c0001_005.jpg,562,0,-1,True,50,8550,0.45533157663053275,0.5681818181818182,26,88,0,0,0,0
1022,0562_c0001_010.jpg,562,0,-1,True,50,8550,0.4542632687814031,0.5494505494505495,26,91,0,0,0,0
1023,0562_c0001_015.jpg,562,0,-1,True,50,8550,0.4548553889219382,0.5617977528089888,26,89,0,0,0,0
1024,0562_c0001_020.jpg,562,0,-1,True,50,8550,0.45369080282829194,0.5376344086021505,26,93,0,0,0,0
1025,0562_c0003_000.jpg,562,2,-1,True,50,8550,0.14631303394086584,0.24875621890547264,123,201,0,0,0,0
1026,0562_c0003_005.jpg,562,2,-1,True,50,8550,0.1464688942033701,0.24875621890547264,114,201,0,0,0,0
1027,0562_c0003_010.jpg,562,2,-1,True,50,8550,0.14631303394086584,0.24875621890547264,123,201,0,0,0,0
1028,0562_c0003_015.jpg,562,2,-1,True,50,8550,0.14631303394086584,0.24875621890547264,123,201,0,0,0,0
1029,0562_c0003_020.jpg,562,2,-1,True,50,8550,0.14633924236296963,0.25,122,200,0,0,0,0
1030,0562_c0005_000.jpg,562,4,-1,True,50,8550,0.3440615091772562,0.4,16,125,0,0,0,1
1031,0562_c0005_005.jpg,562,4,-1,True,50,8550,0.3752423185996215,0.4,7,125,0,0,1,1
1032,0562_c0005_010.jpg,562,4,-1,True,50,8550,0.35843057857747573,0.4,12,125,0,0,0,1
1033,0562_c0005_015.jpg,562,4,-1,True,50,8550,0.3613820892710982,0.4,11,125,0,0,0,1
1034,0562_c0005_020.jpg,562,4,-1,True,50,8550,0.4310896580246609,0.4,7,125,0,0,1,1
1035,0564_c0001_000.jpg,564,0,-1,True,150,8550,0.9847864198599836,0.36855036855036855,1,407,1,1,1,1
1036,0564_c0001_005.jpg,564,0,-1,True,150,8550,0.9887896825396826,0.4934210526315789,1,304,1,1,1,1
1037,0564_c0001_010.jpg,564,0,-1,True,150,8550,0.9850655029770204,0.3588516746411483,1,418,1,1,1,1
1038,0564_c0001_015.jpg,564,0,-1,True,150,8550,0.9831515086245338,0.3138075313807531,1,478,1,1,1,1
1039,0564_c0001_020.jpg,564,0,-1,True,150,8550,0.9852282912596265,0.38071065989847713,1,394,1,1,1,1
1040,0564_c0002_000.jpg,564,1,-1,True,150,8550,0.9876662676361565,0.5494505494505495,1,273,1,1,1,1
1041,0564_c0002_005.jpg,564,1,-1,True,150,8550,0.9627110620987566,0.5119453924914675,1,293,1,1,1,1
1042,0564_c0002_010.jpg,564,1,-1,True,150,8550,0.9696912426621501,0.4854368932038835,1,309,1,1,1,1
1043,0564_c0002_015.jpg,564,1,-1,True,150,8550,0.9836083998047433,0.46875,1,320,1,1,1,1
1044,0564_c0002_020.jpg,564,1,-1,True,150,8550,0.9578870143604519,0.4934210526315789,1,304,1,1,1,1
1045,0564_c0004_000.jpg,564,3,-1,True,150,8550,0.6069660602756323,0.30120481927710846,20,498,0,0,0,1
1046,0564_c0004_005.jpg,564,3,-1,True,150,8550,0.7236062815949734,0.28957528957528955,1,518,1,1,1,1
1047,0564_c0004_010.jpg,564,3,-1,True,150,8550,0.6053968597930388,0.29411764705882354,1,510,1,1,1,1
1048,0564_c0004_015.jpg,564,3,-1,True,150,8550,0.7353344949652665,0.20920502092050208,1,717,1,1,1,1
1049,0564_c0004_020.jpg,564,3,-1,True,150,8550,0.7455892910266878,0.2555366269165247,1,587,1,1,1,1
1050,0564_c0005_000.jpg,564,4,-1,True,150,8550,0.9783225363756293,0.27223230490018147,1,551,1,1,1,1
1051,0564_c0005_005.jpg,564,4,-1,True,150,8550,0.9825611712342167,0.36231884057971014,1,414,1,1,1,1
1052,0564_c0005_010.jpg,564,4,-1,True,150,8550,0.9765525739113798,0.26501766784452296,1,566,1,1,1,1
1053,0564_c0005_015.jpg,564,4,-1,True,150,8550,0.9782293197651893,0.26785714285714285,1,560,1,1,1,1
1054,0564_c0005_020.jpg,564,4,-1,True,150,8550,0.9812367294468983,0.3112033195020747,1,482,1,1,1,1
1055,0564_c0006_000.jpg,564,5,-1,True,150,8550,0.9864250469519523,0.3865979381443299,1,388,1,1,1,1
1056,0564_c0006_005.jpg,564,5,-1,True,150,8550,0.9827752666032988,0.2757352941176471,1,544,1,1,1,1
1057,0564_c0006_010.jpg,564,5,-1,True,150,8550,0.9825022327971844,0.2798507462686567,1,536,1,1,1,1
1058,0564_c0006_015.jpg,564,5,-1,True,150,8550,0.9842296873686558,0.3246753246753247,1,462,1,1,1,1
1059,0564_c0006_020.jpg,564,5,-1,True,150,8550,0.9871674067499558,0.4297994269340974,1,349,1,1,1,1
1060,0564_c0007_000.jpg,564,6,-1,True,150,8550,0.3817742303228861,0.17381228273464658,7,863,0,0,1,1
1061,0564_c0007_005.jpg,564,6,-1,True,150,8550,0.873332245108682,0.5952380952380952,1,252,1,1,1,1
1062,0564_c0007_010.jpg,564,6,-1,True,150,8550,0.9287273231470518,0.6382978723404256,1,235,1,1,1,1
1063,0564_c0007_015.jpg,564,6,-1,True,150,8550,0.9998216176708288,0.9933774834437086,1,151,1,1,1,1
1064,0564_c0007_020.jpg,564,6,-1,True,150,8550,0.9788537657707406,0.75,1,200,1,1,1,1
1065,0564_c0008_000.jpg,564,7,-1,True,150,8550,0.8063973584307427,0.4966887417218543,1,302,1,1,1,1
1066,0564_c0008_005.jpg,564,7,-1,True,150,8550,0.8364595045877936,0.4918032786885246,1,305,1,1,1,1
1067,0564_c0008_010.jpg,564,7,-1,True,150,8550,0.7811940783392766,0.49504950495049505,1,303,1,1,1,1
1068,0564_c0008_015.jpg,564,7,-1,True,150,8550,0.8816834191414022,0.5226480836236934,1,287,1,1,1,1
1069,0564_c0008_020.jpg,564,7,-1,True,150,8550,0.8302404516349469,0.45871559633027525,1,327,1,1,1,1
1070,0566_c0001_000.jpg,566,0,-1,True,175,8550,0.5295913298886125,0.0849102377486657,1,2061,1,1,1,1
1071,0566_c0001_005.jpg,566,0,-1,True,175,8550,0.5318490023157434,0.08417508417508418,1,2079,1,1,1,1
1072,0566_c0001_010.jpg,566,0,-1,True,175,8550,0.5578397855347521,0.09293680297397769,1,1883,1,1,1,1
1073,0566_c0001_015.jpg,566,0,-1,True,175,8550,0.5253491283232727,0.08869741510390268,1,1973,1,1,1,1
1074,0566_c0001_020.jpg,566,0,-1,True,175,8550,0.5447209927100368,0.08776328986960882,1,1994,1,1,1,1
1075,0566_c0002_000.jpg,566,1,-1,True,175,8550,0.5271241068476914,0.1206064782908339,1,1451,1,1,1,1
1076,0566_c0002_005.jpg,566,1,-1,True,175,8550,0.46217749460452473,0.09994288977727013,1,1751,1,1,1,1
1077,0566_c0002_010.jpg,566,1,-1,True,175,8550,0.42940392162890784,0.11612475116124751,1,1507,1,1,1,1
1078,0566_c0002_015.jpg,566,1,-1,True,175,8550,0.42074207372583056,0.1174496644295302,1,1490,1,1,1,1
1079,0566_c0002_020.jpg,566,1,-1,True,175,8550,0.35899424996610996,0.09738452977184196,1,1797,1,1,1,1
1080,0566_c0003_000.jpg,566,2,-1,True,175,8550,0.39461999637815437,0.09931895573212259,1,1762,1,1,1,1
1081,0566_c0003_005.jpg,566,2,-1,True,175,8550,0.3106564057614754,0.09403546480386889,1,1861,1,1,1,1
1082,0566_c0003_010.jpg,566,2,-1,True,175,8550,0.3212904445248312,0.09711431742508324,1,1802,1,1,1,1
1083,0566_c0003_015.jpg,566,2,-1,True,175,8550,0.33806163111623105,0.1037344398340249,1,1687,1,1,1,1
1084,0566_c0003_020.jpg,566,2,-1,True,175,8550,0.3305382006974525,0.09909399773499433,1,1766,1,1,1,1
1085,0566_c0004_000.jpg,566,3,-1,True,175,8550,0.10098536675518174,0.10051694428489374,130,1741,0,0,0,0
1086,0566_c0004_005.jpg,566,3,-1,True,175,8550,0.1298639814069486,0.11210762331838565,72,1561,0,0,0,0
1087,0566_c0004_010.jpg,566,3,-1,True,175,8550,0.19692401602927212,0.08811681772406849,25,1986,0,0,0,0
1088,0566_c0004_015.jpg,566,3,-1,True,175,8550,0.1398765294076945,0.0859106529209622,39,2037,0,0,0,0
1089,0566_c0004_020.jpg,566,3,-1,True,175,8550,0.14135388686092976,0.08856275303643725,70,1976,0,0,0,0
1090,0566_c0005_000.jpg,566,4,-1,True,175,8550,0.6231564196529906,0.1371473354231975,1,1276,1,1,1,1
1091,0566_c0005_005.jpg,566,4,-1,True,175,8550,0.5653223159425778,0.11674449633088725,1,1499,1,1,1,1
1092,0566_c0005_010.jpg,566,4,-1,True,175,8550,0.5139947124623284,0.11047979797979798,1,1584,1,1,1,1
1093,0566_c0005_015.jpg,566,4,-1,True,175,8550,0.6425166330347399,0.17309594460929772,1,1011,1,1,1,1
1094,0566_c0005_020.jpg,566,4,-1,True,175,8550,0.6133818791940493,0.13069454817027631,1,1339,1,1,1,1
1095,0566_c0006_000.jpg,566,5,-1,True,175,8550,0.453079009937043,0.10294117647058823,1,1700,1,1,1,1
1096,0566_c0006_005.jpg,566,5,-1,True,175,8550,0.2788185569387168,0.08816120906801007,1,1985,1,1,1,1
1097,0566_c0006_010.jpg,566,5,-1,True,175,8550,0.35440991987120335,0.08910386965376782,1,1964,1,1,1,1
1098,0566_c0006_015.jpg,566,5,-1,True,175,8550,0.3070624966169981,0.08049678012879485,1,2174,1,1,1,1
1099,0566_c0006_020.jpg,566,5,-1,True,175,8550,0.28968020917998044,0.08349236641221373,1,2096,1,1,1,1
1100,0566_c0007_000.jpg,566,6,-1,True,175,8550,0.7140039045284057,0.373134328358209,1,469,1,1,1,1
1101,0566_c0007_005.jpg,566,6,-1,True,175,8550,0.748443513356371,0.38209606986899564,1,458,1,1,1,1
1102,0566_c0007_010.jpg,566,6,-1,True,175,8550,0.6085692016131429,0.32407407407407407,1,540,1,1,1,1
1103,0566_c0007_015.jpg,566,6,-1,True,175,8550,0.5862437899222462,0.34791252485089463,1,503,1,1,1,1
1104,0566_c0007_020.jpg,566,6,-1,True,175,8550,0.6380183163468327,0.4227053140096618,1,414,1,1,1,1
1105,0566_c0008_000.jpg,566,7,-1,True,175,8550,0.3236320113761383,0.07572479446127217,1,2311,1,1,1,1
1106,0566_c0008_005.jpg,566,7,-1,True,175,8550,0.36301174777928297,0.07763975155279502,1,2254,1,1,1,1
1107,0566_c0008_010.jpg,566,7,-1,True,175,8550,0.4549310545710667,0.08706467661691543,1,2010,1,1,1,1
1108,0566_c0008_015.jpg,566,7,-1,True,175,8550,0.4114019941391654,0.0983698707138842,1,1779,1,1,1,1
1109,0566_c0008_020.jpg,566,7,-1,True,175,8550,0.3623982670077857,0.07719453021614468,1,2267,1,1,1,1
1110,0568_c0001_000.jpg,568,0,-1,True,50,8550,0.37522484076514245,0.10395010395010396,2,481,0,1,1,1
1111,0568_c0001_005.jpg,568,0,-1,True,50,8550,0.15102125281983075,0.09823182711198428,35,509,0,0,0,0
1112,0568_c0001_010.jpg,568,0,-1,True,50,8550,0.19991369691546598,0.10101010101010101,14,495,0,0,0,1
1113,0568_c0001_015.jpg,568,0,-1,True,50,8550,0.19899496822648416,0.12315270935960591,10,406,0,0,1,1
1114,0568_c0001_020.jpg,568,0,-1,True,50,8550,0.3469650217266359,0.11441647597254005,5,437,0,1,1,1
1115,0568_c0005_000.jpg,568,4,-1,True,50,8550,0.3408195701694413,0.32679738562091504,25,153,0,0,0,0
1116,0568_c0005_005.jpg,568,4,-1,True,50,8550,0.3610474258841171,0.4424778761061947,23,113,0,0,0,0
1117,0568_c0005_010.jpg,568,4,-1,True,50,8550,0.34686450330810187,0.42016806722689076,29,119,0,0,0,0
1118,0568_c0005_015.jpg,568,4,-1,True,50,8550,0.38024003548695057,0.45871559633027525,20,109,0,0,0,1
1119,0568_c0005_020.jpg,568,4,-1,True,50,8550,0.45036352370929306,0.44642857142857145,4,112,0,1,1,1
1120,0568_c0006_000.jpg,568,5,-1,True,50,8550,0.6143619366597742,0.19011406844106463,1,263,1,1,1,1
1121,0568_c0006_005.jpg,568,5,-1,True,50,8550,0.6254719099621754,0.19455252918287938,1,257,1,1,1,1
1122,0568_c0006_010.jpg,568,5,-1,True,50,8550,0.6438078925138307,0.199203187250996,1,251,1,1,1,1
1123,0568_c0006_015.jpg,568,5,-1,True,50,8550,0.6195781267146293,0.18587360594795538,1,269,1,1,1,1
1124,0568_c0006_020.jpg,568,5,-1,True,50,8550,0.5976002101076898,0.15384615384615385,1,325,1,1,1,1
1125,0570_c0001_000.jpg,570,0,-1,True,150,8550,0.39568632606470416,0.2336448598130841,1,642,1,1,1,1
1126,0570_c0001_005.jpg,570,0,-1,True,150,8550,0.3799481903191145,0.21929824561403508,1,684,1,1,1,1
1127,0570_c0001_010.jpg,570,0,-1,True,150,8550,0.39386841168311787,0.22590361445783133,1,664,1,1,1,1
1128,0570_c0001_015.jpg,570,0,-1,True,150,8550,0.39466891889765304,0.21961932650073207,1,683,1,1,1,1
1129,0570_c0001_020.jpg,570,0,-1,True,150,8550,0.34933576736402755,0.22970903522205208,1,653,1,1,1,1
1130,0570_c0002_000.jpg,570,1,-1,True,150,8550,0.6084437980726369,0.3424657534246575,1,438,1,1,1,1
1131,0570_c0002_005.jpg,570,1,-1,True,150,8550,0.472241080513528,0.30425963488843816,2,493,0,1,1,1
1132,0570_c0002_010.jpg,570,1,-1,True,150,8550,0.5531482980762348,0.30927835051546393,1,485,1,1,1,1
1133,0570_c0002_015.jpg,570,1,-1,True,150,8550,0.5582788587407166,0.2958579881656805,1,507,1,1,1,1
1134,0570_c0002_020.jpg,570,1,-1,True,150,8550,0.5804214405528471,0.30303030303030304,1,495,1,1,1,1
1135,0570_c0004_000.jpg,570,3,-1,True,150,8550,0.27055254376497406,0.23771790808240886,84,631,0,0,0,0
1136,0570_c0004_005.jpg,570,3,-1,True,150,8550,0.27270431518134436,0.29069767441860467,43,516,0,0,0,0
1137,0570_c0004_010.jpg,570,3,-1,True,150,8550,0.3029357048910382,0.3157894736842105,40,475,0,0,0,0
1138,0570_c0004_015.jpg,570,3,-1,True,150,8550,0.3784392982698321,0.30364372469635625,22,494,0,0,0,0
1139,0570_c0004_020.jpg,570,3,-1,True,150,8550,0.4171750911928486,0.2742230347349177,13,547,0,0,0,1
1140,0570_c0005_000.jpg,570,4,-1,True,150,8550,0.2707413343594689,0.1935483870967742,7,775,0,0,1,1
1141,0570_c0005_005.jpg,570,4,-1,True,150,8550,0.224324250972288,0.1724137931034483,43,870,0,0,0,0
1142,0570_c0005_010.jpg,570,4,-1,True,150,8550,0.21629492355795832,0.17899761336515513,59,838,0,0,0,0
1143,0570_c0005_015.jpg,570,4,-1,True,150,8550,0.2155974028141037,0.18159806295399517,54,826,0,0,0,0
1144,0570_c0005_020.jpg,570,4,-1,True,150,8550,0.1679744733743991,0.15274949083503056,61,982,0,0,0,0
1145,0570_c0006_000.jpg,570,5,-1,True,150,8550,0.12536109611730076,0.15608740894901144,140,961,0,0,0,0
1146,0570_c0006_005.jpg,570,5,-1,True,150,8550,0.1292434172989995,0.12853470437017994,72,1167,0,0,0,0
1147,0570_c0006_010.jpg,570,5,-1,True,150,8550,0.13744919059838223,0.16357688113413305,130,917,0,0,0,0
1148,0570_c0006_015.jpg,570,5,-1,True,150,8550,0.11070167778756324,0.1477832512315271,239,1015,0,0,0,0
1149,0570_c0006_020.jpg,570,5,-1,True,150,8550,0.14114708168777712,0.18137847642079807,145,827,0,0,0,0
1150,0570_c0007_000.jpg,570,6,-1,True,150,8550,0.44459460110582216,0.2727272727272727,40,550,0,0,0,0
1151,0570_c0007_005.jpg,570,6,-1,True,150,8550,0.44114124291594786,0.22026431718061673,36,681,0,0,0,0
1152,0570_c0007_010.jpg,570,6,-1,True,150,8550,0.42448449030596086,0.20380434782608695,34,736,0,0,0,0
1153,0570_c0007_015.jpg,570,6,-1,True,150,8550,0.45075437170239485,0.23885350318471338,26,628,0,0,0,0
1154,0570_c0007_020.jpg,570,6,-1,True,150,8550,0.4356900327934852,0.1984126984126984,26,756,0,0,0,0
1155,0570_c0008_000.jpg,570,7,-1,True,150,8550,0.44485594025937286,0.29354207436399216,1,511,1,1,1,1
1156,0570_c0008_005.jpg,570,7,-1,True,150,8550,0.42863110482487676,0.2912621359223301,1,515,1,1,1,1
1157,0570_c0008_010.jpg,570,7,-1,True,150,8550,0.45770284535951417,0.32679738562091504,1,459,1,1,1,1
1158,0570_c0008_015.jpg,570,7,-1,True,150,8550,0.46319131607414005,0.3225806451612903,1,465,1,1,1,1
1159,0570_c0008_020.jpg,570,7,-1,True,150,8550,0.4362821282148493,0.2782931354359926,1,539,1,1,1,1
1160,0572_c0001_000.jpg,572,0,-1,True,175,8550,0.74511307776084,0.41273584905660377,1,424,1,1,1,1
1161,0572_c0001_005.jpg,572,0,-1,True,175,8550,0.7441525821416102,0.4156769596199525,1,421,1,1,1,1
1162,0572_c0001_010.jpg,572,0,-1,True,175,8550,0.6929780790830347,0.2840909090909091,1,616,1,1,1,1
1163,0572_c0001_015.jpg,572,0,-1,True,175,8550,0.7291356593086584,0.3193430656934307,1,548,1,1,1,1
1164,0572_c0001_020.jpg,572,0,-1,True,175,8550,0.7422459553615491,0.40792540792540793,1,429,1,1,1,1
1165,0572_c0002_000.jpg,572,1,-1,True,175,8550,0.7291462623632393,0.20207852193995382,1,866,1,1,1,1
1166,0572_c0002_005.jpg,572,1,-1,True,175,8550,0.7360470322544452,0.20207852193995382,1,866,1,1,1,1
1167,0572_c0002_010.jpg,572,1,-1,True,175,8550,0.7078276024964131,0.18857758620689655,1,928,1,1,1,1
1168,0572_c0002_015.jpg,572,1,-1,True,175,8550,0.6861989350332396,0.17378351539225423,1,1007,1,1,1,1
1169,0572_c0002_020.jpg,572,1,-1,True,175,8550,0.682238102182979,0.1551418439716312,1,1128,1,1,1,1
1170,0572_c0003_000.jpg,572,2,-1,True,175,8550,0.7365513548957072,0.2795527156549521,1,626,1,1,1,1
1171,0572_c0003_005.jpg,572,2,-1,True,175,8550,0.7186931910614447,0.32771535580524347,1,534,1,1,1,1
1172,0572_c0003_010.jpg,572,2,-1,True,175,8550,0.7407156928864581,0.26881720430107525,1,651,1,1,1,1
1173,0572_c0003_015.jpg,572,2,-1,True,175,8550,0.6986154057763757,0.26515151515151514,1,660,1,1,1,1
1174,0572_c0003_020.jpg,572,2,-1,True,175,8550,0.6707102134676388,0.26881720430107525,1,651,1,1,1,1
1175,0572_c0004_000.jpg,572,3,-1,True,175,8550,0.3902906624577072,0.3779697624190065,28,463,0,0,0,0
1176,0572_c0004_005.jpg,572,3,-1,True,175,8550,0.3820193880856455,0.38209606986899564,26,458,0,0,0,0
1177,0572_c0004_010.jpg,572,3,-1,True,175,8550,0.3846330270843151,0.3723404255319149,26,470,0,0,0,0
1178,0572_c0004_015.jpg,572,3,-1,True,175,8550,0.41105902389105503,0.39149888143176736,26,447,0,0,0,0
1179,0572_c0004_020.jpg,572,3,-1,True,175,8550,0.4105811288561568,0.39503386004514673,27,443,0,0,0,0
1180,0572_c0005_000.jpg,572,4,-1,True,175,8550,0.7423825571831896,0.4716981132075472,1,371,1,1,1,1
1181,0572_c0005_005.jpg,572,4,-1,True,175,8550,0.7131474117586684,0.4985754985754986,1,351,1,1,1,1
1182,0572_c0005_010.jpg,572,4,-1,True,175,8550,0.6318715351320658,0.43532338308457713,1,402,1,1,1,1
1183,0572_c0005_015.jpg,572,4,-1,True,175,8550,0.674944709380897,0.44642857142857145,1,392,1,1,1,1
1184,0572_c0005_020.jpg,572,4,-1,True,175,8550,0.7491304774086164,0.4430379746835443,1,395,1,1,1,1
1185,0572_c0006_000.jpg,572,5,-1,True,175,8550,0.453533975593617,0.19001085776330076,1,921,1,1,1,1
1186,0572_c0006_005.jpg,572,5,-1,True,175,8550,0.47850163260054696,0.19908987485779295,1,879,1,1,1,1
1187,0572_c0006_010.jpg,572,5,-1,True,175,8550,0.476445055959369,0.175,1,1000,1,1,1,1
1188,0572_c0006_015.jpg,572,5,-1,True,175,8550,0.4302933204596651,0.15086206896551724,1,1160,1,1,1,1
1189,0572_c0006_020.jpg,572,5,-1,True,175,8550,0.3951067775620859,0.12077294685990338,1,1449,1,1,1,1
1190,0572_c0007_000.jpg,572,6,-1,True,175,8550,0.8495169456185686,0.4794520547945205,1,365,1,1,1,1
1191,0572_c0007_005.jpg,572,6,-1,True,175,8550,0.8614999717127165,0.4985754985754986,1,351,1,1,1,1
1192,0572_c0007_010.jpg,572,6,-1,True,175,8550,0.8628499838976774,0.4768392370572207,1,367,1,1,1,1
1193,0572_c0007_015.jpg,572,6,-1,True,175,8550,0.8419904983562684,0.42997542997543,1,407,1,1,1,1
1194,0572_c0007_020.jpg,572,6,-1,True,175,8550,0.8494808134254281,0.4666666666666667,1,375,1,1,1,1
1195,0572_c0008_000.jpg,572,7,-1,True,175,8550,0.2455097273233768,0.09870276367738297,7,1773,0,0,1,1
1196,0572_c0008_005.jpg,572,7,-1,True,175,8550,0.2433537317449488,0.109717868338558,27,1595,0,0,0,0
1197,0572_c0008_010.jpg,572,7,-1,True,175,8550,0.2403915856386775,0.09557618787547788,26,1831,0,0,0,0
1198,0572_c0008_015.jpg,572,7,-1,True,175,8550,0.22733926861186457,0.10379596678529063,26,1686,0,0,0,0
1199,0572_c0008_020.jpg,572,7,-1,True,175,8550,0.20959326191500371,0.09820426487093153,27,1782,0,0,0,0
1200,0574_c0001_000.jpg,574,0,-1,True,150,8550,0.3106123499498812,0.04897159647404505,1,3063,1,1,1,1
1201,0574_c0001_005.jpg,574,0,-1,True,150,8550,0.33868675532981124,0.05807200929152149,1,2583,1,1,1,1
1202,0574_c0001_010.jpg,574,0,-1,True,150,8550,0.5268221870263631,0.11441647597254005,1,1311,1,1,1,1
1203,0574_c0001_015.jpg,574,0,-1,True,150,8550,0.3813915847499502,0.10570824524312897,1,1419,1,1,1,1
1204,0574_c0001_020.jpg,574,0,-1,True,150,8550,0.3276000718294263,0.0651890482398957,1,2301,1,1,1,1
1205,0574_c0002_000.jpg,574,1,-1,True,150,8550,0.4429633848966404,0.10482180293501048,1,1431,1,1,1,1
1206,0574_c0002_005.jpg,574,1,-1,True,150,8550,0.47395038744321427,0.1156515034695451,1,1297,1,1,1,1
1207,0574_c0002_010.jpg,574,1,-1,True,150,8550,0.5177567706546927,0.14763779527559054,1,1016,1,1,1,1
1208,0574_c0002_015.jpg,574,1,-1,True,150,8550,0.5313549680136269,0.18450184501845018,1,813,1,1,1,1
1209,0574_c0002_020.jpg,574,1,-1,True,150,8550,0.5625337760336706,0.18820577164366373,1,797,1,1,1,1
1210,0574_c0003_000.jpg,574,2,-1,True,150,8550,0.35572640103151254,0.3448275862068966,28,435,0,0,0,0
1211,0574_c0003_005.jpg,574,2,-1,True,150,8550,0.3439047327150583,0.3640776699029126,29,412,0,0,0,0
1212,0574_c0003_010.jpg,574,2,-1,True,150,8550,0.32156832059680757,0.35629453681710216,27,421,0,0,0,0
1213,0574_c0003_015.jpg,574,2,-1,True,150,8550,0.33682862595280333,0.375,2,400,0,1,1,1
1214,0574_c0003_020.jpg,574,2,-1,True,150,8550,0.3132362581758204,0.3225806451612903,31,465,0,0,0,0
1215,0574_c0004_000.jpg,574,3,-1,True,150,8550,0.49688640057976535,0.33482142857142855,1,448,1,1,1,1
1216,0574_c0004_005.jpg,574,3,-1,True,150,8550,0.4721997882524903,0.3480278422273782,1,431,1,1,1,1
1217,0574_c0004_010.jpg,574,3,-1,True,150,8550,0.4713874933807915,0.336322869955157,1,446,1,1,1,1
1218,0574_c0004_015.jpg,574,3,-1,True,150,8550,0.49322353247932615,0.3488372093023256,1,430,1,1,1,1
1219,0574_c0004_020.jpg,574,3,-1,True,150,8550,0.4642061428927664,0.35046728971962615,1,428,1,1,1,1
1220,0574_c0005_000.jpg,574,4,-1,True,150,8550,0.11633988481484807,0.03248862897985705,16,4617,0,0,0,1
1221,0574_c0005_005.jpg,574,4,-1,True,150,8550,0.14137956980716035,0.037783375314861464,11,3970,0,0,0,1
1222,0574_c0005_010.jpg,574,4,-1,True,150,8550,0.1720600848782265,0.03775484520513466,5,3973,0,1,1,1
1223,0574_c0005_015.jpg,574,4,-1,True,150,8550,0.1624845934887885,0.0370004933399112,6,4054,0,0,1,1
1224,0574_c0005_020.jpg,574,4,-1,True,150,8550,0.15732023044793025,0.03692762186115214,9,4062,0,0,1,1
1225,0574_c0006_000.jpg,574,5,-1,True,150,8550,0.5582322989970108,0.29469548133595286,1,509,1,1,1,1
1226,0574_c0006_005.jpg,574,5,-1,True,150,8550,0.5566697097674904,0.297029702970297,1,505,1,1,1,1
1227,0574_c0006_010.jpg,574,5,-1,True,150,8550,0.5636011736184122,0.2964426877470356,1,506,1,1,1,1
1228,0574_c0006_015.jpg,574,5,-1,True,150,8550,0.6050282411512515,0.3157894736842105,1,475,1,1,1,1
1229,0574_c0006_020.jpg,574,5,-1,True,150,8550,0.5778328582902542,0.32397408207343414,1,463,1,1,1,1
1230,0574_c0008_000.jpg,574,7,-1,True,150,8550,0.5494944888137797,0.13262599469496023,1,1131,1,1,1,1
1231,0574_c0008_005.jpg,574,7,-1,True,150,8550,0.5363721990510535,0.09894459102902374,1,1516,1,1,1,1
1232,0574_c0008_010.jpg,574,7,-1,True,150,8550,0.5255597064627585,0.11363636363636363,1,1320,1,1,1,1
1233,0574_c0008_015.jpg,574,7,-1,True,150,8550,0.5207972537221489,0.1166407465007776,1,1286,1,1,1,1
1234,0574_c0008_020.jpg,574,7,-1,True,150,8550,0.5301505787497768,0.11933174224343675,1,1257,1,1,1,1
1235,0576_c0001_000.jpg,576,0,-1,True,150,8550,0.19723737847596934,0.18094089264173704,30,829,0,0,0,0
1236,0576_c0001_005.jpg,576,0,-1,True,150,8550,0.1567696816268582,0.1366120218579235,88,1098,0,0,0,0
1237,0576_c0001_010.jpg,576,0,-1,True,150,8550,0.16712392408937612,0.1482213438735178,27,1012,0,0,0,0
1238,0576_c0001_015.jpg,576,0,-1,True,150,8550,0.15105759092904567,0.12875536480686695,31,1165,0,0,0,0
1239,0576_c0001_020.jpg,576,0,-1,True,150,8550,0.17940768167059598,0.15030060120240482,27,998,0,0,0,0
1240,0576_c0002_000.jpg,576,1,-1,True,150,8550,0.4838299470175387,0.27075812274368233,1,554,1,1,1,1
1241,0576_c0002_005.jpg,576,1,-1,True,150,8550,0.43348542814329977,0.22156573116691286,1,677,1,1,1,1
1242,0576_c0002_010.jpg,576,1,-1,True,150,8550,0.3189820306099748,0.2459016393442623,7,610,0,0,1,1
1243,0576_c0002_015.jpg,576,1,-1,True,150,8550,0.2617811742033943,0.22058823529411764,4,680,0,1,1,1
1244,0576_c0002_020.jpg,576,1,-1,True,150,8550,0.20435254945700018,0.15608740894901144,5,961,0,1,1,1
1245,0576_c0003_000.jpg,576,2,-1,True,150,8550,0.6050275822896797,0.3024193548387097,1,496,1,1,1,1
1246,0576_c0003_005.jpg,576,2,-1,True,150,8550,0.7079912038793829,0.35545023696682465,1,422,1,1,1,1
1247,0576_c0003_010.jpg,576,2,-1,True,150,8550,0.6234725626807825,0.31185031185031187,1,481,1,1,1,1
1248,0576_c0003_015.jpg,576,2,-1,True,150,8550,0.5691559106981781,0.30303030303030304,1,495,1,1,1,1
1249,0576_c0003_020.jpg,576,2,-1,True,150,8550,0.6148917599332616,0.31446540880503143,1,477,1,1,1,1
1250,0576_c0004_000.jpg,576,3,-1,True,150,8550,0.7768096435827626,0.4143646408839779,1,362,1,1,1,1
1251,0576_c0004_005.jpg,576,3,-1,True,150,8550,0.6976297807312262,0.3456221198156682,1,434,1,1,1,1
1252,0576_c0004_010.jpg,576,3,-1,True,150,8550,0.8160464571890493,0.47318611987381703,1,317,1,1,1,1
1253,0576_c0004_015.jpg,576,3,-1,True,150,8550,0.7456698281452886,0.3937007874015748,1,381,1,1,1,1
1254,0576_c0004_020.jpg,576,3,-1,True,150,8550,0.7023547089860127,0.36496350364963503,1,411,1,1,1,1
1255,0576_c0005_000.jpg,576,4,-1,True,150,8550,0.9702101866514351,0.6437768240343348,1,233,1,1,1,1
1256,0576_c0005_005.jpg,576,4,-1,True,150,8550,0.9649260046228698,0.625,1,240,1,1,1,1
1257,0576_c0005_010.jpg,576,4,-1,True,150,8550,0.9361383552866694,0.5434782608695652,1,276,1,1,1,1
1258,0576_c0005_015.jpg,576,4,-1,True,150,8550,0.9430382028303995,0.5952380952380952,1,252,1,1,1,1
1259,0576_c0005_020.jpg,576,4,-1,True,150,8550,0.7843563430878847,0.3875968992248062,1,387,1,1,1,1
1260,0576_c0006_000.jpg,576,5,-1,True,150,8550,0.787736578423161,0.48859934853420195,1,307,1,1,1,1
1261,0576_c0006_005.jpg,576,5,-1,True,150,8550,0.6108609409705771,0.32119914346895073,1,467,1,1,1,1
1262,0576_c0006_010.jpg,576,5,-1,True,150,8550,0.7001963135368038,0.410958904109589,1,365,1,1,1,1
1263,0576_c0006_015.jpg,576,5,-1,True,150,8550,0.7641476657856832,0.45045045045045046,1,333,1,1,1,1
1264,0576_c0006_020.jpg,576,5,-1,True,150,8550,0.7166711830687765,0.4437869822485207,1,338,1,1,1,1
1265,0576_c0007_000.jpg,576,6,-1,True,150,8550,0.7340387728281947,0.31512605042016806,1,476,1,1,1,1
1266,0576_c0007_005.jpg,576,6,-1,True,150,8550,0.8161340916055722,0.35545023696682465,1,422,1,1,1,1
1267,0576_c0007_010.jpg,576,6,-1,True,150,8550,0.836635453377342,0.352112676056338,1,426,1,1,1,1
1268,0576_c0007_015.jpg,576,6,-1,True,150,8550,0.8551463262417635,0.3614457831325301,1,415,1,1,1,1
1269,0576_c0007_020.jpg,576,6,-1,True,150,8550,0.8716018778536369,0.40106951871657753,1,374,1,1,1,1
1270,0578_c0001_000.jpg,578,0,-1,True,175,8550,0.3865735960373659,0.34860557768924305,26,502,0,0,0,0
1271,0578_c0001_005.jpg,578,0,-1,True,175,8550,0.3586026464253823,0.352112676056338,26,497,0,0,0,0
1272,0578_c0001_010.jpg,578,0,-1,True,175,8550,0.3565074926437742,0.352112676056338,26,497,0,0,0,0
1273,0578_c0001_015.jpg,578,0,-1,True,175,8550,0.3589585091524617,0.34791252485089463,26,503,0,0,0,0
1274,0578_c0001_020.jpg,578,0,-1,True,175,8550,0.37191044972796994,0.3668763102725367,26,477,0,0,0,0
1275,0578_c0002_000.jpg,578,1,-1,True,175,8550,0.1798657444454211,0.24441340782122906,107,716,0,0,0,0
1276,0578_c0002_005.jpg,578,1,-1,True,175,8550,0.18895610312201158,0.2543604651162791,101,688,0,0,0,0
1277,0578_c0002_010.jpg,578,1,-1,True,175,8550,0.19539866890500954,0.26881720430107525,101,651,0,0,0,0
1278,0578_c0002_015.jpg,578,1,-1,True,175,8550,0.1968467814250111,0.2679938744257274,101,653,0,0,0,0
1279,0578_c0002_020.jpg,578,1,-1,True,175,8550,0.19768171962128553,0.26676829268292684,101,656,0,0,0,0
1280,0578_c0003_000.jpg,578,2,-1,True,175,8550,0.3665871199199317,0.3472222222222222,1,504,1,1,1,1
1281,0578_c0003_005.jpg,578,2,-1,True,175,8550,0.3325764453223406,0.3747323340471092,11,467,0,0,0,1
1282,0578_c0003_010.jpg,578,2,-1,True,175,8550,0.4164069372696708,0.3699788583509514,1,473,1,1,1,1
1283,0578_c0003_015.jpg,578,2,-1,True,175,8550,0.42121860068024974,0.360082304526749,1,486,1,1,1,1
1284,0578_c0003_020.jpg,578,2,-1,True,175,8550,0.3705497814256565,0.3804347826086957,3,460,0,1,1,1
1285,0578_c0004_000.jpg,578,3,-1,True,175,8550,0.4323029887618559,0.3125,1,560,1,1,1,1
1286,0578_c0004_005.jpg,578,3,-1,True,175,8550,0.37150071417008984,0.35860655737704916,5,488,0,1,1,1
1287,0578_c0004_010.jpg,578,3,-1,True,175,8550,0.3408216807450506,0.3699788583509514,2,473,0,1,1,1
1288,0578_c0004_015.jpg,578,3,-1,True,175,8550,0.3368026248417252,0.33980582524271846,2,515,0,1,1,1
1289,0578_c0004_020.jpg,578,3,-1,True,175,8550,0.3500415779731205,0.3771551724137931,10,464,0,0,1,1
1290,0578_c0005_000.jpg,578,4,-1,True,175,8550,0.4308753828810306,0.37553648068669526,54,466,0,0,0,0
1291,0578_c0005_005.jpg,578,4,-1,True,175,8550,0.3987703093246895,0.3181818181818182,55,550,0,0,0,0
1292,0578_c0005_010.jpg,578,4,-1,True,175,8550,0.36741009424139276,0.28180354267310787,48,621,0,0,0,0
1293,0578_c0005_015.jpg,578,4,-1,True,175,8550,0.34690621828507856,0.2663622526636225,42,657,0,0,0,0
1294,0578_c0005_020.jpg,578,4,-1,True,175,8550,0.3248234081441033,0.26595744680851063,47,658,0,0,0,0
1295,0578_c0006_000.jpg,578,5,-1,True,175,8550,0.3632549049187173,0.33980582524271846,47,515,0,0,0,0
1296,0578_c0006_005.jpg,578,5,-1,True,175,8550,0.3968592537781184,0.3968253968253968,43,441,0,0,0,0
1297,0578_c0006_010.jpg,578,5,-1,True,175,8550,0.39531009488123037,0.3923766816143498,46,446,0,0,0,0
1298,0578_c0006_015.jpg,578,5,-1,True,175,8550,0.41656066277391995,0.4498714652956298,51,389,0,0,0,0
1299,0578_c0006_020.jpg,578,5,-1,True,175,8550,0.3944905778811504,0.42168674698795183,51,415,0,0,0,0
1300,0578_c0007_000.jpg,578,6,-1,True,175,8550,0.48191686036094217,0.38716814159292035,1,452,1,1,1,1
1301,0578_c0007_005.jpg,578,6,-1,True,175,8550,0.44964203508681944,0.42892156862745096,1,408,1,1,1,1
1302,0578_c0007_010.jpg,578,6,-1,True,175,8550,0.4595927468221001,0.41371158392434987,1,423,1,1,1,1
1303,0578_c0007_015.jpg,578,6,-1,True,175,8550,0.49573256404356675,0.37154989384288745,1,471,1,1,1,1
1304,0578_c0007_020.jpg,578,6,-1,True,175,8550,0.4921928898559094,0.39592760180995473,1,442,1,1,1,1
1305,0578_c0008_000.jpg,578,7,-1,True,175,8550,0.47434276515146256,0.32771535580524347,1,534,1,1,1,1
1306,0578_c0008_005.jpg,578,7,-1,True,175,8550,0.4713545138453473,0.3193430656934307,1,548,1,1,1,1
1307,0578_c0008_010.jpg,578,7,-1,True,175,8550,0.4664194015428427,0.3147482014388489,1,556,1,1,1,1
1308,0578_c0008_015.jpg,578,7,-1,True,175,8550,0.4664819158068262,0.3153153153153153,1,555,1,1,1,1
1309,0578_c0008_020.jpg,578,7,-1,True,175,8550,0.47619996952519483,0.32287822878228783,1,542,1,1,1,1
1310,0580_c0001_000.jpg,580,0,-1,True,175,8550,0.1759504756004606,0.0734985300293994,26,2381,0,0,0,0
1311,0580_c0001_005.jpg,580,0,-1,True,175,8550,0.16932786673508168,0.07950931394820536,28,2201,0,0,0,0
1312,0580_c0001_010.jpg,580,0,-1,True,175,8550,0.15052643699742402,0.081547064305685,12,2146,0,0,0,1
1313,0580_c0001_015.jpg,580,0,-1,True,175,8550,0.15198656222413165,0.08405379442843419,10,2082,0,0,1,1
1314,0580_c0001_020.jpg,580,0,-1,True,175,8550,0.17612623672612152,0.09388412017167382,6,1864,0,0,1,1
1315,0580_c0002_000.jpg,580,1,-1,True,175,8550,0.131838727475834,0.07875787578757876,117,2222,0,0,0,0
1316,0580_c0002_005.jpg,580,1,-1,True,175,8550,0.1484842038385327,0.06944444444444445,12,2520,0,0,0,1
1317,0580_c0002_010.jpg,580,1,-1,True,175,8550,0.14647314137572043,0.06464721093461397,4,2707,0,1,1,1
1318,0580_c0002_015.jpg,580,1,-1,True,175,8550,0.14930289059450988,0.07565931690445309,7,2313,0,0,1,1
1319,0580_c0002_020.jpg,580,1,-1,True,175,8550,0.15569656666323234,0.07777777777777778,32,2250,0,0,0,0
1320,0580_c0003_000.jpg,580,2,-1,True,175,8550,0.08047307268999045,0.06436189775652813,185,2719,0,0,0,0
1321,0580_c0003_005.jpg,580,2,-1,True,175,8550,0.09685930263319462,0.06681939671630394,123,2619,0,0,0,0
1322,0580_c0003_010.jpg,580,2,-1,True,175,8550,0.07921158002845481,0.06386861313868614,165,2740,0,0,0,0
1323,0580_c0003_015.jpg,580,2,-1,True,175,8550,0.08550696619886473,0.06335988414192614,126,2762,0,0,0,0
1324,0580_c0003_020.jpg,580,2,-1,True,175,8550,0.08754577847946646,0.06532288167226577,141,2679,0,0,0,0
1325,0580_c0004_000.jpg,580,3,-1,True,175,8550,0.47509385851295766,0.2246469833119384,3,779,0,1,1,1
1326,0580_c0004_005.jpg,580,3,-1,True,175,8550,0.4915619894981432,0.2358490566037736,3,742,0,1,1,1
1327,0580_c0004_010.jpg,580,3,-1,True,175,8550,0.5025285267553319,0.2547307132459971,3,687,0,1,1,1
1328,0580_c0004_015.jpg,580,3,-1,True,175,8550,0.4918608163032801,0.2543604651162791,3,688,0,1,1,1
1329,0580_c0004_020.jpg,580,3,-1,True,175,8550,0.5012015438826583,0.2581120943952802,3,678,0,1,1,1
1330,0580_c0005_000.jpg,580,4,-1,True,175,8550,0.24897458257578978,0.16173752310536044,2,1082,0,1,1,1
1331,0580_c0005_005.jpg,580,4,-1,True,175,8550,0.22545184281160313,0.18115942028985507,7,966,0,0,1,1
1332,0580_c0005_010.jpg,580,4,-1,True,175,8550,0.24665598337581954,0.17641129032258066,7,992,0,0,1,1
1333,0580_c0005_015.jpg,580,4,-1,True,175,8550,0.2645370362188061,0.18421052631578946,3,950,0,1,1,1
1334,0580_c0005_020.jpg,580,4,-1,True,175,8550,0.24358990489644267,0.1773049645390071,3,987,0,1,1,1
1335,0580_c0006_000.jpg,580,5,-1,True,175,8550,0.272453936302213,0.13471901462663588,3,1299,0,1,1,1
1336,0580_c0006_005.jpg,580,5,-1,True,175,8550,0.262991268979957,0.13409961685823754,13,1305,0,0,0,1
1337,0580_c0006_010.jpg,580,5,-1,True,175,8550,0.24362097421773757,0.11658894070619587,28,1501,0,0,0,0
1338,0580_c0006_015.jpg,580,5,-1,True,175,8550,0.2567449154301857,0.11784511784511785,9,1485,0,0,1,1
1339,0580_c0006_020.jpg,580,5,-1,True,175,8550,0.25965235899752404,0.1281112737920937,20,1366,0,0,0,1
1340,0580_c0007_000.jpg,580,6,-1,True,175,8550,0.3384109240807984,0.0783348254252462,12,2234,0,0,0,1
1341,0580_c0007_005.jpg,580,6,-1,True,175,8550,0.2993831887372364,0.07282563462338744,26,2403,0,0,0,0
1342,0580_c0007_010.jpg,580,6,-1,True,175,8550,0.3362852619348439,0.0775022143489814,20,2258,0,0,0,1
1343,0580_c0007_015.jpg,580,6,-1,True,175,8550,0.3465707135976078,0.08869741510390268,15,1973,0,0,0,1
1344,0580_c0007_020.jpg,580,6,-1,True,175,8550,0.34221037693361894,0.08124419684308264,20,2154,0,0,0,1
1345,0580_c0008_000.jpg,580,7,-1,True,175,8550,0.44762257856720045,0.13297872340425532,1,1316,1,1,1,1
1346,0580_c0008_005.jpg,580,7,-1,True,175,8550,0.4684725982825734,0.11589403973509933,1,1510,1,1,1,1
1347,0580_c0008_010.jpg,580,7,-1,True,175,8550,0.39166843819161307,0.13040238450074515,21,1342,0,0,0,0
1348,0580_c0008_015.jpg,580,7,-1,True,175,8550,0.44068912434028873,0.13148009015777612,1,1331,1,1,1,1
1349,0580_c0008_020.jpg,580,7,-1,True,175,8550,0.3777539733875015,0.12297962052002812,17,1423,0,0,0,1
1350,0582_c0001_000.jpg,582,0,-1,True,175,8550,0.6633028668235127,0.18479408658922913,1,947,1,1,1,1
1351,0582_c0001_005.jpg,582,0,-1,True,175,8550,0.6897744327929184,0.2840909090909091,1,616,1,1,1,1
1352,0582_c0001_010.jpg,582,0,-1,True,175,8550,0.8158347613715071,0.3141831238779174,1,557,1,1,1,1
1353,0582_c0001_015.jpg,582,0,-1,True,175,8550,0.6430985355082905,0.26395173453996984,1,663,1,1,1,1
1354,0582_c0001_020.jpg,582,0,-1,True,175,8550,0.8516619539531615,0.2627627627627628,1,666,1,1,1,1
1355,0582_c0002_000.jpg,582,1,-1,True,175,8550,0.2909142882788909,0.07145773785218457,1,2449,1,1,1,1
1356,0582_c0002_005.jpg,582,1,-1,True,175,8550,0.27875499482378885,0.06196883852691218,1,2824,1,1,1,1
1357,0582_c0002_010.jpg,582,1,-1,True,175,8550,0.37654129138508236,0.0764525993883792,1,2289,1,1,1,1
1358,0582_c0002_015.jpg,582,1,-1,True,175,8550,0.5058649441629907,0.09536784741144415,1,1835,1,1,1,1
1359,0582_c0002_020.jpg,582,1,-1,True,175,8550,0.46066446934071953,0.09378349410503752,1,1866,1,1,1,1
1360,0582_c0003_000.jpg,582,2,-1,True,175,8550,0.20941859322006198,0.1095118898623279,15,1598,0,0,0,1
1361,0582_c0003_005.jpg,582,2,-1,True,175,8550,0.1720102217063207,0.099601593625498,39,1757,0,0,0,0
1362,0582_c0003_010.jpg,582,2,-1,True,175,8550,0.20881192543017996,0.11153601019757807,18,1569,0,0,0,1
1363,0582_c0003_015.jpg,582,2,-1,True,175,8550,0.22361029509084485,0.11167836630504148,15,1567,0,0,0,1
1364,0582_c0003_020.jpg,582,2,-1,True,175,8550,0.21024716291103726,0.11196417146513116,15,1563,0,0,0,1
1365,0582_c0004_000.jpg,582,3,-1,True,175,8550,0.4098102065214263,0.1997716894977169,8,876,0,0,1,1
1366,0582_c0004_005.jpg,582,3,-1,True,175,8550,0.4376531678984035,0.19422863485016648,12,901,0,0,0,1
1367,0582_c0004_010.jpg,582,3,-1,True,175,8550,0.3970975988770872,0.2080856123662307,10,841,0,0,1,1
1368,0582_c0004_015.jpg,582,3,-1,True,175,8550,0.3809637864051367,0.19230769230769232,13,910,0,0,0,1
1369,0582_c0004_020.jpg,582,3,-1,True,175,8550,0.3993879756410851,0.20636792452830188,8,848,0,0,1,1
1370,0582_c0005_000.jpg,582,4,-1,True,175,8550,0.7926665077569084,0.25925925925925924,1,675,1,1,1,1
1371,0582_c0005_005.jpg,582,4,-1,True,175,8550,0.7845357153372653,0.23809523809523808,1,735,1,1,1,1
1372,0582_c0005_010.jpg,582,4,-1,True,175,8550,0.8034727779347515,0.2692307692307692,1,650,1,1,1,1
1373,0582_c0005_015.jpg,582,4,-1,True,175,8550,0.792750406989455,0.27258566978193144,1,642,1,1,1,1
1374,0582_c0005_020.jpg,582,4,-1,True,175,8550,0.7855569389321125,0.24475524475524477,1,715,1,1,1,1
1375,0582_c0006_000.jpg,582,5,-1,True,175,8550,0.26485410548644645,0.12332628611698379,1,1419,1,1,1,1
1376,0582_c0006_005.jpg,582,5,-1,True,175,8550,0.3142642269070814,0.15418502202643172,1,1135,1,1,1,1
1377,0582_c0006_010.jpg,582,5,-1,True,175,8550,0.32786125364275875,0.13757861635220126,1,1272,1,1,1,1
1378,0582_c0006_015.jpg,582,5,-1,True,175,8550,0.2937318794048913,0.13177710843373494,1,1328,1,1,1,1
1379,0582_c0006_020.jpg,582,5,-1,True,175,8550,0.27017209998436814,0.11400651465798045,1,1535,1,1,1,1
1380,0582_c0007_000.jpg,582,6,-1,True,175,8550,0.7632658541039502,0.5057803468208093,1,346,1,1,1,1
1381,0582_c0007_005.jpg,582,6,-1,True,175,8550,0.8627761306947485,0.49157303370786515,1,356,1,1,1,1
1382,0582_c0007_010.jpg,582,6,-1,True,175,8550,0.8323369630480033,0.5555555555555556,1,315,1,1,1,1
1383,0582_c0007_015.jpg,582,6,-1,True,175,8550,0.8043397796086909,0.541795665634675,1,323,1,1,1,1
1384,0582_c0007_020.jpg,582,6,-1,True,175,8550,0.8271534731193291,0.5271084337349398,1,332,1,1,1,1
1385,0582_c0008_000.jpg,582,7,-1,True,175,8550,0.760527996561424,0.23777173913043478,1,736,1,1,1,1
1386,0582_c0008_005.jpg,582,7,-1,True,175,8550,0.7628380417751178,0.22609819121447028,1,774,1,1,1,1
1387,0582_c0008_010.jpg,582,7,-1,True,175,8550,0.7623444480740008,0.27689873417721517,1,632,1,1,1,1
1388,0582_c0008_015.jpg,582,7,-1,True,175,8550,0.7588022529947869,0.24893314366998578,1,703,1,1,1,1
1389,0582_c0008_020.jpg,582,7,-1,True,175,8550,0.7617155809640926,0.2503576537911302,1,699,1,1,1,1
1390,0584_c0001_000.jpg,584,0,-1,True,175,8550,0.43334235996381193,0.2608047690014903,1,671,1,1,1,1
1391,0584_c0001_005.jpg,584,0,-1,True,175,8550,0.216209989774365,0.16279069767441862,48,1075,0,0,0,0
1392,0584_c0001_010.jpg,584,0,-1,True,175,8550,0.3499676551511233,0.20759193357058126,12,843,0,0,0,1
1393,0584_c0001_015.jpg,584,0,-1,True,175,8550,0.3448874466728523,0.23209549071618038,12,754,0,0,0,1
1394,0584_c0001_020.jpg,584,0,-1,True,175,8550,0.5439320757105096,0.28735632183908044,1,609,1,1,1,1
1395,0584_c0002_000.jpg,584,1,-1,True,175,8550,0.6557177582073276,0.06628787878787878,1,2640,1,1,1,1
1396,0584_c0002_005.jpg,584,1,-1,True,175,8550,0.6583878647359966,0.06361323155216285,1,2751,1,1,1,1
1397,0584_c0002_010.jpg,584,1,-1,True,175,8550,0.6670807446359224,0.06457564575645756,1,2710,1,1,1,1
1398,0584_c0002_015.jpg,584,1,-1,True,175,8550,0.6758229753249708,0.06777691711851278,1,2582,1,1,1,1
1399,0584_c0002_020.jpg,584,1,-1,True,175,8550,0.6659811689466936,0.06621263715474839,1,2643,1,1,1,1
1400,0584_c0003_000.jpg,584,2,-1,True,175,8550,0.8460969656782021,0.11160714285714286,1,1568,1,1,1,1
1401,0584_c0003_005.jpg,584,2,-1,True,175,8550,0.8273120915220477,0.09668508287292818,1,1810,1,1,1,1
1402,0584_c0003_010.jpg,584,2,-1,True,175,8550,0.836972403091783,0.09898190045248868,1,1768,1,1,1,1
1403,0584_c0003_015.jpg,584,2,-1,True,175,8550,0.8573159326963391,0.12553802008608322,1,1394,1,1,1,1
1404,0584_c0003_020.jpg,584,2,-1,True,175,8550,0.8619384974731364,0.1363990646921278,1,1283,1,1,1,1
1405,0584_c0004_000.jpg,584,3,-1,True,175,8550,0.35724206674897085,0.21033653846153846,2,832,0,1,1,1
1406,0584_c0004_005.jpg,584,3,-1,True,175,8550,0.23826639426667162,0.14486754966887416,4,1208,0,1,1,1
1407,0584_c0004_010.jpg,584,3,-1,True,175,8550,0.42824927390027256,0.2507163323782235,2,698,0,1,1,1
1408,0584_c0004_015.jpg,584,3,-1,True,175,8550,0.5566976354112187,0.3038194444444444,1,576,1,1,1,1
1409,0584_c0004_020.jpg,584,3,-1,True,175,8550,0.42986900629708397,0.23240371845949534,2,753,0,1,1,1
1410,0584_c0005_000.jpg,584,4,-1,True,175,8550,0.8108789740495171,0.09398496240601503,1,1862,1,1,1,1
1411,0584_c0005_005.jpg,584,4,-1,True,175,8550,0.8057987840174585,0.09259259259259259,1,1890,1,1,1,1
1412,0584_c0005_010.jpg,584,4,-1,True,175,8550,0.8110606229033502,0.0945945945945946,1,1850,1,1,1,1
1413,0584_c0005_015.jpg,584,4,-1,True,175,8550,0.8138257719971237,0.09454349000540249,1,1851,1,1,1,1
1414,0584_c0005_020.jpg,584,4,-1,True,175,8550,0.8080404049889918,0.09328358208955224,1,1876,1,1,1,1
1415,0584_c0006_000.jpg,584,5,-1,True,175,8550,0.5262634996511477,0.12464387464387465,2,1404,0,1,1,1
1416,0584_c0006_005.jpg,584,5,-1,True,175,8550,0.7109670494274781,0.10198135198135198,1,1716,1,1,1,1
1417,0584_c0006_010.jpg,584,5,-1,True,175,8550,0.7857819641557109,0.08851795649974709,1,1977,1,1,1,1
1418,0584_c0006_015.jpg,584,5,-1,True,175,8550,0.7668293367375216,0.08075680664513152,1,2167,1,1,1,1
1419,0584_c0006_020.jpg,584,5,-1,True,175,8550,0.7493310904310254,0.07588898525585429,1,2306,1,1,1,1
1420,0584_c0007_000.jpg,584,6,-1,True,175,8550,0.41334050218938323,0.2684049079754601,1,652,1,1,1,1
1421,0584_c0007_005.jpg,584,6,-1,True,175,8550,0.38689514646263595,0.2608047690014903,1,671,1,1,1,1
1422,0584_c0007_010.jpg,584,6,-1,True,175,8550,0.44269838395403843,0.2795527156549521,1,626,1,1,1,1
1423,0584_c0007_015.jpg,584,6,-1,True,175,8550,0.5056336099056142,0.30755711775043937,1,569,1,1,1,1
1424,0584_c0007_020.jpg,584,6,-1,True,175,8550,0.45047330157113175,0.27821939586645467,1,629,1,1,1,1
1425,0584_c0008_000.jpg,584,7,-1,True,175,8550,0.16121345244057966,0.08012820512820513,26,2184,0,0,0,0
1426,0584_c0008_005.jpg,584,7,-1,True,175,8550,0.16466952822664654,0.08524111056989771,31,2053,0,0,0,0
1427,0584_c0008_010.jpg,584,7,-1,True,175,8550,0.1472473109821984,0.08616445100935499,37,2031,0,0,0,0
1428,0584_c0008_015.jpg,584,7,-1,True,175,8550,0.14300145273873413,0.08124419684308264,32,2154,0,0,0,0
1429,0584_c0008_020.jpg,584,7,-1,True,175,8550,0.14328078065366923,0.08196721311475409,32,2135,0,0,0,0
1430,0586_c0001_000.jpg,586,0,-1,True,175,8550,0.5490801694869556,0.4794520547945205,7,365,0,0,1,1
1431,0586_c0001_005.jpg,586,0,-1,True,175,8550,0.5977685526759946,0.49575070821529743,6,353,0,0,1,1
1432,0586_c0001_010.jpg,586,0,-1,True,175,8550,0.6261680426816895,0.5072463768115942,5,345,0,1,1,1
1433,0586_c0001_015.jpg,586,0,-1,True,175,8550,0.6078934539154391,0.4820936639118457,6,363,0,0,1,1
1434,0586_c0001_020.jpg,586,0,-1,True,175,8550,0.5789362853938548,0.47043010752688175,6,372,0,0,1,1
1435,0586_c0002_000.jpg,586,1,-1,True,175,8550,0.8161860339751313,0.4971590909090909,1,352,1,1,1,1
1436,0586_c0002_005.jpg,586,1,-1,True,175,8550,0.7558266768047461,0.44529262086513993,1,393,1,1,1,1
1437,0586_c0002_010.jpg,586,1,-1,True,175,8550,0.7656825959352664,0.4533678756476684,1,386,1,1,1,1
1438,0586_c0002_015.jpg,586,1,-1,True,175,8550,0.7708592031508988,0.44416243654822335,1,394,1,1,1,1
1439,0586_c0002_020.jpg,586,1,-1,True,175,8550,0.7655426850501948,0.423728813559322,1,413,1,1,1,1
1440,0586_c0003_000.jpg,586,2,-1,True,175,8550,0.8328478251853114,0.30434782608695654,1,575,1,1,1,1
1441,0586_c0003_005.jpg,586,2,-1,True,175,8550,0.831240279200697,0.2931323283082077,1,597,1,1,1,1
1442,0586_c0003_010.jpg,586,2,-1,True,175,8550,0.8312036242099522,0.29411764705882354,1,595,1,1,1,1
1443,0586_c0003_015.jpg,586,2,-1,True,175,8550,0.8277170368838548,0.2717391304347826,1,644,1,1,1,1
1444,0586_c0003_020.jpg,586,2,-1,True,175,8550,0.8292958889095777,0.2840909090909091,1,616,1,1,1,1
1445,0586_c0004_000.jpg,586,3,-1,True,175,8550,0.9796788604969789,0.8663366336633663,1,202,1,1,1,1
1446,0586_c0004_005.jpg,586,3,-1,True,175,8550,0.9879255521643777,0.9067357512953368,1,193,1,1,1,1
1447,0586_c0004_010.jpg,586,3,-1,True,175,8550,0.9811862557589279,0.8706467661691543,1,201,1,1,1,1
1448,0586_c0004_015.jpg,586,3,-1,True,175,8550,0.9833969903064953,0.8793969849246231,1,199,1,1,1,1
1449,0586_c0004_020.jpg,586,3,-1,True,175,8550,0.9725129626704759,0.8663366336633663,1,202,1,1,1,1
1450,0586_c0005_000.jpg,586,4,-1,True,175,8550,0.9029124949853795,0.45454545454545453,1,385,1,1,1,1
1451,0586_c0005_005.jpg,586,4,-1,True,175,8550,0.908716581236787,0.4581151832460733,1,382,1,1,1,1
1452,0586_c0005_010.jpg,586,4,-1,True,175,8550,0.9156548084844285,0.4691689008042895,1,373,1,1,1,1
1453,0586_c0005_015.jpg,586,4,-1,True,175,8550,0.9141641244187347,0.47297297297297297,1,370,1,1,1,1
1454,0586_c0005_020.jpg,586,4,-1,True,175,8550,0.9040094052200494,0.4375,1,400,1,1,1,1
1455,0586_c0006_000.jpg,586,5,-1,True,175,8550,1.0,1.0,1,175,1,1,1,1
1456,0586_c0006_005.jpg,586,5,-1,True,175,8550,0.9978873050599086,0.9668508287292817,1,181,1,1,1,1
1457,0586_c0006_010.jpg,586,5,-1,True,175,8550,0.9963251173324907,0.9459459459459459,1,185,1,1,1,1
1458,0586_c0006_015.jpg,586,5,-1,True,175,8550,0.9933511926208507,0.9067357512953368,1,193,1,1,1,1
1459,0586_c0006_020.jpg,586,5,-1,True,175,8550,0.9795005463746317,0.8578431372549019,1,204,1,1,1,1
1460,0586_c0007_000.jpg,586,6,-1,True,175,8550,0.9677895514356932,0.8793969849246231,1,199,1,1,1,1
1461,0586_c0007_005.jpg,586,6,-1,True,175,8550,0.9901507629734693,0.9308510638297872,1,188,1,1,1,1
1462,0586_c0007_010.jpg,586,6,-1,True,175,8550,0.996778321853159,0.9722222222222222,1,180,1,1,1,1
1463,0586_c0007_015.jpg,586,6,-1,True,175,8550,0.9996001879160034,0.9887005649717514,1,177,1,1,1,1
1464,0586_c0007_020.jpg,586,6,-1,True,175,8550,0.9994984306720861,0.9887005649717514,1,177,1,1,1,1
1465,0586_c0008_000.jpg,586,7,-1,True,175,8550,0.9316474763998533,0.5555555555555556,1,315,1,1,1,1
1466,0586_c0008_005.jpg,586,7,-1,True,175,8550,0.9518339496374854,0.6554307116104869,1,267,1,1,1,1
1467,0586_c0008_010.jpg,586,7,-1,True,175,8550,0.9459884285595155,0.6076388888888888,1,288,1,1,1,1
1468,0586_c0008_015.jpg,586,7,-1,True,175,8550,0.9394329862780444,0.5993150684931506,1,292,1,1,1,1
1469,0586_c0008_020.jpg,586,7,-1,True,175,8550,0.9513912141451936,0.6529850746268657,1,268,1,1,1,1
1470,0588_c0001_000.jpg,588,0,-1,True,175,8550,0.33160714133473024,0.3102836879432624,14,564,0,0,0,1
1471,0588_c0001_005.jpg,588,0,-1,True,175,8550,0.3324414449915349,0.33783783783783783,29,518,0,0,0,0
1472,0588_c0001_010.jpg,588,0,-1,True,175,8550,0.32075645564149335,0.30918727915194344,16,566,0,0,0,1
1473,0588_c0001_015.jpg,588,0,-1,True,175,8550,0.30901638859655634,0.3333333333333333,22,525,0,0,0,0
1474,0588_c0001_020.jpg,588,0,-1,True,175,8550,0.3208516598283116,0.2921535893155259,23,599,0,0,0,0
1475,0588_c0002_000.jpg,588,1,-1,True,175,8550,0.5235135974507662,0.33206831119544594,1,527,1,1,1,1
1476,0588_c0002_005.jpg,588,1,-1,True,175,8550,0.413265301446124,0.2696456086286595,7,649,0,0,1,1
1477,0588_c0002_010.jpg,588,1,-1,True,175,8550,0.48658688455338117,0.2951096121416526,2,593,0,1,1,1
1478,0588_c0002_015.jpg,588,1,-1,True,175,8550,0.4854571435567721,0.32287822878228783,1,542,1,1,1,1
1479,0588_c0002_020.jpg,588,1,-1,True,175,8550,0.5712649494994458,0.24647887323943662,1,710,1,1,1,1
1480,0588_c0003_000.jpg,588,2,-1,True,175,8550,0.46068643050545377,0.37154989384288745,6,471,0,0,1,1
1481,0588_c0003_005.jpg,588,2,-1,True,175,8550,0.5605624790209152,0.4257907542579075,1,411,1,1,1,1
1482,0588_c0003_010.jpg,588,2,-1,True,175,8550,0.5524136784319241,0.4060324825986079,1,431,1,1,1,1
1483,0588_c0003_015.jpg,588,2,-1,True,175,8550,0.585252499492716,0.3707627118644068,1,472,1,1,1,1
1484,0588_c0003_020.jpg,588,2,-1,True,175,8550,0.5654919943736674,0.4088785046728972,1,428,1,1,1,1
1485,0588_c0004_000.jpg,588,3,-1,True,175,8550,0.25558717281957216,0.18229166666666666,1,960,1,1,1,1
1486,0588_c0004_005.jpg,588,3,-1,True,175,8550,0.2769797130393872,0.18401682439537329,1,951,1,1,1,1
1487,0588_c0004_010.jpg,588,3,-1,True,175,8550,0.21605470420438563,0.18343815513626835,6,954,0,0,1,1
1488,0588_c0004_015.jpg,588,3,-1,True,175,8550,0.2272756150526075,0.1853813559322034,4,944,0,1,1,1
1489,0588_c0004_020.jpg,588,3,-1,True,175,8550,0.267133505263109,0.18577494692144372,1,942,1,1,1,1
1490,0588_c0005_000.jpg,588,4,-1,True,175,8550,0.4865138609316456,0.2663622526636225,22,657,0,0,0,0
1491,0588_c0005_005.jpg,588,4,-1,True,175,8550,0.4857484635034009,0.27821939586645467,26,629,0,0,0,0
1492,0588_c0005_010.jpg,588,4,-1,True,175,8550,0.4945618013609446,0.2840909090909091,17,616,0,0,0,1
1493,0588_c0005_015.jpg,588,4,-1,True,175,8550,0.6188936230156672,0.2696456086286595,1,649,1,1,1,1
1494,0588_c0005_020.jpg,588,4,-1,True,175,8550,0.5322107362001449,0.264750378214826,3,661,0,1,1,1
1495,0588_c0006_000.jpg,588,5,-1,True,175,8550,0.6783696223929059,0.23972602739726026,1,730,1,1,1,1
1496,0588_c0006_005.jpg,588,5,-1,True,175,8550,0.6751931913589565,0.26395173453996984,1,663,1,1,1,1
1497,0588_c0006_010.jpg,588,5,-1,True,175,8550,0.6680318232913098,0.24475524475524477,1,715,1,1,1,1
1498,0588_c0006_015.jpg,588,5,-1,True,175,8550,0.6655267881517606,0.2562225475841874,1,683,1,1,1,1
1499,0588_c0006_020.jpg,588,5,-1,True,175,8550,0.6646077667218511,0.2631578947368421,1,665,1,1,1,1
1500,0588_c0007_000.jpg,588,6,-1,True,175,8550,0.6955238131417785,0.26676829268292684,1,656,1,1,1,1
1501,0588_c0007_005.jpg,588,6,-1,True,175,8550,0.7061362928116327,0.33206831119544594,1,527,1,1,1,1
1502,0588_c0007_010.jpg,588,6,-1,True,175,8550,0.7038925936803371,0.2619760479041916,1,668,1,1,1,1
1503,0588_c0007_015.jpg,588,6,-1,True,175,8550,0.6843895520252022,0.23616734143049933,1,741,1,1,1,1
1504,0588_c0007_020.jpg,588,6,-1,True,175,8550,0.6801382953042274,0.2565982404692082,1,682,1,1,1,1
1505,0588_c0008_000.jpg,588,7,-1,True,175,8550,0.5196821439228151,0.18440463645943098,2,949,0,1,1,1
1506,0588_c0008_005.jpg,588,7,-1,True,175,8550,0.414399098872357,0.18248175182481752,7,959,0,0,1,1
1507,0588_c0008_010.jpg,588,7,-1,True,175,8550,0.39540829090355917,0.17535070140280562,2,998,0,1,1,1
1508,0588_c0008_015.jpg,588,7,-1,True,175,8550,0.4303676858580326,0.18421052631578946,6,950,0,0,1,1
1509,0588_c0008_020.jpg,588,7,-1,True,175,8550,0.42749695782472497,0.1809720785935884,16,967,0,0,0,1
1510,0590_c0001_000.jpg,590,0,-1,True,150,8550,0.8437215156730922,0.25817555938037867,1,581,1,1,1,1
1511,0590_c0001_005.jpg,590,0,-1,True,150,8550,0.8291029622684886,0.25295109612141653,1,593,1,1,1,1
1512,0590_c0001_010.jpg,590,0,-1,True,150,8550,0.8297284725086325,0.24193548387096775,1,620,1,1,1,1
1513,0590_c0001_015.jpg,590,0,-1,True,150,8550,0.8344388875814268,0.23400936037441497,1,641,1,1,1,1
1514,0590_c0001_020.jpg,590,0,-1,True,150,8550,0.845072816341691,0.23510971786833856,1,638,1,1,1,1
1515,0590_c0002_000.jpg,590,1,-1,True,150,8550,0.262455164004162,0.16648168701442842,14,901,0,0,0,1
1516,0590_c0002_005.jpg,590,1,-1,True,150,8550,0.3616922264218834,0.2063273727647868,7,727,0,0,1,1
1517,0590_c0002_010.jpg,590,1,-1,True,150,8550,0.24898221814004293,0.14677103718199608,27,1022,0,0,0,0
1518,0590_c0002_015.jpg,590,1,-1,True,150,8550,0.2663685305751125,0.16146393972012918,25,929,0,0,0,0
1519,0590_c0002_020.jpg,590,1,-1,True,150,8550,0.5241028553150833,0.2777777777777778,1,540,1,1,1,1
1520,0590_c0004_000.jpg,590,3,-1,True,150,8550,0.8916154652720862,0.25125628140703515,1,597,1,1,1,1
1521,0590_c0004_005.jpg,590,3,-1,True,150,8550,0.899980940994698,0.273224043715847,1,549,1,1,1,1
1522,0590_c0004_010.jpg,590,3,-1,True,150,8550,0.8941590921253563,0.25996533795493937,1,577,1,1,1,1
1523,0590_c0004_015.jpg,590,3,-1,True,150,8550,0.881661498091241,0.2384737678855326,1,629,1,1,1,1
1524,0590_c0004_020.jpg,590,3,-1,True,150,8550,0.8804620365664776,0.23112480739599384,1,649,1,1,1,1
1525,0590_c0005_000.jpg,590,4,-1,True,150,8550,0.9586267103752556,0.47619047619047616,1,315,1,1,1,1
1526,0590_c0005_005.jpg,590,4,-1,True,150,8550,0.9473801307827316,0.6024096385542169,1,249,1,1,1,1
1527,0590_c0005_010.jpg,590,4,-1,True,150,8550,0.9254450430235241,0.47770700636942676,1,314,1,1,1,1
1528,0590_c0005_015.jpg,590,4,-1,True,150,8550,0.9505151315784163,0.6147540983606558,1,244,1,1,1,1
1529,0590_c0005_020.jpg,590,4,-1,True,150,8550,0.9494615937206383,0.7177033492822966,1,209,1,1,1,1
1530,0590_c0006_000.jpg,590,5,-1,True,150,8550,0.7776869496826667,0.4437869822485207,1,338,1,1,1,1
1531,0590_c0006_005.jpg,590,5,-1,True,150,8550,0.8087617912194444,0.49019607843137253,1,306,1,1,1,1
1532,0590_c0006_010.jpg,590,5,-1,True,150,8550,0.7668432092887656,0.47619047619047616,1,315,1,1,1,1
1533,0590_c0006_015.jpg,590,5,-1,True,150,8550,0.8451294160267537,0.49019607843137253,1,306,1,1,1,1
1534,0590_c0006_020.jpg,590,5,-1,True,150,8550,0.8354009467748553,0.5033557046979866,1,298,1,1,1,1
1535,0590_c0007_000.jpg,590,6,-1,True,150,8550,0.9667428581754276,0.5415162454873647,1,277,1,1,1,1
1536,0590_c0007_005.jpg,590,6,-1,True,150,8550,0.9833599863798239,0.6607929515418502,1,227,1,1,1,1
1537,0590_c0007_010.jpg,590,6,-1,True,150,8550,0.9548381338955422,0.487012987012987,1,308,1,1,1,1
1538,0590_c0007_015.jpg,590,6,-1,True,150,8550,0.9592225090092238,0.5319148936170213,1,282,1,1,1,1
1539,0590_c0007_020.jpg,590,6,-1,True,150,8550,0.9843060776611299,0.6912442396313364,1,217,1,1,1,1
1540,0590_c0008_000.jpg,590,7,-1,True,150,8550,0.9037996330378311,0.32894736842105265,1,456,1,1,1,1
1541,0590_c0008_005.jpg,590,7,-1,True,150,8550,0.8926412289144605,0.30927835051546393,1,485,1,1,1,1
1542,0590_c0008_010.jpg,590,7,-1,True,150,8550,0.8830189955803989,0.28846153846153844,1,520,1,1,1,1
1543,0590_c0008_015.jpg,590,7,-1,True,150,8550,0.8991643426285381,0.3067484662576687,1,489,1,1,1,1
1544,0590_c0008_020.jpg,590,7,-1,True,150,8550,0.9296644097617079,0.4225352112676056,1,355,1,1,1,1
1545,0592_c0001_000.jpg,592,0,-1,True,125,8550,0.3987146078106022,0.26881720430107525,26,465,0,0,0,0
1546,0592_c0001_005.jpg,592,0,-1,True,125,8550,0.32611171213921286,0.23105360443622922,6,541,0,0,1,1
1547,0592_c0001_010.jpg,592,0,-1,True,125,8550,0.34367725180159747,0.2403846153846154,17,520,0,0,0,1
1548,0592_c0001_015.jpg,592,0,-1,True,125,8550,0.36125549476789165,0.2545824847250509,13,491,0,0,0,1
1549,0592_c0001_020.jpg,592,0,-1,True,125,8550,0.33576763362102835,0.23629489603024575,20,529,0,0,0,1
1550,0592_c0002_000.jpg,592,1,-1,True,125,8550,0.6544174657156072,0.35714285714285715,1,350,1,1,1,1
1551,0592_c0002_005.jpg,592,1,-1,True,125,8550,0.7201533021509992,0.32894736842105265,1,380,1,1,1,1
1552,0592_c0002_010.jpg,592,1,-1,True,125,8550,0.7011586429961297,0.28868360277136257,1,433,1,1,1,1
1553,0592_c0002_015.jpg,592,1,-1,True,125,8550,0.6718158911063972,0.28868360277136257,1,433,1,1,1,1
1554,0592_c0002_020.jpg,592,1,-1,True,125,8550,0.6415025644019855,0.27839643652561247,1,449,1,1,1,1
1555,0592_c0003_000.jpg,592,2,-1,True,125,8550,0.44028133125542673,0.24177949709864605,1,517,1,1,1,1
1556,0592_c0003_005.jpg,592,2,-1,True,125,8550,0.44217468563570983,0.24177949709864605,1,517,1,1,1,1
1557,0592_c0003_010.jpg,592,2,-1,True,125,8550,0.44091942389043776,0.24509803921568626,1,510,1,1,1,1
1558,0592_c0003_015.jpg,592,2,-1,True,125,8550,0.4583939747063817,0.24224806201550386,1,516,1,1,1,1
1559,0592_c0003_020.jpg,592,2,-1,True,125,8550,0.4057280531606062,0.2403846153846154,1,520,1,1,1,1
1560,0592_c0005_000.jpg,592,4,-1,True,125,8550,0.6632683792522445,0.3654970760233918,1,342,1,1,1,1
1561,0592_c0005_005.jpg,592,4,-1,True,125,8550,0.6553522791960876,0.3351206434316354,1,373,1,1,1,1
1562,0592_c0005_010.jpg,592,4,-1,True,125,8550,0.6470490252996817,0.3125,1,400,1,1,1,1
1563,0592_c0005_015.jpg,592,4,-1,True,125,8550,0.6529955176967799,0.32051282051282054,1,390,1,1,1,1
1564,0592_c0005_020.jpg,592,4,-1,True,125,8550,0.6386235007195931,0.29904306220095694,1,418,1,1,1,1
1565,0592_c0006_000.jpg,592,5,-1,True,125,8550,0.28919254079569334,0.2997601918465228,27,417,0,0,0,0
1566,0592_c0006_005.jpg,592,5,-1,True,125,8550,0.3454824352700256,0.30413625304136255,20,411,0,0,0,1
1567,0592_c0006_010.jpg,592,5,-1,True,125,8550,0.35747084068443186,0.30864197530864196,21,405,0,0,0,0
1568,0592_c0006_015.jpg,592,5,-1,True,125,8550,0.3517307027282196,0.2976190476190476,10,420,0,0,1,1
1569,0592_c0006_020.jpg,592,5,-1,True,125,8550,0.45999251370154515,0.3117206982543641,1,401,1,1,1,1
1570,0592_c0007_000.jpg,592,6,-1,True,125,8550,0.7093741170314071,0.24752475247524752,1,505,1,1,1,1
1571,0592_c0007_005.jpg,592,6,-1,True,125,8550,0.7002406953818149,0.23062730627306274,1,542,1,1,1,1
1572,0592_c0007_010.jpg,592,6,-1,True,125,8550,0.6171633661832352,0.2158894645941278,1,579,1,1,1,1
1573,0592_c0007_015.jpg,592,6,-1,True,125,8550,0.7344860184427802,0.22768670309653916,1,549,1,1,1,1
1574,0592_c0007_020.jpg,592,6,-1,True,125,8550,0.7210358983091045,0.24801587301587302,1,504,1,1,1,1
1575,0594_c0001_000.jpg,594,0,-1,True,150,8550,0.48525278028294544,0.14018691588785046,1,1070,1,1,1,1
1576,0594_c0001_005.jpg,594,0,-1,True,150,8550,0.4461263338333134,0.13146362839614373,1,1141,1,1,1,1
1577,0594_c0001_010.jpg,594,0,-1,True,150,8550,0.43115694612038347,0.12057877813504823,1,1244,1,1,1,1
1578,0594_c0001_015.jpg,594,0,-1,True,150,8550,0.4391733483137662,0.12376237623762376,1,1212,1,1,1,1
1579,0594_c0001_020.jpg,594,0,-1,True,150,8550,0.42892225158349123,0.11459129106187929,1,1309,1,1,1,1
1580,0594_c0002_000.jpg,594,1,-1,True,150,8550,0.5126922154258494,0.1913265306122449,1,784,1,1,1,1
1581,0594_c0002_005.jpg,594,1,-1,True,150,8550,0.4674080137145707,0.18796992481203006,1,798,1,1,1,1
1582,0594_c0002_010.jpg,594,1,-1,True,150,8550,0.445716991709644,0.1884422110552764,1,796,1,1,1,1
1583,0594_c0002_015.jpg,594,1,-1,True,150,8550,0.43713951863392375,0.18541409147095178,1,809,1,1,1,1
1584,0594_c0002_020.jpg,594,1,-1,True,150,8550,0.46060788357382176,0.18472906403940886,1,812,1,1,1,1
1585,0594_c0003_000.jpg,594,2,-1,True,150,8550,0.5919876173000431,0.14340344168260039,1,1046,1,1,1,1
1586,0594_c0003_005.jpg,594,2,-1,True,150,8550,0.587045204759444,0.14381591562799617,1,1043,1,1,1,1
1587,0594_c0003_010.jpg,594,2,-1,True,150,8550,0.5805388319278246,0.14450867052023122,1,1038,1,1,1,1
1588,0594_c0003_015.jpg,594,2,-1,True,150,8550,0.5686692597099924,0.14436958614051973,1,1039,1,1,1,1
1589,0594_c0003_020.jpg,594,2,-1,True,150,8550,0.5845949233792456,0.14492753623188406,1,1035,1,1,1,1
1590,0594_c0005_000.jpg,594,4,-1,True,150,8550,0.5744291301006011,0.1485148514851485,1,1010,1,1,1,1
1591,0594_c0005_005.jpg,594,4,-1,True,150,8550,0.5984906695888427,0.14071294559099437,1,1066,1,1,1,1
1592,0594_c0005_010.jpg,594,4,-1,True,150,8550,0.5967893828664084,0.14111006585136407,1,1063,1,1,1,1
1593,0594_c0005_015.jpg,594,4,-1,True,150,8550,0.5849530755766058,0.14097744360902256,1,1064,1,1,1,1
1594,0594_c0005_020.jpg,594,4,-1,True,150,8550,0.5990427643560692,0.13979496738117428,1,1073,1,1,1,1
1595,0594_c0006_000.jpg,594,5,-1,True,150,8550,0.26209851592712813,0.13736263736263737,29,1092,0,0,0,0
1596,0594_c0006_005.jpg,594,5,-1,True,150,8550,0.2657267547718591,0.14150943396226415,26,1060,0,0,0,0
1597,0594_c0006_010.jpg,594,5,-1,True,150,8550,0.26862182358470593,0.1450676982591876,26,1034,0,0,0,0
1598,0594_c0006_015.jpg,594,5,-1,True,150,8550,0.3122095760863644,0.1583949313621964,26,947,0,0,0,0
1599,0594_c0006_020.jpg,594,5,-1,True,150,8550,0.2894347453492538,0.15739769150052466,26,953,0,0,0,0
1600,0594_c0007_000.jpg,594,6,-1,True,150,8550,0.28127647991262517,0.31645569620253167,40,474,0,0,0,0
1601,0594_c0007_005.jpg,594,6,-1,True,150,8550,0.2688626724220704,0.2994011976047904,93,501,0,0,0,0
1602,0594_c0007_010.jpg,594,6,-1,True,150,8550,0.2714004632426324,0.33557046979865773,115,447,0,0,0,0
1603,0594_c0007_015.jpg,594,6,-1,True,150,8550,0.27498697311579695,0.33185840707964603,95,452,0,0,0,0
1604,0594_c0007_020.jpg,594,6,-1,True,150,8550,0.28220358814753316,0.3184713375796178,109,471,0,0,0,0
1605,0594_c0008_000.jpg,594,7,-1,True,150,8550,0.3337505990077793,0.24671052631578946,36,608,0,0,0,0
1606,0594_c0008_005.jpg,594,7,-1,True,150,8550,0.20924544593885766,0.1865671641791045,135,804,0,0,0,0
1607,0594_c0008_010.jpg,594,7,-1,True,150,8550,0.2685754875398793,0.21337126600284495,78,703,0,0,0,0
1608,0594_c0008_015.jpg,594,7,-1,True,150,8550,0.3242614270327447,0.25862068965517243,75,580,0,0,0,0
1609,0594_c0008_020.jpg,594,7,-1,True,150,8550,0.23629958510456792,0.19206145966709348,76,781,0,0,0,0
1610,0596_c0001_000.jpg,596,0,-1,True,175,8550,0.4468946408173708,0.10548523206751055,26,1659,0,0,0,0
1611,0596_c0001_005.jpg,596,0,-1,True,175,8550,0.4647077917368092,0.10567632850241546,26,1656,0,0,0,0
1612,0596_c0001_010.jpg,596,0,-1,True,175,8550,0.5074110422241646,0.10491606714628297,21,1668,0,0,0,0
1613,0596_c0001_015.jpg,596,0,-1,True,175,8550,0.49916729186210723,0.10398098633392751,24,1683,0,0,0,0
1614,0596_c0001_020.jpg,596,0,-1,True,175,8550,0.5288776784515911,0.10398098633392751,11,1683,0,0,0,1
1615,0596_c0002_000.jpg,596,1,-1,True,175,8550,0.15617655545242687,0.1053582179409994,56,1661,0,0,0,0
1616,0596_c0002_005.jpg,596,1,-1,True,175,8550,0.43382910741436764,0.12991833704528583,1,1347,1,1,1,1
1617,0596_c0002_010.jpg,596,1,-1,True,175,8550,0.4421768209152891,0.1313813813813814,1,1332,1,1,1,1
1618,0596_c0002_015.jpg,596,1,-1,True,175,8550,0.43919243522939677,0.12792397660818713,1,1368,1,1,1,1
1619,0596_c0002_020.jpg,596,1,-1,True,175,8550,0.4436154618887425,0.12102351313969571,1,1446,1,1,1,1
1620,0596_c0003_000.jpg,596,2,-1,True,175,8550,0.8444842574038555,0.1435602953240361,1,1219,1,1,1,1
1621,0596_c0003_005.jpg,596,2,-1,True,175,8550,0.818541413892832,0.1388888888888889,1,1260,1,1,1,1
1622,0596_c0003_010.jpg,596,2,-1,True,175,8550,0.8326154966830125,0.13368983957219252,1,1309,1,1,1,1
1623,0596_c0003_015.jpg,596,2,-1,True,175,8550,0.8242384203119504,0.14239218877135884,1,1229,1,1,1,1
1624,0596_c0003_020.jpg,596,2,-1,True,175,8550,0.8244486849359207,0.14332514332514332,1,1221,1,1,1,1
1625,0596_c0004_000.jpg,596,3,-1,True,175,8550,0.8719472052419737,0.0848690591658584,1,2062,1,1,1,1
1626,0596_c0004_005.jpg,596,3,-1,True,175,8550,0.8733863172556947,0.08196721311475409,1,2135,1,1,1,1
1627,0596_c0004_010.jpg,596,3,-1,True,175,8550,0.8714289248711949,0.08413461538461539,1,2080,1,1,1,1
1628,0596_c0004_015.jpg,596,3,-1,True,175,8550,0.8781760831822378,0.08495145631067962,1,2060,1,1,1,1
1629,0596_c0004_020.jpg,596,3,-1,True,175,8550,0.8804368490218566,0.0867195242814668,1,2018,1,1,1,1
1630,0596_c0005_000.jpg,596,4,-1,True,175,8550,0.8195556213144362,0.06870828425598743,1,2547,1,1,1,1
1631,0596_c0005_005.jpg,596,4,-1,True,175,8550,0.8128786239129447,0.07087889833940866,1,2469,1,1,1,1
1632,0596_c0005_010.jpg,596,4,-1,True,175,8550,0.8122679071975458,0.06977671451355662,1,2508,1,1,1,1
1633,0596_c0005_015.jpg,596,4,-1,True,175,8550,0.790513727158437,0.0696656050955414,1,2512,1,1,1,1
1634,0596_c0005_020.jpg,596,4,-1,True,175,8550,0.8090130034652001,0.07067851373182553,1,2476,1,1,1,1
1635,0596_c0006_000.jpg,596,5,-1,True,175,8550,0.9153550726906704,0.1734390485629336,1,1009,1,1,1,1
1636,0596_c0006_005.jpg,596,5,-1,True,175,8550,0.9108076997272526,0.1566696508504924,1,1117,1,1,1,1
1637,0596_c0006_010.jpg,596,5,-1,True,175,8550,0.9066092840860578,0.16908212560386474,1,1035,1,1,1,1
1638,0596_c0006_015.jpg,596,5,-1,True,175,8550,0.9059242875377845,0.15021459227467812,1,1165,1,1,1,1
1639,0596_c0006_020.jpg,596,5,-1,True,175,8550,0.9067181654486574,0.16619183285849953,1,1053,1,1,1,1
1640,0596_c0007_000.jpg,596,6,-1,True,175,8550,0.9006528322147597,0.15350877192982457,1,1140,1,1,1,1
1641,0596_c0007_005.jpg,596,6,-1,True,175,8550,0.7408927303704487,0.14893617021276595,1,1175,1,1,1,1
1642,0596_c0007_010.jpg,596,6,-1,True,175,8550,0.7902783884881744,0.15047291487532244,1,1163,1,1,1,1
1643,0596_c0007_015.jpg,596,6,-1,True,175,8550,0.723967854651296,0.15723270440251572,1,1113,1,1,1,1
1644,0596_c0007_020.jpg,596,6,-1,True,175,8550,0.8071710831500216,0.1524390243902439,1,1148,1,1,1,1
1645,0596_c0008_000.jpg,596,7,-1,True,175,8550,0.8451618910578359,0.11574074074074074,1,1512,1,1,1,1
1646,0596_c0008_005.jpg,596,7,-1,True,175,8550,0.8482625995620122,0.11888586956521739,1,1472,1,1,1,1
1647,0596_c0008_010.jpg,596,7,-1,True,175,8550,0.8469892900321776,0.12144344205412907,1,1441,1,1,1,1
1648,0596_c0008_015.jpg,596,7,-1,True,175,8550,0.8412766236581898,0.11856368563685638,1,1476,1,1,1,1
1649,0596_c0008_020.jpg,596,7,-1,True,175,8550,0.8427762675476187,0.12010981468771448,1,1457,1,1,1,1
1650,0598_c0001_000.jpg,598,0,-1,True,100,8550,1.0,1.0,1,100,1,1,1,1
1651,0598_c0001_005.jpg,598,0,-1,True,100,8550,1.0,1.0,1,100,1,1,1,1
1652,0598_c0001_010.jpg,598,0,-1,True,100,8550,1.0,1.0,1,100,1,1,1,1
1653,0598_c0001_015.jpg,598,0,-1,True,100,8550,1.0,1.0,1,100,1,1,1,1
1654,0598_c0001_020.jpg,598,0,-1,True,100,8550,1.0,1.0,1,100,1,1,1,1
1655,0598_c0002_000.jpg,598,1,-1,True,100,8550,0.8857218751355395,0.6535947712418301,1,153,1,1,1,1
1656,0598_c0002_005.jpg,598,1,-1,True,100,8550,0.8221670646765687,0.5235602094240838,1,191,1,1,1,1
1657,0598_c0002_010.jpg,598,1,-1,True,100,8550,0.7983105921009879,0.5208333333333334,1,192,1,1,1,1
1658,0598_c0002_015.jpg,598,1,-1,True,100,8550,0.8442767556897648,0.5813953488372093,1,172,1,1,1,1
1659,0598_c0002_020.jpg,598,1,-1,True,100,8550,0.7862235453281943,0.5050505050505051,1,198,1,1,1,1
1660,0598_c0003_000.jpg,598,2,-1,True,100,8550,0.9587601904984949,0.7874015748031497,1,127,1,1,1,1
1661,0598_c0003_005.jpg,598,2,-1,True,100,8550,0.9920728090555453,0.8849557522123894,1,113,1,1,1,1
1662,0598_c0003_010.jpg,598,2,-1,True,100,8550,0.9956092850734004,0.8928571428571429,1,112,1,1,1,1
1663,0598_c0003_015.jpg,598,2,-1,True,100,8550,0.9924276413887633,0.8333333333333334,1,120,1,1,1,1
1664,0598_c0003_020.jpg,598,2,-1,True,100,8550,0.9999009900990099,0.9900990099009901,1,101,1,1,1,1
1665,0598_c0007_000.jpg,598,6,-1,True,100,8550,0.9995979391816732,0.9900990099009901,1,101,1,1,1,1
1666,0598_c0007_005.jpg,598,6,-1,True,100,8550,0.9998009900990098,0.9900990099009901,1,101,1,1,1,1
1667,0598_c0007_010.jpg,598,6,-1,True,100,8550,0.9996999799979998,0.9900990099009901,1,101,1,1,1,1
1668,0598_c0007_015.jpg,598,6,-1,True,100,8550,0.998296739654335,0.9174311926605505,1,109,1,1,1,1
1669,0598_c0007_020.jpg,598,6,-1,True,100,8550,0.9985018732541667,0.9174311926605505,1,109,1,1,1,1
1670,0598_c0008_000.jpg,598,7,-1,True,100,8550,1.0,1.0,1,100,1,1,1,1
1671,0598_c0008_005.jpg,598,7,-1,True,100,8550,1.0,1.0,1,100,1,1,1,1
1672,0598_c0008_010.jpg,598,7,-1,True,100,8550,1.0,1.0,1,100,1,1,1,1
1673,0598_c0008_015.jpg,598,7,-1,True,100,8550,1.0,1.0,1,100,1,1,1,1
1674,0598_c0008_020.jpg,598,7,-1,True,100,8550,1.0,1.0,1,100,1,1,1,1
1675,0600_c0001_000.jpg,600,0,-1,True,175,8550,0.7110969593541334,0.09971509971509972,1,1755,1,1,1,1
1676,0600_c0001_005.jpg,600,0,-1,True,175,8550,0.68894416334976,0.09573304157549234,1,1828,1,1,1,1
1677,0600_c0001_010.jpg,600,0,-1,True,175,8550,0.678708183809801,0.09994288977727013,1,1751,1,1,1,1
1678,0600_c0001_015.jpg,600,0,-1,True,175,8550,0.790416987449384,0.10361160449970397,1,1689,1,1,1,1
1679,0600_c0001_020.jpg,600,0,-1,True,175,8550,0.7915755604132086,0.1003440366972477,1,1744,1,1,1,1
1680,0600_c0002_000.jpg,600,1,-1,True,175,8550,0.8700707034173498,0.08595284872298625,1,2036,1,1,1,1
1681,0600_c0002_005.jpg,600,1,-1,True,175,8550,0.8390816602309809,0.07549611734253667,1,2318,1,1,1,1
1682,0600_c0002_010.jpg,600,1,-1,True,175,8550,0.8611971524987266,0.0772626931567329,1,2265,1,1,1,1
1683,0600_c0002_015.jpg,600,1,-1,True,175,8550,0.8643709962180972,0.09373326191751473,1,1867,1,1,1,1
1684,0600_c0002_020.jpg,600,1,-1,True,175,8550,0.8420652471661781,0.08549096238397655,1,2047,1,1,1,1
1685,0600_c0003_000.jpg,600,2,-1,True,175,8550,0.705155904300713,0.18343815513626835,1,954,1,1,1,1
1686,0600_c0003_005.jpg,600,2,-1,True,175,8550,0.731768565769116,0.19042437431991294,1,919,1,1,1,1
1687,0600_c0003_010.jpg,600,2,-1,True,175,8550,0.7517900088399727,0.20207852193995382,1,866,1,1,1,1
1688,0600_c0003_015.jpg,600,2,-1,True,175,8550,0.7023000841990024,0.18617021276595744,1,940,1,1,1,1
1689,0600_c0003_020.jpg,600,2,-1,True,175,8550,0.5810132477666515,0.22151898734177214,1,790,1,1,1,1
1690,0600_c0004_000.jpg,600,3,-1,True,175,8550,0.06131365218605987,0.07102272727272728,360,2464,0,0,0,0
1691,0600_c0004_005.jpg,600,3,-1,True,175,8550,0.07839903656792573,0.08470474346563407,169,2066,0,0,0,0
1692,0600_c0004_010.jpg,600,3,-1,True,175,8550,0.05917539527376578,0.0702247191011236,518,2492,0,0,0,0
1693,0600_c0004_015.jpg,600,3,-1,True,175,8550,0.056984819540004464,0.06414956011730205,462,2728,0,0,0,0
1694,0600_c0004_020.jpg,600,3,-1,True,175,8550,0.021364415005460904,0.03349923430321593,2004,5224,0,0,0,0
1695,0600_c0005_000.jpg,600,4,-1,True,175,8550,0.6694637886088084,0.0884732052578362,1,1978,1,1,1,1
1696,0600_c0005_005.jpg,600,4,-1,True,175,8550,0.8115677096047756,0.08736894658012981,1,2003,1,1,1,1
1697,0600_c0005_010.jpg,600,4,-1,True,175,8550,0.7721524714533933,0.089058524173028,1,1965,1,1,1,1
1698,0600_c0005_015.jpg,600,4,-1,True,175,8550,0.7655514346949235,0.08988186954288649,1,1947,1,1,1,1
1699,0600_c0005_020.jpg,600,4,-1,True,175,8550,0.7961524791383491,0.08829465186680122,1,1982,1,1,1,1
1700,0600_c0006_000.jpg,600,5,-1,True,175,8550,0.7409175845786927,0.11452879581151833,1,1528,1,1,1,1
1701,0600_c0006_005.jpg,600,5,-1,True,175,8550,0.7895826530947804,0.11125238397965671,1,1573,1,1,1,1
1702,0600_c0006_010.jpg,600,5,-1,True,175,8550,0.8261307165390966,0.09020618556701031,1,1940,1,1,1,1
1703,0600_c0006_015.jpg,600,5,-1,True,175,8550,0.820497710036806,0.0946969696969697,1,1848,1,1,1,1
1704,0600_c0006_020.jpg,600,5,-1,True,175,8550,0.7874599937640586,0.10144927536231885,1,1725,1,1,1,1
1705,0600_c0007_000.jpg,600,6,-1,True,175,8550,0.8822988305434439,0.22816166883963493,1,767,1,1,1,1
1706,0600_c0007_005.jpg,600,6,-1,True,175,8550,0.9388518370350744,0.23712737127371275,1,738,1,1,1,1
1707,0600_c0007_010.jpg,600,6,-1,True,175,8550,0.8677725031624554,0.2229299363057325,1,785,1,1,1,1
1708,0600_c0007_015.jpg,600,6,-1,True,175,8550,0.898676276651212,0.24857954545454544,1,704,1,1,1,1
1709,0600_c0007_020.jpg,600,6,-1,True,175,8550,0.923078840268042,0.2237851662404092,1,782,1,1,1,1
1710,0600_c0008_000.jpg,600,7,-1,True,175,8550,0.9054059703085559,0.12027491408934708,1,1455,1,1,1,1
1711,0600_c0008_005.jpg,600,7,-1,True,175,8550,0.7559495833410832,0.09599561162918267,1,1823,1,1,1,1
1712,0600_c0008_010.jpg,600,7,-1,True,175,8550,0.74752632203217,0.12858192505510654,1,1361,1,1,1,1
1713,0600_c0008_015.jpg,600,7,-1,True,175,8550,0.8494975101807976,0.09578544061302682,1,1827,1,1,1,1
1714,0600_c0008_020.jpg,600,7,-1,True,175,8550,0.7919077775495242,0.09875846501128668,1,1772,1,1,1,1
