query_index,name,identity,camera,scene,valid,relevant_gallery,kept_gallery,AP,INP,first_match,last_match,Rank-1,Rank-5,Rank-10,Rank-20
0,0502_c0001_000.jpg,502,0,-1,True,175,8550,0.23194295030119721,0.05487613671997491,9,3189,0,0,1,1
1,0502_c0001_005.jpg,502,0,-1,True,175,8550,0.4854664105417,0.06961018297533811,2,2514,0,1,1,1
2,0502_c0001_010.jpg,502,0,-1,True,175,8550,0.42843667068227465,0.06053268765133172,1,2891,1,1,1,1
3,0502_c0001_015.jpg,502,0,-1,True,175,8550,0.6676683082436079,0.06782945736434108,1,2580,1,1,1,1
4,0502_c0001_020.jpg,502,0,-1,True,175,8550,0.4193670949336768,0.05876427132303559,3,2978,0,1,1,1
5,0502_c0002_000.jpg,502,1,-1,True,175,8550,0.7076835688472619,0.1394422310756972,1,1255,1,1,1,1
6,0502_c0002_005.jpg,502,1,-1,True,175,8550,0.6715214584877538,0.1276440554339898,1,1371,1,1,1,1
7,0502_c0002_010.jpg,502,1,-1,True,175,8550,0.6757621700784198,0.1298219584569733,1,1348,1,1,1,1
8,0502_c0002_015.jpg,502,1,-1,True,175,8550,0.6834125910501263,0.12671976828385229,1,1381,1,1,1,1
9,0502_c0002_020.jpg,502,1,-1,True,175,8550,0.6715215226123536,0.10028653295128939,1,1745,1,1,1,1
10,0502_c0003_000.jpg,502,2,-1,True,175,8550,0.24910497853454408,0.029960623180962164,1,5841,1,1,1,1
11,0502_c0003_005.jpg,502,2,-1,True,175,8550,0.2543606560835352,0.030271579311537795,1,5781,1,1,1,1
12,0502_c0003_010.jpg,502,2,-1,True,175,8550,0.2709126797649515,0.03125558135381318,1,5599,1,1,1,1
13,0502_c0003_015.jpg,502,2,-1,True,175,8550,0.28002687740982524,0.03234152652005175,1,5411,1,1,1,1
14,0502_c0003_020.jpg,502,2,-1,True,175,8550,0.22844360141062273,0.03154858482062376,1,5547,1,1,1,1
15,0502_c0004_000.jpg,502,3,-1,True,175,8550,0.24258613647182548,0.10504201680672269,1,1666,1,1,1,1
16,0502_c0004_005.jpg,502,3,-1,True,175,8550,0.7048304913290596,0.2700617283950617,1,648,1,1,1,1
17,0502_c0004_010.jpg,502,3,-1,True,175,8550,0.526573194494385,0.23148148148148148,1,756,1,1,1,1
18,0502_c0004_015.jpg,502,3,-1,True,175,8550,0.34546154399722645,0.16294227188081936,1,1074,1,1,1,1
19,0502_c0004_020.jpg,502,3,-1,True,175,8550,0.2058122134915865,0.09358288770053476,1,1870,1,1,1,1
20,0502_c0005_000.jpg,502,4,-1,True,175,8550,0.6618655970906442,0.052854122621564484,1,3311,1,1,1,1
21,0502_c0005_005.jpg,502,4,-1,True,175,8550,0.6605362267511893,0.04977246871444824,1,3516,1,1,1,1
22,0502_c0005_010.jpg,502,4,-1,True,175,8550,0.6599985773849638,0.05614372794353545,1,3117,1,1,1,1
23,0502_c0005_015.jpg,502,4,-1,True,175,8550,0.6610349605610678,0.051805802249851984,1,3378,1,1,1,1
24,0502_c0005_020.jpg,502,4,-1,True,175,8550,0.6669713811019589,0.055750238929595415,1,3139,1,1,1,1
25,0502_c0006_000.jpg,502,5,-1,True,175,8550,0.3450982167331051,0.06205673758865248,1,2820,1,1,1,1
26,0502_c0006_005.jpg,502,5,-1,True,175,8550,0.4556042623192702,0.1025791324736225,1,1706,1,1,1,1
27,0502_c0006_010.jpg,502,5,-1,True,175,8550,0.1461287297636734,0.1025791324736225,6,1706,0,0,1,1
28,0502_c0006_015.jpg,502,5,-1,True,175,8550,0.11579612330462227,0.07090761750405186,1,2468,1,1,1,1
29,0502_c0006_020.jpg,502,5,-1,True,175,8550,0.09306244275272012,0.06283662477558348,3,2785,0,1,1,1
30,0502_c0007_000.jpg,502,6,-1,True,175,8550,0.8431952331513245,0.49157303370786515,1,356,1,1,1,1
31,0502_c0007_005.jpg,502,6,-1,True,175,8550,0.7892733899557987,0.28180354267310787,1,621,1,1,1,1
32,0502_c0007_010.jpg,502,6,-1,True,175,8550,0.8308798342708129,0.39325842696629215,1,445,1,1,1,1
33,0502_c0007_015.jpg,502,6,-1,True,175,8550,0.8756205729703362,0.4861111111111111,1,360,1,1,1,1
34,0502_c0007_020.jpg,502,6,-1,True,175,8550,0.8189661462594334,0.38377192982456143,1,456,1,1,1,1
35,0502_c0008_000.jpg,502,7,-1,True,175,8550,0.7256091892299464,0.1773049645390071,1,987,1,1,1,1
36,0502_c0008_005.jpg,502,7,-1,True,175,8550,0.7188266894786011,0.17123287671232876,1,1022,1,1,1,1
37,0502_c0008_010.jpg,502,7,-1,True,175,8550,0.720073900344606,0.16587677725118483,1,1055,1,1,1,1
38,0502_c0008_015.jpg,502,7,-1,True,175,8550,0.7116252441643243,0.15337423312883436,1,1141,1,1,1,1
39,0502_c0008_020.jpg,502,7,-1,True,175,8550,0.7239308186390786,0.14705882352941177,1,1190,1,1,1,1
40,0504_c0001_000.jpg,504,0,-1,True,150,8550,0.6838794623076034,0.2918287937743191,1,514,1,1,1,1
41,0504_c0001_005.jpg,504,0,-1,True,150,8550,0.6548213033498016,0.2782931354359926,1,539,1,1,1,1
42,0504_c0001_010.jpg,504,0,-1,True,150,8550,0.6562750409625545,0.2982107355864811,1,503,1,1,1,1
43,0504_c0001_015.jpg,504,0,-1,True,150,8550,0.6345506982350717,0.28735632183908044,1,522,1,1,1,1
44,0504_c0001_020.jpg,504,0,-1,True,150,8550,0.6413022975886897,0.27472527472527475,1,546,1,1,1,1
45,0504_c0002_000.jpg,504,1,-1,True,150,8550,0.4433812499648198,0.0946372239747634,1,1585,1,1,1,1
46,0504_c0002_005.jpg,504,1,-1,True,150,8550,0.28157032088152545,0.08393956351426973,1,1787,1,1,1,1
47,0504_c0002_010.jpg,504,1,-1,True,150,8550,0.5487216078506121,0.09481668773704172,1,1582,1,1,1,1
48,0504_c0002_015.jpg,504,1,-1,True,150,8550,0.59702028162982,0.17421602787456447,1,861,1,1,1,1
49,0504_c0002_020.jpg,504,1,-1,True,150,8550,0.4377529827998143,0.12305168170631665,1,1219,1,1,1,1
50,0504_c0003_000.jpg,504,2,-1,True,150,8550,0.6599996025196343,0.10238907849829351,1,1465,1,1,1,1
51,0504_c0003_005.jpg,504,2,-1,True,150,8550,0.6515268460350654,0.09213759213759214,1,1628,1,1,1,1
52,0504_c0003_010.jpg,504,2,-1,True,150,8550,0.6644291700853684,0.09803921568627451,1,1530,1,1,1,1
53,0504_c0003_015.jpg,504,2,-1,True,150,8550,0.6573654516947253,0.08047210300429185,1,1864,1,1,1,1
54,0504_c0003_020.jpg,504,2,-1,True,150,8550,0.6742286465021573,0.0847457627118644,1,1770,1,1,1,1
55,0504_c0005_000.jpg,504,4,-1,True,150,8550,0.6510960645544076,0.32397408207343414,1,463,1,1,1,1
56,0504_c0005_005.jpg,504,4,-1,True,150,8550,0.7319401277169157,0.40106951871657753,1,374,1,1,1,1
57,0504_c0005_010.jpg,504,4,-1,True,150,8550,0.7468893860238218,0.4166666666666667,1,360,1,1,1,1
58,0504_c0005_015.jpg,504,4,-1,True,150,8550,0.7273779864975061,0.4098360655737705,1,366,1,1,1,1
59,0504_c0005_020.jpg,504,4,-1,True,150,8550,0.6989185972051367,0.375,1,400,1,1,1,1
60,0504_c0006_000.jpg,504,5,-1,True,150,8550,0.9668396900152983,0.4,1,375,1,1,1,1
61,0504_c0006_005.jpg,504,5,-1,True,150,8550,0.9777969958216357,0.7317073170731707,1,205,1,1,1,1
62,0504_c0006_010.jpg,504,5,-1,True,150,8550,0.967598300618119,0.5102040816326531,1,294,1,1,1,1
63,0504_c0006_015.jpg,504,5,-1,True,150,8550,0.9522112157156716,0.4934210526315789,1,304,1,1,1,1
64,0504_c0006_020.jpg,504,5,-1,True,150,8550,0.9552975222330082,0.41899441340782123,1,358,1,1,1,1
65,0504_c0007_000.jpg,504,6,-1,True,150,8550,0.8518178803780783,0.14955134596211367,1,1003,1,1,1,1
66,0504_c0007_005.jpg,504,6,-1,True,150,8550,0.8835556054394273,0.1594048884165781,1,941,1,1,1,1
67,0504_c0007_010.jpg,504,6,-1,True,150,8550,0.9171724451622796,0.17123287671232876,1,876,1,1,1,1
68,0504_c0007_015.jpg,504,6,-1,True,150,8550,0.8385984192374741,0.11529592621060722,1,1301,1,1,1,1
69,0504_c0007_020.jpg,504,6,-1,True,150,8550,0.8620456233757687,0.14150943396226415,1,1060,1,1,1,1
70,0504_c0008_000.jpg,504,7,-1,True,150,8550,0.8001365862205619,0.09566326530612244,1,1568,1,1,1,1
71,0504_c0008_005.jpg,504,7,-1,True,150,8550,0.7835151248798976,0.0942211055276382,1,1592,1,1,1,1
72,0504_c0008_010.jpg,504,7,-1,True,150,8550,0.7592599499725307,0.0832870627429206,1,1801,1,1,1,1
73,0504_c0008_015.jpg,504,7,-1,True,150,8550,0.7390693248143854,0.08650519031141868,1,1734,1,1,1,1
74,0504_c0008_020.jpg,504,7,-1,True,150,8550,0.7538558656560042,0.07953340402969247,1,1886,1,1,1,1
75,0506_c0001_000.jpg,506,0,-1,True,175,8550,0.5842758616419547,0.10896637608966377,1,1606,1,1,1,1
76,0506_c0001_005.jpg,506,0,-1,True,175,8550,0.6156293693593473,0.1290560471976401,1,1356,1,1,1,1
77,0506_c0001_010.jpg,506,0,-1,True,175,8550,0.5877854435649991,0.11994516792323509,1,1459,1,1,1,1
78,0506_c0001_015.jpg,506,0,-1,True,175,8550,0.5964794311188557,0.12127512127512127,1,1443,1,1,1,1
79,0506_c0001_020.jpg,506,0,-1,True,175,8550,0.6024711859122502,0.12562814070351758,1,1393,1,1,1,1
80,0506_c0002_000.jpg,506,1,-1,True,175,8550,0.7180650166644436,0.3630705394190871,1,482,1,1,1,1
81,0506_c0002_005.jpg,506,1,-1,True,175,8550,0.7205949780632571,0.3812636165577342,1,459,1,1,1,1
82,0506_c0002_010.jpg,506,1,-1,True,175,8550,0.7521343377498556,0.38209606986899564,1,458,1,1,1,1
83,0506_c0002_015.jpg,506,1,-1,True,175,8550,0.6436880601094351,0.33396946564885494,1,524,1,1,1,1
84,0506_c0002_020.jpg,506,1,-1,True,175,8550,0.6647223864250095,0.3653444676409186,1,479,1,1,1,1
85,0506_c0003_000.jpg,506,2,-1,True,175,8550,0.722289274473791,0.20420070011668612,1,857,1,1,1,1
86,0506_c0003_005.jpg,506,2,-1,True,175,8550,0.7259817538915794,0.2141982864137087,1,817,1,1,1,1
87,0506_c0003_010.jpg,506,2,-1,True,175,8550,0.708677925509819,0.19422863485016648,1,901,1,1,1,1
88,0506_c0003_015.jpg,506,2,-1,True,175,8550,0.7215840390024112,0.21367521367521367,1,819,1,1,1,1
89,0506_c0003_020.jpg,506,2,-1,True,175,8550,0.7027464142369669,0.19083969465648856,1,917,1,1,1,1
90,0506_c0004_000.jpg,506,3,-1,True,175,8550,0.7497097082681027,0.20588235294117646,1,850,1,1,1,1
91,0506_c0004_005.jpg,506,3,-1,True,175,8550,0.8055708471436301,0.24238227146814403,1,722,1,1,1,1
92,0506_c0004_010.jpg,506,3,-1,True,175,8550,0.7645159379533643,0.21315468940316687,1,821,1,1,1,1
93,0506_c0004_015.jpg,506,3,-1,True,175,8550,0.7717999224672148,0.20759193357058126,1,843,1,1,1,1
94,0506_c0004_020.jpg,506,3,-1,True,175,8550,0.717231676900001,0.17552657973921765,1,997,1,1,1,1
95,0506_c0005_000.jpg,506,4,-1,True,175,8550,0.15092902137198547,0.13725490196078433,118,1275,0,0,0,0
96,0506_c0005_005.jpg,506,4,-1,True,175,8550,0.16503494364557586,0.14033680834001605,108,1247,0,0,0,0
97,0506_c0005_010.jpg,506,4,-1,True,175,8550,0.157778950033587,0.14367816091954022,129,1218,0,0,0,0
98,0506_c0005_015.jpg,506,4,-1,True,175,8550,0.17107640200384328,0.14607679465776294,117,1198,0,0,0,0
99,0506_c0005_020.jpg,506,4,-1,True,175,8550,0.1658817853384975,0.15364354697102722,125,1139,0,0,0,0
100,0506_c0006_000.jpg,506,5,-1,True,175,8550,0.8044490170563187,0.2921535893155259,1,599,1,1,1,1
101,0506_c0006_005.jpg,506,5,-1,True,175,8550,0.8531024829787053,0.4156769596199525,1,421,1,1,1,1
102,0506_c0006_010.jpg,506,5,-1,True,175,8550,0.8471014379733148,0.35860655737704916,1,488,1,1,1,1
103,0506_c0006_015.jpg,506,5,-1,True,175,8550,0.8844630933643038,0.4227053140096618,1,414,1,1,1,1
104,0506_c0006_020.jpg,506,5,-1,True,175,8550,0.8872978048267942,0.4533678756476684,1,386,1,1,1,1
105,0506_c0007_000.jpg,506,6,-1,True,175,8550,0.9609093825460904,0.6782945736434108,1,258,1,1,1,1
106,0506_c0007_005.jpg,506,6,-1,True,175,8550,0.9341359692067537,0.5700325732899023,1,307,1,1,1,1
107,0506_c0007_010.jpg,506,6,-1,True,175,8550,0.9137087196728814,0.5087209302325582,1,344,1,1,1,1
108,0506_c0007_015.jpg,506,6,-1,True,175,8550,0.9284743970996017,0.5223880597014925,1,335,1,1,1,1
109,0506_c0007_020.jpg,506,6,-1,True,175,8550,0.9288542041199139,0.5147058823529411,1,340,1,1,1,1
110,0506_c0008_000.jpg,506,7,-1,True,175,8550,0.6457905008513777,0.15297202797202797,1,1144,1,1,1,1
111,0506_c0008_005.jpg,506,7,-1,True,175,8550,0.6325985542420874,0.13747054202670855,1,1273,1,1,1,1
112,0506_c0008_010.jpg,506,7,-1,True,175,8550,0.6636753625563652,0.1604032997250229,1,1091,1,1,1,1
113,0506_c0008_015.jpg,506,7,-1,True,175,8550,0.6762061095029983,0.16940948693126814,1,1033,1,1,1,1
114,0506_c0008_020.jpg,506,7,-1,True,175,8550,0.6623442428010453,0.1598173515981735,1,1095,1,1,1,1
115,0508_c0001_000.jpg,508,0,-1,True,175,8550,0.6155712485158368,0.2562225475841874,1,683,1,1,1,1
116,0508_c0001_005.jpg,508,0,-1,True,175,8550,0.7308295882818671,0.3258845437616387,1,537,1,1,1,1
117,0508_c0001_010.jpg,508,0,-1,True,175,8550,0.6559898675509541,0.2840909090909091,1,616,1,1,1,1
118,0508_c0001_015.jpg,508,0,-1,True,175,8550,0.6102089105128724,0.2663622526636225,1,657,1,1,1,1
119,0508_c0001_020.jpg,508,0,-1,True,175,8550,0.6090241331826225,0.2786624203821656,1,628,1,1,1,1
120,0508_c0002_000.jpg,508,1,-1,True,175,8550,0.9196149038795977,0.44416243654822335,1,394,1,1,1,1
121,0508_c0002_005.jpg,508,1,-1,True,175,8550,0.9219100748626767,0.44529262086513993,1,393,1,1,1,1
122,0508_c0002_010.jpg,508,1,-1,True,175,8550,0.9022260416290361,0.41866028708133973,1,418,1,1,1,1
123,0508_c0002_015.jpg,508,1,-1,True,175,8550,0.9782673692736463,0.7172131147540983,1,244,1,1,1,1
124,0508_c0002_020.jpg,508,1,-1,True,175,8550,0.9571519461755723,0.5072463768115942,1,345,1,1,1,1
125,0508_c0003_000.jpg,508,2,-1,True,175,8550,0.7385350250076411,0.4557291666666667,1,384,1,1,1,1
126,0508_c0003_005.jpg,508,2,-1,True,175,8550,0.7317135462243786,0.4581151832460733,1,382,1,1,1,1
127,0508_c0003_010.jpg,508,2,-1,True,175,8550,0.7477435725165671,0.4742547425474255,1,369,1,1,1,1
128,0508_c0003_015.jpg,508,2,-1,True,175,8550,0.7381392246910674,0.4581151832460733,1,382,1,1,1,1
129,0508_c0003_020.jpg,508,2,-1,True,175,8550,0.7478179843517455,0.46419098143236076,1,377,1,1,1,1
130,0508_c0004_000.jpg,508,3,-1,True,175,8550,0.49374346279149556,0.3458498023715415,9,506,0,0,1,1
131,0508_c0004_005.jpg,508,3,-1,True,175,8550,0.7678652578519121,0.3747323340471092,1,467,1,1,1,1
132,0508_c0004_010.jpg,508,3,-1,True,175,8550,0.7722937932943021,0.4032258064516129,1,434,1,1,1,1
133,0508_c0004_015.jpg,508,3,-1,True,175,8550,0.7521599288829012,0.360082304526749,1,486,1,1,1,1
134,0508_c0004_020.jpg,508,3,-1,True,175,8550,0.46962036797111745,0.24475524475524477,7,715,0,0,1,1
135,0508_c0005_000.jpg,508,4,-1,True,175,8550,0.9101793016971159,0.49157303370786515,1,356,1,1,1,1
136,0508_c0005_005.jpg,508,4,-1,True,175,8550,0.9088652527357493,0.4888268156424581,1,358,1,1,1,1
137,0508_c0005_010.jpg,508,4,-1,True,175,8550,0.8886523264886081,0.4716981132075472,1,371,1,1,1,1
138,0508_c0005_015.jpg,508,4,-1,True,175,8550,0.9217448372194066,0.4888268156424581,1,358,1,1,1,1
139,0508_c0005_020.jpg,508,4,-1,True,175,8550,0.8978493971294701,0.48476454293628807,1,361,1,1,1,1
140,0508_c0006_000.jpg,508,5,-1,True,175,8550,0.8284355852440919,0.35353535353535354,1,495,1,1,1,1
141,0508_c0006_005.jpg,508,5,-1,True,175,8550,0.8172309170935546,0.352112676056338,1,497,1,1,1,1
142,0508_c0006_010.jpg,508,5,-1,True,175,8550,0.8144285934808834,0.38209606986899564,1,458,1,1,1,1
143,0508_c0006_015.jpg,508,5,-1,True,175,8550,0.8133473928050281,0.40045766590389015,1,437,1,1,1,1
144,0508_c0006_020.jpg,508,5,-1,True,175,8550,0.7937036106752737,0.3391472868217054,1,516,1,1,1,1
145,0508_c0007_000.jpg,508,6,-1,True,175,8550,0.688123460204596,0.26881720430107525,1,651,1,1,1,1
146,0508_c0007_005.jpg,508,6,-1,True,175,8550,0.6923972871400061,0.2696456086286595,1,649,1,1,1,1
147,0508_c0007_010.jpg,508,6,-1,True,175,8550,0.714857414094239,0.2734375,1,640,1,1,1,1
148,0508_c0007_015.jpg,508,6,-1,True,175,8550,0.7063776446945629,0.2704791344667697,1,647,1,1,1,1
149,0508_c0007_020.jpg,508,6,-1,True,175,8550,0.7040535481702673,0.27216174183514774,1,643,1,1,1,1
150,0508_c0008_000.jpg,508,7,-1,True,175,8550,0.7947296685941848,0.3458498023715415,1,506,1,1,1,1
151,0508_c0008_005.jpg,508,7,-1,True,175,8550,0.7940258423706348,0.34516765285996054,1,507,1,1,1,1
152,0508_c0008_010.jpg,508,7,-1,True,175,8550,0.7890163595004389,0.3556910569105691,1,492,1,1,1,1
153,0508_c0008_015.jpg,508,7,-1,True,175,8550,0.8102018581839178,0.3668763102725367,1,477,1,1,1,1
154,0508_c0008_020.jpg,508,7,-1,True,175,8550,0.8111943226644507,0.36231884057971014,1,483,1,1,1,1
155,0510_c0001_000.jpg,510,0,-1,True,175,8550,0.7451433586503245,0.18756698821007503,1,933,1,1,1,1
156,0510_c0001_005.jpg,510,0,-1,True,175,8550,0.7632245931772458,0.2006880733944954,1,872,1,1,1,1
157,0510_c0001_010.jpg,510,0,-1,True,175,8550,0.7577959086904025,0.20833333333333334,1,840,1,1,1,1
158,0510_c0001_015.jpg,510,0,-1,True,175,8550,0.7140553266215109,0.1720747295968535,1,1017,1,1,1,1
159,0510_c0001_020.jpg,510,0,-1,True,175,8550,0.7899768071954641,0.1583710407239819,1,1105,1,1,1,1
160,0510_c0002_000.jpg,510,1,-1,True,175,8550,0.424423652448118,0.0857843137254902,1,2040,1,1,1,1
161,0510_c0002_005.jpg,510,1,-1,True,175,8550,0.41477915736752713,0.07240380637153496,1,2417,1,1,1,1
162,0510_c0002_010.jpg,510,1,-1,True,175,8550,0.4219208002111707,0.08131970260223048,1,2152,1,1,1,1
163,0510_c0002_015.jpg,510,1,-1,True,175,8550,0.21982937438663863,0.05668934240362812,1,3087,1,1,1,1
164,0510_c0002_020.jpg,510,1,-1,True,175,8550,0.21294945245066418,0.05419634561783834,1,3229,1,1,1,1
165,0510_c0003_000.jpg,510,2,-1,True,175,8550,0.5987721857982371,0.08131970260223048,1,2152,1,1,1,1
166,0510_c0003_005.jpg,510,2,-1,True,175,8550,0.5580727108978187,0.07530120481927711,1,2324,1,1,1,1
167,0510_c0003_010.jpg,510,2,-1,True,175,8550,0.5175136443383858,0.06801399144966964,1,2573,1,1,1,1
168,0510_c0003_015.jpg,510,2,-1,True,175,8550,0.5410927832180809,0.06761978361669242,1,2588,1,1,1,1
169,0510_c0003_020.jpg,510,2,-1,True,175,8550,0.4859380544361233,0.06491097922848665,1,2696,1,1,1,1
170,0510_c0004_000.jpg,510,3,-1,True,175,8550,0.8897904327462158,0.09631260319207485,1,1817,1,1,1,1
171,0510_c0004_005.jpg,510,3,-1,True,175,8550,0.8833803615590703,0.10300176574455562,1,1699,1,1,1,1
172,0510_c0004_010.jpg,510,3,-1,True,175,8550,0.9049652596566362,0.11848341232227488,1,1477,1,1,1,1
173,0510_c0004_015.jpg,510,3,-1,True,175,8550,0.8865721499173963,0.13020833333333334,1,1344,1,1,1,1
174,0510_c0004_020.jpg,510,3,-1,True,175,8550,0.8789209255291853,0.12991833704528583,1,1347,1,1,1,1
175,0510_c0005_000.jpg,510,4,-1,True,175,8550,0.896574080509461,0.23874488403819918,1,733,1,1,1,1
176,0510_c0005_005.jpg,510,4,-1,True,175,8550,0.8922429495836572,0.24441340782122906,1,716,1,1,1,1
177,0510_c0005_010.jpg,510,4,-1,True,175,8550,0.8974465635117341,0.30973451327433627,1,565,1,1,1,1
178,0510_c0005_015.jpg,510,4,-1,True,175,8550,0.8995584813712292,0.3006872852233677,1,582,1,1,1,1
179,0510_c0005_020.jpg,510,4,-1,True,175,8550,0.8789296287572852,0.2600297176820208,1,673,1,1,1,1
180,0510_c0006_000.jpg,510,5,-1,True,175,8550,0.9316609059166071,0.33653846153846156,1,520,1,1,1,1
181,0510_c0006_005.jpg,510,5,-1,True,175,8550,0.901650553192515,0.3968253968253968,1,441,1,1,1,1
182,0510_c0006_010.jpg,510,5,-1,True,175,8550,0.9182301584385615,0.4069767441860465,1,430,1,1,1,1
183,0510_c0006_015.jpg,510,5,-1,True,175,8550,0.9528318919527379,0.4117647058823529,1,425,1,1,1,1
184,0510_c0006_020.jpg,510,5,-1,True,175,8550,0.9464267867945516,0.48342541436464087,1,362,1,1,1,1
185,0510_c0007_000.jpg,510,6,-1,True,175,8550,0.8415706288816367,0.5573248407643312,1,314,1,1,1,1
186,0510_c0007_005.jpg,510,6,-1,True,175,8550,0.8596351232027282,0.6055363321799307,1,289,1,1,1,1
187,0510_c0007_010.jpg,510,6,-1,True,175,8550,0.8261760581934229,0.49295774647887325,1,355,1,1,1,1
188,0510_c0007_015.jpg,510,6,-1,True,175,8550,0.8897814031536441,0.49157303370786515,1,356,1,1,1,1
189,0510_c0007_020.jpg,510,6,-1,True,175,8550,0.8728822464129705,0.550314465408805,1,318,1,1,1,1
190,0510_c0008_000.jpg,510,7,-1,True,175,8550,0.8808992332051641,0.08942258559018906,1,1957,1,1,1,1
191,0510_c0008_005.jpg,510,7,-1,True,175,8550,0.8797000379109036,0.0764525993883792,1,2289,1,1,1,1
192,0510_c0008_010.jpg,510,7,-1,True,175,8550,0.8844026795853488,0.07969034608378871,1,2196,1,1,1,1
193,0510_c0008_015.jpg,510,7,-1,True,175,8550,0.8910718024281956,0.10011441647597254,1,1748,1,1,1,1
194,0510_c0008_020.jpg,510,7,-1,True,175,8550,0.8477786619951387,0.06276901004304161,1,2788,1,1,1,1
195,0512_c0001_000.jpg,512,0,-1,True,75,8550,0.7224420738016478,0.24193548387096775,1,310,1,1,1,1
196,0512_c0001_005.jpg,512,0,-1,True,75,8550,0.7529738669464261,0.2777777777777778,1,270,1,1,1,1
197,0512_c0001_010.jpg,512,0,-1,True,75,8550,0.8544476391298504,0.43859649122807015,1,171,1,1,1,1
198,0512_c0001_015.jpg,512,0,-1,True,75,8550,0.8236647956691889,0.42857142857142855,1,175,1,1,1,1
199,0512_c0001_020.jpg,512,0,-1,True,75,8550,0.78342713643326,0.19230769230769232,1,390,1,1,1,1
200,0512_c0003_000.jpg,512,2,-1,True,75,8550,0.3300241959771186,0.15560165975103735,1,482,1,1,1,1
201,0512_c0003_005.jpg,512,2,-1,True,75,8550,0.17068093639308543,0.12077294685990338,15,621,0,0,0,1
202,0512_c0003_010.jpg,512,2,-1,True,75,8550,0.22164177101293456,0.11450381679389313,1,655,1,1,1,1
203,0512_c0003_015.jpg,512,2,-1,True,75,8550,0.2950562188108955,0.14910536779324055,1,503,1,1,1,1
204,0512_c0003_020.jpg,512,2,-1,True,75,8550,0.16659307580135738,0.14478764478764478,29,518,0,0,0,0
205,0512_c0005_000.jpg,512,4,-1,True,75,8550,0.47381439949579024,0.15182186234817813,1,494,1,1,1,1
206,0512_c0005_005.jpg,512,4,-1,True,75,8550,0.4480489770295868,0.16968325791855204,1,442,1,1,1,1
207,0512_c0005_010.jpg,512,4,-1,True,75,8550,0.48158979651745865,0.13837638376383765,1,542,1,1,1,1
208,0512_c0005_015.jpg,512,4,-1,True,75,8550,0.4462303065404859,0.13321492007104796,1,563,1,1,1,1
209,0512_c0005_020.jpg,512,4,-1,True,75,8550,0.7523444642510728,0.2767527675276753,1,271,1,1,1,1
210,0512_c0006_000.jpg,512,5,-1,True,75,8550,0.3440398221101533,0.16233766233766234,1,462,1,1,1,1
211,0512_c0006_005.jpg,512,5,-1,True,75,8550,0.5105973849419179,0.16519823788546256,1,454,1,1,1,1
212,0512_c0006_010.jpg,512,5,-1,True,75,8550,0.2883178765958463,0.27075812274368233,6,277,0,0,1,1
213,0512_c0006_015.jpg,512,5,-1,True,75,8550,0.43466120193186886,0.40106951871657753,1,187,1,1,1,1
214,0512_c0006_020.jpg,512,5,-1,True,75,8550,0.679037401051446,0.12335526315789473,1,608,1,1,1,1
215,0514_c0001_000.jpg,514,0,-1,True,175,8550,0.4542246439970375,0.6055363321799307,41,289,0,0,0,0
216,0514_c0001_005.jpg,514,0,-1,True,175,8550,0.35659164483887273,0.4206730769230769,99,416,0,0,0,0
217,0514_c0001_010.jpg,514,0,-1,True,175,8550,0.40842931735268345,0.5591054313099042,85,313,0,0,0,0
218,0514_c0001_015.jpg,514,0,-1,True,175,8550,0.3860745283929157,0.5192878338278932,88,337,0,0,0,0
219,0514_c0001_020.jpg,514,0,-1,True,175,8550,0.4245373460400391,0.5663430420711975,45,309,0,0,0,0
220,0514_c0002_000.jpg,514,1,-1,True,175,8550,0.7711597909422988,0.4654255319148936,1,376,1,1,1,1
221,0514_c0002_005.jpg,514,1,-1,True,175,8550,0.7901883148666443,0.45691906005221933,1,383,1,1,1,1
222,0514_c0002_010.jpg,514,1,-1,True,175,8550,0.7719713690313743,0.4666666666666667,1,375,1,1,1,1
223,0514_c0002_015.jpg,514,1,-1,True,175,8550,0.7813828912889741,0.45691906005221933,1,383,1,1,1,1
224,0514_c0002_020.jpg,514,1,-1,True,175,8550,0.770568535384824,0.4654255319148936,1,376,1,1,1,1
225,0514_c0003_000.jpg,514,2,-1,True,175,8550,0.8786576173720345,0.4888268156424581,1,358,1,1,1,1
226,0514_c0003_005.jpg,514,2,-1,True,175,8550,0.8683042911414298,0.49157303370786515,1,356,1,1,1,1
227,0514_c0003_010.jpg,514,2,-1,True,175,8550,0.8746413631245904,0.4820936639118457,1,363,1,1,1,1
228,0514_c0003_015.jpg,514,2,-1,True,175,8550,0.8679236234667279,0.4794520547945205,1,365,1,1,1,1
229,0514_c0003_020.jpg,514,2,-1,True,175,8550,0.8734049496843502,0.48746518105849584,1,359,1,1,1,1
230,0514_c0004_000.jpg,514,3,-1,True,175,8550,1.0,1.0,1,175,1,1,1,1
231,0514_c0004_005.jpg,514,3,-1,True,175,8550,0.9998068126807649,0.9776536312849162,1,179,1,1,1,1
232,0514_c0004_010.jpg,514,3,-1,True,175,8550,1.0,1.0,1,175,1,1,1,1
233,0514_c0004_015.jpg,514,3,-1,True,175,8550,0.9979759377675448,0.8883248730964467,1,197,1,1,1,1
234,0514_c0004_020.jpg,514,3,-1,True,175,8550,0.9990147290147291,0.9259259259259259,1,189,1,1,1,1
235,0514_c0005_000.jpg,514,4,-1,True,175,8550,0.8669110866431193,0.501432664756447,1,349,1,1,1,1
236,0514_c0005_005.jpg,514,4,-1,True,175,8550,0.8646458031393773,0.49575070821529743,1,353,1,1,1,1
237,0514_c0005_010.jpg,514,4,-1,True,175,8550,0.8653670784048878,0.501432664756447,1,349,1,1,1,1
238,0514_c0005_015.jpg,514,4,-1,True,175,8550,0.8659714213914028,0.5,1,350,1,1,1,1
239,0514_c0005_020.jpg,514,4,-1,True,175,8550,0.8672006978413457,0.501432664756447,1,349,1,1,1,1
240,0514_c0006_000.jpg,514,5,-1,True,175,8550,0.8997059769094353,0.49019607843137253,1,357,1,1,1,1
241,0514_c0006_005.jpg,514,5,-1,True,175,8550,0.9210377854052997,0.5,1,350,1,1,1,1
242,0514_c0006_010.jpg,514,5,-1,True,175,8550,0.9340658552047814,0.5057803468208093,1,346,1,1,1,1
243,0514_c0006_015.jpg,514,5,-1,True,175,8550,0.92747912657054,0.4985754985754986,1,351,1,1,1,1
244,0514_c0006_020.jpg,514,5,-1,True,175,8550,0.9149546054223782,0.4971590909090909,1,352,1,1,1,1
245,0514_c0007_000.jpg,514,6,-1,True,175,8550,0.944281224398192,0.5303030303030303,1,330,1,1,1,1
246,0514_c0007_005.jpg,514,6,-1,True,175,8550,0.9424624383348617,0.5271084337349398,1,332,1,1,1,1
247,0514_c0007_010.jpg,514,6,-1,True,175,8550,0.9422187261177074,0.5239520958083832,1,334,1,1,1,1
248,0514_c0007_015.jpg,514,6,-1,True,175,8550,0.9423750018718049,0.5401234567901234,1,324,1,1,1,1
249,0514_c0007_020.jpg,514,6,-1,True,175,8550,0.9435248274133249,0.5239520958083832,1,334,1,1,1,1
250,0514_c0008_000.jpg,514,7,-1,True,175,8550,0.9411946728066466,0.5255255255255256,1,333,1,1,1,1
251,0514_c0008_005.jpg,514,7,-1,True,175,8550,0.9457942443536267,0.5335365853658537,1,328,1,1,1,1
252,0514_c0008_010.jpg,514,7,-1,True,175,8550,0.9425532022471778,0.5255255255255256,1,333,1,1,1,1
253,0514_c0008_015.jpg,514,7,-1,True,175,8550,0.9564435743410211,0.5555555555555556,1,315,1,1,1,1
254,0514_c0008_020.jpg,514,7,-1,True,175,8550,0.9463034025712623,0.5335365853658537,1,328,1,1,1,1
255,0516_c0001_000.jpg,516,0,-1,True,75,8550,0.819521521939985,0.46296296296296297,1,162,1,1,1,1
256,0516_c0001_005.jpg,516,0,-1,True,75,8550,0.7944312441602903,0.3640776699029126,1,206,1,1,1,1
257,0516_c0001_010.jpg,516,0,-1,True,75,8550,0.7812834827976488,0.3177966101694915,1,236,1,1,1,1
258,0516_c0001_015.jpg,516,0,-1,True,75,8550,0.8142820097116595,0.4491017964071856,1,167,1,1,1,1
259,0516_c0001_020.jpg,516,0,-1,True,75,8550,0.6737673840466261,0.42613636363636365,1,176,1,1,1,1
260,0516_c0003_000.jpg,516,2,-1,True,75,8550,1.0,1.0,1,75,1,1,1,1
261,0516_c0003_005.jpg,516,2,-1,True,75,8550,1.0,1.0,1,75,1,1,1,1
262,0516_c0003_010.jpg,516,2,-1,True,75,8550,1.0,1.0,1,75,1,1,1,1
263,0516_c0003_015.jpg,516,2,-1,True,75,8550,1.0,1.0,1,75,1,1,1,1
264,0516_c0003_020.jpg,516,2,-1,True,75,8550,1.0,1.0,1,75,1,1,1,1
265,0516_c0005_000.jpg,516,4,-1,True,75,8550,0.7316831305944163,0.20161290322580644,1,372,1,1,1,1
266,0516_c0005_005.jpg,516,4,-1,True,75,8550,0.7645814907804291,0.2604166666666667,1,288,1,1,1,1
267,0516_c0005_010.jpg,516,4,-1,True,75,8550,0.7226132592785678,0.18292682926829268,1,410,1,1,1,1
268,0516_c0005_015.jpg,516,4,-1,True,75,8550,0.6868692212971412,0.1724137931034483,1,435,1,1,1,1
269,0516_c0005_020.jpg,516,4,-1,True,75,8550,0.738912794080339,0.20833333333333334,1,360,1,1,1,1
270,0516_c0006_000.jpg,516,5,-1,True,75,8550,0.5044695858054198,0.2798507462686567,1,268,1,1,1,1
271,0516_c0006_005.jpg,516,5,-1,True,75,8550,0.5320733770864756,0.32051282051282054,1,234,1,1,1,1
272,0516_c0006_010.jpg,516,5,-1,True,75,8550,0.5121253994583704,0.3024193548387097,1,248,1,1,1,1
273,0516_c0006_015.jpg,516,5,-1,True,75,8550,0.49598189521582325,0.2777777777777778,1,270,1,1,1,1
274,0516_c0006_020.jpg,516,5,-1,True,75,8550,0.5177775423897544,0.30120481927710846,1,249,1,1,1,1
275,0518_c0001_000.jpg,518,0,-1,True,100,8550,0.36922509775097206,0.17301038062283736,8,578,0,0,1,1
276,0518_c0001_005.jpg,518,0,-1,True,100,8550,0.25104080828068737,0.15313935681470137,55,653,0,0,0,0
277,0518_c0001_010.jpg,518,0,-1,True,100,8550,0.2826362836746824,0.1893939393939394,44,528,0,0,0,0
278,0518_c0001_015.jpg,518,0,-1,True,100,8550,0.2718201570591611,0.20242914979757085,61,494,0,0,0,0
279,0518_c0001_020.jpg,518,0,-1,True,100,8550,0.6145039184448654,0.373134328358209,2,268,0,1,1,1
280,0518_c0002_000.jpg,518,1,-1,True,100,8550,0.7657651510659315,0.4484304932735426,1,223,1,1,1,1
281,0518_c0002_005.jpg,518,1,-1,True,100,8550,0.7674703739061147,0.4132231404958678,1,242,1,1,1,1
282,0518_c0002_010.jpg,518,1,-1,True,100,8550,0.7892404150830664,0.4484304932735426,1,223,1,1,1,1
283,0518_c0002_015.jpg,518,1,-1,True,100,8550,0.7729004815536153,0.398406374501992,1,251,1,1,1,1
284,0518_c0002_020.jpg,518,1,-1,True,100,8550,0.7768842931264598,0.41841004184100417,1,239,1,1,1,1
285,0518_c0003_000.jpg,518,2,-1,True,100,8550,0.39870194632039746,0.2808988764044944,1,356,1,1,1,1
286,0518_c0003_005.jpg,518,2,-1,True,100,8550,0.36132674543877613,0.22624434389140272,1,442,1,1,1,1
287,0518_c0003_010.jpg,518,2,-1,True,100,8550,0.3465055745756691,0.23696682464454977,1,422,1,1,1,1
288,0518_c0003_015.jpg,518,2,-1,True,100,8550,0.3344157040801125,0.21978021978021978,1,455,1,1,1,1
289,0518_c0003_020.jpg,518,2,-1,True,100,8550,0.3826403756657832,0.23255813953488372,1,430,1,1,1,1
290,0518_c0005_000.jpg,518,4,-1,True,100,8550,0.6648967072861648,0.40160642570281124,1,249,1,1,1,1
291,0518_c0005_005.jpg,518,4,-1,True,100,8550,0.6863504001529536,0.423728813559322,1,236,1,1,1,1
292,0518_c0005_010.jpg,518,4,-1,True,100,8550,0.7701537674142176,0.42735042735042733,1,234,1,1,1,1
293,0518_c0005_015.jpg,518,4,-1,True,100,8550,0.7869178824049017,0.42735042735042733,1,234,1,1,1,1
294,0518_c0005_020.jpg,518,4,-1,True,100,8550,0.7758735332525375,0.36496350364963503,1,274,1,1,1,1
295,0518_c0006_000.jpg,518,5,-1,True,100,8550,0.8444463368804827,0.5524861878453039,1,181,1,1,1,1
296,0518_c0006_005.jpg,518,5,-1,True,100,8550,0.8617358673688615,0.5524861878453039,1,181,1,1,1,1
297,0518_c0006_010.jpg,518,5,-1,True,100,8550,0.8467057810070909,0.4784688995215311,1,209,1,1,1,1
298,0518_c0006_015.jpg,518,5,-1,True,100,8550,0.7937746105319567,0.5208333333333334,1,192,1,1,1,1
299,0518_c0006_020.jpg,518,5,-1,True,100,8550,0.8156596524057587,0.5128205128205128,1,195,1,1,1,1
300,0520_c0001_000.jpg,520,0,-1,True,150,8550,0.4369439418492963,0.13321492007104796,1,1126,1,1,1,1
301,0520_c0001_005.jpg,520,0,-1,True,150,8550,0.4515020009756643,0.13077593722755013,1,1147,1,1,1,1
302,0520_c0001_010.jpg,520,0,-1,True,150,8550,0.3983819656052246,0.08620689655172414,1,1740,1,1,1,1
303,0520_c0001_015.jpg,520,0,-1,True,150,8550,0.400663273634517,0.0962772785622593,1,1558,1,1,1,1
304,0520_c0001_020.jpg,520,0,-1,True,150,8550,0.4199555070204133,0.1278772378516624,1,1173,1,1,1,1
305,0520_c0002_000.jpg,520,1,-1,True,150,8550,0.6435378882890236,0.0392156862745098,1,3825,1,1,1,1
306,0520_c0002_005.jpg,520,1,-1,True,150,8550,0.594038084652146,0.03676470588235294,1,4080,1,1,1,1
307,0520_c0002_010.jpg,520,1,-1,True,150,8550,0.5972419506909072,0.03890041493775934,1,3856,1,1,1,1
308,0520_c0002_015.jpg,520,1,-1,True,150,8550,0.5253482487868272,0.03244646333549643,1,4623,1,1,1,1
309,0520_c0002_020.jpg,520,1,-1,True,150,8550,0.5124977415359518,0.03274394237066143,1,4581,1,1,1,1
310,0520_c0004_000.jpg,520,3,-1,True,150,8550,0.9218054318078678,0.6172839506172839,1,243,1,1,1,1
311,0520_c0004_005.jpg,520,3,-1,True,150,8550,0.9342328758342646,0.6912442396313364,1,217,1,1,1,1
312,0520_c0004_010.jpg,520,3,-1,True,150,8550,0.9335101731849884,0.6880733944954128,1,218,1,1,1,1
313,0520_c0004_015.jpg,520,3,-1,True,150,8550,0.9277815630998123,0.6944444444444444,1,216,1,1,1,1
314,0520_c0004_020.jpg,520,3,-1,True,150,8550,0.9433342501294351,0.6944444444444444,1,216,1,1,1,1
315,0520_c0005_000.jpg,520,4,-1,True,150,8550,0.6535989537612316,0.21337126600284495,1,703,1,1,1,1
316,0520_c0005_005.jpg,520,4,-1,True,150,8550,0.6300488542632324,0.1865671641791045,1,804,1,1,1,1
317,0520_c0005_010.jpg,520,4,-1,True,150,8550,0.6096487686788342,0.1724137931034483,1,870,1,1,1,1
318,0520_c0005_015.jpg,520,4,-1,True,150,8550,0.6877393595699405,0.24232633279483037,1,619,1,1,1,1
319,0520_c0005_020.jpg,520,4,-1,True,150,8550,0.6478651769772266,0.19973368841544606,1,751,1,1,1,1
320,0520_c0006_000.jpg,520,5,-1,True,150,8550,0.7949897465293801,0.10940919037199125,1,1371,1,1,1,1
321,0520_c0006_005.jpg,520,5,-1,True,150,8550,0.8139984974563614,0.0967741935483871,1,1550,1,1,1,1
322,0520_c0006_010.jpg,520,5,-1,True,150,8550,0.7467284861310912,0.06339814032121724,1,2366,1,1,1,1
323,0520_c0006_015.jpg,520,5,-1,True,150,8550,0.7259034647196801,0.05401512423478574,1,2777,1,1,1,1
324,0520_c0006_020.jpg,520,5,-1,True,150,8550,0.7344727363025416,0.05263157894736842,1,2850,1,1,1,1
325,0520_c0007_000.jpg,520,6,-1,True,150,8550,0.8783220303801774,0.24752475247524752,1,606,1,1,1,1
326,0520_c0007_005.jpg,520,6,-1,True,150,8550,0.8638753121454836,0.2242152466367713,1,669,1,1,1,1
327,0520_c0007_010.jpg,520,6,-1,True,150,8550,0.8147298372366482,0.13380909901873328,1,1121,1,1,1,1
328,0520_c0007_015.jpg,520,6,-1,True,150,8550,0.8227229431029224,0.13009540329575023,1,1153,1,1,1,1
329,0520_c0007_020.jpg,520,6,-1,True,150,8550,0.8637596854001452,0.20891364902506965,1,718,1,1,1,1
330,0520_c0008_000.jpg,520,7,-1,True,150,8550,0.9342889650847436,0.42016806722689076,1,357,1,1,1,1
331,0520_c0008_005.jpg,520,7,-1,True,150,8550,0.9302748271455649,0.42134831460674155,1,356,1,1,1,1
332,0520_c0008_010.jpg,520,7,-1,True,150,8550,0.9533322185382805,0.5357142857142857,1,280,1,1,1,1
333,0520_c0008_015.jpg,520,7,-1,True,150,8550,1.0,1.0,1,150,1,1,1,1
334,0520_c0008_020.jpg,520,7,-1,True,150,8550,0.989211315398477,0.7352941176470589,1,204,1,1,1,1
335,0522_c0001_000.jpg,522,0,-1,True,150,8550,0.35928584131900576,0.22058823529411764,1,680,1,1,1,1
336,0522_c0001_005.jpg,522,0,-1,True,150,8550,0.3401011828674776,0.2054794520547945,1,730,1,1,1,1
337,0522_c0001_010.jpg,522,0,-1,True,150,8550,0.3470896656598217,0.211864406779661,1,708,1,1,1,1
338,0522_c0001_015.jpg,522,0,-1,True,150,8550,0.3577322496877796,0.18796992481203006,1,798,1,1,1,1
339,0522_c0001_020.jpg,522,0,-1,True,150,8550,0.3381496304206355,0.19455252918287938,1,771,1,1,1,1
340,0522_c0002_000.jpg,522,1,-1,True,150,8550,0.5902848289163911,0.10067114093959731,1,1490,1,1,1,1
341,0522_c0002_005.jpg,522,1,-1,True,150,8550,0.6092654508966766,0.09554140127388536,1,1570,1,1,1,1
342,0522_c0002_010.jpg,522,1,-1,True,150,8550,0.6189855476837856,0.1097293343087052,1,1367,1,1,1,1
343,0522_c0002_015.jpg,522,1,-1,True,150,8550,0.6183410941838955,0.11773940345368916,1,1274,1,1,1,1
344,0522_c0002_020.jpg,522,1,-1,True,150,8550,0.6566274536936502,0.11013215859030837,1,1362,1,1,1,1
345,0522_c0004_000.jpg,522,3,-1,True,150,8550,0.6931645645470352,0.23148148148148148,1,648,1,1,1,1
346,0522_c0004_005.jpg,522,3,-1,True,150,8550,0.5890664949282833,0.17964071856287425,1,835,1,1,1,1
347,0522_c0004_010.jpg,522,3,-1,True,150,8550,0.6413444781747879,0.18159806295399517,1,826,1,1,1,1
348,0522_c0004_015.jpg,522,3,-1,True,150,8550,0.780280242181249,0.2077562326869806,1,722,1,1,1,1
349,0522_c0004_020.jpg,522,3,-1,True,150,8550,0.724421313735171,0.2,1,750,1,1,1,1
350,0522_c0005_000.jpg,522,4,-1,True,150,8550,0.07705263091878146,0.06883891693437356,2,2179,0,1,1,1
351,0522_c0005_005.jpg,522,4,-1,True,150,8550,0.08142839966363118,0.07987220447284345,25,1878,0,0,0,0
352,0522_c0005_010.jpg,522,4,-1,True,150,8550,0.07761661149795848,0.0755287009063444,58,1986,0,0,0,0
353,0522_c0005_015.jpg,522,4,-1,True,150,8550,0.06664457814982361,0.06573181419807186,42,2282,0,0,0,0
354,0522_c0005_020.jpg,522,4,-1,True,150,8550,0.06580951296579925,0.08077544426494346,25,1857,0,0,0,0
355,0522_c0006_000.jpg,522,5,-1,True,150,8550,0.8613003116397439,0.13215859030837004,1,1135,1,1,1,1
356,0522_c0006_005.jpg,522,5,-1,True,150,8550,0.843879636625309,0.13227513227513227,1,1134,1,1,1,1
357,0522_c0006_010.jpg,522,5,-1,True,150,8550,0.8513041539481728,0.13227513227513227,1,1134,1,1,1,1
358,0522_c0006_015.jpg,522,5,-1,True,150,8550,0.7001858456100156,0.13513513513513514,1,1110,1,1,1,1
359,0522_c0006_020.jpg,522,5,-1,True,150,8550,0.6959223253550822,0.14071294559099437,1,1066,1,1,1,1
360,0522_c0007_000.jpg,522,6,-1,True,150,8550,0.6094948189954188,0.2112676056338028,1,710,1,1,1,1
361,0522_c0007_005.jpg,522,6,-1,True,150,8550,0.5943255832191443,0.14910536779324055,1,1006,1,1,1,1
362,0522_c0007_010.jpg,522,6,-1,True,150,8550,0.6082719548975439,0.20161290322580644,1,744,1,1,1,1
363,0522_c0007_015.jpg,522,6,-1,True,150,8550,0.6186089417579895,0.2222222222222222,1,675,1,1,1,1
364,0522_c0007_020.jpg,522,6,-1,True,150,8550,0.5955482497953806,0.18633540372670807,1,805,1,1,1,1
365,0522_c0008_000.jpg,522,7,-1,True,150,8550,0.4781419418660169,0.19011406844106463,1,789,1,1,1,1
366,0522_c0008_005.jpg,522,7,-1,True,150,8550,0.4994533420107622,0.1989389920424403,1,754,1,1,1,1
367,0522_c0008_010.jpg,522,7,-1,True,150,8550,0.38243491017542325,0.20804438280166435,1,721,1,1,1,1
368,0522_c0008_015.jpg,522,7,-1,True,150,8550,0.3740316247739062,0.1986754966887417,1,755,1,1,1,1
369,0522_c0008_020.jpg,522,7,-1,True,150,8550,0.4139664787037858,0.2077562326869806,1,722,1,1,1,1
370,0524_c0001_000.jpg,524,0,-1,True,175,8550,0.9569100006856268,0.6457564575645757,1,271,1,1,1,1
371,0524_c0001_005.jpg,524,0,-1,True,175,8550,0.975240937938763,0.7291666666666666,1,240,1,1,1,1
372,0524_c0001_010.jpg,524,0,-1,True,175,8550,0.9850939192153052,0.7446808510638298,1,235,1,1,1,1
373,0524_c0001_015.jpg,524,0,-1,True,175,8550,0.9984523273620554,0.9020618556701031,1,194,1,1,1,1
374,0524_c0001_020.jpg,524,0,-1,True,175,8550,0.998668927284412,0.9067357512953368,1,193,1,1,1,1
375,0524_c0002_000.jpg,524,1,-1,True,175,8550,0.9976407058878587,0.8706467661691543,1,201,1,1,1,1
376,0524_c0002_005.jpg,524,1,-1,True,175,8550,0.9821453858062709,0.6782945736434108,1,258,1,1,1,1
377,0524_c0002_010.jpg,524,1,-1,True,175,8550,0.9968041381014818,0.8663366336633663,1,202,1,1,1,1
378,0524_c0002_015.jpg,524,1,-1,True,175,8550,0.9916038575811262,0.6889763779527559,1,254,1,1,1,1
379,0524_c0002_020.jpg,524,1,-1,True,175,8550,0.9988957026360432,0.9067357512953368,1,193,1,1,1,1
380,0524_c0003_000.jpg,524,2,-1,True,175,8550,1.0,1.0,1,175,1,1,1,1
381,0524_c0003_005.jpg,524,2,-1,True,175,8550,0.9972602219962878,0.9308510638297872,1,188,1,1,1,1
382,0524_c0003_010.jpg,524,2,-1,True,175,8550,1.0,1.0,1,175,1,1,1,1
383,0524_c0003_015.jpg,524,2,-1,True,175,8550,0.9995592452569863,0.9510869565217391,1,184,1,1,1,1
384,0524_c0003_020.jpg,524,2,-1,True,175,8550,0.9951755848742782,0.9210526315789473,1,190,1,1,1,1
385,0524_c0004_000.jpg,524,3,-1,True,175,8550,0.9458445457846019,0.7291666666666666,1,240,1,1,1,1
386,0524_c0004_005.jpg,524,3,-1,True,175,8550,0.8906437864610156,0.720164609053498,1,243,1,1,1,1
387,0524_c0004_010.jpg,524,3,-1,True,175,8550,0.8805090357389921,0.7231404958677686,1,242,1,1,1,1
388,0524_c0004_015.jpg,524,3,-1,True,175,8550,0.8261116188045434,0.6862745098039216,1,255,1,1,1,1
389,0524_c0004_020.jpg,524,3,-1,True,175,8550,0.8371032667379786,0.720164609053498,1,243,1,1,1,1
390,0524_c0005_000.jpg,524,4,-1,True,175,8550,1.0,1.0,1,175,1,1,1,1
391,0524_c0005_005.jpg,524,4,-1,True,175,8550,1.0,1.0,1,175,1,1,1,1
392,0524_c0005_010.jpg,524,4,-1,True,175,8550,1.0,1.0,1,175,1,1,1,1
393,0524_c0005_015.jpg,524,4,-1,True,175,8550,1.0,1.0,1,175,1,1,1,1
394,0524_c0005_020.jpg,524,4,-1,True,175,8550,1.0,1.0,1,175,1,1,1,1
395,0524_c0006_000.jpg,524,5,-1,True,175,8550,1.0,1.0,1,175,1,1,1,1
396,0524_c0006_005.jpg,524,5,-1,True,175,8550,1.0,1.0,1,175,1,1,1,1
397,0524_c0006_010.jpg,524,5,-1,True,175,8550,1.0,1.0,1,175,1,1,1,1
398,0524_c0006_015.jpg,524,5,-1,True,175,8550,1.0,1.0,1,175,1,1,1,1
399,0524_c0006_020.jpg,524,5,-1,True,175,8550,0.9964756039661576,0.9259259259259259,1,189,1,1,1,1
400,0524_c0007_000.jpg,524,6,-1,True,175,8550,0.9915827174744257,0.8027522935779816,1,218,1,1,1,1
401,0524_c0007_005.jpg,524,6,-1,True,175,8550,0.9990188740992406,0.9615384615384616,1,182,1,1,1,1
402,0524_c0007_010.jpg,524,6,-1,True,175,8550,1.0,1.0,1,175,1,1,1,1
403,0524_c0007_015.jpg,524,6,-1,True,175,8550,1.0,1.0,1,175,1,1,1,1
404,0524_c0007_020.jpg,524,6,-1,True,175,8550,1.0,1.0,1,175,1,1,1,1
405,0524_c0008_000.jpg,524,7,-1,True,175,8550,0.9995262147037244,0.9510869565217391,1,184,1,1,1,1
406,0524_c0008_005.jpg,524,7,-1,True,175,8550,0.9998699380161182,0.9887005649717514,1,177,1,1,1,1
407,0524_c0008_010.jpg,524,7,-1,True,175,8550,0.9998710387525798,0.9831460674157303,1,178,1,1,1,1
408,0524_c0008_015.jpg,524,7,-1,True,175,8550,1.0,1.0,1,175,1,1,1,1
409,0524_c0008_020.jpg,524,7,-1,True,175,8550,1.0,1.0,1,175,1,1,1,1
410,0526_c0001_000.jpg,526,0,-1,True,50,8550,0.7386956782269626,0.4854368932038835,1,103,1,1,1,1
411,0526_c0001_005.jpg,526,0,-1,True,50,8550,0.8146668754547336,0.5555555555555556,1,90,1,1,1,1
412,0526_c0001_010.jpg,526,0,-1,True,50,8550,0.8419757601149676,0.5,1,100,1,1,1,1
413,0526_c0001_015.jpg,526,0,-1,True,50,8550,0.971875788095807,0.7142857142857143,1,70,1,1,1,1
414,0526_c0001_020.jpg,526,0,-1,True,50,8550,0.8798226463533603,0.6578947368421053,1,76,1,1,1,1
415,0526_c0003_000.jpg,526,2,-1,True,50,8550,0.788782382294808,0.2824858757062147,1,177,1,1,1,1
416,0526_c0003_005.jpg,526,2,-1,True,50,8550,0.7614885858519054,0.26595744680851063,1,188,1,1,1,1
417,0526_c0003_010.jpg,526,2,-1,True,50,8550,0.7190837932580604,0.20161290322580644,1,248,1,1,1,1
418,0526_c0003_015.jpg,526,2,-1,True,50,8550,0.7820807958420086,0.4,1,125,1,1,1,1
419,0526_c0003_020.jpg,526,2,-1,True,50,8550,0.7814642284716706,0.373134328358209,1,134,1,1,1,1
420,0526_c0005_000.jpg,526,4,-1,True,50,8550,0.5300585691838847,0.35714285714285715,1,140,1,1,1,1
421,0526_c0005_005.jpg,526,4,-1,True,50,8550,0.7061474172329089,0.5154639175257731,1,97,1,1,1,1
422,0526_c0005_010.jpg,526,4,-1,True,50,8550,0.7723097623258784,0.45871559633027525,1,109,1,1,1,1
423,0526_c0005_015.jpg,526,4,-1,True,50,8550,0.7585511318582793,0.5376344086021505,1,93,1,1,1,1
424,0526_c0005_020.jpg,526,4,-1,True,50,8550,0.5336457136396424,0.3546099290780142,1,141,1,1,1,1
425,0528_c0001_000.jpg,528,0,-1,True,150,8550,0.9741610599956436,0.8426966292134831,1,178,1,1,1,1
426,0528_c0001_005.jpg,528,0,-1,True,150,8550,0.884560318133974,0.7009345794392523,1,214,1,1,1,1
427,0528_c0001_010.jpg,528,0,-1,True,150,8550,0.823067602058959,0.635593220338983,1,236,1,1,1,1
428,0528_c0001_015.jpg,528,0,-1,True,150,8550,0.8892137663747091,0.746268656716418,1,201,1,1,1,1
429,0528_c0001_020.jpg,528,0,-1,True,150,8550,0.7735894853165913,0.6607929515418502,1,227,1,1,1,1
430,0528_c0002_000.jpg,528,1,-1,True,150,8550,0.510358555249458,0.33557046979865773,1,447,1,1,1,1
431,0528_c0002_005.jpg,528,1,-1,True,150,8550,0.5316775802893396,0.3246753246753247,1,462,1,1,1,1
432,0528_c0002_010.jpg,528,1,-1,True,150,8550,0.5386175629589308,0.26737967914438504,1,561,1,1,1,1
433,0528_c0002_015.jpg,528,1,-1,True,150,8550,0.47314303045792355,0.13761467889908258,1,1090,1,1,1,1
434,0528_c0002_020.jpg,528,1,-1,True,150,8550,0.5045263342133173,0.17964071856287425,1,835,1,1,1,1
435,0528_c0003_000.jpg,528,2,-1,True,150,8550,0.8988647824296193,0.6276150627615062,1,239,1,1,1,1
436,0528_c0003_005.jpg,528,2,-1,True,150,8550,0.869277062007532,0.6493506493506493,1,231,1,1,1,1
437,0528_c0003_010.jpg,528,2,-1,True,150,8550,0.8792427469930266,0.6637168141592921,1,226,1,1,1,1
438,0528_c0003_015.jpg,528,2,-1,True,150,8550,0.9098205336576041,0.684931506849315,1,219,1,1,1,1
439,0528_c0003_020.jpg,528,2,-1,True,150,8550,0.8908657111344758,0.6521739130434783,1,230,1,1,1,1
440,0528_c0004_000.jpg,528,3,-1,True,150,8550,0.977753049500397,0.7894736842105263,1,190,1,1,1,1
441,0528_c0004_005.jpg,528,3,-1,True,150,8550,0.9802999675919989,0.8064516129032258,1,186,1,1,1,1
442,0528_c0004_010.jpg,528,3,-1,True,150,8550,0.9850473417072321,0.8426966292134831,1,178,1,1,1,1
443,0528_c0004_015.jpg,528,3,-1,True,150,8550,0.9851551844674077,0.8571428571428571,1,175,1,1,1,1
444,0528_c0004_020.jpg,528,3,-1,True,150,8550,0.9915311572299792,0.8823529411764706,1,170,1,1,1,1
445,0528_c0005_000.jpg,528,4,-1,True,150,8550,0.7235872390327146,0.4098360655737705,1,366,1,1,1,1
446,0528_c0005_005.jpg,528,4,-1,True,150,8550,0.7383390343277425,0.42016806722689076,1,357,1,1,1,1
447,0528_c0005_010.jpg,528,4,-1,True,150,8550,0.7243156510634587,0.40431266846361186,1,371,1,1,1,1
448,0528_c0005_015.jpg,528,4,-1,True,150,8550,0.7209296520841787,0.43478260869565216,1,345,1,1,1,1
449,0528_c0005_020.jpg,528,4,-1,True,150,8550,0.7235424530803388,0.4398826979472141,1,341,1,1,1,1
450,0528_c0006_000.jpg,528,5,-1,True,150,8550,0.9993965220941239,0.9554140127388535,1,157,1,1,1,1
451,0528_c0006_005.jpg,528,5,-1,True,150,8550,0.995586774879497,0.872093023255814,1,172,1,1,1,1
452,0528_c0006_010.jpg,528,5,-1,True,150,8550,1.0,1.0,1,150,1,1,1,1
453,0528_c0006_015.jpg,528,5,-1,True,150,8550,1.0,1.0,1,150,1,1,1,1
454,0528_c0006_020.jpg,528,5,-1,True,150,8550,1.0,1.0,1,150,1,1,1,1
455,0528_c0007_000.jpg,528,6,-1,True,150,8550,0.9828758935538295,0.7653061224489796,1,196,1,1,1,1
456,0528_c0007_005.jpg,528,6,-1,True,150,8550,0.9779569065459118,0.7537688442211056,1,199,1,1,1,1
457,0528_c0007_010.jpg,528,6,-1,True,150,8550,0.9748769871368429,0.7772020725388601,1,193,1,1,1,1
458,0528_c0007_015.jpg,528,6,-1,True,150,8550,0.9660915071592959,0.7731958762886598,1,194,1,1,1,1
459,0528_c0007_020.jpg,528,6,-1,True,150,8550,0.9753336338685873,0.7075471698113207,1,212,1,1,1,1
460,0530_c0001_000.jpg,530,0,-1,True,150,8550,0.8965676399532996,0.3488372093023256,1,430,1,1,1,1
461,0530_c0001_005.jpg,530,0,-1,True,150,8550,0.8923496390782775,0.32119914346895073,1,467,1,1,1,1
462,0530_c0001_010.jpg,530,0,-1,True,150,8550,0.8973031094975823,0.35294117647058826,1,425,1,1,1,1
463,0530_c0001_015.jpg,530,0,-1,True,150,8550,0.8993288021445895,0.38961038961038963,1,385,1,1,1,1
464,0530_c0001_020.jpg,530,0,-1,True,150,8550,0.8933702093108207,0.3246753246753247,1,462,1,1,1,1
465,0530_c0002_000.jpg,530,1,-1,True,150,8550,0.8993950353558606,0.423728813559322,1,354,1,1,1,1
466,0530_c0002_005.jpg,530,1,-1,True,150,8550,0.8845394045984053,0.41208791208791207,1,364,1,1,1,1
467,0530_c0002_010.jpg,530,1,-1,True,150,8550,0.8816985932118392,0.40540540540540543,1,370,1,1,1,1
468,0530_c0002_015.jpg,530,1,-1,True,150,8550,0.8758760772033288,0.40431266846361186,1,371,1,1,1,1
469,0530_c0002_020.jpg,530,1,-1,True,150,8550,0.8790154828754472,0.40106951871657753,1,374,1,1,1,1
470,0530_c0003_000.jpg,530,2,-1,True,150,8550,0.6937852387406752,0.36855036855036855,1,407,1,1,1,1
471,0530_c0003_005.jpg,530,2,-1,True,150,8550,0.8396126365047403,0.40431266846361186,1,371,1,1,1,1
472,0530_c0003_010.jpg,530,2,-1,True,150,8550,0.6992736159878958,0.3712871287128713,1,404,1,1,1,1
473,0530_c0003_015.jpg,530,2,-1,True,150,8550,0.7164232017380797,0.3778337531486146,1,397,1,1,1,1
474,0530_c0003_020.jpg,530,2,-1,True,150,8550,0.8582666041238706,0.4424778761061947,1,339,1,1,1,1
475,0530_c0004_000.jpg,530,3,-1,True,150,8550,0.8784205885081611,0.45454545454545453,1,330,1,1,1,1
476,0530_c0004_005.jpg,530,3,-1,True,150,8550,0.8900010539861891,0.4658385093167702,1,322,1,1,1,1
477,0530_c0004_010.jpg,530,3,-1,True,150,8550,0.8349222068831735,0.4491017964071856,1,334,1,1,1,1
478,0530_c0004_015.jpg,530,3,-1,True,150,8550,0.8837726612105918,0.45045045045045046,1,333,1,1,1,1
479,0530_c0004_020.jpg,530,3,-1,True,150,8550,0.8797748780965591,0.4411764705882353,1,340,1,1,1,1
480,0530_c0005_000.jpg,530,4,-1,True,150,8550,0.9688455778643497,0.746268656716418,1,201,1,1,1,1
481,0530_c0005_005.jpg,530,4,-1,True,150,8550,0.98149073385643,0.75,1,200,1,1,1,1
482,0530_c0005_010.jpg,530,4,-1,True,150,8550,0.9357912998454924,0.5882352941176471,1,255,1,1,1,1
483,0530_c0005_015.jpg,530,4,-1,True,150,8550,0.9283326798550123,0.5494505494505495,1,273,1,1,1,1
484,0530_c0005_020.jpg,530,4,-1,True,150,8550,0.9346998171378416,0.5836575875486382,1,257,1,1,1,1
485,0530_c0006_000.jpg,530,5,-1,True,150,8550,0.8990432475684421,0.4322766570605187,1,347,1,1,1,1
486,0530_c0006_005.jpg,530,5,-1,True,150,8550,0.8995743464440475,0.42492917847025496,1,353,1,1,1,1
487,0530_c0006_010.jpg,530,5,-1,True,150,8550,0.8999387188621444,0.42492917847025496,1,353,1,1,1,1
488,0530_c0006_015.jpg,530,5,-1,True,150,8550,0.897113101148548,0.42492917847025496,1,353,1,1,1,1
489,0530_c0006_020.jpg,530,5,-1,True,150,8550,0.9022317094910464,0.42735042735042733,1,351,1,1,1,1
490,0530_c0008_000.jpg,530,7,-1,True,150,8550,0.8626091436522834,0.33860045146726864,1,443,1,1,1,1
491,0530_c0008_005.jpg,530,7,-1,True,150,8550,0.8706668133383954,0.336322869955157,1,446,1,1,1,1
492,0530_c0008_010.jpg,530,7,-1,True,150,8550,0.8762246894480105,0.32967032967032966,1,455,1,1,1,1
493,0530_c0008_015.jpg,530,7,-1,True,150,8550,0.8769057731270262,0.33185840707964603,1,452,1,1,1,1
494,0530_c0008_020.jpg,530,7,-1,True,150,8550,0.8716059385375521,0.3157894736842105,1,475,1,1,1,1
495,0532_c0001_000.jpg,532,0,-1,True,175,8550,0.9976409399688088,0.9510869565217391,1,184,1,1,1,1
496,0532_c0001_005.jpg,532,0,-1,True,175,8550,0.9995370625806501,0.9776536312849162,1,179,1,1,1,1
497,0532_c0001_010.jpg,532,0,-1,True,175,8550,0.9974729732293145,0.9459459459459459,1,185,1,1,1,1
498,0532_c0001_015.jpg,532,0,-1,True,175,8550,0.9929751616183424,0.9259259259259259,1,189,1,1,1,1
499,0532_c0001_020.jpg,532,0,-1,True,175,8550,0.9958302600241998,0.9358288770053476,1,187,1,1,1,1
500,0532_c0002_000.jpg,532,1,-1,True,175,8550,0.8206889915181091,0.4088785046728972,1,428,1,1,1,1
501,0532_c0002_005.jpg,532,1,-1,True,175,8550,0.8002385919199537,0.38631346578366443,1,453,1,1,1,1
502,0532_c0002_010.jpg,532,1,-1,True,175,8550,0.8249555344555698,0.35787321063394684,1,489,1,1,1,1
503,0532_c0002_015.jpg,532,1,-1,True,175,8550,0.7577134235591073,0.390625,1,448,1,1,1,1
504,0532_c0002_020.jpg,532,1,-1,True,175,8550,0.7016708064336433,0.36610878661087864,1,478,1,1,1,1
505,0532_c0003_000.jpg,532,2,-1,True,175,8550,0.7262537726110461,0.3038194444444444,1,576,1,1,1,1
506,0532_c0003_005.jpg,532,2,-1,True,175,8550,0.798867115089941,0.3022452504317789,1,579,1,1,1,1
507,0532_c0003_010.jpg,532,2,-1,True,175,8550,0.7188292414527951,0.3333333333333333,1,525,1,1,1,1
508,0532_c0003_015.jpg,532,2,-1,True,175,8550,0.8086820973001175,0.28225806451612906,1,620,1,1,1,1
509,0532_c0003_020.jpg,532,2,-1,True,175,8550,0.8174118592239303,0.2696456086286595,1,649,1,1,1,1
510,0532_c0004_000.jpg,532,3,-1,True,175,8550,0.6785145492772371,0.22551546391752578,1,776,1,1,1,1
511,0532_c0004_005.jpg,532,3,-1,True,175,8550,0.6893224140398612,0.23427041499330656,1,747,1,1,1,1
512,0532_c0004_010.jpg,532,3,-1,True,175,8550,0.8630513629347508,0.27472527472527475,1,637,1,1,1,1
513,0532_c0004_015.jpg,532,3,-1,True,175,8550,0.8073721386235665,0.25584795321637427,1,684,1,1,1,1
514,0532_c0004_020.jpg,532,3,-1,True,175,8550,0.7647298482021134,0.24441340782122906,1,716,1,1,1,1
515,0532_c0005_000.jpg,532,4,-1,True,175,8550,0.9333896503267902,0.35353535353535354,1,495,1,1,1,1
516,0532_c0005_005.jpg,532,4,-1,True,175,8550,0.9437763913080998,0.41766109785202865,1,419,1,1,1,1
517,0532_c0005_010.jpg,532,4,-1,True,175,8550,0.9248572439924185,0.3854625550660793,1,454,1,1,1,1
518,0532_c0005_015.jpg,532,4,-1,True,175,8550,0.9545377052390784,0.48476454293628807,1,361,1,1,1,1
519,0532_c0005_020.jpg,532,4,-1,True,175,8550,0.9401812769822664,0.43640897755610975,1,401,1,1,1,1
520,0532_c0006_000.jpg,532,5,-1,True,175,8550,0.9997152847152847,0.9615384615384616,1,182,1,1,1,1
521,0532_c0006_005.jpg,532,5,-1,True,175,8550,1.0,1.0,1,175,1,1,1,1
522,0532_c0006_010.jpg,532,5,-1,True,175,8550,1.0,1.0,1,175,1,1,1,1
523,0532_c0006_015.jpg,532,5,-1,True,175,8550,1.0,1.0,1,175,1,1,1,1
524,0532_c0006_020.jpg,532,5,-1,True,175,8550,1.0,1.0,1,175,1,1,1,1
525,0532_c0007_000.jpg,532,6,-1,True,175,8550,0.798251685804688,0.277337559429477,1,631,1,1,1,1
526,0532_c0007_005.jpg,532,6,-1,True,175,8550,0.8576407638859548,0.29264214046822745,1,598,1,1,1,1
527,0532_c0007_010.jpg,532,6,-1,True,175,8550,0.877680576404186,0.33783783783783783,1,518,1,1,1,1
528,0532_c0007_015.jpg,532,6,-1,True,175,8550,0.7823695287812932,0.28363047001620745,1,617,1,1,1,1
529,0532_c0007_020.jpg,532,6,-1,True,175,8550,0.90884753925972,0.40415704387990764,1,433,1,1,1,1
530,0532_c0008_000.jpg,532,7,-1,True,175,8550,0.6349887394581821,0.2358490566037736,1,742,1,1,1,1
531,0532_c0008_005.jpg,532,7,-1,True,175,8550,0.5773255628237564,0.2339572192513369,1,748,1,1,1,1
532,0532_c0008_010.jpg,532,7,-1,True,175,8550,0.6303012649877788,0.23302263648468707,1,751,1,1,1,1
533,0532_c0008_015.jpg,532,7,-1,True,175,8550,0.5236760057052742,0.22609819121447028,1,774,1,1,1,1
534,0532_c0008_020.jpg,532,7,-1,True,175,8550,0.6383081050194137,0.24475524475524477,1,715,1,1,1,1
535,0534_c0001_000.jpg,534,0,-1,True,150,8550,0.9473295572145162,0.6880733944954128,1,218,1,1,1,1
536,0534_c0001_005.jpg,534,0,-1,True,150,8550,0.9494516748313352,0.7009345794392523,1,214,1,1,1,1
537,0534_c0001_010.jpg,534,0,-1,True,150,8550,0.9685323065459007,0.7692307692307693,1,195,1,1,1,1
538,0534_c0001_015.jpg,534,0,-1,True,150,8550,0.9519935708248263,0.7142857142857143,1,210,1,1,1,1
539,0534_c0001_020.jpg,534,0,-1,True,150,8550,0.9515068627002097,0.6787330316742082,1,221,1,1,1,1
540,0534_c0002_000.jpg,534,1,-1,True,150,8550,0.7150999244250013,0.4178272980501393,1,359,1,1,1,1
541,0534_c0002_005.jpg,534,1,-1,True,150,8550,0.7466509582975033,0.42492917847025496,1,353,1,1,1,1
542,0534_c0002_010.jpg,534,1,-1,True,150,8550,0.7502313787071013,0.4322766570605187,1,347,1,1,1,1
543,0534_c0002_015.jpg,534,1,-1,True,150,8550,0.7661775378949736,0.4297994269340974,1,349,1,1,1,1
544,0534_c0002_020.jpg,534,1,-1,True,150,8550,0.7671229755730427,0.43103448275862066,1,348,1,1,1,1
545,0534_c0004_000.jpg,534,3,-1,True,150,8550,0.8099778198921902,0.3138075313807531,1,478,1,1,1,1
546,0534_c0004_005.jpg,534,3,-1,True,150,8550,0.8055581336079352,0.3125,1,480,1,1,1,1
547,0534_c0004_010.jpg,534,3,-1,True,150,8550,0.839226191365006,0.4098360655737705,1,366,1,1,1,1
548,0534_c0004_015.jpg,534,3,-1,True,150,8550,0.8607304870528923,0.42735042735042733,1,351,1,1,1,1
549,0534_c0004_020.jpg,534,3,-1,True,150,8550,0.902634091028039,0.4966887417218543,1,302,1,1,1,1
550,0534_c0005_000.jpg,534,4,-1,True,150,8550,0.9313310608339418,0.5791505791505791,1,259,1,1,1,1
551,0534_c0005_005.jpg,534,4,-1,True,150,8550,0.9284207709699501,0.5813953488372093,1,258,1,1,1,1
552,0534_c0005_010.jpg,534,4,-1,True,150,8550,0.924307429225435,0.5725190839694656,1,262,1,1,1,1
553,0534_c0005_015.jpg,534,4,-1,True,150,8550,0.9414694365339291,0.6072874493927125,1,247,1,1,1,1
554,0534_c0005_020.jpg,534,4,-1,True,150,8550,0.9379225354965622,0.5859375,1,256,1,1,1,1
555,0534_c0006_000.jpg,534,5,-1,True,150,8550,0.9864326620188966,0.8571428571428571,1,175,1,1,1,1
556,0534_c0006_005.jpg,534,5,-1,True,150,8550,0.9872432218746295,0.8571428571428571,1,175,1,1,1,1
557,0534_c0006_010.jpg,534,5,-1,True,150,8550,0.9610904780398264,0.7614213197969543,1,197,1,1,1,1
558,0534_c0006_015.jpg,534,5,-1,True,150,8550,0.9962535221287216,0.8771929824561403,1,171,1,1,1,1
559,0534_c0006_020.jpg,534,5,-1,True,150,8550,0.9782625023721486,0.8571428571428571,1,175,1,1,1,1
560,0534_c0007_000.jpg,534,6,-1,True,150,8550,0.9549629271576081,0.7317073170731707,1,205,1,1,1,1
561,0534_c0007_005.jpg,534,6,-1,True,150,8550,0.9577549317168291,0.746268656716418,1,201,1,1,1,1
562,0534_c0007_010.jpg,534,6,-1,True,150,8550,0.957514220795527,0.6756756756756757,1,222,1,1,1,1
563,0534_c0007_015.jpg,534,6,-1,True,150,8550,0.9705143426001335,0.7853403141361257,1,191,1,1,1,1
564,0534_c0007_020.jpg,534,6,-1,True,150,8550,0.9854401089460555,0.8620689655172413,1,174,1,1,1,1
565,0534_c0008_000.jpg,534,7,-1,True,150,8550,0.9329274371378625,0.5882352941176471,1,255,1,1,1,1
566,0534_c0008_005.jpg,534,7,-1,True,150,8550,0.9295249098096273,0.5660377358490566,1,265,1,1,1,1
567,0534_c0008_010.jpg,534,7,-1,True,150,8550,0.9511870590531069,0.6944444444444444,1,216,1,1,1,1
568,0534_c0008_015.jpg,534,7,-1,True,150,8550,0.9166158209605946,0.5514705882352942,1,272,1,1,1,1
569,0534_c0008_020.jpg,534,7,-1,True,150,8550,0.9425190925969107,0.625,1,240,1,1,1,1
570,0536_c0001_000.jpg,536,0,-1,True,75,8550,0.41068710102503175,0.05387931034482758,1,1392,1,1,1,1
571,0536_c0001_005.jpg,536,0,-1,True,75,8550,0.4077224604323695,0.052337752965806,1,1433,1,1,1,1
572,0536_c0001_010.jpg,536,0,-1,True,75,8550,0.4220004728714181,0.05725190839694656,1,1310,1,1,1,1
573,0536_c0001_015.jpg,536,0,-1,True,75,8550,0.41038902377145947,0.05450581395348837,1,1376,1,1,1,1
574,0536_c0001_020.jpg,536,0,-1,True,75,8550,0.3765590250981512,0.054426705370101594,1,1378,1,1,1,1
575,0536_c0002_000.jpg,536,1,-1,True,75,8550,0.18531253047826715,0.10067114093959731,1,745,1,1,1,1
576,0536_c0002_005.jpg,536,1,-1,True,75,8550,0.1687957612615735,0.09135200974421437,1,821,1,1,1,1
577,0536_c0002_010.jpg,536,1,-1,True,75,8550,0.14299221834203535,0.09803921568627451,1,765,1,1,1,1
578,0536_c0002_015.jpg,536,1,-1,True,75,8550,0.15126538959569774,0.10683760683760683,1,702,1,1,1,1
579,0536_c0002_020.jpg,536,1,-1,True,75,8550,0.16409225555315848,0.11078286558345643,1,677,1,1,1,1
580,0536_c0005_000.jpg,536,4,-1,True,75,8550,0.5456007800631077,0.09554140127388536,1,785,1,1,1,1
581,0536_c0005_005.jpg,536,4,-1,True,75,8550,0.5490564758496365,0.09363295880149813,1,801,1,1,1,1
582,0536_c0005_010.jpg,536,4,-1,True,75,8550,0.5602461300122753,0.09481668773704172,1,791,1,1,1,1
583,0536_c0005_015.jpg,536,4,-1,True,75,8550,0.5440174987189752,0.089179548156956,1,841,1,1,1,1
584,0536_c0005_020.jpg,536,4,-1,True,75,8550,0.5293840913233725,0.08971291866028708,1,836,1,1,1,1
585,0536_c0006_000.jpg,536,5,-1,True,75,8550,0.04189557291297726,0.03795546558704453,279,1976,0,0,0,0
586,0536_c0006_005.jpg,536,5,-1,True,75,8550,0.06254206673597597,0.0589159465828751,186,1273,0,0,0,0
587,0536_c0006_010.jpg,536,5,-1,True,75,8550,0.06951110701027602,0.058004640371229696,138,1293,0,0,0,0
588,0536_c0006_015.jpg,536,5,-1,True,75,8550,0.11916350934343645,0.06996268656716417,39,1072,0,0,0,0
589,0536_c0006_020.jpg,536,5,-1,True,75,8550,0.1220629198389904,0.06550218340611354,33,1145,0,0,0,0
590,0538_c0001_000.jpg,538,0,-1,True,175,8550,0.6728666410353568,0.2864157119476268,1,611,1,1,1,1
591,0538_c0001_005.jpg,538,0,-1,True,175,8550,0.6240077791198334,0.26881720430107525,1,651,1,1,1,1
592,0538_c0001_010.jpg,538,0,-1,True,175,8550,0.7340542786284345,0.33206831119544594,1,527,1,1,1,1
593,0538_c0001_015.jpg,538,0,-1,True,175,8550,0.6884706955185866,0.2981260647359455,1,587,1,1,1,1
594,0538_c0001_020.jpg,538,0,-1,True,175,8550,0.7099811787309068,0.32710280373831774,1,535,1,1,1,1
595,0538_c0002_000.jpg,538,1,-1,True,175,8550,0.3241105307336541,0.1891891891891892,1,925,1,1,1,1
596,0538_c0002_005.jpg,538,1,-1,True,175,8550,0.2789449349020004,0.20022883295194507,1,874,1,1,1,1
597,0538_c0002_010.jpg,538,1,-1,True,175,8550,0.2981025981164317,0.20301624129930396,1,862,1,1,1,1
598,0538_c0002_015.jpg,538,1,-1,True,175,8550,0.22064862974667376,0.21058965102286403,7,831,0,0,1,1
599,0538_c0002_020.jpg,538,1,-1,True,175,8550,0.21969952103183618,0.21875,18,800,0,0,0,1
600,0538_c0003_000.jpg,538,2,-1,True,175,8550,0.6751477456078094,0.1771255060728745,1,988,1,1,1,1
601,0538_c0003_005.jpg,538,2,-1,True,175,8550,0.7553611087368385,0.2921535893155259,1,599,1,1,1,1
602,0538_c0003_010.jpg,538,2,-1,True,175,8550,0.6846463010394592,0.2536231884057971,1,690,1,1,1,1
603,0538_c0003_015.jpg,538,2,-1,True,175,8550,0.6314334352270609,0.23026315789473684,1,760,1,1,1,1
604,0538_c0003_020.jpg,538,2,-1,True,175,8550,0.7223720580308572,0.23744911804613297,1,737,1,1,1,1
605,0538_c0004_000.jpg,538,3,-1,True,175,8550,0.856726509891289,0.49575070821529743,1,353,1,1,1,1
606,0538_c0004_005.jpg,538,3,-1,True,175,8550,0.8416678704067476,0.44642857142857145,1,392,1,1,1,1
607,0538_c0004_010.jpg,538,3,-1,True,175,8550,0.8395328718975678,0.38631346578366443,1,453,1,1,1,1
608,0538_c0004_015.jpg,538,3,-1,True,175,8550,0.8218674731087838,0.39325842696629215,1,445,1,1,1,1
609,0538_c0004_020.jpg,538,3,-1,True,175,8550,0.8164351647427173,0.3707627118644068,1,472,1,1,1,1
610,0538_c0005_000.jpg,538,4,-1,True,175,8550,0.41258130507930607,0.14498757249378624,1,1207,1,1,1,1
611,0538_c0005_005.jpg,538,4,-1,True,175,8550,0.4123707045921325,0.1550044286979628,1,1129,1,1,1,1
612,0538_c0005_010.jpg,538,4,-1,True,175,8550,0.3993163510926647,0.13757861635220126,1,1272,1,1,1,1
613,0538_c0005_015.jpg,538,4,-1,True,175,8550,0.45282617506194306,0.1432078559738134,1,1222,1,1,1,1
614,0538_c0005_020.jpg,538,4,-1,True,175,8550,0.46636329213150907,0.15364354697102722,1,1139,1,1,1,1
615,0538_c0006_000.jpg,538,5,-1,True,175,8550,0.7296727295344209,0.19315673289183222,1,906,1,1,1,1
616,0538_c0006_005.jpg,538,5,-1,True,175,8550,0.737127604584282,0.18878101402373246,1,927,1,1,1,1
617,0538_c0006_010.jpg,538,5,-1,True,175,8550,0.7340289163832104,0.18440463645943098,1,949,1,1,1,1
618,0538_c0006_015.jpg,538,5,-1,True,175,8550,0.7088206177923128,0.19358407079646017,1,904,1,1,1,1
619,0538_c0006_020.jpg,538,5,-1,True,175,8550,0.7854256388004882,0.2184769038701623,1,801,1,1,1,1
620,0538_c0007_000.jpg,538,6,-1,True,175,8550,0.7886194481620945,0.32833020637898686,1,533,1,1,1,1
621,0538_c0007_005.jpg,538,6,-1,True,175,8550,0.7438149815011,0.2996575342465753,1,584,1,1,1,1
622,0538_c0007_010.jpg,538,6,-1,True,175,8550,0.7629824712532399,0.2864157119476268,1,611,1,1,1,1
623,0538_c0007_015.jpg,538,6,-1,True,175,8550,0.7794589842762815,0.3102836879432624,1,564,1,1,1,1
624,0538_c0007_020.jpg,538,6,-1,True,175,8550,0.8289574500633663,0.32287822878228783,1,542,1,1,1,1
625,0538_c0008_000.jpg,538,7,-1,True,175,8550,0.8018389608671469,0.29711375212224106,1,589,1,1,1,1
626,0538_c0008_005.jpg,538,7,-1,True,175,8550,0.8002890032138985,0.30701754385964913,1,570,1,1,1,1
627,0538_c0008_010.jpg,538,7,-1,True,175,8550,0.806420102009803,0.32771535580524347,1,534,1,1,1,1
628,0538_c0008_015.jpg,538,7,-1,True,175,8550,0.8038799326504659,0.31992687385740404,1,547,1,1,1,1
629,0538_c0008_020.jpg,538,7,-1,True,175,8550,0.7967730907377403,0.3022452504317789,1,579,1,1,1,1
630,0540_c0001_000.jpg,540,0,-1,True,175,8550,0.8220022806598721,0.4679144385026738,1,374,1,1,1,1
631,0540_c0001_005.jpg,540,0,-1,True,175,8550,0.8025422900281085,0.44191919191919193,1,396,1,1,1,1
632,0540_c0001_010.jpg,540,0,-1,True,175,8550,0.7820395769048495,0.46296296296296297,1,378,1,1,1,1
633,0540_c0001_015.jpg,540,0,-1,True,175,8550,0.7941848138046927,0.4117647058823529,1,425,1,1,1,1
634,0540_c0001_020.jpg,540,0,-1,True,175,8550,0.7761147595567988,0.41866028708133973,1,418,1,1,1,1
635,0540_c0002_000.jpg,540,1,-1,True,175,8550,0.3078875311825952,0.09631260319207485,1,1817,1,1,1,1
636,0540_c0002_005.jpg,540,1,-1,True,175,8550,0.32467621351733517,0.1,1,1750,1,1,1,1
637,0540_c0002_010.jpg,540,1,-1,True,175,8550,0.40012890524701367,0.09157509157509157,1,1911,1,1,1,1
638,0540_c0002_015.jpg,540,1,-1,True,175,8550,0.36434160280644995,0.07050765511684126,1,2482,1,1,1,1
639,0540_c0002_020.jpg,540,1,-1,True,175,8550,0.35631622539876356,0.09167103195390257,1,1909,1,1,1,1
640,0540_c0003_000.jpg,540,2,-1,True,175,8550,0.8696472406858007,0.7231404958677686,1,242,1,1,1,1
641,0540_c0003_005.jpg,540,2,-1,True,175,8550,0.837807473002462,0.6363636363636364,1,275,1,1,1,1
642,0540_c0003_010.jpg,540,2,-1,True,175,8550,0.7362594138050332,0.30918727915194344,1,566,1,1,1,1
643,0540_c0003_015.jpg,540,2,-1,True,175,8550,0.8222163821604701,0.5223880597014925,1,335,1,1,1,1
644,0540_c0003_020.jpg,540,2,-1,True,175,8550,0.8232272807225571,0.5208333333333334,1,336,1,1,1,1
645,0540_c0004_000.jpg,540,3,-1,True,175,8550,0.9388144218131226,0.631768953068592,1,277,1,1,1,1
646,0540_c0004_005.jpg,540,3,-1,True,175,8550,0.9389822951652905,0.7446808510638298,1,235,1,1,1,1
647,0540_c0004_010.jpg,540,3,-1,True,175,8550,0.7854430829406984,0.3699788583509514,1,473,1,1,1,1
648,0540_c0004_015.jpg,540,3,-1,True,175,8550,0.7766909176961987,0.42997542997543,1,407,1,1,1,1
649,0540_c0004_020.jpg,540,3,-1,True,175,8550,0.8225130225251811,0.42168674698795183,1,415,1,1,1,1
650,0540_c0005_000.jpg,540,4,-1,True,175,8550,0.817059943598086,0.5813953488372093,1,301,1,1,1,1
651,0540_c0005_005.jpg,540,4,-1,True,175,8550,0.7898904796829401,0.5239520958083832,1,334,1,1,1,1
652,0540_c0005_010.jpg,540,4,-1,True,175,8550,0.8010208666950388,0.5401234567901234,1,324,1,1,1,1
653,0540_c0005_015.jpg,540,4,-1,True,175,8550,0.7992808850997443,0.541795665634675,1,323,1,1,1,1
654,0540_c0005_020.jpg,540,4,-1,True,175,8550,0.8152823010331245,0.5756578947368421,1,304,1,1,1,1
655,0540_c0006_000.jpg,540,5,-1,True,175,8550,0.7510046178257146,0.28044871794871795,1,624,1,1,1,1
656,0540_c0006_005.jpg,540,5,-1,True,175,8550,0.776113256924055,0.2517985611510791,1,695,1,1,1,1
657,0540_c0006_010.jpg,540,5,-1,True,175,8550,0.7531059015319196,0.24271844660194175,1,721,1,1,1,1
658,0540_c0006_015.jpg,540,5,-1,True,175,8550,0.7817684446068249,0.2864157119476268,1,611,1,1,1,1
659,0540_c0006_020.jpg,540,5,-1,True,175,8550,0.7514305104987329,0.2339572192513369,1,748,1,1,1,1
660,0540_c0007_000.jpg,540,6,-1,True,175,8550,0.4960224582139693,0.18401682439537329,1,951,1,1,1,1
661,0540_c0007_005.jpg,540,6,-1,True,175,8550,0.6390201104233366,0.15625,1,1120,1,1,1,1
662,0540_c0007_010.jpg,540,6,-1,True,175,8550,0.9140292669252319,0.2751572327044025,1,636,1,1,1,1
663,0540_c0007_015.jpg,540,6,-1,True,175,8550,0.9140478088386463,0.3796095444685466,1,461,1,1,1,1
664,0540_c0007_020.jpg,540,6,-1,True,175,8550,0.9284269156226567,0.3763440860215054,1,465,1,1,1,1
665,0540_c0008_000.jpg,540,7,-1,True,175,8550,0.7354309986730668,0.27386541471048514,1,639,1,1,1,1
666,0540_c0008_005.jpg,540,7,-1,True,175,8550,0.7847971437189829,0.25925925925925924,1,675,1,1,1,1
667,0540_c0008_010.jpg,540,7,-1,True,175,8550,0.674647168767458,0.18191268191268192,1,962,1,1,1,1
668,0540_c0008_015.jpg,540,7,-1,True,175,8550,0.700197969069856,0.18041237113402062,1,970,1,1,1,1
669,0540_c0008_020.jpg,540,7,-1,True,175,8550,0.6345544952287918,0.16794625719769674,1,1042,1,1,1,1
670,0542_c0001_000.jpg,542,0,-1,True,150,8550,0.547912830481011,0.05592841163310962,1,2682,1,1,1,1
671,0542_c0001_005.jpg,542,0,-1,True,150,8550,0.5186484098164474,0.04291845493562232,1,3495,1,1,1,1
672,0542_c0001_010.jpg,542,0,-1,True,150,8550,0.5374600424811434,0.04667081518357187,1,3214,1,1,1,1
673,0542_c0001_015.jpg,542,0,-1,True,150,8550,0.480632732985976,0.03880983182406209,1,3865,1,1,1,1
674,0542_c0001_020.jpg,542,0,-1,True,150,8550,0.4935378385480458,0.038920601971977165,1,3854,1,1,1,1
675,0542_c0002_000.jpg,542,1,-1,True,150,8550,0.2874067757128605,0.11013215859030837,7,1362,0,0,1,1
676,0542_c0002_005.jpg,542,1,-1,True,150,8550,0.4152316403824702,0.10238907849829351,1,1465,1,1,1,1
677,0542_c0002_010.jpg,542,1,-1,True,150,8550,0.478880247453208,0.1040943789035392,1,1441,1,1,1,1
678,0542_c0002_015.jpg,542,1,-1,True,150,8550,0.41953010501393295,0.09572431397574985,1,1567,1,1,1,1
679,0542_c0002_020.jpg,542,1,-1,True,150,8550,0.43814783514496886,0.09025270758122744,1,1662,1,1,1,1
680,0542_c0004_000.jpg,542,3,-1,True,150,8550,0.23079318636563154,0.019651513166513822,2,7633,0,1,1,1
681,0542_c0004_005.jpg,542,3,-1,True,150,8550,0.2277227569571968,0.019666972597351513,4,7627,0,1,1,1
682,0542_c0004_010.jpg,542,3,-1,True,150,8550,0.22888144663469054,0.01974463604054232,4,7597,0,1,1,1
683,0542_c0004_015.jpg,542,3,-1,True,150,8550,0.19443649345593506,0.019760242392306678,9,7591,0,0,1,1
684,0542_c0004_020.jpg,542,3,-1,True,150,8550,0.2082538915166546,0.01963350785340314,6,7640,0,0,1,1
685,0542_c0005_000.jpg,542,4,-1,True,150,8550,0.3658385189408898,0.023371766905578063,1,6418,1,1,1,1
686,0542_c0005_005.jpg,542,4,-1,True,150,8550,0.37143248969818754,0.022844958879074017,1,6566,1,1,1,1
687,0542_c0005_010.jpg,542,4,-1,True,150,8550,0.3675514491635667,0.022772126916654017,1,6587,1,1,1,1
688,0542_c0005_015.jpg,542,4,-1,True,150,8550,0.3704788330307301,0.022583559168925023,1,6642,1,1,1,1
689,0542_c0005_020.jpg,542,4,-1,True,150,8550,0.3763253895377177,0.02367797947908445,1,6335,1,1,1,1
690,0542_c0006_000.jpg,542,5,-1,True,150,8550,0.43601306051389394,0.03208556149732621,1,4675,1,1,1,1
691,0542_c0006_005.jpg,542,5,-1,True,150,8550,0.4383893314210208,0.032509752925877766,1,4614,1,1,1,1
692,0542_c0006_010.jpg,542,5,-1,True,150,8550,0.43333375783991956,0.032981530343007916,1,4548,1,1,1,1
693,0542_c0006_015.jpg,542,5,-1,True,150,8550,0.4330336955948481,0.03333333333333333,1,4500,1,1,1,1
694,0542_c0006_020.jpg,542,5,-1,True,150,8550,0.4384583761413118,0.033662477558348294,1,4456,1,1,1,1
695,0542_c0007_000.jpg,542,6,-1,True,150,8550,0.32287082207800066,0.024473813020068527,18,6129,0,0,0,1
696,0542_c0007_005.jpg,542,6,-1,True,150,8550,0.3287290457147721,0.024822108224391858,26,6043,0,0,0,0
697,0542_c0007_010.jpg,542,6,-1,True,150,8550,0.3269803847679034,0.02557980900409277,16,5864,0,0,0,1
698,0542_c0007_015.jpg,542,6,-1,True,150,8550,0.29711932804707886,0.02485089463220676,9,6036,0,0,1,1
699,0542_c0007_020.jpg,542,6,-1,True,150,8550,0.3177799302697102,0.025016677785190126,18,5996,0,0,0,1
700,0542_c0008_000.jpg,542,7,-1,True,150,8550,0.22931799141727902,0.02015316404675534,1,7443,1,1,1,1
701,0542_c0008_005.jpg,542,7,-1,True,150,8550,0.23475439335047124,0.02083044021663658,1,7201,1,1,1,1
702,0542_c0008_010.jpg,542,7,-1,True,150,8550,0.23552473507545685,0.020781379883624274,1,7218,1,1,1,1
703,0542_c0008_015.jpg,542,7,-1,True,150,8550,0.2424016727826958,0.0211864406779661,1,7080,1,1,1,1
704,0542_c0008_020.jpg,542,7,-1,True,150,8550,0.22943324681504915,0.021049677238282348,1,7126,1,1,1,1
705,0544_c0001_000.jpg,544,0,-1,True,150,8550,0.25716433307348974,0.09242144177449169,1,1623,1,1,1,1
706,0544_c0001_005.jpg,544,0,-1,True,150,8550,0.1332980887881961,0.08012820512820513,2,1872,0,1,1,1
707,0544_c0001_010.jpg,544,0,-1,True,150,8550,0.11036479758676866,0.07492507492507493,28,2002,0,0,0,0
708,0544_c0001_015.jpg,544,0,-1,True,150,8550,0.10841377210538368,0.08029978586723768,7,1868,0,0,1,1
709,0544_c0001_020.jpg,544,0,-1,True,150,8550,0.21587362058093804,0.0706547338671691,2,2123,0,1,1,1
710,0544_c0002_000.jpg,544,1,-1,True,150,8550,0.36724803270988315,0.10402219140083217,1,1442,1,1,1,1
711,0544_c0002_005.jpg,544,1,-1,True,150,8550,0.35315713530409376,0.11244377811094453,1,1334,1,1,1,1
712,0544_c0002_010.jpg,544,1,-1,True,150,8550,0.4226831185528548,0.09778357235984354,1,1534,1,1,1,1
713,0544_c0002_015.jpg,544,1,-1,True,150,8550,0.35121802914894845,0.10033444816053512,1,1495,1,1,1,1
714,0544_c0002_020.jpg,544,1,-1,True,150,8550,0.22698420027106173,0.07356547327121138,7,2039,0,0,1,1
715,0544_c0003_000.jpg,544,2,-1,True,150,8550,0.48042742180830306,0.12234910277324633,1,1226,1,1,1,1
716,0544_c0003_005.jpg,544,2,-1,True,150,8550,0.5533560363733221,0.11556240369799692,1,1298,1,1,1,1
717,0544_c0003_010.jpg,544,2,-1,True,150,8550,0.5419711903278862,0.12135922330097088,1,1236,1,1,1,1
718,0544_c0003_015.jpg,544,2,-1,True,150,8550,0.4812056620543647,0.12562814070351758,1,1194,1,1,1,1
719,0544_c0003_020.jpg,544,2,-1,True,150,8550,0.4910059817381428,0.14097744360902256,1,1064,1,1,1,1
720,0544_c0005_000.jpg,544,4,-1,True,150,8550,0.7142351230131907,0.1529051987767584,1,981,1,1,1,1
721,0544_c0005_005.jpg,544,4,-1,True,150,8550,0.5146342782563803,0.10653409090909091,1,1408,1,1,1,1
722,0544_c0005_010.jpg,544,4,-1,True,150,8550,0.4691689441311235,0.08527572484366117,1,1759,1,1,1,1
723,0544_c0005_015.jpg,544,4,-1,True,150,8550,0.4531893117475088,0.08081896551724138,1,1856,1,1,1,1
724,0544_c0005_020.jpg,544,4,-1,True,150,8550,0.46322496248159334,0.07944915254237288,1,1888,1,1,1,1
725,0544_c0006_000.jpg,544,5,-1,True,150,8550,0.5247097170873916,0.22727272727272727,1,660,1,1,1,1
726,0544_c0006_005.jpg,544,5,-1,True,150,8550,0.4690937920895413,0.1875,1,800,1,1,1,1
727,0544_c0006_010.jpg,544,5,-1,True,150,8550,0.502757675764501,0.13123359580052493,1,1143,1,1,1,1
728,0544_c0006_015.jpg,544,5,-1,True,150,8550,0.6427330151291383,0.21929824561403508,1,684,1,1,1,1
729,0544_c0006_020.jpg,544,5,-1,True,150,8550,0.52796723768208,0.10087424344317418,1,1487,1,1,1,1
730,0544_c0007_000.jpg,544,6,-1,True,150,8550,0.757042495060994,0.21645021645021645,1,693,1,1,1,1
731,0544_c0007_005.jpg,544,6,-1,True,150,8550,0.7423217449531747,0.19973368841544606,1,751,1,1,1,1
732,0544_c0007_010.jpg,544,6,-1,True,150,8550,0.743159289362466,0.18773466833541927,1,799,1,1,1,1
733,0544_c0007_015.jpg,544,6,-1,True,150,8550,0.7590521174843595,0.22123893805309736,1,678,1,1,1,1
734,0544_c0007_020.jpg,544,6,-1,True,150,8550,0.7562735484432004,0.20804438280166435,1,721,1,1,1,1
735,0544_c0008_000.jpg,544,7,-1,True,150,8550,0.8339754774335957,0.2808988764044944,1,534,1,1,1,1
736,0544_c0008_005.jpg,544,7,-1,True,150,8550,0.8901037853037699,0.40106951871657753,1,374,1,1,1,1
737,0544_c0008_010.jpg,544,7,-1,True,150,8550,0.9230889269353058,0.5454545454545454,1,275,1,1,1,1
738,0544_c0008_015.jpg,544,7,-1,True,150,8550,0.9080072979542588,0.5067567567567568,1,296,1,1,1,1
739,0544_c0008_020.jpg,544,7,-1,True,150,8550,0.8707981353999522,0.4076086956521739,1,368,1,1,1,1
740,0546_c0002_000.jpg,546,1,-1,True,75,8550,0.9497294470260033,0.7075471698113207,1,106,1,1,1,1
741,0546_c0002_005.jpg,546,1,-1,True,75,8550,0.9406514208710185,0.6880733944954128,1,109,1,1,1,1
742,0546_c0002_010.jpg,546,1,-1,True,75,8550,0.9996536796536797,0.974025974025974,1,77,1,1,1,1
743,0546_c0002_015.jpg,546,1,-1,True,75,8550,1.0,1.0,1,75,1,1,1,1
744,0546_c0002_020.jpg,546,1,-1,True,75,8550,0.9993028024606972,0.974025974025974,1,77,1,1,1,1
745,0546_c0004_000.jpg,546,3,-1,True,75,8550,1.0,1.0,1,75,1,1,1,1
746,0546_c0004_005.jpg,546,3,-1,True,75,8550,1.0,1.0,1,75,1,1,1,1
747,0546_c0004_010.jpg,546,3,-1,True,75,8550,0.9982945736434109,0.872093023255814,1,86,1,1,1,1
748,0546_c0004_015.jpg,546,3,-1,True,75,8550,0.9991666666666666,0.9375,1,80,1,1,1,1
749,0546_c0004_020.jpg,546,3,-1,True,75,8550,0.9984313725490195,0.8823529411764706,1,85,1,1,1,1
750,0546_c0007_000.jpg,546,6,-1,True,75,8550,1.0,1.0,1,75,1,1,1,1
751,0546_c0007_005.jpg,546,6,-1,True,75,8550,1.0,1.0,1,75,1,1,1,1
752,0546_c0007_010.jpg,546,6,-1,True,75,8550,1.0,1.0,1,75,1,1,1,1
753,0546_c0007_015.jpg,546,6,-1,True,75,8550,1.0,1.0,1,75,1,1,1,1
754,0546_c0007_020.jpg,546,6,-1,True,75,8550,1.0,1.0,1,75,1,1,1,1
755,0546_c0008_000.jpg,546,7,-1,True,75,8550,0.8604603425571931,0.3712871287128713,1,202,1,1,1,1
756,0546_c0008_005.jpg,546,7,-1,True,75,8550,0.8689288683962075,0.47468354430379744,1,158,1,1,1,1
757,0546_c0008_010.jpg,546,7,-1,True,75,8550,0.8799002206979122,0.47770700636942676,1,157,1,1,1,1
758,0546_c0008_015.jpg,546,7,-1,True,75,8550,0.8678874770190741,0.4573170731707317,1,164,1,1,1,1
759,0546_c0008_020.jpg,546,7,-1,True,75,8550,0.8927971810876206,0.5,1,150,1,1,1,1
760,0548_c0001_000.jpg,548,0,-1,True,125,8550,0.33123823056621593,0.04376750700280112,1,2856,1,1,1,1
761,0548_c0001_005.jpg,548,0,-1,True,125,8550,0.2724280200267734,0.03574492422076065,1,3497,1,1,1,1
762,0548_c0001_010.jpg,548,0,-1,True,125,8550,0.27667210416317756,0.03901373283395755,1,3204,1,1,1,1
763,0548_c0001_015.jpg,548,0,-1,True,125,8550,0.2700786029506114,0.037924757281553395,1,3296,1,1,1,1
764,0548_c0001_020.jpg,548,0,-1,True,125,8550,0.28054723885593186,0.03833180006133088,1,3261,1,1,1,1
765,0548_c0002_000.jpg,548,1,-1,True,125,8550,0.05700715865701934,0.04522431259044862,272,2764,0,0,0,0
766,0548_c0002_005.jpg,548,1,-1,True,125,8550,0.056397403659279054,0.052083333333333336,357,2400,0,0,0,0
767,0548_c0002_010.jpg,548,1,-1,True,125,8550,0.06142937037981041,0.04970178926441352,276,2515,0,0,0,0
768,0548_c0002_015.jpg,548,1,-1,True,125,8550,0.06575903951785712,0.04704554008280015,254,2657,0,0,0,0
769,0548_c0002_020.jpg,548,1,-1,True,125,8550,0.09074789248145784,0.06513809275664409,188,1919,0,0,0,0
770,0548_c0003_000.jpg,548,2,-1,True,125,8550,0.26345102855872515,0.17289073305670816,3,723,0,1,1,1
771,0548_c0003_005.jpg,548,2,-1,True,125,8550,0.2632776121232176,0.17006802721088435,2,735,0,1,1,1
772,0548_c0003_010.jpg,548,2,-1,True,125,8550,0.2546800639572642,0.1717032967032967,5,728,0,1,1,1
773,0548_c0003_015.jpg,548,2,-1,True,125,8550,0.28174120298444233,0.16046213093709885,2,779,0,1,1,1
774,0548_c0003_020.jpg,548,2,-1,True,125,8550,0.2617682879411528,0.1675603217158177,6,746,0,0,1,1
775,0548_c0005_000.jpg,548,4,-1,True,125,8550,0.5910887367423063,0.07911392405063292,1,1580,1,1,1,1
776,0548_c0005_005.jpg,548,4,-1,True,125,8550,0.5078697151158963,0.0749400479616307,1,1668,1,1,1,1
777,0548_c0005_010.jpg,548,4,-1,True,125,8550,0.6769258725663851,0.07744733581164807,1,1614,1,1,1,1
778,0548_c0005_015.jpg,548,4,-1,True,125,8550,0.5771735486539877,0.07200460829493087,1,1736,1,1,1,1
779,0548_c0005_020.jpg,548,4,-1,True,125,8550,0.5087774733847522,0.0762660158633313,1,1639,1,1,1,1
780,0548_c0006_000.jpg,548,5,-1,True,125,8550,0.4156934206042994,0.14351320321469574,1,871,1,1,1,1
781,0548_c0006_005.jpg,548,5,-1,True,125,8550,0.40847053223059077,0.14236902050113895,1,878,1,1,1,1
782,0548_c0006_010.jpg,548,5,-1,True,125,8550,0.40423568071052085,0.1474056603773585,1,848,1,1,1,1
783,0548_c0006_015.jpg,548,5,-1,True,125,8550,0.39704497126573335,0.14518002322880372,1,861,1,1,1,1
784,0548_c0006_020.jpg,548,5,-1,True,125,8550,0.3935022453318024,0.14518002322880372,1,861,1,1,1,1
785,0548_c0007_000.jpg,548,6,-1,True,125,8550,0.37463493955756527,0.157035175879397,1,796,1,1,1,1
786,0548_c0007_005.jpg,548,6,-1,True,125,8550,0.4382403220058597,0.1865671641791045,1,670,1,1,1,1
787,0548_c0007_010.jpg,548,6,-1,True,125,8550,0.4422737689869025,0.17705382436260622,1,706,1,1,1,1
788,0548_c0007_015.jpg,548,6,-1,True,125,8550,0.4620255596615314,0.18355359765051396,1,681,1,1,1,1
789,0548_c0007_020.jpg,548,6,-1,True,125,8550,0.42077345489902207,0.1773049645390071,1,705,1,1,1,1
790,0550_c0001_000.jpg,550,0,-1,True,175,8550,0.36935166660311464,0.19294377067254687,1,907,1,1,1,1
791,0550_c0001_005.jpg,550,0,-1,True,175,8550,0.38811137249665617,0.18878101402373246,1,927,1,1,1,1
792,0550_c0001_010.jpg,550,0,-1,True,175,8550,0.35354550570133714,0.17911975435005117,1,977,1,1,1,1
793,0550_c0001_015.jpg,550,0,-1,True,175,8550,0.4294622925399777,0.18597236981934112,1,941,1,1,1,1
794,0550_c0001_020.jpg,550,0,-1,True,175,8550,0.39127254611131923,0.1906318082788671,1,918,1,1,1,1
795,0550_c0002_000.jpg,550,1,-1,True,175,8550,0.533744448548278,0.22264631043256997,1,786,1,1,1,1
796,0550_c0002_005.jpg,550,1,-1,True,175,8550,0.5381564044338825,0.22208121827411167,1,788,1,1,1,1
797,0550_c0002_010.jpg,550,1,-1,True,175,8550,0.5736487248658741,0.21289537712895376,1,822,1,1,1,1
798,0550_c0002_015.jpg,550,1,-1,True,175,8550,0.5432697656842773,0.22068095838587642,1,793,1,1,1,1
799,0550_c0002_020.jpg,550,1,-1,True,175,8550,0.5114738063605423,0.22012578616352202,1,795,1,1,1,1
800,0550_c0003_000.jpg,550,2,-1,True,175,8550,0.3816679207538192,0.26676829268292684,1,656,1,1,1,1
801,0550_c0003_005.jpg,550,2,-1,True,175,8550,0.3727887143677457,0.2608047690014903,1,671,1,1,1,1
802,0550_c0003_010.jpg,550,2,-1,True,175,8550,0.3742873403906913,0.27910685805422647,3,627,0,1,1,1
803,0550_c0003_015.jpg,550,2,-1,True,175,8550,0.40876274908972293,0.2700617283950617,1,648,1,1,1,1
804,0550_c0003_020.jpg,550,2,-1,True,175,8550,0.4064891307390503,0.2615844544095665,1,669,1,1,1,1
805,0550_c0004_000.jpg,550,3,-1,True,175,8550,0.24995058917846188,0.11319534282018111,28,1546,0,0,0,0
806,0550_c0004_005.jpg,550,3,-1,True,175,8550,0.16792545756561658,0.07819481680071493,54,2238,0,0,0,0
807,0550_c0004_010.jpg,550,3,-1,True,175,8550,0.15484901324403677,0.06870828425598743,48,2547,0,0,0,0
808,0550_c0004_015.jpg,550,3,-1,True,175,8550,0.1762036380239205,0.08071955719557196,50,2168,0,0,0,0
809,0550_c0004_020.jpg,550,3,-1,True,175,8550,0.24292284600596417,0.10958046336881654,46,1597,0,0,0,0
810,0550_c0005_000.jpg,550,4,-1,True,175,8550,0.4482528818522126,0.24647887323943662,1,710,1,1,1,1
811,0550_c0005_005.jpg,550,4,-1,True,175,8550,0.4834354834828076,0.26435045317220546,1,662,1,1,1,1
812,0550_c0005_010.jpg,550,4,-1,True,175,8550,0.47613019341023105,0.2764612954186414,1,633,1,1,1,1
813,0550_c0005_015.jpg,550,4,-1,True,175,8550,0.46057453718243974,0.24475524475524477,1,715,1,1,1,1
814,0550_c0005_020.jpg,550,4,-1,True,175,8550,0.43344229082480484,0.23777173913043478,1,736,1,1,1,1
815,0550_c0006_000.jpg,550,5,-1,True,175,8550,0.39057192128029766,0.15350877192982457,1,1140,1,1,1,1
816,0550_c0006_005.jpg,550,5,-1,True,175,8550,0.4459391963310385,0.1865671641791045,1,938,1,1,1,1
817,0550_c0006_010.jpg,550,5,-1,True,175,8550,0.45345724467339477,0.2708978328173375,1,646,1,1,1,1
818,0550_c0006_015.jpg,550,5,-1,True,175,8550,0.5762606250295726,0.205158264947245,1,853,1,1,1,1
819,0550_c0006_020.jpg,550,5,-1,True,175,8550,0.24531561309441247,0.18440463645943098,10,949,0,0,1,1
820,0550_c0007_000.jpg,550,6,-1,True,175,8550,0.5548386005655705,0.2536231884057971,1,690,1,1,1,1
821,0550_c0007_005.jpg,550,6,-1,True,175,8550,0.5605888772174653,0.2565982404692082,1,682,1,1,1,1
822,0550_c0007_010.jpg,550,6,-1,True,175,8550,0.5533325567041623,0.25773195876288657,1,679,1,1,1,1
823,0550_c0007_015.jpg,550,6,-1,True,175,8550,0.5398695857342156,0.24752475247524752,1,707,1,1,1,1
824,0550_c0007_020.jpg,550,6,-1,True,175,8550,0.5473646613678095,0.25925925925925924,1,675,1,1,1,1
825,0550_c0008_000.jpg,550,7,-1,True,175,8550,0.47356801522162584,0.2517985611510791,1,695,1,1,1,1
826,0550_c0008_005.jpg,550,7,-1,True,175,8550,0.46413100906340266,0.2217997465145754,1,789,1,1,1,1
827,0550_c0008_010.jpg,550,7,-1,True,175,8550,0.46808266511840724,0.23209549071618038,1,754,1,1,1,1
828,0550_c0008_015.jpg,550,7,-1,True,175,8550,0.451983616110183,0.22756827048114434,1,769,1,1,1,1
829,0550_c0008_020.jpg,550,7,-1,True,175,8550,0.4527893816230104,0.2032520325203252,1,861,1,1,1,1
830,0552_c0001_000.jpg,552,0,-1,True,175,8550,0.4538259650600138,0.10391923990498812,1,1684,1,1,1,1
831,0552_c0001_005.jpg,552,0,-1,True,175,8550,0.4689385556963464,0.10348905972797161,1,1691,1,1,1,1
832,0552_c0001_010.jpg,552,0,-1,True,175,8550,0.44316406575511924,0.10312315851502651,1,1697,1,1,1,1
833,0552_c0001_015.jpg,552,0,-1,True,175,8550,0.45493668100557866,0.09673852957435047,1,1809,1,1,1,1
834,0552_c0001_020.jpg,552,0,-1,True,175,8550,0.3485711956827125,0.09343299519487454,1,1873,1,1,1,1
835,0552_c0002_000.jpg,552,1,-1,True,175,8550,0.344514862111857,0.1443894389438944,1,1212,1,1,1,1
836,0552_c0002_005.jpg,552,1,-1,True,175,8550,0.34358975394101415,0.13187641296156744,1,1327,1,1,1,1
837,0552_c0002_010.jpg,552,1,-1,True,175,8550,0.35891190058823624,0.14,1,1250,1,1,1,1
838,0552_c0002_015.jpg,552,1,-1,True,175,8550,0.3600420214914852,0.13318112633181126,1,1314,1,1,1,1
839,0552_c0002_020.jpg,552,1,-1,True,175,8550,0.34933715906888674,0.12671976828385229,1,1381,1,1,1,1
840,0552_c0003_000.jpg,552,2,-1,True,175,8550,0.9782763764994851,0.7954545454545454,1,220,1,1,1,1
841,0552_c0003_005.jpg,552,2,-1,True,175,8550,0.9617875525551407,0.7743362831858407,1,226,1,1,1,1
842,0552_c0003_010.jpg,552,2,-1,True,175,8550,0.9294350841916108,0.6118881118881119,1,286,1,1,1,1
843,0552_c0003_015.jpg,552,2,-1,True,175,8550,0.971294750294478,0.7575757575757576,1,231,1,1,1,1
844,0552_c0003_020.jpg,552,2,-1,True,175,8550,0.9692660706801275,0.7575757575757576,1,231,1,1,1,1
845,0552_c0004_000.jpg,552,3,-1,True,175,8550,0.735137298940156,0.21237864077669902,1,824,1,1,1,1
846,0552_c0004_005.jpg,552,3,-1,True,175,8550,0.7248441564647466,0.19662921348314608,1,890,1,1,1,1
847,0552_c0004_010.jpg,552,3,-1,True,175,8550,0.7826960134811418,0.26435045317220546,1,662,1,1,1,1
848,0552_c0004_015.jpg,552,3,-1,True,175,8550,0.6854030445144841,0.21341463414634146,1,820,1,1,1,1
849,0552_c0004_020.jpg,552,3,-1,True,175,8550,0.7313446772882486,0.22068095838587642,1,793,1,1,1,1
850,0552_c0005_000.jpg,552,4,-1,True,175,8550,0.8148907269367497,0.2946127946127946,1,594,1,1,1,1
851,0552_c0005_005.jpg,552,4,-1,True,175,8550,0.8177917607402142,0.28688524590163933,1,610,1,1,1,1
852,0552_c0005_010.jpg,552,4,-1,True,175,8550,0.78621868397705,0.2604166666666667,1,672,1,1,1,1
853,0552_c0005_015.jpg,552,4,-1,True,175,8550,0.7482887430536362,0.24441340782122906,1,716,1,1,1,1
854,0552_c0005_020.jpg,552,4,-1,True,175,8550,0.7382851776621592,0.24752475247524752,1,707,1,1,1,1
855,0552_c0006_000.jpg,552,5,-1,True,175,8550,0.6132282079116669,0.17039922103213243,1,1027,1,1,1,1
856,0552_c0006_005.jpg,552,5,-1,True,175,8550,0.6074720104114668,0.1695736434108527,1,1032,1,1,1,1
857,0552_c0006_010.jpg,552,5,-1,True,175,8550,0.6135333983308671,0.16666666666666666,1,1050,1,1,1,1
858,0552_c0006_015.jpg,552,5,-1,True,175,8550,0.6358136333406362,0.17784552845528456,1,984,1,1,1,1
859,0552_c0006_020.jpg,552,5,-1,True,175,8550,0.6307090266692642,0.17985611510791366,1,973,1,1,1,1
860,0552_c0007_000.jpg,552,6,-1,True,175,8550,0.5183642689864881,0.1977401129943503,1,885,1,1,1,1
861,0552_c0007_005.jpg,552,6,-1,True,175,8550,0.531915323452113,0.1977401129943503,1,885,1,1,1,1
862,0552_c0007_010.jpg,552,6,-1,True,175,8550,0.49668427114191305,0.1794871794871795,1,975,1,1,1,1
863,0552_c0007_015.jpg,552,6,-1,True,175,8550,0.451118087543308,0.176056338028169,1,994,1,1,1,1
864,0552_c0007_020.jpg,552,6,-1,True,175,8550,0.3727544205406244,0.1719056974459725,1,1018,1,1,1,1
865,0552_c0008_000.jpg,552,7,-1,True,175,8550,0.8498660637138558,0.19908987485779295,1,879,1,1,1,1
866,0552_c0008_005.jpg,552,7,-1,True,175,8550,0.8488991782648285,0.20908004778972522,1,837,1,1,1,1
867,0552_c0008_010.jpg,552,7,-1,True,175,8550,0.8284150909987755,0.17930327868852458,1,976,1,1,1,1
868,0552_c0008_015.jpg,552,7,-1,True,175,8550,0.8371799628483635,0.1883745963401507,1,929,1,1,1,1
869,0552_c0008_020.jpg,552,7,-1,True,175,8550,0.8548776660109643,0.20858164481525626,1,839,1,1,1,1
870,0554_c0001_000.jpg,554,0,-1,True,150,8550,0.47760402755137127,0.05454545454545454,1,2750,1,1,1,1
871,0554_c0001_005.jpg,554,0,-1,True,150,8550,0.49414489273348094,0.057208237986270026,1,2622,1,1,1,1
872,0554_c0001_010.jpg,554,0,-1,True,150,8550,0.48771273577740243,0.05917159763313609,1,2535,1,1,1,1
873,0554_c0001_015.jpg,554,0,-1,True,150,8550,0.5025359359357621,0.05950019833399445,1,2521,1,1,1,1
874,0554_c0001_020.jpg,554,0,-1,True,150,8550,0.5443101778916564,0.09752925877763328,1,1538,1,1,1,1
875,0554_c0002_000.jpg,554,1,-1,True,150,8550,0.49346213470596934,0.0675371454299865,1,2221,1,1,1,1
876,0554_c0002_005.jpg,554,1,-1,True,150,8550,0.4809793422344897,0.06775067750677506,1,2214,1,1,1,1
877,0554_c0002_010.jpg,554,1,-1,True,150,8550,0.4113147933958739,0.06928406466512702,1,2165,1,1,1,1
878,0554_c0002_015.jpg,554,1,-1,True,150,8550,0.4127368898231533,0.06989748369058714,1,2146,1,1,1,1
879,0554_c0002_020.jpg,554,1,-1,True,150,8550,0.4445079063938431,0.07363770250368189,1,2037,1,1,1,1
880,0554_c0003_000.jpg,554,2,-1,True,150,8550,0.6882012073351376,0.14111006585136407,1,1063,1,1,1,1
881,0554_c0003_005.jpg,554,2,-1,True,150,8550,0.7206905553267008,0.15384615384615385,1,975,1,1,1,1
882,0554_c0003_010.jpg,554,2,-1,True,150,8550,0.5831528026300884,0.1272264631043257,1,1179,1,1,1,1
883,0554_c0003_015.jpg,554,2,-1,True,150,8550,0.38855657950599676,0.1770956316410862,1,847,1,1,1,1
884,0554_c0003_020.jpg,554,2,-1,True,150,8550,0.4177591286080311,0.15495867768595042,1,968,1,1,1,1
885,0554_c0005_000.jpg,554,4,-1,True,150,8550,0.4718994900302608,0.0364963503649635,1,4110,1,1,1,1
886,0554_c0005_005.jpg,554,4,-1,True,150,8550,0.5156833818345492,0.03736920777279522,1,4014,1,1,1,1
887,0554_c0005_010.jpg,554,4,-1,True,150,8550,0.46951548133939325,0.03251680034684587,1,4613,1,1,1,1
888,0554_c0005_015.jpg,554,4,-1,True,150,8550,0.5647055270236578,0.04204035874439462,1,3568,1,1,1,1
889,0554_c0005_020.jpg,554,4,-1,True,150,8550,0.6123135656920738,0.060144346431435444,1,2494,1,1,1,1
890,0554_c0006_000.jpg,554,5,-1,True,150,8550,0.7505803029747773,0.3157894736842105,1,475,1,1,1,1
891,0554_c0006_005.jpg,554,5,-1,True,150,8550,0.7422298924987433,0.31315240083507306,1,479,1,1,1,1
892,0554_c0006_010.jpg,554,5,-1,True,150,8550,0.7434278767564049,0.3416856492027335,1,439,1,1,1,1
893,0554_c0006_015.jpg,554,5,-1,True,150,8550,0.737789172768409,0.3480278422273782,1,431,1,1,1,1
894,0554_c0006_020.jpg,554,5,-1,True,150,8550,0.7265937552316467,0.26455026455026454,1,567,1,1,1,1
895,0554_c0007_000.jpg,554,6,-1,True,150,8550,0.5278476122963421,0.11086474501108648,1,1353,1,1,1,1
896,0554_c0007_005.jpg,554,6,-1,True,150,8550,0.5219412285213737,0.11078286558345643,1,1354,1,1,1,1
897,0554_c0007_010.jpg,554,6,-1,True,150,8550,0.522806909624174,0.11389521640091116,1,1317,1,1,1,1
898,0554_c0007_015.jpg,554,6,-1,True,150,8550,0.5298365595916961,0.11013215859030837,1,1362,1,1,1,1
899,0554_c0007_020.jpg,554,6,-1,True,150,8550,0.5433404248104557,0.12531328320802004,1,1197,1,1,1,1
900,0554_c0008_000.jpg,554,7,-1,True,150,8550,0.8831035028589387,0.5791505791505791,1,259,1,1,1,1
901,0554_c0008_005.jpg,554,7,-1,True,150,8550,0.7750216564623102,0.35714285714285715,1,420,1,1,1,1
902,0554_c0008_010.jpg,554,7,-1,True,150,8550,0.8484059849661902,0.3740648379052369,1,401,1,1,1,1
903,0554_c0008_015.jpg,554,7,-1,True,150,8550,0.861056987922906,0.3836317135549872,1,391,1,1,1,1
904,0554_c0008_020.jpg,554,7,-1,True,150,8550,0.9034914483885439,0.436046511627907,1,344,1,1,1,1
905,0556_c0001_000.jpg,556,0,-1,True,175,8550,0.7698284027693371,0.5043227665706052,1,347,1,1,1,1
906,0556_c0001_005.jpg,556,0,-1,True,175,8550,0.7526378934426903,0.5072463768115942,1,345,1,1,1,1
907,0556_c0001_010.jpg,556,0,-1,True,175,8550,0.706148724270802,0.5057803468208093,4,346,0,1,1,1
908,0556_c0001_015.jpg,556,0,-1,True,175,8550,0.7738632101434461,0.5072463768115942,1,345,1,1,1,1
909,0556_c0001_020.jpg,556,0,-1,True,175,8550,0.7723795315723763,0.5131964809384164,1,341,1,1,1,1
910,0556_c0002_000.jpg,556,1,-1,True,175,8550,0.7180342601451899,0.2327127659574468,1,752,1,1,1,1
911,0556_c0002_005.jpg,556,1,-1,True,175,8550,0.8400584000716022,0.31194295900178254,1,561,1,1,1,1
912,0556_c0002_010.jpg,556,1,-1,True,175,8550,0.8369005566489555,0.3771551724137931,1,464,1,1,1,1
913,0556_c0002_015.jpg,556,1,-1,True,175,8550,0.8352144046988925,0.3645833333333333,1,480,1,1,1,1
914,0556_c0002_020.jpg,556,1,-1,True,175,8550,0.8572098288944842,0.3514056224899598,1,498,1,1,1,1
915,0556_c0003_000.jpg,556,2,-1,True,175,8550,0.9389740819782386,0.5681818181818182,1,308,1,1,1,1
916,0556_c0003_005.jpg,556,2,-1,True,175,8550,0.9372639657733083,0.5591054313099042,1,313,1,1,1,1
917,0556_c0003_010.jpg,556,2,-1,True,175,8550,0.9387605957744165,0.5537974683544303,1,316,1,1,1,1
918,0556_c0003_015.jpg,556,2,-1,True,175,8550,0.9405204432330291,0.5384615384615384,1,325,1,1,1,1
919,0556_c0003_020.jpg,556,2,-1,True,175,8550,0.9362780021510373,0.501432664756447,1,349,1,1,1,1
920,0556_c0004_000.jpg,556,3,-1,True,175,8550,0.9109119759562703,0.48746518105849584,1,359,1,1,1,1
921,0556_c0004_005.jpg,556,3,-1,True,175,8550,0.9136130286301688,0.49019607843137253,1,357,1,1,1,1
922,0556_c0004_010.jpg,556,3,-1,True,175,8550,0.9199391405737294,0.49157303370786515,1,356,1,1,1,1
923,0556_c0004_015.jpg,556,3,-1,True,175,8550,0.9209166728852454,0.49295774647887325,1,355,1,1,1,1
924,0556_c0004_020.jpg,556,3,-1,True,175,8550,0.9188690389255989,0.49157303370786515,1,356,1,1,1,1
925,0556_c0005_000.jpg,556,4,-1,True,175,8550,0.35657894869788354,0.3691983122362869,40,474,0,0,0,0
926,0556_c0005_005.jpg,556,4,-1,True,175,8550,0.3255767414940092,0.34930139720558884,44,501,0,0,0,0
927,0556_c0005_010.jpg,556,4,-1,True,175,8550,0.36688770408907945,0.33396946564885494,46,524,0,0,0,0
928,0556_c0005_015.jpg,556,4,-1,True,175,8550,0.3204808935978076,0.32287822878228783,44,542,0,0,0,0
929,0556_c0005_020.jpg,556,4,-1,True,175,8550,0.21334163191205646,0.2827140549273021,68,619,0,0,0,0
930,0556_c0006_000.jpg,556,5,-1,True,175,8550,0.9298629672648061,0.44871794871794873,1,390,1,1,1,1
931,0556_c0006_005.jpg,556,5,-1,True,175,8550,0.9320919564695799,0.46174142480211083,1,379,1,1,1,1
932,0556_c0006_010.jpg,556,5,-1,True,175,8550,0.9415690362598824,0.49157303370786515,1,356,1,1,1,1
933,0556_c0006_015.jpg,556,5,-1,True,175,8550,0.9373167353410983,0.47297297297297297,1,370,1,1,1,1
934,0556_c0006_020.jpg,556,5,-1,True,175,8550,0.9346598178321509,0.4605263157894737,1,380,1,1,1,1
935,0556_c0007_000.jpg,556,6,-1,True,175,8550,0.9656787913888407,0.7641921397379913,1,229,1,1,1,1
936,0556_c0007_005.jpg,556,6,-1,True,175,8550,0.9659992292068642,0.7777777777777778,1,225,1,1,1,1
937,0556_c0007_010.jpg,556,6,-1,True,175,8550,0.9669769684810016,0.7777777777777778,1,225,1,1,1,1
938,0556_c0007_015.jpg,556,6,-1,True,175,8550,0.9628930318536556,0.7709251101321586,1,227,1,1,1,1
939,0556_c0007_020.jpg,556,6,-1,True,175,8550,0.9542695704437917,0.6481481481481481,1,270,1,1,1,1
940,0556_c0008_000.jpg,556,7,-1,True,175,8550,0.9053559512266947,0.4742547425474255,1,369,1,1,1,1
941,0556_c0008_005.jpg,556,7,-1,True,175,8550,0.8942446240088943,0.47297297297297297,1,370,1,1,1,1
942,0556_c0008_010.jpg,556,7,-1,True,175,8550,0.8974829858052533,0.4716981132075472,1,371,1,1,1,1
943,0556_c0008_015.jpg,556,7,-1,True,175,8550,0.8985142129904128,0.4794520547945205,1,365,1,1,1,1
944,0556_c0008_020.jpg,556,7,-1,True,175,8550,0.9115926902695872,0.4807692307692308,1,364,1,1,1,1
945,0558_c0001_000.jpg,558,0,-1,True,175,8550,0.5828027923887672,0.330188679245283,1,530,1,1,1,1
946,0558_c0001_005.jpg,558,0,-1,True,175,8550,0.5874222392683034,0.3431372549019608,1,510,1,1,1,1
947,0558_c0001_010.jpg,558,0,-1,True,175,8550,0.6216838132478053,0.33783783783783783,1,518,1,1,1,1
948,0558_c0001_015.jpg,558,0,-1,True,175,8550,0.592498296830761,0.352112676056338,1,497,1,1,1,1
949,0558_c0001_020.jpg,558,0,-1,True,175,8550,0.5697786846999922,0.3804347826086957,1,460,1,1,1,1
950,0558_c0002_000.jpg,558,1,-1,True,175,8550,0.26910615802024224,0.22609819121447028,4,774,0,1,1,1
951,0558_c0002_005.jpg,558,1,-1,True,175,8550,0.2390227628236833,0.19886363636363635,37,880,0,0,0,0
952,0558_c0002_010.jpg,558,1,-1,True,175,8550,0.24171388559367443,0.19509476031215162,3,897,0,1,1,1
953,0558_c0002_015.jpg,558,1,-1,True,175,8550,0.2784401219087509,0.2407152682255846,2,727,0,1,1,1
954,0558_c0002_020.jpg,558,1,-1,True,175,8550,0.24687965573496976,0.20759193357058126,20,843,0,0,0,1
955,0558_c0003_000.jpg,558,2,-1,True,175,8550,0.4621331678988877,0.45691906005221933,1,383,1,1,1,1
956,0558_c0003_005.jpg,558,2,-1,True,175,8550,0.4136449509299282,0.4654255319148936,16,376,0,0,0,1
957,0558_c0003_010.jpg,558,2,-1,True,175,8550,0.395898143563081,0.44416243654822335,26,394,0,0,0,0
958,0558_c0003_015.jpg,558,2,-1,True,175,8550,0.3664038353070087,0.46174142480211083,21,379,0,0,0,0
959,0558_c0003_020.jpg,558,2,-1,True,175,8550,0.3922270902823646,0.4679144385026738,18,374,0,0,0,1
960,0558_c0004_000.jpg,558,3,-1,True,175,8550,0.6341771804086112,0.20278099652375434,1,863,1,1,1,1
961,0558_c0004_005.jpg,558,3,-1,True,175,8550,0.7044686174287572,0.24407252440725244,1,717,1,1,1,1
962,0558_c0004_010.jpg,558,3,-1,True,175,8550,0.7264097404713808,0.23874488403819918,1,733,1,1,1,1
963,0558_c0004_015.jpg,558,3,-1,True,175,8550,0.6452867142308039,0.20636792452830188,1,848,1,1,1,1
964,0558_c0004_020.jpg,558,3,-1,True,175,8550,0.632437285209698,0.1946607341490545,1,899,1,1,1,1
965,0558_c0005_000.jpg,558,4,-1,True,175,8550,0.6855778497028586,0.2663622526636225,1,657,1,1,1,1
966,0558_c0005_005.jpg,558,4,-1,True,175,8550,0.6814458869712925,0.28,1,625,1,1,1,1
967,0558_c0005_010.jpg,558,4,-1,True,175,8550,0.638512615391193,0.2514367816091954,1,696,1,1,1,1
968,0558_c0005_015.jpg,558,4,-1,True,175,8550,0.6577155495618302,0.25289017341040465,1,692,1,1,1,1
969,0558_c0005_020.jpg,558,4,-1,True,175,8550,0.7172665082419949,0.30755711775043937,1,569,1,1,1,1
970,0558_c0006_000.jpg,558,5,-1,True,175,8550,0.44293761536829646,0.4069767441860465,1,430,1,1,1,1
971,0558_c0006_005.jpg,558,5,-1,True,175,8550,0.46005675053579465,0.3977272727272727,1,440,1,1,1,1
972,0558_c0006_010.jpg,558,5,-1,True,175,8550,0.4394850211601759,0.3707627118644068,1,472,1,1,1,1
973,0558_c0006_015.jpg,558,5,-1,True,175,8550,0.4941820184808096,0.3995433789954338,1,438,1,1,1,1
974,0558_c0006_020.jpg,558,5,-1,True,175,8550,0.4582210940382557,0.3804347826086957,1,460,1,1,1,1
975,0558_c0007_000.jpg,558,6,-1,True,175,8550,0.6792472057545907,0.41866028708133973,1,418,1,1,1,1
976,0558_c0007_005.jpg,558,6,-1,True,175,8550,0.6676026655279078,0.373134328358209,1,469,1,1,1,1
977,0558_c0007_010.jpg,558,6,-1,True,175,8550,0.6613935652371776,0.43424317617866004,1,403,1,1,1,1
978,0558_c0007_015.jpg,558,6,-1,True,175,8550,0.7216479658807557,0.4679144385026738,1,374,1,1,1,1
979,0558_c0007_020.jpg,558,6,-1,True,175,8550,0.6971335063379597,0.46419098143236076,1,377,1,1,1,1
980,0558_c0008_000.jpg,558,7,-1,True,175,8550,0.7186456530483529,0.3897550111358575,1,449,1,1,1,1
981,0558_c0008_005.jpg,558,7,-1,True,175,8550,0.6694913807235255,0.35496957403651114,1,493,1,1,1,1
982,0558_c0008_010.jpg,558,7,-1,True,175,8550,0.7405633449317346,0.3812636165577342,1,459,1,1,1,1
983,0558_c0008_015.jpg,558,7,-1,True,175,8550,0.8308244993327236,0.45691906005221933,1,383,1,1,1,1
984,0558_c0008_020.jpg,558,7,-1,True,175,8550,0.709114695610181,0.34860557768924305,1,502,1,1,1,1
985,0560_c0001_000.jpg,560,0,-1,True,150,8550,0.2768945446623286,0.2669039145907473,45,562,0,0,0,0
986,0560_c0001_005.jpg,560,0,-1,True,150,8550,0.23571631965897646,0.23771790808240886,73,631,0,0,0,0
987,0560_c0001_010.jpg,560,0,-1,True,150,8550,0.24310068605490817,0.25996533795493937,76,577,0,0,0,0
988,0560_c0001_015.jpg,560,0,-1,True,150,8550,0.23669573486084464,0.25951557093425603,78,578,0,0,0,0
989,0560_c0001_020.jpg,560,0,-1,True,150,8550,0.19698312124996978,0.2051983584131327,95,731,0,0,0,0
990,0560_c0002_000.jpg,560,1,-1,True,150,8550,0.992361171944877,0.8571428571428571,1,175,1,1,1,1
991,0560_c0002_005.jpg,560,1,-1,True,150,8550,0.9891314744530878,0.8571428571428571,1,175,1,1,1,1
992,0560_c0002_010.jpg,560,1,-1,True,150,8550,0.9914611536522735,0.8571428571428571,1,175,1,1,1,1
993,0560_c0002_015.jpg,560,1,-1,True,150,8550,0.9914525703633799,0.8571428571428571,1,175,1,1,1,1
994,0560_c0002_020.jpg,560,1,-1,True,150,8550,0.993710808605332,0.8620689655172413,1,174,1,1,1,1
995,0560_c0003_000.jpg,560,2,-1,True,150,8550,0.9745001831085975,0.8571428571428571,1,175,1,1,1,1
996,0560_c0003_005.jpg,560,2,-1,True,150,8550,0.9743874213402066,0.8571428571428571,1,175,1,1,1,1
997,0560_c0003_010.jpg,560,2,-1,True,150,8550,0.9743874213402066,0.8571428571428571,1,175,1,1,1,1
998,0560_c0003_015.jpg,560,2,-1,True,150,8550,0.9743874213402066,0.8571428571428571,1,175,1,1,1,1
999,0560_c0003_020.jpg,560,2,-1,True,150,8550,0.9744245074329219,0.8571428571428571,1,175,1,1,1,1
1000,0560_c0005_000.jpg,560,4,-1,True,150,8550,0.9931327345188867,0.8571428571428571,1,175,1,1,1,1
1001,0560_c0005_005.jpg,560,4,-1,True,150,8550,0.9984051240151893,0.8982035928143712,1,167,1,1,1,1
1002,0560_c0005_010.jpg,560,4,-1,True,150,8550,0.9974766698357361,0.8875739644970414,1,169,1,1,1,1
1003,0560_c0005_015.jpg,560,4,-1,True,150,8550,0.9924361084824795,0.8571428571428571,1,175,1,1,1,1
1004,0560_c0005_020.jpg,560,4,-1,True,150,8550,0.9916556899140122,0.8571428571428571,1,175,1,1,1,1
1005,0560_c0006_000.jpg,560,5,-1,True,150,8550,0.9743874213402066,0.8571428571428571,1,175,1,1,1,1
1006,0560_c0006_005.jpg,560,5,-1,True,150,8550,0.9743874213402066,0.8571428571428571,1,175,1,1,1,1
1007,0560_c0006_010.jpg,560,5,-1,True,150,8550,0.9743874213402066,0.8571428571428571,1,175,1,1,1,1
1008,0560_c0006_015.jpg,560,5,-1,True,150,8550,0.9743874213402066,0.8571428571428571,1,175,1,1,1,1
1009,0560_c0006_020.jpg,560,5,-1,True,150,8550,0.9743874213402066,0.8571428571428571,1,175,1,1,1,1
1010,0560_c0007_000.jpg,560,6,-1,True,150,8550,0.9743874213402066,0.8571428571428571,1,175,1,1,1,1
1011,0560_c0007_005.jpg,560,6,-1,True,150,8550,0.9743874213402066,0.8571428571428571,1,175,1,1,1,1
1012,0560_c0007_010.jpg,560,6,-1,True,150,8550,0.9750154793394196,0.8571428571428571,1,175,1,1,1,1
1013,0560_c0007_015.jpg,560,6,-1,True,150,8550,0.9743874213402066,0.8571428571428571,1,175,1,1,1,1
1014,0560_c0007_020.jpg,560,6,-1,True,150,8550,0.9743874213402066,0.8571428571428571,1,175,1,1,1,1
1015,0560_c0008_000.jpg,560,7,-1,True,150,8550,0.9765907272259127,0.8571428571428571,1,175,1,1,1,1
1016,0560_c0008_005.jpg,560,7,-1,True,150,8550,0.9746862546411088,0.8571428571428571,1,175,1,1,1,1
1017,0560_c0008_010.jpg,560,7,-1,True,150,8550,0.9765932845238757,0.8571428571428571,1,175,1,1,1,1
1018,0560_c0008_015.jpg,560,7,-1,True,150,8550,0.9774849100109577,0.8571428571428571,1,175,1,1,1,1
1019,0560_c0008_020.jpg,560,7,-1,True,150,8550,0.9750525815110542,0.8571428571428571,1,175,1,1,1,1
1020,0562_c0001_000.jpg,562,0,-1,True,50,8550,0.7047105829324707,0.25,1,200,1,1,1,1
1021,0562_c0001_005.jpg,562,0,-1,True,50,8550,0.701864814672967,0.25,1,200,1,1,1,1
1022,0562_c0001_010.jpg,562,0,-1,True,50,8550,0.697160426188511,0.25,1,200,1,1,1,1
1023,0562_c0001_015.jpg,562,0,-1,True,50,8550,0.6999880027430561,0.25,1,200,1,1,1,1
1024,0562_c0001_020.jpg,562,0,-1,True,50,8550,0.7149712722203989,0.2564102564102564,1,195,1,1,1,1
1025,0562_c0003_000.jpg,562,2,-1,True,50,8550,0.6980066116443883,0.684931506849315,1,73,1,1,1,1
1026,0562_c0003_005.jpg,562,2,-1,True,50,8550,0.4872337343337588,0.6666666666666666,2,75,0,1,1,1
1027,0562_c0003_010.jpg,562,2,-1,True,50,8550,0.4542571886684938,0.5952380952380952,24,84,0,0,0,0
1028,0562_c0003_015.jpg,562,2,-1,True,50,8550,0.45648036076919035,0.6329113924050633,25,79,0,0,0,0
1029,0562_c0003_020.jpg,562,2,-1,True,50,8550,0.45756691013483186,0.6666666666666666,25,75,0,0,0,0
1030,0562_c0005_000.jpg,562,4,-1,True,50,8550,0.7013176773726828,0.2617801047120419,1,191,1,1,1,1
1031,0562_c0005_005.jpg,562,4,-1,True,50,8550,0.7024367808991525,0.25906735751295334,1,193,1,1,1,1
1032,0562_c0005_010.jpg,562,4,-1,True,50,8550,0.7136961122720197,0.27624309392265195,1,181,1,1,1,1
1033,0562_c0005_015.jpg,562,4,-1,True,50,8550,0.7102523331914149,0.2717391304347826,1,184,1,1,1,1
1034,0562_c0005_020.jpg,562,4,-1,True,50,8550,0.6870280200342579,0.2617801047120419,1,191,1,1,1,1
1035,0564_c0001_000.jpg,564,0,-1,True,150,8550,1.0,1.0,1,150,1,1,1,1
1036,0564_c0001_005.jpg,564,0,-1,True,150,8550,1.0,1.0,1,150,1,1,1,1
1037,0564_c0001_010.jpg,564,0,-1,True,150,8550,1.0,1.0,1,150,1,1,1,1
1038,0564_c0001_015.jpg,564,0,-1,True,150,8550,1.0,1.0,1,150,1,1,1,1
1039,0564_c0001_020.jpg,564,0,-1,True,150,8550,1.0,1.0,1,150,1,1,1,1
1040,0564_c0002_000.jpg,564,1,-1,True,150,8550,1.0,1.0,1,150,1,1,1,1
1041,0564_c0002_005.jpg,564,1,-1,True,150,8550,1.0,1.0,1,150,1,1,1,1
1042,0564_c0002_010.jpg,564,1,-1,True,150,8550,1.0,1.0,1,150,1,1,1,1
1043,0564_c0002_015.jpg,564,1,-1,True,150,8550,1.0,1.0,1,150,1,1,1,1
1044,0564_c0002_020.jpg,564,1,-1,True,150,8550,1.0,1.0,1,150,1,1,1,1
1045,0564_c0004_000.jpg,564,3,-1,True,150,8550,0.8760379267406453,0.75,1,200,1,1,1,1
1046,0564_c0004_005.jpg,564,3,-1,True,150,8550,0.8878064115394934,0.75,1,200,1,1,1,1
1047,0564_c0004_010.jpg,564,3,-1,True,150,8550,0.7666674400572593,0.6097560975609756,1,246,1,1,1,1
1048,0564_c0004_015.jpg,564,3,-1,True,150,8550,0.8729262807681414,0.75,1,200,1,1,1,1
1049,0564_c0004_020.jpg,564,3,-1,True,150,8550,0.8956918199167664,0.75,1,200,1,1,1,1
1050,0564_c0005_000.jpg,564,4,-1,True,150,8550,1.0,1.0,1,150,1,1,1,1
1051,0564_c0005_005.jpg,564,4,-1,True,150,8550,1.0,1.0,1,150,1,1,1,1
1052,0564_c0005_010.jpg,564,4,-1,True,150,8550,1.0,1.0,1,150,1,1,1,1
1053,0564_c0005_015.jpg,564,4,-1,True,150,8550,1.0,1.0,1,150,1,1,1,1
1054,0564_c0005_020.jpg,564,4,-1,True,150,8550,1.0,1.0,1,150,1,1,1,1
1055,0564_c0006_000.jpg,564,5,-1,True,150,8550,1.0,1.0,1,150,1,1,1,1
1056,0564_c0006_005.jpg,564,5,-1,True,150,8550,1.0,1.0,1,150,1,1,1,1
1057,0564_c0006_010.jpg,564,5,-1,True,150,8550,1.0,1.0,1,150,1,1,1,1
1058,0564_c0006_015.jpg,564,5,-1,True,150,8550,1.0,1.0,1,150,1,1,1,1
1059,0564_c0006_020.jpg,564,5,-1,True,150,8550,1.0,1.0,1,150,1,1,1,1
1060,0564_c0007_000.jpg,564,6,-1,True,150,8550,0.9454859331866767,0.8571428571428571,1,175,1,1,1,1
1061,0564_c0007_005.jpg,564,6,-1,True,150,8550,0.9966168418233451,0.872093023255814,1,172,1,1,1,1
1062,0564_c0007_010.jpg,564,6,-1,True,150,8550,0.99605062477521,0.8670520231213873,1,173,1,1,1,1
1063,0564_c0007_015.jpg,564,6,-1,True,150,8550,1.0,1.0,1,150,1,1,1,1
1064,0564_c0007_020.jpg,564,6,-1,True,150,8550,1.0,1.0,1,150,1,1,1,1
1065,0564_c0008_000.jpg,564,7,-1,True,150,8550,0.9461349567690088,0.8571428571428571,1,175,1,1,1,1
1066,0564_c0008_005.jpg,564,7,-1,True,150,8550,0.9483409907834145,0.8571428571428571,1,175,1,1,1,1
1067,0564_c0008_010.jpg,564,7,-1,True,150,8550,0.9437913030888698,0.8571428571428571,1,175,1,1,1,1
1068,0564_c0008_015.jpg,564,7,-1,True,150,8550,0.9583167617921636,0.8571428571428571,1,175,1,1,1,1
1069,0564_c0008_020.jpg,564,7,-1,True,150,8550,0.9438732655770184,0.8152173913043478,1,184,1,1,1,1
1070,0566_c0001_000.jpg,566,0,-1,True,175,8550,0.5864958583611333,0.2543604651162791,1,688,1,1,1,1
1071,0566_c0001_005.jpg,566,0,-1,True,175,8550,0.631315277810033,0.27301092043681746,1,641,1,1,1,1
1072,0566_c0001_010.jpg,566,0,-1,True,175,8550,0.6286386640188368,0.2887788778877888,1,606,1,1,1,1
1073,0566_c0001_015.jpg,566,0,-1,True,175,8550,0.6411977357797848,0.2604166666666667,1,672,1,1,1,1
1074,0566_c0001_020.jpg,566,0,-1,True,175,8550,0.6388999171054546,0.2864157119476268,1,611,1,1,1,1
1075,0566_c0002_000.jpg,566,1,-1,True,175,8550,0.6186859807156636,0.13503086419753085,1,1296,1,1,1,1
1076,0566_c0002_005.jpg,566,1,-1,True,175,8550,0.591610641621009,0.11856368563685638,1,1476,1,1,1,1
1077,0566_c0002_010.jpg,566,1,-1,True,175,8550,0.775629477108415,0.1649387370405278,1,1061,1,1,1,1
1078,0566_c0002_015.jpg,566,1,-1,True,175,8550,0.6894508289796355,0.13379204892966362,1,1308,1,1,1,1
1079,0566_c0002_020.jpg,566,1,-1,True,175,8550,0.6129947488215928,0.12110726643598616,1,1445,1,1,1,1
1080,0566_c0003_000.jpg,566,2,-1,True,175,8550,0.6728901019205249,0.19021739130434784,1,920,1,1,1,1
1081,0566_c0003_005.jpg,566,2,-1,True,175,8550,0.6648729784934809,0.18363064008394545,1,953,1,1,1,1
1082,0566_c0003_010.jpg,566,2,-1,True,175,8550,0.6311920458053002,0.1566696508504924,1,1117,1,1,1,1
1083,0566_c0003_015.jpg,566,2,-1,True,175,8550,0.6498971130531828,0.15765765765765766,1,1110,1,1,1,1
1084,0566_c0003_020.jpg,566,2,-1,True,175,8550,0.5196197693985845,0.17985611510791366,1,973,1,1,1,1
1085,0566_c0004_000.jpg,566,3,-1,True,175,8550,0.12529272656819207,0.10269953051643192,89,1704,0,0,0,0
1086,0566_c0004_005.jpg,566,3,-1,True,175,8550,0.2531286253946285,0.1421608448415922,7,1231,0,0,1,1
1087,0566_c0004_010.jpg,566,3,-1,True,175,8550,0.618883219374491,0.19553072625698323,1,895,1,1,1,1
1088,0566_c0004_015.jpg,566,3,-1,True,175,8550,0.5789353430626786,0.19886363636363635,1,880,1,1,1,1
1089,0566_c0004_020.jpg,566,3,-1,True,175,8550,0.5428982581197912,0.2006880733944954,1,872,1,1,1,1
1090,0566_c0005_000.jpg,566,4,-1,True,175,8550,0.6715591460730865,0.1404494382022472,1,1246,1,1,1,1
1091,0566_c0005_005.jpg,566,4,-1,True,175,8550,0.6486549183685979,0.12801755669348938,1,1367,1,1,1,1
1092,0566_c0005_010.jpg,566,4,-1,True,175,8550,0.5956635020704213,0.1224632610216935,1,1429,1,1,1,1
1093,0566_c0005_015.jpg,566,4,-1,True,175,8550,0.6835188611552391,0.1513840830449827,1,1156,1,1,1,1
1094,0566_c0005_020.jpg,566,4,-1,True,175,8550,0.6097411717429508,0.12953367875647667,1,1351,1,1,1,1
1095,0566_c0006_000.jpg,566,5,-1,True,175,8550,0.4828212471041639,0.13297872340425532,1,1316,1,1,1,1
1096,0566_c0006_005.jpg,566,5,-1,True,175,8550,0.2743493127717894,0.11182108626198083,1,1565,1,1,1,1
1097,0566_c0006_010.jpg,566,5,-1,True,175,8550,0.4009927664401397,0.13503086419753085,1,1296,1,1,1,1
1098,0566_c0006_015.jpg,566,5,-1,True,175,8550,0.30010358012613253,0.11840324763193505,1,1478,1,1,1,1
1099,0566_c0006_020.jpg,566,5,-1,True,175,8550,0.3641350148583473,0.14619883040935672,1,1197,1,1,1,1
1100,0566_c0007_000.jpg,566,6,-1,True,175,8550,0.7699254632961512,0.2911813643926789,1,601,1,1,1,1
1101,0566_c0007_005.jpg,566,6,-1,True,175,8550,0.7533192532996043,0.23458445040214476,1,746,1,1,1,1
1102,0566_c0007_010.jpg,566,6,-1,True,175,8550,0.69369945208128,0.17748478701825557,1,986,1,1,1,1
1103,0566_c0007_015.jpg,566,6,-1,True,175,8550,0.7069303906877408,0.22321428571428573,1,784,1,1,1,1
1104,0566_c0007_020.jpg,566,6,-1,True,175,8550,0.6983697325953545,0.32407407407407407,1,540,1,1,1,1
1105,0566_c0008_000.jpg,566,7,-1,True,175,8550,0.679337549817452,0.32771535580524347,1,534,1,1,1,1
1106,0566_c0008_005.jpg,566,7,-1,True,175,8550,0.6591195214107766,0.28,1,625,1,1,1,1
1107,0566_c0008_010.jpg,566,7,-1,True,175,8550,0.5979857669352162,0.3038194444444444,1,576,1,1,1,1
1108,0566_c0008_015.jpg,566,7,-1,True,175,8550,0.6384185773031562,0.3615702479338843,1,484,1,1,1,1
1109,0566_c0008_020.jpg,566,7,-1,True,175,8550,0.5613698841349409,0.2956081081081081,1,592,1,1,1,1
1110,0568_c0001_000.jpg,568,0,-1,True,50,8550,0.1371906083149592,0.19607843137254902,102,255,0,0,0,0
1111,0568_c0001_005.jpg,568,0,-1,True,50,8550,0.13082058107131445,0.17857142857142858,115,280,0,0,0,0
1112,0568_c0001_010.jpg,568,0,-1,True,50,8550,0.1424485672741733,0.1976284584980237,107,253,0,0,0,0
1113,0568_c0001_015.jpg,568,0,-1,True,50,8550,0.13192926005167968,0.1976284584980237,120,253,0,0,0,0
1114,0568_c0001_020.jpg,568,0,-1,True,50,8550,0.14516750575315104,0.1984126984126984,96,252,0,0,0,0
1115,0568_c0005_000.jpg,568,4,-1,True,50,8550,0.7958838056943737,0.5882352941176471,1,85,1,1,1,1
1116,0568_c0005_005.jpg,568,4,-1,True,50,8550,0.8975600725114985,0.6410256410256411,1,78,1,1,1,1
1117,0568_c0005_010.jpg,568,4,-1,True,50,8550,0.9980597612629958,0.9433962264150944,1,53,1,1,1,1
1118,0568_c0005_015.jpg,568,4,-1,True,50,8550,0.951644122572899,0.6493506493506493,1,77,1,1,1,1
1119,0568_c0005_020.jpg,568,4,-1,True,50,8550,0.9444296254424228,0.7575757575757576,1,66,1,1,1,1
1120,0568_c0006_000.jpg,568,5,-1,True,50,8550,0.7983804093667136,0.6172839506172839,1,81,1,1,1,1
1121,0568_c0006_005.jpg,568,5,-1,True,50,8550,0.9682791934750498,0.6756756756756757,1,74,1,1,1,1
1122,0568_c0006_010.jpg,568,5,-1,True,50,8550,0.8499968233975586,0.44642857142857145,1,112,1,1,1,1
1123,0568_c0006_015.jpg,568,5,-1,True,50,8550,0.7925278138269733,0.5208333333333334,1,96,1,1,1,1
1124,0568_c0006_020.jpg,568,5,-1,True,50,8550,0.8342447045326451,0.6666666666666666,1,75,1,1,1,1
1125,0570_c0001_000.jpg,570,0,-1,True,150,8550,0.7943700170857289,0.45045045045045046,1,333,1,1,1,1
1126,0570_c0001_005.jpg,570,0,-1,True,150,8550,0.7504332556147383,0.4411764705882353,1,340,1,1,1,1
1127,0570_c0001_010.jpg,570,0,-1,True,150,8550,0.7488194885225756,0.4424778761061947,1,339,1,1,1,1
1128,0570_c0001_015.jpg,570,0,-1,True,150,8550,0.7416585691858978,0.43352601156069365,1,346,1,1,1,1
1129,0570_c0001_020.jpg,570,0,-1,True,150,8550,0.6537775957353822,0.38071065989847713,1,394,1,1,1,1
1130,0570_c0002_000.jpg,570,1,-1,True,150,8550,0.8138176655432175,0.40431266846361186,1,371,1,1,1,1
1131,0570_c0002_005.jpg,570,1,-1,True,150,8550,0.8018399044815419,0.4087193460490463,1,367,1,1,1,1
1132,0570_c0002_010.jpg,570,1,-1,True,150,8550,0.7869995808733289,0.390625,1,384,1,1,1,1
1133,0570_c0002_015.jpg,570,1,-1,True,150,8550,0.7721717974511331,0.35545023696682465,1,422,1,1,1,1
1134,0570_c0002_020.jpg,570,1,-1,True,150,8550,0.7848960898330155,0.43731778425655976,1,343,1,1,1,1
1135,0570_c0004_000.jpg,570,3,-1,True,150,8550,0.9150082828000407,0.5555555555555556,1,270,1,1,1,1
1136,0570_c0004_005.jpg,570,3,-1,True,150,8550,0.895833338555249,0.6024096385542169,1,249,1,1,1,1
1137,0570_c0004_010.jpg,570,3,-1,True,150,8550,0.932546298508546,0.6944444444444444,1,216,1,1,1,1
1138,0570_c0004_015.jpg,570,3,-1,True,150,8550,0.923751690095001,0.7109004739336493,1,211,1,1,1,1
1139,0570_c0004_020.jpg,570,3,-1,True,150,8550,0.9002679325487896,0.6198347107438017,1,242,1,1,1,1
1140,0570_c0005_000.jpg,570,4,-1,True,150,8550,0.9933316165379328,0.872093023255814,1,172,1,1,1,1
1141,0570_c0005_005.jpg,570,4,-1,True,150,8550,0.999027053627622,0.8875739644970414,1,169,1,1,1,1
1142,0570_c0005_010.jpg,570,4,-1,True,150,8550,0.9990497076023391,0.8771929824561403,1,171,1,1,1,1
1143,0570_c0005_015.jpg,570,4,-1,True,150,8550,0.9971064816589796,0.9146341463414634,1,164,1,1,1,1
1144,0570_c0005_020.jpg,570,4,-1,True,150,8550,0.9995061728395062,0.9259259259259259,1,162,1,1,1,1
1145,0570_c0006_000.jpg,570,5,-1,True,150,8550,0.8125018667716286,0.4322766570605187,1,347,1,1,1,1
1146,0570_c0006_005.jpg,570,5,-1,True,150,8550,0.7203816989064702,0.32894736842105265,1,456,1,1,1,1
1147,0570_c0006_010.jpg,570,5,-1,True,150,8550,0.8068898873601669,0.436046511627907,1,344,1,1,1,1
1148,0570_c0006_015.jpg,570,5,-1,True,150,8550,0.7825699736537831,0.4491017964071856,1,334,1,1,1,1
1149,0570_c0006_020.jpg,570,5,-1,True,150,8550,0.81361193660405,0.46296296296296297,1,324,1,1,1,1
1150,0570_c0007_000.jpg,570,6,-1,True,150,8550,0.9490847635778897,0.6880733944954128,1,218,1,1,1,1
1151,0570_c0007_005.jpg,570,6,-1,True,150,8550,0.9467252130880653,0.6756756756756757,1,222,1,1,1,1
1152,0570_c0007_010.jpg,570,6,-1,True,150,8550,0.9416265408149851,0.6637168141592921,1,226,1,1,1,1
1153,0570_c0007_015.jpg,570,6,-1,True,150,8550,0.9441895834846753,0.6818181818181818,1,220,1,1,1,1
1154,0570_c0007_020.jpg,570,6,-1,True,150,8550,0.8638969091520892,0.6666666666666666,1,225,1,1,1,1
1155,0570_c0008_000.jpg,570,7,-1,True,150,8550,0.89841161678196,0.5976095617529881,1,251,1,1,1,1
1156,0570_c0008_005.jpg,570,7,-1,True,150,8550,0.922998925333454,0.8108108108108109,1,185,1,1,1,1
1157,0570_c0008_010.jpg,570,7,-1,True,150,8550,0.8944233231464213,0.5190311418685121,1,289,1,1,1,1
1158,0570_c0008_015.jpg,570,7,-1,True,150,8550,0.9425376015829166,0.6976744186046512,1,215,1,1,1,1
1159,0570_c0008_020.jpg,570,7,-1,True,150,8550,0.847112637725306,0.5119453924914675,1,293,1,1,1,1
1160,0572_c0001_000.jpg,572,0,-1,True,175,8550,0.9484150259741071,0.6055363321799307,1,289,1,1,1,1
1161,0572_c0001_005.jpg,572,0,-1,True,175,8550,0.9296941065803107,0.5,1,350,1,1,1,1
1162,0572_c0001_010.jpg,572,0,-1,True,175,8550,0.9443139483024281,0.5756578947368421,1,304,1,1,1,1
1163,0572_c0001_015.jpg,572,0,-1,True,175,8550,0.9537498689030058,0.6294964028776978,1,278,1,1,1,1
1164,0572_c0001_020.jpg,572,0,-1,True,175,8550,0.947111744737577,0.5993150684931506,1,292,1,1,1,1
1165,0572_c0002_000.jpg,572,1,-1,True,175,8550,0.7554786104875165,0.5775577557755776,1,303,1,1,1,1
1166,0572_c0002_005.jpg,572,1,-1,True,175,8550,0.7365875792735014,0.4971590909090909,1,352,1,1,1,1
1167,0572_c0002_010.jpg,572,1,-1,True,175,8550,0.7362818800990272,0.5177514792899408,1,338,1,1,1,1
1168,0572_c0002_015.jpg,572,1,-1,True,175,8550,0.7485480084689464,0.5255255255255256,1,333,1,1,1,1
1169,0572_c0002_020.jpg,572,1,-1,True,175,8550,0.7454715173515964,0.5147058823529411,1,340,1,1,1,1
1170,0572_c0003_000.jpg,572,2,-1,True,175,8550,0.41547958801587875,0.19796380090497737,1,884,1,1,1,1
1171,0572_c0003_005.jpg,572,2,-1,True,175,8550,0.44556338042039817,0.2679938744257274,2,653,0,1,1,1
1172,0572_c0003_010.jpg,572,2,-1,True,175,8550,0.46200962431804815,0.1977401129943503,1,885,1,1,1,1
1173,0572_c0003_015.jpg,572,2,-1,True,175,8550,0.39763554392337586,0.1550044286979628,1,1129,1,1,1,1
1174,0572_c0003_020.jpg,572,2,-1,True,175,8550,0.39001266345114005,0.18479408658922913,1,947,1,1,1,1
1175,0572_c0004_000.jpg,572,3,-1,True,175,8550,0.5903626917292673,0.1849894291754757,1,946,1,1,1,1
1176,0572_c0004_005.jpg,572,3,-1,True,175,8550,0.5463592967220045,0.14656616415410384,1,1194,1,1,1,1
1177,0572_c0004_010.jpg,572,3,-1,True,175,8550,0.5402569848521599,0.1407884151246983,1,1243,1,1,1,1
1178,0572_c0004_015.jpg,572,3,-1,True,175,8550,0.5508508186025631,0.17766497461928935,1,985,1,1,1,1
1179,0572_c0004_020.jpg,572,3,-1,True,175,8550,0.5876570226411874,0.1724137931034483,1,1015,1,1,1,1
1180,0572_c0005_000.jpg,572,4,-1,True,175,8550,0.8867711860308095,0.4768392370572207,1,367,1,1,1,1
1181,0572_c0005_005.jpg,572,4,-1,True,175,8550,0.887496554304927,0.48476454293628807,1,361,1,1,1,1
1182,0572_c0005_010.jpg,572,4,-1,True,175,8550,0.5809693494599396,0.3763440860215054,1,465,1,1,1,1
1183,0572_c0005_015.jpg,572,4,-1,True,175,8550,0.5279942476773691,0.37154989384288745,1,471,1,1,1,1
1184,0572_c0005_020.jpg,572,4,-1,True,175,8550,0.8656116223682973,0.7291666666666666,1,240,1,1,1,1
1185,0572_c0006_000.jpg,572,5,-1,True,175,8550,0.6281656629034783,0.19209659714599342,1,911,1,1,1,1
1186,0572_c0006_005.jpg,572,5,-1,True,175,8550,0.6241915591154493,0.16634980988593157,1,1052,1,1,1,1
1187,0572_c0006_010.jpg,572,5,-1,True,175,8550,0.6446553017712926,0.1473063973063973,1,1188,1,1,1,1
1188,0572_c0006_015.jpg,572,5,-1,True,175,8550,0.640105079960335,0.14855687606112053,1,1178,1,1,1,1
1189,0572_c0006_020.jpg,572,5,-1,True,175,8550,0.6391961224098263,0.13922036595067622,1,1257,1,1,1,1
1190,0572_c0007_000.jpg,572,6,-1,True,175,8550,0.8489298052379076,0.21109770808202655,1,829,1,1,1,1
1191,0572_c0007_005.jpg,572,6,-1,True,175,8550,0.8455757709618615,0.1650943396226415,1,1060,1,1,1,1
1192,0572_c0007_010.jpg,572,6,-1,True,175,8550,0.8243204807225197,0.2700617283950617,1,648,1,1,1,1
1193,0572_c0007_015.jpg,572,6,-1,True,175,8550,0.8067327313123831,0.36082474226804123,1,485,1,1,1,1
1194,0572_c0007_020.jpg,572,6,-1,True,175,8550,0.7903292405884921,0.19021739130434784,1,920,1,1,1,1
1195,0572_c0008_000.jpg,572,7,-1,True,175,8550,0.6313999046304326,0.1705653021442495,1,1026,1,1,1,1
1196,0572_c0008_005.jpg,572,7,-1,True,175,8550,0.5952915101168996,0.1719056974459725,1,1018,1,1,1,1
1197,0572_c0008_010.jpg,572,7,-1,True,175,8550,0.5855910335920147,0.17820773930753564,1,982,1,1,1,1
1198,0572_c0008_015.jpg,572,7,-1,True,175,8550,0.5767446607478346,0.19001085776330076,1,921,1,1,1,1
1199,0572_c0008_020.jpg,572,7,-1,True,175,8550,0.5640345748743576,0.19401330376940132,1,902,1,1,1,1
1200,0574_c0001_000.jpg,574,0,-1,True,150,8550,0.7766567450995812,0.33482142857142855,1,448,1,1,1,1
1201,0574_c0001_005.jpg,574,0,-1,True,150,8550,0.7886905630962633,0.336322869955157,1,446,1,1,1,1
1202,0574_c0001_010.jpg,574,0,-1,True,150,8550,0.8718075050994109,0.3546099290780142,1,423,1,1,1,1
1203,0574_c0001_015.jpg,574,0,-1,True,150,8550,0.8798236336492382,0.4065040650406504,1,369,1,1,1,1
1204,0574_c0001_020.jpg,574,0,-1,True,150,8550,0.8191904997585812,0.39893617021276595,1,376,1,1,1,1
1205,0574_c0002_000.jpg,574,1,-1,True,150,8550,0.9802219331915248,0.746268656716418,1,201,1,1,1,1
1206,0574_c0002_005.jpg,574,1,-1,True,150,8550,0.986687981604349,0.7109004739336493,1,211,1,1,1,1
1207,0574_c0002_010.jpg,574,1,-1,True,150,8550,0.9602902018772935,0.7211538461538461,1,208,1,1,1,1
1208,0574_c0002_015.jpg,574,1,-1,True,150,8550,0.9867702521702485,0.7317073170731707,1,205,1,1,1,1
1209,0574_c0002_020.jpg,574,1,-1,True,150,8550,0.9804028261274054,0.684931506849315,1,219,1,1,1,1
1210,0574_c0003_000.jpg,574,2,-1,True,150,8550,0.8490352587365245,0.5747126436781609,1,261,1,1,1,1
1211,0574_c0003_005.jpg,574,2,-1,True,150,8550,0.8886879308823679,0.6437768240343348,1,233,1,1,1,1
1212,0574_c0003_010.jpg,574,2,-1,True,150,8550,0.9204855733137625,0.6198347107438017,1,242,1,1,1,1
1213,0574_c0003_015.jpg,574,2,-1,True,150,8550,0.9340894574606674,0.6410256410256411,1,234,1,1,1,1
1214,0574_c0003_020.jpg,574,2,-1,True,150,8550,0.9168597751166484,0.5976095617529881,1,251,1,1,1,1
1215,0574_c0004_000.jpg,574,3,-1,True,150,8550,0.8291715719073246,0.8522727272727273,1,176,1,1,1,1
1216,0574_c0004_005.jpg,574,3,-1,True,150,8550,0.8452400117214867,0.8522727272727273,1,176,1,1,1,1
1217,0574_c0004_010.jpg,574,3,-1,True,150,8550,0.9216413272250662,0.8571428571428571,1,175,1,1,1,1
1218,0574_c0004_015.jpg,574,3,-1,True,150,8550,0.9280590956212247,0.8571428571428571,1,175,1,1,1,1
1219,0574_c0004_020.jpg,574,3,-1,True,150,8550,0.9754839072007498,0.8379888268156425,1,179,1,1,1,1
1220,0574_c0005_000.jpg,574,4,-1,True,150,8550,0.6945573512703717,0.33707865168539325,1,445,1,1,1,1
1221,0574_c0005_005.jpg,574,4,-1,True,150,8550,0.730645538858221,0.33482142857142855,1,448,1,1,1,1
1222,0574_c0005_010.jpg,574,4,-1,True,150,8550,0.7608402118700849,0.3246753246753247,1,462,1,1,1,1
1223,0574_c0005_015.jpg,574,4,-1,True,150,8550,0.7459207685876768,0.31982942430703626,1,469,1,1,1,1
1224,0574_c0005_020.jpg,574,4,-1,True,150,8550,0.7679099749617294,0.3184713375796178,1,471,1,1,1,1
1225,0574_c0006_000.jpg,574,5,-1,True,150,8550,0.9950948344027111,0.7177033492822966,1,209,1,1,1,1
1226,0574_c0006_005.jpg,574,5,-1,True,150,8550,0.9820806431401234,0.5859375,1,256,1,1,1,1
1227,0574_c0006_010.jpg,574,5,-1,True,150,8550,0.9948824592389698,0.6880733944954128,1,218,1,1,1,1
1228,0574_c0006_015.jpg,574,5,-1,True,150,8550,0.9991218199854038,0.9146341463414634,1,164,1,1,1,1
1229,0574_c0006_020.jpg,574,5,-1,True,150,8550,0.9995177655033005,0.974025974025974,1,154,1,1,1,1
1230,0574_c0008_000.jpg,574,7,-1,True,150,8550,0.9475683707083948,0.6224066390041494,1,241,1,1,1,1
1231,0574_c0008_005.jpg,574,7,-1,True,150,8550,0.9270088365159449,0.5338078291814946,1,281,1,1,1,1
1232,0574_c0008_010.jpg,574,7,-1,True,150,8550,0.9332531238933242,0.5681818181818182,1,264,1,1,1,1
1233,0574_c0008_015.jpg,574,7,-1,True,150,8550,0.9357014167621128,0.539568345323741,1,278,1,1,1,1
1234,0574_c0008_020.jpg,574,7,-1,True,150,8550,0.9399841623222854,0.5905511811023622,1,254,1,1,1,1
1235,0576_c0001_000.jpg,576,0,-1,True,150,8550,0.6213931171074711,0.24958402662229617,1,601,1,1,1,1
1236,0576_c0001_005.jpg,576,0,-1,True,150,8550,0.5571510025575115,0.18472906403940886,1,812,1,1,1,1
1237,0576_c0001_010.jpg,576,0,-1,True,150,8550,0.3904687088024454,0.18450184501845018,1,813,1,1,1,1
1238,0576_c0001_015.jpg,576,0,-1,True,150,8550,0.360508217935614,0.17261219792865362,1,869,1,1,1,1
1239,0576_c0001_020.jpg,576,0,-1,True,150,8550,0.39897173556223803,0.22189349112426035,1,676,1,1,1,1
1240,0576_c0002_000.jpg,576,1,-1,True,150,8550,0.45722808193957365,0.16008537886872998,1,937,1,1,1,1
1241,0576_c0002_005.jpg,576,1,-1,True,150,8550,0.36834491384027834,0.08090614886731391,1,1854,1,1,1,1
1242,0576_c0002_010.jpg,576,1,-1,True,150,8550,0.3058185570538157,0.058004640371229696,1,2586,1,1,1,1
1243,0576_c0002_015.jpg,576,1,-1,True,150,8550,0.28489326485218724,0.04926108374384237,1,3045,1,1,1,1
1244,0576_c0002_020.jpg,576,1,-1,True,150,8550,0.23481407614077157,0.0357824427480916,1,4192,1,1,1,1
1245,0576_c0003_000.jpg,576,2,-1,True,150,8550,0.7800062252541686,0.11013215859030837,1,1362,1,1,1,1
1246,0576_c0003_005.jpg,576,2,-1,True,150,8550,0.8206405158676623,0.12427506213753108,1,1207,1,1,1,1
1247,0576_c0003_010.jpg,576,2,-1,True,150,8550,0.7872048379793529,0.11045655375552282,1,1358,1,1,1,1
1248,0576_c0003_015.jpg,576,2,-1,True,150,8550,0.8024914038454389,0.10752688172043011,1,1395,1,1,1,1
1249,0576_c0003_020.jpg,576,2,-1,True,150,8550,0.7737876851597302,0.08365867261572783,1,1793,1,1,1,1
1250,0576_c0004_000.jpg,576,3,-1,True,150,8550,0.7476761280333746,0.10948905109489052,1,1370,1,1,1,1
1251,0576_c0004_005.jpg,576,3,-1,True,150,8550,0.7413644533559957,0.1359927470534905,1,1103,1,1,1,1
1252,0576_c0004_010.jpg,576,3,-1,True,150,8550,0.7863819645168072,0.15723270440251572,1,954,1,1,1,1
1253,0576_c0004_015.jpg,576,3,-1,True,150,8550,0.769446370165418,0.1524390243902439,1,984,1,1,1,1
1254,0576_c0004_020.jpg,576,3,-1,True,150,8550,0.7352990378349983,0.12315270935960591,1,1218,1,1,1,1
1255,0576_c0005_000.jpg,576,4,-1,True,150,8550,0.8986476008754922,0.26929982046678635,1,557,1,1,1,1
1256,0576_c0005_005.jpg,576,4,-1,True,150,8550,0.9111887026349098,0.3177966101694915,1,472,1,1,1,1
1257,0576_c0005_010.jpg,576,4,-1,True,150,8550,0.877641007295083,0.19505851755526657,1,769,1,1,1,1
1258,0576_c0005_015.jpg,576,4,-1,True,150,8550,0.8753260636363973,0.18472906403940886,1,812,1,1,1,1
1259,0576_c0005_020.jpg,576,4,-1,True,150,8550,0.859906259978676,0.13404825737265416,1,1119,1,1,1,1
1260,0576_c0006_000.jpg,576,5,-1,True,150,8550,0.9997435897435897,0.9615384615384616,1,156,1,1,1,1
1261,0576_c0006_005.jpg,576,5,-1,True,150,8550,0.9889366555614574,0.6,1,250,1,1,1,1
1262,0576_c0006_010.jpg,576,5,-1,True,150,8550,1.0,1.0,1,150,1,1,1,1
1263,0576_c0006_015.jpg,576,5,-1,True,150,8550,0.9906205899655747,0.6072874493927125,1,247,1,1,1,1
1264,0576_c0006_020.jpg,576,5,-1,True,150,8550,0.9927634401425981,0.6302521008403361,1,238,1,1,1,1
1265,0576_c0007_000.jpg,576,6,-1,True,150,8550,0.8884529204962138,0.32608695652173914,1,460,1,1,1,1
1266,0576_c0007_005.jpg,576,6,-1,True,150,8550,0.8965523913431727,0.4143646408839779,1,362,1,1,1,1
1267,0576_c0007_010.jpg,576,6,-1,True,150,8550,0.8762475859390524,0.45045045045045046,1,333,1,1,1,1
1268,0576_c0007_015.jpg,576,6,-1,True,150,8550,0.8442765397927324,0.3112033195020747,1,482,1,1,1,1
1269,0576_c0007_020.jpg,576,6,-1,True,150,8550,0.8515223581877807,0.3112033195020747,1,482,1,1,1,1
1270,0578_c0001_000.jpg,578,0,-1,True,175,8550,0.46876087981326336,0.390625,1,448,1,1,1,1
1271,0578_c0001_005.jpg,578,0,-1,True,175,8550,0.42802878431550856,0.40045766590389015,1,437,1,1,1,1
1272,0578_c0001_010.jpg,578,0,-1,True,175,8550,0.4256246648013626,0.39592760180995473,1,442,1,1,1,1
1273,0578_c0001_015.jpg,578,0,-1,True,175,8550,0.42374255746080364,0.39325842696629215,1,445,1,1,1,1
1274,0578_c0001_020.jpg,578,0,-1,True,175,8550,0.4199342490583147,0.39503386004514673,1,443,1,1,1,1
1275,0578_c0002_000.jpg,578,1,-1,True,175,8550,0.10674372749566077,0.10869565217391304,240,1610,0,0,0,0
1276,0578_c0002_005.jpg,578,1,-1,True,175,8550,0.11468158437303469,0.1135626216742375,262,1541,0,0,0,0
1277,0578_c0002_010.jpg,578,1,-1,True,175,8550,0.13596197953155273,0.12953367875647667,73,1351,0,0,0,0
1278,0578_c0002_015.jpg,578,1,-1,True,175,8550,0.12359443080754913,0.12801755669348938,176,1367,0,0,0,0
1279,0578_c0002_020.jpg,578,1,-1,True,175,8550,0.12654957090516888,0.12482168330955777,185,1402,0,0,0,0
1280,0578_c0003_000.jpg,578,2,-1,True,175,8550,0.606434723158455,0.28548123980424145,1,613,1,1,1,1
1281,0578_c0003_005.jpg,578,2,-1,True,175,8550,0.6312879398106215,0.2565982404692082,1,682,1,1,1,1
1282,0578_c0003_010.jpg,578,2,-1,True,175,8550,0.6232039450059561,0.27216174183514774,1,643,1,1,1,1
1283,0578_c0003_015.jpg,578,2,-1,True,175,8550,0.639126467845929,0.24822695035460993,1,705,1,1,1,1
1284,0578_c0003_020.jpg,578,2,-1,True,175,8550,0.6164175694760466,0.2696456086286595,1,649,1,1,1,1
1285,0578_c0004_000.jpg,578,3,-1,True,175,8550,0.548027142688939,0.10862818125387957,1,1611,1,1,1,1
1286,0578_c0004_005.jpg,578,3,-1,True,175,8550,0.5710129007456477,0.1108998732572877,1,1578,1,1,1,1
1287,0578_c0004_010.jpg,578,3,-1,True,175,8550,0.5253723510712275,0.10876320696084525,1,1609,1,1,1,1
1288,0578_c0004_015.jpg,578,3,-1,True,175,8550,0.5351680419131025,0.11513157894736842,1,1520,1,1,1,1
1289,0578_c0004_020.jpg,578,3,-1,True,175,8550,0.5622371934623646,0.11937244201909959,1,1466,1,1,1,1
1290,0578_c0005_000.jpg,578,4,-1,True,175,8550,0.311051925939099,0.15652951699463327,1,1118,1,1,1,1
1291,0578_c0005_005.jpg,578,4,-1,True,175,8550,0.2705615626644899,0.14705882352941177,1,1190,1,1,1,1
1292,0578_c0005_010.jpg,578,4,-1,True,175,8550,0.24720965733364397,0.14193025141930252,2,1233,0,1,1,1
1293,0578_c0005_015.jpg,578,4,-1,True,175,8550,0.24488623291952374,0.14204545454545456,18,1232,0,0,0,1
1294,0578_c0005_020.jpg,578,4,-1,True,175,8550,0.23280210806885554,0.14486754966887416,25,1208,0,0,0,0
1295,0578_c0006_000.jpg,578,5,-1,True,175,8550,0.4531347084477075,0.28044871794871795,26,624,0,0,0,0
1296,0578_c0006_005.jpg,578,5,-1,True,175,8550,0.49241778792895746,0.32649253731343286,2,536,0,1,1,1
1297,0578_c0006_010.jpg,578,5,-1,True,175,8550,0.4398660362634227,0.3027681660899654,19,578,0,0,0,1
1298,0578_c0006_015.jpg,578,5,-1,True,175,8550,0.4501799314871773,0.3193430656934307,12,548,0,0,0,1
1299,0578_c0006_020.jpg,578,5,-1,True,175,8550,0.46183629655924163,0.3108348134991119,11,563,0,0,0,1
1300,0578_c0007_000.jpg,578,6,-1,True,175,8550,0.4416584941309218,0.2777777777777778,1,630,1,1,1,1
1301,0578_c0007_005.jpg,578,6,-1,True,175,8550,0.4338251121053233,0.2608047690014903,1,671,1,1,1,1
1302,0578_c0007_010.jpg,578,6,-1,True,175,8550,0.4337930501981314,0.26717557251908397,1,655,1,1,1,1
1303,0578_c0007_015.jpg,578,6,-1,True,175,8550,0.4430525028984339,0.27258566978193144,1,642,1,1,1,1
1304,0578_c0007_020.jpg,578,6,-1,True,175,8550,0.4468560262883047,0.2517985611510791,1,695,1,1,1,1
1305,0578_c0008_000.jpg,578,7,-1,True,175,8550,0.4319728582724307,0.3747323340471092,1,467,1,1,1,1
1306,0578_c0008_005.jpg,578,7,-1,True,175,8550,0.43485668268349836,0.3763440860215054,1,465,1,1,1,1
1307,0578_c0008_010.jpg,578,7,-1,True,175,8550,0.43034739066874833,0.3771551724137931,1,464,1,1,1,1
1308,0578_c0008_015.jpg,578,7,-1,True,175,8550,0.42974851411414633,0.3723404255319149,1,470,1,1,1,1
1309,0578_c0008_020.jpg,578,7,-1,True,175,8550,0.43384714084747367,0.37553648068669526,1,466,1,1,1,1
1310,0580_c0001_000.jpg,580,0,-1,True,175,8550,0.5074956451317205,0.18459915611814345,1,948,1,1,1,1
1311,0580_c0001_005.jpg,580,0,-1,True,175,8550,0.5204583174039755,0.18059855521155832,1,969,1,1,1,1
1312,0580_c0001_010.jpg,580,0,-1,True,175,8550,0.44618520925120014,0.1800411522633745,1,972,1,1,1,1
1313,0580_c0001_015.jpg,580,0,-1,True,175,8550,0.4574784881430095,0.1912568306010929,1,915,1,1,1,1
1314,0580_c0001_020.jpg,580,0,-1,True,175,8550,0.5402191994690295,0.2006880733944954,1,872,1,1,1,1
1315,0580_c0002_000.jpg,580,1,-1,True,175,8550,0.2925236838430201,0.15364354697102722,2,1139,0,1,1,1
1316,0580_c0002_005.jpg,580,1,-1,True,175,8550,0.3004246943760902,0.16540642722117202,42,1058,0,0,0,0
1317,0580_c0002_010.jpg,580,1,-1,True,175,8550,0.27883727915931256,0.17006802721088435,13,1029,0,0,0,1
1318,0580_c0002_015.jpg,580,1,-1,True,175,8550,0.3455203201208347,0.17292490118577075,6,1012,0,0,1,1
1319,0580_c0002_020.jpg,580,1,-1,True,175,8550,0.4617592548559196,0.19863791146424517,1,881,1,1,1,1
1320,0580_c0003_000.jpg,580,2,-1,True,175,8550,0.5965866575857948,0.3176043557168784,1,551,1,1,1,1
1321,0580_c0003_005.jpg,580,2,-1,True,175,8550,0.721740528306353,0.36382536382536385,1,481,1,1,1,1
1322,0580_c0003_010.jpg,580,2,-1,True,175,8550,0.43689160684542167,0.2946127946127946,1,594,1,1,1,1
1323,0580_c0003_015.jpg,580,2,-1,True,175,8550,0.476194325614288,0.3258845437616387,1,537,1,1,1,1
1324,0580_c0003_020.jpg,580,2,-1,True,175,8550,0.6783000748802186,0.3458498023715415,1,506,1,1,1,1
1325,0580_c0004_000.jpg,580,3,-1,True,175,8550,0.6476818206068745,0.30755711775043937,1,569,1,1,1,1
1326,0580_c0004_005.jpg,580,3,-1,True,175,8550,0.6640643658729809,0.30329289428076256,1,577,1,1,1,1
1327,0580_c0004_010.jpg,580,3,-1,True,175,8550,0.6949598088938913,0.31362007168458783,1,558,1,1,1,1
1328,0580_c0004_015.jpg,580,3,-1,True,175,8550,0.6856105408376962,0.3006872852233677,1,582,1,1,1,1
1329,0580_c0004_020.jpg,580,3,-1,True,175,8550,0.7046951291651319,0.2976190476190476,1,588,1,1,1,1
1330,0580_c0005_000.jpg,580,4,-1,True,175,8550,0.4724002066067567,0.17893660531697342,1,978,1,1,1,1
1331,0580_c0005_005.jpg,580,4,-1,True,175,8550,0.4583241469512846,0.1771255060728745,1,988,1,1,1,1
1332,0580_c0005_010.jpg,580,4,-1,True,175,8550,0.4292104085198065,0.18382352941176472,1,952,1,1,1,1
1333,0580_c0005_015.jpg,580,4,-1,True,175,8550,0.4753652788634484,0.18440463645943098,1,949,1,1,1,1
1334,0580_c0005_020.jpg,580,4,-1,True,175,8550,0.4263094719284694,0.16940948693126814,1,1033,1,1,1,1
1335,0580_c0006_000.jpg,580,5,-1,True,175,8550,0.6822303918216978,0.30864197530864196,1,567,1,1,1,1
1336,0580_c0006_005.jpg,580,5,-1,True,175,8550,0.65782070042862,0.3147482014388489,1,556,1,1,1,1
1337,0580_c0006_010.jpg,580,5,-1,True,175,8550,0.6578440860674316,0.315884476534296,1,554,1,1,1,1
1338,0580_c0006_015.jpg,580,5,-1,True,175,8550,0.6981786458412403,0.2892561983471074,1,605,1,1,1,1
1339,0580_c0006_020.jpg,580,5,-1,True,175,8550,0.6730777873894914,0.2916666666666667,1,600,1,1,1,1
1340,0580_c0007_000.jpg,580,6,-1,True,175,8550,0.6848683866530959,0.26435045317220546,1,662,1,1,1,1
1341,0580_c0007_005.jpg,580,6,-1,True,175,8550,0.6802719002969511,0.2503576537911302,1,699,1,1,1,1
1342,0580_c0007_010.jpg,580,6,-1,True,175,8550,0.674142607021318,0.2627627627627628,1,666,1,1,1,1
1343,0580_c0007_015.jpg,580,6,-1,True,175,8550,0.7014071595914875,0.2562225475841874,1,683,1,1,1,1
1344,0580_c0007_020.jpg,580,6,-1,True,175,8550,0.7063110370138588,0.2623688155922039,1,667,1,1,1,1
1345,0580_c0008_000.jpg,580,7,-1,True,175,8550,0.7101148066046558,0.22697795071335927,1,771,1,1,1,1
1346,0580_c0008_005.jpg,580,7,-1,True,175,8550,0.7150658770458818,0.22727272727272727,1,770,1,1,1,1
1347,0580_c0008_010.jpg,580,7,-1,True,175,8550,0.734486989023047,0.22435897435897437,1,780,1,1,1,1
1348,0580_c0008_015.jpg,580,7,-1,True,175,8550,0.7349535162222732,0.23616734143049933,1,741,1,1,1,1
1349,0580_c0008_020.jpg,580,7,-1,True,175,8550,0.7197371767633404,0.23178807947019867,1,755,1,1,1,1
1350,0582_c0001_000.jpg,582,0,-1,True,175,8550,0.7857822446881053,0.0831353919239905,1,2105,1,1,1,1
1351,0582_c0001_005.jpg,582,0,-1,True,175,8550,0.7815105924101795,0.1421608448415922,1,1231,1,1,1,1
1352,0582_c0001_010.jpg,582,0,-1,True,175,8550,0.8054227219427311,0.10051694428489374,1,1741,1,1,1,1
1353,0582_c0001_015.jpg,582,0,-1,True,175,8550,0.785543155481633,0.15938069216757741,1,1098,1,1,1,1
1354,0582_c0001_020.jpg,582,0,-1,True,175,8550,0.8120922213889076,0.114603798297315,1,1527,1,1,1,1
1355,0582_c0002_000.jpg,582,1,-1,True,175,8550,0.42972071600201106,0.03953908721192951,1,4426,1,1,1,1
1356,0582_c0002_005.jpg,582,1,-1,True,175,8550,0.40032536678678304,0.03485361481776539,1,5021,1,1,1,1
1357,0582_c0002_010.jpg,582,1,-1,True,175,8550,0.4515490663906075,0.04074505238649592,1,4295,1,1,1,1
1358,0582_c0002_015.jpg,582,1,-1,True,175,8550,0.4518299891146165,0.043316831683168314,1,4040,1,1,1,1
1359,0582_c0002_020.jpg,582,1,-1,True,175,8550,0.44165112359870445,0.04072608796835001,1,4297,1,1,1,1
1360,0582_c0003_000.jpg,582,2,-1,True,175,8550,0.10609363375343146,0.048355899419729204,51,3619,0,0,0,0
1361,0582_c0003_005.jpg,582,2,-1,True,175,8550,0.10136162768825234,0.05005720823798627,51,3496,0,0,0,0
1362,0582_c0003_010.jpg,582,2,-1,True,175,8550,0.11654014432261275,0.05499685732243872,30,3182,0,0,0,0
1363,0582_c0003_015.jpg,582,2,-1,True,175,8550,0.13384463105999225,0.05733944954128441,21,3052,0,0,0,0
1364,0582_c0003_020.jpg,582,2,-1,True,175,8550,0.12137527173660011,0.056966145833333336,26,3072,0,0,0,0
1365,0582_c0004_000.jpg,582,3,-1,True,175,8550,0.4689407813048034,0.19818799546998866,1,883,1,1,1,1
1366,0582_c0004_005.jpg,582,3,-1,True,175,8550,0.42614323652430114,0.16055045871559634,1,1090,1,1,1,1
1367,0582_c0004_010.jpg,582,3,-1,True,175,8550,0.5788478716786137,0.2390710382513661,1,732,1,1,1,1
1368,0582_c0004_015.jpg,582,3,-1,True,175,8550,0.5070573095139859,0.20207852193995382,1,866,1,1,1,1
1369,0582_c0004_020.jpg,582,3,-1,True,175,8550,0.6191184526805449,0.24647887323943662,1,710,1,1,1,1
1370,0582_c0005_000.jpg,582,4,-1,True,175,8550,0.69102061325308,0.29914529914529914,1,585,1,1,1,1
1371,0582_c0005_005.jpg,582,4,-1,True,175,8550,0.6937870806687815,0.2536231884057971,1,690,1,1,1,1
1372,0582_c0005_010.jpg,582,4,-1,True,175,8550,0.6805581882805484,0.2393980848153215,1,731,1,1,1,1
1373,0582_c0005_015.jpg,582,4,-1,True,175,8550,0.6930373619584782,0.24373259052924792,1,718,1,1,1,1
1374,0582_c0005_020.jpg,582,4,-1,True,175,8550,0.703274214986592,0.181723779854621,1,963,1,1,1,1
1375,0582_c0006_000.jpg,582,5,-1,True,175,8550,0.48491403191030397,0.1300148588410104,1,1346,1,1,1,1
1376,0582_c0006_005.jpg,582,5,-1,True,175,8550,0.7369428526755353,0.20114942528735633,1,870,1,1,1,1
1377,0582_c0006_010.jpg,582,5,-1,True,175,8550,0.5795008541571963,0.099601593625498,1,1757,1,1,1,1
1378,0582_c0006_015.jpg,582,5,-1,True,175,8550,0.7530455576898196,0.1609935602575897,1,1087,1,1,1,1
1379,0582_c0006_020.jpg,582,5,-1,True,175,8550,0.6761573763475031,0.11969904240766074,1,1462,1,1,1,1
1380,0582_c0007_000.jpg,582,6,-1,True,175,8550,0.6629455721410032,0.1773049645390071,1,987,1,1,1,1
1381,0582_c0007_005.jpg,582,6,-1,True,175,8550,0.7067894971789658,0.20301624129930396,1,862,1,1,1,1
1382,0582_c0007_010.jpg,582,6,-1,True,175,8550,0.7281908754035223,0.23777173913043478,1,736,1,1,1,1
1383,0582_c0007_015.jpg,582,6,-1,True,175,8550,0.7114939760831848,0.22580645161290322,1,775,1,1,1,1
1384,0582_c0007_020.jpg,582,6,-1,True,175,8550,0.6605397211773939,0.19796380090497737,1,884,1,1,1,1
1385,0582_c0008_000.jpg,582,7,-1,True,175,8550,0.7676868842239373,0.24475524475524477,1,715,1,1,1,1
1386,0582_c0008_005.jpg,582,7,-1,True,175,8550,0.7371122220191231,0.21033653846153846,1,832,1,1,1,1
1387,0582_c0008_010.jpg,582,7,-1,True,175,8550,0.7643621538108301,0.24005486968449932,1,729,1,1,1,1
1388,0582_c0008_015.jpg,582,7,-1,True,175,8550,0.7123231679273846,0.22012578616352202,1,795,1,1,1,1
1389,0582_c0008_020.jpg,582,7,-1,True,175,8550,0.746702369652372,0.22040302267002518,1,794,1,1,1,1
1390,0584_c0001_000.jpg,584,0,-1,True,175,8550,0.6966497632528839,0.44191919191919193,19,396,0,0,0,1
1391,0584_c0001_005.jpg,584,0,-1,True,175,8550,0.7114642576286776,0.42997542997543,11,407,0,0,0,1
1392,0584_c0001_010.jpg,584,0,-1,True,175,8550,0.6898313913430294,0.423728813559322,20,413,0,0,0,1
1393,0584_c0001_015.jpg,584,0,-1,True,175,8550,0.6844686646527579,0.3593429158110883,11,487,0,0,0,1
1394,0584_c0001_020.jpg,584,0,-1,True,175,8550,0.7005962295174504,0.5852842809364549,20,299,0,0,0,1
1395,0584_c0002_000.jpg,584,1,-1,True,175,8550,0.898730717269171,0.2562225475841874,1,683,1,1,1,1
1396,0584_c0002_005.jpg,584,1,-1,True,175,8550,0.8930347344609963,0.23148148148148148,1,756,1,1,1,1
1397,0584_c0002_010.jpg,584,1,-1,True,175,8550,0.88915795095348,0.21109770808202655,1,829,1,1,1,1
1398,0584_c0002_015.jpg,584,1,-1,True,175,8550,0.8914595862731717,0.21551724137931033,1,812,1,1,1,1
1399,0584_c0002_020.jpg,584,1,-1,True,175,8550,0.8881699589459553,0.19401330376940132,1,902,1,1,1,1
1400,0584_c0003_000.jpg,584,2,-1,True,175,8550,0.8492852692431019,0.18305439330543932,1,956,1,1,1,1
1401,0584_c0003_005.jpg,584,2,-1,True,175,8550,0.859555662703586,0.2327127659574468,1,752,1,1,1,1
1402,0584_c0003_010.jpg,584,2,-1,True,175,8550,0.8616123952617242,0.23209549071618038,1,754,1,1,1,1
1403,0584_c0003_015.jpg,584,2,-1,True,175,8550,0.8850309271229299,0.2521613832853026,1,694,1,1,1,1
1404,0584_c0003_020.jpg,584,2,-1,True,175,8550,0.8756622220180073,0.23712737127371275,1,738,1,1,1,1
1405,0584_c0004_000.jpg,584,3,-1,True,175,8550,0.9064149740485785,0.8177570093457944,1,214,1,1,1,1
1406,0584_c0004_005.jpg,584,3,-1,True,175,8550,0.826016369057903,0.7709251101321586,1,227,1,1,1,1
1407,0584_c0004_010.jpg,584,3,-1,True,175,8550,0.9406041874524735,0.7142857142857143,1,245,1,1,1,1
1408,0584_c0004_015.jpg,584,3,-1,True,175,8550,0.933082214195209,0.8706467661691543,1,201,1,1,1,1
1409,0584_c0004_020.jpg,584,3,-1,True,175,8550,0.8927318969709277,0.8536585365853658,1,205,1,1,1,1
1410,0584_c0005_000.jpg,584,4,-1,True,175,8550,0.8835619711385493,0.24578651685393257,1,712,1,1,1,1
1411,0584_c0005_005.jpg,584,4,-1,True,175,8550,0.8862156069064373,0.23972602739726026,1,730,1,1,1,1
1412,0584_c0005_010.jpg,584,4,-1,True,175,8550,0.8829176930736016,0.23026315789473684,1,760,1,1,1,1
1413,0584_c0005_015.jpg,584,4,-1,True,175,8550,0.8872803141974343,0.2368064952638701,1,739,1,1,1,1
1414,0584_c0005_020.jpg,584,4,-1,True,175,8550,0.8864448380192806,0.2393980848153215,1,731,1,1,1,1
1415,0584_c0006_000.jpg,584,5,-1,True,175,8550,0.87830101473106,0.27602523659305994,1,634,1,1,1,1
1416,0584_c0006_005.jpg,584,5,-1,True,175,8550,0.8427753646371453,0.21929824561403508,1,798,1,1,1,1
1417,0584_c0006_010.jpg,584,5,-1,True,175,8550,0.8543978151099704,0.20958083832335328,1,835,1,1,1,1
1418,0584_c0006_015.jpg,584,5,-1,True,175,8550,0.8726350314985324,0.21739130434782608,1,805,1,1,1,1
1419,0584_c0006_020.jpg,584,5,-1,True,175,8550,0.8727340203549525,0.20958083832335328,1,835,1,1,1,1
1420,0584_c0007_000.jpg,584,6,-1,True,175,8550,0.7657303679138355,0.28044871794871795,1,624,1,1,1,1
1421,0584_c0007_005.jpg,584,6,-1,True,175,8550,0.7958181295345872,0.3234750462107209,1,541,1,1,1,1
1422,0584_c0007_010.jpg,584,6,-1,True,175,8550,0.8303997754520082,0.47297297297297297,1,370,1,1,1,1
1423,0584_c0007_015.jpg,584,6,-1,True,175,8550,0.8109291271206377,0.4861111111111111,1,360,1,1,1,1
1424,0584_c0007_020.jpg,584,6,-1,True,175,8550,0.8599624300192165,0.5223880597014925,1,335,1,1,1,1
1425,0584_c0008_000.jpg,584,7,-1,True,175,8550,0.41693751852113864,0.21739130434782608,1,805,1,1,1,1
1426,0584_c0008_005.jpg,584,7,-1,True,175,8550,0.3947688784791314,0.20759193357058126,1,843,1,1,1,1
1427,0584_c0008_010.jpg,584,7,-1,True,175,8550,0.3855222773236803,0.205158264947245,1,853,1,1,1,1
1428,0584_c0008_015.jpg,584,7,-1,True,175,8550,0.35469473338521673,0.18115942028985507,1,966,1,1,1,1
1429,0584_c0008_020.jpg,584,7,-1,True,175,8550,0.37746581153107706,0.18401682439537329,1,951,1,1,1,1
1430,0586_c0001_000.jpg,586,0,-1,True,175,8550,0.8537292626388852,0.42475728155339804,1,412,1,1,1,1
1431,0586_c0001_005.jpg,586,0,-1,True,175,8550,0.8580130998122031,0.45219638242894056,1,387,1,1,1,1
1432,0586_c0001_010.jpg,586,0,-1,True,175,8550,0.8935964699033009,0.5833333333333334,1,300,1,1,1,1
1433,0586_c0001_015.jpg,586,0,-1,True,175,8550,0.833298740815549,0.4268292682926829,1,410,1,1,1,1
1434,0586_c0001_020.jpg,586,0,-1,True,175,8550,0.8233907518162092,0.4257907542579075,1,411,1,1,1,1
1435,0586_c0002_000.jpg,586,1,-1,True,175,8550,0.9535189571969681,0.8373205741626795,1,209,1,1,1,1
1436,0586_c0002_005.jpg,586,1,-1,True,175,8550,0.8929473028881107,0.6340579710144928,1,276,1,1,1,1
1437,0586_c0002_010.jpg,586,1,-1,True,175,8550,0.8634527055620064,0.6140350877192983,1,285,1,1,1,1
1438,0586_c0002_015.jpg,586,1,-1,True,175,8550,0.9142592785378825,0.7383966244725738,1,237,1,1,1,1
1439,0586_c0002_020.jpg,586,1,-1,True,175,8550,0.8892213734002027,0.6862745098039216,1,255,1,1,1,1
1440,0586_c0003_000.jpg,586,2,-1,True,175,8550,0.8552952622683324,0.45219638242894056,1,387,1,1,1,1
1441,0586_c0003_005.jpg,586,2,-1,True,175,8550,0.8557705584439694,0.46296296296296297,1,378,1,1,1,1
1442,0586_c0003_010.jpg,586,2,-1,True,175,8550,0.8595337178676878,0.4781420765027322,1,366,1,1,1,1
1443,0586_c0003_015.jpg,586,2,-1,True,175,8550,0.8696264494682188,0.5177514792899408,1,338,1,1,1,1
1444,0586_c0003_020.jpg,586,2,-1,True,175,8550,0.8701632851368004,0.5255255255255256,1,333,1,1,1,1
1445,0586_c0004_000.jpg,586,3,-1,True,175,8550,1.0,1.0,1,175,1,1,1,1
1446,0586_c0004_005.jpg,586,3,-1,True,175,8550,0.9992986895405488,0.9668508287292817,1,181,1,1,1,1
1447,0586_c0004_010.jpg,586,3,-1,True,175,8550,1.0,1.0,1,175,1,1,1,1
1448,0586_c0004_015.jpg,586,3,-1,True,175,8550,1.0,1.0,1,175,1,1,1,1
1449,0586_c0004_020.jpg,586,3,-1,True,175,8550,0.999327870852136,0.9668508287292817,1,181,1,1,1,1
1450,0586_c0005_000.jpg,586,4,-1,True,175,8550,0.9215134866820427,0.660377358490566,1,265,1,1,1,1
1451,0586_c0005_005.jpg,586,4,-1,True,175,8550,0.9205997672038104,0.6386861313868614,1,274,1,1,1,1
1452,0586_c0005_010.jpg,586,4,-1,True,175,8550,0.9231988762523962,0.660377358490566,1,265,1,1,1,1
1453,0586_c0005_015.jpg,586,4,-1,True,175,8550,0.9261647002142266,0.68359375,1,256,1,1,1,1
1454,0586_c0005_020.jpg,586,4,-1,True,175,8550,0.9231185008671923,0.6433823529411765,1,272,1,1,1,1
1455,0586_c0006_000.jpg,586,5,-1,True,175,8550,0.9837116777466726,0.8293838862559242,1,211,1,1,1,1
1456,0586_c0006_005.jpg,586,5,-1,True,175,8550,0.9252877452699924,0.6679389312977099,1,262,1,1,1,1
1457,0586_c0006_010.jpg,586,5,-1,True,175,8550,0.9362661467223945,0.6756756756756757,1,259,1,1,1,1
1458,0586_c0006_015.jpg,586,5,-1,True,175,8550,0.9307856166657424,0.6628787878787878,1,264,1,1,1,1
1459,0586_c0006_020.jpg,586,5,-1,True,175,8550,0.9232336784553195,0.6340579710144928,1,276,1,1,1,1
1460,0586_c0007_000.jpg,586,6,-1,True,175,8550,0.9756564260473205,0.7918552036199095,1,221,1,1,1,1
1461,0586_c0007_005.jpg,586,6,-1,True,175,8550,1.0,1.0,1,175,1,1,1,1
1462,0586_c0007_010.jpg,586,6,-1,True,175,8550,1.0,1.0,1,175,1,1,1,1
1463,0586_c0007_015.jpg,586,6,-1,True,175,8550,1.0,1.0,1,175,1,1,1,1
1464,0586_c0007_020.jpg,586,6,-1,True,175,8550,1.0,1.0,1,175,1,1,1,1
1465,0586_c0008_000.jpg,586,7,-1,True,175,8550,0.9064095938121337,0.5993150684931506,1,292,1,1,1,1
1466,0586_c0008_005.jpg,586,7,-1,True,175,8550,0.9158310162529776,0.6272401433691757,1,279,1,1,1,1
1467,0586_c0008_010.jpg,586,7,-1,True,175,8550,0.9237674956297522,0.6554307116104869,1,267,1,1,1,1
1468,0586_c0008_015.jpg,586,7,-1,True,175,8550,0.8972231077011734,0.5972696245733788,1,293,1,1,1,1
1469,0586_c0008_020.jpg,586,7,-1,True,175,8550,0.9047639508497594,0.6272401433691757,1,279,1,1,1,1
1470,0588_c0001_000.jpg,588,0,-1,True,175,8550,0.46633186146841465,0.20883054892601433,1,838,1,1,1,1
1471,0588_c0001_005.jpg,588,0,-1,True,175,8550,0.4361792871050291,0.20685579196217493,1,846,1,1,1,1
1472,0588_c0001_010.jpg,588,0,-1,True,175,8550,0.47089830764846463,0.2066115702479339,1,847,1,1,1,1
1473,0588_c0001_015.jpg,588,0,-1,True,175,8550,0.38011866361430147,0.2113526570048309,4,828,0,1,1,1
1474,0588_c0001_020.jpg,588,0,-1,True,175,8550,0.43824791973619753,0.19509476031215162,1,897,1,1,1,1
1475,0588_c0002_000.jpg,588,1,-1,True,175,8550,0.8666113169773089,0.39149888143176736,1,447,1,1,1,1
1476,0588_c0002_005.jpg,588,1,-1,True,175,8550,0.625718500163169,0.41273584905660377,1,424,1,1,1,1
1477,0588_c0002_010.jpg,588,1,-1,True,175,8550,0.9082906599697943,0.4098360655737705,1,427,1,1,1,1
1478,0588_c0002_015.jpg,588,1,-1,True,175,8550,0.8367472757233226,0.35496957403651114,1,493,1,1,1,1
1479,0588_c0002_020.jpg,588,1,-1,True,175,8550,0.9201089792205083,0.4098360655737705,1,427,1,1,1,1
1480,0588_c0003_000.jpg,588,2,-1,True,175,8550,0.6587180680717616,0.23744911804613297,1,737,1,1,1,1
1481,0588_c0003_005.jpg,588,2,-1,True,175,8550,0.6852494795058413,0.2407152682255846,1,727,1,1,1,1
1482,0588_c0003_010.jpg,588,2,-1,True,175,8550,0.6604544180570334,0.34516765285996054,1,507,1,1,1,1
1483,0588_c0003_015.jpg,588,2,-1,True,175,8550,0.7124075939835234,0.3458498023715415,1,506,1,1,1,1
1484,0588_c0003_020.jpg,588,2,-1,True,175,8550,0.6779771195107276,0.3804347826086957,1,460,1,1,1,1
1485,0588_c0004_000.jpg,588,3,-1,True,175,8550,0.41334221219488543,0.16730401529636713,1,1046,1,1,1,1
1486,0588_c0004_005.jpg,588,3,-1,True,175,8550,0.4182735402863312,0.17039922103213243,1,1027,1,1,1,1
1487,0588_c0004_010.jpg,588,3,-1,True,175,8550,0.40898779880253416,0.181723779854621,1,963,1,1,1,1
1488,0588_c0004_015.jpg,588,3,-1,True,175,8550,0.3693139397795124,0.15695067264573992,1,1115,1,1,1,1
1489,0588_c0004_020.jpg,588,3,-1,True,175,8550,0.3939080325784632,0.17641129032258066,1,992,1,1,1,1
1490,0588_c0005_000.jpg,588,4,-1,True,175,8550,0.7233228939298795,0.32894736842105265,1,532,1,1,1,1
1491,0588_c0005_005.jpg,588,4,-1,True,175,8550,0.757004274606916,0.343811394891945,1,509,1,1,1,1
1492,0588_c0005_010.jpg,588,4,-1,True,175,8550,0.7544466398252953,0.330188679245283,1,530,1,1,1,1
1493,0588_c0005_015.jpg,588,4,-1,True,175,8550,0.7894761966318204,0.3763440860215054,1,465,1,1,1,1
1494,0588_c0005_020.jpg,588,4,-1,True,175,8550,0.7993893085888918,0.4060324825986079,1,431,1,1,1,1
1495,0588_c0006_000.jpg,588,5,-1,True,175,8550,0.880955958279437,0.6972111553784861,1,251,1,1,1,1
1496,0588_c0006_005.jpg,588,5,-1,True,175,8550,0.9039839532603792,0.78125,1,224,1,1,1,1
1497,0588_c0006_010.jpg,588,5,-1,True,175,8550,0.8856380271431818,0.6628787878787878,1,264,1,1,1,1
1498,0588_c0006_015.jpg,588,5,-1,True,175,8550,0.8919899708909793,0.7510729613733905,1,233,1,1,1,1
1499,0588_c0006_020.jpg,588,5,-1,True,175,8550,0.8612902134441124,0.5663430420711975,1,309,1,1,1,1
1500,0588_c0007_000.jpg,588,6,-1,True,175,8550,0.7873467386066249,0.33849129593810445,1,517,1,1,1,1
1501,0588_c0007_005.jpg,588,6,-1,True,175,8550,0.7637561870752895,0.3630705394190871,1,482,1,1,1,1
1502,0588_c0007_010.jpg,588,6,-1,True,175,8550,0.8288016006477389,0.3556910569105691,1,492,1,1,1,1
1503,0588_c0007_015.jpg,588,6,-1,True,175,8550,0.7708363211222934,0.37393162393162394,1,468,1,1,1,1
1504,0588_c0007_020.jpg,588,6,-1,True,175,8550,0.753375745425609,0.3465346534653465,1,505,1,1,1,1
1505,0588_c0008_000.jpg,588,7,-1,True,175,8550,0.8123560308556121,0.3699788583509514,1,473,1,1,1,1
1506,0588_c0008_005.jpg,588,7,-1,True,175,8550,0.6239947266525452,0.2393980848153215,1,731,1,1,1,1
1507,0588_c0008_010.jpg,588,7,-1,True,175,8550,0.533735203269136,0.18479408658922913,1,947,1,1,1,1
1508,0588_c0008_015.jpg,588,7,-1,True,175,8550,0.5340179057924254,0.20184544405997693,1,867,1,1,1,1
1509,0588_c0008_020.jpg,588,7,-1,True,175,8550,0.6262760585441085,0.22965879265091863,1,762,1,1,1,1
1510,0590_c0001_000.jpg,590,0,-1,True,150,8550,0.879213689781126,0.19633507853403143,1,764,1,1,1,1
1511,0590_c0001_005.jpg,590,0,-1,True,150,8550,0.8715204424369922,0.19736842105263158,1,760,1,1,1,1
1512,0590_c0001_010.jpg,590,0,-1,True,150,8550,0.8771424441760898,0.19157088122605365,1,783,1,1,1,1
1513,0590_c0001_015.jpg,590,0,-1,True,150,8550,0.8928811816803811,0.2086230876216968,1,719,1,1,1,1
1514,0590_c0001_020.jpg,590,0,-1,True,150,8550,0.9175197072781464,0.20804438280166435,1,721,1,1,1,1
1515,0590_c0002_000.jpg,590,1,-1,True,150,8550,0.7674646583789574,0.24916943521594684,1,602,1,1,1,1
1516,0590_c0002_005.jpg,590,1,-1,True,150,8550,0.7323773426488532,0.2152080344332855,1,697,1,1,1,1
1517,0590_c0002_010.jpg,590,1,-1,True,150,8550,0.31615921513576023,0.06404782237403928,1,2342,1,1,1,1
1518,0590_c0002_015.jpg,590,1,-1,True,150,8550,0.39644097536108663,0.07861635220125786,1,1908,1,1,1,1
1519,0590_c0002_020.jpg,590,1,-1,True,150,8550,0.7584731306228759,0.2336448598130841,1,642,1,1,1,1
1520,0590_c0004_000.jpg,590,3,-1,True,150,8550,0.767213897470673,0.1111934766493699,1,1349,1,1,1,1
1521,0590_c0004_005.jpg,590,3,-1,True,150,8550,0.7874364188290472,0.11303692539562923,1,1327,1,1,1,1
1522,0590_c0004_010.jpg,590,3,-1,True,150,8550,0.743465617786685,0.09030704394942805,1,1661,1,1,1,1
1523,0590_c0004_015.jpg,590,3,-1,True,150,8550,0.722363485262181,0.08073196986006459,1,1858,1,1,1,1
1524,0590_c0004_020.jpg,590,3,-1,True,150,8550,0.7433953360296044,0.08422234699606962,1,1781,1,1,1,1
1525,0590_c0005_000.jpg,590,4,-1,True,150,8550,0.9571969827762674,0.2846299810246679,1,527,1,1,1,1
1526,0590_c0005_005.jpg,590,4,-1,True,150,8550,0.9728919042185167,0.4065040650406504,1,369,1,1,1,1
1527,0590_c0005_010.jpg,590,4,-1,True,150,8550,0.964766575353879,0.34965034965034963,1,429,1,1,1,1
1528,0590_c0005_015.jpg,590,4,-1,True,150,8550,0.9735427199364964,0.45045045045045046,1,333,1,1,1,1
1529,0590_c0005_020.jpg,590,4,-1,True,150,8550,0.9799138600303304,0.5813953488372093,1,258,1,1,1,1
1530,0590_c0006_000.jpg,590,5,-1,True,150,8550,0.8970570003370678,0.5905511811023622,1,254,1,1,1,1
1531,0590_c0006_005.jpg,590,5,-1,True,150,8550,0.9015738926237961,0.5703422053231939,1,263,1,1,1,1
1532,0590_c0006_010.jpg,590,5,-1,True,150,8550,0.8756303383336917,0.46153846153846156,1,325,1,1,1,1
1533,0590_c0006_015.jpg,590,5,-1,True,150,8550,0.8455573147714776,0.379746835443038,1,395,1,1,1,1
1534,0590_c0006_020.jpg,590,5,-1,True,150,8550,0.8522156050868765,0.379746835443038,1,395,1,1,1,1
1535,0590_c0007_000.jpg,590,6,-1,True,150,8550,0.8962320487075736,0.2054794520547945,1,730,1,1,1,1
1536,0590_c0007_005.jpg,590,6,-1,True,150,8550,0.916722155260958,0.2347417840375587,1,639,1,1,1,1
1537,0590_c0007_010.jpg,590,6,-1,True,150,8550,0.9223572334304947,0.2245508982035928,1,668,1,1,1,1
1538,0590_c0007_015.jpg,590,6,-1,True,150,8550,0.9205501018165144,0.2242152466367713,1,669,1,1,1,1
1539,0590_c0007_020.jpg,590,6,-1,True,150,8550,0.9315671992102769,0.26455026455026454,1,567,1,1,1,1
1540,0590_c0008_000.jpg,590,7,-1,True,150,8550,0.9205685941750358,0.22727272727272727,1,660,1,1,1,1
1541,0590_c0008_005.jpg,590,7,-1,True,150,8550,0.9228162306162969,0.22727272727272727,1,660,1,1,1,1
1542,0590_c0008_010.jpg,590,7,-1,True,150,8550,0.8679153349017438,0.17751479289940827,1,845,1,1,1,1
1543,0590_c0008_015.jpg,590,7,-1,True,150,8550,0.8407456185917738,0.16987542468856173,1,883,1,1,1,1
1544,0590_c0008_020.jpg,590,7,-1,True,150,8550,0.9299028559602228,0.23255813953488372,1,645,1,1,1,1
1545,0592_c0001_000.jpg,592,0,-1,True,125,8550,0.8689911859796627,0.36231884057971014,1,345,1,1,1,1
1546,0592_c0001_005.jpg,592,0,-1,True,125,8550,0.7988059522620908,0.32894736842105265,1,380,1,1,1,1
1547,0592_c0001_010.jpg,592,0,-1,True,125,8550,0.8419498580097224,0.3654970760233918,1,342,1,1,1,1
1548,0592_c0001_015.jpg,592,0,-1,True,125,8550,0.8684262675248443,0.40192926045016075,1,311,1,1,1,1
1549,0592_c0001_020.jpg,592,0,-1,True,125,8550,0.8672531692023318,0.39308176100628933,1,318,1,1,1,1
1550,0592_c0002_000.jpg,592,1,-1,True,125,8550,0.6969983178895962,0.43859649122807015,1,285,1,1,1,1
1551,0592_c0002_005.jpg,592,1,-1,True,125,8550,0.7518947150403542,0.44014084507042256,1,284,1,1,1,1
1552,0592_c0002_010.jpg,592,1,-1,True,125,8550,0.8223568612901754,0.4416961130742049,1,283,1,1,1,1
1553,0592_c0002_015.jpg,592,1,-1,True,125,8550,0.7209944396394126,0.3968253968253968,1,315,1,1,1,1
1554,0592_c0002_020.jpg,592,1,-1,True,125,8550,0.6822307198581137,0.40584415584415584,1,308,1,1,1,1
1555,0592_c0003_000.jpg,592,2,-1,True,125,8550,0.5643326951450672,0.23105360443622922,1,541,1,1,1,1
1556,0592_c0003_005.jpg,592,2,-1,True,125,8550,0.5877513324711812,0.22977941176470587,1,544,1,1,1,1
1557,0592_c0003_010.jpg,592,2,-1,True,125,8550,0.6138136615881487,0.24606299212598426,1,508,1,1,1,1
1558,0592_c0003_015.jpg,592,2,-1,True,125,8550,0.5974515945071964,0.2455795677799607,1,509,1,1,1,1
1559,0592_c0003_020.jpg,592,2,-1,True,125,8550,0.5945857965514326,0.250501002004008,1,499,1,1,1,1
1560,0592_c0005_000.jpg,592,4,-1,True,125,8550,0.7526202450560328,0.2853881278538813,1,438,1,1,1,1
1561,0592_c0005_005.jpg,592,4,-1,True,125,8550,0.7587412176683672,0.3026634382566586,1,413,1,1,1,1
1562,0592_c0005_010.jpg,592,4,-1,True,125,8550,0.7609652142236744,0.30413625304136255,1,411,1,1,1,1
1563,0592_c0005_015.jpg,592,4,-1,True,125,8550,0.7732951782927923,0.30120481927710846,1,415,1,1,1,1
1564,0592_c0005_020.jpg,592,4,-1,True,125,8550,0.7409359588864006,0.29069767441860467,1,430,1,1,1,1
1565,0592_c0006_000.jpg,592,5,-1,True,125,8550,0.7322155187833171,0.2556237218813906,1,489,1,1,1,1
1566,0592_c0006_005.jpg,592,5,-1,True,125,8550,0.7226334485365881,0.25826446280991733,1,484,1,1,1,1
1567,0592_c0006_010.jpg,592,5,-1,True,125,8550,0.7624584664086992,0.28153153153153154,1,444,1,1,1,1
1568,0592_c0006_015.jpg,592,5,-1,True,125,8550,0.7982544847434303,0.34916201117318435,1,358,1,1,1,1
1569,0592_c0006_020.jpg,592,5,-1,True,125,8550,0.791810536576585,0.33875338753387535,1,369,1,1,1,1
1570,0592_c0007_000.jpg,592,6,-1,True,125,8550,0.9168805618054079,0.6097560975609756,1,205,1,1,1,1
1571,0592_c0007_005.jpg,592,6,-1,True,125,8550,0.9253409895924507,0.6578947368421053,1,190,1,1,1,1
1572,0592_c0007_010.jpg,592,6,-1,True,125,8550,0.9209704639969973,0.6377551020408163,1,196,1,1,1,1
1573,0592_c0007_015.jpg,592,6,-1,True,125,8550,0.9213921839821602,0.5580357142857143,1,224,1,1,1,1
1574,0592_c0007_020.jpg,592,6,-1,True,125,8550,0.9268152471501687,0.5530973451327433,1,226,1,1,1,1
1575,0594_c0001_000.jpg,594,0,-1,True,150,8550,0.702592945339956,0.44510385756676557,1,337,1,1,1,1
1576,0594_c0001_005.jpg,594,0,-1,True,150,8550,0.7282338565225938,0.46875,1,320,1,1,1,1
1577,0594_c0001_010.jpg,594,0,-1,True,150,8550,0.700595363009904,0.4918032786885246,1,305,1,1,1,1
1578,0594_c0001_015.jpg,594,0,-1,True,150,8550,0.6791752866398738,0.4573170731707317,1,328,1,1,1,1
1579,0594_c0001_020.jpg,594,0,-1,True,150,8550,0.6789537453636576,0.39473684210526316,1,380,1,1,1,1
1580,0594_c0002_000.jpg,594,1,-1,True,150,8550,0.9913051381435294,0.8875739644970414,1,169,1,1,1,1
1581,0594_c0002_005.jpg,594,1,-1,True,150,8550,0.8972303385788162,0.3424657534246575,1,438,1,1,1,1
1582,0594_c0002_010.jpg,594,1,-1,True,150,8550,0.8078169041184223,0.40540540540540543,1,370,1,1,1,1
1583,0594_c0002_015.jpg,594,1,-1,True,150,8550,0.8827396537008262,0.3282275711159737,1,457,1,1,1,1
1584,0594_c0002_020.jpg,594,1,-1,True,150,8550,0.9242915195476894,0.4672897196261682,1,321,1,1,1,1
1585,0594_c0003_000.jpg,594,2,-1,True,150,8550,0.8096378368273188,0.37037037037037035,1,405,1,1,1,1
1586,0594_c0003_005.jpg,594,2,-1,True,150,8550,0.874616697612796,0.3640776699029126,1,412,1,1,1,1
1587,0594_c0003_010.jpg,594,2,-1,True,150,8550,0.8142145854785151,0.36231884057971014,1,414,1,1,1,1
1588,0594_c0003_015.jpg,594,2,-1,True,150,8550,0.8172757235491285,0.4065040650406504,1,369,1,1,1,1
1589,0594_c0003_020.jpg,594,2,-1,True,150,8550,0.8795617402855653,0.4297994269340974,1,349,1,1,1,1
1590,0594_c0005_000.jpg,594,4,-1,True,150,8550,0.8621604519047736,0.45592705167173253,1,329,1,1,1,1
1591,0594_c0005_005.jpg,594,4,-1,True,150,8550,0.8559461457107801,0.43478260869565216,1,345,1,1,1,1
1592,0594_c0005_010.jpg,594,4,-1,True,150,8550,0.7025758491930277,0.32537960954446854,1,461,1,1,1,1
1593,0594_c0005_015.jpg,594,4,-1,True,150,8550,0.7695965398340818,0.436046511627907,1,344,1,1,1,1
1594,0594_c0005_020.jpg,594,4,-1,True,150,8550,0.752802441169945,0.36231884057971014,1,414,1,1,1,1
1595,0594_c0006_000.jpg,594,5,-1,True,150,8550,0.5021005261240297,0.24469820554649266,1,613,1,1,1,1
1596,0594_c0006_005.jpg,594,5,-1,True,150,8550,0.5423512252730767,0.22935779816513763,1,654,1,1,1,1
1597,0594_c0006_010.jpg,594,5,-1,True,150,8550,0.6274767772001311,0.29239766081871343,1,513,1,1,1,1
1598,0594_c0006_015.jpg,594,5,-1,True,150,8550,0.7934109529848571,0.390625,1,384,1,1,1,1
1599,0594_c0006_020.jpg,594,5,-1,True,150,8550,0.6230864372071317,0.3303964757709251,1,454,1,1,1,1
1600,0594_c0007_000.jpg,594,6,-1,True,150,8550,0.8344827010573872,0.4155124653739612,1,361,1,1,1,1
1601,0594_c0007_005.jpg,594,6,-1,True,150,8550,0.7680145675415455,0.3614457831325301,1,415,1,1,1,1
1602,0594_c0007_010.jpg,594,6,-1,True,150,8550,0.7723113972526175,0.2824858757062147,1,531,1,1,1,1
1603,0594_c0007_015.jpg,594,6,-1,True,150,8550,0.7567367924577723,0.2737226277372263,1,548,1,1,1,1
1604,0594_c0007_020.jpg,594,6,-1,True,150,8550,0.7183736651555978,0.26881720430107525,1,558,1,1,1,1
1605,0594_c0008_000.jpg,594,7,-1,True,150,8550,0.37966649288463494,0.33112582781456956,12,453,0,0,0,1
1606,0594_c0008_005.jpg,594,7,-1,True,150,8550,0.18493507937622225,0.22522522522522523,126,666,0,0,0,0
1607,0594_c0008_010.jpg,594,7,-1,True,150,8550,0.3598093549618878,0.33707865168539325,50,445,0,0,0,0
1608,0594_c0008_015.jpg,594,7,-1,True,150,8550,0.3753132406655185,0.35377358490566035,5,424,0,1,1,1
1609,0594_c0008_020.jpg,594,7,-1,True,150,8550,0.3512469118514328,0.3937007874015748,41,381,0,0,0,0
1610,0596_c0001_000.jpg,596,0,-1,True,175,8550,0.8728586684943032,0.11118170266836086,1,1574,1,1,1,1
1611,0596_c0001_005.jpg,596,0,-1,True,175,8550,0.8931724284617646,0.10491606714628297,1,1668,1,1,1,1
1612,0596_c0001_010.jpg,596,0,-1,True,175,8550,0.8832382014626002,0.11408083441981746,1,1534,1,1,1,1
1613,0596_c0001_015.jpg,596,0,-1,True,175,8550,0.8649503565479085,0.11651131824234354,1,1502,1,1,1,1
1614,0596_c0001_020.jpg,596,0,-1,True,175,8550,0.8979922222216807,0.13650546021840873,1,1282,1,1,1,1
1615,0596_c0002_000.jpg,596,1,-1,True,175,8550,0.1357816918829763,0.15034364261168384,453,1164,0,0,0,0
1616,0596_c0002_005.jpg,596,1,-1,True,175,8550,0.6905254590195268,0.13555383423702555,1,1291,1,1,1,1
1617,0596_c0002_010.jpg,596,1,-1,True,175,8550,0.6834461332065291,0.12991833704528583,1,1347,1,1,1,1
1618,0596_c0002_015.jpg,596,1,-1,True,175,8550,0.3287355563425925,0.13757861635220126,2,1272,0,1,1,1
1619,0596_c0002_020.jpg,596,1,-1,True,175,8550,0.16998691505642627,0.13379204892966362,123,1308,0,0,0,0
1620,0596_c0003_000.jpg,596,2,-1,True,175,8550,0.6936859611508911,0.1590909090909091,1,1100,1,1,1,1
1621,0596_c0003_005.jpg,596,2,-1,True,175,8550,0.6782851806553817,0.15283842794759825,1,1145,1,1,1,1
1622,0596_c0003_010.jpg,596,2,-1,True,175,8550,0.661930866127402,0.13955342902711323,1,1254,1,1,1,1
1623,0596_c0003_015.jpg,596,2,-1,True,175,8550,0.6576042947296261,0.14805414551607446,1,1182,1,1,1,1
1624,0596_c0003_020.jpg,596,2,-1,True,175,8550,0.6661030049597942,0.1513840830449827,1,1156,1,1,1,1
1625,0596_c0004_000.jpg,596,3,-1,True,175,8550,0.7435847790235031,0.1224632610216935,1,1429,1,1,1,1
1626,0596_c0004_005.jpg,596,3,-1,True,175,8550,0.7518199258478216,0.11729222520107238,1,1492,1,1,1,1
1627,0596_c0004_010.jpg,596,3,-1,True,175,8550,0.7351005559910921,0.12526843235504653,1,1397,1,1,1,1
1628,0596_c0004_015.jpg,596,3,-1,True,175,8550,0.7471689886062056,0.13597513597513597,1,1287,1,1,1,1
1629,0596_c0004_020.jpg,596,3,-1,True,175,8550,0.7298919631465347,0.12953367875647667,1,1351,1,1,1,1
1630,0596_c0005_000.jpg,596,4,-1,True,175,8550,0.5682044212989816,0.04475703324808184,1,3910,1,1,1,1
1631,0596_c0005_005.jpg,596,4,-1,True,175,8550,0.7456961760421872,0.047696920141727994,1,3669,1,1,1,1
1632,0596_c0005_010.jpg,596,4,-1,True,175,8550,0.6098191434718748,0.04375,1,4000,1,1,1,1
1633,0596_c0005_015.jpg,596,4,-1,True,175,8550,0.5610551654454107,0.046186328846661386,1,3789,1,1,1,1
1634,0596_c0005_020.jpg,596,4,-1,True,175,8550,0.6073342178630314,0.046406788650225406,1,3771,1,1,1,1
1635,0596_c0006_000.jpg,596,5,-1,True,175,8550,0.8273713212088282,0.1263537906137184,1,1385,1,1,1,1
1636,0596_c0006_005.jpg,596,5,-1,True,175,8550,0.7997598669608182,0.1287711552612215,1,1359,1,1,1,1
1637,0596_c0006_010.jpg,596,5,-1,True,175,8550,0.8471508682587252,0.14101531023368252,1,1241,1,1,1,1
1638,0596_c0006_015.jpg,596,5,-1,True,175,8550,0.9223482726637121,0.16233766233766234,1,1078,1,1,1,1
1639,0596_c0006_020.jpg,596,5,-1,True,175,8550,0.9050229965439764,0.16762452107279693,1,1044,1,1,1,1
1640,0596_c0007_000.jpg,596,6,-1,True,175,8550,0.9235607016809625,0.17292490118577075,1,1012,1,1,1,1
1641,0596_c0007_005.jpg,596,6,-1,True,175,8550,0.8089411515759077,0.15652951699463327,1,1118,1,1,1,1
1642,0596_c0007_010.jpg,596,6,-1,True,175,8550,0.7994879973870818,0.17967145790554415,1,974,1,1,1,1
1643,0596_c0007_015.jpg,596,6,-1,True,175,8550,0.7374874878831079,0.1787538304392237,1,979,1,1,1,1
1644,0596_c0007_020.jpg,596,6,-1,True,175,8550,0.823612655951831,0.19886363636363635,1,880,1,1,1,1
1645,0596_c0008_000.jpg,596,7,-1,True,175,8550,0.8767768584063973,0.1551418439716312,1,1128,1,1,1,1
1646,0596_c0008_005.jpg,596,7,-1,True,175,8550,0.8784156849612764,0.17395626242544732,1,1006,1,1,1,1
1647,0596_c0008_010.jpg,596,7,-1,True,175,8550,0.8916930795191278,0.2,1,875,1,1,1,1
1648,0596_c0008_015.jpg,596,7,-1,True,175,8550,0.8950731009423281,0.1906318082788671,1,918,1,1,1,1
1649,0596_c0008_020.jpg,596,7,-1,True,175,8550,0.850014645798341,0.1652502360717658,1,1059,1,1,1,1
1650,0598_c0001_000.jpg,598,0,-1,True,100,8550,0.7510948356336283,0.3401360544217687,1,294,1,1,1,1
1651,0598_c0001_005.jpg,598,0,-1,True,100,8550,0.9613652648382022,0.6451612903225806,1,155,1,1,1,1
1652,0598_c0001_010.jpg,598,0,-1,True,100,8550,0.9836338714435782,0.7692307692307693,1,130,1,1,1,1
1653,0598_c0001_015.jpg,598,0,-1,True,100,8550,0.9915695980445833,0.8547008547008547,1,117,1,1,1,1
1654,0598_c0001_020.jpg,598,0,-1,True,100,8550,0.9117252264860148,0.625,1,160,1,1,1,1
1655,0598_c0002_000.jpg,598,1,-1,True,100,8550,1.0,1.0,1,100,1,1,1,1
1656,0598_c0002_005.jpg,598,1,-1,True,100,8550,1.0,1.0,1,100,1,1,1,1
1657,0598_c0002_010.jpg,598,1,-1,True,100,8550,1.0,1.0,1,100,1,1,1,1
1658,0598_c0002_015.jpg,598,1,-1,True,100,8550,0.9999009900990099,0.9900990099009901,1,101,1,1,1,1
1659,0598_c0002_020.jpg,598,1,-1,True,100,8550,1.0,1.0,1,100,1,1,1,1
1660,0598_c0003_000.jpg,598,2,-1,True,100,8550,0.9565817807722862,0.6622516556291391,1,151,1,1,1,1
1661,0598_c0003_005.jpg,598,2,-1,True,100,8550,0.9409055670645062,0.5235602094240838,1,191,1,1,1,1
1662,0598_c0003_010.jpg,598,2,-1,True,100,8550,0.9524538840724521,0.5681818181818182,1,176,1,1,1,1
1663,0598_c0003_015.jpg,598,2,-1,True,100,8550,0.9523876763461024,0.7407407407407407,1,135,1,1,1,1
1664,0598_c0003_020.jpg,598,2,-1,True,100,8550,0.968987015346167,0.7692307692307693,1,130,1,1,1,1
1665,0598_c0007_000.jpg,598,6,-1,True,100,8550,0.7902773424764513,0.390625,1,256,1,1,1,1
1666,0598_c0007_005.jpg,598,6,-1,True,100,8550,0.8242480281108543,0.4,1,250,1,1,1,1
1667,0598_c0007_010.jpg,598,6,-1,True,100,8550,0.8138230139722054,0.40160642570281124,1,249,1,1,1,1
1668,0598_c0007_015.jpg,598,6,-1,True,100,8550,0.8163706544531945,0.3875968992248062,1,258,1,1,1,1
1669,0598_c0007_020.jpg,598,6,-1,True,100,8550,0.8111855412096545,0.390625,1,256,1,1,1,1
1670,0598_c0008_000.jpg,598,7,-1,True,100,8550,0.6800120463270405,0.27472527472527475,1,364,1,1,1,1
1671,0598_c0008_005.jpg,598,7,-1,True,100,8550,0.7199168641892048,0.31746031746031744,1,315,1,1,1,1
1672,0598_c0008_010.jpg,598,7,-1,True,100,8550,0.768909468088479,0.45662100456621,1,219,1,1,1,1
1673,0598_c0008_015.jpg,598,7,-1,True,100,8550,0.7612039037863758,0.4329004329004329,1,231,1,1,1,1
1674,0598_c0008_020.jpg,598,7,-1,True,100,8550,0.874431309279028,0.6211180124223602,1,161,1,1,1,1
1675,0600_c0001_000.jpg,600,0,-1,True,175,8550,0.8786678437103221,0.14367816091954022,1,1218,1,1,1,1
1676,0600_c0001_005.jpg,600,0,-1,True,175,8550,0.8810087038934302,0.1717369970559372,1,1019,1,1,1,1
1677,0600_c0001_010.jpg,600,0,-1,True,175,8550,0.7084864527384895,0.10361160449970397,1,1689,1,1,1,1
1678,0600_c0001_015.jpg,600,0,-1,True,175,8550,0.8452918229123342,0.12195121951219512,1,1435,1,1,1,1
1679,0600_c0001_020.jpg,600,0,-1,True,175,8550,0.9117885326720145,0.13089005235602094,1,1337,1,1,1,1
1680,0600_c0002_000.jpg,600,1,-1,True,175,8550,0.894576878596751,0.10355029585798817,1,1690,1,1,1,1
1681,0600_c0002_005.jpg,600,1,-1,True,175,8550,0.8764238108346485,0.060034305317324184,1,2915,1,1,1,1
1682,0600_c0002_010.jpg,600,1,-1,True,175,8550,0.8741470944859427,0.05099067599067599,1,3432,1,1,1,1
1683,0600_c0002_015.jpg,600,1,-1,True,175,8550,0.8817483462160746,0.0728862973760933,1,2401,1,1,1,1
1684,0600_c0002_020.jpg,600,1,-1,True,175,8550,0.8755886730913476,0.06267908309455587,1,2792,1,1,1,1
1685,0600_c0003_000.jpg,600,2,-1,True,175,8550,0.9955445235537618,0.7322175732217573,1,239,1,1,1,1
1686,0600_c0003_005.jpg,600,2,-1,True,175,8550,0.9956182583793457,0.7743362831858407,1,226,1,1,1,1
1687,0600_c0003_010.jpg,600,2,-1,True,175,8550,0.9978038724928626,0.7641921397379913,1,229,1,1,1,1
1688,0600_c0003_015.jpg,600,2,-1,True,175,8550,0.9969437454433209,0.6730769230769231,1,260,1,1,1,1
1689,0600_c0003_020.jpg,600,2,-1,True,175,8550,0.9962099908699621,0.6944444444444444,1,252,1,1,1,1
1690,0600_c0004_000.jpg,600,3,-1,True,175,8550,0.9655435992246729,0.4107981220657277,1,426,1,1,1,1
1691,0600_c0004_005.jpg,600,3,-1,True,175,8550,0.97195298529966,0.35714285714285715,1,490,1,1,1,1
1692,0600_c0004_010.jpg,600,3,-1,True,175,8550,0.9058741606149959,0.18324607329842932,1,955,1,1,1,1
1693,0600_c0004_015.jpg,600,3,-1,True,175,8550,0.8614595859450423,0.1282051282051282,1,1365,1,1,1,1
1694,0600_c0004_020.jpg,600,3,-1,True,175,8550,0.2785363181555335,0.04124440254536884,1,4243,1,1,1,1
1695,0600_c0005_000.jpg,600,4,-1,True,175,8550,0.8308977422549322,0.13555383423702555,1,1291,1,1,1,1
1696,0600_c0005_005.jpg,600,4,-1,True,175,8550,0.9470977853342778,0.20588235294117646,1,850,1,1,1,1
1697,0600_c0005_010.jpg,600,4,-1,True,175,8550,0.9415926295886006,0.212636695018226,1,823,1,1,1,1
1698,0600_c0005_015.jpg,600,4,-1,True,175,8550,0.9299100958351441,0.20734597156398105,1,844,1,1,1,1
1699,0600_c0005_020.jpg,600,4,-1,True,175,8550,0.9458501736986181,0.19751693002257337,1,886,1,1,1,1
1700,0600_c0006_000.jpg,600,5,-1,True,175,8550,0.9870454143894679,0.44871794871794873,1,390,1,1,1,1
1701,0600_c0006_005.jpg,600,5,-1,True,175,8550,0.9857859795143431,0.6730769230769231,1,260,1,1,1,1
1702,0600_c0006_010.jpg,600,5,-1,True,175,8550,0.9582115421847129,0.48476454293628807,1,361,1,1,1,1
1703,0600_c0006_015.jpg,600,5,-1,True,175,8550,0.9619345715828919,0.3564154786150713,1,491,1,1,1,1
1704,0600_c0006_020.jpg,600,5,-1,True,175,8550,0.9664402955052326,0.24339360222531292,1,719,1,1,1,1
1705,0600_c0007_000.jpg,600,6,-1,True,175,8550,0.9839616498981689,0.603448275862069,1,290,1,1,1,1
1706,0600_c0007_005.jpg,600,6,-1,True,175,8550,0.9815295916322391,0.5813953488372093,1,301,1,1,1,1
1707,0600_c0007_010.jpg,600,6,-1,True,175,8550,0.9690818064658323,0.5162241887905604,1,339,1,1,1,1
1708,0600_c0007_015.jpg,600,6,-1,True,175,8550,0.986417860910747,0.5645161290322581,1,310,1,1,1,1
1709,0600_c0007_020.jpg,600,6,-1,True,175,8550,0.9815789002366226,0.5,1,350,1,1,1,1
1710,0600_c0008_000.jpg,600,7,-1,True,175,8550,0.9428191103284796,0.3514056224899598,1,498,1,1,1,1
1711,0600_c0008_005.jpg,600,7,-1,True,175,8550,0.8581433214467217,0.2713178294573643,1,645,1,1,1,1
1712,0600_c0008_010.jpg,600,7,-1,True,175,8550,0.8468336210484549,0.22935779816513763,1,763,1,1,1,1
1713,0600_c0008_015.jpg,600,7,-1,True,175,8550,0.9076903016105127,0.33849129593810445,1,517,1,1,1,1
1714,0600_c0008_020.jpg,600,7,-1,True,175,8550,0.8734221410458476,0.20348837209302326,1,860,1,1,1,1
