query_index,name,identity,camera,scene,valid,relevant_gallery,kept_gallery,AP,INP,first_match,last_match,Rank-1,Rank-5,Rank-10,Rank-20
0,0502_c0001_000.jpg,502,0,-1,True,175,8550,0.2517239178140788,0.14534883720930233,94,1204,0,0,0,0
1,0502_c0001_005.jpg,502,0,-1,True,175,8550,0.2565028099440178,0.15625,97,1120,0,0,0,0
2,0502_c0001_010.jpg,502,0,-1,True,175,8550,0.23476161137401658,0.13618677042801555,94,1285,0,0,0,0
3,0502_c0001_015.jpg,502,0,-1,True,175,8550,0.2682051676894007,0.14498757249378624,88,1207,0,0,0,0
4,0502_c0001_020.jpg,502,0,-1,True,175,8550,0.24832728973878423,0.14112903225806453,86,1240,0,0,0,0
5,0502_c0002_000.jpg,502,1,-1,True,175,8550,0.28444008017499317,0.16084558823529413,56,1088,0,0,0,0
6,0502_c0002_005.jpg,502,1,-1,True,175,8550,0.33433188707078915,0.21793275217932753,58,803,0,0,0,0
7,0502_c0002_010.jpg,502,1,-1,True,175,8550,0.3181203717338303,0.1865671641791045,58,938,0,0,0,0
8,0502_c0002_015.jpg,502,1,-1,True,175,8550,0.32374695838258805,0.18776824034334763,57,932,0,0,0,0
9,0502_c0002_020.jpg,502,1,-1,True,175,8550,0.39758591110435904,0.26435045317220546,57,662,0,0,0,0
10,0502_c0003_000.jpg,502,2,-1,True,175,8550,0.12549562533748596,0.09706045479755962,112,1803,0,0,0,0
11,0502_c0003_005.jpg,502,2,-1,True,175,8550,0.14288533493973957,0.10516826923076923,123,1664,0,0,0,0
12,0502_c0003_010.jpg,502,2,-1,True,175,8550,0.11269945427576189,0.10069044879171461,149,1738,0,0,0,0
13,0502_c0003_015.jpg,502,2,-1,True,175,8550,0.13097788570292562,0.10098095787651472,112,1733,0,0,0,0
14,0502_c0003_020.jpg,502,2,-1,True,175,8550,0.12069442704801502,0.0939345142243693,140,1863,0,0,0,0
15,0502_c0004_000.jpg,502,3,-1,True,175,8550,0.13609819273326357,0.10862818125387957,150,1611,0,0,0,0
16,0502_c0004_005.jpg,502,3,-1,True,175,8550,0.19676945350300148,0.1260806916426513,120,1388,0,0,0,0
17,0502_c0004_010.jpg,502,3,-1,True,175,8550,0.22673600813392195,0.12263489838822705,65,1427,0,0,0,0
18,0502_c0004_015.jpg,502,3,-1,True,175,8550,0.21907157680010889,0.11254019292604502,55,1555,0,0,0,0
19,0502_c0004_020.jpg,502,3,-1,True,175,8550,0.19548640290508149,0.11800404585300067,71,1483,0,0,0,0
20,0502_c0005_000.jpg,502,4,-1,True,175,8550,0.38125102398712624,0.230566534914361,51,759,0,0,0,0
21,0502_c0005_005.jpg,502,4,-1,True,175,8550,0.37559229723951115,0.22905759162303665,51,764,0,0,0,0
22,0502_c0005_010.jpg,502,4,-1,True,175,8550,0.3507519300142002,0.20396270396270397,51,858,0,0,0,0
23,0502_c0005_015.jpg,502,4,-1,True,175,8550,0.3733410678543281,0.20908004778972522,51,837,0,0,0,0
24,0502_c0005_020.jpg,502,4,-1,True,175,8550,0.3876984562441204,0.22208121827411167,51,788,0,0,0,0
25,0502_c0006_000.jpg,502,5,-1,True,175,8550,0.0699722558018106,0.07911392405063292,169,2212,0,0,0,0
26,0502_c0006_005.jpg,502,5,-1,True,175,8550,0.14159435035312756,0.09765625,44,1792,0,0,0,0
27,0502_c0006_010.jpg,502,5,-1,True,175,8550,0.15272829082119613,0.10523150932050511,51,1663,0,0,0,0
28,0502_c0006_015.jpg,502,5,-1,True,175,8550,0.1363801316768264,0.10051694428489374,67,1741,0,0,0,0
29,0502_c0006_020.jpg,502,5,-1,True,175,8550,0.1163727142852025,0.09988584474885845,121,1752,0,0,0,0
30,0502_c0007_000.jpg,502,6,-1,True,175,8550,0.2740530447155889,0.12102351313969571,64,1446,0,0,0,0
31,0502_c0007_005.jpg,502,6,-1,True,175,8550,0.32005274642536025,0.17258382642998027,45,1014,0,0,0,0
32,0502_c0007_010.jpg,502,6,-1,True,175,8550,0.32743716752875557,0.15459363957597172,51,1132,0,0,0,0
33,0502_c0007_015.jpg,502,6,-1,True,175,8550,0.3103241216185565,0.13812154696132597,51,1267,0,0,0,0
34,0502_c0007_020.jpg,502,6,-1,True,175,8550,0.3052153665994429,0.13899920571882446,53,1259,0,0,0,0
35,0502_c0008_000.jpg,502,7,-1,True,175,8550,0.3499221066653679,0.1398880895283773,51,1251,0,0,0,0
36,0502_c0008_005.jpg,502,7,-1,True,175,8550,0.3604746298275166,0.15257192676547515,51,1147,0,0,0,0
37,0502_c0008_010.jpg,502,7,-1,True,175,8550,0.37500964851260987,0.14893617021276595,51,1175,0,0,0,0
38,0502_c0008_015.jpg,502,7,-1,True,175,8550,0.3662745237409245,0.15257192676547515,51,1147,0,0,0,0
39,0502_c0008_020.jpg,502,7,-1,True,175,8550,0.33601649575129,0.1312828207051763,51,1333,0,0,0,0
40,0504_c0001_000.jpg,504,0,-1,True,150,8550,0.8261126220689089,0.5357142857142857,1,280,1,1,1,1
41,0504_c0001_005.jpg,504,0,-1,True,150,8550,0.7914244208526307,0.4437869822485207,1,338,1,1,1,1
42,0504_c0001_010.jpg,504,0,-1,True,150,8550,0.7967313721430028,0.47468354430379744,1,316,1,1,1,1
43,0504_c0001_015.jpg,504,0,-1,True,150,8550,0.7778072565216547,0.43478260869565216,1,345,1,1,1,1
44,0504_c0001_020.jpg,504,0,-1,True,150,8550,0.7983951434034159,0.4702194357366771,1,319,1,1,1,1
45,0504_c0002_000.jpg,504,1,-1,True,150,8550,0.9058058962779313,0.7075471698113207,1,212,1,1,1,1
46,0504_c0002_005.jpg,504,1,-1,True,150,8550,0.8961605687996257,0.7075471698113207,1,212,1,1,1,1
47,0504_c0002_010.jpg,504,1,-1,True,150,8550,0.9151530815992438,0.7177033492822966,1,209,1,1,1,1
48,0504_c0002_015.jpg,504,1,-1,True,150,8550,0.9301287664478315,0.7425742574257426,1,202,1,1,1,1
49,0504_c0002_020.jpg,504,1,-1,True,150,8550,0.9456463005405171,0.78125,1,192,1,1,1,1
50,0504_c0003_000.jpg,504,2,-1,True,150,8550,0.8767631818936298,0.6,1,250,1,1,1,1
51,0504_c0003_005.jpg,504,2,-1,True,150,8550,0.8592532604383711,0.6198347107438017,1,242,1,1,1,1
52,0504_c0003_010.jpg,504,2,-1,True,150,8550,0.8944832169529029,0.6224066390041494,1,241,1,1,1,1
53,0504_c0003_015.jpg,504,2,-1,True,150,8550,0.9104975333248945,0.6302521008403361,1,238,1,1,1,1
54,0504_c0003_020.jpg,504,2,-1,True,150,8550,0.9308706458355429,0.6912442396313364,1,217,1,1,1,1
55,0504_c0005_000.jpg,504,4,-1,True,150,8550,0.8567008379702501,0.6382978723404256,1,235,1,1,1,1
56,0504_c0005_005.jpg,504,4,-1,True,150,8550,0.8706772272896097,0.7317073170731707,1,205,1,1,1,1
57,0504_c0005_010.jpg,504,4,-1,True,150,8550,0.8776050963948857,0.75,1,200,1,1,1,1
58,0504_c0005_015.jpg,504,4,-1,True,150,8550,0.8859154486092728,0.75,1,200,1,1,1,1
59,0504_c0005_020.jpg,504,4,-1,True,150,8550,0.8755710841708471,0.7075471698113207,1,212,1,1,1,1
60,0504_c0006_000.jpg,504,5,-1,True,150,8550,1.0,1.0,1,150,1,1,1,1
61,0504_c0006_005.jpg,504,5,-1,True,150,8550,1.0,1.0,1,150,1,1,1,1
62,0504_c0006_010.jpg,504,5,-1,True,150,8550,1.0,1.0,1,150,1,1,1,1
63,0504_c0006_015.jpg,504,5,-1,True,150,8550,1.0,1.0,1,150,1,1,1,1
64,0504_c0006_020.jpg,504,5,-1,True,150,8550,1.0,1.0,1,150,1,1,1,1
65,0504_c0007_000.jpg,504,6,-1,True,150,8550,0.9997792377516974,0.9868421052631579,1,152,1,1,1,1
66,0504_c0007_005.jpg,504,6,-1,True,150,8550,0.9995584166905265,0.9803921568627451,1,153,1,1,1,1
67,0504_c0007_010.jpg,504,6,-1,True,150,8550,0.9996920919361122,0.9803921568627451,1,153,1,1,1,1
68,0504_c0007_015.jpg,504,6,-1,True,150,8550,0.9993878074474676,0.967741935483871,1,155,1,1,1,1
69,0504_c0007_020.jpg,504,6,-1,True,150,8550,0.9999558498896247,0.9933774834437086,1,151,1,1,1,1
70,0504_c0008_000.jpg,504,7,-1,True,150,8550,0.9974244727154951,0.9375,1,160,1,1,1,1
71,0504_c0008_005.jpg,504,7,-1,True,150,8550,0.9979297298514946,0.9375,1,160,1,1,1,1
72,0504_c0008_010.jpg,504,7,-1,True,150,8550,0.9911648930907233,0.8771929824561403,1,171,1,1,1,1
73,0504_c0008_015.jpg,504,7,-1,True,150,8550,0.9838551684262472,0.7936507936507936,1,189,1,1,1,1
74,0504_c0008_020.jpg,504,7,-1,True,150,8550,0.9839307801009965,0.7978723404255319,1,188,1,1,1,1
75,0506_c0001_000.jpg,506,0,-1,True,175,8550,0.6486611751789217,0.2468265162200282,1,709,1,1,1,1
76,0506_c0001_005.jpg,506,0,-1,True,175,8550,0.6812524652231293,0.3556910569105691,1,492,1,1,1,1
77,0506_c0001_010.jpg,506,0,-1,True,175,8550,0.6503553431008287,0.3176043557168784,1,551,1,1,1,1
78,0506_c0001_015.jpg,506,0,-1,True,175,8550,0.6229535571339988,0.22040302267002518,1,794,1,1,1,1
79,0506_c0001_020.jpg,506,0,-1,True,175,8550,0.6495369876997349,0.27258566978193144,1,642,1,1,1,1
80,0506_c0002_000.jpg,506,1,-1,True,175,8550,0.6565169455866768,0.2916666666666667,1,600,1,1,1,1
81,0506_c0002_005.jpg,506,1,-1,True,175,8550,0.6578465622083985,0.30918727915194344,1,566,1,1,1,1
82,0506_c0002_010.jpg,506,1,-1,True,175,8550,0.6986778398315082,0.30755711775043937,1,569,1,1,1,1
83,0506_c0002_015.jpg,506,1,-1,True,175,8550,0.6401023947981561,0.3113879003558719,1,562,1,1,1,1
84,0506_c0002_020.jpg,506,1,-1,True,175,8550,0.6751551586835401,0.3102836879432624,1,564,1,1,1,1
85,0506_c0003_000.jpg,506,2,-1,True,175,8550,0.9310079593117302,0.5,1,350,1,1,1,1
86,0506_c0003_005.jpg,506,2,-1,True,175,8550,0.9404790518242807,0.5401234567901234,1,324,1,1,1,1
87,0506_c0003_010.jpg,506,2,-1,True,175,8550,0.9318547088640782,0.4654255319148936,1,376,1,1,1,1
88,0506_c0003_015.jpg,506,2,-1,True,175,8550,0.9394038577584074,0.4943502824858757,1,354,1,1,1,1
89,0506_c0003_020.jpg,506,2,-1,True,175,8550,0.9236986797736303,0.4069767441860465,1,430,1,1,1,1
90,0506_c0004_000.jpg,506,3,-1,True,175,8550,0.879932333184133,0.30329289428076256,1,577,1,1,1,1
91,0506_c0004_005.jpg,506,3,-1,True,175,8550,0.9343061263009025,0.4742547425474255,1,369,1,1,1,1
92,0506_c0004_010.jpg,506,3,-1,True,175,8550,0.9114883235258001,0.3211009174311927,1,545,1,1,1,1
93,0506_c0004_015.jpg,506,3,-1,True,175,8550,0.9061319954513058,0.3333333333333333,1,525,1,1,1,1
94,0506_c0004_020.jpg,506,3,-1,True,175,8550,0.8898514181255746,0.24822695035460993,1,705,1,1,1,1
95,0506_c0005_000.jpg,506,4,-1,True,175,8550,0.496948520539784,0.16843118383060635,1,1039,1,1,1,1
96,0506_c0005_005.jpg,506,4,-1,True,175,8550,0.502162792302437,0.17224409448818898,1,1016,1,1,1,1
97,0506_c0005_010.jpg,506,4,-1,True,175,8550,0.4671995886737062,0.1652502360717658,1,1059,1,1,1,1
98,0506_c0005_015.jpg,506,4,-1,True,175,8550,0.5080450443202011,0.17395626242544732,1,1006,1,1,1,1
99,0506_c0005_020.jpg,506,4,-1,True,175,8550,0.46912462019600054,0.17006802721088435,1,1029,1,1,1,1
100,0506_c0006_000.jpg,506,5,-1,True,175,8550,0.8897077666410178,0.20734597156398105,1,844,1,1,1,1
101,0506_c0006_005.jpg,506,5,-1,True,175,8550,0.8951518783460652,0.22786458333333334,1,768,1,1,1,1
102,0506_c0006_010.jpg,506,5,-1,True,175,8550,0.8934883780641696,0.2249357326478149,1,778,1,1,1,1
103,0506_c0006_015.jpg,506,5,-1,True,175,8550,0.864450534376245,0.2615844544095665,1,669,1,1,1,1
104,0506_c0006_020.jpg,506,5,-1,True,175,8550,0.8801215642903786,0.2147239263803681,1,815,1,1,1,1
105,0506_c0007_000.jpg,506,6,-1,True,175,8550,0.9389026866603982,0.5087209302325582,1,344,1,1,1,1
106,0506_c0007_005.jpg,506,6,-1,True,175,8550,0.931511903583723,0.46419098143236076,1,377,1,1,1,1
107,0506_c0007_010.jpg,506,6,-1,True,175,8550,0.9226124010402412,0.4013761467889908,1,436,1,1,1,1
108,0506_c0007_015.jpg,506,6,-1,True,175,8550,0.9210467664859675,0.4156769596199525,1,421,1,1,1,1
109,0506_c0007_020.jpg,506,6,-1,True,175,8550,0.9223215929966113,0.4088785046728972,1,428,1,1,1,1
110,0506_c0008_000.jpg,506,7,-1,True,175,8550,0.649960639222207,0.15283842794759825,1,1145,1,1,1,1
111,0506_c0008_005.jpg,506,7,-1,True,175,8550,0.6734105541508337,0.1566696508504924,1,1117,1,1,1,1
112,0506_c0008_010.jpg,506,7,-1,True,175,8550,0.7438235574080742,0.15822784810126583,1,1106,1,1,1,1
113,0506_c0008_015.jpg,506,7,-1,True,175,8550,0.7430172895463801,0.1615881809787627,1,1083,1,1,1,1
114,0506_c0008_020.jpg,506,7,-1,True,175,8550,0.7500888851017072,0.16084558823529413,1,1088,1,1,1,1
115,0508_c0001_000.jpg,508,0,-1,True,175,8550,0.6306166200825083,0.42997542997543,1,407,1,1,1,1
116,0508_c0001_005.jpg,508,0,-1,True,175,8550,0.6472212947023873,0.45219638242894056,1,387,1,1,1,1
117,0508_c0001_010.jpg,508,0,-1,True,175,8550,0.6065987811896008,0.4146919431279621,1,422,1,1,1,1
118,0508_c0001_015.jpg,508,0,-1,True,175,8550,0.6155360679304535,0.41371158392434987,1,423,1,1,1,1
119,0508_c0001_020.jpg,508,0,-1,True,175,8550,0.5972112402718314,0.4206730769230769,1,416,1,1,1,1
120,0508_c0002_000.jpg,508,1,-1,True,175,8550,0.5868982085487042,0.3763440860215054,26,465,0,0,0,0
121,0508_c0002_005.jpg,508,1,-1,True,175,8550,0.5916800939281256,0.3723404255319149,26,470,0,0,0,0
122,0508_c0002_010.jpg,508,1,-1,True,175,8550,0.5718981581456535,0.3684210526315789,26,475,0,0,0,0
123,0508_c0002_015.jpg,508,1,-1,True,175,8550,0.6260903409186636,0.3707627118644068,26,472,0,0,0,0
124,0508_c0002_020.jpg,508,1,-1,True,175,8550,0.6197790058782963,0.360082304526749,26,486,0,0,0,0
125,0508_c0003_000.jpg,508,2,-1,True,175,8550,0.5124333982290565,0.4861111111111111,2,360,0,1,1,1
126,0508_c0003_005.jpg,508,2,-1,True,175,8550,0.5468695338088498,0.4943502824858757,2,354,0,1,1,1
127,0508_c0003_010.jpg,508,2,-1,True,175,8550,0.5265913113903413,0.4971590909090909,3,352,0,1,1,1
128,0508_c0003_015.jpg,508,2,-1,True,175,8550,0.4486037127208491,0.4888268156424581,29,358,0,0,0,0
129,0508_c0003_020.jpg,508,2,-1,True,175,8550,0.4906305031569085,0.4820936639118457,12,363,0,0,0,1
130,0508_c0004_000.jpg,508,3,-1,True,175,8550,0.26352979064453147,0.22040302267002518,34,794,0,0,0,0
131,0508_c0004_005.jpg,508,3,-1,True,175,8550,0.3081211963923781,0.2986348122866894,27,586,0,0,0,0
132,0508_c0004_010.jpg,508,3,-1,True,175,8550,0.29092124977380523,0.2751572327044025,28,636,0,0,0,0
133,0508_c0004_015.jpg,508,3,-1,True,175,8550,0.28697350438508,0.2878289473684211,29,608,0,0,0,0
134,0508_c0004_020.jpg,508,3,-1,True,175,8550,0.2552293910685803,0.2692307692307692,47,650,0,0,0,0
135,0508_c0005_000.jpg,508,4,-1,True,175,8550,0.637699116147012,0.48476454293628807,20,361,0,0,0,1
136,0508_c0005_005.jpg,508,4,-1,True,175,8550,0.6279054177626809,0.47297297297297297,19,370,0,0,0,1
137,0508_c0005_010.jpg,508,4,-1,True,175,8550,0.6065612621177122,0.4742547425474255,22,369,0,0,0,0
138,0508_c0005_015.jpg,508,4,-1,True,175,8550,0.6319753895591479,0.4820936639118457,11,363,0,0,0,1
139,0508_c0005_020.jpg,508,4,-1,True,175,8550,0.618640502928138,0.4794520547945205,15,365,0,0,0,1
140,0508_c0006_000.jpg,508,5,-1,True,175,8550,0.7931952035757588,0.4146919431279621,1,422,1,1,1,1
141,0508_c0006_005.jpg,508,5,-1,True,175,8550,0.7985751240854333,0.4475703324808184,1,391,1,1,1,1
142,0508_c0006_010.jpg,508,5,-1,True,175,8550,0.805076062735232,0.44871794871794873,1,390,1,1,1,1
143,0508_c0006_015.jpg,508,5,-1,True,175,8550,0.8082998922121519,0.48342541436464087,1,362,1,1,1,1
144,0508_c0006_020.jpg,508,5,-1,True,175,8550,0.8191174662429629,0.44871794871794873,1,390,1,1,1,1
145,0508_c0007_000.jpg,508,6,-1,True,175,8550,0.4793348980423452,0.2827140549273021,26,619,0,0,0,0
146,0508_c0007_005.jpg,508,6,-1,True,175,8550,0.4880913924788793,0.2996575342465753,26,584,0,0,0,0
147,0508_c0007_010.jpg,508,6,-1,True,175,8550,0.4934409219704316,0.31645569620253167,24,553,0,0,0,0
148,0508_c0007_015.jpg,508,6,-1,True,175,8550,0.4878151627400437,0.2883031301482702,26,607,0,0,0,0
149,0508_c0007_020.jpg,508,6,-1,True,175,8550,0.4873478255163408,0.29264214046822745,26,598,0,0,0,0
150,0508_c0008_000.jpg,508,7,-1,True,175,8550,0.5263724168006962,0.4666666666666667,5,375,0,1,1,1
151,0508_c0008_005.jpg,508,7,-1,True,175,8550,0.5239279485483812,0.47297297297297297,8,370,0,0,1,1
152,0508_c0008_010.jpg,508,7,-1,True,175,8550,0.4902231049684827,0.4742547425474255,19,369,0,0,0,1
153,0508_c0008_015.jpg,508,7,-1,True,175,8550,0.5088603009354838,0.44080604534005036,26,397,0,0,0,0
154,0508_c0008_020.jpg,508,7,-1,True,175,8550,0.5114062555894943,0.46419098143236076,21,377,0,0,0,0
155,0510_c0001_000.jpg,510,0,-1,True,175,8550,0.7217145879894671,0.2,1,875,1,1,1,1
156,0510_c0001_005.jpg,510,0,-1,True,175,8550,0.7339753325389032,0.1912568306010929,1,915,1,1,1,1
157,0510_c0001_010.jpg,510,0,-1,True,175,8550,0.7153547160379378,0.19083969465648856,1,917,1,1,1,1
158,0510_c0001_015.jpg,510,0,-1,True,175,8550,0.6930504152889534,0.17766497461928935,1,985,1,1,1,1
159,0510_c0001_020.jpg,510,0,-1,True,175,8550,0.7190541997637263,0.23648648648648649,1,740,1,1,1,1
160,0510_c0002_000.jpg,510,1,-1,True,175,8550,0.8028049391025114,0.12203626220362622,1,1434,1,1,1,1
161,0510_c0002_005.jpg,510,1,-1,True,175,8550,0.7701239064408267,0.1388888888888889,1,1260,1,1,1,1
162,0510_c0002_010.jpg,510,1,-1,True,175,8550,0.7836172738979552,0.13523956723338484,1,1294,1,1,1,1
163,0510_c0002_015.jpg,510,1,-1,True,175,8550,0.7212628433759684,0.09988584474885845,1,1752,1,1,1,1
164,0510_c0002_020.jpg,510,1,-1,True,175,8550,0.6680888751896585,0.09053285049146405,1,1933,1,1,1,1
165,0510_c0003_000.jpg,510,2,-1,True,175,8550,0.8952962756901373,0.14297385620915032,1,1224,1,1,1,1
166,0510_c0003_005.jpg,510,2,-1,True,175,8550,0.8815748278461176,0.11341542449773169,1,1543,1,1,1,1
167,0510_c0003_010.jpg,510,2,-1,True,175,8550,0.8839199890221705,0.12203626220362622,1,1434,1,1,1,1
168,0510_c0003_015.jpg,510,2,-1,True,175,8550,0.8887243058385327,0.14135702746365106,1,1238,1,1,1,1
169,0510_c0003_020.jpg,510,2,-1,True,175,8550,0.8778360517379222,0.11385816525699415,1,1537,1,1,1,1
170,0510_c0004_000.jpg,510,3,-1,True,175,8550,0.8173934787450501,0.20636792452830188,1,848,1,1,1,1
171,0510_c0004_005.jpg,510,3,-1,True,175,8550,0.7760753017428715,0.19188596491228072,1,912,1,1,1,1
172,0510_c0004_010.jpg,510,3,-1,True,175,8550,0.8155421158053491,0.2327127659574468,1,752,1,1,1,1
173,0510_c0004_015.jpg,510,3,-1,True,175,8550,0.7571479577802958,0.19954389965792474,1,877,1,1,1,1
174,0510_c0004_020.jpg,510,3,-1,True,175,8550,0.7562746400442953,0.21875,1,800,1,1,1,1
175,0510_c0005_000.jpg,510,4,-1,True,175,8550,0.5807506317622757,0.2139364303178484,1,818,1,1,1,1
176,0510_c0005_005.jpg,510,4,-1,True,175,8550,0.5883715797629357,0.22321428571428573,1,784,1,1,1,1
177,0510_c0005_010.jpg,510,4,-1,True,175,8550,0.496116110027327,0.18153526970954356,1,964,1,1,1,1
178,0510_c0005_015.jpg,510,4,-1,True,175,8550,0.4991612607211825,0.18479408658922913,1,947,1,1,1,1
179,0510_c0005_020.jpg,510,4,-1,True,175,8550,0.5352903305860316,0.21160822249093109,1,827,1,1,1,1
180,0510_c0006_000.jpg,510,5,-1,True,175,8550,0.8766143194559356,0.343811394891945,1,509,1,1,1,1
181,0510_c0006_005.jpg,510,5,-1,True,175,8550,0.8094811511012884,0.2217997465145754,1,789,1,1,1,1
182,0510_c0006_010.jpg,510,5,-1,True,175,8550,0.6611502205860365,0.16084558823529413,1,1088,1,1,1,1
183,0510_c0006_015.jpg,510,5,-1,True,175,8550,0.6480644831083114,0.15099223468507333,1,1159,1,1,1,1
184,0510_c0006_020.jpg,510,5,-1,True,175,8550,0.7023522366056711,0.1652502360717658,1,1059,1,1,1,1
185,0510_c0007_000.jpg,510,6,-1,True,175,8550,0.7214806947888454,0.22435897435897437,1,780,1,1,1,1
186,0510_c0007_005.jpg,510,6,-1,True,175,8550,0.7476166364139447,0.28501628664495116,1,614,1,1,1,1
187,0510_c0007_010.jpg,510,6,-1,True,175,8550,0.9764138883558576,0.7291666666666666,1,240,1,1,1,1
188,0510_c0007_015.jpg,510,6,-1,True,175,8550,0.981122221960691,0.7231404958677686,1,242,1,1,1,1
189,0510_c0007_020.jpg,510,6,-1,True,175,8550,0.9821858226035111,0.6730769230769231,1,260,1,1,1,1
190,0510_c0008_000.jpg,510,7,-1,True,175,8550,0.9216969701095327,0.5287009063444109,1,331,1,1,1,1
191,0510_c0008_005.jpg,510,7,-1,True,175,8550,0.9517039994485952,0.5319148936170213,1,329,1,1,1,1
192,0510_c0008_010.jpg,510,7,-1,True,175,8550,0.941499156123608,0.42168674698795183,1,415,1,1,1,1
193,0510_c0008_015.jpg,510,7,-1,True,175,8550,0.8958365845128302,0.44529262086513993,1,393,1,1,1,1
194,0510_c0008_020.jpg,510,7,-1,True,175,8550,0.8803415212926679,0.28735632183908044,1,609,1,1,1,1
195,0512_c0001_000.jpg,512,0,-1,True,75,8550,0.5548036990728673,0.2533783783783784,1,296,1,1,1,1
196,0512_c0001_005.jpg,512,0,-1,True,75,8550,0.5153061405186831,0.2669039145907473,1,281,1,1,1,1
197,0512_c0001_010.jpg,512,0,-1,True,75,8550,0.550595036431054,0.2862595419847328,1,262,1,1,1,1
198,0512_c0001_015.jpg,512,0,-1,True,75,8550,0.5733589962030661,0.2788104089219331,1,269,1,1,1,1
199,0512_c0001_020.jpg,512,0,-1,True,75,8550,0.7783942124551869,0.3787878787878788,1,198,1,1,1,1
200,0512_c0003_000.jpg,512,2,-1,True,75,8550,0.38944366741669767,0.5033557046979866,22,149,0,0,0,0
201,0512_c0003_005.jpg,512,2,-1,True,75,8550,0.40164800854488736,0.5,19,150,0,0,0,1
202,0512_c0003_010.jpg,512,2,-1,True,75,8550,0.39591900453998813,0.5,25,150,0,0,0,0
203,0512_c0003_015.jpg,512,2,-1,True,75,8550,0.6645027066956297,0.5681818181818182,1,132,1,1,1,1
204,0512_c0003_020.jpg,512,2,-1,True,75,8550,0.6214529090086073,0.5555555555555556,1,135,1,1,1,1
205,0512_c0005_000.jpg,512,4,-1,True,75,8550,0.855976412484644,0.5859375,1,128,1,1,1,1
206,0512_c0005_005.jpg,512,4,-1,True,75,8550,0.8973652772131534,0.6696428571428571,1,112,1,1,1,1
207,0512_c0005_010.jpg,512,4,-1,True,75,8550,0.9066578770319783,0.7142857142857143,1,105,1,1,1,1
208,0512_c0005_015.jpg,512,4,-1,True,75,8550,0.8229678535742805,0.5597014925373134,1,134,1,1,1,1
209,0512_c0005_020.jpg,512,4,-1,True,75,8550,0.9580619310782433,0.7211538461538461,1,104,1,1,1,1
210,0512_c0006_000.jpg,512,5,-1,True,75,8550,0.241316842351166,0.2918287937743191,51,257,0,0,0,0
211,0512_c0006_005.jpg,512,5,-1,True,75,8550,0.2529399397145666,0.32051282051282054,51,234,0,0,0,0
212,0512_c0006_010.jpg,512,5,-1,True,75,8550,0.22672766515721282,0.2798507462686567,57,268,0,0,0,0
213,0512_c0006_015.jpg,512,5,-1,True,75,8550,0.2386755492970678,0.2918287937743191,51,257,0,0,0,0
214,0512_c0006_020.jpg,512,5,-1,True,75,8550,0.24685177389615912,0.2358490566037736,50,318,0,0,0,0
215,0514_c0001_000.jpg,514,0,-1,True,175,8550,0.8690289593107293,0.5608974358974359,1,312,1,1,1,1
216,0514_c0001_005.jpg,514,0,-1,True,175,8550,0.13872346844025432,0.1152073732718894,76,1519,0,0,0,0
217,0514_c0001_010.jpg,514,0,-1,True,175,8550,0.4592108352151029,0.21712158808933002,1,806,1,1,1,1
218,0514_c0001_015.jpg,514,0,-1,True,175,8550,0.3722432334533393,0.1959686450167973,1,893,1,1,1,1
219,0514_c0001_020.jpg,514,0,-1,True,175,8550,0.5855869445357731,0.3668763102725367,1,477,1,1,1,1
220,0514_c0002_000.jpg,514,1,-1,True,175,8550,0.831099181969354,0.33269961977186313,1,526,1,1,1,1
221,0514_c0002_005.jpg,514,1,-1,True,175,8550,0.8237305723900418,0.33653846153846156,1,520,1,1,1,1
222,0514_c0002_010.jpg,514,1,-1,True,175,8550,0.8200188894395176,0.28501628664495116,1,614,1,1,1,1
223,0514_c0002_015.jpg,514,1,-1,True,175,8550,0.8322143963988436,0.33269961977186313,1,526,1,1,1,1
224,0514_c0002_020.jpg,514,1,-1,True,175,8550,0.8223339232710671,0.32228360957642727,1,543,1,1,1,1
225,0514_c0003_000.jpg,514,2,-1,True,175,8550,0.8257513081335933,0.211864406779661,1,826,1,1,1,1
226,0514_c0003_005.jpg,514,2,-1,True,175,8550,0.8135904596207821,0.21109770808202655,1,829,1,1,1,1
227,0514_c0003_010.jpg,514,2,-1,True,175,8550,0.7684060332122888,0.1937984496124031,1,903,1,1,1,1
228,0514_c0003_015.jpg,514,2,-1,True,175,8550,0.7651373494921587,0.19640852974186307,1,891,1,1,1,1
229,0514_c0003_020.jpg,514,2,-1,True,175,8550,0.7945854868579851,0.20420070011668612,1,857,1,1,1,1
230,0514_c0004_000.jpg,514,3,-1,True,175,8550,0.8903939583920073,0.21289537712895376,1,822,1,1,1,1
231,0514_c0004_005.jpg,514,3,-1,True,175,8550,0.8923307076268189,0.2113526570048309,1,828,1,1,1,1
232,0514_c0004_010.jpg,514,3,-1,True,175,8550,0.8906949185236492,0.2147239263803681,1,815,1,1,1,1
233,0514_c0004_015.jpg,514,3,-1,True,175,8550,0.8901853286167829,0.2080856123662307,1,841,1,1,1,1
234,0514_c0004_020.jpg,514,3,-1,True,175,8550,0.8894217639408794,0.20491803278688525,1,854,1,1,1,1
235,0514_c0005_000.jpg,514,4,-1,True,175,8550,0.8590408197507263,0.23458445040214476,1,746,1,1,1,1
236,0514_c0005_005.jpg,514,4,-1,True,175,8550,0.8556147368215921,0.23209549071618038,1,754,1,1,1,1
237,0514_c0005_010.jpg,514,4,-1,True,175,8550,0.85611709108811,0.2327127659574468,1,752,1,1,1,1
238,0514_c0005_015.jpg,514,4,-1,True,175,8550,0.8582555491415237,0.23087071240105542,1,758,1,1,1,1
239,0514_c0005_020.jpg,514,4,-1,True,175,8550,0.8625716125516705,0.22727272727272727,1,770,1,1,1,1
240,0514_c0006_000.jpg,514,5,-1,True,175,8550,0.8675089125053633,0.20539906103286384,1,852,1,1,1,1
241,0514_c0006_005.jpg,514,5,-1,True,175,8550,0.877964179789035,0.20734597156398105,1,844,1,1,1,1
242,0514_c0006_010.jpg,514,5,-1,True,175,8550,0.8833947046839118,0.20958083832335328,1,835,1,1,1,1
243,0514_c0006_015.jpg,514,5,-1,True,175,8550,0.8787172940913361,0.20396270396270397,1,858,1,1,1,1
244,0514_c0006_020.jpg,514,5,-1,True,175,8550,0.8850407821688318,0.20539906103286384,1,852,1,1,1,1
245,0514_c0007_000.jpg,514,6,-1,True,175,8550,0.8945709438336442,0.2032520325203252,1,861,1,1,1,1
246,0514_c0007_005.jpg,514,6,-1,True,175,8550,0.8949412278217947,0.2066115702479339,1,847,1,1,1,1
247,0514_c0007_010.jpg,514,6,-1,True,175,8550,0.8944294646532723,0.20491803278688525,1,854,1,1,1,1
248,0514_c0007_015.jpg,514,6,-1,True,175,8550,0.8961839562309615,0.20348837209302326,1,860,1,1,1,1
249,0514_c0007_020.jpg,514,6,-1,True,175,8550,0.8946305389213642,0.20759193357058126,1,843,1,1,1,1
250,0514_c0008_000.jpg,514,7,-1,True,175,8550,0.8940859625014232,0.25289017341040465,1,692,1,1,1,1
251,0514_c0008_005.jpg,514,7,-1,True,175,8550,0.8974618697914675,0.25584795321637427,1,684,1,1,1,1
252,0514_c0008_010.jpg,514,7,-1,True,175,8550,0.8921183407714034,0.2532561505065123,1,691,1,1,1,1
253,0514_c0008_015.jpg,514,7,-1,True,175,8550,0.910233123341984,0.27216174183514774,1,643,1,1,1,1
254,0514_c0008_020.jpg,514,7,-1,True,175,8550,0.9055849813932082,0.2615844544095665,1,669,1,1,1,1
255,0516_c0001_000.jpg,516,0,-1,True,75,8550,0.2594296759847253,0.2727272727272727,16,275,0,0,0,1
256,0516_c0001_005.jpg,516,0,-1,True,75,8550,0.2579946399880236,0.20491803278688525,26,366,0,0,0,0
257,0516_c0001_010.jpg,516,0,-1,True,75,8550,0.2555057272496266,0.17482517482517482,27,429,0,0,0,0
258,0516_c0001_015.jpg,516,0,-1,True,75,8550,0.24956057742301632,0.26595744680851063,37,282,0,0,0,0
259,0516_c0001_020.jpg,516,0,-1,True,75,8550,0.1783108207941874,0.17814726840855108,46,421,0,0,0,0
260,0516_c0003_000.jpg,516,2,-1,True,75,8550,0.283522420438071,0.1820388349514563,51,412,0,0,0,0
261,0516_c0003_005.jpg,516,2,-1,True,75,8550,0.32023138650820954,0.18292682926829268,29,410,0,0,0,0
262,0516_c0003_010.jpg,516,2,-1,True,75,8550,0.4158035585650903,0.2329192546583851,3,322,0,1,1,1
263,0516_c0003_015.jpg,516,2,-1,True,75,8550,0.32470579323329163,0.1773049645390071,13,423,0,0,0,1
264,0516_c0003_020.jpg,516,2,-1,True,75,8550,0.25305103373329635,0.1524390243902439,43,492,0,0,0,0
265,0516_c0005_000.jpg,516,4,-1,True,75,8550,0.4558616296720827,0.2631578947368421,9,285,0,0,1,1
266,0516_c0005_005.jpg,516,4,-1,True,75,8550,0.5070978196342544,0.3125,7,240,0,0,1,1
267,0516_c0005_010.jpg,516,4,-1,True,75,8550,0.4478747311993405,0.28735632183908044,11,261,0,0,0,1
268,0516_c0005_015.jpg,516,4,-1,True,75,8550,0.4406181928243358,0.2737226277372263,10,274,0,0,1,1
269,0516_c0005_020.jpg,516,4,-1,True,75,8550,0.5160715212488899,0.2808988764044944,3,267,0,1,1,1
270,0516_c0006_000.jpg,516,5,-1,True,75,8550,0.9613544781169332,0.872093023255814,1,86,1,1,1,1
271,0516_c0006_005.jpg,516,5,-1,True,75,8550,0.9019212113846116,0.7425742574257426,1,101,1,1,1,1
272,0516_c0006_010.jpg,516,5,-1,True,75,8550,0.9361678435887927,0.8152173913043478,1,92,1,1,1,1
273,0516_c0006_015.jpg,516,5,-1,True,75,8550,0.9737933554391657,0.8928571428571429,1,84,1,1,1,1
274,0516_c0006_020.jpg,516,5,-1,True,75,8550,0.9564079924912047,0.8426966292134831,1,89,1,1,1,1
275,0518_c0001_000.jpg,518,0,-1,True,100,8550,0.2544124639739877,0.2724795640326976,7,367,0,0,1,1
276,0518_c0001_005.jpg,518,0,-1,True,100,8550,0.1997334410255531,0.26737967914438504,31,374,0,0,0,0
277,0518_c0001_010.jpg,518,0,-1,True,100,8550,0.22960551941124105,0.24813895781637718,21,403,0,0,0,0
278,0518_c0001_015.jpg,518,0,-1,True,100,8550,0.22118282942561207,0.25125628140703515,20,398,0,0,0,1
279,0518_c0001_020.jpg,518,0,-1,True,100,8550,0.3026573074916842,0.2881844380403458,3,347,0,1,1,1
280,0518_c0002_000.jpg,518,1,-1,True,100,8550,0.878484424052121,0.6369426751592356,1,157,1,1,1,1
281,0518_c0002_005.jpg,518,1,-1,True,100,8550,0.8443207247868311,0.6289308176100629,1,159,1,1,1,1
282,0518_c0002_010.jpg,518,1,-1,True,100,8550,0.8433231177187815,0.6329113924050633,1,158,1,1,1,1
283,0518_c0002_015.jpg,518,1,-1,True,100,8550,0.8502540750979434,0.6289308176100629,1,159,1,1,1,1
284,0518_c0002_020.jpg,518,1,-1,True,100,8550,0.8468356675924649,0.6329113924050633,1,158,1,1,1,1
285,0518_c0003_000.jpg,518,2,-1,True,100,8550,0.23362046427454863,0.22371364653243847,15,447,0,0,0,1
286,0518_c0003_005.jpg,518,2,-1,True,100,8550,0.4904968583803329,0.30303030303030304,1,330,1,1,1,1
287,0518_c0003_010.jpg,518,2,-1,True,100,8550,0.5591648346750158,0.32362459546925565,1,309,1,1,1,1
288,0518_c0003_015.jpg,518,2,-1,True,100,8550,0.5686986244040626,0.4291845493562232,1,233,1,1,1,1
289,0518_c0003_020.jpg,518,2,-1,True,100,8550,0.6334980146963753,0.4065040650406504,1,246,1,1,1,1
290,0518_c0005_000.jpg,518,4,-1,True,100,8550,0.6220918982096397,0.24875621890547264,1,402,1,1,1,1
291,0518_c0005_005.jpg,518,4,-1,True,100,8550,0.630526958887921,0.2570694087403599,1,389,1,1,1,1
292,0518_c0005_010.jpg,518,4,-1,True,100,8550,0.646329509616331,0.28901734104046245,1,346,1,1,1,1
293,0518_c0005_015.jpg,518,4,-1,True,100,8550,0.6500018584396073,0.2881844380403458,1,347,1,1,1,1
294,0518_c0005_020.jpg,518,4,-1,True,100,8550,0.6548059610649068,0.2915451895043732,1,343,1,1,1,1
295,0518_c0006_000.jpg,518,5,-1,True,100,8550,0.6235983545701874,0.199203187250996,1,502,1,1,1,1
296,0518_c0006_005.jpg,518,5,-1,True,100,8550,0.6313500140583052,0.211864406779661,1,472,1,1,1,1
297,0518_c0006_010.jpg,518,5,-1,True,100,8550,0.6287867370373855,0.20920502092050208,1,478,1,1,1,1
298,0518_c0006_015.jpg,518,5,-1,True,100,8550,0.6337377114413362,0.21551724137931033,1,464,1,1,1,1
299,0518_c0006_020.jpg,518,5,-1,True,100,8550,0.6438308343463128,0.2079002079002079,1,481,1,1,1,1
300,0520_c0001_000.jpg,520,0,-1,True,150,8550,0.39356654963361165,0.23809523809523808,1,630,1,1,1,1
301,0520_c0001_005.jpg,520,0,-1,True,150,8550,0.39219819896368485,0.2329192546583851,1,644,1,1,1,1
302,0520_c0001_010.jpg,520,0,-1,True,150,8550,0.39522339558943986,0.22796352583586627,1,658,1,1,1,1
303,0520_c0001_015.jpg,520,0,-1,True,150,8550,0.4051227162951873,0.23255813953488372,1,645,1,1,1,1
304,0520_c0001_020.jpg,520,0,-1,True,150,8550,0.40042635034158797,0.24311183144246354,1,617,1,1,1,1
305,0520_c0002_000.jpg,520,1,-1,True,150,8550,0.9185837364796939,0.6944444444444444,1,216,1,1,1,1
306,0520_c0002_005.jpg,520,1,-1,True,150,8550,0.9020315653234519,0.6912442396313364,1,217,1,1,1,1
307,0520_c0002_010.jpg,520,1,-1,True,150,8550,0.8845785250080254,0.6607929515418502,1,227,1,1,1,1
308,0520_c0002_015.jpg,520,1,-1,True,150,8550,0.9013109428085988,0.672645739910314,1,223,1,1,1,1
309,0520_c0002_020.jpg,520,1,-1,True,150,8550,0.9310038322515709,0.6787330316742082,1,221,1,1,1,1
310,0520_c0004_000.jpg,520,3,-1,True,150,8550,0.6562952965482968,0.31185031185031187,1,481,1,1,1,1
311,0520_c0004_005.jpg,520,3,-1,True,150,8550,0.6631910888384005,0.32537960954446854,1,461,1,1,1,1
312,0520_c0004_010.jpg,520,3,-1,True,150,8550,0.6822481937887541,0.32751091703056767,1,458,1,1,1,1
313,0520_c0004_015.jpg,520,3,-1,True,150,8550,0.6626779384196552,0.31512605042016806,1,476,1,1,1,1
314,0520_c0004_020.jpg,520,3,-1,True,150,8550,0.6524243366713282,0.32051282051282054,1,468,1,1,1,1
315,0520_c0005_000.jpg,520,4,-1,True,150,8550,0.5038919816001134,0.24793388429752067,1,605,1,1,1,1
316,0520_c0005_005.jpg,520,4,-1,True,150,8550,0.494140974079786,0.24311183144246354,1,617,1,1,1,1
317,0520_c0005_010.jpg,520,4,-1,True,150,8550,0.46693247489019757,0.23734177215189872,1,632,1,1,1,1
318,0520_c0005_015.jpg,520,4,-1,True,150,8550,0.4731284151466321,0.24115755627009647,1,622,1,1,1,1
319,0520_c0005_020.jpg,520,4,-1,True,150,8550,0.48323061491746877,0.24311183144246354,1,617,1,1,1,1
320,0520_c0006_000.jpg,520,5,-1,True,150,8550,0.8358772678873249,0.22935779816513763,1,654,1,1,1,1
321,0520_c0006_005.jpg,520,5,-1,True,150,8550,0.8305247295106498,0.2347417840375587,1,639,1,1,1,1
322,0520_c0006_010.jpg,520,5,-1,True,150,8550,0.858369808667102,0.24,1,625,1,1,1,1
323,0520_c0006_015.jpg,520,5,-1,True,150,8550,0.8379780849986883,0.23547880690737832,1,637,1,1,1,1
324,0520_c0006_020.jpg,520,5,-1,True,150,8550,0.838163559374862,0.24154589371980675,1,621,1,1,1,1
325,0520_c0007_000.jpg,520,6,-1,True,150,8550,0.997981844368267,0.9554140127388535,1,157,1,1,1,1
326,0520_c0007_005.jpg,520,6,-1,True,150,8550,0.9986669232403093,0.9554140127388535,1,157,1,1,1,1
327,0520_c0007_010.jpg,520,6,-1,True,150,8550,0.9986944122117671,0.9615384615384616,1,156,1,1,1,1
328,0520_c0007_015.jpg,520,6,-1,True,150,8550,0.9928573065697943,0.8670520231213873,1,173,1,1,1,1
329,0520_c0007_020.jpg,520,6,-1,True,150,8550,0.999823980481004,0.9868421052631579,1,152,1,1,1,1
330,0520_c0008_000.jpg,520,7,-1,True,150,8550,0.6882085327904282,0.29296875,1,512,1,1,1,1
331,0520_c0008_005.jpg,520,7,-1,True,150,8550,0.6868920107286636,0.28517110266159695,1,526,1,1,1,1
332,0520_c0008_010.jpg,520,7,-1,True,150,8550,0.671211627898607,0.26548672566371684,1,565,1,1,1,1
333,0520_c0008_015.jpg,520,7,-1,True,150,8550,0.7191042808633344,0.35046728971962615,1,428,1,1,1,1
334,0520_c0008_020.jpg,520,7,-1,True,150,8550,0.7020511865332261,0.2846299810246679,1,527,1,1,1,1
335,0522_c0001_000.jpg,522,0,-1,True,150,8550,0.45571427211998666,0.03901170351105332,1,3845,1,1,1,1
336,0522_c0001_005.jpg,522,0,-1,True,150,8550,0.3823281884545033,0.0413564929693962,1,3627,1,1,1,1
337,0522_c0001_010.jpg,522,0,-1,True,150,8550,0.39452523346369955,0.036231884057971016,2,4140,0,1,1,1
338,0522_c0001_015.jpg,522,0,-1,True,150,8550,0.37822998524808593,0.039936102236421724,2,3756,0,1,1,1
339,0522_c0001_020.jpg,522,0,-1,True,150,8550,0.3970817609160118,0.03966155473294553,4,3782,0,1,1,1
340,0522_c0002_000.jpg,522,1,-1,True,150,8550,0.4250947116344047,0.033783783783783786,1,4440,1,1,1,1
341,0522_c0002_005.jpg,522,1,-1,True,150,8550,0.4371120851731245,0.03744383424862706,1,4006,1,1,1,1
342,0522_c0002_010.jpg,522,1,-1,True,150,8550,0.41151977065517525,0.04172461752433936,1,3595,1,1,1,1
343,0522_c0002_015.jpg,522,1,-1,True,150,8550,0.41034824655904906,0.038570326562098224,1,3889,1,1,1,1
344,0522_c0002_020.jpg,522,1,-1,True,150,8550,0.3721561428741384,0.04005340453938585,1,3745,1,1,1,1
345,0522_c0004_000.jpg,522,3,-1,True,150,8550,0.16651607869239585,0.07378258730939498,40,2033,0,0,0,0
346,0522_c0004_005.jpg,522,3,-1,True,150,8550,0.16167131941718976,0.06796556411418214,43,2207,0,0,0,0
347,0522_c0004_010.jpg,522,3,-1,True,150,8550,0.16821535501658194,0.06499133448873484,43,2308,0,0,0,0
348,0522_c0004_015.jpg,522,3,-1,True,150,8550,0.17507670187590343,0.06963788300835655,41,2154,0,0,0,0
349,0522_c0004_020.jpg,522,3,-1,True,150,8550,0.17452835839309974,0.0723589001447178,40,2073,0,0,0,0
350,0522_c0005_000.jpg,522,4,-1,True,150,8550,0.01776415791837973,0.023430178069353328,1995,6402,0,0,0,0
351,0522_c0005_005.jpg,522,4,-1,True,150,8550,0.02058561857480843,0.02763448784082535,1454,5428,0,0,0,0
352,0522_c0005_010.jpg,522,4,-1,True,150,8550,0.01902743244088826,0.026652452025586353,1941,5628,0,0,0,0
353,0522_c0005_015.jpg,522,4,-1,True,150,8550,0.019484125340822955,0.02796420581655481,1838,5364,0,0,0,0
354,0522_c0005_020.jpg,522,4,-1,True,150,8550,0.02011035371353966,0.029308323563892145,1819,5118,0,0,0,0
355,0522_c0006_000.jpg,522,5,-1,True,150,8550,0.5387979338316259,0.03338526596928555,1,4493,1,1,1,1
356,0522_c0006_005.jpg,522,5,-1,True,150,8550,0.41287921528918153,0.0327653997378768,1,4578,1,1,1,1
357,0522_c0006_010.jpg,522,5,-1,True,150,8550,0.5213782528659027,0.03367003367003367,1,4455,1,1,1,1
358,0522_c0006_015.jpg,522,5,-1,True,150,8550,0.53434037498247,0.03227888960619755,1,4647,1,1,1,1
359,0522_c0006_020.jpg,522,5,-1,True,150,8550,0.5385099447006231,0.033311125916055964,1,4503,1,1,1,1
360,0522_c0007_000.jpg,522,6,-1,True,150,8550,0.2601016014984825,0.046224961479198766,1,3245,1,1,1,1
361,0522_c0007_005.jpg,522,6,-1,True,150,8550,0.17550333474311722,0.044616299821534804,4,3362,0,1,1,1
362,0522_c0007_010.jpg,522,6,-1,True,150,8550,0.2763032936637581,0.04611128189363664,1,3253,1,1,1,1
363,0522_c0007_015.jpg,522,6,-1,True,150,8550,0.2742327607809712,0.04585753592173647,1,3271,1,1,1,1
364,0522_c0007_020.jpg,522,6,-1,True,150,8550,0.27033025163825614,0.040096230954290296,1,3741,1,1,1,1
365,0522_c0008_000.jpg,522,7,-1,True,150,8550,0.6320562803464317,0.0327296530656775,1,4583,1,1,1,1
366,0522_c0008_005.jpg,522,7,-1,True,150,8550,0.5918509926166664,0.03231365790607497,1,4642,1,1,1,1
367,0522_c0008_010.jpg,522,7,-1,True,150,8550,0.5450302116252974,0.03167898627243928,3,4735,0,1,1,1
368,0522_c0008_015.jpg,522,7,-1,True,150,8550,0.5522480644828388,0.031407035175879394,2,4776,0,1,1,1
369,0522_c0008_020.jpg,522,7,-1,True,150,8550,0.6078910666548467,0.030883261272390366,1,4857,1,1,1,1
370,0524_c0001_000.jpg,524,0,-1,True,175,8550,0.9995336474568081,0.9408602150537635,1,186,1,1,1,1
371,0524_c0001_005.jpg,524,0,-1,True,175,8550,0.9993228200371056,0.8928571428571429,1,196,1,1,1,1
372,0524_c0001_010.jpg,524,0,-1,True,175,8550,0.999544066515495,0.9259259259259259,1,189,1,1,1,1
373,0524_c0001_015.jpg,524,0,-1,True,175,8550,0.9999675324675324,0.9943181818181818,1,176,1,1,1,1
374,0524_c0001_020.jpg,524,0,-1,True,175,8550,0.9998105761641672,0.9668508287292817,1,181,1,1,1,1
375,0524_c0002_000.jpg,524,1,-1,True,175,8550,0.9745135416358536,0.7231404958677686,1,242,1,1,1,1
376,0524_c0002_005.jpg,524,1,-1,True,175,8550,0.9327764391989636,0.6578947368421053,1,266,1,1,1,1
377,0524_c0002_010.jpg,524,1,-1,True,175,8550,0.9581973338389602,0.6889763779527559,1,254,1,1,1,1
378,0524_c0002_015.jpg,524,1,-1,True,175,8550,0.9728188778082816,0.8027522935779816,1,218,1,1,1,1
379,0524_c0002_020.jpg,524,1,-1,True,175,8550,0.991846074540895,0.8454106280193237,1,207,1,1,1,1
380,0524_c0003_000.jpg,524,2,-1,True,175,8550,1.0,1.0,1,175,1,1,1,1
381,0524_c0003_005.jpg,524,2,-1,True,175,8550,1.0,1.0,1,175,1,1,1,1
382,0524_c0003_010.jpg,524,2,-1,True,175,8550,1.0,1.0,1,175,1,1,1,1
383,0524_c0003_015.jpg,524,2,-1,True,175,8550,1.0,1.0,1,175,1,1,1,1
384,0524_c0003_020.jpg,524,2,-1,True,175,8550,1.0,1.0,1,175,1,1,1,1
385,0524_c0004_000.jpg,524,3,-1,True,175,8550,0.8950245681460787,0.6457564575645757,1,271,1,1,1,1
386,0524_c0004_005.jpg,524,3,-1,True,175,8550,0.8810356418121267,0.6386861313868614,1,274,1,1,1,1
387,0524_c0004_010.jpg,524,3,-1,True,175,8550,0.8565734273743381,0.5972696245733788,1,293,1,1,1,1
388,0524_c0004_015.jpg,524,3,-1,True,175,8550,0.7995094052687333,0.5335365853658537,1,328,1,1,1,1
389,0524_c0004_020.jpg,524,3,-1,True,175,8550,0.8218589327490758,0.5555555555555556,1,315,1,1,1,1
390,0524_c0005_000.jpg,524,4,-1,True,175,8550,1.0,1.0,1,175,1,1,1,1
391,0524_c0005_005.jpg,524,4,-1,True,175,8550,1.0,1.0,1,175,1,1,1,1
392,0524_c0005_010.jpg,524,4,-1,True,175,8550,1.0,1.0,1,175,1,1,1,1
393,0524_c0005_015.jpg,524,4,-1,True,175,8550,1.0,1.0,1,175,1,1,1,1
394,0524_c0005_020.jpg,524,4,-1,True,175,8550,1.0,1.0,1,175,1,1,1,1
395,0524_c0006_000.jpg,524,5,-1,True,175,8550,0.9980447781106331,0.9259259259259259,1,189,1,1,1,1
396,0524_c0006_005.jpg,524,5,-1,True,175,8550,0.9928098313076975,0.8620689655172413,1,203,1,1,1,1
397,0524_c0006_010.jpg,524,5,-1,True,175,8550,0.9984011952669146,0.9408602150537635,1,186,1,1,1,1
398,0524_c0006_015.jpg,524,5,-1,True,175,8550,0.9994037024925804,0.9887005649717514,1,177,1,1,1,1
399,0524_c0006_020.jpg,524,5,-1,True,175,8550,0.9928174563676314,0.8578431372549019,1,204,1,1,1,1
400,0524_c0007_000.jpg,524,6,-1,True,175,8550,0.9456640117940739,0.660377358490566,1,265,1,1,1,1
401,0524_c0007_005.jpg,524,6,-1,True,175,8550,0.9791460761131594,0.6972111553784861,1,251,1,1,1,1
402,0524_c0007_010.jpg,524,6,-1,True,175,8550,0.9763487193926643,0.7352941176470589,1,238,1,1,1,1
403,0524_c0007_015.jpg,524,6,-1,True,175,8550,0.9853822600477786,0.7743362831858407,1,226,1,1,1,1
404,0524_c0007_020.jpg,524,6,-1,True,175,8550,0.9949401568772107,0.8706467661691543,1,201,1,1,1,1
405,0524_c0008_000.jpg,524,7,-1,True,175,8550,1.0,1.0,1,175,1,1,1,1
406,0524_c0008_005.jpg,524,7,-1,True,175,8550,1.0,1.0,1,175,1,1,1,1
407,0524_c0008_010.jpg,524,7,-1,True,175,8550,1.0,1.0,1,175,1,1,1,1
408,0524_c0008_015.jpg,524,7,-1,True,175,8550,0.9999675324675324,0.9943181818181818,1,176,1,1,1,1
409,0524_c0008_020.jpg,524,7,-1,True,175,8550,1.0,1.0,1,175,1,1,1,1
410,0526_c0001_000.jpg,526,0,-1,True,50,8550,0.015537172418208818,0.022603978300180832,882,2212,0,0,0,0
411,0526_c0001_005.jpg,526,0,-1,True,50,8550,0.01904587493641335,0.029256875365710942,839,1709,0,0,0,0
412,0526_c0001_010.jpg,526,0,-1,True,50,8550,0.01965498099298598,0.029886431560071727,712,1673,0,0,0,0
413,0526_c0001_015.jpg,526,0,-1,True,50,8550,0.020331055154483094,0.031928480204342274,706,1566,0,0,0,0
414,0526_c0001_020.jpg,526,0,-1,True,50,8550,0.02440082560498069,0.034340659340659344,415,1456,0,0,0,0
415,0526_c0003_000.jpg,526,2,-1,True,50,8550,0.03878765139244278,0.02207505518763797,129,2265,0,0,0,0
416,0526_c0003_005.jpg,526,2,-1,True,50,8550,0.039473470692843654,0.02612330198537095,154,1914,0,0,0,0
417,0526_c0003_010.jpg,526,2,-1,True,50,8550,0.03836728826490039,0.025549310168625446,171,1957,0,0,0,0
418,0526_c0003_015.jpg,526,2,-1,True,50,8550,0.043240412892749686,0.026483050847457626,153,1888,0,0,0,0
419,0526_c0003_020.jpg,526,2,-1,True,50,8550,0.049506275117162074,0.031210986267166042,164,1602,0,0,0,0
420,0526_c0005_000.jpg,526,4,-1,True,50,8550,0.04532203775365593,0.052854122621564484,131,946,0,0,0,0
421,0526_c0005_005.jpg,526,4,-1,True,50,8550,0.06141988238599408,0.056625141562853906,116,883,0,0,0,0
422,0526_c0005_010.jpg,526,4,-1,True,50,8550,0.04275277127299307,0.043402777777777776,170,1152,0,0,0,0
423,0526_c0005_015.jpg,526,4,-1,True,50,8550,0.03591394558536622,0.03467406380027739,284,1442,0,0,0,0
424,0526_c0005_020.jpg,526,4,-1,True,50,8550,0.04444458901405873,0.04625346901017576,132,1081,0,0,0,0
425,0528_c0001_000.jpg,528,0,-1,True,150,8550,0.9355609092778571,0.4601226993865031,1,326,1,1,1,1
426,0528_c0001_005.jpg,528,0,-1,True,150,8550,0.9253302970592714,0.4178272980501393,1,359,1,1,1,1
427,0528_c0001_010.jpg,528,0,-1,True,150,8550,0.9159225389916053,0.33407572383073497,1,449,1,1,1,1
428,0528_c0001_015.jpg,528,0,-1,True,150,8550,0.9359999899738881,0.423728813559322,1,354,1,1,1,1
429,0528_c0001_020.jpg,528,0,-1,True,150,8550,0.9285517969402084,0.390625,1,384,1,1,1,1
430,0528_c0002_000.jpg,528,1,-1,True,150,8550,0.22601275915156957,0.2112676056338028,2,710,0,1,1,1
431,0528_c0002_005.jpg,528,1,-1,True,150,8550,0.21141900305675185,0.2032520325203252,14,738,0,0,0,1
432,0528_c0002_010.jpg,528,1,-1,True,150,8550,0.2313034403348604,0.20053475935828877,2,748,0,1,1,1
433,0528_c0002_015.jpg,528,1,-1,True,150,8550,0.16681919631515613,0.1289767841788478,61,1163,0,0,0,0
434,0528_c0002_020.jpg,528,1,-1,True,150,8550,0.1800606857333673,0.1524390243902439,48,984,0,0,0,0
435,0528_c0003_000.jpg,528,2,-1,True,150,8550,0.8681086148255199,0.20215633423180593,1,742,1,1,1,1
436,0528_c0003_005.jpg,528,2,-1,True,150,8550,0.8500341166978691,0.18404907975460122,1,815,1,1,1,1
437,0528_c0003_010.jpg,528,2,-1,True,150,8550,0.8558931606240867,0.1773049645390071,1,846,1,1,1,1
438,0528_c0003_015.jpg,528,2,-1,True,150,8550,0.8707536833084307,0.18427518427518427,1,814,1,1,1,1
439,0528_c0003_020.jpg,528,2,-1,True,150,8550,0.8741893758919423,0.1918158567774936,1,782,1,1,1,1
440,0528_c0004_000.jpg,528,3,-1,True,150,8550,0.9402613307580832,0.4918032786885246,1,305,1,1,1,1
441,0528_c0004_005.jpg,528,3,-1,True,150,8550,0.9130159994844191,0.4658385093167702,1,322,1,1,1,1
442,0528_c0004_010.jpg,528,3,-1,True,150,8550,0.9456899339685595,0.5208333333333334,1,288,1,1,1,1
443,0528_c0004_015.jpg,528,3,-1,True,150,8550,0.9303718707696275,0.423728813559322,1,354,1,1,1,1
444,0528_c0004_020.jpg,528,3,-1,True,150,8550,0.9514158123628397,0.5639097744360902,1,266,1,1,1,1
445,0528_c0005_000.jpg,528,4,-1,True,150,8550,0.7505481026398946,0.22288261515601784,1,673,1,1,1,1
446,0528_c0005_005.jpg,528,4,-1,True,150,8550,0.7738390700602249,0.24916943521594684,1,602,1,1,1,1
447,0528_c0005_010.jpg,528,4,-1,True,150,8550,0.76526604960676,0.24549918166939444,1,611,1,1,1,1
448,0528_c0005_015.jpg,528,4,-1,True,150,8550,0.7617186812512611,0.24115755627009647,1,622,1,1,1,1
449,0528_c0005_020.jpg,528,4,-1,True,150,8550,0.7545892537893749,0.23400936037441497,1,641,1,1,1,1
450,0528_c0006_000.jpg,528,5,-1,True,150,8550,0.8909268271598474,0.30120481927710846,1,498,1,1,1,1
451,0528_c0006_005.jpg,528,5,-1,True,150,8550,0.8861573579833244,0.28517110266159695,1,526,1,1,1,1
452,0528_c0006_010.jpg,528,5,-1,True,150,8550,0.8990340559549369,0.36319612590799033,1,413,1,1,1,1
453,0528_c0006_015.jpg,528,5,-1,True,150,8550,0.9072613544147593,0.38860103626943004,1,386,1,1,1,1
454,0528_c0006_020.jpg,528,5,-1,True,150,8550,0.9345582377854723,0.5084745762711864,1,295,1,1,1,1
455,0528_c0007_000.jpg,528,6,-1,True,150,8550,0.8462461719334531,0.3171247357293869,1,473,1,1,1,1
456,0528_c0007_005.jpg,528,6,-1,True,150,8550,0.8378295058250198,0.2808988764044944,1,534,1,1,1,1
457,0528_c0007_010.jpg,528,6,-1,True,150,8550,0.8507151031418685,0.3333333333333333,1,450,1,1,1,1
458,0528_c0007_015.jpg,528,6,-1,True,150,8550,0.8496924875671727,0.32051282051282054,1,468,1,1,1,1
459,0528_c0007_020.jpg,528,6,-1,True,150,8550,0.8650953159001411,0.32119914346895073,1,467,1,1,1,1
460,0530_c0001_000.jpg,530,0,-1,True,150,8550,0.48915247179150184,0.436046511627907,1,344,1,1,1,1
461,0530_c0001_005.jpg,530,0,-1,True,150,8550,0.49450846935386283,0.4573170731707317,1,328,1,1,1,1
462,0530_c0001_010.jpg,530,0,-1,True,150,8550,0.5117251253514629,0.4573170731707317,1,328,1,1,1,1
463,0530_c0001_015.jpg,530,0,-1,True,150,8550,0.5287465231835156,0.4573170731707317,1,328,1,1,1,1
464,0530_c0001_020.jpg,530,0,-1,True,150,8550,0.5175394219750254,0.4573170731707317,1,328,1,1,1,1
465,0530_c0002_000.jpg,530,1,-1,True,150,8550,0.4302591589908879,0.32119914346895073,24,467,0,0,0,0
466,0530_c0002_005.jpg,530,1,-1,True,150,8550,0.3400374530181758,0.3640776699029126,27,412,0,0,0,0
467,0530_c0002_010.jpg,530,1,-1,True,150,8550,0.32425581785241986,0.4143646408839779,45,362,0,0,0,0
468,0530_c0002_015.jpg,530,1,-1,True,150,8550,0.33373613243686207,0.4178272980501393,37,359,0,0,0,0
469,0530_c0002_020.jpg,530,1,-1,True,150,8550,0.33375853985228815,0.45454545454545453,35,330,0,0,0,0
470,0530_c0003_000.jpg,530,2,-1,True,150,8550,0.35153625089073093,0.1889168765743073,2,794,0,1,1,1
471,0530_c0003_005.jpg,530,2,-1,True,150,8550,0.3791284105141981,0.1889168765743073,2,794,0,1,1,1
472,0530_c0003_010.jpg,530,2,-1,True,150,8550,0.3219509848261846,0.18404907975460122,7,815,0,0,1,1
473,0530_c0003_015.jpg,530,2,-1,True,150,8550,0.32384941324314814,0.18115942028985507,6,828,0,0,1,1
474,0530_c0003_020.jpg,530,2,-1,True,150,8550,0.3655384301271731,0.1865671641791045,7,804,0,0,1,1
475,0530_c0004_000.jpg,530,3,-1,True,150,8550,0.7079885081093991,0.26455026455026454,1,567,1,1,1,1
476,0530_c0004_005.jpg,530,3,-1,True,150,8550,0.6989856258881749,0.22354694485842028,1,671,1,1,1,1
477,0530_c0004_010.jpg,530,3,-1,True,150,8550,0.6555902706819684,0.21613832853025935,1,694,1,1,1,1
478,0530_c0004_015.jpg,530,3,-1,True,150,8550,0.6891794367097466,0.23148148148148148,1,648,1,1,1,1
479,0530_c0004_020.jpg,530,3,-1,True,150,8550,0.653167860128991,0.2994011976047904,1,501,1,1,1,1
480,0530_c0005_000.jpg,530,4,-1,True,150,8550,0.5584572643175505,0.2617801047120419,1,573,1,1,1,1
481,0530_c0005_005.jpg,530,4,-1,True,150,8550,0.5752275703322872,0.24193548387096775,1,620,1,1,1,1
482,0530_c0005_010.jpg,530,4,-1,True,150,8550,0.4977772488568961,0.25380710659898476,4,591,0,1,1,1
483,0530_c0005_015.jpg,530,4,-1,True,150,8550,0.5044334652891787,0.27624309392265195,4,543,0,1,1,1
484,0530_c0005_020.jpg,530,4,-1,True,150,8550,0.5047786039891603,0.2737226277372263,3,548,0,1,1,1
485,0530_c0006_000.jpg,530,5,-1,True,150,8550,0.57971298015234,0.21246458923512748,1,706,1,1,1,1
486,0530_c0006_005.jpg,530,5,-1,True,150,8550,0.6169019269503206,0.2018842530282638,1,743,1,1,1,1
487,0530_c0006_010.jpg,530,5,-1,True,150,8550,0.6364231768154516,0.21428571428571427,1,700,1,1,1,1
488,0530_c0006_015.jpg,530,5,-1,True,150,8550,0.5991298657208526,0.23622047244094488,1,635,1,1,1,1
489,0530_c0006_020.jpg,530,5,-1,True,150,8550,0.6659810176183439,0.21367521367521367,1,702,1,1,1,1
490,0530_c0008_000.jpg,530,7,-1,True,150,8550,0.32060122812707564,0.49504950495049505,39,303,0,0,0,0
491,0530_c0008_005.jpg,530,7,-1,True,150,8550,0.3203582386346048,0.49504950495049505,33,303,0,0,0,0
492,0530_c0008_010.jpg,530,7,-1,True,150,8550,0.3113016508387123,0.46439628482972134,51,323,0,0,0,0
493,0530_c0008_015.jpg,530,7,-1,True,150,8550,0.3097182525019918,0.4601226993865031,49,326,0,0,0,0
494,0530_c0008_020.jpg,530,7,-1,True,150,8550,0.30438381969402484,0.4573170731707317,37,328,0,0,0,0
495,0532_c0001_000.jpg,532,0,-1,True,175,8550,0.7939167582384458,0.3763440860215054,1,465,1,1,1,1
496,0532_c0001_005.jpg,532,0,-1,True,175,8550,0.799002872407668,0.38377192982456143,1,456,1,1,1,1
497,0532_c0001_010.jpg,532,0,-1,True,175,8550,0.7973916686458158,0.38461538461538464,1,455,1,1,1,1
498,0532_c0001_015.jpg,532,0,-1,True,175,8550,0.7884892885227979,0.3615702479338843,1,484,1,1,1,1
499,0532_c0001_020.jpg,532,0,-1,True,175,8550,0.7960278784375039,0.3564154786150713,1,491,1,1,1,1
500,0532_c0002_000.jpg,532,1,-1,True,175,8550,0.437875429383204,0.27386541471048514,5,639,0,1,1,1
501,0532_c0002_005.jpg,532,1,-1,True,175,8550,0.4265721518070501,0.2663622526636225,5,657,0,1,1,1
502,0532_c0002_010.jpg,532,1,-1,True,175,8550,0.4596181023907135,0.2777777777777778,3,630,0,1,1,1
503,0532_c0002_015.jpg,532,1,-1,True,175,8550,0.44629610349950605,0.2708978328173375,3,646,0,1,1,1
504,0532_c0002_020.jpg,532,1,-1,True,175,8550,0.3841372537498024,0.2684049079754601,13,652,0,0,0,1
505,0532_c0003_000.jpg,532,2,-1,True,175,8550,0.26541681012500024,0.264750378214826,30,661,0,0,0,0
506,0532_c0003_005.jpg,532,2,-1,True,175,8550,0.2693174310905714,0.2588757396449704,46,676,0,0,0,0
507,0532_c0003_010.jpg,532,2,-1,True,175,8550,0.2660142179704439,0.25547445255474455,18,685,0,0,0,1
508,0532_c0003_015.jpg,532,2,-1,True,175,8550,0.2656117990367184,0.2517985611510791,39,695,0,0,0,0
509,0532_c0003_020.jpg,532,2,-1,True,175,8550,0.27456550958505455,0.29411764705882354,27,595,0,0,0,0
510,0532_c0004_000.jpg,532,3,-1,True,175,8550,0.33645772500165255,0.34791252485089463,27,503,0,0,0,0
511,0532_c0004_005.jpg,532,3,-1,True,175,8550,0.31699685039133846,0.3424657534246575,34,511,0,0,0,0
512,0532_c0004_010.jpg,532,3,-1,True,175,8550,0.4653116923654781,0.45691906005221933,7,383,0,0,1,1
513,0532_c0004_015.jpg,532,3,-1,True,175,8550,0.43981608382535503,0.46296296296296297,13,378,0,0,0,1
514,0532_c0004_020.jpg,532,3,-1,True,175,8550,0.4421133895435861,0.47043010752688175,10,372,0,0,1,1
515,0532_c0005_000.jpg,532,4,-1,True,175,8550,0.8014916178034657,0.49019607843137253,1,357,1,1,1,1
516,0532_c0005_005.jpg,532,4,-1,True,175,8550,0.7932761130410056,0.5043227665706052,1,347,1,1,1,1
517,0532_c0005_010.jpg,532,4,-1,True,175,8550,0.8132629129320759,0.48746518105849584,1,359,1,1,1,1
518,0532_c0005_015.jpg,532,4,-1,True,175,8550,0.8986723134389221,0.5537974683544303,1,316,1,1,1,1
519,0532_c0005_020.jpg,532,4,-1,True,175,8550,0.8837123011665483,0.5303030303030303,1,330,1,1,1,1
520,0532_c0006_000.jpg,532,5,-1,True,175,8550,0.6240882756448028,0.40415704387990764,1,433,1,1,1,1
521,0532_c0006_005.jpg,532,5,-1,True,175,8550,0.812902775270133,0.4888268156424581,1,358,1,1,1,1
522,0532_c0006_010.jpg,532,5,-1,True,175,8550,0.7339125234922071,0.43209876543209874,1,405,1,1,1,1
523,0532_c0006_015.jpg,532,5,-1,True,175,8550,0.7396889784428916,0.43532338308457713,1,402,1,1,1,1
524,0532_c0006_020.jpg,532,5,-1,True,175,8550,0.7557396504760038,0.43859649122807015,1,399,1,1,1,1
525,0532_c0007_000.jpg,532,6,-1,True,175,8550,0.40869075944094246,0.501432664756447,55,349,0,0,0,0
526,0532_c0007_005.jpg,532,6,-1,True,175,8550,0.36526812590025665,0.4679144385026738,57,374,0,0,0,0
527,0532_c0007_010.jpg,532,6,-1,True,175,8550,0.41559798351533467,0.49575070821529743,53,353,0,0,0,0
528,0532_c0007_015.jpg,532,6,-1,True,175,8550,0.36409009243532964,0.4533678756476684,62,386,0,0,0,0
529,0532_c0007_020.jpg,532,6,-1,True,175,8550,0.3911538051511327,0.5072463768115942,48,345,0,0,0,0
530,0532_c0008_000.jpg,532,7,-1,True,175,8550,0.2527597715185653,0.26395173453996984,27,663,0,0,0,0
531,0532_c0008_005.jpg,532,7,-1,True,175,8550,0.23463622107904955,0.2700617283950617,30,648,0,0,0,0
532,0532_c0008_010.jpg,532,7,-1,True,175,8550,0.23822036788527579,0.258493353028065,33,677,0,0,0,0
533,0532_c0008_015.jpg,532,7,-1,True,175,8550,0.22300952968755414,0.27216174183514774,52,643,0,0,0,0
534,0532_c0008_020.jpg,532,7,-1,True,175,8550,0.27433107236238746,0.3027681660899654,26,578,0,0,0,0
535,0534_c0001_000.jpg,534,0,-1,True,150,8550,0.875525014566558,0.22727272727272727,1,660,1,1,1,1
536,0534_c0001_005.jpg,534,0,-1,True,150,8550,0.8791580304501828,0.22658610271903323,1,662,1,1,1,1
537,0534_c0001_010.jpg,534,0,-1,True,150,8550,0.8756700257060841,0.23961661341853036,1,626,1,1,1,1
538,0534_c0001_015.jpg,534,0,-1,True,150,8550,0.8731991015216852,0.23547880690737832,1,637,1,1,1,1
539,0534_c0001_020.jpg,534,0,-1,True,150,8550,0.8672753067994837,0.22058823529411764,1,680,1,1,1,1
540,0534_c0002_000.jpg,534,1,-1,True,150,8550,0.47861226264361845,0.43478260869565216,1,345,1,1,1,1
541,0534_c0002_005.jpg,534,1,-1,True,150,8550,0.4811909411529219,0.43478260869565216,1,345,1,1,1,1
542,0534_c0002_010.jpg,534,1,-1,True,150,8550,0.5027006559287256,0.4573170731707317,1,328,1,1,1,1
543,0534_c0002_015.jpg,534,1,-1,True,150,8550,0.5650174262412085,0.4854368932038835,1,309,1,1,1,1
544,0534_c0002_020.jpg,534,1,-1,True,150,8550,0.5172228907215345,0.4658385093167702,1,322,1,1,1,1
545,0534_c0004_000.jpg,534,3,-1,True,150,8550,0.4646916123149292,0.1822600243013366,13,823,0,0,0,1
546,0534_c0004_005.jpg,534,3,-1,True,150,8550,0.4268809130556457,0.18679950186799502,14,803,0,0,0,1
547,0534_c0004_010.jpg,534,3,-1,True,150,8550,0.5071761005624194,0.2109704641350211,14,711,0,0,0,1
548,0534_c0004_015.jpg,534,3,-1,True,150,8550,0.6707872256671333,0.2029769959404601,1,739,1,1,1,1
549,0534_c0004_020.jpg,534,3,-1,True,150,8550,0.5346124489250658,0.2604166666666667,12,576,0,0,0,1
550,0534_c0005_000.jpg,534,4,-1,True,150,8550,0.7788474472481314,0.22590361445783133,1,664,1,1,1,1
551,0534_c0005_005.jpg,534,4,-1,True,150,8550,0.7695934845196915,0.22658610271903323,1,662,1,1,1,1
552,0534_c0005_010.jpg,534,4,-1,True,150,8550,0.7733562839783636,0.2245508982035928,1,668,1,1,1,1
553,0534_c0005_015.jpg,534,4,-1,True,150,8550,0.7943151312899412,0.24,1,625,1,1,1,1
554,0534_c0005_020.jpg,534,4,-1,True,150,8550,0.801839284780456,0.2508361204013378,1,598,1,1,1,1
555,0534_c0006_000.jpg,534,5,-1,True,150,8550,0.9043260649405689,0.7352941176470589,1,204,1,1,1,1
556,0534_c0006_005.jpg,534,5,-1,True,150,8550,0.9628285698489386,0.8670520231213873,1,173,1,1,1,1
557,0534_c0006_010.jpg,534,5,-1,True,150,8550,0.9156113198958091,0.8287292817679558,1,181,1,1,1,1
558,0534_c0006_015.jpg,534,5,-1,True,150,8550,0.9635891999388465,0.8823529411764706,1,170,1,1,1,1
559,0534_c0006_020.jpg,534,5,-1,True,150,8550,0.9559879494678621,0.8620689655172413,1,174,1,1,1,1
560,0534_c0007_000.jpg,534,6,-1,True,150,8550,0.8826027917375417,0.31446540880503143,1,477,1,1,1,1
561,0534_c0007_005.jpg,534,6,-1,True,150,8550,0.8633752835209513,0.2508361204013378,1,598,1,1,1,1
562,0534_c0007_010.jpg,534,6,-1,True,150,8550,0.8650043958632558,0.26223776223776224,1,572,1,1,1,1
563,0534_c0007_015.jpg,534,6,-1,True,150,8550,0.8708137305794802,0.2798507462686567,1,536,1,1,1,1
564,0534_c0007_020.jpg,534,6,-1,True,150,8550,0.8855246998262032,0.3067484662576687,1,489,1,1,1,1
565,0534_c0008_000.jpg,534,7,-1,True,150,8550,0.8080325067250084,0.234375,1,640,1,1,1,1
566,0534_c0008_005.jpg,534,7,-1,True,150,8550,0.7795836205673571,0.23771790808240886,1,631,1,1,1,1
567,0534_c0008_010.jpg,534,7,-1,True,150,8550,0.7856705428871721,0.24115755627009647,1,622,1,1,1,1
568,0534_c0008_015.jpg,534,7,-1,True,150,8550,0.8145914827130902,0.20408163265306123,1,735,1,1,1,1
569,0534_c0008_020.jpg,534,7,-1,True,150,8550,0.8357532722729871,0.23923444976076555,1,627,1,1,1,1
570,0536_c0001_000.jpg,536,0,-1,True,75,8550,0.0757719446370122,0.10107816711590296,179,742,0,0,0,0
571,0536_c0001_005.jpg,536,0,-1,True,75,8550,0.07254140871985788,0.09481668773704172,230,791,0,0,0,0
572,0536_c0001_010.jpg,536,0,-1,True,75,8550,0.075004354288897,0.10302197802197802,186,728,0,0,0,0
573,0536_c0001_015.jpg,536,0,-1,True,75,8550,0.0739850988912938,0.09740259740259741,218,770,0,0,0,0
574,0536_c0001_020.jpg,536,0,-1,True,75,8550,0.06927814414473199,0.089179548156956,212,841,0,0,0,0
575,0536_c0002_000.jpg,536,1,-1,True,75,8550,0.09807046648807799,0.0881316098707403,28,851,0,0,0,0
576,0536_c0002_005.jpg,536,1,-1,True,75,8550,0.11569987674339717,0.07149666348903717,26,1049,0,0,0,0
577,0536_c0002_010.jpg,536,1,-1,True,75,8550,0.09964701702733701,0.07869884575026233,28,953,0,0,0,0
578,0536_c0002_015.jpg,536,1,-1,True,75,8550,0.0920442193560224,0.08581235697940504,31,874,0,0,0,0
579,0536_c0002_020.jpg,536,1,-1,True,75,8550,0.09387242499137091,0.07163323782234957,30,1047,0,0,0,0
580,0536_c0005_000.jpg,536,4,-1,True,75,8550,0.2545943611410367,0.09505703422053231,1,789,1,1,1,1
581,0536_c0005_005.jpg,536,4,-1,True,75,8550,0.3732916884986614,0.09778357235984354,1,767,1,1,1,1
582,0536_c0005_010.jpg,536,4,-1,True,75,8550,0.3498195161225112,0.09752925877763328,1,769,1,1,1,1
583,0536_c0005_015.jpg,536,4,-1,True,75,8550,0.13107535187735633,0.10838150289017341,31,692,0,0,0,0
584,0536_c0005_020.jpg,536,4,-1,True,75,8550,0.1254219039070942,0.10964912280701754,33,684,0,0,0,0
585,0536_c0006_000.jpg,536,5,-1,True,75,8550,0.02009327957034652,0.030902348578491966,1356,2427,0,0,0,0
586,0536_c0006_005.jpg,536,5,-1,True,75,8550,0.022283381810476954,0.03631961259079903,1297,2065,0,0,0,0
587,0536_c0006_010.jpg,536,5,-1,True,75,8550,0.025549831699360245,0.03991484832357637,1053,1879,0,0,0,0
588,0536_c0006_015.jpg,536,5,-1,True,75,8550,0.028604957598345245,0.044802867383512544,913,1674,0,0,0,0
589,0536_c0006_020.jpg,536,5,-1,True,75,8550,0.02697543914887623,0.04357931435212086,1071,1721,0,0,0,0
590,0538_c0001_000.jpg,538,0,-1,True,175,8550,0.25628587656062835,0.16666666666666666,46,1050,0,0,0,0
591,0538_c0001_005.jpg,538,0,-1,True,175,8550,0.2568984868869112,0.16385767790262173,32,1068,0,0,0,0
592,0538_c0001_010.jpg,538,0,-1,True,175,8550,0.2715170709675491,0.14595496246872394,26,1199,0,0,0,0
593,0538_c0001_015.jpg,538,0,-1,True,175,8550,0.26888888138386585,0.15391380826737028,26,1137,0,0,0,0
594,0538_c0001_020.jpg,538,0,-1,True,175,8550,0.2777836688007007,0.13471901462663588,26,1299,0,0,0,0
595,0538_c0002_000.jpg,538,1,-1,True,175,8550,0.3858803117961235,0.09474824038982133,25,1847,0,0,0,0
596,0538_c0002_005.jpg,538,1,-1,True,175,8550,0.3353433410844243,0.08629191321499013,26,2028,0,0,0,0
597,0538_c0002_010.jpg,538,1,-1,True,175,8550,0.36644966631508347,0.09015971148892324,25,1941,0,0,0,0
598,0538_c0002_015.jpg,538,1,-1,True,175,8550,0.3554754739892767,0.09006690684508492,26,1943,0,0,0,0
599,0538_c0002_020.jpg,538,1,-1,True,175,8550,0.35439315414552724,0.0891946992864424,25,1962,0,0,0,0
600,0538_c0003_000.jpg,538,2,-1,True,175,8550,0.0533147748519425,0.07705856450902686,485,2271,0,0,0,0
601,0538_c0003_005.jpg,538,2,-1,True,175,8550,0.1454832099991303,0.1697381183317168,95,1031,0,0,0,0
602,0538_c0003_010.jpg,538,2,-1,True,175,8550,0.23115712454493803,0.32169117647058826,64,544,0,0,0,0
603,0538_c0003_015.jpg,538,2,-1,True,175,8550,0.3639192277721054,0.390625,2,448,0,1,1,1
604,0538_c0003_020.jpg,538,2,-1,True,175,8550,0.5137306362727061,0.4679144385026738,1,374,1,1,1,1
605,0538_c0004_000.jpg,538,3,-1,True,175,8550,0.5190750229231815,0.10930668332292318,1,1601,1,1,1,1
606,0538_c0004_005.jpg,538,3,-1,True,175,8550,0.5926194048843975,0.092445853143159,1,1893,1,1,1,1
607,0538_c0004_010.jpg,538,3,-1,True,175,8550,0.5714625212915689,0.0863344844597928,1,2027,1,1,1,1
608,0538_c0004_015.jpg,538,3,-1,True,175,8550,0.6646329062773411,0.09652509652509653,1,1813,1,1,1,1
609,0538_c0004_020.jpg,538,3,-1,True,175,8550,0.6706455461140484,0.11304909560723514,1,1548,1,1,1,1
610,0538_c0005_000.jpg,538,4,-1,True,175,8550,0.1363130344578042,0.06733358984224702,113,2599,0,0,0,0
611,0538_c0005_005.jpg,538,4,-1,True,175,8550,0.14725538169400185,0.0696656050955414,107,2512,0,0,0,0
612,0538_c0005_010.jpg,538,4,-1,True,175,8550,0.1506571387122217,0.06814641744548286,104,2568,0,0,0,0
613,0538_c0005_015.jpg,538,4,-1,True,175,8550,0.1620159622566801,0.07154538021259199,97,2446,0,0,0,0
614,0538_c0005_020.jpg,538,4,-1,True,175,8550,0.1568107643483897,0.07139942880456956,106,2451,0,0,0,0
615,0538_c0006_000.jpg,538,5,-1,True,175,8550,0.4215883913955676,0.07965407373691398,1,2197,1,1,1,1
616,0538_c0006_005.jpg,538,5,-1,True,175,8550,0.42726591369836026,0.07829977628635347,1,2235,1,1,1,1
617,0538_c0006_010.jpg,538,5,-1,True,175,8550,0.44768006880624384,0.0756266205704408,1,2314,1,1,1,1
618,0538_c0006_015.jpg,538,5,-1,True,175,8550,0.4643590342439433,0.07826475849731664,1,2236,1,1,1,1
619,0538_c0006_020.jpg,538,5,-1,True,175,8550,0.47139730986886647,0.07655293088363954,1,2286,1,1,1,1
620,0538_c0007_000.jpg,538,6,-1,True,175,8550,0.4627097286002553,0.0983698707138842,24,1779,0,0,0,0
621,0538_c0007_005.jpg,538,6,-1,True,175,8550,0.4350616474477202,0.102880658436214,24,1701,0,0,0,0
622,0538_c0007_010.jpg,538,6,-1,True,175,8550,0.4470920557740636,0.09760178471834914,26,1793,0,0,0,0
623,0538_c0007_015.jpg,538,6,-1,True,175,8550,0.4425858074209292,0.09937535491198182,26,1761,0,0,0,0
624,0538_c0007_020.jpg,538,6,-1,True,175,8550,0.44740966016768735,0.09898190045248868,26,1768,0,0,0,0
625,0538_c0008_000.jpg,538,7,-1,True,175,8550,0.4380306331775795,0.10251903925014645,40,1707,0,0,0,0
626,0538_c0008_005.jpg,538,7,-1,True,175,8550,0.43683553163850253,0.10510510510510511,30,1665,0,0,0,0
627,0538_c0008_010.jpg,538,7,-1,True,175,8550,0.45570607657073764,0.10336680448907265,13,1693,0,0,0,1
628,0538_c0008_015.jpg,538,7,-1,True,175,8550,0.45049284052980126,0.10548523206751055,15,1659,0,0,0,1
629,0538_c0008_020.jpg,538,7,-1,True,175,8550,0.45207895463109626,0.1047277079593058,13,1671,0,0,0,1
630,0540_c0001_000.jpg,540,0,-1,True,175,8550,0.6964845785345389,0.1650943396226415,1,1060,1,1,1,1
631,0540_c0001_005.jpg,540,0,-1,True,175,8550,0.686532528683083,0.16248839368616527,1,1077,1,1,1,1
632,0540_c0001_010.jpg,540,0,-1,True,175,8550,0.6886503335176184,0.16634980988593157,1,1052,1,1,1,1
633,0540_c0001_015.jpg,540,0,-1,True,175,8550,0.7219610348893549,0.16556291390728478,1,1057,1,1,1,1
634,0540_c0001_020.jpg,540,0,-1,True,175,8550,0.7217486099451225,0.16810758885686838,1,1041,1,1,1,1
635,0540_c0002_000.jpg,540,1,-1,True,175,8550,0.2980067063934788,0.1144538914323087,28,1529,0,0,0,0
636,0540_c0002_005.jpg,540,1,-1,True,175,8550,0.2281030363143146,0.11682242990654206,83,1498,0,0,0,0
637,0540_c0002_010.jpg,540,1,-1,True,175,8550,0.237032687161761,0.12161223071577484,74,1439,0,0,0,0
638,0540_c0002_015.jpg,540,1,-1,True,175,8550,0.19498421957423562,0.109717868338558,70,1595,0,0,0,0
639,0540_c0002_020.jpg,540,1,-1,True,175,8550,0.20775832487357368,0.12010981468771448,52,1457,0,0,0,0
640,0540_c0003_000.jpg,540,2,-1,True,175,8550,0.8695852942852133,0.1394422310756972,1,1255,1,1,1,1
641,0540_c0003_005.jpg,540,2,-1,True,175,8550,0.8795670239590374,0.1589464123524069,1,1101,1,1,1,1
642,0540_c0003_010.jpg,540,2,-1,True,175,8550,0.8794966718898479,0.15034364261168384,1,1164,1,1,1,1
643,0540_c0003_015.jpg,540,2,-1,True,175,8550,0.8790637177599716,0.15099223468507333,1,1159,1,1,1,1
644,0540_c0003_020.jpg,540,2,-1,True,175,8550,0.8697112536035752,0.15177797051170858,1,1153,1,1,1,1
645,0540_c0004_000.jpg,540,3,-1,True,175,8550,0.6515013455150964,0.15060240963855423,1,1162,1,1,1,1
646,0540_c0004_005.jpg,540,3,-1,True,175,8550,0.6884901540202728,0.16355140186915887,1,1070,1,1,1,1
647,0540_c0004_010.jpg,540,3,-1,True,175,8550,0.6676854041899685,0.15377855887521968,1,1138,1,1,1,1
648,0540_c0004_015.jpg,540,3,-1,True,175,8550,0.6712382132579652,0.1652502360717658,1,1059,1,1,1,1
649,0540_c0004_020.jpg,540,3,-1,True,175,8550,0.6511765499722914,0.1483050847457627,1,1180,1,1,1,1
650,0540_c0005_000.jpg,540,4,-1,True,175,8550,0.8635245519133508,0.15681003584229392,1,1116,1,1,1,1
651,0540_c0005_005.jpg,540,4,-1,True,175,8550,0.869511737310172,0.15611061552185548,1,1121,1,1,1,1
652,0540_c0005_010.jpg,540,4,-1,True,175,8550,0.8757525193764016,0.1570915619389587,1,1114,1,1,1,1
653,0540_c0005_015.jpg,540,4,-1,True,175,8550,0.8726253754006624,0.16355140186915887,1,1070,1,1,1,1
654,0540_c0005_020.jpg,540,4,-1,True,175,8550,0.8798842955762588,0.1592356687898089,1,1099,1,1,1,1
655,0540_c0006_000.jpg,540,5,-1,True,175,8550,0.876876305023072,0.13389441469013008,1,1307,1,1,1,1
656,0540_c0006_005.jpg,540,5,-1,True,175,8550,0.8774383336401539,0.1363990646921278,1,1283,1,1,1,1
657,0540_c0006_010.jpg,540,5,-1,True,175,8550,0.8768265174008103,0.1343054489639294,1,1303,1,1,1,1
658,0540_c0006_015.jpg,540,5,-1,True,175,8550,0.8749135909614979,0.12745812090313183,1,1373,1,1,1,1
659,0540_c0006_020.jpg,540,5,-1,True,175,8550,0.8771396079180281,0.13197586726998492,1,1326,1,1,1,1
660,0540_c0007_000.jpg,540,6,-1,True,175,8550,0.7627964211145516,0.27910685805422647,1,627,1,1,1,1
661,0540_c0007_005.jpg,540,6,-1,True,175,8550,0.7503818102344924,0.23333333333333334,1,750,1,1,1,1
662,0540_c0007_010.jpg,540,6,-1,True,175,8550,0.8081596043198731,0.2600297176820208,1,673,1,1,1,1
663,0540_c0007_015.jpg,540,6,-1,True,175,8550,0.8084514821364969,0.25,1,700,1,1,1,1
664,0540_c0007_020.jpg,540,6,-1,True,175,8550,0.8115782573535343,0.25584795321637427,1,684,1,1,1,1
665,0540_c0008_000.jpg,540,7,-1,True,175,8550,0.585407553842484,0.2827140549273021,1,619,1,1,1,1
666,0540_c0008_005.jpg,540,7,-1,True,175,8550,0.6548539296237866,0.30755711775043937,1,569,1,1,1,1
667,0540_c0008_010.jpg,540,7,-1,True,175,8550,0.5295605952292802,0.26515151515151514,1,660,1,1,1,1
668,0540_c0008_015.jpg,540,7,-1,True,175,8550,0.596647878015964,0.32051282051282054,1,546,1,1,1,1
669,0540_c0008_020.jpg,540,7,-1,True,175,8550,0.4268281071669901,0.2468265162200282,1,709,1,1,1,1
670,0542_c0001_000.jpg,542,0,-1,True,150,8550,0.08420323234609997,0.0294811320754717,46,5088,0,0,0,0
671,0542_c0001_005.jpg,542,0,-1,True,150,8550,0.2811691623580618,0.02546257002206756,1,5891,1,1,1,1
672,0542_c0001_010.jpg,542,0,-1,True,150,8550,0.17899162772161215,0.02727272727272727,2,5500,0,1,1,1
673,0542_c0001_015.jpg,542,0,-1,True,150,8550,0.1966518803375145,0.026605179141539554,3,5638,0,1,1,1
674,0542_c0001_020.jpg,542,0,-1,True,150,8550,0.28480163732659763,0.02636667252592723,1,5689,1,1,1,1
675,0542_c0002_000.jpg,542,1,-1,True,150,8550,0.11405140705068732,0.058639562157935886,34,2558,0,0,0,0
676,0542_c0002_005.jpg,542,1,-1,True,150,8550,0.1614202392665674,0.05496518871381458,1,2729,1,1,1,1
677,0542_c0002_010.jpg,542,1,-1,True,150,8550,0.27124518078448084,0.050352467270896276,1,2979,1,1,1,1
678,0542_c0002_015.jpg,542,1,-1,True,150,8550,0.270867018297032,0.041413583655438985,1,3622,1,1,1,1
679,0542_c0002_020.jpg,542,1,-1,True,150,8550,0.24356821773560589,0.04299226139294927,1,3489,1,1,1,1
680,0542_c0004_000.jpg,542,3,-1,True,150,8550,0.095402306077158,0.02524402558061259,26,5942,0,0,0,0
681,0542_c0004_005.jpg,542,3,-1,True,150,8550,0.09594735959033647,0.025020850708924104,26,5995,0,0,0,0
682,0542_c0004_010.jpg,542,3,-1,True,150,8550,0.10245344342743176,0.02524827470122875,15,5941,0,0,0,1
683,0542_c0004_015.jpg,542,3,-1,True,150,8550,0.1027560942843947,0.024723916268336903,18,6067,0,0,0,1
684,0542_c0004_020.jpg,542,3,-1,True,150,8550,0.10257751375239114,0.025218560860793545,22,5948,0,0,0,0
685,0542_c0005_000.jpg,542,4,-1,True,150,8550,0.28852000313588244,0.024287564766839378,1,6176,1,1,1,1
686,0542_c0005_005.jpg,542,4,-1,True,150,8550,0.3462277620901406,0.024925224327018942,1,6018,1,1,1,1
687,0542_c0005_010.jpg,542,4,-1,True,150,8550,0.3422463228030003,0.024342745861733205,1,6162,1,1,1,1
688,0542_c0005_015.jpg,542,4,-1,True,150,8550,0.33062607978324915,0.024469820554649267,1,6130,1,1,1,1
689,0542_c0005_020.jpg,542,4,-1,True,150,8550,0.3110931072071183,0.024,1,6250,1,1,1,1
690,0542_c0006_000.jpg,542,5,-1,True,150,8550,0.33487628909089723,0.026246719160104987,1,5715,1,1,1,1
691,0542_c0006_005.jpg,542,5,-1,True,150,8550,0.3527113303537337,0.02665718855518038,1,5627,1,1,1,1
692,0542_c0006_010.jpg,542,5,-1,True,150,8550,0.35705196494008296,0.02638058389025677,1,5686,1,1,1,1
693,0542_c0006_015.jpg,542,5,-1,True,150,8550,0.3377306636079289,0.025117213663764234,1,5972,1,1,1,1
694,0542_c0006_020.jpg,542,5,-1,True,150,8550,0.35804188576648577,0.025839793281653745,1,5805,1,1,1,1
695,0542_c0007_000.jpg,542,6,-1,True,150,8550,0.21807660477366972,0.044762757385854966,26,3351,0,0,0,0
696,0542_c0007_005.jpg,542,6,-1,True,150,8550,0.13519647621966022,0.051688490696071676,26,2902,0,0,0,0
697,0542_c0007_010.jpg,542,6,-1,True,150,8550,0.23022173420209516,0.0473186119873817,26,3170,0,0,0,0
698,0542_c0007_015.jpg,542,6,-1,True,150,8550,0.1915220139906263,0.046845721424109935,26,3202,0,0,0,0
699,0542_c0007_020.jpg,542,6,-1,True,150,8550,0.16854121345135606,0.057515337423312884,26,2608,0,0,0,0
700,0542_c0008_000.jpg,542,7,-1,True,150,8550,0.21204159115433638,0.02404616864379609,1,6238,1,1,1,1
701,0542_c0008_005.jpg,542,7,-1,True,150,8550,0.21502031831100174,0.02376425855513308,1,6312,1,1,1,1
702,0542_c0008_010.jpg,542,7,-1,True,150,8550,0.20558804835698538,0.02352203230359103,1,6377,1,1,1,1
703,0542_c0008_015.jpg,542,7,-1,True,150,8550,0.2104066193945167,0.02332452184730213,1,6431,1,1,1,1
704,0542_c0008_020.jpg,542,7,-1,True,150,8550,0.20808222249050223,0.02352203230359103,1,6377,1,1,1,1
705,0544_c0001_000.jpg,544,0,-1,True,150,8550,0.2866655134618627,0.0847457627118644,1,1770,1,1,1,1
706,0544_c0001_005.jpg,544,0,-1,True,150,8550,0.13461552114155148,0.07712082262210797,28,1945,0,0,0,0
707,0544_c0001_010.jpg,544,0,-1,True,150,8550,0.19010499820741658,0.08797653958944282,1,1705,1,1,1,1
708,0544_c0001_015.jpg,544,0,-1,True,150,8550,0.2098488488884181,0.09357454772301933,4,1603,0,1,1,1
709,0544_c0001_020.jpg,544,0,-1,True,150,8550,0.2452360962448414,0.08347245409015025,1,1797,1,1,1,1
710,0544_c0002_000.jpg,544,1,-1,True,150,8550,0.2123825175840772,0.08493771234428087,17,1766,0,0,0,1
711,0544_c0002_005.jpg,544,1,-1,True,150,8550,0.1963881075984815,0.08125677139761647,30,1846,0,0,0,0
712,0544_c0002_010.jpg,544,1,-1,True,150,8550,0.28423226174547683,0.08912655971479501,1,1683,1,1,1,1
713,0544_c0002_015.jpg,544,1,-1,True,150,8550,0.2025680210736935,0.08296460176991151,20,1808,0,0,0,1
714,0544_c0002_020.jpg,544,1,-1,True,150,8550,0.15577852578692872,0.08891523414344991,34,1687,0,0,0,0
715,0544_c0003_000.jpg,544,2,-1,True,150,8550,0.6051040845923135,0.11727912431587177,1,1279,1,1,1,1
716,0544_c0003_005.jpg,544,2,-1,True,150,8550,0.6226404500950296,0.11645962732919254,1,1288,1,1,1,1
717,0544_c0003_010.jpg,544,2,-1,True,150,8550,0.6206997725918245,0.1254180602006689,1,1196,1,1,1,1
718,0544_c0003_015.jpg,544,2,-1,True,150,8550,0.6023210961425899,0.12964563526361278,1,1157,1,1,1,1
719,0544_c0003_020.jpg,544,2,-1,True,150,8550,0.6199142946984747,0.15756302521008403,1,952,1,1,1,1
720,0544_c0005_000.jpg,544,4,-1,True,150,8550,0.6364102838858484,0.1171875,1,1280,1,1,1,1
721,0544_c0005_005.jpg,544,4,-1,True,150,8550,0.661566615560681,0.11746280344557557,1,1277,1,1,1,1
722,0544_c0005_010.jpg,544,4,-1,True,150,8550,0.5148902353619587,0.08090614886731391,1,1854,1,1,1,1
723,0544_c0005_015.jpg,544,4,-1,True,150,8550,0.5321942034692508,0.08441193021947102,1,1777,1,1,1,1
724,0544_c0005_020.jpg,544,4,-1,True,150,8550,0.5401359743735598,0.09151921903599756,1,1639,1,1,1,1
725,0544_c0006_000.jpg,544,5,-1,True,150,8550,0.7173919250748323,0.18796992481203006,1,798,1,1,1,1
726,0544_c0006_005.jpg,544,5,-1,True,150,8550,0.6794823202182163,0.1388888888888889,1,1080,1,1,1,1
727,0544_c0006_010.jpg,544,5,-1,True,150,8550,0.6995715753518917,0.15608740894901144,1,961,1,1,1,1
728,0544_c0006_015.jpg,544,5,-1,True,150,8550,0.6766442837045774,0.1274426508071368,1,1177,1,1,1,1
729,0544_c0006_020.jpg,544,5,-1,True,150,8550,0.6494313982808139,0.1266891891891892,1,1184,1,1,1,1
730,0544_c0007_000.jpg,544,6,-1,True,150,8550,0.46684446721099393,0.08992805755395683,1,1668,1,1,1,1
731,0544_c0007_005.jpg,544,6,-1,True,150,8550,0.46699299924280413,0.08361204013377926,1,1794,1,1,1,1
732,0544_c0007_010.jpg,544,6,-1,True,150,8550,0.3989633762689841,0.07537688442211055,1,1990,1,1,1,1
733,0544_c0007_015.jpg,544,6,-1,True,150,8550,0.38280755299735975,0.0728862973760933,1,2058,1,1,1,1
734,0544_c0007_020.jpg,544,6,-1,True,150,8550,0.48204365269782445,0.07260406582768635,1,2066,1,1,1,1
735,0544_c0008_000.jpg,544,7,-1,True,150,8550,0.9723946739556087,0.7009345794392523,1,214,1,1,1,1
736,0544_c0008_005.jpg,544,7,-1,True,150,8550,0.9337436050486203,0.47770700636942676,1,314,1,1,1,1
737,0544_c0008_010.jpg,544,7,-1,True,150,8550,0.9135624178682124,0.5,1,300,1,1,1,1
738,0544_c0008_015.jpg,544,7,-1,True,150,8550,0.9367102898728706,0.5976095617529881,1,251,1,1,1,1
739,0544_c0008_020.jpg,544,7,-1,True,150,8550,0.8778214164651422,0.5494505494505495,1,273,1,1,1,1
740,0546_c0002_000.jpg,546,1,-1,True,75,8550,0.26976596391302377,0.3393665158371041,42,221,0,0,0,0
741,0546_c0002_005.jpg,546,1,-1,True,75,8550,0.2616211466830842,0.3588516746411483,51,209,0,0,0,0
742,0546_c0002_010.jpg,546,1,-1,True,75,8550,0.2768106597527577,0.3588516746411483,51,209,0,0,0,0
743,0546_c0002_015.jpg,546,1,-1,True,75,8550,0.3438254511726005,0.4437869822485207,33,169,0,0,0,0
744,0546_c0002_020.jpg,546,1,-1,True,75,8550,0.27888659721562503,0.3865979381443299,57,194,0,0,0,0
745,0546_c0004_000.jpg,546,3,-1,True,75,8550,1.0,1.0,1,75,1,1,1,1
746,0546_c0004_005.jpg,546,3,-1,True,75,8550,1.0,1.0,1,75,1,1,1,1
747,0546_c0004_010.jpg,546,3,-1,True,75,8550,1.0,1.0,1,75,1,1,1,1
748,0546_c0004_015.jpg,546,3,-1,True,75,8550,1.0,1.0,1,75,1,1,1,1
749,0546_c0004_020.jpg,546,3,-1,True,75,8550,1.0,1.0,1,75,1,1,1,1
750,0546_c0007_000.jpg,546,6,-1,True,75,8550,0.8931767426291866,0.8064516129032258,1,93,1,1,1,1
751,0546_c0007_005.jpg,546,6,-1,True,75,8550,0.9819575063804672,0.8620689655172413,1,87,1,1,1,1
752,0546_c0007_010.jpg,546,6,-1,True,75,8550,0.9685567651390913,0.8426966292134831,1,89,1,1,1,1
753,0546_c0007_015.jpg,546,6,-1,True,75,8550,0.9504247747864836,0.8426966292134831,1,89,1,1,1,1
754,0546_c0007_020.jpg,546,6,-1,True,75,8550,0.9727617692179586,0.8522727272727273,1,88,1,1,1,1
755,0546_c0008_000.jpg,546,7,-1,True,75,8550,1.0,1.0,1,75,1,1,1,1
756,0546_c0008_005.jpg,546,7,-1,True,75,8550,1.0,1.0,1,75,1,1,1,1
757,0546_c0008_010.jpg,546,7,-1,True,75,8550,1.0,1.0,1,75,1,1,1,1
758,0546_c0008_015.jpg,546,7,-1,True,75,8550,1.0,1.0,1,75,1,1,1,1
759,0546_c0008_020.jpg,546,7,-1,True,75,8550,1.0,1.0,1,75,1,1,1,1
760,0548_c0001_000.jpg,548,0,-1,True,125,8550,0.8373827138113286,0.16233766233766234,1,770,1,1,1,1
761,0548_c0001_005.jpg,548,0,-1,True,125,8550,0.8295928592668615,0.13312034078807242,1,939,1,1,1,1
762,0548_c0001_010.jpg,548,0,-1,True,125,8550,0.8341922573555455,0.15042117930204574,1,831,1,1,1,1
763,0548_c0001_015.jpg,548,0,-1,True,125,8550,0.8282417848819228,0.13426423200859292,1,931,1,1,1,1
764,0548_c0001_020.jpg,548,0,-1,True,125,8550,0.8302912969966335,0.13572204125950055,1,921,1,1,1,1
765,0548_c0002_000.jpg,548,1,-1,True,125,8550,0.25492095317834257,0.2446183953033268,28,511,0,0,0,0
766,0548_c0002_005.jpg,548,1,-1,True,125,8550,0.25867224424979623,0.22401433691756273,15,558,0,0,0,1
767,0548_c0002_010.jpg,548,1,-1,True,125,8550,0.25566028745689134,0.2204585537918871,34,567,0,0,0,0
768,0548_c0002_015.jpg,548,1,-1,True,125,8550,0.25867478698190505,0.21114864864864866,54,592,0,0,0,0
769,0548_c0002_020.jpg,548,1,-1,True,125,8550,0.29208402474301626,0.2336448598130841,12,535,0,0,0,1
770,0548_c0003_000.jpg,548,2,-1,True,125,8550,0.6340405955506224,0.2840909090909091,1,440,1,1,1,1
771,0548_c0003_005.jpg,548,2,-1,True,125,8550,0.6265622129113082,0.27233115468409586,1,459,1,1,1,1
772,0548_c0003_010.jpg,548,2,-1,True,125,8550,0.6183861179728886,0.27056277056277056,1,462,1,1,1,1
773,0548_c0003_015.jpg,548,2,-1,True,125,8550,0.6004261317148607,0.2446183953033268,1,511,1,1,1,1
774,0548_c0003_020.jpg,548,2,-1,True,125,8550,0.6220441446936809,0.27056277056277056,1,462,1,1,1,1
775,0548_c0005_000.jpg,548,4,-1,True,125,8550,0.8413664504630273,0.20764119601328904,1,602,1,1,1,1
776,0548_c0005_005.jpg,548,4,-1,True,125,8550,0.8414090939883975,0.21258503401360543,1,588,1,1,1,1
777,0548_c0005_010.jpg,548,4,-1,True,125,8550,0.8457134264804601,0.22977941176470587,1,544,1,1,1,1
778,0548_c0005_015.jpg,548,4,-1,True,125,8550,0.8432324296265526,0.21853146853146854,1,572,1,1,1,1
779,0548_c0005_020.jpg,548,4,-1,True,125,8550,0.8373458380758577,0.21663778162911612,1,577,1,1,1,1
780,0548_c0006_000.jpg,548,5,-1,True,125,8550,0.5977592067150632,0.17123287671232876,1,730,1,1,1,1
781,0548_c0006_005.jpg,548,5,-1,True,125,8550,0.6215940595627062,0.16801075268817203,1,744,1,1,1,1
782,0548_c0006_010.jpg,548,5,-1,True,125,8550,0.6042385029351122,0.18037518037518038,1,693,1,1,1,1
783,0548_c0006_015.jpg,548,5,-1,True,125,8550,0.5728262865685153,0.18382352941176472,1,680,1,1,1,1
784,0548_c0006_020.jpg,548,5,-1,True,125,8550,0.6106134391587621,0.18712574850299402,1,668,1,1,1,1
785,0548_c0007_000.jpg,548,6,-1,True,125,8550,0.2954618413544311,0.27901785714285715,43,448,0,0,0,0
786,0548_c0007_005.jpg,548,6,-1,True,125,8550,0.35250866983721024,0.3132832080200501,16,399,0,0,0,1
787,0548_c0007_010.jpg,548,6,-1,True,125,8550,0.5950989202631947,0.32722513089005234,1,382,1,1,1,1
788,0548_c0007_015.jpg,548,6,-1,True,125,8550,0.611021419877495,0.3263707571801567,1,383,1,1,1,1
789,0548_c0007_020.jpg,548,6,-1,True,125,8550,0.5808568744862257,0.33692722371967654,1,371,1,1,1,1
790,0550_c0001_000.jpg,550,0,-1,True,175,8550,0.4433396951767074,0.19707207207207209,1,888,1,1,1,1
791,0550_c0001_005.jpg,550,0,-1,True,175,8550,0.4114224394788971,0.2044392523364486,1,856,1,1,1,1
792,0550_c0001_010.jpg,550,0,-1,True,175,8550,0.5081261835478691,0.21008403361344538,1,833,1,1,1,1
793,0550_c0001_015.jpg,550,0,-1,True,175,8550,0.43849756184215244,0.20588235294117646,1,850,1,1,1,1
794,0550_c0001_020.jpg,550,0,-1,True,175,8550,0.41596607759029786,0.19751693002257337,1,886,1,1,1,1
795,0550_c0002_000.jpg,550,1,-1,True,175,8550,0.6491431618276579,0.18421052631578946,1,950,1,1,1,1
796,0550_c0002_005.jpg,550,1,-1,True,175,8550,0.6267264498771669,0.17430278884462153,1,1004,1,1,1,1
797,0550_c0002_010.jpg,550,1,-1,True,175,8550,0.47691615771305107,0.16447368421052633,1,1064,1,1,1,1
798,0550_c0002_015.jpg,550,1,-1,True,175,8550,0.5871143772563943,0.19273127753303965,1,908,1,1,1,1
799,0550_c0002_020.jpg,550,1,-1,True,175,8550,0.6037413539940472,0.17658930373360243,1,991,1,1,1,1
800,0550_c0003_000.jpg,550,2,-1,True,175,8550,0.2546716179862254,0.15099223468507333,1,1159,1,1,1,1
801,0550_c0003_005.jpg,550,2,-1,True,175,8550,0.2743140556232543,0.15611061552185548,1,1121,1,1,1,1
802,0550_c0003_010.jpg,550,2,-1,True,175,8550,0.22444200615948895,0.15177797051170858,1,1153,1,1,1,1
803,0550_c0003_015.jpg,550,2,-1,True,175,8550,0.3088531549427773,0.16682554814108674,1,1049,1,1,1,1
804,0550_c0003_020.jpg,550,2,-1,True,175,8550,0.24828710218717817,0.15364354697102722,1,1139,1,1,1,1
805,0550_c0004_000.jpg,550,3,-1,True,175,8550,0.3904888932544686,0.18878101402373246,3,927,0,1,1,1
806,0550_c0004_005.jpg,550,3,-1,True,175,8550,0.2447871972859785,0.16055045871559634,16,1090,0,0,0,1
807,0550_c0004_010.jpg,550,3,-1,True,175,8550,0.23553641533385972,0.14644351464435146,19,1195,0,0,0,1
808,0550_c0004_015.jpg,550,3,-1,True,175,8550,0.2463394500271129,0.14906303236797275,19,1174,0,0,0,1
809,0550_c0004_020.jpg,550,3,-1,True,175,8550,0.40963472800761475,0.17552657973921765,4,997,0,1,1,1
810,0550_c0005_000.jpg,550,4,-1,True,175,8550,0.3350335215434762,0.21929824561403508,7,798,0,0,1,1
811,0550_c0005_005.jpg,550,4,-1,True,175,8550,0.5599975535413779,0.19931662870159453,1,878,1,1,1,1
812,0550_c0005_010.jpg,550,4,-1,True,175,8550,0.6685589451471851,0.18617021276595744,1,940,1,1,1,1
813,0550_c0005_015.jpg,550,4,-1,True,175,8550,0.5456319578567617,0.1592356687898089,1,1099,1,1,1,1
814,0550_c0005_020.jpg,550,4,-1,True,175,8550,0.5456319578567617,0.1592356687898089,1,1099,1,1,1,1
815,0550_c0006_000.jpg,550,5,-1,True,175,8550,0.4026579490384446,0.14855687606112053,1,1178,1,1,1,1
816,0550_c0006_005.jpg,550,5,-1,True,175,8550,0.36436932189032195,0.13576415826221877,1,1289,1,1,1,1
817,0550_c0006_010.jpg,550,5,-1,True,175,8550,0.3347948769282615,0.12280701754385964,1,1425,1,1,1,1
818,0550_c0006_015.jpg,550,5,-1,True,175,8550,0.3957032214301056,0.14780405405405406,1,1184,1,1,1,1
819,0550_c0006_020.jpg,550,5,-1,True,175,8550,0.3884758453748035,0.13148009015777612,1,1331,1,1,1,1
820,0550_c0007_000.jpg,550,6,-1,True,175,8550,0.5762703075205635,0.2503576537911302,1,699,1,1,1,1
821,0550_c0007_005.jpg,550,6,-1,True,175,8550,0.5524161292664873,0.24305555555555555,1,720,1,1,1,1
822,0550_c0007_010.jpg,550,6,-1,True,175,8550,0.5620799214310732,0.24171270718232044,1,724,1,1,1,1
823,0550_c0007_015.jpg,550,6,-1,True,175,8550,0.5634329855912928,0.23777173913043478,1,736,1,1,1,1
824,0550_c0007_020.jpg,550,6,-1,True,175,8550,0.5540329182235486,0.2521613832853026,1,694,1,1,1,1
825,0550_c0008_000.jpg,550,7,-1,True,175,8550,0.6610771930873872,0.18676627534685167,1,937,1,1,1,1
826,0550_c0008_005.jpg,550,7,-1,True,175,8550,0.6717994791635885,0.17587939698492464,1,995,1,1,1,1
827,0550_c0008_010.jpg,550,7,-1,True,175,8550,0.5715998322022645,0.15151515151515152,1,1155,1,1,1,1
828,0550_c0008_015.jpg,550,7,-1,True,175,8550,0.5947427473065682,0.15952597994530537,1,1097,1,1,1,1
829,0550_c0008_020.jpg,550,7,-1,True,175,8550,0.5499298003759547,0.1744765702891326,1,1003,1,1,1,1
830,0552_c0001_000.jpg,552,0,-1,True,175,8550,0.19625615615288455,0.09464575446187128,6,1849,0,0,1,1
831,0552_c0001_005.jpg,552,0,-1,True,175,8550,0.18836823654088392,0.09684560044272275,13,1807,0,0,0,1
832,0552_c0001_010.jpg,552,0,-1,True,175,8550,0.19584728232390716,0.09887005649717515,10,1770,0,0,1,1
833,0552_c0001_015.jpg,552,0,-1,True,175,8550,0.18825761140523306,0.09521218715995647,13,1838,0,0,0,1
834,0552_c0001_020.jpg,552,0,-1,True,175,8550,0.18729341084762488,0.0920568122041031,17,1901,0,0,0,1
835,0552_c0002_000.jpg,552,1,-1,True,175,8550,0.33788631351950277,0.24544179523141654,12,713,0,0,0,1
836,0552_c0002_005.jpg,552,1,-1,True,175,8550,0.334065380058967,0.24204702627939143,12,723,0,0,0,1
837,0552_c0002_010.jpg,552,1,-1,True,175,8550,0.36858379420548937,0.24613220815752462,9,711,0,0,1,1
838,0552_c0002_015.jpg,552,1,-1,True,175,8550,0.384182116851465,0.2514367816091954,2,696,0,1,1,1
839,0552_c0002_020.jpg,552,1,-1,True,175,8550,0.3993097451914517,0.2588757396449704,1,676,1,1,1,1
840,0552_c0003_000.jpg,552,2,-1,True,175,8550,0.8972853365362369,0.4107981220657277,1,426,1,1,1,1
841,0552_c0003_005.jpg,552,2,-1,True,175,8550,0.8907559617964668,0.43209876543209874,1,405,1,1,1,1
842,0552_c0003_010.jpg,552,2,-1,True,175,8550,0.885360368087519,0.43209876543209874,1,405,1,1,1,1
843,0552_c0003_015.jpg,552,2,-1,True,175,8550,0.8900267630770291,0.42997542997543,1,407,1,1,1,1
844,0552_c0003_020.jpg,552,2,-1,True,175,8550,0.8851529898573397,0.4278728606356968,1,409,1,1,1,1
845,0552_c0004_000.jpg,552,3,-1,True,175,8550,0.33056812509858463,0.21058965102286403,49,831,0,0,0,0
846,0552_c0004_005.jpg,552,3,-1,True,175,8550,0.33622024553583696,0.20908004778972522,46,837,0,0,0,0
847,0552_c0004_010.jpg,552,3,-1,True,175,8550,0.3557531910945355,0.22264631043256997,45,786,0,0,0,0
848,0552_c0004_015.jpg,552,3,-1,True,175,8550,0.32436691780179117,0.21957340025094102,49,797,0,0,0,0
849,0552_c0004_020.jpg,552,3,-1,True,175,8550,0.336504405217496,0.21008403361344538,49,833,0,0,0,0
850,0552_c0005_000.jpg,552,4,-1,True,175,8550,0.9104979885850912,0.5351681957186545,1,327,1,1,1,1
851,0552_c0005_005.jpg,552,4,-1,True,175,8550,0.8878637445291292,0.4943502824858757,1,354,1,1,1,1
852,0552_c0005_010.jpg,552,4,-1,True,175,8550,0.8599293730633235,0.5351681957186545,1,327,1,1,1,1
853,0552_c0005_015.jpg,552,4,-1,True,175,8550,0.8677008302824007,0.5434782608695652,1,322,1,1,1,1
854,0552_c0005_020.jpg,552,4,-1,True,175,8550,0.8580976634458631,0.5451713395638629,1,321,1,1,1,1
855,0552_c0006_000.jpg,552,5,-1,True,175,8550,0.7631609874848719,0.33783783783783783,1,518,1,1,1,1
856,0552_c0006_005.jpg,552,5,-1,True,175,8550,0.7648173368340769,0.33783783783783783,1,518,1,1,1,1
857,0552_c0006_010.jpg,552,5,-1,True,175,8550,0.7527856084917269,0.3472222222222222,1,504,1,1,1,1
858,0552_c0006_015.jpg,552,5,-1,True,175,8550,0.788869407587112,0.3593429158110883,1,487,1,1,1,1
859,0552_c0006_020.jpg,552,5,-1,True,175,8550,0.7940432512609241,0.360082304526749,1,486,1,1,1,1
860,0552_c0007_000.jpg,552,6,-1,True,175,8550,0.7773870017446666,0.3723404255319149,1,470,1,1,1,1
861,0552_c0007_005.jpg,552,6,-1,True,175,8550,0.8356264473973549,0.40045766590389015,1,437,1,1,1,1
862,0552_c0007_010.jpg,552,6,-1,True,175,8550,0.7857699363775289,0.3668763102725367,1,477,1,1,1,1
863,0552_c0007_015.jpg,552,6,-1,True,175,8550,0.7472863181152052,0.36082474226804123,1,485,1,1,1,1
864,0552_c0007_020.jpg,552,6,-1,True,175,8550,0.7730073720509072,0.36082474226804123,1,485,1,1,1,1
865,0552_c0008_000.jpg,552,7,-1,True,175,8550,0.5570241938591024,0.16385767790262173,1,1068,1,1,1,1
866,0552_c0008_005.jpg,552,7,-1,True,175,8550,0.5679828228870023,0.16385767790262173,1,1068,1,1,1,1
867,0552_c0008_010.jpg,552,7,-1,True,175,8550,0.5494102154063536,0.15283842794759825,1,1145,1,1,1,1
868,0552_c0008_015.jpg,552,7,-1,True,175,8550,0.551780691941937,0.1590909090909091,1,1100,1,1,1,1
869,0552_c0008_020.jpg,552,7,-1,True,175,8550,0.5606143230999004,0.16462841015992474,1,1063,1,1,1,1
870,0554_c0001_000.jpg,554,0,-1,True,150,8550,0.23438037412087037,0.11372251705837756,2,1319,0,1,1,1
871,0554_c0001_005.jpg,554,0,-1,True,150,8550,0.18883260943367136,0.10877447425670776,4,1379,0,1,1,1
872,0554_c0001_010.jpg,554,0,-1,True,150,8550,0.2507468172433738,0.13345195729537365,1,1124,1,1,1,1
873,0554_c0001_015.jpg,554,0,-1,True,150,8550,0.25829633637281463,0.13404825737265416,1,1119,1,1,1,1
874,0554_c0001_020.jpg,554,0,-1,True,150,8550,0.20726504014861438,0.14910536779324055,3,1006,0,1,1,1
875,0554_c0002_000.jpg,554,1,-1,True,150,8550,0.15417663056106318,0.0740009866798224,24,2027,0,0,0,0
876,0554_c0002_005.jpg,554,1,-1,True,150,8550,0.1420133465130708,0.07163323782234957,30,2094,0,0,0,0
877,0554_c0002_010.jpg,554,1,-1,True,150,8550,0.11507952397205529,0.06399317406143344,82,2344,0,0,0,0
878,0554_c0002_015.jpg,554,1,-1,True,150,8550,0.10922844670666343,0.06465517241379311,84,2320,0,0,0,0
879,0554_c0002_020.jpg,554,1,-1,True,150,8550,0.12782854831920365,0.06778129236330772,42,2213,0,0,0,0
880,0554_c0003_000.jpg,554,2,-1,True,150,8550,0.14858751692252323,0.11303692539562923,112,1327,0,0,0,0
881,0554_c0003_005.jpg,554,2,-1,True,150,8550,0.16125338407803622,0.12254901960784313,96,1224,0,0,0,0
882,0554_c0003_010.jpg,554,2,-1,True,150,8550,0.1453630964027438,0.11021307861866275,103,1361,0,0,0,0
883,0554_c0003_015.jpg,554,2,-1,True,150,8550,0.15516579494600202,0.11406844106463879,109,1315,0,0,0,0
884,0554_c0003_020.jpg,554,2,-1,True,150,8550,0.162191913592792,0.12636899747262004,113,1187,0,0,0,0
885,0554_c0005_000.jpg,554,4,-1,True,150,8550,0.19451447790471527,0.10087424344317418,30,1487,0,0,0,0
886,0554_c0005_005.jpg,554,4,-1,True,150,8550,0.19038080622775036,0.09765625,36,1536,0,0,0,0
887,0554_c0005_010.jpg,554,4,-1,True,150,8550,0.18425247103712622,0.09433962264150944,44,1590,0,0,0,0
888,0554_c0005_015.jpg,554,4,-1,True,150,8550,0.21253196603372576,0.09721322099805574,19,1543,0,0,0,1
889,0554_c0005_020.jpg,554,4,-1,True,150,8550,0.17053125780095338,0.08493771234428087,39,1766,0,0,0,0
890,0554_c0006_000.jpg,554,5,-1,True,150,8550,0.4915231588209939,0.16339869281045752,1,918,1,1,1,1
891,0554_c0006_005.jpg,554,5,-1,True,150,8550,0.5102932590605987,0.15625,1,960,1,1,1,1
892,0554_c0006_010.jpg,554,5,-1,True,150,8550,0.4770293420106922,0.16519823788546256,1,908,1,1,1,1
893,0554_c0006_015.jpg,554,5,-1,True,150,8550,0.4035970578781356,0.16411378555798686,1,914,1,1,1,1
894,0554_c0006_020.jpg,554,5,-1,True,150,8550,0.5518233186515453,0.15060240963855423,1,996,1,1,1,1
895,0554_c0007_000.jpg,554,6,-1,True,150,8550,0.1636125654673015,0.07088846880907372,10,2116,0,0,1,1
896,0554_c0007_005.jpg,554,6,-1,True,150,8550,0.12688068857318505,0.06527415143603134,24,2298,0,0,0,0
897,0554_c0007_010.jpg,554,6,-1,True,150,8550,0.13674182833173187,0.06918819188191883,21,2168,0,0,0,0
898,0554_c0007_015.jpg,554,6,-1,True,150,8550,0.1517994647871492,0.07042253521126761,20,2130,0,0,0,1
899,0554_c0007_020.jpg,554,6,-1,True,150,8550,0.16940590560590374,0.07433102081268583,13,2018,0,0,0,1
900,0554_c0008_000.jpg,554,7,-1,True,150,8550,0.34901323764133435,0.16163793103448276,1,928,1,1,1,1
901,0554_c0008_005.jpg,554,7,-1,True,150,8550,0.2751972881226482,0.15806111696522657,1,949,1,1,1,1
902,0554_c0008_010.jpg,554,7,-1,True,150,8550,0.30642129677332053,0.1413760603204524,1,1061,1,1,1,1
903,0554_c0008_015.jpg,554,7,-1,True,150,8550,0.31288217514751737,0.13940520446096655,1,1076,1,1,1,1
904,0554_c0008_020.jpg,554,7,-1,True,150,8550,0.35809161488560903,0.15432098765432098,1,972,1,1,1,1
905,0556_c0001_000.jpg,556,0,-1,True,175,8550,0.8785440232996449,0.660377358490566,1,265,1,1,1,1
906,0556_c0001_005.jpg,556,0,-1,True,175,8550,0.8656296704642167,0.6554307116104869,1,267,1,1,1,1
907,0556_c0001_010.jpg,556,0,-1,True,175,8550,0.8441987448630897,0.54858934169279,1,319,1,1,1,1
908,0556_c0001_015.jpg,556,0,-1,True,175,8550,0.8557581664633559,0.5645161290322581,1,310,1,1,1,1
909,0556_c0001_020.jpg,556,0,-1,True,175,8550,0.888935644228955,0.5993150684931506,1,292,1,1,1,1
910,0556_c0002_000.jpg,556,1,-1,True,175,8550,0.8141987767159714,0.23648648648648649,1,740,1,1,1,1
911,0556_c0002_005.jpg,556,1,-1,True,175,8550,0.8478088890555968,0.26595744680851063,1,658,1,1,1,1
912,0556_c0002_010.jpg,556,1,-1,True,175,8550,0.8303588704214623,0.2536231884057971,1,690,1,1,1,1
913,0556_c0002_015.jpg,556,1,-1,True,175,8550,0.8322983008021444,0.26676829268292684,1,656,1,1,1,1
914,0556_c0002_020.jpg,556,1,-1,True,175,8550,0.8334626515208904,0.2588757396449704,1,676,1,1,1,1
915,0556_c0003_000.jpg,556,2,-1,True,175,8550,0.9700978156940664,0.7446808510638298,1,235,1,1,1,1
916,0556_c0003_005.jpg,556,2,-1,True,175,8550,0.9690143297483617,0.7641921397379913,1,229,1,1,1,1
917,0556_c0003_010.jpg,556,2,-1,True,175,8550,0.9623381436049577,0.7231404958677686,1,242,1,1,1,1
918,0556_c0003_015.jpg,556,2,-1,True,175,8550,0.9581644413751137,0.7056451612903226,1,248,1,1,1,1
919,0556_c0003_020.jpg,556,2,-1,True,175,8550,0.9555194166345622,0.7,1,250,1,1,1,1
920,0556_c0004_000.jpg,556,3,-1,True,175,8550,0.9869414084492574,0.8793969849246231,1,199,1,1,1,1
921,0556_c0004_005.jpg,556,3,-1,True,175,8550,0.9825721395526094,0.8333333333333334,1,210,1,1,1,1
922,0556_c0004_010.jpg,556,3,-1,True,175,8550,0.9888882386552551,0.8373205741626795,1,209,1,1,1,1
923,0556_c0004_015.jpg,556,3,-1,True,175,8550,0.9925370316664358,0.8974358974358975,1,195,1,1,1,1
924,0556_c0004_020.jpg,556,3,-1,True,175,8550,0.9894901965162408,0.8928571428571429,1,196,1,1,1,1
925,0556_c0005_000.jpg,556,4,-1,True,175,8550,0.7714370563012672,0.4605263157894737,1,380,1,1,1,1
926,0556_c0005_005.jpg,556,4,-1,True,175,8550,0.7512500390502643,0.4257907542579075,1,411,1,1,1,1
927,0556_c0005_010.jpg,556,4,-1,True,175,8550,0.7879175638774908,0.43209876543209874,1,405,1,1,1,1
928,0556_c0005_015.jpg,556,4,-1,True,175,8550,0.7439244461447421,0.390625,1,448,1,1,1,1
929,0556_c0005_020.jpg,556,4,-1,True,175,8550,0.7039211042467981,0.38209606986899564,1,458,1,1,1,1
930,0556_c0006_000.jpg,556,5,-1,True,175,8550,0.938927975089726,0.49019607843137253,1,357,1,1,1,1
931,0556_c0006_005.jpg,556,5,-1,True,175,8550,0.9396844745232592,0.5239520958083832,1,334,1,1,1,1
932,0556_c0006_010.jpg,556,5,-1,True,175,8550,0.9483193947737475,0.5700325732899023,1,307,1,1,1,1
933,0556_c0006_015.jpg,556,5,-1,True,175,8550,0.938350832028147,0.5162241887905604,1,339,1,1,1,1
934,0556_c0006_020.jpg,556,5,-1,True,175,8550,0.944995284039123,0.5537974683544303,1,316,1,1,1,1
935,0556_c0007_000.jpg,556,6,-1,True,175,8550,0.9175979892349638,0.4807692307692308,1,364,1,1,1,1
936,0556_c0007_005.jpg,556,6,-1,True,175,8550,0.9258636902517239,0.48342541436464087,1,362,1,1,1,1
937,0556_c0007_010.jpg,556,6,-1,True,175,8550,0.9255807448459193,0.4716981132075472,1,371,1,1,1,1
938,0556_c0007_015.jpg,556,6,-1,True,175,8550,0.9208415456575199,0.4557291666666667,1,384,1,1,1,1
939,0556_c0007_020.jpg,556,6,-1,True,175,8550,0.9218553210338145,0.45219638242894056,1,387,1,1,1,1
940,0556_c0008_000.jpg,556,7,-1,True,175,8550,0.833832411020631,0.8706467661691543,1,201,1,1,1,1
941,0556_c0008_005.jpg,556,7,-1,True,175,8550,0.8427948299871522,0.7882882882882883,1,222,1,1,1,1
942,0556_c0008_010.jpg,556,7,-1,True,175,8550,0.9067086536103979,0.7847533632286996,1,223,1,1,1,1
943,0556_c0008_015.jpg,556,7,-1,True,175,8550,0.8913623062348869,0.7990867579908676,1,219,1,1,1,1
944,0556_c0008_020.jpg,556,7,-1,True,175,8550,0.903570477208233,0.7882882882882883,1,222,1,1,1,1
945,0558_c0001_000.jpg,558,0,-1,True,175,8550,0.34437942568700536,0.35860655737704916,10,488,0,0,1,1
946,0558_c0001_005.jpg,558,0,-1,True,175,8550,0.34247654831014096,0.3699788583509514,23,473,0,0,0,0
947,0558_c0001_010.jpg,558,0,-1,True,175,8550,0.3565261954418764,0.3645833333333333,7,480,0,0,1,1
948,0558_c0001_015.jpg,558,0,-1,True,175,8550,0.34375948383931004,0.3556910569105691,15,492,0,0,0,1
949,0558_c0001_020.jpg,558,0,-1,True,175,8550,0.3315239024163354,0.3371868978805395,26,519,0,0,0,0
950,0558_c0002_000.jpg,558,1,-1,True,175,8550,0.30274130080279676,0.3684210526315789,53,475,0,0,0,0
951,0558_c0002_005.jpg,558,1,-1,True,175,8550,0.30367051171481113,0.37154989384288745,62,471,0,0,0,0
952,0558_c0002_010.jpg,558,1,-1,True,175,8550,0.2953268423807448,0.35714285714285715,59,490,0,0,0,0
953,0558_c0002_015.jpg,558,1,-1,True,175,8550,0.2967552304353641,0.3431372549019608,56,510,0,0,0,0
954,0558_c0002_020.jpg,558,1,-1,True,175,8550,0.28972771874712416,0.3391472868217054,53,516,0,0,0,0
955,0558_c0003_000.jpg,558,2,-1,True,175,8550,0.330372203278565,0.23648648648648649,52,740,0,0,0,0
956,0558_c0003_005.jpg,558,2,-1,True,175,8550,0.36102216449860036,0.2840909090909091,53,616,0,0,0,0
957,0558_c0003_010.jpg,558,2,-1,True,175,8550,0.3633850906668722,0.24787535410764872,54,706,0,0,0,0
958,0558_c0003_015.jpg,558,2,-1,True,175,8550,0.35961107076151644,0.24271844660194175,53,721,0,0,0,0
959,0558_c0003_020.jpg,558,2,-1,True,175,8550,0.3388221713286717,0.2845528455284553,51,615,0,0,0,0
960,0558_c0004_000.jpg,558,3,-1,True,175,8550,0.2328903826012884,0.2327127659574468,73,752,0,0,0,0
961,0558_c0004_005.jpg,558,3,-1,True,175,8550,0.21462372285721124,0.23026315789473684,67,760,0,0,0,0
962,0558_c0004_010.jpg,558,3,-1,True,175,8550,0.2020035745186136,0.22965879265091863,56,762,0,0,0,0
963,0558_c0004_015.jpg,558,3,-1,True,175,8550,0.208063376489315,0.21631644004944375,62,809,0,0,0,0
964,0558_c0004_020.jpg,558,3,-1,True,175,8550,0.1832115562660132,0.19886363636363635,80,880,0,0,0,0
965,0558_c0005_000.jpg,558,4,-1,True,175,8550,0.4026746241719445,0.36764705882352944,1,476,1,1,1,1
966,0558_c0005_005.jpg,558,4,-1,True,175,8550,0.33826175688039495,0.30809859154929575,9,568,0,0,1,1
967,0558_c0005_010.jpg,558,4,-1,True,175,8550,0.39152506450795255,0.341796875,1,512,1,1,1,1
968,0558_c0005_015.jpg,558,4,-1,True,175,8550,0.38803148496175716,0.341796875,1,512,1,1,1,1
969,0558_c0005_020.jpg,558,4,-1,True,175,8550,0.39498789899776693,0.360082304526749,1,486,1,1,1,1
970,0558_c0006_000.jpg,558,5,-1,True,175,8550,0.505095626004272,0.45219638242894056,1,387,1,1,1,1
971,0558_c0006_005.jpg,558,5,-1,True,175,8550,0.4976188939135708,0.43209876543209874,1,405,1,1,1,1
972,0558_c0006_010.jpg,558,5,-1,True,175,8550,0.4981519463756469,0.4107981220657277,1,426,1,1,1,1
973,0558_c0006_015.jpg,558,5,-1,True,175,8550,0.5227954127364879,0.43209876543209874,1,405,1,1,1,1
974,0558_c0006_020.jpg,558,5,-1,True,175,8550,0.504799568226437,0.43316831683168316,1,404,1,1,1,1
975,0558_c0007_000.jpg,558,6,-1,True,175,8550,0.615446332284477,0.40229885057471265,1,435,1,1,1,1
976,0558_c0007_005.jpg,558,6,-1,True,175,8550,0.576584317588822,0.36610878661087864,1,478,1,1,1,1
977,0558_c0007_010.jpg,558,6,-1,True,175,8550,0.6060209026328073,0.38293216630196936,1,457,1,1,1,1
978,0558_c0007_015.jpg,558,6,-1,True,175,8550,0.6263988992504671,0.3668763102725367,1,477,1,1,1,1
979,0558_c0007_020.jpg,558,6,-1,True,175,8550,0.5942660062341071,0.2931323283082077,1,597,1,1,1,1
980,0558_c0008_000.jpg,558,7,-1,True,175,8550,0.37106001329581917,0.30329289428076256,28,577,0,0,0,0
981,0558_c0008_005.jpg,558,7,-1,True,175,8550,0.36704923598584677,0.28735632183908044,49,609,0,0,0,0
982,0558_c0008_010.jpg,558,7,-1,True,175,8550,0.4089065784815194,0.28548123980424145,51,613,0,0,0,0
983,0558_c0008_015.jpg,558,7,-1,True,175,8550,0.4118531778464906,0.2827140549273021,50,619,0,0,0,0
984,0558_c0008_020.jpg,558,7,-1,True,175,8550,0.3750789136981257,0.26119402985074625,51,670,0,0,0,0
985,0560_c0001_000.jpg,560,0,-1,True,150,8550,0.029768872390576906,0.04290617848970252,1556,3496,0,0,0,0
986,0560_c0001_005.jpg,560,0,-1,True,150,8550,0.02210040519983373,0.03254502061184639,2124,4609,0,0,0,0
987,0560_c0001_010.jpg,560,0,-1,True,150,8550,0.019495385332953474,0.02937720329024677,2395,5106,0,0,0,0
988,0560_c0001_015.jpg,560,0,-1,True,150,8550,0.02100171163439507,0.03129563947423326,2238,4793,0,0,0,0
989,0560_c0001_020.jpg,560,0,-1,True,150,8550,0.019942027440599593,0.03024193548387097,2423,4960,0,0,0,0
990,0560_c0002_000.jpg,560,1,-1,True,150,8550,0.9094228868647114,0.2952755905511811,1,508,1,1,1,1
991,0560_c0002_005.jpg,560,1,-1,True,150,8550,0.9092264867126035,0.2976190476190476,1,504,1,1,1,1
992,0560_c0002_010.jpg,560,1,-1,True,150,8550,0.9124048154901193,0.3171247357293869,1,473,1,1,1,1
993,0560_c0002_015.jpg,560,1,-1,True,150,8550,0.9089169907995184,0.29354207436399216,1,511,1,1,1,1
994,0560_c0002_020.jpg,560,1,-1,True,150,8550,0.9061808601364,0.2857142857142857,1,525,1,1,1,1
995,0560_c0003_000.jpg,560,2,-1,True,150,8550,0.9135912579037732,0.36496350364963503,1,411,1,1,1,1
996,0560_c0003_005.jpg,560,2,-1,True,150,8550,0.9114250017589813,0.34324942791762014,1,437,1,1,1,1
997,0560_c0003_010.jpg,560,2,-1,True,150,8550,0.9142500874411388,0.3640776699029126,1,412,1,1,1,1
998,0560_c0003_015.jpg,560,2,-1,True,150,8550,0.9131977337790507,0.3597122302158273,1,417,1,1,1,1
999,0560_c0003_020.jpg,560,2,-1,True,150,8550,0.9132499465698715,0.3605769230769231,1,416,1,1,1,1
1000,0560_c0005_000.jpg,560,4,-1,True,150,8550,0.9368263242937747,0.5576208178438662,1,269,1,1,1,1
1001,0560_c0005_005.jpg,560,4,-1,True,150,8550,0.9521066582150394,0.6493506493506493,1,231,1,1,1,1
1002,0560_c0005_010.jpg,560,4,-1,True,150,8550,0.9522752028071301,0.6637168141592921,1,226,1,1,1,1
1003,0560_c0005_015.jpg,560,4,-1,True,150,8550,0.9495282662923675,0.5952380952380952,1,252,1,1,1,1
1004,0560_c0005_020.jpg,560,4,-1,True,150,8550,0.9524562689247081,0.6607929515418502,1,227,1,1,1,1
1005,0560_c0006_000.jpg,560,5,-1,True,150,8550,0.8673262496762921,0.1347708894878706,1,1113,1,1,1,1
1006,0560_c0006_005.jpg,560,5,-1,True,150,8550,0.8674629112636465,0.13812154696132597,1,1086,1,1,1,1
1007,0560_c0006_010.jpg,560,5,-1,True,150,8550,0.8678097131203308,0.14218009478672985,1,1055,1,1,1,1
1008,0560_c0006_015.jpg,560,5,-1,True,150,8550,0.8713506161853648,0.15321756894790603,1,979,1,1,1,1
1009,0560_c0006_020.jpg,560,5,-1,True,150,8550,0.8680317022504027,0.14111006585136407,1,1063,1,1,1,1
1010,0560_c0007_000.jpg,560,6,-1,True,150,8550,0.8937027454242682,0.2555366269165247,1,587,1,1,1,1
1011,0560_c0007_005.jpg,560,6,-1,True,150,8550,0.8940451513548244,0.2542372881355932,1,590,1,1,1,1
1012,0560_c0007_010.jpg,560,6,-1,True,150,8550,0.893087486068201,0.25380710659898476,1,591,1,1,1,1
1013,0560_c0007_015.jpg,560,6,-1,True,150,8550,0.8940618562420066,0.25380710659898476,1,591,1,1,1,1
1014,0560_c0007_020.jpg,560,6,-1,True,150,8550,0.8949630235694352,0.2564102564102564,1,585,1,1,1,1
1015,0560_c0008_000.jpg,560,7,-1,True,150,8550,0.8989004127936848,0.27223230490018147,1,551,1,1,1,1
1016,0560_c0008_005.jpg,560,7,-1,True,150,8550,0.8984844179753749,0.27522935779816515,1,545,1,1,1,1
1017,0560_c0008_010.jpg,560,7,-1,True,150,8550,0.8989376349876257,0.27472527472527475,1,546,1,1,1,1
1018,0560_c0008_015.jpg,560,7,-1,True,150,8550,0.8988641742534664,0.27472527472527475,1,546,1,1,1,1
1019,0560_c0008_020.jpg,560,7,-1,True,150,8550,0.9006053799626026,0.28680688336520077,1,523,1,1,1,1
1020,0562_c0001_000.jpg,562,0,-1,True,50,8550,0.9480761930734936,0.7692307692307693,1,65,1,1,1,1
1021,0562_c0001_005.jpg,562,0,-1,True,50,8550,0.9439785294092846,0.746268656716418,1,67,1,1,1,1
1022,0562_c0001_010.jpg,562,0,-1,True,50,8550,0.9618959762246956,0.704225352112676,1,71,1,1,1,1
1023,0562_c0001_015.jpg,562,0,-1,True,50,8550,0.9677325677054927,0.746268656716418,1,67,1,1,1,1
1024,0562_c0001_020.jpg,562,0,-1,True,50,8550,0.967797015861589,0.7246376811594203,1,69,1,1,1,1
1025,0562_c0003_000.jpg,562,2,-1,True,50,8550,0.5661635430153877,0.211864406779661,1,236,1,1,1,1
1026,0562_c0003_005.jpg,562,2,-1,True,50,8550,0.571166916193366,0.20833333333333334,1,240,1,1,1,1
1027,0562_c0003_010.jpg,562,2,-1,True,50,8550,0.5622425744692926,0.21008403361344538,1,238,1,1,1,1
1028,0562_c0003_015.jpg,562,2,-1,True,50,8550,0.5662452365347396,0.21551724137931033,1,232,1,1,1,1
1029,0562_c0003_020.jpg,562,2,-1,True,50,8550,0.5674402126234454,0.21551724137931033,1,232,1,1,1,1
1030,0562_c0005_000.jpg,562,4,-1,True,50,8550,0.9452797035656717,0.5319148936170213,1,94,1,1,1,1
1031,0562_c0005_005.jpg,562,4,-1,True,50,8550,0.9525583363610605,0.5813953488372093,1,86,1,1,1,1
1032,0562_c0005_010.jpg,562,4,-1,True,50,8550,0.950754236889027,0.5813953488372093,1,86,1,1,1,1
1033,0562_c0005_015.jpg,562,4,-1,True,50,8550,0.9531498483948492,0.5681818181818182,1,88,1,1,1,1
1034,0562_c0005_020.jpg,562,4,-1,True,50,8550,0.9741293769270706,0.684931506849315,1,73,1,1,1,1
1035,0564_c0001_000.jpg,564,0,-1,True,150,8550,0.8716733483476439,0.42492917847025496,1,353,1,1,1,1
1036,0564_c0001_005.jpg,564,0,-1,True,150,8550,0.9103381858242733,0.5119453924914675,1,293,1,1,1,1
1037,0564_c0001_010.jpg,564,0,-1,True,150,8550,0.881842641442192,0.40540540540540543,1,370,1,1,1,1
1038,0564_c0001_015.jpg,564,0,-1,True,150,8550,0.851207646641297,0.38071065989847713,1,394,1,1,1,1
1039,0564_c0001_020.jpg,564,0,-1,True,150,8550,0.8637439666621265,0.436046511627907,1,344,1,1,1,1
1040,0564_c0002_000.jpg,564,1,-1,True,150,8550,0.9336900132326217,0.5474452554744526,1,274,1,1,1,1
1041,0564_c0002_005.jpg,564,1,-1,True,150,8550,0.9242612988514626,0.5136986301369864,1,292,1,1,1,1
1042,0564_c0002_010.jpg,564,1,-1,True,150,8550,0.9238925436293676,0.46439628482972134,1,323,1,1,1,1
1043,0564_c0002_015.jpg,564,1,-1,True,150,8550,0.9332356774977939,0.44776119402985076,1,335,1,1,1,1
1044,0564_c0002_020.jpg,564,1,-1,True,150,8550,0.9232485950645688,0.5050505050505051,1,297,1,1,1,1
1045,0564_c0004_000.jpg,564,3,-1,True,150,8550,0.5487648036294769,0.3184713375796178,13,471,0,0,0,1
1046,0564_c0004_005.jpg,564,3,-1,True,150,8550,0.6816195180298664,0.3080082135523614,1,487,1,1,1,1
1047,0564_c0004_010.jpg,564,3,-1,True,150,8550,0.5711291349771807,0.30120481927710846,11,498,0,0,0,1
1048,0564_c0004_015.jpg,564,3,-1,True,150,8550,0.6682694265744941,0.2542372881355932,1,590,1,1,1,1
1049,0564_c0004_020.jpg,564,3,-1,True,150,8550,0.6954434739460068,0.2982107355864811,1,503,1,1,1,1
1050,0564_c0005_000.jpg,564,4,-1,True,150,8550,0.9368982397816641,0.3424657534246575,1,438,1,1,1,1
1051,0564_c0005_005.jpg,564,4,-1,True,150,8550,0.9524696668137567,0.4491017964071856,1,334,1,1,1,1
1052,0564_c0005_010.jpg,564,4,-1,True,150,8550,0.9320632780625957,0.33407572383073497,1,449,1,1,1,1
1053,0564_c0005_015.jpg,564,4,-1,True,150,8550,0.923880758831738,0.3448275862068966,1,435,1,1,1,1
1054,0564_c0005_020.jpg,564,4,-1,True,150,8550,0.9283193123725133,0.40214477211796246,1,373,1,1,1,1
1055,0564_c0006_000.jpg,564,5,-1,True,150,8550,0.9398461943879306,0.4143646408839779,1,362,1,1,1,1
1056,0564_c0006_005.jpg,564,5,-1,True,150,8550,0.927325724877005,0.35046728971962615,1,428,1,1,1,1
1057,0564_c0006_010.jpg,564,5,-1,True,150,8550,0.9144498983563335,0.35294117647058826,1,425,1,1,1,1
1058,0564_c0006_015.jpg,564,5,-1,True,150,8550,0.9385611108743092,0.4065040650406504,1,369,1,1,1,1
1059,0564_c0006_020.jpg,564,5,-1,True,150,8550,0.9456206570977223,0.45045045045045046,1,333,1,1,1,1
1060,0564_c0007_000.jpg,564,6,-1,True,150,8550,0.16786257670190327,0.14866204162537167,39,1009,0,0,0,0
1061,0564_c0007_005.jpg,564,6,-1,True,150,8550,0.6921364698062192,0.37593984962406013,1,399,1,1,1,1
1062,0564_c0007_010.jpg,564,6,-1,True,150,8550,0.8463953695796017,0.625,1,240,1,1,1,1
1063,0564_c0007_015.jpg,564,6,-1,True,150,8550,0.9505373687921663,0.6787330316742082,1,221,1,1,1,1
1064,0564_c0007_020.jpg,564,6,-1,True,150,8550,0.9369254429594247,0.7075471698113207,1,212,1,1,1,1
1065,0564_c0008_000.jpg,564,7,-1,True,150,8550,0.7786049405762476,0.5535055350553506,1,271,1,1,1,1
1066,0564_c0008_005.jpg,564,7,-1,True,150,8550,0.8237379000266276,0.5434782608695652,1,276,1,1,1,1
1067,0564_c0008_010.jpg,564,7,-1,True,150,8550,0.7392093520110052,0.5208333333333334,1,288,1,1,1,1
1068,0564_c0008_015.jpg,564,7,-1,True,150,8550,0.8523767977123382,0.5319148936170213,1,282,1,1,1,1
1069,0564_c0008_020.jpg,564,7,-1,True,150,8550,0.8017956249307634,0.5208333333333334,1,288,1,1,1,1
1070,0566_c0001_000.jpg,566,0,-1,True,175,8550,0.3776072943334535,0.11054958938723942,1,1583,1,1,1,1
1071,0566_c0001_005.jpg,566,0,-1,True,175,8550,0.39499175770850337,0.10876320696084525,1,1609,1,1,1,1
1072,0566_c0001_010.jpg,566,0,-1,True,175,8550,0.3910856195420689,0.1222921034241789,1,1431,1,1,1,1
1073,0566_c0001_015.jpg,566,0,-1,True,175,8550,0.331161005665991,0.11153601019757807,1,1569,1,1,1,1
1074,0566_c0001_020.jpg,566,0,-1,True,175,8550,0.3858118105201567,0.11326860841423948,1,1545,1,1,1,1
1075,0566_c0002_000.jpg,566,1,-1,True,175,8550,0.23199416033437686,0.14227642276422764,22,1230,0,0,0,0
1076,0566_c0002_005.jpg,566,1,-1,True,175,8550,0.17788161211899733,0.11937244201909959,22,1466,0,0,0,0
1077,0566_c0002_010.jpg,566,1,-1,True,175,8550,0.22159567867017674,0.13899920571882446,22,1259,0,0,0,0
1078,0566_c0002_015.jpg,566,1,-1,True,175,8550,0.19848971109337668,0.1383399209486166,24,1265,0,0,0,0
1079,0566_c0002_020.jpg,566,1,-1,True,175,8550,0.1545314290844458,0.11904761904761904,24,1470,0,0,0,0
1080,0566_c0003_000.jpg,566,2,-1,True,175,8550,0.27389807445980724,0.11760752688172044,7,1488,0,0,1,1
1081,0566_c0003_005.jpg,566,2,-1,True,175,8550,0.24901305550164027,0.11182108626198083,17,1565,0,0,0,1
1082,0566_c0003_010.jpg,566,2,-1,True,175,8550,0.2703211224998286,0.1179245283018868,9,1484,0,0,1,1
1083,0566_c0003_015.jpg,566,2,-1,True,175,8550,0.34493815196383315,0.12886597938144329,1,1358,1,1,1,1
1084,0566_c0003_020.jpg,566,2,-1,True,175,8550,0.3639220225232225,0.12315270935960591,1,1421,1,1,1,1
1085,0566_c0004_000.jpg,566,3,-1,True,175,8550,0.07766951355980768,0.11378413524057217,414,1538,0,0,0,0
1086,0566_c0004_005.jpg,566,3,-1,True,175,8550,0.09147440717016614,0.12464387464387465,184,1404,0,0,0,0
1087,0566_c0004_010.jpg,566,3,-1,True,175,8550,0.14295779341759698,0.10815822002472188,40,1618,0,0,0,0
1088,0566_c0004_015.jpg,566,3,-1,True,175,8550,0.09557202539814172,0.10782501540357363,154,1623,0,0,0,0
1089,0566_c0004_020.jpg,566,3,-1,True,175,8550,0.09922572332655778,0.10944340212632896,126,1599,0,0,0,0
1090,0566_c0005_000.jpg,566,4,-1,True,175,8550,0.5585006080410115,0.2023121387283237,1,865,1,1,1,1
1091,0566_c0005_005.jpg,566,4,-1,True,175,8550,0.3613009576577976,0.14607679465776294,1,1198,1,1,1,1
1092,0566_c0005_010.jpg,566,4,-1,True,175,8550,0.3058227759447592,0.12915129151291513,1,1355,1,1,1,1
1093,0566_c0005_015.jpg,566,4,-1,True,175,8550,0.599519244822921,0.2679938744257274,1,653,1,1,1,1
1094,0566_c0005_020.jpg,566,4,-1,True,175,8550,0.4726370166237593,0.18401682439537329,1,951,1,1,1,1
1095,0566_c0006_000.jpg,566,5,-1,True,175,8550,0.1382483690669624,0.1118925831202046,50,1564,0,0,0,0
1096,0566_c0006_005.jpg,566,5,-1,True,175,8550,0.0984438350964293,0.09109838625715773,112,1921,0,0,0,0
1097,0566_c0006_010.jpg,566,5,-1,True,175,8550,0.1136645178556278,0.09610104338275673,51,1821,0,0,0,0
1098,0566_c0006_015.jpg,566,5,-1,True,175,8550,0.10232778704526034,0.08933129147524248,62,1959,0,0,0,0
1099,0566_c0006_020.jpg,566,5,-1,True,175,8550,0.09848624250604883,0.09308510638297872,88,1880,0,0,0,0
1100,0566_c0007_000.jpg,566,6,-1,True,175,8550,0.6104056231775893,0.3211009174311927,1,545,1,1,1,1
1101,0566_c0007_005.jpg,566,6,-1,True,175,8550,0.6368068023369651,0.2996575342465753,1,584,1,1,1,1
1102,0566_c0007_010.jpg,566,6,-1,True,175,8550,0.4756774990158765,0.2368064952638701,1,739,1,1,1,1
1103,0566_c0007_015.jpg,566,6,-1,True,175,8550,0.49379111443914286,0.2734375,1,640,1,1,1,1
1104,0566_c0007_020.jpg,566,6,-1,True,175,8550,0.5597481538266499,0.43316831683168316,2,404,0,1,1,1
1105,0566_c0008_000.jpg,566,7,-1,True,175,8550,0.32897330941406777,0.08659079663532905,1,2021,1,1,1,1
1106,0566_c0008_005.jpg,566,7,-1,True,175,8550,0.3426437733574995,0.09029927760577916,1,1938,1,1,1,1
1107,0566_c0008_010.jpg,566,7,-1,True,175,8550,0.4052526889448981,0.10944340212632896,1,1599,1,1,1,1
1108,0566_c0008_015.jpg,566,7,-1,True,175,8550,0.39115465664509325,0.12212142358688068,1,1433,1,1,1,1
1109,0566_c0008_020.jpg,566,7,-1,True,175,8550,0.3424084225912573,0.08924018357980622,1,1961,1,1,1,1
1110,0568_c0001_000.jpg,568,0,-1,True,50,8550,0.42269309984578807,0.12690355329949238,3,394,0,1,1,1
1111,0568_c0001_005.jpg,568,0,-1,True,50,8550,0.20064915465449296,0.09765625,14,512,0,0,0,1
1112,0568_c0001_010.jpg,568,0,-1,True,50,8550,0.3249058481416274,0.11185682326621924,4,447,0,1,1,1
1113,0568_c0001_015.jpg,568,0,-1,True,50,8550,0.3196360373756253,0.14619883040935672,7,342,0,0,1,1
1114,0568_c0001_020.jpg,568,0,-1,True,50,8550,0.45763415790114265,0.14285714285714285,2,350,0,1,1,1
1115,0568_c0005_000.jpg,568,4,-1,True,50,8550,0.2048115825086426,0.1953125,20,256,0,0,0,1
1116,0568_c0005_005.jpg,568,4,-1,True,50,8550,0.2193713350679691,0.21929824561403508,27,228,0,0,0,0
1117,0568_c0005_010.jpg,568,4,-1,True,50,8550,0.21960069603623403,0.24630541871921183,31,203,0,0,0,0
1118,0568_c0005_015.jpg,568,4,-1,True,50,8550,0.2529893506285583,0.23923444976076555,14,209,0,0,0,1
1119,0568_c0005_020.jpg,568,4,-1,True,50,8550,0.3515377098377799,0.23923444976076555,2,209,0,1,1,1
1120,0568_c0006_000.jpg,568,5,-1,True,50,8550,0.5688808268577864,0.10395010395010396,1,481,1,1,1,1
1121,0568_c0006_005.jpg,568,5,-1,True,50,8550,0.5765730458746914,0.10989010989010989,1,455,1,1,1,1
1122,0568_c0006_010.jpg,568,5,-1,True,50,8550,0.5731933792577685,0.10940919037199125,1,457,1,1,1,1
1123,0568_c0006_015.jpg,568,5,-1,True,50,8550,0.5635166591615902,0.10330578512396695,1,484,1,1,1,1
1124,0568_c0006_020.jpg,568,5,-1,True,50,8550,0.5484136687788265,0.08726003490401396,1,573,1,1,1,1
1125,0570_c0001_000.jpg,570,0,-1,True,150,8550,0.2727383698846337,0.0946969696969697,27,1584,0,0,0,0
1126,0570_c0001_005.jpg,570,0,-1,True,150,8550,0.2487095132822987,0.08971291866028708,26,1672,0,0,0,0
1127,0570_c0001_010.jpg,570,0,-1,True,150,8550,0.2731229738423083,0.09541984732824428,27,1572,0,0,0,0
1128,0570_c0001_015.jpg,570,0,-1,True,150,8550,0.28300830002672256,0.09079903147699758,27,1652,0,0,0,0
1129,0570_c0001_020.jpg,570,0,-1,True,150,8550,0.1891623466821873,0.08655510675129832,31,1733,0,0,0,0
1130,0570_c0002_000.jpg,570,1,-1,True,150,8550,0.2628298935830592,0.09101941747572816,5,1648,0,1,1,1
1131,0570_c0002_005.jpg,570,1,-1,True,150,8550,0.3259689878886227,0.08670520231213873,1,1730,1,1,1,1
1132,0570_c0002_010.jpg,570,1,-1,True,150,8550,0.24395219163288023,0.08685581933989578,3,1727,0,1,1,1
1133,0570_c0002_015.jpg,570,1,-1,True,150,8550,0.228109585112159,0.08210180623973727,3,1827,0,1,1,1
1134,0570_c0002_020.jpg,570,1,-1,True,150,8550,0.33988720933729416,0.08660508083140878,1,1732,1,1,1,1
1135,0570_c0004_000.jpg,570,3,-1,True,150,8550,0.0923384182892504,0.07367387033398821,254,2036,0,0,0,0
1136,0570_c0004_005.jpg,570,3,-1,True,150,8550,0.10257283502839372,0.07861635220125786,244,1908,0,0,0,0
1137,0570_c0004_010.jpg,570,3,-1,True,150,8550,0.13992301868067394,0.09369144284821987,126,1601,0,0,0,0
1138,0570_c0004_015.jpg,570,3,-1,True,150,8550,0.12243547822065366,0.08675534991324466,113,1729,0,0,0,0
1139,0570_c0004_020.jpg,570,3,-1,True,150,8550,0.1165354989591665,0.08450704225352113,144,1775,0,0,0,0
1140,0570_c0005_000.jpg,570,4,-1,True,150,8550,0.15425962800549142,0.14354066985645933,65,1045,0,0,0,0
1141,0570_c0005_005.jpg,570,4,-1,True,150,8550,0.11342764077180907,0.10861694424330195,125,1381,0,0,0,0
1142,0570_c0005_010.jpg,570,4,-1,True,150,8550,0.10045527225721117,0.10020040080160321,114,1497,0,0,0,0
1143,0570_c0005_015.jpg,570,4,-1,True,150,8550,0.09031606132836402,0.09535918626827718,107,1573,0,0,0,0
1144,0570_c0005_020.jpg,570,4,-1,True,150,8550,0.07756678926025555,0.08060182697474476,160,1861,0,0,0,0
1145,0570_c0006_000.jpg,570,5,-1,True,150,8550,0.0852074747489431,0.07218479307025986,12,2078,0,0,0,1
1146,0570_c0006_005.jpg,570,5,-1,True,150,8550,0.06500210911051105,0.07197696737044146,86,2084,0,0,0,0
1147,0570_c0006_010.jpg,570,5,-1,True,150,8550,0.11907170848155202,0.07389162561576355,4,2030,0,1,1,1
1148,0570_c0006_015.jpg,570,5,-1,True,150,8550,0.06567903306877652,0.07246376811594203,68,2070,0,0,0,0
1149,0570_c0006_020.jpg,570,5,-1,True,150,8550,0.09134323508146738,0.0748502994011976,17,2004,0,0,0,1
1150,0570_c0007_000.jpg,570,6,-1,True,150,8550,0.4710455174194601,0.09621552277100706,1,1559,1,1,1,1
1151,0570_c0007_005.jpg,570,6,-1,True,150,8550,0.47053041623855296,0.09481668773704172,1,1582,1,1,1,1
1152,0570_c0007_010.jpg,570,6,-1,True,150,8550,0.475367964696097,0.09019843656043296,1,1663,1,1,1,1
1153,0570_c0007_015.jpg,570,6,-1,True,150,8550,0.4963490545138199,0.10359116022099447,1,1448,1,1,1,1
1154,0570_c0007_020.jpg,570,6,-1,True,150,8550,0.5190828832886186,0.10080645161290322,1,1488,1,1,1,1
1155,0570_c0008_000.jpg,570,7,-1,True,150,8550,0.3692239990862308,0.12305168170631665,26,1219,0,0,0,0
1156,0570_c0008_005.jpg,570,7,-1,True,150,8550,0.33998080110798334,0.11485451761102604,26,1306,0,0,0,0
1157,0570_c0008_010.jpg,570,7,-1,True,150,8550,0.4126399199489436,0.15432098765432098,26,972,0,0,0,0
1158,0570_c0008_015.jpg,570,7,-1,True,150,8550,0.4324129107633056,0.15625,26,960,0,0,0,0
1159,0570_c0008_020.jpg,570,7,-1,True,150,8550,0.36200085827827577,0.12234910277324633,26,1226,0,0,0,0
1160,0572_c0001_000.jpg,572,0,-1,True,175,8550,0.8172509575300705,0.33269961977186313,1,526,1,1,1,1
1161,0572_c0001_005.jpg,572,0,-1,True,175,8550,0.8221291172126332,0.31305903398926654,1,559,1,1,1,1
1162,0572_c0001_010.jpg,572,0,-1,True,175,8550,0.7585246969377609,0.1891891891891892,1,925,1,1,1,1
1163,0572_c0001_015.jpg,572,0,-1,True,175,8550,0.7558198738964093,0.21160822249093109,1,827,1,1,1,1
1164,0572_c0001_020.jpg,572,0,-1,True,175,8550,0.823122290823622,0.33589251439539347,1,521,1,1,1,1
1165,0572_c0002_000.jpg,572,1,-1,True,175,8550,0.40725367252152433,0.12358757062146893,1,1416,1,1,1,1
1166,0572_c0002_005.jpg,572,1,-1,True,175,8550,0.41823438091609677,0.12544802867383512,1,1395,1,1,1,1
1167,0572_c0002_010.jpg,572,1,-1,True,175,8550,0.388806669976403,0.1203576341127923,1,1454,1,1,1,1
1168,0572_c0002_015.jpg,572,1,-1,True,175,8550,0.3832303600689687,0.11535926170072512,1,1517,1,1,1,1
1169,0572_c0002_020.jpg,572,1,-1,True,175,8550,0.37538933648922723,0.11068943706514864,1,1581,1,1,1,1
1170,0572_c0003_000.jpg,572,2,-1,True,175,8550,0.4141595205687023,0.24407252440725244,12,717,0,0,0,1
1171,0572_c0003_005.jpg,572,2,-1,True,175,8550,0.6002515549654741,0.28501628664495116,3,614,0,1,1,1
1172,0572_c0003_010.jpg,572,2,-1,True,175,8550,0.39783584922416376,0.22609819121447028,10,774,0,0,1,1
1173,0572_c0003_015.jpg,572,2,-1,True,175,8550,0.3385022268670001,0.2198492462311558,15,796,0,0,0,1
1174,0572_c0003_020.jpg,572,2,-1,True,175,8550,0.36247661055081837,0.22236340533672172,17,787,0,0,0,1
1175,0572_c0004_000.jpg,572,3,-1,True,175,8550,0.4552944286199577,0.3006872852233677,1,582,1,1,1,1
1176,0572_c0004_005.jpg,572,3,-1,True,175,8550,0.46635964082172465,0.31876138433515483,4,549,0,1,1,1
1177,0572_c0004_010.jpg,572,3,-1,True,175,8550,0.4849295396353216,0.2986348122866894,2,586,0,1,1,1
1178,0572_c0004_015.jpg,572,3,-1,True,175,8550,0.5729147518474906,0.36382536382536385,1,481,1,1,1,1
1179,0572_c0004_020.jpg,572,3,-1,True,175,8550,0.5748826224245804,0.3653444676409186,1,479,1,1,1,1
1180,0572_c0005_000.jpg,572,4,-1,True,175,8550,0.6521273477552152,0.2976190476190476,1,588,1,1,1,1
1181,0572_c0005_005.jpg,572,4,-1,True,175,8550,0.6756751019116023,0.3684210526315789,1,475,1,1,1,1
1182,0572_c0005_010.jpg,572,4,-1,True,175,8550,0.6330094167986046,0.28688524590163933,1,610,1,1,1,1
1183,0572_c0005_015.jpg,572,4,-1,True,175,8550,0.5783098639221792,0.2897350993377483,1,604,1,1,1,1
1184,0572_c0005_020.jpg,572,4,-1,True,175,8550,0.7772119162242151,0.44080604534005036,1,397,1,1,1,1
1185,0572_c0006_000.jpg,572,5,-1,True,175,8550,0.22700240991119966,0.14011208967173738,50,1249,0,0,0,0
1186,0572_c0006_005.jpg,572,5,-1,True,175,8550,0.36001300752972415,0.12991833704528583,9,1347,0,0,1,1
1187,0572_c0006_010.jpg,572,5,-1,True,175,8550,0.25563418429271567,0.12272089761570827,51,1426,0,0,0,0
1188,0572_c0006_015.jpg,572,5,-1,True,175,8550,0.20927638423133235,0.10716472749540723,60,1633,0,0,0,0
1189,0572_c0006_020.jpg,572,5,-1,True,175,8550,0.20452290440181978,0.08023842274186153,35,2181,0,0,0,0
1190,0572_c0007_000.jpg,572,6,-1,True,175,8550,0.6412888169128353,0.19729425028184894,1,887,1,1,1,1
1191,0572_c0007_005.jpg,572,6,-1,True,175,8550,0.6140073100825865,0.23521505376344087,1,744,1,1,1,1
1192,0572_c0007_010.jpg,572,6,-1,True,175,8550,0.6826188691218831,0.21739130434782608,1,805,1,1,1,1
1193,0572_c0007_015.jpg,572,6,-1,True,175,8550,0.5723746096395979,0.19886363636363635,1,880,1,1,1,1
1194,0572_c0007_020.jpg,572,6,-1,True,175,8550,0.620220319688069,0.20161290322580644,1,868,1,1,1,1
1195,0572_c0008_000.jpg,572,7,-1,True,175,8550,0.3170160002714088,0.07922136713444998,1,2209,1,1,1,1
1196,0572_c0008_005.jpg,572,7,-1,True,175,8550,0.4517006017378545,0.0831353919239905,1,2105,1,1,1,1
1197,0572_c0008_010.jpg,572,7,-1,True,175,8550,0.4219187917540196,0.07865168539325842,1,2225,1,1,1,1
1198,0572_c0008_015.jpg,572,7,-1,True,175,8550,0.4533646917411328,0.07872244714349977,1,2223,1,1,1,1
1199,0572_c0008_020.jpg,572,7,-1,True,175,8550,0.4466556996270661,0.0772626931567329,1,2265,1,1,1,1
1200,0574_c0001_000.jpg,574,0,-1,True,150,8550,0.39533924404074705,0.04024684733029246,1,3727,1,1,1,1
1201,0574_c0001_005.jpg,574,0,-1,True,150,8550,0.4093561495924198,0.04474940334128878,1,3352,1,1,1,1
1202,0574_c0001_010.jpg,574,0,-1,True,150,8550,0.4093880355072965,0.07105637138796779,1,2111,1,1,1,1
1203,0574_c0001_015.jpg,574,0,-1,True,150,8550,0.40519327676675004,0.06610841780520053,1,2269,1,1,1,1
1204,0574_c0001_020.jpg,574,0,-1,True,150,8550,0.41401267649779305,0.04926108374384237,1,3045,1,1,1,1
1205,0574_c0002_000.jpg,574,1,-1,True,150,8550,0.3851024577534694,0.06213753106876554,1,2414,1,1,1,1
1206,0574_c0002_005.jpg,574,1,-1,True,150,8550,0.425025065451942,0.06388415672913117,1,2348,1,1,1,1
1207,0574_c0002_010.jpg,574,1,-1,True,150,8550,0.5570646999185798,0.09057971014492754,1,1656,1,1,1,1
1208,0574_c0002_015.jpg,574,1,-1,True,150,8550,0.5938412024850311,0.10964912280701754,1,1368,1,1,1,1
1209,0574_c0002_020.jpg,574,1,-1,True,150,8550,0.6145508165497794,0.11904761904761904,1,1260,1,1,1,1
1210,0574_c0003_000.jpg,574,2,-1,True,150,8550,0.40287031515981603,0.25597269624573377,2,586,0,1,1,1
1211,0574_c0003_005.jpg,574,2,-1,True,150,8550,0.42076942299476044,0.29880478087649404,4,502,0,1,1,1
1212,0574_c0003_010.jpg,574,2,-1,True,150,8550,0.40665259555946015,0.29411764705882354,2,510,0,1,1,1
1213,0574_c0003_015.jpg,574,2,-1,True,150,8550,0.4511810239545014,0.35377358490566035,1,424,1,1,1,1
1214,0574_c0003_020.jpg,574,2,-1,True,150,8550,0.43155788907461234,0.2824858757062147,1,531,1,1,1,1
1215,0574_c0004_000.jpg,574,3,-1,True,150,8550,0.2837925848247298,0.1822600243013366,27,823,0,0,0,0
1216,0574_c0004_005.jpg,574,3,-1,True,150,8550,0.2794816319105508,0.1728110599078341,14,868,0,0,0,1
1217,0574_c0004_010.jpg,574,3,-1,True,150,8550,0.3343510332761908,0.1918158567774936,1,782,1,1,1,1
1218,0574_c0004_015.jpg,574,3,-1,True,150,8550,0.3709410478001466,0.20891364902506965,1,718,1,1,1,1
1219,0574_c0004_020.jpg,574,3,-1,True,150,8550,0.3626380326718526,0.19973368841544606,1,751,1,1,1,1
1220,0574_c0005_000.jpg,574,4,-1,True,150,8550,0.2917804680062567,0.027208416470161437,1,5513,1,1,1,1
1221,0574_c0005_005.jpg,574,4,-1,True,150,8550,0.3303285883291595,0.03198976327575176,1,4689,1,1,1,1
1222,0574_c0005_010.jpg,574,4,-1,True,150,8550,0.3433456419264001,0.0325874429719748,1,4603,1,1,1,1
1223,0574_c0005_015.jpg,574,4,-1,True,150,8550,0.3379635087777589,0.03212679374598415,1,4669,1,1,1,1
1224,0574_c0005_020.jpg,574,4,-1,True,150,8550,0.33329061336373544,0.031739314430808296,1,4726,1,1,1,1
1225,0574_c0006_000.jpg,574,5,-1,True,150,8550,0.7117182374603218,0.35377358490566035,1,424,1,1,1,1
1226,0574_c0006_005.jpg,574,5,-1,True,150,8550,0.7058549317344324,0.35377358490566035,1,424,1,1,1,1
1227,0574_c0006_010.jpg,574,5,-1,True,150,8550,0.7177755651213704,0.35545023696682465,1,422,1,1,1,1
1228,0574_c0006_015.jpg,574,5,-1,True,150,8550,0.7569536696673621,0.352112676056338,1,426,1,1,1,1
1229,0574_c0006_020.jpg,574,5,-1,True,150,8550,0.646530065895667,0.3191489361702128,1,470,1,1,1,1
1230,0574_c0008_000.jpg,574,7,-1,True,150,8550,0.43860852325163485,0.08112493239588967,1,1849,1,1,1,1
1231,0574_c0008_005.jpg,574,7,-1,True,150,8550,0.4132954300426285,0.06152584085315833,1,2438,1,1,1,1
1232,0574_c0008_010.jpg,574,7,-1,True,150,8550,0.4052250937973966,0.07211538461538461,1,2080,1,1,1,1
1233,0574_c0008_015.jpg,574,7,-1,True,150,8550,0.4025275990912919,0.07511266900350526,1,1997,1,1,1,1
1234,0574_c0008_020.jpg,574,7,-1,True,150,8550,0.4237712226079775,0.07422068283028203,1,2021,1,1,1,1
1235,0576_c0001_000.jpg,576,0,-1,True,150,8550,0.2428999939996073,0.2329192546583851,51,644,0,0,0,0
1236,0576_c0001_005.jpg,576,0,-1,True,150,8550,0.19416233545481648,0.21216407355021216,55,707,0,0,0,0
1237,0576_c0001_010.jpg,576,0,-1,True,150,8550,0.19580343232796377,0.22123893805309736,51,678,0,0,0,0
1238,0576_c0001_015.jpg,576,0,-1,True,150,8550,0.17737699908608595,0.20833333333333334,50,720,0,0,0,0
1239,0576_c0001_020.jpg,576,0,-1,True,150,8550,0.20831842191186092,0.2245508982035928,45,668,0,0,0,0
1240,0576_c0002_000.jpg,576,1,-1,True,150,8550,0.81045555116238,0.42857142857142855,1,350,1,1,1,1
1241,0576_c0002_005.jpg,576,1,-1,True,150,8550,0.6627340838112107,0.22189349112426035,1,676,1,1,1,1
1242,0576_c0002_010.jpg,576,1,-1,True,150,8550,0.47547434259345966,0.27124773960216997,1,553,1,1,1,1
1243,0576_c0002_015.jpg,576,1,-1,True,150,8550,0.3548908295922962,0.23885350318471338,1,628,1,1,1,1
1244,0576_c0002_020.jpg,576,1,-1,True,150,8550,0.34123737770841245,0.2074688796680498,1,723,1,1,1,1
1245,0576_c0003_000.jpg,576,2,-1,True,150,8550,0.6534998585051072,0.43352601156069365,1,346,1,1,1,1
1246,0576_c0003_005.jpg,576,2,-1,True,150,8550,0.6919528293790137,0.46875,1,320,1,1,1,1
1247,0576_c0003_010.jpg,576,2,-1,True,150,8550,0.67426568015047,0.43731778425655976,1,343,1,1,1,1
1248,0576_c0003_015.jpg,576,2,-1,True,150,8550,0.5238614846672314,0.3856041131105398,5,389,0,1,1,1
1249,0576_c0003_020.jpg,576,2,-1,True,150,8550,0.5874912725034611,0.423728813559322,1,354,1,1,1,1
1250,0576_c0004_000.jpg,576,3,-1,True,150,8550,0.793364720830468,0.5016722408026756,1,299,1,1,1,1
1251,0576_c0004_005.jpg,576,3,-1,True,150,8550,0.7904235003871183,0.4792332268370607,1,313,1,1,1,1
1252,0576_c0004_010.jpg,576,3,-1,True,150,8550,0.8418844894361627,0.5357142857142857,1,280,1,1,1,1
1253,0576_c0004_015.jpg,576,3,-1,True,150,8550,0.8191464810444152,0.49019607843137253,1,306,1,1,1,1
1254,0576_c0004_020.jpg,576,3,-1,True,150,8550,0.7674961386815827,0.47468354430379744,1,316,1,1,1,1
1255,0576_c0005_000.jpg,576,4,-1,True,150,8550,0.6913999595696858,0.646551724137931,8,232,0,0,1,1
1256,0576_c0005_005.jpg,576,4,-1,True,150,8550,0.6747863624788405,0.6493506493506493,10,231,0,0,1,1
1257,0576_c0005_010.jpg,576,4,-1,True,150,8550,0.6606919378987066,0.6122448979591837,8,245,0,0,1,1
1258,0576_c0005_015.jpg,576,4,-1,True,150,8550,0.7016083806131894,0.6198347107438017,2,242,0,1,1,1
1259,0576_c0005_020.jpg,576,4,-1,True,150,8550,0.5671468197815932,0.5681818181818182,13,264,0,0,0,1
1260,0576_c0006_000.jpg,576,5,-1,True,150,8550,0.8890862249756879,0.5859375,1,256,1,1,1,1
1261,0576_c0006_005.jpg,576,5,-1,True,150,8550,0.831113777427214,0.47770700636942676,1,314,1,1,1,1
1262,0576_c0006_010.jpg,576,5,-1,True,150,8550,0.877874332775828,0.4934210526315789,1,304,1,1,1,1
1263,0576_c0006_015.jpg,576,5,-1,True,150,8550,0.8797738508967214,0.5474452554744526,1,274,1,1,1,1
1264,0576_c0006_020.jpg,576,5,-1,True,150,8550,0.8460427622653888,0.5119453924914675,1,293,1,1,1,1
1265,0576_c0007_000.jpg,576,6,-1,True,150,8550,0.9023917760523864,0.5136986301369864,1,292,1,1,1,1
1266,0576_c0007_005.jpg,576,6,-1,True,150,8550,0.9193131726366143,0.5882352941176471,1,255,1,1,1,1
1267,0576_c0007_010.jpg,576,6,-1,True,150,8550,0.9330008515633138,0.6880733944954128,1,218,1,1,1,1
1268,0576_c0007_015.jpg,576,6,-1,True,150,8550,0.9040187729017887,0.7537688442211056,1,199,1,1,1,1
1269,0576_c0007_020.jpg,576,6,-1,True,150,8550,0.8936421156242841,0.7537688442211056,1,199,1,1,1,1
1270,0578_c0001_000.jpg,578,0,-1,True,175,8550,0.792733783960155,0.5271084337349398,1,332,1,1,1,1
1271,0578_c0001_005.jpg,578,0,-1,True,175,8550,0.7554025572783283,0.48342541436464087,1,362,1,1,1,1
1272,0578_c0001_010.jpg,578,0,-1,True,175,8550,0.7556256825054207,0.49295774647887325,1,355,1,1,1,1
1273,0578_c0001_015.jpg,578,0,-1,True,175,8550,0.7397284215512192,0.4666666666666667,1,375,1,1,1,1
1274,0578_c0001_020.jpg,578,0,-1,True,175,8550,0.774606067408097,0.550314465408805,1,318,1,1,1,1
1275,0578_c0002_000.jpg,578,1,-1,True,175,8550,0.22561338194509792,0.3048780487804878,88,574,0,0,0,0
1276,0578_c0002_005.jpg,578,1,-1,True,175,8550,0.2382668514831561,0.30973451327433627,83,565,0,0,0,0
1277,0578_c0002_010.jpg,578,1,-1,True,175,8550,0.24720858080313718,0.3252788104089219,34,538,0,0,0,0
1278,0578_c0002_015.jpg,578,1,-1,True,175,8550,0.24948814304301087,0.32833020637898686,51,533,0,0,0,0
1279,0578_c0002_020.jpg,578,1,-1,True,175,8550,0.2520569972696509,0.3333333333333333,61,525,0,0,0,0
1280,0578_c0003_000.jpg,578,2,-1,True,175,8550,0.5496796811877989,0.45219638242894056,26,387,0,0,0,0
1281,0578_c0003_005.jpg,578,2,-1,True,175,8550,0.5597425763121151,0.4475703324808184,26,391,0,0,0,0
1282,0578_c0003_010.jpg,578,2,-1,True,175,8550,0.5696485435379244,0.4971590909090909,25,352,0,0,0,0
1283,0578_c0003_015.jpg,578,2,-1,True,175,8550,0.5572400576485057,0.5255255255255256,11,333,0,0,0,1
1284,0578_c0003_020.jpg,578,2,-1,True,175,8550,0.5692913831420052,0.5162241887905604,25,339,0,0,0,0
1285,0578_c0004_000.jpg,578,3,-1,True,175,8550,0.6669710320699962,0.4781420765027322,1,366,1,1,1,1
1286,0578_c0004_005.jpg,578,3,-1,True,175,8550,0.6013598917429185,0.47043010752688175,1,372,1,1,1,1
1287,0578_c0004_010.jpg,578,3,-1,True,175,8550,0.5664208736121211,0.40229885057471265,3,435,0,1,1,1
1288,0578_c0004_015.jpg,578,3,-1,True,175,8550,0.5788283889589642,0.38716814159292035,1,452,1,1,1,1
1289,0578_c0004_020.jpg,578,3,-1,True,175,8550,0.5854635304851383,0.4196642685851319,5,417,0,1,1,1
1290,0578_c0005_000.jpg,578,4,-1,True,175,8550,0.786402856504529,0.5833333333333334,1,300,1,1,1,1
1291,0578_c0005_005.jpg,578,4,-1,True,175,8550,0.7761059708097059,0.49575070821529743,1,353,1,1,1,1
1292,0578_c0005_010.jpg,578,4,-1,True,175,8550,0.7436184535143158,0.47297297297297297,1,370,1,1,1,1
1293,0578_c0005_015.jpg,578,4,-1,True,175,8550,0.72969265398463,0.501432664756447,1,349,1,1,1,1
1294,0578_c0005_020.jpg,578,4,-1,True,175,8550,0.6993238226998465,0.5384615384615384,1,325,1,1,1,1
1295,0578_c0006_000.jpg,578,5,-1,True,175,8550,0.6300915870097186,0.5591054313099042,1,313,1,1,1,1
1296,0578_c0006_005.jpg,578,5,-1,True,175,8550,0.6281761597955519,0.6118881118881119,2,286,0,1,1,1
1297,0578_c0006_010.jpg,578,5,-1,True,175,8550,0.6024987026990292,0.5993150684931506,2,292,0,1,1,1
1298,0578_c0006_015.jpg,578,5,-1,True,175,8550,0.5957868227718338,0.6294964028776978,2,278,0,1,1,1
1299,0578_c0006_020.jpg,578,5,-1,True,175,8550,0.5832239759133013,0.6205673758865248,6,282,0,0,1,1
1300,0578_c0007_000.jpg,578,6,-1,True,175,8550,0.8125317080260221,0.501432664756447,1,349,1,1,1,1
1301,0578_c0007_005.jpg,578,6,-1,True,175,8550,0.797887082937437,0.5912162162162162,1,296,1,1,1,1
1302,0578_c0007_010.jpg,578,6,-1,True,175,8550,0.7978049145899315,0.5028735632183908,1,348,1,1,1,1
1303,0578_c0007_015.jpg,578,6,-1,True,175,8550,0.8606522380105543,0.48746518105849584,1,359,1,1,1,1
1304,0578_c0007_020.jpg,578,6,-1,True,175,8550,0.8574492252643555,0.45691906005221933,1,383,1,1,1,1
1305,0578_c0008_000.jpg,578,7,-1,True,175,8550,0.7547779360672895,0.501432664756447,1,349,1,1,1,1
1306,0578_c0008_005.jpg,578,7,-1,True,175,8550,0.7474147712258402,0.4716981132075472,1,371,1,1,1,1
1307,0578_c0008_010.jpg,578,7,-1,True,175,8550,0.7428830170356268,0.46296296296296297,1,378,1,1,1,1
1308,0578_c0008_015.jpg,578,7,-1,True,175,8550,0.7440963517521072,0.47297297297297297,1,370,1,1,1,1
1309,0578_c0008_020.jpg,578,7,-1,True,175,8550,0.7621773558514852,0.4971590909090909,1,352,1,1,1,1
1310,0580_c0001_000.jpg,580,0,-1,True,175,8550,0.13111704303008317,0.09875846501128668,52,1772,0,0,0,0
1311,0580_c0001_005.jpg,580,0,-1,True,175,8550,0.1251000677223496,0.10736196319018405,60,1630,0,0,0,0
1312,0580_c0001_010.jpg,580,0,-1,True,175,8550,0.11264624488395863,0.11864406779661017,88,1475,0,0,0,0
1313,0580_c0001_015.jpg,580,0,-1,True,175,8550,0.10752941729885333,0.12562814070351758,75,1393,0,0,0,0
1314,0580_c0001_020.jpg,580,0,-1,True,175,8550,0.12991809079599972,0.14583333333333334,42,1200,0,0,0,0
1315,0580_c0002_000.jpg,580,1,-1,True,175,8550,0.10415686165023073,0.0857843137254902,109,2040,0,0,0,0
1316,0580_c0002_005.jpg,580,1,-1,True,175,8550,0.13788231168578108,0.07648601398601398,46,2288,0,0,0,0
1317,0580_c0002_010.jpg,580,1,-1,True,175,8550,0.1096845250350271,0.07453151618398637,55,2348,0,0,0,0
1318,0580_c0002_015.jpg,580,1,-1,True,175,8550,0.10373604515033995,0.08624938393297191,106,2029,0,0,0,0
1319,0580_c0002_020.jpg,580,1,-1,True,175,8550,0.12698654897408476,0.08719481813652218,64,2007,0,0,0,0
1320,0580_c0003_000.jpg,580,2,-1,True,175,8550,0.055044880835164296,0.05862646566164154,516,2985,0,0,0,0
1321,0580_c0003_005.jpg,580,2,-1,True,175,8550,0.060018219517352825,0.061274509803921566,440,2856,0,0,0,0
1322,0580_c0003_010.jpg,580,2,-1,True,175,8550,0.05380983922539117,0.0576036866359447,503,3038,0,0,0,0
1323,0580_c0003_015.jpg,580,2,-1,True,175,8550,0.05486624140040457,0.05630630630630631,492,3108,0,0,0,0
1324,0580_c0003_020.jpg,580,2,-1,True,175,8550,0.055831417224422066,0.058606831882116545,478,2986,0,0,0,0
1325,0580_c0004_000.jpg,580,3,-1,True,175,8550,0.4274995358802739,0.20161290322580644,8,868,0,0,1,1
1326,0580_c0004_005.jpg,580,3,-1,True,175,8550,0.42699775824613645,0.21008403361344538,7,833,0,0,1,1
1327,0580_c0004_010.jpg,580,3,-1,True,175,8550,0.43626292136805106,0.2046783625730994,4,855,0,1,1,1
1328,0580_c0004_015.jpg,580,3,-1,True,175,8550,0.4536582322336345,0.20759193357058126,2,843,0,1,1,1
1329,0580_c0004_020.jpg,580,3,-1,True,175,8550,0.44318657166918973,0.21685254027261464,4,807,0,1,1,1
1330,0580_c0005_000.jpg,580,4,-1,True,175,8550,0.19019597344871703,0.16826923076923078,56,1040,0,0,0,0
1331,0580_c0005_005.jpg,580,4,-1,True,175,8550,0.18415127010864657,0.1570915619389587,83,1114,0,0,0,0
1332,0580_c0005_010.jpg,580,4,-1,True,175,8550,0.19602065901462112,0.14767932489451477,71,1185,0,0,0,0
1333,0580_c0005_015.jpg,580,4,-1,True,175,8550,0.19701852611879428,0.15151515151515152,63,1155,0,0,0,0
1334,0580_c0005_020.jpg,580,4,-1,True,175,8550,0.19016308422226577,0.15086206896551724,67,1160,0,0,0,0
1335,0580_c0006_000.jpg,580,5,-1,True,175,8550,0.32393052749566814,0.15418502202643172,2,1135,0,1,1,1
1336,0580_c0006_005.jpg,580,5,-1,True,175,8550,0.2891583148140355,0.1558325912733749,5,1123,0,1,1,1
1337,0580_c0006_010.jpg,580,5,-1,True,175,8550,0.2961886937003042,0.1404494382022472,2,1246,0,1,1,1
1338,0580_c0006_015.jpg,580,5,-1,True,175,8550,0.30726196349677165,0.13629283489096572,6,1284,0,0,1,1
1339,0580_c0006_020.jpg,580,5,-1,True,175,8550,0.2706704836385809,0.15541740674955595,8,1126,0,0,1,1
1340,0580_c0007_000.jpg,580,6,-1,True,175,8550,0.29028919286180566,0.08706467661691543,10,2010,0,0,1,1
1341,0580_c0007_005.jpg,580,6,-1,True,175,8550,0.24063340220730717,0.07705856450902686,41,2271,0,0,0,0
1342,0580_c0007_010.jpg,580,6,-1,True,175,8550,0.2661712997400963,0.08499271491015056,15,2059,0,0,0,1
1343,0580_c0007_015.jpg,580,6,-1,True,175,8550,0.28301260653952215,0.09988584474885845,9,1752,0,0,1,1
1344,0580_c0007_020.jpg,580,6,-1,True,175,8550,0.2731071585118276,0.09323388385721897,11,1877,0,0,0,1
1345,0580_c0008_000.jpg,580,7,-1,True,175,8550,0.3980836769097753,0.12681159420289856,1,1380,1,1,1,1
1346,0580_c0008_005.jpg,580,7,-1,True,175,8550,0.3915304557125003,0.12953367875647667,1,1351,1,1,1,1
1347,0580_c0008_010.jpg,580,7,-1,True,175,8550,0.3180337885488953,0.12464387464387465,1,1404,1,1,1,1
1348,0580_c0008_015.jpg,580,7,-1,True,175,8550,0.38313812082687976,0.12161223071577484,1,1439,1,1,1,1
1349,0580_c0008_020.jpg,580,7,-1,True,175,8550,0.36516321202682384,0.12263489838822705,1,1427,1,1,1,1
1350,0582_c0001_000.jpg,582,0,-1,True,175,8550,0.8577325072779171,0.7322175732217573,1,239,1,1,1,1
1351,0582_c0001_005.jpg,582,0,-1,True,175,8550,0.8629543061721721,0.7261410788381742,1,241,1,1,1,1
1352,0582_c0001_010.jpg,582,0,-1,True,175,8550,0.8887512360644577,0.7172131147540983,1,244,1,1,1,1
1353,0582_c0001_015.jpg,582,0,-1,True,175,8550,0.8414572184601473,0.7291666666666666,1,240,1,1,1,1
1354,0582_c0001_020.jpg,582,0,-1,True,175,8550,0.8986976485778297,0.7709251101321586,1,227,1,1,1,1
1355,0582_c0002_000.jpg,582,1,-1,True,175,8550,0.5337751411323122,0.14147130153597412,1,1237,1,1,1,1
1356,0582_c0002_005.jpg,582,1,-1,True,175,8550,0.5049621819072487,0.11551155115511551,1,1515,1,1,1,1
1357,0582_c0002_010.jpg,582,1,-1,True,175,8550,0.7514833875688016,0.18078512396694216,1,968,1,1,1,1
1358,0582_c0002_015.jpg,582,1,-1,True,175,8550,0.819370996855986,0.24238227146814403,1,722,1,1,1,1
1359,0582_c0002_020.jpg,582,1,-1,True,175,8550,0.8293234801847225,0.24238227146814403,1,722,1,1,1,1
1360,0582_c0003_000.jpg,582,2,-1,True,175,8550,0.45149845091628465,0.16084558823529413,1,1088,1,1,1,1
1361,0582_c0003_005.jpg,582,2,-1,True,175,8550,0.40935273995812493,0.14297385620915032,1,1224,1,1,1,1
1362,0582_c0003_010.jpg,582,2,-1,True,175,8550,0.46667608592614684,0.16339869281045752,1,1071,1,1,1,1
1363,0582_c0003_015.jpg,582,2,-1,True,175,8550,0.48411008800526595,0.16730401529636713,1,1046,1,1,1,1
1364,0582_c0003_020.jpg,582,2,-1,True,175,8550,0.463775286873842,0.16619183285849953,1,1053,1,1,1,1
1365,0582_c0004_000.jpg,582,3,-1,True,175,8550,0.7667245914610138,0.28501628664495116,1,614,1,1,1,1
1366,0582_c0004_005.jpg,582,3,-1,True,175,8550,0.7544051763644708,0.27689873417721517,1,632,1,1,1,1
1367,0582_c0004_010.jpg,582,3,-1,True,175,8550,0.7748168600026692,0.2946127946127946,1,594,1,1,1,1
1368,0582_c0004_015.jpg,582,3,-1,True,175,8550,0.7642337640119138,0.27821939586645467,1,629,1,1,1,1
1369,0582_c0004_020.jpg,582,3,-1,True,175,8550,0.7781119848943019,0.29411764705882354,1,595,1,1,1,1
1370,0582_c0005_000.jpg,582,4,-1,True,175,8550,0.8531619717744057,0.33081285444234404,1,529,1,1,1,1
1371,0582_c0005_005.jpg,582,4,-1,True,175,8550,0.8314886222534217,0.3048780487804878,1,574,1,1,1,1
1372,0582_c0005_010.jpg,582,4,-1,True,175,8550,0.853798239667377,0.34791252485089463,1,503,1,1,1,1
1373,0582_c0005_015.jpg,582,4,-1,True,175,8550,0.8645141138084023,0.34930139720558884,1,501,1,1,1,1
1374,0582_c0005_020.jpg,582,4,-1,True,175,8550,0.8282322119648272,0.3108348134991119,1,563,1,1,1,1
1375,0582_c0006_000.jpg,582,5,-1,True,175,8550,0.6104487136346989,0.2608047690014903,1,671,1,1,1,1
1376,0582_c0006_005.jpg,582,5,-1,True,175,8550,0.795287888000242,0.46174142480211083,1,379,1,1,1,1
1377,0582_c0006_010.jpg,582,5,-1,True,175,8550,0.7684820776283761,0.35496957403651114,1,493,1,1,1,1
1378,0582_c0006_015.jpg,582,5,-1,True,175,8550,0.712157963787851,0.2976190476190476,1,588,1,1,1,1
1379,0582_c0006_020.jpg,582,5,-1,True,175,8550,0.6624170583166628,0.2921535893155259,1,599,1,1,1,1
1380,0582_c0007_000.jpg,582,6,-1,True,175,8550,0.9538234739969289,0.7709251101321586,1,227,1,1,1,1
1381,0582_c0007_005.jpg,582,6,-1,True,175,8550,0.9322369747700802,0.7954545454545454,1,220,1,1,1,1
1382,0582_c0007_010.jpg,582,6,-1,True,175,8550,0.9312072183982397,0.7113821138211383,1,246,1,1,1,1
1383,0582_c0007_015.jpg,582,6,-1,True,175,8550,0.9394128522828092,0.6578947368421053,1,266,1,1,1,1
1384,0582_c0007_020.jpg,582,6,-1,True,175,8550,0.9363858211736095,0.7575757575757576,1,231,1,1,1,1
1385,0582_c0008_000.jpg,582,7,-1,True,175,8550,0.8195803298778417,0.3147482014388489,1,556,1,1,1,1
1386,0582_c0008_005.jpg,582,7,-1,True,175,8550,0.816566116638411,0.30864197530864196,1,567,1,1,1,1
1387,0582_c0008_010.jpg,582,7,-1,True,175,8550,0.8425256018295815,0.35860655737704916,1,488,1,1,1,1
1388,0582_c0008_015.jpg,582,7,-1,True,175,8550,0.8283324210876253,0.341130604288499,1,513,1,1,1,1
1389,0582_c0008_020.jpg,582,7,-1,True,175,8550,0.8315986371899281,0.3431372549019608,1,510,1,1,1,1
1390,0584_c0001_000.jpg,584,0,-1,True,175,8550,0.1784536204087922,0.15364354697102722,84,1139,0,0,0,0
1391,0584_c0001_005.jpg,584,0,-1,True,175,8550,0.1339181556044741,0.1298219584569733,212,1348,0,0,0,0
1392,0584_c0001_010.jpg,584,0,-1,True,175,8550,0.16581255125159963,0.1520417028670721,144,1151,0,0,0,0
1393,0584_c0001_015.jpg,584,0,-1,True,175,8550,0.16700493533990254,0.15297202797202797,158,1144,0,0,0,0
1394,0584_c0001_020.jpg,584,0,-1,True,175,8550,0.22111999643315178,0.1809720785935884,69,967,0,0,0,0
1395,0584_c0002_000.jpg,584,1,-1,True,175,8550,0.269102887572409,0.07008410092110533,28,2497,0,0,0,0
1396,0584_c0002_005.jpg,584,1,-1,True,175,8550,0.2729863831255103,0.06933438985736926,43,2524,0,0,0,0
1397,0584_c0002_010.jpg,584,1,-1,True,175,8550,0.265429365575069,0.06988817891373802,34,2504,0,0,0,0
1398,0584_c0002_015.jpg,584,1,-1,True,175,8550,0.28231321055784503,0.07237386269644334,27,2418,0,0,0,0
1399,0584_c0002_020.jpg,584,1,-1,True,175,8550,0.29187639649347985,0.07056451612903226,27,2480,0,0,0,0
1400,0584_c0003_000.jpg,584,2,-1,True,175,8550,0.3437629445866257,0.1303052866716307,17,1343,0,0,0,1
1401,0584_c0003_005.jpg,584,2,-1,True,175,8550,0.31791705817774146,0.1076923076923077,50,1625,0,0,0,0
1402,0584_c0003_010.jpg,584,2,-1,True,175,8550,0.32146738068318953,0.11385816525699415,47,1537,0,0,0,0
1403,0584_c0003_015.jpg,584,2,-1,True,175,8550,0.34214913195584146,0.14632107023411373,29,1196,0,0,0,0
1404,0584_c0003_020.jpg,584,2,-1,True,175,8550,0.35215104145084086,0.1588021778584392,19,1102,0,0,0,1
1405,0584_c0004_000.jpg,584,3,-1,True,175,8550,0.281144821562174,0.15779981965734896,2,1109,0,1,1,1
1406,0584_c0004_005.jpg,584,3,-1,True,175,8550,0.19751001112590846,0.11326860841423948,6,1545,0,0,1,1
1407,0584_c0004_010.jpg,584,3,-1,True,175,8550,0.322120151411539,0.2004581901489118,3,873,0,1,1,1
1408,0584_c0004_015.jpg,584,3,-1,True,175,8550,0.38881127524854137,0.2393980848153215,2,731,0,1,1,1
1409,0584_c0004_020.jpg,584,3,-1,True,175,8550,0.3289811818824646,0.17623363544813697,2,993,0,1,1,1
1410,0584_c0005_000.jpg,584,4,-1,True,175,8550,0.5350790852621902,0.09348290598290598,1,1872,1,1,1,1
1411,0584_c0005_005.jpg,584,4,-1,True,175,8550,0.534334657019334,0.0912884715701617,1,1917,1,1,1,1
1412,0584_c0005_010.jpg,584,4,-1,True,175,8550,0.5567333910734902,0.09363295880149813,1,1869,1,1,1,1
1413,0584_c0005_015.jpg,584,4,-1,True,175,8550,0.5490189923184162,0.09444144630329196,1,1853,1,1,1,1
1414,0584_c0005_020.jpg,584,4,-1,True,175,8550,0.5374713416428755,0.0926906779661017,1,1888,1,1,1,1
1415,0584_c0006_000.jpg,584,5,-1,True,175,8550,0.4540976477027106,0.13768686073957515,14,1271,0,0,0,1
1416,0584_c0006_005.jpg,584,5,-1,True,175,8550,0.5859035077691751,0.11217948717948718,1,1560,1,1,1,1
1417,0584_c0006_010.jpg,584,5,-1,True,175,8550,0.6312515600891031,0.09557618787547788,1,1831,1,1,1,1
1418,0584_c0006_015.jpg,584,5,-1,True,175,8550,0.6149782936494725,0.08946830265848671,1,1956,1,1,1,1
1419,0584_c0006_020.jpg,584,5,-1,True,175,8550,0.5855019397662001,0.08147113594040968,1,2148,1,1,1,1
1420,0584_c0007_000.jpg,584,6,-1,True,175,8550,0.4949579724972591,0.22068095838587642,1,793,1,1,1,1
1421,0584_c0007_005.jpg,584,6,-1,True,175,8550,0.4493754786682486,0.21929824561403508,1,798,1,1,1,1
1422,0584_c0007_010.jpg,584,6,-1,True,175,8550,0.4868522816141783,0.23744911804613297,1,737,1,1,1,1
1423,0584_c0007_015.jpg,584,6,-1,True,175,8550,0.5994187421972605,0.25107604017216645,1,697,1,1,1,1
1424,0584_c0007_020.jpg,584,6,-1,True,175,8550,0.4879900062276898,0.23458445040214476,1,746,1,1,1,1
1425,0584_c0008_000.jpg,584,7,-1,True,175,8550,0.10721355543742159,0.07113821138211382,115,2460,0,0,0,0
1426,0584_c0008_005.jpg,584,7,-1,True,175,8550,0.11123470744671528,0.0748502994011976,118,2338,0,0,0,0
1427,0584_c0008_010.jpg,584,7,-1,True,175,8550,0.1061970218957183,0.07539853511417492,117,2321,0,0,0,0
1428,0584_c0008_015.jpg,584,7,-1,True,175,8550,0.10131420232613213,0.07309941520467836,127,2394,0,0,0,0
1429,0584_c0008_020.jpg,584,7,-1,True,175,8550,0.10134181656138687,0.07405840033855268,129,2363,0,0,0,0
1430,0586_c0001_000.jpg,586,0,-1,True,175,8550,0.730496988322037,0.47297297297297297,1,370,1,1,1,1
1431,0586_c0001_005.jpg,586,0,-1,True,175,8550,0.7446910965393834,0.4943502824858757,1,354,1,1,1,1
1432,0586_c0001_010.jpg,586,0,-1,True,175,8550,0.7477286868622341,0.49157303370786515,1,356,1,1,1,1
1433,0586_c0001_015.jpg,586,0,-1,True,175,8550,0.7453071671988677,0.501432664756447,1,349,1,1,1,1
1434,0586_c0001_020.jpg,586,0,-1,True,175,8550,0.7350297068854653,0.49157303370786515,1,356,1,1,1,1
1435,0586_c0002_000.jpg,586,1,-1,True,175,8550,0.9312186365995619,0.6457564575645757,1,271,1,1,1,1
1436,0586_c0002_005.jpg,586,1,-1,True,175,8550,0.8991603501589979,0.6272401433691757,1,279,1,1,1,1
1437,0586_c0002_010.jpg,586,1,-1,True,175,8550,0.9040597179869521,0.6183745583038869,1,283,1,1,1,1
1438,0586_c0002_015.jpg,586,1,-1,True,175,8550,0.8975002835330917,0.5912162162162162,1,296,1,1,1,1
1439,0586_c0002_020.jpg,586,1,-1,True,175,8550,0.8997722140570509,0.6161971830985915,1,284,1,1,1,1
1440,0586_c0003_000.jpg,586,2,-1,True,175,8550,0.8269119777492178,0.33524904214559387,1,522,1,1,1,1
1441,0586_c0003_005.jpg,586,2,-1,True,175,8550,0.8250182056135583,0.3314393939393939,1,528,1,1,1,1
1442,0586_c0003_010.jpg,586,2,-1,True,175,8550,0.8254167697129466,0.33081285444234404,1,529,1,1,1,1
1443,0586_c0003_015.jpg,586,2,-1,True,175,8550,0.8234150605012986,0.3170289855072464,1,552,1,1,1,1
1444,0586_c0003_020.jpg,586,2,-1,True,175,8550,0.8245363719141255,0.32287822878228783,1,542,1,1,1,1
1445,0586_c0004_000.jpg,586,3,-1,True,175,8550,0.9905132613667037,0.78125,1,224,1,1,1,1
1446,0586_c0004_005.jpg,586,3,-1,True,175,8550,0.9918498978428907,0.7847533632286996,1,223,1,1,1,1
1447,0586_c0004_010.jpg,586,3,-1,True,175,8550,0.9883282693124652,0.7777777777777778,1,225,1,1,1,1
1448,0586_c0004_015.jpg,586,3,-1,True,175,8550,0.9913552646688728,0.7882882882882883,1,222,1,1,1,1
1449,0586_c0004_020.jpg,586,3,-1,True,175,8550,0.9896434639196962,0.7478632478632479,1,234,1,1,1,1
1450,0586_c0005_000.jpg,586,4,-1,True,175,8550,0.8354816451635111,0.390625,1,448,1,1,1,1
1451,0586_c0005_005.jpg,586,4,-1,True,175,8550,0.8392121300672007,0.3897550111358575,1,449,1,1,1,1
1452,0586_c0005_010.jpg,586,4,-1,True,175,8550,0.8454449162474481,0.3977272727272727,1,440,1,1,1,1
1453,0586_c0005_015.jpg,586,4,-1,True,175,8550,0.8475032914726098,0.40045766590389015,1,437,1,1,1,1
1454,0586_c0005_020.jpg,586,4,-1,True,175,8550,0.837951179446949,0.3888888888888889,1,450,1,1,1,1
1455,0586_c0006_000.jpg,586,5,-1,True,175,8550,0.9870414176215506,0.8928571428571429,1,196,1,1,1,1
1456,0586_c0006_005.jpg,586,5,-1,True,175,8550,0.9659049273886304,0.875,1,200,1,1,1,1
1457,0586_c0006_010.jpg,586,5,-1,True,175,8550,0.9555835078496698,0.875,1,200,1,1,1,1
1458,0586_c0006_015.jpg,586,5,-1,True,175,8550,0.949656621066723,0.875,1,200,1,1,1,1
1459,0586_c0006_020.jpg,586,5,-1,True,175,8550,0.9316939906739211,0.8706467661691543,1,201,1,1,1,1
1460,0586_c0007_000.jpg,586,6,-1,True,175,8550,0.9113395133210146,0.7,1,250,1,1,1,1
1461,0586_c0007_005.jpg,586,6,-1,True,175,8550,0.9483182825720585,0.7675438596491229,1,228,1,1,1,1
1462,0586_c0007_010.jpg,586,6,-1,True,175,8550,0.9615326534338358,0.8413461538461539,1,208,1,1,1,1
1463,0586_c0007_015.jpg,586,6,-1,True,175,8550,0.9702382945351792,0.8706467661691543,1,201,1,1,1,1
1464,0586_c0007_020.jpg,586,6,-1,True,175,8550,0.969996143673527,0.875,1,200,1,1,1,1
1465,0586_c0008_000.jpg,586,7,-1,True,175,8550,0.865581739176401,0.45931758530183725,1,381,1,1,1,1
1466,0586_c0008_005.jpg,586,7,-1,True,175,8550,0.8847289512146215,0.4861111111111111,1,360,1,1,1,1
1467,0586_c0008_010.jpg,586,7,-1,True,175,8550,0.8791916679452657,0.4716981132075472,1,371,1,1,1,1
1468,0586_c0008_015.jpg,586,7,-1,True,175,8550,0.8685263855685806,0.4666666666666667,1,375,1,1,1,1
1469,0586_c0008_020.jpg,586,7,-1,True,175,8550,0.8844540364264302,0.4820936639118457,1,363,1,1,1,1
1470,0588_c0001_000.jpg,588,0,-1,True,175,8550,0.21964865296998312,0.23521505376344087,68,744,0,0,0,0
1471,0588_c0001_005.jpg,588,0,-1,True,175,8550,0.20928995660395677,0.23178807947019867,59,755,0,0,0,0
1472,0588_c0001_010.jpg,588,0,-1,True,175,8550,0.20334016075449174,0.23458445040214476,83,746,0,0,0,0
1473,0588_c0001_015.jpg,588,0,-1,True,175,8550,0.18534048205407536,0.21289537712895376,82,822,0,0,0,0
1474,0588_c0001_020.jpg,588,0,-1,True,175,8550,0.21559529258459895,0.22727272727272727,67,770,0,0,0,0
1475,0588_c0002_000.jpg,588,1,-1,True,175,8550,0.16279029314754576,0.16355140186915887,85,1070,0,0,0,0
1476,0588_c0002_005.jpg,588,1,-1,True,175,8550,0.11985763472526037,0.15270506108202445,194,1146,0,0,0,0
1477,0588_c0002_010.jpg,588,1,-1,True,175,8550,0.14747390206925895,0.15034364261168384,103,1164,0,0,0,0
1478,0588_c0002_015.jpg,588,1,-1,True,175,8550,0.15701369377503924,0.15555555555555556,101,1125,0,0,0,0
1479,0588_c0002_020.jpg,588,1,-1,True,175,8550,0.13587552049767515,0.1404494382022472,109,1246,0,0,0,0
1480,0588_c0003_000.jpg,588,2,-1,True,175,8550,0.26041149834890626,0.12589928057553956,26,1390,0,0,0,0
1481,0588_c0003_005.jpg,588,2,-1,True,175,8550,0.2646916051227549,0.14,12,1250,0,0,0,1
1482,0588_c0003_010.jpg,588,2,-1,True,175,8550,0.2568045635775109,0.15021459227467812,25,1165,0,0,0,0
1483,0588_c0003_015.jpg,588,2,-1,True,175,8550,0.2871602290167047,0.1313813813813814,1,1332,1,1,1,1
1484,0588_c0003_020.jpg,588,2,-1,True,175,8550,0.2744189790134144,0.14855687606112053,15,1178,0,0,0,1
1485,0588_c0004_000.jpg,588,3,-1,True,175,8550,0.15439715560108927,0.19954389965792474,225,877,0,0,0,0
1486,0588_c0004_005.jpg,588,3,-1,True,175,8550,0.15763396617099876,0.20420070011668612,228,857,0,0,0,0
1487,0588_c0004_010.jpg,588,3,-1,True,175,8550,0.15037120229246576,0.2141982864137087,253,817,0,0,0,0
1488,0588_c0004_015.jpg,588,3,-1,True,175,8550,0.15201967132950042,0.21341463414634146,243,820,0,0,0,0
1489,0588_c0004_020.jpg,588,3,-1,True,175,8550,0.15534969799294898,0.22349936143039592,233,783,0,0,0,0
1490,0588_c0005_000.jpg,588,4,-1,True,175,8550,0.267168282796288,0.16188714153561518,38,1081,0,0,0,0
1491,0588_c0005_005.jpg,588,4,-1,True,175,8550,0.251153180915214,0.1519097222222222,32,1152,0,0,0,0
1492,0588_c0005_010.jpg,588,4,-1,True,175,8550,0.25488435855922714,0.16556291390728478,35,1057,0,0,0,0
1493,0588_c0005_015.jpg,588,4,-1,True,175,8550,0.27990087529819385,0.1650943396226415,22,1060,0,0,0,0
1494,0588_c0005_020.jpg,588,4,-1,True,175,8550,0.2697869249492016,0.1652502360717658,26,1059,0,0,0,0
1495,0588_c0006_000.jpg,588,5,-1,True,175,8550,0.3209886563041125,0.19104803493449782,7,916,0,0,1,1
1496,0588_c0006_005.jpg,588,5,-1,True,175,8550,0.34202003446909,0.19042437431991294,2,919,0,1,1,1
1497,0588_c0006_010.jpg,588,5,-1,True,175,8550,0.3119606433991347,0.18022657054582905,16,971,0,0,0,1
1498,0588_c0006_015.jpg,588,5,-1,True,175,8550,0.31081722382001564,0.19209659714599342,9,911,0,0,1,1
1499,0588_c0006_020.jpg,588,5,-1,True,175,8550,0.3159910171962025,0.19104803493449782,6,916,0,0,1,1
1500,0588_c0007_000.jpg,588,6,-1,True,175,8550,0.4267166910844858,0.13977635782747605,1,1252,1,1,1,1
1501,0588_c0007_005.jpg,588,6,-1,True,175,8550,0.4479910594058652,0.17967145790554415,1,974,1,1,1,1
1502,0588_c0007_010.jpg,588,6,-1,True,175,8550,0.45356849515309017,0.13307984790874525,1,1315,1,1,1,1
1503,0588_c0007_015.jpg,588,6,-1,True,175,8550,0.4328367296490541,0.1442704039571311,1,1213,1,1,1,1
1504,0588_c0007_020.jpg,588,6,-1,True,175,8550,0.40230913376037736,0.14743049705139005,1,1187,1,1,1,1
1505,0588_c0008_000.jpg,588,7,-1,True,175,8550,0.2633350153787143,0.2403846153846154,60,728,0,0,0,0
1506,0588_c0008_005.jpg,588,7,-1,True,175,8550,0.2314971908996057,0.22609819121447028,79,774,0,0,0,0
1507,0588_c0008_010.jpg,588,7,-1,True,175,8550,0.20017018537260234,0.22875816993464052,72,765,0,0,0,0
1508,0588_c0008_015.jpg,588,7,-1,True,175,8550,0.216926435502167,0.24104683195592286,90,726,0,0,0,0
1509,0588_c0008_020.jpg,588,7,-1,True,175,8550,0.22885160591394352,0.24822695035460993,102,705,0,0,0,0
1510,0590_c0001_000.jpg,590,0,-1,True,150,8550,0.5074491903725802,0.35714285714285715,26,420,0,0,0,0
1511,0590_c0001_005.jpg,590,0,-1,True,150,8550,0.5056219669006781,0.37037037037037035,26,405,0,0,0,0
1512,0590_c0001_010.jpg,590,0,-1,True,150,8550,0.5102836570110736,0.35629453681710216,26,421,0,0,0,0
1513,0590_c0001_015.jpg,590,0,-1,True,150,8550,0.5127204681074504,0.3640776699029126,26,412,0,0,0,0
1514,0590_c0001_020.jpg,590,0,-1,True,150,8550,0.5289286086156528,0.352112676056338,26,426,0,0,0,0
1515,0590_c0002_000.jpg,590,1,-1,True,150,8550,0.658921002600867,0.352112676056338,1,426,1,1,1,1
1516,0590_c0002_005.jpg,590,1,-1,True,150,8550,0.6514883217934602,0.36674816625916873,1,409,1,1,1,1
1517,0590_c0002_010.jpg,590,1,-1,True,150,8550,0.6113854868943556,0.32051282051282054,1,468,1,1,1,1
1518,0590_c0002_015.jpg,590,1,-1,True,150,8550,0.6475330735566251,0.336322869955157,1,446,1,1,1,1
1519,0590_c0002_020.jpg,590,1,-1,True,150,8550,0.6522362226726861,0.3937007874015748,1,381,1,1,1,1
1520,0590_c0004_000.jpg,590,3,-1,True,150,8550,0.7543940712459954,0.3393665158371041,1,442,1,1,1,1
1521,0590_c0004_005.jpg,590,3,-1,True,150,8550,0.7584345563095987,0.37220843672456577,1,403,1,1,1,1
1522,0590_c0004_010.jpg,590,3,-1,True,150,8550,0.7371683151920193,0.3440366972477064,1,436,1,1,1,1
1523,0590_c0004_015.jpg,590,3,-1,True,150,8550,0.7249566881668401,0.31185031185031187,1,481,1,1,1,1
1524,0590_c0004_020.jpg,590,3,-1,True,150,8550,0.7192003088197121,0.2976190476190476,1,504,1,1,1,1
1525,0590_c0005_000.jpg,590,4,-1,True,150,8550,0.6671779296163449,0.625,1,240,1,1,1,1
1526,0590_c0005_005.jpg,590,4,-1,True,150,8550,0.6175851371418546,0.6224066390041494,2,241,0,1,1,1
1527,0590_c0005_010.jpg,590,4,-1,True,150,8550,0.5931875745973975,0.6147540983606558,4,244,0,1,1,1
1528,0590_c0005_015.jpg,590,4,-1,True,150,8550,0.7069111025248557,0.6276150627615062,1,239,1,1,1,1
1529,0590_c0005_020.jpg,590,4,-1,True,150,8550,0.7059391683969337,0.5952380952380952,1,252,1,1,1,1
1530,0590_c0006_000.jpg,590,5,-1,True,150,8550,0.4724846783240856,0.5660377358490566,13,265,0,0,0,1
1531,0590_c0006_005.jpg,590,5,-1,True,150,8550,0.5042706325476426,0.5617977528089888,5,267,0,1,1,1
1532,0590_c0006_010.jpg,590,5,-1,True,150,8550,0.5568162327102502,0.5434782608695652,1,276,1,1,1,1
1533,0590_c0006_015.jpg,590,5,-1,True,150,8550,0.6178981098745874,0.5555555555555556,1,270,1,1,1,1
1534,0590_c0006_020.jpg,590,5,-1,True,150,8550,0.6491767351857173,0.5681818181818182,1,264,1,1,1,1
1535,0590_c0007_000.jpg,590,6,-1,True,150,8550,0.8124795720585628,0.6198347107438017,1,242,1,1,1,1
1536,0590_c0007_005.jpg,590,6,-1,True,150,8550,0.8054423836743877,0.539568345323741,1,278,1,1,1,1
1537,0590_c0007_010.jpg,590,6,-1,True,150,8550,0.7726699853979426,0.5514705882352942,1,272,1,1,1,1
1538,0590_c0007_015.jpg,590,6,-1,True,150,8550,0.7107533414240146,0.5639097744360902,1,266,1,1,1,1
1539,0590_c0007_020.jpg,590,6,-1,True,150,8550,0.7405297543331611,0.5639097744360902,1,266,1,1,1,1
1540,0590_c0008_000.jpg,590,7,-1,True,150,8550,0.8063439209678438,0.43731778425655976,1,343,1,1,1,1
1541,0590_c0008_005.jpg,590,7,-1,True,150,8550,0.7957337481126809,0.40214477211796246,1,373,1,1,1,1
1542,0590_c0008_010.jpg,590,7,-1,True,150,8550,0.7851280506208569,0.3768844221105528,1,398,1,1,1,1
1543,0590_c0008_015.jpg,590,7,-1,True,150,8550,0.8162479168045373,0.43352601156069365,1,346,1,1,1,1
1544,0590_c0008_020.jpg,590,7,-1,True,150,8550,0.8504839866491809,0.5102040816326531,1,294,1,1,1,1
1545,0592_c0001_000.jpg,592,0,-1,True,125,8550,0.36609988192531867,0.1926040061633282,54,649,0,0,0,0
1546,0592_c0001_005.jpg,592,0,-1,True,125,8550,0.33660448920173563,0.13469827586206898,53,928,0,0,0,0
1547,0592_c0001_010.jpg,592,0,-1,True,125,8550,0.3510803139430964,0.15356265356265356,52,814,0,0,0,0
1548,0592_c0001_015.jpg,592,0,-1,True,125,8550,0.361840950804173,0.16778523489932887,51,745,0,0,0,0
1549,0592_c0001_020.jpg,592,0,-1,True,125,8550,0.3421281430666661,0.14302059496567507,54,874,0,0,0,0
1550,0592_c0002_000.jpg,592,1,-1,True,125,8550,0.5846191373911739,0.351123595505618,1,356,1,1,1,1
1551,0592_c0002_005.jpg,592,1,-1,True,125,8550,0.6594200413828621,0.35714285714285715,1,350,1,1,1,1
1552,0592_c0002_010.jpg,592,1,-1,True,125,8550,0.6349185889837503,0.3094059405940594,1,404,1,1,1,1
1553,0592_c0002_015.jpg,592,1,-1,True,125,8550,0.6447370043976213,0.31887755102040816,1,392,1,1,1,1
1554,0592_c0002_020.jpg,592,1,-1,True,125,8550,0.6131007495866575,0.3148614609571788,1,397,1,1,1,1
1555,0592_c0003_000.jpg,592,2,-1,True,125,8550,0.5165552851565255,0.2962085308056872,7,422,0,0,1,1
1556,0592_c0003_005.jpg,592,2,-1,True,125,8550,0.5188474753564685,0.3071253071253071,4,407,0,1,1,1
1557,0592_c0003_010.jpg,592,2,-1,True,125,8550,0.5157641965534513,0.30413625304136255,4,411,0,1,1,1
1558,0592_c0003_015.jpg,592,2,-1,True,125,8550,0.5225387308409355,0.31887755102040816,4,392,0,1,1,1
1559,0592_c0003_020.jpg,592,2,-1,True,125,8550,0.5027619763336015,0.2927400468384075,6,427,0,0,1,1
1560,0592_c0005_000.jpg,592,4,-1,True,125,8550,0.7286129997799408,0.4734848484848485,1,264,1,1,1,1
1561,0592_c0005_005.jpg,592,4,-1,True,125,8550,0.7155811542323489,0.49407114624505927,1,253,1,1,1,1
1562,0592_c0005_010.jpg,592,4,-1,True,125,8550,0.726519563910269,0.49019607843137253,1,255,1,1,1,1
1563,0592_c0005_015.jpg,592,4,-1,True,125,8550,0.7115450374465757,0.48828125,1,256,1,1,1,1
1564,0592_c0005_020.jpg,592,4,-1,True,125,8550,0.7037039408099758,0.48638132295719844,1,257,1,1,1,1
1565,0592_c0006_000.jpg,592,5,-1,True,125,8550,0.4232300436344569,0.45126353790613716,27,277,0,0,0,0
1566,0592_c0006_005.jpg,592,5,-1,True,125,8550,0.4867899694724942,0.4826254826254826,25,259,0,0,0,0
1567,0592_c0006_010.jpg,592,5,-1,True,125,8550,0.4922222066378229,0.4770992366412214,25,262,0,0,0,0
1568,0592_c0006_015.jpg,592,5,-1,True,125,8550,0.5000821733193452,0.45126353790613716,20,277,0,0,0,1
1569,0592_c0006_020.jpg,592,5,-1,True,125,8550,0.4950092734577849,0.4770992366412214,16,262,0,0,0,1
1570,0592_c0007_000.jpg,592,6,-1,True,125,8550,0.5853570179577992,0.41118421052631576,1,304,1,1,1,1
1571,0592_c0007_005.jpg,592,6,-1,True,125,8550,0.5671112130841164,0.35816618911174786,1,349,1,1,1,1
1572,0592_c0007_010.jpg,592,6,-1,True,125,8550,0.5258859049150029,0.27233115468409586,1,459,1,1,1,1
1573,0592_c0007_015.jpg,592,6,-1,True,125,8550,0.5464331750755825,0.33875338753387535,1,369,1,1,1,1
1574,0592_c0007_020.jpg,592,6,-1,True,125,8550,0.6006872660432315,0.35714285714285715,1,350,1,1,1,1
1575,0594_c0001_000.jpg,594,0,-1,True,150,8550,0.26300214565959323,0.10141987829614604,26,1479,0,0,0,0
1576,0594_c0001_005.jpg,594,0,-1,True,150,8550,0.22277362819906235,0.09079903147699758,26,1652,0,0,0,0
1577,0594_c0001_010.jpg,594,0,-1,True,150,8550,0.1835641925030893,0.08685581933989578,28,1727,0,0,0,0
1578,0594_c0001_015.jpg,594,0,-1,True,150,8550,0.2080849481184992,0.08880994671403197,28,1689,0,0,0,0
1579,0594_c0001_020.jpg,594,0,-1,True,150,8550,0.18211736341250642,0.08782201405152225,49,1708,0,0,0,0
1580,0594_c0002_000.jpg,594,1,-1,True,150,8550,0.2663014068802725,0.15030060120240482,4,998,0,1,1,1
1581,0594_c0002_005.jpg,594,1,-1,True,150,8550,0.21413015211381786,0.14720314033366044,18,1019,0,0,0,1
1582,0594_c0002_010.jpg,594,1,-1,True,150,8550,0.2147805307390063,0.142721217887726,42,1051,0,0,0,0
1583,0594_c0002_015.jpg,594,1,-1,True,150,8550,0.20358498142968964,0.14450867052023122,51,1038,0,0,0,0
1584,0594_c0002_020.jpg,594,1,-1,True,150,8550,0.22594849873523495,0.14245014245014245,7,1053,0,0,1,1
1585,0594_c0003_000.jpg,594,2,-1,True,150,8550,0.2015089928222676,0.11070110701107011,21,1355,0,0,0,0
1586,0594_c0003_005.jpg,594,2,-1,True,150,8550,0.2086010058383613,0.11061946902654868,21,1356,0,0,0,0
1587,0594_c0003_010.jpg,594,2,-1,True,150,8550,0.22957417383773668,0.10940919037199125,13,1371,0,0,0,1
1588,0594_c0003_015.jpg,594,2,-1,True,150,8550,0.19654445619180272,0.10877447425670776,25,1379,0,0,0,0
1589,0594_c0003_020.jpg,594,2,-1,True,150,8550,0.22922155560582524,0.1105379513633014,14,1357,0,0,0,1
1590,0594_c0005_000.jpg,594,4,-1,True,150,8550,0.4609107417377509,0.12325390304026294,1,1217,1,1,1,1
1591,0594_c0005_005.jpg,594,4,-1,True,150,8550,0.3025571509762083,0.1182033096926714,4,1269,0,1,1,1
1592,0594_c0005_010.jpg,594,4,-1,True,150,8550,0.265579290523461,0.11990407673860912,8,1251,0,0,1,1
1593,0594_c0005_015.jpg,594,4,-1,True,150,8550,0.2652246920826188,0.11980830670926518,10,1252,0,0,1,1
1594,0594_c0005_020.jpg,594,4,-1,True,150,8550,0.26149061440244814,0.1182033096926714,8,1269,0,0,1,1
1595,0594_c0006_000.jpg,594,5,-1,True,150,8550,0.212138406288721,0.10909090909090909,30,1375,0,0,0,0
1596,0594_c0006_005.jpg,594,5,-1,True,150,8550,0.21303680910977063,0.11459129106187929,34,1309,0,0,0,0
1597,0594_c0006_010.jpg,594,5,-1,True,150,8550,0.2161063717739929,0.11980830670926518,33,1252,0,0,0,0
1598,0594_c0006_015.jpg,594,5,-1,True,150,8550,0.25359420428751916,0.1278772378516624,2,1173,0,1,1,1
1599,0594_c0006_020.jpg,594,5,-1,True,150,8550,0.22763316136434536,0.12325390304026294,22,1217,0,0,0,0
1600,0594_c0007_000.jpg,594,6,-1,True,150,8550,0.19990686747306663,0.24232633279483037,42,619,0,0,0,0
1601,0594_c0007_005.jpg,594,6,-1,True,150,8550,0.18946218003500284,0.22624434389140272,86,663,0,0,0,0
1602,0594_c0007_010.jpg,594,6,-1,True,150,8550,0.2003425974891376,0.23622047244094488,114,635,0,0,0,0
1603,0594_c0007_015.jpg,594,6,-1,True,150,8550,0.19273753143615907,0.23771790808240886,116,631,0,0,0,0
1604,0594_c0007_020.jpg,594,6,-1,True,150,8550,0.19907300650687995,0.2358490566037736,100,636,0,0,0,0
1605,0594_c0008_000.jpg,594,7,-1,True,150,8550,0.21648158134413478,0.24752475247524752,84,606,0,0,0,0
1606,0594_c0008_005.jpg,594,7,-1,True,150,8550,0.0895480922474454,0.12335526315789473,350,1216,0,0,0,0
1607,0594_c0008_010.jpg,594,7,-1,True,150,8550,0.16219977848445968,0.18094089264173704,94,829,0,0,0,0
1608,0594_c0008_015.jpg,594,7,-1,True,150,8550,0.178772771943782,0.18915510718789408,110,793,0,0,0,0
1609,0594_c0008_020.jpg,594,7,-1,True,150,8550,0.13488232800218525,0.10768126346015794,101,1393,0,0,0,0
1610,0596_c0001_000.jpg,596,0,-1,True,175,8550,0.6673641492675916,0.13513513513513514,1,1295,1,1,1,1
1611,0596_c0001_005.jpg,596,0,-1,True,175,8550,0.678353364892331,0.13167795334838225,1,1329,1,1,1,1
1612,0596_c0001_010.jpg,596,0,-1,True,175,8550,0.7365458643823698,0.13523956723338484,1,1294,1,1,1,1
1613,0596_c0001_015.jpg,596,0,-1,True,175,8550,0.7450803408265356,0.1282051282051282,1,1365,1,1,1,1
1614,0596_c0001_020.jpg,596,0,-1,True,175,8550,0.7741517288617953,0.13079222720478326,1,1338,1,1,1,1
1615,0596_c0002_000.jpg,596,1,-1,True,175,8550,0.08041225197944624,0.07543103448275862,339,2320,0,0,0,0
1616,0596_c0002_005.jpg,596,1,-1,True,175,8550,0.17710376036218498,0.10011441647597254,51,1748,0,0,0,0
1617,0596_c0002_010.jpg,596,1,-1,True,175,8550,0.1911542685241341,0.09971509971509972,51,1755,0,0,0,0
1618,0596_c0002_015.jpg,596,1,-1,True,175,8550,0.15944873722727224,0.09293680297397769,70,1883,0,0,0,0
1619,0596_c0002_020.jpg,596,1,-1,True,175,8550,0.13244262645183644,0.09105098855359,75,1922,0,0,0,0
1620,0596_c0003_000.jpg,596,2,-1,True,175,8550,0.6736407468037054,0.16069788797061524,1,1089,1,1,1,1
1621,0596_c0003_005.jpg,596,2,-1,True,175,8550,0.6195834926856173,0.15047291487532244,1,1163,1,1,1,1
1622,0596_c0003_010.jpg,596,2,-1,True,175,8550,0.6362451685387118,0.1446280991735537,1,1210,1,1,1,1
1623,0596_c0003_015.jpg,596,2,-1,True,175,8550,0.6168260033068658,0.1551418439716312,1,1128,1,1,1,1
1624,0596_c0003_020.jpg,596,2,-1,True,175,8550,0.6110324085184163,0.15555555555555556,1,1125,1,1,1,1
1625,0596_c0004_000.jpg,596,3,-1,True,175,8550,0.8020876636665348,0.10324483775811209,1,1695,1,1,1,1
1626,0596_c0004_005.jpg,596,3,-1,True,175,8550,0.781792980072368,0.09760178471834914,1,1793,1,1,1,1
1627,0596_c0004_010.jpg,596,3,-1,True,175,8550,0.7871133783540689,0.10074841681059298,1,1737,1,1,1,1
1628,0596_c0004_015.jpg,596,3,-1,True,175,8550,0.7542046987305054,0.11326860841423948,1,1545,1,1,1,1
1629,0596_c0004_020.jpg,596,3,-1,True,175,8550,0.817872990710319,0.11312217194570136,1,1547,1,1,1,1
1630,0596_c0005_000.jpg,596,4,-1,True,175,8550,0.8239061072686216,0.08071955719557196,1,2168,1,1,1,1
1631,0596_c0005_005.jpg,596,4,-1,True,175,8550,0.8258024133612629,0.08086876155268022,1,2164,1,1,1,1
1632,0596_c0005_010.jpg,596,4,-1,True,175,8550,0.8258599032221013,0.07998171846435101,1,2188,1,1,1,1
1633,0596_c0005_015.jpg,596,4,-1,True,175,8550,0.8128063075321517,0.08057090239410682,1,2172,1,1,1,1
1634,0596_c0005_020.jpg,596,4,-1,True,175,8550,0.83265149508407,0.08270321361058601,1,2116,1,1,1,1
1635,0596_c0006_000.jpg,596,5,-1,True,175,8550,0.8437211195305014,0.21712158808933002,1,806,1,1,1,1
1636,0596_c0006_005.jpg,596,5,-1,True,175,8550,0.8450926670902298,0.1997716894977169,1,876,1,1,1,1
1637,0596_c0006_010.jpg,596,5,-1,True,175,8550,0.8489753175773934,0.20710059171597633,1,845,1,1,1,1
1638,0596_c0006_015.jpg,596,5,-1,True,175,8550,0.8618701350406869,0.19818799546998866,1,883,1,1,1,1
1639,0596_c0006_020.jpg,596,5,-1,True,175,8550,0.8666690661090021,0.20491803278688525,1,854,1,1,1,1
1640,0596_c0007_000.jpg,596,6,-1,True,175,8550,0.8597123725023802,0.214987714987715,1,814,1,1,1,1
1641,0596_c0007_005.jpg,596,6,-1,True,175,8550,0.745881993225996,0.19167579408543264,1,913,1,1,1,1
1642,0596_c0007_010.jpg,596,6,-1,True,175,8550,0.7837870695480372,0.20636792452830188,1,848,1,1,1,1
1643,0596_c0007_015.jpg,596,6,-1,True,175,8550,0.7208392810076539,0.20636792452830188,1,848,1,1,1,1
1644,0596_c0007_020.jpg,596,6,-1,True,175,8550,0.8005007213906262,0.21033653846153846,1,832,1,1,1,1
1645,0596_c0008_000.jpg,596,7,-1,True,175,8550,0.8603931857080555,0.14124293785310735,1,1239,1,1,1,1
1646,0596_c0008_005.jpg,596,7,-1,True,175,8550,0.8509922000894491,0.1407884151246983,1,1243,1,1,1,1
1647,0596_c0008_010.jpg,596,7,-1,True,175,8550,0.8363317114027133,0.14090177133655393,1,1242,1,1,1,1
1648,0596_c0008_015.jpg,596,7,-1,True,175,8550,0.8528129169405305,0.13855898653998416,1,1263,1,1,1,1
1649,0596_c0008_020.jpg,596,7,-1,True,175,8550,0.8419654940613471,0.1407884151246983,1,1243,1,1,1,1
1650,0598_c0001_000.jpg,598,0,-1,True,100,8550,0.5806511007179715,0.5076142131979695,26,197,0,0,0,0
1651,0598_c0001_005.jpg,598,0,-1,True,100,8550,0.6121872104092223,0.8,21,125,0,0,0,0
1652,0598_c0001_010.jpg,598,0,-1,True,100,8550,0.6022612040692965,0.8,25,125,0,0,0,0
1653,0598_c0001_015.jpg,598,0,-1,True,100,8550,0.6102763945664333,0.6944444444444444,20,144,0,0,0,1
1654,0598_c0001_020.jpg,598,0,-1,True,100,8550,0.6005463640330285,0.6410256410256411,24,156,0,0,0,0
1655,0598_c0002_000.jpg,598,1,-1,True,100,8550,0.478356937136066,0.2557544757033248,2,391,0,1,1,1
1656,0598_c0002_005.jpg,598,1,-1,True,100,8550,0.5321668312357498,0.18552875695732837,1,539,1,1,1,1
1657,0598_c0002_010.jpg,598,1,-1,True,100,8550,0.4721359737244732,0.19305019305019305,1,518,1,1,1,1
1658,0598_c0002_015.jpg,598,1,-1,True,100,8550,0.5292261491587972,0.22624434389140272,1,442,1,1,1,1
1659,0598_c0002_020.jpg,598,1,-1,True,100,8550,0.48411152779747413,0.18050541516245489,1,554,1,1,1,1
1660,0598_c0003_000.jpg,598,2,-1,True,100,8550,0.7035557993649735,0.47619047619047616,1,210,1,1,1,1
1661,0598_c0003_005.jpg,598,2,-1,True,100,8550,0.7277140763110964,0.5347593582887701,1,187,1,1,1,1
1662,0598_c0003_010.jpg,598,2,-1,True,100,8550,0.8202145842619963,0.6024096385542169,1,166,1,1,1,1
1663,0598_c0003_015.jpg,598,2,-1,True,100,8550,0.8263623481724082,0.6024096385542169,1,166,1,1,1,1
1664,0598_c0003_020.jpg,598,2,-1,True,100,8550,0.8271921445414911,0.6211180124223602,1,161,1,1,1,1
1665,0598_c0007_000.jpg,598,6,-1,True,100,8550,0.7374293199308853,0.4098360655737705,1,244,1,1,1,1
1666,0598_c0007_005.jpg,598,6,-1,True,100,8550,0.7428038436478767,0.4048582995951417,1,247,1,1,1,1
1667,0598_c0007_010.jpg,598,6,-1,True,100,8550,0.7456265015358738,0.41841004184100417,1,239,1,1,1,1
1668,0598_c0007_015.jpg,598,6,-1,True,100,8550,0.75483428373289,0.49504950495049505,1,202,1,1,1,1
1669,0598_c0007_020.jpg,598,6,-1,True,100,8550,0.7512941526821793,0.4878048780487805,1,205,1,1,1,1
1670,0598_c0008_000.jpg,598,7,-1,True,100,8550,0.8604742209551324,0.5952380952380952,1,168,1,1,1,1
1671,0598_c0008_005.jpg,598,7,-1,True,100,8550,0.8336608224392372,0.5154639175257731,1,194,1,1,1,1
1672,0598_c0008_010.jpg,598,7,-1,True,100,8550,0.8524250478690173,0.6134969325153374,1,163,1,1,1,1
1673,0598_c0008_015.jpg,598,7,-1,True,100,8550,0.8721398430806839,0.6134969325153374,1,163,1,1,1,1
1674,0598_c0008_020.jpg,598,7,-1,True,100,8550,0.9091629886025604,0.6802721088435374,1,147,1,1,1,1
1675,0600_c0001_000.jpg,600,0,-1,True,175,8550,0.3768290888988674,0.08027522935779817,2,2180,0,1,1,1
1676,0600_c0001_005.jpg,600,0,-1,True,175,8550,0.36631650895785567,0.07854578096947935,2,2228,0,1,1,1
1677,0600_c0001_010.jpg,600,0,-1,True,175,8550,0.4648899815815639,0.08038585209003216,1,2177,1,1,1,1
1678,0600_c0001_015.jpg,600,0,-1,True,175,8550,0.6669738454235202,0.07958162801273307,1,2199,1,1,1,1
1679,0600_c0001_020.jpg,600,0,-1,True,175,8550,0.5741395844714451,0.07736516357206012,1,2262,1,1,1,1
1680,0600_c0002_000.jpg,600,1,-1,True,175,8550,0.8173174638301605,0.0611674239776302,1,2861,1,1,1,1
1681,0600_c0002_005.jpg,600,1,-1,True,175,8550,0.8220445254474669,0.05790866975512905,1,3022,1,1,1,1
1682,0600_c0002_010.jpg,600,1,-1,True,175,8550,0.8303265284906157,0.058333333333333334,1,3000,1,1,1,1
1683,0600_c0002_015.jpg,600,1,-1,True,175,8550,0.7942097072591969,0.06412605349945034,1,2729,1,1,1,1
1684,0600_c0002_020.jpg,600,1,-1,True,175,8550,0.8181483735800061,0.06103941402162539,1,2867,1,1,1,1
1685,0600_c0003_000.jpg,600,2,-1,True,175,8550,0.8464220810673477,0.09792949076664802,1,1787,1,1,1,1
1686,0600_c0003_005.jpg,600,2,-1,True,175,8550,0.8354592060632184,0.09982886480319453,1,1753,1,1,1,1
1687,0600_c0003_010.jpg,600,2,-1,True,175,8550,0.8199222861978569,0.10103926096997691,1,1732,1,1,1,1
1688,0600_c0003_015.jpg,600,2,-1,True,175,8550,0.8383999724038431,0.09831460674157304,1,1780,1,1,1,1
1689,0600_c0003_020.jpg,600,2,-1,True,175,8550,0.8227611241845024,0.10460251046025104,1,1673,1,1,1,1
1690,0600_c0004_000.jpg,600,3,-1,True,175,8550,0.31005606671360175,0.12544802867383512,1,1395,1,1,1,1
1691,0600_c0004_005.jpg,600,3,-1,True,175,8550,0.37953839537995193,0.1771255060728745,1,988,1,1,1,1
1692,0600_c0004_010.jpg,600,3,-1,True,175,8550,0.31842982422245913,0.13011152416356878,1,1345,1,1,1,1
1693,0600_c0004_015.jpg,600,3,-1,True,175,8550,0.33258525404461725,0.12437810945273632,1,1407,1,1,1,1
1694,0600_c0004_020.jpg,600,3,-1,True,175,8550,0.038704767796577264,0.04613762193514369,174,3793,0,0,0,0
1695,0600_c0005_000.jpg,600,4,-1,True,175,8550,0.8657906159926777,0.06365951255001819,1,2749,1,1,1,1
1696,0600_c0005_005.jpg,600,4,-1,True,175,8550,0.8399009134683751,0.06352087114337568,1,2755,1,1,1,1
1697,0600_c0005_010.jpg,600,4,-1,True,175,8550,0.8602759918891125,0.0634978229317852,1,2756,1,1,1,1
1698,0600_c0005_015.jpg,600,4,-1,True,175,8550,0.8624278682929759,0.06370586093920641,1,2747,1,1,1,1
1699,0600_c0005_020.jpg,600,4,-1,True,175,8550,0.8536986640889274,0.06258941344778254,1,2796,1,1,1,1
1700,0600_c0006_000.jpg,600,5,-1,True,175,8550,0.8285886999264267,0.08005489478499543,1,2186,1,1,1,1
1701,0600_c0006_005.jpg,600,5,-1,True,175,8550,0.8375698483401032,0.0775709219858156,1,2256,1,1,1,1
1702,0600_c0006_010.jpg,600,5,-1,True,175,8550,0.746397373047555,0.07036590269400884,1,2487,1,1,1,1
1703,0600_c0006_015.jpg,600,5,-1,True,175,8550,0.8079469483300779,0.06949960285941223,1,2518,1,1,1,1
1704,0600_c0006_020.jpg,600,5,-1,True,175,8550,0.8120981694934926,0.07267441860465117,1,2408,1,1,1,1
1705,0600_c0007_000.jpg,600,6,-1,True,175,8550,0.3554809069933836,0.1345119139123751,1,1301,1,1,1,1
1706,0600_c0007_005.jpg,600,6,-1,True,175,8550,0.4235421017963441,0.13725490196078433,1,1275,1,1,1,1
1707,0600_c0007_010.jpg,600,6,-1,True,175,8550,0.3516963170144798,0.13328255902513328,1,1313,1,1,1,1
1708,0600_c0007_015.jpg,600,6,-1,True,175,8550,0.38777401670558903,0.13503086419753085,1,1296,1,1,1,1
1709,0600_c0007_020.jpg,600,6,-1,True,175,8550,0.43844974131877135,0.12411347517730496,1,1410,1,1,1,1
1710,0600_c0008_000.jpg,600,7,-1,True,175,8550,0.397851748521112,0.09095634095634096,2,1924,0,1,1,1
1711,0600_c0008_005.jpg,600,7,-1,True,175,8550,0.3262244058577967,0.07412113511224058,29,2361,0,0,0,0
1712,0600_c0008_010.jpg,600,7,-1,True,175,8550,0.3022860686538103,0.09273979862215156,32,1887,0,0,0,0
1713,0600_c0008_015.jpg,600,7,-1,True,175,8550,0.3581840691828269,0.07427843803056026,27,2356,0,0,0,0
1714,0600_c0008_020.jpg,600,7,-1,True,175,8550,0.3249062261452731,0.07641921397379912,40,2290,0,0,0,0
