query_index,name,identity,camera,scene,valid,relevant_gallery,kept_gallery,AP,INP,first_match,last_match,Rank-1,Rank-5,Rank-10,Rank-20
0,0502_c0001_000.jpg,502,0,-1,True,175,8550,0.2093810242189798,0.03929052537045352,1,4454,1,1,1,1
1,0502_c0001_005.jpg,502,0,-1,True,175,8550,0.20523130519433738,0.03711558854718982,1,4715,1,1,1,1
2,0502_c0001_010.jpg,502,0,-1,True,175,8550,0.20837996228100375,0.037489288774635816,1,4668,1,1,1,1
3,0502_c0001_015.jpg,502,0,-1,True,175,8550,0.207149305136646,0.03728163613123136,1,4694,1,1,1,1
4,0502_c0001_020.jpg,502,0,-1,True,175,8550,0.2103535779019007,0.03869969040247678,1,4522,1,1,1,1
5,0502_c0002_000.jpg,502,1,-1,True,175,8550,0.15043450508488806,0.09353287012292892,48,1871,0,0,0,0
6,0502_c0002_005.jpg,502,1,-1,True,175,8550,0.1554627608145207,0.08838383838383838,55,1980,0,0,0,0
7,0502_c0002_010.jpg,502,1,-1,True,175,8550,0.15705997821506892,0.09706045479755962,39,1803,0,0,0,0
8,0502_c0002_015.jpg,502,1,-1,True,175,8550,0.15597699123089873,0.09782001117942984,36,1789,0,0,0,0
9,0502_c0002_020.jpg,502,1,-1,True,175,8550,0.17000028997988095,0.10379596678529063,30,1686,0,0,0,0
10,0502_c0003_000.jpg,502,2,-1,True,175,8550,0.6362684346690494,0.11326860841423948,1,1545,1,1,1,1
11,0502_c0003_005.jpg,502,2,-1,True,175,8550,0.6105432359291755,0.10618932038834951,1,1648,1,1,1,1
12,0502_c0003_010.jpg,502,2,-1,True,175,8550,0.5694707251345604,0.11371020142949967,1,1539,1,1,1,1
13,0502_c0003_015.jpg,502,2,-1,True,175,8550,0.587652977662827,0.11348897535667964,1,1542,1,1,1,1
14,0502_c0003_020.jpg,502,2,-1,True,175,8550,0.5952826951292227,0.11658894070619587,1,1501,1,1,1,1
15,0502_c0004_000.jpg,502,3,-1,True,175,8550,0.5784173907786966,0.0603448275862069,1,2900,1,1,1,1
16,0502_c0004_005.jpg,502,3,-1,True,175,8550,0.615037694943053,0.06038647342995169,1,2898,1,1,1,1
17,0502_c0004_010.jpg,502,3,-1,True,175,8550,0.566593574312539,0.06491097922848665,1,2696,1,1,1,1
18,0502_c0004_015.jpg,502,3,-1,True,175,8550,0.6183841042817262,0.0647189349112426,1,2704,1,1,1,1
19,0502_c0004_020.jpg,502,3,-1,True,175,8550,0.5957212082538847,0.06417308397506417,1,2727,1,1,1,1
20,0502_c0005_000.jpg,502,4,-1,True,175,8550,0.25666942461636444,0.059081701553004726,11,2962,0,0,0,1
21,0502_c0005_005.jpg,502,4,-1,True,175,8550,0.25209850329006994,0.06363636363636363,11,2750,0,0,0,1
22,0502_c0005_010.jpg,502,4,-1,True,175,8550,0.23289427474411203,0.059503570214212854,11,2941,0,0,0,1
23,0502_c0005_015.jpg,502,4,-1,True,175,8550,0.24626178093029263,0.061924982307147915,11,2826,0,0,0,1
24,0502_c0005_020.jpg,502,4,-1,True,175,8550,0.25798027248890815,0.0671527244819647,11,2606,0,0,0,1
25,0502_c0006_000.jpg,502,5,-1,True,175,8550,0.5909329630203394,0.07494646680942184,1,2335,1,1,1,1
26,0502_c0006_005.jpg,502,5,-1,True,175,8550,0.6083516698751982,0.06546950991395435,1,2673,1,1,1,1
27,0502_c0006_010.jpg,502,5,-1,True,175,8550,0.6282564034433387,0.06512839598064757,1,2687,1,1,1,1
28,0502_c0006_015.jpg,502,5,-1,True,175,8550,0.6117263426130631,0.06294964028776978,1,2780,1,1,1,1
29,0502_c0006_020.jpg,502,5,-1,True,175,8550,0.5847091942023476,0.06994404476418865,1,2502,1,1,1,1
30,0502_c0007_000.jpg,502,6,-1,True,175,8550,0.2713123784237427,0.12508934953538242,22,1399,0,0,0,0
31,0502_c0007_005.jpg,502,6,-1,True,175,8550,0.29446330350049,0.13503086419753085,24,1296,0,0,0,0
32,0502_c0007_010.jpg,502,6,-1,True,175,8550,0.28762051014622914,0.11620185922974767,32,1506,0,0,0,0
33,0502_c0007_015.jpg,502,6,-1,True,175,8550,0.2662590044094452,0.11658894070619587,37,1501,0,0,0,0
34,0502_c0007_020.jpg,502,6,-1,True,175,8550,0.2698328152510795,0.11304909560723514,38,1548,0,0,0,0
35,0502_c0008_000.jpg,502,7,-1,True,175,8550,0.36121380343955867,0.1609935602575897,13,1087,0,0,0,1
36,0502_c0008_005.jpg,502,7,-1,True,175,8550,0.35567894887613233,0.13358778625954199,11,1310,0,0,0,1
37,0502_c0008_010.jpg,502,7,-1,True,175,8550,0.2840915777841589,0.12280701754385964,34,1425,0,0,0,0
38,0502_c0008_015.jpg,502,7,-1,True,175,8550,0.3177562632505704,0.1339969372128637,18,1306,0,0,0,1
39,0502_c0008_020.jpg,502,7,-1,True,175,8550,0.3323149146729705,0.12553802008608322,13,1394,0,0,0,1
40,0504_c0001_000.jpg,504,0,-1,True,150,8550,0.9087151286804408,0.7894736842105263,1,190,1,1,1,1
41,0504_c0001_005.jpg,504,0,-1,True,150,8550,0.903445149956151,0.7653061224489796,1,196,1,1,1,1
42,0504_c0001_010.jpg,504,0,-1,True,150,8550,0.9195572087011404,0.8064516129032258,1,186,1,1,1,1
43,0504_c0001_015.jpg,504,0,-1,True,150,8550,0.917474986704196,0.7853403141361257,1,191,1,1,1,1
44,0504_c0001_020.jpg,504,0,-1,True,150,8550,0.8955787725870085,0.7537688442211056,1,199,1,1,1,1
45,0504_c0002_000.jpg,504,1,-1,True,150,8550,0.8343331886456726,0.3968253968253968,1,378,1,1,1,1
46,0504_c0002_005.jpg,504,1,-1,True,150,8550,0.8092662805836773,0.35377358490566035,1,424,1,1,1,1
47,0504_c0002_010.jpg,504,1,-1,True,150,8550,0.8261540811996326,0.39267015706806285,1,382,1,1,1,1
48,0504_c0002_015.jpg,504,1,-1,True,150,8550,0.8264899820586847,0.3740648379052369,1,401,1,1,1,1
49,0504_c0002_020.jpg,504,1,-1,True,150,8550,0.8094100899268949,0.3177966101694915,1,472,1,1,1,1
50,0504_c0003_000.jpg,504,2,-1,True,150,8550,0.7854401869094787,0.37220843672456577,1,403,1,1,1,1
51,0504_c0003_005.jpg,504,2,-1,True,150,8550,0.7385960418274258,0.3333333333333333,1,450,1,1,1,1
52,0504_c0003_010.jpg,504,2,-1,True,150,8550,0.8121419347450786,0.45317220543806647,1,331,1,1,1,1
53,0504_c0003_015.jpg,504,2,-1,True,150,8550,0.8071859335322625,0.4032258064516129,1,372,1,1,1,1
54,0504_c0003_020.jpg,504,2,-1,True,150,8550,0.8406563655260213,0.487012987012987,1,308,1,1,1,1
55,0504_c0005_000.jpg,504,4,-1,True,150,8550,0.9697158844290171,0.8241758241758241,1,182,1,1,1,1
56,0504_c0005_005.jpg,504,4,-1,True,150,8550,0.9706183836013061,0.8108108108108109,1,185,1,1,1,1
57,0504_c0005_010.jpg,504,4,-1,True,150,8550,0.9605084989555678,0.7614213197969543,1,197,1,1,1,1
58,0504_c0005_015.jpg,504,4,-1,True,150,8550,0.9789493723638213,0.8287292817679558,1,181,1,1,1,1
59,0504_c0005_020.jpg,504,4,-1,True,150,8550,0.9918324789302309,0.9036144578313253,1,166,1,1,1,1
60,0504_c0006_000.jpg,504,5,-1,True,150,8550,0.6237180578551915,0.297029702970297,1,505,1,1,1,1
61,0504_c0006_005.jpg,504,5,-1,True,150,8550,0.4729124179573239,0.22900763358778625,1,655,1,1,1,1
62,0504_c0006_010.jpg,504,5,-1,True,150,8550,0.6139237648173423,0.28846153846153844,1,520,1,1,1,1
63,0504_c0006_015.jpg,504,5,-1,True,150,8550,0.4923107264484493,0.21216407355021216,1,707,1,1,1,1
64,0504_c0006_020.jpg,504,5,-1,True,150,8550,0.6028631532175169,0.2782931354359926,1,539,1,1,1,1
65,0504_c0007_000.jpg,504,6,-1,True,150,8550,0.37003730926794043,0.26881720430107525,22,558,0,0,0,0
66,0504_c0007_005.jpg,504,6,-1,True,150,8550,0.3434784118553297,0.24549918166939444,24,611,0,0,0,0
67,0504_c0007_010.jpg,504,6,-1,True,150,8550,0.3428829426401554,0.2546689303904924,26,589,0,0,0,0
68,0504_c0007_015.jpg,504,6,-1,True,150,8550,0.32710466208808836,0.23771790808240886,26,631,0,0,0,0
69,0504_c0007_020.jpg,504,6,-1,True,150,8550,0.3406264112311085,0.24509803921568626,26,612,0,0,0,0
70,0504_c0008_000.jpg,504,7,-1,True,150,8550,0.8804932765157738,0.5338078291814946,1,281,1,1,1,1
71,0504_c0008_005.jpg,504,7,-1,True,150,8550,0.8996479199047184,0.5597014925373134,1,268,1,1,1,1
72,0504_c0008_010.jpg,504,7,-1,True,150,8550,0.907442908068706,0.5976095617529881,1,251,1,1,1,1
73,0504_c0008_015.jpg,504,7,-1,True,150,8550,0.9061119475470447,0.5300353356890459,1,283,1,1,1,1
74,0504_c0008_020.jpg,504,7,-1,True,150,8550,0.8740475489182774,0.5376344086021505,1,279,1,1,1,1
75,0506_c0001_000.jpg,506,0,-1,True,175,8550,0.02108280398614841,0.02865094957432875,1749,6108,0,0,0,0
76,0506_c0001_005.jpg,506,0,-1,True,175,8550,0.020314829328214108,0.028067361668003207,2073,6235,0,0,0,0
77,0506_c0001_010.jpg,506,0,-1,True,175,8550,0.020941780826698578,0.028515561349193416,1770,6137,0,0,0,0
78,0506_c0001_015.jpg,506,0,-1,True,175,8550,0.020167114506604626,0.027637397346809856,1848,6332,0,0,0,0
79,0506_c0001_020.jpg,506,0,-1,True,175,8550,0.020359967067160287,0.028013446454298062,1937,6247,0,0,0,0
80,0506_c0002_000.jpg,506,1,-1,True,175,8550,0.06161128434663825,0.026668698567509905,237,6562,0,0,0,0
81,0506_c0002_005.jpg,506,1,-1,True,175,8550,0.07022841772902548,0.027782187648833147,175,6299,0,0,0,0
82,0506_c0002_010.jpg,506,1,-1,True,175,8550,0.061684634098688275,0.02718657759826006,222,6437,0,0,0,0
83,0506_c0002_015.jpg,506,1,-1,True,175,8550,0.047352812559895256,0.029451363177381354,293,5942,0,0,0,0
84,0506_c0002_020.jpg,506,1,-1,True,175,8550,0.05126449169083514,0.028221254636348975,267,6201,0,0,0,0
85,0506_c0003_000.jpg,506,2,-1,True,175,8550,0.22845015919655998,0.04055619930475087,20,4315,0,0,0,1
86,0506_c0003_005.jpg,506,2,-1,True,175,8550,0.2519133961627928,0.040229885057471264,17,4350,0,0,0,1
87,0506_c0003_010.jpg,506,2,-1,True,175,8550,0.27013215421084164,0.04033187370361835,17,4339,0,0,0,1
88,0506_c0003_015.jpg,506,2,-1,True,175,8550,0.24290390774111464,0.041147425346814016,17,4253,0,0,0,1
89,0506_c0003_020.jpg,506,2,-1,True,175,8550,0.23803726787382143,0.042067307692307696,17,4160,0,0,0,1
90,0506_c0004_000.jpg,506,3,-1,True,175,8550,0.33872040201754555,0.03280224929709466,1,5335,1,1,1,1
91,0506_c0004_005.jpg,506,3,-1,True,175,8550,0.3327616060212675,0.03340969835815197,1,5238,1,1,1,1
92,0506_c0004_010.jpg,506,3,-1,True,175,8550,0.3260254316462241,0.03464660463274599,1,5051,1,1,1,1
93,0506_c0004_015.jpg,506,3,-1,True,175,8550,0.3269203320166943,0.03287619763291377,1,5323,1,1,1,1
94,0506_c0004_020.jpg,506,3,-1,True,175,8550,0.3666833770865188,0.03452357466956007,1,5069,1,1,1,1
95,0506_c0005_000.jpg,506,4,-1,True,175,8550,0.016868304844090704,0.022508038585209004,2720,7775,0,0,0,0
96,0506_c0005_005.jpg,506,4,-1,True,175,8550,0.01839839876969724,0.02273908523908524,2845,7696,0,0,0,0
97,0506_c0005_010.jpg,506,4,-1,True,175,8550,0.018659630276198484,0.022816166883963495,2872,7670,0,0,0,0
98,0506_c0005_015.jpg,506,4,-1,True,175,8550,0.01908501037157396,0.022857889237199582,2706,7656,0,0,0,0
99,0506_c0005_020.jpg,506,4,-1,True,175,8550,0.01933260424301557,0.022884791421472473,2733,7647,0,0,0,0
100,0506_c0006_000.jpg,506,5,-1,True,175,8550,0.24126551954086634,0.03262490678598061,45,5364,0,0,0,0
101,0506_c0006_005.jpg,506,5,-1,True,175,8550,0.22915425536358575,0.03202195791399817,49,5465,0,0,0,0
102,0506_c0006_010.jpg,506,5,-1,True,175,8550,0.26251045647983295,0.03315021784428869,25,5279,0,0,0,0
103,0506_c0006_015.jpg,506,5,-1,True,175,8550,0.2403776570438456,0.03347360367253252,34,5228,0,0,0,0
104,0506_c0006_020.jpg,506,5,-1,True,175,8550,0.2533926136389945,0.03312511830399394,23,5283,0,0,0,0
105,0506_c0007_000.jpg,506,6,-1,True,175,8550,0.13979231646448573,0.040678754067875404,90,4302,0,0,0,0
106,0506_c0007_005.jpg,506,6,-1,True,175,8550,0.1148171466710666,0.04519628099173554,160,3872,0,0,0,0
107,0506_c0007_010.jpg,506,6,-1,True,175,8550,0.14191784454850628,0.04600420609884332,77,3804,0,0,0,0
108,0506_c0007_015.jpg,506,6,-1,True,175,8550,0.13984049624806008,0.045372050816696916,83,3857,0,0,0,0
109,0506_c0007_020.jpg,506,6,-1,True,175,8550,0.21721725565559244,0.045010288065843625,25,3888,0,0,0,0
110,0506_c0008_000.jpg,506,7,-1,True,175,8550,0.09819142412403256,0.03593429158110883,63,4870,0,0,0,0
111,0506_c0008_005.jpg,506,7,-1,True,175,8550,0.09118768496115984,0.036951013513513514,68,4736,0,0,0,0
112,0506_c0008_010.jpg,506,7,-1,True,175,8550,0.09728948614603855,0.03600082287595145,71,4861,0,0,0,0
113,0506_c0008_015.jpg,506,7,-1,True,175,8550,0.08875549063929616,0.03736122971818958,97,4684,0,0,0,0
114,0506_c0008_020.jpg,506,7,-1,True,175,8550,0.08288163521327836,0.03531073446327684,98,4956,0,0,0,0
115,0508_c0001_000.jpg,508,0,-1,True,175,8550,0.40711468102423654,0.04977246871444824,4,3516,0,1,1,1
116,0508_c0001_005.jpg,508,0,-1,True,175,8550,0.403397588947697,0.051897983392645314,4,3372,0,1,1,1
117,0508_c0001_010.jpg,508,0,-1,True,175,8550,0.3762798810726503,0.05401234567901234,4,3240,0,1,1,1
118,0508_c0001_015.jpg,508,0,-1,True,175,8550,0.27364563232013145,0.04873294346978557,7,3591,0,0,1,1
119,0508_c0001_020.jpg,508,0,-1,True,175,8550,0.31491126042508427,0.0532724505327245,1,3285,1,1,1,1
120,0508_c0002_000.jpg,508,1,-1,True,175,8550,0.1459678886456285,0.09124087591240876,21,1918,0,0,0,0
121,0508_c0002_005.jpg,508,1,-1,True,175,8550,0.13618847639600776,0.08353221957040573,22,2095,0,0,0,0
122,0508_c0002_010.jpg,508,1,-1,True,175,8550,0.1519110808315599,0.08833922261484099,10,1981,0,0,1,1
123,0508_c0002_015.jpg,508,1,-1,True,175,8550,0.18049936176522324,0.09124087591240876,8,1918,0,0,1,1
124,0508_c0002_020.jpg,508,1,-1,True,175,8550,0.13625129660701196,0.08401344215074412,24,2083,0,0,0,0
125,0508_c0003_000.jpg,508,2,-1,True,175,8550,0.10094468311541478,0.029965753424657533,37,5840,0,0,0,0
126,0508_c0003_005.jpg,508,2,-1,True,175,8550,0.1302097966136852,0.03145784648570915,35,5563,0,0,0,0
127,0508_c0003_010.jpg,508,2,-1,True,175,8550,0.10952973213869943,0.030012004801920768,33,5831,0,0,0,0
128,0508_c0003_015.jpg,508,2,-1,True,175,8550,0.1056947184251002,0.029441453566621804,36,5944,0,0,0,0
129,0508_c0003_020.jpg,508,2,-1,True,175,8550,0.11370214611932239,0.03016721254956042,29,5801,0,0,0,0
130,0508_c0004_000.jpg,508,3,-1,True,175,8550,0.12048650793446385,0.07210548001648125,12,2427,0,0,0,1
131,0508_c0004_005.jpg,508,3,-1,True,175,8550,0.14084635339638332,0.06452802359882005,8,2712,0,0,1,1
132,0508_c0004_010.jpg,508,3,-1,True,175,8550,0.18954694851354145,0.07520412548345509,2,2327,0,1,1,1
133,0508_c0004_015.jpg,508,3,-1,True,175,8550,0.10787486320402818,0.07076425394257986,28,2473,0,0,0,0
134,0508_c0004_020.jpg,508,3,-1,True,175,8550,0.091046420013692,0.06028246641405443,69,2903,0,0,0,0
135,0508_c0005_000.jpg,508,4,-1,True,175,8550,0.22898933928327272,0.03935237238587812,11,4447,0,0,0,1
136,0508_c0005_005.jpg,508,4,-1,True,175,8550,0.23327778739118085,0.040369088811995385,10,4335,0,0,1,1
137,0508_c0005_010.jpg,508,4,-1,True,175,8550,0.2371546964776066,0.041060534960112624,9,4262,0,0,1,1
138,0508_c0005_015.jpg,508,4,-1,True,175,8550,0.27033375740632665,0.04231141199226306,8,4136,0,0,1,1
139,0508_c0005_020.jpg,508,4,-1,True,175,8550,0.25484460017309063,0.043061023622047244,9,4064,0,0,1,1
140,0508_c0006_000.jpg,508,5,-1,True,175,8550,0.05654789867537139,0.03771551724137931,137,4640,0,0,0,0
141,0508_c0006_005.jpg,508,5,-1,True,175,8550,0.05433872186015693,0.03399378399378399,119,5148,0,0,0,0
142,0508_c0006_010.jpg,508,5,-1,True,175,8550,0.05774013495047879,0.03428683385579937,82,5104,0,0,0,0
143,0508_c0006_015.jpg,508,5,-1,True,175,8550,0.057930087663380356,0.03357636224098235,105,5212,0,0,0,0
144,0508_c0006_020.jpg,508,5,-1,True,175,8550,0.058418460036305166,0.033050047214353166,124,5295,0,0,0,0
145,0508_c0007_000.jpg,508,6,-1,True,175,8550,0.06776096759326927,0.025682418550044026,16,6814,0,0,0,1
146,0508_c0007_005.jpg,508,6,-1,True,175,8550,0.0559974463675923,0.025267109442679757,34,6926,0,0,0,0
147,0508_c0007_010.jpg,508,6,-1,True,175,8550,0.1353384896129025,0.026828146558332055,5,6523,0,1,1,1
148,0508_c0007_015.jpg,508,6,-1,True,175,8550,0.12575658196630105,0.0262133013780707,4,6676,0,1,1,1
149,0508_c0007_020.jpg,508,6,-1,True,175,8550,0.06948739993636655,0.026343519494204427,23,6643,0,0,0,0
150,0508_c0008_000.jpg,508,7,-1,True,175,8550,0.08287146882321729,0.035468179975678964,21,4934,0,0,0,0
151,0508_c0008_005.jpg,508,7,-1,True,175,8550,0.0846989926937363,0.03423317683881064,25,5112,0,0,0,0
152,0508_c0008_010.jpg,508,7,-1,True,175,8550,0.06889052417113815,0.03380989180834621,44,5176,0,0,0,0
153,0508_c0008_015.jpg,508,7,-1,True,175,8550,0.07204220031022165,0.03330161750713606,35,5255,0,0,0,0
154,0508_c0008_020.jpg,508,7,-1,True,175,8550,0.07301513034799931,0.03357636224098235,33,5212,0,0,0,0
155,0510_c0001_000.jpg,510,0,-1,True,175,8550,0.07897344509653188,0.032491645005569995,59,5386,0,0,0,0
156,0510_c0001_005.jpg,510,0,-1,True,175,8550,0.08185695630158601,0.03112771255780861,62,5622,0,0,0,0
157,0510_c0001_010.jpg,510,0,-1,True,175,8550,0.09018817311881494,0.03293187805796011,30,5314,0,0,0,0
158,0510_c0001_015.jpg,510,0,-1,True,175,8550,0.08470443131753312,0.032039545953863054,58,5462,0,0,0,0
159,0510_c0001_020.jpg,510,0,-1,True,175,8550,0.07427114607983366,0.030631892175739542,70,5713,0,0,0,0
160,0510_c0002_000.jpg,510,1,-1,True,175,8550,0.01793463611049697,0.025154520626706915,1870,6957,0,0,0,0
161,0510_c0002_005.jpg,510,1,-1,True,175,8550,0.01740876758636625,0.02420135527589545,2029,7231,0,0,0,0
162,0510_c0002_010.jpg,510,1,-1,True,175,8550,0.017399164446157977,0.023949637334063228,1963,7307,0,0,0,0
163,0510_c0002_015.jpg,510,1,-1,True,175,8550,0.018583587185430683,0.024506371656630725,1813,7141,0,0,0,0
164,0510_c0002_020.jpg,510,1,-1,True,175,8550,0.01934687927125014,0.0249500998003992,1791,7014,0,0,0,0
165,0510_c0003_000.jpg,510,2,-1,True,175,8550,0.04928812638057936,0.03283302063789869,368,5330,0,0,0,0
166,0510_c0003_005.jpg,510,2,-1,True,175,8550,0.049363325167772476,0.031899380240612465,209,5486,0,0,0,0
167,0510_c0003_010.jpg,510,2,-1,True,175,8550,0.043748721660985083,0.029940119760479042,251,5845,0,0,0,0
168,0510_c0003_015.jpg,510,2,-1,True,175,8550,0.035852202181440966,0.027043733580590326,492,6471,0,0,0,0
169,0510_c0003_020.jpg,510,2,-1,True,175,8550,0.04004650476760129,0.02818035426731079,514,6210,0,0,0,0
170,0510_c0004_000.jpg,510,3,-1,True,175,8550,0.3048360154323861,0.043327556325823226,1,4039,1,1,1,1
171,0510_c0004_005.jpg,510,3,-1,True,175,8550,0.26497312398340495,0.04132231404958678,1,4235,1,1,1,1
172,0510_c0004_010.jpg,510,3,-1,True,175,8550,0.17403947602637485,0.042362624061970465,4,4131,0,1,1,1
173,0510_c0004_015.jpg,510,3,-1,True,175,8550,0.27080789504429476,0.040697674418604654,1,4300,1,1,1,1
174,0510_c0004_020.jpg,510,3,-1,True,175,8550,0.24316562259669264,0.03946774921064502,1,4434,1,1,1,1
175,0510_c0005_000.jpg,510,4,-1,True,175,8550,0.22496322960723839,0.059931506849315065,1,2920,1,1,1,1
176,0510_c0005_005.jpg,510,4,-1,True,175,8550,0.16142671344597717,0.05057803468208093,1,3460,1,1,1,1
177,0510_c0005_010.jpg,510,4,-1,True,175,8550,0.15246966256257413,0.05157677571470675,7,3393,0,0,1,1
178,0510_c0005_015.jpg,510,4,-1,True,175,8550,0.15841745391782158,0.05106507149110009,2,3427,0,1,1,1
179,0510_c0005_020.jpg,510,4,-1,True,175,8550,0.14363647790143697,0.05079825834542816,8,3445,0,0,1,1
180,0510_c0006_000.jpg,510,5,-1,True,175,8550,0.036639227293857275,0.03070175438596491,167,5700,0,0,0,0
181,0510_c0006_005.jpg,510,5,-1,True,175,8550,0.032891045497458436,0.028901734104046242,248,6055,0,0,0,0
182,0510_c0006_010.jpg,510,5,-1,True,175,8550,0.03754429830422687,0.03487445197289757,180,5018,0,0,0,0
183,0510_c0006_015.jpg,510,5,-1,True,175,8550,0.03970390281739232,0.033075033075033074,146,5291,0,0,0,0
184,0510_c0006_020.jpg,510,5,-1,True,175,8550,0.03863059616716228,0.03220463746779536,161,5434,0,0,0,0
185,0510_c0007_000.jpg,510,6,-1,True,175,8550,0.054950724737768825,0.04486029223276083,276,3901,0,0,0,0
186,0510_c0007_005.jpg,510,6,-1,True,175,8550,0.05346229543051121,0.03905378263780406,289,4481,0,0,0,0
187,0510_c0007_010.jpg,510,6,-1,True,175,8550,0.05126850511850585,0.03792804508019072,256,4614,0,0,0,0
188,0510_c0007_015.jpg,510,6,-1,True,175,8550,0.060345218262289495,0.04008245533669263,256,4366,0,0,0,0
189,0510_c0007_020.jpg,510,6,-1,True,175,8550,0.06878129537557098,0.04061267115339986,215,4309,0,0,0,0
190,0510_c0008_000.jpg,510,7,-1,True,175,8550,0.35357400008063844,0.041766109785202864,1,4190,1,1,1,1
191,0510_c0008_005.jpg,510,7,-1,True,175,8550,0.2843097724475516,0.04349987571464081,1,4023,1,1,1,1
192,0510_c0008_010.jpg,510,7,-1,True,175,8550,0.25582482486888736,0.041439734785697374,3,4223,0,1,1,1
193,0510_c0008_015.jpg,510,7,-1,True,175,8550,0.2788384101531212,0.044102822580645164,1,3968,1,1,1,1
194,0510_c0008_020.jpg,510,7,-1,True,175,8550,0.294044672377286,0.042871141597256246,1,4082,1,1,1,1
195,0512_c0001_000.jpg,512,0,-1,True,75,8550,0.6549022260063659,0.2613240418118467,1,287,1,1,1,1
196,0512_c0001_005.jpg,512,0,-1,True,75,8550,0.5936316468297818,0.29880478087649404,1,251,1,1,1,1
197,0512_c0001_010.jpg,512,0,-1,True,75,8550,0.6264761974495593,0.3191489361702128,1,235,1,1,1,1
198,0512_c0001_015.jpg,512,0,-1,True,75,8550,0.6237026960713862,0.29880478087649404,1,251,1,1,1,1
199,0512_c0001_020.jpg,512,0,-1,True,75,8550,0.6595992313902166,0.20053475935828877,1,374,1,1,1,1
200,0512_c0003_000.jpg,512,2,-1,True,75,8550,0.13890032687732157,0.06893382352941177,39,1088,0,0,0,0
201,0512_c0003_005.jpg,512,2,-1,True,75,8550,0.13973947120468053,0.0708215297450425,43,1059,0,0,0,0
202,0512_c0003_010.jpg,512,2,-1,True,75,8550,0.15892477943016278,0.07614213197969544,30,985,0,0,0,0
203,0512_c0003_015.jpg,512,2,-1,True,75,8550,0.1567324161220113,0.07015902712815715,27,1069,0,0,0,0
204,0512_c0003_020.jpg,512,2,-1,True,75,8550,0.17977515361444507,0.07075471698113207,26,1060,0,0,0,0
205,0512_c0005_000.jpg,512,4,-1,True,75,8550,0.22224405675053915,0.16891891891891891,40,444,0,0,0,0
206,0512_c0005_005.jpg,512,4,-1,True,75,8550,0.23397230616159878,0.19430051813471502,41,386,0,0,0,0
207,0512_c0005_010.jpg,512,4,-1,True,75,8550,0.2410890454891168,0.21865889212827988,31,343,0,0,0,0
208,0512_c0005_015.jpg,512,4,-1,True,75,8550,0.19948479919871004,0.14258555133079848,38,526,0,0,0,0
209,0512_c0005_020.jpg,512,4,-1,True,75,8550,0.23497785193864287,0.19230769230769232,42,390,0,0,0,0
210,0512_c0006_000.jpg,512,5,-1,True,75,8550,0.14080891028669892,0.12077294685990338,12,621,0,0,0,1
211,0512_c0006_005.jpg,512,5,-1,True,75,8550,0.14298734975439234,0.13111888111888112,11,572,0,0,0,1
212,0512_c0006_010.jpg,512,5,-1,True,75,8550,0.17955285366009338,0.15592515592515593,11,481,0,0,0,1
213,0512_c0006_015.jpg,512,5,-1,True,75,8550,0.17785290346648977,0.146484375,10,512,0,0,1,1
214,0512_c0006_020.jpg,512,5,-1,True,75,8550,0.18366036651198966,0.16304347826086957,10,460,0,0,1,1
215,0514_c0001_000.jpg,514,0,-1,True,175,8550,0.10163347301320018,0.06412605349945034,39,2729,0,0,0,0
216,0514_c0001_005.jpg,514,0,-1,True,175,8550,0.09561740889807784,0.06391526661796933,50,2738,0,0,0,0
217,0514_c0001_010.jpg,514,0,-1,True,175,8550,0.11315609901447791,0.07337526205450734,51,2385,0,0,0,0
218,0514_c0001_015.jpg,514,0,-1,True,175,8550,0.1003805739941836,0.07059298104074223,50,2479,0,0,0,0
219,0514_c0001_020.jpg,514,0,-1,True,175,8550,0.11668504531661658,0.07213520197856554,49,2426,0,0,0,0
220,0514_c0002_000.jpg,514,1,-1,True,175,8550,0.032385845672066385,0.041410317084713676,681,4226,0,0,0,0
221,0514_c0002_005.jpg,514,1,-1,True,175,8550,0.07388402337007732,0.04028545119705341,79,4344,0,0,0,0
222,0514_c0002_010.jpg,514,1,-1,True,175,8550,0.054434903368059714,0.04035977859778598,117,4336,0,0,0,0
223,0514_c0002_015.jpg,514,1,-1,True,175,8550,0.10532789725594914,0.03825972890249235,10,4574,0,0,1,1
224,0514_c0002_020.jpg,514,1,-1,True,175,8550,0.05079697269206424,0.04648074369189907,221,3765,0,0,0,0
225,0514_c0003_000.jpg,514,2,-1,True,175,8550,0.13227912518909923,0.0707070707070707,6,2475,0,0,1,1
226,0514_c0003_005.jpg,514,2,-1,True,175,8550,0.14695061517900276,0.07478632478632478,16,2340,0,0,0,1
227,0514_c0003_010.jpg,514,2,-1,True,175,8550,0.12324821849495925,0.06780317706315382,26,2581,0,0,0,0
228,0514_c0003_015.jpg,514,2,-1,True,175,8550,0.22468815064986655,0.06941689805632685,1,2521,1,1,1,1
229,0514_c0003_020.jpg,514,2,-1,True,175,8550,0.26101942653198723,0.07520412548345509,1,2327,1,1,1,1
230,0514_c0004_000.jpg,514,3,-1,True,175,8550,0.14206330932530817,0.052083333333333336,14,3360,0,0,0,1
231,0514_c0004_005.jpg,514,3,-1,True,175,8550,0.11704620999497305,0.05084253341080767,26,3442,0,0,0,0
232,0514_c0004_010.jpg,514,3,-1,True,175,8550,0.18515013704820749,0.0523638539796529,19,3342,0,0,0,1
233,0514_c0004_015.jpg,514,3,-1,True,175,8550,0.12424939603250482,0.047412625304795446,23,3691,0,0,0,0
234,0514_c0004_020.jpg,514,3,-1,True,175,8550,0.13933403024878963,0.052505250525052505,14,3333,0,0,0,1
235,0514_c0005_000.jpg,514,4,-1,True,175,8550,0.1389719088467872,0.03814298169136879,58,4588,0,0,0,0
236,0514_c0005_005.jpg,514,4,-1,True,175,8550,0.14551359194666402,0.03722612210168049,71,4701,0,0,0,0
237,0514_c0005_010.jpg,514,4,-1,True,175,8550,0.13162960072010138,0.032473557246242346,63,5389,0,0,0,0
238,0514_c0005_015.jpg,514,4,-1,True,175,8550,0.13480643130784487,0.03377726307662613,64,5181,0,0,0,0
239,0514_c0005_020.jpg,514,4,-1,True,175,8550,0.1327347319080175,0.03426669277462307,83,5107,0,0,0,0
240,0514_c0006_000.jpg,514,5,-1,True,175,8550,0.11642405081835165,0.07625272331154684,7,2295,0,0,1,1
241,0514_c0006_005.jpg,514,5,-1,True,175,8550,0.23095427876851896,0.07154538021259199,1,2446,1,1,1,1
242,0514_c0006_010.jpg,514,5,-1,True,175,8550,0.12491289902692054,0.0872382851445663,71,2006,0,0,0,0
243,0514_c0006_015.jpg,514,5,-1,True,175,8550,0.17681206929440763,0.08042279411764706,1,2176,1,1,1,1
244,0514_c0006_020.jpg,514,5,-1,True,175,8550,0.16201627790830642,0.05487613671997491,1,3189,1,1,1,1
245,0514_c0007_000.jpg,514,6,-1,True,175,8550,0.3585657909496216,0.11068943706514864,1,1581,1,1,1,1
246,0514_c0007_005.jpg,514,6,-1,True,175,8550,0.388672826974605,0.13167795334838225,1,1329,1,1,1,1
247,0514_c0007_010.jpg,514,6,-1,True,175,8550,0.3871373236169406,0.13307984790874525,1,1315,1,1,1,1
248,0514_c0007_015.jpg,514,6,-1,True,175,8550,0.33338552258805393,0.10306242638398115,1,1698,1,1,1,1
249,0514_c0007_020.jpg,514,6,-1,True,175,8550,0.3777869789931565,0.12044046799724707,1,1453,1,1,1,1
250,0514_c0008_000.jpg,514,7,-1,True,175,8550,0.22275694327905907,0.1048532055122828,10,1669,0,0,1,1
251,0514_c0008_005.jpg,514,7,-1,True,175,8550,0.2901877101691249,0.109717868338558,10,1595,0,0,1,1
252,0514_c0008_010.jpg,514,7,-1,True,175,8550,0.28455319274704194,0.1224632610216935,12,1429,0,0,0,1
253,0514_c0008_015.jpg,514,7,-1,True,175,8550,0.24573695892961106,0.11721366376423309,15,1493,0,0,0,1
254,0514_c0008_020.jpg,514,7,-1,True,175,8550,0.1872189119519264,0.089058524173028,48,1965,0,0,0,0
255,0516_c0001_000.jpg,516,0,-1,True,75,8550,0.6436267367300871,0.09236453201970443,1,812,1,1,1,1
256,0516_c0001_005.jpg,516,0,-1,True,75,8550,0.5418143510140065,0.07062146892655367,1,1062,1,1,1,1
257,0516_c0001_010.jpg,516,0,-1,True,75,8550,0.6321113107966287,0.0885478158205431,1,847,1,1,1,1
258,0516_c0001_015.jpg,516,0,-1,True,75,8550,0.6197164802762768,0.08992805755395683,1,834,1,1,1,1
259,0516_c0001_020.jpg,516,0,-1,True,75,8550,0.5500169708066108,0.07455268389662027,1,1006,1,1,1,1
260,0516_c0003_000.jpg,516,2,-1,True,75,8550,0.4466335054585254,0.14423076923076922,1,520,1,1,1,1
261,0516_c0003_005.jpg,516,2,-1,True,75,8550,0.44139186098614325,0.13440860215053763,1,558,1,1,1,1
262,0516_c0003_010.jpg,516,2,-1,True,75,8550,0.4464966113298683,0.13134851138353765,1,571,1,1,1,1
263,0516_c0003_015.jpg,516,2,-1,True,75,8550,0.44672561639196307,0.13368983957219252,1,561,1,1,1,1
264,0516_c0003_020.jpg,516,2,-1,True,75,8550,0.5091567974966956,0.14018691588785046,1,535,1,1,1,1
265,0516_c0005_000.jpg,516,4,-1,True,75,8550,0.7388221638243954,0.18382352941176472,1,408,1,1,1,1
266,0516_c0005_005.jpg,516,4,-1,True,75,8550,0.7233445867748015,0.16375545851528384,1,458,1,1,1,1
267,0516_c0005_010.jpg,516,4,-1,True,75,8550,0.7242374322758646,0.15789473684210525,1,475,1,1,1,1
268,0516_c0005_015.jpg,516,4,-1,True,75,8550,0.7311251174517728,0.1773049645390071,1,423,1,1,1,1
269,0516_c0005_020.jpg,516,4,-1,True,75,8550,0.7500292479570109,0.20604395604395603,1,364,1,1,1,1
270,0516_c0006_000.jpg,516,5,-1,True,75,8550,0.7633520319047339,0.5555555555555556,1,135,1,1,1,1
271,0516_c0006_005.jpg,516,5,-1,True,75,8550,0.6982570575406017,0.5172413793103449,1,145,1,1,1,1
272,0516_c0006_010.jpg,516,5,-1,True,75,8550,0.7328697442668455,0.5319148936170213,1,141,1,1,1,1
273,0516_c0006_015.jpg,516,5,-1,True,75,8550,0.7273990241730437,0.5357142857142857,1,140,1,1,1,1
274,0516_c0006_020.jpg,516,5,-1,True,75,8550,0.6790872082538918,0.487012987012987,1,154,1,1,1,1
275,0518_c0001_000.jpg,518,0,-1,True,100,8550,0.0402651117460809,0.02910360884749709,207,3436,0,0,0,0
276,0518_c0001_005.jpg,518,0,-1,True,100,8550,0.04378003614783232,0.029359953024075163,168,3406,0,0,0,0
277,0518_c0001_010.jpg,518,0,-1,True,100,8550,0.04389449997337338,0.031210986267166042,237,3204,0,0,0,0
278,0518_c0001_015.jpg,518,0,-1,True,100,8550,0.049044519342675966,0.03442340791738382,243,2905,0,0,0,0
279,0518_c0001_020.jpg,518,0,-1,True,100,8550,0.048201066236989894,0.03325573661456601,275,3007,0,0,0,0
280,0518_c0002_000.jpg,518,1,-1,True,100,8550,0.07234576924791086,0.030959752321981424,60,3230,0,0,0,0
281,0518_c0002_005.jpg,518,1,-1,True,100,8550,0.06062204623741529,0.029403116730373418,78,3401,0,0,0,0
282,0518_c0002_010.jpg,518,1,-1,True,100,8550,0.07004209768577324,0.03729951510630362,51,2681,0,0,0,0
283,0518_c0002_015.jpg,518,1,-1,True,100,8550,0.0632220374968908,0.02344116268166901,31,4266,0,0,0,0
284,0518_c0002_020.jpg,518,1,-1,True,100,8550,0.06700125206502279,0.03194888178913738,82,3130,0,0,0,0
285,0518_c0003_000.jpg,518,2,-1,True,100,8550,0.09816371866699589,0.0612369871402327,32,1633,0,0,0,0
286,0518_c0003_005.jpg,518,2,-1,True,100,8550,0.08893232229594088,0.05917159763313609,42,1690,0,0,0,0
287,0518_c0003_010.jpg,518,2,-1,True,100,8550,0.08165830101111421,0.05830903790087463,64,1715,0,0,0,0
288,0518_c0003_015.jpg,518,2,-1,True,100,8550,0.09434858833121756,0.06285355122564425,32,1591,0,0,0,0
289,0518_c0003_020.jpg,518,2,-1,True,100,8550,0.08673391776410787,0.0643915003219575,65,1553,0,0,0,0
290,0518_c0005_000.jpg,518,4,-1,True,100,8550,0.17336569241532085,0.11198208286674133,53,893,0,0,0,0
291,0518_c0005_005.jpg,518,4,-1,True,100,8550,0.1366232327011192,0.11074197120708748,79,903,0,0,0,0
292,0518_c0005_010.jpg,518,4,-1,True,100,8550,0.14539042868289276,0.10020040080160321,64,998,0,0,0,0
293,0518_c0005_015.jpg,518,4,-1,True,100,8550,0.1544946860291141,0.11337868480725624,67,882,0,0,0,0
294,0518_c0005_020.jpg,518,4,-1,True,100,8550,0.16476896359298046,0.09900990099009901,56,1010,0,0,0,0
295,0518_c0006_000.jpg,518,5,-1,True,100,8550,0.21830088379295248,0.12285012285012285,26,814,0,0,0,0
296,0518_c0006_005.jpg,518,5,-1,True,100,8550,0.2210260703551606,0.12437810945273632,27,804,0,0,0,0
297,0518_c0006_010.jpg,518,5,-1,True,100,8550,0.22052383279655063,0.11061946902654868,26,904,0,0,0,0
298,0518_c0006_015.jpg,518,5,-1,True,100,8550,0.2101802559859442,0.15337423312883436,57,652,0,0,0,0
299,0518_c0006_020.jpg,518,5,-1,True,100,8550,0.22295358325516088,0.1721170395869191,74,581,0,0,0,0
300,0520_c0001_000.jpg,520,0,-1,True,150,8550,0.4536941537189956,0.10067114093959731,1,1490,1,1,1,1
301,0520_c0001_005.jpg,520,0,-1,True,150,8550,0.5078002023595098,0.11013215859030837,1,1362,1,1,1,1
302,0520_c0001_010.jpg,520,0,-1,True,150,8550,0.47302089117184865,0.10699001426533523,1,1402,1,1,1,1
303,0520_c0001_015.jpg,520,0,-1,True,150,8550,0.4944177803706005,0.10806916426512968,1,1388,1,1,1,1
304,0520_c0001_020.jpg,520,0,-1,True,150,8550,0.44396796676913663,0.09671179883945841,1,1551,1,1,1,1
305,0520_c0002_000.jpg,520,1,-1,True,150,8550,0.5597094299619808,0.08705745792222867,1,1723,1,1,1,1
306,0520_c0002_005.jpg,520,1,-1,True,150,8550,0.5331088221925694,0.09433962264150944,1,1590,1,1,1,1
307,0520_c0002_010.jpg,520,1,-1,True,150,8550,0.5364700843180948,0.10438413361169102,1,1437,1,1,1,1
308,0520_c0002_015.jpg,520,1,-1,True,150,8550,0.5322020308610637,0.09191176470588236,1,1632,1,1,1,1
309,0520_c0002_020.jpg,520,1,-1,True,150,8550,0.4875110800977656,0.07095553453169347,1,2114,1,1,1,1
310,0520_c0004_000.jpg,520,3,-1,True,150,8550,0.49227631906104846,0.24549918166939444,1,611,1,1,1,1
311,0520_c0004_005.jpg,520,3,-1,True,150,8550,0.48279943622311244,0.22658610271903323,1,662,1,1,1,1
312,0520_c0004_010.jpg,520,3,-1,True,150,8550,0.45869105777335684,0.18820577164366373,1,797,1,1,1,1
313,0520_c0004_015.jpg,520,3,-1,True,150,8550,0.4868136799469255,0.19633507853403143,1,764,1,1,1,1
314,0520_c0004_020.jpg,520,3,-1,True,150,8550,0.47469289457250935,0.1893939393939394,1,792,1,1,1,1
315,0520_c0005_000.jpg,520,4,-1,True,150,8550,0.8654334795157346,0.6521739130434783,1,230,1,1,1,1
316,0520_c0005_005.jpg,520,4,-1,True,150,8550,0.8366199807253,0.5154639175257731,1,291,1,1,1,1
317,0520_c0005_010.jpg,520,4,-1,True,150,8550,0.769305987086637,0.42492917847025496,1,353,1,1,1,1
318,0520_c0005_015.jpg,520,4,-1,True,150,8550,0.7379530875051171,0.35046728971962615,1,428,1,1,1,1
319,0520_c0005_020.jpg,520,4,-1,True,150,8550,0.6961859298271317,0.28142589118198874,1,533,1,1,1,1
320,0520_c0006_000.jpg,520,5,-1,True,150,8550,0.37168443395219936,0.14124293785310735,1,1062,1,1,1,1
321,0520_c0006_005.jpg,520,5,-1,True,150,8550,0.35377913374544334,0.11961722488038277,1,1254,1,1,1,1
322,0520_c0006_010.jpg,520,5,-1,True,150,8550,0.38135277649256816,0.11177347242921014,1,1342,1,1,1,1
323,0520_c0006_015.jpg,520,5,-1,True,150,8550,0.34228129343428954,0.10141987829614604,1,1479,1,1,1,1
324,0520_c0006_020.jpg,520,5,-1,True,150,8550,0.36075460094894024,0.10691375623663578,1,1403,1,1,1,1
325,0520_c0007_000.jpg,520,6,-1,True,150,8550,0.3257266663119399,0.1718213058419244,1,873,1,1,1,1
326,0520_c0007_005.jpg,520,6,-1,True,150,8550,0.2130992103861896,0.1662971175166297,3,902,0,1,1,1
327,0520_c0007_010.jpg,520,6,-1,True,150,8550,0.3957660666704396,0.19430051813471502,1,772,1,1,1,1
328,0520_c0007_015.jpg,520,6,-1,True,150,8550,0.36899416367286914,0.1928020565552699,1,778,1,1,1,1
329,0520_c0007_020.jpg,520,6,-1,True,150,8550,0.41119611475979456,0.19480519480519481,1,770,1,1,1,1
330,0520_c0008_000.jpg,520,7,-1,True,150,8550,0.6039281851321986,0.2508361204013378,1,598,1,1,1,1
331,0520_c0008_005.jpg,520,7,-1,True,150,8550,0.5986766993944449,0.23219814241486067,1,646,1,1,1,1
332,0520_c0008_010.jpg,520,7,-1,True,150,8550,0.6252156635773418,0.2564102564102564,1,585,1,1,1,1
333,0520_c0008_015.jpg,520,7,-1,True,150,8550,0.5609363514291632,0.23148148148148148,1,648,1,1,1,1
334,0520_c0008_020.jpg,520,7,-1,True,150,8550,0.5259514416144841,0.22091310751104565,1,679,1,1,1,1
335,0522_c0001_000.jpg,522,0,-1,True,150,8550,0.583071596789659,0.09752925877763328,1,1538,1,1,1,1
336,0522_c0001_005.jpg,522,0,-1,True,150,8550,0.44883989369578087,0.047619047619047616,1,3150,1,1,1,1
337,0522_c0001_010.jpg,522,0,-1,True,150,8550,0.5140537211833702,0.06038647342995169,1,2484,1,1,1,1
338,0522_c0001_015.jpg,522,0,-1,True,150,8550,0.6173560753505413,0.13227513227513227,1,1134,1,1,1,1
339,0522_c0001_020.jpg,522,0,-1,True,150,8550,0.5005295839370663,0.05070993914807302,1,2958,1,1,1,1
340,0522_c0002_000.jpg,522,1,-1,True,150,8550,0.3751316305291449,0.09057971014492754,1,1656,1,1,1,1
341,0522_c0002_005.jpg,522,1,-1,True,150,8550,0.41891586410326104,0.08690614136732329,1,1726,1,1,1,1
342,0522_c0002_010.jpg,522,1,-1,True,150,8550,0.5161929055169217,0.12573344509639564,1,1193,1,1,1,1
343,0522_c0002_015.jpg,522,1,-1,True,150,8550,0.539376303222853,0.14299332697807435,1,1049,1,1,1,1
344,0522_c0002_020.jpg,522,1,-1,True,150,8550,0.5001355472775003,0.15337423312883436,1,978,1,1,1,1
345,0522_c0004_000.jpg,522,3,-1,True,150,8550,0.6725456630888044,0.08886255924170616,1,1688,1,1,1,1
346,0522_c0004_005.jpg,522,3,-1,True,150,8550,0.5482624411362603,0.04606879606879607,1,3256,1,1,1,1
347,0522_c0004_010.jpg,522,3,-1,True,150,8550,0.7067174162716819,0.07511266900350526,1,1997,1,1,1,1
348,0522_c0004_015.jpg,522,3,-1,True,150,8550,0.6493430705094022,0.0744047619047619,1,2016,1,1,1,1
349,0522_c0004_020.jpg,522,3,-1,True,150,8550,0.6468714800406378,0.07263922518159806,1,2065,1,1,1,1
350,0522_c0005_000.jpg,522,4,-1,True,150,8550,0.6554521925745752,0.097911227154047,1,1532,1,1,1,1
351,0522_c0005_005.jpg,522,4,-1,True,150,8550,0.6175636891075139,0.07828810020876827,1,1916,1,1,1,1
352,0522_c0005_010.jpg,522,4,-1,True,150,8550,0.614953016703328,0.09157509157509157,1,1638,1,1,1,1
353,0522_c0005_015.jpg,522,4,-1,True,150,8550,0.6502508884988306,0.09079903147699758,1,1652,1,1,1,1
354,0522_c0005_020.jpg,522,4,-1,True,150,8550,0.6312246276673038,0.0782472613458529,1,1917,1,1,1,1
355,0522_c0006_000.jpg,522,5,-1,True,150,8550,0.6217510574811052,0.21216407355021216,1,707,1,1,1,1
356,0522_c0006_005.jpg,522,5,-1,True,150,8550,0.5852349051392487,0.20242914979757085,1,741,1,1,1,1
357,0522_c0006_010.jpg,522,5,-1,True,150,8550,0.7005031164876739,0.2757352941176471,1,544,1,1,1,1
358,0522_c0006_015.jpg,522,5,-1,True,150,8550,0.6777151930666044,0.2276176024279211,1,659,1,1,1,1
359,0522_c0006_020.jpg,522,5,-1,True,150,8550,0.6727742440193364,0.2846299810246679,1,527,1,1,1,1
360,0522_c0007_000.jpg,522,6,-1,True,150,8550,0.8834274741270554,0.684931506849315,1,219,1,1,1,1
361,0522_c0007_005.jpg,522,6,-1,True,150,8550,0.8978817383375506,0.6756756756756757,1,222,1,1,1,1
362,0522_c0007_010.jpg,522,6,-1,True,150,8550,0.9065678525456625,0.6048387096774194,1,248,1,1,1,1
363,0522_c0007_015.jpg,522,6,-1,True,150,8550,0.9246803946165912,0.6,1,250,1,1,1,1
364,0522_c0007_020.jpg,522,6,-1,True,150,8550,0.9369457958254941,0.6024096385542169,1,249,1,1,1,1
365,0522_c0008_000.jpg,522,7,-1,True,150,8550,0.5081190157013729,0.04844961240310078,1,3096,1,1,1,1
366,0522_c0008_005.jpg,522,7,-1,True,150,8550,0.5093313878435118,0.04580152671755725,1,3275,1,1,1,1
367,0522_c0008_010.jpg,522,7,-1,True,150,8550,0.5386070744072703,0.0511770726714432,1,2931,1,1,1,1
368,0522_c0008_015.jpg,522,7,-1,True,150,8550,0.530101945490237,0.04887585532746823,1,3069,1,1,1,1
369,0522_c0008_020.jpg,522,7,-1,True,150,8550,0.5078676590233798,0.050352467270896276,1,2979,1,1,1,1
370,0524_c0001_000.jpg,524,0,-1,True,175,8550,0.20205244397639396,0.04131255901794145,1,4236,1,1,1,1
371,0524_c0001_005.jpg,524,0,-1,True,175,8550,0.2098237993761647,0.04104127579737336,1,4264,1,1,1,1
372,0524_c0001_010.jpg,524,0,-1,True,175,8550,0.20195878366566863,0.0396286231884058,1,4416,1,1,1,1
373,0524_c0001_015.jpg,524,0,-1,True,175,8550,0.2051703131077726,0.04061267115339986,1,4309,1,1,1,1
374,0524_c0001_020.jpg,524,0,-1,True,175,8550,0.21109667960662817,0.04484879548949257,1,3902,1,1,1,1
375,0524_c0002_000.jpg,524,1,-1,True,175,8550,0.0775557034035985,0.054893350062735255,159,3188,0,0,0,0
376,0524_c0002_005.jpg,524,1,-1,True,175,8550,0.07813527069470677,0.056488056810845705,147,3098,0,0,0,0
377,0524_c0002_010.jpg,524,1,-1,True,175,8550,0.08278774545551006,0.050886885722593776,137,3439,0,0,0,0
378,0524_c0002_015.jpg,524,1,-1,True,175,8550,0.07621176005636836,0.04734848484848485,179,3696,0,0,0,0
379,0524_c0002_020.jpg,524,1,-1,True,175,8550,0.08842063440036133,0.05299818291944276,133,3302,0,0,0,0
380,0524_c0003_000.jpg,524,2,-1,True,175,8550,0.09846329241519239,0.06400877834674469,54,2734,0,0,0,0
381,0524_c0003_005.jpg,524,2,-1,True,175,8550,0.06434557967958174,0.041936256889527915,165,4173,0,0,0,0
382,0524_c0003_010.jpg,524,2,-1,True,175,8550,0.08514525716576582,0.050143266475644696,57,3490,0,0,0,0
383,0524_c0003_015.jpg,524,2,-1,True,175,8550,0.08684441306494367,0.050200803212851405,47,3486,0,0,0,0
384,0524_c0003_020.jpg,524,2,-1,True,175,8550,0.07016494686888154,0.049060835435940565,101,3567,0,0,0,0
385,0524_c0004_000.jpg,524,3,-1,True,175,8550,0.03712641116600213,0.03901895206243032,760,4485,0,0,0,0
386,0524_c0004_005.jpg,524,3,-1,True,175,8550,0.03337837894340617,0.037123462028001694,997,4714,0,0,0,0
387,0524_c0004_010.jpg,524,3,-1,True,175,8550,0.034664216593280034,0.03656498119515253,958,4786,0,0,0,0
388,0524_c0004_015.jpg,524,3,-1,True,175,8550,0.0313212826530023,0.03683435066301831,1078,4751,0,0,0,0
389,0524_c0004_020.jpg,524,3,-1,True,175,8550,0.03386324997890582,0.038201266099105,1016,4581,0,0,0,0
390,0524_c0005_000.jpg,524,4,-1,True,175,8550,0.1054322761458686,0.04516129032258064,1,3875,1,1,1,1
391,0524_c0005_005.jpg,524,4,-1,True,175,8550,0.08245494319071249,0.04466564573762124,18,3918,0,0,0,1
392,0524_c0005_010.jpg,524,4,-1,True,175,8550,0.06430684058584067,0.03917618088202373,51,4467,0,0,0,0
393,0524_c0005_015.jpg,524,4,-1,True,175,8550,0.07425057195662016,0.038880248833592534,74,4501,0,0,0,0
394,0524_c0005_020.jpg,524,4,-1,True,175,8550,0.1029182220320085,0.04970178926441352,4,3521,0,1,1,1
395,0524_c0006_000.jpg,524,5,-1,True,175,8550,0.16580838576830922,0.06400877834674469,6,2734,0,0,1,1
396,0524_c0006_005.jpg,524,5,-1,True,175,8550,0.12181811434923284,0.058863101244534144,17,2973,0,0,0,1
397,0524_c0006_010.jpg,524,5,-1,True,175,8550,0.14872911318418203,0.057358243198951164,2,3051,0,1,1,1
398,0524_c0006_015.jpg,524,5,-1,True,175,8550,0.13289166741944347,0.05465334166146159,10,3202,0,0,1,1
399,0524_c0006_020.jpg,524,5,-1,True,175,8550,0.1617122815407059,0.05870513250587051,1,2981,1,1,1,1
400,0524_c0007_000.jpg,524,6,-1,True,175,8550,0.19986067477322617,0.055100755667506295,1,3176,1,1,1,1
401,0524_c0007_005.jpg,524,6,-1,True,175,8550,0.19129492833197884,0.06429096252755327,1,2722,1,1,1,1
402,0524_c0007_010.jpg,524,6,-1,True,175,8550,0.16290125075555392,0.0854075158613958,2,2049,0,1,1,1
403,0524_c0007_015.jpg,524,6,-1,True,175,8550,0.17712869905162393,0.08185219831618334,1,2138,1,1,1,1
404,0524_c0007_020.jpg,524,6,-1,True,175,8550,0.202849454285773,0.0866765725606736,1,2019,1,1,1,1
405,0524_c0008_000.jpg,524,7,-1,True,175,8550,0.11657138230149194,0.051259519625073226,23,3414,0,0,0,0
406,0524_c0008_005.jpg,524,7,-1,True,175,8550,0.1488083951472557,0.0440251572327044,1,3975,1,1,1,1
407,0524_c0008_010.jpg,524,7,-1,True,175,8550,0.22130489558971822,0.045266425245732024,1,3866,1,1,1,1
408,0524_c0008_015.jpg,524,7,-1,True,175,8550,0.19321511659317658,0.05186721991701245,1,3374,1,1,1,1
409,0524_c0008_020.jpg,524,7,-1,True,175,8550,0.2595988650476645,0.0513347022587269,1,3409,1,1,1,1
410,0526_c0001_000.jpg,526,0,-1,True,50,8550,0.5585019917016256,0.07204610951008646,1,694,1,1,1,1
411,0526_c0001_005.jpg,526,0,-1,True,50,8550,0.571002696684892,0.08090614886731391,1,618,1,1,1,1
412,0526_c0001_010.jpg,526,0,-1,True,50,8550,0.5636350647581105,0.0744047619047619,1,672,1,1,1,1
413,0526_c0001_015.jpg,526,0,-1,True,50,8550,0.5625653432731356,0.07331378299120235,1,682,1,1,1,1
414,0526_c0001_020.jpg,526,0,-1,True,50,8550,0.5682484872677108,0.08143322475570032,1,614,1,1,1,1
415,0526_c0003_000.jpg,526,2,-1,True,50,8550,0.30656190977826087,0.13262599469496023,2,377,0,1,1,1
416,0526_c0003_005.jpg,526,2,-1,True,50,8550,0.18262638391465835,0.11682242990654206,16,428,0,0,0,1
417,0526_c0003_010.jpg,526,2,-1,True,50,8550,0.1946820286149908,0.11337868480725624,16,441,0,0,0,1
418,0526_c0003_015.jpg,526,2,-1,True,50,8550,0.5451032666346262,0.16666666666666666,1,300,1,1,1,1
419,0526_c0003_020.jpg,526,2,-1,True,50,8550,0.4792081322559355,0.1529051987767584,1,327,1,1,1,1
420,0526_c0005_000.jpg,526,4,-1,True,50,8550,0.8314789976214932,0.3816793893129771,1,131,1,1,1,1
421,0526_c0005_005.jpg,526,4,-1,True,50,8550,0.8688284280266195,0.4132231404958678,1,121,1,1,1,1
422,0526_c0005_010.jpg,526,4,-1,True,50,8550,0.8990113166712957,0.4132231404958678,1,121,1,1,1,1
423,0526_c0005_015.jpg,526,4,-1,True,50,8550,0.8725088312197015,0.4132231404958678,1,121,1,1,1,1
424,0526_c0005_020.jpg,526,4,-1,True,50,8550,0.8390457518679503,0.3816793893129771,1,131,1,1,1,1
425,0528_c0001_000.jpg,528,0,-1,True,150,8550,0.032274802825544055,0.033325927571650746,393,4501,0,0,0,0
426,0528_c0001_005.jpg,528,0,-1,True,150,8550,0.027739561359337715,0.02849002849002849,567,5265,0,0,0,0
427,0528_c0001_010.jpg,528,0,-1,True,150,8550,0.03223829561484095,0.031049472158973298,335,4831,0,0,0,0
428,0528_c0001_015.jpg,528,0,-1,True,150,8550,0.02461125853623867,0.024513809445987907,602,6119,0,0,0,0
429,0528_c0001_020.jpg,528,0,-1,True,150,8550,0.025051598971263182,0.025857610756766077,586,5801,0,0,0,0
430,0528_c0002_000.jpg,528,1,-1,True,150,8550,0.15761021998435554,0.11801730920535011,29,1271,0,0,0,0
431,0528_c0002_005.jpg,528,1,-1,True,150,8550,0.1764675208852318,0.11961722488038277,51,1254,0,0,0,0
432,0528_c0002_010.jpg,528,1,-1,True,150,8550,0.17604965168985628,0.11583011583011583,63,1295,0,0,0,0
433,0528_c0002_015.jpg,528,1,-1,True,150,8550,0.14321925896973492,0.10578279266572638,62,1418,0,0,0,0
434,0528_c0002_020.jpg,528,1,-1,True,150,8550,0.17540145329588616,0.11398176291793313,46,1316,0,0,0,0
435,0528_c0003_000.jpg,528,2,-1,True,150,8550,0.23539137845645688,0.15274949083503056,137,982,0,0,0,0
436,0528_c0003_005.jpg,528,2,-1,True,150,8550,0.23577428398576833,0.14231499051233396,123,1054,0,0,0,0
437,0528_c0003_010.jpg,528,2,-1,True,150,8550,0.23942622454983195,0.1592356687898089,132,942,0,0,0,0
438,0528_c0003_015.jpg,528,2,-1,True,150,8550,0.24475965824608267,0.1720183486238532,136,872,0,0,0,0
439,0528_c0003_020.jpg,528,2,-1,True,150,8550,0.2407121588585641,0.1535312180143296,118,977,0,0,0,0
440,0528_c0004_000.jpg,528,3,-1,True,150,8550,0.2774930492382509,0.3826530612244898,128,392,0,0,0,0
441,0528_c0004_005.jpg,528,3,-1,True,150,8550,0.27775177051025696,0.379746835443038,95,395,0,0,0,0
442,0528_c0004_010.jpg,528,3,-1,True,150,8550,0.27795405865225914,0.39267015706806285,120,382,0,0,0,0
443,0528_c0004_015.jpg,528,3,-1,True,150,8550,0.2724540368242213,0.34965034965034963,146,429,0,0,0,0
444,0528_c0004_020.jpg,528,3,-1,True,150,8550,0.276162977776837,0.37593984962406013,97,399,0,0,0,0
445,0528_c0005_000.jpg,528,4,-1,True,150,8550,0.32741624697634525,0.25252525252525254,20,594,0,0,0,1
446,0528_c0005_005.jpg,528,4,-1,True,150,8550,0.3127955789413175,0.21613832853025935,2,694,0,1,1,1
447,0528_c0005_010.jpg,528,4,-1,True,150,8550,0.2993649492856764,0.20891364902506965,17,718,0,0,0,1
448,0528_c0005_015.jpg,528,4,-1,True,150,8550,0.33706549813072473,0.2145922746781116,19,699,0,0,0,1
449,0528_c0005_020.jpg,528,4,-1,True,150,8550,0.3182510035930975,0.20689655172413793,25,725,0,0,0,0
450,0528_c0006_000.jpg,528,5,-1,True,150,8550,0.21814300330931172,0.14763779527559054,93,1016,0,0,0,0
451,0528_c0006_005.jpg,528,5,-1,True,150,8550,0.20999660906038206,0.13953488372093023,100,1075,0,0,0,0
452,0528_c0006_010.jpg,528,5,-1,True,150,8550,0.18975956278176837,0.12573344509639564,100,1193,0,0,0,0
453,0528_c0006_015.jpg,528,5,-1,True,150,8550,0.19475303099938968,0.12583892617449666,94,1192,0,0,0,0
454,0528_c0006_020.jpg,528,5,-1,True,150,8550,0.19271850705261462,0.13274336283185842,94,1130,0,0,0,0
455,0528_c0007_000.jpg,528,6,-1,True,150,8550,0.22025162960514777,0.16025641025641027,84,936,0,0,0,0
456,0528_c0007_005.jpg,528,6,-1,True,150,8550,0.2222945311341611,0.16393442622950818,85,915,0,0,0,0
457,0528_c0007_010.jpg,528,6,-1,True,150,8550,0.21728398164306748,0.14436958614051973,78,1039,0,0,0,0
458,0528_c0007_015.jpg,528,6,-1,True,150,8550,0.22215816955319223,0.167973124300112,83,893,0,0,0,0
459,0528_c0007_020.jpg,528,6,-1,True,150,8550,0.21290265981847253,0.13489208633093525,77,1112,0,0,0,0
460,0530_c0001_000.jpg,530,0,-1,True,150,8550,0.9159617610571331,0.48231511254019294,1,311,1,1,1,1
461,0530_c0001_005.jpg,530,0,-1,True,150,8550,0.9212679154475448,0.5,1,300,1,1,1,1
462,0530_c0001_010.jpg,530,0,-1,True,150,8550,0.9290009690100419,0.5244755244755245,1,286,1,1,1,1
463,0530_c0001_015.jpg,530,0,-1,True,150,8550,0.9220936633298789,0.5226480836236934,1,287,1,1,1,1
464,0530_c0001_020.jpg,530,0,-1,True,150,8550,0.9133305083736472,0.45871559633027525,1,327,1,1,1,1
465,0530_c0002_000.jpg,530,1,-1,True,150,8550,0.8815166988610258,0.47318611987381703,1,317,1,1,1,1
466,0530_c0002_005.jpg,530,1,-1,True,150,8550,0.8288772197205071,0.46153846153846156,1,325,1,1,1,1
467,0530_c0002_010.jpg,530,1,-1,True,150,8550,0.8782834129619099,0.47619047619047616,1,315,1,1,1,1
468,0530_c0002_015.jpg,530,1,-1,True,150,8550,0.81676999350709,0.4672897196261682,1,321,1,1,1,1
469,0530_c0002_020.jpg,530,1,-1,True,150,8550,0.8930848334698046,0.48231511254019294,1,311,1,1,1,1
470,0530_c0003_000.jpg,530,2,-1,True,150,8550,0.9127670293725045,0.5791505791505791,1,259,1,1,1,1
471,0530_c0003_005.jpg,530,2,-1,True,150,8550,0.8910165949251824,0.5813953488372093,1,258,1,1,1,1
472,0530_c0003_010.jpg,530,2,-1,True,150,8550,0.8975703309587953,0.5791505791505791,1,259,1,1,1,1
473,0530_c0003_015.jpg,530,2,-1,True,150,8550,0.8939235779858586,0.5859375,1,256,1,1,1,1
474,0530_c0003_020.jpg,530,2,-1,True,150,8550,0.8998177637499047,0.5813953488372093,1,258,1,1,1,1
475,0530_c0004_000.jpg,530,3,-1,True,150,8550,0.8917107435312981,0.5494505494505495,1,273,1,1,1,1
476,0530_c0004_005.jpg,530,3,-1,True,150,8550,0.869839626683746,0.5617977528089888,1,267,1,1,1,1
477,0530_c0004_010.jpg,530,3,-1,True,150,8550,0.8800340324375736,0.5703422053231939,1,263,1,1,1,1
478,0530_c0004_015.jpg,530,3,-1,True,150,8550,0.8636443446553851,0.5535055350553506,1,271,1,1,1,1
479,0530_c0004_020.jpg,530,3,-1,True,150,8550,0.8612587094590246,0.5535055350553506,1,271,1,1,1,1
480,0530_c0005_000.jpg,530,4,-1,True,150,8550,0.856173871964838,0.6637168141592921,1,226,1,1,1,1
481,0530_c0005_005.jpg,530,4,-1,True,150,8550,0.8437767498354518,0.6578947368421053,1,228,1,1,1,1
482,0530_c0005_010.jpg,530,4,-1,True,150,8550,0.8628452135767437,0.6437768240343348,1,233,1,1,1,1
483,0530_c0005_015.jpg,530,4,-1,True,150,8550,0.8636879823826407,0.6437768240343348,1,233,1,1,1,1
484,0530_c0005_020.jpg,530,4,-1,True,150,8550,0.8329071284758741,0.6437768240343348,1,233,1,1,1,1
485,0530_c0006_000.jpg,530,5,-1,True,150,8550,0.8483638580789097,0.6666666666666666,1,225,1,1,1,1
486,0530_c0006_005.jpg,530,5,-1,True,150,8550,0.8555020752048524,0.6578947368421053,1,228,1,1,1,1
487,0530_c0006_010.jpg,530,5,-1,True,150,8550,0.8486113972576913,0.6550218340611353,1,229,1,1,1,1
488,0530_c0006_015.jpg,530,5,-1,True,150,8550,0.8307802356817516,0.6912442396313364,1,217,1,1,1,1
489,0530_c0006_020.jpg,530,5,-1,True,150,8550,0.8306771657695855,0.6944444444444444,1,216,1,1,1,1
490,0530_c0008_000.jpg,530,7,-1,True,150,8550,0.9201894693238603,0.6,1,250,1,1,1,1
491,0530_c0008_005.jpg,530,7,-1,True,150,8550,0.9467647658867315,0.5928853754940712,1,253,1,1,1,1
492,0530_c0008_010.jpg,530,7,-1,True,150,8550,0.9137558695607227,0.6147540983606558,1,244,1,1,1,1
493,0530_c0008_015.jpg,530,7,-1,True,150,8550,0.9196421312848552,0.6122448979591837,1,245,1,1,1,1
494,0530_c0008_020.jpg,530,7,-1,True,150,8550,0.9346117241275474,0.6944444444444444,1,216,1,1,1,1
495,0532_c0001_000.jpg,532,0,-1,True,175,8550,0.4068095328250939,0.19954389965792474,12,877,0,0,0,1
496,0532_c0001_005.jpg,532,0,-1,True,175,8550,0.41363353838259254,0.18078512396694216,16,968,0,0,0,1
497,0532_c0001_010.jpg,532,0,-1,True,175,8550,0.42625665502255516,0.18776824034334763,16,932,0,0,0,1
498,0532_c0001_015.jpg,532,0,-1,True,175,8550,0.41769381295036306,0.21658415841584158,12,808,0,0,0,1
499,0532_c0001_020.jpg,532,0,-1,True,175,8550,0.4345069607871796,0.2503576537911302,16,699,0,0,0,1
500,0532_c0002_000.jpg,532,1,-1,True,175,8550,0.08108927288588963,0.04519628099173554,262,3872,0,0,0,0
501,0532_c0002_005.jpg,532,1,-1,True,175,8550,0.07635266678312802,0.04084967320261438,264,4284,0,0,0,0
502,0532_c0002_010.jpg,532,1,-1,True,175,8550,0.08342678307762923,0.04286064168503551,253,4083,0,0,0,0
503,0532_c0002_015.jpg,532,1,-1,True,175,8550,0.07908225359179934,0.039485559566787,264,4432,0,0,0,0
504,0532_c0002_020.jpg,532,1,-1,True,175,8550,0.07955543487825545,0.0429553264604811,262,4074,0,0,0,0
505,0532_c0003_000.jpg,532,2,-1,True,175,8550,0.2743933244376946,0.10330578512396695,15,1694,0,0,0,1
506,0532_c0003_005.jpg,532,2,-1,True,175,8550,0.292375212685508,0.11041009463722397,12,1585,0,0,0,1
507,0532_c0003_010.jpg,532,2,-1,True,175,8550,0.3097591424671244,0.11482939632545931,12,1524,0,0,0,1
508,0532_c0003_015.jpg,532,2,-1,True,175,8550,0.326743990289981,0.10391923990498812,12,1684,0,0,0,1
509,0532_c0003_020.jpg,532,2,-1,True,175,8550,0.3106922467178242,0.11160714285714286,14,1568,0,0,0,1
510,0532_c0004_000.jpg,532,3,-1,True,175,8550,0.39747749602022686,0.157942238267148,26,1108,0,0,0,0
511,0532_c0004_005.jpg,532,3,-1,True,175,8550,0.4404108807400918,0.14181523500810372,24,1234,0,0,0,0
512,0532_c0004_010.jpg,532,3,-1,True,175,8550,0.42971003361099486,0.14011208967173738,25,1249,0,0,0,0
513,0532_c0004_015.jpg,532,3,-1,True,175,8550,0.42508628033161133,0.1383399209486166,23,1265,0,0,0,0
514,0532_c0004_020.jpg,532,3,-1,True,175,8550,0.45910239146911896,0.13555383423702555,22,1291,0,0,0,0
515,0532_c0005_000.jpg,532,4,-1,True,175,8550,0.3468664008044208,0.07377740303541315,9,2372,0,0,1,1
516,0532_c0005_005.jpg,532,4,-1,True,175,8550,0.3650514373654322,0.07237386269644334,5,2418,0,1,1,1
517,0532_c0005_010.jpg,532,4,-1,True,175,8550,0.33903460667268004,0.07655293088363954,16,2286,0,0,0,1
518,0532_c0005_015.jpg,532,4,-1,True,175,8550,0.3403853613739845,0.06986027944111776,7,2505,0,0,1,1
519,0532_c0005_020.jpg,532,4,-1,True,175,8550,0.32282137200769445,0.06676840900419687,7,2621,0,0,1,1
520,0532_c0006_000.jpg,532,5,-1,True,175,8550,0.22752301797659516,0.22845953002610966,88,766,0,0,0,0
521,0532_c0006_005.jpg,532,5,-1,True,175,8550,0.2582247056835661,0.2407152682255846,98,727,0,0,0,0
522,0532_c0006_010.jpg,532,5,-1,True,175,8550,0.2451572182739664,0.21008403361344538,82,833,0,0,0,0
523,0532_c0006_015.jpg,532,5,-1,True,175,8550,0.2465994432990688,0.22407170294494239,81,781,0,0,0,0
524,0532_c0006_020.jpg,532,5,-1,True,175,8550,0.21372276123955447,0.19574944071588368,97,894,0,0,0,0
525,0532_c0007_000.jpg,532,6,-1,True,175,8550,0.35976894075633864,0.2044392523364486,25,856,0,0,0,0
526,0532_c0007_005.jpg,532,6,-1,True,175,8550,0.35602503463253615,0.19553072625698323,29,895,0,0,0,0
527,0532_c0007_010.jpg,532,6,-1,True,175,8550,0.3506123897713568,0.24339360222531292,28,719,0,0,0,0
528,0532_c0007_015.jpg,532,6,-1,True,175,8550,0.3821035156782081,0.2113526570048309,6,828,0,0,1,1
529,0532_c0007_020.jpg,532,6,-1,True,175,8550,0.3366922946057213,0.1783893985728848,32,981,0,0,0,0
530,0532_c0008_000.jpg,532,7,-1,True,175,8550,0.36070528715833217,0.04341354502604813,1,4031,1,1,1,1
531,0532_c0008_005.jpg,532,7,-1,True,175,8550,0.35488115857483205,0.04343509555721023,1,4029,1,1,1,1
532,0532_c0008_010.jpg,532,7,-1,True,175,8550,0.3896979147483283,0.047840349917987975,1,3658,1,1,1,1
533,0532_c0008_015.jpg,532,7,-1,True,175,8550,0.3674315864281547,0.044608717817996434,1,3923,1,1,1,1
534,0532_c0008_020.jpg,532,7,-1,True,175,8550,0.39959119332493354,0.048773690078037904,1,3588,1,1,1,1
535,0534_c0001_000.jpg,534,0,-1,True,150,8550,0.9192744316598487,0.4807692307692308,1,312,1,1,1,1
536,0534_c0001_005.jpg,534,0,-1,True,150,8550,0.9197362445236967,0.5,1,300,1,1,1,1
537,0534_c0001_010.jpg,534,0,-1,True,150,8550,0.9248179915077174,0.46296296296296297,1,324,1,1,1,1
538,0534_c0001_015.jpg,534,0,-1,True,150,8550,0.8838235784851891,0.47318611987381703,1,317,1,1,1,1
539,0534_c0001_020.jpg,534,0,-1,True,150,8550,0.8722605907424077,0.4166666666666667,1,360,1,1,1,1
540,0534_c0002_000.jpg,534,1,-1,True,150,8550,0.25063584549561424,0.19607843137254902,1,765,1,1,1,1
541,0534_c0002_005.jpg,534,1,-1,True,150,8550,0.25491507878401226,0.19455252918287938,1,771,1,1,1,1
542,0534_c0002_010.jpg,534,1,-1,True,150,8550,0.2690812364787158,0.199203187250996,1,753,1,1,1,1
543,0534_c0002_015.jpg,534,1,-1,True,150,8550,0.31227701988100665,0.21398002853067047,1,701,1,1,1,1
544,0534_c0002_020.jpg,534,1,-1,True,150,8550,0.2856358519839613,0.2245508982035928,1,668,1,1,1,1
545,0534_c0004_000.jpg,534,3,-1,True,150,8550,0.30377539909376794,0.19973368841544606,10,751,0,0,1,1
546,0534_c0004_005.jpg,534,3,-1,True,150,8550,0.30585795636821506,0.195822454308094,12,766,0,0,0,1
547,0534_c0004_010.jpg,534,3,-1,True,150,8550,0.36359855772683136,0.21645021645021645,1,693,1,1,1,1
548,0534_c0004_015.jpg,534,3,-1,True,150,8550,0.37660640636094217,0.22556390977443608,1,665,1,1,1,1
549,0534_c0004_020.jpg,534,3,-1,True,150,8550,0.2722984052419836,0.1986754966887417,3,755,0,1,1,1
550,0534_c0005_000.jpg,534,4,-1,True,150,8550,0.6729606576023215,0.5050505050505051,1,297,1,1,1,1
551,0534_c0005_005.jpg,534,4,-1,True,150,8550,0.678802120367554,0.4966887417218543,1,302,1,1,1,1
552,0534_c0005_010.jpg,534,4,-1,True,150,8550,0.6560987961647554,0.49019607843137253,1,306,1,1,1,1
553,0534_c0005_015.jpg,534,4,-1,True,150,8550,0.6557437205784816,0.5033557046979866,1,298,1,1,1,1
554,0534_c0005_020.jpg,534,4,-1,True,150,8550,0.6295053811089044,0.47619047619047616,1,315,1,1,1,1
555,0534_c0006_000.jpg,534,5,-1,True,150,8550,0.6643033454505353,0.3105590062111801,1,483,1,1,1,1
556,0534_c0006_005.jpg,534,5,-1,True,150,8550,0.6025667414977384,0.26833631484794274,1,559,1,1,1,1
557,0534_c0006_010.jpg,534,5,-1,True,150,8550,0.6420796273032281,0.27624309392265195,1,543,1,1,1,1
558,0534_c0006_015.jpg,534,5,-1,True,150,8550,0.6799746231966362,0.28790786948176583,1,521,1,1,1,1
559,0534_c0006_020.jpg,534,5,-1,True,150,8550,0.6565824182003565,0.27472527472527475,1,546,1,1,1,1
560,0534_c0007_000.jpg,534,6,-1,True,150,8550,0.3845533060670665,0.375,18,400,0,0,0,1
561,0534_c0007_005.jpg,534,6,-1,True,150,8550,0.34679234750932997,0.35377358490566035,22,424,0,0,0,0
562,0534_c0007_010.jpg,534,6,-1,True,150,8550,0.34291762012418553,0.3416856492027335,24,439,0,0,0,0
563,0534_c0007_015.jpg,534,6,-1,True,150,8550,0.42017846351115795,0.39577836411609496,13,379,0,0,0,1
564,0534_c0007_020.jpg,534,6,-1,True,150,8550,0.33250341870270494,0.3440366972477064,29,436,0,0,0,0
565,0534_c0008_000.jpg,534,7,-1,True,150,8550,0.4292844078698013,0.3138075313807531,14,478,0,0,0,1
566,0534_c0008_005.jpg,534,7,-1,True,150,8550,0.4538359976563086,0.32967032967032966,5,455,0,1,1,1
567,0534_c0008_010.jpg,534,7,-1,True,150,8550,0.6093307283111581,0.39473684210526316,1,380,1,1,1,1
568,0534_c0008_015.jpg,534,7,-1,True,150,8550,0.5704324879126282,0.37037037037037035,1,405,1,1,1,1
569,0534_c0008_020.jpg,534,7,-1,True,150,8550,0.6293832810888631,0.4178272980501393,1,359,1,1,1,1
570,0536_c0001_000.jpg,536,0,-1,True,75,8550,0.3843361496332538,0.06465517241379311,1,1160,1,1,1,1
571,0536_c0001_005.jpg,536,0,-1,True,75,8550,0.38000239975186356,0.06504770164787511,1,1153,1,1,1,1
572,0536_c0001_010.jpg,536,0,-1,True,75,8550,0.4097650731461214,0.07345739471106758,1,1021,1,1,1,1
573,0536_c0001_015.jpg,536,0,-1,True,75,8550,0.37248007495119195,0.06297229219143577,1,1191,1,1,1,1
574,0536_c0001_020.jpg,536,0,-1,True,75,8550,0.40758820672939583,0.071360608943863,1,1051,1,1,1,1
575,0536_c0002_000.jpg,536,1,-1,True,75,8550,0.24919057248382734,0.11942675159235669,24,628,0,0,0,0
576,0536_c0002_005.jpg,536,1,-1,True,75,8550,0.26518824533460944,0.16891891891891891,9,444,0,0,1,1
577,0536_c0002_010.jpg,536,1,-1,True,75,8550,0.21203967188063652,0.15432098765432098,42,486,0,0,0,0
578,0536_c0002_015.jpg,536,1,-1,True,75,8550,0.23858687570848638,0.16778523489932887,38,447,0,0,0,0
579,0536_c0002_020.jpg,536,1,-1,True,75,8550,0.3758607884103904,0.13274336283185842,1,565,1,1,1,1
580,0536_c0005_000.jpg,536,4,-1,True,75,8550,0.32750991694877424,0.11574074074074074,1,648,1,1,1,1
581,0536_c0005_005.jpg,536,4,-1,True,75,8550,0.2928390034331386,0.09752925877763328,1,769,1,1,1,1
582,0536_c0005_010.jpg,536,4,-1,True,75,8550,0.31660076119053604,0.09090909090909091,1,825,1,1,1,1
583,0536_c0005_015.jpg,536,4,-1,True,75,8550,0.34852681861436413,0.09014423076923077,1,832,1,1,1,1
584,0536_c0005_020.jpg,536,4,-1,True,75,8550,0.35347829262414143,0.08823529411764706,1,850,1,1,1,1
585,0536_c0006_000.jpg,536,5,-1,True,75,8550,0.5596862503575437,0.2066115702479339,1,363,1,1,1,1
586,0536_c0006_005.jpg,536,5,-1,True,75,8550,0.5305141493837217,0.23006134969325154,1,326,1,1,1,1
587,0536_c0006_010.jpg,536,5,-1,True,75,8550,0.5073919545401805,0.20380434782608695,1,368,1,1,1,1
588,0536_c0006_015.jpg,536,5,-1,True,75,8550,0.5847022029861901,0.20161290322580644,1,372,1,1,1,1
589,0536_c0006_020.jpg,536,5,-1,True,75,8550,0.5309631741764598,0.195822454308094,1,383,1,1,1,1
590,0538_c0001_000.jpg,538,0,-1,True,175,8550,0.3600032593447673,0.22609819121447028,2,774,0,1,1,1
591,0538_c0001_005.jpg,538,0,-1,True,175,8550,0.25607759409446934,0.19001085776330076,1,921,1,1,1,1
592,0538_c0001_010.jpg,538,0,-1,True,175,8550,0.3120308730978227,0.1652502360717658,1,1059,1,1,1,1
593,0538_c0001_015.jpg,538,0,-1,True,175,8550,0.22543643538760103,0.14101531023368252,32,1241,0,0,0,0
594,0538_c0001_020.jpg,538,0,-1,True,175,8550,0.2584803123168579,0.12306610407876231,1,1422,1,1,1,1
595,0538_c0002_000.jpg,538,1,-1,True,175,8550,0.3340242716705558,0.06290438533429188,7,2782,0,0,1,1
596,0538_c0002_005.jpg,538,1,-1,True,175,8550,0.3129648241778065,0.07889990982867448,5,2218,0,1,1,1
597,0538_c0002_010.jpg,538,1,-1,True,175,8550,0.259159808038756,0.07415254237288135,26,2360,0,0,0,0
598,0538_c0002_015.jpg,538,1,-1,True,175,8550,0.26312796286586837,0.08333333333333333,26,2100,0,0,0,0
599,0538_c0002_020.jpg,538,1,-1,True,175,8550,0.19246973464603823,0.08793969849246232,26,1990,0,0,0,0
600,0538_c0003_000.jpg,538,2,-1,True,175,8550,0.6980767107134255,0.22151898734177214,1,790,1,1,1,1
601,0538_c0003_005.jpg,538,2,-1,True,175,8550,0.6680769905707419,0.22786458333333334,1,768,1,1,1,1
602,0538_c0003_010.jpg,538,2,-1,True,175,8550,0.6144357747940876,0.1898047722342733,1,922,1,1,1,1
603,0538_c0003_015.jpg,538,2,-1,True,175,8550,0.631964245691787,0.21929824561403508,1,798,1,1,1,1
604,0538_c0003_020.jpg,538,2,-1,True,175,8550,0.6425530100296204,0.23302263648468707,1,751,1,1,1,1
605,0538_c0004_000.jpg,538,3,-1,True,175,8550,0.5474765151249726,0.08969759097898514,1,1951,1,1,1,1
606,0538_c0004_005.jpg,538,3,-1,True,175,8550,0.4971120901537701,0.07865168539325842,1,2225,1,1,1,1
607,0538_c0004_010.jpg,538,3,-1,True,175,8550,0.5386299003410755,0.07875787578757876,1,2222,1,1,1,1
608,0538_c0004_015.jpg,538,3,-1,True,175,8550,0.4877474850291193,0.07987220447284345,5,2191,0,1,1,1
609,0538_c0004_020.jpg,538,3,-1,True,175,8550,0.5555977211700883,0.08090614886731391,1,2163,1,1,1,1
610,0538_c0005_000.jpg,538,4,-1,True,175,8550,0.12258466912823247,0.07465870307167236,30,2344,0,0,0,0
611,0538_c0005_005.jpg,538,4,-1,True,175,8550,0.07898619702582876,0.052742616033755275,85,3318,0,0,0,0
612,0538_c0005_010.jpg,538,4,-1,True,175,8550,0.06781533002753584,0.05183649289099526,107,3376,0,0,0,0
613,0538_c0005_015.jpg,538,4,-1,True,175,8550,0.10066973574239577,0.06854680767724246,78,2553,0,0,0,0
614,0538_c0005_020.jpg,538,4,-1,True,175,8550,0.09739455979143169,0.0654940119760479,59,2672,0,0,0,0
615,0538_c0006_000.jpg,538,5,-1,True,175,8550,0.5279726825085566,0.08807247106190237,1,1987,1,1,1,1
616,0538_c0006_005.jpg,538,5,-1,True,175,8550,0.5239775121939395,0.08946830265848671,1,1956,1,1,1,1
617,0538_c0006_010.jpg,538,5,-1,True,175,8550,0.5808781065629104,0.08258612553091081,1,2119,1,1,1,1
618,0538_c0006_015.jpg,538,5,-1,True,175,8550,0.41913804331367593,0.10051694428489374,1,1741,1,1,1,1
619,0538_c0006_020.jpg,538,5,-1,True,175,8550,0.531602007434084,0.1343054489639294,1,1303,1,1,1,1
620,0538_c0007_000.jpg,538,6,-1,True,175,8550,0.6652772623022167,0.07784697508896797,1,2248,1,1,1,1
621,0538_c0007_005.jpg,538,6,-1,True,175,8550,0.5928864820481466,0.07618632999564649,1,2297,1,1,1,1
622,0538_c0007_010.jpg,538,6,-1,True,175,8550,0.3314531601166062,0.06767208043310131,6,2586,0,0,1,1
623,0538_c0007_015.jpg,538,6,-1,True,175,8550,0.39641280366929266,0.06854680767724246,1,2553,1,1,1,1
624,0538_c0007_020.jpg,538,6,-1,True,175,8550,0.2559453461422051,0.12315270935960591,11,1421,0,0,0,1
625,0538_c0008_000.jpg,538,7,-1,True,175,8550,0.7242384850618026,0.09249471458773785,1,1892,1,1,1,1
626,0538_c0008_005.jpg,538,7,-1,True,175,8550,0.7335603176381057,0.09604829857299671,1,1822,1,1,1,1
627,0538_c0008_010.jpg,538,7,-1,True,175,8550,0.7055163133385512,0.10429082240762813,1,1678,1,1,1,1
628,0538_c0008_015.jpg,538,7,-1,True,175,8550,0.680479369017587,0.09119332985930172,1,1919,1,1,1,1
629,0538_c0008_020.jpg,538,7,-1,True,175,8550,0.6777378467905582,0.08946830265848671,1,1956,1,1,1,1
630,0540_c0001_000.jpg,540,0,-1,True,175,8550,0.08187936270951734,0.07073565076798706,78,2474,0,0,0,0
631,0540_c0001_005.jpg,540,0,-1,True,175,8550,0.07255083808693744,0.06574004507888806,128,2662,0,0,0,0
632,0540_c0001_010.jpg,540,0,-1,True,175,8550,0.06698663282243313,0.057358243198951164,172,3051,0,0,0,0
633,0540_c0001_015.jpg,540,0,-1,True,175,8550,0.08843105390770205,0.05049047893825736,86,3466,0,0,0,0
634,0540_c0001_020.jpg,540,0,-1,True,175,8550,0.06064537315379328,0.05825565912117177,186,3004,0,0,0,0
635,0540_c0002_000.jpg,540,1,-1,True,175,8550,0.07895311734533383,0.028390655418559375,64,6164,0,0,0,0
636,0540_c0002_005.jpg,540,1,-1,True,175,8550,0.09156241352644855,0.030685604068034368,48,5703,0,0,0,0
637,0540_c0002_010.jpg,540,1,-1,True,175,8550,0.07488914888670112,0.029254429956536276,75,5982,0,0,0,0
638,0540_c0002_015.jpg,540,1,-1,True,175,8550,0.08463334054217783,0.028135048231511254,55,6220,0,0,0,0
639,0540_c0002_020.jpg,540,1,-1,True,175,8550,0.08559557824137594,0.029746727859935408,68,5883,0,0,0,0
640,0540_c0003_000.jpg,540,2,-1,True,175,8550,0.10292753405444395,0.04827586206896552,10,3625,0,0,1,1
641,0540_c0003_005.jpg,540,2,-1,True,175,8550,0.10746499076528514,0.046247357293868925,1,3784,1,1,1,1
642,0540_c0003_010.jpg,540,2,-1,True,175,8550,0.11908476372609081,0.04970178926441352,3,3521,0,1,1,1
643,0540_c0003_015.jpg,540,2,-1,True,175,8550,0.09653553804511371,0.0462229265715795,10,3786,0,0,1,1
644,0540_c0003_020.jpg,540,2,-1,True,175,8550,0.0789117559072282,0.04704301075268817,12,3720,0,0,0,1
645,0540_c0004_000.jpg,540,3,-1,True,175,8550,0.06932569391240684,0.037417147744280524,360,4677,0,0,0,0
646,0540_c0004_005.jpg,540,3,-1,True,175,8550,0.07623547511821084,0.03568515497553018,209,4904,0,0,0,0
647,0540_c0004_010.jpg,540,3,-1,True,175,8550,0.07967596585582748,0.047827275211806505,243,3659,0,0,0,0
648,0540_c0004_015.jpg,540,3,-1,True,175,8550,0.08555422554790822,0.048638132295719845,210,3598,0,0,0,0
649,0540_c0004_020.jpg,540,3,-1,True,175,8550,0.07667231595803682,0.03960171984611903,344,4419,0,0,0,0
650,0540_c0005_000.jpg,540,4,-1,True,175,8550,0.10219922478947625,0.07237386269644334,48,2418,0,0,0,0
651,0540_c0005_005.jpg,540,4,-1,True,175,8550,0.09853883439229144,0.078971119133574,55,2216,0,0,0,0
652,0540_c0005_010.jpg,540,4,-1,True,175,8550,0.09559444457698361,0.07446808510638298,90,2350,0,0,0,0
653,0540_c0005_015.jpg,540,4,-1,True,175,8550,0.09087999080576929,0.06806690003889537,112,2571,0,0,0,0
654,0540_c0005_020.jpg,540,4,-1,True,175,8550,0.09106818063975135,0.07148692810457516,110,2448,0,0,0,0
655,0540_c0006_000.jpg,540,5,-1,True,175,8550,0.1511926015131898,0.029501011463250168,16,5932,0,0,0,1
656,0540_c0006_005.jpg,540,5,-1,True,175,8550,0.16673281897089756,0.028358450818343865,23,6171,0,0,0,0
657,0540_c0006_010.jpg,540,5,-1,True,175,8550,0.16080170064331578,0.028221254636348975,18,6201,0,0,0,1
658,0540_c0006_015.jpg,540,5,-1,True,175,8550,0.17876670646833415,0.02807636772019894,23,6233,0,0,0,0
659,0540_c0006_020.jpg,540,5,-1,True,175,8550,0.14591035718234052,0.02883981542518128,6,6068,0,0,1,1
660,0540_c0007_000.jpg,540,6,-1,True,175,8550,0.15275289396998745,0.09043927648578812,66,1935,0,0,0,0
661,0540_c0007_005.jpg,540,6,-1,True,175,8550,0.2114673122835772,0.08503401360544217,29,2058,0,0,0,0
662,0540_c0007_010.jpg,540,6,-1,True,175,8550,0.18210031092551618,0.09982886480319453,24,1753,0,0,0,0
663,0540_c0007_015.jpg,540,6,-1,True,175,8550,0.14590950185239965,0.0982594048287479,111,1781,0,0,0,0
664,0540_c0007_020.jpg,540,6,-1,True,175,8550,0.21627921137829295,0.07243377483443708,26,2416,0,0,0,0
665,0540_c0008_000.jpg,540,7,-1,True,175,8550,0.031753856292528373,0.038580246913580245,1408,4536,0,0,0,0
666,0540_c0008_005.jpg,540,7,-1,True,175,8550,0.029830591171049532,0.041195856873822975,1325,4248,0,0,0,0
667,0540_c0008_010.jpg,540,7,-1,True,175,8550,0.02974060734928164,0.044136191677175286,1219,3965,0,0,0,0
668,0540_c0008_015.jpg,540,7,-1,True,175,8550,0.029830591171049532,0.041195856873822975,1325,4248,0,0,0,0
669,0540_c0008_020.jpg,540,7,-1,True,175,8550,0.02974060734928164,0.044136191677175286,1219,3965,0,0,0,0
670,0542_c0001_000.jpg,542,0,-1,True,150,8550,0.06286706066399121,0.040573437922639975,52,3697,0,0,0,0
671,0542_c0001_005.jpg,542,0,-1,True,150,8550,0.06019717071426143,0.030946977511863007,23,4847,0,0,0,0
672,0542_c0001_010.jpg,542,0,-1,True,150,8550,0.05553836433328346,0.03541912632821724,56,4235,0,0,0,0
673,0542_c0001_015.jpg,542,0,-1,True,150,8550,0.06066109525403386,0.03192168546499255,25,4699,0,0,0,0
674,0542_c0001_020.jpg,542,0,-1,True,150,8550,0.058669914686904544,0.033163829316825114,27,4523,0,0,0,0
675,0542_c0002_000.jpg,542,1,-1,True,150,8550,0.03878698694616339,0.03911342894393742,169,3835,0,0,0,0
676,0542_c0002_005.jpg,542,1,-1,True,150,8550,0.0471037271531736,0.044789489399820845,136,3349,0,0,0,0
677,0542_c0002_010.jpg,542,1,-1,True,150,8550,0.055429501279474803,0.05712109672505712,40,2626,0,0,0,0
678,0542_c0002_015.jpg,542,1,-1,True,150,8550,0.07254720423391314,0.060802594244021076,6,2467,0,0,1,1
679,0542_c0002_020.jpg,542,1,-1,True,150,8550,0.07241714994431535,0.0664599025254763,13,2257,0,0,0,1
680,0542_c0004_000.jpg,542,3,-1,True,150,8550,0.16958642381956052,0.06347862886161659,1,2363,1,1,1,1
681,0542_c0004_005.jpg,542,3,-1,True,150,8550,0.20187622881839445,0.06443298969072164,1,2328,1,1,1,1
682,0542_c0004_010.jpg,542,3,-1,True,150,8550,0.15758055801683846,0.06342494714587738,1,2365,1,1,1,1
683,0542_c0004_015.jpg,542,3,-1,True,150,8550,0.1594744842135175,0.06660746003552398,1,2252,1,1,1,1
684,0542_c0004_020.jpg,542,3,-1,True,150,8550,0.11845572759559074,0.06396588486140725,6,2345,0,0,1,1
685,0542_c0005_000.jpg,542,4,-1,True,150,8550,0.034994294639761836,0.034403669724770644,170,4360,0,0,0,0
686,0542_c0005_005.jpg,542,4,-1,True,150,8550,0.028542770407793145,0.03129563947423326,310,4793,0,0,0,0
687,0542_c0005_010.jpg,542,4,-1,True,150,8550,0.02910466427379994,0.03,275,5000,0,0,0,0
688,0542_c0005_015.jpg,542,4,-1,True,150,8550,0.029120722488461107,0.031113876789047916,85,4821,0,0,0,0
689,0542_c0005_020.jpg,542,4,-1,True,150,8550,0.036096336593509006,0.0361794500723589,30,4146,0,0,0,0
690,0542_c0006_000.jpg,542,5,-1,True,150,8550,0.1201845166899169,0.046540490226497054,57,3223,0,0,0,0
691,0542_c0006_005.jpg,542,5,-1,True,150,8550,0.17658201200568552,0.054764512595837894,12,2739,0,0,0,1
692,0542_c0006_010.jpg,542,5,-1,True,150,8550,0.18428874367060788,0.043898156277436345,67,3417,0,0,0,0
693,0542_c0006_015.jpg,542,5,-1,True,150,8550,0.1794917988791035,0.04349086691794723,27,3449,0,0,0,0
694,0542_c0006_020.jpg,542,5,-1,True,150,8550,0.17392267724474636,0.04544077552256892,56,3301,0,0,0,0
695,0542_c0007_000.jpg,542,6,-1,True,150,8550,0.10142842020608481,0.03736920777279522,6,4014,0,0,1,1
696,0542_c0007_005.jpg,542,6,-1,True,150,8550,0.08407445661323223,0.03830439223697651,3,3916,0,1,1,1
697,0542_c0007_010.jpg,542,6,-1,True,150,8550,0.09409931976447365,0.04573170731707317,35,3280,0,0,0,0
698,0542_c0007_015.jpg,542,6,-1,True,150,8550,0.07651589208798619,0.04575960951799878,50,3278,0,0,0,0
699,0542_c0007_020.jpg,542,6,-1,True,150,8550,0.09351027161772653,0.04401408450704225,12,3408,0,0,0,1
700,0542_c0008_000.jpg,542,7,-1,True,150,8550,0.029085342550173258,0.03924646781789639,455,3822,0,0,0,0
701,0542_c0008_005.jpg,542,7,-1,True,150,8550,0.027278919036167318,0.040983606557377046,563,3660,0,0,0,0
702,0542_c0008_010.jpg,542,7,-1,True,150,8550,0.028109567477898185,0.04114097641250686,555,3646,0,0,0,0
703,0542_c0008_015.jpg,542,7,-1,True,150,8550,0.02880612152660728,0.0423728813559322,612,3540,0,0,0,0
704,0542_c0008_020.jpg,542,7,-1,True,150,8550,0.029279860442743805,0.043029259896729774,505,3486,0,0,0,0
705,0544_c0001_000.jpg,544,0,-1,True,150,8550,0.39615246973523527,0.16429353778751368,1,913,1,1,1,1
706,0544_c0001_005.jpg,544,0,-1,True,150,8550,0.4845792079127316,0.189873417721519,1,790,1,1,1,1
707,0544_c0001_010.jpg,544,0,-1,True,150,8550,0.23915502527023805,0.21008403361344538,6,714,0,0,1,1
708,0544_c0001_015.jpg,544,0,-1,True,150,8550,0.35658647561476975,0.17878426698450536,1,839,1,1,1,1
709,0544_c0001_020.jpg,544,0,-1,True,150,8550,0.18763028430868517,0.17123287671232876,16,876,0,0,0,1
710,0544_c0002_000.jpg,544,1,-1,True,150,8550,0.12331305644637278,0.11329305135951662,130,1324,0,0,0,0
711,0544_c0002_005.jpg,544,1,-1,True,150,8550,0.1264547666036606,0.11682242990654206,118,1284,0,0,0,0
712,0544_c0002_010.jpg,544,1,-1,True,150,8550,0.08540680221588967,0.09398496240601503,278,1596,0,0,0,0
713,0544_c0002_015.jpg,544,1,-1,True,150,8550,0.08904927072305306,0.09457755359394704,377,1586,0,0,0,0
714,0544_c0002_020.jpg,544,1,-1,True,150,8550,0.09254847842021155,0.0998003992015968,323,1503,0,0,0,0
715,0544_c0003_000.jpg,544,2,-1,True,150,8550,0.1964055452980171,0.17221584385763491,26,871,0,0,0,0
716,0544_c0003_005.jpg,544,2,-1,True,150,8550,0.2252543445386089,0.1770956316410862,11,847,0,0,0,1
717,0544_c0003_010.jpg,544,2,-1,True,150,8550,0.2098801681296676,0.16304347826086957,12,920,0,0,0,1
718,0544_c0003_015.jpg,544,2,-1,True,150,8550,0.2001210312104132,0.17064846416382254,36,879,0,0,0,0
719,0544_c0003_020.jpg,544,2,-1,True,150,8550,0.2428480482327941,0.18115942028985507,3,828,0,1,1,1
720,0544_c0005_000.jpg,544,4,-1,True,150,8550,0.3061021546352171,0.08660508083140878,1,1732,1,1,1,1
721,0544_c0005_005.jpg,544,4,-1,True,150,8550,0.22701937601341216,0.08792497069167643,12,1706,0,0,0,1
722,0544_c0005_010.jpg,544,4,-1,True,150,8550,0.293032259496096,0.09658725048293625,3,1553,0,1,1,1
723,0544_c0005_015.jpg,544,4,-1,True,150,8550,0.3321817092722118,0.09009009009009009,1,1665,1,1,1,1
724,0544_c0005_020.jpg,544,4,-1,True,150,8550,0.3203440165645801,0.09287925696594428,1,1615,1,1,1,1
725,0544_c0006_000.jpg,544,5,-1,True,150,8550,0.4102921975574882,0.31185031185031187,7,481,0,0,1,1
726,0544_c0006_005.jpg,544,5,-1,True,150,8550,0.4628605646615958,0.30364372469635625,2,494,0,1,1,1
727,0544_c0006_010.jpg,544,5,-1,True,150,8550,0.36890455258783894,0.32051282051282054,6,468,0,0,1,1
728,0544_c0006_015.jpg,544,5,-1,True,150,8550,0.3549828701490155,0.31185031185031187,8,481,0,0,1,1
729,0544_c0006_020.jpg,544,5,-1,True,150,8550,0.40215046966707474,0.32679738562091504,9,459,0,0,1,1
730,0544_c0007_000.jpg,544,6,-1,True,150,8550,0.3712927433894518,0.31315240083507306,45,479,0,0,0,0
731,0544_c0007_005.jpg,544,6,-1,True,150,8550,0.30164935472365956,0.28846153846153844,70,520,0,0,0,0
732,0544_c0007_010.jpg,544,6,-1,True,150,8550,0.37224923028162665,0.29411764705882354,45,510,0,0,0,0
733,0544_c0007_015.jpg,544,6,-1,True,150,8550,0.367797191819799,0.2918287937743191,46,514,0,0,0,0
734,0544_c0007_020.jpg,544,6,-1,True,150,8550,0.3933016515862166,0.29469548133595286,39,509,0,0,0,0
735,0544_c0008_000.jpg,544,7,-1,True,150,8550,0.39801272329252413,0.2640845070422535,14,568,0,0,0,1
736,0544_c0008_005.jpg,544,7,-1,True,150,8550,0.3945716579617493,0.2803738317757009,27,535,0,0,0,0
737,0544_c0008_010.jpg,544,7,-1,True,150,8550,0.38508843367635887,0.2702702702702703,36,555,0,0,0,0
738,0544_c0008_015.jpg,544,7,-1,True,150,8550,0.369254898148488,0.2,7,750,0,0,1,1
739,0544_c0008_020.jpg,544,7,-1,True,150,8550,0.3424008024821427,0.2148997134670487,10,698,0,0,1,1
740,0546_c0002_000.jpg,546,1,-1,True,75,8550,0.7328587693721403,0.2508361204013378,1,299,1,1,1,1
741,0546_c0002_005.jpg,546,1,-1,True,75,8550,0.7726561348581698,0.30991735537190085,1,242,1,1,1,1
742,0546_c0002_010.jpg,546,1,-1,True,75,8550,0.7282604272967317,0.2358490566037736,1,318,1,1,1,1
743,0546_c0002_015.jpg,546,1,-1,True,75,8550,0.711622718909193,0.20833333333333334,1,360,1,1,1,1
744,0546_c0002_020.jpg,546,1,-1,True,75,8550,0.7479435359483673,0.2533783783783784,1,296,1,1,1,1
745,0546_c0004_000.jpg,546,3,-1,True,75,8550,0.8802754421721853,0.423728813559322,1,177,1,1,1,1
746,0546_c0004_005.jpg,546,3,-1,True,75,8550,0.8650205515476757,0.4098360655737705,1,183,1,1,1,1
747,0546_c0004_010.jpg,546,3,-1,True,75,8550,0.851701156723162,0.3605769230769231,1,208,1,1,1,1
748,0546_c0004_015.jpg,546,3,-1,True,75,8550,0.8377861782326551,0.33482142857142855,1,224,1,1,1,1
749,0546_c0004_020.jpg,546,3,-1,True,75,8550,0.7822842362209393,0.2952755905511811,1,254,1,1,1,1
750,0546_c0007_000.jpg,546,6,-1,True,75,8550,0.776233358875915,0.2516778523489933,1,298,1,1,1,1
751,0546_c0007_005.jpg,546,6,-1,True,75,8550,0.783072429125867,0.22658610271903323,1,331,1,1,1,1
752,0546_c0007_010.jpg,546,6,-1,True,75,8550,0.8000021863982842,0.2918287937743191,1,257,1,1,1,1
753,0546_c0007_015.jpg,546,6,-1,True,75,8550,0.8078334535811881,0.3246753246753247,1,231,1,1,1,1
754,0546_c0007_020.jpg,546,6,-1,True,75,8550,0.7533255164222,0.2,1,375,1,1,1,1
755,0546_c0008_000.jpg,546,7,-1,True,75,8550,0.7044303819773524,0.1201923076923077,1,624,1,1,1,1
756,0546_c0008_005.jpg,546,7,-1,True,75,8550,0.7071293729630224,0.12908777969018934,1,581,1,1,1,1
757,0546_c0008_010.jpg,546,7,-1,True,75,8550,0.709339202083865,0.13274336283185842,1,565,1,1,1,1
758,0546_c0008_015.jpg,546,7,-1,True,75,8550,0.7080648834377414,0.12975778546712802,1,578,1,1,1,1
759,0546_c0008_020.jpg,546,7,-1,True,75,8550,0.7098959469539655,0.13368983957219252,1,561,1,1,1,1
760,0548_c0001_000.jpg,548,0,-1,True,125,8550,0.05470411982463873,0.025095362377032724,27,4981,0,0,0,0
761,0548_c0001_005.jpg,548,0,-1,True,125,8550,0.04612006452558419,0.024276558555059235,47,5149,0,0,0,0
762,0548_c0001_010.jpg,548,0,-1,True,125,8550,0.0770606465842667,0.026455026455026454,10,4725,0,0,1,1
763,0548_c0001_015.jpg,548,0,-1,True,125,8550,0.05522203867152656,0.024713325425069196,25,5058,0,0,0,0
764,0548_c0001_020.jpg,548,0,-1,True,125,8550,0.05527980301281348,0.02253876667868734,19,5546,0,0,0,1
765,0548_c0002_000.jpg,548,1,-1,True,125,8550,0.14060342217991545,0.06906077348066299,3,1810,0,1,1,1
766,0548_c0002_005.jpg,548,1,-1,True,125,8550,0.12180432356534095,0.039821599235425297,16,3139,0,0,0,1
767,0548_c0002_010.jpg,548,1,-1,True,125,8550,0.13969807696828387,0.04787437763309077,12,2611,0,0,0,1
768,0548_c0002_015.jpg,548,1,-1,True,125,8550,0.1098701849392975,0.054206418039895926,21,2306,0,0,0,0
769,0548_c0002_020.jpg,548,1,-1,True,125,8550,0.1672642101823895,0.05666364460562103,3,2206,0,1,1,1
770,0548_c0003_000.jpg,548,2,-1,True,125,8550,0.03372636995374743,0.01916590003066544,439,6522,0,0,0,0
771,0548_c0003_005.jpg,548,2,-1,True,125,8550,0.03372636995374743,0.01916590003066544,439,6522,0,0,0,0
772,0548_c0003_010.jpg,548,2,-1,True,125,8550,0.03372636995374743,0.01916590003066544,439,6522,0,0,0,0
773,0548_c0003_015.jpg,548,2,-1,True,125,8550,0.03372636995374743,0.01916590003066544,439,6522,0,0,0,0
774,0548_c0003_020.jpg,548,2,-1,True,125,8550,0.03372636995374743,0.01916590003066544,439,6522,0,0,0,0
775,0548_c0005_000.jpg,548,4,-1,True,125,8550,0.053683388980794555,0.04805843906189927,46,2601,0,0,0,0
776,0548_c0005_005.jpg,548,4,-1,True,125,8550,0.04731021004396802,0.04329754069968826,106,2887,0,0,0,0
777,0548_c0005_010.jpg,548,4,-1,True,125,8550,0.0399673229114821,0.0294811320754717,133,4240,0,0,0,0
778,0548_c0005_015.jpg,548,4,-1,True,125,8550,0.03523812070011173,0.027370264944164658,171,4567,0,0,0,0
779,0548_c0005_020.jpg,548,4,-1,True,125,8550,0.03848821215819402,0.035211267605633804,174,3550,0,0,0,0
780,0548_c0006_000.jpg,548,5,-1,True,125,8550,0.14235189924255892,0.04722327162825841,35,2647,0,0,0,0
781,0548_c0006_005.jpg,548,5,-1,True,125,8550,0.12005678647007677,0.05296610169491525,35,2360,0,0,0,0
782,0548_c0006_010.jpg,548,5,-1,True,125,8550,0.13929955653685747,0.04477077363896848,12,2792,0,0,0,1
783,0548_c0006_015.jpg,548,5,-1,True,125,8550,0.1459645841645634,0.042925824175824176,23,2912,0,0,0,0
784,0548_c0006_020.jpg,548,5,-1,True,125,8550,0.1674745815971409,0.04143188597944979,5,3017,0,1,1,1
785,0548_c0007_000.jpg,548,6,-1,True,125,8550,0.022392704259553104,0.018870772946859904,442,6624,0,0,0,0
786,0548_c0007_005.jpg,548,6,-1,True,125,8550,0.026339379198167014,0.019939384271813687,315,6269,0,0,0,0
787,0548_c0007_010.jpg,548,6,-1,True,125,8550,0.017793387894668316,0.018021914648212227,641,6936,0,0,0,0
788,0548_c0007_015.jpg,548,6,-1,True,125,8550,0.02208706343819018,0.018420277040966698,495,6786,0,0,0,0
789,0548_c0007_020.jpg,548,6,-1,True,125,8550,0.02049580636908829,0.018376947956483387,620,6802,0,0,0,0
790,0550_c0001_000.jpg,550,0,-1,True,175,8550,0.06516807242419038,0.041283321538098605,115,4239,0,0,0,0
791,0550_c0001_005.jpg,550,0,-1,True,175,8550,0.06112351093993111,0.03868258178603006,149,4524,0,0,0,0
792,0550_c0001_010.jpg,550,0,-1,True,175,8550,0.06113699391932455,0.03773178094006037,149,4638,0,0,0,0
793,0550_c0001_015.jpg,550,0,-1,True,175,8550,0.06689502653523473,0.03739316239316239,38,4680,0,0,0,0
794,0550_c0001_020.jpg,550,0,-1,True,175,8550,0.06016055774374989,0.03762631692109224,62,4651,0,0,0,0
795,0550_c0002_000.jpg,550,1,-1,True,175,8550,0.27696415623520554,0.03879405896696963,1,4511,1,1,1,1
796,0550_c0002_005.jpg,550,1,-1,True,175,8550,0.21105851274484752,0.03566333808844508,1,4907,1,1,1,1
797,0550_c0002_010.jpg,550,1,-1,True,175,8550,0.2108041877914656,0.036015641078411195,1,4859,1,1,1,1
798,0550_c0002_015.jpg,550,1,-1,True,175,8550,0.2665202017350607,0.038293216630196934,1,4570,1,1,1,1
799,0550_c0002_020.jpg,550,1,-1,True,175,8550,0.2858622601475817,0.03650396328744264,1,4794,1,1,1,1
800,0550_c0003_000.jpg,550,2,-1,True,175,8550,0.030289572979808922,0.02753303964757709,332,6356,0,0,0,0
801,0550_c0003_005.jpg,550,2,-1,True,175,8550,0.03391683107593594,0.029064939378840724,314,6021,0,0,0,0
802,0550_c0003_010.jpg,550,2,-1,True,175,8550,0.03130820679450518,0.028103420587762967,392,6227,0,0,0,0
803,0550_c0003_015.jpg,550,2,-1,True,175,8550,0.027110898293730135,0.02644703037630346,405,6617,0,0,0,0
804,0550_c0003_020.jpg,550,2,-1,True,175,8550,0.030910172348723383,0.027301092043681748,320,6410,0,0,0,0
805,0550_c0004_000.jpg,550,3,-1,True,175,8550,0.19260652846870077,0.06001371742112483,12,2916,0,0,0,1
806,0550_c0004_005.jpg,550,3,-1,True,175,8550,0.1643177733954679,0.04971590909090909,25,3520,0,0,0,0
807,0550_c0004_010.jpg,550,3,-1,True,175,8550,0.36170985807651845,0.06974890394579514,1,2509,1,1,1,1
808,0550_c0004_015.jpg,550,3,-1,True,175,8550,0.1931532717532515,0.055892686042797825,22,3131,0,0,0,0
809,0550_c0004_020.jpg,550,3,-1,True,175,8550,0.20098232687460219,0.054146039603960396,4,3232,0,1,1,1
810,0550_c0005_000.jpg,550,4,-1,True,175,8550,0.08345011996062324,0.03729752770673487,15,4692,0,0,0,1
811,0550_c0005_005.jpg,550,4,-1,True,175,8550,0.11259602242504367,0.04998571836618109,2,3501,0,1,1,1
812,0550_c0005_010.jpg,550,4,-1,True,175,8550,0.13441140812074645,0.050621926525889496,2,3457,0,1,1,1
813,0550_c0005_015.jpg,550,4,-1,True,175,8550,0.1684222816135391,0.06666666666666667,1,2625,1,1,1,1
814,0550_c0005_020.jpg,550,4,-1,True,175,8550,0.1304676427829577,0.054330953120149024,3,3221,0,1,1,1
815,0550_c0006_000.jpg,550,5,-1,True,175,8550,0.3121170013766545,0.057152188112344876,1,3062,1,1,1,1
816,0550_c0006_005.jpg,550,5,-1,True,175,8550,0.32510053081393736,0.0548073911681804,1,3193,1,1,1,1
817,0550_c0006_010.jpg,550,5,-1,True,175,8550,0.30617627258200253,0.05841121495327103,1,2996,1,1,1,1
818,0550_c0006_015.jpg,550,5,-1,True,175,8550,0.2865224766506014,0.06761978361669242,1,2588,1,1,1,1
819,0550_c0006_020.jpg,550,5,-1,True,175,8550,0.27872322286688367,0.06059556786703601,1,2888,1,1,1,1
820,0550_c0007_000.jpg,550,6,-1,True,175,8550,0.4370199674733385,0.06583897667419113,1,2658,1,1,1,1
821,0550_c0007_005.jpg,550,6,-1,True,175,8550,0.3589204224619912,0.07079288025889968,1,2472,1,1,1,1
822,0550_c0007_010.jpg,550,6,-1,True,175,8550,0.38551123428168627,0.06927949326999208,1,2526,1,1,1,1
823,0550_c0007_015.jpg,550,6,-1,True,175,8550,0.36576279834566217,0.07073565076798706,1,2474,1,1,1,1
824,0550_c0007_020.jpg,550,6,-1,True,175,8550,0.3815480515276725,0.06488691138301816,1,2697,1,1,1,1
825,0550_c0008_000.jpg,550,7,-1,True,175,8550,0.4444148327140259,0.07530120481927711,1,2324,1,1,1,1
826,0550_c0008_005.jpg,550,7,-1,True,175,8550,0.37611686521887144,0.0748502994011976,1,2338,1,1,1,1
827,0550_c0008_010.jpg,550,7,-1,True,175,8550,0.40769362519858354,0.0765194578049847,1,2287,1,1,1,1
828,0550_c0008_015.jpg,550,7,-1,True,175,8550,0.3852716595971989,0.08113120074177098,1,2157,1,1,1,1
829,0550_c0008_020.jpg,550,7,-1,True,175,8550,0.380398383919349,0.07819481680071493,1,2238,1,1,1,1
830,0552_c0001_000.jpg,552,0,-1,True,175,8550,0.2132118166945471,0.10856079404466501,13,1612,0,0,0,1
831,0552_c0001_005.jpg,552,0,-1,True,175,8550,0.1665552872439573,0.09249471458773785,11,1892,0,0,0,1
832,0552_c0001_010.jpg,552,0,-1,True,175,8550,0.1834132687347166,0.09313464608834486,12,1879,0,0,0,1
833,0552_c0001_015.jpg,552,0,-1,True,175,8550,0.19199365511707095,0.10324483775811209,20,1695,0,0,0,1
834,0552_c0001_020.jpg,552,0,-1,True,175,8550,0.08042810684939693,0.07157464212678936,100,2445,0,0,0,0
835,0552_c0002_000.jpg,552,1,-1,True,175,8550,0.2107594163436803,0.07501071581654523,8,2333,0,0,1,1
836,0552_c0002_005.jpg,552,1,-1,True,175,8550,0.208399986822085,0.06370586093920641,2,2747,0,1,1,1
837,0552_c0002_010.jpg,552,1,-1,True,175,8550,0.23092140119756502,0.07122507122507123,3,2457,0,1,1,1
838,0552_c0002_015.jpg,552,1,-1,True,175,8550,0.22723072316495566,0.07851054284432481,1,2229,1,1,1,1
839,0552_c0002_020.jpg,552,1,-1,True,175,8550,0.16919785857414707,0.05948334466349422,5,2942,0,1,1,1
840,0552_c0003_000.jpg,552,2,-1,True,175,8550,0.13183803558583276,0.12662807525325614,141,1382,0,0,0,0
841,0552_c0003_005.jpg,552,2,-1,True,175,8550,0.12896613808786814,0.1003440366972477,152,1744,0,0,0,0
842,0552_c0003_010.jpg,552,2,-1,True,175,8550,0.10803853693389702,0.08842849924204144,187,1979,0,0,0,0
843,0552_c0003_015.jpg,552,2,-1,True,175,8550,0.1091402094802051,0.089058524173028,199,1965,0,0,0,0
844,0552_c0003_020.jpg,552,2,-1,True,175,8550,0.09910572068612122,0.0794010889292196,211,2204,0,0,0,0
845,0552_c0004_000.jpg,552,3,-1,True,175,8550,0.07819496047982144,0.06030323914541695,164,2902,0,0,0,0
846,0552_c0004_005.jpg,552,3,-1,True,175,8550,0.07671607466557565,0.05839172505839173,140,2997,0,0,0,0
847,0552_c0004_010.jpg,552,3,-1,True,175,8550,0.13873455795148418,0.078971119133574,59,2216,0,0,0,0
848,0552_c0004_015.jpg,552,3,-1,True,175,8550,0.10337083088266431,0.05846976277981958,81,2993,0,0,0,0
849,0552_c0004_020.jpg,552,3,-1,True,175,8550,0.10596722804038616,0.06710122699386503,71,2608,0,0,0,0
850,0552_c0005_000.jpg,552,4,-1,True,175,8550,0.21741683523455244,0.17641129032258066,26,992,0,0,0,0
851,0552_c0005_005.jpg,552,4,-1,True,175,8550,0.20413093960155923,0.14498757249378624,23,1207,0,0,0,0
852,0552_c0005_010.jpg,552,4,-1,True,175,8550,0.17185969830287495,0.15164644714038128,38,1154,0,0,0,0
853,0552_c0005_015.jpg,552,4,-1,True,175,8550,0.11738336569634027,0.09495387954422138,73,1843,0,0,0,0
854,0552_c0005_020.jpg,552,4,-1,True,175,8550,0.09599379068071581,0.07047925896093435,88,2483,0,0,0,0
855,0552_c0006_000.jpg,552,5,-1,True,175,8550,0.13897386459434602,0.06445672191528545,41,2715,0,0,0,0
856,0552_c0006_005.jpg,552,5,-1,True,175,8550,0.14793073502824877,0.06601282534892493,27,2651,0,0,0,0
857,0552_c0006_010.jpg,552,5,-1,True,175,8550,0.13009012329560035,0.06546950991395435,55,2673,0,0,0,0
858,0552_c0006_015.jpg,552,5,-1,True,175,8550,0.13293001185095701,0.06613756613756613,65,2646,0,0,0,0
859,0552_c0006_020.jpg,552,5,-1,True,175,8550,0.14524350283524595,0.06554307116104868,42,2670,0,0,0,0
860,0552_c0007_000.jpg,552,6,-1,True,175,8550,0.29835941010970235,0.10677242220866381,25,1639,0,0,0,0
861,0552_c0007_005.jpg,552,6,-1,True,175,8550,0.28037561692261637,0.11054958938723942,25,1583,0,0,0,0
862,0552_c0007_010.jpg,552,6,-1,True,175,8550,0.2614016560434031,0.1206064782908339,29,1451,0,0,0,0
863,0552_c0007_015.jpg,552,6,-1,True,175,8550,0.20434962206434468,0.09749303621169916,36,1795,0,0,0,0
864,0552_c0007_020.jpg,552,6,-1,True,175,8550,0.062499258296916244,0.04216867469879518,183,4150,0,0,0,0
865,0552_c0008_000.jpg,552,7,-1,True,175,8550,0.325247874840482,0.08353221957040573,1,2095,1,1,1,1
866,0552_c0008_005.jpg,552,7,-1,True,175,8550,0.31130042936641683,0.09620670698185817,1,1819,1,1,1,1
867,0552_c0008_010.jpg,552,7,-1,True,175,8550,0.32465091079730096,0.08143322475570032,1,2149,1,1,1,1
868,0552_c0008_015.jpg,552,7,-1,True,175,8550,0.33900317505078703,0.08684863523573201,1,2015,1,1,1,1
869,0552_c0008_020.jpg,552,7,-1,True,175,8550,0.3421232617556738,0.09011328527291453,1,1942,1,1,1,1
870,0554_c0001_000.jpg,554,0,-1,True,150,8550,0.10799282313836017,0.0708215297450425,129,2118,0,0,0,0
871,0554_c0001_005.jpg,554,0,-1,True,150,8550,0.10752620395364881,0.07062146892655367,130,2124,0,0,0,0
872,0554_c0001_010.jpg,554,0,-1,True,150,8550,0.10752620395364881,0.07062146892655367,130,2124,0,0,0,0
873,0554_c0001_015.jpg,554,0,-1,True,150,8550,0.10752620395364881,0.07062146892655367,130,2124,0,0,0,0
874,0554_c0001_020.jpg,554,0,-1,True,150,8550,0.10752620395364881,0.07062146892655367,130,2124,0,0,0,0
875,0554_c0002_000.jpg,554,1,-1,True,150,8550,0.13849980623001873,0.06268282490597576,48,2393,0,0,0,0
876,0554_c0002_005.jpg,554,1,-1,True,150,8550,0.1424988373420792,0.06345177664974619,46,2364,0,0,0,0
877,0554_c0002_010.jpg,554,1,-1,True,150,8550,0.1424988373420792,0.06345177664974619,46,2364,0,0,0,0
878,0554_c0002_015.jpg,554,1,-1,True,150,8550,0.1424988373420792,0.06345177664974619,46,2364,0,0,0,0
879,0554_c0002_020.jpg,554,1,-1,True,150,8550,0.1424988373420792,0.06345177664974619,46,2364,0,0,0,0
880,0554_c0003_000.jpg,554,2,-1,True,150,8550,0.7061774074115765,0.22590361445783133,1,664,1,1,1,1
881,0554_c0003_005.jpg,554,2,-1,True,150,8550,0.7045244217580411,0.22727272727272727,1,660,1,1,1,1
882,0554_c0003_010.jpg,554,2,-1,True,150,8550,0.7045244217580411,0.22727272727272727,1,660,1,1,1,1
883,0554_c0003_015.jpg,554,2,-1,True,150,8550,0.7045244217580411,0.22727272727272727,1,660,1,1,1,1
884,0554_c0003_020.jpg,554,2,-1,True,150,8550,0.7045244217580411,0.22727272727272727,1,660,1,1,1,1
885,0554_c0005_000.jpg,554,4,-1,True,150,8550,0.5349195646044469,0.15274949083503056,1,982,1,1,1,1
886,0554_c0005_005.jpg,554,4,-1,True,150,8550,0.5383741225882147,0.15182186234817813,1,988,1,1,1,1
887,0554_c0005_010.jpg,554,4,-1,True,150,8550,0.5383741225882147,0.15182186234817813,1,988,1,1,1,1
888,0554_c0005_015.jpg,554,4,-1,True,150,8550,0.5370668181622248,0.15166835187057634,1,989,1,1,1,1
889,0554_c0005_020.jpg,554,4,-1,True,150,8550,0.5383741225882147,0.15182186234817813,1,988,1,1,1,1
890,0554_c0006_000.jpg,554,5,-1,True,150,8550,0.6455076368669003,0.20270270270270271,1,740,1,1,1,1
891,0554_c0006_005.jpg,554,5,-1,True,150,8550,0.6036576094467058,0.2074688796680498,1,723,1,1,1,1
892,0554_c0006_010.jpg,554,5,-1,True,150,8550,0.6036576094467058,0.2074688796680498,1,723,1,1,1,1
893,0554_c0006_015.jpg,554,5,-1,True,150,8550,0.6036576094467058,0.2074688796680498,1,723,1,1,1,1
894,0554_c0006_020.jpg,554,5,-1,True,150,8550,0.6036576094467058,0.2074688796680498,1,723,1,1,1,1
895,0554_c0007_000.jpg,554,6,-1,True,150,8550,0.17356222343672253,0.14450867052023122,51,1038,0,0,0,0
896,0554_c0007_005.jpg,554,6,-1,True,150,8550,0.1763963555216442,0.146484375,48,1024,0,0,0,0
897,0554_c0007_010.jpg,554,6,-1,True,150,8550,0.1763963555216442,0.146484375,48,1024,0,0,0,0
898,0554_c0007_015.jpg,554,6,-1,True,150,8550,0.1763963555216442,0.146484375,48,1024,0,0,0,0
899,0554_c0007_020.jpg,554,6,-1,True,150,8550,0.1763963555216442,0.146484375,48,1024,0,0,0,0
900,0554_c0008_000.jpg,554,7,-1,True,150,8550,0.546458544304675,0.11127596439169139,1,1348,1,1,1,1
901,0554_c0008_005.jpg,554,7,-1,True,150,8550,0.5361487921532576,0.11061946902654868,1,1356,1,1,1,1
902,0554_c0008_010.jpg,554,7,-1,True,150,8550,0.5361487921532576,0.11061946902654868,1,1356,1,1,1,1
903,0554_c0008_015.jpg,554,7,-1,True,150,8550,0.5361487921532576,0.11061946902654868,1,1356,1,1,1,1
904,0554_c0008_020.jpg,554,7,-1,True,150,8550,0.5361487921532576,0.11061946902654868,1,1356,1,1,1,1
905,0556_c0001_000.jpg,556,0,-1,True,175,8550,0.058045714299726714,0.04373906523369158,150,4001,0,0,0,0
906,0556_c0001_005.jpg,556,0,-1,True,175,8550,0.05354102554736198,0.042662116040955635,243,4102,0,0,0,0
907,0556_c0001_010.jpg,556,0,-1,True,175,8550,0.054030789241706755,0.0432205482835268,241,4049,0,0,0,0
908,0556_c0001_015.jpg,556,0,-1,True,175,8550,0.05640843946185013,0.04504504504504504,274,3885,0,0,0,0
909,0556_c0001_020.jpg,556,0,-1,True,175,8550,0.044064485445151944,0.04184600669536107,393,4182,0,0,0,0
910,0556_c0002_000.jpg,556,1,-1,True,175,8550,0.038527936135717034,0.04182600382409178,772,4184,0,0,0,0
911,0556_c0002_005.jpg,556,1,-1,True,175,8550,0.11739373012228198,0.059002022926500336,37,2966,0,0,0,0
912,0556_c0002_010.jpg,556,1,-1,True,175,8550,0.1851037534650847,0.08162313432835822,26,2144,0,0,0,0
913,0556_c0002_015.jpg,556,1,-1,True,175,8550,0.1256259387137594,0.05128956623681125,110,3412,0,0,0,0
914,0556_c0002_020.jpg,556,1,-1,True,175,8550,0.11802465226349194,0.05027291008330939,114,3481,0,0,0,0
915,0556_c0003_000.jpg,556,2,-1,True,175,8550,0.17397566384410965,0.0708502024291498,103,2470,0,0,0,0
916,0556_c0003_005.jpg,556,2,-1,True,175,8550,0.16092487376775685,0.06720430107526881,91,2604,0,0,0,0
917,0556_c0003_010.jpg,556,2,-1,True,175,8550,0.27563355694163555,0.08357211079274117,32,2094,0,0,0,0
918,0556_c0003_015.jpg,556,2,-1,True,175,8550,0.22996387134140556,0.0908147379346134,35,1927,0,0,0,0
919,0556_c0003_020.jpg,556,2,-1,True,175,8550,0.28296976687688496,0.08321445553970519,30,2103,0,0,0,0
920,0556_c0004_000.jpg,556,3,-1,True,175,8550,0.10296440755333723,0.06851996867658575,182,2554,0,0,0,0
921,0556_c0004_005.jpg,556,3,-1,True,175,8550,0.11974653470947713,0.0735603194619588,106,2379,0,0,0,0
922,0556_c0004_010.jpg,556,3,-1,True,175,8550,0.13489398306140535,0.068762278978389,130,2545,0,0,0,0
923,0556_c0004_015.jpg,556,3,-1,True,175,8550,0.1355516960484569,0.06969334926324174,136,2511,0,0,0,0
924,0556_c0004_020.jpg,556,3,-1,True,175,8550,0.10871778100153197,0.07276507276507277,167,2405,0,0,0,0
925,0556_c0005_000.jpg,556,4,-1,True,175,8550,0.14588952996757257,0.06785575804575417,25,2579,0,0,0,0
926,0556_c0005_005.jpg,556,4,-1,True,175,8550,0.16068937908809733,0.07602085143353605,18,2302,0,0,0,1
927,0556_c0005_010.jpg,556,4,-1,True,175,8550,0.16768477984882565,0.07911392405063292,49,2212,0,0,0,0
928,0556_c0005_015.jpg,556,4,-1,True,175,8550,0.22371759708247477,0.09338313767342583,8,1874,0,0,1,1
929,0556_c0005_020.jpg,556,4,-1,True,175,8550,0.19190314307099884,0.07204610951008646,36,2429,0,0,0,0
930,0556_c0006_000.jpg,556,5,-1,True,175,8550,0.2339636751360016,0.11312217194570136,57,1547,0,0,0,0
931,0556_c0006_005.jpg,556,5,-1,True,175,8550,0.2877701560580004,0.15541740674955595,28,1126,0,0,0,0
932,0556_c0006_010.jpg,556,5,-1,True,175,8550,0.3839377900235978,0.15638963360142985,5,1119,0,1,1,1
933,0556_c0006_015.jpg,556,5,-1,True,175,8550,0.25767086907777365,0.11013215859030837,44,1589,0,0,0,0
934,0556_c0006_020.jpg,556,5,-1,True,175,8550,0.3685617852806557,0.14644351464435146,5,1195,0,1,1,1
935,0556_c0007_000.jpg,556,6,-1,True,175,8550,0.6510612435644542,0.1550044286979628,1,1129,1,1,1,1
936,0556_c0007_005.jpg,556,6,-1,True,175,8550,0.718622297815309,0.15597147950089127,1,1122,1,1,1,1
937,0556_c0007_010.jpg,556,6,-1,True,175,8550,0.7697085531662294,0.21367521367521367,1,819,1,1,1,1
938,0556_c0007_015.jpg,556,6,-1,True,175,8550,0.7493905371205201,0.1604032997250229,1,1091,1,1,1,1
939,0556_c0007_020.jpg,556,6,-1,True,175,8550,0.7619432946674447,0.16940948693126814,1,1033,1,1,1,1
940,0556_c0008_000.jpg,556,7,-1,True,175,8550,0.579551204119381,0.2147239263803681,1,815,1,1,1,1
941,0556_c0008_005.jpg,556,7,-1,True,175,8550,0.3145840301613696,0.1001717229536348,21,1747,0,0,0,0
942,0556_c0008_010.jpg,556,7,-1,True,175,8550,0.34392662927913487,0.10300176574455562,19,1699,0,0,0,1
943,0556_c0008_015.jpg,556,7,-1,True,175,8550,0.3144300828296558,0.09943181818181818,30,1760,0,0,0,0
944,0556_c0008_020.jpg,556,7,-1,True,175,8550,0.5321727149059298,0.13812154696132597,1,1267,1,1,1,1
945,0558_c0001_000.jpg,558,0,-1,True,175,8550,0.06597903641026925,0.0425376762275158,102,4114,0,0,0,0
946,0558_c0001_005.jpg,558,0,-1,True,175,8550,0.093038069530949,0.045466354897375945,16,3849,0,0,0,1
947,0558_c0001_010.jpg,558,0,-1,True,175,8550,0.16040997219740843,0.04964539007092199,2,3525,0,1,1,1
948,0558_c0001_015.jpg,558,0,-1,True,175,8550,0.07605268339828573,0.057889513728084686,62,3023,0,0,0,0
949,0558_c0001_020.jpg,558,0,-1,True,175,8550,0.059595643580457505,0.0587248322147651,149,2980,0,0,0,0
950,0558_c0002_000.jpg,558,1,-1,True,175,8550,0.1264041506985245,0.028349262919164103,9,6173,0,0,1,1
951,0558_c0002_005.jpg,558,1,-1,True,175,8550,0.11961329020358456,0.02956580503463423,8,5919,0,0,1,1
952,0558_c0002_010.jpg,558,1,-1,True,175,8550,0.07571397406631399,0.0280808729139923,46,6232,0,0,0,0
953,0558_c0002_015.jpg,558,1,-1,True,175,8550,0.08327070775145959,0.028983106989069227,12,6038,0,0,0,1
954,0558_c0002_020.jpg,558,1,-1,True,175,8550,0.08596784344919056,0.0277337559429477,22,6310,0,0,0,0
955,0558_c0003_000.jpg,558,2,-1,True,175,8550,0.06749656042450372,0.026010701545778836,58,6728,0,0,0,0
956,0558_c0003_005.jpg,558,2,-1,True,175,8550,0.0523918962395693,0.02531462462028063,70,6913,0,0,0,0
957,0558_c0003_010.jpg,558,2,-1,True,175,8550,0.062276159164508724,0.025201612903225805,55,6944,0,0,0,0
958,0558_c0003_015.jpg,558,2,-1,True,175,8550,0.07881140981962224,0.02736085053158224,9,6396,0,0,1,1
959,0558_c0003_020.jpg,558,2,-1,True,175,8550,0.08431444918220463,0.028557441253263708,9,6128,0,0,1,1
960,0558_c0004_000.jpg,558,3,-1,True,175,8550,0.15080151404802378,0.06299496040316775,27,2778,0,0,0,0
961,0558_c0004_005.jpg,558,3,-1,True,175,8550,0.14934472489280542,0.05948334466349422,35,2942,0,0,0,0
962,0558_c0004_010.jpg,558,3,-1,True,175,8550,0.12890533274310628,0.05148573109738158,34,3399,0,0,0,0
963,0558_c0004_015.jpg,558,3,-1,True,175,8550,0.1060668237684178,0.04354316994277183,33,4019,0,0,0,0
964,0558_c0004_020.jpg,558,3,-1,True,175,8550,0.11061187661401407,0.04275592474957244,24,4093,0,0,0,0
965,0558_c0005_000.jpg,558,4,-1,True,175,8550,0.08309891925043834,0.030224525043177894,124,5790,0,0,0,0
966,0558_c0005_005.jpg,558,4,-1,True,175,8550,0.07125322506788716,0.03259452411994785,283,5369,0,0,0,0
967,0558_c0005_010.jpg,558,4,-1,True,175,8550,0.06784524692502532,0.03215138710270072,276,5443,0,0,0,0
968,0558_c0005_015.jpg,558,4,-1,True,175,8550,0.06769851255828578,0.03189356661199198,282,5487,0,0,0,0
969,0558_c0005_020.jpg,558,4,-1,True,175,8550,0.07256040130425477,0.029635901778154106,246,5905,0,0,0,0
970,0558_c0006_000.jpg,558,5,-1,True,175,8550,0.09780877322324012,0.05241090146750524,135,3339,0,0,0,0
971,0558_c0006_005.jpg,558,5,-1,True,175,8550,0.09824566842989636,0.046879185641575144,53,3733,0,0,0,0
972,0558_c0006_010.jpg,558,5,-1,True,175,8550,0.11304561526744242,0.049730036942313156,107,3519,0,0,0,0
973,0558_c0006_015.jpg,558,5,-1,True,175,8550,0.12273616802593344,0.05192878338278932,41,3370,0,0,0,0
974,0558_c0006_020.jpg,558,5,-1,True,175,8550,0.13003439600054956,0.06429096252755327,64,2722,0,0,0,0
975,0558_c0007_000.jpg,558,6,-1,True,175,8550,0.0741140386346118,0.03912363067292645,124,4473,0,0,0,0
976,0558_c0007_005.jpg,558,6,-1,True,175,8550,0.06406093183382436,0.039334681951000226,159,4449,0,0,0,0
977,0558_c0007_010.jpg,558,6,-1,True,175,8550,0.07827405800776151,0.04062209842154132,116,4308,0,0,0,0
978,0558_c0007_015.jpg,558,6,-1,True,175,8550,0.09027413142149635,0.051775147928994084,82,3380,0,0,0,0
979,0558_c0007_020.jpg,558,6,-1,True,175,8550,0.10952172662898355,0.053353658536585365,44,3280,0,0,0,0
980,0558_c0008_000.jpg,558,7,-1,True,175,8550,0.12218466380120539,0.04360827311238475,47,4013,0,0,0,0
981,0558_c0008_005.jpg,558,7,-1,True,175,8550,0.09731296575009886,0.03556187766714083,116,4921,0,0,0,0
982,0558_c0008_010.jpg,558,7,-1,True,175,8550,0.12152467501919262,0.037489288774635816,59,4668,0,0,0,0
983,0558_c0008_015.jpg,558,7,-1,True,175,8550,0.1137296441730161,0.03913237924865832,15,4472,0,0,0,1
984,0558_c0008_020.jpg,558,7,-1,True,175,8550,0.09153031972460349,0.04038772213247173,67,4333,0,0,0,0
985,0560_c0001_000.jpg,560,0,-1,True,150,8550,0.8289578359518203,0.5454545454545454,1,275,1,1,1,1
986,0560_c0001_005.jpg,560,0,-1,True,150,8550,0.8465012404769212,0.6,1,250,1,1,1,1
987,0560_c0001_010.jpg,560,0,-1,True,150,8550,0.8434402302596351,0.5454545454545454,1,275,1,1,1,1
988,0560_c0001_015.jpg,560,0,-1,True,150,8550,0.8449943746173081,0.6,1,250,1,1,1,1
989,0560_c0001_020.jpg,560,0,-1,True,150,8550,0.8692849272687575,0.5454545454545454,1,275,1,1,1,1
990,0560_c0002_000.jpg,560,1,-1,True,150,8550,0.9371768015844861,0.6666666666666666,1,225,1,1,1,1
991,0560_c0002_005.jpg,560,1,-1,True,150,8550,0.911859514203147,0.6410256410256411,1,234,1,1,1,1
992,0560_c0002_010.jpg,560,1,-1,True,150,8550,0.9387710700092309,0.6666666666666666,1,225,1,1,1,1
993,0560_c0002_015.jpg,560,1,-1,True,150,8550,0.8995505439919466,0.6072874493927125,1,247,1,1,1,1
994,0560_c0002_020.jpg,560,1,-1,True,150,8550,0.8760897661568331,0.6024096385542169,1,249,1,1,1,1
995,0560_c0003_000.jpg,560,2,-1,True,150,8550,0.8927368260513854,0.6,1,250,1,1,1,1
996,0560_c0003_005.jpg,560,2,-1,True,150,8550,0.8123550194841997,0.5067567567567568,1,296,1,1,1,1
997,0560_c0003_010.jpg,560,2,-1,True,150,8550,0.6935516638914944,0.45592705167173253,1,329,1,1,1,1
998,0560_c0003_015.jpg,560,2,-1,True,150,8550,0.7337525681297103,0.5016722408026756,1,299,1,1,1,1
999,0560_c0003_020.jpg,560,2,-1,True,150,8550,0.7372168996044521,0.46875,1,320,1,1,1,1
1000,0560_c0005_000.jpg,560,4,-1,True,150,8550,0.9857549918187427,0.6666666666666666,1,225,1,1,1,1
1001,0560_c0005_005.jpg,560,4,-1,True,150,8550,1.0,1.0,1,150,1,1,1,1
1002,0560_c0005_010.jpg,560,4,-1,True,150,8550,1.0,1.0,1,150,1,1,1,1
1003,0560_c0005_015.jpg,560,4,-1,True,150,8550,1.0,1.0,1,150,1,1,1,1
1004,0560_c0005_020.jpg,560,4,-1,True,150,8550,0.9999558498896247,0.9933774834437086,1,151,1,1,1,1
1005,0560_c0006_000.jpg,560,5,-1,True,150,8550,0.9887354806037763,0.6666666666666666,1,225,1,1,1,1
1006,0560_c0006_005.jpg,560,5,-1,True,150,8550,0.992179372640602,0.6666666666666666,1,225,1,1,1,1
1007,0560_c0006_010.jpg,560,5,-1,True,150,8550,0.9477716172741051,0.6666666666666666,1,225,1,1,1,1
1008,0560_c0006_015.jpg,560,5,-1,True,150,8550,0.9713490950794346,0.6666666666666666,1,225,1,1,1,1
1009,0560_c0006_020.jpg,560,5,-1,True,150,8550,0.9440525786363307,0.6521739130434783,1,230,1,1,1,1
1010,0560_c0007_000.jpg,560,6,-1,True,150,8550,1.0,1.0,1,150,1,1,1,1
1011,0560_c0007_005.jpg,560,6,-1,True,150,8550,1.0,1.0,1,150,1,1,1,1
1012,0560_c0007_010.jpg,560,6,-1,True,150,8550,0.9909880355466233,0.6912442396313364,1,217,1,1,1,1
1013,0560_c0007_015.jpg,560,6,-1,True,150,8550,0.9997849462365591,0.967741935483871,1,155,1,1,1,1
1014,0560_c0007_020.jpg,560,6,-1,True,150,8550,0.999321357285429,0.8982035928143712,1,167,1,1,1,1
1015,0560_c0008_000.jpg,560,7,-1,True,150,8550,0.9316661103301306,0.5208333333333334,1,288,1,1,1,1
1016,0560_c0008_005.jpg,560,7,-1,True,150,8550,0.9422054342700854,0.5535055350553506,1,271,1,1,1,1
1017,0560_c0008_010.jpg,560,7,-1,True,150,8550,0.9627167105900379,0.6097560975609756,1,246,1,1,1,1
1018,0560_c0008_015.jpg,560,7,-1,True,150,8550,0.9848069450225508,0.6818181818181818,1,220,1,1,1,1
1019,0560_c0008_020.jpg,560,7,-1,True,150,8550,0.9431265533170797,0.5681818181818182,1,264,1,1,1,1
1020,0562_c0001_000.jpg,562,0,-1,True,50,8550,0.023697793782343397,0.02297794117647059,217,2176,0,0,0,0
1021,0562_c0001_005.jpg,562,0,-1,True,50,8550,0.03212624887647576,0.028026905829596414,145,1784,0,0,0,0
1022,0562_c0001_010.jpg,562,0,-1,True,50,8550,0.034216763222029906,0.028425241614553724,143,1759,0,0,0,0
1023,0562_c0001_015.jpg,562,0,-1,True,50,8550,0.03103883268282611,0.028153153153153154,172,1776,0,0,0,0
1024,0562_c0001_020.jpg,562,0,-1,True,50,8550,0.14460612501661654,0.050200803212851405,7,996,0,0,1,1
1025,0562_c0003_000.jpg,562,2,-1,True,50,8550,0.14929673324636072,0.03117206982543641,21,1604,0,0,0,0
1026,0562_c0003_005.jpg,562,2,-1,True,50,8550,0.11011570111868307,0.025050100200400802,34,1996,0,0,0,0
1027,0562_c0003_010.jpg,562,2,-1,True,50,8550,0.10651281641818544,0.021468441391155002,38,2329,0,0,0,0
1028,0562_c0003_015.jpg,562,2,-1,True,50,8550,0.11185765713361487,0.022686025408348458,29,2204,0,0,0,0
1029,0562_c0003_020.jpg,562,2,-1,True,50,8550,0.09814053043861444,0.02281021897810219,39,2192,0,0,0,0
1030,0562_c0005_000.jpg,562,4,-1,True,50,8550,0.05011385650926969,0.043706293706293704,122,1144,0,0,0,0
1031,0562_c0005_005.jpg,562,4,-1,True,50,8550,0.05032025029018459,0.04625346901017576,128,1081,0,0,0,0
1032,0562_c0005_010.jpg,562,4,-1,True,50,8550,0.04743222687157224,0.039619651347068144,121,1262,0,0,0,0
1033,0562_c0005_015.jpg,562,4,-1,True,50,8550,0.04308098984537045,0.042265426880811495,163,1183,0,0,0,0
1034,0562_c0005_020.jpg,562,4,-1,True,50,8550,0.042129559687938585,0.034818941504178275,148,1436,0,0,0,0
1035,0564_c0001_000.jpg,564,0,-1,True,150,8550,1.0,1.0,1,150,1,1,1,1
1036,0564_c0001_005.jpg,564,0,-1,True,150,8550,1.0,1.0,1,150,1,1,1,1
1037,0564_c0001_010.jpg,564,0,-1,True,150,8550,1.0,1.0,1,150,1,1,1,1
1038,0564_c0001_015.jpg,564,0,-1,True,150,8550,1.0,1.0,1,150,1,1,1,1
1039,0564_c0001_020.jpg,564,0,-1,True,150,8550,1.0,1.0,1,150,1,1,1,1
1040,0564_c0002_000.jpg,564,1,-1,True,150,8550,0.8768671629573733,0.684931506849315,1,219,1,1,1,1
1041,0564_c0002_005.jpg,564,1,-1,True,150,8550,0.8976867959074862,0.7352941176470589,1,204,1,1,1,1
1042,0564_c0002_010.jpg,564,1,-1,True,150,8550,0.9118645209719775,0.78125,1,192,1,1,1,1
1043,0564_c0002_015.jpg,564,1,-1,True,150,8550,0.8642500259391477,0.672645739910314,1,223,1,1,1,1
1044,0564_c0002_020.jpg,564,1,-1,True,150,8550,0.8631819221702244,0.6437768240343348,1,233,1,1,1,1
1045,0564_c0004_000.jpg,564,3,-1,True,150,8550,0.9689756449331204,0.6818181818181818,1,220,1,1,1,1
1046,0564_c0004_005.jpg,564,3,-1,True,150,8550,0.9907186847294618,0.7936507936507936,1,189,1,1,1,1
1047,0564_c0004_010.jpg,564,3,-1,True,150,8550,0.9383033843741847,0.5576208178438662,1,269,1,1,1,1
1048,0564_c0004_015.jpg,564,3,-1,True,150,8550,0.9863535292178082,0.8670520231213873,1,173,1,1,1,1
1049,0564_c0004_020.jpg,564,3,-1,True,150,8550,0.9940531368410412,0.8928571428571429,1,168,1,1,1,1
1050,0564_c0005_000.jpg,564,4,-1,True,150,8550,1.0,1.0,1,150,1,1,1,1
1051,0564_c0005_005.jpg,564,4,-1,True,150,8550,1.0,1.0,1,150,1,1,1,1
1052,0564_c0005_010.jpg,564,4,-1,True,150,8550,1.0,1.0,1,150,1,1,1,1
1053,0564_c0005_015.jpg,564,4,-1,True,150,8550,1.0,1.0,1,150,1,1,1,1
1054,0564_c0005_020.jpg,564,4,-1,True,150,8550,1.0,1.0,1,150,1,1,1,1
1055,0564_c0006_000.jpg,564,5,-1,True,150,8550,1.0,1.0,1,150,1,1,1,1
1056,0564_c0006_005.jpg,564,5,-1,True,150,8550,1.0,1.0,1,150,1,1,1,1
1057,0564_c0006_010.jpg,564,5,-1,True,150,8550,1.0,1.0,1,150,1,1,1,1
1058,0564_c0006_015.jpg,564,5,-1,True,150,8550,1.0,1.0,1,150,1,1,1,1
1059,0564_c0006_020.jpg,564,5,-1,True,150,8550,1.0,1.0,1,150,1,1,1,1
1060,0564_c0007_000.jpg,564,6,-1,True,150,8550,0.9827479735641642,0.8875739644970414,1,169,1,1,1,1
1061,0564_c0007_005.jpg,564,6,-1,True,150,8550,0.9965403710569516,0.8875739644970414,1,169,1,1,1,1
1062,0564_c0007_010.jpg,564,6,-1,True,150,8550,0.9872918253410474,0.7936507936507936,1,189,1,1,1,1
1063,0564_c0007_015.jpg,564,6,-1,True,150,8550,0.9925739914419232,0.8379888268156425,1,179,1,1,1,1
1064,0564_c0007_020.jpg,564,6,-1,True,150,8550,0.9955953934173583,0.8928571428571429,1,168,1,1,1,1
1065,0564_c0008_000.jpg,564,7,-1,True,150,8550,0.9903994359963667,0.8982035928143712,1,167,1,1,1,1
1066,0564_c0008_005.jpg,564,7,-1,True,150,8550,0.9983086366130167,0.9433962264150944,1,159,1,1,1,1
1067,0564_c0008_010.jpg,564,7,-1,True,150,8550,0.9990909828957395,0.9493670886075949,1,158,1,1,1,1
1068,0564_c0008_015.jpg,564,7,-1,True,150,8550,0.9993042926770458,0.9615384615384616,1,156,1,1,1,1
1069,0564_c0008_020.jpg,564,7,-1,True,150,8550,0.9909743440855359,0.8982035928143712,1,167,1,1,1,1
1070,0566_c0001_000.jpg,566,0,-1,True,175,8550,0.46327784357086405,0.19818799546998866,1,883,1,1,1,1
1071,0566_c0001_005.jpg,566,0,-1,True,175,8550,0.5321341535019125,0.21739130434782608,1,805,1,1,1,1
1072,0566_c0001_010.jpg,566,0,-1,True,175,8550,0.5040621014368242,0.21875,1,800,1,1,1,1
1073,0566_c0001_015.jpg,566,0,-1,True,175,8550,0.5050155438325638,0.21820448877805487,1,802,1,1,1,1
1074,0566_c0001_020.jpg,566,0,-1,True,175,8550,0.5047180661579672,0.2266839378238342,1,772,1,1,1,1
1075,0566_c0002_000.jpg,566,1,-1,True,175,8550,0.6037981725149117,0.16263940520446096,1,1076,1,1,1,1
1076,0566_c0002_005.jpg,566,1,-1,True,175,8550,0.4954125207318689,0.1366120218579235,1,1281,1,1,1,1
1077,0566_c0002_010.jpg,566,1,-1,True,175,8550,0.5723747026051272,0.21289537712895376,1,822,1,1,1,1
1078,0566_c0002_015.jpg,566,1,-1,True,175,8550,0.5113115912197492,0.19863791146424517,1,881,1,1,1,1
1079,0566_c0002_020.jpg,566,1,-1,True,175,8550,0.5680348204476551,0.14571190674437967,1,1201,1,1,1,1
1080,0566_c0003_000.jpg,566,2,-1,True,175,8550,0.48259251107983653,0.1222921034241789,1,1431,1,1,1,1
1081,0566_c0003_005.jpg,566,2,-1,True,175,8550,0.4190394281496825,0.1163563829787234,1,1504,1,1,1,1
1082,0566_c0003_010.jpg,566,2,-1,True,175,8550,0.4739800405895766,0.14250814332247558,1,1228,1,1,1,1
1083,0566_c0003_015.jpg,566,2,-1,True,175,8550,0.3962511664678582,0.09594298245614036,1,1824,1,1,1,1
1084,0566_c0003_020.jpg,566,2,-1,True,175,8550,0.4544829900055991,0.10227936879018118,1,1711,1,1,1,1
1085,0566_c0004_000.jpg,566,3,-1,True,175,8550,0.15271698375308498,0.05225440429979098,16,3349,0,0,0,1
1086,0566_c0004_005.jpg,566,3,-1,True,175,8550,0.264643514734841,0.06254467476769121,15,2798,0,0,0,1
1087,0566_c0004_010.jpg,566,3,-1,True,175,8550,0.17880638565312065,0.0603448275862069,15,2900,0,0,0,1
1088,0566_c0004_015.jpg,566,3,-1,True,175,8550,0.2276862496707229,0.06735950731331794,15,2598,0,0,0,1
1089,0566_c0004_020.jpg,566,3,-1,True,175,8550,0.19546348383470047,0.06741140215716487,11,2596,0,0,0,1
1090,0566_c0005_000.jpg,566,4,-1,True,175,8550,0.10883927695180164,0.03504906869617464,40,4993,0,0,0,0
1091,0566_c0005_005.jpg,566,4,-1,True,175,8550,0.13391182012709113,0.03739316239316239,17,4680,0,0,0,1
1092,0566_c0005_010.jpg,566,4,-1,True,175,8550,0.14284187031799234,0.036344755970924195,22,4815,0,0,0,0
1093,0566_c0005_015.jpg,566,4,-1,True,175,8550,0.12340812449784053,0.03600082287595145,29,4861,0,0,0,0
1094,0566_c0005_020.jpg,566,4,-1,True,175,8550,0.1515542753818417,0.04005493247882811,9,4369,0,0,1,1
1095,0566_c0006_000.jpg,566,5,-1,True,175,8550,0.4934719070362241,0.10903426791277258,1,1605,1,1,1,1
1096,0566_c0006_005.jpg,566,5,-1,True,175,8550,0.5579195756164691,0.14656616415410384,1,1194,1,1,1,1
1097,0566_c0006_010.jpg,566,5,-1,True,175,8550,0.5883779349022608,0.22040302267002518,1,794,1,1,1,1
1098,0566_c0006_015.jpg,566,5,-1,True,175,8550,0.5351050721864329,0.1118925831202046,1,1564,1,1,1,1
1099,0566_c0006_020.jpg,566,5,-1,True,175,8550,0.7017570236354045,0.3779697624190065,1,463,1,1,1,1
1100,0566_c0007_000.jpg,566,6,-1,True,175,8550,0.43632947078055156,0.04822265086800771,1,3629,1,1,1,1
1101,0566_c0007_005.jpg,566,6,-1,True,175,8550,0.34807005885119513,0.04396984924623116,1,3980,1,1,1,1
1102,0566_c0007_010.jpg,566,6,-1,True,175,8550,0.29894188954833223,0.041617122473246136,1,4205,1,1,1,1
1103,0566_c0007_015.jpg,566,6,-1,True,175,8550,0.2080688438459103,0.03622438418546885,10,4831,0,0,1,1
1104,0566_c0007_020.jpg,566,6,-1,True,175,8550,0.19218510148976284,0.03559080740288794,13,4917,0,0,0,1
1105,0566_c0008_000.jpg,566,7,-1,True,175,8550,0.6168423534715421,0.26595744680851063,9,658,0,0,1,1
1106,0566_c0008_005.jpg,566,7,-1,True,175,8550,0.5656633167398385,0.22040302267002518,13,794,0,0,0,1
1107,0566_c0008_010.jpg,566,7,-1,True,175,8550,0.576529617826213,0.21766169154228857,12,804,0,0,0,1
1108,0566_c0008_015.jpg,566,7,-1,True,175,8550,0.5102843645040631,0.1647834274952919,13,1062,0,0,0,1
1109,0566_c0008_020.jpg,566,7,-1,True,175,8550,0.5595863283758844,0.19662921348314608,8,890,0,0,1,1
1110,0568_c0001_000.jpg,568,0,-1,True,50,8550,0.015282161356632004,0.027382256297918947,1338,1826,0,0,0,0
1111,0568_c0001_005.jpg,568,0,-1,True,50,8550,0.015420846720030947,0.02620545073375262,1201,1908,0,0,0,0
1112,0568_c0001_010.jpg,568,0,-1,True,50,8550,0.018341942870670952,0.028457598178713718,880,1757,0,0,0,0
1113,0568_c0001_015.jpg,568,0,-1,True,50,8550,0.01586616586345814,0.02577319587628866,1009,1940,0,0,0,0
1114,0568_c0001_020.jpg,568,0,-1,True,50,8550,0.01705141341663925,0.027808676307007785,1033,1798,0,0,0,0
1115,0568_c0005_000.jpg,568,4,-1,True,50,8550,0.02367625002384325,0.012487512487512488,145,4004,0,0,0,0
1116,0568_c0005_005.jpg,568,4,-1,True,50,8550,0.020908959454429325,0.012664640324214792,176,3948,0,0,0,0
1117,0568_c0005_010.jpg,568,4,-1,True,50,8550,0.14112872714307295,0.01785076758300607,6,2801,0,0,1,1
1118,0568_c0005_015.jpg,568,4,-1,True,50,8550,0.04230710595837002,0.01426126640045636,32,3506,0,0,0,0
1119,0568_c0005_020.jpg,568,4,-1,True,50,8550,0.049286358553992465,0.013517166801838334,54,3699,0,0,0,0
1120,0568_c0006_000.jpg,568,5,-1,True,50,8550,0.24998957908378627,0.017123287671232876,3,2920,0,1,1,1
1121,0568_c0006_005.jpg,568,5,-1,True,50,8550,0.3418877380315146,0.016863406408094434,1,2965,1,1,1,1
1122,0568_c0006_010.jpg,568,5,-1,True,50,8550,0.2560664442763749,0.01791472590469366,3,2791,0,1,1,1
1123,0568_c0006_015.jpg,568,5,-1,True,50,8550,0.23726195830802874,0.0199203187250996,3,2510,0,1,1,1
1124,0568_c0006_020.jpg,568,5,-1,True,50,8550,0.24345931695025524,0.02059308072487644,3,2428,0,1,1,1
1125,0570_c0001_000.jpg,570,0,-1,True,150,8550,0.8169139231759017,0.35377358490566035,1,424,1,1,1,1
1126,0570_c0001_005.jpg,570,0,-1,True,150,8550,0.6394323918407769,0.2640845070422535,1,568,1,1,1,1
1127,0570_c0001_010.jpg,570,0,-1,True,150,8550,0.7786367881203895,0.3171247357293869,1,473,1,1,1,1
1128,0570_c0001_015.jpg,570,0,-1,True,150,8550,0.7399506560582948,0.30864197530864196,1,486,1,1,1,1
1129,0570_c0001_020.jpg,570,0,-1,True,150,8550,0.763395654530302,0.27223230490018147,1,551,1,1,1,1
1130,0570_c0002_000.jpg,570,1,-1,True,150,8550,0.8106812541145937,0.3138075313807531,1,478,1,1,1,1
1131,0570_c0002_005.jpg,570,1,-1,True,150,8550,0.9154101449087318,0.44642857142857145,1,336,1,1,1,1
1132,0570_c0002_010.jpg,570,1,-1,True,150,8550,0.910833928398442,0.4918032786885246,1,305,1,1,1,1
1133,0570_c0002_015.jpg,570,1,-1,True,150,8550,0.9029260602077638,0.44642857142857145,1,336,1,1,1,1
1134,0570_c0002_020.jpg,570,1,-1,True,150,8550,0.8868774238491657,0.45317220543806647,1,331,1,1,1,1
1135,0570_c0004_000.jpg,570,3,-1,True,150,8550,0.8407785472162669,0.4716981132075472,1,318,1,1,1,1
1136,0570_c0004_005.jpg,570,3,-1,True,150,8550,0.8084300083411904,0.43859649122807015,1,342,1,1,1,1
1137,0570_c0004_010.jpg,570,3,-1,True,150,8550,0.8136133312310271,0.4716981132075472,1,318,1,1,1,1
1138,0570_c0004_015.jpg,570,3,-1,True,150,8550,0.8322442818357665,0.5597014925373134,1,268,1,1,1,1
1139,0570_c0004_020.jpg,570,3,-1,True,150,8550,0.7829969573890481,0.44510385756676557,1,337,1,1,1,1
1140,0570_c0005_000.jpg,570,4,-1,True,150,8550,0.9984297479386474,0.9554140127388535,1,157,1,1,1,1
1141,0570_c0005_005.jpg,570,4,-1,True,150,8550,0.9588296553875153,0.635593220338983,1,236,1,1,1,1
1142,0570_c0005_010.jpg,570,4,-1,True,150,8550,0.9755821388498039,0.7281553398058253,1,206,1,1,1,1
1143,0570_c0005_015.jpg,570,4,-1,True,150,8550,0.9968900832414594,0.8241758241758241,1,182,1,1,1,1
1144,0570_c0005_020.jpg,570,4,-1,True,150,8550,0.9949355219705823,0.8670520231213873,1,173,1,1,1,1
1145,0570_c0006_000.jpg,570,5,-1,True,150,8550,1.0,1.0,1,150,1,1,1,1
1146,0570_c0006_005.jpg,570,5,-1,True,150,8550,1.0,1.0,1,150,1,1,1,1
1147,0570_c0006_010.jpg,570,5,-1,True,150,8550,1.0,1.0,1,150,1,1,1,1
1148,0570_c0006_015.jpg,570,5,-1,True,150,8550,1.0,1.0,1,150,1,1,1,1
1149,0570_c0006_020.jpg,570,5,-1,True,150,8550,1.0,1.0,1,150,1,1,1,1
1150,0570_c0007_000.jpg,570,6,-1,True,150,8550,0.9642739474667841,0.8379888268156425,1,179,1,1,1,1
1151,0570_c0007_005.jpg,570,6,-1,True,150,8550,0.9703162232506194,0.8571428571428571,1,175,1,1,1,1
1152,0570_c0007_010.jpg,570,6,-1,True,150,8550,0.9479574242329915,0.819672131147541,1,183,1,1,1,1
1153,0570_c0007_015.jpg,570,6,-1,True,150,8550,0.9675960309992452,0.847457627118644,1,177,1,1,1,1
1154,0570_c0007_020.jpg,570,6,-1,True,150,8550,0.9589512967744306,0.8522727272727273,1,176,1,1,1,1
1155,0570_c0008_000.jpg,570,7,-1,True,150,8550,1.0,1.0,1,150,1,1,1,1
1156,0570_c0008_005.jpg,570,7,-1,True,150,8550,1.0,1.0,1,150,1,1,1,1
1157,0570_c0008_010.jpg,570,7,-1,True,150,8550,0.9968851152401449,0.9316770186335404,1,161,1,1,1,1
1158,0570_c0008_015.jpg,570,7,-1,True,150,8550,1.0,1.0,1,150,1,1,1,1
1159,0570_c0008_020.jpg,570,7,-1,True,150,8550,0.9885809914415823,0.8152173913043478,1,184,1,1,1,1
1160,0572_c0001_000.jpg,572,0,-1,True,175,8550,0.7178738560628053,0.08842849924204144,1,1979,1,1,1,1
1161,0572_c0001_005.jpg,572,0,-1,True,175,8550,0.741245610670081,0.12110726643598616,1,1445,1,1,1,1
1162,0572_c0001_010.jpg,572,0,-1,True,175,8550,0.5792910795263795,0.06263421617752327,1,2794,1,1,1,1
1163,0572_c0001_015.jpg,572,0,-1,True,175,8550,0.6449289187665832,0.07572479446127217,1,2311,1,1,1,1
1164,0572_c0001_020.jpg,572,0,-1,True,175,8550,0.5105655516835316,0.03919372900335946,1,4465,1,1,1,1
1165,0572_c0002_000.jpg,572,1,-1,True,175,8550,0.8684933718048641,0.23777173913043478,1,736,1,1,1,1
1166,0572_c0002_005.jpg,572,1,-1,True,175,8550,0.898208782095541,0.3211009174311927,1,545,1,1,1,1
1167,0572_c0002_010.jpg,572,1,-1,True,175,8550,0.8680807153599428,0.22012578616352202,1,795,1,1,1,1
1168,0572_c0002_015.jpg,572,1,-1,True,175,8550,0.8882775708616798,0.2631578947368421,1,665,1,1,1,1
1169,0572_c0002_020.jpg,572,1,-1,True,175,8550,0.8382983276216831,0.15217391304347827,1,1150,1,1,1,1
1170,0572_c0003_000.jpg,572,2,-1,True,175,8550,0.11341442344505338,0.032145481263776636,18,5444,0,0,0,1
1171,0572_c0003_005.jpg,572,2,-1,True,175,8550,0.1254211680662902,0.03414634146341464,25,5125,0,0,0,0
1172,0572_c0003_010.jpg,572,2,-1,True,175,8550,0.23965243924958493,0.03695881731784583,1,4735,1,1,1,1
1173,0572_c0003_015.jpg,572,2,-1,True,175,8550,0.12877728848985023,0.03280224929709466,7,5335,0,0,1,1
1174,0572_c0003_020.jpg,572,2,-1,True,175,8550,0.14378253669469845,0.03167994207096307,2,5524,0,1,1,1
1175,0572_c0004_000.jpg,572,3,-1,True,175,8550,0.8497330287339241,0.24822695035460993,1,705,1,1,1,1
1176,0572_c0004_005.jpg,572,3,-1,True,175,8550,0.8132761880984037,0.19640852974186307,1,891,1,1,1,1
1177,0572_c0004_010.jpg,572,3,-1,True,175,8550,0.8130884273156594,0.18878101402373246,1,927,1,1,1,1
1178,0572_c0004_015.jpg,572,3,-1,True,175,8550,0.7804941426100845,0.17748478701825557,1,986,1,1,1,1
1179,0572_c0004_020.jpg,572,3,-1,True,175,8550,0.7379739983362723,0.1736111111111111,1,1008,1,1,1,1
1180,0572_c0005_000.jpg,572,4,-1,True,175,8550,0.3886135465971611,0.03005839917554105,1,5822,1,1,1,1
1181,0572_c0005_005.jpg,572,4,-1,True,175,8550,0.4702288710592958,0.03363444166826831,1,5203,1,1,1,1
1182,0572_c0005_010.jpg,572,4,-1,True,175,8550,0.4450213928835446,0.031743152548521676,1,5513,1,1,1,1
1183,0572_c0005_015.jpg,572,4,-1,True,175,8550,0.3372287417135352,0.02913267854170135,1,6007,1,1,1,1
1184,0572_c0005_020.jpg,572,4,-1,True,175,8550,0.3677010474077081,0.029036004645760744,1,6027,1,1,1,1
1185,0572_c0006_000.jpg,572,5,-1,True,175,8550,0.6197766393059614,0.20710059171597633,1,845,1,1,1,1
1186,0572_c0006_005.jpg,572,5,-1,True,175,8550,0.7525416841791664,0.26395173453996984,1,663,1,1,1,1
1187,0572_c0006_010.jpg,572,5,-1,True,175,8550,0.814134527778954,0.2921535893155259,1,599,1,1,1,1
1188,0572_c0006_015.jpg,572,5,-1,True,175,8550,0.7747059433227365,0.27258566978193144,1,642,1,1,1,1
1189,0572_c0006_020.jpg,572,5,-1,True,175,8550,0.7926960580913279,0.27216174183514774,1,643,1,1,1,1
1190,0572_c0007_000.jpg,572,6,-1,True,175,8550,0.6847527292831969,0.11929107021131562,1,1467,1,1,1,1
1191,0572_c0007_005.jpg,572,6,-1,True,175,8550,0.631061325556003,0.085995085995086,1,2035,1,1,1,1
1192,0572_c0007_010.jpg,572,6,-1,True,175,8550,0.6438809320200003,0.12161223071577484,1,1439,1,1,1,1
1193,0572_c0007_015.jpg,572,6,-1,True,175,8550,0.6371072406834227,0.1234132581100141,1,1418,1,1,1,1
1194,0572_c0007_020.jpg,572,6,-1,True,175,8550,0.6748870288681751,0.10156703424260012,1,1723,1,1,1,1
1195,0572_c0008_000.jpg,572,7,-1,True,175,8550,0.6281464777830638,0.15297202797202797,1,1144,1,1,1,1
1196,0572_c0008_005.jpg,572,7,-1,True,175,8550,0.567594520339756,0.17820773930753564,1,982,1,1,1,1
1197,0572_c0008_010.jpg,572,7,-1,True,175,8550,0.49779700861445136,0.16416510318949343,1,1066,1,1,1,1
1198,0572_c0008_015.jpg,572,7,-1,True,175,8550,0.49924388502696065,0.17658930373360243,1,991,1,1,1,1
1199,0572_c0008_020.jpg,572,7,-1,True,175,8550,0.5857230714793163,0.2147239263803681,1,815,1,1,1,1
1200,0574_c0001_000.jpg,574,0,-1,True,150,8550,0.9072825646632615,0.5263157894736842,1,285,1,1,1,1
1201,0574_c0001_005.jpg,574,0,-1,True,150,8550,0.9069157891147003,0.5263157894736842,1,285,1,1,1,1
1202,0574_c0001_010.jpg,574,0,-1,True,150,8550,0.9069157891147003,0.5263157894736842,1,285,1,1,1,1
1203,0574_c0001_015.jpg,574,0,-1,True,150,8550,0.9069157891147003,0.5263157894736842,1,285,1,1,1,1
1204,0574_c0001_020.jpg,574,0,-1,True,150,8550,0.9069157891147003,0.5263157894736842,1,285,1,1,1,1
1205,0574_c0002_000.jpg,574,1,-1,True,150,8550,0.6700152077187094,0.40214477211796246,1,373,1,1,1,1
1206,0574_c0002_005.jpg,574,1,-1,True,150,8550,0.6678581221827328,0.40214477211796246,1,373,1,1,1,1
1207,0574_c0002_010.jpg,574,1,-1,True,150,8550,0.6678581221827328,0.40214477211796246,1,373,1,1,1,1
1208,0574_c0002_015.jpg,574,1,-1,True,150,8550,0.6678581221827328,0.40214477211796246,1,373,1,1,1,1
1209,0574_c0002_020.jpg,574,1,-1,True,150,8550,0.6678581221827328,0.40214477211796246,1,373,1,1,1,1
1210,0574_c0003_000.jpg,574,2,-1,True,150,8550,0.6386248985774462,0.24,1,625,1,1,1,1
1211,0574_c0003_005.jpg,574,2,-1,True,150,8550,0.637292278589172,0.24193548387096775,1,620,1,1,1,1
1212,0574_c0003_010.jpg,574,2,-1,True,150,8550,0.637292278589172,0.24193548387096775,1,620,1,1,1,1
1213,0574_c0003_015.jpg,574,2,-1,True,150,8550,0.637292278589172,0.24193548387096775,1,620,1,1,1,1
1214,0574_c0003_020.jpg,574,2,-1,True,150,8550,0.637292278589172,0.24193548387096775,1,620,1,1,1,1
1215,0574_c0004_000.jpg,574,3,-1,True,150,8550,0.5892325627726265,0.33783783783783783,1,444,1,1,1,1
1216,0574_c0004_005.jpg,574,3,-1,True,150,8550,0.5901433140834439,0.33707865168539325,1,445,1,1,1,1
1217,0574_c0004_010.jpg,574,3,-1,True,150,8550,0.5901433140834439,0.33707865168539325,1,445,1,1,1,1
1218,0574_c0004_015.jpg,574,3,-1,True,150,8550,0.5901433140834439,0.33707865168539325,1,445,1,1,1,1
1219,0574_c0004_020.jpg,574,3,-1,True,150,8550,0.5901433140834439,0.33707865168539325,1,445,1,1,1,1
1220,0574_c0005_000.jpg,574,4,-1,True,150,8550,0.7906789180595936,0.32894736842105265,1,456,1,1,1,1
1221,0574_c0005_005.jpg,574,4,-1,True,150,8550,0.7926832800209744,0.33185840707964603,1,452,1,1,1,1
1222,0574_c0005_010.jpg,574,4,-1,True,150,8550,0.7926568386503573,0.33185840707964603,1,452,1,1,1,1
1223,0574_c0005_015.jpg,574,4,-1,True,150,8550,0.7926832800209744,0.33185840707964603,1,452,1,1,1,1
1224,0574_c0005_020.jpg,574,4,-1,True,150,8550,0.7926568386503573,0.33185840707964603,1,452,1,1,1,1
1225,0574_c0006_000.jpg,574,5,-1,True,150,8550,0.5886529207580975,0.29239766081871343,1,513,1,1,1,1
1226,0574_c0006_005.jpg,574,5,-1,True,150,8550,0.5913352000956265,0.29069767441860467,1,516,1,1,1,1
1227,0574_c0006_010.jpg,574,5,-1,True,150,8550,0.5957877363718395,0.29069767441860467,1,516,1,1,1,1
1228,0574_c0006_015.jpg,574,5,-1,True,150,8550,0.595600346639586,0.29354207436399216,1,511,1,1,1,1
1229,0574_c0006_020.jpg,574,5,-1,True,150,8550,0.5906425375936282,0.29069767441860467,1,516,1,1,1,1
1230,0574_c0008_000.jpg,574,7,-1,True,150,8550,0.7368763808765028,0.391644908616188,1,383,1,1,1,1
1231,0574_c0008_005.jpg,574,7,-1,True,150,8550,0.7381262664126924,0.390625,1,384,1,1,1,1
1232,0574_c0008_010.jpg,574,7,-1,True,150,8550,0.7381262664126924,0.390625,1,384,1,1,1,1
1233,0574_c0008_015.jpg,574,7,-1,True,150,8550,0.7381262664126924,0.390625,1,384,1,1,1,1
1234,0574_c0008_020.jpg,574,7,-1,True,150,8550,0.7381262664126924,0.390625,1,384,1,1,1,1
1235,0576_c0001_000.jpg,576,0,-1,True,150,8550,0.3616023468950733,0.07407407407407407,1,2025,1,1,1,1
1236,0576_c0001_005.jpg,576,0,-1,True,150,8550,0.3136873739021293,0.06396588486140725,1,2345,1,1,1,1
1237,0576_c0001_010.jpg,576,0,-1,True,150,8550,0.2959730858069004,0.06399317406143344,1,2344,1,1,1,1
1238,0576_c0001_015.jpg,576,0,-1,True,150,8550,0.3366086663701051,0.07263922518159806,1,2065,1,1,1,1
1239,0576_c0001_020.jpg,576,0,-1,True,150,8550,0.31035444639069715,0.06587615283267458,1,2277,1,1,1,1
1240,0576_c0002_000.jpg,576,1,-1,True,150,8550,0.5325233983924564,0.1105379513633014,1,1357,1,1,1,1
1241,0576_c0002_005.jpg,576,1,-1,True,150,8550,0.40610094272108926,0.09014423076923077,1,1664,1,1,1,1
1242,0576_c0002_010.jpg,576,1,-1,True,150,8550,0.6140064303994024,0.14204545454545456,1,1056,1,1,1,1
1243,0576_c0002_015.jpg,576,1,-1,True,150,8550,0.5038937619639466,0.1026694045174538,1,1461,1,1,1,1
1244,0576_c0002_020.jpg,576,1,-1,True,150,8550,0.3731274805697342,0.07637474541751528,1,1964,1,1,1,1
1245,0576_c0003_000.jpg,576,2,-1,True,150,8550,0.7111700230966579,0.1989389920424403,1,754,1,1,1,1
1246,0576_c0003_005.jpg,576,2,-1,True,150,8550,0.7050339400363502,0.22796352583586627,1,658,1,1,1,1
1247,0576_c0003_010.jpg,576,2,-1,True,150,8550,0.7423113867782356,0.2384737678855326,1,629,1,1,1,1
1248,0576_c0003_015.jpg,576,2,-1,True,150,8550,0.7358390083821817,0.21897810218978103,1,685,1,1,1,1
1249,0576_c0003_020.jpg,576,2,-1,True,150,8550,0.7189617915305653,0.17878426698450536,1,839,1,1,1,1
1250,0576_c0004_000.jpg,576,3,-1,True,150,8550,0.642951423423669,0.16411378555798686,1,914,1,1,1,1
1251,0576_c0004_005.jpg,576,3,-1,True,150,8550,0.719352598847155,0.19157088122605365,1,783,1,1,1,1
1252,0576_c0004_010.jpg,576,3,-1,True,150,8550,0.7189744066412987,0.2063273727647868,1,727,1,1,1,1
1253,0576_c0004_015.jpg,576,3,-1,True,150,8550,0.7367196509222822,0.2029769959404601,1,739,1,1,1,1
1254,0576_c0004_020.jpg,576,3,-1,True,150,8550,0.678822279002995,0.1694915254237288,1,885,1,1,1,1
1255,0576_c0005_000.jpg,576,4,-1,True,150,8550,0.6444069248764233,0.11673151750972763,1,1285,1,1,1,1
1256,0576_c0005_005.jpg,576,4,-1,True,150,8550,0.5855299725217041,0.10893246187363835,1,1377,1,1,1,1
1257,0576_c0005_010.jpg,576,4,-1,True,150,8550,0.6310597566482166,0.10452961672473868,1,1435,1,1,1,1
1258,0576_c0005_015.jpg,576,4,-1,True,150,8550,0.5275149460587951,0.09816753926701571,1,1528,1,1,1,1
1259,0576_c0005_020.jpg,576,4,-1,True,150,8550,0.5787877390711011,0.09778357235984354,1,1534,1,1,1,1
1260,0576_c0006_000.jpg,576,5,-1,True,150,8550,0.8446709661854804,0.20270270270270271,1,740,1,1,1,1
1261,0576_c0006_005.jpg,576,5,-1,True,150,8550,0.828434073200655,0.1968503937007874,1,762,1,1,1,1
1262,0576_c0006_010.jpg,576,5,-1,True,150,8550,0.8082765373437413,0.1937984496124031,1,774,1,1,1,1
1263,0576_c0006_015.jpg,576,5,-1,True,150,8550,0.8244732287036799,0.18427518427518427,1,814,1,1,1,1
1264,0576_c0006_020.jpg,576,5,-1,True,150,8550,0.835628318566476,0.1976284584980237,1,759,1,1,1,1
1265,0576_c0007_000.jpg,576,6,-1,True,150,8550,0.7367395678840715,0.20215633423180593,1,742,1,1,1,1
1266,0576_c0007_005.jpg,576,6,-1,True,150,8550,0.7466583235281238,0.2180232558139535,1,688,1,1,1,1
1267,0576_c0007_010.jpg,576,6,-1,True,150,8550,0.7544862201926699,0.22026431718061673,1,681,1,1,1,1
1268,0576_c0007_015.jpg,576,6,-1,True,150,8550,0.7660899980775316,0.22796352583586627,1,658,1,1,1,1
1269,0576_c0007_020.jpg,576,6,-1,True,150,8550,0.743450793266648,0.23923444976076555,1,627,1,1,1,1
1270,0578_c0001_000.jpg,578,0,-1,True,175,8550,0.06891905152192217,0.051990493166963754,190,3366,0,0,0,0
1271,0578_c0001_005.jpg,578,0,-1,True,175,8550,0.056845149732993934,0.045715778474399164,170,3828,0,0,0,0
1272,0578_c0001_010.jpg,578,0,-1,True,175,8550,0.06949640663298573,0.05001428979708488,124,3499,0,0,0,0
1273,0578_c0001_015.jpg,578,0,-1,True,175,8550,0.05764824921090999,0.04424778761061947,188,3955,0,0,0,0
1274,0578_c0001_020.jpg,578,0,-1,True,175,8550,0.05364102577653571,0.04116678428605034,136,4251,0,0,0,0
1275,0578_c0002_000.jpg,578,1,-1,True,175,8550,0.06581669895687352,0.051259519625073226,160,3414,0,0,0,0
1276,0578_c0002_005.jpg,578,1,-1,True,175,8550,0.052590734829658814,0.04296587282101645,128,4073,0,0,0,0
1277,0578_c0002_010.jpg,578,1,-1,True,175,8550,0.06700365369360822,0.04714439655172414,75,3712,0,0,0,0
1278,0578_c0002_015.jpg,578,1,-1,True,175,8550,0.08836471253755954,0.05767963085036256,51,3034,0,0,0,0
1279,0578_c0002_020.jpg,578,1,-1,True,175,8550,0.16079857627403837,0.05912162162162162,18,2960,0,0,0,1
1280,0578_c0003_000.jpg,578,2,-1,True,175,8550,0.19558821589121717,0.09239704329461457,2,1894,0,1,1,1
1281,0578_c0003_005.jpg,578,2,-1,True,175,8550,0.19615525229739364,0.08937691521961184,1,1958,1,1,1,1
1282,0578_c0003_010.jpg,578,2,-1,True,175,8550,0.1546282506730443,0.08212106992022525,1,2131,1,1,1,1
1283,0578_c0003_015.jpg,578,2,-1,True,175,8550,0.17709212288501788,0.09254362771020624,1,1891,1,1,1,1
1284,0578_c0003_020.jpg,578,2,-1,True,175,8550,0.20493361130074544,0.09444144630329196,1,1853,1,1,1,1
1285,0578_c0004_000.jpg,578,3,-1,True,175,8550,0.05356143814312572,0.04664179104477612,159,3752,0,0,0,0
1286,0578_c0004_005.jpg,578,3,-1,True,175,8550,0.062461827776411474,0.07053607416364369,163,2481,0,0,0,0
1287,0578_c0004_010.jpg,578,3,-1,True,175,8550,0.07105396085451267,0.07733097657976137,66,2263,0,0,0,0
1288,0578_c0004_015.jpg,578,3,-1,True,175,8550,0.10539714154346368,0.0946969696969697,32,1848,0,0,0,0
1289,0578_c0004_020.jpg,578,3,-1,True,175,8550,0.07693764642035886,0.06827936012485368,64,2563,0,0,0,0
1290,0578_c0005_000.jpg,578,4,-1,True,175,8550,0.23855579038418784,0.07575757575757576,1,2310,1,1,1,1
1291,0578_c0005_005.jpg,578,4,-1,True,175,8550,0.08644038324387635,0.05102040816326531,26,3430,0,0,0,0
1292,0578_c0005_010.jpg,578,4,-1,True,175,8550,0.16636649283531563,0.06452802359882005,1,2712,1,1,1,1
1293,0578_c0005_015.jpg,578,4,-1,True,175,8550,0.11845666720464168,0.05033074489502445,18,3477,0,0,0,1
1294,0578_c0005_020.jpg,578,4,-1,True,175,8550,0.14449133519911034,0.050200803212851405,1,3486,1,1,1,1
1295,0578_c0006_000.jpg,578,5,-1,True,175,8550,0.18773937076646613,0.07030936118923263,38,2489,0,0,0,0
1296,0578_c0006_005.jpg,578,5,-1,True,175,8550,0.21661380767962551,0.09684560044272275,52,1807,0,0,0,0
1297,0578_c0006_010.jpg,578,5,-1,True,175,8550,0.1939509043146041,0.09903791737408037,6,1767,0,0,1,1
1298,0578_c0006_015.jpg,578,5,-1,True,175,8550,0.2513462016136298,0.09977194982896237,1,1754,1,1,1,1
1299,0578_c0006_020.jpg,578,5,-1,True,175,8550,0.2321382952451871,0.09803921568627451,12,1785,0,0,0,1
1300,0578_c0007_000.jpg,578,6,-1,True,175,8550,0.10436349212583503,0.08612204724409449,51,2032,0,0,0,0
1301,0578_c0007_005.jpg,578,6,-1,True,175,8550,0.08803741792125212,0.07682177348551361,89,2278,0,0,0,0
1302,0578_c0007_010.jpg,578,6,-1,True,175,8550,0.08025452245393297,0.0700280112044818,108,2499,0,0,0,0
1303,0578_c0007_015.jpg,578,6,-1,True,175,8550,0.08045354622319241,0.06648936170212766,105,2632,0,0,0,0
1304,0578_c0007_020.jpg,578,6,-1,True,175,8550,0.07946142587673814,0.0696656050955414,109,2512,0,0,0,0
1305,0578_c0008_000.jpg,578,7,-1,True,175,8550,0.14771947150003964,0.11275773195876289,95,1552,0,0,0,0
1306,0578_c0008_005.jpg,578,7,-1,True,175,8550,0.15583254126711374,0.11393229166666667,57,1536,0,0,0,0
1307,0578_c0008_010.jpg,578,7,-1,True,175,8550,0.1436177093913454,0.09909399773499433,79,1766,0,0,0,0
1308,0578_c0008_015.jpg,578,7,-1,True,175,8550,0.18987325294195492,0.14250814332247558,46,1228,0,0,0,0
1309,0578_c0008_020.jpg,578,7,-1,True,175,8550,0.18457673250046364,0.1164337990685296,38,1503,0,0,0,0
1310,0580_c0001_000.jpg,580,0,-1,True,175,8550,0.5730736634298006,0.10999371464487744,1,1591,1,1,1,1
1311,0580_c0001_005.jpg,580,0,-1,True,175,8550,0.48834362942721166,0.11430437622468975,1,1531,1,1,1,1
1312,0580_c0001_010.jpg,580,0,-1,True,175,8550,0.4857971577849549,0.11082963901203294,1,1579,1,1,1,1
1313,0580_c0001_015.jpg,580,0,-1,True,175,8550,0.5576001655024413,0.11904761904761904,1,1470,1,1,1,1
1314,0580_c0001_020.jpg,580,0,-1,True,175,8550,0.5706839805056954,0.12085635359116022,1,1448,1,1,1,1
1315,0580_c0002_000.jpg,580,1,-1,True,175,8550,0.42902081923486385,0.12144344205412907,1,1441,1,1,1,1
1316,0580_c0002_005.jpg,580,1,-1,True,175,8550,0.3197009416591087,0.08988186954288649,1,1947,1,1,1,1
1317,0580_c0002_010.jpg,580,1,-1,True,175,8550,0.40433216297008356,0.068359375,1,2560,1,1,1,1
1318,0580_c0002_015.jpg,580,1,-1,True,175,8550,0.38521198984428096,0.0653716847217034,1,2677,1,1,1,1
1319,0580_c0002_020.jpg,580,1,-1,True,175,8550,0.35378951539301184,0.05406240345999382,1,3237,1,1,1,1
1320,0580_c0003_000.jpg,580,2,-1,True,175,8550,0.36379225220383876,0.1583710407239819,26,1105,0,0,0,0
1321,0580_c0003_005.jpg,580,2,-1,True,175,8550,0.35601024095561945,0.1652502360717658,11,1059,0,0,0,1
1322,0580_c0003_010.jpg,580,2,-1,True,175,8550,0.36295361918383945,0.16908212560386474,23,1035,0,0,0,0
1323,0580_c0003_015.jpg,580,2,-1,True,175,8550,0.40002910024865695,0.18343815513626835,26,954,0,0,0,0
1324,0580_c0003_020.jpg,580,2,-1,True,175,8550,0.34868754412784686,0.15541740674955595,29,1126,0,0,0,0
1325,0580_c0004_000.jpg,580,3,-1,True,175,8550,0.47450481369373354,0.1345119139123751,1,1301,1,1,1,1
1326,0580_c0004_005.jpg,580,3,-1,True,175,8550,0.571405912449293,0.2056404230317274,1,851,1,1,1,1
1327,0580_c0004_010.jpg,580,3,-1,True,175,8550,0.4936865963660804,0.16114180478821363,1,1086,1,1,1,1
1328,0580_c0004_015.jpg,580,3,-1,True,175,8550,0.5368190788914368,0.16129032258064516,1,1085,1,1,1,1
1329,0580_c0004_020.jpg,580,3,-1,True,175,8550,0.6174863615480951,0.1407884151246983,1,1243,1,1,1,1
1330,0580_c0005_000.jpg,580,4,-1,True,175,8550,0.3138076744685089,0.12867647058823528,15,1360,0,0,0,1
1331,0580_c0005_005.jpg,580,4,-1,True,175,8550,0.30951991199237444,0.12736535662299855,20,1374,0,0,0,1
1332,0580_c0005_010.jpg,580,4,-1,True,175,8550,0.30685499916340414,0.11627906976744186,20,1505,0,0,0,1
1333,0580_c0005_015.jpg,580,4,-1,True,175,8550,0.4372908695341367,0.13040238450074515,1,1342,1,1,1,1
1334,0580_c0005_020.jpg,580,4,-1,True,175,8550,0.3642093148333878,0.1133419689119171,1,1544,1,1,1,1
1335,0580_c0006_000.jpg,580,5,-1,True,175,8550,0.6994146606454918,0.2916666666666667,1,600,1,1,1,1
1336,0580_c0006_005.jpg,580,5,-1,True,175,8550,0.7089135884419162,0.2931323283082077,1,597,1,1,1,1
1337,0580_c0006_010.jpg,580,5,-1,True,175,8550,0.6797773513190548,0.2588757396449704,1,676,1,1,1,1
1338,0580_c0006_015.jpg,580,5,-1,True,175,8550,0.762429431286311,0.3514056224899598,1,498,1,1,1,1
1339,0580_c0006_020.jpg,580,5,-1,True,175,8550,0.7632743284264495,0.36382536382536385,1,481,1,1,1,1
1340,0580_c0007_000.jpg,580,6,-1,True,175,8550,0.5631090350768447,0.19358407079646017,1,904,1,1,1,1
1341,0580_c0007_005.jpg,580,6,-1,True,175,8550,0.5974348939411507,0.2004581901489118,1,873,1,1,1,1
1342,0580_c0007_010.jpg,580,6,-1,True,175,8550,0.634687752895382,0.2635542168674699,1,664,1,1,1,1
1343,0580_c0007_015.jpg,580,6,-1,True,175,8550,0.7135904694184106,0.32169117647058826,1,544,1,1,1,1
1344,0580_c0007_020.jpg,580,6,-1,True,175,8550,0.7469015570048808,0.373134328358209,1,469,1,1,1,1
1345,0580_c0008_000.jpg,580,7,-1,True,175,8550,0.6566826342439339,0.17326732673267325,1,1010,1,1,1,1
1346,0580_c0008_005.jpg,580,7,-1,True,175,8550,0.6446776655017652,0.16990291262135923,1,1030,1,1,1,1
1347,0580_c0008_010.jpg,580,7,-1,True,175,8550,0.6914344771875811,0.18153526970954356,1,964,1,1,1,1
1348,0580_c0008_015.jpg,580,7,-1,True,175,8550,0.7140288029143516,0.18518518518518517,1,945,1,1,1,1
1349,0580_c0008_020.jpg,580,7,-1,True,175,8550,0.6786111622981852,0.1421608448415922,1,1231,1,1,1,1
1350,0582_c0001_000.jpg,582,0,-1,True,175,8550,0.052959906825670096,0.025003571938848407,106,6999,0,0,0,0
1351,0582_c0001_005.jpg,582,0,-1,True,175,8550,0.06386966584771807,0.02684872660325253,108,6518,0,0,0,0
1352,0582_c0001_010.jpg,582,0,-1,True,175,8550,0.04921220595182829,0.025179856115107913,160,6950,0,0,0,0
1353,0582_c0001_015.jpg,582,0,-1,True,175,8550,0.060371766043887366,0.029595805851513612,239,5913,0,0,0,0
1354,0582_c0001_020.jpg,582,0,-1,True,175,8550,0.056575374508503466,0.028089887640449437,215,6230,0,0,0,0
1355,0582_c0002_000.jpg,582,1,-1,True,175,8550,0.23972802000230706,0.0433382862803368,1,4038,1,1,1,1
1356,0582_c0002_005.jpg,582,1,-1,True,175,8550,0.20412957071281873,0.042444821731748725,1,4123,1,1,1,1
1357,0582_c0002_010.jpg,582,1,-1,True,175,8550,0.20024107973676955,0.04093567251461988,1,4275,1,1,1,1
1358,0582_c0002_015.jpg,582,1,-1,True,175,8550,0.15929216660939943,0.03721029130342335,1,4703,1,1,1,1
1359,0582_c0002_020.jpg,582,1,-1,True,175,8550,0.12545525949273378,0.03901895206243032,5,4485,0,1,1,1
1360,0582_c0003_000.jpg,582,2,-1,True,175,8550,0.020841891788982048,0.026014568158168574,457,6727,0,0,0,0
1361,0582_c0003_005.jpg,582,2,-1,True,175,8550,0.026385261654976087,0.029960623180962164,243,5841,0,0,0,0
1362,0582_c0003_010.jpg,582,2,-1,True,175,8550,0.030090372888492933,0.03102836879432624,153,5640,0,0,0,0
1363,0582_c0003_015.jpg,582,2,-1,True,175,8550,0.033238304762027035,0.03184713375796178,103,5495,0,0,0,0
1364,0582_c0003_020.jpg,582,2,-1,True,175,8550,0.029053021536453554,0.02937720329024677,145,5957,0,0,0,0
1365,0582_c0004_000.jpg,582,3,-1,True,175,8550,0.1007253208146439,0.053929121725731895,3,3245,0,1,1,1
1366,0582_c0004_005.jpg,582,3,-1,True,175,8550,0.07546210296283735,0.06440927493559072,84,2717,0,0,0,0
1367,0582_c0004_010.jpg,582,3,-1,True,175,8550,0.07269618220744847,0.06076388888888889,227,2880,0,0,0,0
1368,0582_c0004_015.jpg,582,3,-1,True,175,8550,0.0801914320963372,0.05936227951153324,34,2948,0,0,0,0
1369,0582_c0004_020.jpg,582,3,-1,True,175,8550,0.08344565907277389,0.05033074489502445,53,3477,0,0,0,0
1370,0582_c0005_000.jpg,582,4,-1,True,175,8550,0.03243366930528518,0.022990015764582237,72,7612,0,0,0,0
1371,0582_c0005_005.jpg,582,4,-1,True,175,8550,0.02652113882432631,0.022557360144367104,142,7758,0,0,0,0
1372,0582_c0005_010.jpg,582,4,-1,True,175,8550,0.022228224349247084,0.021488212180746563,220,8144,0,0,0,0
1373,0582_c0005_015.jpg,582,4,-1,True,175,8550,0.02500013886322897,0.02184769038701623,193,8010,0,0,0,0
1374,0582_c0005_020.jpg,582,4,-1,True,175,8550,0.02898673505952655,0.022453169104439313,82,7794,0,0,0,0
1375,0582_c0006_000.jpg,582,5,-1,True,175,8550,0.09182002809542082,0.044745589363334184,36,3911,0,0,0,0
1376,0582_c0006_005.jpg,582,5,-1,True,175,8550,0.09308143273981051,0.04513799329378385,36,3877,0,0,0,0
1377,0582_c0006_010.jpg,582,5,-1,True,175,8550,0.1329062543802773,0.057889513728084686,7,3023,0,0,1,1
1378,0582_c0006_015.jpg,582,5,-1,True,175,8550,0.12427873826679647,0.06671749904689286,12,2623,0,0,0,1
1379,0582_c0006_020.jpg,582,5,-1,True,175,8550,0.18305287807987367,0.08116883116883117,2,2156,0,1,1,1
1380,0582_c0007_000.jpg,582,6,-1,True,175,8550,0.18091578274095363,0.04939316963025685,2,3543,0,1,1,1
1381,0582_c0007_005.jpg,582,6,-1,True,175,8550,0.21123231501348624,0.053549571603427173,1,3268,1,1,1,1
1382,0582_c0007_010.jpg,582,6,-1,True,175,8550,0.16344213958794393,0.048828125,11,3584,0,0,0,1
1383,0582_c0007_015.jpg,582,6,-1,True,175,8550,0.20596548858846647,0.05172923440733077,1,3383,1,1,1,1
1384,0582_c0007_020.jpg,582,6,-1,True,175,8550,0.21555110878950784,0.05304637769020915,1,3299,1,1,1,1
1385,0582_c0008_000.jpg,582,7,-1,True,175,8550,0.0702166033232576,0.03205715332478476,62,5459,0,0,0,0
1386,0582_c0008_005.jpg,582,7,-1,True,175,8550,0.07115085968223377,0.033531327840582485,72,5219,0,0,0,0
1387,0582_c0008_010.jpg,582,7,-1,True,175,8550,0.04416957500994398,0.030471878808984852,106,5743,0,0,0,0
1388,0582_c0008_015.jpg,582,7,-1,True,175,8550,0.04906257602684695,0.029392005374538125,134,5954,0,0,0,0
1389,0582_c0008_020.jpg,582,7,-1,True,175,8550,0.0550310983983532,0.029127829560585884,124,6008,0,0,0,0
1390,0584_c0001_000.jpg,584,0,-1,True,175,8550,0.34768603500149536,0.11104060913705584,2,1576,0,1,1,1
1391,0584_c0001_005.jpg,584,0,-1,True,175,8550,0.3674597477189919,0.1048532055122828,2,1669,0,1,1,1
1392,0584_c0001_010.jpg,584,0,-1,True,175,8550,0.2983244607783996,0.08856275303643725,7,1976,0,0,1,1
1393,0584_c0001_015.jpg,584,0,-1,True,175,8550,0.24168913588930294,0.08910386965376782,17,1964,0,0,0,1
1394,0584_c0001_020.jpg,584,0,-1,True,175,8550,0.39829548461210174,0.0654940119760479,6,2672,0,0,1,1
1395,0584_c0002_000.jpg,584,1,-1,True,175,8550,0.09676436018990724,0.031986839700237614,57,5471,0,0,0,0
1396,0584_c0002_005.jpg,584,1,-1,True,175,8550,0.08966041391838844,0.0315031503150315,86,5555,0,0,0,0
1397,0584_c0002_010.jpg,584,1,-1,True,175,8550,0.1045918597490271,0.033390574317878265,32,5241,0,0,0,0
1398,0584_c0002_015.jpg,584,1,-1,True,175,8550,0.1501856502312989,0.03514762000401687,21,4979,0,0,0,0
1399,0584_c0002_020.jpg,584,1,-1,True,175,8550,0.20820664763412947,0.03371219418223849,2,5191,0,1,1,1
1400,0584_c0003_000.jpg,584,2,-1,True,175,8550,0.0902970597408128,0.03193430656934307,5,5480,0,1,1,1
1401,0584_c0003_005.jpg,584,2,-1,True,175,8550,0.1737692987749284,0.03206302674972517,1,5458,1,1,1,1
1402,0584_c0003_010.jpg,584,2,-1,True,175,8550,0.18318668412411618,0.035154680594616315,1,4978,1,1,1,1
1403,0584_c0003_015.jpg,584,2,-1,True,175,8550,0.1697291673547167,0.032533928239449714,1,5379,1,1,1,1
1404,0584_c0003_020.jpg,584,2,-1,True,175,8550,0.04133651920563936,0.026022304832713755,43,6725,0,0,0,0
1405,0584_c0004_000.jpg,584,3,-1,True,175,8550,0.0542689857483231,0.03522544283413848,155,4968,0,0,0,0
1406,0584_c0004_005.jpg,584,3,-1,True,175,8550,0.05353043622201717,0.03477051460361613,213,5033,0,0,0,0
1407,0584_c0004_010.jpg,584,3,-1,True,175,8550,0.060739007511103116,0.03546099290780142,143,4935,0,0,0,0
1408,0584_c0004_015.jpg,584,3,-1,True,175,8550,0.058905529571584264,0.03281455090943184,140,5333,0,0,0,0
1409,0584_c0004_020.jpg,584,3,-1,True,175,8550,0.055650764773733936,0.03169141615356755,144,5522,0,0,0,0
1410,0584_c0005_000.jpg,584,4,-1,True,175,8550,0.1081437667642683,0.03796919071382079,28,4609,0,0,0,0
1411,0584_c0005_005.jpg,584,4,-1,True,175,8550,0.09013520359248987,0.042787286063569685,33,4090,0,0,0,0
1412,0584_c0005_010.jpg,584,4,-1,True,175,8550,0.0783255374820366,0.04670402989057913,28,3747,0,0,0,0
1413,0584_c0005_015.jpg,584,4,-1,True,175,8550,0.07992726946454125,0.0429553264604811,46,4074,0,0,0,0
1414,0584_c0005_020.jpg,584,4,-1,True,175,8550,0.06402060921082163,0.0411087620389946,76,4257,0,0,0,0
1415,0584_c0006_000.jpg,584,5,-1,True,175,8550,0.11070707442883042,0.039441063781834575,17,4437,0,0,0,1
1416,0584_c0006_005.jpg,584,5,-1,True,175,8550,0.08044062888933516,0.03686538866652623,34,4747,0,0,0,0
1417,0584_c0006_010.jpg,584,5,-1,True,175,8550,0.0917376964256984,0.040229885057471264,28,4350,0,0,0,0
1418,0584_c0006_015.jpg,584,5,-1,True,175,8550,0.12375157111347114,0.04240368306275745,19,4127,0,0,0,1
1419,0584_c0006_020.jpg,584,5,-1,True,175,8550,0.1365469441401005,0.048063718758582806,10,3641,0,0,1,1
1420,0584_c0007_000.jpg,584,6,-1,True,175,8550,0.041200835252777304,0.02605329760309662,98,6717,0,0,0,0
1421,0584_c0007_005.jpg,584,6,-1,True,175,8550,0.04484117185359806,0.027010341102021915,78,6479,0,0,0,0
1422,0584_c0007_010.jpg,584,6,-1,True,175,8550,0.059262405576843764,0.027123372597644142,42,6452,0,0,0,0
1423,0584_c0007_015.jpg,584,6,-1,True,175,8550,0.0465627321618898,0.026443034149289817,69,6618,0,0,0,0
1424,0584_c0007_020.jpg,584,6,-1,True,175,8550,0.054290154411589416,0.029357490353967456,53,5961,0,0,0,0
1425,0584_c0008_000.jpg,584,7,-1,True,175,8550,0.14178449468881515,0.07893549842129004,85,2217,0,0,0,0
1426,0584_c0008_005.jpg,584,7,-1,True,175,8550,0.14664064738803734,0.0735603194619588,79,2379,0,0,0,0
1427,0584_c0008_010.jpg,584,7,-1,True,175,8550,0.12026332571581824,0.07028112449799197,109,2490,0,0,0,0
1428,0584_c0008_015.jpg,584,7,-1,True,175,8550,0.12229720752332571,0.07530120481927711,59,2324,0,0,0,0
1429,0584_c0008_020.jpg,584,7,-1,True,175,8550,0.12623052652920957,0.06512839598064757,68,2687,0,0,0,0
1430,0586_c0001_000.jpg,586,0,-1,True,175,8550,0.11632099902941988,0.0626118067978533,149,2795,0,0,0,0
1431,0586_c0001_005.jpg,586,0,-1,True,175,8550,0.12084148752962857,0.06681939671630394,105,2619,0,0,0,0
1432,0586_c0001_010.jpg,586,0,-1,True,175,8550,0.16244104452060945,0.08951406649616368,71,1955,0,0,0,0
1433,0586_c0001_015.jpg,586,0,-1,True,175,8550,0.12986344517755083,0.0783348254252462,90,2234,0,0,0,0
1434,0586_c0001_020.jpg,586,0,-1,True,175,8550,0.13139645248569845,0.08239171374764595,90,2124,0,0,0,0
1435,0586_c0002_000.jpg,586,1,-1,True,175,8550,0.5496775076854827,0.2696456086286595,1,649,1,1,1,1
1436,0586_c0002_005.jpg,586,1,-1,True,175,8550,0.5845691201814073,0.2976190476190476,1,588,1,1,1,1
1437,0586_c0002_010.jpg,586,1,-1,True,175,8550,0.4780914778606088,0.2246469833119384,1,779,1,1,1,1
1438,0586_c0002_015.jpg,586,1,-1,True,175,8550,0.3848462640987738,0.1650943396226415,1,1060,1,1,1,1
1439,0586_c0002_020.jpg,586,1,-1,True,175,8550,0.5021988271490183,0.22435897435897437,1,780,1,1,1,1
1440,0586_c0003_000.jpg,586,2,-1,True,175,8550,0.7047991025237232,0.19104803493449782,1,916,1,1,1,1
1441,0586_c0003_005.jpg,586,2,-1,True,175,8550,0.5718758145210685,0.18229166666666666,1,960,1,1,1,1
1442,0586_c0003_010.jpg,586,2,-1,True,175,8550,0.6474500208293633,0.20636792452830188,1,848,1,1,1,1
1443,0586_c0003_015.jpg,586,2,-1,True,175,8550,0.4679641512455227,0.16990291262135923,3,1030,0,1,1,1
1444,0586_c0003_020.jpg,586,2,-1,True,175,8550,0.5943432847663491,0.1906318082788671,1,918,1,1,1,1
1445,0586_c0004_000.jpg,586,3,-1,True,175,8550,0.19670092530693767,0.16143911439114392,33,1084,0,0,0,0
1446,0586_c0004_005.jpg,586,3,-1,True,175,8550,0.25274354167167035,0.1953125,1,896,1,1,1,1
1447,0586_c0004_010.jpg,586,3,-1,True,175,8550,0.18821738510629168,0.1386687797147385,19,1262,0,0,0,1
1448,0586_c0004_015.jpg,586,3,-1,True,175,8550,0.15755899997972428,0.11261261261261261,72,1554,0,0,0,0
1449,0586_c0004_020.jpg,586,3,-1,True,175,8550,0.16058648386461288,0.11864406779661017,73,1475,0,0,0,0
1450,0586_c0005_000.jpg,586,4,-1,True,175,8550,0.6812059083394566,0.36610878661087864,1,478,1,1,1,1
1451,0586_c0005_005.jpg,586,4,-1,True,175,8550,0.6522130695534081,0.373134328358209,1,469,1,1,1,1
1452,0586_c0005_010.jpg,586,4,-1,True,175,8550,0.6925048361583546,0.38377192982456143,1,456,1,1,1,1
1453,0586_c0005_015.jpg,586,4,-1,True,175,8550,0.7155081944212677,0.3995433789954338,1,438,1,1,1,1
1454,0586_c0005_020.jpg,586,4,-1,True,175,8550,0.6090575837552887,0.3234750462107209,1,541,1,1,1,1
1455,0586_c0006_000.jpg,586,5,-1,True,175,8550,0.6522123645549144,0.354251012145749,1,494,1,1,1,1
1456,0586_c0006_005.jpg,586,5,-1,True,175,8550,0.6250552906932064,0.29069767441860467,1,602,1,1,1,1
1457,0586_c0006_010.jpg,586,5,-1,True,175,8550,0.6548465287335528,0.2547307132459971,1,687,1,1,1,1
1458,0586_c0006_015.jpg,586,5,-1,True,175,8550,0.8199253950104709,0.37154989384288745,1,471,1,1,1,1
1459,0586_c0006_020.jpg,586,5,-1,True,175,8550,0.8533021905051695,0.42475728155339804,1,412,1,1,1,1
1460,0586_c0007_000.jpg,586,6,-1,True,175,8550,0.7194728214742726,0.2936241610738255,1,596,1,1,1,1
1461,0586_c0007_005.jpg,586,6,-1,True,175,8550,0.5485614598592261,0.24613220815752462,1,711,1,1,1,1
1462,0586_c0007_010.jpg,586,6,-1,True,175,8550,0.3815720993507078,0.13069454817027631,15,1339,0,0,0,1
1463,0586_c0007_015.jpg,586,6,-1,True,175,8550,0.3591017754756995,0.13059701492537312,11,1340,0,0,0,1
1464,0586_c0007_020.jpg,586,6,-1,True,175,8550,0.4037647516780924,0.13618677042801555,5,1285,0,1,1,1
1465,0586_c0008_000.jpg,586,7,-1,True,175,8550,0.46479775333857737,0.1583710407239819,1,1105,1,1,1,1
1466,0586_c0008_005.jpg,586,7,-1,True,175,8550,0.4441702478468832,0.16603415559772297,1,1054,1,1,1,1
1467,0586_c0008_010.jpg,586,7,-1,True,175,8550,0.4473584449097835,0.17073170731707318,1,1025,1,1,1,1
1468,0586_c0008_015.jpg,586,7,-1,True,175,8550,0.3452699714212995,0.13544891640866874,3,1292,0,1,1,1
1469,0586_c0008_020.jpg,586,7,-1,True,175,8550,0.2501614893981089,0.1133419689119171,14,1544,0,0,0,1
1470,0588_c0001_000.jpg,588,0,-1,True,175,8550,0.1966117924021512,0.10294117647058823,46,1700,0,0,0,0
1471,0588_c0001_005.jpg,588,0,-1,True,175,8550,0.17923991139501405,0.10168506682161534,61,1721,0,0,0,0
1472,0588_c0001_010.jpg,588,0,-1,True,175,8550,0.20851588250674147,0.10903426791277258,40,1605,0,0,0,0
1473,0588_c0001_015.jpg,588,0,-1,True,175,8550,0.17673272423659808,0.09954493742889647,62,1758,0,0,0,0
1474,0588_c0001_020.jpg,588,0,-1,True,175,8550,0.1934037563324679,0.10435301132975551,54,1677,0,0,0,0
1475,0588_c0002_000.jpg,588,1,-1,True,175,8550,0.3592414728142373,0.1259899208063355,1,1389,1,1,1,1
1476,0588_c0002_005.jpg,588,1,-1,True,175,8550,0.4172256510516759,0.14632107023411373,1,1196,1,1,1,1
1477,0588_c0002_010.jpg,588,1,-1,True,175,8550,0.43021348172900403,0.16447368421052633,1,1064,1,1,1,1
1478,0588_c0002_015.jpg,588,1,-1,True,175,8550,0.40376099221733974,0.15555555555555556,1,1125,1,1,1,1
1479,0588_c0002_020.jpg,588,1,-1,True,175,8550,0.4135035373854305,0.1551418439716312,1,1128,1,1,1,1
1480,0588_c0003_000.jpg,588,2,-1,True,175,8550,0.520891605805007,0.21929824561403508,6,798,0,0,1,1
1481,0588_c0003_005.jpg,588,2,-1,True,175,8550,0.49846575469432364,0.20908004778972522,1,837,1,1,1,1
1482,0588_c0003_010.jpg,588,2,-1,True,175,8550,0.4462056488757826,0.3458498023715415,8,506,0,0,1,1
1483,0588_c0003_015.jpg,588,2,-1,True,175,8550,0.4218965734031609,0.2704791344667697,5,647,0,1,1,1
1484,0588_c0003_020.jpg,588,2,-1,True,175,8550,0.46867108837684435,0.2336448598130841,1,749,1,1,1,1
1485,0588_c0004_000.jpg,588,3,-1,True,175,8550,0.31899510574648005,0.11784511784511785,4,1485,0,1,1,1
1486,0588_c0004_005.jpg,588,3,-1,True,175,8550,0.3351329434706483,0.10385756676557864,3,1685,0,1,1,1
1487,0588_c0004_010.jpg,588,3,-1,True,175,8550,0.29368581966042157,0.1292466765140325,4,1354,0,1,1,1
1488,0588_c0004_015.jpg,588,3,-1,True,175,8550,0.2646519705762704,0.08883248730964467,4,1970,0,1,1,1
1489,0588_c0004_020.jpg,588,3,-1,True,175,8550,0.3065581545333243,0.10294117647058823,1,1700,1,1,1,1
1490,0588_c0005_000.jpg,588,4,-1,True,175,8550,0.38058471660070803,0.3763440860215054,11,465,0,0,0,1
1491,0588_c0005_005.jpg,588,4,-1,True,175,8550,0.344197155911943,0.31876138433515483,9,549,0,0,1,1
1492,0588_c0005_010.jpg,588,4,-1,True,175,8550,0.33702565802134227,0.32407407407407407,16,540,0,0,0,1
1493,0588_c0005_015.jpg,588,4,-1,True,175,8550,0.427989991502611,0.46296296296296297,16,378,0,0,0,1
1494,0588_c0005_020.jpg,588,4,-1,True,175,8550,0.43544274975061725,0.45103092783505155,18,388,0,0,0,1
1495,0588_c0006_000.jpg,588,5,-1,True,175,8550,0.5283284735620396,0.3897550111358575,6,449,0,0,1,1
1496,0588_c0006_005.jpg,588,5,-1,True,175,8550,0.5109004843822716,0.41766109785202865,1,419,1,1,1,1
1497,0588_c0006_010.jpg,588,5,-1,True,175,8550,0.5480854846631229,0.4257907542579075,1,411,1,1,1,1
1498,0588_c0006_015.jpg,588,5,-1,True,175,8550,0.5159949447732805,0.4060324825986079,3,431,0,1,1,1
1499,0588_c0006_020.jpg,588,5,-1,True,175,8550,0.4160752386489205,0.3615702479338843,14,484,0,0,0,1
1500,0588_c0007_000.jpg,588,6,-1,True,175,8550,0.3892964222188175,0.35496957403651114,1,493,1,1,1,1
1501,0588_c0007_005.jpg,588,6,-1,True,175,8550,0.36508642980591016,0.34791252485089463,1,503,1,1,1,1
1502,0588_c0007_010.jpg,588,6,-1,True,175,8550,0.35323633478208416,0.3593429158110883,1,487,1,1,1,1
1503,0588_c0007_015.jpg,588,6,-1,True,175,8550,0.40249514504381717,0.3977272727272727,1,440,1,1,1,1
1504,0588_c0007_020.jpg,588,6,-1,True,175,8550,0.39687730861357173,0.42168674698795183,1,415,1,1,1,1
1505,0588_c0008_000.jpg,588,7,-1,True,175,8550,0.27383780943982455,0.26395173453996984,47,663,0,0,0,0
1506,0588_c0008_005.jpg,588,7,-1,True,175,8550,0.2741448824132538,0.25547445255474455,49,685,0,0,0,0
1507,0588_c0008_010.jpg,588,7,-1,True,175,8550,0.26220821690709617,0.258493353028065,50,677,0,0,0,0
1508,0588_c0008_015.jpg,588,7,-1,True,175,8550,0.2719539733498225,0.25547445255474455,49,685,0,0,0,0
1509,0588_c0008_020.jpg,588,7,-1,True,175,8550,0.25596949689379067,0.24787535410764872,50,706,0,0,0,0
1510,0590_c0001_000.jpg,590,0,-1,True,150,8550,0.13036652530725468,0.07936507936507936,26,1890,0,0,0,0
1511,0590_c0001_005.jpg,590,0,-1,True,150,8550,0.10078959408257748,0.054190751445086706,26,2768,0,0,0,0
1512,0590_c0001_010.jpg,590,0,-1,True,150,8550,0.1302375230886197,0.07414730598121602,26,2023,0,0,0,0
1513,0590_c0001_015.jpg,590,0,-1,True,150,8550,0.16038636692910263,0.06915629322268327,26,2169,0,0,0,0
1514,0590_c0001_020.jpg,590,0,-1,True,150,8550,0.16556338657019562,0.07458975634012929,26,2011,0,0,0,0
1515,0590_c0002_000.jpg,590,1,-1,True,150,8550,0.11090492230595432,0.06527415143603134,52,2298,0,0,0,0
1516,0590_c0002_005.jpg,590,1,-1,True,150,8550,0.09090211475734206,0.04314063848144953,12,3477,0,0,0,1
1517,0590_c0002_010.jpg,590,1,-1,True,150,8550,0.10263433988489883,0.04482964734010759,5,3346,0,1,1,1
1518,0590_c0002_015.jpg,590,1,-1,True,150,8550,0.11770944392079177,0.035629453681710214,8,4210,0,0,1,1
1519,0590_c0002_020.jpg,590,1,-1,True,150,8550,0.11891621308816064,0.038920601971977165,19,3854,0,0,0,1
1520,0590_c0004_000.jpg,590,3,-1,True,150,8550,0.08980274754081694,0.044078754040552455,178,3403,0,0,0,0
1521,0590_c0004_005.jpg,590,3,-1,True,150,8550,0.08568268453732861,0.04106214070626882,196,3653,0,0,0,0
1522,0590_c0004_010.jpg,590,3,-1,True,150,8550,0.0916503985219861,0.04443127962085308,162,3376,0,0,0,0
1523,0590_c0004_015.jpg,590,3,-1,True,150,8550,0.0803121523197734,0.03808073115003808,188,3939,0,0,0,0
1524,0590_c0004_020.jpg,590,3,-1,True,150,8550,0.07819934584451832,0.0397561622051418,224,3773,0,0,0,0
1525,0590_c0005_000.jpg,590,4,-1,True,150,8550,0.13690642896496338,0.06890215893431327,32,2177,0,0,0,0
1526,0590_c0005_005.jpg,590,4,-1,True,150,8550,0.13652883083278022,0.07281553398058252,49,2060,0,0,0,0
1527,0590_c0005_010.jpg,590,4,-1,True,150,8550,0.1599637137237857,0.09517766497461928,40,1576,0,0,0,0
1528,0590_c0005_015.jpg,590,4,-1,True,150,8550,0.13795614243377471,0.06454388984509467,28,2324,0,0,0,0
1529,0590_c0005_020.jpg,590,4,-1,True,150,8550,0.1314872057353785,0.07579585649317837,53,1979,0,0,0,0
1530,0590_c0006_000.jpg,590,5,-1,True,150,8550,0.08337687256949981,0.05235602094240838,36,2865,0,0,0,0
1531,0590_c0006_005.jpg,590,5,-1,True,150,8550,0.08300527663992516,0.05122950819672131,38,2928,0,0,0,0
1532,0590_c0006_010.jpg,590,5,-1,True,150,8550,0.08362053419644243,0.05128205128205128,45,2925,0,0,0,0
1533,0590_c0006_015.jpg,590,5,-1,True,150,8550,0.0820790016967162,0.04608294930875576,35,3255,0,0,0,0
1534,0590_c0006_020.jpg,590,5,-1,True,150,8550,0.07260908662220636,0.045998160073597055,35,3261,0,0,0,0
1535,0590_c0007_000.jpg,590,6,-1,True,150,8550,0.1414956926403367,0.11764705882352941,134,1275,0,0,0,0
1536,0590_c0007_005.jpg,590,6,-1,True,150,8550,0.1441047392042989,0.12067578439259855,59,1243,0,0,0,0
1537,0590_c0007_010.jpg,590,6,-1,True,150,8550,0.1446031073409116,0.10080645161290322,23,1488,0,0,0,0
1538,0590_c0007_015.jpg,590,6,-1,True,150,8550,0.136425758262187,0.09784735812133072,58,1533,0,0,0,0
1539,0590_c0007_020.jpg,590,6,-1,True,150,8550,0.14406841028384984,0.09778357235984354,43,1534,0,0,0,0
1540,0590_c0008_000.jpg,590,7,-1,True,150,8550,0.11444049235343409,0.04739336492890995,42,3165,0,0,0,0
1541,0590_c0008_005.jpg,590,7,-1,True,150,8550,0.11220004232175346,0.053022269353128315,64,2829,0,0,0,0
1542,0590_c0008_010.jpg,590,7,-1,True,150,8550,0.10744866524183612,0.0499001996007984,44,3006,0,0,0,0
1543,0590_c0008_015.jpg,590,7,-1,True,150,8550,0.10371658465797698,0.05043712172158709,61,2974,0,0,0,0
1544,0590_c0008_020.jpg,590,7,-1,True,150,8550,0.1018665242695829,0.04823151125401929,58,3110,0,0,0,0
1545,0592_c0001_000.jpg,592,0,-1,True,125,8550,0.6104535080137131,0.3980891719745223,1,314,1,1,1,1
1546,0592_c0001_005.jpg,592,0,-1,True,125,8550,0.6474126581302769,0.39308176100628933,1,318,1,1,1,1
1547,0592_c0001_010.jpg,592,0,-1,True,125,8550,0.6250671995231818,0.3968253968253968,1,315,1,1,1,1
1548,0592_c0001_015.jpg,592,0,-1,True,125,8550,0.6092164607005066,0.37091988130563797,1,337,1,1,1,1
1549,0592_c0001_020.jpg,592,0,-1,True,125,8550,0.6905873084246203,0.43103448275862066,1,290,1,1,1,1
1550,0592_c0002_000.jpg,592,1,-1,True,125,8550,0.7439160563348911,0.5,1,250,1,1,1,1
1551,0592_c0002_005.jpg,592,1,-1,True,125,8550,0.8058308042878628,0.508130081300813,1,246,1,1,1,1
1552,0592_c0002_010.jpg,592,1,-1,True,125,8550,0.7950971295026654,0.5020080321285141,1,249,1,1,1,1
1553,0592_c0002_015.jpg,592,1,-1,True,125,8550,0.7542110404762336,0.5506607929515418,1,227,1,1,1,1
1554,0592_c0002_020.jpg,592,1,-1,True,125,8550,0.7606115512264038,0.49800796812749004,1,251,1,1,1,1
1555,0592_c0003_000.jpg,592,2,-1,True,125,8550,0.49508774963090185,0.2642706131078224,1,473,1,1,1,1
1556,0592_c0003_005.jpg,592,2,-1,True,125,8550,0.7055534799424796,0.28216704288939054,1,443,1,1,1,1
1557,0592_c0003_010.jpg,592,2,-1,True,125,8550,0.765318193578333,0.294811320754717,1,424,1,1,1,1
1558,0592_c0003_015.jpg,592,2,-1,True,125,8550,0.7342285544812157,0.2847380410022779,1,439,1,1,1,1
1559,0592_c0003_020.jpg,592,2,-1,True,125,8550,0.6371245704067612,0.29205607476635514,1,428,1,1,1,1
1560,0592_c0005_000.jpg,592,4,-1,True,125,8550,0.7229295505573748,0.48638132295719844,1,257,1,1,1,1
1561,0592_c0005_005.jpg,592,4,-1,True,125,8550,0.7303956129036978,0.46296296296296297,1,270,1,1,1,1
1562,0592_c0005_010.jpg,592,4,-1,True,125,8550,0.7081586858913764,0.4752851711026616,1,263,1,1,1,1
1563,0592_c0005_015.jpg,592,4,-1,True,125,8550,0.668390864554185,0.4045307443365696,1,309,1,1,1,1
1564,0592_c0005_020.jpg,592,4,-1,True,125,8550,0.5436840318804161,0.38819875776397517,2,322,0,1,1,1
1565,0592_c0006_000.jpg,592,5,-1,True,125,8550,0.8597519183858497,0.3424657534246575,1,365,1,1,1,1
1566,0592_c0006_005.jpg,592,5,-1,True,125,8550,0.685085487638259,0.2653927813163482,1,471,1,1,1,1
1567,0592_c0006_010.jpg,592,5,-1,True,125,8550,0.9372047972737922,0.4826254826254826,1,259,1,1,1,1
1568,0592_c0006_015.jpg,592,5,-1,True,125,8550,0.943376837185317,0.5530973451327433,1,226,1,1,1,1
1569,0592_c0006_020.jpg,592,5,-1,True,125,8550,0.9302022121720757,0.45955882352941174,1,272,1,1,1,1
1570,0592_c0007_000.jpg,592,6,-1,True,125,8550,0.9475942818337615,0.5165289256198347,1,242,1,1,1,1
1571,0592_c0007_005.jpg,592,6,-1,True,125,8550,0.9415768980278489,0.5319148936170213,1,235,1,1,1,1
1572,0592_c0007_010.jpg,592,6,-1,True,125,8550,0.9194772079987307,0.45454545454545453,1,275,1,1,1,1
1573,0592_c0007_015.jpg,592,6,-1,True,125,8550,0.9348140122211507,0.49603174603174605,1,252,1,1,1,1
1574,0592_c0007_020.jpg,592,6,-1,True,125,8550,0.9373853834970577,0.4562043795620438,1,274,1,1,1,1
1575,0594_c0001_000.jpg,594,0,-1,True,150,8550,0.22270107071908016,0.07032348804500703,38,2133,0,0,0,0
1576,0594_c0001_005.jpg,594,0,-1,True,150,8550,0.26857426322854305,0.08205689277899343,19,1828,0,0,0,1
1577,0594_c0001_010.jpg,594,0,-1,True,150,8550,0.22706114737483196,0.06268282490597576,36,2393,0,0,0,0
1578,0594_c0001_015.jpg,594,0,-1,True,150,8550,0.21464217659324314,0.06190672719768882,30,2423,0,0,0,0
1579,0594_c0001_020.jpg,594,0,-1,True,150,8550,0.19703662218845291,0.09993337774816789,62,1501,0,0,0,0
1580,0594_c0002_000.jpg,594,1,-1,True,150,8550,0.5532255664872774,0.23076923076923078,1,650,1,1,1,1
1581,0594_c0002_005.jpg,594,1,-1,True,150,8550,0.5691565187897256,0.22026431718061673,1,681,1,1,1,1
1582,0594_c0002_010.jpg,594,1,-1,True,150,8550,0.5260727965651074,0.1835985312117503,1,817,1,1,1,1
1583,0594_c0002_015.jpg,594,1,-1,True,150,8550,0.45082360367673013,0.22123893805309736,1,678,1,1,1,1
1584,0594_c0002_020.jpg,594,1,-1,True,150,8550,0.46000259420829254,0.2029769959404601,1,739,1,1,1,1
1585,0594_c0003_000.jpg,594,2,-1,True,150,8550,0.2644384474026918,0.05230125523012552,26,2868,0,0,0,0
1586,0594_c0003_005.jpg,594,2,-1,True,150,8550,0.29264771741222534,0.05324813631522897,26,2817,0,0,0,0
1587,0594_c0003_010.jpg,594,2,-1,True,150,8550,0.25384327560148834,0.049358341559723594,26,3039,0,0,0,0
1588,0594_c0003_015.jpg,594,2,-1,True,150,8550,0.2868515077316944,0.05557613931085587,26,2699,0,0,0,0
1589,0594_c0003_020.jpg,594,2,-1,True,150,8550,0.32864228117714994,0.057892705519104595,26,2591,0,0,0,0
1590,0594_c0005_000.jpg,594,4,-1,True,150,8550,0.2103276286563279,0.10924981791697014,26,1373,0,0,0,0
1591,0594_c0005_005.jpg,594,4,-1,True,150,8550,0.24582936926431007,0.10053619302949061,26,1492,0,0,0,0
1592,0594_c0005_010.jpg,594,4,-1,True,150,8550,0.33371990122299383,0.11755485893416928,26,1276,0,0,0,0
1593,0594_c0005_015.jpg,594,4,-1,True,150,8550,0.18354762481656128,0.09633911368015415,32,1557,0,0,0,0
1594,0594_c0005_020.jpg,594,4,-1,True,150,8550,0.21574274460884812,0.11801730920535011,7,1271,0,0,1,1
1595,0594_c0006_000.jpg,594,5,-1,True,150,8550,0.28097418630892246,0.1016260162601626,26,1476,0,0,0,0
1596,0594_c0006_005.jpg,594,5,-1,True,150,8550,0.2535643753338671,0.10548523206751055,26,1422,0,0,0,0
1597,0594_c0006_010.jpg,594,5,-1,True,150,8550,0.29862104397819317,0.10744985673352435,22,1396,0,0,0,0
1598,0594_c0006_015.jpg,594,5,-1,True,150,8550,0.30078200174034253,0.1111934766493699,21,1349,0,0,0,0
1599,0594_c0006_020.jpg,594,5,-1,True,150,8550,0.29339970596438547,0.12479201331114809,23,1202,0,0,0,0
1600,0594_c0007_000.jpg,594,6,-1,True,150,8550,0.4767002439573736,0.1460564751703992,3,1027,0,1,1,1
1601,0594_c0007_005.jpg,594,6,-1,True,150,8550,0.44866776562364435,0.1015572105619499,5,1477,0,1,1,1
1602,0594_c0007_010.jpg,594,6,-1,True,150,8550,0.4457632313550251,0.10814708002883922,1,1387,1,1,1,1
1603,0594_c0007_015.jpg,594,6,-1,True,150,8550,0.4687272918851765,0.1413760603204524,1,1061,1,1,1,1
1604,0594_c0007_020.jpg,594,6,-1,True,150,8550,0.5364728046603019,0.15889830508474576,1,944,1,1,1,1
1605,0594_c0008_000.jpg,594,7,-1,True,150,8550,0.35476252745481496,0.11895321173671689,25,1261,0,0,0,0
1606,0594_c0008_005.jpg,594,7,-1,True,150,8550,0.30407211670919365,0.11219147344801796,26,1337,0,0,0,0
1607,0594_c0008_010.jpg,594,7,-1,True,150,8550,0.2763877755313141,0.1497005988023952,31,1002,0,0,0,0
1608,0594_c0008_015.jpg,594,7,-1,True,150,8550,0.2763376356549604,0.15337423312883436,23,978,0,0,0,0
1609,0594_c0008_020.jpg,594,7,-1,True,150,8550,0.2684322079027687,0.12479201331114809,28,1202,0,0,0,0
1610,0596_c0001_000.jpg,596,0,-1,True,175,8550,0.18675614643086522,0.11961722488038277,3,1463,0,1,1,1
1611,0596_c0001_005.jpg,596,0,-1,True,175,8550,0.13220029454346316,0.10215995329830706,12,1713,0,0,0,1
1612,0596_c0001_010.jpg,596,0,-1,True,175,8550,0.1137584033731248,0.0936830835117773,50,1868,0,0,0,0
1613,0596_c0001_015.jpg,596,0,-1,True,175,8550,0.10013852319278978,0.09210526315789473,79,1900,0,0,0,0
1614,0596_c0001_020.jpg,596,0,-1,True,175,8550,0.25990702315674397,0.09557618787547788,3,1831,0,1,1,1
1615,0596_c0002_000.jpg,596,1,-1,True,175,8550,0.21597876472193567,0.09490238611713665,8,1844,0,0,1,1
1616,0596_c0002_005.jpg,596,1,-1,True,175,8550,0.16593778805913947,0.13069454817027631,90,1339,0,0,0,0
1617,0596_c0002_010.jpg,596,1,-1,True,175,8550,0.2287712654111055,0.15283842794759825,27,1145,0,0,0,0
1618,0596_c0002_015.jpg,596,1,-1,True,175,8550,0.1915797783430459,0.09293680297397769,63,1883,0,0,0,0
1619,0596_c0002_020.jpg,596,1,-1,True,175,8550,0.2183911089095699,0.12186629526462396,45,1436,0,0,0,0
1620,0596_c0003_000.jpg,596,2,-1,True,175,8550,0.19919154368943448,0.04469987228607918,5,3915,0,1,1,1
1621,0596_c0003_005.jpg,596,2,-1,True,175,8550,0.23151989498554368,0.034979012592444535,1,5003,1,1,1,1
1622,0596_c0003_010.jpg,596,2,-1,True,175,8550,0.1729224404633245,0.03320683111954459,1,5270,1,1,1,1
1623,0596_c0003_015.jpg,596,2,-1,True,175,8550,0.19778391665265743,0.034979012592444535,16,5003,0,0,0,1
1624,0596_c0003_020.jpg,596,2,-1,True,175,8550,0.23593376709998698,0.04080205176031709,25,4289,0,0,0,0
1625,0596_c0004_000.jpg,596,3,-1,True,175,8550,0.4869924365308332,0.06868131868131869,1,2548,1,1,1,1
1626,0596_c0004_005.jpg,596,3,-1,True,175,8550,0.4812685822049715,0.046468401486988845,1,3766,1,1,1,1
1627,0596_c0004_010.jpg,596,3,-1,True,175,8550,0.5192466301482778,0.0635439360929557,1,2754,1,1,1,1
1628,0596_c0004_015.jpg,596,3,-1,True,175,8550,0.5304584564212261,0.05779392338177015,1,3028,1,1,1,1
1629,0596_c0004_020.jpg,596,3,-1,True,175,8550,0.5184346686893879,0.058372248165443626,1,2998,1,1,1,1
1630,0596_c0005_000.jpg,596,4,-1,True,175,8550,0.20486996566237192,0.042026897214217096,4,4164,0,1,1,1
1631,0596_c0005_005.jpg,596,4,-1,True,175,8550,0.3638690707237608,0.05578578259483583,2,3137,0,1,1,1
1632,0596_c0005_010.jpg,596,4,-1,True,175,8550,0.18475625343285507,0.041050903119868636,3,4263,0,1,1,1
1633,0596_c0005_015.jpg,596,4,-1,True,175,8550,0.24200065158685635,0.04269333983898512,9,4099,0,0,1,1
1634,0596_c0005_020.jpg,596,4,-1,True,175,8550,0.1512360131597525,0.03623938703665355,14,4829,0,0,0,1
1635,0596_c0006_000.jpg,596,5,-1,True,175,8550,0.3793774219859751,0.06379876048122493,1,2743,1,1,1,1
1636,0596_c0006_005.jpg,596,5,-1,True,175,8550,0.39589108034818504,0.07638585770405937,1,2291,1,1,1,1
1637,0596_c0006_010.jpg,596,5,-1,True,175,8550,0.39649807491665884,0.09787472035794184,1,1788,1,1,1,1
1638,0596_c0006_015.jpg,596,5,-1,True,175,8550,0.45880986907345717,0.1312828207051763,1,1333,1,1,1,1
1639,0596_c0006_020.jpg,596,5,-1,True,175,8550,0.38111172789104314,0.08345255126371007,1,2097,1,1,1,1
1640,0596_c0007_000.jpg,596,6,-1,True,175,8550,0.654426408143497,0.1637043966323667,1,1069,1,1,1,1
1641,0596_c0007_005.jpg,596,6,-1,True,175,8550,0.7112058843362605,0.1720747295968535,1,1017,1,1,1,1
1642,0596_c0007_010.jpg,596,6,-1,True,175,8550,0.6649302501952891,0.14743049705139005,1,1187,1,1,1,1
1643,0596_c0007_015.jpg,596,6,-1,True,175,8550,0.6744712189605954,0.2080856123662307,1,841,1,1,1,1
1644,0596_c0007_020.jpg,596,6,-1,True,175,8550,0.716165970946848,0.205158264947245,1,853,1,1,1,1
1645,0596_c0008_000.jpg,596,7,-1,True,175,8550,0.48752375502774853,0.21446078431372548,1,816,1,1,1,1
1646,0596_c0008_005.jpg,596,7,-1,True,175,8550,0.5652987689327835,0.21739130434782608,1,805,1,1,1,1
1647,0596_c0008_010.jpg,596,7,-1,True,175,8550,0.6371290518530894,0.2751572327044025,1,636,1,1,1,1
1648,0596_c0008_015.jpg,596,7,-1,True,175,8550,0.6610064381266179,0.2044392523364486,1,856,1,1,1,1
1649,0596_c0008_020.jpg,596,7,-1,True,175,8550,0.4936671520099503,0.15486725663716813,1,1130,1,1,1,1
1650,0598_c0001_000.jpg,598,0,-1,True,100,8550,0.4856111223293351,0.06702412868632708,1,1492,1,1,1,1
1651,0598_c0001_005.jpg,598,0,-1,True,100,8550,0.5166339442505147,0.09970089730807577,1,1003,1,1,1,1
1652,0598_c0001_010.jpg,598,0,-1,True,100,8550,0.4253936831887779,0.11389521640091116,1,878,1,1,1,1
1653,0598_c0001_015.jpg,598,0,-1,True,100,8550,0.41322936752422157,0.13908205841446453,1,719,1,1,1,1
1654,0598_c0001_020.jpg,598,0,-1,True,100,8550,0.312023085486938,0.05515719801434087,1,1813,1,1,1,1
1655,0598_c0002_000.jpg,598,1,-1,True,100,8550,0.9808225845914419,0.8403361344537815,1,119,1,1,1,1
1656,0598_c0002_005.jpg,598,1,-1,True,100,8550,0.9995979391816732,0.9900990099009901,1,101,1,1,1,1
1657,0598_c0002_010.jpg,598,1,-1,True,100,8550,0.9973122210084827,0.8928571428571429,1,112,1,1,1,1
1658,0598_c0002_015.jpg,598,1,-1,True,100,8550,0.9101619589611412,0.3448275862068966,1,290,1,1,1,1
1659,0598_c0002_020.jpg,598,1,-1,True,100,8550,0.9880436890868199,0.78125,1,128,1,1,1,1
1660,0598_c0003_000.jpg,598,2,-1,True,100,8550,0.4038761011932006,0.07189072609633357,1,1391,1,1,1,1
1661,0598_c0003_005.jpg,598,2,-1,True,100,8550,0.3875431847194503,0.07518796992481203,1,1330,1,1,1,1
1662,0598_c0003_010.jpg,598,2,-1,True,100,8550,0.38432464292405055,0.0711743772241993,1,1405,1,1,1,1
1663,0598_c0003_015.jpg,598,2,-1,True,100,8550,0.377303816876764,0.07052186177715092,1,1418,1,1,1,1
1664,0598_c0003_020.jpg,598,2,-1,True,100,8550,0.3591346279920814,0.0684931506849315,1,1460,1,1,1,1
1665,0598_c0007_000.jpg,598,6,-1,True,100,8550,0.09487688326318627,0.07564296520423601,129,1322,0,0,0,0
1666,0598_c0007_005.jpg,598,6,-1,True,100,8550,0.10006163849090857,0.08445945945945946,130,1184,0,0,0,0
1667,0598_c0007_010.jpg,598,6,-1,True,100,8550,0.10787965478861267,0.08460236886632826,100,1182,0,0,0,0
1668,0598_c0007_015.jpg,598,6,-1,True,100,8550,0.1401488437663203,0.07390983000739099,44,1353,0,0,0,0
1669,0598_c0007_020.jpg,598,6,-1,True,100,8550,0.11565635068606687,0.0782472613458529,71,1278,0,0,0,0
1670,0598_c0008_000.jpg,598,7,-1,True,100,8550,0.14756427389795357,0.10101010101010101,19,990,0,0,0,1
1671,0598_c0008_005.jpg,598,7,-1,True,100,8550,0.16296751736669704,0.09276437847866419,18,1078,0,0,0,1
1672,0598_c0008_010.jpg,598,7,-1,True,100,8550,0.17270781687306105,0.1141552511415525,12,876,0,0,0,1
1673,0598_c0008_015.jpg,598,7,-1,True,100,8550,0.17605203731149227,0.12165450121654502,10,822,0,0,1,1
1674,0598_c0008_020.jpg,598,7,-1,True,100,8550,0.17532187296403604,0.12165450121654502,10,822,0,0,1,1
1675,0600_c0001_000.jpg,600,0,-1,True,175,8550,0.16493043701668442,0.04514963880288958,49,3876,0,0,0,0
1676,0600_c0001_005.jpg,600,0,-1,True,175,8550,0.19764472254567156,0.05674448767833982,38,3084,0,0,0,0
1677,0600_c0001_010.jpg,600,0,-1,True,175,8550,0.20857644634649505,0.05234819024827999,31,3343,0,0,0,0
1678,0600_c0001_015.jpg,600,0,-1,True,175,8550,0.1879173918625591,0.0496031746031746,33,3528,0,0,0,0
1679,0600_c0001_020.jpg,600,0,-1,True,175,8550,0.2730789768875688,0.05819753907549052,2,3007,0,1,1,1
1680,0600_c0002_000.jpg,600,1,-1,True,175,8550,0.07400820090269737,0.06593820648078372,258,2654,0,0,0,0
1681,0600_c0002_005.jpg,600,1,-1,True,175,8550,0.0531343161558672,0.05248950209958008,481,3334,0,0,0,0
1682,0600_c0002_010.jpg,600,1,-1,True,175,8550,0.03422379423940477,0.035496957403651115,680,4930,0,0,0,0
1683,0600_c0002_015.jpg,600,1,-1,True,175,8550,0.05375499927613918,0.051990493166963754,460,3366,0,0,0,0
1684,0600_c0002_020.jpg,600,1,-1,True,175,8550,0.04700868760602682,0.05075406032482599,473,3448,0,0,0,0
1685,0600_c0003_000.jpg,600,2,-1,True,175,8550,0.7828418947629319,0.0936830835117773,1,1868,1,1,1,1
1686,0600_c0003_005.jpg,600,2,-1,True,175,8550,0.7920846614521825,0.10168506682161534,1,1721,1,1,1,1
1687,0600_c0003_010.jpg,600,2,-1,True,175,8550,0.7747397674692376,0.11268512556342562,1,1553,1,1,1,1
1688,0600_c0003_015.jpg,600,2,-1,True,175,8550,0.799946163866352,0.1111111111111111,1,1575,1,1,1,1
1689,0600_c0003_020.jpg,600,2,-1,True,175,8550,0.7893626467459305,0.11551155115511551,1,1515,1,1,1,1
1690,0600_c0004_000.jpg,600,3,-1,True,175,8550,0.6971584581216361,0.06974890394579514,1,2509,1,1,1,1
1691,0600_c0004_005.jpg,600,3,-1,True,175,8550,0.7968588113668598,0.08353221957040573,1,2095,1,1,1,1
1692,0600_c0004_010.jpg,600,3,-1,True,175,8550,0.6411837606885437,0.060324026197862805,1,2901,1,1,1,1
1693,0600_c0004_015.jpg,600,3,-1,True,175,8550,0.6388586760503381,0.060637560637560636,1,2886,1,1,1,1
1694,0600_c0004_020.jpg,600,3,-1,True,175,8550,0.699098800637381,0.07,1,2500,1,1,1,1
1695,0600_c0005_000.jpg,600,4,-1,True,175,8550,0.6808610674444523,0.09454349000540249,1,1851,1,1,1,1
1696,0600_c0005_005.jpg,600,4,-1,True,175,8550,0.5365187041849931,0.10964912280701754,6,1596,0,0,1,1
1697,0600_c0005_010.jpg,600,4,-1,True,175,8550,0.616960672727784,0.11385816525699415,1,1537,1,1,1,1
1698,0600_c0005_015.jpg,600,4,-1,True,175,8550,0.48523446126227926,0.09433962264150944,12,1855,0,0,0,1
1699,0600_c0005_020.jpg,600,4,-1,True,175,8550,0.5850442301713085,0.12617159336697908,4,1387,0,1,1,1
1700,0600_c0006_000.jpg,600,5,-1,True,175,8550,0.6589906937757376,0.1023990637799883,1,1709,1,1,1,1
1701,0600_c0006_005.jpg,600,5,-1,True,175,8550,0.6269073167220494,0.09948834565093803,1,1759,1,1,1,1
1702,0600_c0006_010.jpg,600,5,-1,True,175,8550,0.6500310215761868,0.09495387954422138,1,1843,1,1,1,1
1703,0600_c0006_015.jpg,600,5,-1,True,175,8550,0.5721091632055401,0.09792949076664802,1,1787,1,1,1,1
1704,0600_c0006_020.jpg,600,5,-1,True,175,8550,0.57701262838868,0.10782501540357363,1,1623,1,1,1,1
1705,0600_c0007_000.jpg,600,6,-1,True,175,8550,0.72249943840973,0.1135626216742375,1,1541,1,1,1,1
1706,0600_c0007_005.jpg,600,6,-1,True,175,8550,0.7212272585298215,0.08865248226950355,1,1974,1,1,1,1
1707,0600_c0007_010.jpg,600,6,-1,True,175,8550,0.7320130765986275,0.11422976501305483,1,1532,1,1,1,1
1708,0600_c0007_015.jpg,600,6,-1,True,175,8550,0.7268036124047568,0.10318396226415094,1,1696,1,1,1,1
1709,0600_c0007_020.jpg,600,6,-1,True,175,8550,0.6895290872990432,0.09798432250839866,1,1786,1,1,1,1
1710,0600_c0008_000.jpg,600,7,-1,True,175,8550,0.6164305733554997,0.08417508417508418,1,2079,1,1,1,1
1711,0600_c0008_005.jpg,600,7,-1,True,175,8550,0.6748941736259222,0.10361160449970397,1,1689,1,1,1,1
1712,0600_c0008_010.jpg,600,7,-1,True,175,8550,0.6527541532044675,0.1095118898623279,1,1598,1,1,1,1
1713,0600_c0008_015.jpg,600,7,-1,True,175,8550,0.6312777612646195,0.09157509157509157,1,1911,1,1,1,1
1714,0600_c0008_020.jpg,600,7,-1,True,175,8550,0.5972497311979201,0.09057971014492754,1,1932,1,1,1,1
