query_index,name,identity,camera,scene,valid,relevant_gallery,kept_gallery,AP,INP,first_match,last_match,Rank-1,Rank-5,Rank-10,Rank-20
0,0502_c0001_000.jpg,502,0,-1,True,175,8550,0.6532025653143694,0.17857142857142858,1,980,1,1,1,1
1,0502_c0001_005.jpg,502,0,-1,True,175,8550,0.5771997007090788,0.18696581196581197,1,936,1,1,1,1
2,0502_c0001_010.jpg,502,0,-1,True,175,8550,0.47269071955707986,0.16634980988593157,2,1052,0,1,1,1
3,0502_c0001_015.jpg,502,0,-1,True,175,8550,0.5176099773586708,0.1697381183317168,1,1031,1,1,1,1
4,0502_c0001_020.jpg,502,0,-1,True,175,8550,0.5052024308591604,0.16603415559772297,2,1054,0,1,1,1
5,0502_c0002_000.jpg,502,1,-1,True,175,8550,0.7392662216392017,0.19001085776330076,1,921,1,1,1,1
6,0502_c0002_005.jpg,502,1,-1,True,175,8550,0.7275922542839914,0.2596439169139466,1,674,1,1,1,1
7,0502_c0002_010.jpg,502,1,-1,True,175,8550,0.7489137110567781,0.2393980848153215,1,731,1,1,1,1
8,0502_c0002_015.jpg,502,1,-1,True,175,8550,0.7752064837387191,0.23648648648648649,1,740,1,1,1,1
9,0502_c0002_020.jpg,502,1,-1,True,175,8550,0.8570721307000333,0.34860557768924305,1,502,1,1,1,1
10,0502_c0003_000.jpg,502,2,-1,True,175,8550,0.591286323585329,0.14344262295081966,1,1220,1,1,1,1
11,0502_c0003_005.jpg,502,2,-1,True,175,8550,0.6159383106793618,0.16114180478821363,1,1086,1,1,1,1
12,0502_c0003_010.jpg,502,2,-1,True,175,8550,0.46183328887789626,0.14033680834001605,1,1247,1,1,1,1
13,0502_c0003_015.jpg,502,2,-1,True,175,8550,0.5664066892687426,0.1524390243902439,1,1148,1,1,1,1
14,0502_c0003_020.jpg,502,2,-1,True,175,8550,0.5182324440023873,0.1440329218106996,1,1215,1,1,1,1
15,0502_c0004_000.jpg,502,3,-1,True,175,8550,0.6720592567030667,0.12644508670520233,1,1384,1,1,1,1
16,0502_c0004_005.jpg,502,3,-1,True,175,8550,0.804314202543331,0.1570915619389587,1,1114,1,1,1,1
17,0502_c0004_010.jpg,502,3,-1,True,175,8550,0.8336559782142985,0.14681208053691275,1,1192,1,1,1,1
18,0502_c0004_015.jpg,502,3,-1,True,175,8550,0.8102907751865369,0.1263537906137184,1,1385,1,1,1,1
19,0502_c0004_020.jpg,502,3,-1,True,175,8550,0.7943820040573002,0.1366120218579235,1,1281,1,1,1,1
20,0502_c0005_000.jpg,502,4,-1,True,175,8550,0.6707393376139953,0.2266839378238342,1,772,1,1,1,1
21,0502_c0005_005.jpg,502,4,-1,True,175,8550,0.6556634552574296,0.21957340025094102,1,797,1,1,1,1
22,0502_c0005_010.jpg,502,4,-1,True,175,8550,0.5962358912347333,0.17641129032258066,1,992,1,1,1,1
23,0502_c0005_015.jpg,502,4,-1,True,175,8550,0.6414012565901829,0.17587939698492464,1,995,1,1,1,1
24,0502_c0005_020.jpg,502,4,-1,True,175,8550,0.6780298422832699,0.20372526193247964,1,859,1,1,1,1
25,0502_c0006_000.jpg,502,5,-1,True,175,8550,0.19084724183425833,0.08892276422764228,1,1968,1,1,1,1
26,0502_c0006_005.jpg,502,5,-1,True,175,8550,0.35559525444392015,0.12002743484224966,1,1458,1,1,1,1
27,0502_c0006_010.jpg,502,5,-1,True,175,8550,0.32755510856862396,0.11013215859030837,1,1589,1,1,1,1
28,0502_c0006_015.jpg,502,5,-1,True,175,8550,0.28743547955482646,0.1074938574938575,21,1628,0,0,0,0
29,0502_c0006_020.jpg,502,5,-1,True,175,8550,0.2588647505672358,0.11174968071519796,9,1566,0,0,1,1
30,0502_c0007_000.jpg,502,6,-1,True,175,8550,0.7111925947486779,0.28135048231511256,1,622,1,1,1,1
31,0502_c0007_005.jpg,502,6,-1,True,175,8550,0.7910221833559798,0.5813953488372093,1,301,1,1,1,1
32,0502_c0007_010.jpg,502,6,-1,True,175,8550,0.8288385967997152,0.5102040816326531,1,343,1,1,1,1
33,0502_c0007_015.jpg,502,6,-1,True,175,8550,0.8164269685418312,0.3528225806451613,1,496,1,1,1,1
34,0502_c0007_020.jpg,502,6,-1,True,175,8550,0.7765958596285606,0.3593429158110883,1,487,1,1,1,1
35,0502_c0008_000.jpg,502,7,-1,True,175,8550,0.6865352002415263,0.15486725663716813,1,1130,1,1,1,1
36,0502_c0008_005.jpg,502,7,-1,True,175,8550,0.7085280359551814,0.2246469833119384,1,779,1,1,1,1
37,0502_c0008_010.jpg,502,7,-1,True,175,8550,0.6934741920587032,0.15569395017793594,1,1124,1,1,1,1
38,0502_c0008_015.jpg,502,7,-1,True,175,8550,0.6961070380939677,0.17766497461928935,1,985,1,1,1,1
39,0502_c0008_020.jpg,502,7,-1,True,175,8550,0.5844521260358806,0.12297962052002812,1,1423,1,1,1,1
40,0504_c0001_000.jpg,504,0,-1,True,150,8550,0.855316525949903,0.4491017964071856,1,334,1,1,1,1
41,0504_c0001_005.jpg,504,0,-1,True,150,8550,0.7498285136609664,0.29239766081871343,1,513,1,1,1,1
42,0504_c0001_010.jpg,504,0,-1,True,150,8550,0.7379974941868206,0.31185031185031187,1,481,1,1,1,1
43,0504_c0001_015.jpg,504,0,-1,True,150,8550,0.6877708166205736,0.28680688336520077,1,523,1,1,1,1
44,0504_c0001_020.jpg,504,0,-1,True,150,8550,0.7671311767966779,0.29880478087649404,1,502,1,1,1,1
45,0504_c0002_000.jpg,504,1,-1,True,150,8550,0.9383842991563757,0.646551724137931,1,232,1,1,1,1
46,0504_c0002_005.jpg,504,1,-1,True,150,8550,0.9270577575675202,0.6410256410256411,1,234,1,1,1,1
47,0504_c0002_010.jpg,504,1,-1,True,150,8550,0.9497309508835671,0.7211538461538461,1,208,1,1,1,1
48,0504_c0002_015.jpg,504,1,-1,True,150,8550,0.9518320434857539,0.7009345794392523,1,214,1,1,1,1
49,0504_c0002_020.jpg,504,1,-1,True,150,8550,0.956189006479758,0.7075471698113207,1,212,1,1,1,1
50,0504_c0003_000.jpg,504,2,-1,True,150,8550,0.8852260237826703,0.5725190839694656,1,262,1,1,1,1
51,0504_c0003_005.jpg,504,2,-1,True,150,8550,0.8787009965559063,0.6382978723404256,1,235,1,1,1,1
52,0504_c0003_010.jpg,504,2,-1,True,150,8550,0.8896205541066958,0.6637168141592921,1,226,1,1,1,1
53,0504_c0003_015.jpg,504,2,-1,True,150,8550,0.8902618526062145,0.6521739130434783,1,230,1,1,1,1
54,0504_c0003_020.jpg,504,2,-1,True,150,8550,0.9037770183343427,0.6818181818181818,1,220,1,1,1,1
55,0504_c0005_000.jpg,504,4,-1,True,150,8550,0.7657172032576504,0.5660377358490566,1,265,1,1,1,1
56,0504_c0005_005.jpg,504,4,-1,True,150,8550,0.7937903920886752,0.6666666666666666,1,225,1,1,1,1
57,0504_c0005_010.jpg,504,4,-1,True,150,8550,0.8383428076163274,0.7009345794392523,1,214,1,1,1,1
58,0504_c0005_015.jpg,504,4,-1,True,150,8550,0.8873362075855376,0.6976744186046512,1,215,1,1,1,1
59,0504_c0005_020.jpg,504,4,-1,True,150,8550,0.8713365578202227,0.6147540983606558,1,244,1,1,1,1
60,0504_c0006_000.jpg,504,5,-1,True,150,8550,1.0,1.0,1,150,1,1,1,1
61,0504_c0006_005.jpg,504,5,-1,True,150,8550,1.0,1.0,1,150,1,1,1,1
62,0504_c0006_010.jpg,504,5,-1,True,150,8550,1.0,1.0,1,150,1,1,1,1
63,0504_c0006_015.jpg,504,5,-1,True,150,8550,1.0,1.0,1,150,1,1,1,1
64,0504_c0006_020.jpg,504,5,-1,True,150,8550,1.0,1.0,1,150,1,1,1,1
65,0504_c0007_000.jpg,504,6,-1,True,150,8550,0.9984995680989276,0.9316770186335404,1,161,1,1,1,1
66,0504_c0007_005.jpg,504,6,-1,True,150,8550,0.9977515260094028,0.9259259259259259,1,162,1,1,1,1
67,0504_c0007_010.jpg,504,6,-1,True,150,8550,0.9999114054451803,0.9933774834437086,1,151,1,1,1,1
68,0504_c0007_015.jpg,504,6,-1,True,150,8550,0.9991446424815149,0.9493670886075949,1,158,1,1,1,1
69,0504_c0007_020.jpg,504,6,-1,True,150,8550,1.0,1.0,1,150,1,1,1,1
70,0504_c0008_000.jpg,504,7,-1,True,150,8550,1.0,1.0,1,150,1,1,1,1
71,0504_c0008_005.jpg,504,7,-1,True,150,8550,0.9983970565005844,0.9554140127388535,1,157,1,1,1,1
72,0504_c0008_010.jpg,504,7,-1,True,150,8550,0.9905024221723765,0.8875739644970414,1,169,1,1,1,1
73,0504_c0008_015.jpg,504,7,-1,True,150,8550,0.984017834051435,0.8426966292134831,1,178,1,1,1,1
74,0504_c0008_020.jpg,504,7,-1,True,150,8550,0.9814080068531669,0.8522727272727273,1,176,1,1,1,1
75,0506_c0001_000.jpg,506,0,-1,True,175,8550,0.799238566124983,0.4107981220657277,1,426,1,1,1,1
76,0506_c0001_005.jpg,506,0,-1,True,175,8550,0.8505570427788574,0.6183745583038869,1,283,1,1,1,1
77,0506_c0001_010.jpg,506,0,-1,True,175,8550,0.817015974575521,0.5756578947368421,1,304,1,1,1,1
78,0506_c0001_015.jpg,506,0,-1,True,175,8550,0.8110588504481834,0.39503386004514673,1,443,1,1,1,1
79,0506_c0001_020.jpg,506,0,-1,True,175,8550,0.8054051063360375,0.44416243654822335,1,394,1,1,1,1
80,0506_c0002_000.jpg,506,1,-1,True,175,8550,0.8144698168924395,0.5681818181818182,1,308,1,1,1,1
81,0506_c0002_005.jpg,506,1,-1,True,175,8550,0.8367743025391643,0.6097560975609756,1,287,1,1,1,1
82,0506_c0002_010.jpg,506,1,-1,True,175,8550,0.8191075860972327,0.5756578947368421,1,304,1,1,1,1
83,0506_c0002_015.jpg,506,1,-1,True,175,8550,0.7789670709475042,0.4781420765027322,1,366,1,1,1,1
84,0506_c0002_020.jpg,506,1,-1,True,175,8550,0.8196816608287729,0.5952380952380952,1,294,1,1,1,1
85,0506_c0003_000.jpg,506,2,-1,True,175,8550,0.9363530599135785,0.875,1,200,1,1,1,1
86,0506_c0003_005.jpg,506,2,-1,True,175,8550,0.9342992327450191,0.875,1,200,1,1,1,1
87,0506_c0003_010.jpg,506,2,-1,True,175,8550,0.9407865927772202,0.875,1,200,1,1,1,1
88,0506_c0003_015.jpg,506,2,-1,True,175,8550,0.9419830537683928,0.8706467661691543,1,201,1,1,1,1
89,0506_c0003_020.jpg,506,2,-1,True,175,8550,0.948293292865277,0.8064516129032258,1,217,1,1,1,1
90,0506_c0004_000.jpg,506,3,-1,True,175,8550,0.855641214318163,0.3022452504317789,1,579,1,1,1,1
91,0506_c0004_005.jpg,506,3,-1,True,175,8550,0.9352855143118817,0.5162241887905604,1,339,1,1,1,1
92,0506_c0004_010.jpg,506,3,-1,True,175,8550,0.9276300178460953,0.5756578947368421,1,304,1,1,1,1
93,0506_c0004_015.jpg,506,3,-1,True,175,8550,0.9174334390290048,0.5287009063444109,1,331,1,1,1,1
94,0506_c0004_020.jpg,506,3,-1,True,175,8550,0.856141449066383,0.49019607843137253,1,357,1,1,1,1
95,0506_c0005_000.jpg,506,4,-1,True,175,8550,0.35627103121589754,0.22151898734177214,1,790,1,1,1,1
96,0506_c0005_005.jpg,506,4,-1,True,175,8550,0.29951322973885663,0.22349936143039592,2,783,0,1,1,1
97,0506_c0005_010.jpg,506,4,-1,True,175,8550,0.2751717684794567,0.21712158808933002,2,806,0,1,1,1
98,0506_c0005_015.jpg,506,4,-1,True,175,8550,0.3397082406789499,0.214987714987715,1,814,1,1,1,1
99,0506_c0005_020.jpg,506,4,-1,True,175,8550,0.25277317019838014,0.22965879265091863,4,762,0,1,1,1
100,0506_c0006_000.jpg,506,5,-1,True,175,8550,0.9255707900921677,0.44191919191919193,1,396,1,1,1,1
101,0506_c0006_005.jpg,506,5,-1,True,175,8550,0.9580046601654697,0.6457564575645757,1,271,1,1,1,1
102,0506_c0006_010.jpg,506,5,-1,True,175,8550,0.9538920170474887,0.5912162162162162,1,296,1,1,1,1
103,0506_c0006_015.jpg,506,5,-1,True,175,8550,0.9268057814488943,0.6294964028776978,1,278,1,1,1,1
104,0506_c0006_020.jpg,506,5,-1,True,175,8550,0.9647432676966275,0.6862745098039216,1,255,1,1,1,1
105,0506_c0007_000.jpg,506,6,-1,True,175,8550,0.9802986178916198,0.875,1,200,1,1,1,1
106,0506_c0007_005.jpg,506,6,-1,True,175,8550,0.9799886068562264,0.8578431372549019,1,204,1,1,1,1
107,0506_c0007_010.jpg,506,6,-1,True,175,8550,0.9778044458609139,0.8454106280193237,1,207,1,1,1,1
108,0506_c0007_015.jpg,506,6,-1,True,175,8550,0.9782812412015668,0.8536585365853658,1,205,1,1,1,1
109,0506_c0007_020.jpg,506,6,-1,True,175,8550,0.9789410849366121,0.8454106280193237,1,207,1,1,1,1
110,0506_c0008_000.jpg,506,7,-1,True,175,8550,0.6324245524989864,0.2217997465145754,1,789,1,1,1,1
111,0506_c0008_005.jpg,506,7,-1,True,175,8550,0.6454724598570654,0.23616734143049933,1,741,1,1,1,1
112,0506_c0008_010.jpg,506,7,-1,True,175,8550,0.7009527460721798,0.3017241379310345,1,580,1,1,1,1
113,0506_c0008_015.jpg,506,7,-1,True,175,8550,0.7013996332446988,0.31305903398926654,1,559,1,1,1,1
114,0506_c0008_020.jpg,506,7,-1,True,175,8550,0.737335743131175,0.36082474226804123,1,485,1,1,1,1
115,0508_c0001_000.jpg,508,0,-1,True,175,8550,0.8275551824755306,0.3977272727272727,1,440,1,1,1,1
116,0508_c0001_005.jpg,508,0,-1,True,175,8550,0.8508380795324219,0.40415704387990764,1,433,1,1,1,1
117,0508_c0001_010.jpg,508,0,-1,True,175,8550,0.7884819027341642,0.3747323340471092,1,467,1,1,1,1
118,0508_c0001_015.jpg,508,0,-1,True,175,8550,0.8245537682357187,0.373134328358209,1,469,1,1,1,1
119,0508_c0001_020.jpg,508,0,-1,True,175,8550,0.8044856084136461,0.4098360655737705,1,427,1,1,1,1
120,0508_c0002_000.jpg,508,1,-1,True,175,8550,0.770762072929761,0.39325842696629215,1,445,1,1,1,1
121,0508_c0002_005.jpg,508,1,-1,True,175,8550,0.8127333089448081,0.390625,1,448,1,1,1,1
122,0508_c0002_010.jpg,508,1,-1,True,175,8550,0.7147605171407297,0.4013761467889908,1,436,1,1,1,1
123,0508_c0002_015.jpg,508,1,-1,True,175,8550,0.8249430697306733,0.47043010752688175,1,372,1,1,1,1
124,0508_c0002_020.jpg,508,1,-1,True,175,8550,0.8267061680623176,0.41371158392434987,1,423,1,1,1,1
125,0508_c0003_000.jpg,508,2,-1,True,175,8550,0.8499632818262934,0.5192878338278932,1,337,1,1,1,1
126,0508_c0003_005.jpg,508,2,-1,True,175,8550,0.8829874476891437,0.5303030303030303,1,330,1,1,1,1
127,0508_c0003_010.jpg,508,2,-1,True,175,8550,0.8476913678224615,0.5271084337349398,1,332,1,1,1,1
128,0508_c0003_015.jpg,508,2,-1,True,175,8550,0.7113415961354002,0.45219638242894056,1,387,1,1,1,1
129,0508_c0003_020.jpg,508,2,-1,True,175,8550,0.830356355164651,0.5116959064327485,1,342,1,1,1,1
130,0508_c0004_000.jpg,508,3,-1,True,175,8550,0.25742240622149415,0.24752475247524752,51,707,0,0,0,0
131,0508_c0004_005.jpg,508,3,-1,True,175,8550,0.39930948888088463,0.3211009174311927,20,545,0,0,0,1
132,0508_c0004_010.jpg,508,3,-1,True,175,8550,0.40320373217709904,0.3022452504317789,18,579,0,0,0,1
133,0508_c0004_015.jpg,508,3,-1,True,175,8550,0.38283585729944253,0.31305903398926654,25,559,0,0,0,0
134,0508_c0004_020.jpg,508,3,-1,True,175,8550,0.2914644379529562,0.3064798598949212,66,571,0,0,0,0
135,0508_c0005_000.jpg,508,4,-1,True,175,8550,0.941010159444416,0.5833333333333334,1,300,1,1,1,1
136,0508_c0005_005.jpg,508,4,-1,True,175,8550,0.9364916415430288,0.5335365853658537,1,328,1,1,1,1
137,0508_c0005_010.jpg,508,4,-1,True,175,8550,0.9265468747112311,0.5271084337349398,1,332,1,1,1,1
138,0508_c0005_015.jpg,508,4,-1,True,175,8550,0.9437087685891274,0.5737704918032787,1,305,1,1,1,1
139,0508_c0005_020.jpg,508,4,-1,True,175,8550,0.9383500287931987,0.5208333333333334,1,336,1,1,1,1
140,0508_c0006_000.jpg,508,5,-1,True,175,8550,0.8118831681175204,0.35496957403651114,1,493,1,1,1,1
141,0508_c0006_005.jpg,508,5,-1,True,175,8550,0.828065971953875,0.3787878787878788,1,462,1,1,1,1
142,0508_c0006_010.jpg,508,5,-1,True,175,8550,0.8301394414069739,0.38377192982456143,1,456,1,1,1,1
143,0508_c0006_015.jpg,508,5,-1,True,175,8550,0.7936314542891275,0.43424317617866004,1,403,1,1,1,1
144,0508_c0006_020.jpg,508,5,-1,True,175,8550,0.830109381199758,0.38293216630196936,1,457,1,1,1,1
145,0508_c0007_000.jpg,508,6,-1,True,175,8550,0.6359666280990796,0.2931323283082077,1,597,1,1,1,1
146,0508_c0007_005.jpg,508,6,-1,True,175,8550,0.6331919027282248,0.3153153153153153,1,555,1,1,1,1
147,0508_c0007_010.jpg,508,6,-1,True,175,8550,0.6770214333291517,0.3371868978805395,1,519,1,1,1,1
148,0508_c0007_015.jpg,508,6,-1,True,175,8550,0.6656107517112558,0.3054101221640489,1,573,1,1,1,1
149,0508_c0007_020.jpg,508,6,-1,True,175,8550,0.6406146213519547,0.3054101221640489,1,573,1,1,1,1
150,0508_c0008_000.jpg,508,7,-1,True,175,8550,0.7904883006566784,0.4557291666666667,1,384,1,1,1,1
151,0508_c0008_005.jpg,508,7,-1,True,175,8550,0.8072486058089218,0.48476454293628807,1,361,1,1,1,1
152,0508_c0008_010.jpg,508,7,-1,True,175,8550,0.7895574354359108,0.5087209302325582,1,344,1,1,1,1
153,0508_c0008_015.jpg,508,7,-1,True,175,8550,0.8277021483063931,0.501432664756447,1,349,1,1,1,1
154,0508_c0008_020.jpg,508,7,-1,True,175,8550,0.8320186285007418,0.5116959064327485,1,342,1,1,1,1
155,0510_c0001_000.jpg,510,0,-1,True,175,8550,0.5980227931988725,0.23026315789473684,1,760,1,1,1,1
156,0510_c0001_005.jpg,510,0,-1,True,175,8550,0.6336173884147321,0.22935779816513763,1,763,1,1,1,1
157,0510_c0001_010.jpg,510,0,-1,True,175,8550,0.5975043294301913,0.22407170294494239,1,781,1,1,1,1
158,0510_c0001_015.jpg,510,0,-1,True,175,8550,0.5762160097798406,0.212636695018226,1,823,1,1,1,1
159,0510_c0001_020.jpg,510,0,-1,True,175,8550,0.5696721023795948,0.2679938744257274,1,653,1,1,1,1
160,0510_c0002_000.jpg,510,1,-1,True,175,8550,0.645182900798074,0.14011208967173738,1,1249,1,1,1,1
161,0510_c0002_005.jpg,510,1,-1,True,175,8550,0.59579909551435,0.15099223468507333,1,1159,1,1,1,1
162,0510_c0002_010.jpg,510,1,-1,True,175,8550,0.6025701972582901,0.14332514332514332,1,1221,1,1,1,1
163,0510_c0002_015.jpg,510,1,-1,True,175,8550,0.5263396930693736,0.10011441647597254,1,1748,1,1,1,1
164,0510_c0002_020.jpg,510,1,-1,True,175,8550,0.5193478595224514,0.09647188533627343,1,1814,1,1,1,1
165,0510_c0003_000.jpg,510,2,-1,True,175,8550,0.7811427660607556,0.30434782608695654,1,575,1,1,1,1
166,0510_c0003_005.jpg,510,2,-1,True,175,8550,0.7248972799304647,0.25510204081632654,1,686,1,1,1,1
167,0510_c0003_010.jpg,510,2,-1,True,175,8550,0.7506880746691622,0.2713178294573643,1,645,1,1,1,1
168,0510_c0003_015.jpg,510,2,-1,True,175,8550,0.7608385899800594,0.30017152658662094,1,583,1,1,1,1
169,0510_c0003_020.jpg,510,2,-1,True,175,8550,0.7067014051182507,0.24717514124293785,1,708,1,1,1,1
170,0510_c0004_000.jpg,510,3,-1,True,175,8550,0.5837670751308663,0.37393162393162394,1,468,1,1,1,1
171,0510_c0004_005.jpg,510,3,-1,True,175,8550,0.6433034426816147,0.3108348134991119,1,563,1,1,1,1
172,0510_c0004_010.jpg,510,3,-1,True,175,8550,0.6716841717037023,0.352112676056338,1,497,1,1,1,1
173,0510_c0004_015.jpg,510,3,-1,True,175,8550,0.5477842987954107,0.2708978328173375,1,646,1,1,1,1
174,0510_c0004_020.jpg,510,3,-1,True,175,8550,0.5735735271388791,0.2887788778877888,1,606,1,1,1,1
175,0510_c0005_000.jpg,510,4,-1,True,175,8550,0.44002915683686056,0.27472527472527475,1,637,1,1,1,1
176,0510_c0005_005.jpg,510,4,-1,True,175,8550,0.45399278502174994,0.264750378214826,1,661,1,1,1,1
177,0510_c0005_010.jpg,510,4,-1,True,175,8550,0.4202513262509674,0.19796380090497737,1,884,1,1,1,1
178,0510_c0005_015.jpg,510,4,-1,True,175,8550,0.385524002247432,0.211864406779661,1,826,1,1,1,1
179,0510_c0005_020.jpg,510,4,-1,True,175,8550,0.4377705621247534,0.2358490566037736,1,742,1,1,1,1
180,0510_c0006_000.jpg,510,5,-1,True,175,8550,0.6309293152100744,0.2878289473684211,1,608,1,1,1,1
181,0510_c0006_005.jpg,510,5,-1,True,175,8550,0.5501277801300694,0.2596439169139466,1,674,1,1,1,1
182,0510_c0006_010.jpg,510,5,-1,True,175,8550,0.46273991269495557,0.1898047722342733,1,922,1,1,1,1
183,0510_c0006_015.jpg,510,5,-1,True,175,8550,0.49364813668596175,0.16714422158548234,1,1047,1,1,1,1
184,0510_c0006_020.jpg,510,5,-1,True,175,8550,0.5200768899451927,0.1881720430107527,1,930,1,1,1,1
185,0510_c0007_000.jpg,510,6,-1,True,175,8550,0.6228760742920222,0.17552657973921765,1,997,1,1,1,1
186,0510_c0007_005.jpg,510,6,-1,True,175,8550,0.6549469974188866,0.2619760479041916,1,668,1,1,1,1
187,0510_c0007_010.jpg,510,6,-1,True,175,8550,0.7785801698805589,0.5072463768115942,1,345,1,1,1,1
188,0510_c0007_015.jpg,510,6,-1,True,175,8550,0.8380186338656361,0.5718954248366013,1,306,1,1,1,1
189,0510_c0007_020.jpg,510,6,-1,True,175,8550,0.8405068587661026,0.5384615384615384,1,325,1,1,1,1
190,0510_c0008_000.jpg,510,7,-1,True,175,8550,0.9285423606251606,0.5208333333333334,1,336,1,1,1,1
191,0510_c0008_005.jpg,510,7,-1,True,175,8550,0.9448801094294894,0.7291666666666666,1,240,1,1,1,1
192,0510_c0008_010.jpg,510,7,-1,True,175,8550,0.9174740771171782,0.6013745704467354,1,291,1,1,1,1
193,0510_c0008_015.jpg,510,7,-1,True,175,8550,0.9162354676924234,0.44871794871794873,1,390,1,1,1,1
194,0510_c0008_020.jpg,510,7,-1,True,175,8550,0.9136565392479669,0.6433823529411765,1,272,1,1,1,1
195,0512_c0001_000.jpg,512,0,-1,True,75,8550,0.48569607809477183,0.10013351134846461,1,749,1,1,1,1
196,0512_c0001_005.jpg,512,0,-1,True,75,8550,0.4600522502568275,0.08710801393728224,1,861,1,1,1,1
197,0512_c0001_010.jpg,512,0,-1,True,75,8550,0.2667311492252042,0.09003601440576231,1,833,1,1,1,1
198,0512_c0001_015.jpg,512,0,-1,True,75,8550,0.44979812487373483,0.10653409090909091,1,704,1,1,1,1
199,0512_c0001_020.jpg,512,0,-1,True,75,8550,0.7654671733769773,0.24429967426710097,1,307,1,1,1,1
200,0512_c0003_000.jpg,512,2,-1,True,75,8550,0.8267644576107505,0.46875,1,160,1,1,1,1
201,0512_c0003_005.jpg,512,2,-1,True,75,8550,0.8282354156829946,0.44642857142857145,1,168,1,1,1,1
202,0512_c0003_010.jpg,512,2,-1,True,75,8550,0.8030304392356968,0.43352601156069365,1,173,1,1,1,1
203,0512_c0003_015.jpg,512,2,-1,True,75,8550,0.9103487326110403,0.4966887417218543,1,151,1,1,1,1
204,0512_c0003_020.jpg,512,2,-1,True,75,8550,0.8881993581493263,0.4966887417218543,1,151,1,1,1,1
205,0512_c0005_000.jpg,512,4,-1,True,75,8550,0.7334844302531949,0.21676300578034682,1,346,1,1,1,1
206,0512_c0005_005.jpg,512,4,-1,True,75,8550,0.7383128516289061,0.23148148148148148,1,324,1,1,1,1
207,0512_c0005_010.jpg,512,4,-1,True,75,8550,0.75166946850614,0.2508361204013378,1,299,1,1,1,1
208,0512_c0005_015.jpg,512,4,-1,True,75,8550,0.7465944966294175,0.24115755627009647,1,311,1,1,1,1
209,0512_c0005_020.jpg,512,4,-1,True,75,8550,0.7959239676297487,0.35046728971962615,1,214,1,1,1,1
210,0512_c0006_000.jpg,512,5,-1,True,75,8550,0.2174089298296235,0.09868421052631579,25,760,0,0,0,0
211,0512_c0006_005.jpg,512,5,-1,True,75,8550,0.23201855925326967,0.0860091743119266,18,872,0,0,0,1
212,0512_c0006_010.jpg,512,5,-1,True,75,8550,0.19229938169466437,0.09398496240601503,27,798,0,0,0,0
213,0512_c0006_015.jpg,512,5,-1,True,75,8550,0.19885820226433817,0.09316770186335403,26,805,0,0,0,0
214,0512_c0006_020.jpg,512,5,-1,True,75,8550,0.24656914287070014,0.08196721311475409,15,915,0,0,0,1
215,0514_c0001_000.jpg,514,0,-1,True,175,8550,0.5236200014384462,0.5663430420711975,5,309,0,1,1,1
216,0514_c0001_005.jpg,514,0,-1,True,175,8550,0.0612017440814568,0.08719481813652218,258,2007,0,0,0,0
217,0514_c0001_010.jpg,514,0,-1,True,175,8550,0.22280305840533296,0.2492877492877493,76,702,0,0,0,0
218,0514_c0001_015.jpg,514,0,-1,True,175,8550,0.1874551508579206,0.18210197710718,78,961,0,0,0,0
219,0514_c0001_020.jpg,514,0,-1,True,175,8550,0.36095071075043983,0.3804347826086957,15,460,0,0,0,1
220,0514_c0002_000.jpg,514,1,-1,True,175,8550,0.7512173936977093,0.21604938271604937,1,810,1,1,1,1
221,0514_c0002_005.jpg,514,1,-1,True,175,8550,0.7169789067609149,0.2184769038701623,1,801,1,1,1,1
222,0514_c0002_010.jpg,514,1,-1,True,175,8550,0.7040870929121089,0.21084337349397592,1,830,1,1,1,1
223,0514_c0002_015.jpg,514,1,-1,True,175,8550,0.7169489785936578,0.2198492462311558,1,796,1,1,1,1
224,0514_c0002_020.jpg,514,1,-1,True,175,8550,0.7044618621949894,0.214987714987715,1,814,1,1,1,1
225,0514_c0003_000.jpg,514,2,-1,True,175,8550,0.7464207615844747,0.17967145790554415,1,974,1,1,1,1
226,0514_c0003_005.jpg,514,2,-1,True,175,8550,0.7356029533065933,0.1794871794871795,1,975,1,1,1,1
227,0514_c0003_010.jpg,514,2,-1,True,175,8550,0.7000178609577694,0.17641129032258066,1,992,1,1,1,1
228,0514_c0003_015.jpg,514,2,-1,True,175,8550,0.6972948106894443,0.17658930373360243,1,991,1,1,1,1
229,0514_c0003_020.jpg,514,2,-1,True,175,8550,0.7239198045133038,0.17820773930753564,1,982,1,1,1,1
230,0514_c0004_000.jpg,514,3,-1,True,175,8550,0.8774226306631528,0.1757028112449799,1,996,1,1,1,1
231,0514_c0004_005.jpg,514,3,-1,True,175,8550,0.8794326088712185,0.1769464105156724,1,989,1,1,1,1
232,0514_c0004_010.jpg,514,3,-1,True,175,8550,0.877705041582819,0.1771255060728745,1,988,1,1,1,1
233,0514_c0004_015.jpg,514,3,-1,True,175,8550,0.8743746859877007,0.17587939698492464,1,995,1,1,1,1
234,0514_c0004_020.jpg,514,3,-1,True,175,8550,0.8748400016457571,0.176056338028169,1,994,1,1,1,1
235,0514_c0005_000.jpg,514,4,-1,True,175,8550,0.8463493391374323,0.18878101402373246,1,927,1,1,1,1
236,0514_c0005_005.jpg,514,4,-1,True,175,8550,0.8424245453233727,0.1855779427359491,1,943,1,1,1,1
237,0514_c0005_010.jpg,514,4,-1,True,175,8550,0.8447392878659578,0.18716577540106952,1,935,1,1,1,1
238,0514_c0005_015.jpg,514,4,-1,True,175,8550,0.8403330068080822,0.18343815513626835,1,954,1,1,1,1
239,0514_c0005_020.jpg,514,4,-1,True,175,8550,0.8443958363662167,0.18134715025906736,1,965,1,1,1,1
240,0514_c0006_000.jpg,514,5,-1,True,175,8550,0.8452073025793341,0.17587939698492464,1,995,1,1,1,1
241,0514_c0006_005.jpg,514,5,-1,True,175,8550,0.8698818454471192,0.17820773930753564,1,982,1,1,1,1
242,0514_c0006_010.jpg,514,5,-1,True,175,8550,0.8777653589072189,0.17911975435005117,1,977,1,1,1,1
243,0514_c0006_015.jpg,514,5,-1,True,175,8550,0.8690156477615781,0.17641129032258066,1,992,1,1,1,1
244,0514_c0006_020.jpg,514,5,-1,True,175,8550,0.8833947277802222,0.1769464105156724,1,989,1,1,1,1
245,0514_c0007_000.jpg,514,6,-1,True,175,8550,0.8882168819137383,0.17587939698492464,1,995,1,1,1,1
246,0514_c0007_005.jpg,514,6,-1,True,175,8550,0.890609483317713,0.17623363544813697,1,993,1,1,1,1
247,0514_c0007_010.jpg,514,6,-1,True,175,8550,0.8883576346158845,0.176056338028169,1,994,1,1,1,1
248,0514_c0007_015.jpg,514,6,-1,True,175,8550,0.8799640442798857,0.17412935323383086,1,1005,1,1,1,1
249,0514_c0007_020.jpg,514,6,-1,True,175,8550,0.889833132748157,0.17658930373360243,1,991,1,1,1,1
250,0514_c0008_000.jpg,514,7,-1,True,175,8550,0.8674913795945332,0.18229166666666666,1,960,1,1,1,1
251,0514_c0008_005.jpg,514,7,-1,True,175,8550,0.8737940538511952,0.1883745963401507,1,929,1,1,1,1
252,0514_c0008_010.jpg,514,7,-1,True,175,8550,0.8728723339187334,0.18305439330543932,1,956,1,1,1,1
253,0514_c0008_015.jpg,514,7,-1,True,175,8550,0.8787358085593567,0.20636792452830188,1,848,1,1,1,1
254,0514_c0008_020.jpg,514,7,-1,True,175,8550,0.8826575114859431,0.19863791146424517,1,881,1,1,1,1
255,0516_c0001_000.jpg,516,0,-1,True,75,8550,0.6463075055813593,0.3588516746411483,1,209,1,1,1,1
256,0516_c0001_005.jpg,516,0,-1,True,75,8550,0.711947774496035,0.390625,1,192,1,1,1,1
257,0516_c0001_010.jpg,516,0,-1,True,75,8550,0.7075277685189317,0.41899441340782123,1,179,1,1,1,1
258,0516_c0001_015.jpg,516,0,-1,True,75,8550,0.6770782004655579,0.38461538461538464,1,195,1,1,1,1
259,0516_c0001_020.jpg,516,0,-1,True,75,8550,0.4296936159761887,0.24271844660194175,1,309,1,1,1,1
260,0516_c0003_000.jpg,516,2,-1,True,75,8550,0.3534297671862399,0.17942583732057416,4,418,0,1,1,1
261,0516_c0003_005.jpg,516,2,-1,True,75,8550,0.7560710676652503,0.2819548872180451,1,266,1,1,1,1
262,0516_c0003_010.jpg,516,2,-1,True,75,8550,0.9465830275472183,0.6578947368421053,1,114,1,1,1,1
263,0516_c0003_015.jpg,516,2,-1,True,75,8550,0.8221037609457658,0.39893617021276595,1,188,1,1,1,1
264,0516_c0003_020.jpg,516,2,-1,True,75,8550,0.4182620610703796,0.211864406779661,1,354,1,1,1,1
265,0516_c0005_000.jpg,516,4,-1,True,75,8550,0.8426994565775996,0.75,1,100,1,1,1,1
266,0516_c0005_005.jpg,516,4,-1,True,75,8550,0.9557771754785106,0.78125,1,96,1,1,1,1
267,0516_c0005_010.jpg,516,4,-1,True,75,8550,0.8296727815874919,0.7653061224489796,1,98,1,1,1,1
268,0516_c0005_015.jpg,516,4,-1,True,75,8550,0.8062735555855364,0.75,1,100,1,1,1,1
269,0516_c0005_020.jpg,516,4,-1,True,75,8550,0.8570052941392299,0.7731958762886598,1,97,1,1,1,1
270,0516_c0006_000.jpg,516,5,-1,True,75,8550,0.9713418309749439,0.7731958762886598,1,97,1,1,1,1
271,0516_c0006_005.jpg,516,5,-1,True,75,8550,0.9398412929363201,0.6048387096774194,1,124,1,1,1,1
272,0516_c0006_010.jpg,516,5,-1,True,75,8550,0.9666474126634977,0.75,1,100,1,1,1,1
273,0516_c0006_015.jpg,516,5,-1,True,75,8550,0.9746505512155257,0.78125,1,96,1,1,1,1
274,0516_c0006_020.jpg,516,5,-1,True,75,8550,0.9692284778880078,0.7575757575757576,1,99,1,1,1,1
275,0518_c0001_000.jpg,518,0,-1,True,100,8550,0.26821943089767664,0.228310502283105,26,438,0,0,0,0
276,0518_c0001_005.jpg,518,0,-1,True,100,8550,0.20067265953325245,0.21413276231263384,26,467,0,0,0,0
277,0518_c0001_010.jpg,518,0,-1,True,100,8550,0.2653018480440479,0.21231422505307856,26,471,0,0,0,0
278,0518_c0001_015.jpg,518,0,-1,True,100,8550,0.23431182538706644,0.18691588785046728,26,535,0,0,0,0
279,0518_c0001_020.jpg,518,0,-1,True,100,8550,0.28827116506735845,0.23980815347721823,22,417,0,0,0,0
280,0518_c0002_000.jpg,518,1,-1,True,100,8550,0.5937838038288733,0.6896551724137931,6,145,0,0,1,1
281,0518_c0002_005.jpg,518,1,-1,True,100,8550,0.5793699171762766,0.6666666666666666,13,150,0,0,0,1
282,0518_c0002_010.jpg,518,1,-1,True,100,8550,0.565611608554085,0.6666666666666666,19,150,0,0,0,1
283,0518_c0002_015.jpg,518,1,-1,True,100,8550,0.614212172856312,0.684931506849315,6,146,0,0,1,1
284,0518_c0002_020.jpg,518,1,-1,True,100,8550,0.5978869792649184,0.6666666666666666,8,150,0,0,1,1
285,0518_c0003_000.jpg,518,2,-1,True,100,8550,0.22874939947769588,0.2183406113537118,22,458,0,0,0,0
286,0518_c0003_005.jpg,518,2,-1,True,100,8550,0.5880167532202186,0.22321428571428573,1,448,1,1,1,1
287,0518_c0003_010.jpg,518,2,-1,True,100,8550,0.6009290013354582,0.22988505747126436,1,435,1,1,1,1
288,0518_c0003_015.jpg,518,2,-1,True,100,8550,0.6394448834472233,0.3215434083601286,1,311,1,1,1,1
289,0518_c0003_020.jpg,518,2,-1,True,100,8550,0.6223337143124271,0.30303030303030304,1,330,1,1,1,1
290,0518_c0005_000.jpg,518,4,-1,True,100,8550,0.6475711349950629,0.3333333333333333,1,300,1,1,1,1
291,0518_c0005_005.jpg,518,4,-1,True,100,8550,0.6667381371054542,0.3787878787878788,1,264,1,1,1,1
292,0518_c0005_010.jpg,518,4,-1,True,100,8550,0.7137099020550995,0.40816326530612246,1,245,1,1,1,1
293,0518_c0005_015.jpg,518,4,-1,True,100,8550,0.7175235370539341,0.4098360655737705,1,244,1,1,1,1
294,0518_c0005_020.jpg,518,4,-1,True,100,8550,0.7172795013167746,0.4,1,250,1,1,1,1
295,0518_c0006_000.jpg,518,5,-1,True,100,8550,0.6402630081030849,0.2617801047120419,1,382,1,1,1,1
296,0518_c0006_005.jpg,518,5,-1,True,100,8550,0.6440983821074125,0.2680965147453083,1,373,1,1,1,1
297,0518_c0006_010.jpg,518,5,-1,True,100,8550,0.6422354585120977,0.26595744680851063,1,376,1,1,1,1
298,0518_c0006_015.jpg,518,5,-1,True,100,8550,0.6496803543493723,0.2631578947368421,1,380,1,1,1,1
299,0518_c0006_020.jpg,518,5,-1,True,100,8550,0.6670012583098576,0.26666666666666666,1,375,1,1,1,1
300,0520_c0001_000.jpg,520,0,-1,True,150,8550,0.4887964685475378,0.32051282051282054,1,468,1,1,1,1
301,0520_c0001_005.jpg,520,0,-1,True,150,8550,0.5092801212527684,0.32751091703056767,1,458,1,1,1,1
302,0520_c0001_010.jpg,520,0,-1,True,150,8550,0.5333190560407598,0.3024193548387097,1,496,1,1,1,1
303,0520_c0001_015.jpg,520,0,-1,True,150,8550,0.5911037617091243,0.3333333333333333,1,450,1,1,1,1
304,0520_c0001_020.jpg,520,0,-1,True,150,8550,0.5144160756891742,0.3401360544217687,1,441,1,1,1,1
305,0520_c0002_000.jpg,520,1,-1,True,150,8550,0.9982098436647667,0.9316770186335404,1,161,1,1,1,1
306,0520_c0002_005.jpg,520,1,-1,True,150,8550,0.9970053274057242,0.9090909090909091,1,165,1,1,1,1
307,0520_c0002_010.jpg,520,1,-1,True,150,8550,0.9945732149750859,0.8426966292134831,1,178,1,1,1,1
308,0520_c0002_015.jpg,520,1,-1,True,150,8550,0.9973277520820659,0.8928571428571429,1,168,1,1,1,1
309,0520_c0002_020.jpg,520,1,-1,True,150,8550,0.997873641151311,0.8771929824561403,1,171,1,1,1,1
310,0520_c0004_000.jpg,520,3,-1,True,150,8550,0.9088070730643691,0.37220843672456577,1,403,1,1,1,1
311,0520_c0004_005.jpg,520,3,-1,True,150,8550,0.9278304391550141,0.40214477211796246,1,373,1,1,1,1
312,0520_c0004_010.jpg,520,3,-1,True,150,8550,0.9381680476697595,0.42134831460674155,1,356,1,1,1,1
313,0520_c0004_015.jpg,520,3,-1,True,150,8550,0.9172961978991588,0.3787878787878788,1,396,1,1,1,1
314,0520_c0004_020.jpg,520,3,-1,True,150,8550,0.8955200217504364,0.3712871287128713,1,404,1,1,1,1
315,0520_c0005_000.jpg,520,4,-1,True,150,8550,0.7164045964956436,0.3464203233256351,1,433,1,1,1,1
316,0520_c0005_005.jpg,520,4,-1,True,150,8550,0.7037749043897208,0.3424657534246575,1,438,1,1,1,1
317,0520_c0005_010.jpg,520,4,-1,True,150,8550,0.6810714438463676,0.33185840707964603,1,452,1,1,1,1
318,0520_c0005_015.jpg,520,4,-1,True,150,8550,0.6759180672444339,0.3464203233256351,1,433,1,1,1,1
319,0520_c0005_020.jpg,520,4,-1,True,150,8550,0.6773736946385182,0.32608695652173914,1,460,1,1,1,1
320,0520_c0006_000.jpg,520,5,-1,True,150,8550,1.0,1.0,1,150,1,1,1,1
321,0520_c0006_005.jpg,520,5,-1,True,150,8550,1.0,1.0,1,150,1,1,1,1
322,0520_c0006_010.jpg,520,5,-1,True,150,8550,1.0,1.0,1,150,1,1,1,1
323,0520_c0006_015.jpg,520,5,-1,True,150,8550,1.0,1.0,1,150,1,1,1,1
324,0520_c0006_020.jpg,520,5,-1,True,150,8550,1.0,1.0,1,150,1,1,1,1
325,0520_c0007_000.jpg,520,6,-1,True,150,8550,1.0,1.0,1,150,1,1,1,1
326,0520_c0007_005.jpg,520,6,-1,True,150,8550,1.0,1.0,1,150,1,1,1,1
327,0520_c0007_010.jpg,520,6,-1,True,150,8550,1.0,1.0,1,150,1,1,1,1
328,0520_c0007_015.jpg,520,6,-1,True,150,8550,0.9992436305732485,0.9375,1,160,1,1,1,1
329,0520_c0007_020.jpg,520,6,-1,True,150,8550,1.0,1.0,1,150,1,1,1,1
330,0520_c0008_000.jpg,520,7,-1,True,150,8550,0.9213099986884202,0.43103448275862066,1,348,1,1,1,1
331,0520_c0008_005.jpg,520,7,-1,True,150,8550,0.9096757648431593,0.36855036855036855,1,407,1,1,1,1
332,0520_c0008_010.jpg,520,7,-1,True,150,8550,0.8974970337097204,0.3605769230769231,1,416,1,1,1,1
333,0520_c0008_015.jpg,520,7,-1,True,150,8550,0.9745854514675895,0.5102040816326531,1,294,1,1,1,1
334,0520_c0008_020.jpg,520,7,-1,True,150,8550,0.9336746152799726,0.4424778761061947,1,339,1,1,1,1
335,0522_c0001_000.jpg,522,0,-1,True,150,8550,0.4075088086135609,0.03986181238373638,1,3763,1,1,1,1
336,0522_c0001_005.jpg,522,0,-1,True,150,8550,0.36019454453016514,0.04285714285714286,1,3500,1,1,1,1
337,0522_c0001_010.jpg,522,0,-1,True,150,8550,0.4661495759058612,0.03510414228879008,1,4273,1,1,1,1
338,0522_c0001_015.jpg,522,0,-1,True,150,8550,0.4125413591180239,0.04426084390675716,1,3389,1,1,1,1
339,0522_c0001_020.jpg,522,0,-1,True,150,8550,0.48286441462633417,0.044977511244377814,1,3335,1,1,1,1
340,0522_c0002_000.jpg,522,1,-1,True,150,8550,0.5851462527942217,0.04067245119305857,1,3688,1,1,1,1
341,0522_c0002_005.jpg,522,1,-1,True,150,8550,0.5057942658737618,0.04484304932735426,6,3345,0,0,1,1
342,0522_c0002_010.jpg,522,1,-1,True,150,8550,0.6177952152158991,0.0513347022587269,1,2922,1,1,1,1
343,0522_c0002_015.jpg,522,1,-1,True,150,8550,0.6246636067311793,0.047021943573667714,1,3190,1,1,1,1
344,0522_c0002_020.jpg,522,1,-1,True,150,8550,0.4623096582844321,0.04755865567533291,8,3154,0,0,1,1
345,0522_c0004_000.jpg,522,3,-1,True,150,8550,0.2008298505002349,0.09025270758122744,14,1662,0,0,0,1
346,0522_c0004_005.jpg,522,3,-1,True,150,8550,0.19947285480462162,0.07995735607675906,18,1876,0,0,0,1
347,0522_c0004_010.jpg,522,3,-1,True,150,8550,0.2060718369768274,0.0778816199376947,16,1926,0,0,0,1
348,0522_c0004_015.jpg,522,3,-1,True,150,8550,0.22181095529512276,0.08705745792222867,12,1723,0,0,0,1
349,0522_c0004_020.jpg,522,3,-1,True,150,8550,0.22005069133667482,0.08777062609713282,14,1709,0,0,0,1
350,0522_c0005_000.jpg,522,4,-1,True,150,8550,0.018540231668457165,0.02526954177897574,2226,5936,0,0,0,0
351,0522_c0005_005.jpg,522,4,-1,True,150,8550,0.021609009305698788,0.030168946098149636,1735,4972,0,0,0,0
352,0522_c0005_010.jpg,522,4,-1,True,150,8550,0.018769168772158642,0.028142589118198873,2129,5330,0,0,0,0
353,0522_c0005_015.jpg,522,4,-1,True,150,8550,0.018821910886021257,0.029579964504042596,2249,5071,0,0,0,0
354,0522_c0005_020.jpg,522,4,-1,True,150,8550,0.019005908191947675,0.029779630732578916,2314,5037,0,0,0,0
355,0522_c0006_000.jpg,522,5,-1,True,150,8550,0.6404407694932651,0.037165510406342916,1,4036,1,1,1,1
356,0522_c0006_005.jpg,522,5,-1,True,150,8550,0.5783108289413843,0.03607503607503607,1,4158,1,1,1,1
357,0522_c0006_010.jpg,522,5,-1,True,150,8550,0.6230760323029778,0.03711952487008166,1,4041,1,1,1,1
358,0522_c0006_015.jpg,522,5,-1,True,150,8550,0.6134865153885212,0.03543586109142452,1,4233,1,1,1,1
359,0522_c0006_020.jpg,522,5,-1,True,150,8550,0.5864308346752225,0.03678273663560569,1,4078,1,1,1,1
360,0522_c0007_000.jpg,522,6,-1,True,150,8550,0.2516243103374264,0.06521739130434782,13,2300,0,0,0,1
361,0522_c0007_005.jpg,522,6,-1,True,150,8550,0.22370987827185956,0.06299874002519949,21,2381,0,0,0,0
362,0522_c0007_010.jpg,522,6,-1,True,150,8550,0.23201597717320663,0.06437768240343347,11,2330,0,0,0,1
363,0522_c0007_015.jpg,522,6,-1,True,150,8550,0.2424996028264067,0.06234413965087282,15,2406,0,0,0,1
364,0522_c0007_020.jpg,522,6,-1,True,150,8550,0.26783121799169957,0.05474452554744526,3,2740,0,1,1,1
365,0522_c0008_000.jpg,522,7,-1,True,150,8550,0.70946518602405,0.037584565271861686,1,3991,1,1,1,1
366,0522_c0008_005.jpg,522,7,-1,True,150,8550,0.5656404521279957,0.03553660270078181,1,4221,1,1,1,1
367,0522_c0008_010.jpg,522,7,-1,True,150,8550,0.6507523767074236,0.03575685339690107,1,4195,1,1,1,1
368,0522_c0008_015.jpg,522,7,-1,True,150,8550,0.6855272617029551,0.0360317079029546,1,4163,1,1,1,1
369,0522_c0008_020.jpg,522,7,-1,True,150,8550,0.6827467896505192,0.035919540229885055,1,4176,1,1,1,1
370,0524_c0001_000.jpg,524,0,-1,True,175,8550,0.964584791439488,0.7383966244725738,1,237,1,1,1,1
371,0524_c0001_005.jpg,524,0,-1,True,175,8550,0.9568722048287467,0.7291666666666666,1,240,1,1,1,1
372,0524_c0001_010.jpg,524,0,-1,True,175,8550,0.9660191176197425,0.7543103448275862,1,232,1,1,1,1
373,0524_c0001_015.jpg,524,0,-1,True,175,8550,0.9843789217101315,0.8454106280193237,1,207,1,1,1,1
374,0524_c0001_020.jpg,524,0,-1,True,175,8550,0.9782255082293799,0.8177570093457944,1,214,1,1,1,1
375,0524_c0002_000.jpg,524,1,-1,True,175,8550,0.9571130305978193,0.6578947368421053,1,266,1,1,1,1
376,0524_c0002_005.jpg,524,1,-1,True,175,8550,0.774188485666779,0.5255255255255256,1,333,1,1,1,1
377,0524_c0002_010.jpg,524,1,-1,True,175,8550,0.9010755238975562,0.5972696245733788,1,293,1,1,1,1
378,0524_c0002_015.jpg,524,1,-1,True,175,8550,0.8650741535023794,0.7,1,250,1,1,1,1
379,0524_c0002_020.jpg,524,1,-1,True,175,8550,0.9689645306180196,0.7777777777777778,1,225,1,1,1,1
380,0524_c0003_000.jpg,524,2,-1,True,175,8550,1.0,1.0,1,175,1,1,1,1
381,0524_c0003_005.jpg,524,2,-1,True,175,8550,1.0,1.0,1,175,1,1,1,1
382,0524_c0003_010.jpg,524,2,-1,True,175,8550,0.9999036918138042,0.9831460674157303,1,178,1,1,1,1
383,0524_c0003_015.jpg,524,2,-1,True,175,8550,1.0,1.0,1,175,1,1,1,1
384,0524_c0003_020.jpg,524,2,-1,True,175,8550,1.0,1.0,1,175,1,1,1,1
385,0524_c0004_000.jpg,524,3,-1,True,175,8550,0.7337262440944867,0.373134328358209,1,469,1,1,1,1
386,0524_c0004_005.jpg,524,3,-1,True,175,8550,0.6873276113742545,0.3684210526315789,1,475,1,1,1,1
387,0524_c0004_010.jpg,524,3,-1,True,175,8550,0.6757519335364951,0.341796875,1,512,1,1,1,1
388,0524_c0004_015.jpg,524,3,-1,True,175,8550,0.5698431476347711,0.30755711775043937,1,569,1,1,1,1
389,0524_c0004_020.jpg,524,3,-1,True,175,8550,0.587088406042469,0.3181818181818182,1,550,1,1,1,1
390,0524_c0005_000.jpg,524,4,-1,True,175,8550,0.9999036918138042,0.9831460674157303,1,178,1,1,1,1
391,0524_c0005_005.jpg,524,4,-1,True,175,8550,1.0,1.0,1,175,1,1,1,1
392,0524_c0005_010.jpg,524,4,-1,True,175,8550,1.0,1.0,1,175,1,1,1,1
393,0524_c0005_015.jpg,524,4,-1,True,175,8550,1.0,1.0,1,175,1,1,1,1
394,0524_c0005_020.jpg,524,4,-1,True,175,8550,1.0,1.0,1,175,1,1,1,1
395,0524_c0006_000.jpg,524,5,-1,True,175,8550,0.9826622618973673,0.7383966244725738,1,237,1,1,1,1
396,0524_c0006_005.jpg,524,5,-1,True,175,8550,0.9748593680100694,0.7142857142857143,1,245,1,1,1,1
397,0524_c0006_010.jpg,524,5,-1,True,175,8550,0.9767044155922446,0.7446808510638298,1,235,1,1,1,1
398,0524_c0006_015.jpg,524,5,-1,True,175,8550,0.988118968422627,0.78125,1,224,1,1,1,1
399,0524_c0006_020.jpg,524,5,-1,True,175,8550,0.9697116512666022,0.6578947368421053,1,266,1,1,1,1
400,0524_c0007_000.jpg,524,6,-1,True,175,8550,0.8835785250081367,0.4691689008042895,1,373,1,1,1,1
401,0524_c0007_005.jpg,524,6,-1,True,175,8550,0.9344005427851676,0.691699604743083,1,253,1,1,1,1
402,0524_c0007_010.jpg,524,6,-1,True,175,8550,0.924589968586394,0.7322175732217573,1,239,1,1,1,1
403,0524_c0007_015.jpg,524,6,-1,True,175,8550,0.9171906238077927,0.7543103448275862,1,232,1,1,1,1
404,0524_c0007_020.jpg,524,6,-1,True,175,8550,0.970540902798284,0.7990867579908676,1,219,1,1,1,1
405,0524_c0008_000.jpg,524,7,-1,True,175,8550,0.9999036918138042,0.9831460674157303,1,178,1,1,1,1
406,0524_c0008_005.jpg,524,7,-1,True,175,8550,0.999622721106979,0.9510869565217391,1,184,1,1,1,1
407,0524_c0008_010.jpg,524,7,-1,True,175,8550,0.9984031711792474,0.8064516129032258,1,217,1,1,1,1
408,0524_c0008_015.jpg,524,7,-1,True,175,8550,0.9980366529867927,0.8027522935779816,1,218,1,1,1,1
409,0524_c0008_020.jpg,524,7,-1,True,175,8550,0.9992650041174519,0.8883248730964467,1,197,1,1,1,1
410,0526_c0001_000.jpg,526,0,-1,True,50,8550,0.024770454612867886,0.024975024975024976,312,2002,0,0,0,0
411,0526_c0001_005.jpg,526,0,-1,True,50,8550,0.02512346080006215,0.03568879371877231,479,1401,0,0,0,0
412,0526_c0001_010.jpg,526,0,-1,True,50,8550,0.030253082962316626,0.0353356890459364,243,1415,0,0,0,0
413,0526_c0001_015.jpg,526,0,-1,True,50,8550,0.030077929212356923,0.038880248833592534,291,1286,0,0,0,0
414,0526_c0001_020.jpg,526,0,-1,True,50,8550,0.05845371002298066,0.04269854824935952,86,1171,0,0,0,0
415,0526_c0003_000.jpg,526,2,-1,True,50,8550,0.06269394276533076,0.02679528403001072,114,1866,0,0,0,0
416,0526_c0003_005.jpg,526,2,-1,True,50,8550,0.06354691501217173,0.03636363636363636,133,1375,0,0,0,0
417,0526_c0003_010.jpg,526,2,-1,True,50,8550,0.061663939134923684,0.03304692663582287,146,1513,0,0,0,0
418,0526_c0003_015.jpg,526,2,-1,True,50,8550,0.0624768812139146,0.034223134839151265,138,1461,0,0,0,0
419,0526_c0003_020.jpg,526,2,-1,True,50,8550,0.0706552979310005,0.04336513443191674,137,1153,0,0,0,0
420,0526_c0005_000.jpg,526,4,-1,True,50,8550,0.12457804133120341,0.09615384615384616,28,520,0,0,0,0
421,0526_c0005_005.jpg,526,4,-1,True,50,8550,0.14035001982856665,0.0992063492063492,33,504,0,0,0,0
422,0526_c0005_010.jpg,526,4,-1,True,50,8550,0.12286999202390442,0.07776049766718507,33,643,0,0,0,0
423,0526_c0005_015.jpg,526,4,-1,True,50,8550,0.10032202806771026,0.05973715651135006,45,837,0,0,0,0
424,0526_c0005_020.jpg,526,4,-1,True,50,8550,0.13022131591781688,0.08620689655172414,27,580,0,0,0,0
425,0528_c0001_000.jpg,528,0,-1,True,150,8550,0.9551681527823424,0.5050505050505051,1,297,1,1,1,1
426,0528_c0001_005.jpg,528,0,-1,True,150,8550,0.9581894428969857,0.539568345323741,1,278,1,1,1,1
427,0528_c0001_010.jpg,528,0,-1,True,150,8550,0.929068294553891,0.4792332268370607,1,313,1,1,1,1
428,0528_c0001_015.jpg,528,0,-1,True,150,8550,0.9670824534202025,0.5576208178438662,1,269,1,1,1,1
429,0528_c0001_020.jpg,528,0,-1,True,150,8550,0.9398602527294776,0.4854368932038835,1,309,1,1,1,1
430,0528_c0002_000.jpg,528,1,-1,True,150,8550,0.12240933556859668,0.1460564751703992,270,1027,0,0,0,0
431,0528_c0002_005.jpg,528,1,-1,True,150,8550,0.12207357149954841,0.15045135406218657,274,997,0,0,0,0
432,0528_c0002_010.jpg,528,1,-1,True,150,8550,0.1211117508809139,0.15228426395939088,274,985,0,0,0,0
433,0528_c0002_015.jpg,528,1,-1,True,150,8550,0.09024001219749414,0.11764705882352941,378,1275,0,0,0,0
434,0528_c0002_020.jpg,528,1,-1,True,150,8550,0.09989619721785944,0.13297872340425532,344,1128,0,0,0,0
435,0528_c0003_000.jpg,528,2,-1,True,150,8550,0.8152668543998991,0.28735632183908044,1,522,1,1,1,1
436,0528_c0003_005.jpg,528,2,-1,True,150,8550,0.8102500572638704,0.27726432532347506,1,541,1,1,1,1
437,0528_c0003_010.jpg,528,2,-1,True,150,8550,0.812293898998623,0.27472527472527475,1,546,1,1,1,1
438,0528_c0003_015.jpg,528,2,-1,True,150,8550,0.8219128814661852,0.2798507462686567,1,536,1,1,1,1
439,0528_c0003_020.jpg,528,2,-1,True,150,8550,0.8357941316709552,0.2803738317757009,1,535,1,1,1,1
440,0528_c0004_000.jpg,528,3,-1,True,150,8550,0.9342006919558427,0.5,1,300,1,1,1,1
441,0528_c0004_005.jpg,528,3,-1,True,150,8550,0.9085159628713427,0.4702194357366771,1,319,1,1,1,1
442,0528_c0004_010.jpg,528,3,-1,True,150,8550,0.9219717028308602,0.47468354430379744,1,316,1,1,1,1
443,0528_c0004_015.jpg,528,3,-1,True,150,8550,0.9153394624916241,0.4491017964071856,1,334,1,1,1,1
444,0528_c0004_020.jpg,528,3,-1,True,150,8550,0.9392395598567305,0.5338078291814946,1,281,1,1,1,1
445,0528_c0005_000.jpg,528,4,-1,True,150,8550,0.7786713202013391,0.2222222222222222,1,675,1,1,1,1
446,0528_c0005_005.jpg,528,4,-1,True,150,8550,0.7895681906311132,0.25380710659898476,1,591,1,1,1,1
447,0528_c0005_010.jpg,528,4,-1,True,150,8550,0.7840565583446261,0.25125628140703515,1,597,1,1,1,1
448,0528_c0005_015.jpg,528,4,-1,True,150,8550,0.7814651954219278,0.24916943521594684,1,602,1,1,1,1
449,0528_c0005_020.jpg,528,4,-1,True,150,8550,0.7779237030511138,0.24916943521594684,1,602,1,1,1,1
450,0528_c0006_000.jpg,528,5,-1,True,150,8550,0.9023788201868181,0.35799522673031026,1,419,1,1,1,1
451,0528_c0006_005.jpg,528,5,-1,True,150,8550,0.8950465805502912,0.33860045146726864,1,443,1,1,1,1
452,0528_c0006_010.jpg,528,5,-1,True,150,8550,0.9003284212306871,0.4166666666666667,1,360,1,1,1,1
453,0528_c0006_015.jpg,528,5,-1,True,150,8550,0.913329397918582,0.43478260869565216,1,345,1,1,1,1
454,0528_c0006_020.jpg,528,5,-1,True,150,8550,0.9337129053676281,0.5244755244755245,1,286,1,1,1,1
455,0528_c0007_000.jpg,528,6,-1,True,150,8550,0.8407365447114936,0.379746835443038,1,395,1,1,1,1
456,0528_c0007_005.jpg,528,6,-1,True,150,8550,0.8446422352416061,0.36231884057971014,1,414,1,1,1,1
457,0528_c0007_010.jpg,528,6,-1,True,150,8550,0.853612003848158,0.40214477211796246,1,373,1,1,1,1
458,0528_c0007_015.jpg,528,6,-1,True,150,8550,0.8500837160684409,0.391644908616188,1,383,1,1,1,1
459,0528_c0007_020.jpg,528,6,-1,True,150,8550,0.8532930344919276,0.3865979381443299,1,388,1,1,1,1
460,0530_c0001_000.jpg,530,0,-1,True,150,8550,0.5061414637992139,0.45180722891566266,1,332,1,1,1,1
461,0530_c0001_005.jpg,530,0,-1,True,150,8550,0.5129133903155246,0.45454545454545453,1,330,1,1,1,1
462,0530_c0001_010.jpg,530,0,-1,True,150,8550,0.5279446258198741,0.4573170731707317,1,328,1,1,1,1
463,0530_c0001_015.jpg,530,0,-1,True,150,8550,0.511748638747772,0.45592705167173253,1,329,1,1,1,1
464,0530_c0001_020.jpg,530,0,-1,True,150,8550,0.49335928724224676,0.45317220543806647,1,331,1,1,1,1
465,0530_c0002_000.jpg,530,1,-1,True,150,8550,0.6248169321868043,0.3978779840848806,1,377,1,1,1,1
466,0530_c0002_005.jpg,530,1,-1,True,150,8550,0.6061830184188646,0.4322766570605187,1,347,1,1,1,1
467,0530_c0002_010.jpg,530,1,-1,True,150,8550,0.4336838466101629,0.46153846153846156,1,325,1,1,1,1
468,0530_c0002_015.jpg,530,1,-1,True,150,8550,0.5035169608533433,0.45180722891566266,1,332,1,1,1,1
469,0530_c0002_020.jpg,530,1,-1,True,150,8550,0.5752795398187874,0.4672897196261682,1,321,1,1,1,1
470,0530_c0003_000.jpg,530,2,-1,True,150,8550,0.5649424860737836,0.20804438280166435,1,721,1,1,1,1
471,0530_c0003_005.jpg,530,2,-1,True,150,8550,0.6066768636470371,0.2074688796680498,1,723,1,1,1,1
472,0530_c0003_010.jpg,530,2,-1,True,150,8550,0.5469353015121701,0.19505851755526657,1,769,1,1,1,1
473,0530_c0003_015.jpg,530,2,-1,True,150,8550,0.5586367684202636,0.19305019305019305,1,777,1,1,1,1
474,0530_c0003_020.jpg,530,2,-1,True,150,8550,0.6379308663828248,0.2029769959404601,1,739,1,1,1,1
475,0530_c0004_000.jpg,530,3,-1,True,150,8550,0.7171083496895735,0.3393665158371041,1,442,1,1,1,1
476,0530_c0004_005.jpg,530,3,-1,True,150,8550,0.7025268460215478,0.25041736227045075,1,599,1,1,1,1
477,0530_c0004_010.jpg,530,3,-1,True,150,8550,0.5949705669886699,0.23771790808240886,1,631,1,1,1,1
478,0530_c0004_015.jpg,530,3,-1,True,150,8550,0.6814975380839404,0.26785714285714285,1,560,1,1,1,1
479,0530_c0004_020.jpg,530,3,-1,True,150,8550,0.6288168827947817,0.4032258064516129,1,372,1,1,1,1
480,0530_c0005_000.jpg,530,4,-1,True,150,8550,0.6623335331283581,0.2702702702702703,1,555,1,1,1,1
481,0530_c0005_005.jpg,530,4,-1,True,150,8550,0.6443140576968903,0.24154589371980675,1,621,1,1,1,1
482,0530_c0005_010.jpg,530,4,-1,True,150,8550,0.6418913299143846,0.25951557093425603,1,578,1,1,1,1
483,0530_c0005_015.jpg,530,4,-1,True,150,8550,0.6691790373508697,0.29069767441860467,1,516,1,1,1,1
484,0530_c0005_020.jpg,530,4,-1,True,150,8550,0.6614723453167712,0.29411764705882354,1,510,1,1,1,1
485,0530_c0006_000.jpg,530,5,-1,True,150,8550,0.7025039931004196,0.2403846153846154,1,624,1,1,1,1
486,0530_c0006_005.jpg,530,5,-1,True,150,8550,0.6809035147680288,0.22156573116691286,1,677,1,1,1,1
487,0530_c0006_010.jpg,530,5,-1,True,150,8550,0.6991201694906638,0.23809523809523808,1,630,1,1,1,1
488,0530_c0006_015.jpg,530,5,-1,True,150,8550,0.693543282336715,0.30927835051546393,1,485,1,1,1,1
489,0530_c0006_020.jpg,530,5,-1,True,150,8550,0.7517281048785287,0.23112480739599384,1,649,1,1,1,1
490,0530_c0008_000.jpg,530,7,-1,True,150,8550,0.4070828699481435,0.4573170731707317,1,328,1,1,1,1
491,0530_c0008_005.jpg,530,7,-1,True,150,8550,0.4413843040118561,0.4573170731707317,1,328,1,1,1,1
492,0530_c0008_010.jpg,530,7,-1,True,150,8550,0.4417764232664879,0.45045045045045046,1,333,1,1,1,1
493,0530_c0008_015.jpg,530,7,-1,True,150,8550,0.436742503154302,0.45045045045045046,1,333,1,1,1,1
494,0530_c0008_020.jpg,530,7,-1,True,150,8550,0.4516486830328149,0.4491017964071856,1,334,1,1,1,1
495,0532_c0001_000.jpg,532,0,-1,True,175,8550,0.9571129940585615,0.6972111553784861,1,251,1,1,1,1
496,0532_c0001_005.jpg,532,0,-1,True,175,8550,0.9585024786351489,0.7056451612903226,1,248,1,1,1,1
497,0532_c0001_010.jpg,532,0,-1,True,175,8550,0.9541632310480376,0.7056451612903226,1,248,1,1,1,1
498,0532_c0001_015.jpg,532,0,-1,True,175,8550,0.9446212917877969,0.6529850746268657,1,268,1,1,1,1
499,0532_c0001_020.jpg,532,0,-1,True,175,8550,0.9370042194570439,0.6410256410256411,1,273,1,1,1,1
500,0532_c0002_000.jpg,532,1,-1,True,175,8550,0.8328756933373979,0.5756578947368421,1,304,1,1,1,1
501,0532_c0002_005.jpg,532,1,-1,True,175,8550,0.8188928180772033,0.5319148936170213,1,329,1,1,1,1
502,0532_c0002_010.jpg,532,1,-1,True,175,8550,0.8106179589600677,0.5147058823529411,1,340,1,1,1,1
503,0532_c0002_015.jpg,532,1,-1,True,175,8550,0.8245659615234243,0.5271084337349398,1,332,1,1,1,1
504,0532_c0002_020.jpg,532,1,-1,True,175,8550,0.7879495643641043,0.587248322147651,1,298,1,1,1,1
505,0532_c0003_000.jpg,532,2,-1,True,175,8550,0.7616288231046378,0.2631578947368421,1,665,1,1,1,1
506,0532_c0003_005.jpg,532,2,-1,True,175,8550,0.7629655702483793,0.2845528455284553,1,615,1,1,1,1
507,0532_c0003_010.jpg,532,2,-1,True,175,8550,0.7869714817009387,0.2921535893155259,1,599,1,1,1,1
508,0532_c0003_015.jpg,532,2,-1,True,175,8550,0.7424751727751171,0.3027681660899654,1,578,1,1,1,1
509,0532_c0003_020.jpg,532,2,-1,True,175,8550,0.7732022160709661,0.341130604288499,1,513,1,1,1,1
510,0532_c0004_000.jpg,532,3,-1,True,175,8550,0.918466209661529,0.5177514792899408,1,338,1,1,1,1
511,0532_c0004_005.jpg,532,3,-1,True,175,8550,0.9181870637564933,0.5912162162162162,1,296,1,1,1,1
512,0532_c0004_010.jpg,532,3,-1,True,175,8550,0.9954746619588366,0.9020618556701031,1,194,1,1,1,1
513,0532_c0004_015.jpg,532,3,-1,True,175,8550,1.0,1.0,1,175,1,1,1,1
514,0532_c0004_020.jpg,532,3,-1,True,175,8550,0.9991656870797413,0.9668508287292817,1,181,1,1,1,1
515,0532_c0005_000.jpg,532,4,-1,True,175,8550,1.0,1.0,1,175,1,1,1,1
516,0532_c0005_005.jpg,532,4,-1,True,175,8550,1.0,1.0,1,175,1,1,1,1
517,0532_c0005_010.jpg,532,4,-1,True,175,8550,1.0,1.0,1,175,1,1,1,1
518,0532_c0005_015.jpg,532,4,-1,True,175,8550,0.9995838285735288,0.9668508287292817,1,181,1,1,1,1
519,0532_c0005_020.jpg,532,4,-1,True,175,8550,0.9995512197712122,0.9722222222222222,1,180,1,1,1,1
520,0532_c0006_000.jpg,532,5,-1,True,175,8550,0.8777673289323141,0.5335365853658537,1,328,1,1,1,1
521,0532_c0006_005.jpg,532,5,-1,True,175,8550,0.9517810699382189,0.7608695652173914,1,230,1,1,1,1
522,0532_c0006_010.jpg,532,5,-1,True,175,8550,0.917374221980831,0.6944444444444444,1,252,1,1,1,1
523,0532_c0006_015.jpg,532,5,-1,True,175,8550,0.9208244788272184,0.68359375,1,256,1,1,1,1
524,0532_c0006_020.jpg,532,5,-1,True,175,8550,0.9388173961300994,0.7142857142857143,1,245,1,1,1,1
525,0532_c0007_000.jpg,532,6,-1,True,175,8550,1.0,1.0,1,175,1,1,1,1
526,0532_c0007_005.jpg,532,6,-1,True,175,8550,1.0,1.0,1,175,1,1,1,1
527,0532_c0007_010.jpg,532,6,-1,True,175,8550,1.0,1.0,1,175,1,1,1,1
528,0532_c0007_015.jpg,532,6,-1,True,175,8550,0.9978339823910012,0.875,1,200,1,1,1,1
529,0532_c0007_020.jpg,532,6,-1,True,175,8550,1.0,1.0,1,175,1,1,1,1
530,0532_c0008_000.jpg,532,7,-1,True,175,8550,0.7041947592731583,0.3653444676409186,1,479,1,1,1,1
531,0532_c0008_005.jpg,532,7,-1,True,175,8550,0.6822865968042084,0.34448818897637795,1,508,1,1,1,1
532,0532_c0008_010.jpg,532,7,-1,True,175,8550,0.6882604868671344,0.3458498023715415,1,506,1,1,1,1
533,0532_c0008_015.jpg,532,7,-1,True,175,8550,0.6578065868051596,0.341130604288499,1,513,1,1,1,1
534,0532_c0008_020.jpg,532,7,-1,True,175,8550,0.7654936146625323,0.42892156862745096,1,408,1,1,1,1
535,0534_c0001_000.jpg,534,0,-1,True,150,8550,0.8625053672911546,0.23622047244094488,1,635,1,1,1,1
536,0534_c0001_005.jpg,534,0,-1,True,150,8550,0.8734220156229902,0.23809523809523808,1,630,1,1,1,1
537,0534_c0001_010.jpg,534,0,-1,True,150,8550,0.8706784721129011,0.24429967426710097,1,614,1,1,1,1
538,0534_c0001_015.jpg,534,0,-1,True,150,8550,0.8496545835926367,0.23183925811437403,1,647,1,1,1,1
539,0534_c0001_020.jpg,534,0,-1,True,150,8550,0.8555790898160941,0.2109704641350211,1,711,1,1,1,1
540,0534_c0002_000.jpg,534,1,-1,True,150,8550,0.3133103015592262,0.3440366972477064,1,436,1,1,1,1
541,0534_c0002_005.jpg,534,1,-1,True,150,8550,0.3081489701381714,0.33860045146726864,1,443,1,1,1,1
542,0534_c0002_010.jpg,534,1,-1,True,150,8550,0.3558208930861186,0.3694581280788177,1,406,1,1,1,1
543,0534_c0002_015.jpg,534,1,-1,True,150,8550,0.4046276206816406,0.3865979381443299,1,388,1,1,1,1
544,0534_c0002_020.jpg,534,1,-1,True,150,8550,0.37169900449017385,0.37220843672456577,1,403,1,1,1,1
545,0534_c0004_000.jpg,534,3,-1,True,150,8550,0.7607406482652505,0.22488755622188905,1,667,1,1,1,1
546,0534_c0004_005.jpg,534,3,-1,True,150,8550,0.7569944154049102,0.24630541871921183,1,609,1,1,1,1
547,0534_c0004_010.jpg,534,3,-1,True,150,8550,0.7728562971637509,0.30864197530864196,1,486,1,1,1,1
548,0534_c0004_015.jpg,534,3,-1,True,150,8550,0.7813052321649805,0.2958579881656805,1,507,1,1,1,1
549,0534_c0004_020.jpg,534,3,-1,True,150,8550,0.7856438035279883,0.31446540880503143,1,477,1,1,1,1
550,0534_c0005_000.jpg,534,4,-1,True,150,8550,0.7913718471670115,0.24193548387096775,1,620,1,1,1,1
551,0534_c0005_005.jpg,534,4,-1,True,150,8550,0.7911229782763376,0.2435064935064935,1,616,1,1,1,1
552,0534_c0005_010.jpg,534,4,-1,True,150,8550,0.7920554390171503,0.2435064935064935,1,616,1,1,1,1
553,0534_c0005_015.jpg,534,4,-1,True,150,8550,0.8023069381204798,0.25125628140703515,1,597,1,1,1,1
554,0534_c0005_020.jpg,534,4,-1,True,150,8550,0.8039249491206252,0.2555366269165247,1,587,1,1,1,1
555,0534_c0006_000.jpg,534,5,-1,True,150,8550,0.8044759019983365,0.6024096385542169,1,249,1,1,1,1
556,0534_c0006_005.jpg,534,5,-1,True,150,8550,0.983652811359386,0.8771929824561403,1,171,1,1,1,1
557,0534_c0006_010.jpg,534,5,-1,True,150,8550,0.8166261290269068,0.6072874493927125,1,247,1,1,1,1
558,0534_c0006_015.jpg,534,5,-1,True,150,8550,0.9946255581310905,0.9090909090909091,1,165,1,1,1,1
559,0534_c0006_020.jpg,534,5,-1,True,150,8550,0.9901035737002174,0.847457627118644,1,177,1,1,1,1
560,0534_c0007_000.jpg,534,6,-1,True,150,8550,0.8899666211879901,0.2982107355864811,1,503,1,1,1,1
561,0534_c0007_005.jpg,534,6,-1,True,150,8550,0.8776342375939548,0.24834437086092714,1,604,1,1,1,1
562,0534_c0007_010.jpg,534,6,-1,True,150,8550,0.8837729713700744,0.27124773960216997,1,553,1,1,1,1
563,0534_c0007_015.jpg,534,6,-1,True,150,8550,0.8845254105966395,0.2640845070422535,1,568,1,1,1,1
564,0534_c0007_020.jpg,534,6,-1,True,150,8550,0.8904272629947753,0.30612244897959184,1,490,1,1,1,1
565,0534_c0008_000.jpg,534,7,-1,True,150,8550,0.828305183258888,0.2767527675276753,1,542,1,1,1,1
566,0534_c0008_005.jpg,534,7,-1,True,150,8550,0.8092368196297454,0.2568493150684932,1,584,1,1,1,1
567,0534_c0008_010.jpg,534,7,-1,True,150,8550,0.8153080401528536,0.27624309392265195,1,543,1,1,1,1
568,0534_c0008_015.jpg,534,7,-1,True,150,8550,0.8014883855118342,0.22935779816513763,1,654,1,1,1,1
569,0534_c0008_020.jpg,534,7,-1,True,150,8550,0.829040333707007,0.25295109612141653,1,593,1,1,1,1
570,0536_c0001_000.jpg,536,0,-1,True,75,8550,0.3415066311210366,0.09481668773704172,20,791,0,0,0,1
571,0536_c0001_005.jpg,536,0,-1,True,75,8550,0.3145070161035821,0.09168704156479218,26,818,0,0,0,0
572,0536_c0001_010.jpg,536,0,-1,True,75,8550,0.33386773907377787,0.0946969696969697,25,792,0,0,0,0
573,0536_c0001_015.jpg,536,0,-1,True,75,8550,0.2914629447853611,0.09225092250922509,26,813,0,0,0,0
574,0536_c0001_020.jpg,536,0,-1,True,75,8550,0.2732711531801697,0.09578544061302682,22,783,0,0,0,0
575,0536_c0002_000.jpg,536,1,-1,True,75,8550,0.46047287957568594,0.15560165975103735,3,482,0,1,1,1
576,0536_c0002_005.jpg,536,1,-1,True,75,8550,0.46632409559921295,0.23885350318471338,14,314,0,0,0,1
577,0536_c0002_010.jpg,536,1,-1,True,75,8550,0.48563099612708244,0.19083969465648856,1,393,1,1,1,1
578,0536_c0002_015.jpg,536,1,-1,True,75,8550,0.6026237620077708,0.15991471215351813,1,469,1,1,1,1
579,0536_c0002_020.jpg,536,1,-1,True,75,8550,0.5551534538907563,0.15822784810126583,1,474,1,1,1,1
580,0536_c0005_000.jpg,536,4,-1,True,75,8550,0.5886443217451152,0.25951557093425603,1,289,1,1,1,1
581,0536_c0005_005.jpg,536,4,-1,True,75,8550,0.7685535914540907,0.3138075313807531,1,239,1,1,1,1
582,0536_c0005_010.jpg,536,4,-1,True,75,8550,0.7434994565170799,0.2669039145907473,1,281,1,1,1,1
583,0536_c0005_015.jpg,536,4,-1,True,75,8550,0.5972728187661622,0.16778523489932887,1,447,1,1,1,1
584,0536_c0005_020.jpg,536,4,-1,True,75,8550,0.5615772037846192,0.176056338028169,1,426,1,1,1,1
585,0536_c0006_000.jpg,536,5,-1,True,75,8550,0.027820778004260898,0.03937007874015748,712,1905,0,0,0,0
586,0536_c0006_005.jpg,536,5,-1,True,75,8550,0.029092740424433192,0.04485645933014354,793,1672,0,0,0,0
587,0536_c0006_010.jpg,536,5,-1,True,75,8550,0.047778215149731726,0.061074918566775244,365,1228,0,0,0,0
588,0536_c0006_015.jpg,536,5,-1,True,75,8550,0.06079120550043752,0.06654835847382432,147,1127,0,0,0,0
589,0536_c0006_020.jpg,536,5,-1,True,75,8550,0.051350620035883004,0.05933544303797468,236,1264,0,0,0,0
590,0538_c0001_000.jpg,538,0,-1,True,175,8550,0.29443094119104324,0.1497005988023952,81,1169,0,0,0,0
591,0538_c0001_005.jpg,538,0,-1,True,175,8550,0.293873966346797,0.14571190674437967,81,1201,0,0,0,0
592,0538_c0001_010.jpg,538,0,-1,True,175,8550,0.330050658064322,0.13389441469013008,51,1307,0,0,0,0
593,0538_c0001_015.jpg,538,0,-1,True,175,8550,0.3110336196416052,0.14274061990212072,80,1226,0,0,0,0
594,0538_c0001_020.jpg,538,0,-1,True,175,8550,0.34060904598848807,0.12376237623762376,56,1414,0,0,0,0
595,0538_c0002_000.jpg,538,1,-1,True,175,8550,0.5538705240045859,0.08536585365853659,1,2050,1,1,1,1
596,0538_c0002_005.jpg,538,1,-1,True,175,8550,0.5162883360282258,0.08325404376784015,1,2102,1,1,1,1
597,0538_c0002_010.jpg,538,1,-1,True,175,8550,0.5351519549607482,0.08433734939759036,1,2075,1,1,1,1
598,0538_c0002_015.jpg,538,1,-1,True,175,8550,0.5249293286094447,0.08445945945945946,1,2072,1,1,1,1
599,0538_c0002_020.jpg,538,1,-1,True,175,8550,0.5261278842499734,0.08433734939759036,1,2075,1,1,1,1
600,0538_c0003_000.jpg,538,2,-1,True,175,8550,0.03918598911271619,0.05306246209824136,430,3298,0,0,0,0
601,0538_c0003_005.jpg,538,2,-1,True,175,8550,0.16619512728075528,0.10542168674698796,19,1660,0,0,0,1
602,0538_c0003_010.jpg,538,2,-1,True,175,8550,0.2887220666892817,0.3391472868217054,15,516,0,0,0,1
603,0538_c0003_015.jpg,538,2,-1,True,175,8550,0.6275945471846263,0.40415704387990764,1,433,1,1,1,1
604,0538_c0003_020.jpg,538,2,-1,True,175,8550,0.7963038348114823,0.44871794871794873,1,390,1,1,1,1
605,0538_c0004_000.jpg,538,3,-1,True,175,8550,0.7233774801701829,0.09568069983597595,1,1829,1,1,1,1
606,0538_c0004_005.jpg,538,3,-1,True,175,8550,0.7552008416004556,0.07602085143353605,1,2302,1,1,1,1
607,0538_c0004_010.jpg,538,3,-1,True,175,8550,0.7016867990821622,0.07151614221495708,1,2447,1,1,1,1
608,0538_c0004_015.jpg,538,3,-1,True,175,8550,0.7788444595661771,0.08023842274186153,1,2181,1,1,1,1
609,0538_c0004_020.jpg,538,3,-1,True,175,8550,0.7685905909516295,0.08974358974358974,1,1950,1,1,1,1
610,0538_c0005_000.jpg,538,4,-1,True,175,8550,0.14739352998623853,0.06455182589450387,82,2711,0,0,0,0
611,0538_c0005_005.jpg,538,4,-1,True,175,8550,0.16149639390470696,0.06574004507888806,59,2662,0,0,0,0
612,0538_c0005_010.jpg,538,4,-1,True,175,8550,0.16381725450844695,0.06532288167226577,57,2679,0,0,0,0
613,0538_c0005_015.jpg,538,4,-1,True,175,8550,0.18996303799016745,0.06651463321930824,47,2631,0,0,0,0
614,0538_c0005_020.jpg,538,4,-1,True,175,8550,0.18567828831860217,0.06671749904689286,37,2623,0,0,0,0
615,0538_c0006_000.jpg,538,5,-1,True,175,8550,0.7005089123519316,0.06870828425598743,1,2547,1,1,1,1
616,0538_c0006_005.jpg,538,5,-1,True,175,8550,0.6918213876885089,0.06754148977228869,1,2591,1,1,1,1
617,0538_c0006_010.jpg,538,5,-1,True,175,8550,0.6785255607689021,0.06633813495072025,1,2638,1,1,1,1
618,0538_c0006_015.jpg,538,5,-1,True,175,8550,0.6771887550203071,0.06938937351308486,1,2522,1,1,1,1
619,0538_c0006_020.jpg,538,5,-1,True,175,8550,0.6800539591525577,0.06723011909335382,1,2603,1,1,1,1
620,0538_c0007_000.jpg,538,6,-1,True,175,8550,0.717690671468171,0.0875,1,2000,1,1,1,1
621,0538_c0007_005.jpg,538,6,-1,True,175,8550,0.6914087110349783,0.09594298245614036,1,1824,1,1,1,1
622,0538_c0007_010.jpg,538,6,-1,True,175,8550,0.6896383934748288,0.08780732563973909,1,1993,1,1,1,1
623,0538_c0007_015.jpg,538,6,-1,True,175,8550,0.6868350339216985,0.09105098855359,1,1922,1,1,1,1
624,0538_c0007_020.jpg,538,6,-1,True,175,8550,0.6978089652646506,0.08878741755454084,1,1971,1,1,1,1
625,0538_c0008_000.jpg,538,7,-1,True,175,8550,0.7904942815195221,0.08109360518999073,1,2158,1,1,1,1
626,0538_c0008_005.jpg,538,7,-1,True,175,8550,0.8038323332440597,0.08329366968110423,1,2101,1,1,1,1
627,0538_c0008_010.jpg,538,7,-1,True,175,8550,0.8128184559290131,0.08325404376784015,1,2102,1,1,1,1
628,0538_c0008_015.jpg,538,7,-1,True,175,8550,0.810279296908871,0.08565834557023984,1,2043,1,1,1,1
629,0538_c0008_020.jpg,538,7,-1,True,175,8550,0.807996963453714,0.0848690591658584,1,2062,1,1,1,1
630,0540_c0001_000.jpg,540,0,-1,True,175,8550,0.9307250658149254,0.42168674698795183,1,415,1,1,1,1
631,0540_c0001_005.jpg,540,0,-1,True,175,8550,0.9264791955186521,0.4050925925925926,1,432,1,1,1,1
632,0540_c0001_010.jpg,540,0,-1,True,175,8550,0.9348543838189403,0.42997542997543,1,407,1,1,1,1
633,0540_c0001_015.jpg,540,0,-1,True,175,8550,0.9300791884899218,0.42475728155339804,1,412,1,1,1,1
634,0540_c0001_020.jpg,540,0,-1,True,175,8550,0.9429366839812956,0.46174142480211083,1,379,1,1,1,1
635,0540_c0002_000.jpg,540,1,-1,True,175,8550,0.45505951881247336,0.24305555555555555,1,720,1,1,1,1
636,0540_c0002_005.jpg,540,1,-1,True,175,8550,0.23862528371493738,0.23648648648648649,12,740,0,0,0,1
637,0540_c0002_010.jpg,540,1,-1,True,175,8550,0.3012918157294548,0.2339572192513369,4,748,0,1,1,1
638,0540_c0002_015.jpg,540,1,-1,True,175,8550,0.3055752067876737,0.18078512396694216,1,968,1,1,1,1
639,0540_c0002_020.jpg,540,1,-1,True,175,8550,0.3645014267959754,0.20958083832335328,1,835,1,1,1,1
640,0540_c0003_000.jpg,540,2,-1,True,175,8550,0.8260107637849388,0.39414414414414417,1,444,1,1,1,1
641,0540_c0003_005.jpg,540,2,-1,True,175,8550,0.8630914834589765,0.42168674698795183,1,415,1,1,1,1
642,0540_c0003_010.jpg,540,2,-1,True,175,8550,0.8344488620074173,0.4050925925925926,1,432,1,1,1,1
643,0540_c0003_015.jpg,540,2,-1,True,175,8550,0.8500030292986055,0.4156769596199525,1,421,1,1,1,1
644,0540_c0003_020.jpg,540,2,-1,True,175,8550,0.8527700755340386,0.4117647058823529,1,425,1,1,1,1
645,0540_c0004_000.jpg,540,3,-1,True,175,8550,0.4663110350748974,0.41371158392434987,1,423,1,1,1,1
646,0540_c0004_005.jpg,540,3,-1,True,175,8550,0.539754040153241,0.4098360655737705,1,427,1,1,1,1
647,0540_c0004_010.jpg,540,3,-1,True,175,8550,0.5433924101939587,0.39592760180995473,1,442,1,1,1,1
648,0540_c0004_015.jpg,540,3,-1,True,175,8550,0.5448526714153479,0.4117647058823529,1,425,1,1,1,1
649,0540_c0004_020.jpg,540,3,-1,True,175,8550,0.4781537367356722,0.4088785046728972,1,428,1,1,1,1
650,0540_c0005_000.jpg,540,4,-1,True,175,8550,0.786327763251492,0.45691906005221933,1,383,1,1,1,1
651,0540_c0005_005.jpg,540,4,-1,True,175,8550,0.8046234144079556,0.4605263157894737,1,380,1,1,1,1
652,0540_c0005_010.jpg,540,4,-1,True,175,8550,0.8342212275155628,0.4943502824858757,1,354,1,1,1,1
653,0540_c0005_015.jpg,540,4,-1,True,175,8550,0.820103123651837,0.4971590909090909,1,352,1,1,1,1
654,0540_c0005_020.jpg,540,4,-1,True,175,8550,0.8109148301427357,0.49157303370786515,1,356,1,1,1,1
655,0540_c0006_000.jpg,540,5,-1,True,175,8550,0.9208428569526453,0.3564154786150713,1,491,1,1,1,1
656,0540_c0006_005.jpg,540,5,-1,True,175,8550,0.9162602545725191,0.35496957403651114,1,493,1,1,1,1
657,0540_c0006_010.jpg,540,5,-1,True,175,8550,0.9148585169545236,0.343811394891945,1,509,1,1,1,1
658,0540_c0006_015.jpg,540,5,-1,True,175,8550,0.9112768189776375,0.32051282051282054,1,546,1,1,1,1
659,0540_c0006_020.jpg,540,5,-1,True,175,8550,0.9172627379084753,0.3556910569105691,1,492,1,1,1,1
660,0540_c0007_000.jpg,540,6,-1,True,175,8550,0.6707317407575247,0.6183745583038869,1,283,1,1,1,1
661,0540_c0007_005.jpg,540,6,-1,True,175,8550,0.7080060439897454,0.6227758007117438,1,281,1,1,1,1
662,0540_c0007_010.jpg,540,6,-1,True,175,8550,0.841665202613917,0.6363636363636364,1,275,1,1,1,1
663,0540_c0007_015.jpg,540,6,-1,True,175,8550,0.8595092251883621,0.5892255892255892,1,297,1,1,1,1
664,0540_c0007_020.jpg,540,6,-1,True,175,8550,0.8528445977057043,0.6013745704467354,1,291,1,1,1,1
665,0540_c0008_000.jpg,540,7,-1,True,175,8550,0.49665735137104766,0.3888888888888889,1,450,1,1,1,1
666,0540_c0008_005.jpg,540,7,-1,True,175,8550,0.5392769479434133,0.4098360655737705,1,427,1,1,1,1
667,0540_c0008_010.jpg,540,7,-1,True,175,8550,0.5878644891199509,0.4032258064516129,1,434,1,1,1,1
668,0540_c0008_015.jpg,540,7,-1,True,175,8550,0.6143565426317961,0.43103448275862066,1,406,1,1,1,1
669,0540_c0008_020.jpg,540,7,-1,True,175,8550,0.4224995072841854,0.3314393939393939,1,528,1,1,1,1
670,0542_c0001_000.jpg,542,0,-1,True,150,8550,0.05852358353038125,0.024108003857280617,64,6222,0,0,0,0
671,0542_c0001_005.jpg,542,0,-1,True,150,8550,0.10990564056430562,0.02239140170174653,26,6699,0,0,0,0
672,0542_c0001_010.jpg,542,0,-1,True,150,8550,0.09503626421173395,0.023295542786146917,28,6439,0,0,0,0
673,0542_c0001_015.jpg,542,0,-1,True,150,8550,0.10310021660073586,0.023073373327180433,26,6501,0,0,0,0
674,0542_c0001_020.jpg,542,0,-1,True,150,8550,0.11221718397698621,0.022573363431151242,27,6645,0,0,0,0
675,0542_c0002_000.jpg,542,1,-1,True,150,8550,0.08020714129268498,0.04285714285714286,72,3500,0,0,0,0
676,0542_c0002_005.jpg,542,1,-1,True,150,8550,0.10597313755659264,0.04056246619794483,34,3698,0,0,0,0
677,0542_c0002_010.jpg,542,1,-1,True,150,8550,0.14724287594668878,0.0383533623114293,20,3911,0,0,0,1
678,0542_c0002_015.jpg,542,1,-1,True,150,8550,0.22187495488139167,0.035936751317680884,1,4174,1,1,1,1
679,0542_c0002_020.jpg,542,1,-1,True,150,8550,0.23849267117366169,0.037037037037037035,1,4050,1,1,1,1
680,0542_c0004_000.jpg,542,3,-1,True,150,8550,0.19341643145048176,0.024334847501622323,1,6164,1,1,1,1
681,0542_c0004_005.jpg,542,3,-1,True,150,8550,0.194819361027676,0.024193548387096774,1,6200,1,1,1,1
682,0542_c0004_010.jpg,542,3,-1,True,150,8550,0.19455552042945942,0.02440214738897023,1,6147,1,1,1,1
683,0542_c0004_015.jpg,542,3,-1,True,150,8550,0.19394014463553425,0.023946360153256706,1,6264,1,1,1,1
684,0542_c0004_020.jpg,542,3,-1,True,150,8550,0.19560953043278342,0.02405002405002405,1,6237,1,1,1,1
685,0542_c0005_000.jpg,542,4,-1,True,150,8550,0.21771993871991133,0.020024028834601523,1,7491,1,1,1,1
686,0542_c0005_005.jpg,542,4,-1,True,150,8550,0.264190089859025,0.020237452779276847,1,7412,1,1,1,1
687,0542_c0005_010.jpg,542,4,-1,True,150,8550,0.25351729301716425,0.020034726859890477,1,7487,1,1,1,1
688,0542_c0005_015.jpg,542,4,-1,True,150,8550,0.23635127824098484,0.019742037378257436,1,7598,1,1,1,1
689,0542_c0005_020.jpg,542,4,-1,True,150,8550,0.22342302240919826,0.019825535289452814,1,7566,1,1,1,1
690,0542_c0006_000.jpg,542,5,-1,True,150,8550,0.2563130050428631,0.02199091042369154,1,6821,1,1,1,1
691,0542_c0006_005.jpg,542,5,-1,True,150,8550,0.26198332789435874,0.02212063117534287,1,6781,1,1,1,1
692,0542_c0006_010.jpg,542,5,-1,True,150,8550,0.2655041718195749,0.021904205607476634,1,6848,1,1,1,1
693,0542_c0006_015.jpg,542,5,-1,True,150,8550,0.2537726041254955,0.021234428086070217,1,7064,1,1,1,1
694,0542_c0006_020.jpg,542,5,-1,True,150,8550,0.2645471156144133,0.021258503401360544,1,7056,1,1,1,1
695,0542_c0007_000.jpg,542,6,-1,True,150,8550,0.1492601250688679,0.03579952267303103,51,4190,0,0,0,0
696,0542_c0007_005.jpg,542,6,-1,True,150,8550,0.10607486397562614,0.04005340453938585,51,3745,0,0,0,0
697,0542_c0007_010.jpg,542,6,-1,True,150,8550,0.16443009076270765,0.03798429982273993,51,3949,0,0,0,0
698,0542_c0007_015.jpg,542,6,-1,True,150,8550,0.13280542666623563,0.037350597609561755,51,4016,0,0,0,0
699,0542_c0007_020.jpg,542,6,-1,True,150,8550,0.12056816135436897,0.04363001745200698,51,3438,0,0,0,0
700,0542_c0008_000.jpg,542,7,-1,True,150,8550,0.19802079164101924,0.02256317689530686,1,6648,1,1,1,1
701,0542_c0008_005.jpg,542,7,-1,True,150,8550,0.20103818777991625,0.022351363433169423,1,6711,1,1,1,1
702,0542_c0008_010.jpg,542,7,-1,True,150,8550,0.19492481168914547,0.022278330610426257,1,6733,1,1,1,1
703,0542_c0008_015.jpg,542,7,-1,True,150,8550,0.19922044631099753,0.021846781240897173,1,6866,1,1,1,1
704,0542_c0008_020.jpg,542,7,-1,True,150,8550,0.1963125892739561,0.022311468094600623,1,6723,1,1,1,1
705,0544_c0001_000.jpg,544,0,-1,True,150,8550,0.22289513375338638,0.0741106719367589,1,2024,1,1,1,1
706,0544_c0001_005.jpg,544,0,-1,True,150,8550,0.1272716995698867,0.06555944055944056,26,2288,0,0,0,0
707,0544_c0001_010.jpg,544,0,-1,True,150,8550,0.1679494988321727,0.078003120124805,6,1923,0,0,1,1
708,0544_c0001_015.jpg,544,0,-1,True,150,8550,0.17856769009499174,0.08310249307479224,3,1805,0,1,1,1
709,0544_c0001_020.jpg,544,0,-1,True,150,8550,0.18038152032749277,0.07239382239382239,1,2072,1,1,1,1
710,0544_c0002_000.jpg,544,1,-1,True,150,8550,0.3795489627038376,0.10845986984815618,1,1383,1,1,1,1
711,0544_c0002_005.jpg,544,1,-1,True,150,8550,0.3104521374223184,0.10600706713780919,3,1415,0,1,1,1
712,0544_c0002_010.jpg,544,1,-1,True,150,8550,0.46031494631312947,0.14866204162537167,1,1009,1,1,1,1
713,0544_c0002_015.jpg,544,1,-1,True,150,8550,0.32522814178723425,0.1403180542563143,12,1069,0,0,0,1
714,0544_c0002_020.jpg,544,1,-1,True,150,8550,0.2402564622190215,0.15625,18,960,0,0,0,1
715,0544_c0003_000.jpg,544,2,-1,True,150,8550,0.6207511670395434,0.11538461538461539,1,1300,1,1,1,1
716,0544_c0003_005.jpg,544,2,-1,True,150,8550,0.6567015353096108,0.14285714285714285,1,1050,1,1,1,1
717,0544_c0003_010.jpg,544,2,-1,True,150,8550,0.644487470557137,0.16910935738444194,1,887,1,1,1,1
718,0544_c0003_015.jpg,544,2,-1,True,150,8550,0.6203351937766584,0.1736111111111111,1,864,1,1,1,1
719,0544_c0003_020.jpg,544,2,-1,True,150,8550,0.6257090344722783,0.1694915254237288,1,885,1,1,1,1
720,0544_c0005_000.jpg,544,4,-1,True,150,8550,0.491792344535712,0.10013351134846461,1,1498,1,1,1,1
721,0544_c0005_005.jpg,544,4,-1,True,150,8550,0.49128861928991074,0.0962772785622593,1,1558,1,1,1,1
722,0544_c0005_010.jpg,544,4,-1,True,150,8550,0.41272889080732295,0.0778816199376947,1,1926,1,1,1,1
723,0544_c0005_015.jpg,544,4,-1,True,150,8550,0.42990872450044454,0.08112493239588967,1,1849,1,1,1,1
724,0544_c0005_020.jpg,544,4,-1,True,150,8550,0.43464773560061865,0.08823529411764706,1,1700,1,1,1,1
725,0544_c0006_000.jpg,544,5,-1,True,150,8550,0.6781628963720411,0.24630541871921183,1,609,1,1,1,1
726,0544_c0006_005.jpg,544,5,-1,True,150,8550,0.6728231763762441,0.16703786191536749,1,898,1,1,1,1
727,0544_c0006_010.jpg,544,5,-1,True,150,8550,0.6977059553752843,0.18181818181818182,1,825,1,1,1,1
728,0544_c0006_015.jpg,544,5,-1,True,150,8550,0.6631291140804346,0.15527950310559005,1,966,1,1,1,1
729,0544_c0006_020.jpg,544,5,-1,True,150,8550,0.6740243015831251,0.12975778546712802,1,1156,1,1,1,1
730,0544_c0007_000.jpg,544,6,-1,True,150,8550,0.3469394239700826,0.08099352051835854,1,1852,1,1,1,1
731,0544_c0007_005.jpg,544,6,-1,True,150,8550,0.34737523778912394,0.08099352051835854,1,1852,1,1,1,1
732,0544_c0007_010.jpg,544,6,-1,True,150,8550,0.29055590818977656,0.0762970498474059,1,1966,1,1,1,1
733,0544_c0007_015.jpg,544,6,-1,True,150,8550,0.3011132268684141,0.07780082987551867,1,1928,1,1,1,1
734,0544_c0007_020.jpg,544,6,-1,True,150,8550,0.3649130554671157,0.072992700729927,1,2055,1,1,1,1
735,0544_c0008_000.jpg,544,7,-1,True,150,8550,0.9414567640136768,0.6818181818181818,1,220,1,1,1,1
736,0544_c0008_005.jpg,544,7,-1,True,150,8550,0.9202856216687345,0.5836575875486382,1,257,1,1,1,1
737,0544_c0008_010.jpg,544,7,-1,True,150,8550,0.8911333130604798,0.5376344086021505,1,279,1,1,1,1
738,0544_c0008_015.jpg,544,7,-1,True,150,8550,0.9125854827449037,0.7142857142857143,1,210,1,1,1,1
739,0544_c0008_020.jpg,544,7,-1,True,150,8550,0.8477896589816121,0.3640776699029126,1,412,1,1,1,1
740,0546_c0002_000.jpg,546,1,-1,True,75,8550,0.8241804870717364,0.6147540983606558,1,122,1,1,1,1
741,0546_c0002_005.jpg,546,1,-1,True,75,8550,0.7748369565586493,0.5952380952380952,1,126,1,1,1,1
742,0546_c0002_010.jpg,546,1,-1,True,75,8550,0.769207669342831,0.6048387096774194,1,124,1,1,1,1
743,0546_c0002_015.jpg,546,1,-1,True,75,8550,0.9362443525840402,0.7978723404255319,1,94,1,1,1,1
744,0546_c0002_020.jpg,546,1,-1,True,75,8550,0.8399897932136179,0.625,1,120,1,1,1,1
745,0546_c0004_000.jpg,546,3,-1,True,75,8550,1.0,1.0,1,75,1,1,1,1
746,0546_c0004_005.jpg,546,3,-1,True,75,8550,1.0,1.0,1,75,1,1,1,1
747,0546_c0004_010.jpg,546,3,-1,True,75,8550,1.0,1.0,1,75,1,1,1,1
748,0546_c0004_015.jpg,546,3,-1,True,75,8550,1.0,1.0,1,75,1,1,1,1
749,0546_c0004_020.jpg,546,3,-1,True,75,8550,1.0,1.0,1,75,1,1,1,1
750,0546_c0007_000.jpg,546,6,-1,True,75,8550,1.0,1.0,1,75,1,1,1,1
751,0546_c0007_005.jpg,546,6,-1,True,75,8550,1.0,1.0,1,75,1,1,1,1
752,0546_c0007_010.jpg,546,6,-1,True,75,8550,1.0,1.0,1,75,1,1,1,1
753,0546_c0007_015.jpg,546,6,-1,True,75,8550,1.0,1.0,1,75,1,1,1,1
754,0546_c0007_020.jpg,546,6,-1,True,75,8550,1.0,1.0,1,75,1,1,1,1
755,0546_c0008_000.jpg,546,7,-1,True,75,8550,1.0,1.0,1,75,1,1,1,1
756,0546_c0008_005.jpg,546,7,-1,True,75,8550,1.0,1.0,1,75,1,1,1,1
757,0546_c0008_010.jpg,546,7,-1,True,75,8550,1.0,1.0,1,75,1,1,1,1
758,0546_c0008_015.jpg,546,7,-1,True,75,8550,1.0,1.0,1,75,1,1,1,1
759,0546_c0008_020.jpg,546,7,-1,True,75,8550,1.0,1.0,1,75,1,1,1,1
760,0548_c0001_000.jpg,548,0,-1,True,125,8550,0.4565038036315184,0.18063583815028902,1,692,1,1,1,1
761,0548_c0001_005.jpg,548,0,-1,True,125,8550,0.4218205595377144,0.16149870801033592,1,774,1,1,1,1
762,0548_c0001_010.jpg,548,0,-1,True,125,8550,0.4356523107573786,0.17123287671232876,1,730,1,1,1,1
763,0548_c0001_015.jpg,548,0,-1,True,125,8550,0.41809673561743854,0.16688918558077437,1,749,1,1,1,1
764,0548_c0001_020.jpg,548,0,-1,True,125,8550,0.4044053297287568,0.16339869281045752,1,765,1,1,1,1
765,0548_c0002_000.jpg,548,1,-1,True,125,8550,0.3110661765454989,0.1899696048632219,6,658,0,0,1,1
766,0548_c0002_005.jpg,548,1,-1,True,125,8550,0.3146191991416314,0.18628912071535023,26,671,0,0,0,0
767,0548_c0002_010.jpg,548,1,-1,True,125,8550,0.3128866584115603,0.17385257301808066,25,719,0,0,0,0
768,0548_c0002_015.jpg,548,1,-1,True,125,8550,0.3246993391520185,0.16666666666666666,11,750,0,0,0,1
769,0548_c0002_020.jpg,548,1,-1,True,125,8550,0.46851997689526714,0.18409425625920472,1,679,1,1,1,1
770,0548_c0003_000.jpg,548,2,-1,True,125,8550,0.7429309115068985,0.22241992882562278,1,562,1,1,1,1
771,0548_c0003_005.jpg,548,2,-1,True,125,8550,0.7281613656844649,0.22686025408348456,1,551,1,1,1,1
772,0548_c0003_010.jpg,548,2,-1,True,125,8550,0.7240087405972145,0.22768670309653916,1,549,1,1,1,1
773,0548_c0003_015.jpg,548,2,-1,True,125,8550,0.6988309834456803,0.22401433691756273,1,558,1,1,1,1
774,0548_c0003_020.jpg,548,2,-1,True,125,8550,0.7278320313389125,0.21477663230240548,1,582,1,1,1,1
775,0548_c0005_000.jpg,548,4,-1,True,125,8550,0.8223033487977334,0.2181500872600349,1,573,1,1,1,1
776,0548_c0005_005.jpg,548,4,-1,True,125,8550,0.8237707503378003,0.22361359570661896,1,559,1,1,1,1
777,0548_c0005_010.jpg,548,4,-1,True,125,8550,0.8401585292352562,0.24177949709864605,1,517,1,1,1,1
778,0548_c0005_015.jpg,548,4,-1,True,125,8550,0.8344588105570795,0.23452157598499063,1,533,1,1,1,1
779,0548_c0005_020.jpg,548,4,-1,True,125,8550,0.8275107062072696,0.23062730627306274,1,542,1,1,1,1
780,0548_c0006_000.jpg,548,5,-1,True,125,8550,0.6206050652412181,0.18684603886397608,1,669,1,1,1,1
781,0548_c0006_005.jpg,548,5,-1,True,125,8550,0.6471119163114325,0.18573551263001487,1,673,1,1,1,1
782,0548_c0006_010.jpg,548,5,-1,True,125,8550,0.6475520544805936,0.19319938176197837,1,647,1,1,1,1
783,0548_c0006_015.jpg,548,5,-1,True,125,8550,0.636301292184045,0.19623233908948196,1,637,1,1,1,1
784,0548_c0006_020.jpg,548,5,-1,True,125,8550,0.6493370101890246,0.20458265139116202,1,611,1,1,1,1
785,0548_c0007_000.jpg,548,6,-1,True,125,8550,0.5148100655813941,0.2302025782688766,1,543,1,1,1,1
786,0548_c0007_005.jpg,548,6,-1,True,125,8550,0.632097244769809,0.26260504201680673,1,476,1,1,1,1
787,0548_c0007_010.jpg,548,6,-1,True,125,8550,0.7610915752604419,0.2753303964757709,1,454,1,1,1,1
788,0548_c0007_015.jpg,548,6,-1,True,125,8550,0.7564814830299481,0.2802690582959641,1,446,1,1,1,1
789,0548_c0007_020.jpg,548,6,-1,True,125,8550,0.7562530058890655,0.2802690582959641,1,446,1,1,1,1
790,0550_c0001_000.jpg,550,0,-1,True,175,8550,0.30115870409808937,0.14893617021276595,32,1175,0,0,0,0
791,0550_c0001_005.jpg,550,0,-1,True,175,8550,0.299481598899405,0.15779981965734896,33,1109,0,0,0,0
792,0550_c0001_010.jpg,550,0,-1,True,175,8550,0.2951320132498886,0.17378351539225423,29,1007,0,0,0,0
793,0550_c0001_015.jpg,550,0,-1,True,175,8550,0.29827135473478505,0.15625,29,1120,0,0,0,0
794,0550_c0001_020.jpg,550,0,-1,True,175,8550,0.29800181301266676,0.15527950310559005,32,1127,0,0,0,0
795,0550_c0002_000.jpg,550,1,-1,True,175,8550,0.4769900977223661,0.23521505376344087,1,744,1,1,1,1
796,0550_c0002_005.jpg,550,1,-1,True,175,8550,0.432411286918992,0.21604938271604937,1,810,1,1,1,1
797,0550_c0002_010.jpg,550,1,-1,True,175,8550,0.5208198464352468,0.19083969465648856,1,917,1,1,1,1
798,0550_c0002_015.jpg,550,1,-1,True,175,8550,0.6146816756340285,0.2,1,875,1,1,1,1
799,0550_c0002_020.jpg,550,1,-1,True,175,8550,0.4996653312149783,0.2061248527679623,1,849,1,1,1,1
800,0550_c0003_000.jpg,550,2,-1,True,175,8550,0.26176701209961073,0.1394422310756972,5,1255,0,1,1,1
801,0550_c0003_005.jpg,550,2,-1,True,175,8550,0.2523985084044077,0.14919011082693948,8,1173,0,0,1,1
802,0550_c0003_010.jpg,550,2,-1,True,175,8550,0.22314491429907488,0.13177710843373494,5,1328,0,1,1,1
803,0550_c0003_015.jpg,550,2,-1,True,175,8550,0.2687287919398975,0.16355140186915887,6,1070,0,0,1,1
804,0550_c0003_020.jpg,550,2,-1,True,175,8550,0.2406720948090242,0.12272089761570827,2,1426,0,1,1,1
805,0550_c0004_000.jpg,550,3,-1,True,175,8550,0.1765350618558883,0.12801755669348938,54,1367,0,0,0,0
806,0550_c0004_005.jpg,550,3,-1,True,175,8550,0.15098040047997022,0.11513157894736842,143,1520,0,0,0,0
807,0550_c0004_010.jpg,550,3,-1,True,175,8550,0.14851847202202093,0.12027491408934708,200,1455,0,0,0,0
808,0550_c0004_015.jpg,550,3,-1,True,175,8550,0.15237208884926795,0.11174968071519796,154,1566,0,0,0,0
809,0550_c0004_020.jpg,550,3,-1,True,175,8550,0.2035138210224963,0.12482168330955777,25,1402,0,0,0,0
810,0550_c0005_000.jpg,550,4,-1,True,175,8550,0.25444270249206186,0.2006880733944954,21,872,0,0,0,0
811,0550_c0005_005.jpg,550,4,-1,True,175,8550,0.27817647573901505,0.3141831238779174,5,557,0,1,1,1
812,0550_c0005_010.jpg,550,4,-1,True,175,8550,0.2529065158889879,0.26435045317220546,27,662,0,0,0,0
813,0550_c0005_015.jpg,550,4,-1,True,175,8550,0.22795011675922064,0.13966480446927373,5,1253,0,1,1,1
814,0550_c0005_020.jpg,550,4,-1,True,175,8550,0.22795011675922064,0.13966480446927373,5,1253,0,1,1,1
815,0550_c0006_000.jpg,550,5,-1,True,175,8550,0.3475467794186106,0.12755102040816327,1,1372,1,1,1,1
816,0550_c0006_005.jpg,550,5,-1,True,175,8550,0.2588585358795446,0.10548523206751055,3,1659,0,1,1,1
817,0550_c0006_010.jpg,550,5,-1,True,175,8550,0.24977193967551212,0.092445853143159,1,1893,1,1,1,1
818,0550_c0006_015.jpg,550,5,-1,True,175,8550,0.3092360576451669,0.12002743484224966,1,1458,1,1,1,1
819,0550_c0006_020.jpg,550,5,-1,True,175,8550,0.3290792020997281,0.12367491166077739,1,1415,1,1,1,1
820,0550_c0007_000.jpg,550,6,-1,True,175,8550,0.4969563388395239,0.24964336661911554,1,701,1,1,1,1
821,0550_c0007_005.jpg,550,6,-1,True,175,8550,0.4655372977884782,0.24238227146814403,1,722,1,1,1,1
822,0550_c0007_010.jpg,550,6,-1,True,175,8550,0.46994139858159023,0.26881720430107525,1,651,1,1,1,1
823,0550_c0007_015.jpg,550,6,-1,True,175,8550,0.3834057108410935,0.21058965102286403,7,831,0,0,1,1
824,0550_c0007_020.jpg,550,6,-1,True,175,8550,0.5397516322850442,0.18305439330543932,1,956,1,1,1,1
825,0550_c0008_000.jpg,550,7,-1,True,175,8550,0.43274492891395133,0.12690355329949238,1,1379,1,1,1,1
826,0550_c0008_005.jpg,550,7,-1,True,175,8550,0.3883236544164533,0.11437908496732026,1,1530,1,1,1,1
827,0550_c0008_010.jpg,550,7,-1,True,175,8550,0.3487408146900444,0.09943181818181818,1,1760,1,1,1,1
828,0550_c0008_015.jpg,550,7,-1,True,175,8550,0.30307501317401375,0.1016260162601626,10,1722,0,0,1,1
829,0550_c0008_020.jpg,550,7,-1,True,175,8550,0.27620511442757045,0.11393229166666667,26,1536,0,0,0,0
830,0552_c0001_000.jpg,552,0,-1,True,175,8550,0.48825657214211704,0.12178148921363953,1,1437,1,1,1,1
831,0552_c0001_005.jpg,552,0,-1,True,175,8550,0.4635190084899676,0.1222921034241789,1,1431,1,1,1,1
832,0552_c0001_010.jpg,552,0,-1,True,175,8550,0.48945424887387423,0.12446657183499289,1,1406,1,1,1,1
833,0552_c0001_015.jpg,552,0,-1,True,175,8550,0.4787886458912623,0.12093987560469938,1,1447,1,1,1,1
834,0552_c0001_020.jpg,552,0,-1,True,175,8550,0.46756142102018866,0.12135922330097088,1,1442,1,1,1,1
835,0552_c0002_000.jpg,552,1,-1,True,175,8550,0.3415464225730276,0.23616734143049933,1,741,1,1,1,1
836,0552_c0002_005.jpg,552,1,-1,True,175,8550,0.34135298113942036,0.2358490566037736,1,742,1,1,1,1
837,0552_c0002_010.jpg,552,1,-1,True,175,8550,0.41684210626240065,0.24857954545454544,1,704,1,1,1,1
838,0552_c0002_015.jpg,552,1,-1,True,175,8550,0.4292404271094808,0.2532561505065123,1,691,1,1,1,1
839,0552_c0002_020.jpg,552,1,-1,True,175,8550,0.4408552964474633,0.25697503671071953,1,681,1,1,1,1
840,0552_c0003_000.jpg,552,2,-1,True,175,8550,0.9048212824986046,0.5368098159509203,1,326,1,1,1,1
841,0552_c0003_005.jpg,552,2,-1,True,175,8550,0.870485439022411,0.5573248407643312,1,314,1,1,1,1
842,0552_c0003_010.jpg,552,2,-1,True,175,8550,0.83266803587136,0.550314465408805,1,318,1,1,1,1
843,0552_c0003_015.jpg,552,2,-1,True,175,8550,0.8673668473874488,0.5555555555555556,1,315,1,1,1,1
844,0552_c0003_020.jpg,552,2,-1,True,175,8550,0.8742183061724957,0.54858934169279,1,319,1,1,1,1
845,0552_c0004_000.jpg,552,3,-1,True,175,8550,0.5551303478995919,0.27602523659305994,1,634,1,1,1,1
846,0552_c0004_005.jpg,552,3,-1,True,175,8550,0.5779971778220181,0.27258566978193144,1,642,1,1,1,1
847,0552_c0004_010.jpg,552,3,-1,True,175,8550,0.540738814658056,0.2956081081081081,3,592,0,1,1,1
848,0552_c0004_015.jpg,552,3,-1,True,175,8550,0.5228193360369754,0.2845528455284553,1,615,1,1,1,1
849,0552_c0004_020.jpg,552,3,-1,True,175,8550,0.4832067303756207,0.28594771241830064,4,612,0,1,1,1
850,0552_c0005_000.jpg,552,4,-1,True,175,8550,0.8759006700410389,0.6505576208178439,1,269,1,1,1,1
851,0552_c0005_005.jpg,552,4,-1,True,175,8550,0.8693422455966126,0.6272401433691757,1,279,1,1,1,1
852,0552_c0005_010.jpg,552,4,-1,True,175,8550,0.8002554948040129,0.6457564575645757,1,271,1,1,1,1
853,0552_c0005_015.jpg,552,4,-1,True,175,8550,0.8198783488528277,0.6628787878787878,1,264,1,1,1,1
854,0552_c0005_020.jpg,552,4,-1,True,175,8550,0.832314832621724,0.6679389312977099,1,262,1,1,1,1
855,0552_c0006_000.jpg,552,5,-1,True,175,8550,0.6257784161205657,0.3193430656934307,1,548,1,1,1,1
856,0552_c0006_005.jpg,552,5,-1,True,175,8550,0.6220241287152186,0.315884476534296,1,554,1,1,1,1
857,0552_c0006_010.jpg,552,5,-1,True,175,8550,0.647760805208558,0.33980582524271846,1,515,1,1,1,1
858,0552_c0006_015.jpg,552,5,-1,True,175,8550,0.705193986695643,0.360082304526749,1,486,1,1,1,1
859,0552_c0006_020.jpg,552,5,-1,True,175,8550,0.7012429574503639,0.3615702479338843,1,484,1,1,1,1
860,0552_c0007_000.jpg,552,6,-1,True,175,8550,0.7290754338054977,0.34860557768924305,1,502,1,1,1,1
861,0552_c0007_005.jpg,552,6,-1,True,175,8550,0.7517859767220068,0.36764705882352944,1,476,1,1,1,1
862,0552_c0007_010.jpg,552,6,-1,True,175,8550,0.7303146852748228,0.35714285714285715,1,490,1,1,1,1
863,0552_c0007_015.jpg,552,6,-1,True,175,8550,0.7138563100036054,0.33783783783783783,1,518,1,1,1,1
864,0552_c0007_020.jpg,552,6,-1,True,175,8550,0.7211507487140346,0.35,1,500,1,1,1,1
865,0552_c0008_000.jpg,552,7,-1,True,175,8550,0.839275027806816,0.211864406779661,1,826,1,1,1,1
866,0552_c0008_005.jpg,552,7,-1,True,175,8550,0.8387402626170875,0.2113526570048309,1,828,1,1,1,1
867,0552_c0008_010.jpg,552,7,-1,True,175,8550,0.8256296464376521,0.20138089758342922,1,869,1,1,1,1
868,0552_c0008_015.jpg,552,7,-1,True,175,8550,0.8262950647002318,0.20908004778972522,1,837,1,1,1,1
869,0552_c0008_020.jpg,552,7,-1,True,175,8550,0.8387461027284592,0.2139364303178484,1,818,1,1,1,1
870,0554_c0001_000.jpg,554,0,-1,True,150,8550,0.36227804277886194,0.14258555133079848,1,1052,1,1,1,1
871,0554_c0001_005.jpg,554,0,-1,True,150,8550,0.36842089365906205,0.13837638376383765,1,1084,1,1,1,1
872,0554_c0001_010.jpg,554,0,-1,True,150,8550,0.37549290883822173,0.15690376569037656,1,956,1,1,1,1
873,0554_c0001_015.jpg,554,0,-1,True,150,8550,0.3656785579123304,0.1507537688442211,1,995,1,1,1,1
874,0554_c0001_020.jpg,554,0,-1,True,150,8550,0.3725680480570499,0.16163793103448276,1,928,1,1,1,1
875,0554_c0002_000.jpg,554,1,-1,True,150,8550,0.4013283762444273,0.09874917709019092,1,1519,1,1,1,1
876,0554_c0002_005.jpg,554,1,-1,True,150,8550,0.35215287802278294,0.0931098696461825,1,1611,1,1,1,1
877,0554_c0002_010.jpg,554,1,-1,True,150,8550,0.27903243239488257,0.07987220447284345,1,1878,1,1,1,1
878,0554_c0002_015.jpg,554,1,-1,True,150,8550,0.27033854709108734,0.07957559681697612,1,1885,1,1,1,1
879,0554_c0002_020.jpg,554,1,-1,True,150,8550,0.2899888465690434,0.08522727272727272,1,1760,1,1,1,1
880,0554_c0003_000.jpg,554,2,-1,True,150,8550,0.24875038205182026,0.08992805755395683,27,1668,0,0,0,0
881,0554_c0003_005.jpg,554,2,-1,True,150,8550,0.2706530888575505,0.09566326530612244,26,1568,0,0,0,0
882,0554_c0003_010.jpg,554,2,-1,True,150,8550,0.2486771720196233,0.08532423208191127,7,1758,0,0,1,1
883,0554_c0003_015.jpg,554,2,-1,True,150,8550,0.24834472521099235,0.08347245409015025,22,1797,0,0,0,0
884,0554_c0003_020.jpg,554,2,-1,True,150,8550,0.24683609414946706,0.09363295880149813,5,1602,0,1,1,1
885,0554_c0005_000.jpg,554,4,-1,True,150,8550,0.4405460454205426,0.09345794392523364,1,1605,1,1,1,1
886,0554_c0005_005.jpg,554,4,-1,True,150,8550,0.4414819792337526,0.08939213349225268,1,1678,1,1,1,1
887,0554_c0005_010.jpg,554,4,-1,True,150,8550,0.41520805339487965,0.08870490833826139,1,1691,1,1,1,1
888,0554_c0005_015.jpg,554,4,-1,True,150,8550,0.5027178646883014,0.08517887563884156,1,1761,1,1,1,1
889,0554_c0005_020.jpg,554,4,-1,True,150,8550,0.4886643755319318,0.0767656090071648,1,1954,1,1,1,1
890,0554_c0006_000.jpg,554,5,-1,True,150,8550,0.3740586970573672,0.33557046979865773,7,447,0,0,1,1
891,0554_c0006_005.jpg,554,5,-1,True,150,8550,0.4105035815793307,0.3440366972477064,5,436,0,1,1,1
892,0554_c0006_010.jpg,554,5,-1,True,150,8550,0.3428542514229509,0.29354207436399216,9,511,0,0,1,1
893,0554_c0006_015.jpg,554,5,-1,True,150,8550,0.2985957709837148,0.27624309392265195,22,543,0,0,0,0
894,0554_c0006_020.jpg,554,5,-1,True,150,8550,0.41874333931973157,0.32119914346895073,2,467,0,1,1,1
895,0554_c0007_000.jpg,554,6,-1,True,150,8550,0.2778462359407434,0.08685581933989578,1,1727,1,1,1,1
896,0554_c0007_005.jpg,554,6,-1,True,150,8550,0.2640694731087839,0.08116883116883117,1,1848,1,1,1,1
897,0554_c0007_010.jpg,554,6,-1,True,150,8550,0.26957811926430214,0.08620689655172414,1,1740,1,1,1,1
898,0554_c0007_015.jpg,554,6,-1,True,150,8550,0.27833348902544913,0.08992805755395683,1,1668,1,1,1,1
899,0554_c0007_020.jpg,554,6,-1,True,150,8550,0.2927895726636718,0.09578544061302682,1,1566,1,1,1,1
900,0554_c0008_000.jpg,554,7,-1,True,150,8550,0.518476417041016,0.26595744680851063,1,564,1,1,1,1
901,0554_c0008_005.jpg,554,7,-1,True,150,8550,0.4319778842453324,0.2533783783783784,1,592,1,1,1,1
902,0554_c0008_010.jpg,554,7,-1,True,150,8550,0.5001110924172956,0.20242914979757085,1,741,1,1,1,1
903,0554_c0008_015.jpg,554,7,-1,True,150,8550,0.5269801332604339,0.189873417721519,1,790,1,1,1,1
904,0554_c0008_020.jpg,554,7,-1,True,150,8550,0.5815189078826262,0.22026431718061673,1,681,1,1,1,1
905,0556_c0001_000.jpg,556,0,-1,True,175,8550,0.5401394261325939,0.330188679245283,1,530,1,1,1,1
906,0556_c0001_005.jpg,556,0,-1,True,175,8550,0.4821347786445891,0.30918727915194344,1,566,1,1,1,1
907,0556_c0001_010.jpg,556,0,-1,True,175,8550,0.3085307431250767,0.2996575342465753,21,584,0,0,0,0
908,0556_c0001_015.jpg,556,0,-1,True,175,8550,0.3771290344178417,0.30918727915194344,3,566,0,1,1,1
909,0556_c0001_020.jpg,556,0,-1,True,175,8550,0.3743838746314811,0.31876138433515483,3,549,0,1,1,1
910,0556_c0002_000.jpg,556,1,-1,True,175,8550,0.6072230088447867,0.16859344894026976,1,1038,1,1,1,1
911,0556_c0002_005.jpg,556,1,-1,True,175,8550,0.7097071627686291,0.19104803493449782,1,916,1,1,1,1
912,0556_c0002_010.jpg,556,1,-1,True,175,8550,0.6673706853496932,0.17552657973921765,1,997,1,1,1,1
913,0556_c0002_015.jpg,556,1,-1,True,175,8550,0.663549708822472,0.175,1,1000,1,1,1,1
914,0556_c0002_020.jpg,556,1,-1,True,175,8550,0.6717136505621161,0.18134715025906736,1,965,1,1,1,1
915,0556_c0003_000.jpg,556,2,-1,True,175,8550,0.9951626763159759,0.8027522935779816,1,218,1,1,1,1
916,0556_c0003_005.jpg,556,2,-1,True,175,8550,0.9916884120519921,0.8215962441314554,1,213,1,1,1,1
917,0556_c0003_010.jpg,556,2,-1,True,175,8550,0.9796303314559057,0.7510729613733905,1,233,1,1,1,1
918,0556_c0003_015.jpg,556,2,-1,True,175,8550,0.9620661238720267,0.6505576208178439,1,269,1,1,1,1
919,0556_c0003_020.jpg,556,2,-1,True,175,8550,0.9422054378891166,0.550314465408805,1,318,1,1,1,1
920,0556_c0004_000.jpg,556,3,-1,True,175,8550,1.0,1.0,1,175,1,1,1,1
921,0556_c0004_005.jpg,556,3,-1,True,175,8550,1.0,1.0,1,175,1,1,1,1
922,0556_c0004_010.jpg,556,3,-1,True,175,8550,0.9998704967349035,0.9887005649717514,1,177,1,1,1,1
923,0556_c0004_015.jpg,556,3,-1,True,175,8550,1.0,1.0,1,175,1,1,1,1
924,0556_c0004_020.jpg,556,3,-1,True,175,8550,1.0,1.0,1,175,1,1,1,1
925,0556_c0005_000.jpg,556,4,-1,True,175,8550,0.6591941494015356,0.44871794871794873,1,390,1,1,1,1
926,0556_c0005_005.jpg,556,4,-1,True,175,8550,0.6492935487097554,0.423728813559322,1,413,1,1,1,1
927,0556_c0005_010.jpg,556,4,-1,True,175,8550,0.6774432878240938,0.4206730769230769,1,416,1,1,1,1
928,0556_c0005_015.jpg,556,4,-1,True,175,8550,0.6487473884738085,0.4098360655737705,1,427,1,1,1,1
929,0556_c0005_020.jpg,556,4,-1,True,175,8550,0.6108947941075793,0.3897550111358575,1,449,1,1,1,1
930,0556_c0006_000.jpg,556,5,-1,True,175,8550,0.9066637084507622,0.3246753246753247,1,539,1,1,1,1
931,0556_c0006_005.jpg,556,5,-1,True,175,8550,0.904765960906929,0.32407407407407407,1,540,1,1,1,1
932,0556_c0006_010.jpg,556,5,-1,True,175,8550,0.9092091089271509,0.32894736842105265,1,532,1,1,1,1
933,0556_c0006_015.jpg,556,5,-1,True,175,8550,0.9041001646862342,0.32710280373831774,1,535,1,1,1,1
934,0556_c0006_020.jpg,556,5,-1,True,175,8550,0.9073416626707113,0.3295668549905838,1,531,1,1,1,1
935,0556_c0007_000.jpg,556,6,-1,True,175,8550,0.8600082888296232,0.3787878787878788,1,462,1,1,1,1
936,0556_c0007_005.jpg,556,6,-1,True,175,8550,0.8693725156783644,0.3723404255319149,1,470,1,1,1,1
937,0556_c0007_010.jpg,556,6,-1,True,175,8550,0.8668965651682905,0.3593429158110883,1,487,1,1,1,1
938,0556_c0007_015.jpg,556,6,-1,True,175,8550,0.8551233661102394,0.352112676056338,1,497,1,1,1,1
939,0556_c0007_020.jpg,556,6,-1,True,175,8550,0.7917315672182563,0.3465346534653465,1,505,1,1,1,1
940,0556_c0008_000.jpg,556,7,-1,True,175,8550,0.8900009828396945,0.68359375,1,256,1,1,1,1
941,0556_c0008_005.jpg,556,7,-1,True,175,8550,0.8950452857954594,0.7709251101321586,1,227,1,1,1,1
942,0556_c0008_010.jpg,556,7,-1,True,175,8550,0.9208112621767295,0.8177570093457944,1,214,1,1,1,1
943,0556_c0008_015.jpg,556,7,-1,True,175,8550,0.9163061311770772,0.7990867579908676,1,219,1,1,1,1
944,0556_c0008_020.jpg,556,7,-1,True,175,8550,0.9201536064488322,0.8177570093457944,1,214,1,1,1,1
945,0558_c0001_000.jpg,558,0,-1,True,175,8550,0.43465902205908663,0.2911813643926789,1,601,1,1,1,1
946,0558_c0001_005.jpg,558,0,-1,True,175,8550,0.4389863486609549,0.3006872852233677,1,582,1,1,1,1
947,0558_c0001_010.jpg,558,0,-1,True,175,8550,0.4483896010197579,0.3017241379310345,1,580,1,1,1,1
948,0558_c0001_015.jpg,558,0,-1,True,175,8550,0.4423565133149098,0.2951096121416526,1,593,1,1,1,1
949,0558_c0001_020.jpg,558,0,-1,True,175,8550,0.4365622941451709,0.277337559429477,1,631,1,1,1,1
950,0558_c0002_000.jpg,558,1,-1,True,175,8550,0.6287835361655281,0.3176043557168784,1,551,1,1,1,1
951,0558_c0002_005.jpg,558,1,-1,True,175,8550,0.479765567780032,0.3170289855072464,2,552,0,1,1,1
952,0558_c0002_010.jpg,558,1,-1,True,175,8550,0.515410167906232,0.2996575342465753,1,584,1,1,1,1
953,0558_c0002_015.jpg,558,1,-1,True,175,8550,0.5244891644506383,0.28735632183908044,1,609,1,1,1,1
954,0558_c0002_020.jpg,558,1,-1,True,175,8550,0.5910591544746082,0.2946127946127946,1,594,1,1,1,1
955,0558_c0003_000.jpg,558,2,-1,True,175,8550,0.3309519398965941,0.24544179523141654,51,713,0,0,0,0
956,0558_c0003_005.jpg,558,2,-1,True,175,8550,0.37148718314780743,0.28501628664495116,51,614,0,0,0,0
957,0558_c0003_010.jpg,558,2,-1,True,175,8550,0.3619375275651226,0.25252525252525254,51,693,0,0,0,0
958,0558_c0003_015.jpg,558,2,-1,True,175,8550,0.356975166394045,0.2468265162200282,51,709,0,0,0,0
959,0558_c0003_020.jpg,558,2,-1,True,175,8550,0.3476978034430151,0.2734375,51,640,0,0,0,0
960,0558_c0004_000.jpg,558,3,-1,True,175,8550,0.37041309691437374,0.2734375,1,640,1,1,1,1
961,0558_c0004_005.jpg,558,3,-1,True,175,8550,0.35279925551094404,0.2713178294573643,1,645,1,1,1,1
962,0558_c0004_010.jpg,558,3,-1,True,175,8550,0.3300231706878225,0.2692307692307692,1,650,1,1,1,1
963,0558_c0004_015.jpg,558,3,-1,True,175,8550,0.34249454653226,0.26717557251908397,1,655,1,1,1,1
964,0558_c0004_020.jpg,558,3,-1,True,175,8550,0.3193710009649589,0.2468265162200282,1,709,1,1,1,1
965,0558_c0005_000.jpg,558,4,-1,True,175,8550,0.5391900047938272,0.2961082910321489,1,591,1,1,1,1
966,0558_c0005_005.jpg,558,4,-1,True,175,8550,0.5160783781890258,0.2492877492877493,1,702,1,1,1,1
967,0558_c0005_010.jpg,558,4,-1,True,175,8550,0.5283945959951132,0.25925925925925924,1,675,1,1,1,1
968,0558_c0005_015.jpg,558,4,-1,True,175,8550,0.5307730117519615,0.2547307132459971,1,687,1,1,1,1
969,0558_c0005_020.jpg,558,4,-1,True,175,8550,0.5348895451833227,0.2751572327044025,1,636,1,1,1,1
970,0558_c0006_000.jpg,558,5,-1,True,175,8550,0.5197862698832015,0.49575070821529743,1,353,1,1,1,1
971,0558_c0006_005.jpg,558,5,-1,True,175,8550,0.5203530398705178,0.4888268156424581,1,358,1,1,1,1
972,0558_c0006_010.jpg,558,5,-1,True,175,8550,0.5241288424379946,0.4861111111111111,1,360,1,1,1,1
973,0558_c0006_015.jpg,558,5,-1,True,175,8550,0.5429177334702102,0.5028735632183908,1,348,1,1,1,1
974,0558_c0006_020.jpg,558,5,-1,True,175,8550,0.5233637131731891,0.49157303370786515,1,356,1,1,1,1
975,0558_c0007_000.jpg,558,6,-1,True,175,8550,0.5749970651391295,0.360082304526749,1,486,1,1,1,1
976,0558_c0007_005.jpg,558,6,-1,True,175,8550,0.5520083175043757,0.41766109785202865,1,419,1,1,1,1
977,0558_c0007_010.jpg,558,6,-1,True,175,8550,0.5832824042176232,0.2976190476190476,1,588,1,1,1,1
978,0558_c0007_015.jpg,558,6,-1,True,175,8550,0.6012697744792912,0.3170289855072464,1,552,1,1,1,1
979,0558_c0007_020.jpg,558,6,-1,True,175,8550,0.5770562021527732,0.2562225475841874,1,683,1,1,1,1
980,0558_c0008_000.jpg,558,7,-1,True,175,8550,0.5123625362041349,0.2517985611510791,1,695,1,1,1,1
981,0558_c0008_005.jpg,558,7,-1,True,175,8550,0.5058250228165598,0.25,1,700,1,1,1,1
982,0558_c0008_010.jpg,558,7,-1,True,175,8550,0.5221198608610907,0.26758409785932724,1,654,1,1,1,1
983,0558_c0008_015.jpg,558,7,-1,True,175,8550,0.5537191206827843,0.2596439169139466,1,674,1,1,1,1
984,0558_c0008_020.jpg,558,7,-1,True,175,8550,0.5025371957651469,0.2339572192513369,1,748,1,1,1,1
985,0560_c0001_000.jpg,560,0,-1,True,150,8550,0.04075916725706238,0.04903563255966002,527,3059,0,0,0,0
986,0560_c0001_005.jpg,560,0,-1,True,150,8550,0.029172181067816466,0.03749062734316421,907,4001,0,0,0,0
987,0560_c0001_010.jpg,560,0,-1,True,150,8550,0.02579711738188629,0.03428571428571429,952,4375,0,0,0,0
988,0560_c0001_015.jpg,560,0,-1,True,150,8550,0.02791988205387175,0.03645200486026731,880,4115,0,0,0,0
989,0560_c0001_020.jpg,560,0,-1,True,150,8550,0.02637847608060938,0.03539405379896177,1119,4238,0,0,0,0
990,0560_c0002_000.jpg,560,1,-1,True,150,8550,0.9409080730398084,0.5576208178438662,1,269,1,1,1,1
991,0560_c0002_005.jpg,560,1,-1,True,150,8550,0.940839758774861,0.5639097744360902,1,266,1,1,1,1
992,0560_c0002_010.jpg,560,1,-1,True,150,8550,0.9423572381657705,0.5639097744360902,1,266,1,1,1,1
993,0560_c0002_015.jpg,560,1,-1,True,150,8550,0.9411522654045641,0.5639097744360902,1,266,1,1,1,1
994,0560_c0002_020.jpg,560,1,-1,True,150,8550,0.9393484051863695,0.5597014925373134,1,268,1,1,1,1
995,0560_c0003_000.jpg,560,2,-1,True,150,8550,0.9391874453889337,0.5494505494505495,1,273,1,1,1,1
996,0560_c0003_005.jpg,560,2,-1,True,150,8550,0.9384983633210812,0.5338078291814946,1,281,1,1,1,1
997,0560_c0003_010.jpg,560,2,-1,True,150,8550,0.9408066923684385,0.5639097744360902,1,266,1,1,1,1
998,0560_c0003_015.jpg,560,2,-1,True,150,8550,0.9390384122850196,0.5454545454545454,1,275,1,1,1,1
999,0560_c0003_020.jpg,560,2,-1,True,150,8550,0.9387585503362341,0.5434782608695652,1,276,1,1,1,1
1000,0560_c0005_000.jpg,560,4,-1,True,150,8550,0.9517316636427093,0.6756756756756757,1,222,1,1,1,1
1001,0560_c0005_005.jpg,560,4,-1,True,150,8550,0.972916371258954,0.8064516129032258,1,186,1,1,1,1
1002,0560_c0005_010.jpg,560,4,-1,True,150,8550,0.9723822065104597,0.7894736842105263,1,190,1,1,1,1
1003,0560_c0005_015.jpg,560,4,-1,True,150,8550,0.9726567835083957,0.8064516129032258,1,186,1,1,1,1
1004,0560_c0005_020.jpg,560,4,-1,True,150,8550,0.9736433341243699,0.8287292817679558,1,181,1,1,1,1
1005,0560_c0006_000.jpg,560,5,-1,True,150,8550,0.8847831181479122,0.17523364485981308,1,856,1,1,1,1
1006,0560_c0006_005.jpg,560,5,-1,True,150,8550,0.8871253179205265,0.1762632197414806,1,851,1,1,1,1
1007,0560_c0006_010.jpg,560,5,-1,True,150,8550,0.8859805240612139,0.178359096313912,1,841,1,1,1,1
1008,0560_c0006_015.jpg,560,5,-1,True,150,8550,0.8978359254999579,0.20804438280166435,1,721,1,1,1,1
1009,0560_c0006_020.jpg,560,5,-1,True,150,8550,0.8869596937589315,0.17584994138335286,1,853,1,1,1,1
1010,0560_c0007_000.jpg,560,6,-1,True,150,8550,0.9341813019670571,0.5882352941176471,1,255,1,1,1,1
1011,0560_c0007_005.jpg,560,6,-1,True,150,8550,0.9342144273798707,0.5882352941176471,1,255,1,1,1,1
1012,0560_c0007_010.jpg,560,6,-1,True,150,8550,0.9341629270029455,0.5882352941176471,1,255,1,1,1,1
1013,0560_c0007_015.jpg,560,6,-1,True,150,8550,0.9343377760797537,0.5859375,1,256,1,1,1,1
1014,0560_c0007_020.jpg,560,6,-1,True,150,8550,0.9345898339249474,0.5905511811023622,1,254,1,1,1,1
1015,0560_c0008_000.jpg,560,7,-1,True,150,8550,0.937832707675655,0.5263157894736842,1,285,1,1,1,1
1016,0560_c0008_005.jpg,560,7,-1,True,150,8550,0.9391224033447025,0.5576208178438662,1,269,1,1,1,1
1017,0560_c0008_010.jpg,560,7,-1,True,150,8550,0.9360025398234256,0.5226480836236934,1,287,1,1,1,1
1018,0560_c0008_015.jpg,560,7,-1,True,150,8550,0.9363251884624917,0.5172413793103449,1,290,1,1,1,1
1019,0560_c0008_020.jpg,560,7,-1,True,150,8550,0.9380805378135157,0.5494505494505495,1,273,1,1,1,1
1020,0562_c0001_000.jpg,562,0,-1,True,50,8550,0.7989248538881888,0.6666666666666666,1,75,1,1,1,1
1021,0562_c0001_005.jpg,562,0,-1,True,50,8550,0.7989248538881888,0.6666666666666666,1,75,1,1,1,1
1022,0562_c0001_010.jpg,562,0,-1,True,50,8550,0.7989248538881888,0.6666666666666666,1,75,1,1,1,1
1023,0562_c0001_015.jpg,562,0,-1,True,50,8550,0.7989248538881888,0.6666666666666666,1,75,1,1,1,1
1024,0562_c0001_020.jpg,562,0,-1,True,50,8550,0.7989248538881888,0.6666666666666666,1,75,1,1,1,1
1025,0562_c0003_000.jpg,562,2,-1,True,50,8550,0.21673664931966602,0.3184713375796178,44,157,0,0,0,0
1026,0562_c0003_005.jpg,562,2,-1,True,50,8550,0.24307483508232056,0.29239766081871343,25,171,0,0,0,0
1027,0562_c0003_010.jpg,562,2,-1,True,50,8550,0.22492069937577683,0.3048780487804878,44,164,0,0,0,0
1028,0562_c0003_015.jpg,562,2,-1,True,50,8550,0.22823543121514359,0.30864197530864196,44,162,0,0,0,0
1029,0562_c0003_020.jpg,562,2,-1,True,50,8550,0.21482835784148924,0.31446540880503143,45,159,0,0,0,0
1030,0562_c0005_000.jpg,562,4,-1,True,50,8550,0.6767078437060282,0.4,1,125,1,1,1,1
1031,0562_c0005_005.jpg,562,4,-1,True,50,8550,0.6803945072125254,0.4,1,125,1,1,1,1
1032,0562_c0005_010.jpg,562,4,-1,True,50,8550,0.6815490888556178,0.4,1,125,1,1,1,1
1033,0562_c0005_015.jpg,562,4,-1,True,50,8550,0.6761109843087457,0.4,1,125,1,1,1,1
1034,0562_c0005_020.jpg,562,4,-1,True,50,8550,0.6940638358526513,0.4,1,125,1,1,1,1
1035,0564_c0001_000.jpg,564,0,-1,True,150,8550,0.985811314982506,0.4716981132075472,1,318,1,1,1,1
1036,0564_c0001_005.jpg,564,0,-1,True,150,8550,0.990895069928953,0.5190311418685121,1,289,1,1,1,1
1037,0564_c0001_010.jpg,564,0,-1,True,150,8550,0.9871574254798549,0.45045045045045046,1,333,1,1,1,1
1038,0564_c0001_015.jpg,564,0,-1,True,150,8550,0.9767389224655721,0.35046728971962615,1,428,1,1,1,1
1039,0564_c0001_020.jpg,564,0,-1,True,150,8550,0.9790481355346033,0.47619047619047616,1,315,1,1,1,1
1040,0564_c0002_000.jpg,564,1,-1,True,150,8550,0.9988640095536647,0.8620689655172413,1,174,1,1,1,1
1041,0564_c0002_005.jpg,564,1,-1,True,150,8550,0.996828980908562,0.7575757575757576,1,198,1,1,1,1
1042,0564_c0002_010.jpg,564,1,-1,True,150,8550,0.9963597269831181,0.7389162561576355,1,203,1,1,1,1
1043,0564_c0002_015.jpg,564,1,-1,True,150,8550,0.9960766546826263,0.7281553398058253,1,206,1,1,1,1
1044,0564_c0002_020.jpg,564,1,-1,True,150,8550,0.9963387428324136,0.75,1,200,1,1,1,1
1045,0564_c0004_000.jpg,564,3,-1,True,150,8550,0.8193297323280795,0.5208333333333334,1,288,1,1,1,1
1046,0564_c0004_005.jpg,564,3,-1,True,150,8550,0.8983153016282988,0.5226480836236934,1,287,1,1,1,1
1047,0564_c0004_010.jpg,564,3,-1,True,150,8550,0.7712796866230441,0.5102040816326531,1,294,1,1,1,1
1048,0564_c0004_015.jpg,564,3,-1,True,150,8550,0.8540853949147516,0.3456221198156682,1,434,1,1,1,1
1049,0564_c0004_020.jpg,564,3,-1,True,150,8550,0.9003045815088835,0.43103448275862066,1,348,1,1,1,1
1050,0564_c0005_000.jpg,564,4,-1,True,150,8550,0.9842781289660145,0.32967032967032966,1,455,1,1,1,1
1051,0564_c0005_005.jpg,564,4,-1,True,150,8550,0.9886850438630617,0.4424778761061947,1,339,1,1,1,1
1052,0564_c0005_010.jpg,564,4,-1,True,150,8550,0.9840272235776107,0.32679738562091504,1,459,1,1,1,1
1053,0564_c0005_015.jpg,564,4,-1,True,150,8550,0.9835616831116469,0.30927835051546393,1,485,1,1,1,1
1054,0564_c0005_020.jpg,564,4,-1,True,150,8550,0.9865944181422791,0.39267015706806285,1,382,1,1,1,1
1055,0564_c0006_000.jpg,564,5,-1,True,150,8550,0.9895386218588529,0.43352601156069365,1,346,1,1,1,1
1056,0564_c0006_005.jpg,564,5,-1,True,150,8550,0.9842381948448811,0.2835538752362949,1,529,1,1,1,1
1057,0564_c0006_010.jpg,564,5,-1,True,150,8550,0.9854758480953869,0.3112033195020747,1,482,1,1,1,1
1058,0564_c0006_015.jpg,564,5,-1,True,150,8550,0.9865530207895978,0.32119914346895073,1,467,1,1,1,1
1059,0564_c0006_020.jpg,564,5,-1,True,150,8550,0.9911574303832367,0.4838709677419355,1,310,1,1,1,1
1060,0564_c0007_000.jpg,564,6,-1,True,150,8550,0.23951226820935684,0.11144130757800892,7,1346,0,0,1,1
1061,0564_c0007_005.jpg,564,6,-1,True,150,8550,0.9359684768188958,0.5928853754940712,1,253,1,1,1,1
1062,0564_c0007_010.jpg,564,6,-1,True,150,8550,0.9758838732673104,0.746268656716418,1,201,1,1,1,1
1063,0564_c0007_015.jpg,564,6,-1,True,150,8550,1.0,1.0,1,150,1,1,1,1
1064,0564_c0007_020.jpg,564,6,-1,True,150,8550,1.0,1.0,1,150,1,1,1,1
1065,0564_c0008_000.jpg,564,7,-1,True,150,8550,0.9188820662299766,0.7075471698113207,1,212,1,1,1,1
1066,0564_c0008_005.jpg,564,7,-1,True,150,8550,0.9385677125762747,0.7142857142857143,1,210,1,1,1,1
1067,0564_c0008_010.jpg,564,7,-1,True,150,8550,0.8686270942381562,0.6493506493506493,1,231,1,1,1,1
1068,0564_c0008_015.jpg,564,7,-1,True,150,8550,0.9656238605661378,0.7317073170731707,1,205,1,1,1,1
1069,0564_c0008_020.jpg,564,7,-1,True,150,8550,0.9449841492662335,0.6976744186046512,1,215,1,1,1,1
1070,0566_c0001_000.jpg,566,0,-1,True,175,8550,0.4569562448684078,0.0779510022271715,1,2245,1,1,1,1
1071,0566_c0001_005.jpg,566,0,-1,True,175,8550,0.45822339905319276,0.07829977628635347,1,2235,1,1,1,1
1072,0566_c0001_010.jpg,566,0,-1,True,175,8550,0.47104803108448007,0.08570029382957885,1,2042,1,1,1,1
1073,0566_c0001_015.jpg,566,0,-1,True,175,8550,0.4250682403839825,0.07872244714349977,1,2223,1,1,1,1
1074,0566_c0001_020.jpg,566,0,-1,True,175,8550,0.44838293579871497,0.07987220447284345,1,2191,1,1,1,1
1075,0566_c0002_000.jpg,566,1,-1,True,175,8550,0.46036018425157693,0.10599636583888553,1,1651,1,1,1,1
1076,0566_c0002_005.jpg,566,1,-1,True,175,8550,0.32179172171543297,0.08466376390904692,1,2067,1,1,1,1
1077,0566_c0002_010.jpg,566,1,-1,True,175,8550,0.39895814801973073,0.10510510510510511,1,1665,1,1,1,1
1078,0566_c0002_015.jpg,566,1,-1,True,175,8550,0.3563270498899561,0.1022196261682243,1,1712,1,1,1,1
1079,0566_c0002_020.jpg,566,1,-1,True,175,8550,0.2754917669852397,0.08349236641221373,1,2096,1,1,1,1
1080,0566_c0003_000.jpg,566,2,-1,True,175,8550,0.3104038155333281,0.08785140562248996,1,1992,1,1,1,1
1081,0566_c0003_005.jpg,566,2,-1,True,175,8550,0.21083854349492068,0.08305647840531562,2,2107,0,1,1,1
1082,0566_c0003_010.jpg,566,2,-1,True,175,8550,0.24258347978245048,0.08728179551122195,1,2005,1,1,1,1
1083,0566_c0003_015.jpg,566,2,-1,True,175,8550,0.2753924492393191,0.09428879310344827,1,1856,1,1,1,1
1084,0566_c0003_020.jpg,566,2,-1,True,175,8550,0.24959042941878493,0.08960573476702509,1,1953,1,1,1,1
1085,0566_c0004_000.jpg,566,3,-1,True,175,8550,0.06972083026125055,0.07932910244786945,493,2206,0,0,0,0
1086,0566_c0004_005.jpg,566,3,-1,True,175,8550,0.08488598941872239,0.09124087591240876,245,1918,0,0,0,0
1087,0566_c0004_010.jpg,566,3,-1,True,175,8550,0.15933853201272918,0.07900677200902935,9,2215,0,0,1,1
1088,0566_c0004_015.jpg,566,3,-1,True,175,8550,0.08952609297620828,0.07207578253706755,114,2428,0,0,0,0
1089,0566_c0004_020.jpg,566,3,-1,True,175,8550,0.09464546560584458,0.07469056764831412,99,2343,0,0,0,0
1090,0566_c0005_000.jpg,566,4,-1,True,175,8550,0.5457513216827939,0.1118925831202046,1,1564,1,1,1,1
1091,0566_c0005_005.jpg,566,4,-1,True,175,8550,0.4763727024612303,0.09776536312849161,1,1790,1,1,1,1
1092,0566_c0005_010.jpg,566,4,-1,True,175,8550,0.42569739129367545,0.09798432250839866,1,1786,1,1,1,1
1093,0566_c0005_015.jpg,566,4,-1,True,175,8550,0.55505025248709,0.13059701492537312,1,1340,1,1,1,1
1094,0566_c0005_020.jpg,566,4,-1,True,175,8550,0.5409021299099428,0.1041046995835812,1,1681,1,1,1,1
1095,0566_c0006_000.jpg,566,5,-1,True,175,8550,0.24772178558309849,0.0942380183091007,1,1857,1,1,1,1
1096,0566_c0006_005.jpg,566,5,-1,True,175,8550,0.10818527146206702,0.07907817442385902,4,2213,0,1,1,1
1097,0566_c0006_010.jpg,566,5,-1,True,175,8550,0.15454140630370058,0.08503401360544217,1,2058,1,1,1,1
1098,0566_c0006_015.jpg,566,5,-1,True,175,8550,0.13088929978864583,0.08034894398530762,1,2178,1,1,1,1
1099,0566_c0006_020.jpg,566,5,-1,True,175,8550,0.1204247205674041,0.07572479446127217,1,2311,1,1,1,1
1100,0566_c0007_000.jpg,566,6,-1,True,175,8550,0.594588582464303,0.24717514124293785,1,708,1,1,1,1
1101,0566_c0007_005.jpg,566,6,-1,True,175,8550,0.6485162344502594,0.24305555555555555,1,720,1,1,1,1
1102,0566_c0007_010.jpg,566,6,-1,True,175,8550,0.45121733434052935,0.17006802721088435,1,1029,1,1,1,1
1103,0566_c0007_015.jpg,566,6,-1,True,175,8550,0.4120731449843109,0.20091848450057406,2,871,0,1,1,1
1104,0566_c0007_020.jpg,566,6,-1,True,175,8550,0.4505758974256329,0.28317152103559873,9,618,0,0,1,1
1105,0566_c0008_000.jpg,566,7,-1,True,175,8550,0.28744751305136007,0.07225433526011561,1,2422,1,1,1,1
1106,0566_c0008_005.jpg,566,7,-1,True,175,8550,0.32305025907327245,0.07434154630416312,1,2354,1,1,1,1
1107,0566_c0008_010.jpg,566,7,-1,True,175,8550,0.41896774694005934,0.08629191321499013,1,2028,1,1,1,1
1108,0566_c0008_015.jpg,566,7,-1,True,175,8550,0.39802156337914046,0.09994288977727013,1,1751,1,1,1,1
1109,0566_c0008_020.jpg,566,7,-1,True,175,8550,0.322509021828001,0.0743731406714832,1,2353,1,1,1,1
1110,0568_c0001_000.jpg,568,0,-1,True,50,8550,0.6022438693352384,0.19011406844106463,1,263,1,1,1,1
1111,0568_c0001_005.jpg,568,0,-1,True,50,8550,0.5328344424980077,0.205761316872428,1,243,1,1,1,1
1112,0568_c0001_010.jpg,568,0,-1,True,50,8550,0.5714812120177253,0.1968503937007874,1,254,1,1,1,1
1113,0568_c0001_015.jpg,568,0,-1,True,50,8550,0.6043997784073917,0.20833333333333334,1,240,1,1,1,1
1114,0568_c0001_020.jpg,568,0,-1,True,50,8550,0.6089732566980286,0.2109704641350211,1,237,1,1,1,1
1115,0568_c0005_000.jpg,568,4,-1,True,50,8550,0.2738260644817123,0.19607843137254902,18,255,0,0,0,1
1116,0568_c0005_005.jpg,568,4,-1,True,50,8550,0.3087392651675772,0.23923444976076555,23,209,0,0,0,0
1117,0568_c0005_010.jpg,568,4,-1,True,50,8550,0.2880921092536985,0.25906735751295334,23,193,0,0,0,0
1118,0568_c0005_015.jpg,568,4,-1,True,50,8550,0.33796358672295873,0.25380710659898476,4,197,0,1,1,1
1119,0568_c0005_020.jpg,568,4,-1,True,50,8550,0.5409785754237152,0.25773195876288657,1,194,1,1,1,1
1120,0568_c0006_000.jpg,568,5,-1,True,50,8550,0.5899915922523384,0.11494252873563218,1,435,1,1,1,1
1121,0568_c0006_005.jpg,568,5,-1,True,50,8550,0.5899137123330331,0.13227513227513227,1,378,1,1,1,1
1122,0568_c0006_010.jpg,568,5,-1,True,50,8550,0.5995604691797886,0.12106537530266344,1,413,1,1,1,1
1123,0568_c0006_015.jpg,568,5,-1,True,50,8550,0.5834445422153193,0.1091703056768559,1,458,1,1,1,1
1124,0568_c0006_020.jpg,568,5,-1,True,50,8550,0.5722625519800769,0.0984251968503937,1,508,1,1,1,1
1125,0570_c0001_000.jpg,570,0,-1,True,150,8550,0.41153623272083556,0.30864197530864196,1,486,1,1,1,1
1126,0570_c0001_005.jpg,570,0,-1,True,150,8550,0.38021171143057375,0.2835538752362949,1,529,1,1,1,1
1127,0570_c0001_010.jpg,570,0,-1,True,150,8550,0.4069491908004625,0.30364372469635625,1,494,1,1,1,1
1128,0570_c0001_015.jpg,570,0,-1,True,150,8550,0.4086433733900546,0.2964426877470356,1,506,1,1,1,1
1129,0570_c0001_020.jpg,570,0,-1,True,150,8550,0.2319105177989266,0.23696682464454977,15,633,0,0,0,1
1130,0570_c0002_000.jpg,570,1,-1,True,150,8550,0.7134258981745972,0.39473684210526316,1,380,1,1,1,1
1131,0570_c0002_005.jpg,570,1,-1,True,150,8550,0.6790637726315447,0.36231884057971014,1,414,1,1,1,1
1132,0570_c0002_010.jpg,570,1,-1,True,150,8550,0.7020596274675435,0.3480278422273782,1,431,1,1,1,1
1133,0570_c0002_015.jpg,570,1,-1,True,150,8550,0.6736083751373682,0.3184713375796178,1,471,1,1,1,1
1134,0570_c0002_020.jpg,570,1,-1,True,150,8550,0.6738612166204493,0.36674816625916873,1,409,1,1,1,1
1135,0570_c0004_000.jpg,570,3,-1,True,150,8550,0.16927632560511785,0.1392757660167131,123,1077,0,0,0,0
1136,0570_c0004_005.jpg,570,3,-1,True,150,8550,0.2937003824568588,0.17878426698450536,71,839,0,0,0,0
1137,0570_c0004_010.jpg,570,3,-1,True,150,8550,0.3812548671771917,0.2435064935064935,22,616,0,0,0,0
1138,0570_c0004_015.jpg,570,3,-1,True,150,8550,0.43296894486026805,0.19505851755526657,2,769,0,1,1,1
1139,0570_c0004_020.jpg,570,3,-1,True,150,8550,0.4863713455855809,0.1740139211136891,1,862,1,1,1,1
1140,0570_c0005_000.jpg,570,4,-1,True,150,8550,0.5591880579278175,0.3177966101694915,1,472,1,1,1,1
1141,0570_c0005_005.jpg,570,4,-1,True,150,8550,0.47424522802151,0.2332814930015552,7,643,0,0,1,1
1142,0570_c0005_010.jpg,570,4,-1,True,150,8550,0.4115944430289493,0.21367521367521367,13,702,0,0,0,1
1143,0570_c0005_015.jpg,570,4,-1,True,150,8550,0.4540764432017289,0.211864406779661,10,708,0,0,1,1
1144,0570_c0005_020.jpg,570,4,-1,True,150,8550,0.3180250256605108,0.20604395604395603,15,728,0,0,0,1
1145,0570_c0006_000.jpg,570,5,-1,True,150,8550,0.2586098099213641,0.16233766233766234,1,924,1,1,1,1
1146,0570_c0006_005.jpg,570,5,-1,True,150,8550,0.2497818388247698,0.11177347242921014,3,1342,0,1,1,1
1147,0570_c0006_010.jpg,570,5,-1,True,150,8550,0.29078087724189494,0.16648168701442842,1,901,1,1,1,1
1148,0570_c0006_015.jpg,570,5,-1,True,150,8550,0.16008897443317233,0.15873015873015872,7,945,0,0,1,1
1149,0570_c0006_020.jpg,570,5,-1,True,150,8550,0.27584205554972757,0.1935483870967742,1,775,1,1,1,1
1150,0570_c0007_000.jpg,570,6,-1,True,150,8550,0.6228688949189433,0.35629453681710216,1,421,1,1,1,1
1151,0570_c0007_005.jpg,570,6,-1,True,150,8550,0.6260678276069198,0.3303964757709251,1,454,1,1,1,1
1152,0570_c0007_010.jpg,570,6,-1,True,150,8550,0.6064438644975705,0.30425963488843816,1,493,1,1,1,1
1153,0570_c0007_015.jpg,570,6,-1,True,150,8550,0.6317767345672519,0.3325942350332594,1,451,1,1,1,1
1154,0570_c0007_020.jpg,570,6,-1,True,150,8550,0.5814559512784067,0.2777777777777778,1,540,1,1,1,1
1155,0570_c0008_000.jpg,570,7,-1,True,150,8550,0.401531304183391,0.29880478087649404,1,502,1,1,1,1
1156,0570_c0008_005.jpg,570,7,-1,True,150,8550,0.4040192402741809,0.30864197530864196,1,486,1,1,1,1
1157,0570_c0008_010.jpg,570,7,-1,True,150,8550,0.4852891363014182,0.3333333333333333,1,450,1,1,1,1
1158,0570_c0008_015.jpg,570,7,-1,True,150,8550,0.5569117768082202,0.33707865168539325,1,445,1,1,1,1
1159,0570_c0008_020.jpg,570,7,-1,True,150,8550,0.4038425779009662,0.29296875,1,512,1,1,1,1
1160,0572_c0001_000.jpg,572,0,-1,True,175,8550,0.7637844625334963,0.4206730769230769,1,416,1,1,1,1
1161,0572_c0001_005.jpg,572,0,-1,True,175,8550,0.7603062618428598,0.43424317617866004,1,403,1,1,1,1
1162,0572_c0001_010.jpg,572,0,-1,True,175,8550,0.7383275185245924,0.4098360655737705,1,427,1,1,1,1
1163,0572_c0001_015.jpg,572,0,-1,True,175,8550,0.7669443702897135,0.3691983122362869,1,474,1,1,1,1
1164,0572_c0001_020.jpg,572,0,-1,True,175,8550,0.7733669410670967,0.4050925925925926,1,432,1,1,1,1
1165,0572_c0002_000.jpg,572,1,-1,True,175,8550,0.5233060656142766,0.15217391304347827,1,1150,1,1,1,1
1166,0572_c0002_005.jpg,572,1,-1,True,175,8550,0.5266323212295647,0.15611061552185548,1,1121,1,1,1,1
1167,0572_c0002_010.jpg,572,1,-1,True,175,8550,0.5131388326879666,0.1421608448415922,1,1231,1,1,1,1
1168,0572_c0002_015.jpg,572,1,-1,True,175,8550,0.514680510528168,0.1326762699014405,1,1319,1,1,1,1
1169,0572_c0002_020.jpg,572,1,-1,True,175,8550,0.5103987137265084,0.13318112633181126,1,1314,1,1,1,1
1170,0572_c0003_000.jpg,572,2,-1,True,175,8550,0.48361720923002816,0.15310586176727908,1,1143,1,1,1,1
1171,0572_c0003_005.jpg,572,2,-1,True,175,8550,0.57725485258909,0.18716577540106952,1,935,1,1,1,1
1172,0572_c0003_010.jpg,572,2,-1,True,175,8550,0.4857879872772798,0.1488095238095238,1,1176,1,1,1,1
1173,0572_c0003_015.jpg,572,2,-1,True,175,8550,0.46446351724958607,0.14632107023411373,1,1196,1,1,1,1
1174,0572_c0003_020.jpg,572,2,-1,True,175,8550,0.4681397888855277,0.15060240963855423,1,1162,1,1,1,1
1175,0572_c0004_000.jpg,572,3,-1,True,175,8550,0.3914002412625171,0.4581151832460733,37,382,0,0,0,0
1176,0572_c0004_005.jpg,572,3,-1,True,175,8550,0.3771346998991059,0.46419098143236076,27,377,0,0,0,0
1177,0572_c0004_010.jpg,572,3,-1,True,175,8550,0.37793982117481845,0.43859649122807015,25,399,0,0,0,0
1178,0572_c0004_015.jpg,572,3,-1,True,175,8550,0.39874414132824915,0.4716981132075472,26,371,0,0,0,0
1179,0572_c0004_020.jpg,572,3,-1,True,175,8550,0.4038552118693938,0.46296296296296297,32,378,0,0,0,0
1180,0572_c0005_000.jpg,572,4,-1,True,175,8550,0.7415693692072711,0.26881720430107525,1,651,1,1,1,1
1181,0572_c0005_005.jpg,572,4,-1,True,175,8550,0.7705928993967871,0.4032258064516129,1,434,1,1,1,1
1182,0572_c0005_010.jpg,572,4,-1,True,175,8550,0.743874098144587,0.40229885057471265,1,435,1,1,1,1
1183,0572_c0005_015.jpg,572,4,-1,True,175,8550,0.7540485598315014,0.4820936639118457,1,363,1,1,1,1
1184,0572_c0005_020.jpg,572,4,-1,True,175,8550,0.782420695097247,0.4107981220657277,1,426,1,1,1,1
1185,0572_c0006_000.jpg,572,5,-1,True,175,8550,0.21354102431195357,0.11400651465798045,13,1535,0,0,0,1
1186,0572_c0006_005.jpg,572,5,-1,True,175,8550,0.34623337981076335,0.1109701965757768,1,1577,1,1,1,1
1187,0572_c0006_010.jpg,572,5,-1,True,175,8550,0.3298137611983915,0.10862818125387957,1,1611,1,1,1,1
1188,0572_c0006_015.jpg,572,5,-1,True,175,8550,0.20761885380308956,0.0939345142243693,3,1863,0,1,1,1
1189,0572_c0006_020.jpg,572,5,-1,True,175,8550,0.1729006057228083,0.06801399144966964,2,2573,0,1,1,1
1190,0572_c0007_000.jpg,572,6,-1,True,175,8550,0.7429943658499629,0.20372526193247964,1,859,1,1,1,1
1191,0572_c0007_005.jpg,572,6,-1,True,175,8550,0.7689089831125128,0.2141982864137087,1,817,1,1,1,1
1192,0572_c0007_010.jpg,572,6,-1,True,175,8550,0.7443833098647247,0.20491803278688525,1,854,1,1,1,1
1193,0572_c0007_015.jpg,572,6,-1,True,175,8550,0.722701000774976,0.19188596491228072,1,912,1,1,1,1
1194,0572_c0007_020.jpg,572,6,-1,True,175,8550,0.7483809088672175,0.17893660531697342,1,978,1,1,1,1
1195,0572_c0008_000.jpg,572,7,-1,True,175,8550,0.2360624309216715,0.09864712514092447,9,1774,0,0,1,1
1196,0572_c0008_005.jpg,572,7,-1,True,175,8550,0.23313145320035794,0.1109701965757768,10,1577,0,0,1,1
1197,0572_c0008_010.jpg,572,7,-1,True,175,8550,0.2577037522615221,0.09490238611713665,2,1844,0,1,1,1
1198,0572_c0008_015.jpg,572,7,-1,True,175,8550,0.2043024346078206,0.10625379477838494,12,1647,0,0,0,1
1199,0572_c0008_020.jpg,572,7,-1,True,175,8550,0.20882747344806468,0.10580411124546554,9,1654,0,0,1,1
1200,0574_c0001_000.jpg,574,0,-1,True,150,8550,0.4785484372659876,0.09615384615384616,1,1560,1,1,1,1
1201,0574_c0001_005.jpg,574,0,-1,True,150,8550,0.503470674905513,0.11329305135951662,1,1324,1,1,1,1
1202,0574_c0001_010.jpg,574,0,-1,True,150,8550,0.5553638861713847,0.2727272727272727,1,550,1,1,1,1
1203,0574_c0001_015.jpg,574,0,-1,True,150,8550,0.5398233169284523,0.22727272727272727,1,660,1,1,1,1
1204,0574_c0001_020.jpg,574,0,-1,True,150,8550,0.5120509664392718,0.14792899408284024,1,1014,1,1,1,1
1205,0574_c0002_000.jpg,574,1,-1,True,150,8550,0.5582877920927535,0.08891523414344991,1,1687,1,1,1,1
1206,0574_c0002_005.jpg,574,1,-1,True,150,8550,0.57989866525431,0.1,1,1500,1,1,1,1
1207,0574_c0002_010.jpg,574,1,-1,True,150,8550,0.636486994638788,0.13940520446096655,1,1076,1,1,1,1
1208,0574_c0002_015.jpg,574,1,-1,True,150,8550,0.6207522111802367,0.15120967741935484,1,992,1,1,1,1
1209,0574_c0002_020.jpg,574,1,-1,True,150,8550,0.6300934360730827,0.15723270440251572,1,954,1,1,1,1
1210,0574_c0003_000.jpg,574,2,-1,True,150,8550,0.4544295918351337,0.40540540540540543,26,370,0,0,0,0
1211,0574_c0003_005.jpg,574,2,-1,True,150,8550,0.4708461410390239,0.4934210526315789,26,304,0,0,0,0
1212,0574_c0003_010.jpg,574,2,-1,True,150,8550,0.4443051119135084,0.5172413793103449,26,290,0,0,0,0
1213,0574_c0003_015.jpg,574,2,-1,True,150,8550,0.48736685346270747,0.5454545454545454,26,275,0,0,0,0
1214,0574_c0003_020.jpg,574,2,-1,True,150,8550,0.4443882333132141,0.5415162454873647,26,277,0,0,0,0
1215,0574_c0004_000.jpg,574,3,-1,True,150,8550,0.4138899509033864,0.19788918205804748,21,758,0,0,0,0
1216,0574_c0004_005.jpg,574,3,-1,True,150,8550,0.3967471666519535,0.22796352583586627,16,658,0,0,0,1
1217,0574_c0004_010.jpg,574,3,-1,True,150,8550,0.4050325089131216,0.297029702970297,1,505,1,1,1,1
1218,0574_c0004_015.jpg,574,3,-1,True,150,8550,0.447026084827574,0.26362038664323373,1,569,1,1,1,1
1219,0574_c0004_020.jpg,574,3,-1,True,150,8550,0.4433026185101607,0.26362038664323373,1,569,1,1,1,1
1220,0574_c0005_000.jpg,574,4,-1,True,150,8550,0.14678769318382567,0.04020369874028411,7,3731,0,0,1,1
1221,0574_c0005_005.jpg,574,4,-1,True,150,8550,0.22698544634859075,0.05861664712778429,4,2559,0,1,1,1
1222,0574_c0005_010.jpg,574,4,-1,True,150,8550,0.2489119064977993,0.0569692366122294,6,2633,0,0,1,1
1223,0574_c0005_015.jpg,574,4,-1,True,150,8550,0.2607131680641928,0.055762081784386616,1,2690,1,1,1,1
1224,0574_c0005_020.jpg,574,4,-1,True,150,8550,0.240860127190759,0.05436752446538601,7,2759,0,0,1,1
1225,0574_c0006_000.jpg,574,5,-1,True,150,8550,0.6185027473433352,0.4087193460490463,1,367,1,1,1,1
1226,0574_c0006_005.jpg,574,5,-1,True,150,8550,0.6201458762840311,0.40106951871657753,1,374,1,1,1,1
1227,0574_c0006_010.jpg,574,5,-1,True,150,8550,0.630376992025721,0.4087193460490463,1,367,1,1,1,1
1228,0574_c0006_015.jpg,574,5,-1,True,150,8550,0.6773937682747472,0.38961038961038963,1,385,1,1,1,1
1229,0574_c0006_020.jpg,574,5,-1,True,150,8550,0.6730159434220999,0.352112676056338,1,426,1,1,1,1
1230,0574_c0008_000.jpg,574,7,-1,True,150,8550,0.6170059377933974,0.32537960954446854,1,461,1,1,1,1
1231,0574_c0008_005.jpg,574,7,-1,True,150,8550,0.5683856530754678,0.16268980477223427,1,922,1,1,1,1
1232,0574_c0008_010.jpg,574,7,-1,True,150,8550,0.5928284216229169,0.24390243902439024,1,615,1,1,1,1
1233,0574_c0008_015.jpg,574,7,-1,True,150,8550,0.5919289544161261,0.22488755622188905,1,667,1,1,1,1
1234,0574_c0008_020.jpg,574,7,-1,True,150,8550,0.5978356985693096,0.2613240418118467,1,574,1,1,1,1
1235,0576_c0001_000.jpg,576,0,-1,True,150,8550,0.400318807068796,0.25773195876288657,1,582,1,1,1,1
1236,0576_c0001_005.jpg,576,0,-1,True,150,8550,0.2721420160598399,0.22692889561270801,43,661,0,0,0,0
1237,0576_c0001_010.jpg,576,0,-1,True,150,8550,0.306703619080157,0.2222222222222222,46,675,0,0,0,0
1238,0576_c0001_015.jpg,576,0,-1,True,150,8550,0.2625598689308725,0.21337126600284495,31,703,0,0,0,0
1239,0576_c0001_020.jpg,576,0,-1,True,150,8550,0.3439849082742568,0.2245508982035928,5,668,0,1,1,1
1240,0576_c0002_000.jpg,576,1,-1,True,150,8550,0.6831421421867282,0.39473684210526316,1,380,1,1,1,1
1241,0576_c0002_005.jpg,576,1,-1,True,150,8550,0.7073606308752637,0.34965034965034963,1,429,1,1,1,1
1242,0576_c0002_010.jpg,576,1,-1,True,150,8550,0.858120675352377,0.45317220543806647,1,331,1,1,1,1
1243,0576_c0002_015.jpg,576,1,-1,True,150,8550,0.7635270808830421,0.45180722891566266,1,332,1,1,1,1
1244,0576_c0002_020.jpg,576,1,-1,True,150,8550,0.6839192013002768,0.3225806451612903,1,465,1,1,1,1
1245,0576_c0003_000.jpg,576,2,-1,True,150,8550,0.8269475776052309,0.391644908616188,1,383,1,1,1,1
1246,0576_c0003_005.jpg,576,2,-1,True,150,8550,0.8637913731713546,0.4178272980501393,1,359,1,1,1,1
1247,0576_c0003_010.jpg,576,2,-1,True,150,8550,0.8222933239433161,0.391644908616188,1,383,1,1,1,1
1248,0576_c0003_015.jpg,576,2,-1,True,150,8550,0.7575165141595994,0.37593984962406013,1,399,1,1,1,1
1249,0576_c0003_020.jpg,576,2,-1,True,150,8550,0.79480458143845,0.38860103626943004,1,386,1,1,1,1
1250,0576_c0004_000.jpg,576,3,-1,True,150,8550,0.9057833885281835,0.5,1,300,1,1,1,1
1251,0576_c0004_005.jpg,576,3,-1,True,150,8550,0.9139859713249514,0.5338078291814946,1,281,1,1,1,1
1252,0576_c0004_010.jpg,576,3,-1,True,150,8550,0.9376410727421569,0.6666666666666666,1,225,1,1,1,1
1253,0576_c0004_015.jpg,576,3,-1,True,150,8550,0.920903036512665,0.5660377358490566,1,265,1,1,1,1
1254,0576_c0004_020.jpg,576,3,-1,True,150,8550,0.8905603709893846,0.4716981132075472,1,318,1,1,1,1
1255,0576_c0005_000.jpg,576,4,-1,True,150,8550,0.9873184124452318,0.7692307692307693,1,195,1,1,1,1
1256,0576_c0005_005.jpg,576,4,-1,True,150,8550,0.9866625924646384,0.7772020725388601,1,193,1,1,1,1
1257,0576_c0005_010.jpg,576,4,-1,True,150,8550,0.974790034264181,0.7425742574257426,1,202,1,1,1,1
1258,0576_c0005_015.jpg,576,4,-1,True,150,8550,0.9745086789721749,0.75,1,200,1,1,1,1
1259,0576_c0005_020.jpg,576,4,-1,True,150,8550,0.8897372000530155,0.5319148936170213,1,282,1,1,1,1
1260,0576_c0006_000.jpg,576,5,-1,True,150,8550,0.9130499161450988,0.5597014925373134,1,268,1,1,1,1
1261,0576_c0006_005.jpg,576,5,-1,True,150,8550,0.7959597630425389,0.46439628482972134,1,323,1,1,1,1
1262,0576_c0006_010.jpg,576,5,-1,True,150,8550,0.8718171366386283,0.48859934853420195,1,307,1,1,1,1
1263,0576_c0006_015.jpg,576,5,-1,True,150,8550,0.8787749060213325,0.4966887417218543,1,302,1,1,1,1
1264,0576_c0006_020.jpg,576,5,-1,True,150,8550,0.839372011443733,0.46153846153846156,1,325,1,1,1,1
1265,0576_c0007_000.jpg,576,6,-1,True,150,8550,0.7242103546449774,0.32894736842105265,1,456,1,1,1,1
1266,0576_c0007_005.jpg,576,6,-1,True,150,8550,0.8309744969634947,0.37593984962406013,1,399,1,1,1,1
1267,0576_c0007_010.jpg,576,6,-1,True,150,8550,0.8800553640508489,0.391644908616188,1,383,1,1,1,1
1268,0576_c0007_015.jpg,576,6,-1,True,150,8550,0.9123852188618385,0.410958904109589,1,365,1,1,1,1
1269,0576_c0007_020.jpg,576,6,-1,True,150,8550,0.9266306581435091,0.5226480836236934,1,287,1,1,1,1
1270,0578_c0001_000.jpg,578,0,-1,True,175,8550,0.5653874720846329,0.41273584905660377,1,424,1,1,1,1
1271,0578_c0001_005.jpg,578,0,-1,True,175,8550,0.5185698305412934,0.4156769596199525,1,421,1,1,1,1
1272,0578_c0001_010.jpg,578,0,-1,True,175,8550,0.5124604811743322,0.4166666666666667,1,420,1,1,1,1
1273,0578_c0001_015.jpg,578,0,-1,True,175,8550,0.5061382446255853,0.4117647058823529,1,425,1,1,1,1
1274,0578_c0001_020.jpg,578,0,-1,True,175,8550,0.543712958377276,0.4257907542579075,1,411,1,1,1,1
1275,0578_c0002_000.jpg,578,1,-1,True,175,8550,0.2054605562529699,0.2631578947368421,171,665,0,0,0,0
1276,0578_c0002_005.jpg,578,1,-1,True,175,8550,0.2127598946182626,0.27258566978193144,164,642,0,0,0,0
1277,0578_c0002_010.jpg,578,1,-1,True,175,8550,0.21596048668148699,0.27301092043681746,157,641,0,0,0,0
1278,0578_c0002_015.jpg,578,1,-1,True,175,8550,0.218648091229133,0.2734375,155,640,0,0,0,0
1279,0578_c0002_020.jpg,578,1,-1,True,175,8550,0.21886220375623372,0.27602523659305994,153,634,0,0,0,0
1280,0578_c0003_000.jpg,578,2,-1,True,175,8550,0.4079694580472346,0.44416243654822335,26,394,0,0,0,0
1281,0578_c0003_005.jpg,578,2,-1,True,175,8550,0.4039074955106049,0.4206730769230769,26,416,0,0,0,0
1282,0578_c0003_010.jpg,578,2,-1,True,175,8550,0.42970530581269933,0.4533678756476684,26,386,0,0,0,0
1283,0578_c0003_015.jpg,578,2,-1,True,175,8550,0.40960033259716283,0.47297297297297297,14,370,0,0,0,1
1284,0578_c0003_020.jpg,578,2,-1,True,175,8550,0.4250152119645663,0.47043010752688175,26,372,0,0,0,0
1285,0578_c0004_000.jpg,578,3,-1,True,175,8550,0.4503333230234793,0.2864157119476268,5,611,0,1,1,1
1286,0578_c0004_005.jpg,578,3,-1,True,175,8550,0.49653101048268483,0.30701754385964913,26,570,0,0,0,0
1287,0578_c0004_010.jpg,578,3,-1,True,175,8550,0.4252065915197784,0.23553162853297444,26,743,0,0,0,0
1288,0578_c0004_015.jpg,578,3,-1,True,175,8550,0.42570622319070284,0.21341463414634146,26,820,0,0,0,0
1289,0578_c0004_020.jpg,578,3,-1,True,175,8550,0.460235215774069,0.2786624203821656,26,628,0,0,0,0
1290,0578_c0005_000.jpg,578,4,-1,True,175,8550,0.6462676577715695,0.4268292682926829,1,410,1,1,1,1
1291,0578_c0005_005.jpg,578,4,-1,True,175,8550,0.6335781981583674,0.33396946564885494,1,524,1,1,1,1
1292,0578_c0005_010.jpg,578,4,-1,True,175,8550,0.5942228648007152,0.2892561983471074,1,605,1,1,1,1
1293,0578_c0005_015.jpg,578,4,-1,True,175,8550,0.5474244815159147,0.29711375212224106,1,589,1,1,1,1
1294,0578_c0005_020.jpg,578,4,-1,True,175,8550,0.5127304801300403,0.2966101694915254,1,590,1,1,1,1
1295,0578_c0006_000.jpg,578,5,-1,True,175,8550,0.5060323892484054,0.34448818897637795,26,508,0,0,0,0
1296,0578_c0006_005.jpg,578,5,-1,True,175,8550,0.5420333654990306,0.4088785046728972,26,428,0,0,0,0
1297,0578_c0006_010.jpg,578,5,-1,True,175,8550,0.5245641806217499,0.3615702479338843,26,484,0,0,0,0
1298,0578_c0006_015.jpg,578,5,-1,True,175,8550,0.5317292793360564,0.43209876543209874,26,405,0,0,0,0
1299,0578_c0006_020.jpg,578,5,-1,True,175,8550,0.524354416969803,0.3854625550660793,26,454,0,0,0,0
1300,0578_c0007_000.jpg,578,6,-1,True,175,8550,0.6860883786061116,0.44191919191919193,1,396,1,1,1,1
1301,0578_c0007_005.jpg,578,6,-1,True,175,8550,0.672624932446803,0.5287009063444109,1,331,1,1,1,1
1302,0578_c0007_010.jpg,578,6,-1,True,175,8550,0.6882638938040945,0.5102040816326531,1,343,1,1,1,1
1303,0578_c0007_015.jpg,578,6,-1,True,175,8550,0.6885678994875479,0.5131964809384164,1,341,1,1,1,1
1304,0578_c0007_020.jpg,578,6,-1,True,175,8550,0.6848191565683184,0.5255255255255256,1,333,1,1,1,1
1305,0578_c0008_000.jpg,578,7,-1,True,175,8550,0.5591840248220297,0.36231884057971014,1,483,1,1,1,1
1306,0578_c0008_005.jpg,578,7,-1,True,175,8550,0.5542361893771153,0.3593429158110883,1,487,1,1,1,1
1307,0578_c0008_010.jpg,578,7,-1,True,175,8550,0.542407219042585,0.35714285714285715,1,490,1,1,1,1
1308,0578_c0008_015.jpg,578,7,-1,True,175,8550,0.5412739665265619,0.360082304526749,1,486,1,1,1,1
1309,0578_c0008_020.jpg,578,7,-1,True,175,8550,0.5596658037376001,0.3615702479338843,1,484,1,1,1,1
1310,0580_c0001_000.jpg,580,0,-1,True,175,8550,0.19022119635103277,0.07175071750717507,40,2439,0,0,0,0
1311,0580_c0001_005.jpg,580,0,-1,True,175,8550,0.1880457851205777,0.07972665148063782,33,2195,0,0,0,0
1312,0580_c0001_010.jpg,580,0,-1,True,175,8550,0.1776578712794173,0.08807247106190237,13,1987,0,0,0,1
1313,0580_c0001_015.jpg,580,0,-1,True,175,8550,0.1686748551145308,0.0912884715701617,17,1917,0,0,0,1
1314,0580_c0001_020.jpg,580,0,-1,True,175,8550,0.24668555853891552,0.10204081632653061,1,1715,1,1,1,1
1315,0580_c0002_000.jpg,580,1,-1,True,175,8550,0.0781030365996708,0.06515264333581534,128,2686,0,0,0,0
1316,0580_c0002_005.jpg,580,1,-1,True,175,8550,0.09989176402212359,0.056818181818181816,41,3080,0,0,0,0
1317,0580_c0002_010.jpg,580,1,-1,True,175,8550,0.08818173491226391,0.059081701553004726,60,2962,0,0,0,0
1318,0580_c0002_015.jpg,580,1,-1,True,175,8550,0.08606826592363631,0.06448047162859248,61,2714,0,0,0,0
1319,0580_c0002_020.jpg,580,1,-1,True,175,8550,0.10113417231963313,0.06440927493559072,87,2717,0,0,0,0
1320,0580_c0003_000.jpg,580,2,-1,True,175,8550,0.05863811807685359,0.05764163372859025,545,3036,0,0,0,0
1321,0580_c0003_005.jpg,580,2,-1,True,175,8550,0.06284952819795885,0.06030323914541695,446,2902,0,0,0,0
1322,0580_c0003_010.jpg,580,2,-1,True,175,8550,0.05745484628067114,0.05619781631342325,547,3114,0,0,0,0
1323,0580_c0003_015.jpg,580,2,-1,True,175,8550,0.05857273764741015,0.05614372794353545,516,3117,0,0,0,0
1324,0580_c0003_020.jpg,580,2,-1,True,175,8550,0.05874367609623024,0.05737704918032787,481,3050,0,0,0,0
1325,0580_c0004_000.jpg,580,3,-1,True,175,8550,0.5159544745562455,0.1959686450167973,1,893,1,1,1,1
1326,0580_c0004_005.jpg,580,3,-1,True,175,8550,0.5591740315911113,0.21160822249093109,1,827,1,1,1,1
1327,0580_c0004_010.jpg,580,3,-1,True,175,8550,0.5818961005272315,0.2147239263803681,1,815,1,1,1,1
1328,0580_c0004_015.jpg,580,3,-1,True,175,8550,0.5747047157763276,0.211864406779661,1,826,1,1,1,1
1329,0580_c0004_020.jpg,580,3,-1,True,175,8550,0.5873703572864698,0.21058965102286403,1,831,1,1,1,1
1330,0580_c0005_000.jpg,580,4,-1,True,175,8550,0.2974581517011047,0.1826722338204593,2,958,0,1,1,1
1331,0580_c0005_005.jpg,580,4,-1,True,175,8550,0.2969121869070551,0.18518518518518517,16,945,0,0,0,1
1332,0580_c0005_010.jpg,580,4,-1,True,175,8550,0.31448731706275507,0.17535070140280562,14,998,0,0,0,1
1333,0580_c0005_015.jpg,580,4,-1,True,175,8550,0.342599056461822,0.18115942028985507,5,966,0,1,1,1
1334,0580_c0005_020.jpg,580,4,-1,True,175,8550,0.3014310740290976,0.18324607329842932,6,955,0,0,1,1
1335,0580_c0006_000.jpg,580,5,-1,True,175,8550,0.401787867060701,0.13608087091757387,1,1286,1,1,1,1
1336,0580_c0006_005.jpg,580,5,-1,True,175,8550,0.40260590051228956,0.12962962962962962,1,1350,1,1,1,1
1337,0580_c0006_010.jpg,580,5,-1,True,175,8550,0.37680308701472603,0.1201923076923077,1,1456,1,1,1,1
1338,0580_c0006_015.jpg,580,5,-1,True,175,8550,0.38729398560724915,0.11304909560723514,1,1548,1,1,1,1
1339,0580_c0006_020.jpg,580,5,-1,True,175,8550,0.4051219555633213,0.12644508670520233,1,1384,1,1,1,1
1340,0580_c0007_000.jpg,580,6,-1,True,175,8550,0.3580246821095357,0.07377740303541315,26,2372,0,0,0,0
1341,0580_c0007_005.jpg,580,6,-1,True,175,8550,0.3342224719669643,0.06578947368421052,26,2660,0,0,0,0
1342,0580_c0007_010.jpg,580,6,-1,True,175,8550,0.3586781693603229,0.07285595337218984,26,2402,0,0,0,0
1343,0580_c0007_015.jpg,580,6,-1,True,175,8550,0.3690066317025378,0.0824693685202639,11,2122,0,0,0,1
1344,0580_c0007_020.jpg,580,6,-1,True,175,8550,0.36295474074305645,0.07791629563668745,26,2246,0,0,0,0
1345,0580_c0008_000.jpg,580,7,-1,True,175,8550,0.42553529062020323,0.1037344398340249,14,1687,0,0,0,1
1346,0580_c0008_005.jpg,580,7,-1,True,175,8550,0.41988653171831375,0.10063254744105808,8,1739,0,0,1,1
1347,0580_c0008_010.jpg,580,7,-1,True,175,8550,0.4105893912300526,0.09610104338275673,26,1821,0,0,0,0
1348,0580_c0008_015.jpg,580,7,-1,True,175,8550,0.422509563802696,0.09853603603603604,20,1776,0,0,0,1
1349,0580_c0008_020.jpg,580,7,-1,True,175,8550,0.41976827653145377,0.10318396226415094,24,1696,0,0,0,0
1350,0582_c0001_000.jpg,582,0,-1,True,175,8550,0.5618447596382682,0.25107604017216645,26,697,0,0,0,0
1351,0582_c0001_005.jpg,582,0,-1,True,175,8550,0.5891581351323123,0.45219638242894056,24,387,0,0,0,0
1352,0582_c0001_010.jpg,582,0,-1,True,175,8550,0.6416652497330837,0.5537974683544303,5,316,0,1,1,1
1353,0582_c0001_015.jpg,582,0,-1,True,175,8550,0.573295206144069,0.43424317617866004,26,403,0,0,0,0
1354,0582_c0001_020.jpg,582,0,-1,True,175,8550,0.6757835828524311,0.4716981132075472,3,371,0,1,1,1
1355,0582_c0002_000.jpg,582,1,-1,True,175,8550,0.2756485203734047,0.07739938080495357,1,2261,1,1,1,1
1356,0582_c0002_005.jpg,582,1,-1,True,175,8550,0.2729205775757001,0.06878930817610063,1,2544,1,1,1,1
1357,0582_c0002_010.jpg,582,1,-1,True,175,8550,0.46840650145650653,0.09138381201044386,1,1915,1,1,1,1
1358,0582_c0002_015.jpg,582,1,-1,True,175,8550,0.558906016516663,0.11713520749665328,1,1494,1,1,1,1
1359,0582_c0002_020.jpg,582,1,-1,True,175,8550,0.5618187613804465,0.11574074074074074,1,1512,1,1,1,1
1360,0582_c0003_000.jpg,582,2,-1,True,175,8550,0.21098626451215158,0.10156703424260012,33,1723,0,0,0,0
1361,0582_c0003_005.jpg,582,2,-1,True,175,8550,0.1787874476860124,0.09323388385721897,69,1877,0,0,0,0
1362,0582_c0003_010.jpg,582,2,-1,True,175,8550,0.20846073896843564,0.09943181818181818,33,1760,0,0,0,0
1363,0582_c0003_015.jpg,582,2,-1,True,175,8550,0.22249885304807782,0.1028202115158637,8,1702,0,0,1,1
1364,0582_c0003_020.jpg,582,2,-1,True,175,8550,0.21110404705953856,0.10324483775811209,33,1695,0,0,0,0
1365,0582_c0004_000.jpg,582,3,-1,True,175,8550,0.6674806126422428,0.1650943396226415,1,1060,1,1,1,1
1366,0582_c0004_005.jpg,582,3,-1,True,175,8550,0.6768503826299107,0.1727541954590326,1,1013,1,1,1,1
1367,0582_c0004_010.jpg,582,3,-1,True,175,8550,0.6542996869839879,0.1710654936461388,1,1023,1,1,1,1
1368,0582_c0004_015.jpg,582,3,-1,True,175,8550,0.645361910070321,0.1590909090909091,1,1100,1,1,1,1
1369,0582_c0004_020.jpg,582,3,-1,True,175,8550,0.6536104297072919,0.16698473282442747,1,1048,1,1,1,1
1370,0582_c0005_000.jpg,582,4,-1,True,175,8550,0.7447435160986652,0.20348837209302326,1,860,1,1,1,1
1371,0582_c0005_005.jpg,582,4,-1,True,175,8550,0.7459729711187847,0.18577494692144372,1,942,1,1,1,1
1372,0582_c0005_010.jpg,582,4,-1,True,175,8550,0.7434256924541077,0.2066115702479339,1,847,1,1,1,1
1373,0582_c0005_015.jpg,582,4,-1,True,175,8550,0.7644425611606668,0.20783847980997625,1,842,1,1,1,1
1374,0582_c0005_020.jpg,582,4,-1,True,175,8550,0.7634343963539332,0.19146608315098468,1,914,1,1,1,1
1375,0582_c0006_000.jpg,582,5,-1,True,175,8550,0.2755934731083904,0.13247539742619227,1,1321,1,1,1,1
1376,0582_c0006_005.jpg,582,5,-1,True,175,8550,0.4312030356145323,0.2113526570048309,1,828,1,1,1,1
1377,0582_c0006_010.jpg,582,5,-1,True,175,8550,0.4203090929662771,0.1800411522633745,1,972,1,1,1,1
1378,0582_c0006_015.jpg,582,5,-1,True,175,8550,0.37859541330293583,0.1588021778584392,1,1102,1,1,1,1
1379,0582_c0006_020.jpg,582,5,-1,True,175,8550,0.33121511313078533,0.14546965918536992,1,1203,1,1,1,1
1380,0582_c0007_000.jpg,582,6,-1,True,175,8550,0.8629584664766377,0.5287009063444109,1,331,1,1,1,1
1381,0582_c0007_005.jpg,582,6,-1,True,175,8550,0.8235650479528533,0.5335365853658537,1,328,1,1,1,1
1382,0582_c0007_010.jpg,582,6,-1,True,175,8550,0.8287851544973254,0.4807692307692308,1,364,1,1,1,1
1383,0582_c0007_015.jpg,582,6,-1,True,175,8550,0.8401627564715521,0.4679144385026738,1,374,1,1,1,1
1384,0582_c0007_020.jpg,582,6,-1,True,175,8550,0.8335942398912748,0.5177514792899408,1,338,1,1,1,1
1385,0582_c0008_000.jpg,582,7,-1,True,175,8550,0.774588846671527,0.20161290322580644,1,868,1,1,1,1
1386,0582_c0008_005.jpg,582,7,-1,True,175,8550,0.773313864563783,0.19487750556792874,1,898,1,1,1,1
1387,0582_c0008_010.jpg,582,7,-1,True,175,8550,0.7799995076610653,0.21212121212121213,1,825,1,1,1,1
1388,0582_c0008_015.jpg,582,7,-1,True,175,8550,0.7741729193626722,0.19931662870159453,1,878,1,1,1,1
1389,0582_c0008_020.jpg,582,7,-1,True,175,8550,0.7792208090715687,0.20372526193247964,1,859,1,1,1,1
1390,0584_c0001_000.jpg,584,0,-1,True,175,8550,0.2623977768834352,0.1715686274509804,67,1020,0,0,0,0
1391,0584_c0001_005.jpg,584,0,-1,True,175,8550,0.17590900830469366,0.1287711552612215,182,1359,0,0,0,0
1392,0584_c0001_010.jpg,584,0,-1,True,175,8550,0.2598781677056446,0.14906303236797275,75,1174,0,0,0,0
1393,0584_c0001_015.jpg,584,0,-1,True,175,8550,0.22913911044224952,0.16634980988593157,92,1052,0,0,0,0
1394,0584_c0001_020.jpg,584,0,-1,True,175,8550,0.43122800348629475,0.214987714987715,22,814,0,0,0,0
1395,0584_c0002_000.jpg,584,1,-1,True,175,8550,0.6034841632163318,0.06076388888888889,1,2880,1,1,1,1
1396,0584_c0002_005.jpg,584,1,-1,True,175,8550,0.5843010464656501,0.06007552351527635,1,2913,1,1,1,1
1397,0584_c0002_010.jpg,584,1,-1,True,175,8550,0.5912034899699063,0.0601167983510821,1,2911,1,1,1,1
1398,0584_c0002_015.jpg,584,1,-1,True,175,8550,0.6182059587515997,0.06164142303628038,1,2839,1,1,1,1
1399,0584_c0002_020.jpg,584,1,-1,True,175,8550,0.6306893101347993,0.06082725060827251,1,2877,1,1,1,1
1400,0584_c0003_000.jpg,584,2,-1,True,175,8550,0.7519502094549677,0.0958904109589041,1,1825,1,1,1,1
1401,0584_c0003_005.jpg,584,2,-1,True,175,8550,0.6652675659506208,0.081661222585161,1,2143,1,1,1,1
1402,0584_c0003_010.jpg,584,2,-1,True,175,8550,0.6884417957895296,0.08482792050412022,1,2063,1,1,1,1
1403,0584_c0003_015.jpg,584,2,-1,True,175,8550,0.7523893770478295,0.10245901639344263,1,1708,1,1,1,1
1404,0584_c0003_020.jpg,584,2,-1,True,175,8550,0.7588144449206052,0.1056125528062764,1,1657,1,1,1,1
1405,0584_c0004_000.jpg,584,3,-1,True,175,8550,0.5047065664769858,0.22639068564036222,1,773,1,1,1,1
1406,0584_c0004_005.jpg,584,3,-1,True,175,8550,0.36999814574444495,0.1532399299474606,2,1142,0,1,1,1
1407,0584_c0004_010.jpg,584,3,-1,True,175,8550,0.6880705038266886,0.24005486968449932,1,729,1,1,1,1
1408,0584_c0004_015.jpg,584,3,-1,True,175,8550,0.7506132261989957,0.2588757396449704,1,676,1,1,1,1
1409,0584_c0004_020.jpg,584,3,-1,True,175,8550,0.5476686782499772,0.24509803921568626,1,714,1,1,1,1
1410,0584_c0005_000.jpg,584,4,-1,True,175,8550,0.7885972460960234,0.08754377188594298,1,1999,1,1,1,1
1411,0584_c0005_005.jpg,584,4,-1,True,175,8550,0.7821421342274261,0.08519961051606621,1,2054,1,1,1,1
1412,0584_c0005_010.jpg,584,4,-1,True,175,8550,0.7906353271437699,0.08684863523573201,1,2015,1,1,1,1
1413,0584_c0005_015.jpg,584,4,-1,True,175,8550,0.7900006066034013,0.0867195242814668,1,2018,1,1,1,1
1414,0584_c0005_020.jpg,584,4,-1,True,175,8550,0.7871435551567515,0.08595284872298625,1,2036,1,1,1,1
1415,0584_c0006_000.jpg,584,5,-1,True,175,8550,0.6816628560520138,0.10723039215686274,1,1632,1,1,1,1
1416,0584_c0006_005.jpg,584,5,-1,True,175,8550,0.7341472744998565,0.09090909090909091,1,1925,1,1,1,1
1417,0584_c0006_010.jpg,584,5,-1,True,175,8550,0.7616085493834975,0.07861635220125786,1,2226,1,1,1,1
1418,0584_c0006_015.jpg,584,5,-1,True,175,8550,0.7527710447463732,0.07615317667536989,1,2298,1,1,1,1
1419,0584_c0006_020.jpg,584,5,-1,True,175,8550,0.727078044047089,0.06833268254588051,1,2561,1,1,1,1
1420,0584_c0007_000.jpg,584,6,-1,True,175,8550,0.6209763610004262,0.23712737127371275,1,738,1,1,1,1
1421,0584_c0007_005.jpg,584,6,-1,True,175,8550,0.5876869674993492,0.2368064952638701,1,739,1,1,1,1
1422,0584_c0007_010.jpg,584,6,-1,True,175,8550,0.6873595326891299,0.2562225475841874,1,683,1,1,1,1
1423,0584_c0007_015.jpg,584,6,-1,True,175,8550,0.6772768171903237,0.28501628664495116,1,614,1,1,1,1
1424,0584_c0007_020.jpg,584,6,-1,True,175,8550,0.6796554477512655,0.25584795321637427,1,684,1,1,1,1
1425,0584_c0008_000.jpg,584,7,-1,True,175,8550,0.15497832899326006,0.08042279411764706,26,2176,0,0,0,0
1426,0584_c0008_005.jpg,584,7,-1,True,175,8550,0.1556186949727429,0.08433734939759036,30,2075,0,0,0,0
1427,0584_c0008_010.jpg,584,7,-1,True,175,8550,0.14497201155015943,0.08397312859884837,33,2084,0,0,0,0
1428,0584_c0008_015.jpg,584,7,-1,True,175,8550,0.13487859916702688,0.08212106992022525,35,2131,0,0,0,0
1429,0584_c0008_020.jpg,584,7,-1,True,175,8550,0.13303654283711094,0.08086876155268022,35,2164,0,0,0,0
1430,0586_c0001_000.jpg,586,0,-1,True,175,8550,0.9897054624887324,0.8793969849246231,1,199,1,1,1,1
1431,0586_c0001_005.jpg,586,0,-1,True,175,8550,0.9927463388090048,0.8928571428571429,1,196,1,1,1,1
1432,0586_c0001_010.jpg,586,0,-1,True,175,8550,0.9962343789994554,0.9358288770053476,1,187,1,1,1,1
1433,0586_c0001_015.jpg,586,0,-1,True,175,8550,0.9903075776082974,0.8838383838383839,1,198,1,1,1,1
1434,0586_c0001_020.jpg,586,0,-1,True,175,8550,0.9864693001603457,0.8536585365853658,1,205,1,1,1,1
1435,0586_c0002_000.jpg,586,1,-1,True,175,8550,0.980975016068742,0.875,1,200,1,1,1,1
1436,0586_c0002_005.jpg,586,1,-1,True,175,8550,0.9808754396933013,0.8663366336633663,1,202,1,1,1,1
1437,0586_c0002_010.jpg,586,1,-1,True,175,8550,0.9807479517191265,0.875,1,200,1,1,1,1
1438,0586_c0002_015.jpg,586,1,-1,True,175,8550,0.980975016068742,0.875,1,200,1,1,1,1
1439,0586_c0002_020.jpg,586,1,-1,True,175,8550,0.980975016068742,0.875,1,200,1,1,1,1
1440,0586_c0003_000.jpg,586,2,-1,True,175,8550,0.9419055046655511,0.5756578947368421,1,304,1,1,1,1
1441,0586_c0003_005.jpg,586,2,-1,True,175,8550,0.9399965501591938,0.546875,1,320,1,1,1,1
1442,0586_c0003_010.jpg,586,2,-1,True,175,8550,0.9392406495776273,0.5384615384615384,1,325,1,1,1,1
1443,0586_c0003_015.jpg,586,2,-1,True,175,8550,0.9351203545207173,0.5,1,350,1,1,1,1
1444,0586_c0003_020.jpg,586,2,-1,True,175,8550,0.9386935440202141,0.5401234567901234,1,324,1,1,1,1
1445,0586_c0004_000.jpg,586,3,-1,True,175,8550,1.0,1.0,1,175,1,1,1,1
1446,0586_c0004_005.jpg,586,3,-1,True,175,8550,1.0,1.0,1,175,1,1,1,1
1447,0586_c0004_010.jpg,586,3,-1,True,175,8550,1.0,1.0,1,175,1,1,1,1
1448,0586_c0004_015.jpg,586,3,-1,True,175,8550,1.0,1.0,1,175,1,1,1,1
1449,0586_c0004_020.jpg,586,3,-1,True,175,8550,1.0,1.0,1,175,1,1,1,1
1450,0586_c0005_000.jpg,586,4,-1,True,175,8550,0.9819501853453224,0.875,1,200,1,1,1,1
1451,0586_c0005_005.jpg,586,4,-1,True,175,8550,0.9830502689983451,0.875,1,200,1,1,1,1
1452,0586_c0005_010.jpg,586,4,-1,True,175,8550,0.9836344696524728,0.875,1,200,1,1,1,1
1453,0586_c0005_015.jpg,586,4,-1,True,175,8550,0.9841645052652276,0.875,1,200,1,1,1,1
1454,0586_c0005_020.jpg,586,4,-1,True,175,8550,0.9824297931713709,0.875,1,200,1,1,1,1
1455,0586_c0006_000.jpg,586,5,-1,True,175,8550,1.0,1.0,1,175,1,1,1,1
1456,0586_c0006_005.jpg,586,5,-1,True,175,8550,1.0,1.0,1,175,1,1,1,1
1457,0586_c0006_010.jpg,586,5,-1,True,175,8550,1.0,1.0,1,175,1,1,1,1
1458,0586_c0006_015.jpg,586,5,-1,True,175,8550,1.0,1.0,1,175,1,1,1,1
1459,0586_c0006_020.jpg,586,5,-1,True,175,8550,1.0,1.0,1,175,1,1,1,1
1460,0586_c0007_000.jpg,586,6,-1,True,175,8550,1.0,1.0,1,175,1,1,1,1
1461,0586_c0007_005.jpg,586,6,-1,True,175,8550,1.0,1.0,1,175,1,1,1,1
1462,0586_c0007_010.jpg,586,6,-1,True,175,8550,1.0,1.0,1,175,1,1,1,1
1463,0586_c0007_015.jpg,586,6,-1,True,175,8550,1.0,1.0,1,175,1,1,1,1
1464,0586_c0007_020.jpg,586,6,-1,True,175,8550,1.0,1.0,1,175,1,1,1,1
1465,0586_c0008_000.jpg,586,7,-1,True,175,8550,0.9982494169850747,0.9510869565217391,1,184,1,1,1,1
1466,0586_c0008_005.jpg,586,7,-1,True,175,8550,0.9998710387525798,0.9831460674157303,1,178,1,1,1,1
1467,0586_c0008_010.jpg,586,7,-1,True,175,8550,0.999740559536141,0.9776536312849162,1,179,1,1,1,1
1468,0586_c0008_015.jpg,586,7,-1,True,175,8550,0.9997082775324303,0.9776536312849162,1,179,1,1,1,1
1469,0586_c0008_020.jpg,586,7,-1,True,175,8550,0.9999354317998385,0.9887005649717514,1,177,1,1,1,1
1470,0588_c0001_000.jpg,588,0,-1,True,175,8550,0.35249298017055253,0.3691983122362869,55,474,0,0,0,0
1471,0588_c0001_005.jpg,588,0,-1,True,175,8550,0.3596235004962697,0.4227053140096618,49,414,0,0,0,0
1472,0588_c0001_010.jpg,588,0,-1,True,175,8550,0.3371778797855258,0.37553648068669526,56,466,0,0,0,0
1473,0588_c0001_015.jpg,588,0,-1,True,175,8550,0.31660299097620376,0.35353535353535354,68,495,0,0,0,0
1474,0588_c0001_020.jpg,588,0,-1,True,175,8550,0.33061637400532157,0.3125,55,560,0,0,0,0
1475,0588_c0002_000.jpg,588,1,-1,True,175,8550,0.29535660573976114,0.2336448598130841,20,749,0,0,0,1
1476,0588_c0002_005.jpg,588,1,-1,True,175,8550,0.14665551281082473,0.14583333333333334,113,1200,0,0,0,0
1477,0588_c0002_010.jpg,588,1,-1,True,175,8550,0.2855236174021502,0.2025462962962963,34,864,0,0,0,0
1478,0588_c0002_015.jpg,588,1,-1,True,175,8550,0.3249728743536426,0.21875,38,800,0,0,0,0
1479,0588_c0002_020.jpg,588,1,-1,True,175,8550,0.19494395162788197,0.1588021778584392,19,1102,0,0,0,1
1480,0588_c0003_000.jpg,588,2,-1,True,175,8550,0.6601075818156688,0.423728813559322,1,413,1,1,1,1
1481,0588_c0003_005.jpg,588,2,-1,True,175,8550,0.7100233238318696,0.35860655737704916,1,488,1,1,1,1
1482,0588_c0003_010.jpg,588,2,-1,True,175,8550,0.6863238943144491,0.46174142480211083,1,379,1,1,1,1
1483,0588_c0003_015.jpg,588,2,-1,True,175,8550,0.7138531843784134,0.41766109785202865,1,419,1,1,1,1
1484,0588_c0003_020.jpg,588,2,-1,True,175,8550,0.7066083892518865,0.4166666666666667,1,420,1,1,1,1
1485,0588_c0004_000.jpg,588,3,-1,True,175,8550,0.22067670816066992,0.18959913326110509,17,923,0,0,0,1
1486,0588_c0004_005.jpg,588,3,-1,True,175,8550,0.23759102115890324,0.19315673289183222,6,906,0,0,1,1
1487,0588_c0004_010.jpg,588,3,-1,True,175,8550,0.21433247336451433,0.19001085776330076,24,921,0,0,0,0
1488,0588_c0004_015.jpg,588,3,-1,True,175,8550,0.21762495728849,0.19444444444444445,22,900,0,0,0,0
1489,0588_c0004_020.jpg,588,3,-1,True,175,8550,0.23105348149739485,0.1912568306010929,22,915,0,0,0,0
1490,0588_c0005_000.jpg,588,4,-1,True,175,8550,0.39460514926693485,0.32407407407407407,34,540,0,0,0,0
1491,0588_c0005_005.jpg,588,4,-1,True,175,8550,0.3847431279997933,0.32287822878228783,50,542,0,0,0,0
1492,0588_c0005_010.jpg,588,4,-1,True,175,8550,0.3964523701716238,0.330188679245283,33,530,0,0,0,0
1493,0588_c0005_015.jpg,588,4,-1,True,175,8550,0.489670475174955,0.3048780487804878,4,574,0,1,1,1
1494,0588_c0005_020.jpg,588,4,-1,True,175,8550,0.40571942932918725,0.33206831119544594,25,527,0,0,0,0
1495,0588_c0006_000.jpg,588,5,-1,True,175,8550,0.7663208017446844,0.2808988764044944,1,623,1,1,1,1
1496,0588_c0006_005.jpg,588,5,-1,True,175,8550,0.7479530969703247,0.2961082910321489,1,591,1,1,1,1
1497,0588_c0006_010.jpg,588,5,-1,True,175,8550,0.7376741972604324,0.2795527156549521,1,626,1,1,1,1
1498,0588_c0006_015.jpg,588,5,-1,True,175,8550,0.7283514692976553,0.2931323283082077,1,597,1,1,1,1
1499,0588_c0006_020.jpg,588,5,-1,True,175,8550,0.7215215781810893,0.2961082910321489,1,591,1,1,1,1
1500,0588_c0007_000.jpg,588,6,-1,True,175,8550,0.8098931759915169,0.2708978328173375,1,646,1,1,1,1
1501,0588_c0007_005.jpg,588,6,-1,True,175,8550,0.8307873998412533,0.32710280373831774,1,535,1,1,1,1
1502,0588_c0007_010.jpg,588,6,-1,True,175,8550,0.8316065495760852,0.2536231884057971,1,690,1,1,1,1
1503,0588_c0007_015.jpg,588,6,-1,True,175,8550,0.7606531060862358,0.3391472868217054,1,516,1,1,1,1
1504,0588_c0007_020.jpg,588,6,-1,True,175,8550,0.7648654747803955,0.33524904214559387,1,522,1,1,1,1
1505,0588_c0008_000.jpg,588,7,-1,True,175,8550,0.7167953685029629,0.2025462962962963,1,864,1,1,1,1
1506,0588_c0008_005.jpg,588,7,-1,True,175,8550,0.5644253747801815,0.20022883295194507,1,874,1,1,1,1
1507,0588_c0008_010.jpg,588,7,-1,True,175,8550,0.48050721250399747,0.19509476031215162,1,897,1,1,1,1
1508,0588_c0008_015.jpg,588,7,-1,True,175,8550,0.5789134606009785,0.20759193357058126,1,843,1,1,1,1
1509,0588_c0008_020.jpg,588,7,-1,True,175,8550,0.6010145654640314,0.20636792452830188,1,848,1,1,1,1
1510,0590_c0001_000.jpg,590,0,-1,True,150,8550,0.7245910323954522,0.25295109612141653,1,593,1,1,1,1
1511,0590_c0001_005.jpg,590,0,-1,True,150,8550,0.7120345765470324,0.24916943521594684,1,602,1,1,1,1
1512,0590_c0001_010.jpg,590,0,-1,True,150,8550,0.729550804414514,0.2471169686985173,1,607,1,1,1,1
1513,0590_c0001_015.jpg,590,0,-1,True,150,8550,0.7386029200261565,0.25041736227045075,1,599,1,1,1,1
1514,0590_c0001_020.jpg,590,0,-1,True,150,8550,0.7496346821878647,0.24429967426710097,1,614,1,1,1,1
1515,0590_c0002_000.jpg,590,1,-1,True,150,8550,0.629251539834229,0.3409090909090909,1,440,1,1,1,1
1516,0590_c0002_005.jpg,590,1,-1,True,150,8550,0.6273727116725509,0.3640776699029126,1,412,1,1,1,1
1517,0590_c0002_010.jpg,590,1,-1,True,150,8550,0.5367247712162685,0.31185031185031187,1,481,1,1,1,1
1518,0590_c0002_015.jpg,590,1,-1,True,150,8550,0.5602000092987552,0.3246753246753247,1,462,1,1,1,1
1519,0590_c0002_020.jpg,590,1,-1,True,150,8550,0.6438204651227727,0.391644908616188,1,383,1,1,1,1
1520,0590_c0004_000.jpg,590,3,-1,True,150,8550,0.854520345604591,0.20689655172413793,1,725,1,1,1,1
1521,0590_c0004_005.jpg,590,3,-1,True,150,8550,0.8631249879421974,0.22123893805309736,1,678,1,1,1,1
1522,0590_c0004_010.jpg,590,3,-1,True,150,8550,0.8521058097783687,0.20718232044198895,1,724,1,1,1,1
1523,0590_c0004_015.jpg,590,3,-1,True,150,8550,0.8308709152580885,0.2018842530282638,1,743,1,1,1,1
1524,0590_c0004_020.jpg,590,3,-1,True,150,8550,0.8299715544393997,0.20026702269692923,1,749,1,1,1,1
1525,0590_c0005_000.jpg,590,4,-1,True,150,8550,0.9103254009831577,0.36855036855036855,1,407,1,1,1,1
1526,0590_c0005_005.jpg,590,4,-1,True,150,8550,0.901546636303819,0.3875968992248062,1,387,1,1,1,1
1527,0590_c0005_010.jpg,590,4,-1,True,150,8550,0.8995572361782507,0.3768844221105528,1,398,1,1,1,1
1528,0590_c0005_015.jpg,590,4,-1,True,150,8550,0.9225505701134051,0.3836317135549872,1,391,1,1,1,1
1529,0590_c0005_020.jpg,590,4,-1,True,150,8550,0.9266221486331188,0.4491017964071856,1,334,1,1,1,1
1530,0590_c0006_000.jpg,590,5,-1,True,150,8550,0.4857838704927358,0.4658385093167702,10,322,0,0,1,1
1531,0590_c0006_005.jpg,590,5,-1,True,150,8550,0.5443353300793702,0.5172413793103449,1,290,1,1,1,1
1532,0590_c0006_010.jpg,590,5,-1,True,150,8550,0.6158316438625443,0.539568345323741,1,278,1,1,1,1
1533,0590_c0006_015.jpg,590,5,-1,True,150,8550,0.7055512049487853,0.5454545454545454,1,275,1,1,1,1
1534,0590_c0006_020.jpg,590,5,-1,True,150,8550,0.7442952595377047,0.5474452554744526,1,274,1,1,1,1
1535,0590_c0007_000.jpg,590,6,-1,True,150,8550,0.9044016359399109,0.2840909090909091,1,528,1,1,1,1
1536,0590_c0007_005.jpg,590,6,-1,True,150,8550,0.878422224852045,0.33707865168539325,1,445,1,1,1,1
1537,0590_c0007_010.jpg,590,6,-1,True,150,8550,0.8944879579522724,0.3,1,500,1,1,1,1
1538,0590_c0007_015.jpg,590,6,-1,True,150,8550,0.8726673422766001,0.30864197530864196,1,486,1,1,1,1
1539,0590_c0007_020.jpg,590,6,-1,True,150,8550,0.89539407921304,0.37593984962406013,1,399,1,1,1,1
1540,0590_c0008_000.jpg,590,7,-1,True,150,8550,0.8698113922068514,0.26737967914438504,1,561,1,1,1,1
1541,0590_c0008_005.jpg,590,7,-1,True,150,8550,0.8557456518581339,0.2613240418118467,1,574,1,1,1,1
1542,0590_c0008_010.jpg,590,7,-1,True,150,8550,0.8319726795923555,0.2245508982035928,1,668,1,1,1,1
1543,0590_c0008_015.jpg,590,7,-1,True,150,8550,0.8467028817315584,0.23006134969325154,1,652,1,1,1,1
1544,0590_c0008_020.jpg,590,7,-1,True,150,8550,0.8852479126361953,0.2737226277372263,1,548,1,1,1,1
1545,0592_c0001_000.jpg,592,0,-1,True,125,8550,0.40317583568947163,0.4646840148698885,6,269,0,0,1,1
1546,0592_c0001_005.jpg,592,0,-1,True,125,8550,0.3866578857316227,0.34916201117318435,29,358,0,0,0,0
1547,0592_c0001_010.jpg,592,0,-1,True,125,8550,0.4064994932260531,0.40064102564102566,14,312,0,0,0,1
1548,0592_c0001_015.jpg,592,0,-1,True,125,8550,0.4358584975040497,0.41946308724832215,7,298,0,0,1,1
1549,0592_c0001_020.jpg,592,0,-1,True,125,8550,0.3778710770837816,0.40192926045016075,21,311,0,0,0,0
1550,0592_c0002_000.jpg,592,1,-1,True,125,8550,0.5653875328692363,0.28153153153153154,1,444,1,1,1,1
1551,0592_c0002_005.jpg,592,1,-1,True,125,8550,0.631512836330137,0.2880184331797235,1,434,1,1,1,1
1552,0592_c0002_010.jpg,592,1,-1,True,125,8550,0.6364283159339913,0.24319066147859922,1,514,1,1,1,1
1553,0592_c0002_015.jpg,592,1,-1,True,125,8550,0.5521760215970282,0.211864406779661,1,590,1,1,1,1
1554,0592_c0002_020.jpg,592,1,-1,True,125,8550,0.5178842541217539,0.19747235387045814,1,633,1,1,1,1
1555,0592_c0003_000.jpg,592,2,-1,True,125,8550,0.47861074686174193,0.36656891495601174,1,341,1,1,1,1
1556,0592_c0003_005.jpg,592,2,-1,True,125,8550,0.47962683760257263,0.35816618911174786,1,349,1,1,1,1
1557,0592_c0003_010.jpg,592,2,-1,True,125,8550,0.4768973928674673,0.35714285714285715,1,350,1,1,1,1
1558,0592_c0003_015.jpg,592,2,-1,True,125,8550,0.48377584479985486,0.35714285714285715,1,350,1,1,1,1
1559,0592_c0003_020.jpg,592,2,-1,True,125,8550,0.4731502842710019,0.34916201117318435,1,358,1,1,1,1
1560,0592_c0005_000.jpg,592,4,-1,True,125,8550,0.600950710642433,0.4528985507246377,1,276,1,1,1,1
1561,0592_c0005_005.jpg,592,4,-1,True,125,8550,0.5988273549219536,0.4370629370629371,1,286,1,1,1,1
1562,0592_c0005_010.jpg,592,4,-1,True,125,8550,0.6328237904109425,0.4562043795620438,1,274,1,1,1,1
1563,0592_c0005_015.jpg,592,4,-1,True,125,8550,0.6207709347413829,0.45126353790613716,1,277,1,1,1,1
1564,0592_c0005_020.jpg,592,4,-1,True,125,8550,0.6189665573500435,0.43859649122807015,1,285,1,1,1,1
1565,0592_c0006_000.jpg,592,5,-1,True,125,8550,0.4974424666685998,0.3834355828220859,27,326,0,0,0,0
1566,0592_c0006_005.jpg,592,5,-1,True,125,8550,0.5711401714197859,0.4752851711026616,17,263,0,0,0,1
1567,0592_c0006_010.jpg,592,5,-1,True,125,8550,0.5492765312631336,0.46296296296296297,14,270,0,0,0,1
1568,0592_c0006_015.jpg,592,5,-1,True,125,8550,0.6069166698530675,0.423728813559322,1,295,1,1,1,1
1569,0592_c0006_020.jpg,592,5,-1,True,125,8550,0.6795920912560764,0.51440329218107,1,243,1,1,1,1
1570,0592_c0007_000.jpg,592,6,-1,True,125,8550,0.668477202556606,0.41254125412541254,1,303,1,1,1,1
1571,0592_c0007_005.jpg,592,6,-1,True,125,8550,0.6563413123556833,0.3993610223642173,1,313,1,1,1,1
1572,0592_c0007_010.jpg,592,6,-1,True,125,8550,0.609183937285418,0.32894736842105265,1,380,1,1,1,1
1573,0592_c0007_015.jpg,592,6,-1,True,125,8550,0.6657738816158404,0.3980891719745223,1,314,1,1,1,1
1574,0592_c0007_020.jpg,592,6,-1,True,125,8550,0.6571743125467738,0.4152823920265781,1,301,1,1,1,1
1575,0594_c0001_000.jpg,594,0,-1,True,150,8550,0.5779489196640476,0.0984898227183191,1,1523,1,1,1,1
1576,0594_c0001_005.jpg,594,0,-1,True,150,8550,0.5398860668863553,0.09014423076923077,1,1664,1,1,1,1
1577,0594_c0001_010.jpg,594,0,-1,True,150,8550,0.5492211566053836,0.07696254489481785,1,1949,1,1,1,1
1578,0594_c0001_015.jpg,594,0,-1,True,150,8550,0.5550100682995924,0.07731958762886598,1,1940,1,1,1,1
1579,0594_c0001_020.jpg,594,0,-1,True,150,8550,0.4849458483535496,0.0725338491295938,1,2068,1,1,1,1
1580,0594_c0002_000.jpg,594,1,-1,True,150,8550,0.511943279948152,0.14340344168260039,1,1046,1,1,1,1
1581,0594_c0002_005.jpg,594,1,-1,True,150,8550,0.472847540888084,0.14058106841611998,1,1067,1,1,1,1
1582,0594_c0002_010.jpg,594,1,-1,True,150,8550,0.416491836172612,0.13192612137203166,1,1137,1,1,1,1
1583,0594_c0002_015.jpg,594,1,-1,True,150,8550,0.4316025624966313,0.1403180542563143,1,1069,1,1,1,1
1584,0594_c0002_020.jpg,594,1,-1,True,150,8550,0.4373138721099192,0.14492753623188406,3,1035,0,1,1,1
1585,0594_c0003_000.jpg,594,2,-1,True,150,8550,0.6022114369861968,0.13309671694764863,1,1127,1,1,1,1
1586,0594_c0003_005.jpg,594,2,-1,True,150,8550,0.6059177925753942,0.13043478260869565,1,1150,1,1,1,1
1587,0594_c0003_010.jpg,594,2,-1,True,150,8550,0.624580661700442,0.12942191544434858,1,1159,1,1,1,1
1588,0594_c0003_015.jpg,594,2,-1,True,150,8550,0.6033594802577966,0.12647554806070826,1,1186,1,1,1,1
1589,0594_c0003_020.jpg,594,2,-1,True,150,8550,0.6168206415972282,0.13227513227513227,1,1134,1,1,1,1
1590,0594_c0005_000.jpg,594,4,-1,True,150,8550,0.625680601222917,0.12396694214876033,1,1210,1,1,1,1
1591,0594_c0005_005.jpg,594,4,-1,True,150,8550,0.6024128187141506,0.1122754491017964,1,1336,1,1,1,1
1592,0594_c0005_010.jpg,594,4,-1,True,150,8550,0.6115379904807785,0.11169024571854058,1,1343,1,1,1,1
1593,0594_c0005_015.jpg,594,4,-1,True,150,8550,0.6025260136062751,0.1037344398340249,1,1446,1,1,1,1
1594,0594_c0005_020.jpg,594,4,-1,True,150,8550,0.598809842331958,0.10518934081346423,1,1426,1,1,1,1
1595,0594_c0006_000.jpg,594,5,-1,True,150,8550,0.26481879456010127,0.10653409090909091,7,1408,0,0,1,1
1596,0594_c0006_005.jpg,594,5,-1,True,150,8550,0.25788771945539624,0.11320754716981132,9,1325,0,0,1,1
1597,0594_c0006_010.jpg,594,5,-1,True,150,8550,0.27047341107923584,0.11755485893416928,2,1276,0,1,1,1
1598,0594_c0006_015.jpg,594,5,-1,True,150,8550,0.299629505620238,0.12531328320802004,1,1197,1,1,1,1
1599,0594_c0006_020.jpg,594,5,-1,True,150,8550,0.253472685783422,0.12185215272136475,12,1231,0,0,0,1
1600,0594_c0007_000.jpg,594,6,-1,True,150,8550,0.2828182638591219,0.2697841726618705,31,556,0,0,0,0
1601,0594_c0007_005.jpg,594,6,-1,True,150,8550,0.25661116904761105,0.22556390977443608,55,665,0,0,0,0
1602,0594_c0007_010.jpg,594,6,-1,True,150,8550,0.258997177146524,0.273224043715847,103,549,0,0,0,0
1603,0594_c0007_015.jpg,594,6,-1,True,150,8550,0.269345823786238,0.2767527675276753,56,542,0,0,0,0
1604,0594_c0007_020.jpg,594,6,-1,True,150,8550,0.2768734558892406,0.25906735751295334,54,579,0,0,0,0
1605,0594_c0008_000.jpg,594,7,-1,True,150,8550,0.1986120250586329,0.2032520325203252,101,738,0,0,0,0
1606,0594_c0008_005.jpg,594,7,-1,True,150,8550,0.061818528394430444,0.07098911500236631,344,2113,0,0,0,0
1607,0594_c0008_010.jpg,594,7,-1,True,150,8550,0.14367521764648064,0.16129032258064516,163,930,0,0,0,0
1608,0594_c0008_015.jpg,594,7,-1,True,150,8550,0.17212064107730674,0.17321016166281755,115,866,0,0,0,0
1609,0594_c0008_020.jpg,594,7,-1,True,150,8550,0.14938894451786108,0.12987012987012986,200,1155,0,0,0,0
1610,0596_c0001_000.jpg,596,0,-1,True,175,8550,0.3672066343941764,0.08892276422764228,27,1968,0,0,0,0
1611,0596_c0001_005.jpg,596,0,-1,True,175,8550,0.3744643087867311,0.08807247106190237,25,1987,0,0,0,0
1612,0596_c0001_010.jpg,596,0,-1,True,175,8550,0.4311706319500674,0.09119332985930172,1,1919,1,1,1,1
1613,0596_c0001_015.jpg,596,0,-1,True,175,8550,0.40939841916596986,0.08955987717502559,8,1954,0,0,1,1
1614,0596_c0001_020.jpg,596,0,-1,True,175,8550,0.4622788468109769,0.09002057613168725,1,1944,1,1,1,1
1615,0596_c0002_000.jpg,596,1,-1,True,175,8550,0.0557713851442122,0.06297229219143577,779,2779,0,0,0,0
1616,0596_c0002_005.jpg,596,1,-1,True,175,8550,0.4358192862594931,0.09573304157549234,1,1828,1,1,1,1
1617,0596_c0002_010.jpg,596,1,-1,True,175,8550,0.44236101495043656,0.09557618787547788,1,1831,1,1,1,1
1618,0596_c0002_015.jpg,596,1,-1,True,175,8550,0.22347670033743822,0.08969759097898514,32,1951,0,0,0,0
1619,0596_c0002_020.jpg,596,1,-1,True,175,8550,0.12300788594786838,0.08098102730217492,113,2161,0,0,0,0
1620,0596_c0003_000.jpg,596,2,-1,True,175,8550,0.8292029883775469,0.10005717552887364,1,1749,1,1,1,1
1621,0596_c0003_005.jpg,596,2,-1,True,175,8550,0.8209387643606605,0.09943181818181818,1,1760,1,1,1,1
1622,0596_c0003_010.jpg,596,2,-1,True,175,8550,0.8224528453032788,0.09689922480620156,1,1806,1,1,1,1
1623,0596_c0003_015.jpg,596,2,-1,True,175,8550,0.8124641275969501,0.10306242638398115,1,1698,1,1,1,1
1624,0596_c0003_020.jpg,596,2,-1,True,175,8550,0.8174020207127678,0.10215995329830706,1,1713,1,1,1,1
1625,0596_c0004_000.jpg,596,3,-1,True,175,8550,0.866843575060254,0.0721947194719472,1,2424,1,1,1,1
1626,0596_c0004_005.jpg,596,3,-1,True,175,8550,0.8682860709974365,0.06479081821547575,1,2701,1,1,1,1
1627,0596_c0004_010.jpg,596,3,-1,True,175,8550,0.8620263634053762,0.07079288025889968,1,2472,1,1,1,1
1628,0596_c0004_015.jpg,596,3,-1,True,175,8550,0.8745214240541963,0.06941689805632685,1,2521,1,1,1,1
1629,0596_c0004_020.jpg,596,3,-1,True,175,8550,0.8730681184353193,0.06868131868131869,1,2548,1,1,1,1
1630,0596_c0005_000.jpg,596,4,-1,True,175,8550,0.8432689180290514,0.05936227951153324,1,2948,1,1,1,1
1631,0596_c0005_005.jpg,596,4,-1,True,175,8550,0.8377011567740296,0.06019951840385277,1,2907,1,1,1,1
1632,0596_c0005_010.jpg,596,4,-1,True,175,8550,0.8342613396874479,0.06053268765133172,1,2891,1,1,1,1
1633,0596_c0005_015.jpg,596,4,-1,True,175,8550,0.8068396875242067,0.06038647342995169,1,2898,1,1,1,1
1634,0596_c0005_020.jpg,596,4,-1,True,175,8550,0.8329682471527534,0.061554695743932464,1,2843,1,1,1,1
1635,0596_c0006_000.jpg,596,5,-1,True,175,8550,0.8917572666438845,0.10045924225028703,1,1742,1,1,1,1
1636,0596_c0006_005.jpg,596,5,-1,True,175,8550,0.896842707244187,0.09641873278236915,1,1815,1,1,1,1
1637,0596_c0006_010.jpg,596,5,-1,True,175,8550,0.8989076861402483,0.10789149198520345,1,1622,1,1,1,1
1638,0596_c0006_015.jpg,596,5,-1,True,175,8550,0.8979386068814912,0.10227936879018118,1,1711,1,1,1,1
1639,0596_c0006_020.jpg,596,5,-1,True,175,8550,0.8986454036939826,0.11020151133501259,1,1588,1,1,1,1
1640,0596_c0007_000.jpg,596,6,-1,True,175,8550,0.8951250266625357,0.1098556183301946,1,1593,1,1,1,1
1641,0596_c0007_005.jpg,596,6,-1,True,175,8550,0.7719991927252899,0.09516041326808047,1,1839,1,1,1,1
1642,0596_c0007_010.jpg,596,6,-1,True,175,8550,0.7820696255936017,0.10862818125387957,1,1611,1,1,1,1
1643,0596_c0007_015.jpg,596,6,-1,True,175,8550,0.709361641797546,0.10069044879171461,1,1738,1,1,1,1
1644,0596_c0007_020.jpg,596,6,-1,True,175,8550,0.7843005028974337,0.10664229128580134,1,1641,1,1,1,1
1645,0596_c0008_000.jpg,596,7,-1,True,175,8550,0.7618792922819516,0.09798432250839866,1,1786,1,1,1,1
1646,0596_c0008_005.jpg,596,7,-1,True,175,8550,0.7637059188988113,0.09722222222222222,1,1800,1,1,1,1
1647,0596_c0008_010.jpg,596,7,-1,True,175,8550,0.7615990541387916,0.09749303621169916,1,1795,1,1,1,1
1648,0596_c0008_015.jpg,596,7,-1,True,175,8550,0.7488723794048919,0.09977194982896237,1,1754,1,1,1,1
1649,0596_c0008_020.jpg,596,7,-1,True,175,8550,0.7650000252014463,0.09733036707452725,1,1798,1,1,1,1
1650,0598_c0001_000.jpg,598,0,-1,True,100,8550,0.2906845208193585,0.176056338028169,5,568,0,1,1,1
1651,0598_c0001_005.jpg,598,0,-1,True,100,8550,0.7354968493443775,0.2288329519450801,1,437,1,1,1,1
1652,0598_c0001_010.jpg,598,0,-1,True,100,8550,0.6481658369854518,0.21691973969631237,1,461,1,1,1,1
1653,0598_c0001_015.jpg,598,0,-1,True,100,8550,0.641230853624092,0.20040080160320642,1,499,1,1,1,1
1654,0598_c0001_020.jpg,598,0,-1,True,100,8550,0.5509455696234604,0.1988071570576541,1,503,1,1,1,1
1655,0598_c0002_000.jpg,598,1,-1,True,100,8550,0.7484011624779948,0.37037037037037035,1,270,1,1,1,1
1656,0598_c0002_005.jpg,598,1,-1,True,100,8550,0.6451903454884345,0.19305019305019305,1,518,1,1,1,1
1657,0598_c0002_010.jpg,598,1,-1,True,100,8550,0.6589884417457028,0.24096385542168675,1,415,1,1,1,1
1658,0598_c0002_015.jpg,598,1,-1,True,100,8550,0.6995427704553779,0.26595744680851063,1,376,1,1,1,1
1659,0598_c0002_020.jpg,598,1,-1,True,100,8550,0.6286127775356989,0.18148820326678766,1,551,1,1,1,1
1660,0598_c0003_000.jpg,598,2,-1,True,100,8550,0.9385679985518971,0.7352941176470589,1,136,1,1,1,1
1661,0598_c0003_005.jpg,598,2,-1,True,100,8550,0.9821530750159695,0.7692307692307693,1,130,1,1,1,1
1662,0598_c0003_010.jpg,598,2,-1,True,100,8550,0.9898143265275832,0.8130081300813008,1,123,1,1,1,1
1663,0598_c0003_015.jpg,598,2,-1,True,100,8550,0.9902475307632954,0.8130081300813008,1,123,1,1,1,1
1664,0598_c0003_020.jpg,598,2,-1,True,100,8550,0.9988650251617541,0.9345794392523364,1,107,1,1,1,1
1665,0598_c0007_000.jpg,598,6,-1,True,100,8550,0.918311530877753,0.6622516556291391,1,151,1,1,1,1
1666,0598_c0007_005.jpg,598,6,-1,True,100,8550,0.9163701635079079,0.6451612903225806,1,155,1,1,1,1
1667,0598_c0007_010.jpg,598,6,-1,True,100,8550,0.9354976322924918,0.6756756756756757,1,148,1,1,1,1
1668,0598_c0007_015.jpg,598,6,-1,True,100,8550,0.9522283936242216,0.5847953216374269,1,171,1,1,1,1
1669,0598_c0007_020.jpg,598,6,-1,True,100,8550,0.9400009541567418,0.5714285714285714,1,175,1,1,1,1
1670,0598_c0008_000.jpg,598,7,-1,True,100,8550,0.7109319624347744,0.36101083032490977,1,277,1,1,1,1
1671,0598_c0008_005.jpg,598,7,-1,True,100,8550,0.6921342484836867,0.3333333333333333,1,300,1,1,1,1
1672,0598_c0008_010.jpg,598,7,-1,True,100,8550,0.7161968041567779,0.36101083032490977,1,277,1,1,1,1
1673,0598_c0008_015.jpg,598,7,-1,True,100,8550,0.7386589640419332,0.373134328358209,1,268,1,1,1,1
1674,0598_c0008_020.jpg,598,7,-1,True,100,8550,0.8744397492049722,0.5405405405405406,1,185,1,1,1,1
1675,0600_c0001_000.jpg,600,0,-1,True,175,8550,0.5879136064788498,0.09373326191751473,1,1867,1,1,1,1
1676,0600_c0001_005.jpg,600,0,-1,True,175,8550,0.566517217164021,0.0908147379346134,1,1927,1,1,1,1
1677,0600_c0001_010.jpg,600,0,-1,True,175,8550,0.7007116949281056,0.0908147379346134,1,1927,1,1,1,1
1678,0600_c0001_015.jpg,600,0,-1,True,175,8550,0.8441021699304088,0.09138381201044386,1,1915,1,1,1,1
1679,0600_c0001_020.jpg,600,0,-1,True,175,8550,0.7675168817942751,0.08878741755454084,1,1971,1,1,1,1
1680,0600_c0002_000.jpg,600,1,-1,True,175,8550,0.8898911600766828,0.08654797230464886,1,2022,1,1,1,1
1681,0600_c0002_005.jpg,600,1,-1,True,175,8550,0.8875143411307473,0.07836990595611286,1,2233,1,1,1,1
1682,0600_c0002_010.jpg,600,1,-1,True,175,8550,0.8878357436585941,0.07969034608378871,1,2196,1,1,1,1
1683,0600_c0002_015.jpg,600,1,-1,True,175,8550,0.8901437510918364,0.0863770977295163,1,2026,1,1,1,1
1684,0600_c0002_020.jpg,600,1,-1,True,175,8550,0.8889214260420611,0.0848690591658584,1,2062,1,1,1,1
1685,0600_c0003_000.jpg,600,2,-1,True,175,8550,0.9046839178234135,0.1281112737920937,1,1366,1,1,1,1
1686,0600_c0003_005.jpg,600,2,-1,True,175,8550,0.9080472638841496,0.13227513227513227,1,1323,1,1,1,1
1687,0600_c0003_010.jpg,600,2,-1,True,175,8550,0.9096404028502248,0.14056224899598393,1,1245,1,1,1,1
1688,0600_c0003_015.jpg,600,2,-1,True,175,8550,0.9046302050371888,0.13059701492537312,1,1340,1,1,1,1
1689,0600_c0003_020.jpg,600,2,-1,True,175,8550,0.9042857448380683,0.15391380826737028,1,1137,1,1,1,1
1690,0600_c0004_000.jpg,600,3,-1,True,175,8550,0.18732571828637495,0.15555555555555556,16,1125,0,0,0,1
1691,0600_c0004_005.jpg,600,3,-1,True,175,8550,0.3561075914804722,0.1968503937007874,1,889,1,1,1,1
1692,0600_c0004_010.jpg,600,3,-1,True,175,8550,0.16269393290936085,0.14982876712328766,22,1168,0,0,0,0
1693,0600_c0004_015.jpg,600,3,-1,True,175,8550,0.17418164503306047,0.15737410071942445,20,1112,0,0,0,1
1694,0600_c0004_020.jpg,600,3,-1,True,175,8550,0.0271183566387456,0.04341354502604813,1556,4031,0,0,0,0
1695,0600_c0005_000.jpg,600,4,-1,True,175,8550,0.8843025428422644,0.09025270758122744,1,1939,1,1,1,1
1696,0600_c0005_005.jpg,600,4,-1,True,175,8550,0.8885498460134591,0.09234828496042216,1,1895,1,1,1,1
1697,0600_c0005_010.jpg,600,4,-1,True,175,8550,0.8890660000915643,0.09043927648578812,1,1935,1,1,1,1
1698,0600_c0005_015.jpg,600,4,-1,True,175,8550,0.8901602989687818,0.09105098855359,1,1922,1,1,1,1
1699,0600_c0005_020.jpg,600,4,-1,True,175,8550,0.8892528169720233,0.08997429305912596,1,1945,1,1,1,1
1700,0600_c0006_000.jpg,600,5,-1,True,175,8550,0.8927501586548832,0.1002290950744559,1,1746,1,1,1,1
1701,0600_c0006_005.jpg,600,5,-1,True,175,8550,0.8917159271728149,0.09809417040358745,1,1784,1,1,1,1
1702,0600_c0006_010.jpg,600,5,-1,True,175,8550,0.8857640118180429,0.09200841219768664,1,1902,1,1,1,1
1703,0600_c0006_015.jpg,600,5,-1,True,175,8550,0.8883003165440021,0.08983572895277207,1,1948,1,1,1,1
1704,0600_c0006_020.jpg,600,5,-1,True,175,8550,0.8903812350940828,0.09373326191751473,1,1867,1,1,1,1
1705,0600_c0007_000.jpg,600,6,-1,True,175,8550,0.5330447407067719,0.14090177133655393,1,1242,1,1,1,1
1706,0600_c0007_005.jpg,600,6,-1,True,175,8550,0.6289189669210139,0.14112903225806453,1,1240,1,1,1,1
1707,0600_c0007_010.jpg,600,6,-1,True,175,8550,0.5064340208417021,0.14011208967173738,1,1249,1,1,1,1
1708,0600_c0007_015.jpg,600,6,-1,True,175,8550,0.5758285496374057,0.14227642276422764,1,1230,1,1,1,1
1709,0600_c0007_020.jpg,600,6,-1,True,175,8550,0.6307761956472158,0.13379204892966362,1,1308,1,1,1,1
1710,0600_c0008_000.jpg,600,7,-1,True,175,8550,0.6569861085835351,0.107559926244622,1,1627,1,1,1,1
1711,0600_c0008_005.jpg,600,7,-1,True,175,8550,0.48008710378497377,0.09583789704271632,1,1826,1,1,1,1
1712,0600_c0008_010.jpg,600,7,-1,True,175,8550,0.47163217420665166,0.11132315521628498,1,1572,1,1,1,1
1713,0600_c0008_015.jpg,600,7,-1,True,175,8550,0.6138440725992896,0.09776536312849161,1,1790,1,1,1,1
1714,0600_c0008_020.jpg,600,7,-1,True,175,8550,0.5188016346870674,0.0992063492063492,1,1764,1,1,1,1
