query_index,name,identity,camera,scene,valid,relevant_gallery,kept_gallery,AP,INP,first_match,last_match,Rank-1,Rank-5,Rank-10,Rank-20
0,0502_c0001_000.jpg,502,0,-1,True,175,8550,0.48591638170387585,0.20022883295194507,1,874,1,1,1,1
1,0502_c0001_005.jpg,502,0,-1,True,175,8550,0.47319124579712774,0.20161290322580644,1,868,1,1,1,1
2,0502_c0001_010.jpg,502,0,-1,True,175,8550,0.47843203881384544,0.2006880733944954,1,872,1,1,1,1
3,0502_c0001_015.jpg,502,0,-1,True,175,8550,0.47550668944678737,0.21084337349397592,1,830,1,1,1,1
4,0502_c0001_020.jpg,502,0,-1,True,175,8550,0.49345063155379737,0.22727272727272727,1,770,1,1,1,1
5,0502_c0002_000.jpg,502,1,-1,True,175,8550,0.6482372169883215,0.17517517517517517,1,999,1,1,1,1
6,0502_c0002_005.jpg,502,1,-1,True,175,8550,0.6645869831583341,0.18363064008394545,1,953,1,1,1,1
7,0502_c0002_010.jpg,502,1,-1,True,175,8550,0.6798328571492497,0.19509476031215162,1,897,1,1,1,1
8,0502_c0002_015.jpg,502,1,-1,True,175,8550,0.6792145296610379,0.20207852193995382,1,866,1,1,1,1
9,0502_c0002_020.jpg,502,1,-1,True,175,8550,0.7131887125710712,0.22697795071335927,1,771,1,1,1,1
10,0502_c0003_000.jpg,502,2,-1,True,175,8550,0.6993834442228516,0.2517985611510791,1,695,1,1,1,1
11,0502_c0003_005.jpg,502,2,-1,True,175,8550,0.6971020957540307,0.24717514124293785,1,708,1,1,1,1
12,0502_c0003_010.jpg,502,2,-1,True,175,8550,0.712352830271569,0.28044871794871795,1,624,1,1,1,1
13,0502_c0003_015.jpg,502,2,-1,True,175,8550,0.714480598048773,0.2700617283950617,1,648,1,1,1,1
14,0502_c0003_020.jpg,502,2,-1,True,175,8550,0.706762347813136,0.25,1,700,1,1,1,1
15,0502_c0004_000.jpg,502,3,-1,True,175,8550,0.7337648451602327,0.3181818181818182,1,550,1,1,1,1
16,0502_c0004_005.jpg,502,3,-1,True,175,8550,0.7310905845914292,0.30434782608695654,1,575,1,1,1,1
17,0502_c0004_010.jpg,502,3,-1,True,175,8550,0.7314717281654309,0.29914529914529914,1,585,1,1,1,1
18,0502_c0004_015.jpg,502,3,-1,True,175,8550,0.7434399976494225,0.32833020637898686,1,533,1,1,1,1
19,0502_c0004_020.jpg,502,3,-1,True,175,8550,0.7348337120496249,0.3064798598949212,1,571,1,1,1,1
20,0502_c0005_000.jpg,502,4,-1,True,175,8550,0.6598927681697988,0.28135048231511256,1,622,1,1,1,1
21,0502_c0005_005.jpg,502,4,-1,True,175,8550,0.6783848440529926,0.30918727915194344,1,566,1,1,1,1
22,0502_c0005_010.jpg,502,4,-1,True,175,8550,0.6571306141267087,0.28225806451612906,1,620,1,1,1,1
23,0502_c0005_015.jpg,502,4,-1,True,175,8550,0.673592793458993,0.29914529914529914,1,585,1,1,1,1
24,0502_c0005_020.jpg,502,4,-1,True,175,8550,0.7013167208242138,0.3252788104089219,1,538,1,1,1,1
25,0502_c0006_000.jpg,502,5,-1,True,175,8550,0.7383039154085067,0.40229885057471265,1,435,1,1,1,1
26,0502_c0006_005.jpg,502,5,-1,True,175,8550,0.7301243273337671,0.3630705394190871,1,482,1,1,1,1
27,0502_c0006_010.jpg,502,5,-1,True,175,8550,0.7225015420286384,0.33524904214559387,1,522,1,1,1,1
28,0502_c0006_015.jpg,502,5,-1,True,175,8550,0.7216384404465803,0.33783783783783783,1,518,1,1,1,1
29,0502_c0006_020.jpg,502,5,-1,True,175,8550,0.7305572331248574,0.36610878661087864,1,478,1,1,1,1
30,0502_c0007_000.jpg,502,6,-1,True,175,8550,0.8947937048718478,0.7777777777777778,1,225,1,1,1,1
31,0502_c0007_005.jpg,502,6,-1,True,175,8550,0.8982680608029352,0.7777777777777778,1,225,1,1,1,1
32,0502_c0007_010.jpg,502,6,-1,True,175,8550,0.9030115036199089,0.7777777777777778,1,225,1,1,1,1
33,0502_c0007_015.jpg,502,6,-1,True,175,8550,0.8970798287446009,0.7777777777777778,1,225,1,1,1,1
34,0502_c0007_020.jpg,502,6,-1,True,175,8550,0.8933067606367822,0.7641921397379913,1,229,1,1,1,1
35,0502_c0008_000.jpg,502,7,-1,True,175,8550,0.9988019467017557,0.9831460674157303,1,178,1,1,1,1
36,0502_c0008_005.jpg,502,7,-1,True,175,8550,0.9955057512461818,0.9358288770053476,1,187,1,1,1,1
37,0502_c0008_010.jpg,502,7,-1,True,175,8550,0.997599418141386,0.9562841530054644,1,183,1,1,1,1
38,0502_c0008_015.jpg,502,7,-1,True,175,8550,0.9998036848714943,0.9887005649717514,1,177,1,1,1,1
39,0502_c0008_020.jpg,502,7,-1,True,175,8550,0.9984224253601376,0.9722222222222222,1,180,1,1,1,1
40,0504_c0001_000.jpg,504,0,-1,True,150,8550,0.9618955243296936,0.8426966292134831,1,178,1,1,1,1
41,0504_c0001_005.jpg,504,0,-1,True,150,8550,0.965542040975763,0.847457627118644,1,177,1,1,1,1
42,0504_c0001_010.jpg,504,0,-1,True,150,8550,0.964488677751859,0.847457627118644,1,177,1,1,1,1
43,0504_c0001_015.jpg,504,0,-1,True,150,8550,0.9765923955917062,0.8522727272727273,1,176,1,1,1,1
44,0504_c0001_020.jpg,504,0,-1,True,150,8550,0.9686937513565306,0.8426966292134831,1,178,1,1,1,1
45,0504_c0002_000.jpg,504,1,-1,True,150,8550,0.8880819999019006,0.7575757575757576,1,198,1,1,1,1
46,0504_c0002_005.jpg,504,1,-1,True,150,8550,0.855941745121241,0.7177033492822966,1,209,1,1,1,1
47,0504_c0002_010.jpg,504,1,-1,True,150,8550,0.8420878299083212,0.6818181818181818,1,220,1,1,1,1
48,0504_c0002_015.jpg,504,1,-1,True,150,8550,0.8688009598566161,0.7246376811594203,1,207,1,1,1,1
49,0504_c0002_020.jpg,504,1,-1,True,150,8550,0.8653251516522782,0.7537688442211056,1,199,1,1,1,1
50,0504_c0003_000.jpg,504,2,-1,True,150,8550,1.0,1.0,1,150,1,1,1,1
51,0504_c0003_005.jpg,504,2,-1,True,150,8550,0.9980195245330133,0.974025974025974,1,154,1,1,1,1
52,0504_c0003_010.jpg,504,2,-1,True,150,8550,1.0,1.0,1,150,1,1,1,1
53,0504_c0003_015.jpg,504,2,-1,True,150,8550,1.0,1.0,1,150,1,1,1,1
54,0504_c0003_020.jpg,504,2,-1,True,150,8550,1.0,1.0,1,150,1,1,1,1
55,0504_c0005_000.jpg,504,4,-1,True,150,8550,1.0,1.0,1,150,1,1,1,1
56,0504_c0005_005.jpg,504,4,-1,True,150,8550,1.0,1.0,1,150,1,1,1,1
57,0504_c0005_010.jpg,504,4,-1,True,150,8550,1.0,1.0,1,150,1,1,1,1
58,0504_c0005_015.jpg,504,4,-1,True,150,8550,1.0,1.0,1,150,1,1,1,1
59,0504_c0005_020.jpg,504,4,-1,True,150,8550,1.0,1.0,1,150,1,1,1,1
60,0504_c0006_000.jpg,504,5,-1,True,150,8550,1.0,1.0,1,150,1,1,1,1
61,0504_c0006_005.jpg,504,5,-1,True,150,8550,1.0,1.0,1,150,1,1,1,1
62,0504_c0006_010.jpg,504,5,-1,True,150,8550,1.0,1.0,1,150,1,1,1,1
63,0504_c0006_015.jpg,504,5,-1,True,150,8550,1.0,1.0,1,150,1,1,1,1
64,0504_c0006_020.jpg,504,5,-1,True,150,8550,1.0,1.0,1,150,1,1,1,1
65,0504_c0007_000.jpg,504,6,-1,True,150,8550,0.9593905545398034,0.8571428571428571,1,175,1,1,1,1
66,0504_c0007_005.jpg,504,6,-1,True,150,8550,0.9723143805856655,0.8571428571428571,1,175,1,1,1,1
67,0504_c0007_010.jpg,504,6,-1,True,150,8550,0.972875905110397,0.8571428571428571,1,175,1,1,1,1
68,0504_c0007_015.jpg,504,6,-1,True,150,8550,0.9745858217868566,0.8571428571428571,1,175,1,1,1,1
69,0504_c0007_020.jpg,504,6,-1,True,150,8550,0.981255967201697,0.8571428571428571,1,175,1,1,1,1
70,0504_c0008_000.jpg,504,7,-1,True,150,8550,0.9632923763482961,0.8571428571428571,1,175,1,1,1,1
71,0504_c0008_005.jpg,504,7,-1,True,150,8550,0.9677074648255151,0.8571428571428571,1,175,1,1,1,1
72,0504_c0008_010.jpg,504,7,-1,True,150,8550,0.9658289971765404,0.8571428571428571,1,175,1,1,1,1
73,0504_c0008_015.jpg,504,7,-1,True,150,8550,0.974151160960937,0.8571428571428571,1,175,1,1,1,1
74,0504_c0008_020.jpg,504,7,-1,True,150,8550,0.9776956151346303,0.8571428571428571,1,175,1,1,1,1
75,0506_c0001_000.jpg,506,0,-1,True,175,8550,0.23306982315413516,0.18479408658922913,5,947,0,1,1,1
76,0506_c0001_005.jpg,506,0,-1,True,175,8550,0.21140939784095966,0.16355140186915887,15,1070,0,0,0,1
77,0506_c0001_010.jpg,506,0,-1,True,175,8550,0.22149014108418108,0.17587939698492464,5,995,0,1,1,1
78,0506_c0001_015.jpg,506,0,-1,True,175,8550,0.21686155581649916,0.15230635335073978,6,1149,0,0,1,1
79,0506_c0001_020.jpg,506,0,-1,True,175,8550,0.20532298776468247,0.1532399299474606,10,1142,0,0,1,1
80,0506_c0002_000.jpg,506,1,-1,True,175,8550,0.6935570406761844,0.05692908262849707,1,3074,1,1,1,1
81,0506_c0002_005.jpg,506,1,-1,True,175,8550,0.72095328404298,0.059002022926500336,1,2966,1,1,1,1
82,0506_c0002_010.jpg,506,1,-1,True,175,8550,0.6795091598965176,0.056378865979381444,1,3104,1,1,1,1
83,0506_c0002_015.jpg,506,1,-1,True,175,8550,0.6597926031173122,0.06234413965087282,1,2807,1,1,1,1
84,0506_c0002_020.jpg,506,1,-1,True,175,8550,0.673303083506976,0.05843071786310518,1,2995,1,1,1,1
85,0506_c0003_000.jpg,506,2,-1,True,175,8550,0.6986872787211916,0.1483050847457627,1,1180,1,1,1,1
86,0506_c0003_005.jpg,506,2,-1,True,175,8550,0.7042858667325829,0.14957264957264957,1,1170,1,1,1,1
87,0506_c0003_010.jpg,506,2,-1,True,175,8550,0.706258690202143,0.15459363957597172,1,1132,1,1,1,1
88,0506_c0003_015.jpg,506,2,-1,True,175,8550,0.7047679061791627,0.16010978956999086,1,1093,1,1,1,1
89,0506_c0003_020.jpg,506,2,-1,True,175,8550,0.70086339793822,0.15177797051170858,1,1153,1,1,1,1
90,0506_c0004_000.jpg,506,3,-1,True,175,8550,0.6780440558721017,0.1149047931713723,1,1523,1,1,1,1
91,0506_c0004_005.jpg,506,3,-1,True,175,8550,0.6823788597339059,0.11651131824234354,1,1502,1,1,1,1
92,0506_c0004_010.jpg,506,3,-1,True,175,8550,0.6810776808148807,0.1163563829787234,1,1504,1,1,1,1
93,0506_c0004_015.jpg,506,3,-1,True,175,8550,0.6911312807939963,0.11153601019757807,1,1569,1,1,1,1
94,0506_c0004_020.jpg,506,3,-1,True,175,8550,0.6853690114591302,0.11041009463722397,1,1585,1,1,1,1
95,0506_c0005_000.jpg,506,4,-1,True,175,8550,0.05290272194324693,0.039781768583769035,429,4399,0,0,0,0
96,0506_c0005_005.jpg,506,4,-1,True,175,8550,0.06489329946132777,0.043848659483838634,320,3991,0,0,0,0
97,0506_c0005_010.jpg,506,4,-1,True,175,8550,0.06183490762435202,0.04349987571464081,274,4023,0,0,0,0
98,0506_c0005_015.jpg,506,4,-1,True,175,8550,0.06845658095977693,0.04530157908361377,230,3863,0,0,0,0
99,0506_c0005_020.jpg,506,4,-1,True,175,8550,0.06639686386987002,0.042818693418155127,337,4087,0,0,0,0
100,0506_c0006_000.jpg,506,5,-1,True,175,8550,0.7583472482822716,0.13227513227513227,1,1323,1,1,1,1
101,0506_c0006_005.jpg,506,5,-1,True,175,8550,0.757665602874965,0.12867647058823528,1,1360,1,1,1,1
102,0506_c0006_010.jpg,506,5,-1,True,175,8550,0.7569320482411971,0.12972572275759822,1,1349,1,1,1,1
103,0506_c0006_015.jpg,506,5,-1,True,175,8550,0.7585411584053333,0.13318112633181126,1,1314,1,1,1,1
104,0506_c0006_020.jpg,506,5,-1,True,175,8550,0.7586961194163059,0.1300148588410104,1,1346,1,1,1,1
105,0506_c0007_000.jpg,506,6,-1,True,175,8550,0.786229714565007,0.12617159336697908,1,1387,1,1,1,1
106,0506_c0007_005.jpg,506,6,-1,True,175,8550,0.7867815389366414,0.15008576329331047,1,1166,1,1,1,1
107,0506_c0007_010.jpg,506,6,-1,True,175,8550,0.8037206882473221,0.14619883040935672,1,1197,1,1,1,1
108,0506_c0007_015.jpg,506,6,-1,True,175,8550,0.7904042343078084,0.14450867052023122,1,1211,1,1,1,1
109,0506_c0007_020.jpg,506,6,-1,True,175,8550,0.7950518507276355,0.11961722488038277,1,1463,1,1,1,1
110,0506_c0008_000.jpg,506,7,-1,True,175,8550,0.6383662919108586,0.10789149198520345,1,1622,1,1,1,1
111,0506_c0008_005.jpg,506,7,-1,True,175,8550,0.6333095198005875,0.10180337405468295,1,1719,1,1,1,1
112,0506_c0008_010.jpg,506,7,-1,True,175,8550,0.6550087033861828,0.10809141445336627,1,1619,1,1,1,1
113,0506_c0008_015.jpg,506,7,-1,True,175,8550,0.6350539259103173,0.11290322580645161,1,1550,1,1,1,1
114,0506_c0008_020.jpg,506,7,-1,True,175,8550,0.6300737677934064,0.10227936879018118,1,1711,1,1,1,1
115,0508_c0001_000.jpg,508,0,-1,True,175,8550,0.6766170325333934,0.343811394891945,1,509,1,1,1,1
116,0508_c0001_005.jpg,508,0,-1,True,175,8550,0.6690936724265056,0.32894736842105265,1,532,1,1,1,1
117,0508_c0001_010.jpg,508,0,-1,True,175,8550,0.6469751655712919,0.3771551724137931,1,464,1,1,1,1
118,0508_c0001_015.jpg,508,0,-1,True,175,8550,0.5594341880009948,0.2887788778877888,1,606,1,1,1,1
119,0508_c0001_020.jpg,508,0,-1,True,175,8550,0.5097237691969674,0.33524904214559387,1,522,1,1,1,1
120,0508_c0002_000.jpg,508,1,-1,True,175,8550,0.8790290738841348,0.5775577557755776,1,303,1,1,1,1
121,0508_c0002_005.jpg,508,1,-1,True,175,8550,0.8126087083671926,0.5718954248366013,1,306,1,1,1,1
122,0508_c0002_010.jpg,508,1,-1,True,175,8550,0.9321305748511411,0.6340579710144928,1,276,1,1,1,1
123,0508_c0002_015.jpg,508,1,-1,True,175,8550,0.9290136883634889,0.6013745704467354,1,291,1,1,1,1
124,0508_c0002_020.jpg,508,1,-1,True,175,8550,0.772094176619479,0.5833333333333334,1,300,1,1,1,1
125,0508_c0003_000.jpg,508,2,-1,True,175,8550,0.5405860739419563,0.20833333333333334,1,840,1,1,1,1
126,0508_c0003_005.jpg,508,2,-1,True,175,8550,0.6957588635434908,0.24441340782122906,1,716,1,1,1,1
127,0508_c0003_010.jpg,508,2,-1,True,175,8550,0.6531762830103084,0.23333333333333334,1,750,1,1,1,1
128,0508_c0003_015.jpg,508,2,-1,True,175,8550,0.6007989042627913,0.21084337349397592,1,830,1,1,1,1
129,0508_c0003_020.jpg,508,2,-1,True,175,8550,0.6217108800654049,0.22349936143039592,1,783,1,1,1,1
130,0508_c0004_000.jpg,508,3,-1,True,175,8550,0.8531429805314518,0.35496957403651114,1,493,1,1,1,1
131,0508_c0004_005.jpg,508,3,-1,True,175,8550,0.8645345100529725,0.3431372549019608,1,510,1,1,1,1
132,0508_c0004_010.jpg,508,3,-1,True,175,8550,0.8731014132886568,0.31876138433515483,1,549,1,1,1,1
133,0508_c0004_015.jpg,508,3,-1,True,175,8550,0.7144093800727583,0.2961082910321489,1,591,1,1,1,1
134,0508_c0004_020.jpg,508,3,-1,True,175,8550,0.7274419714166749,0.31194295900178254,1,561,1,1,1,1
135,0508_c0005_000.jpg,508,4,-1,True,175,8550,0.8760495027526086,0.49295774647887325,1,355,1,1,1,1
136,0508_c0005_005.jpg,508,4,-1,True,175,8550,0.8875458602340554,0.49295774647887325,1,355,1,1,1,1
137,0508_c0005_010.jpg,508,4,-1,True,175,8550,0.8903695735610626,0.5102040816326531,1,343,1,1,1,1
138,0508_c0005_015.jpg,508,4,-1,True,175,8550,0.9026125199387556,0.5177514792899408,1,338,1,1,1,1
139,0508_c0005_020.jpg,508,4,-1,True,175,8550,0.8810296739494873,0.5043227665706052,1,347,1,1,1,1
140,0508_c0006_000.jpg,508,5,-1,True,175,8550,0.584122222712742,0.43640897755610975,1,401,1,1,1,1
141,0508_c0006_005.jpg,508,5,-1,True,175,8550,0.5617089614210435,0.3211009174311927,1,545,1,1,1,1
142,0508_c0006_010.jpg,508,5,-1,True,175,8550,0.5748246771449382,0.3923766816143498,1,446,1,1,1,1
143,0508_c0006_015.jpg,508,5,-1,True,175,8550,0.5659937771223641,0.38377192982456143,1,456,1,1,1,1
144,0508_c0006_020.jpg,508,5,-1,True,175,8550,0.5660007688613053,0.37553648068669526,1,466,1,1,1,1
145,0508_c0007_000.jpg,508,6,-1,True,175,8550,0.5663801398731176,0.16891891891891891,1,1036,1,1,1,1
146,0508_c0007_005.jpg,508,6,-1,True,175,8550,0.5449455660736947,0.15569395017793594,1,1124,1,1,1,1
147,0508_c0007_010.jpg,508,6,-1,True,175,8550,0.5738328179742462,0.1898047722342733,1,922,1,1,1,1
148,0508_c0007_015.jpg,508,6,-1,True,175,8550,0.563439586393681,0.1783893985728848,1,981,1,1,1,1
149,0508_c0007_020.jpg,508,6,-1,True,175,8550,0.5548041918323783,0.16462841015992474,1,1063,1,1,1,1
150,0508_c0008_000.jpg,508,7,-1,True,175,8550,0.8015956913660062,0.2581120943952802,1,678,1,1,1,1
151,0508_c0008_005.jpg,508,7,-1,True,175,8550,0.7722899628868457,0.2704791344667697,1,647,1,1,1,1
152,0508_c0008_010.jpg,508,7,-1,True,175,8550,0.7192816755609741,0.230566534914361,1,759,1,1,1,1
153,0508_c0008_015.jpg,508,7,-1,True,175,8550,0.7458436720635843,0.23744911804613297,1,737,1,1,1,1
154,0508_c0008_020.jpg,508,7,-1,True,175,8550,0.7486265393858891,0.25,1,700,1,1,1,1
155,0510_c0001_000.jpg,510,0,-1,True,175,8550,0.5747346015662035,0.027152831652443754,1,6445,1,1,1,1
156,0510_c0001_005.jpg,510,0,-1,True,175,8550,0.5878110417509598,0.02676659528907923,1,6538,1,1,1,1
157,0510_c0001_010.jpg,510,0,-1,True,175,8550,0.553865839268555,0.025788387857353375,1,6786,1,1,1,1
158,0510_c0001_015.jpg,510,0,-1,True,175,8550,0.5522892281308308,0.025436046511627907,1,6880,1,1,1,1
159,0510_c0001_020.jpg,510,0,-1,True,175,8550,0.4956314324961755,0.024759479343520092,1,7068,1,1,1,1
160,0510_c0002_000.jpg,510,1,-1,True,175,8550,0.016618713256634353,0.021145480908651523,1395,8276,0,0,0,0
161,0510_c0002_005.jpg,510,1,-1,True,175,8550,0.0163777758743531,0.021031126066578535,1467,8321,0,0,0,0
162,0510_c0002_010.jpg,510,1,-1,True,175,8550,0.018237595922745823,0.021717547778605115,901,8058,0,0,0,0
163,0510_c0002_015.jpg,510,1,-1,True,175,8550,0.01846034183185974,0.02195183140993477,1158,7972,0,0,0,0
164,0510_c0002_020.jpg,510,1,-1,True,175,8550,0.017838636951382256,0.021325859127467706,1261,8206,0,0,0,0
165,0510_c0003_000.jpg,510,2,-1,True,175,8550,0.20057811925861918,0.0800182898948331,1,2187,1,1,1,1
166,0510_c0003_005.jpg,510,2,-1,True,175,8550,0.22631890066303267,0.07655293088363954,1,2286,1,1,1,1
167,0510_c0003_010.jpg,510,2,-1,True,175,8550,0.21139806223864646,0.06817296455005843,1,2567,1,1,1,1
168,0510_c0003_015.jpg,510,2,-1,True,175,8550,0.13922371668994374,0.059081701553004726,1,2962,1,1,1,1
169,0510_c0003_020.jpg,510,2,-1,True,175,8550,0.12705914877398364,0.058004640371229696,1,3017,1,1,1,1
170,0510_c0004_000.jpg,510,3,-1,True,175,8550,0.642940842659859,0.03920250896057348,1,4464,1,1,1,1
171,0510_c0004_005.jpg,510,3,-1,True,175,8550,0.5890586402007911,0.038201266099105,1,4581,1,1,1,1
172,0510_c0004_010.jpg,510,3,-1,True,175,8550,0.5407865462248967,0.03823465151846187,1,4577,1,1,1,1
173,0510_c0004_015.jpg,510,3,-1,True,175,8550,0.5743259841806353,0.038093164997823246,1,4594,1,1,1,1
174,0510_c0004_020.jpg,510,3,-1,True,175,8550,0.5491884541238929,0.037241966375824644,1,4699,1,1,1,1
175,0510_c0005_000.jpg,510,4,-1,True,175,8550,0.7896622955237467,0.06440927493559072,1,2717,1,1,1,1
176,0510_c0005_005.jpg,510,4,-1,True,175,8550,0.7579844913620816,0.05264741275571601,1,3324,1,1,1,1
177,0510_c0005_010.jpg,510,4,-1,True,175,8550,0.7670490851957964,0.050143266475644696,1,3490,1,1,1,1
178,0510_c0005_015.jpg,510,4,-1,True,175,8550,0.7469885812578595,0.04970178926441352,1,3521,1,1,1,1
179,0510_c0005_020.jpg,510,4,-1,True,175,8550,0.7407128618977198,0.04674145299145299,1,3744,1,1,1,1
180,0510_c0006_000.jpg,510,5,-1,True,175,8550,0.39593742659254993,0.05743354118805382,1,3047,1,1,1,1
181,0510_c0006_005.jpg,510,5,-1,True,175,8550,0.28309555810411696,0.05868544600938967,1,2982,1,1,1,1
182,0510_c0006_010.jpg,510,5,-1,True,175,8550,0.4091107122637017,0.0554675118858954,1,3155,1,1,1,1
183,0510_c0006_015.jpg,510,5,-1,True,175,8550,0.4266662993212814,0.06697282816685801,1,2613,1,1,1,1
184,0510_c0006_020.jpg,510,5,-1,True,175,8550,0.439233647210391,0.06118881118881119,1,2860,1,1,1,1
185,0510_c0007_000.jpg,510,6,-1,True,175,8550,0.1161471967053205,0.0977107761027359,109,1791,0,0,0,0
186,0510_c0007_005.jpg,510,6,-1,True,175,8550,0.1246132334736987,0.08393285371702638,90,2085,0,0,0,0
187,0510_c0007_010.jpg,510,6,-1,True,175,8550,0.16160468025920774,0.06633813495072025,79,2638,0,0,0,0
188,0510_c0007_015.jpg,510,6,-1,True,175,8550,0.1676951857340792,0.07163323782234957,70,2443,0,0,0,0
189,0510_c0007_020.jpg,510,6,-1,True,175,8550,0.17825806093455387,0.07312996239030506,58,2393,0,0,0,0
190,0510_c0008_000.jpg,510,7,-1,True,175,8550,0.5593410242776733,0.02955082742316785,1,5922,1,1,1,1
191,0510_c0008_005.jpg,510,7,-1,True,175,8550,0.5724179212864839,0.03080443583876078,1,5681,1,1,1,1
192,0510_c0008_010.jpg,510,7,-1,True,175,8550,0.5655872531514666,0.029706331692412154,1,5891,1,1,1,1
193,0510_c0008_015.jpg,510,7,-1,True,175,8550,0.5964935093883152,0.03156565656565657,1,5544,1,1,1,1
194,0510_c0008_020.jpg,510,7,-1,True,175,8550,0.5982925313047799,0.030869641912153818,1,5669,1,1,1,1
195,0512_c0001_000.jpg,512,0,-1,True,75,8550,1.0,1.0,1,75,1,1,1,1
196,0512_c0001_005.jpg,512,0,-1,True,75,8550,1.0,1.0,1,75,1,1,1,1
197,0512_c0001_010.jpg,512,0,-1,True,75,8550,1.0,1.0,1,75,1,1,1,1
198,0512_c0001_015.jpg,512,0,-1,True,75,8550,1.0,1.0,1,75,1,1,1,1
199,0512_c0001_020.jpg,512,0,-1,True,75,8550,1.0,1.0,1,75,1,1,1,1
200,0512_c0003_000.jpg,512,2,-1,True,75,8550,1.0,1.0,1,75,1,1,1,1
201,0512_c0003_005.jpg,512,2,-1,True,75,8550,1.0,1.0,1,75,1,1,1,1
202,0512_c0003_010.jpg,512,2,-1,True,75,8550,1.0,1.0,1,75,1,1,1,1
203,0512_c0003_015.jpg,512,2,-1,True,75,8550,1.0,1.0,1,75,1,1,1,1
204,0512_c0003_020.jpg,512,2,-1,True,75,8550,1.0,1.0,1,75,1,1,1,1
205,0512_c0005_000.jpg,512,4,-1,True,75,8550,1.0,1.0,1,75,1,1,1,1
206,0512_c0005_005.jpg,512,4,-1,True,75,8550,1.0,1.0,1,75,1,1,1,1
207,0512_c0005_010.jpg,512,4,-1,True,75,8550,1.0,1.0,1,75,1,1,1,1
208,0512_c0005_015.jpg,512,4,-1,True,75,8550,1.0,1.0,1,75,1,1,1,1
209,0512_c0005_020.jpg,512,4,-1,True,75,8550,1.0,1.0,1,75,1,1,1,1
210,0512_c0006_000.jpg,512,5,-1,True,75,8550,0.803249257098786,0.49019607843137253,1,153,1,1,1,1
211,0512_c0006_005.jpg,512,5,-1,True,75,8550,0.8460487961750499,0.539568345323741,1,139,1,1,1,1
212,0512_c0006_010.jpg,512,5,-1,True,75,8550,0.9560706558345494,0.6637168141592921,1,113,1,1,1,1
213,0512_c0006_015.jpg,512,5,-1,True,75,8550,0.9523269826384503,0.6880733944954128,1,109,1,1,1,1
214,0512_c0006_020.jpg,512,5,-1,True,75,8550,0.9449465925358919,0.7211538461538461,1,104,1,1,1,1
215,0514_c0001_000.jpg,514,0,-1,True,175,8550,0.37320321921386185,0.3017241379310345,43,580,0,0,0,0
216,0514_c0001_005.jpg,514,0,-1,True,175,8550,0.41715017775444485,0.33849129593810445,35,517,0,0,0,0
217,0514_c0001_010.jpg,514,0,-1,True,175,8550,0.5001459507690973,0.38802660753880264,15,451,0,0,0,1
218,0514_c0001_015.jpg,514,0,-1,True,175,8550,0.4309005546237995,0.360082304526749,18,486,0,0,0,1
219,0514_c0001_020.jpg,514,0,-1,True,175,8550,0.38361423470248884,0.3472222222222222,32,504,0,0,0,0
220,0514_c0002_000.jpg,514,1,-1,True,175,8550,0.5138446522983983,0.14944491887275832,1,1171,1,1,1,1
221,0514_c0002_005.jpg,514,1,-1,True,175,8550,0.5706780818366487,0.2514367816091954,1,696,1,1,1,1
222,0514_c0002_010.jpg,514,1,-1,True,175,8550,0.6100541982916281,0.23972602739726026,1,730,1,1,1,1
223,0514_c0002_015.jpg,514,1,-1,True,175,8550,0.6205005907375033,0.2696456086286595,1,649,1,1,1,1
224,0514_c0002_020.jpg,514,1,-1,True,175,8550,0.655654727891834,0.23521505376344087,1,744,1,1,1,1
225,0514_c0003_000.jpg,514,2,-1,True,175,8550,0.7435643612394197,0.501432664756447,1,349,1,1,1,1
226,0514_c0003_005.jpg,514,2,-1,True,175,8550,0.7196973329723017,0.4820936639118457,1,363,1,1,1,1
227,0514_c0003_010.jpg,514,2,-1,True,175,8550,0.7044640072820111,0.44642857142857145,1,392,1,1,1,1
228,0514_c0003_015.jpg,514,2,-1,True,175,8550,0.7400160623903053,0.4666666666666667,1,375,1,1,1,1
229,0514_c0003_020.jpg,514,2,-1,True,175,8550,0.7791500445611843,0.5737704918032787,1,305,1,1,1,1
230,0514_c0004_000.jpg,514,3,-1,True,175,8550,0.8770160116156945,0.5520504731861199,1,317,1,1,1,1
231,0514_c0004_005.jpg,514,3,-1,True,175,8550,0.8377218865703316,0.5555555555555556,1,315,1,1,1,1
232,0514_c0004_010.jpg,514,3,-1,True,175,8550,0.808350770366373,0.47554347826086957,1,368,1,1,1,1
233,0514_c0004_015.jpg,514,3,-1,True,175,8550,0.768811016142271,0.5271084337349398,1,332,1,1,1,1
234,0514_c0004_020.jpg,514,3,-1,True,175,8550,0.8206948261870022,0.5335365853658537,1,328,1,1,1,1
235,0514_c0005_000.jpg,514,4,-1,True,175,8550,0.8374937536859789,0.4206730769230769,1,416,1,1,1,1
236,0514_c0005_005.jpg,514,4,-1,True,175,8550,0.8150958136719276,0.39503386004514673,1,443,1,1,1,1
237,0514_c0005_010.jpg,514,4,-1,True,175,8550,0.7713588174938961,0.36231884057971014,1,483,1,1,1,1
238,0514_c0005_015.jpg,514,4,-1,True,175,8550,0.7985069371783264,0.352112676056338,1,497,1,1,1,1
239,0514_c0005_020.jpg,514,4,-1,True,175,8550,0.815655840879475,0.3897550111358575,1,449,1,1,1,1
240,0514_c0006_000.jpg,514,5,-1,True,175,8550,0.6982531465961487,0.30809859154929575,1,568,1,1,1,1
241,0514_c0006_005.jpg,514,5,-1,True,175,8550,0.6110854771044164,0.2327127659574468,1,752,1,1,1,1
242,0514_c0006_010.jpg,514,5,-1,True,175,8550,0.7225493174983325,0.2708978328173375,1,646,1,1,1,1
243,0514_c0006_015.jpg,514,5,-1,True,175,8550,0.6028674309955695,0.22551546391752578,1,776,1,1,1,1
244,0514_c0006_020.jpg,514,5,-1,True,175,8550,0.5458539628060243,0.17378351539225423,1,1007,1,1,1,1
245,0514_c0007_000.jpg,514,6,-1,True,175,8550,0.6360411566479593,0.3113879003558719,1,562,1,1,1,1
246,0514_c0007_005.jpg,514,6,-1,True,175,8550,0.6326771192459751,0.25735294117647056,1,680,1,1,1,1
247,0514_c0007_010.jpg,514,6,-1,True,175,8550,0.6421804598714224,0.26395173453996984,1,663,1,1,1,1
248,0514_c0007_015.jpg,514,6,-1,True,175,8550,0.6117157708882994,0.25925925925925924,1,675,1,1,1,1
249,0514_c0007_020.jpg,514,6,-1,True,175,8550,0.6382299548609248,0.24171270718232044,1,724,1,1,1,1
250,0514_c0008_000.jpg,514,7,-1,True,175,8550,0.5087793066295071,0.1720747295968535,9,1017,0,0,1,1
251,0514_c0008_005.jpg,514,7,-1,True,175,8550,0.5181340527225418,0.17985611510791366,7,973,0,0,1,1
252,0514_c0008_010.jpg,514,7,-1,True,175,8550,0.44731765083567643,0.17258382642998027,17,1014,0,0,0,1
253,0514_c0008_015.jpg,514,7,-1,True,175,8550,0.4471468703884937,0.16698473282442747,9,1048,0,0,1,1
254,0514_c0008_020.jpg,514,7,-1,True,175,8550,0.4365210846153827,0.13977635782747605,15,1252,0,0,0,1
255,0516_c0001_000.jpg,516,0,-1,True,75,8550,1.0,1.0,1,75,1,1,1,1
256,0516_c0001_005.jpg,516,0,-1,True,75,8550,0.9940658416716021,0.9375,1,80,1,1,1,1
257,0516_c0001_010.jpg,516,0,-1,True,75,8550,0.9989109764313091,0.9868421052631579,1,76,1,1,1,1
258,0516_c0001_015.jpg,516,0,-1,True,75,8550,1.0,1.0,1,75,1,1,1,1
259,0516_c0001_020.jpg,516,0,-1,True,75,8550,0.994548470856763,0.9493670886075949,1,79,1,1,1,1
260,0516_c0003_000.jpg,516,2,-1,True,75,8550,1.0,1.0,1,75,1,1,1,1
261,0516_c0003_005.jpg,516,2,-1,True,75,8550,1.0,1.0,1,75,1,1,1,1
262,0516_c0003_010.jpg,516,2,-1,True,75,8550,0.9975427530412393,0.9615384615384616,1,78,1,1,1,1
263,0516_c0003_015.jpg,516,2,-1,True,75,8550,0.978244995729937,0.872093023255814,1,86,1,1,1,1
264,0516_c0003_020.jpg,516,2,-1,True,75,8550,0.9962949869428294,0.9493670886075949,1,79,1,1,1,1
265,0516_c0005_000.jpg,516,4,-1,True,75,8550,1.0,1.0,1,75,1,1,1,1
266,0516_c0005_005.jpg,516,4,-1,True,75,8550,1.0,1.0,1,75,1,1,1,1
267,0516_c0005_010.jpg,516,4,-1,True,75,8550,1.0,1.0,1,75,1,1,1,1
268,0516_c0005_015.jpg,516,4,-1,True,75,8550,1.0,1.0,1,75,1,1,1,1
269,0516_c0005_020.jpg,516,4,-1,True,75,8550,1.0,1.0,1,75,1,1,1,1
270,0516_c0006_000.jpg,516,5,-1,True,75,8550,1.0,1.0,1,75,1,1,1,1
271,0516_c0006_005.jpg,516,5,-1,True,75,8550,0.9953634571854864,0.974025974025974,1,77,1,1,1,1
272,0516_c0006_010.jpg,516,5,-1,True,75,8550,1.0,1.0,1,75,1,1,1,1
273,0516_c0006_015.jpg,516,5,-1,True,75,8550,1.0,1.0,1,75,1,1,1,1
274,0516_c0006_020.jpg,516,5,-1,True,75,8550,1.0,1.0,1,75,1,1,1,1
275,0518_c0001_000.jpg,518,0,-1,True,100,8550,0.5462111910916245,0.33222591362126247,1,301,1,1,1,1
276,0518_c0001_005.jpg,518,0,-1,True,100,8550,0.5142581357535693,0.3861003861003861,12,259,0,0,0,1
277,0518_c0001_010.jpg,518,0,-1,True,100,8550,0.5440009481901421,0.3831417624521073,15,261,0,0,0,1
278,0518_c0001_015.jpg,518,0,-1,True,100,8550,0.5838296016834658,0.5555555555555556,18,180,0,0,0,1
279,0518_c0001_020.jpg,518,0,-1,True,100,8550,0.6091817431190368,0.5617977528089888,1,178,1,1,1,1
280,0518_c0002_000.jpg,518,1,-1,True,100,8550,0.7952478631474489,0.4672897196261682,1,214,1,1,1,1
281,0518_c0002_005.jpg,518,1,-1,True,100,8550,0.8199070752749568,0.5181347150259067,1,193,1,1,1,1
282,0518_c0002_010.jpg,518,1,-1,True,100,8550,0.8658395777286693,0.6578947368421053,1,152,1,1,1,1
283,0518_c0002_015.jpg,518,1,-1,True,100,8550,0.8242792662630943,0.4608294930875576,1,217,1,1,1,1
284,0518_c0002_020.jpg,518,1,-1,True,100,8550,0.8565799645572557,0.6211180124223602,1,161,1,1,1,1
285,0518_c0003_000.jpg,518,2,-1,True,100,8550,0.9601122527479522,0.4694835680751174,1,213,1,1,1,1
286,0518_c0003_005.jpg,518,2,-1,True,100,8550,0.9620836545918636,0.4830917874396135,1,207,1,1,1,1
287,0518_c0003_010.jpg,518,2,-1,True,100,8550,0.9717722990540035,0.5208333333333334,1,192,1,1,1,1
288,0518_c0003_015.jpg,518,2,-1,True,100,8550,0.9710923537047224,0.5181347150259067,1,193,1,1,1,1
289,0518_c0003_020.jpg,518,2,-1,True,100,8550,0.9742117947792679,0.5263157894736842,1,190,1,1,1,1
290,0518_c0005_000.jpg,518,4,-1,True,100,8550,0.8396727905996139,0.5347593582887701,1,187,1,1,1,1
291,0518_c0005_005.jpg,518,4,-1,True,100,8550,0.8286803020861457,0.5617977528089888,1,178,1,1,1,1
292,0518_c0005_010.jpg,518,4,-1,True,100,8550,0.8188817128191254,0.49504950495049505,1,202,1,1,1,1
293,0518_c0005_015.jpg,518,4,-1,True,100,8550,0.8179199193117235,0.5,1,200,1,1,1,1
294,0518_c0005_020.jpg,518,4,-1,True,100,8550,0.8421134882379652,0.6060606060606061,1,165,1,1,1,1
295,0518_c0006_000.jpg,518,5,-1,True,100,8550,0.8873504706375829,0.34843205574912894,1,287,1,1,1,1
296,0518_c0006_005.jpg,518,5,-1,True,100,8550,0.9142395316000161,0.45454545454545453,1,220,1,1,1,1
297,0518_c0006_010.jpg,518,5,-1,True,100,8550,0.8904040302599199,0.35842293906810035,1,279,1,1,1,1
298,0518_c0006_015.jpg,518,5,-1,True,100,8550,0.9365377688468101,0.5649717514124294,1,177,1,1,1,1
299,0518_c0006_020.jpg,518,5,-1,True,100,8550,0.9356552927497093,0.6578947368421053,1,152,1,1,1,1
300,0520_c0001_000.jpg,520,0,-1,True,150,8550,0.767735806150672,0.30120481927710846,1,498,1,1,1,1
301,0520_c0001_005.jpg,520,0,-1,True,150,8550,0.836568693848615,0.3694581280788177,1,406,1,1,1,1
302,0520_c0001_010.jpg,520,0,-1,True,150,8550,0.791917809068885,0.3171247357293869,1,473,1,1,1,1
303,0520_c0001_015.jpg,520,0,-1,True,150,8550,0.7801187138987783,0.3048780487804878,1,492,1,1,1,1
304,0520_c0001_020.jpg,520,0,-1,True,150,8550,0.7779858810257039,0.29880478087649404,1,502,1,1,1,1
305,0520_c0002_000.jpg,520,1,-1,True,150,8550,0.8310658460538823,0.17921146953405018,1,837,1,1,1,1
306,0520_c0002_005.jpg,520,1,-1,True,150,8550,0.8270143997559843,0.17878426698450536,1,839,1,1,1,1
307,0520_c0002_010.jpg,520,1,-1,True,150,8550,0.8309873135466365,0.2145922746781116,1,699,1,1,1,1
308,0520_c0002_015.jpg,520,1,-1,True,150,8550,0.8450953251031353,0.19710906701708278,1,761,1,1,1,1
309,0520_c0002_020.jpg,520,1,-1,True,150,8550,0.8233928116806943,0.18292682926829268,1,820,1,1,1,1
310,0520_c0004_000.jpg,520,3,-1,True,150,8550,1.0,1.0,1,150,1,1,1,1
311,0520_c0004_005.jpg,520,3,-1,True,150,8550,1.0,1.0,1,150,1,1,1,1
312,0520_c0004_010.jpg,520,3,-1,True,150,8550,1.0,1.0,1,150,1,1,1,1
313,0520_c0004_015.jpg,520,3,-1,True,150,8550,1.0,1.0,1,150,1,1,1,1
314,0520_c0004_020.jpg,520,3,-1,True,150,8550,1.0,1.0,1,150,1,1,1,1
315,0520_c0005_000.jpg,520,4,-1,True,150,8550,0.900192587001185,0.6276150627615062,1,239,1,1,1,1
316,0520_c0005_005.jpg,520,4,-1,True,150,8550,0.9986864830219964,0.974025974025974,1,154,1,1,1,1
317,0520_c0005_010.jpg,520,4,-1,True,150,8550,0.9401134004927101,0.6912442396313364,1,217,1,1,1,1
318,0520_c0005_015.jpg,520,4,-1,True,150,8550,0.9966367305213794,0.9493670886075949,1,158,1,1,1,1
319,0520_c0005_020.jpg,520,4,-1,True,150,8550,0.9283085787924267,0.6521739130434783,1,230,1,1,1,1
320,0520_c0006_000.jpg,520,5,-1,True,150,8550,0.8521046290458867,0.38860103626943004,1,386,1,1,1,1
321,0520_c0006_005.jpg,520,5,-1,True,150,8550,0.8157529410828995,0.34965034965034963,1,429,1,1,1,1
322,0520_c0006_010.jpg,520,5,-1,True,150,8550,0.8145183739144254,0.31446540880503143,1,477,1,1,1,1
323,0520_c0006_015.jpg,520,5,-1,True,150,8550,0.7890339078998434,0.28846153846153844,1,520,1,1,1,1
324,0520_c0006_020.jpg,520,5,-1,True,150,8550,0.8261154281752906,0.30991735537190085,1,484,1,1,1,1
325,0520_c0007_000.jpg,520,6,-1,True,150,8550,0.9214360132886369,0.5928853754940712,1,253,1,1,1,1
326,0520_c0007_005.jpg,520,6,-1,True,150,8550,0.951191546078934,0.6,1,250,1,1,1,1
327,0520_c0007_010.jpg,520,6,-1,True,150,8550,0.9880315865096385,0.6276150627615062,1,239,1,1,1,1
328,0520_c0007_015.jpg,520,6,-1,True,150,8550,0.9898494756803965,0.6024096385542169,1,249,1,1,1,1
329,0520_c0007_020.jpg,520,6,-1,True,150,8550,0.99058191364518,0.6147540983606558,1,244,1,1,1,1
330,0520_c0008_000.jpg,520,7,-1,True,150,8550,0.9997809808250012,0.9803921568627451,1,153,1,1,1,1
331,0520_c0008_005.jpg,520,7,-1,True,150,8550,1.0,1.0,1,150,1,1,1,1
332,0520_c0008_010.jpg,520,7,-1,True,150,8550,0.9991037843700714,0.9803921568627451,1,153,1,1,1,1
333,0520_c0008_015.jpg,520,7,-1,True,150,8550,0.9987915049152722,0.9433962264150944,1,159,1,1,1,1
334,0520_c0008_020.jpg,520,7,-1,True,150,8550,0.9990432227906009,0.9493670886075949,1,158,1,1,1,1
335,0522_c0001_000.jpg,522,0,-1,True,150,8550,0.6388314168917235,0.1362397820163488,1,1101,1,1,1,1
336,0522_c0001_005.jpg,522,0,-1,True,150,8550,0.5957796850703038,0.08178844056706652,1,1834,1,1,1,1
337,0522_c0001_010.jpg,522,0,-1,True,150,8550,0.6273092746432379,0.10273972602739725,1,1460,1,1,1,1
338,0522_c0001_015.jpg,522,0,-1,True,150,8550,0.7085475645328846,0.1889168765743073,1,794,1,1,1,1
339,0522_c0001_020.jpg,522,0,-1,True,150,8550,0.6173209474852085,0.08782201405152225,1,1708,1,1,1,1
340,0522_c0002_000.jpg,522,1,-1,True,150,8550,0.2990801744524334,0.08314855875831485,1,1804,1,1,1,1
341,0522_c0002_005.jpg,522,1,-1,True,150,8550,0.1908678421690144,0.0757193336698637,2,1981,0,1,1,1
342,0522_c0002_010.jpg,522,1,-1,True,150,8550,0.24213006593835984,0.08547008547008547,2,1755,0,1,1,1
343,0522_c0002_015.jpg,522,1,-1,True,150,8550,0.3129670524475367,0.10775862068965517,1,1392,1,1,1,1
344,0522_c0002_020.jpg,522,1,-1,True,150,8550,0.2803334481628931,0.11194029850746269,1,1340,1,1,1,1
345,0522_c0004_000.jpg,522,3,-1,True,150,8550,0.8230149891820924,0.21306818181818182,1,704,1,1,1,1
346,0522_c0004_005.jpg,522,3,-1,True,150,8550,0.7606027808246292,0.1372369624885636,1,1093,1,1,1,1
347,0522_c0004_010.jpg,522,3,-1,True,150,8550,0.8001694763224839,0.1889168765743073,1,794,1,1,1,1
348,0522_c0004_015.jpg,522,3,-1,True,150,8550,0.8116350044350296,0.1884422110552764,1,796,1,1,1,1
349,0522_c0004_020.jpg,522,3,-1,True,150,8550,0.8109708556243156,0.18963337547408343,1,791,1,1,1,1
350,0522_c0005_000.jpg,522,4,-1,True,150,8550,0.8908172549107023,0.23219814241486067,1,646,1,1,1,1
351,0522_c0005_005.jpg,522,4,-1,True,150,8550,0.8778358312799464,0.19430051813471502,1,772,1,1,1,1
352,0522_c0005_010.jpg,522,4,-1,True,150,8550,0.8655834079457521,0.19329896907216496,1,776,1,1,1,1
353,0522_c0005_015.jpg,522,4,-1,True,150,8550,0.8811567150508762,0.20920502092050208,1,717,1,1,1,1
354,0522_c0005_020.jpg,522,4,-1,True,150,8550,0.8741921865885242,0.19083969465648856,1,786,1,1,1,1
355,0522_c0006_000.jpg,522,5,-1,True,150,8550,0.7410551299609055,0.25817555938037867,1,581,1,1,1,1
356,0522_c0006_005.jpg,522,5,-1,True,150,8550,0.69543667656723,0.18337408312958436,1,818,1,1,1,1
357,0522_c0006_010.jpg,522,5,-1,True,150,8550,0.5990703121254541,0.14071294559099437,1,1066,1,1,1,1
358,0522_c0006_015.jpg,522,5,-1,True,150,8550,0.397111760165582,0.13404825737265416,1,1119,1,1,1,1
359,0522_c0006_020.jpg,522,5,-1,True,150,8550,0.5504663273611541,0.12931034482758622,1,1160,1,1,1,1
360,0522_c0007_000.jpg,522,6,-1,True,150,8550,0.9998692810457518,0.9803921568627451,1,153,1,1,1,1
361,0522_c0007_005.jpg,522,6,-1,True,150,8550,1.0,1.0,1,150,1,1,1,1
362,0522_c0007_010.jpg,522,6,-1,True,150,8550,0.9999558498896247,0.9933774834437086,1,151,1,1,1,1
363,0522_c0007_015.jpg,522,6,-1,True,150,8550,0.9993571081520448,0.9493670886075949,1,158,1,1,1,1
364,0522_c0007_020.jpg,522,6,-1,True,150,8550,0.9983943545105279,0.8928571428571429,1,168,1,1,1,1
365,0522_c0008_000.jpg,522,7,-1,True,150,8550,0.7501580762066986,0.10344827586206896,1,1450,1,1,1,1
366,0522_c0008_005.jpg,522,7,-1,True,150,8550,0.7340998445499402,0.1073729420186113,1,1397,1,1,1,1
367,0522_c0008_010.jpg,522,7,-1,True,150,8550,0.7196208553439094,0.10653409090909091,1,1408,1,1,1,1
368,0522_c0008_015.jpg,522,7,-1,True,150,8550,0.7503363186625429,0.11210762331838565,1,1338,1,1,1,1
369,0522_c0008_020.jpg,522,7,-1,True,150,8550,0.752786784339523,0.10600706713780919,1,1415,1,1,1,1
370,0524_c0001_000.jpg,524,0,-1,True,175,8550,0.48842266517759436,0.21712158808933002,1,806,1,1,1,1
371,0524_c0001_005.jpg,524,0,-1,True,175,8550,0.5101449835112695,0.205158264947245,1,853,1,1,1,1
372,0524_c0001_010.jpg,524,0,-1,True,175,8550,0.4753893775611634,0.20022883295194507,1,874,1,1,1,1
373,0524_c0001_015.jpg,524,0,-1,True,175,8550,0.48016724763688573,0.22095959595959597,1,792,1,1,1,1
374,0524_c0001_020.jpg,524,0,-1,True,175,8550,0.45995664328172375,0.21658415841584158,1,808,1,1,1,1
375,0524_c0002_000.jpg,524,1,-1,True,175,8550,0.6472482116443964,0.22905759162303665,1,764,1,1,1,1
376,0524_c0002_005.jpg,524,1,-1,True,175,8550,0.6268012437303304,0.2157829839704069,1,811,1,1,1,1
377,0524_c0002_010.jpg,524,1,-1,True,175,8550,0.6217235119977732,0.26395173453996984,1,663,1,1,1,1
378,0524_c0002_015.jpg,524,1,-1,True,175,8550,0.6465749717420931,0.2887788778877888,1,606,1,1,1,1
379,0524_c0002_020.jpg,524,1,-1,True,175,8550,0.6411366167879731,0.2946127946127946,1,594,1,1,1,1
380,0524_c0003_000.jpg,524,2,-1,True,175,8550,0.8035600111821622,0.4117647058823529,1,425,1,1,1,1
381,0524_c0003_005.jpg,524,2,-1,True,175,8550,0.7650357470654694,0.2339572192513369,1,748,1,1,1,1
382,0524_c0003_010.jpg,524,2,-1,True,175,8550,0.7694518930300462,0.30918727915194344,1,566,1,1,1,1
383,0524_c0003_015.jpg,524,2,-1,True,175,8550,0.76058606835914,0.2916666666666667,1,600,1,1,1,1
384,0524_c0003_020.jpg,524,2,-1,True,175,8550,0.7344936048570581,0.3108348134991119,1,563,1,1,1,1
385,0524_c0004_000.jpg,524,3,-1,True,175,8550,0.41452551270105104,0.1398880895283773,1,1251,1,1,1,1
386,0524_c0004_005.jpg,524,3,-1,True,175,8550,0.2851990043291358,0.12263489838822705,6,1427,0,0,1,1
387,0524_c0004_010.jpg,524,3,-1,True,175,8550,0.3285880909008157,0.13629283489096572,1,1284,1,1,1,1
388,0524_c0004_015.jpg,524,3,-1,True,175,8550,0.31162812033971515,0.12839325018341893,4,1363,0,1,1,1
389,0524_c0004_020.jpg,524,3,-1,True,175,8550,0.32697071632480823,0.12783053323593865,1,1369,1,1,1,1
390,0524_c0005_000.jpg,524,4,-1,True,175,8550,0.7882443943835796,0.5057803468208093,1,346,1,1,1,1
391,0524_c0005_005.jpg,524,4,-1,True,175,8550,0.7548081639833747,0.5177514792899408,1,338,1,1,1,1
392,0524_c0005_010.jpg,524,4,-1,True,175,8550,0.7521152971407034,0.4985754985754986,1,351,1,1,1,1
393,0524_c0005_015.jpg,524,4,-1,True,175,8550,0.8231082088846529,0.4888268156424581,1,358,1,1,1,1
394,0524_c0005_020.jpg,524,4,-1,True,175,8550,0.756122763356406,0.5162241887905604,1,339,1,1,1,1
395,0524_c0006_000.jpg,524,5,-1,True,175,8550,0.6387579248895906,0.3977272727272727,1,440,1,1,1,1
396,0524_c0006_005.jpg,524,5,-1,True,175,8550,0.6715160265210082,0.4069767441860465,1,430,1,1,1,1
397,0524_c0006_010.jpg,524,5,-1,True,175,8550,0.6658343915339527,0.4013761467889908,1,436,1,1,1,1
398,0524_c0006_015.jpg,524,5,-1,True,175,8550,0.6688766374383552,0.4268292682926829,1,410,1,1,1,1
399,0524_c0006_020.jpg,524,5,-1,True,175,8550,0.6821510328624899,0.44416243654822335,1,394,1,1,1,1
400,0524_c0007_000.jpg,524,6,-1,True,175,8550,0.706268708607734,0.14250814332247558,1,1228,1,1,1,1
401,0524_c0007_005.jpg,524,6,-1,True,175,8550,0.7076196437425223,0.15638963360142985,1,1119,1,1,1,1
402,0524_c0007_010.jpg,524,6,-1,True,175,8550,0.7371588943987158,0.214987714987715,1,814,1,1,1,1
403,0524_c0007_015.jpg,524,6,-1,True,175,8550,0.7335302283838774,0.1959686450167973,1,893,1,1,1,1
404,0524_c0007_020.jpg,524,6,-1,True,175,8550,0.7385637241214073,0.20278099652375434,1,863,1,1,1,1
405,0524_c0008_000.jpg,524,7,-1,True,175,8550,0.7127317182226398,0.2786624203821656,1,628,1,1,1,1
406,0524_c0008_005.jpg,524,7,-1,True,175,8550,0.6640264664467113,0.2892561983471074,1,605,1,1,1,1
407,0524_c0008_010.jpg,524,7,-1,True,175,8550,0.6788309680922646,0.26758409785932724,1,654,1,1,1,1
408,0524_c0008_015.jpg,524,7,-1,True,175,8550,0.6842197467408818,0.2604166666666667,1,672,1,1,1,1
409,0524_c0008_020.jpg,524,7,-1,True,175,8550,0.6873815139394386,0.29411764705882354,1,595,1,1,1,1
410,0526_c0001_000.jpg,526,0,-1,True,50,8550,0.6717246973239697,0.28735632183908044,1,174,1,1,1,1
411,0526_c0001_005.jpg,526,0,-1,True,50,8550,0.7686999474988515,0.3448275862068966,1,145,1,1,1,1
412,0526_c0001_010.jpg,526,0,-1,True,50,8550,0.7033335426523379,0.31446540880503143,1,159,1,1,1,1
413,0526_c0001_015.jpg,526,0,-1,True,50,8550,0.7222152568359255,0.31645569620253167,1,158,1,1,1,1
414,0526_c0001_020.jpg,526,0,-1,True,50,8550,0.7770180491089766,0.352112676056338,1,142,1,1,1,1
415,0526_c0003_000.jpg,526,2,-1,True,50,8550,0.997258780870839,0.9433962264150944,1,53,1,1,1,1
416,0526_c0003_005.jpg,526,2,-1,True,50,8550,1.0,1.0,1,50,1,1,1,1
417,0526_c0003_010.jpg,526,2,-1,True,50,8550,0.9835216067883215,0.9090909090909091,1,55,1,1,1,1
418,0526_c0003_015.jpg,526,2,-1,True,50,8550,1.0,1.0,1,50,1,1,1,1
419,0526_c0003_020.jpg,526,2,-1,True,50,8550,1.0,1.0,1,50,1,1,1,1
420,0526_c0005_000.jpg,526,4,-1,True,50,8550,1.0,1.0,1,50,1,1,1,1
421,0526_c0005_005.jpg,526,4,-1,True,50,8550,1.0,1.0,1,50,1,1,1,1
422,0526_c0005_010.jpg,526,4,-1,True,50,8550,1.0,1.0,1,50,1,1,1,1
423,0526_c0005_015.jpg,526,4,-1,True,50,8550,1.0,1.0,1,50,1,1,1,1
424,0526_c0005_020.jpg,526,4,-1,True,50,8550,1.0,1.0,1,50,1,1,1,1
425,0528_c0001_000.jpg,528,0,-1,True,150,8550,0.6688716685397924,0.46439628482972134,1,323,1,1,1,1
426,0528_c0001_005.jpg,528,0,-1,True,150,8550,0.5620060654137853,0.2145922746781116,1,699,1,1,1,1
427,0528_c0001_010.jpg,528,0,-1,True,150,8550,0.5313502935581648,0.25295109612141653,1,593,1,1,1,1
428,0528_c0001_015.jpg,528,0,-1,True,150,8550,0.4821099769626132,0.18427518427518427,1,814,1,1,1,1
429,0528_c0001_020.jpg,528,0,-1,True,150,8550,0.43979158247080763,0.22354694485842028,1,671,1,1,1,1
430,0528_c0002_000.jpg,528,1,-1,True,150,8550,0.7994475429056007,0.27624309392265195,1,543,1,1,1,1
431,0528_c0002_005.jpg,528,1,-1,True,150,8550,0.8031401252414753,0.2803738317757009,1,535,1,1,1,1
432,0528_c0002_010.jpg,528,1,-1,True,150,8550,0.7843995345784193,0.273224043715847,1,549,1,1,1,1
433,0528_c0002_015.jpg,528,1,-1,True,150,8550,0.776792043085217,0.26833631484794274,1,559,1,1,1,1
434,0528_c0002_020.jpg,528,1,-1,True,150,8550,0.781485373695992,0.26881720430107525,1,558,1,1,1,1
435,0528_c0003_000.jpg,528,2,-1,True,150,8550,0.8976831039981971,0.35377358490566035,1,424,1,1,1,1
436,0528_c0003_005.jpg,528,2,-1,True,150,8550,0.8988546433091554,0.36231884057971014,1,414,1,1,1,1
437,0528_c0003_010.jpg,528,2,-1,True,150,8550,0.8993725797949325,0.375,1,400,1,1,1,1
438,0528_c0003_015.jpg,528,2,-1,True,150,8550,0.8933518063970683,0.3836317135549872,1,391,1,1,1,1
439,0528_c0003_020.jpg,528,2,-1,True,150,8550,0.8974977540850209,0.3740648379052369,1,401,1,1,1,1
440,0528_c0004_000.jpg,528,3,-1,True,150,8550,0.944987484276838,0.7109004739336493,1,211,1,1,1,1
441,0528_c0004_005.jpg,528,3,-1,True,150,8550,0.9502702636195958,0.7772020725388601,1,193,1,1,1,1
442,0528_c0004_010.jpg,528,3,-1,True,150,8550,0.9445144820093258,0.684931506849315,1,219,1,1,1,1
443,0528_c0004_015.jpg,528,3,-1,True,150,8550,0.9314564559555801,0.6756756756756757,1,222,1,1,1,1
444,0528_c0004_020.jpg,528,3,-1,True,150,8550,0.9430537287040367,0.6521739130434783,1,230,1,1,1,1
445,0528_c0005_000.jpg,528,4,-1,True,150,8550,0.958475811961901,0.6,1,250,1,1,1,1
446,0528_c0005_005.jpg,528,4,-1,True,150,8550,0.9735256457063194,0.6172839506172839,1,243,1,1,1,1
447,0528_c0005_010.jpg,528,4,-1,True,150,8550,0.9612294300985771,0.6,1,250,1,1,1,1
448,0528_c0005_015.jpg,528,4,-1,True,150,8550,0.9395538525854225,0.528169014084507,1,284,1,1,1,1
449,0528_c0005_020.jpg,528,4,-1,True,150,8550,0.9402347280350237,0.5617977528089888,1,267,1,1,1,1
450,0528_c0006_000.jpg,528,5,-1,True,150,8550,0.6738169285863999,0.4297994269340974,1,349,1,1,1,1
451,0528_c0006_005.jpg,528,5,-1,True,150,8550,0.681028969382791,0.42492917847025496,1,353,1,1,1,1
452,0528_c0006_010.jpg,528,5,-1,True,150,8550,0.6760858108438129,0.42016806722689076,1,357,1,1,1,1
453,0528_c0006_015.jpg,528,5,-1,True,150,8550,0.689370196981461,0.4087193460490463,1,367,1,1,1,1
454,0528_c0006_020.jpg,528,5,-1,True,150,8550,0.6412411820410218,0.42492917847025496,1,353,1,1,1,1
455,0528_c0007_000.jpg,528,6,-1,True,150,8550,0.6256647805894703,0.42492917847025496,1,353,1,1,1,1
456,0528_c0007_005.jpg,528,6,-1,True,150,8550,0.627476929429869,0.4297994269340974,1,349,1,1,1,1
457,0528_c0007_010.jpg,528,6,-1,True,150,8550,0.6248414737748849,0.4178272980501393,1,359,1,1,1,1
458,0528_c0007_015.jpg,528,6,-1,True,150,8550,0.627355120368573,0.4424778761061947,1,339,1,1,1,1
459,0528_c0007_020.jpg,528,6,-1,True,150,8550,0.6256094302753522,0.4065040650406504,1,369,1,1,1,1
460,0530_c0001_000.jpg,530,0,-1,True,150,8550,0.687597194026063,0.4983388704318937,1,301,1,1,1,1
461,0530_c0001_005.jpg,530,0,-1,True,150,8550,0.6039293937205374,0.4792332268370607,1,313,1,1,1,1
462,0530_c0001_010.jpg,530,0,-1,True,150,8550,0.6491832591136159,0.4966887417218543,1,302,1,1,1,1
463,0530_c0001_015.jpg,530,0,-1,True,150,8550,0.729874331712897,0.4983388704318937,1,301,1,1,1,1
464,0530_c0001_020.jpg,530,0,-1,True,150,8550,0.5592474377249537,0.48859934853420195,1,307,1,1,1,1
465,0530_c0002_000.jpg,530,1,-1,True,150,8550,0.9703511650104072,0.78125,1,192,1,1,1,1
466,0530_c0002_005.jpg,530,1,-1,True,150,8550,0.9522912071720626,0.6944444444444444,1,216,1,1,1,1
467,0530_c0002_010.jpg,530,1,-1,True,150,8550,0.9223572731639862,0.5454545454545454,1,275,1,1,1,1
468,0530_c0002_015.jpg,530,1,-1,True,150,8550,0.9519399669321104,0.6976744186046512,1,215,1,1,1,1
469,0530_c0002_020.jpg,530,1,-1,True,150,8550,0.9481137262181558,0.6756756756756757,1,222,1,1,1,1
470,0530_c0003_000.jpg,530,2,-1,True,150,8550,0.9994298529488302,0.967741935483871,1,155,1,1,1,1
471,0530_c0003_005.jpg,530,2,-1,True,150,8550,0.9877651636295623,0.8620689655172413,1,174,1,1,1,1
472,0530_c0003_010.jpg,530,2,-1,True,150,8550,0.9933787297113974,0.8771929824561403,1,171,1,1,1,1
473,0530_c0003_015.jpg,530,2,-1,True,150,8550,1.0,1.0,1,150,1,1,1,1
474,0530_c0003_020.jpg,530,2,-1,True,150,8550,0.9999558498896247,0.9933774834437086,1,151,1,1,1,1
475,0530_c0004_000.jpg,530,3,-1,True,150,8550,1.0,1.0,1,150,1,1,1,1
476,0530_c0004_005.jpg,530,3,-1,True,150,8550,1.0,1.0,1,150,1,1,1,1
477,0530_c0004_010.jpg,530,3,-1,True,150,8550,1.0,1.0,1,150,1,1,1,1
478,0530_c0004_015.jpg,530,3,-1,True,150,8550,1.0,1.0,1,150,1,1,1,1
479,0530_c0004_020.jpg,530,3,-1,True,150,8550,1.0,1.0,1,150,1,1,1,1
480,0530_c0005_000.jpg,530,4,-1,True,150,8550,0.6331180360252354,0.5,1,300,1,1,1,1
481,0530_c0005_005.jpg,530,4,-1,True,150,8550,0.6157075784337374,0.5,1,300,1,1,1,1
482,0530_c0005_010.jpg,530,4,-1,True,150,8550,0.6382829414316143,0.5,1,300,1,1,1,1
483,0530_c0005_015.jpg,530,4,-1,True,150,8550,0.6628137933267072,0.5067567567567568,1,296,1,1,1,1
484,0530_c0005_020.jpg,530,4,-1,True,150,8550,0.670421614512939,0.5415162454873647,1,277,1,1,1,1
485,0530_c0006_000.jpg,530,5,-1,True,150,8550,1.0,1.0,1,150,1,1,1,1
486,0530_c0006_005.jpg,530,5,-1,True,150,8550,1.0,1.0,1,150,1,1,1,1
487,0530_c0006_010.jpg,530,5,-1,True,150,8550,1.0,1.0,1,150,1,1,1,1
488,0530_c0006_015.jpg,530,5,-1,True,150,8550,1.0,1.0,1,150,1,1,1,1
489,0530_c0006_020.jpg,530,5,-1,True,150,8550,1.0,1.0,1,150,1,1,1,1
490,0530_c0008_000.jpg,530,7,-1,True,150,8550,0.7765416850344091,0.487012987012987,1,308,1,1,1,1
491,0530_c0008_005.jpg,530,7,-1,True,150,8550,0.7822916553223571,0.4983388704318937,1,301,1,1,1,1
492,0530_c0008_010.jpg,530,7,-1,True,150,8550,0.7516436588069325,0.4087193460490463,1,367,1,1,1,1
493,0530_c0008_015.jpg,530,7,-1,True,150,8550,0.763583457547245,0.4155124653739612,1,361,1,1,1,1
494,0530_c0008_020.jpg,530,7,-1,True,150,8550,0.7486371868058838,0.3856041131105398,1,389,1,1,1,1
495,0532_c0001_000.jpg,532,0,-1,True,175,8550,0.9849506586166294,0.691699604743083,1,253,1,1,1,1
496,0532_c0001_005.jpg,532,0,-1,True,175,8550,0.981230549294618,0.6730769230769231,1,260,1,1,1,1
497,0532_c0001_010.jpg,532,0,-1,True,175,8550,0.9784094652516578,0.6628787878787878,1,264,1,1,1,1
498,0532_c0001_015.jpg,532,0,-1,True,175,8550,0.9826689505639211,0.7142857142857143,1,245,1,1,1,1
499,0532_c0001_020.jpg,532,0,-1,True,175,8550,0.9946169182996255,0.875,1,200,1,1,1,1
500,0532_c0002_000.jpg,532,1,-1,True,175,8550,0.23259401823946946,0.08595284872298625,26,2036,0,0,0,0
501,0532_c0002_005.jpg,532,1,-1,True,175,8550,0.22749174046146822,0.08023842274186153,26,2181,0,0,0,0
502,0532_c0002_010.jpg,532,1,-1,True,175,8550,0.2449822135892256,0.0872382851445663,8,2006,0,0,1,1
503,0532_c0002_015.jpg,532,1,-1,True,175,8550,0.23308792772006767,0.08373205741626795,26,2090,0,0,0,0
504,0532_c0002_020.jpg,532,1,-1,True,175,8550,0.23356536129113234,0.08223684210526316,26,2128,0,0,0,0
505,0532_c0003_000.jpg,532,2,-1,True,175,8550,0.8962984357741206,0.2368064952638701,1,739,1,1,1,1
506,0532_c0003_005.jpg,532,2,-1,True,175,8550,0.900541768167049,0.25697503671071953,1,681,1,1,1,1
507,0532_c0003_010.jpg,532,2,-1,True,175,8550,0.9033310813541474,0.26881720430107525,1,651,1,1,1,1
508,0532_c0003_015.jpg,532,2,-1,True,175,8550,0.9018145888846758,0.24613220815752462,1,711,1,1,1,1
509,0532_c0003_020.jpg,532,2,-1,True,175,8550,0.9032943484397579,0.26119402985074625,1,670,1,1,1,1
510,0532_c0004_000.jpg,532,3,-1,True,175,8550,0.9134328923884284,0.3141831238779174,1,557,1,1,1,1
511,0532_c0004_005.jpg,532,3,-1,True,175,8550,0.9080611842873655,0.28735632183908044,1,609,1,1,1,1
512,0532_c0004_010.jpg,532,3,-1,True,175,8550,0.9054145165570711,0.27258566978193144,1,642,1,1,1,1
513,0532_c0004_015.jpg,532,3,-1,True,175,8550,0.9072901120807036,0.28735632183908044,1,609,1,1,1,1
514,0532_c0004_020.jpg,532,3,-1,True,175,8550,0.9056018396230126,0.28180354267310787,1,621,1,1,1,1
515,0532_c0005_000.jpg,532,4,-1,True,175,8550,0.8805560843643596,0.13379204892966362,1,1308,1,1,1,1
516,0532_c0005_005.jpg,532,4,-1,True,175,8550,0.8811792821994668,0.13555383423702555,1,1291,1,1,1,1
517,0532_c0005_010.jpg,532,4,-1,True,175,8550,0.883066275237073,0.14780405405405406,1,1184,1,1,1,1
518,0532_c0005_015.jpg,532,4,-1,True,175,8550,0.879984448089231,0.132375189107413,1,1322,1,1,1,1
519,0532_c0005_020.jpg,532,4,-1,True,175,8550,0.8807220534090083,0.132375189107413,1,1322,1,1,1,1
520,0532_c0006_000.jpg,532,5,-1,True,175,8550,0.9948929616326041,0.8793969849246231,1,199,1,1,1,1
521,0532_c0006_005.jpg,532,5,-1,True,175,8550,0.9920711831483155,0.7415254237288136,1,236,1,1,1,1
522,0532_c0006_010.jpg,532,5,-1,True,175,8550,0.998818331148571,0.8928571428571429,1,196,1,1,1,1
523,0532_c0006_015.jpg,532,5,-1,True,175,8550,0.9999675324675324,0.9943181818181818,1,176,1,1,1,1
524,0532_c0006_020.jpg,532,5,-1,True,175,8550,0.9843443491491446,0.8536585365853658,1,205,1,1,1,1
525,0532_c0007_000.jpg,532,6,-1,True,175,8550,0.9519893631942334,0.4971590909090909,1,352,1,1,1,1
526,0532_c0007_005.jpg,532,6,-1,True,175,8550,0.942116657549422,0.44871794871794873,1,390,1,1,1,1
527,0532_c0007_010.jpg,532,6,-1,True,175,8550,0.9546029286327582,0.5952380952380952,1,294,1,1,1,1
528,0532_c0007_015.jpg,532,6,-1,True,175,8550,0.9483071566626763,0.5,1,350,1,1,1,1
529,0532_c0007_020.jpg,532,6,-1,True,175,8550,0.9402503384035679,0.4654255319148936,1,376,1,1,1,1
530,0532_c0008_000.jpg,532,7,-1,True,175,8550,0.858221553628206,0.07932910244786945,1,2206,1,1,1,1
531,0532_c0008_005.jpg,532,7,-1,True,175,8550,0.8691140276079623,0.07836990595611286,1,2233,1,1,1,1
532,0532_c0008_010.jpg,532,7,-1,True,175,8550,0.8704983217636503,0.0848690591658584,1,2062,1,1,1,1
533,0532_c0008_015.jpg,532,7,-1,True,175,8550,0.8693655913067797,0.07893549842129004,1,2217,1,1,1,1
534,0532_c0008_020.jpg,532,7,-1,True,175,8550,0.8711735591729369,0.0891492613346918,1,1963,1,1,1,1
535,0534_c0001_000.jpg,534,0,-1,True,150,8550,1.0,1.0,1,150,1,1,1,1
536,0534_c0001_005.jpg,534,0,-1,True,150,8550,1.0,1.0,1,150,1,1,1,1
537,0534_c0001_010.jpg,534,0,-1,True,150,8550,1.0,1.0,1,150,1,1,1,1
538,0534_c0001_015.jpg,534,0,-1,True,150,8550,1.0,1.0,1,150,1,1,1,1
539,0534_c0001_020.jpg,534,0,-1,True,150,8550,1.0,1.0,1,150,1,1,1,1
540,0534_c0002_000.jpg,534,1,-1,True,150,8550,0.9912135366995979,0.8064516129032258,1,186,1,1,1,1
541,0534_c0002_005.jpg,534,1,-1,True,150,8550,0.9858529302455372,0.8241758241758241,1,182,1,1,1,1
542,0534_c0002_010.jpg,534,1,-1,True,150,8550,0.9950075143801494,0.8982035928143712,1,167,1,1,1,1
543,0534_c0002_015.jpg,534,1,-1,True,150,8550,1.0,1.0,1,150,1,1,1,1
544,0534_c0002_020.jpg,534,1,-1,True,150,8550,1.0,1.0,1,150,1,1,1,1
545,0534_c0004_000.jpg,534,3,-1,True,150,8550,1.0,1.0,1,150,1,1,1,1
546,0534_c0004_005.jpg,534,3,-1,True,150,8550,1.0,1.0,1,150,1,1,1,1
547,0534_c0004_010.jpg,534,3,-1,True,150,8550,1.0,1.0,1,150,1,1,1,1
548,0534_c0004_015.jpg,534,3,-1,True,150,8550,1.0,1.0,1,150,1,1,1,1
549,0534_c0004_020.jpg,534,3,-1,True,150,8550,0.9999558498896247,0.9933774834437086,1,151,1,1,1,1
550,0534_c0005_000.jpg,534,4,-1,True,150,8550,0.9997350488269557,0.9803921568627451,1,153,1,1,1,1
551,0534_c0005_005.jpg,534,4,-1,True,150,8550,1.0,1.0,1,150,1,1,1,1
552,0534_c0005_010.jpg,534,4,-1,True,150,8550,0.9978092620011935,0.9493670886075949,1,158,1,1,1,1
553,0534_c0005_015.jpg,534,4,-1,True,150,8550,1.0,1.0,1,150,1,1,1,1
554,0534_c0005_020.jpg,534,4,-1,True,150,8550,1.0,1.0,1,150,1,1,1,1
555,0534_c0006_000.jpg,534,5,-1,True,150,8550,1.0,1.0,1,150,1,1,1,1
556,0534_c0006_005.jpg,534,5,-1,True,150,8550,1.0,1.0,1,150,1,1,1,1
557,0534_c0006_010.jpg,534,5,-1,True,150,8550,1.0,1.0,1,150,1,1,1,1
558,0534_c0006_015.jpg,534,5,-1,True,150,8550,1.0,1.0,1,150,1,1,1,1
559,0534_c0006_020.jpg,534,5,-1,True,150,8550,1.0,1.0,1,150,1,1,1,1
560,0534_c0007_000.jpg,534,6,-1,True,150,8550,1.0,1.0,1,150,1,1,1,1
561,0534_c0007_005.jpg,534,6,-1,True,150,8550,0.9998692810457518,0.9803921568627451,1,153,1,1,1,1
562,0534_c0007_010.jpg,534,6,-1,True,150,8550,0.998540922398663,0.9316770186335404,1,161,1,1,1,1
563,0534_c0007_015.jpg,534,6,-1,True,150,8550,1.0,1.0,1,150,1,1,1,1
564,0534_c0007_020.jpg,534,6,-1,True,150,8550,1.0,1.0,1,150,1,1,1,1
565,0534_c0008_000.jpg,534,7,-1,True,150,8550,1.0,1.0,1,150,1,1,1,1
566,0534_c0008_005.jpg,534,7,-1,True,150,8550,1.0,1.0,1,150,1,1,1,1
567,0534_c0008_010.jpg,534,7,-1,True,150,8550,1.0,1.0,1,150,1,1,1,1
568,0534_c0008_015.jpg,534,7,-1,True,150,8550,1.0,1.0,1,150,1,1,1,1
569,0534_c0008_020.jpg,534,7,-1,True,150,8550,1.0,1.0,1,150,1,1,1,1
570,0536_c0001_000.jpg,536,0,-1,True,75,8550,0.45109927057285326,0.17084282460136674,1,439,1,1,1,1
571,0536_c0001_005.jpg,536,0,-1,True,75,8550,0.4819418121062131,0.1820388349514563,1,412,1,1,1,1
572,0536_c0001_010.jpg,536,0,-1,True,75,8550,0.48948950477898234,0.18072289156626506,1,415,1,1,1,1
573,0536_c0001_015.jpg,536,0,-1,True,75,8550,0.47523494070609323,0.18796992481203006,1,399,1,1,1,1
574,0536_c0001_020.jpg,536,0,-1,True,75,8550,0.495382395051566,0.189873417721519,1,395,1,1,1,1
575,0536_c0002_000.jpg,536,1,-1,True,75,8550,0.43562808199522135,0.17006802721088435,1,441,1,1,1,1
576,0536_c0002_005.jpg,536,1,-1,True,75,8550,0.43620172258991924,0.18072289156626506,1,415,1,1,1,1
577,0536_c0002_010.jpg,536,1,-1,True,75,8550,0.43371988746351564,0.15991471215351813,1,469,1,1,1,1
578,0536_c0002_015.jpg,536,1,-1,True,75,8550,0.439305087954034,0.2,1,375,1,1,1,1
579,0536_c0002_020.jpg,536,1,-1,True,75,8550,0.4357266857185792,0.1740139211136891,1,431,1,1,1,1
580,0536_c0005_000.jpg,536,4,-1,True,75,8550,0.534338394905774,0.24671052631578946,1,304,1,1,1,1
581,0536_c0005_005.jpg,536,4,-1,True,75,8550,0.5163391670930805,0.2180232558139535,1,344,1,1,1,1
582,0536_c0005_010.jpg,536,4,-1,True,75,8550,0.5184561575823078,0.23148148148148148,1,324,1,1,1,1
583,0536_c0005_015.jpg,536,4,-1,True,75,8550,0.5094970830146741,0.25510204081632654,1,294,1,1,1,1
584,0536_c0005_020.jpg,536,4,-1,True,75,8550,0.4953652231492481,0.21306818181818182,1,352,1,1,1,1
585,0536_c0006_000.jpg,536,5,-1,True,75,8550,0.3130093319737275,0.10822510822510822,1,693,1,1,1,1
586,0536_c0006_005.jpg,536,5,-1,True,75,8550,0.3774469981515499,0.12417218543046357,1,604,1,1,1,1
587,0536_c0006_010.jpg,536,5,-1,True,75,8550,0.3861537895468742,0.12038523274478331,1,623,1,1,1,1
588,0536_c0006_015.jpg,536,5,-1,True,75,8550,0.37720250628161,0.11867088607594936,1,632,1,1,1,1
589,0536_c0006_020.jpg,536,5,-1,True,75,8550,0.3443667660739033,0.1192368839427663,1,629,1,1,1,1
590,0538_c0001_000.jpg,538,0,-1,True,175,8550,0.9977507315531816,0.9408602150537635,1,186,1,1,1,1
591,0538_c0001_005.jpg,538,0,-1,True,175,8550,0.9477312681548979,0.8177570093457944,1,214,1,1,1,1
592,0538_c0001_010.jpg,538,0,-1,True,175,8550,0.9891366097215671,0.8883248730964467,1,197,1,1,1,1
593,0538_c0001_015.jpg,538,0,-1,True,175,8550,0.9853350573837516,0.875,1,200,1,1,1,1
594,0538_c0001_020.jpg,538,0,-1,True,175,8550,0.9824787143558098,0.8536585365853658,1,205,1,1,1,1
595,0538_c0002_000.jpg,538,1,-1,True,175,8550,0.6106564109568622,0.23553162853297444,1,743,1,1,1,1
596,0538_c0002_005.jpg,538,1,-1,True,175,8550,0.6991023275324448,0.31194295900178254,6,561,0,0,1,1
597,0538_c0002_010.jpg,538,1,-1,True,175,8550,0.6603558629833911,0.2588757396449704,1,676,1,1,1,1
598,0538_c0002_015.jpg,538,1,-1,True,175,8550,0.8024684107082656,0.28135048231511256,1,622,1,1,1,1
599,0538_c0002_020.jpg,538,1,-1,True,175,8550,0.800404239423145,0.2663622526636225,1,657,1,1,1,1
600,0538_c0003_000.jpg,538,2,-1,True,175,8550,0.927448369490547,0.40045766590389015,1,437,1,1,1,1
601,0538_c0003_005.jpg,538,2,-1,True,175,8550,0.9640686239768085,0.6944444444444444,1,252,1,1,1,1
602,0538_c0003_010.jpg,538,2,-1,True,175,8550,0.9537816262157841,0.48746518105849584,1,359,1,1,1,1
603,0538_c0003_015.jpg,538,2,-1,True,175,8550,0.9687762480984028,0.6457564575645757,1,271,1,1,1,1
604,0538_c0003_020.jpg,538,2,-1,True,175,8550,0.982266198498807,0.7954545454545454,1,220,1,1,1,1
605,0538_c0004_000.jpg,538,3,-1,True,175,8550,0.90051350542841,0.31305903398926654,1,559,1,1,1,1
606,0538_c0004_005.jpg,538,3,-1,True,175,8550,0.867059645031321,0.27689873417721517,1,632,1,1,1,1
607,0538_c0004_010.jpg,538,3,-1,True,175,8550,0.8675968214458037,0.2764612954186414,1,633,1,1,1,1
608,0538_c0004_015.jpg,538,3,-1,True,175,8550,0.8712603314496898,0.2619760479041916,1,668,1,1,1,1
609,0538_c0004_020.jpg,538,3,-1,True,175,8550,0.8834457281635637,0.2543604651162791,1,688,1,1,1,1
610,0538_c0005_000.jpg,538,4,-1,True,175,8550,0.806170108114538,0.48476454293628807,1,361,1,1,1,1
611,0538_c0005_005.jpg,538,4,-1,True,175,8550,0.7293578397402886,0.32833020637898686,1,533,1,1,1,1
612,0538_c0005_010.jpg,538,4,-1,True,175,8550,0.6619990291692149,0.26758409785932724,1,654,1,1,1,1
613,0538_c0005_015.jpg,538,4,-1,True,175,8550,0.7426231197676774,0.4156769596199525,1,421,1,1,1,1
614,0538_c0005_020.jpg,538,4,-1,True,175,8550,0.7338316822074246,0.38631346578366443,1,453,1,1,1,1
615,0538_c0006_000.jpg,538,5,-1,True,175,8550,0.8569725679768083,0.3615702479338843,1,484,1,1,1,1
616,0538_c0006_005.jpg,538,5,-1,True,175,8550,0.8159201262086446,0.2892561983471074,1,605,1,1,1,1
617,0538_c0006_010.jpg,538,5,-1,True,175,8550,0.8124562908522882,0.2692307692307692,1,650,1,1,1,1
618,0538_c0006_015.jpg,538,5,-1,True,175,8550,0.8004746252334465,0.2897350993377483,1,604,1,1,1,1
619,0538_c0006_020.jpg,538,5,-1,True,175,8550,0.9431293791641847,0.3763440860215054,1,465,1,1,1,1
620,0538_c0007_000.jpg,538,6,-1,True,175,8550,0.8757729037462796,0.3113879003558719,1,562,1,1,1,1
621,0538_c0007_005.jpg,538,6,-1,True,175,8550,0.8285343778122692,0.3048780487804878,1,574,1,1,1,1
622,0538_c0007_010.jpg,538,6,-1,True,175,8550,0.7636090845945902,0.2956081081081081,1,592,1,1,1,1
623,0538_c0007_015.jpg,538,6,-1,True,175,8550,0.7804637736990881,0.2966101694915254,1,590,1,1,1,1
624,0538_c0007_020.jpg,538,6,-1,True,175,8550,0.9141397278385689,0.5573248407643312,1,314,1,1,1,1
625,0538_c0008_000.jpg,538,7,-1,True,175,8550,0.9155771832382116,0.4396984924623116,1,398,1,1,1,1
626,0538_c0008_005.jpg,538,7,-1,True,175,8550,0.8953338397004921,0.47297297297297297,1,370,1,1,1,1
627,0538_c0008_010.jpg,538,7,-1,True,175,8550,0.9046921645507892,0.45219638242894056,1,387,1,1,1,1
628,0538_c0008_015.jpg,538,7,-1,True,175,8550,0.8671073451976626,0.4166666666666667,1,420,1,1,1,1
629,0538_c0008_020.jpg,538,7,-1,True,175,8550,0.8500185170391792,0.4257907542579075,1,411,1,1,1,1
630,0540_c0001_000.jpg,540,0,-1,True,175,8550,0.57136381229532,0.26515151515151514,1,660,1,1,1,1
631,0540_c0001_005.jpg,540,0,-1,True,175,8550,0.48899337329440273,0.25,1,700,1,1,1,1
632,0540_c0001_010.jpg,540,0,-1,True,175,8550,0.42418291319681245,0.2311756935270806,8,757,0,0,1,1
633,0540_c0001_015.jpg,540,0,-1,True,175,8550,0.5270473666645175,0.24373259052924792,1,718,1,1,1,1
634,0540_c0001_020.jpg,540,0,-1,True,175,8550,0.36850331273541176,0.23087071240105542,12,758,0,0,0,1
635,0540_c0002_000.jpg,540,1,-1,True,175,8550,0.2607670341219807,0.06106071179344034,1,2866,1,1,1,1
636,0540_c0002_005.jpg,540,1,-1,True,175,8550,0.35604700923677096,0.06379876048122493,1,2743,1,1,1,1
637,0540_c0002_010.jpg,540,1,-1,True,175,8550,0.3418155748852815,0.08060801473975127,1,2171,1,1,1,1
638,0540_c0002_015.jpg,540,1,-1,True,175,8550,0.2851126929441698,0.04773595199127114,1,3666,1,1,1,1
639,0540_c0002_020.jpg,540,1,-1,True,175,8550,0.275898615826095,0.07575757575757576,1,2310,1,1,1,1
640,0540_c0003_000.jpg,540,2,-1,True,175,8550,0.516048585818914,0.14274061990212072,1,1226,1,1,1,1
641,0540_c0003_005.jpg,540,2,-1,True,175,8550,0.5895422407229682,0.12690355329949238,1,1379,1,1,1,1
642,0540_c0003_010.jpg,540,2,-1,True,175,8550,0.6404785710407165,0.15681003584229392,1,1116,1,1,1,1
643,0540_c0003_015.jpg,540,2,-1,True,175,8550,0.5464783607615794,0.11896668932698844,1,1471,1,1,1,1
644,0540_c0003_020.jpg,540,2,-1,True,175,8550,0.5366757851018416,0.12991833704528583,1,1347,1,1,1,1
645,0540_c0004_000.jpg,540,3,-1,True,175,8550,0.3251984940853185,0.047271745002701246,1,3702,1,1,1,1
646,0540_c0004_005.jpg,540,3,-1,True,175,8550,0.5269291861559589,0.057283142389525366,1,3055,1,1,1,1
647,0540_c0004_010.jpg,540,3,-1,True,175,8550,0.5029750730335748,0.06782945736434108,1,2580,1,1,1,1
648,0540_c0004_015.jpg,540,3,-1,True,175,8550,0.4614611381464517,0.06980454726765058,1,2507,1,1,1,1
649,0540_c0004_020.jpg,540,3,-1,True,175,8550,0.39394878831962127,0.05473881764153894,1,3197,1,1,1,1
650,0540_c0005_000.jpg,540,4,-1,True,175,8550,0.822251045086593,0.33783783783783783,1,518,1,1,1,1
651,0540_c0005_005.jpg,540,4,-1,True,175,8550,0.7961083616135233,0.34860557768924305,1,502,1,1,1,1
652,0540_c0005_010.jpg,540,4,-1,True,175,8550,0.8012890863605175,0.32407407407407407,1,540,1,1,1,1
653,0540_c0005_015.jpg,540,4,-1,True,175,8550,0.7903810820526119,0.2956081081081081,1,592,1,1,1,1
654,0540_c0005_020.jpg,540,4,-1,True,175,8550,0.7994635579128371,0.2996575342465753,1,584,1,1,1,1
655,0540_c0006_000.jpg,540,5,-1,True,175,8550,0.6673909313305034,0.1442704039571311,1,1213,1,1,1,1
656,0540_c0006_005.jpg,540,5,-1,True,175,8550,0.6506644075438387,0.1393312101910828,1,1256,1,1,1,1
657,0540_c0006_010.jpg,540,5,-1,True,175,8550,0.6337413875877891,0.11160714285714286,1,1568,1,1,1,1
658,0540_c0006_015.jpg,540,5,-1,True,175,8550,0.6474923081740364,0.11467889908256881,1,1526,1,1,1,1
659,0540_c0006_020.jpg,540,5,-1,True,175,8550,0.6239855643829223,0.11612475116124751,1,1507,1,1,1,1
660,0540_c0007_000.jpg,540,6,-1,True,175,8550,0.9025562883983946,0.5434782608695652,1,322,1,1,1,1
661,0540_c0007_005.jpg,540,6,-1,True,175,8550,0.874759191374572,0.49157303370786515,1,356,1,1,1,1
662,0540_c0007_010.jpg,540,6,-1,True,175,8550,0.8498443477414318,0.47554347826086957,1,368,1,1,1,1
663,0540_c0007_015.jpg,540,6,-1,True,175,8550,0.8325855392225643,0.5147058823529411,1,340,1,1,1,1
664,0540_c0007_020.jpg,540,6,-1,True,175,8550,0.892217486552667,0.5794701986754967,1,302,1,1,1,1
665,0540_c0008_000.jpg,540,7,-1,True,175,8550,0.41599887449458783,0.07377740303541315,1,2372,1,1,1,1
666,0540_c0008_005.jpg,540,7,-1,True,175,8550,0.4318842959340063,0.08309591642924977,1,2106,1,1,1,1
667,0540_c0008_010.jpg,540,7,-1,True,175,8550,0.5520021586784989,0.09020618556701031,1,1940,1,1,1,1
668,0540_c0008_015.jpg,540,7,-1,True,175,8550,0.4449896405723669,0.07861635220125786,1,2226,1,1,1,1
669,0540_c0008_020.jpg,540,7,-1,True,175,8550,0.5614307224848235,0.08838383838383838,1,1980,1,1,1,1
670,0542_c0001_000.jpg,542,0,-1,True,150,8550,0.5035077233805172,0.041911148365465216,1,3579,1,1,1,1
671,0542_c0001_005.jpg,542,0,-1,True,150,8550,0.47714726526855383,0.03777386048854193,1,3971,1,1,1,1
672,0542_c0001_010.jpg,542,0,-1,True,150,8550,0.4980044875627396,0.03938041480703597,1,3809,1,1,1,1
673,0542_c0001_015.jpg,542,0,-1,True,150,8550,0.4788751073407923,0.03893070334804049,1,3853,1,1,1,1
674,0542_c0001_020.jpg,542,0,-1,True,150,8550,0.4649623674653048,0.04032258064516129,1,3720,1,1,1,1
675,0542_c0002_000.jpg,542,1,-1,True,150,8550,0.3133418208269105,0.08955223880597014,26,1675,0,0,0,0
676,0542_c0002_005.jpg,542,1,-1,True,150,8550,0.32628292768294664,0.102880658436214,22,1458,0,0,0,0
677,0542_c0002_010.jpg,542,1,-1,True,150,8550,0.29320284333635127,0.10744985673352435,14,1396,0,0,0,1
678,0542_c0002_015.jpg,542,1,-1,True,150,8550,0.2938460401216428,0.10721944245889921,5,1399,0,1,1,1
679,0542_c0002_020.jpg,542,1,-1,True,150,8550,0.2987418623207829,0.12038523274478331,2,1246,0,1,1,1
680,0542_c0004_000.jpg,542,3,-1,True,150,8550,0.06051781761024329,0.02481389578163772,11,6045,0,0,0,1
681,0542_c0004_005.jpg,542,3,-1,True,150,8550,0.051560900767030717,0.025108804820890524,26,5974,0,0,0,0
682,0542_c0004_010.jpg,542,3,-1,True,150,8550,0.04594429186918942,0.02546257002206756,32,5891,0,0,0,0
683,0542_c0004_015.jpg,542,3,-1,True,150,8550,0.04680363796957306,0.025676138308798356,40,5842,0,0,0,0
684,0542_c0004_020.jpg,542,3,-1,True,150,8550,0.046085042949017045,0.02461033634126333,47,6095,0,0,0,0
685,0542_c0005_000.jpg,542,4,-1,True,150,8550,0.19599461023233344,0.03441945846718678,9,4358,0,0,1,1
686,0542_c0005_005.jpg,542,4,-1,True,150,8550,0.17536027720699296,0.031107424305267525,35,4822,0,0,0,0
687,0542_c0005_010.jpg,542,4,-1,True,150,8550,0.1821429279433008,0.03216123499142367,29,4664,0,0,0,0
688,0542_c0005_015.jpg,542,4,-1,True,150,8550,0.22294599642771173,0.033017829627999117,12,4543,0,0,0,1
689,0542_c0005_020.jpg,542,4,-1,True,150,8550,0.30733312298786314,0.037037037037037035,1,4050,1,1,1,1
690,0542_c0006_000.jpg,542,5,-1,True,150,8550,0.514039829150098,0.07281553398058252,1,2060,1,1,1,1
691,0542_c0006_005.jpg,542,5,-1,True,150,8550,0.5948909786185215,0.07197696737044146,1,2084,1,1,1,1
692,0542_c0006_010.jpg,542,5,-1,True,150,8550,0.5426569540678549,0.07260406582768635,1,2066,1,1,1,1
693,0542_c0006_015.jpg,542,5,-1,True,150,8550,0.5810439140674714,0.07371007371007371,1,2035,1,1,1,1
694,0542_c0006_020.jpg,542,5,-1,True,150,8550,0.5897707778797958,0.07890583903208838,1,1901,1,1,1,1
695,0542_c0007_000.jpg,542,6,-1,True,150,8550,0.6723461154957496,0.0377643504531722,1,3972,1,1,1,1
696,0542_c0007_005.jpg,542,6,-1,True,150,8550,0.6737408668515387,0.041107152644560156,1,3649,1,1,1,1
697,0542_c0007_010.jpg,542,6,-1,True,150,8550,0.6791449245788137,0.04873294346978557,1,3078,1,1,1,1
698,0542_c0007_015.jpg,542,6,-1,True,150,8550,0.6157878998027818,0.050100200400801605,1,2994,1,1,1,1
699,0542_c0007_020.jpg,542,6,-1,True,150,8550,0.6947974545036645,0.047021943573667714,1,3190,1,1,1,1
700,0542_c0008_000.jpg,542,7,-1,True,150,8550,0.03934578851108917,0.0272975432211101,167,5495,0,0,0,0
701,0542_c0008_005.jpg,542,7,-1,True,150,8550,0.03533909643421009,0.02853338405934944,168,5257,0,0,0,0
702,0542_c0008_010.jpg,542,7,-1,True,150,8550,0.03937934520378872,0.02933124755572937,107,5114,0,0,0,0
703,0542_c0008_015.jpg,542,7,-1,True,150,8550,0.03584453994950778,0.031100974497200912,150,4823,0,0,0,0
704,0542_c0008_020.jpg,542,7,-1,True,150,8550,0.035282525611161124,0.03119800332778702,237,4808,0,0,0,0
705,0544_c0001_000.jpg,544,0,-1,True,150,8550,0.7453632817110446,0.41208791208791207,1,364,1,1,1,1
706,0544_c0001_005.jpg,544,0,-1,True,150,8550,0.8929372475370276,0.5859375,1,256,1,1,1,1
707,0544_c0001_010.jpg,544,0,-1,True,150,8550,0.834602684506887,0.6122448979591837,1,245,1,1,1,1
708,0544_c0001_015.jpg,544,0,-1,True,150,8550,0.8295996141835023,0.5376344086021505,1,279,1,1,1,1
709,0544_c0001_020.jpg,544,0,-1,True,150,8550,0.7980883055371341,0.5263157894736842,1,285,1,1,1,1
710,0544_c0002_000.jpg,544,1,-1,True,150,8550,0.9356483874035312,0.78125,1,192,1,1,1,1
711,0544_c0002_005.jpg,544,1,-1,True,150,8550,0.9493435309153346,0.7894736842105263,1,190,1,1,1,1
712,0544_c0002_010.jpg,544,1,-1,True,150,8550,0.8848319596659835,0.6944444444444444,1,216,1,1,1,1
713,0544_c0002_015.jpg,544,1,-1,True,150,8550,0.9156572286946502,0.7653061224489796,1,196,1,1,1,1
714,0544_c0002_020.jpg,544,1,-1,True,150,8550,0.9335737365932109,0.746268656716418,1,201,1,1,1,1
715,0544_c0003_000.jpg,544,2,-1,True,150,8550,0.9908573620126336,0.9202453987730062,1,163,1,1,1,1
716,0544_c0003_005.jpg,544,2,-1,True,150,8550,0.9969155633925133,0.9615384615384616,1,156,1,1,1,1
717,0544_c0003_010.jpg,544,2,-1,True,150,8550,0.9935746030888534,0.8982035928143712,1,167,1,1,1,1
718,0544_c0003_015.jpg,544,2,-1,True,150,8550,0.9935149702706645,0.9259259259259259,1,162,1,1,1,1
719,0544_c0003_020.jpg,544,2,-1,True,150,8550,0.9949139149293368,0.9202453987730062,1,163,1,1,1,1
720,0544_c0005_000.jpg,544,4,-1,True,150,8550,0.9824753922617513,0.8379888268156425,1,179,1,1,1,1
721,0544_c0005_005.jpg,544,4,-1,True,150,8550,0.9708163126304041,0.78125,1,192,1,1,1,1
722,0544_c0005_010.jpg,544,4,-1,True,150,8550,0.9836593232684337,0.8620689655172413,1,174,1,1,1,1
723,0544_c0005_015.jpg,544,4,-1,True,150,8550,0.9725781679289791,0.7772020725388601,1,193,1,1,1,1
724,0544_c0005_020.jpg,544,4,-1,True,150,8550,0.9712305406956485,0.7653061224489796,1,196,1,1,1,1
725,0544_c0006_000.jpg,544,5,-1,True,150,8550,1.0,1.0,1,150,1,1,1,1
726,0544_c0006_005.jpg,544,5,-1,True,150,8550,1.0,1.0,1,150,1,1,1,1
727,0544_c0006_010.jpg,544,5,-1,True,150,8550,1.0,1.0,1,150,1,1,1,1
728,0544_c0006_015.jpg,544,5,-1,True,150,8550,1.0,1.0,1,150,1,1,1,1
729,0544_c0006_020.jpg,544,5,-1,True,150,8550,1.0,1.0,1,150,1,1,1,1
730,0544_c0007_000.jpg,544,6,-1,True,150,8550,1.0,1.0,1,150,1,1,1,1
731,0544_c0007_005.jpg,544,6,-1,True,150,8550,1.0,1.0,1,150,1,1,1,1
732,0544_c0007_010.jpg,544,6,-1,True,150,8550,1.0,1.0,1,150,1,1,1,1
733,0544_c0007_015.jpg,544,6,-1,True,150,8550,1.0,1.0,1,150,1,1,1,1
734,0544_c0007_020.jpg,544,6,-1,True,150,8550,1.0,1.0,1,150,1,1,1,1
735,0544_c0008_000.jpg,544,7,-1,True,150,8550,1.0,1.0,1,150,1,1,1,1
736,0544_c0008_005.jpg,544,7,-1,True,150,8550,1.0,1.0,1,150,1,1,1,1
737,0544_c0008_010.jpg,544,7,-1,True,150,8550,1.0,1.0,1,150,1,1,1,1
738,0544_c0008_015.jpg,544,7,-1,True,150,8550,1.0,1.0,1,150,1,1,1,1
739,0544_c0008_020.jpg,544,7,-1,True,150,8550,1.0,1.0,1,150,1,1,1,1
740,0546_c0002_000.jpg,546,1,-1,True,75,8550,0.8331903892168474,0.39893617021276595,1,188,1,1,1,1
741,0546_c0002_005.jpg,546,1,-1,True,75,8550,0.8498112100558518,0.5725190839694656,1,131,1,1,1,1
742,0546_c0002_010.jpg,546,1,-1,True,75,8550,0.848779999200586,0.5434782608695652,1,138,1,1,1,1
743,0546_c0002_015.jpg,546,1,-1,True,75,8550,0.823526229592344,0.39267015706806285,1,191,1,1,1,1
744,0546_c0002_020.jpg,546,1,-1,True,75,8550,0.842253444634402,0.4658385093167702,1,161,1,1,1,1
745,0546_c0004_000.jpg,546,3,-1,True,75,8550,1.0,1.0,1,75,1,1,1,1
746,0546_c0004_005.jpg,546,3,-1,True,75,8550,1.0,1.0,1,75,1,1,1,1
747,0546_c0004_010.jpg,546,3,-1,True,75,8550,1.0,1.0,1,75,1,1,1,1
748,0546_c0004_015.jpg,546,3,-1,True,75,8550,1.0,1.0,1,75,1,1,1,1
749,0546_c0004_020.jpg,546,3,-1,True,75,8550,1.0,1.0,1,75,1,1,1,1
750,0546_c0007_000.jpg,546,6,-1,True,75,8550,0.9550043396525602,0.75,1,100,1,1,1,1
751,0546_c0007_005.jpg,546,6,-1,True,75,8550,0.9881058821355236,0.8426966292134831,1,89,1,1,1,1
752,0546_c0007_010.jpg,546,6,-1,True,75,8550,1.0,1.0,1,75,1,1,1,1
753,0546_c0007_015.jpg,546,6,-1,True,75,8550,0.9987875187875189,0.9615384615384616,1,78,1,1,1,1
754,0546_c0007_020.jpg,546,6,-1,True,75,8550,0.8952767522644077,0.6302521008403361,1,119,1,1,1,1
755,0546_c0008_000.jpg,546,7,-1,True,75,8550,0.7181923350760858,0.1609442060085837,1,466,1,1,1,1
756,0546_c0008_005.jpg,546,7,-1,True,75,8550,0.7237354164052416,0.17321016166281755,1,433,1,1,1,1
757,0546_c0008_010.jpg,546,7,-1,True,75,8550,0.731683357361034,0.18427518427518427,1,407,1,1,1,1
758,0546_c0008_015.jpg,546,7,-1,True,75,8550,0.7234520497126999,0.1724137931034483,1,435,1,1,1,1
759,0546_c0008_020.jpg,546,7,-1,True,75,8550,0.7343750086618638,0.1865671641791045,1,402,1,1,1,1
760,0548_c0001_000.jpg,548,0,-1,True,125,8550,0.29038279861490623,0.05077173030056864,1,2462,1,1,1,1
761,0548_c0001_005.jpg,548,0,-1,True,125,8550,0.2618457455734562,0.04344803614876608,1,2877,1,1,1,1
762,0548_c0001_010.jpg,548,0,-1,True,125,8550,0.36378783791772884,0.05656108597285068,1,2210,1,1,1,1
763,0548_c0001_015.jpg,548,0,-1,True,125,8550,0.3704915626137228,0.05265374894692502,1,2374,1,1,1,1
764,0548_c0001_020.jpg,548,0,-1,True,125,8550,0.44204983897061506,0.058004640371229696,1,2155,1,1,1,1
765,0548_c0002_000.jpg,548,1,-1,True,125,8550,0.2853668981243285,0.13241525423728814,1,944,1,1,1,1
766,0548_c0002_005.jpg,548,1,-1,True,125,8550,0.32042855740536047,0.143348623853211,1,872,1,1,1,1
767,0548_c0002_010.jpg,548,1,-1,True,125,8550,0.35909980782894274,0.1385809312638581,1,902,1,1,1,1
768,0548_c0002_015.jpg,548,1,-1,True,125,8550,0.37330103920018115,0.13283740701381508,1,941,1,1,1,1
769,0548_c0002_020.jpg,548,1,-1,True,125,8550,0.4090752764331383,0.14156285390713477,1,883,1,1,1,1
770,0548_c0003_000.jpg,548,2,-1,True,125,8550,0.27322551094844905,0.157035175879397,26,796,0,0,0,0
771,0548_c0003_005.jpg,548,2,-1,True,125,8550,0.27163412732526726,0.159846547314578,26,782,0,0,0,0
772,0548_c0003_010.jpg,548,2,-1,True,125,8550,0.2734816744144921,0.16149870801033592,26,774,0,0,0,0
773,0548_c0003_015.jpg,548,2,-1,True,125,8550,0.27983904741911386,0.15151515151515152,26,825,0,0,0,0
774,0548_c0003_020.jpg,548,2,-1,True,125,8550,0.2797183857595153,0.1481042654028436,26,844,0,0,0,0
775,0548_c0005_000.jpg,548,4,-1,True,125,8550,0.9518630748247495,0.28153153153153154,1,444,1,1,1,1
776,0548_c0005_005.jpg,548,4,-1,True,125,8550,0.9054307148748288,0.22084805653710246,1,566,1,1,1,1
777,0548_c0005_010.jpg,548,4,-1,True,125,8550,0.8315324515087782,0.11916110581506197,1,1049,1,1,1,1
778,0548_c0005_015.jpg,548,4,-1,True,125,8550,0.8518030312951477,0.09689922480620156,1,1290,1,1,1,1
779,0548_c0005_020.jpg,548,4,-1,True,125,8550,0.8747862949018752,0.15547263681592038,1,804,1,1,1,1
780,0548_c0006_000.jpg,548,5,-1,True,125,8550,0.9313593266555976,0.7621951219512195,1,164,1,1,1,1
781,0548_c0006_005.jpg,548,5,-1,True,125,8550,0.9237764185933728,0.6983240223463687,1,179,1,1,1,1
782,0548_c0006_010.jpg,548,5,-1,True,125,8550,0.8681579091398124,0.6443298969072165,1,194,1,1,1,1
783,0548_c0006_015.jpg,548,5,-1,True,125,8550,0.9204904188982093,0.7225433526011561,1,173,1,1,1,1
784,0548_c0006_020.jpg,548,5,-1,True,125,8550,0.9110604457217386,0.6510416666666666,1,192,1,1,1,1
785,0548_c0007_000.jpg,548,6,-1,True,125,8550,0.5894540132092334,0.15683814303638646,1,797,1,1,1,1
786,0548_c0007_005.jpg,548,6,-1,True,125,8550,0.6420976739171336,0.176056338028169,1,710,1,1,1,1
787,0548_c0007_010.jpg,548,6,-1,True,125,8550,0.5667461010494984,0.10566356720202874,1,1183,1,1,1,1
788,0548_c0007_015.jpg,548,6,-1,True,125,8550,0.60295543656989,0.12794268167860798,1,977,1,1,1,1
789,0548_c0007_020.jpg,548,6,-1,True,125,8550,0.6290643820768934,0.11091393078970718,1,1127,1,1,1,1
790,0550_c0001_000.jpg,550,0,-1,True,175,8550,0.3629602098838293,0.16339869281045752,1,1071,1,1,1,1
791,0550_c0001_005.jpg,550,0,-1,True,175,8550,0.3667471850331838,0.17039922103213243,1,1027,1,1,1,1
792,0550_c0001_010.jpg,550,0,-1,True,175,8550,0.3767871797329836,0.1736111111111111,1,1008,1,1,1,1
793,0550_c0001_015.jpg,550,0,-1,True,175,8550,0.41819228879661346,0.17006802721088435,1,1029,1,1,1,1
794,0550_c0001_020.jpg,550,0,-1,True,175,8550,0.38530422956817767,0.18716577540106952,1,935,1,1,1,1
795,0550_c0002_000.jpg,550,1,-1,True,175,8550,0.47071249494758205,0.28225806451612906,1,620,1,1,1,1
796,0550_c0002_005.jpg,550,1,-1,True,175,8550,0.4043116150815748,0.23427041499330656,1,747,1,1,1,1
797,0550_c0002_010.jpg,550,1,-1,True,175,8550,0.3744916340985315,0.19908987485779295,1,879,1,1,1,1
798,0550_c0002_015.jpg,550,1,-1,True,175,8550,0.4022256198436585,0.20348837209302326,1,860,1,1,1,1
799,0550_c0002_020.jpg,550,1,-1,True,175,8550,0.39859703825921966,0.1881720430107527,1,930,1,1,1,1
800,0550_c0003_000.jpg,550,2,-1,True,175,8550,0.3880465249788007,0.15681003584229392,1,1116,1,1,1,1
801,0550_c0003_005.jpg,550,2,-1,True,175,8550,0.4110080063573147,0.17309594460929772,1,1011,1,1,1,1
802,0550_c0003_010.jpg,550,2,-1,True,175,8550,0.38596267488604896,0.15638963360142985,1,1119,1,1,1,1
803,0550_c0003_015.jpg,550,2,-1,True,175,8550,0.39301838397154865,0.1370399373531715,1,1277,1,1,1,1
804,0550_c0003_020.jpg,550,2,-1,True,175,8550,0.3947297669529378,0.19104803493449782,1,916,1,1,1,1
805,0550_c0004_000.jpg,550,3,-1,True,175,8550,0.6302639494674536,0.3593429158110883,1,487,1,1,1,1
806,0550_c0004_005.jpg,550,3,-1,True,175,8550,0.5401698284188079,0.3699788583509514,4,473,0,1,1,1
807,0550_c0004_010.jpg,550,3,-1,True,175,8550,0.6393321737928256,0.3787878787878788,1,462,1,1,1,1
808,0550_c0004_015.jpg,550,3,-1,True,175,8550,0.5168104261874868,0.3556910569105691,5,492,0,1,1,1
809,0550_c0004_020.jpg,550,3,-1,True,175,8550,0.5325391509812281,0.33783783783783783,5,518,0,1,1,1
810,0550_c0005_000.jpg,550,4,-1,True,175,8550,0.4126320151974195,0.12562814070351758,1,1393,1,1,1,1
811,0550_c0005_005.jpg,550,4,-1,True,175,8550,0.5324220088655385,0.17412935323383086,1,1005,1,1,1,1
812,0550_c0005_010.jpg,550,4,-1,True,175,8550,0.44043017204538726,0.15996343692870202,1,1094,1,1,1,1
813,0550_c0005_015.jpg,550,4,-1,True,175,8550,0.46658538321118764,0.20783847980997625,1,842,1,1,1,1
814,0550_c0005_020.jpg,550,4,-1,True,175,8550,0.3994345810130027,0.1609935602575897,2,1087,0,1,1,1
815,0550_c0006_000.jpg,550,5,-1,True,175,8550,0.41565038605382143,0.09727626459143969,1,1799,1,1,1,1
816,0550_c0006_005.jpg,550,5,-1,True,175,8550,0.45446122384467,0.092445853143159,2,1893,0,1,1,1
817,0550_c0006_010.jpg,550,5,-1,True,175,8550,0.48212884101940534,0.09994288977727013,1,1751,1,1,1,1
818,0550_c0006_015.jpg,550,5,-1,True,175,8550,0.4972554816537932,0.11283043197936815,1,1551,1,1,1,1
819,0550_c0006_020.jpg,550,5,-1,True,175,8550,0.45261024076536055,0.10497900419916016,4,1667,0,1,1,1
820,0550_c0007_000.jpg,550,6,-1,True,175,8550,0.5976887220975673,0.23026315789473684,1,760,1,1,1,1
821,0550_c0007_005.jpg,550,6,-1,True,175,8550,0.6074067278165171,0.32051282051282054,1,546,1,1,1,1
822,0550_c0007_010.jpg,550,6,-1,True,175,8550,0.6060968759560964,0.3054101221640489,1,573,1,1,1,1
823,0550_c0007_015.jpg,550,6,-1,True,175,8550,0.6024449473012581,0.3054101221640489,1,573,1,1,1,1
824,0550_c0007_020.jpg,550,6,-1,True,175,8550,0.6097821288521095,0.3147482014388489,1,556,1,1,1,1
825,0550_c0008_000.jpg,550,7,-1,True,175,8550,0.5634902076835642,0.3176043557168784,1,551,1,1,1,1
826,0550_c0008_005.jpg,550,7,-1,True,175,8550,0.5831711389861371,0.2976190476190476,1,588,1,1,1,1
827,0550_c0008_010.jpg,550,7,-1,True,175,8550,0.5891765971969539,0.25697503671071953,1,681,1,1,1,1
828,0550_c0008_015.jpg,550,7,-1,True,175,8550,0.5955907719300355,0.39503386004514673,1,443,1,1,1,1
829,0550_c0008_020.jpg,550,7,-1,True,175,8550,0.5993678355164236,0.28688524590163933,1,610,1,1,1,1
830,0552_c0001_000.jpg,552,0,-1,True,175,8550,0.6520500452854096,0.16203703703703703,1,1080,1,1,1,1
831,0552_c0001_005.jpg,552,0,-1,True,175,8550,0.6446848232801965,0.14944491887275832,1,1171,1,1,1,1
832,0552_c0001_010.jpg,552,0,-1,True,175,8550,0.6243006093280036,0.1387787470261697,1,1261,1,1,1,1
833,0552_c0001_015.jpg,552,0,-1,True,175,8550,0.6202422570370687,0.13379204892966362,1,1308,1,1,1,1
834,0552_c0001_020.jpg,552,0,-1,True,175,8550,0.5724408582078278,0.1133419689119171,1,1544,1,1,1,1
835,0552_c0002_000.jpg,552,1,-1,True,175,8550,0.7779190255171745,0.2141982864137087,1,817,1,1,1,1
836,0552_c0002_005.jpg,552,1,-1,True,175,8550,0.7549384759784447,0.19553072625698323,1,895,1,1,1,1
837,0552_c0002_010.jpg,552,1,-1,True,175,8550,0.8154632234503956,0.21875,1,800,1,1,1,1
838,0552_c0002_015.jpg,552,1,-1,True,175,8550,0.8075031796751667,0.19863791146424517,1,881,1,1,1,1
839,0552_c0002_020.jpg,552,1,-1,True,175,8550,0.7238223363466446,0.17006802721088435,1,1029,1,1,1,1
840,0552_c0003_000.jpg,552,2,-1,True,175,8550,1.0,1.0,1,175,1,1,1,1
841,0552_c0003_005.jpg,552,2,-1,True,175,8550,0.9999675324675324,0.9943181818181818,1,176,1,1,1,1
842,0552_c0003_010.jpg,552,2,-1,True,175,8550,0.9996734480609394,0.9887005649717514,1,177,1,1,1,1
843,0552_c0003_015.jpg,552,2,-1,True,175,8550,0.99811667552634,0.9831460674157303,1,178,1,1,1,1
844,0552_c0003_020.jpg,552,2,-1,True,175,8550,0.995831748918914,0.9562841530054644,1,183,1,1,1,1
845,0552_c0004_000.jpg,552,3,-1,True,175,8550,0.8831847125163793,0.4032258064516129,1,434,1,1,1,1
846,0552_c0004_005.jpg,552,3,-1,True,175,8550,0.8439782070124479,0.35,1,500,1,1,1,1
847,0552_c0004_010.jpg,552,3,-1,True,175,8550,0.9734044255848582,0.7675438596491229,1,228,1,1,1,1
848,0552_c0004_015.jpg,552,3,-1,True,175,8550,0.8387937717105927,0.33269961977186313,1,526,1,1,1,1
849,0552_c0004_020.jpg,552,3,-1,True,175,8550,0.9116942949333761,0.4013761467889908,1,436,1,1,1,1
850,0552_c0005_000.jpg,552,4,-1,True,175,8550,1.0,1.0,1,175,1,1,1,1
851,0552_c0005_005.jpg,552,4,-1,True,175,8550,0.999902038683812,0.9943181818181818,1,176,1,1,1,1
852,0552_c0005_010.jpg,552,4,-1,True,175,8550,0.9999675324675324,0.9943181818181818,1,176,1,1,1,1
853,0552_c0005_015.jpg,552,4,-1,True,175,8550,1.0,1.0,1,175,1,1,1,1
854,0552_c0005_020.jpg,552,4,-1,True,175,8550,0.9986102730085731,0.9020618556701031,1,194,1,1,1,1
855,0552_c0006_000.jpg,552,5,-1,True,175,8550,0.8945201345324728,0.25547445255474455,1,685,1,1,1,1
856,0552_c0006_005.jpg,552,5,-1,True,175,8550,0.8898891360676671,0.264750378214826,1,661,1,1,1,1
857,0552_c0006_010.jpg,552,5,-1,True,175,8550,0.8695010667675602,0.2596439169139466,1,674,1,1,1,1
858,0552_c0006_015.jpg,552,5,-1,True,175,8550,0.8662396156328185,0.264750378214826,1,661,1,1,1,1
859,0552_c0006_020.jpg,552,5,-1,True,175,8550,0.8751364335542681,0.2808988764044944,1,623,1,1,1,1
860,0552_c0007_000.jpg,552,6,-1,True,175,8550,0.9621795823059067,0.5608974358974359,1,312,1,1,1,1
861,0552_c0007_005.jpg,552,6,-1,True,175,8550,0.9597018537110937,0.5718954248366013,1,306,1,1,1,1
862,0552_c0007_010.jpg,552,6,-1,True,175,8550,0.9522337341390446,0.47554347826086957,1,368,1,1,1,1
863,0552_c0007_015.jpg,552,6,-1,True,175,8550,0.9365514456157604,0.4196642685851319,1,417,1,1,1,1
864,0552_c0007_020.jpg,552,6,-1,True,175,8550,0.8112742511852635,0.33081285444234404,1,529,1,1,1,1
865,0552_c0008_000.jpg,552,7,-1,True,175,8550,0.8975817942344876,0.4557291666666667,1,384,1,1,1,1
866,0552_c0008_005.jpg,552,7,-1,True,175,8550,0.9197435458265871,0.5912162162162162,1,296,1,1,1,1
867,0552_c0008_010.jpg,552,7,-1,True,175,8550,0.9043481019900518,0.49157303370786515,1,356,1,1,1,1
868,0552_c0008_015.jpg,552,7,-1,True,175,8550,0.9107420798512366,0.54858934169279,1,319,1,1,1,1
869,0552_c0008_020.jpg,552,7,-1,True,175,8550,0.9294901051192823,0.6055363321799307,1,289,1,1,1,1
870,0554_c0001_000.jpg,554,0,-1,True,150,8550,0.7636175927042751,0.2358490566037736,1,636,1,1,1,1
871,0554_c0001_005.jpg,554,0,-1,True,150,8550,0.7582666828244953,0.23961661341853036,1,626,1,1,1,1
872,0554_c0001_010.jpg,554,0,-1,True,150,8550,0.7576508516877237,0.24549918166939444,1,611,1,1,1,1
873,0554_c0001_015.jpg,554,0,-1,True,150,8550,0.755300886844723,0.2347417840375587,1,639,1,1,1,1
874,0554_c0001_020.jpg,554,0,-1,True,150,8550,0.7561332315604288,0.24,1,625,1,1,1,1
875,0554_c0002_000.jpg,554,1,-1,True,150,8550,0.5669913632958288,0.18028846153846154,1,832,1,1,1,1
876,0554_c0002_005.jpg,554,1,-1,True,150,8550,0.5689449013429106,0.18495684340320592,1,811,1,1,1,1
877,0554_c0002_010.jpg,554,1,-1,True,150,8550,0.5783157658880009,0.18587360594795538,1,807,1,1,1,1
878,0554_c0002_015.jpg,554,1,-1,True,150,8550,0.5547453109828242,0.17964071856287425,1,835,1,1,1,1
879,0554_c0002_020.jpg,554,1,-1,True,150,8550,0.570371725539065,0.18915510718789408,1,793,1,1,1,1
880,0554_c0003_000.jpg,554,2,-1,True,150,8550,0.943535848918646,0.6172839506172839,1,243,1,1,1,1
881,0554_c0003_005.jpg,554,2,-1,True,150,8550,0.949246282164889,0.6493506493506493,1,231,1,1,1,1
882,0554_c0003_010.jpg,554,2,-1,True,150,8550,0.9422453455350459,0.6122448979591837,1,245,1,1,1,1
883,0554_c0003_015.jpg,554,2,-1,True,150,8550,0.9290841571299079,0.5597014925373134,1,268,1,1,1,1
884,0554_c0003_020.jpg,554,2,-1,True,150,8550,0.9250190489291018,0.5494505494505495,1,273,1,1,1,1
885,0554_c0005_000.jpg,554,4,-1,True,150,8550,0.8827587601284309,0.30612244897959184,1,490,1,1,1,1
886,0554_c0005_005.jpg,554,4,-1,True,150,8550,0.8828610287046278,0.3054989816700611,1,491,1,1,1,1
887,0554_c0005_010.jpg,554,4,-1,True,150,8550,0.8814835169813449,0.30120481927710846,1,498,1,1,1,1
888,0554_c0005_015.jpg,554,4,-1,True,150,8550,0.8813890957076871,0.3,1,500,1,1,1,1
889,0554_c0005_020.jpg,554,4,-1,True,150,8550,0.8815670902183386,0.30060120240480964,1,499,1,1,1,1
890,0554_c0006_000.jpg,554,5,-1,True,150,8550,0.9881925207305456,0.8571428571428571,1,175,1,1,1,1
891,0554_c0006_005.jpg,554,5,-1,True,150,8550,0.9953196428248923,0.9554140127388535,1,157,1,1,1,1
892,0554_c0006_010.jpg,554,5,-1,True,150,8550,0.9969493044873153,0.974025974025974,1,154,1,1,1,1
893,0554_c0006_015.jpg,554,5,-1,True,150,8550,0.9695272570917386,0.7653061224489796,1,196,1,1,1,1
894,0554_c0006_020.jpg,554,5,-1,True,150,8550,0.9912331576476506,0.8875739644970414,1,169,1,1,1,1
895,0554_c0007_000.jpg,554,6,-1,True,150,8550,0.8754340383158442,0.46296296296296297,1,324,1,1,1,1
896,0554_c0007_005.jpg,554,6,-1,True,150,8550,0.8834645024919077,0.5067567567567568,1,296,1,1,1,1
897,0554_c0007_010.jpg,554,6,-1,True,150,8550,0.8791238201954682,0.487012987012987,1,308,1,1,1,1
898,0554_c0007_015.jpg,554,6,-1,True,150,8550,0.9065945704731075,0.4983388704318937,1,301,1,1,1,1
899,0554_c0007_020.jpg,554,6,-1,True,150,8550,0.9028609400338781,0.5208333333333334,1,288,1,1,1,1
900,0554_c0008_000.jpg,554,7,-1,True,150,8550,0.9396335182520068,0.6276150627615062,1,239,1,1,1,1
901,0554_c0008_005.jpg,554,7,-1,True,150,8550,0.9417639129739098,0.6666666666666666,1,225,1,1,1,1
902,0554_c0008_010.jpg,554,7,-1,True,150,8550,0.9416266821703171,0.6437768240343348,1,233,1,1,1,1
903,0554_c0008_015.jpg,554,7,-1,True,150,8550,0.9422946353329742,0.646551724137931,1,232,1,1,1,1
904,0554_c0008_020.jpg,554,7,-1,True,150,8550,0.9425202639906354,0.6493506493506493,1,231,1,1,1,1
905,0556_c0001_000.jpg,556,0,-1,True,175,8550,0.6168065105482685,0.23648648648648649,4,740,0,1,1,1
906,0556_c0001_005.jpg,556,0,-1,True,175,8550,0.5852819679456079,0.22816166883963493,5,767,0,1,1,1
907,0556_c0001_010.jpg,556,0,-1,True,175,8550,0.5213654074772616,0.24441340782122906,5,716,0,1,1,1
908,0556_c0001_015.jpg,556,0,-1,True,175,8550,0.5348555471449976,0.20491803278688525,4,854,0,1,1,1
909,0556_c0001_020.jpg,556,0,-1,True,175,8550,0.4614537727310486,0.19818799546998866,7,883,0,0,1,1
910,0556_c0002_000.jpg,556,1,-1,True,175,8550,0.48631235484944985,0.17292490118577075,1,1012,1,1,1,1
911,0556_c0002_005.jpg,556,1,-1,True,175,8550,0.5887266335084038,0.22151898734177214,1,790,1,1,1,1
912,0556_c0002_010.jpg,556,1,-1,True,175,8550,0.6181994047322662,0.24339360222531292,1,719,1,1,1,1
913,0556_c0002_015.jpg,556,1,-1,True,175,8550,0.5709943853583571,0.23026315789473684,1,760,1,1,1,1
914,0556_c0002_020.jpg,556,1,-1,True,175,8550,0.5591589158923729,0.21160822249093109,1,827,1,1,1,1
915,0556_c0003_000.jpg,556,2,-1,True,175,8550,0.7322870737841111,0.3054101221640489,1,573,1,1,1,1
916,0556_c0003_005.jpg,556,2,-1,True,175,8550,0.7789153151193448,0.31645569620253167,1,553,1,1,1,1
917,0556_c0003_010.jpg,556,2,-1,True,175,8550,0.8296180037708375,0.4166666666666667,1,420,1,1,1,1
918,0556_c0003_015.jpg,556,2,-1,True,175,8550,0.8347540963539674,0.4475703324808184,1,391,1,1,1,1
919,0556_c0003_020.jpg,556,2,-1,True,175,8550,0.8452340088369112,0.4396984924623116,1,398,1,1,1,1
920,0556_c0004_000.jpg,556,3,-1,True,175,8550,0.8026493116218651,0.26515151515151514,1,660,1,1,1,1
921,0556_c0004_005.jpg,556,3,-1,True,175,8550,0.7995207877692107,0.29711375212224106,1,589,1,1,1,1
922,0556_c0004_010.jpg,556,3,-1,True,175,8550,0.8561734212584134,0.2581120943952802,1,678,1,1,1,1
923,0556_c0004_015.jpg,556,3,-1,True,175,8550,0.8536738429687858,0.27258566978193144,1,642,1,1,1,1
924,0556_c0004_020.jpg,556,3,-1,True,175,8550,0.8494821468083487,0.2946127946127946,1,594,1,1,1,1
925,0556_c0005_000.jpg,556,4,-1,True,175,8550,0.2973797614282684,0.22095959595959597,27,792,0,0,0,0
926,0556_c0005_005.jpg,556,4,-1,True,175,8550,0.2686366231553849,0.24964336661911554,29,701,0,0,0,0
927,0556_c0005_010.jpg,556,4,-1,True,175,8550,0.47123340797171215,0.27472527472527475,1,637,1,1,1,1
928,0556_c0005_015.jpg,556,4,-1,True,175,8550,0.5124762570160728,0.2786624203821656,1,628,1,1,1,1
929,0556_c0005_020.jpg,556,4,-1,True,175,8550,0.5143762195581058,0.2713178294573643,1,645,1,1,1,1
930,0556_c0006_000.jpg,556,5,-1,True,175,8550,0.8815046663882161,0.354251012145749,1,494,1,1,1,1
931,0556_c0006_005.jpg,556,5,-1,True,175,8550,0.8676562469680894,0.2951096121416526,1,593,1,1,1,1
932,0556_c0006_010.jpg,556,5,-1,True,175,8550,0.8827525907635936,0.33396946564885494,1,524,1,1,1,1
933,0556_c0006_015.jpg,556,5,-1,True,175,8550,0.8786106844893938,0.3295668549905838,1,531,1,1,1,1
934,0556_c0006_020.jpg,556,5,-1,True,175,8550,0.872639230332797,0.30701754385964913,1,570,1,1,1,1
935,0556_c0007_000.jpg,556,6,-1,True,175,8550,0.897542364661094,0.546875,1,320,1,1,1,1
936,0556_c0007_005.jpg,556,6,-1,True,175,8550,0.9020176845638045,0.44529262086513993,1,393,1,1,1,1
937,0556_c0007_010.jpg,556,6,-1,True,175,8550,0.9192979090341142,0.4605263157894737,1,380,1,1,1,1
938,0556_c0007_015.jpg,556,6,-1,True,175,8550,0.8914543159652171,0.38802660753880264,1,451,1,1,1,1
939,0556_c0007_020.jpg,556,6,-1,True,175,8550,0.9072066643805231,0.42892156862745096,1,408,1,1,1,1
940,0556_c0008_000.jpg,556,7,-1,True,175,8550,0.8804398871579804,0.43424317617866004,1,403,1,1,1,1
941,0556_c0008_005.jpg,556,7,-1,True,175,8550,0.8446273038947398,0.28180354267310787,1,621,1,1,1,1
942,0556_c0008_010.jpg,556,7,-1,True,175,8550,0.8560813221888345,0.27910685805422647,1,627,1,1,1,1
943,0556_c0008_015.jpg,556,7,-1,True,175,8550,0.8576389442580902,0.2921535893155259,1,599,1,1,1,1
944,0556_c0008_020.jpg,556,7,-1,True,175,8550,0.8917277148507362,0.34448818897637795,1,508,1,1,1,1
945,0558_c0001_000.jpg,558,0,-1,True,175,8550,0.6888245843175493,0.38293216630196936,1,457,1,1,1,1
946,0558_c0001_005.jpg,558,0,-1,True,175,8550,0.7109148979562391,0.4227053140096618,1,414,1,1,1,1
947,0558_c0001_010.jpg,558,0,-1,True,175,8550,0.7212725870956919,0.43532338308457713,1,402,1,1,1,1
948,0558_c0001_015.jpg,558,0,-1,True,175,8550,0.6964636763906428,0.4742547425474255,1,369,1,1,1,1
949,0558_c0001_020.jpg,558,0,-1,True,175,8550,0.6336424660228112,0.541795665634675,1,323,1,1,1,1
950,0558_c0002_000.jpg,558,1,-1,True,175,8550,0.5160121165914932,0.2845528455284553,1,615,1,1,1,1
951,0558_c0002_005.jpg,558,1,-1,True,175,8550,0.4822494775449429,0.28688524590163933,1,610,1,1,1,1
952,0558_c0002_010.jpg,558,1,-1,True,175,8550,0.4863678488929778,0.2713178294573643,1,645,1,1,1,1
953,0558_c0002_015.jpg,558,1,-1,True,175,8550,0.5203028604277165,0.3108348134991119,1,563,1,1,1,1
954,0558_c0002_020.jpg,558,1,-1,True,175,8550,0.48556563529489144,0.2696456086286595,1,649,1,1,1,1
955,0558_c0003_000.jpg,558,2,-1,True,175,8550,0.8894102260677822,0.2046783625730994,1,855,1,1,1,1
956,0558_c0003_005.jpg,558,2,-1,True,175,8550,0.8818393749276868,0.19729425028184894,1,887,1,1,1,1
957,0558_c0003_010.jpg,558,2,-1,True,175,8550,0.876932364682208,0.18776824034334763,1,932,1,1,1,1
958,0558_c0003_015.jpg,558,2,-1,True,175,8550,0.8524939255241542,0.24238227146814403,1,722,1,1,1,1
959,0558_c0003_020.jpg,558,2,-1,True,175,8550,0.8726542161653007,0.30918727915194344,1,566,1,1,1,1
960,0558_c0004_000.jpg,558,3,-1,True,175,8550,0.7996495692557452,0.40415704387990764,1,433,1,1,1,1
961,0558_c0004_005.jpg,558,3,-1,True,175,8550,0.8485283681051494,0.4060324825986079,1,431,1,1,1,1
962,0558_c0004_010.jpg,558,3,-1,True,175,8550,0.8700802180500892,0.3923766816143498,1,446,1,1,1,1
963,0558_c0004_015.jpg,558,3,-1,True,175,8550,0.8234345926283156,0.3181818181818182,1,550,1,1,1,1
964,0558_c0004_020.jpg,558,3,-1,True,175,8550,0.8232652094993478,0.26435045317220546,1,662,1,1,1,1
965,0558_c0005_000.jpg,558,4,-1,True,175,8550,0.7443224659294603,0.1959686450167973,1,893,1,1,1,1
966,0558_c0005_005.jpg,558,4,-1,True,175,8550,0.7308167208152789,0.20114942528735633,1,870,1,1,1,1
967,0558_c0005_010.jpg,558,4,-1,True,175,8550,0.7306039306099986,0.2044392523364486,1,856,1,1,1,1
968,0558_c0005_015.jpg,558,4,-1,True,175,8550,0.7476547164487783,0.20539906103286384,1,852,1,1,1,1
969,0558_c0005_020.jpg,558,4,-1,True,175,8550,0.7447542790802314,0.18518518518518517,1,945,1,1,1,1
970,0558_c0006_000.jpg,558,5,-1,True,175,8550,0.7762020241872346,0.5700325732899023,1,307,1,1,1,1
971,0558_c0006_005.jpg,558,5,-1,True,175,8550,0.7849949727697597,0.5718954248366013,1,306,1,1,1,1
972,0558_c0006_010.jpg,558,5,-1,True,175,8550,0.7614484600553798,0.5700325732899023,1,307,1,1,1,1
973,0558_c0006_015.jpg,558,5,-1,True,175,8550,0.795251403453273,0.5718954248366013,1,306,1,1,1,1
974,0558_c0006_020.jpg,558,5,-1,True,175,8550,0.7781353113074114,0.5700325732899023,1,307,1,1,1,1
975,0558_c0007_000.jpg,558,6,-1,True,175,8550,0.8731537051198104,0.5208333333333334,1,336,1,1,1,1
976,0558_c0007_005.jpg,558,6,-1,True,175,8550,0.8553693856574598,0.4098360655737705,1,427,1,1,1,1
977,0558_c0007_010.jpg,558,6,-1,True,175,8550,0.8677757324955337,0.5434782608695652,1,322,1,1,1,1
978,0558_c0007_015.jpg,558,6,-1,True,175,8550,0.8690315357255101,0.6386861313868614,1,274,1,1,1,1
979,0558_c0007_020.jpg,558,6,-1,True,175,8550,0.8758259924880395,0.6529850746268657,1,268,1,1,1,1
980,0558_c0008_000.jpg,558,7,-1,True,175,8550,0.9077113620583311,0.3211009174311927,1,545,1,1,1,1
981,0558_c0008_005.jpg,558,7,-1,True,175,8550,0.8953879222539183,0.26395173453996984,1,663,1,1,1,1
982,0558_c0008_010.jpg,558,7,-1,True,175,8550,0.8995783780553933,0.28363047001620745,1,617,1,1,1,1
983,0558_c0008_015.jpg,558,7,-1,True,175,8550,0.9008870361828866,0.2808988764044944,1,623,1,1,1,1
984,0558_c0008_020.jpg,558,7,-1,True,175,8550,0.9025749428213576,0.2878289473684211,1,608,1,1,1,1
985,0560_c0001_000.jpg,560,0,-1,True,150,8550,0.9946757874109581,0.8571428571428571,1,175,1,1,1,1
986,0560_c0001_005.jpg,560,0,-1,True,150,8550,0.9982532335327657,0.8771929824561403,1,171,1,1,1,1
987,0560_c0001_010.jpg,560,0,-1,True,150,8550,0.9993367237111183,0.9202453987730062,1,163,1,1,1,1
988,0560_c0001_015.jpg,560,0,-1,True,150,8550,0.9953014361741941,0.8571428571428571,1,175,1,1,1,1
989,0560_c0001_020.jpg,560,0,-1,True,150,8550,0.9807749507574961,0.8333333333333334,1,180,1,1,1,1
990,0560_c0002_000.jpg,560,1,-1,True,150,8550,1.0,1.0,1,150,1,1,1,1
991,0560_c0002_005.jpg,560,1,-1,True,150,8550,1.0,1.0,1,150,1,1,1,1
992,0560_c0002_010.jpg,560,1,-1,True,150,8550,1.0,1.0,1,150,1,1,1,1
993,0560_c0002_015.jpg,560,1,-1,True,150,8550,1.0,1.0,1,150,1,1,1,1
994,0560_c0002_020.jpg,560,1,-1,True,150,8550,1.0,1.0,1,150,1,1,1,1
995,0560_c0003_000.jpg,560,2,-1,True,150,8550,0.9998268398268398,0.974025974025974,1,154,1,1,1,1
996,0560_c0003_005.jpg,560,2,-1,True,150,8550,0.9985908028977413,0.8620689655172413,1,174,1,1,1,1
997,0560_c0003_010.jpg,560,2,-1,True,150,8550,0.9972161467830885,0.8571428571428571,1,175,1,1,1,1
998,0560_c0003_015.jpg,560,2,-1,True,150,8550,0.9985116658789492,0.8571428571428571,1,175,1,1,1,1
999,0560_c0003_020.jpg,560,2,-1,True,150,8550,0.9993574297188755,0.9036144578313253,1,166,1,1,1,1
1000,0560_c0005_000.jpg,560,4,-1,True,150,8550,1.0,1.0,1,150,1,1,1,1
1001,0560_c0005_005.jpg,560,4,-1,True,150,8550,1.0,1.0,1,150,1,1,1,1
1002,0560_c0005_010.jpg,560,4,-1,True,150,8550,1.0,1.0,1,150,1,1,1,1
1003,0560_c0005_015.jpg,560,4,-1,True,150,8550,1.0,1.0,1,150,1,1,1,1
1004,0560_c0005_020.jpg,560,4,-1,True,150,8550,1.0,1.0,1,150,1,1,1,1
1005,0560_c0006_000.jpg,560,5,-1,True,150,8550,1.0,1.0,1,150,1,1,1,1
1006,0560_c0006_005.jpg,560,5,-1,True,150,8550,1.0,1.0,1,150,1,1,1,1
1007,0560_c0006_010.jpg,560,5,-1,True,150,8550,1.0,1.0,1,150,1,1,1,1
1008,0560_c0006_015.jpg,560,5,-1,True,150,8550,1.0,1.0,1,150,1,1,1,1
1009,0560_c0006_020.jpg,560,5,-1,True,150,8550,1.0,1.0,1,150,1,1,1,1
1010,0560_c0007_000.jpg,560,6,-1,True,150,8550,1.0,1.0,1,150,1,1,1,1
1011,0560_c0007_005.jpg,560,6,-1,True,150,8550,1.0,1.0,1,150,1,1,1,1
1012,0560_c0007_010.jpg,560,6,-1,True,150,8550,1.0,1.0,1,150,1,1,1,1
1013,0560_c0007_015.jpg,560,6,-1,True,150,8550,1.0,1.0,1,150,1,1,1,1
1014,0560_c0007_020.jpg,560,6,-1,True,150,8550,1.0,1.0,1,150,1,1,1,1
1015,0560_c0008_000.jpg,560,7,-1,True,150,8550,1.0,1.0,1,150,1,1,1,1
1016,0560_c0008_005.jpg,560,7,-1,True,150,8550,1.0,1.0,1,150,1,1,1,1
1017,0560_c0008_010.jpg,560,7,-1,True,150,8550,1.0,1.0,1,150,1,1,1,1
1018,0560_c0008_015.jpg,560,7,-1,True,150,8550,1.0,1.0,1,150,1,1,1,1
1019,0560_c0008_020.jpg,560,7,-1,True,150,8550,1.0,1.0,1,150,1,1,1,1
1020,0562_c0001_000.jpg,562,0,-1,True,50,8550,0.9992078431372547,0.9803921568627451,1,51,1,1,1,1
1021,0562_c0001_005.jpg,562,0,-1,True,50,8550,0.9979574812903884,0.9803921568627451,1,51,1,1,1,1
1022,0562_c0001_010.jpg,562,0,-1,True,50,8550,0.9996078431372548,0.9803921568627451,1,51,1,1,1,1
1023,0562_c0001_015.jpg,562,0,-1,True,50,8550,0.9979574812903884,0.9803921568627451,1,51,1,1,1,1
1024,0562_c0001_020.jpg,562,0,-1,True,50,8550,1.0,1.0,1,50,1,1,1,1
1025,0562_c0003_000.jpg,562,2,-1,True,50,8550,0.9558587099719447,0.78125,1,64,1,1,1,1
1026,0562_c0003_005.jpg,562,2,-1,True,50,8550,0.8630091899466968,0.6666666666666666,1,75,1,1,1,1
1027,0562_c0003_010.jpg,562,2,-1,True,50,8550,0.8074468884327513,0.44642857142857145,1,112,1,1,1,1
1028,0562_c0003_015.jpg,562,2,-1,True,50,8550,0.775469679573145,0.49019607843137253,1,102,1,1,1,1
1029,0562_c0003_020.jpg,562,2,-1,True,50,8550,0.7720600078341622,0.5154639175257731,1,97,1,1,1,1
1030,0562_c0005_000.jpg,562,4,-1,True,50,8550,0.9655715539855229,0.7692307692307693,1,65,1,1,1,1
1031,0562_c0005_005.jpg,562,4,-1,True,50,8550,0.9745141814517737,0.8333333333333334,1,60,1,1,1,1
1032,0562_c0005_010.jpg,562,4,-1,True,50,8550,0.9844078151640367,0.8620689655172413,1,58,1,1,1,1
1033,0562_c0005_015.jpg,562,4,-1,True,50,8550,1.0,1.0,1,50,1,1,1,1
1034,0562_c0005_020.jpg,562,4,-1,True,50,8550,0.9095788156467585,0.5747126436781609,1,87,1,1,1,1
1035,0564_c0001_000.jpg,564,0,-1,True,150,8550,1.0,1.0,1,150,1,1,1,1
1036,0564_c0001_005.jpg,564,0,-1,True,150,8550,1.0,1.0,1,150,1,1,1,1
1037,0564_c0001_010.jpg,564,0,-1,True,150,8550,1.0,1.0,1,150,1,1,1,1
1038,0564_c0001_015.jpg,564,0,-1,True,150,8550,1.0,1.0,1,150,1,1,1,1
1039,0564_c0001_020.jpg,564,0,-1,True,150,8550,1.0,1.0,1,150,1,1,1,1
1040,0564_c0002_000.jpg,564,1,-1,True,150,8550,0.9936718752089789,0.9090909090909091,1,165,1,1,1,1
1041,0564_c0002_005.jpg,564,1,-1,True,150,8550,0.9978338450957602,0.9433962264150944,1,159,1,1,1,1
1042,0564_c0002_010.jpg,564,1,-1,True,150,8550,0.999463760008897,0.9803921568627451,1,153,1,1,1,1
1043,0564_c0002_015.jpg,564,1,-1,True,150,8550,0.9996888412327295,0.9868421052631579,1,152,1,1,1,1
1044,0564_c0002_020.jpg,564,1,-1,True,150,8550,0.9907364333846496,0.9090909090909091,1,165,1,1,1,1
1045,0564_c0004_000.jpg,564,3,-1,True,150,8550,0.9738107341192653,0.8571428571428571,1,175,1,1,1,1
1046,0564_c0004_005.jpg,564,3,-1,True,150,8550,0.9922973751414168,0.8771929824561403,1,171,1,1,1,1
1047,0564_c0004_010.jpg,564,3,-1,True,150,8550,0.9492869675595977,0.8571428571428571,1,175,1,1,1,1
1048,0564_c0004_015.jpg,564,3,-1,True,150,8550,0.992404142120926,0.8620689655172413,1,174,1,1,1,1
1049,0564_c0004_020.jpg,564,3,-1,True,150,8550,0.9874024015734032,0.8620689655172413,1,174,1,1,1,1
1050,0564_c0005_000.jpg,564,4,-1,True,150,8550,1.0,1.0,1,150,1,1,1,1
1051,0564_c0005_005.jpg,564,4,-1,True,150,8550,1.0,1.0,1,150,1,1,1,1
1052,0564_c0005_010.jpg,564,4,-1,True,150,8550,1.0,1.0,1,150,1,1,1,1
1053,0564_c0005_015.jpg,564,4,-1,True,150,8550,1.0,1.0,1,150,1,1,1,1
1054,0564_c0005_020.jpg,564,4,-1,True,150,8550,1.0,1.0,1,150,1,1,1,1
1055,0564_c0006_000.jpg,564,5,-1,True,150,8550,1.0,1.0,1,150,1,1,1,1
1056,0564_c0006_005.jpg,564,5,-1,True,150,8550,1.0,1.0,1,150,1,1,1,1
1057,0564_c0006_010.jpg,564,5,-1,True,150,8550,1.0,1.0,1,150,1,1,1,1
1058,0564_c0006_015.jpg,564,5,-1,True,150,8550,1.0,1.0,1,150,1,1,1,1
1059,0564_c0006_020.jpg,564,5,-1,True,150,8550,1.0,1.0,1,150,1,1,1,1
1060,0564_c0007_000.jpg,564,6,-1,True,150,8550,1.0,1.0,1,150,1,1,1,1
1061,0564_c0007_005.jpg,564,6,-1,True,150,8550,1.0,1.0,1,150,1,1,1,1
1062,0564_c0007_010.jpg,564,6,-1,True,150,8550,1.0,1.0,1,150,1,1,1,1
1063,0564_c0007_015.jpg,564,6,-1,True,150,8550,1.0,1.0,1,150,1,1,1,1
1064,0564_c0007_020.jpg,564,6,-1,True,150,8550,1.0,1.0,1,150,1,1,1,1
1065,0564_c0008_000.jpg,564,7,-1,True,150,8550,1.0,1.0,1,150,1,1,1,1
1066,0564_c0008_005.jpg,564,7,-1,True,150,8550,1.0,1.0,1,150,1,1,1,1
1067,0564_c0008_010.jpg,564,7,-1,True,150,8550,1.0,1.0,1,150,1,1,1,1
1068,0564_c0008_015.jpg,564,7,-1,True,150,8550,1.0,1.0,1,150,1,1,1,1
1069,0564_c0008_020.jpg,564,7,-1,True,150,8550,1.0,1.0,1,150,1,1,1,1
1070,0566_c0001_000.jpg,566,0,-1,True,175,8550,0.9003522431377539,0.7446808510638298,1,235,1,1,1,1
1071,0566_c0001_005.jpg,566,0,-1,True,175,8550,0.9075085731101402,0.78125,1,224,1,1,1,1
1072,0566_c0001_010.jpg,566,0,-1,True,175,8550,0.9221812691464646,0.7675438596491229,1,228,1,1,1,1
1073,0566_c0001_015.jpg,566,0,-1,True,175,8550,0.9013686353759872,0.7777777777777778,1,225,1,1,1,1
1074,0566_c0001_020.jpg,566,0,-1,True,175,8550,0.9059023870519111,0.7575757575757576,1,231,1,1,1,1
1075,0566_c0002_000.jpg,566,1,-1,True,175,8550,0.931121278749925,0.6227758007117438,1,281,1,1,1,1
1076,0566_c0002_005.jpg,566,1,-1,True,175,8550,0.9586072975613076,0.7743362831858407,1,226,1,1,1,1
1077,0566_c0002_010.jpg,566,1,-1,True,175,8550,0.9688703177244428,0.7142857142857143,1,245,1,1,1,1
1078,0566_c0002_015.jpg,566,1,-1,True,175,8550,0.9637127899453406,0.6730769230769231,1,260,1,1,1,1
1079,0566_c0002_020.jpg,566,1,-1,True,175,8550,0.9376798315892126,0.8215962441314554,1,213,1,1,1,1
1080,0566_c0003_000.jpg,566,2,-1,True,175,8550,1.0,1.0,1,175,1,1,1,1
1081,0566_c0003_005.jpg,566,2,-1,True,175,8550,0.9983087099189887,0.9162303664921466,1,191,1,1,1,1
1082,0566_c0003_010.jpg,566,2,-1,True,175,8550,0.9999027787386141,0.9887005649717514,1,177,1,1,1,1
1083,0566_c0003_015.jpg,566,2,-1,True,175,8550,0.9848445716626822,0.7709251101321586,1,227,1,1,1,1
1084,0566_c0003_020.jpg,566,2,-1,True,175,8550,0.9991160811861122,0.9358288770053476,1,187,1,1,1,1
1085,0566_c0004_000.jpg,566,3,-1,True,175,8550,0.9544052788763006,0.5287009063444109,1,331,1,1,1,1
1086,0566_c0004_005.jpg,566,3,-1,True,175,8550,0.9931753648186838,0.8454106280193237,1,207,1,1,1,1
1087,0566_c0004_010.jpg,566,3,-1,True,175,8550,0.9896584699796621,0.7510729613733905,1,233,1,1,1,1
1088,0566_c0004_015.jpg,566,3,-1,True,175,8550,0.9991020404263053,0.9776536312849162,1,179,1,1,1,1
1089,0566_c0004_020.jpg,566,3,-1,True,175,8550,0.9905833853347706,0.7543103448275862,1,232,1,1,1,1
1090,0566_c0005_000.jpg,566,4,-1,True,175,8550,0.6809779857003202,0.2692307692307692,1,650,1,1,1,1
1091,0566_c0005_005.jpg,566,4,-1,True,175,8550,0.73912664090294,0.2864157119476268,1,611,1,1,1,1
1092,0566_c0005_010.jpg,566,4,-1,True,175,8550,0.6935748110994212,0.2840909090909091,1,616,1,1,1,1
1093,0566_c0005_015.jpg,566,4,-1,True,175,8550,0.689472517376702,0.27472527472527475,1,637,1,1,1,1
1094,0566_c0005_020.jpg,566,4,-1,True,175,8550,0.7244913183630863,0.3295668549905838,1,531,1,1,1,1
1095,0566_c0006_000.jpg,566,5,-1,True,175,8550,0.9551086968438751,0.541795665634675,1,323,1,1,1,1
1096,0566_c0006_005.jpg,566,5,-1,True,175,8550,0.9672101344217165,0.6363636363636364,1,275,1,1,1,1
1097,0566_c0006_010.jpg,566,5,-1,True,175,8550,0.9927071031398413,0.9358288770053476,1,187,1,1,1,1
1098,0566_c0006_015.jpg,566,5,-1,True,175,8550,0.9635706217693668,0.6944444444444444,1,252,1,1,1,1
1099,0566_c0006_020.jpg,566,5,-1,True,175,8550,0.9923724082046891,0.9459459459459459,1,185,1,1,1,1
1100,0566_c0007_000.jpg,566,6,-1,True,175,8550,0.9140817684479341,0.4475703324808184,1,391,1,1,1,1
1101,0566_c0007_005.jpg,566,6,-1,True,175,8550,0.8524525031818024,0.36382536382536385,1,481,1,1,1,1
1102,0566_c0007_010.jpg,566,6,-1,True,175,8550,0.8328104626303088,0.3630705394190871,1,482,1,1,1,1
1103,0566_c0007_015.jpg,566,6,-1,True,175,8550,0.7791156367851265,0.30973451327433627,1,565,1,1,1,1
1104,0566_c0007_020.jpg,566,6,-1,True,175,8550,0.732579970914195,0.2887788778877888,1,606,1,1,1,1
1105,0566_c0008_000.jpg,566,7,-1,True,175,8550,0.891465223400934,0.7777777777777778,1,225,1,1,1,1
1106,0566_c0008_005.jpg,566,7,-1,True,175,8550,0.9022802384246377,0.7777777777777778,1,225,1,1,1,1
1107,0566_c0008_010.jpg,566,7,-1,True,175,8550,0.9212375651963234,0.7777777777777778,1,225,1,1,1,1
1108,0566_c0008_015.jpg,566,7,-1,True,175,8550,0.9160874494908523,0.7543103448275862,1,232,1,1,1,1
1109,0566_c0008_020.jpg,566,7,-1,True,175,8550,0.913146498949033,0.7608695652173914,1,230,1,1,1,1
1110,0568_c0001_000.jpg,568,0,-1,True,50,8550,0.13013567607950235,0.1366120218579235,100,366,0,0,0,0
1111,0568_c0001_005.jpg,568,0,-1,True,50,8550,0.09695104781588926,0.12919896640826872,128,387,0,0,0,0
1112,0568_c0001_010.jpg,568,0,-1,True,50,8550,0.1522537612647329,0.1597444089456869,99,313,0,0,0,0
1113,0568_c0001_015.jpg,568,0,-1,True,50,8550,0.13844128142129314,0.1510574018126888,101,331,0,0,0,0
1114,0568_c0001_020.jpg,568,0,-1,True,50,8550,0.1274296766490608,0.1488095238095238,101,336,0,0,0,0
1115,0568_c0005_000.jpg,568,4,-1,True,50,8550,0.6945416174767064,0.4166666666666667,1,120,1,1,1,1
1116,0568_c0005_005.jpg,568,4,-1,True,50,8550,0.6978329772797826,0.43478260869565216,1,115,1,1,1,1
1117,0568_c0005_010.jpg,568,4,-1,True,50,8550,0.8176701573500403,0.49019607843137253,1,102,1,1,1,1
1118,0568_c0005_015.jpg,568,4,-1,True,50,8550,0.7032394847539759,0.45871559633027525,1,109,1,1,1,1
1119,0568_c0005_020.jpg,568,4,-1,True,50,8550,0.701273015839712,0.43103448275862066,1,116,1,1,1,1
1120,0568_c0006_000.jpg,568,5,-1,True,50,8550,0.7247333037628971,0.38461538461538464,1,130,1,1,1,1
1121,0568_c0006_005.jpg,568,5,-1,True,50,8550,0.6956476330443754,0.3472222222222222,1,144,1,1,1,1
1122,0568_c0006_010.jpg,568,5,-1,True,50,8550,0.8658298907986429,0.5882352941176471,1,85,1,1,1,1
1123,0568_c0006_015.jpg,568,5,-1,True,50,8550,0.941239707423199,0.5681818181818182,1,88,1,1,1,1
1124,0568_c0006_020.jpg,568,5,-1,True,50,8550,0.7842551202618051,0.45045045045045046,1,111,1,1,1,1
1125,0570_c0001_000.jpg,570,0,-1,True,150,8550,0.9792956708044074,0.8928571428571429,1,168,1,1,1,1
1126,0570_c0001_005.jpg,570,0,-1,True,150,8550,0.9658366410478391,0.872093023255814,1,172,1,1,1,1
1127,0570_c0001_010.jpg,570,0,-1,True,150,8550,0.9695805806019444,0.8982035928143712,1,167,1,1,1,1
1128,0570_c0001_015.jpg,570,0,-1,True,150,8550,0.9643925996506484,0.872093023255814,1,172,1,1,1,1
1129,0570_c0001_020.jpg,570,0,-1,True,150,8550,0.9467023916180362,0.819672131147541,1,183,1,1,1,1
1130,0570_c0002_000.jpg,570,1,-1,True,150,8550,0.9347817385976426,0.5300353356890459,1,283,1,1,1,1
1131,0570_c0002_005.jpg,570,1,-1,True,150,8550,0.9412524024826784,0.6637168141592921,1,226,1,1,1,1
1132,0570_c0002_010.jpg,570,1,-1,True,150,8550,0.9401070595469506,0.6666666666666666,1,225,1,1,1,1
1133,0570_c0002_015.jpg,570,1,-1,True,150,8550,0.9471205336816475,0.6696428571428571,1,224,1,1,1,1
1134,0570_c0002_020.jpg,570,1,-1,True,150,8550,0.9402048004146115,0.684931506849315,1,219,1,1,1,1
1135,0570_c0004_000.jpg,570,3,-1,True,150,8550,0.9154975285399928,0.5338078291814946,1,281,1,1,1,1
1136,0570_c0004_005.jpg,570,3,-1,True,150,8550,0.9139581717633523,0.5434782608695652,1,276,1,1,1,1
1137,0570_c0004_010.jpg,570,3,-1,True,150,8550,0.9491403075605142,0.6172839506172839,1,243,1,1,1,1
1138,0570_c0004_015.jpg,570,3,-1,True,150,8550,0.9654643198498004,0.7317073170731707,1,205,1,1,1,1
1139,0570_c0004_020.jpg,570,3,-1,True,150,8550,0.8528910341741134,0.48231511254019294,1,311,1,1,1,1
1140,0570_c0005_000.jpg,570,4,-1,True,150,8550,1.0,1.0,1,150,1,1,1,1
1141,0570_c0005_005.jpg,570,4,-1,True,150,8550,1.0,1.0,1,150,1,1,1,1
1142,0570_c0005_010.jpg,570,4,-1,True,150,8550,1.0,1.0,1,150,1,1,1,1
1143,0570_c0005_015.jpg,570,4,-1,True,150,8550,1.0,1.0,1,150,1,1,1,1
1144,0570_c0005_020.jpg,570,4,-1,True,150,8550,1.0,1.0,1,150,1,1,1,1
1145,0570_c0006_000.jpg,570,5,-1,True,150,8550,0.9588932233489625,0.75,1,200,1,1,1,1
1146,0570_c0006_005.jpg,570,5,-1,True,150,8550,0.9516300454177413,0.7009345794392523,1,214,1,1,1,1
1147,0570_c0006_010.jpg,570,5,-1,True,150,8550,0.9552510957961772,0.7352941176470589,1,204,1,1,1,1
1148,0570_c0006_015.jpg,570,5,-1,True,150,8550,0.9346975147115575,0.625,1,240,1,1,1,1
1149,0570_c0006_020.jpg,570,5,-1,True,150,8550,0.9239550649219748,0.5813953488372093,1,258,1,1,1,1
1150,0570_c0007_000.jpg,570,6,-1,True,150,8550,0.9923723423915275,0.9090909090909091,1,165,1,1,1,1
1151,0570_c0007_005.jpg,570,6,-1,True,150,8550,0.995001513558689,0.9202453987730062,1,163,1,1,1,1
1152,0570_c0007_010.jpg,570,6,-1,True,150,8550,0.9963851592136697,0.9316770186335404,1,161,1,1,1,1
1153,0570_c0007_015.jpg,570,6,-1,True,150,8550,0.9824334460461318,0.8379888268156425,1,179,1,1,1,1
1154,0570_c0007_020.jpg,570,6,-1,True,150,8550,0.9691159979811255,0.746268656716418,1,201,1,1,1,1
1155,0570_c0008_000.jpg,570,7,-1,True,150,8550,1.0,1.0,1,150,1,1,1,1
1156,0570_c0008_005.jpg,570,7,-1,True,150,8550,1.0,1.0,1,150,1,1,1,1
1157,0570_c0008_010.jpg,570,7,-1,True,150,8550,1.0,1.0,1,150,1,1,1,1
1158,0570_c0008_015.jpg,570,7,-1,True,150,8550,1.0,1.0,1,150,1,1,1,1
1159,0570_c0008_020.jpg,570,7,-1,True,150,8550,1.0,1.0,1,150,1,1,1,1
1160,0572_c0001_000.jpg,572,0,-1,True,175,8550,0.9523427185087855,0.5555555555555556,1,315,1,1,1,1
1161,0572_c0001_005.jpg,572,0,-1,True,175,8550,0.9488720692377653,0.6628787878787878,1,264,1,1,1,1
1162,0572_c0001_010.jpg,572,0,-1,True,175,8550,0.8959918033015568,0.5520504731861199,1,317,1,1,1,1
1163,0572_c0001_015.jpg,572,0,-1,True,175,8550,0.9325754125517869,0.6013745704467354,1,291,1,1,1,1
1164,0572_c0001_020.jpg,572,0,-1,True,175,8550,0.833328447424372,0.43103448275862066,1,406,1,1,1,1
1165,0572_c0002_000.jpg,572,1,-1,True,175,8550,0.8076317499868905,0.23302263648468707,1,751,1,1,1,1
1166,0572_c0002_005.jpg,572,1,-1,True,175,8550,0.7869161444964847,0.2503576537911302,1,699,1,1,1,1
1167,0572_c0002_010.jpg,572,1,-1,True,175,8550,0.8118391800814101,0.2517985611510791,1,695,1,1,1,1
1168,0572_c0002_015.jpg,572,1,-1,True,175,8550,0.8277133315060944,0.27821939586645467,1,629,1,1,1,1
1169,0572_c0002_020.jpg,572,1,-1,True,175,8550,0.7985678504238457,0.21793275217932753,1,803,1,1,1,1
1170,0572_c0003_000.jpg,572,2,-1,True,175,8550,0.6004715463679843,0.14681208053691275,1,1192,1,1,1,1
1171,0572_c0003_005.jpg,572,2,-1,True,175,8550,0.6141795081700091,0.14158576051779936,1,1236,1,1,1,1
1172,0572_c0003_010.jpg,572,2,-1,True,175,8550,0.6984999162599501,0.22151898734177214,1,790,1,1,1,1
1173,0572_c0003_015.jpg,572,2,-1,True,175,8550,0.5416399723501183,0.1809720785935884,1,967,1,1,1,1
1174,0572_c0003_020.jpg,572,2,-1,True,175,8550,0.6671747855718032,0.18324607329842932,1,955,1,1,1,1
1175,0572_c0004_000.jpg,572,3,-1,True,175,8550,0.9167941055869294,0.7415254237288136,1,236,1,1,1,1
1176,0572_c0004_005.jpg,572,3,-1,True,175,8550,0.8940367558658959,0.6433823529411765,1,272,1,1,1,1
1177,0572_c0004_010.jpg,572,3,-1,True,175,8550,0.8786154030700881,0.7056451612903226,1,248,1,1,1,1
1178,0572_c0004_015.jpg,572,3,-1,True,175,8550,0.8573155541223252,0.7743362831858407,1,226,1,1,1,1
1179,0572_c0004_020.jpg,572,3,-1,True,175,8550,0.8929234217570949,0.6363636363636364,1,275,1,1,1,1
1180,0572_c0005_000.jpg,572,4,-1,True,175,8550,0.7785325520389073,0.1098556183301946,1,1593,1,1,1,1
1181,0572_c0005_005.jpg,572,4,-1,True,175,8550,0.8803291040592319,0.14112903225806453,1,1240,1,1,1,1
1182,0572_c0005_010.jpg,572,4,-1,True,175,8550,0.8765834286475638,0.1203576341127923,1,1454,1,1,1,1
1183,0572_c0005_015.jpg,572,4,-1,True,175,8550,0.8379753652006647,0.1019219569015725,1,1717,1,1,1,1
1184,0572_c0005_020.jpg,572,4,-1,True,175,8550,0.8281860553056978,0.10092272202998846,1,1734,1,1,1,1
1185,0572_c0006_000.jpg,572,5,-1,True,175,8550,0.9900550552188973,0.9020618556701031,1,194,1,1,1,1
1186,0572_c0006_005.jpg,572,5,-1,True,175,8550,0.986767215174705,0.9308510638297872,1,188,1,1,1,1
1187,0572_c0006_010.jpg,572,5,-1,True,175,8550,0.98937567177085,0.9308510638297872,1,188,1,1,1,1
1188,0572_c0006_015.jpg,572,5,-1,True,175,8550,0.9774607834780468,0.9067357512953368,1,193,1,1,1,1
1189,0572_c0006_020.jpg,572,5,-1,True,175,8550,0.9919072467943949,0.9358288770053476,1,187,1,1,1,1
1190,0572_c0007_000.jpg,572,6,-1,True,175,8550,0.6417727447691629,0.16203703703703703,1,1080,1,1,1,1
1191,0572_c0007_005.jpg,572,6,-1,True,175,8550,0.6460481672297967,0.12783053323593865,1,1369,1,1,1,1
1192,0572_c0007_010.jpg,572,6,-1,True,175,8550,0.6696073509709718,0.2004581901489118,1,873,1,1,1,1
1193,0572_c0007_015.jpg,572,6,-1,True,175,8550,0.7031526373815998,0.20883054892601433,1,838,1,1,1,1
1194,0572_c0007_020.jpg,572,6,-1,True,175,8550,0.6389604052729981,0.15779981965734896,1,1109,1,1,1,1
1195,0572_c0008_000.jpg,572,7,-1,True,175,8550,0.9990532715218241,0.9668508287292817,1,181,1,1,1,1
1196,0572_c0008_005.jpg,572,7,-1,True,175,8550,0.9797967972195225,0.7954545454545454,1,220,1,1,1,1
1197,0572_c0008_010.jpg,572,7,-1,True,175,8550,0.9898625479987854,0.8454106280193237,1,207,1,1,1,1
1198,0572_c0008_015.jpg,572,7,-1,True,175,8550,0.9896305434640942,0.8578431372549019,1,204,1,1,1,1
1199,0572_c0008_020.jpg,572,7,-1,True,175,8550,0.9952604593721662,0.8706467661691543,1,201,1,1,1,1
1200,0574_c0001_000.jpg,574,0,-1,True,150,8550,1.0,1.0,1,150,1,1,1,1
1201,0574_c0001_005.jpg,574,0,-1,True,150,8550,1.0,1.0,1,150,1,1,1,1
1202,0574_c0001_010.jpg,574,0,-1,True,150,8550,1.0,1.0,1,150,1,1,1,1
1203,0574_c0001_015.jpg,574,0,-1,True,150,8550,1.0,1.0,1,150,1,1,1,1
1204,0574_c0001_020.jpg,574,0,-1,True,150,8550,1.0,1.0,1,150,1,1,1,1
1205,0574_c0002_000.jpg,574,1,-1,True,150,8550,0.9569681499098496,0.7281553398058253,1,206,1,1,1,1
1206,0574_c0002_005.jpg,574,1,-1,True,150,8550,0.9776873757122799,0.8064516129032258,1,186,1,1,1,1
1207,0574_c0002_010.jpg,574,1,-1,True,150,8550,0.9984834955895974,0.967741935483871,1,155,1,1,1,1
1208,0574_c0002_015.jpg,574,1,-1,True,150,8550,1.0,1.0,1,150,1,1,1,1
1209,0574_c0002_020.jpg,574,1,-1,True,150,8550,0.9835736491453414,0.8287292817679558,1,181,1,1,1,1
1210,0574_c0003_000.jpg,574,2,-1,True,150,8550,0.9813670052463537,0.7352941176470589,1,204,1,1,1,1
1211,0574_c0003_005.jpg,574,2,-1,True,150,8550,0.982066891098535,0.7389162561576355,1,203,1,1,1,1
1212,0574_c0003_010.jpg,574,2,-1,True,150,8550,0.9813620254771488,0.7352941176470589,1,204,1,1,1,1
1213,0574_c0003_015.jpg,574,2,-1,True,150,8550,0.986103151667672,0.7425742574257426,1,202,1,1,1,1
1214,0574_c0003_020.jpg,574,2,-1,True,150,8550,0.9834562289229052,0.7389162561576355,1,203,1,1,1,1
1215,0574_c0004_000.jpg,574,3,-1,True,150,8550,1.0,1.0,1,150,1,1,1,1
1216,0574_c0004_005.jpg,574,3,-1,True,150,8550,1.0,1.0,1,150,1,1,1,1
1217,0574_c0004_010.jpg,574,3,-1,True,150,8550,1.0,1.0,1,150,1,1,1,1
1218,0574_c0004_015.jpg,574,3,-1,True,150,8550,1.0,1.0,1,150,1,1,1,1
1219,0574_c0004_020.jpg,574,3,-1,True,150,8550,1.0,1.0,1,150,1,1,1,1
1220,0574_c0005_000.jpg,574,4,-1,True,150,8550,0.9239015476849627,0.7614213197969543,1,197,1,1,1,1
1221,0574_c0005_005.jpg,574,4,-1,True,150,8550,0.9309161190641313,0.75,1,200,1,1,1,1
1222,0574_c0005_010.jpg,574,4,-1,True,150,8550,0.9241749770014978,0.7317073170731707,1,205,1,1,1,1
1223,0574_c0005_015.jpg,574,4,-1,True,150,8550,0.9118400185163764,0.7246376811594203,1,207,1,1,1,1
1224,0574_c0005_020.jpg,574,4,-1,True,150,8550,0.9176039398236235,0.6756756756756757,1,222,1,1,1,1
1225,0574_c0006_000.jpg,574,5,-1,True,150,8550,0.9993659099375952,0.9868421052631579,1,152,1,1,1,1
1226,0574_c0006_005.jpg,574,5,-1,True,150,8550,0.9973355349550379,0.967741935483871,1,155,1,1,1,1
1227,0574_c0006_010.jpg,574,5,-1,True,150,8550,0.9999114054451803,0.9933774834437086,1,151,1,1,1,1
1228,0574_c0006_015.jpg,574,5,-1,True,150,8550,0.9996431791322729,0.9868421052631579,1,152,1,1,1,1
1229,0574_c0006_020.jpg,574,5,-1,True,150,8550,0.9995509058244821,0.9868421052631579,1,152,1,1,1,1
1230,0574_c0008_000.jpg,574,7,-1,True,150,8550,0.9981555189644801,0.9375,1,160,1,1,1,1
1231,0574_c0008_005.jpg,574,7,-1,True,150,8550,0.986869436333756,0.8426966292134831,1,178,1,1,1,1
1232,0574_c0008_010.jpg,574,7,-1,True,150,8550,0.9843884478618903,0.847457627118644,1,177,1,1,1,1
1233,0574_c0008_015.jpg,574,7,-1,True,150,8550,0.9867418315567374,0.8333333333333334,1,180,1,1,1,1
1234,0574_c0008_020.jpg,574,7,-1,True,150,8550,0.9851157913544885,0.847457627118644,1,177,1,1,1,1
1235,0576_c0001_000.jpg,576,0,-1,True,150,8550,0.8683704591962607,0.4437869822485207,1,338,1,1,1,1
1236,0576_c0001_005.jpg,576,0,-1,True,150,8550,0.8383171506180844,0.33860045146726864,1,443,1,1,1,1
1237,0576_c0001_010.jpg,576,0,-1,True,150,8550,0.7865017883157523,0.32397408207343414,1,463,1,1,1,1
1238,0576_c0001_015.jpg,576,0,-1,True,150,8550,0.8511814777829609,0.42492917847025496,1,353,1,1,1,1
1239,0576_c0001_020.jpg,576,0,-1,True,150,8550,0.8185586626315179,0.32679738562091504,1,459,1,1,1,1
1240,0576_c0002_000.jpg,576,1,-1,True,150,8550,0.789490271759605,0.29880478087649404,1,502,1,1,1,1
1241,0576_c0002_005.jpg,576,1,-1,True,150,8550,0.635233883617088,0.2152080344332855,1,697,1,1,1,1
1242,0576_c0002_010.jpg,576,1,-1,True,150,8550,0.7647311178450829,0.25996533795493937,1,577,1,1,1,1
1243,0576_c0002_015.jpg,576,1,-1,True,150,8550,0.6684467790008451,0.21367521367521367,1,702,1,1,1,1
1244,0576_c0002_020.jpg,576,1,-1,True,150,8550,0.6423365369692027,0.24671052631578946,1,608,1,1,1,1
1245,0576_c0003_000.jpg,576,2,-1,True,150,8550,0.9876841360075896,0.8571428571428571,1,175,1,1,1,1
1246,0576_c0003_005.jpg,576,2,-1,True,150,8550,0.9977070870982228,0.8571428571428571,1,175,1,1,1,1
1247,0576_c0003_010.jpg,576,2,-1,True,150,8550,0.9945569106079908,0.8571428571428571,1,175,1,1,1,1
1248,0576_c0003_015.jpg,576,2,-1,True,150,8550,0.9988312058849069,0.8875739644970414,1,169,1,1,1,1
1249,0576_c0003_020.jpg,576,2,-1,True,150,8550,0.9943267813023517,0.8571428571428571,1,175,1,1,1,1
1250,0576_c0004_000.jpg,576,3,-1,True,150,8550,1.0,1.0,1,150,1,1,1,1
1251,0576_c0004_005.jpg,576,3,-1,True,150,8550,1.0,1.0,1,150,1,1,1,1
1252,0576_c0004_010.jpg,576,3,-1,True,150,8550,1.0,1.0,1,150,1,1,1,1
1253,0576_c0004_015.jpg,576,3,-1,True,150,8550,1.0,1.0,1,150,1,1,1,1
1254,0576_c0004_020.jpg,576,3,-1,True,150,8550,1.0,1.0,1,150,1,1,1,1
1255,0576_c0005_000.jpg,576,4,-1,True,150,8550,0.9773885595104558,0.8522727272727273,1,176,1,1,1,1
1256,0576_c0005_005.jpg,576,4,-1,True,150,8550,0.972551539726397,0.75,1,200,1,1,1,1
1257,0576_c0005_010.jpg,576,4,-1,True,150,8550,0.9706599672051247,0.7614213197969543,1,197,1,1,1,1
1258,0576_c0005_015.jpg,576,4,-1,True,150,8550,0.9470838061662259,0.6944444444444444,1,216,1,1,1,1
1259,0576_c0005_020.jpg,576,4,-1,True,150,8550,0.9566176713676331,0.6944444444444444,1,216,1,1,1,1
1260,0576_c0006_000.jpg,576,5,-1,True,150,8550,0.9736124637532255,0.8333333333333334,1,180,1,1,1,1
1261,0576_c0006_005.jpg,576,5,-1,True,150,8550,0.969219192352163,0.7425742574257426,1,202,1,1,1,1
1262,0576_c0006_010.jpg,576,5,-1,True,150,8550,0.9447843110491219,0.6666666666666666,1,225,1,1,1,1
1263,0576_c0006_015.jpg,576,5,-1,True,150,8550,0.9705920932230958,0.7653061224489796,1,196,1,1,1,1
1264,0576_c0006_020.jpg,576,5,-1,True,150,8550,0.9661164116062575,0.7177033492822966,1,209,1,1,1,1
1265,0576_c0007_000.jpg,576,6,-1,True,150,8550,0.7659238655956379,0.228310502283105,1,657,1,1,1,1
1266,0576_c0007_005.jpg,576,6,-1,True,150,8550,0.7939632229308381,0.26785714285714285,1,560,1,1,1,1
1267,0576_c0007_010.jpg,576,6,-1,True,150,8550,0.837219564941097,0.30864197530864196,1,486,1,1,1,1
1268,0576_c0007_015.jpg,576,6,-1,True,150,8550,0.8428569669816551,0.30927835051546393,1,485,1,1,1,1
1269,0576_c0007_020.jpg,576,6,-1,True,150,8550,0.8244190518084512,0.2782931354359926,1,539,1,1,1,1
1270,0578_c0001_000.jpg,578,0,-1,True,175,8550,0.6764150279139542,0.3181818181818182,1,550,1,1,1,1
1271,0578_c0001_005.jpg,578,0,-1,True,175,8550,0.6458237103427416,0.2840909090909091,1,616,1,1,1,1
1272,0578_c0001_010.jpg,578,0,-1,True,175,8550,0.6510544510780315,0.31194295900178254,1,561,1,1,1,1
1273,0578_c0001_015.jpg,578,0,-1,True,175,8550,0.6012145222248348,0.26555386949924126,1,659,1,1,1,1
1274,0578_c0001_020.jpg,578,0,-1,True,175,8550,0.594763519929298,0.26676829268292684,1,656,1,1,1,1
1275,0578_c0002_000.jpg,578,1,-1,True,175,8550,0.5899861473707491,0.1809720785935884,1,967,1,1,1,1
1276,0578_c0002_005.jpg,578,1,-1,True,175,8550,0.42207035249723035,0.18756698821007503,1,933,1,1,1,1
1277,0578_c0002_010.jpg,578,1,-1,True,175,8550,0.5828950324181137,0.19209659714599342,1,911,1,1,1,1
1278,0578_c0002_015.jpg,578,1,-1,True,175,8550,0.3922539464636668,0.1865671641791045,6,938,0,0,1,1
1279,0578_c0002_020.jpg,578,1,-1,True,175,8550,0.5493342749002528,0.1855779427359491,1,943,1,1,1,1
1280,0578_c0003_000.jpg,578,2,-1,True,175,8550,0.7041723607332343,0.32051282051282054,1,546,1,1,1,1
1281,0578_c0003_005.jpg,578,2,-1,True,175,8550,0.6664421211370617,0.32894736842105265,1,532,1,1,1,1
1282,0578_c0003_010.jpg,578,2,-1,True,175,8550,0.6847477638348073,0.31194295900178254,1,561,1,1,1,1
1283,0578_c0003_015.jpg,578,2,-1,True,175,8550,0.7057750853814933,0.3252788104089219,1,538,1,1,1,1
1284,0578_c0003_020.jpg,578,2,-1,True,175,8550,0.7270369966766791,0.33396946564885494,1,524,1,1,1,1
1285,0578_c0004_000.jpg,578,3,-1,True,175,8550,0.6113456991773131,0.3699788583509514,1,473,1,1,1,1
1286,0578_c0004_005.jpg,578,3,-1,True,175,8550,0.6669979848941576,0.35070140280561124,1,499,1,1,1,1
1287,0578_c0004_010.jpg,578,3,-1,True,175,8550,0.5561667805909027,0.35714285714285715,1,490,1,1,1,1
1288,0578_c0004_015.jpg,578,3,-1,True,175,8550,0.7254969247496258,0.5287009063444109,1,331,1,1,1,1
1289,0578_c0004_020.jpg,578,3,-1,True,175,8550,0.6435133549798788,0.41766109785202865,1,419,1,1,1,1
1290,0578_c0005_000.jpg,578,4,-1,True,175,8550,0.8276987415246909,0.2600297176820208,1,673,1,1,1,1
1291,0578_c0005_005.jpg,578,4,-1,True,175,8550,0.7349634042251764,0.22068095838587642,1,793,1,1,1,1
1292,0578_c0005_010.jpg,578,4,-1,True,175,8550,0.7655829613424575,0.23972602739726026,1,730,1,1,1,1
1293,0578_c0005_015.jpg,578,4,-1,True,175,8550,0.76675088516434,0.24271844660194175,1,721,1,1,1,1
1294,0578_c0005_020.jpg,578,4,-1,True,175,8550,0.7881523680717071,0.25,1,700,1,1,1,1
1295,0578_c0006_000.jpg,578,5,-1,True,175,8550,0.6539233277368065,0.16385767790262173,1,1068,1,1,1,1
1296,0578_c0006_005.jpg,578,5,-1,True,175,8550,0.6867669548677121,0.16385767790262173,1,1068,1,1,1,1
1297,0578_c0006_010.jpg,578,5,-1,True,175,8550,0.6534716642501042,0.18440463645943098,1,949,1,1,1,1
1298,0578_c0006_015.jpg,578,5,-1,True,175,8550,0.6610495878923939,0.18153526970954356,1,964,1,1,1,1
1299,0578_c0006_020.jpg,578,5,-1,True,175,8550,0.6851040117129271,0.18210197710718,1,961,1,1,1,1
1300,0578_c0007_000.jpg,578,6,-1,True,175,8550,0.9409481587887113,0.54858934169279,1,319,1,1,1,1
1301,0578_c0007_005.jpg,578,6,-1,True,175,8550,0.7885046838516231,0.45691906005221933,1,383,1,1,1,1
1302,0578_c0007_010.jpg,578,6,-1,True,175,8550,0.7933675296439228,0.4691689008042895,1,373,1,1,1,1
1303,0578_c0007_015.jpg,578,6,-1,True,175,8550,0.8023944194259285,0.4807692307692308,1,364,1,1,1,1
1304,0578_c0007_020.jpg,578,6,-1,True,175,8550,0.8282352855669173,0.44416243654822335,1,394,1,1,1,1
1305,0578_c0008_000.jpg,578,7,-1,True,175,8550,0.6329495427849661,0.24717514124293785,1,708,1,1,1,1
1306,0578_c0008_005.jpg,578,7,-1,True,175,8550,0.638587221047982,0.23841961852861035,1,734,1,1,1,1
1307,0578_c0008_010.jpg,578,7,-1,True,175,8550,0.6126343557720025,0.24787535410764872,1,706,1,1,1,1
1308,0578_c0008_015.jpg,578,7,-1,True,175,8550,0.6261541488627191,0.2615844544095665,1,669,1,1,1,1
1309,0578_c0008_020.jpg,578,7,-1,True,175,8550,0.6332421326028045,0.25547445255474455,1,685,1,1,1,1
1310,0580_c0001_000.jpg,580,0,-1,True,175,8550,0.6939957895576919,0.546875,1,320,1,1,1,1
1311,0580_c0001_005.jpg,580,0,-1,True,175,8550,0.6523655589463397,0.546875,1,320,1,1,1,1
1312,0580_c0001_010.jpg,580,0,-1,True,175,8550,0.6286386138287325,0.5434782608695652,1,322,1,1,1,1
1313,0580_c0001_015.jpg,580,0,-1,True,175,8550,0.6779794525236205,0.5537974683544303,1,316,1,1,1,1
1314,0580_c0001_020.jpg,580,0,-1,True,175,8550,0.6855825877990622,0.546875,1,320,1,1,1,1
1315,0580_c0002_000.jpg,580,1,-1,True,175,8550,0.31999719765947476,0.29069767441860467,28,602,0,0,0,0
1316,0580_c0002_005.jpg,580,1,-1,True,175,8550,0.41300811680870847,0.2911813643926789,26,601,0,0,0,0
1317,0580_c0002_010.jpg,580,1,-1,True,175,8550,0.4876784803246687,0.3593429158110883,1,487,1,1,1,1
1318,0580_c0002_015.jpg,580,1,-1,True,175,8550,0.5681726332078002,0.4032258064516129,1,434,1,1,1,1
1319,0580_c0002_020.jpg,580,1,-1,True,175,8550,0.6306143619917112,0.38461538461538464,1,455,1,1,1,1
1320,0580_c0003_000.jpg,580,2,-1,True,175,8550,0.9743032559713174,0.7352941176470589,1,238,1,1,1,1
1321,0580_c0003_005.jpg,580,2,-1,True,175,8550,0.9693733218475591,0.720164609053498,1,243,1,1,1,1
1322,0580_c0003_010.jpg,580,2,-1,True,175,8550,0.9540505771690772,0.6457564575645757,1,271,1,1,1,1
1323,0580_c0003_015.jpg,580,2,-1,True,175,8550,0.9383290464180495,0.6481481481481481,1,270,1,1,1,1
1324,0580_c0003_020.jpg,580,2,-1,True,175,8550,0.9534876696912724,0.6183745583038869,1,283,1,1,1,1
1325,0580_c0004_000.jpg,580,3,-1,True,175,8550,0.9998704967349035,0.9887005649717514,1,177,1,1,1,1
1326,0580_c0004_005.jpg,580,3,-1,True,175,8550,0.9998046254591457,0.9887005649717514,1,177,1,1,1,1
1327,0580_c0004_010.jpg,580,3,-1,True,175,8550,0.9998690081305502,0.9943181818181818,1,176,1,1,1,1
1328,0580_c0004_015.jpg,580,3,-1,True,175,8550,0.9998369074628565,0.9887005649717514,1,177,1,1,1,1
1329,0580_c0004_020.jpg,580,3,-1,True,175,8550,0.9957219652943492,0.8883248730964467,1,197,1,1,1,1
1330,0580_c0005_000.jpg,580,4,-1,True,175,8550,0.6825226708274852,0.5681818181818182,1,308,1,1,1,1
1331,0580_c0005_005.jpg,580,4,-1,True,175,8550,0.6933499358921189,0.5775577557755776,1,303,1,1,1,1
1332,0580_c0005_010.jpg,580,4,-1,True,175,8550,0.677986573064776,0.5756578947368421,1,304,1,1,1,1
1333,0580_c0005_015.jpg,580,4,-1,True,175,8550,0.6068652431991683,0.550314465408805,1,318,1,1,1,1
1334,0580_c0005_020.jpg,580,4,-1,True,175,8550,0.6240662306062615,0.5368098159509203,1,326,1,1,1,1
1335,0580_c0006_000.jpg,580,5,-1,True,175,8550,0.939212431264921,0.6653992395437263,1,263,1,1,1,1
1336,0580_c0006_005.jpg,580,5,-1,True,175,8550,0.9297595852070081,0.7352941176470589,1,238,1,1,1,1
1337,0580_c0006_010.jpg,580,5,-1,True,175,8550,0.8579119502106151,0.6782945736434108,1,258,1,1,1,1
1338,0580_c0006_015.jpg,580,5,-1,True,175,8550,0.9140491526936936,0.6183745583038869,1,283,1,1,1,1
1339,0580_c0006_020.jpg,580,5,-1,True,175,8550,0.9096183413845659,0.5775577557755776,1,303,1,1,1,1
1340,0580_c0007_000.jpg,580,6,-1,True,175,8550,0.9828947384031573,0.8454106280193237,1,207,1,1,1,1
1341,0580_c0007_005.jpg,580,6,-1,True,175,8550,0.9836594661699738,0.8928571428571429,1,196,1,1,1,1
1342,0580_c0007_010.jpg,580,6,-1,True,175,8550,0.9975206676119287,0.9020618556701031,1,194,1,1,1,1
1343,0580_c0007_015.jpg,580,6,-1,True,175,8550,0.9865907796593127,0.7478632478632479,1,234,1,1,1,1
1344,0580_c0007_020.jpg,580,6,-1,True,175,8550,0.9973310560516432,0.8706467661691543,1,201,1,1,1,1
1345,0580_c0008_000.jpg,580,7,-1,True,175,8550,0.952012458301451,0.6340579710144928,1,276,1,1,1,1
1346,0580_c0008_005.jpg,580,7,-1,True,175,8550,0.9519029205388388,0.6340579710144928,1,276,1,1,1,1
1347,0580_c0008_010.jpg,580,7,-1,True,175,8550,0.9521296474641424,0.6529850746268657,1,268,1,1,1,1
1348,0580_c0008_015.jpg,580,7,-1,True,175,8550,0.9574250144641338,0.6481481481481481,1,270,1,1,1,1
1349,0580_c0008_020.jpg,580,7,-1,True,175,8550,0.9516411276117219,0.6183745583038869,1,283,1,1,1,1
1350,0582_c0001_000.jpg,582,0,-1,True,175,8550,0.605240094352467,0.07972665148063782,1,2195,1,1,1,1
1351,0582_c0001_005.jpg,582,0,-1,True,175,8550,0.7006364859279102,0.10086455331412104,1,1735,1,1,1,1
1352,0582_c0001_010.jpg,582,0,-1,True,175,8550,0.6210381778624169,0.07539853511417492,1,2321,1,1,1,1
1353,0582_c0001_015.jpg,582,0,-1,True,175,8550,0.7420309572706344,0.13187641296156744,1,1327,1,1,1,1
1354,0582_c0001_020.jpg,582,0,-1,True,175,8550,0.7345332940730133,0.1152832674571805,1,1518,1,1,1,1
1355,0582_c0002_000.jpg,582,1,-1,True,175,8550,0.48557636267883464,0.08536585365853659,1,2050,1,1,1,1
1356,0582_c0002_005.jpg,582,1,-1,True,175,8550,0.4604723488217167,0.07319113341698034,1,2391,1,1,1,1
1357,0582_c0002_010.jpg,582,1,-1,True,175,8550,0.5112925401742302,0.07178014766201805,1,2438,1,1,1,1
1358,0582_c0002_015.jpg,582,1,-1,True,175,8550,0.4738986487499915,0.0707070707070707,1,2475,1,1,1,1
1359,0582_c0002_020.jpg,582,1,-1,True,175,8550,0.4738045691131769,0.07096512570965126,1,2466,1,1,1,1
1360,0582_c0003_000.jpg,582,2,-1,True,175,8550,0.12508650872571264,0.05634256278171281,6,3106,0,0,1,1
1361,0582_c0003_005.jpg,582,2,-1,True,175,8550,0.25218276932130634,0.05515285219035613,1,3173,1,1,1,1
1362,0582_c0003_010.jpg,582,2,-1,True,175,8550,0.2678323343478047,0.05952380952380952,1,2940,1,1,1,1
1363,0582_c0003_015.jpg,582,2,-1,True,175,8550,0.2713693605744669,0.06462333825701624,1,2708,1,1,1,1
1364,0582_c0003_020.jpg,582,2,-1,True,175,8550,0.27366198891087207,0.05718954248366013,1,3060,1,1,1,1
1365,0582_c0004_000.jpg,582,3,-1,True,175,8550,0.6461414067502681,0.2147239263803681,1,815,1,1,1,1
1366,0582_c0004_005.jpg,582,3,-1,True,175,8550,0.7089980984580476,0.32169117647058826,1,544,1,1,1,1
1367,0582_c0004_010.jpg,582,3,-1,True,175,8550,0.7630671220068533,0.32649253731343286,1,536,1,1,1,1
1368,0582_c0004_015.jpg,582,3,-1,True,175,8550,0.733615254607865,0.2921535893155259,1,599,1,1,1,1
1369,0582_c0004_020.jpg,582,3,-1,True,175,8550,0.7539271958428654,0.2897350993377483,1,604,1,1,1,1
1370,0582_c0005_000.jpg,582,4,-1,True,175,8550,0.6259218850667368,0.06118881118881119,1,2860,1,1,1,1
1371,0582_c0005_005.jpg,582,4,-1,True,175,8550,0.5659339619438379,0.058004640371229696,1,3017,1,1,1,1
1372,0582_c0005_010.jpg,582,4,-1,True,175,8550,0.4746970265659718,0.04427017455097394,1,3953,1,1,1,1
1373,0582_c0005_015.jpg,582,4,-1,True,175,8550,0.5083305395580359,0.04797149122807018,1,3648,1,1,1,1
1374,0582_c0005_020.jpg,582,4,-1,True,175,8550,0.49773892798156755,0.05443234836702955,1,3215,1,1,1,1
1375,0582_c0006_000.jpg,582,5,-1,True,175,8550,0.8711305715285041,0.4396984924623116,1,398,1,1,1,1
1376,0582_c0006_005.jpg,582,5,-1,True,175,8550,0.8624725922857839,0.4533678756476684,1,386,1,1,1,1
1377,0582_c0006_010.jpg,582,5,-1,True,175,8550,0.8596747572237492,0.5,1,350,1,1,1,1
1378,0582_c0006_015.jpg,582,5,-1,True,175,8550,0.9252742614526593,0.6386861313868614,1,274,1,1,1,1
1379,0582_c0006_020.jpg,582,5,-1,True,175,8550,0.9411591787679513,0.5520504731861199,1,317,1,1,1,1
1380,0582_c0007_000.jpg,582,6,-1,True,175,8550,0.772089866933707,0.29914529914529914,1,585,1,1,1,1
1381,0582_c0007_005.jpg,582,6,-1,True,175,8550,0.7618333412607265,0.3147482014388489,1,556,1,1,1,1
1382,0582_c0007_010.jpg,582,6,-1,True,175,8550,0.7626929469056211,0.29264214046822745,1,598,1,1,1,1
1383,0582_c0007_015.jpg,582,6,-1,True,175,8550,0.7589910000756754,0.2986348122866894,1,586,1,1,1,1
1384,0582_c0007_020.jpg,582,6,-1,True,175,8550,0.7227050448982326,0.2902155887230514,1,603,1,1,1,1
1385,0582_c0008_000.jpg,582,7,-1,True,175,8550,0.6753259598726209,0.21793275217932753,1,803,1,1,1,1
1386,0582_c0008_005.jpg,582,7,-1,True,175,8550,0.695905794903795,0.20022883295194507,1,874,1,1,1,1
1387,0582_c0008_010.jpg,582,7,-1,True,175,8550,0.5733441848040475,0.17039922103213243,1,1027,1,1,1,1
1388,0582_c0008_015.jpg,582,7,-1,True,175,8550,0.5970299810496454,0.1650943396226415,1,1060,1,1,1,1
1389,0582_c0008_020.jpg,582,7,-1,True,175,8550,0.6183239696976708,0.1615881809787627,1,1083,1,1,1,1
1390,0584_c0001_000.jpg,584,0,-1,True,175,8550,0.9188243767298084,0.5102040816326531,1,343,1,1,1,1
1391,0584_c0001_005.jpg,584,0,-1,True,175,8550,0.9221732382645692,0.5271084337349398,1,332,1,1,1,1
1392,0584_c0001_010.jpg,584,0,-1,True,175,8550,0.9252204566886215,0.5087209302325582,1,344,1,1,1,1
1393,0584_c0001_015.jpg,584,0,-1,True,175,8550,0.9067771444073645,0.44529262086513993,1,393,1,1,1,1
1394,0584_c0001_020.jpg,584,0,-1,True,175,8550,0.9403036374054188,0.6889763779527559,1,254,1,1,1,1
1395,0584_c0002_000.jpg,584,1,-1,True,175,8550,0.9218541830024537,0.501432664756447,1,349,1,1,1,1
1396,0584_c0002_005.jpg,584,1,-1,True,175,8550,0.9202298953293266,0.5116959064327485,1,342,1,1,1,1
1397,0584_c0002_010.jpg,584,1,-1,True,175,8550,0.9201735033598931,0.5972696245733788,1,293,1,1,1,1
1398,0584_c0002_015.jpg,584,1,-1,True,175,8550,0.9117793716345068,0.6782945736434108,1,258,1,1,1,1
1399,0584_c0002_020.jpg,584,1,-1,True,175,8550,0.9056955535428642,0.7028112449799196,1,249,1,1,1,1
1400,0584_c0003_000.jpg,584,2,-1,True,175,8550,0.6037893962231213,0.20833333333333334,1,840,1,1,1,1
1401,0584_c0003_005.jpg,584,2,-1,True,175,8550,0.6986515280178678,0.24238227146814403,1,722,1,1,1,1
1402,0584_c0003_010.jpg,584,2,-1,True,175,8550,0.7107674060727027,0.24305555555555555,1,720,1,1,1,1
1403,0584_c0003_015.jpg,584,2,-1,True,175,8550,0.7042575451954101,0.23333333333333334,1,750,1,1,1,1
1404,0584_c0003_020.jpg,584,2,-1,True,175,8550,0.6622913370653396,0.1652502360717658,1,1059,1,1,1,1
1405,0584_c0004_000.jpg,584,3,-1,True,175,8550,0.8015265221521297,0.35860655737704916,1,488,1,1,1,1
1406,0584_c0004_005.jpg,584,3,-1,True,175,8550,0.8035574658514177,0.4117647058823529,1,425,1,1,1,1
1407,0584_c0004_010.jpg,584,3,-1,True,175,8550,0.8023023687969304,0.38293216630196936,1,457,1,1,1,1
1408,0584_c0004_015.jpg,584,3,-1,True,175,8550,0.8117936797022062,0.3514056224899598,1,498,1,1,1,1
1409,0584_c0004_020.jpg,584,3,-1,True,175,8550,0.7808351045802835,0.341796875,1,512,1,1,1,1
1410,0584_c0005_000.jpg,584,4,-1,True,175,8550,0.7536153367000814,0.14893617021276595,1,1175,1,1,1,1
1411,0584_c0005_005.jpg,584,4,-1,True,175,8550,0.7777059381932843,0.1586582048957389,1,1103,1,1,1,1
1412,0584_c0005_010.jpg,584,4,-1,True,175,8550,0.7729769396376278,0.17552657973921765,1,997,1,1,1,1
1413,0584_c0005_015.jpg,584,4,-1,True,175,8550,0.7613205025171783,0.15938069216757741,1,1098,1,1,1,1
1414,0584_c0005_020.jpg,584,4,-1,True,175,8550,0.7315260624913011,0.14668901927912825,1,1193,1,1,1,1
1415,0584_c0006_000.jpg,584,5,-1,True,175,8550,0.9977750721381413,0.9162303664921466,1,191,1,1,1,1
1416,0584_c0006_005.jpg,584,5,-1,True,175,8550,0.9906412372943164,0.7291666666666666,1,240,1,1,1,1
1417,0584_c0006_010.jpg,584,5,-1,True,175,8550,0.9987529227706773,0.9210526315789473,1,190,1,1,1,1
1418,0584_c0006_015.jpg,584,5,-1,True,175,8550,0.9900656639068598,0.8928571428571429,1,196,1,1,1,1
1419,0584_c0006_020.jpg,584,5,-1,True,175,8550,0.9871057257012013,0.8663366336633663,1,202,1,1,1,1
1420,0584_c0007_000.jpg,584,6,-1,True,175,8550,0.44441661361897605,0.14124293785310735,1,1239,1,1,1,1
1421,0584_c0007_005.jpg,584,6,-1,True,175,8550,0.4459198211238266,0.16279069767441862,1,1075,1,1,1,1
1422,0584_c0007_010.jpg,584,6,-1,True,175,8550,0.47446079977500744,0.1590909090909091,1,1100,1,1,1,1
1423,0584_c0007_015.jpg,584,6,-1,True,175,8550,0.44827865362338654,0.14944491887275832,1,1171,1,1,1,1
1424,0584_c0007_020.jpg,584,6,-1,True,175,8550,0.5584441321313341,0.19021739130434784,1,920,1,1,1,1
1425,0584_c0008_000.jpg,584,7,-1,True,175,8550,0.9266229648359658,0.5319148936170213,1,329,1,1,1,1
1426,0584_c0008_005.jpg,584,7,-1,True,175,8550,0.9508356151006359,0.6433823529411765,1,272,1,1,1,1
1427,0584_c0008_010.jpg,584,7,-1,True,175,8550,0.9434064001202642,0.5972696245733788,1,293,1,1,1,1
1428,0584_c0008_015.jpg,584,7,-1,True,175,8550,0.9510635564677419,0.6161971830985915,1,284,1,1,1,1
1429,0584_c0008_020.jpg,584,7,-1,True,175,8550,0.9084011570380348,0.5147058823529411,1,340,1,1,1,1
1430,0586_c0001_000.jpg,586,0,-1,True,175,8550,0.9991317997398818,0.9776536312849162,1,179,1,1,1,1
1431,0586_c0001_005.jpg,586,0,-1,True,175,8550,1.0,1.0,1,175,1,1,1,1
1432,0586_c0001_010.jpg,586,0,-1,True,175,8550,0.999902038683812,0.9943181818181818,1,176,1,1,1,1
1433,0586_c0001_015.jpg,586,0,-1,True,175,8550,0.9997404200731583,0.9831460674157303,1,178,1,1,1,1
1434,0586_c0001_020.jpg,586,0,-1,True,175,8550,0.9996752802464893,0.9831460674157303,1,178,1,1,1,1
1435,0586_c0002_000.jpg,586,1,-1,True,175,8550,0.948941155982203,0.6862745098039216,1,255,1,1,1,1
1436,0586_c0002_005.jpg,586,1,-1,True,175,8550,0.9477785902106115,0.7575757575757576,1,231,1,1,1,1
1437,0586_c0002_010.jpg,586,1,-1,True,175,8550,0.9303113781121426,0.6272401433691757,1,279,1,1,1,1
1438,0586_c0002_015.jpg,586,1,-1,True,175,8550,0.963948685289992,0.7028112449799196,1,249,1,1,1,1
1439,0586_c0002_020.jpg,586,1,-1,True,175,8550,0.9637161585754299,0.7291666666666666,1,240,1,1,1,1
1440,0586_c0003_000.jpg,586,2,-1,True,175,8550,0.9760702267712348,0.7142857142857143,1,245,1,1,1,1
1441,0586_c0003_005.jpg,586,2,-1,True,175,8550,0.9638051975085348,0.6433823529411765,1,272,1,1,1,1
1442,0586_c0003_010.jpg,586,2,-1,True,175,8550,0.959409840454278,0.6457564575645757,1,271,1,1,1,1
1443,0586_c0003_015.jpg,586,2,-1,True,175,8550,0.9972437723591702,0.9020618556701031,1,194,1,1,1,1
1444,0586_c0003_020.jpg,586,2,-1,True,175,8550,0.9820035157639028,0.7172131147540983,1,244,1,1,1,1
1445,0586_c0004_000.jpg,586,3,-1,True,175,8550,0.9999027787386141,0.9887005649717514,1,177,1,1,1,1
1446,0586_c0004_005.jpg,586,3,-1,True,175,8550,1.0,1.0,1,175,1,1,1,1
1447,0586_c0004_010.jpg,586,3,-1,True,175,8550,0.9999348794063079,0.9943181818181818,1,176,1,1,1,1
1448,0586_c0004_015.jpg,586,3,-1,True,175,8550,0.9955160793284644,0.8663366336633663,1,202,1,1,1,1
1449,0586_c0004_020.jpg,586,3,-1,True,175,8550,0.9977580963040723,0.8838383838383839,1,198,1,1,1,1
1450,0586_c0005_000.jpg,586,4,-1,True,175,8550,1.0,1.0,1,175,1,1,1,1
1451,0586_c0005_005.jpg,586,4,-1,True,175,8550,0.9985441036471877,0.9510869565217391,1,184,1,1,1,1
1452,0586_c0005_010.jpg,586,4,-1,True,175,8550,0.9991943101487826,0.9668508287292817,1,181,1,1,1,1
1453,0586_c0005_015.jpg,586,4,-1,True,175,8550,0.9997379859922616,0.9887005649717514,1,177,1,1,1,1
1454,0586_c0005_020.jpg,586,4,-1,True,175,8550,0.9992955660398345,0.9668508287292817,1,181,1,1,1,1
1455,0586_c0006_000.jpg,586,5,-1,True,175,8550,0.9975295637390731,0.9067357512953368,1,193,1,1,1,1
1456,0586_c0006_005.jpg,586,5,-1,True,175,8550,0.9999354317998385,0.9887005649717514,1,177,1,1,1,1
1457,0586_c0006_010.jpg,586,5,-1,True,175,8550,1.0,1.0,1,175,1,1,1,1
1458,0586_c0006_015.jpg,586,5,-1,True,175,8550,1.0,1.0,1,175,1,1,1,1
1459,0586_c0006_020.jpg,586,5,-1,True,175,8550,1.0,1.0,1,175,1,1,1,1
1460,0586_c0007_000.jpg,586,6,-1,True,175,8550,1.0,1.0,1,175,1,1,1,1
1461,0586_c0007_005.jpg,586,6,-1,True,175,8550,1.0,1.0,1,175,1,1,1,1
1462,0586_c0007_010.jpg,586,6,-1,True,175,8550,1.0,1.0,1,175,1,1,1,1
1463,0586_c0007_015.jpg,586,6,-1,True,175,8550,1.0,1.0,1,175,1,1,1,1
1464,0586_c0007_020.jpg,586,6,-1,True,175,8550,1.0,1.0,1,175,1,1,1,1
1465,0586_c0008_000.jpg,586,7,-1,True,175,8550,1.0,1.0,1,175,1,1,1,1
1466,0586_c0008_005.jpg,586,7,-1,True,175,8550,1.0,1.0,1,175,1,1,1,1
1467,0586_c0008_010.jpg,586,7,-1,True,175,8550,1.0,1.0,1,175,1,1,1,1
1468,0586_c0008_015.jpg,586,7,-1,True,175,8550,0.9999354317998385,0.9887005649717514,1,177,1,1,1,1
1469,0586_c0008_020.jpg,586,7,-1,True,175,8550,1.0,1.0,1,175,1,1,1,1
1470,0588_c0001_000.jpg,588,0,-1,True,175,8550,0.8825039557589407,0.3404669260700389,1,514,1,1,1,1
1471,0588_c0001_005.jpg,588,0,-1,True,175,8550,0.88213455923031,0.33589251439539347,1,521,1,1,1,1
1472,0588_c0001_010.jpg,588,0,-1,True,175,8550,0.9139849199628433,0.38461538461538464,1,455,1,1,1,1
1473,0588_c0001_015.jpg,588,0,-1,True,175,8550,0.8833503664756485,0.3176043557168784,1,551,1,1,1,1
1474,0588_c0001_020.jpg,588,0,-1,True,175,8550,0.8900598354988745,0.3404669260700389,1,514,1,1,1,1
1475,0588_c0002_000.jpg,588,1,-1,True,175,8550,0.7988359622706197,0.34791252485089463,1,503,1,1,1,1
1476,0588_c0002_005.jpg,588,1,-1,True,175,8550,0.8377785046019657,0.35714285714285715,1,490,1,1,1,1
1477,0588_c0002_010.jpg,588,1,-1,True,175,8550,0.8477265137465821,0.3771551724137931,1,464,1,1,1,1
1478,0588_c0002_015.jpg,588,1,-1,True,175,8550,0.8298147375423042,0.3747323340471092,1,467,1,1,1,1
1479,0588_c0002_020.jpg,588,1,-1,True,175,8550,0.8239878852287672,0.3593429158110883,1,487,1,1,1,1
1480,0588_c0003_000.jpg,588,2,-1,True,175,8550,0.9979039029838375,0.9308510638297872,1,188,1,1,1,1
1481,0588_c0003_005.jpg,588,2,-1,True,175,8550,0.9954645419877821,0.9114583333333334,1,192,1,1,1,1
1482,0588_c0003_010.jpg,588,2,-1,True,175,8550,0.9747886194662062,0.875,1,200,1,1,1,1
1483,0588_c0003_015.jpg,588,2,-1,True,175,8550,0.9749450179533141,0.8663366336633663,1,202,1,1,1,1
1484,0588_c0003_020.jpg,588,2,-1,True,175,8550,0.9439955973264387,0.7777777777777778,1,225,1,1,1,1
1485,0588_c0004_000.jpg,588,3,-1,True,175,8550,0.7806064393478725,0.352112676056338,1,497,1,1,1,1
1486,0588_c0004_005.jpg,588,3,-1,True,175,8550,0.762213866324122,0.34516765285996054,1,507,1,1,1,1
1487,0588_c0004_010.jpg,588,3,-1,True,175,8550,0.8245642539617655,0.39503386004514673,1,443,1,1,1,1
1488,0588_c0004_015.jpg,588,3,-1,True,175,8550,0.6970376788261552,0.32649253731343286,1,536,1,1,1,1
1489,0588_c0004_020.jpg,588,3,-1,True,175,8550,0.7375192366089501,0.33849129593810445,1,517,1,1,1,1
1490,0588_c0005_000.jpg,588,4,-1,True,175,8550,0.9851351762203759,0.7954545454545454,1,220,1,1,1,1
1491,0588_c0005_005.jpg,588,4,-1,True,175,8550,0.9632027311400602,0.5645161290322581,1,310,1,1,1,1
1492,0588_c0005_010.jpg,588,4,-1,True,175,8550,0.9685903892606142,0.631768953068592,1,277,1,1,1,1
1493,0588_c0005_015.jpg,588,4,-1,True,175,8550,0.9994717832909984,0.9831460674157303,1,178,1,1,1,1
1494,0588_c0005_020.jpg,588,4,-1,True,175,8550,1.0,1.0,1,175,1,1,1,1
1495,0588_c0006_000.jpg,588,5,-1,True,175,8550,0.8272944028740316,0.7847533632286996,1,223,1,1,1,1
1496,0588_c0006_005.jpg,588,5,-1,True,175,8550,0.932674459713421,0.8254716981132075,1,212,1,1,1,1
1497,0588_c0006_010.jpg,588,5,-1,True,175,8550,0.948304459707233,0.8177570093457944,1,214,1,1,1,1
1498,0588_c0006_015.jpg,588,5,-1,True,175,8550,0.945293328108563,0.8333333333333334,1,210,1,1,1,1
1499,0588_c0006_020.jpg,588,5,-1,True,175,8550,0.9060466732269282,0.8101851851851852,1,216,1,1,1,1
1500,0588_c0007_000.jpg,588,6,-1,True,175,8550,0.9844797876406004,0.7,1,250,1,1,1,1
1501,0588_c0007_005.jpg,588,6,-1,True,175,8550,0.9760438158977989,0.6554307116104869,1,267,1,1,1,1
1502,0588_c0007_010.jpg,588,6,-1,True,175,8550,0.9762989498159083,0.7113821138211383,1,246,1,1,1,1
1503,0588_c0007_015.jpg,588,6,-1,True,175,8550,0.9957985845277644,0.9459459459459459,1,185,1,1,1,1
1504,0588_c0007_020.jpg,588,6,-1,True,175,8550,0.9996097668960133,0.9831460674157303,1,178,1,1,1,1
1505,0588_c0008_000.jpg,588,7,-1,True,175,8550,0.9647107840267299,0.8064516129032258,1,217,1,1,1,1
1506,0588_c0008_005.jpg,588,7,-1,True,175,8550,0.9544885170549816,0.8064516129032258,1,217,1,1,1,1
1507,0588_c0008_010.jpg,588,7,-1,True,175,8550,0.9852625571922435,0.813953488372093,1,215,1,1,1,1
1508,0588_c0008_015.jpg,588,7,-1,True,175,8550,0.9592596284670634,0.8064516129032258,1,217,1,1,1,1
1509,0588_c0008_020.jpg,588,7,-1,True,175,8550,0.9675263234769623,0.7954545454545454,1,220,1,1,1,1
1510,0590_c0001_000.jpg,590,0,-1,True,150,8550,0.7069687471197663,0.22865853658536586,1,656,1,1,1,1
1511,0590_c0001_005.jpg,590,0,-1,True,150,8550,0.6100577934761302,0.12274959083469722,1,1222,1,1,1,1
1512,0590_c0001_010.jpg,590,0,-1,True,150,8550,0.7122448557820232,0.2737226277372263,1,548,1,1,1,1
1513,0590_c0001_015.jpg,590,0,-1,True,150,8550,0.705998979700298,0.28957528957528955,1,518,1,1,1,1
1514,0590_c0001_020.jpg,590,0,-1,True,150,8550,0.7450908735605537,0.3488372093023256,1,430,1,1,1,1
1515,0590_c0002_000.jpg,590,1,-1,True,150,8550,0.8844540179977995,0.6578947368421053,1,228,1,1,1,1
1516,0590_c0002_005.jpg,590,1,-1,True,150,8550,0.6457740594361081,0.36496350364963503,1,411,1,1,1,1
1517,0590_c0002_010.jpg,590,1,-1,True,150,8550,0.6945621237579593,0.41208791208791207,1,364,1,1,1,1
1518,0590_c0002_015.jpg,590,1,-1,True,150,8550,0.7053320292399561,0.3614457831325301,1,415,1,1,1,1
1519,0590_c0002_020.jpg,590,1,-1,True,150,8550,0.6990141335891255,0.36585365853658536,1,410,1,1,1,1
1520,0590_c0004_000.jpg,590,3,-1,True,150,8550,0.691097062272397,0.12305168170631665,1,1219,1,1,1,1
1521,0590_c0004_005.jpg,590,3,-1,True,150,8550,0.6673803394495161,0.0962772785622593,1,1558,1,1,1,1
1522,0590_c0004_010.jpg,590,3,-1,True,150,8550,0.6989395314894989,0.12028869286287089,1,1247,1,1,1,1
1523,0590_c0004_015.jpg,590,3,-1,True,150,8550,0.6376987190794665,0.09445843828715365,1,1588,1,1,1,1
1524,0590_c0004_020.jpg,590,3,-1,True,150,8550,0.6701323336265704,0.10760401721664276,1,1394,1,1,1,1
1525,0590_c0005_000.jpg,590,4,-1,True,150,8550,0.8056556769978933,0.4322766570605187,1,347,1,1,1,1
1526,0590_c0005_005.jpg,590,4,-1,True,150,8550,0.7804211957742861,0.45871559633027525,1,327,1,1,1,1
1527,0590_c0005_010.jpg,590,4,-1,True,150,8550,0.8477197537478196,0.5415162454873647,1,277,1,1,1,1
1528,0590_c0005_015.jpg,590,4,-1,True,150,8550,0.7028877550421028,0.3067484662576687,1,489,1,1,1,1
1529,0590_c0005_020.jpg,590,4,-1,True,150,8550,0.8070872694306517,0.5067567567567568,1,296,1,1,1,1
1530,0590_c0006_000.jpg,590,5,-1,True,150,8550,0.6053479976647899,0.1893939393939394,1,792,1,1,1,1
1531,0590_c0006_005.jpg,590,5,-1,True,150,8550,0.6191554532391745,0.1910828025477707,1,785,1,1,1,1
1532,0590_c0006_010.jpg,590,5,-1,True,150,8550,0.6547446459365908,0.1835985312117503,1,817,1,1,1,1
1533,0590_c0006_015.jpg,590,5,-1,True,150,8550,0.6696491795954241,0.17857142857142858,1,840,1,1,1,1
1534,0590_c0006_020.jpg,590,5,-1,True,150,8550,0.6281014948396634,0.1905972045743329,1,787,1,1,1,1
1535,0590_c0007_000.jpg,590,6,-1,True,150,8550,0.9088898452573969,0.36674816625916873,1,409,1,1,1,1
1536,0590_c0007_005.jpg,590,6,-1,True,150,8550,0.9058712334311233,0.31645569620253167,1,474,1,1,1,1
1537,0590_c0007_010.jpg,590,6,-1,True,150,8550,0.9012116673688041,0.3171247357293869,1,473,1,1,1,1
1538,0590_c0007_015.jpg,590,6,-1,True,150,8550,0.8952061251037406,0.30060120240480964,1,499,1,1,1,1
1539,0590_c0007_020.jpg,590,6,-1,True,150,8550,0.8977668722612401,0.2788104089219331,1,538,1,1,1,1
1540,0590_c0008_000.jpg,590,7,-1,True,150,8550,0.7065844871676202,0.2702702702702703,1,555,1,1,1,1
1541,0590_c0008_005.jpg,590,7,-1,True,150,8550,0.72438024598931,0.2830188679245283,1,530,1,1,1,1
1542,0590_c0008_010.jpg,590,7,-1,True,150,8550,0.6448200821422213,0.2347417840375587,1,639,1,1,1,1
1543,0590_c0008_015.jpg,590,7,-1,True,150,8550,0.6699433298320581,0.24232633279483037,1,619,1,1,1,1
1544,0590_c0008_020.jpg,590,7,-1,True,150,8550,0.646776725212487,0.23622047244094488,1,635,1,1,1,1
1545,0592_c0001_000.jpg,592,0,-1,True,125,8550,0.7798821202184573,0.7396449704142012,1,169,1,1,1,1
1546,0592_c0001_005.jpg,592,0,-1,True,125,8550,0.7729309849075121,0.7062146892655368,1,177,1,1,1,1
1547,0592_c0001_010.jpg,592,0,-1,True,125,8550,0.7798367433582857,0.7911392405063291,1,158,1,1,1,1
1548,0592_c0001_015.jpg,592,0,-1,True,125,8550,0.7810935710752683,0.8278145695364238,1,151,1,1,1,1
1549,0592_c0001_020.jpg,592,0,-1,True,125,8550,0.8137512535870467,0.8333333333333334,1,150,1,1,1,1
1550,0592_c0002_000.jpg,592,1,-1,True,125,8550,0.9300749325713159,0.6218905472636815,1,201,1,1,1,1
1551,0592_c0002_005.jpg,592,1,-1,True,125,8550,0.9397742520429782,0.6377551020408163,1,196,1,1,1,1
1552,0592_c0002_010.jpg,592,1,-1,True,125,8550,0.9356779097573384,0.6188118811881188,1,202,1,1,1,1
1553,0592_c0002_015.jpg,592,1,-1,True,125,8550,0.9303726358586839,0.628140703517588,1,199,1,1,1,1
1554,0592_c0002_020.jpg,592,1,-1,True,125,8550,0.922916669345974,0.5630630630630631,1,222,1,1,1,1
1555,0592_c0003_000.jpg,592,2,-1,True,125,8550,0.7130045463898849,0.34818941504178275,1,359,1,1,1,1
1556,0592_c0003_005.jpg,592,2,-1,True,125,8550,0.8712804210749743,0.3531073446327684,1,354,1,1,1,1
1557,0592_c0003_010.jpg,592,2,-1,True,125,8550,0.9055832535336762,0.44642857142857145,1,280,1,1,1,1
1558,0592_c0003_015.jpg,592,2,-1,True,125,8550,0.8906275348827127,0.37650602409638556,1,332,1,1,1,1
1559,0592_c0003_020.jpg,592,2,-1,True,125,8550,0.8934379136857372,0.3943217665615142,1,317,1,1,1,1
1560,0592_c0005_000.jpg,592,4,-1,True,125,8550,0.9983509475551628,0.9328358208955224,1,134,1,1,1,1
1561,0592_c0005_005.jpg,592,4,-1,True,125,8550,0.9980236672536934,0.8741258741258742,1,143,1,1,1,1
1562,0592_c0005_010.jpg,592,4,-1,True,125,8550,0.9968619225483085,0.8169934640522876,1,153,1,1,1,1
1563,0592_c0005_015.jpg,592,4,-1,True,125,8550,0.9871217558107257,0.7352941176470589,1,170,1,1,1,1
1564,0592_c0005_020.jpg,592,4,-1,True,125,8550,0.9501829509840227,0.7102272727272727,1,176,1,1,1,1
1565,0592_c0006_000.jpg,592,5,-1,True,125,8550,0.9258943392195282,0.49603174603174605,1,252,1,1,1,1
1566,0592_c0006_005.jpg,592,5,-1,True,125,8550,0.8994479893569864,0.423728813559322,1,295,1,1,1,1
1567,0592_c0006_010.jpg,592,5,-1,True,125,8550,0.9266366887436425,0.5341880341880342,1,234,1,1,1,1
1568,0592_c0006_015.jpg,592,5,-1,True,125,8550,0.9297581235682622,0.6345177664974619,1,197,1,1,1,1
1569,0592_c0006_020.jpg,592,5,-1,True,125,8550,0.9268586463732572,0.573394495412844,1,218,1,1,1,1
1570,0592_c0007_000.jpg,592,6,-1,True,125,8550,0.9745517209135277,0.6944444444444444,1,180,1,1,1,1
1571,0592_c0007_005.jpg,592,6,-1,True,125,8550,0.9936832213335565,0.8278145695364238,1,151,1,1,1,1
1572,0592_c0007_010.jpg,592,6,-1,True,125,8550,0.971733505672244,0.6906077348066298,1,181,1,1,1,1
1573,0592_c0007_015.jpg,592,6,-1,True,125,8550,0.9889730178435853,0.8116883116883117,1,154,1,1,1,1
1574,0592_c0007_020.jpg,592,6,-1,True,125,8550,0.991683020311805,0.8169934640522876,1,153,1,1,1,1
1575,0594_c0001_000.jpg,594,0,-1,True,150,8550,0.9830848576095033,0.75,1,200,1,1,1,1
1576,0594_c0001_005.jpg,594,0,-1,True,150,8550,0.992401025244526,0.7936507936507936,1,189,1,1,1,1
1577,0594_c0001_010.jpg,594,0,-1,True,150,8550,0.9286804953708235,0.5769230769230769,1,260,1,1,1,1
1578,0594_c0001_015.jpg,594,0,-1,True,150,8550,0.9459619571626505,0.6521739130434783,1,230,1,1,1,1
1579,0594_c0001_020.jpg,594,0,-1,True,150,8550,0.9957504229001481,0.8379888268156425,1,179,1,1,1,1
1580,0594_c0002_000.jpg,594,1,-1,True,150,8550,1.0,1.0,1,150,1,1,1,1
1581,0594_c0002_005.jpg,594,1,-1,True,150,8550,1.0,1.0,1,150,1,1,1,1
1582,0594_c0002_010.jpg,594,1,-1,True,150,8550,1.0,1.0,1,150,1,1,1,1
1583,0594_c0002_015.jpg,594,1,-1,True,150,8550,1.0,1.0,1,150,1,1,1,1
1584,0594_c0002_020.jpg,594,1,-1,True,150,8550,1.0,1.0,1,150,1,1,1,1
1585,0594_c0003_000.jpg,594,2,-1,True,150,8550,0.8973590225741145,0.6666666666666666,1,225,1,1,1,1
1586,0594_c0003_005.jpg,594,2,-1,True,150,8550,0.9057999796634492,0.6666666666666666,1,225,1,1,1,1
1587,0594_c0003_010.jpg,594,2,-1,True,150,8550,0.889522060806479,0.6666666666666666,1,225,1,1,1,1
1588,0594_c0003_015.jpg,594,2,-1,True,150,8550,0.9308224477039301,0.6666666666666666,1,225,1,1,1,1
1589,0594_c0003_020.jpg,594,2,-1,True,150,8550,0.952488387770926,0.684931506849315,1,219,1,1,1,1
1590,0594_c0005_000.jpg,594,4,-1,True,150,8550,1.0,1.0,1,150,1,1,1,1
1591,0594_c0005_005.jpg,594,4,-1,True,150,8550,1.0,1.0,1,150,1,1,1,1
1592,0594_c0005_010.jpg,594,4,-1,True,150,8550,1.0,1.0,1,150,1,1,1,1
1593,0594_c0005_015.jpg,594,4,-1,True,150,8550,1.0,1.0,1,150,1,1,1,1
1594,0594_c0005_020.jpg,594,4,-1,True,150,8550,1.0,1.0,1,150,1,1,1,1
1595,0594_c0006_000.jpg,594,5,-1,True,150,8550,1.0,1.0,1,150,1,1,1,1
1596,0594_c0006_005.jpg,594,5,-1,True,150,8550,1.0,1.0,1,150,1,1,1,1
1597,0594_c0006_010.jpg,594,5,-1,True,150,8550,1.0,1.0,1,150,1,1,1,1
1598,0594_c0006_015.jpg,594,5,-1,True,150,8550,1.0,1.0,1,150,1,1,1,1
1599,0594_c0006_020.jpg,594,5,-1,True,150,8550,1.0,1.0,1,150,1,1,1,1
1600,0594_c0007_000.jpg,594,6,-1,True,150,8550,1.0,1.0,1,150,1,1,1,1
1601,0594_c0007_005.jpg,594,6,-1,True,150,8550,1.0,1.0,1,150,1,1,1,1
1602,0594_c0007_010.jpg,594,6,-1,True,150,8550,1.0,1.0,1,150,1,1,1,1
1603,0594_c0007_015.jpg,594,6,-1,True,150,8550,1.0,1.0,1,150,1,1,1,1
1604,0594_c0007_020.jpg,594,6,-1,True,150,8550,1.0,1.0,1,150,1,1,1,1
1605,0594_c0008_000.jpg,594,7,-1,True,150,8550,0.9772433015081852,0.7894736842105263,1,190,1,1,1,1
1606,0594_c0008_005.jpg,594,7,-1,True,150,8550,0.9782085401626535,0.7731958762886598,1,194,1,1,1,1
1607,0594_c0008_010.jpg,594,7,-1,True,150,8550,0.9441927054487417,0.6172839506172839,1,243,1,1,1,1
1608,0594_c0008_015.jpg,594,7,-1,True,150,8550,0.9826911451493429,0.6410256410256411,1,234,1,1,1,1
1609,0594_c0008_020.jpg,594,7,-1,True,150,8550,0.9915087241495472,0.7352941176470589,1,204,1,1,1,1
1610,0596_c0001_000.jpg,596,0,-1,True,175,8550,0.9998086167800453,0.9722222222222222,1,180,1,1,1,1
1611,0596_c0001_005.jpg,596,0,-1,True,175,8550,1.0,1.0,1,175,1,1,1,1
1612,0596_c0001_010.jpg,596,0,-1,True,175,8550,0.9985345490235893,0.9562841530054644,1,183,1,1,1,1
1613,0596_c0001_015.jpg,596,0,-1,True,175,8550,0.9960090325252825,0.8413461538461539,1,208,1,1,1,1
1614,0596_c0001_020.jpg,596,0,-1,True,175,8550,0.9982760779125047,0.8706467661691543,1,201,1,1,1,1
1615,0596_c0002_000.jpg,596,1,-1,True,175,8550,0.9425213508581217,0.6704980842911877,1,261,1,1,1,1
1616,0596_c0002_005.jpg,596,1,-1,True,175,8550,0.9597887486426744,0.8413461538461539,1,208,1,1,1,1
1617,0596_c0002_010.jpg,596,1,-1,True,175,8550,0.9733656134706364,0.8027522935779816,1,218,1,1,1,1
1618,0596_c0002_015.jpg,596,1,-1,True,175,8550,0.9279114545047661,0.47297297297297297,1,370,1,1,1,1
1619,0596_c0002_020.jpg,596,1,-1,True,175,8550,0.9124398964111078,0.5192878338278932,1,337,1,1,1,1
1620,0596_c0003_000.jpg,596,2,-1,True,175,8550,0.9959241464496856,0.8928571428571429,1,196,1,1,1,1
1621,0596_c0003_005.jpg,596,2,-1,True,175,8550,0.966691466735119,0.6433823529411765,1,272,1,1,1,1
1622,0596_c0003_010.jpg,596,2,-1,True,175,8550,0.9642270959259223,0.6076388888888888,1,288,1,1,1,1
1623,0596_c0003_015.jpg,596,2,-1,True,175,8550,0.9851613930380556,0.7352941176470589,1,238,1,1,1,1
1624,0596_c0003_020.jpg,596,2,-1,True,175,8550,0.9940683018369141,0.8536585365853658,1,205,1,1,1,1
1625,0596_c0004_000.jpg,596,3,-1,True,175,8550,0.9717939682984611,0.625,1,280,1,1,1,1
1626,0596_c0004_005.jpg,596,3,-1,True,175,8550,0.9550632363705839,0.5555555555555556,1,315,1,1,1,1
1627,0596_c0004_010.jpg,596,3,-1,True,175,8550,0.9794339192400434,0.6862745098039216,1,255,1,1,1,1
1628,0596_c0004_015.jpg,596,3,-1,True,175,8550,0.9798053201855943,0.6862745098039216,1,255,1,1,1,1
1629,0596_c0004_020.jpg,596,3,-1,True,175,8550,0.9808940008350835,0.6809338521400778,1,257,1,1,1,1
1630,0596_c0005_000.jpg,596,4,-1,True,175,8550,0.9829087359124055,0.660377358490566,1,265,1,1,1,1
1631,0596_c0005_005.jpg,596,4,-1,True,175,8550,0.9999348794063079,0.9943181818181818,1,176,1,1,1,1
1632,0596_c0005_010.jpg,596,4,-1,True,175,8550,0.9651758344213857,0.5147058823529411,1,340,1,1,1,1
1633,0596_c0005_015.jpg,596,4,-1,True,175,8550,0.9789867507716885,0.5833333333333334,1,300,1,1,1,1
1634,0596_c0005_020.jpg,596,4,-1,True,175,8550,0.9182341192448689,0.360082304526749,1,486,1,1,1,1
1635,0596_c0006_000.jpg,596,5,-1,True,175,8550,1.0,1.0,1,175,1,1,1,1
1636,0596_c0006_005.jpg,596,5,-1,True,175,8550,1.0,1.0,1,175,1,1,1,1
1637,0596_c0006_010.jpg,596,5,-1,True,175,8550,1.0,1.0,1,175,1,1,1,1
1638,0596_c0006_015.jpg,596,5,-1,True,175,8550,1.0,1.0,1,175,1,1,1,1
1639,0596_c0006_020.jpg,596,5,-1,True,175,8550,1.0,1.0,1,175,1,1,1,1
1640,0596_c0007_000.jpg,596,6,-1,True,175,8550,1.0,1.0,1,175,1,1,1,1
1641,0596_c0007_005.jpg,596,6,-1,True,175,8550,1.0,1.0,1,175,1,1,1,1
1642,0596_c0007_010.jpg,596,6,-1,True,175,8550,1.0,1.0,1,175,1,1,1,1
1643,0596_c0007_015.jpg,596,6,-1,True,175,8550,1.0,1.0,1,175,1,1,1,1
1644,0596_c0007_020.jpg,596,6,-1,True,175,8550,1.0,1.0,1,175,1,1,1,1
1645,0596_c0008_000.jpg,596,7,-1,True,175,8550,1.0,1.0,1,175,1,1,1,1
1646,0596_c0008_005.jpg,596,7,-1,True,175,8550,1.0,1.0,1,175,1,1,1,1
1647,0596_c0008_010.jpg,596,7,-1,True,175,8550,1.0,1.0,1,175,1,1,1,1
1648,0596_c0008_015.jpg,596,7,-1,True,175,8550,1.0,1.0,1,175,1,1,1,1
1649,0596_c0008_020.jpg,596,7,-1,True,175,8550,1.0,1.0,1,175,1,1,1,1
1650,0598_c0001_000.jpg,598,0,-1,True,100,8550,0.836126282940505,0.3246753246753247,1,308,1,1,1,1
1651,0598_c0001_005.jpg,598,0,-1,True,100,8550,0.861965873622445,0.390625,1,256,1,1,1,1
1652,0598_c0001_010.jpg,598,0,-1,True,100,8550,0.8938727862092442,0.4694835680751174,1,213,1,1,1,1
1653,0598_c0001_015.jpg,598,0,-1,True,100,8550,0.9383345479430879,0.6493506493506493,1,154,1,1,1,1
1654,0598_c0001_020.jpg,598,0,-1,True,100,8550,0.8638980030515212,0.3875968992248062,1,258,1,1,1,1
1655,0598_c0002_000.jpg,598,1,-1,True,100,8550,0.9999009900990099,0.9900990099009901,1,101,1,1,1,1
1656,0598_c0002_005.jpg,598,1,-1,True,100,8550,1.0,1.0,1,100,1,1,1,1
1657,0598_c0002_010.jpg,598,1,-1,True,100,8550,0.9984523318924349,0.9345794392523364,1,107,1,1,1,1
1658,0598_c0002_015.jpg,598,1,-1,True,100,8550,0.9747476755424735,0.6711409395973155,1,149,1,1,1,1
1659,0598_c0002_020.jpg,598,1,-1,True,100,8550,0.9988279645815248,0.9615384615384616,1,104,1,1,1,1
1660,0598_c0003_000.jpg,598,2,-1,True,100,8550,0.8254948586325301,0.37453183520599254,1,267,1,1,1,1
1661,0598_c0003_005.jpg,598,2,-1,True,100,8550,0.7697084439840478,0.36496350364963503,1,274,1,1,1,1
1662,0598_c0003_010.jpg,598,2,-1,True,100,8550,0.7732460831013106,0.36231884057971014,1,276,1,1,1,1
1663,0598_c0003_015.jpg,598,2,-1,True,100,8550,0.7505157121399383,0.35587188612099646,1,281,1,1,1,1
1664,0598_c0003_020.jpg,598,2,-1,True,100,8550,0.7260563496662809,0.3367003367003367,1,297,1,1,1,1
1665,0598_c0007_000.jpg,598,6,-1,True,100,8550,0.5608634659270474,0.17513134851138354,1,571,1,1,1,1
1666,0598_c0007_005.jpg,598,6,-1,True,100,8550,0.6294496724130827,0.20920502092050208,1,478,1,1,1,1
1667,0598_c0007_010.jpg,598,6,-1,True,100,8550,0.6903104290862818,0.21008403361344538,1,476,1,1,1,1
1668,0598_c0007_015.jpg,598,6,-1,True,100,8550,0.682019690249798,0.19305019305019305,1,518,1,1,1,1
1669,0598_c0007_020.jpg,598,6,-1,True,100,8550,0.6711302000454903,0.1953125,1,512,1,1,1,1
1670,0598_c0008_000.jpg,598,7,-1,True,100,8550,0.6535726304272471,0.2881844380403458,1,347,1,1,1,1
1671,0598_c0008_005.jpg,598,7,-1,True,100,8550,0.7405054244107915,0.3076923076923077,1,325,1,1,1,1
1672,0598_c0008_010.jpg,598,7,-1,True,100,8550,0.7495306080289359,0.32786885245901637,1,305,1,1,1,1
1673,0598_c0008_015.jpg,598,7,-1,True,100,8550,0.7473956579317909,0.3225806451612903,1,310,1,1,1,1
1674,0598_c0008_020.jpg,598,7,-1,True,100,8550,0.752393025151196,0.32894736842105265,1,304,1,1,1,1
1675,0600_c0001_000.jpg,600,0,-1,True,175,8550,0.8805497670008835,0.11824324324324324,1,1480,1,1,1,1
1676,0600_c0001_005.jpg,600,0,-1,True,175,8550,0.8741341677162905,0.1298219584569733,1,1348,1,1,1,1
1677,0600_c0001_010.jpg,600,0,-1,True,175,8550,0.8404337061166128,0.10574018126888217,1,1655,1,1,1,1
1678,0600_c0001_015.jpg,600,0,-1,True,175,8550,0.8480978398659165,0.11994516792323509,1,1459,1,1,1,1
1679,0600_c0001_020.jpg,600,0,-1,True,175,8550,0.8790900662895251,0.11888586956521739,1,1472,1,1,1,1
1680,0600_c0002_000.jpg,600,1,-1,True,175,8550,0.3540932237215611,0.13482280431432975,30,1298,0,0,0,0
1681,0600_c0002_005.jpg,600,1,-1,True,175,8550,0.2282967197230972,0.08544921875,60,2048,0,0,0,0
1682,0600_c0002_010.jpg,600,1,-1,True,175,8550,0.1207445371237921,0.05499685732243872,160,3182,0,0,0,0
1683,0600_c0002_015.jpg,600,1,-1,True,175,8550,0.16213938762355712,0.07994518044769301,104,2189,0,0,0,0
1684,0600_c0002_020.jpg,600,1,-1,True,175,8550,0.11148202586251778,0.05632442870936595,111,3107,0,0,0,0
1685,0600_c0003_000.jpg,600,2,-1,True,175,8550,0.9630683229417404,0.5287009063444109,1,331,1,1,1,1
1686,0600_c0003_005.jpg,600,2,-1,True,175,8550,0.9701615909962824,0.5892255892255892,1,297,1,1,1,1
1687,0600_c0003_010.jpg,600,2,-1,True,175,8550,0.9799753025478245,0.6653992395437263,1,263,1,1,1,1
1688,0600_c0003_015.jpg,600,2,-1,True,175,8550,0.9782921366506672,0.6554307116104869,1,267,1,1,1,1
1689,0600_c0003_020.jpg,600,2,-1,True,175,8550,0.977415462183468,0.6628787878787878,1,264,1,1,1,1
1690,0600_c0004_000.jpg,600,3,-1,True,175,8550,0.8574404308362409,0.1069682151589242,1,1636,1,1,1,1
1691,0600_c0004_005.jpg,600,3,-1,True,175,8550,0.8771012358990151,0.1158173395102581,1,1511,1,1,1,1
1692,0600_c0004_010.jpg,600,3,-1,True,175,8550,0.8306268375636151,0.08482792050412022,1,2063,1,1,1,1
1693,0600_c0004_015.jpg,600,3,-1,True,175,8550,0.8464928270696461,0.09191176470588236,1,1904,1,1,1,1
1694,0600_c0004_020.jpg,600,3,-1,True,175,8550,0.8620672265672072,0.11290322580645161,1,1550,1,1,1,1
1695,0600_c0005_000.jpg,600,4,-1,True,175,8550,0.9157672705090244,0.5147058823529411,1,340,1,1,1,1
1696,0600_c0005_005.jpg,600,4,-1,True,175,8550,0.9225502073981141,0.5255255255255256,1,333,1,1,1,1
1697,0600_c0005_010.jpg,600,4,-1,True,175,8550,0.9412444798076652,0.6118881118881119,1,286,1,1,1,1
1698,0600_c0005_015.jpg,600,4,-1,True,175,8550,0.8948609967837787,0.43209876543209874,1,405,1,1,1,1
1699,0600_c0005_020.jpg,600,4,-1,True,175,8550,0.947697938227913,0.6809338521400778,1,257,1,1,1,1
1700,0600_c0006_000.jpg,600,5,-1,True,175,8550,0.9665164851880282,0.5102040816326531,1,343,1,1,1,1
1701,0600_c0006_005.jpg,600,5,-1,True,175,8550,0.961252288256214,0.4557291666666667,1,384,1,1,1,1
1702,0600_c0006_010.jpg,600,5,-1,True,175,8550,0.9558141096153916,0.44416243654822335,1,394,1,1,1,1
1703,0600_c0006_015.jpg,600,5,-1,True,175,8550,0.9612429919494634,0.5087209302325582,1,344,1,1,1,1
1704,0600_c0006_020.jpg,600,5,-1,True,175,8550,0.9636314290107365,0.5645161290322581,1,310,1,1,1,1
1705,0600_c0007_000.jpg,600,6,-1,True,175,8550,0.9112972257287577,0.2157829839704069,1,811,1,1,1,1
1706,0600_c0007_005.jpg,600,6,-1,True,175,8550,0.8959283922336324,0.1524390243902439,1,1148,1,1,1,1
1707,0600_c0007_010.jpg,600,6,-1,True,175,8550,0.909170200776023,0.20933014354066987,1,836,1,1,1,1
1708,0600_c0007_015.jpg,600,6,-1,True,175,8550,0.9013597462895814,0.1757028112449799,1,996,1,1,1,1
1709,0600_c0007_020.jpg,600,6,-1,True,175,8550,0.8928687076311962,0.15459363957597172,1,1132,1,1,1,1
1710,0600_c0008_000.jpg,600,7,-1,True,175,8550,0.8961162094943331,0.1551418439716312,1,1128,1,1,1,1
1711,0600_c0008_005.jpg,600,7,-1,True,175,8550,0.9108272059203518,0.20420070011668612,1,857,1,1,1,1
1712,0600_c0008_010.jpg,600,7,-1,True,175,8550,0.9133472139421188,0.20958083832335328,1,835,1,1,1,1
1713,0600_c0008_015.jpg,600,7,-1,True,175,8550,0.905248421357607,0.17985611510791366,1,973,1,1,1,1
1714,0600_c0008_020.jpg,600,7,-1,True,175,8550,0.9201437154177087,0.23841961852861035,1,734,1,1,1,1
