query_index,name,identity,camera,scene,valid,relevant_gallery,kept_gallery,AP,INP,first_match,last_match,Rank-1,Rank-5,Rank-10,Rank-20
0,0502_c0001_000.jpg,502,0,-1,True,175,8550,0.5354809401655221,0.2229299363057325,1,785,1,1,1,1
1,0502_c0001_005.jpg,502,0,-1,True,175,8550,0.506231837433189,0.2190237797246558,1,799,1,1,1,1
2,0502_c0001_010.jpg,502,0,-1,True,175,8550,0.5314497290544656,0.2217997465145754,1,789,1,1,1,1
3,0502_c0001_015.jpg,502,0,-1,True,175,8550,0.5287541216626559,0.23648648648648649,1,740,1,1,1,1
4,0502_c0001_020.jpg,502,0,-1,True,175,8550,0.5619499955557312,0.2565982404692082,1,682,1,1,1,1
5,0502_c0002_000.jpg,502,1,-1,True,175,8550,0.6005709128545199,0.19574944071588368,1,894,1,1,1,1
6,0502_c0002_005.jpg,502,1,-1,True,175,8550,0.6312341396022394,0.20858164481525626,1,839,1,1,1,1
7,0502_c0002_010.jpg,502,1,-1,True,175,8550,0.6335909275940866,0.21525215252152521,1,813,1,1,1,1
8,0502_c0002_015.jpg,502,1,-1,True,175,8550,0.6375709162171953,0.23333333333333334,1,750,1,1,1,1
9,0502_c0002_020.jpg,502,1,-1,True,175,8550,0.6899221707829036,0.28044871794871795,1,624,1,1,1,1
10,0502_c0003_000.jpg,502,2,-1,True,175,8550,0.7392525414008521,0.3431372549019608,1,510,1,1,1,1
11,0502_c0003_005.jpg,502,2,-1,True,175,8550,0.738401332760032,0.330188679245283,1,530,1,1,1,1
12,0502_c0003_010.jpg,502,2,-1,True,175,8550,0.7644027351500319,0.3787878787878788,1,462,1,1,1,1
13,0502_c0003_015.jpg,502,2,-1,True,175,8550,0.7683329001989252,0.37154989384288745,1,471,1,1,1,1
14,0502_c0003_020.jpg,502,2,-1,True,175,8550,0.7519942620269855,0.3314393939393939,1,528,1,1,1,1
15,0502_c0004_000.jpg,502,3,-1,True,175,8550,0.7876560750605811,0.3615702479338843,1,484,1,1,1,1
16,0502_c0004_005.jpg,502,3,-1,True,175,8550,0.7776638768874384,0.35714285714285715,1,490,1,1,1,1
17,0502_c0004_010.jpg,502,3,-1,True,175,8550,0.7753383718980795,0.3472222222222222,1,504,1,1,1,1
18,0502_c0004_015.jpg,502,3,-1,True,175,8550,0.8073389713972136,0.3747323340471092,1,467,1,1,1,1
19,0502_c0004_020.jpg,502,3,-1,True,175,8550,0.7881757010261341,0.3528225806451613,1,496,1,1,1,1
20,0502_c0005_000.jpg,502,4,-1,True,175,8550,0.6463591015583511,0.2976190476190476,1,588,1,1,1,1
21,0502_c0005_005.jpg,502,4,-1,True,175,8550,0.6563809731825048,0.32051282051282054,1,546,1,1,1,1
22,0502_c0005_010.jpg,502,4,-1,True,175,8550,0.6581271446034906,0.3017241379310345,1,580,1,1,1,1
23,0502_c0005_015.jpg,502,4,-1,True,175,8550,0.656463165152581,0.32894736842105265,1,532,1,1,1,1
24,0502_c0005_020.jpg,502,4,-1,True,175,8550,0.679830515975545,0.34448818897637795,1,508,1,1,1,1
25,0502_c0006_000.jpg,502,5,-1,True,175,8550,0.7644781387456449,0.47043010752688175,1,372,1,1,1,1
26,0502_c0006_005.jpg,502,5,-1,True,175,8550,0.7580251391947065,0.4396984924623116,1,398,1,1,1,1
27,0502_c0006_010.jpg,502,5,-1,True,175,8550,0.7526660690181578,0.4156769596199525,1,421,1,1,1,1
28,0502_c0006_015.jpg,502,5,-1,True,175,8550,0.7524175329912127,0.4107981220657277,1,426,1,1,1,1
29,0502_c0006_020.jpg,502,5,-1,True,175,8550,0.7600743585990236,0.44529262086513993,1,393,1,1,1,1
30,0502_c0007_000.jpg,502,6,-1,True,175,8550,0.9240486944946542,0.7777777777777778,1,225,1,1,1,1
31,0502_c0007_005.jpg,502,6,-1,True,175,8550,0.9398753648432596,0.7777777777777778,1,225,1,1,1,1
32,0502_c0007_010.jpg,502,6,-1,True,175,8550,0.9391762088725818,0.7675438596491229,1,228,1,1,1,1
33,0502_c0007_015.jpg,502,6,-1,True,175,8550,0.9349179033502166,0.7383966244725738,1,237,1,1,1,1
34,0502_c0007_020.jpg,502,6,-1,True,175,8550,0.9237505475604476,0.7743362831858407,1,226,1,1,1,1
35,0502_c0008_000.jpg,502,7,-1,True,175,8550,1.0,1.0,1,175,1,1,1,1
36,0502_c0008_005.jpg,502,7,-1,True,175,8550,1.0,1.0,1,175,1,1,1,1
37,0502_c0008_010.jpg,502,7,-1,True,175,8550,0.9988666725175549,0.9668508287292817,1,181,1,1,1,1
38,0502_c0008_015.jpg,502,7,-1,True,175,8550,1.0,1.0,1,175,1,1,1,1
39,0502_c0008_020.jpg,502,7,-1,True,175,8550,0.9999675324675324,0.9943181818181818,1,176,1,1,1,1
40,0504_c0001_000.jpg,504,0,-1,True,150,8550,0.9741836417212427,0.847457627118644,1,177,1,1,1,1
41,0504_c0001_005.jpg,504,0,-1,True,150,8550,0.9754195459136796,0.8522727272727273,1,176,1,1,1,1
42,0504_c0001_010.jpg,504,0,-1,True,150,8550,0.9779360350781438,0.8571428571428571,1,175,1,1,1,1
43,0504_c0001_015.jpg,504,0,-1,True,150,8550,0.9873626542792798,0.8823529411764706,1,170,1,1,1,1
44,0504_c0001_020.jpg,504,0,-1,True,150,8550,0.9835744423519865,0.8571428571428571,1,175,1,1,1,1
45,0504_c0002_000.jpg,504,1,-1,True,150,8550,0.93954962340602,0.7731958762886598,1,194,1,1,1,1
46,0504_c0002_005.jpg,504,1,-1,True,150,8550,0.8925262609518302,0.7389162561576355,1,203,1,1,1,1
47,0504_c0002_010.jpg,504,1,-1,True,150,8550,0.8926423617859756,0.7317073170731707,1,205,1,1,1,1
48,0504_c0002_015.jpg,504,1,-1,True,150,8550,0.9148132303956015,0.75,1,200,1,1,1,1
49,0504_c0002_020.jpg,504,1,-1,True,150,8550,0.9084678261524985,0.7575757575757576,1,198,1,1,1,1
50,0504_c0003_000.jpg,504,2,-1,True,150,8550,1.0,1.0,1,150,1,1,1,1
51,0504_c0003_005.jpg,504,2,-1,True,150,8550,0.9999114054451803,0.9933774834437086,1,151,1,1,1,1
52,0504_c0003_010.jpg,504,2,-1,True,150,8550,1.0,1.0,1,150,1,1,1,1
53,0504_c0003_015.jpg,504,2,-1,True,150,8550,1.0,1.0,1,150,1,1,1,1
54,0504_c0003_020.jpg,504,2,-1,True,150,8550,1.0,1.0,1,150,1,1,1,1
55,0504_c0005_000.jpg,504,4,-1,True,150,8550,1.0,1.0,1,150,1,1,1,1
56,0504_c0005_005.jpg,504,4,-1,True,150,8550,1.0,1.0,1,150,1,1,1,1
57,0504_c0005_010.jpg,504,4,-1,True,150,8550,1.0,1.0,1,150,1,1,1,1
58,0504_c0005_015.jpg,504,4,-1,True,150,8550,1.0,1.0,1,150,1,1,1,1
59,0504_c0005_020.jpg,504,4,-1,True,150,8550,1.0,1.0,1,150,1,1,1,1
60,0504_c0006_000.jpg,504,5,-1,True,150,8550,1.0,1.0,1,150,1,1,1,1
61,0504_c0006_005.jpg,504,5,-1,True,150,8550,1.0,1.0,1,150,1,1,1,1
62,0504_c0006_010.jpg,504,5,-1,True,150,8550,1.0,1.0,1,150,1,1,1,1
63,0504_c0006_015.jpg,504,5,-1,True,150,8550,1.0,1.0,1,150,1,1,1,1
64,0504_c0006_020.jpg,504,5,-1,True,150,8550,1.0,1.0,1,150,1,1,1,1
65,0504_c0007_000.jpg,504,6,-1,True,150,8550,0.961005241646314,0.8571428571428571,1,175,1,1,1,1
66,0504_c0007_005.jpg,504,6,-1,True,150,8550,0.9706910137968218,0.8571428571428571,1,175,1,1,1,1
67,0504_c0007_010.jpg,504,6,-1,True,150,8550,0.9735914171260917,0.8571428571428571,1,175,1,1,1,1
68,0504_c0007_015.jpg,504,6,-1,True,150,8550,0.9738098604294555,0.8522727272727273,1,176,1,1,1,1
69,0504_c0007_020.jpg,504,6,-1,True,150,8550,0.9787506007438984,0.847457627118644,1,177,1,1,1,1
70,0504_c0008_000.jpg,504,7,-1,True,150,8550,0.9611483097814884,0.8571428571428571,1,175,1,1,1,1
71,0504_c0008_005.jpg,504,7,-1,True,150,8550,0.9675435459920423,0.8571428571428571,1,175,1,1,1,1
72,0504_c0008_010.jpg,504,7,-1,True,150,8550,0.9656552459098494,0.8571428571428571,1,175,1,1,1,1
73,0504_c0008_015.jpg,504,7,-1,True,150,8550,0.9726097572335296,0.8571428571428571,1,175,1,1,1,1
74,0504_c0008_020.jpg,504,7,-1,True,150,8550,0.975553453156316,0.8571428571428571,1,175,1,1,1,1
75,0506_c0001_000.jpg,506,0,-1,True,175,8550,0.16025864771356277,0.17039922103213243,20,1027,0,0,0,1
76,0506_c0001_005.jpg,506,0,-1,True,175,8550,0.1598546584338275,0.1475548060708263,24,1186,0,0,0,0
77,0506_c0001_010.jpg,506,0,-1,True,175,8550,0.15400451069136117,0.16055045871559634,23,1090,0,0,0,0
78,0506_c0001_015.jpg,506,0,-1,True,175,8550,0.1517480481716894,0.1432078559738134,27,1222,0,0,0,0
79,0506_c0001_020.jpg,506,0,-1,True,175,8550,0.1512716467211954,0.14193025141930252,26,1233,0,0,0,0
80,0506_c0002_000.jpg,506,1,-1,True,175,8550,0.6937159638359189,0.06751543209876543,1,2592,1,1,1,1
81,0506_c0002_005.jpg,506,1,-1,True,175,8550,0.72009269664153,0.06906077348066299,1,2534,1,1,1,1
82,0506_c0002_010.jpg,506,1,-1,True,175,8550,0.6791751281432541,0.06510416666666667,1,2688,1,1,1,1
83,0506_c0002_015.jpg,506,1,-1,True,175,8550,0.665116548968139,0.07421543681085666,1,2358,1,1,1,1
84,0506_c0002_020.jpg,506,1,-1,True,175,8550,0.6760504848744019,0.06804043545878694,1,2572,1,1,1,1
85,0506_c0003_000.jpg,506,2,-1,True,175,8550,0.6743317820104168,0.11784511784511785,1,1485,1,1,1,1
86,0506_c0003_005.jpg,506,2,-1,True,175,8550,0.682109913750057,0.11904761904761904,1,1470,1,1,1,1
87,0506_c0003_010.jpg,506,2,-1,True,175,8550,0.6864648738293725,0.12535816618911175,1,1396,1,1,1,1
88,0506_c0003_015.jpg,506,2,-1,True,175,8550,0.6838937684529474,0.12915129151291513,1,1355,1,1,1,1
89,0506_c0003_020.jpg,506,2,-1,True,175,8550,0.6772796225425937,0.12437810945273632,1,1407,1,1,1,1
90,0506_c0004_000.jpg,506,3,-1,True,175,8550,0.6483908640343726,0.09196006305832895,1,1903,1,1,1,1
91,0506_c0004_005.jpg,506,3,-1,True,175,8550,0.6532542169207245,0.092641609317099,1,1889,1,1,1,1
92,0506_c0004_010.jpg,506,3,-1,True,175,8550,0.6491526425526752,0.09573304157549234,1,1828,1,1,1,1
93,0506_c0004_015.jpg,506,3,-1,True,175,8550,0.6626222385414586,0.09105098855359,1,1922,1,1,1,1
94,0506_c0004_020.jpg,506,3,-1,True,175,8550,0.6591432054962789,0.09006690684508492,1,1943,1,1,1,1
95,0506_c0005_000.jpg,506,4,-1,True,175,8550,0.04589320274093738,0.03328261696462533,359,5258,0,0,0,0
96,0506_c0005_005.jpg,506,4,-1,True,175,8550,0.05542764623899521,0.035860655737704916,242,4880,0,0,0,0
97,0506_c0005_010.jpg,506,4,-1,True,175,8550,0.05461264018141704,0.03569243320416072,196,4903,0,0,0,0
98,0506_c0005_015.jpg,506,4,-1,True,175,8550,0.059256662986268915,0.03666457154829248,190,4773,0,0,0,0
99,0506_c0005_020.jpg,506,4,-1,True,175,8550,0.05809182452036872,0.034749801429706115,198,5036,0,0,0,0
100,0506_c0006_000.jpg,506,5,-1,True,175,8550,0.7465667291170782,0.13217522658610273,1,1324,1,1,1,1
101,0506_c0006_005.jpg,506,5,-1,True,175,8550,0.7464387912132044,0.1276440554339898,1,1371,1,1,1,1
102,0506_c0006_010.jpg,506,5,-1,True,175,8550,0.7478470603644444,0.12393767705382436,1,1412,1,1,1,1
103,0506_c0006_015.jpg,506,5,-1,True,175,8550,0.7472968674188032,0.12783053323593865,1,1369,1,1,1,1
104,0506_c0006_020.jpg,506,5,-1,True,175,8550,0.7506629261633798,0.13059701492537312,1,1340,1,1,1,1
105,0506_c0007_000.jpg,506,6,-1,True,175,8550,0.7566873445152591,0.16324626865671643,1,1072,1,1,1,1
106,0506_c0007_005.jpg,506,6,-1,True,175,8550,0.766715874672,0.18343815513626835,1,954,1,1,1,1
107,0506_c0007_010.jpg,506,6,-1,True,175,8550,0.7940027728346049,0.18134715025906736,1,965,1,1,1,1
108,0506_c0007_015.jpg,506,6,-1,True,175,8550,0.7727753156298697,0.17378351539225423,1,1007,1,1,1,1
109,0506_c0007_020.jpg,506,6,-1,True,175,8550,0.7741707388529245,0.15177797051170858,1,1153,1,1,1,1
110,0506_c0008_000.jpg,506,7,-1,True,175,8550,0.5953473320104117,0.09433962264150944,1,1855,1,1,1,1
111,0506_c0008_005.jpg,506,7,-1,True,175,8550,0.5920061314487528,0.08754377188594298,1,1999,1,1,1,1
112,0506_c0008_010.jpg,506,7,-1,True,175,8550,0.6175025376675402,0.09171907756813417,1,1908,1,1,1,1
113,0506_c0008_015.jpg,506,7,-1,True,175,8550,0.6076354977502474,0.0966316951960243,1,1811,1,1,1,1
114,0506_c0008_020.jpg,506,7,-1,True,175,8550,0.5953519844251552,0.08557457212713937,1,2045,1,1,1,1
115,0508_c0001_000.jpg,508,0,-1,True,175,8550,0.7231341590369074,0.33783783783783783,1,518,1,1,1,1
116,0508_c0001_005.jpg,508,0,-1,True,175,8550,0.6962417573324938,0.3147482014388489,1,556,1,1,1,1
117,0508_c0001_010.jpg,508,0,-1,True,175,8550,0.6743400302926004,0.35714285714285715,1,490,1,1,1,1
118,0508_c0001_015.jpg,508,0,-1,True,175,8550,0.5745185146800744,0.26717557251908397,1,655,1,1,1,1
119,0508_c0001_020.jpg,508,0,-1,True,175,8550,0.5197065786207761,0.31992687385740404,1,547,1,1,1,1
120,0508_c0002_000.jpg,508,1,-1,True,175,8550,0.6121368070629954,0.5892255892255892,8,297,0,0,1,1
121,0508_c0002_005.jpg,508,1,-1,True,175,8550,0.5590551908447919,0.5794701986754967,15,302,0,0,0,1
122,0508_c0002_010.jpg,508,1,-1,True,175,8550,0.6516168728344771,0.6481481481481481,2,270,0,1,1,1
123,0508_c0002_015.jpg,508,1,-1,True,175,8550,0.6778383535190214,0.625,2,280,0,1,1,1
124,0508_c0002_020.jpg,508,1,-1,True,175,8550,0.5496060867161219,0.5756578947368421,17,304,0,0,0,1
125,0508_c0003_000.jpg,508,2,-1,True,175,8550,0.6163409272339008,0.2025462962962963,1,864,1,1,1,1
126,0508_c0003_005.jpg,508,2,-1,True,175,8550,0.7335684668900746,0.2339572192513369,1,748,1,1,1,1
127,0508_c0003_010.jpg,508,2,-1,True,175,8550,0.6954667280874899,0.2237851662404092,1,782,1,1,1,1
128,0508_c0003_015.jpg,508,2,-1,True,175,8550,0.6552338462058442,0.1891891891891892,1,925,1,1,1,1
129,0508_c0003_020.jpg,508,2,-1,True,175,8550,0.6811492354053081,0.20883054892601433,1,838,1,1,1,1
130,0508_c0004_000.jpg,508,3,-1,True,175,8550,0.746646220530721,0.30918727915194344,1,566,1,1,1,1
131,0508_c0004_005.jpg,508,3,-1,True,175,8550,0.7567267391219996,0.258493353028065,1,677,1,1,1,1
132,0508_c0004_010.jpg,508,3,-1,True,175,8550,0.7672587594258493,0.26395173453996984,1,663,1,1,1,1
133,0508_c0004_015.jpg,508,3,-1,True,175,8550,0.5425743921959612,0.23026315789473684,1,760,1,1,1,1
134,0508_c0004_020.jpg,508,3,-1,True,175,8550,0.6197853012077085,0.23777173913043478,1,736,1,1,1,1
135,0508_c0005_000.jpg,508,4,-1,True,175,8550,0.9309783164952866,0.4742547425474255,1,369,1,1,1,1
136,0508_c0005_005.jpg,508,4,-1,True,175,8550,0.9311303602253083,0.4654255319148936,1,376,1,1,1,1
137,0508_c0005_010.jpg,508,4,-1,True,175,8550,0.9381149256389147,0.5239520958083832,1,334,1,1,1,1
138,0508_c0005_015.jpg,508,4,-1,True,175,8550,0.9391126214508048,0.5833333333333334,1,300,1,1,1,1
139,0508_c0005_020.jpg,508,4,-1,True,175,8550,0.9428128565808015,0.5319148936170213,1,329,1,1,1,1
140,0508_c0006_000.jpg,508,5,-1,True,175,8550,0.5622196338840503,0.4107981220657277,1,426,1,1,1,1
141,0508_c0006_005.jpg,508,5,-1,True,175,8550,0.6082358091684498,0.2996575342465753,1,584,1,1,1,1
142,0508_c0006_010.jpg,508,5,-1,True,175,8550,0.616371350838823,0.3707627118644068,1,472,1,1,1,1
143,0508_c0006_015.jpg,508,5,-1,True,175,8550,0.5999551834751045,0.35496957403651114,1,493,1,1,1,1
144,0508_c0006_020.jpg,508,5,-1,True,175,8550,0.6029876868027182,0.3514056224899598,1,498,1,1,1,1
145,0508_c0007_000.jpg,508,6,-1,True,175,8550,0.5386367587899508,0.13844936708860758,1,1264,1,1,1,1
146,0508_c0007_005.jpg,508,6,-1,True,175,8550,0.4894750969147668,0.12464387464387465,1,1404,1,1,1,1
147,0508_c0007_010.jpg,508,6,-1,True,175,8550,0.5547312237692672,0.15099223468507333,1,1159,1,1,1,1
148,0508_c0007_015.jpg,508,6,-1,True,175,8550,0.5244162409796985,0.13608087091757387,1,1286,1,1,1,1
149,0508_c0007_020.jpg,508,6,-1,True,175,8550,0.4958806701157363,0.12839325018341893,1,1363,1,1,1,1
150,0508_c0008_000.jpg,508,7,-1,True,175,8550,0.7738824029289396,0.20759193357058126,1,843,1,1,1,1
151,0508_c0008_005.jpg,508,7,-1,True,175,8550,0.7392636736177551,0.21315468940316687,1,821,1,1,1,1
152,0508_c0008_010.jpg,508,7,-1,True,175,8550,0.7022234148613646,0.19662921348314608,1,890,1,1,1,1
153,0508_c0008_015.jpg,508,7,-1,True,175,8550,0.7247714662146415,0.2032520325203252,1,861,1,1,1,1
154,0508_c0008_020.jpg,508,7,-1,True,175,8550,0.714858970505789,0.20588235294117646,1,850,1,1,1,1
155,0510_c0001_000.jpg,510,0,-1,True,175,8550,0.5144635049972222,0.027598170635546444,1,6341,1,1,1,1
156,0510_c0001_005.jpg,510,0,-1,True,175,8550,0.521333803957671,0.026997840172786176,1,6482,1,1,1,1
157,0510_c0001_010.jpg,510,0,-1,True,175,8550,0.4845347171923634,0.02599138571216397,1,6733,1,1,1,1
158,0510_c0001_015.jpg,510,0,-1,True,175,8550,0.4713206934322589,0.025626006735978913,1,6829,1,1,1,1
159,0510_c0001_020.jpg,510,0,-1,True,175,8550,0.4171437163443225,0.024893314366998577,1,7030,1,1,1,1
160,0510_c0002_000.jpg,510,1,-1,True,175,8550,0.015527356747783305,0.020975668224859162,1520,8343,0,0,0,0
161,0510_c0002_005.jpg,510,1,-1,True,175,8550,0.015309156950212,0.020935518602703672,1597,8359,0,0,0,0
162,0510_c0002_010.jpg,510,1,-1,True,175,8550,0.016817062144099636,0.02147239263803681,934,8150,0,0,0,0
163,0510_c0002_015.jpg,510,1,-1,True,175,8550,0.016838187911377648,0.021687941504523484,1224,8069,0,0,0,0
164,0510_c0002_020.jpg,510,1,-1,True,175,8550,0.016420497586380978,0.02112251056125528,1289,8285,0,0,0,0
165,0510_c0003_000.jpg,510,2,-1,True,175,8550,0.09233421182011867,0.0676459219172787,32,2587,0,0,0,0
166,0510_c0003_005.jpg,510,2,-1,True,175,8550,0.0958882977744966,0.06611258027956177,5,2647,0,1,1,1
167,0510_c0003_010.jpg,510,2,-1,True,175,8550,0.08791061162868995,0.06055363321799308,13,2890,0,0,0,1
168,0510_c0003_015.jpg,510,2,-1,True,175,8550,0.07527720641115168,0.052145411203814065,56,3356,0,0,0,0
169,0510_c0003_020.jpg,510,2,-1,True,175,8550,0.0789854542553896,0.05179047055341817,61,3379,0,0,0,0
170,0510_c0004_000.jpg,510,3,-1,True,175,8550,0.5741114323050066,0.04113775270333803,1,4254,1,1,1,1
171,0510_c0004_005.jpg,510,3,-1,True,175,8550,0.5612560880235888,0.03939666816749212,1,4442,1,1,1,1
172,0510_c0004_010.jpg,510,3,-1,True,175,8550,0.48380073362630305,0.040584415584415584,1,4312,1,1,1,1
173,0510_c0004_015.jpg,510,3,-1,True,175,8550,0.5486011136984177,0.039485559566787,1,4432,1,1,1,1
174,0510_c0004_020.jpg,510,3,-1,True,175,8550,0.5347168369243162,0.03881987577639751,1,4508,1,1,1,1
175,0510_c0005_000.jpg,510,4,-1,True,175,8550,0.7150663551920924,0.07073565076798706,1,2474,1,1,1,1
176,0510_c0005_005.jpg,510,4,-1,True,175,8550,0.6529794984044442,0.057698648203099244,1,3033,1,1,1,1
177,0510_c0005_010.jpg,510,4,-1,True,175,8550,0.6885822052466528,0.05436470953712333,1,3219,1,1,1,1
178,0510_c0005_015.jpg,510,4,-1,True,175,8550,0.6562697707673015,0.054246745195288285,1,3226,1,1,1,1
179,0510_c0005_020.jpg,510,4,-1,True,175,8550,0.6394792004091325,0.050886885722593776,1,3439,1,1,1,1
180,0510_c0006_000.jpg,510,5,-1,True,175,8550,0.17104497715015515,0.059402579769178544,26,2946,0,0,0,0
181,0510_c0006_005.jpg,510,5,-1,True,175,8550,0.110116309023057,0.06080611535788742,60,2878,0,0,0,0
182,0510_c0006_010.jpg,510,5,-1,True,175,8550,0.16839568059071514,0.0573018991486575,9,3054,0,0,1,1
183,0510_c0006_015.jpg,510,5,-1,True,175,8550,0.1675981509455307,0.06641366223908918,29,2635,0,0,0,0
184,0510_c0006_020.jpg,510,5,-1,True,175,8550,0.18060546422431784,0.062233285917496446,18,2812,0,0,0,1
185,0510_c0007_000.jpg,510,6,-1,True,175,8550,0.1014758909235059,0.10391923990498812,191,1684,0,0,0,0
186,0510_c0007_005.jpg,510,6,-1,True,175,8550,0.10625709948623933,0.09109838625715773,157,1921,0,0,0,0
187,0510_c0007_010.jpg,510,6,-1,True,175,8550,0.12211091787987742,0.07016840417000803,134,2494,0,0,0,0
188,0510_c0007_015.jpg,510,6,-1,True,175,8550,0.12514604705418678,0.07719453021614468,126,2267,0,0,0,0
189,0510_c0007_020.jpg,510,6,-1,True,175,8550,0.13147294577761565,0.07950931394820536,111,2201,0,0,0,0
190,0510_c0008_000.jpg,510,7,-1,True,175,8550,0.5433752463172377,0.02955082742316785,1,5922,1,1,1,1
191,0510_c0008_005.jpg,510,7,-1,True,175,8550,0.5540061945478035,0.03067484662576687,1,5705,1,1,1,1
192,0510_c0008_010.jpg,510,7,-1,True,175,8550,0.544424065950017,0.029303415941058272,1,5972,1,1,1,1
193,0510_c0008_015.jpg,510,7,-1,True,175,8550,0.5659889526929153,0.03150882247029168,1,5554,1,1,1,1
194,0510_c0008_020.jpg,510,7,-1,True,175,8550,0.5669111937609321,0.03085875506965262,1,5671,1,1,1,1
195,0512_c0001_000.jpg,512,0,-1,True,75,8550,0.9854551612288461,0.8426966292134831,1,89,1,1,1,1
196,0512_c0001_005.jpg,512,0,-1,True,75,8550,1.0,1.0,1,75,1,1,1,1
197,0512_c0001_010.jpg,512,0,-1,True,75,8550,1.0,1.0,1,75,1,1,1,1
198,0512_c0001_015.jpg,512,0,-1,True,75,8550,1.0,1.0,1,75,1,1,1,1
199,0512_c0001_020.jpg,512,0,-1,True,75,8550,1.0,1.0,1,75,1,1,1,1
200,0512_c0003_000.jpg,512,2,-1,True,75,8550,1.0,1.0,1,75,1,1,1,1
201,0512_c0003_005.jpg,512,2,-1,True,75,8550,1.0,1.0,1,75,1,1,1,1
202,0512_c0003_010.jpg,512,2,-1,True,75,8550,1.0,1.0,1,75,1,1,1,1
203,0512_c0003_015.jpg,512,2,-1,True,75,8550,1.0,1.0,1,75,1,1,1,1
204,0512_c0003_020.jpg,512,2,-1,True,75,8550,1.0,1.0,1,75,1,1,1,1
205,0512_c0005_000.jpg,512,4,-1,True,75,8550,0.9980998735577682,0.9375,1,80,1,1,1,1
206,0512_c0005_005.jpg,512,4,-1,True,75,8550,1.0,1.0,1,75,1,1,1,1
207,0512_c0005_010.jpg,512,4,-1,True,75,8550,1.0,1.0,1,75,1,1,1,1
208,0512_c0005_015.jpg,512,4,-1,True,75,8550,1.0,1.0,1,75,1,1,1,1
209,0512_c0005_020.jpg,512,4,-1,True,75,8550,1.0,1.0,1,75,1,1,1,1
210,0512_c0006_000.jpg,512,5,-1,True,75,8550,0.6225433154320416,0.40540540540540543,1,185,1,1,1,1
211,0512_c0006_005.jpg,512,5,-1,True,75,8550,0.6721670791200568,0.436046511627907,1,172,1,1,1,1
212,0512_c0006_010.jpg,512,5,-1,True,75,8550,0.8009354959907763,0.5,1,150,1,1,1,1
213,0512_c0006_015.jpg,512,5,-1,True,75,8550,0.8044289110078935,0.5033557046979866,1,149,1,1,1,1
214,0512_c0006_020.jpg,512,5,-1,True,75,8550,0.7976051632582817,0.5,1,150,1,1,1,1
215,0514_c0001_000.jpg,514,0,-1,True,175,8550,0.41193418538350685,0.31645569620253167,51,553,0,0,0,0
216,0514_c0001_005.jpg,514,0,-1,True,175,8550,0.4420879976873237,0.33269961977186313,47,526,0,0,0,0
217,0514_c0001_010.jpg,514,0,-1,True,175,8550,0.49356177720239447,0.4498714652956298,22,389,0,0,0,0
218,0514_c0001_015.jpg,514,0,-1,True,175,8550,0.4500720622331009,0.3593429158110883,40,487,0,0,0,0
219,0514_c0001_020.jpg,514,0,-1,True,175,8550,0.4236488754123184,0.33783783783783783,51,518,0,0,0,0
220,0514_c0002_000.jpg,514,1,-1,True,175,8550,0.6102027184108272,0.15230635335073978,1,1149,1,1,1,1
221,0514_c0002_005.jpg,514,1,-1,True,175,8550,0.6451171795869752,0.29411764705882354,1,595,1,1,1,1
222,0514_c0002_010.jpg,514,1,-1,True,175,8550,0.7022002043392931,0.2581120943952802,1,678,1,1,1,1
223,0514_c0002_015.jpg,514,1,-1,True,175,8550,0.6818442905486758,0.2986348122866894,1,586,1,1,1,1
224,0514_c0002_020.jpg,514,1,-1,True,175,8550,0.7410458120323477,0.24305555555555555,1,720,1,1,1,1
225,0514_c0003_000.jpg,514,2,-1,True,175,8550,0.918819895739572,0.5434782608695652,1,322,1,1,1,1
226,0514_c0003_005.jpg,514,2,-1,True,175,8550,0.8675462532973778,0.5335365853658537,1,328,1,1,1,1
227,0514_c0003_010.jpg,514,2,-1,True,175,8550,0.8580360537465269,0.4807692307692308,1,364,1,1,1,1
228,0514_c0003_015.jpg,514,2,-1,True,175,8550,0.8648181478811025,0.4943502824858757,1,354,1,1,1,1
229,0514_c0003_020.jpg,514,2,-1,True,175,8550,0.9078303288374142,0.5833333333333334,1,300,1,1,1,1
230,0514_c0004_000.jpg,514,3,-1,True,175,8550,0.9245418757615489,0.660377358490566,1,265,1,1,1,1
231,0514_c0004_005.jpg,514,3,-1,True,175,8550,0.9181291084519381,0.6529850746268657,1,268,1,1,1,1
232,0514_c0004_010.jpg,514,3,-1,True,175,8550,0.8718786707978607,0.5,1,350,1,1,1,1
233,0514_c0004_015.jpg,514,3,-1,True,175,8550,0.8326448144489427,0.5287009063444109,1,331,1,1,1,1
234,0514_c0004_020.jpg,514,3,-1,True,175,8550,0.8952355160442026,0.5573248407643312,1,314,1,1,1,1
235,0514_c0005_000.jpg,514,4,-1,True,175,8550,0.9422173827227156,0.6183745583038869,1,283,1,1,1,1
236,0514_c0005_005.jpg,514,4,-1,True,175,8550,0.9193630151011007,0.5756578947368421,1,304,1,1,1,1
237,0514_c0005_010.jpg,514,4,-1,True,175,8550,0.8884968742310363,0.4060324825986079,1,431,1,1,1,1
238,0514_c0005_015.jpg,514,4,-1,True,175,8550,0.9012760589933902,0.43424317617866004,1,403,1,1,1,1
239,0514_c0005_020.jpg,514,4,-1,True,175,8550,0.9211669064308171,0.5303030303030303,1,330,1,1,1,1
240,0514_c0006_000.jpg,514,5,-1,True,175,8550,0.7904163812400063,0.3102836879432624,1,564,1,1,1,1
241,0514_c0006_005.jpg,514,5,-1,True,175,8550,0.7638846757464004,0.2141982864137087,1,817,1,1,1,1
242,0514_c0006_010.jpg,514,5,-1,True,175,8550,0.8069149021230975,0.26717557251908397,1,655,1,1,1,1
243,0514_c0006_015.jpg,514,5,-1,True,175,8550,0.7653158548552529,0.21033653846153846,1,832,1,1,1,1
244,0514_c0006_020.jpg,514,5,-1,True,175,8550,0.7016522936561488,0.16279069767441862,1,1075,1,1,1,1
245,0514_c0007_000.jpg,514,6,-1,True,175,8550,0.7541827338504813,0.3564154786150713,1,491,1,1,1,1
246,0514_c0007_005.jpg,514,6,-1,True,175,8550,0.7367751102177972,0.2864157119476268,1,611,1,1,1,1
247,0514_c0007_010.jpg,514,6,-1,True,175,8550,0.7345172235232623,0.27386541471048514,1,639,1,1,1,1
248,0514_c0007_015.jpg,514,6,-1,True,175,8550,0.7119946949921833,0.26881720430107525,1,651,1,1,1,1
249,0514_c0007_020.jpg,514,6,-1,True,175,8550,0.7689582456490092,0.25773195876288657,1,679,1,1,1,1
250,0514_c0008_000.jpg,514,7,-1,True,175,8550,0.7907247292782009,0.17326732673267325,1,1010,1,1,1,1
251,0514_c0008_005.jpg,514,7,-1,True,175,8550,0.7935565248509205,0.17766497461928935,1,985,1,1,1,1
252,0514_c0008_010.jpg,514,7,-1,True,175,8550,0.6695922819637088,0.1715686274509804,1,1020,1,1,1,1
253,0514_c0008_015.jpg,514,7,-1,True,175,8550,0.6943417458337316,0.16826923076923078,1,1040,1,1,1,1
254,0514_c0008_020.jpg,514,7,-1,True,175,8550,0.7029397253543971,0.14274061990212072,1,1226,1,1,1,1
255,0516_c0001_000.jpg,516,0,-1,True,75,8550,0.9971723826708688,0.9615384615384616,1,78,1,1,1,1
256,0516_c0001_005.jpg,516,0,-1,True,75,8550,0.9703936603519643,0.7575757575757576,1,99,1,1,1,1
257,0516_c0001_010.jpg,516,0,-1,True,75,8550,0.9943509078458819,0.9259259259259259,1,81,1,1,1,1
258,0516_c0001_015.jpg,516,0,-1,True,75,8550,0.9956479031401874,0.9493670886075949,1,79,1,1,1,1
259,0516_c0001_020.jpg,516,0,-1,True,75,8550,0.9725749494766631,0.7894736842105263,1,95,1,1,1,1
260,0516_c0003_000.jpg,516,2,-1,True,75,8550,1.0,1.0,1,75,1,1,1,1
261,0516_c0003_005.jpg,516,2,-1,True,75,8550,1.0,1.0,1,75,1,1,1,1
262,0516_c0003_010.jpg,516,2,-1,True,75,8550,0.9990987698585392,0.9868421052631579,1,76,1,1,1,1
263,0516_c0003_015.jpg,516,2,-1,True,75,8550,0.9845516550429748,0.872093023255814,1,86,1,1,1,1
264,0516_c0003_020.jpg,516,2,-1,True,75,8550,0.9976128235789509,0.974025974025974,1,77,1,1,1,1
265,0516_c0005_000.jpg,516,4,-1,True,75,8550,1.0,1.0,1,75,1,1,1,1
266,0516_c0005_005.jpg,516,4,-1,True,75,8550,1.0,1.0,1,75,1,1,1,1
267,0516_c0005_010.jpg,516,4,-1,True,75,8550,1.0,1.0,1,75,1,1,1,1
268,0516_c0005_015.jpg,516,4,-1,True,75,8550,1.0,1.0,1,75,1,1,1,1
269,0516_c0005_020.jpg,516,4,-1,True,75,8550,1.0,1.0,1,75,1,1,1,1
270,0516_c0006_000.jpg,516,5,-1,True,75,8550,1.0,1.0,1,75,1,1,1,1
271,0516_c0006_005.jpg,516,5,-1,True,75,8550,0.9972330914183967,0.974025974025974,1,77,1,1,1,1
272,0516_c0006_010.jpg,516,5,-1,True,75,8550,1.0,1.0,1,75,1,1,1,1
273,0516_c0006_015.jpg,516,5,-1,True,75,8550,1.0,1.0,1,75,1,1,1,1
274,0516_c0006_020.jpg,516,5,-1,True,75,8550,0.9996536796536797,0.974025974025974,1,77,1,1,1,1
275,0518_c0001_000.jpg,518,0,-1,True,100,8550,0.6571028196810559,0.398406374501992,1,251,1,1,1,1
276,0518_c0001_005.jpg,518,0,-1,True,100,8550,0.7118287166391251,0.4608294930875576,1,217,1,1,1,1
277,0518_c0001_010.jpg,518,0,-1,True,100,8550,0.6972897993058228,0.43478260869565216,1,230,1,1,1,1
278,0518_c0001_015.jpg,518,0,-1,True,100,8550,0.8119223774475806,0.5347593582887701,1,187,1,1,1,1
279,0518_c0001_020.jpg,518,0,-1,True,100,8550,0.779045704657569,0.5181347150259067,1,193,1,1,1,1
280,0518_c0002_000.jpg,518,1,-1,True,100,8550,0.823215397289165,0.5714285714285714,1,175,1,1,1,1
281,0518_c0002_005.jpg,518,1,-1,True,100,8550,0.856922475365456,0.6134969325153374,1,163,1,1,1,1
282,0518_c0002_010.jpg,518,1,-1,True,100,8550,0.8722758505029273,0.7575757575757576,1,132,1,1,1,1
283,0518_c0002_015.jpg,518,1,-1,True,100,8550,0.8391038465361632,0.4854368932038835,1,206,1,1,1,1
284,0518_c0002_020.jpg,518,1,-1,True,100,8550,0.8697793676006726,0.746268656716418,1,134,1,1,1,1
285,0518_c0003_000.jpg,518,2,-1,True,100,8550,0.9698515150194171,0.5813953488372093,1,172,1,1,1,1
286,0518_c0003_005.jpg,518,2,-1,True,100,8550,0.9723904942968165,0.5780346820809249,1,173,1,1,1,1
287,0518_c0003_010.jpg,518,2,-1,True,100,8550,0.9783013347346126,0.6410256410256411,1,156,1,1,1,1
288,0518_c0003_015.jpg,518,2,-1,True,100,8550,0.9809192363591777,0.6134969325153374,1,163,1,1,1,1
289,0518_c0003_020.jpg,518,2,-1,True,100,8550,0.978362814021759,0.6451612903225806,1,155,1,1,1,1
290,0518_c0005_000.jpg,518,4,-1,True,100,8550,0.8716219935901399,0.78125,1,128,1,1,1,1
291,0518_c0005_005.jpg,518,4,-1,True,100,8550,0.8702761249004564,0.7633587786259542,1,131,1,1,1,1
292,0518_c0005_010.jpg,518,4,-1,True,100,8550,0.8665391433807692,0.6944444444444444,1,144,1,1,1,1
293,0518_c0005_015.jpg,518,4,-1,True,100,8550,0.8640813661537646,0.6756756756756757,1,148,1,1,1,1
294,0518_c0005_020.jpg,518,4,-1,True,100,8550,0.8726391405137056,0.7874015748031497,1,127,1,1,1,1
295,0518_c0006_000.jpg,518,5,-1,True,100,8550,0.9489758959979624,0.5319148936170213,1,188,1,1,1,1
296,0518_c0006_005.jpg,518,5,-1,True,100,8550,0.9568144219390701,0.684931506849315,1,146,1,1,1,1
297,0518_c0006_010.jpg,518,5,-1,True,100,8550,0.9346148367796708,0.6134969325153374,1,163,1,1,1,1
298,0518_c0006_015.jpg,518,5,-1,True,100,8550,0.9643888317797565,0.7751937984496124,1,129,1,1,1,1
299,0518_c0006_020.jpg,518,5,-1,True,100,8550,0.9461689730486522,0.7874015748031497,1,127,1,1,1,1
300,0520_c0001_000.jpg,520,0,-1,True,150,8550,0.8891115103240324,0.4143646408839779,1,362,1,1,1,1
301,0520_c0001_005.jpg,520,0,-1,True,150,8550,0.9675465672239821,0.6072874493927125,1,247,1,1,1,1
302,0520_c0001_010.jpg,520,0,-1,True,150,8550,0.9244844772990416,0.4491017964071856,1,334,1,1,1,1
303,0520_c0001_015.jpg,520,0,-1,True,150,8550,0.9201560336178815,0.4225352112676056,1,355,1,1,1,1
304,0520_c0001_020.jpg,520,0,-1,True,150,8550,0.9087651201530823,0.43352601156069365,1,346,1,1,1,1
305,0520_c0002_000.jpg,520,1,-1,True,150,8550,0.8517720303461312,0.205761316872428,1,729,1,1,1,1
306,0520_c0002_005.jpg,520,1,-1,True,150,8550,0.8447089630967443,0.20718232044198895,1,724,1,1,1,1
307,0520_c0002_010.jpg,520,1,-1,True,150,8550,0.858822565474281,0.23219814241486067,1,646,1,1,1,1
308,0520_c0002_015.jpg,520,1,-1,True,150,8550,0.8674901254967674,0.23219814241486067,1,646,1,1,1,1
309,0520_c0002_020.jpg,520,1,-1,True,150,8550,0.8504285633627275,0.2,1,750,1,1,1,1
310,0520_c0004_000.jpg,520,3,-1,True,150,8550,1.0,1.0,1,150,1,1,1,1
311,0520_c0004_005.jpg,520,3,-1,True,150,8550,1.0,1.0,1,150,1,1,1,1
312,0520_c0004_010.jpg,520,3,-1,True,150,8550,1.0,1.0,1,150,1,1,1,1
313,0520_c0004_015.jpg,520,3,-1,True,150,8550,1.0,1.0,1,150,1,1,1,1
314,0520_c0004_020.jpg,520,3,-1,True,150,8550,1.0,1.0,1,150,1,1,1,1
315,0520_c0005_000.jpg,520,4,-1,True,150,8550,0.9990052548871056,0.9933774834437086,1,151,1,1,1,1
316,0520_c0005_005.jpg,520,4,-1,True,150,8550,1.0,1.0,1,150,1,1,1,1
317,0520_c0005_010.jpg,520,4,-1,True,150,8550,1.0,1.0,1,150,1,1,1,1
318,0520_c0005_015.jpg,520,4,-1,True,150,8550,1.0,1.0,1,150,1,1,1,1
319,0520_c0005_020.jpg,520,4,-1,True,150,8550,0.9984597820903685,0.9554140127388535,1,157,1,1,1,1
320,0520_c0006_000.jpg,520,5,-1,True,150,8550,0.912957352786691,0.5338078291814946,1,281,1,1,1,1
321,0520_c0006_005.jpg,520,5,-1,True,150,8550,0.8869089840523895,0.4573170731707317,1,328,1,1,1,1
322,0520_c0006_010.jpg,520,5,-1,True,150,8550,0.8837631148984428,0.4491017964071856,1,334,1,1,1,1
323,0520_c0006_015.jpg,520,5,-1,True,150,8550,0.8751257663829074,0.4032258064516129,1,372,1,1,1,1
324,0520_c0006_020.jpg,520,5,-1,True,150,8550,0.9050362374670105,0.4983388704318937,1,301,1,1,1,1
325,0520_c0007_000.jpg,520,6,-1,True,150,8550,0.9198487802238111,0.5357142857142857,1,280,1,1,1,1
326,0520_c0007_005.jpg,520,6,-1,True,150,8550,0.9299750114038295,0.5597014925373134,1,268,1,1,1,1
327,0520_c0007_010.jpg,520,6,-1,True,150,8550,0.9867845233311329,0.6048387096774194,1,248,1,1,1,1
328,0520_c0007_015.jpg,520,6,-1,True,150,8550,0.9881157224884825,0.6048387096774194,1,248,1,1,1,1
329,0520_c0007_020.jpg,520,6,-1,True,150,8550,0.9896750392849079,0.6024096385542169,1,249,1,1,1,1
330,0520_c0008_000.jpg,520,7,-1,True,150,8550,1.0,1.0,1,150,1,1,1,1
331,0520_c0008_005.jpg,520,7,-1,True,150,8550,1.0,1.0,1,150,1,1,1,1
332,0520_c0008_010.jpg,520,7,-1,True,150,8550,1.0,1.0,1,150,1,1,1,1
333,0520_c0008_015.jpg,520,7,-1,True,150,8550,1.0,1.0,1,150,1,1,1,1
334,0520_c0008_020.jpg,520,7,-1,True,150,8550,1.0,1.0,1,150,1,1,1,1
335,0522_c0001_000.jpg,522,0,-1,True,150,8550,0.6217556468887783,0.17006802721088435,1,882,1,1,1,1
336,0522_c0001_005.jpg,522,0,-1,True,150,8550,0.573155057046886,0.09096422073984232,1,1649,1,1,1,1
337,0522_c0001_010.jpg,522,0,-1,True,150,8550,0.591906706542873,0.12325390304026294,1,1217,1,1,1,1
338,0522_c0001_015.jpg,522,0,-1,True,150,8550,0.7077192068371846,0.2546689303904924,1,589,1,1,1,1
339,0522_c0001_020.jpg,522,0,-1,True,150,8550,0.5810637492023457,0.09652509652509653,1,1554,1,1,1,1
340,0522_c0002_000.jpg,522,1,-1,True,150,8550,0.30950705697788633,0.08422234699606962,1,1781,1,1,1,1
341,0522_c0002_005.jpg,522,1,-1,True,150,8550,0.17098983301388804,0.0730282375851996,38,2054,0,0,0,0
342,0522_c0002_010.jpg,522,1,-1,True,150,8550,0.2283599368309752,0.08412787436904094,1,1783,1,1,1,1
343,0522_c0002_015.jpg,522,1,-1,True,150,8550,0.3098861961715214,0.1056338028169014,1,1420,1,1,1,1
344,0522_c0002_020.jpg,522,1,-1,True,150,8550,0.3345581125374917,0.12028869286287089,1,1247,1,1,1,1
345,0522_c0004_000.jpg,522,3,-1,True,150,8550,0.8412158442614172,0.3105590062111801,1,483,1,1,1,1
346,0522_c0004_005.jpg,522,3,-1,True,150,8550,0.7830050392254461,0.15991471215351813,1,938,1,1,1,1
347,0522_c0004_010.jpg,522,3,-1,True,150,8550,0.8117856458428702,0.23510971786833856,1,638,1,1,1,1
348,0522_c0004_015.jpg,522,3,-1,True,150,8550,0.8283960781325149,0.22624434389140272,1,663,1,1,1,1
349,0522_c0004_020.jpg,522,3,-1,True,150,8550,0.8282550835472955,0.2564102564102564,1,585,1,1,1,1
350,0522_c0005_000.jpg,522,4,-1,True,150,8550,0.905877137931462,0.30425963488843816,1,493,1,1,1,1
351,0522_c0005_005.jpg,522,4,-1,True,150,8550,0.8904953921767841,0.2471169686985173,1,607,1,1,1,1
352,0522_c0005_010.jpg,522,4,-1,True,150,8550,0.8760788710168621,0.22658610271903323,1,662,1,1,1,1
353,0522_c0005_015.jpg,522,4,-1,True,150,8550,0.8897312493143991,0.2471169686985173,1,607,1,1,1,1
354,0522_c0005_020.jpg,522,4,-1,True,150,8550,0.8852188384206151,0.21994134897360704,1,682,1,1,1,1
355,0522_c0006_000.jpg,522,5,-1,True,150,8550,0.7590901703590881,0.24077046548956663,1,623,1,1,1,1
356,0522_c0006_005.jpg,522,5,-1,True,150,8550,0.7097203462647363,0.19973368841544606,1,751,1,1,1,1
357,0522_c0006_010.jpg,522,5,-1,True,150,8550,0.6112646469562626,0.16268980477223427,1,922,1,1,1,1
358,0522_c0006_015.jpg,522,5,-1,True,150,8550,0.3772034173293879,0.14705882352941177,21,1020,0,0,0,0
359,0522_c0006_020.jpg,522,5,-1,True,150,8550,0.5051621752940298,0.14071294559099437,1,1066,1,1,1,1
360,0522_c0007_000.jpg,522,6,-1,True,150,8550,0.9999558498896247,0.9933774834437086,1,151,1,1,1,1
361,0522_c0007_005.jpg,522,6,-1,True,150,8550,1.0,1.0,1,150,1,1,1,1
362,0522_c0007_010.jpg,522,6,-1,True,150,8550,1.0,1.0,1,150,1,1,1,1
363,0522_c0007_015.jpg,522,6,-1,True,150,8550,1.0,1.0,1,150,1,1,1,1
364,0522_c0007_020.jpg,522,6,-1,True,150,8550,1.0,1.0,1,150,1,1,1,1
365,0522_c0008_000.jpg,522,7,-1,True,150,8550,0.7001166156240747,0.10460251046025104,1,1434,1,1,1,1
366,0522_c0008_005.jpg,522,7,-1,True,150,8550,0.6965813917140431,0.10885341074020319,1,1378,1,1,1,1
367,0522_c0008_010.jpg,522,7,-1,True,150,8550,0.6905160261965381,0.10783608914450037,1,1391,1,1,1,1
368,0522_c0008_015.jpg,522,7,-1,True,150,8550,0.6944332878214003,0.11511895625479662,1,1303,1,1,1,1
369,0522_c0008_020.jpg,522,7,-1,True,150,8550,0.6991475300809862,0.1072961373390558,1,1398,1,1,1,1
370,0524_c0001_000.jpg,524,0,-1,True,175,8550,0.3784460867276625,0.19751693002257337,1,886,1,1,1,1
371,0524_c0001_005.jpg,524,0,-1,True,175,8550,0.37991492288655226,0.18676627534685167,1,937,1,1,1,1
372,0524_c0001_010.jpg,524,0,-1,True,175,8550,0.3525962236793305,0.17784552845528456,1,984,1,1,1,1
373,0524_c0001_015.jpg,524,0,-1,True,175,8550,0.3689401465960711,0.2,1,875,1,1,1,1
374,0524_c0001_020.jpg,524,0,-1,True,175,8550,0.36431456475986035,0.19662921348314608,1,890,1,1,1,1
375,0524_c0002_000.jpg,524,1,-1,True,175,8550,0.5029185352637561,0.1558325912733749,1,1123,1,1,1,1
376,0524_c0002_005.jpg,524,1,-1,True,175,8550,0.48612696135310784,0.15597147950089127,1,1122,1,1,1,1
377,0524_c0002_010.jpg,524,1,-1,True,175,8550,0.48543893715205844,0.17326732673267325,1,1010,1,1,1,1
378,0524_c0002_015.jpg,524,1,-1,True,175,8550,0.5028050043124233,0.1826722338204593,1,958,1,1,1,1
379,0524_c0002_020.jpg,524,1,-1,True,175,8550,0.5114572230165219,0.18577494692144372,1,942,1,1,1,1
380,0524_c0003_000.jpg,524,2,-1,True,175,8550,0.7287142452346933,0.2684049079754601,1,652,1,1,1,1
381,0524_c0003_005.jpg,524,2,-1,True,175,8550,0.656710095741781,0.16294227188081936,1,1074,1,1,1,1
382,0524_c0003_010.jpg,524,2,-1,True,175,8550,0.6837111812437636,0.2056404230317274,1,851,1,1,1,1
383,0524_c0003_015.jpg,524,2,-1,True,175,8550,0.6885252379111922,0.2023121387283237,1,865,1,1,1,1
384,0524_c0003_020.jpg,524,2,-1,True,175,8550,0.6598367140209829,0.2046783625730994,1,855,1,1,1,1
385,0524_c0004_000.jpg,524,3,-1,True,175,8550,0.23249252280297183,0.10822510822510822,26,1617,0,0,0,0
386,0524_c0004_005.jpg,524,3,-1,True,175,8550,0.19469155634151755,0.09157509157509157,81,1911,0,0,0,0
387,0524_c0004_010.jpg,524,3,-1,True,175,8550,0.2173911780410791,0.09954493742889647,71,1758,0,0,0,0
388,0524_c0004_015.jpg,524,3,-1,True,175,8550,0.20925536971086614,0.09647188533627343,65,1814,0,0,0,0
389,0524_c0004_020.jpg,524,3,-1,True,175,8550,0.221934764238017,0.0977107761027359,62,1791,0,0,0,0
390,0524_c0005_000.jpg,524,4,-1,True,175,8550,0.6337768207917845,0.43424317617866004,1,403,1,1,1,1
391,0524_c0005_005.jpg,524,4,-1,True,175,8550,0.5934607004231546,0.39325842696629215,1,445,1,1,1,1
392,0524_c0005_010.jpg,524,4,-1,True,175,8550,0.5780238851881526,0.3707627118644068,1,472,1,1,1,1
393,0524_c0005_015.jpg,524,4,-1,True,175,8550,0.6239624972481493,0.28735632183908044,1,609,1,1,1,1
394,0524_c0005_020.jpg,524,4,-1,True,175,8550,0.6220970178661895,0.4807692307692308,1,364,1,1,1,1
395,0524_c0006_000.jpg,524,5,-1,True,175,8550,0.5243594369598418,0.29914529914529914,1,585,1,1,1,1
396,0524_c0006_005.jpg,524,5,-1,True,175,8550,0.5248061008080902,0.330188679245283,1,530,1,1,1,1
397,0524_c0006_010.jpg,524,5,-1,True,175,8550,0.5219882308354548,0.2976190476190476,1,588,1,1,1,1
398,0524_c0006_015.jpg,524,5,-1,True,175,8550,0.5257983464814132,0.32649253731343286,1,536,1,1,1,1
399,0524_c0006_020.jpg,524,5,-1,True,175,8550,0.5474663798969032,0.3763440860215054,1,465,1,1,1,1
400,0524_c0007_000.jpg,524,6,-1,True,175,8550,0.5666229028286834,0.11041009463722397,1,1585,1,1,1,1
401,0524_c0007_005.jpg,524,6,-1,True,175,8550,0.56979784602567,0.1203576341127923,1,1454,1,1,1,1
402,0524_c0007_010.jpg,524,6,-1,True,175,8550,0.603737982223735,0.1647834274952919,1,1062,1,1,1,1
403,0524_c0007_015.jpg,524,6,-1,True,175,8550,0.5832623452180189,0.1590909090909091,1,1100,1,1,1,1
404,0524_c0007_020.jpg,524,6,-1,True,175,8550,0.5930429957952298,0.16143911439114392,1,1084,1,1,1,1
405,0524_c0008_000.jpg,524,7,-1,True,175,8550,0.5724950506688836,0.23777173913043478,1,736,1,1,1,1
406,0524_c0008_005.jpg,524,7,-1,True,175,8550,0.5543065047289049,0.24305555555555555,1,720,1,1,1,1
407,0524_c0008_010.jpg,524,7,-1,True,175,8550,0.49944647839223066,0.23148148148148148,1,756,1,1,1,1
408,0524_c0008_015.jpg,524,7,-1,True,175,8550,0.5165830432235887,0.22756827048114434,1,769,1,1,1,1
409,0524_c0008_020.jpg,524,7,-1,True,175,8550,0.5416715646037091,0.24964336661911554,1,701,1,1,1,1
410,0526_c0001_000.jpg,526,0,-1,True,50,8550,0.6318427282142766,0.24271844660194175,1,206,1,1,1,1
411,0526_c0001_005.jpg,526,0,-1,True,50,8550,0.6568111388101662,0.29069767441860467,1,172,1,1,1,1
412,0526_c0001_010.jpg,526,0,-1,True,50,8550,0.6415614996100101,0.26595744680851063,1,188,1,1,1,1
413,0526_c0001_015.jpg,526,0,-1,True,50,8550,0.6469596536897813,0.2702702702702703,1,185,1,1,1,1
414,0526_c0001_020.jpg,526,0,-1,True,50,8550,0.6690163841214968,0.28901734104046245,1,173,1,1,1,1
415,0526_c0003_000.jpg,526,2,-1,True,50,8550,0.998383013205282,0.9803921568627451,1,51,1,1,1,1
416,0526_c0003_005.jpg,526,2,-1,True,50,8550,1.0,1.0,1,50,1,1,1,1
417,0526_c0003_010.jpg,526,2,-1,True,50,8550,0.9870233752543736,0.9433962264150944,1,53,1,1,1,1
418,0526_c0003_015.jpg,526,2,-1,True,50,8550,1.0,1.0,1,50,1,1,1,1
419,0526_c0003_020.jpg,526,2,-1,True,50,8550,1.0,1.0,1,50,1,1,1,1
420,0526_c0005_000.jpg,526,4,-1,True,50,8550,1.0,1.0,1,50,1,1,1,1
421,0526_c0005_005.jpg,526,4,-1,True,50,8550,1.0,1.0,1,50,1,1,1,1
422,0526_c0005_010.jpg,526,4,-1,True,50,8550,1.0,1.0,1,50,1,1,1,1
423,0526_c0005_015.jpg,526,4,-1,True,50,8550,1.0,1.0,1,50,1,1,1,1
424,0526_c0005_020.jpg,526,4,-1,True,50,8550,1.0,1.0,1,50,1,1,1,1
425,0528_c0001_000.jpg,528,0,-1,True,150,8550,0.622910256159904,0.4297994269340974,1,349,1,1,1,1
426,0528_c0001_005.jpg,528,0,-1,True,150,8550,0.5095075124776245,0.20134228187919462,1,745,1,1,1,1
427,0528_c0001_010.jpg,528,0,-1,True,150,8550,0.4692266024513435,0.24671052631578946,1,608,1,1,1,1
428,0528_c0001_015.jpg,528,0,-1,True,150,8550,0.4483356570599807,0.17814726840855108,1,842,1,1,1,1
429,0528_c0001_020.jpg,528,0,-1,True,150,8550,0.36291381578102305,0.2145922746781116,1,699,1,1,1,1
430,0528_c0002_000.jpg,528,1,-1,True,150,8550,0.6715990643938408,0.2976190476190476,1,504,1,1,1,1
431,0528_c0002_005.jpg,528,1,-1,True,150,8550,0.694333992943771,0.2994011976047904,1,501,1,1,1,1
432,0528_c0002_010.jpg,528,1,-1,True,150,8550,0.6977871626013052,0.2976190476190476,1,504,1,1,1,1
433,0528_c0002_015.jpg,528,1,-1,True,150,8550,0.6760031264505435,0.29296875,1,512,1,1,1,1
434,0528_c0002_020.jpg,528,1,-1,True,150,8550,0.6792380239875556,0.28680688336520077,1,523,1,1,1,1
435,0528_c0003_000.jpg,528,2,-1,True,150,8550,0.8527890101672136,0.390625,1,384,1,1,1,1
436,0528_c0003_005.jpg,528,2,-1,True,150,8550,0.8545633683825308,0.40106951871657753,1,374,1,1,1,1
437,0528_c0003_010.jpg,528,2,-1,True,150,8550,0.8389053217458805,0.4,1,375,1,1,1,1
438,0528_c0003_015.jpg,528,2,-1,True,150,8550,0.7847498402923996,0.3978779840848806,1,377,1,1,1,1
439,0528_c0003_020.jpg,528,2,-1,True,150,8550,0.8136225475690929,0.3856041131105398,1,389,1,1,1,1
440,0528_c0004_000.jpg,528,3,-1,True,150,8550,0.9096232330329447,0.7537688442211056,1,199,1,1,1,1
441,0528_c0004_005.jpg,528,3,-1,True,150,8550,0.9193515670925095,0.7692307692307693,1,195,1,1,1,1
442,0528_c0004_010.jpg,528,3,-1,True,150,8550,0.9126419289411319,0.6976744186046512,1,215,1,1,1,1
443,0528_c0004_015.jpg,528,3,-1,True,150,8550,0.8983474417398207,0.6410256410256411,1,234,1,1,1,1
444,0528_c0004_020.jpg,528,3,-1,True,150,8550,0.8983466338569368,0.6696428571428571,1,224,1,1,1,1
445,0528_c0005_000.jpg,528,4,-1,True,150,8550,0.9354203246602185,0.6,1,250,1,1,1,1
446,0528_c0005_005.jpg,528,4,-1,True,150,8550,0.946830889149183,0.6097560975609756,1,246,1,1,1,1
447,0528_c0005_010.jpg,528,4,-1,True,150,8550,0.9347467030571984,0.6024096385542169,1,249,1,1,1,1
448,0528_c0005_015.jpg,528,4,-1,True,150,8550,0.9299329724565955,0.5703422053231939,1,263,1,1,1,1
449,0528_c0005_020.jpg,528,4,-1,True,150,8550,0.912817062807666,0.5952380952380952,1,252,1,1,1,1
450,0528_c0006_000.jpg,528,5,-1,True,150,8550,0.6413602681787995,0.4491017964071856,1,334,1,1,1,1
451,0528_c0006_005.jpg,528,5,-1,True,150,8550,0.6411448879431464,0.44776119402985076,1,335,1,1,1,1
452,0528_c0006_010.jpg,528,5,-1,True,150,8550,0.6405384850367102,0.44776119402985076,1,335,1,1,1,1
453,0528_c0006_015.jpg,528,5,-1,True,150,8550,0.6467195609660176,0.43103448275862066,1,348,1,1,1,1
454,0528_c0006_020.jpg,528,5,-1,True,150,8550,0.6226423591725342,0.45871559633027525,1,327,1,1,1,1
455,0528_c0007_000.jpg,528,6,-1,True,150,8550,0.5272706542591094,0.42857142857142855,5,350,0,1,1,1
456,0528_c0007_005.jpg,528,6,-1,True,150,8550,0.5656475497636445,0.4411764705882353,4,340,0,1,1,1
457,0528_c0007_010.jpg,528,6,-1,True,150,8550,0.5443411463465003,0.4178272980501393,4,359,0,1,1,1
458,0528_c0007_015.jpg,528,6,-1,True,150,8550,0.5663282432073559,0.45317220543806647,4,331,0,1,1,1
459,0528_c0007_020.jpg,528,6,-1,True,150,8550,0.5655057836040853,0.42613636363636365,4,352,0,1,1,1
460,0530_c0001_000.jpg,530,0,-1,True,150,8550,0.6547677513423097,0.487012987012987,1,308,1,1,1,1
461,0530_c0001_005.jpg,530,0,-1,True,150,8550,0.6001108928535188,0.46296296296296297,1,324,1,1,1,1
462,0530_c0001_010.jpg,530,0,-1,True,150,8550,0.6616821640976532,0.4854368932038835,1,309,1,1,1,1
463,0530_c0001_015.jpg,530,0,-1,True,150,8550,0.7272690851525467,0.4983388704318937,1,301,1,1,1,1
464,0530_c0001_020.jpg,530,0,-1,True,150,8550,0.5864818725589225,0.4807692307692308,1,312,1,1,1,1
465,0530_c0002_000.jpg,530,1,-1,True,150,8550,0.966634975015122,0.7614213197969543,1,197,1,1,1,1
466,0530_c0002_005.jpg,530,1,-1,True,150,8550,0.931690404825342,0.6,1,250,1,1,1,1
467,0530_c0002_010.jpg,530,1,-1,True,150,8550,0.8997972033628391,0.539568345323741,1,278,1,1,1,1
468,0530_c0002_015.jpg,530,1,-1,True,150,8550,0.9283414227679323,0.6410256410256411,1,234,1,1,1,1
469,0530_c0002_020.jpg,530,1,-1,True,150,8550,0.9479185060852008,0.6666666666666666,1,225,1,1,1,1
470,0530_c0003_000.jpg,530,2,-1,True,150,8550,0.9955610462535973,0.9036144578313253,1,166,1,1,1,1
471,0530_c0003_005.jpg,530,2,-1,True,150,8550,0.9840083436821525,0.819672131147541,1,183,1,1,1,1
472,0530_c0003_010.jpg,530,2,-1,True,150,8550,0.9884810524099157,0.8287292817679558,1,181,1,1,1,1
473,0530_c0003_015.jpg,530,2,-1,True,150,8550,0.998595684040074,0.9615384615384616,1,156,1,1,1,1
474,0530_c0003_020.jpg,530,2,-1,True,150,8550,0.9970621215674422,0.9433962264150944,1,159,1,1,1,1
475,0530_c0004_000.jpg,530,3,-1,True,150,8550,0.9940391392207448,0.9433962264150944,1,159,1,1,1,1
476,0530_c0004_005.jpg,530,3,-1,True,150,8550,0.9982481288412257,0.9615384615384616,1,156,1,1,1,1
477,0530_c0004_010.jpg,530,3,-1,True,150,8550,0.9952555515475559,0.9433962264150944,1,159,1,1,1,1
478,0530_c0004_015.jpg,530,3,-1,True,150,8550,0.9992703292592807,0.9868421052631579,1,152,1,1,1,1
479,0530_c0004_020.jpg,530,3,-1,True,150,8550,0.9970172595323739,0.9493670886075949,1,158,1,1,1,1
480,0530_c0005_000.jpg,530,4,-1,True,150,8550,0.6427431179516157,0.5119453924914675,1,293,1,1,1,1
481,0530_c0005_005.jpg,530,4,-1,True,150,8550,0.6210725658807335,0.5016722408026756,1,299,1,1,1,1
482,0530_c0005_010.jpg,530,4,-1,True,150,8550,0.6451773692983035,0.5067567567567568,1,296,1,1,1,1
483,0530_c0005_015.jpg,530,4,-1,True,150,8550,0.6657952768356937,0.5244755244755245,1,286,1,1,1,1
484,0530_c0005_020.jpg,530,4,-1,True,150,8550,0.6702106420318847,0.5576208178438662,1,269,1,1,1,1
485,0530_c0006_000.jpg,530,5,-1,True,150,8550,1.0,1.0,1,150,1,1,1,1
486,0530_c0006_005.jpg,530,5,-1,True,150,8550,1.0,1.0,1,150,1,1,1,1
487,0530_c0006_010.jpg,530,5,-1,True,150,8550,1.0,1.0,1,150,1,1,1,1
488,0530_c0006_015.jpg,530,5,-1,True,150,8550,1.0,1.0,1,150,1,1,1,1
489,0530_c0006_020.jpg,530,5,-1,True,150,8550,1.0,1.0,1,150,1,1,1,1
490,0530_c0008_000.jpg,530,7,-1,True,150,8550,0.7792509407162996,0.4807692307692308,1,312,1,1,1,1
491,0530_c0008_005.jpg,530,7,-1,True,150,8550,0.7824318013118858,0.5084745762711864,1,295,1,1,1,1
492,0530_c0008_010.jpg,530,7,-1,True,150,8550,0.7592876752539084,0.40540540540540543,1,370,1,1,1,1
493,0530_c0008_015.jpg,530,7,-1,True,150,8550,0.7655163028860867,0.423728813559322,1,354,1,1,1,1
494,0530_c0008_020.jpg,530,7,-1,True,150,8550,0.7487745644230773,0.3978779840848806,1,377,1,1,1,1
495,0532_c0001_000.jpg,532,0,-1,True,175,8550,0.9751460773580994,0.7028112449799196,1,249,1,1,1,1
496,0532_c0001_005.jpg,532,0,-1,True,175,8550,0.9711071918101344,0.691699604743083,1,253,1,1,1,1
497,0532_c0001_010.jpg,532,0,-1,True,175,8550,0.9744163953264342,0.7056451612903226,1,248,1,1,1,1
498,0532_c0001_015.jpg,532,0,-1,True,175,8550,0.9706614157231412,0.6679389312977099,1,262,1,1,1,1
499,0532_c0001_020.jpg,532,0,-1,True,175,8550,0.9828791034725727,0.8215962441314554,1,213,1,1,1,1
500,0532_c0002_000.jpg,532,1,-1,True,175,8550,0.22182007116728975,0.08341277407054337,26,2098,0,0,0,0
501,0532_c0002_005.jpg,532,1,-1,True,175,8550,0.21730043580488995,0.07840501792114696,26,2232,0,0,0,0
502,0532_c0002_010.jpg,532,1,-1,True,175,8550,0.2296075155093391,0.08532423208191127,26,2051,0,0,0,0
503,0532_c0002_015.jpg,532,1,-1,True,175,8550,0.22527211012672954,0.08177570093457943,26,2140,0,0,0,0
504,0532_c0002_020.jpg,532,1,-1,True,175,8550,0.2186854738276666,0.08012820512820513,26,2184,0,0,0,0
505,0532_c0003_000.jpg,532,2,-1,True,175,8550,0.8982945693707851,0.25925925925925924,1,675,1,1,1,1
506,0532_c0003_005.jpg,532,2,-1,True,175,8550,0.8998668299643819,0.2581120943952802,1,678,1,1,1,1
507,0532_c0003_010.jpg,532,2,-1,True,175,8550,0.9007662007466684,0.2684049079754601,1,652,1,1,1,1
508,0532_c0003_015.jpg,532,2,-1,True,175,8550,0.9001388045186539,0.2588757396449704,1,676,1,1,1,1
509,0532_c0003_020.jpg,532,2,-1,True,175,8550,0.9018238317349343,0.2786624203821656,1,628,1,1,1,1
510,0532_c0004_000.jpg,532,3,-1,True,175,8550,0.9084351560423832,0.3027681660899654,1,578,1,1,1,1
511,0532_c0004_005.jpg,532,3,-1,True,175,8550,0.903098051492627,0.2764612954186414,1,633,1,1,1,1
512,0532_c0004_010.jpg,532,3,-1,True,175,8550,0.902517569861021,0.274294670846395,1,638,1,1,1,1
513,0532_c0004_015.jpg,532,3,-1,True,175,8550,0.902015904434421,0.27216174183514774,1,643,1,1,1,1
514,0532_c0004_020.jpg,532,3,-1,True,175,8550,0.9005313359525696,0.25925925925925924,1,675,1,1,1,1
515,0532_c0005_000.jpg,532,4,-1,True,175,8550,0.8820236968148463,0.14705882352941177,1,1190,1,1,1,1
516,0532_c0005_005.jpg,532,4,-1,True,175,8550,0.8821742331069088,0.14906303236797275,1,1174,1,1,1,1
517,0532_c0005_010.jpg,532,4,-1,True,175,8550,0.8839505321946832,0.1550044286979628,1,1129,1,1,1,1
518,0532_c0005_015.jpg,532,4,-1,True,175,8550,0.8810993363651924,0.14668901927912825,1,1193,1,1,1,1
519,0532_c0005_020.jpg,532,4,-1,True,175,8550,0.8819603476599874,0.1443894389438944,1,1212,1,1,1,1
520,0532_c0006_000.jpg,532,5,-1,True,175,8550,0.9276306531543884,0.7743362831858407,1,226,1,1,1,1
521,0532_c0006_005.jpg,532,5,-1,True,175,8550,0.9437978031445489,0.7743362831858407,1,226,1,1,1,1
522,0532_c0006_010.jpg,532,5,-1,True,175,8550,0.9640914058092839,0.7056451612903226,1,248,1,1,1,1
523,0532_c0006_015.jpg,532,5,-1,True,175,8550,0.9714206099969984,0.78125,1,224,1,1,1,1
524,0532_c0006_020.jpg,532,5,-1,True,175,8550,0.9338946531646841,0.7028112449799196,1,249,1,1,1,1
525,0532_c0007_000.jpg,532,6,-1,True,175,8550,0.9455140238092362,0.41766109785202865,1,419,1,1,1,1
526,0532_c0007_005.jpg,532,6,-1,True,175,8550,0.9330274857612,0.4278728606356968,1,409,1,1,1,1
527,0532_c0007_010.jpg,532,6,-1,True,175,8550,0.9503712535891972,0.5162241887905604,1,339,1,1,1,1
528,0532_c0007_015.jpg,532,6,-1,True,175,8550,0.941735162112837,0.43103448275862066,1,406,1,1,1,1
529,0532_c0007_020.jpg,532,6,-1,True,175,8550,0.9329330109794882,0.40045766590389015,1,437,1,1,1,1
530,0532_c0008_000.jpg,532,7,-1,True,175,8550,0.8400476047533179,0.07729681978798586,1,2264,1,1,1,1
531,0532_c0008_005.jpg,532,7,-1,True,175,8550,0.8424502699416959,0.07675438596491228,1,2280,1,1,1,1
532,0532_c0008_010.jpg,532,7,-1,True,175,8550,0.8688635150077937,0.08433734939759036,1,2075,1,1,1,1
533,0532_c0008_015.jpg,532,7,-1,True,175,8550,0.8565202310509964,0.07784697508896797,1,2248,1,1,1,1
534,0532_c0008_020.jpg,532,7,-1,True,175,8550,0.8702356941591298,0.08874239350912778,1,1972,1,1,1,1
535,0534_c0001_000.jpg,534,0,-1,True,150,8550,1.0,1.0,1,150,1,1,1,1
536,0534_c0001_005.jpg,534,0,-1,True,150,8550,1.0,1.0,1,150,1,1,1,1
537,0534_c0001_010.jpg,534,0,-1,True,150,8550,1.0,1.0,1,150,1,1,1,1
538,0534_c0001_015.jpg,534,0,-1,True,150,8550,1.0,1.0,1,150,1,1,1,1
539,0534_c0001_020.jpg,534,0,-1,True,150,8550,1.0,1.0,1,150,1,1,1,1
540,0534_c0002_000.jpg,534,1,-1,True,150,8550,0.9501005216386548,0.6696428571428571,1,224,1,1,1,1
541,0534_c0002_005.jpg,534,1,-1,True,150,8550,0.937342142943733,0.6607929515418502,1,227,1,1,1,1
542,0534_c0002_010.jpg,534,1,-1,True,150,8550,0.9616084675156041,0.6976744186046512,1,215,1,1,1,1
543,0534_c0002_015.jpg,534,1,-1,True,150,8550,0.9872740817649102,0.7653061224489796,1,196,1,1,1,1
544,0534_c0002_020.jpg,534,1,-1,True,150,8550,0.9807537352115809,0.7425742574257426,1,202,1,1,1,1
545,0534_c0004_000.jpg,534,3,-1,True,150,8550,0.9998678362573101,0.9868421052631579,1,152,1,1,1,1
546,0534_c0004_005.jpg,534,3,-1,True,150,8550,1.0,1.0,1,150,1,1,1,1
547,0534_c0004_010.jpg,534,3,-1,True,150,8550,1.0,1.0,1,150,1,1,1,1
548,0534_c0004_015.jpg,534,3,-1,True,150,8550,0.9994656158916253,0.9803921568627451,1,153,1,1,1,1
549,0534_c0004_020.jpg,534,3,-1,True,150,8550,0.9913384597151071,0.8152173913043478,1,184,1,1,1,1
550,0534_c0005_000.jpg,534,4,-1,True,150,8550,0.9760441683893147,0.8571428571428571,1,175,1,1,1,1
551,0534_c0005_005.jpg,534,4,-1,True,150,8550,0.9734097274075915,0.8571428571428571,1,175,1,1,1,1
552,0534_c0005_010.jpg,534,4,-1,True,150,8550,0.968616221226619,0.8571428571428571,1,175,1,1,1,1
553,0534_c0005_015.jpg,534,4,-1,True,150,8550,0.9858099593648398,0.8571428571428571,1,175,1,1,1,1
554,0534_c0005_020.jpg,534,4,-1,True,150,8550,0.973272529591247,0.8571428571428571,1,175,1,1,1,1
555,0534_c0006_000.jpg,534,5,-1,True,150,8550,1.0,1.0,1,150,1,1,1,1
556,0534_c0006_005.jpg,534,5,-1,True,150,8550,1.0,1.0,1,150,1,1,1,1
557,0534_c0006_010.jpg,534,5,-1,True,150,8550,1.0,1.0,1,150,1,1,1,1
558,0534_c0006_015.jpg,534,5,-1,True,150,8550,1.0,1.0,1,150,1,1,1,1
559,0534_c0006_020.jpg,534,5,-1,True,150,8550,1.0,1.0,1,150,1,1,1,1
560,0534_c0007_000.jpg,534,6,-1,True,150,8550,1.0,1.0,1,150,1,1,1,1
561,0534_c0007_005.jpg,534,6,-1,True,150,8550,1.0,1.0,1,150,1,1,1,1
562,0534_c0007_010.jpg,534,6,-1,True,150,8550,0.9999114054451803,0.9933774834437086,1,151,1,1,1,1
563,0534_c0007_015.jpg,534,6,-1,True,150,8550,1.0,1.0,1,150,1,1,1,1
564,0534_c0007_020.jpg,534,6,-1,True,150,8550,1.0,1.0,1,150,1,1,1,1
565,0534_c0008_000.jpg,534,7,-1,True,150,8550,1.0,1.0,1,150,1,1,1,1
566,0534_c0008_005.jpg,534,7,-1,True,150,8550,1.0,1.0,1,150,1,1,1,1
567,0534_c0008_010.jpg,534,7,-1,True,150,8550,1.0,1.0,1,150,1,1,1,1
568,0534_c0008_015.jpg,534,7,-1,True,150,8550,1.0,1.0,1,150,1,1,1,1
569,0534_c0008_020.jpg,534,7,-1,True,150,8550,1.0,1.0,1,150,1,1,1,1
570,0536_c0001_000.jpg,536,0,-1,True,75,8550,0.4777543543691841,0.1431297709923664,1,524,1,1,1,1
571,0536_c0001_005.jpg,536,0,-1,True,75,8550,0.49473232871493183,0.15120967741935484,1,496,1,1,1,1
572,0536_c0001_010.jpg,536,0,-1,True,75,8550,0.5221620245630112,0.15030060120240482,1,499,1,1,1,1
573,0536_c0001_015.jpg,536,0,-1,True,75,8550,0.49081719671230967,0.14478764478764478,1,518,1,1,1,1
574,0536_c0001_020.jpg,536,0,-1,True,75,8550,0.5083417880227805,0.1524390243902439,1,492,1,1,1,1
575,0536_c0002_000.jpg,536,1,-1,True,75,8550,0.47465977719154645,0.25,1,300,1,1,1,1
576,0536_c0002_005.jpg,536,1,-1,True,75,8550,0.49943560563936085,0.23809523809523808,1,315,1,1,1,1
577,0536_c0002_010.jpg,536,1,-1,True,75,8550,0.47713821544522045,0.23219814241486067,1,323,1,1,1,1
578,0536_c0002_015.jpg,536,1,-1,True,75,8550,0.491640606298542,0.25951557093425603,1,289,1,1,1,1
579,0536_c0002_020.jpg,536,1,-1,True,75,8550,0.5161106319761917,0.26501766784452296,1,283,1,1,1,1
580,0536_c0005_000.jpg,536,4,-1,True,75,8550,0.6035279840444,0.15991471215351813,1,469,1,1,1,1
581,0536_c0005_005.jpg,536,4,-1,True,75,8550,0.56467429857763,0.16666666666666666,1,450,1,1,1,1
582,0536_c0005_010.jpg,536,4,-1,True,75,8550,0.5536043660002334,0.17772511848341233,1,422,1,1,1,1
583,0536_c0005_015.jpg,536,4,-1,True,75,8550,0.5564866975726493,0.20270270270270271,1,370,1,1,1,1
584,0536_c0005_020.jpg,536,4,-1,True,75,8550,0.53233277803982,0.18382352941176472,1,408,1,1,1,1
585,0536_c0006_000.jpg,536,5,-1,True,75,8550,0.4230491166596694,0.16592920353982302,1,452,1,1,1,1
586,0536_c0006_005.jpg,536,5,-1,True,75,8550,0.44199620498952774,0.1744186046511628,1,430,1,1,1,1
587,0536_c0006_010.jpg,536,5,-1,True,75,8550,0.42530672286817567,0.16666666666666666,1,450,1,1,1,1
588,0536_c0006_015.jpg,536,5,-1,True,75,8550,0.44420786815485047,0.1865671641791045,1,402,1,1,1,1
589,0536_c0006_020.jpg,536,5,-1,True,75,8550,0.43594219619469715,0.1724137931034483,1,435,1,1,1,1
590,0538_c0001_000.jpg,538,0,-1,True,175,8550,0.999264644274132,0.9358288770053476,1,187,1,1,1,1
591,0538_c0001_005.jpg,538,0,-1,True,175,8550,0.9917738061516296,0.7990867579908676,1,219,1,1,1,1
592,0538_c0001_010.jpg,538,0,-1,True,175,8550,0.999838756748869,0.9831460674157303,1,178,1,1,1,1
593,0538_c0001_015.jpg,538,0,-1,True,175,8550,0.9994460042131884,0.9776536312849162,1,179,1,1,1,1
594,0538_c0001_020.jpg,538,0,-1,True,175,8550,0.9981944333690148,0.9562841530054644,1,183,1,1,1,1
595,0538_c0002_000.jpg,538,1,-1,True,175,8550,0.6593465143431881,0.19954389965792474,1,877,1,1,1,1
596,0538_c0002_005.jpg,538,1,-1,True,175,8550,0.7522101447014523,0.28688524590163933,1,610,1,1,1,1
597,0538_c0002_010.jpg,538,1,-1,True,175,8550,0.7000069381419313,0.20710059171597633,1,845,1,1,1,1
598,0538_c0002_015.jpg,538,1,-1,True,175,8550,0.7932280220863456,0.21685254027261464,1,807,1,1,1,1
599,0538_c0002_020.jpg,538,1,-1,True,175,8550,0.7701340038123697,0.20734597156398105,1,844,1,1,1,1
600,0538_c0003_000.jpg,538,2,-1,True,175,8550,0.9418260532318283,0.34791252485089463,1,503,1,1,1,1
601,0538_c0003_005.jpg,538,2,-1,True,175,8550,0.9768541521622338,0.5147058823529411,1,340,1,1,1,1
602,0538_c0003_010.jpg,538,2,-1,True,175,8550,0.9567234009127807,0.41273584905660377,1,424,1,1,1,1
603,0538_c0003_015.jpg,538,2,-1,True,175,8550,0.9796077633472493,0.5555555555555556,1,315,1,1,1,1
604,0538_c0003_020.jpg,538,2,-1,True,175,8550,0.9891032767499951,0.708502024291498,1,247,1,1,1,1
605,0538_c0004_000.jpg,538,3,-1,True,175,8550,0.8354981261072527,0.2976190476190476,1,588,1,1,1,1
606,0538_c0004_005.jpg,538,3,-1,True,175,8550,0.8091191525389552,0.2581120943952802,1,678,1,1,1,1
607,0538_c0004_010.jpg,538,3,-1,True,175,8550,0.8070695283748429,0.26435045317220546,1,662,1,1,1,1
608,0538_c0004_015.jpg,538,3,-1,True,175,8550,0.8095569034629775,0.25289017341040465,1,692,1,1,1,1
609,0538_c0004_020.jpg,538,3,-1,True,175,8550,0.8244691540555563,0.2581120943952802,1,678,1,1,1,1
610,0538_c0005_000.jpg,538,4,-1,True,175,8550,0.8366937636464981,0.43209876543209874,1,405,1,1,1,1
611,0538_c0005_005.jpg,538,4,-1,True,175,8550,0.7612266829431766,0.28044871794871795,1,624,1,1,1,1
612,0538_c0005_010.jpg,538,4,-1,True,175,8550,0.6969932641969894,0.23777173913043478,1,736,1,1,1,1
613,0538_c0005_015.jpg,538,4,-1,True,175,8550,0.7785506518340568,0.3258845437616387,1,537,1,1,1,1
614,0538_c0005_020.jpg,538,4,-1,True,175,8550,0.7857688321597235,0.30864197530864196,1,567,1,1,1,1
615,0538_c0006_000.jpg,538,5,-1,True,175,8550,0.8613955081144881,0.3193430656934307,1,548,1,1,1,1
616,0538_c0006_005.jpg,538,5,-1,True,175,8550,0.83886920915588,0.2157829839704069,1,811,1,1,1,1
617,0538_c0006_010.jpg,538,5,-1,True,175,8550,0.8170987291214098,0.21160822249093109,1,827,1,1,1,1
618,0538_c0006_015.jpg,538,5,-1,True,175,8550,0.8547643366556447,0.22756827048114434,1,769,1,1,1,1
619,0538_c0006_020.jpg,538,5,-1,True,175,8550,0.9438493788536808,0.3181818181818182,1,550,1,1,1,1
620,0538_c0007_000.jpg,538,6,-1,True,175,8550,0.8440881171723885,0.264750378214826,1,661,1,1,1,1
621,0538_c0007_005.jpg,538,6,-1,True,175,8550,0.7936383375977797,0.28,1,625,1,1,1,1
622,0538_c0007_010.jpg,538,6,-1,True,175,8550,0.7228205260843936,0.2627627627627628,1,666,1,1,1,1
623,0538_c0007_015.jpg,538,6,-1,True,175,8550,0.7489428331196907,0.2631578947368421,1,665,1,1,1,1
624,0538_c0007_020.jpg,538,6,-1,True,175,8550,0.8259721775680925,0.4654255319148936,1,376,1,1,1,1
625,0538_c0008_000.jpg,538,7,-1,True,175,8550,0.9044910744113974,0.40229885057471265,1,435,1,1,1,1
626,0538_c0008_005.jpg,538,7,-1,True,175,8550,0.8911996875911775,0.43424317617866004,1,403,1,1,1,1
627,0538_c0008_010.jpg,538,7,-1,True,175,8550,0.8958044543729995,0.4117647058823529,1,425,1,1,1,1
628,0538_c0008_015.jpg,538,7,-1,True,175,8550,0.8573346656328975,0.38293216630196936,1,457,1,1,1,1
629,0538_c0008_020.jpg,538,7,-1,True,175,8550,0.8433423717537518,0.37393162393162394,1,468,1,1,1,1
630,0540_c0001_000.jpg,540,0,-1,True,175,8550,0.6550645652261957,0.2217997465145754,1,789,1,1,1,1
631,0540_c0001_005.jpg,540,0,-1,True,175,8550,0.6353713768960648,0.20114942528735633,1,870,1,1,1,1
632,0540_c0001_010.jpg,540,0,-1,True,175,8550,0.592074316655485,0.1783893985728848,1,981,1,1,1,1
633,0540_c0001_015.jpg,540,0,-1,True,175,8550,0.6259826070020656,0.15151515151515152,1,1155,1,1,1,1
634,0540_c0001_020.jpg,540,0,-1,True,175,8550,0.5334345097623275,0.17006802721088435,1,1029,1,1,1,1
635,0540_c0002_000.jpg,540,1,-1,True,175,8550,0.4103853627292187,0.04401408450704225,1,3976,1,1,1,1
636,0540_c0002_005.jpg,540,1,-1,True,175,8550,0.48117730880087256,0.04807692307692308,1,3640,1,1,1,1
637,0540_c0002_010.jpg,540,1,-1,True,175,8550,0.4665639161151354,0.05657937277723893,1,3093,1,1,1,1
638,0540_c0002_015.jpg,540,1,-1,True,175,8550,0.3431463531682076,0.03413968006242684,1,5126,1,1,1,1
639,0540_c0002_020.jpg,540,1,-1,True,175,8550,0.40881744416847676,0.05328867235079172,1,3284,1,1,1,1
640,0540_c0003_000.jpg,540,2,-1,True,175,8550,0.4133101992571033,0.12306610407876231,1,1422,1,1,1,1
641,0540_c0003_005.jpg,540,2,-1,True,175,8550,0.48487290172840547,0.11393229166666667,1,1536,1,1,1,1
642,0540_c0003_010.jpg,540,2,-1,True,175,8550,0.5425839252128248,0.1320754716981132,1,1325,1,1,1,1
643,0540_c0003_015.jpg,540,2,-1,True,175,8550,0.4370086052568912,0.11341542449773169,1,1543,1,1,1,1
644,0540_c0003_020.jpg,540,2,-1,True,175,8550,0.4569662963667229,0.11620185922974767,1,1506,1,1,1,1
645,0540_c0004_000.jpg,540,3,-1,True,175,8550,0.42386006871449794,0.04674145299145299,1,3744,1,1,1,1
646,0540_c0004_005.jpg,540,3,-1,True,175,8550,0.574248568016002,0.056415215989684075,1,3102,1,1,1,1
647,0540_c0004_010.jpg,540,3,-1,True,175,8550,0.5677586472938383,0.06315409599422592,1,2771,1,1,1,1
648,0540_c0004_015.jpg,540,3,-1,True,175,8550,0.49722241399341083,0.06412605349945034,1,2729,1,1,1,1
649,0540_c0004_020.jpg,540,3,-1,True,175,8550,0.42931985156756974,0.05263157894736842,1,3325,1,1,1,1
650,0540_c0005_000.jpg,540,4,-1,True,175,8550,0.7861393762354172,0.18153526970954356,1,964,1,1,1,1
651,0540_c0005_005.jpg,540,4,-1,True,175,8550,0.763319343973486,0.20022883295194507,1,874,1,1,1,1
652,0540_c0005_010.jpg,540,4,-1,True,175,8550,0.7652653688835781,0.19574944071588368,1,894,1,1,1,1
653,0540_c0005_015.jpg,540,4,-1,True,175,8550,0.7526406831438719,0.16698473282442747,1,1048,1,1,1,1
654,0540_c0005_020.jpg,540,4,-1,True,175,8550,0.7655512178799236,0.1773049645390071,1,987,1,1,1,1
655,0540_c0006_000.jpg,540,5,-1,True,175,8550,0.6734719478092768,0.08565834557023984,1,2043,1,1,1,1
656,0540_c0006_005.jpg,540,5,-1,True,175,8550,0.6907579193660371,0.07854578096947935,1,2228,1,1,1,1
657,0540_c0006_010.jpg,540,5,-1,True,175,8550,0.675342484007323,0.06851996867658575,1,2554,1,1,1,1
658,0540_c0006_015.jpg,540,5,-1,True,175,8550,0.6851857747003893,0.0702247191011236,1,2492,1,1,1,1
659,0540_c0006_020.jpg,540,5,-1,True,175,8550,0.6711690256632534,0.06927949326999208,1,2526,1,1,1,1
660,0540_c0007_000.jpg,540,6,-1,True,175,8550,0.9459496532656585,0.550314465408805,1,318,1,1,1,1
661,0540_c0007_005.jpg,540,6,-1,True,175,8550,0.93806741097463,0.6140350877192983,1,285,1,1,1,1
662,0540_c0007_010.jpg,540,6,-1,True,175,8550,0.9222412995360798,0.4888268156424581,1,358,1,1,1,1
663,0540_c0007_015.jpg,540,6,-1,True,175,8550,0.9002501203108536,0.5057803468208093,1,346,1,1,1,1
664,0540_c0007_020.jpg,540,6,-1,True,175,8550,0.9464293479601182,0.691699604743083,1,253,1,1,1,1
665,0540_c0008_000.jpg,540,7,-1,True,175,8550,0.25639719665773053,0.06884343036978757,1,2542,1,1,1,1
666,0540_c0008_005.jpg,540,7,-1,True,175,8550,0.3244635377075205,0.07469056764831412,1,2343,1,1,1,1
667,0540_c0008_010.jpg,540,7,-1,True,175,8550,0.4395463080076819,0.07705856450902686,1,2271,1,1,1,1
668,0540_c0008_015.jpg,540,7,-1,True,175,8550,0.3409562859790443,0.07204610951008646,1,2429,1,1,1,1
669,0540_c0008_020.jpg,540,7,-1,True,175,8550,0.446377739637842,0.07625272331154684,1,2295,1,1,1,1
670,0542_c0001_000.jpg,542,0,-1,True,150,8550,0.42986046200021066,0.04426084390675716,1,3389,1,1,1,1
671,0542_c0001_005.jpg,542,0,-1,True,150,8550,0.42998535664956383,0.03897116134060795,1,3849,1,1,1,1
672,0542_c0001_010.jpg,542,0,-1,True,150,8550,0.39512087812221464,0.04093886462882096,1,3664,1,1,1,1
673,0542_c0001_015.jpg,542,0,-1,True,150,8550,0.4423935126504809,0.040694519804666304,1,3686,1,1,1,1
674,0542_c0001_020.jpg,542,0,-1,True,150,8550,0.4225969873218231,0.04112969564025226,1,3647,1,1,1,1
675,0542_c0002_000.jpg,542,1,-1,True,150,8550,0.318914482054446,0.07898894154818326,26,1899,0,0,0,0
676,0542_c0002_005.jpg,542,1,-1,True,150,8550,0.3704092723259753,0.09146341463414634,5,1640,0,1,1,1
677,0542_c0002_010.jpg,542,1,-1,True,150,8550,0.32009301037898086,0.09715025906735751,4,1544,0,1,1,1
678,0542_c0002_015.jpg,542,1,-1,True,150,8550,0.33452369368145035,0.09316770186335403,2,1610,0,1,1,1
679,0542_c0002_020.jpg,542,1,-1,True,150,8550,0.3396419431413857,0.1072961373390558,2,1398,0,1,1,1
680,0542_c0004_000.jpg,542,3,-1,True,150,8550,0.04552155768145036,0.0234375,88,6400,0,0,0,0
681,0542_c0004_005.jpg,542,3,-1,True,150,8550,0.044191516080913866,0.023614609571788413,86,6352,0,0,0,0
682,0542_c0004_010.jpg,542,3,-1,True,150,8550,0.035801212105749144,0.023809523809523808,123,6300,0,0,0,0
683,0542_c0004_015.jpg,542,3,-1,True,150,8550,0.03703966345825979,0.023965489694839432,124,6259,0,0,0,0
684,0542_c0004_020.jpg,542,3,-1,True,150,8550,0.03588836885725139,0.022865853658536585,122,6560,0,0,0,0
685,0542_c0005_000.jpg,542,4,-1,True,150,8550,0.2696803911523455,0.034013605442176874,2,4410,0,1,1,1
686,0542_c0005_005.jpg,542,4,-1,True,150,8550,0.2475345600887224,0.03095336359884441,8,4846,0,0,1,1
687,0542_c0005_010.jpg,542,4,-1,True,150,8550,0.2681702751136678,0.03192168546499255,2,4699,0,1,1,1
688,0542_c0005_015.jpg,542,4,-1,True,150,8550,0.3608628396827749,0.03274394237066143,1,4581,1,1,1,1
689,0542_c0005_020.jpg,542,4,-1,True,150,8550,0.45134398582155094,0.03639893229798592,1,4121,1,1,1,1
690,0542_c0006_000.jpg,542,5,-1,True,150,8550,0.5201564284942425,0.06302521008403361,1,2380,1,1,1,1
691,0542_c0006_005.jpg,542,5,-1,True,150,8550,0.5889289255534971,0.06270903010033445,1,2392,1,1,1,1
692,0542_c0006_010.jpg,542,5,-1,True,150,8550,0.5452875482496641,0.06666666666666667,1,2250,1,1,1,1
693,0542_c0006_015.jpg,542,5,-1,True,150,8550,0.5770180548511988,0.07363770250368189,1,2037,1,1,1,1
694,0542_c0006_020.jpg,542,5,-1,True,150,8550,0.5786679499579528,0.07414730598121602,1,2023,1,1,1,1
695,0542_c0007_000.jpg,542,6,-1,True,150,8550,0.5597555968248962,0.033340742387197156,1,4499,1,1,1,1
696,0542_c0007_005.jpg,542,6,-1,True,150,8550,0.5649328519903399,0.03480278422273782,1,4310,1,1,1,1
697,0542_c0007_010.jpg,542,6,-1,True,150,8550,0.5847088905379837,0.03919519205644108,1,3827,1,1,1,1
698,0542_c0007_015.jpg,542,6,-1,True,150,8550,0.5102411699252472,0.039925472451424006,1,3757,1,1,1,1
699,0542_c0007_020.jpg,542,6,-1,True,150,8550,0.5846140653279561,0.03770739064856712,1,3978,1,1,1,1
700,0542_c0008_000.jpg,542,7,-1,True,150,8550,0.033132037216120194,0.02399232245681382,175,6252,0,0,0,0
701,0542_c0008_005.jpg,542,7,-1,True,150,8550,0.030272893681040854,0.025325004220834037,187,5923,0,0,0,0
702,0542_c0008_010.jpg,542,7,-1,True,150,8550,0.03319049595522244,0.026251312565628283,131,5714,0,0,0,0
703,0542_c0008_015.jpg,542,7,-1,True,150,8550,0.030920602331446823,0.027462467960454047,153,5462,0,0,0,0
704,0542_c0008_020.jpg,542,7,-1,True,150,8550,0.030830781695131246,0.027061158217571712,256,5543,0,0,0,0
705,0544_c0001_000.jpg,544,0,-1,True,150,8550,0.43605022543527944,0.26595744680851063,6,564,0,0,1,1
706,0544_c0001_005.jpg,544,0,-1,True,150,8550,0.7498444525592297,0.3488372093023256,1,430,1,1,1,1
707,0544_c0001_010.jpg,544,0,-1,True,150,8550,0.47705861041869563,0.3409090909090909,12,440,0,0,0,1
708,0544_c0001_015.jpg,544,0,-1,True,150,8550,0.4779210361336097,0.2982107355864811,11,503,0,0,0,1
709,0544_c0001_020.jpg,544,0,-1,True,150,8550,0.46094870654057585,0.3694581280788177,17,406,0,0,0,1
710,0544_c0002_000.jpg,544,1,-1,True,150,8550,0.8194093442038701,0.539568345323741,1,278,1,1,1,1
711,0544_c0002_005.jpg,544,1,-1,True,150,8550,0.817588514345575,0.5300353356890459,1,283,1,1,1,1
712,0544_c0002_010.jpg,544,1,-1,True,150,8550,0.7141901249126679,0.436046511627907,1,344,1,1,1,1
713,0544_c0002_015.jpg,544,1,-1,True,150,8550,0.7113333607968102,0.4792332268370607,2,313,0,1,1,1
714,0544_c0002_020.jpg,544,1,-1,True,150,8550,0.8169250635056768,0.5,1,300,1,1,1,1
715,0544_c0003_000.jpg,544,2,-1,True,150,8550,0.9122873483371726,0.78125,1,192,1,1,1,1
716,0544_c0003_005.jpg,544,2,-1,True,150,8550,0.9298635601405333,0.7537688442211056,1,199,1,1,1,1
717,0544_c0003_010.jpg,544,2,-1,True,150,8550,0.9059421064502271,0.7352941176470589,1,204,1,1,1,1
718,0544_c0003_015.jpg,544,2,-1,True,150,8550,0.9081139897094711,0.7936507936507936,1,189,1,1,1,1
719,0544_c0003_020.jpg,544,2,-1,True,150,8550,0.9051051223998188,0.7537688442211056,1,199,1,1,1,1
720,0544_c0005_000.jpg,544,4,-1,True,150,8550,0.9573560989102337,0.6437768240343348,1,233,1,1,1,1
721,0544_c0005_005.jpg,544,4,-1,True,150,8550,0.9385461516795939,0.646551724137931,1,232,1,1,1,1
722,0544_c0005_010.jpg,544,4,-1,True,150,8550,0.9562733372150046,0.6756756756756757,1,222,1,1,1,1
723,0544_c0005_015.jpg,544,4,-1,True,150,8550,0.9435794658003211,0.6521739130434783,1,230,1,1,1,1
724,0544_c0005_020.jpg,544,4,-1,True,150,8550,0.9416996926322235,0.6550218340611353,1,229,1,1,1,1
725,0544_c0006_000.jpg,544,5,-1,True,150,8550,0.9986034773331778,0.9090909090909091,1,165,1,1,1,1
726,0544_c0006_005.jpg,544,5,-1,True,150,8550,0.9955255832125545,0.8021390374331551,1,187,1,1,1,1
727,0544_c0006_010.jpg,544,5,-1,True,150,8550,0.9982136767060505,0.8982035928143712,1,167,1,1,1,1
728,0544_c0006_015.jpg,544,5,-1,True,150,8550,0.9986726960918137,0.9090909090909091,1,165,1,1,1,1
729,0544_c0006_020.jpg,544,5,-1,True,150,8550,0.9952699354742163,0.7978723404255319,1,188,1,1,1,1
730,0544_c0007_000.jpg,544,6,-1,True,150,8550,0.9983626065014335,0.9615384615384616,1,156,1,1,1,1
731,0544_c0007_005.jpg,544,6,-1,True,150,8550,0.9979097342805477,0.8982035928143712,1,167,1,1,1,1
732,0544_c0007_010.jpg,544,6,-1,True,150,8550,0.998730505894149,0.9554140127388535,1,157,1,1,1,1
733,0544_c0007_015.jpg,544,6,-1,True,150,8550,0.9967628035998914,0.9493670886075949,1,158,1,1,1,1
734,0544_c0007_020.jpg,544,6,-1,True,150,8550,0.999303514140133,0.9615384615384616,1,156,1,1,1,1
735,0544_c0008_000.jpg,544,7,-1,True,150,8550,0.9998666627158738,0.9933774834437086,1,151,1,1,1,1
736,0544_c0008_005.jpg,544,7,-1,True,150,8550,1.0,1.0,1,150,1,1,1,1
737,0544_c0008_010.jpg,544,7,-1,True,150,8550,1.0,1.0,1,150,1,1,1,1
738,0544_c0008_015.jpg,544,7,-1,True,150,8550,0.999391802428421,0.9615384615384616,1,156,1,1,1,1
739,0544_c0008_020.jpg,544,7,-1,True,150,8550,0.9995157663086445,0.9803921568627451,1,153,1,1,1,1
740,0546_c0002_000.jpg,546,1,-1,True,75,8550,0.8468373568815429,0.4658385093167702,1,161,1,1,1,1
741,0546_c0002_005.jpg,546,1,-1,True,75,8550,0.853730813149653,0.5597014925373134,1,134,1,1,1,1
742,0546_c0002_010.jpg,546,1,-1,True,75,8550,0.8494000782151784,0.49019607843137253,1,153,1,1,1,1
743,0546_c0002_015.jpg,546,1,-1,True,75,8550,0.8396951192373667,0.43859649122807015,1,171,1,1,1,1
744,0546_c0002_020.jpg,546,1,-1,True,75,8550,0.849944372381206,0.47770700636942676,1,157,1,1,1,1
745,0546_c0004_000.jpg,546,3,-1,True,75,8550,1.0,1.0,1,75,1,1,1,1
746,0546_c0004_005.jpg,546,3,-1,True,75,8550,1.0,1.0,1,75,1,1,1,1
747,0546_c0004_010.jpg,546,3,-1,True,75,8550,1.0,1.0,1,75,1,1,1,1
748,0546_c0004_015.jpg,546,3,-1,True,75,8550,1.0,1.0,1,75,1,1,1,1
749,0546_c0004_020.jpg,546,3,-1,True,75,8550,0.9994759018759019,0.974025974025974,1,77,1,1,1,1
750,0546_c0007_000.jpg,546,6,-1,True,75,8550,0.9547752173415532,0.7281553398058253,1,103,1,1,1,1
751,0546_c0007_005.jpg,546,6,-1,True,75,8550,0.9864792763952388,0.8064516129032258,1,93,1,1,1,1
752,0546_c0007_010.jpg,546,6,-1,True,75,8550,0.9986184617662299,0.9493670886075949,1,79,1,1,1,1
753,0546_c0007_015.jpg,546,6,-1,True,75,8550,0.9965520079665797,0.9259259259259259,1,81,1,1,1,1
754,0546_c0007_020.jpg,546,6,-1,True,75,8550,0.8792949441204119,0.5555555555555556,1,135,1,1,1,1
755,0546_c0008_000.jpg,546,7,-1,True,75,8550,0.716190091726545,0.15756302521008403,1,476,1,1,1,1
756,0546_c0008_005.jpg,546,7,-1,True,75,8550,0.7183968176895328,0.16519823788546256,1,454,1,1,1,1
757,0546_c0008_010.jpg,546,7,-1,True,75,8550,0.7212766936605429,0.17084282460136674,1,439,1,1,1,1
758,0546_c0008_015.jpg,546,7,-1,True,75,8550,0.7196883751920672,0.16304347826086957,1,460,1,1,1,1
759,0546_c0008_020.jpg,546,7,-1,True,75,8550,0.7242776846244707,0.176056338028169,1,426,1,1,1,1
760,0548_c0001_000.jpg,548,0,-1,True,125,8550,0.25306739102792086,0.04850601474582848,1,2577,1,1,1,1
761,0548_c0001_005.jpg,548,0,-1,True,125,8550,0.24233394936417443,0.04186202277294039,1,2986,1,1,1,1
762,0548_c0001_010.jpg,548,0,-1,True,125,8550,0.2666282127798896,0.05260942760942761,1,2376,1,1,1,1
763,0548_c0001_015.jpg,548,0,-1,True,125,8550,0.2737291935280769,0.04974134500596896,1,2513,1,1,1,1
764,0548_c0001_020.jpg,548,0,-1,True,125,8550,0.3073814928915573,0.0505663430420712,1,2472,1,1,1,1
765,0548_c0002_000.jpg,548,1,-1,True,125,8550,0.12991211446612086,0.1145737855178735,30,1091,0,0,0,0
766,0548_c0002_005.jpg,548,1,-1,True,125,8550,0.13657453944187123,0.13061650992685475,20,957,0,0,0,1
767,0548_c0002_010.jpg,548,1,-1,True,125,8550,0.17454215956023428,0.13034410844629823,5,959,0,1,1,1
768,0548_c0002_015.jpg,548,1,-1,True,125,8550,0.17123967552569935,0.12487512487512488,25,1001,0,0,0,0
769,0548_c0002_020.jpg,548,1,-1,True,125,8550,0.3004364417469636,0.1311647429171039,1,953,1,1,1,1
770,0548_c0003_000.jpg,548,2,-1,True,125,8550,0.25550940972291103,0.11322463768115942,44,1104,0,0,0,0
771,0548_c0003_005.jpg,548,2,-1,True,125,8550,0.25664806548024816,0.1166044776119403,49,1072,0,0,0,0
772,0548_c0003_010.jpg,548,2,-1,True,125,8550,0.25955909603752675,0.11803588290840415,48,1059,0,0,0,0
773,0548_c0003_015.jpg,548,2,-1,True,125,8550,0.26384206893657197,0.10822510822510822,43,1155,0,0,0,0
774,0548_c0003_020.jpg,548,2,-1,True,125,8550,0.26513796190966865,0.10575296108291032,43,1182,0,0,0,0
775,0548_c0005_000.jpg,548,4,-1,True,125,8550,0.7443108092797409,0.2244165170556553,1,557,1,1,1,1
776,0548_c0005_005.jpg,548,4,-1,True,125,8550,0.745811704818263,0.16778523489932887,1,745,1,1,1,1
777,0548_c0005_010.jpg,548,4,-1,True,125,8550,0.6127568349931741,0.09307520476545049,1,1343,1,1,1,1
778,0548_c0005_015.jpg,548,4,-1,True,125,8550,0.6009316665430543,0.08434547908232119,1,1482,1,1,1,1
779,0548_c0005_020.jpg,548,4,-1,True,125,8550,0.6134867393764359,0.12376237623762376,1,1010,1,1,1,1
780,0548_c0006_000.jpg,548,5,-1,True,125,8550,0.9206378453273546,0.6127450980392157,1,204,1,1,1,1
781,0548_c0006_005.jpg,548,5,-1,True,125,8550,0.886309551867511,0.6067961165048543,1,206,1,1,1,1
782,0548_c0006_010.jpg,548,5,-1,True,125,8550,0.850796591648874,0.5060728744939271,1,247,1,1,1,1
783,0548_c0006_015.jpg,548,5,-1,True,125,8550,0.8915298240330509,0.49800796812749004,1,251,1,1,1,1
784,0548_c0006_020.jpg,548,5,-1,True,125,8550,0.8748661425749938,0.4807692307692308,1,260,1,1,1,1
785,0548_c0007_000.jpg,548,6,-1,True,125,8550,0.3728744439426912,0.09541984732824428,1,1310,1,1,1,1
786,0548_c0007_005.jpg,548,6,-1,True,125,8550,0.4411680895786973,0.11617100371747212,1,1076,1,1,1,1
787,0548_c0007_010.jpg,548,6,-1,True,125,8550,0.29732402678976005,0.09527439024390244,1,1312,1,1,1,1
788,0548_c0007_015.jpg,548,6,-1,True,125,8550,0.3529555585395188,0.09170946441672781,1,1363,1,1,1,1
789,0548_c0007_020.jpg,548,6,-1,True,125,8550,0.5262211593666818,0.1059322033898305,1,1180,1,1,1,1
790,0550_c0001_000.jpg,550,0,-1,True,175,8550,0.21657162508159014,0.17820773930753564,2,982,0,1,1,1
791,0550_c0001_005.jpg,550,0,-1,True,175,8550,0.2158510937103668,0.1912568306010929,2,915,0,1,1,1
792,0550_c0001_010.jpg,550,0,-1,True,175,8550,0.2140255068571507,0.1898047722342733,2,922,0,1,1,1
793,0550_c0001_015.jpg,550,0,-1,True,175,8550,0.2866016826198829,0.1881720430107527,1,930,1,1,1,1
794,0550_c0001_020.jpg,550,0,-1,True,175,8550,0.21702469693881724,0.20588235294117646,15,850,0,0,0,1
795,0550_c0002_000.jpg,550,1,-1,True,175,8550,0.42498656298772647,0.27689873417721517,1,632,1,1,1,1
796,0550_c0002_005.jpg,550,1,-1,True,175,8550,0.4041004802323277,0.22407170294494239,1,781,1,1,1,1
797,0550_c0002_010.jpg,550,1,-1,True,175,8550,0.37383583706737356,0.18878101402373246,1,927,1,1,1,1
798,0550_c0002_015.jpg,550,1,-1,True,175,8550,0.3904935598314915,0.1787538304392237,1,979,1,1,1,1
799,0550_c0002_020.jpg,550,1,-1,True,175,8550,0.402487500958581,0.1715686274509804,1,1020,1,1,1,1
800,0550_c0003_000.jpg,550,2,-1,True,175,8550,0.17314824342760793,0.16762452107279693,18,1044,0,0,0,1
801,0550_c0003_005.jpg,550,2,-1,True,175,8550,0.19053853176140534,0.17465069860279442,13,1002,0,0,0,1
802,0550_c0003_010.jpg,550,2,-1,True,175,8550,0.17740169003180895,0.15737410071942445,21,1112,0,0,0,0
803,0550_c0003_015.jpg,550,2,-1,True,175,8550,0.16284654711619834,0.14391447368421054,15,1216,0,0,0,1
804,0550_c0003_020.jpg,550,2,-1,True,175,8550,0.17898598146662495,0.18115942028985507,31,966,0,0,0,0
805,0550_c0004_000.jpg,550,3,-1,True,175,8550,0.449949549038212,0.2615844544095665,1,669,1,1,1,1
806,0550_c0004_005.jpg,550,3,-1,True,175,8550,0.3932476147261972,0.2407152682255846,7,727,0,0,1,1
807,0550_c0004_010.jpg,550,3,-1,True,175,8550,0.4655443477214643,0.2734375,2,640,0,1,1,1
808,0550_c0004_015.jpg,550,3,-1,True,175,8550,0.3993679802505614,0.2532561505065123,7,691,0,0,1,1
809,0550_c0004_020.jpg,550,3,-1,True,175,8550,0.4040204377210121,0.24104683195592286,5,726,0,1,1,1
810,0550_c0005_000.jpg,550,4,-1,True,175,8550,0.21852757385116015,0.10355029585798817,13,1690,0,0,0,1
811,0550_c0005_005.jpg,550,4,-1,True,175,8550,0.32701147085524007,0.1583710407239819,2,1105,0,1,1,1
812,0550_c0005_010.jpg,550,4,-1,True,175,8550,0.29619314919051,0.14919011082693948,24,1173,0,0,0,0
813,0550_c0005_015.jpg,550,4,-1,True,175,8550,0.31430551272013935,0.18401682439537329,21,951,0,0,0,0
814,0550_c0005_020.jpg,550,4,-1,True,175,8550,0.26595146947247966,0.14632107023411373,15,1196,0,0,0,1
815,0550_c0006_000.jpg,550,5,-1,True,175,8550,0.30803037607027056,0.08942258559018906,14,1957,0,0,0,1
816,0550_c0006_005.jpg,550,5,-1,True,175,8550,0.3625074649087613,0.08654797230464886,12,2022,0,0,0,1
817,0550_c0006_010.jpg,550,5,-1,True,175,8550,0.38389323177604556,0.09403546480386889,2,1861,0,1,1,1
818,0550_c0006_015.jpg,550,5,-1,True,175,8550,0.3632313341851438,0.10454002389486261,3,1674,0,1,1,1
819,0550_c0006_020.jpg,550,5,-1,True,175,8550,0.34635383060871555,0.099601593625498,17,1757,0,0,0,1
820,0550_c0007_000.jpg,550,6,-1,True,175,8550,0.5330053680748353,0.22264631043256997,1,786,1,1,1,1
821,0550_c0007_005.jpg,550,6,-1,True,175,8550,0.5343617879564811,0.3048780487804878,1,574,1,1,1,1
822,0550_c0007_010.jpg,550,6,-1,True,175,8550,0.5365826912710532,0.28594771241830064,1,612,1,1,1,1
823,0550_c0007_015.jpg,550,6,-1,True,175,8550,0.5313030778673482,0.2864157119476268,1,611,1,1,1,1
824,0550_c0007_020.jpg,550,6,-1,True,175,8550,0.5357583585558239,0.2936241610738255,1,596,1,1,1,1
825,0550_c0008_000.jpg,550,7,-1,True,175,8550,0.4778722314229219,0.277337559429477,1,631,1,1,1,1
826,0550_c0008_005.jpg,550,7,-1,True,175,8550,0.47168340754832133,0.274294670846395,1,638,1,1,1,1
827,0550_c0008_010.jpg,550,7,-1,True,175,8550,0.49111626902559885,0.25289017341040465,1,692,1,1,1,1
828,0550_c0008_015.jpg,550,7,-1,True,175,8550,0.5092172443423434,0.30755711775043937,1,569,1,1,1,1
829,0550_c0008_020.jpg,550,7,-1,True,175,8550,0.493637949611451,0.27472527472527475,1,637,1,1,1,1
830,0552_c0001_000.jpg,552,0,-1,True,175,8550,0.6907969984819373,0.1800411522633745,1,972,1,1,1,1
831,0552_c0001_005.jpg,552,0,-1,True,175,8550,0.6736673951572175,0.16794625719769674,1,1042,1,1,1,1
832,0552_c0001_010.jpg,552,0,-1,True,175,8550,0.647193426762621,0.16203703703703703,1,1080,1,1,1,1
833,0552_c0001_015.jpg,552,0,-1,True,175,8550,0.6355349029567892,0.15337423312883436,1,1141,1,1,1,1
834,0552_c0001_020.jpg,552,0,-1,True,175,8550,0.5868526875758597,0.1303052866716307,1,1343,1,1,1,1
835,0552_c0002_000.jpg,552,1,-1,True,175,8550,0.770828156503735,0.22580645161290322,1,775,1,1,1,1
836,0552_c0002_005.jpg,552,1,-1,True,175,8550,0.7453518736262457,0.20396270396270397,1,858,1,1,1,1
837,0552_c0002_010.jpg,552,1,-1,True,175,8550,0.8154573394722386,0.23841961852861035,1,734,1,1,1,1
838,0552_c0002_015.jpg,552,1,-1,True,175,8550,0.8150897102214497,0.20491803278688525,1,854,1,1,1,1
839,0552_c0002_020.jpg,552,1,-1,True,175,8550,0.7278906218708073,0.17967145790554415,1,974,1,1,1,1
840,0552_c0003_000.jpg,552,2,-1,True,175,8550,1.0,1.0,1,175,1,1,1,1
841,0552_c0003_005.jpg,552,2,-1,True,175,8550,1.0,1.0,1,175,1,1,1,1
842,0552_c0003_010.jpg,552,2,-1,True,175,8550,1.0,1.0,1,175,1,1,1,1
843,0552_c0003_015.jpg,552,2,-1,True,175,8550,1.0,1.0,1,175,1,1,1,1
844,0552_c0003_020.jpg,552,2,-1,True,175,8550,1.0,1.0,1,175,1,1,1,1
845,0552_c0004_000.jpg,552,3,-1,True,175,8550,0.9133463178233423,0.4742547425474255,1,369,1,1,1,1
846,0552_c0004_005.jpg,552,3,-1,True,175,8550,0.8728353674457472,0.3796095444685466,1,461,1,1,1,1
847,0552_c0004_010.jpg,552,3,-1,True,175,8550,0.9811519876250756,0.8495145631067961,1,206,1,1,1,1
848,0552_c0004_015.jpg,552,3,-1,True,175,8550,0.8668781464955295,0.3723404255319149,1,470,1,1,1,1
849,0552_c0004_020.jpg,552,3,-1,True,175,8550,0.9317879647364409,0.5192878338278932,1,337,1,1,1,1
850,0552_c0005_000.jpg,552,4,-1,True,175,8550,1.0,1.0,1,175,1,1,1,1
851,0552_c0005_005.jpg,552,4,-1,True,175,8550,1.0,1.0,1,175,1,1,1,1
852,0552_c0005_010.jpg,552,4,-1,True,175,8550,0.9999675324675324,0.9943181818181818,1,176,1,1,1,1
853,0552_c0005_015.jpg,552,4,-1,True,175,8550,0.9990554155382465,0.9308510638297872,1,188,1,1,1,1
854,0552_c0005_020.jpg,552,4,-1,True,175,8550,0.9958477782386537,0.8706467661691543,1,201,1,1,1,1
855,0552_c0006_000.jpg,552,5,-1,True,175,8550,0.884858564128109,0.24441340782122906,1,716,1,1,1,1
856,0552_c0006_005.jpg,552,5,-1,True,175,8550,0.8812460817105999,0.24822695035460993,1,705,1,1,1,1
857,0552_c0006_010.jpg,552,5,-1,True,175,8550,0.8647386395562447,0.2507163323782235,1,698,1,1,1,1
858,0552_c0006_015.jpg,552,5,-1,True,175,8550,0.8599583834362707,0.25252525252525254,1,693,1,1,1,1
859,0552_c0006_020.jpg,552,5,-1,True,175,8550,0.868587085559177,0.2635542168674699,1,664,1,1,1,1
860,0552_c0007_000.jpg,552,6,-1,True,175,8550,0.9715208201748582,0.587248322147651,1,298,1,1,1,1
861,0552_c0007_005.jpg,552,6,-1,True,175,8550,0.9726244271274115,0.5892255892255892,1,297,1,1,1,1
862,0552_c0007_010.jpg,552,6,-1,True,175,8550,0.9558637709663237,0.5102040816326531,1,343,1,1,1,1
863,0552_c0007_015.jpg,552,6,-1,True,175,8550,0.9402468690699459,0.4107981220657277,1,426,1,1,1,1
864,0552_c0007_020.jpg,552,6,-1,True,175,8550,0.7967337444395516,0.33849129593810445,1,517,1,1,1,1
865,0552_c0008_000.jpg,552,7,-1,True,175,8550,0.9484910850179816,0.541795665634675,1,323,1,1,1,1
866,0552_c0008_005.jpg,552,7,-1,True,175,8550,0.9739488976687956,0.7446808510638298,1,235,1,1,1,1
867,0552_c0008_010.jpg,552,7,-1,True,175,8550,0.9591986001709976,0.6055363321799307,1,289,1,1,1,1
868,0552_c0008_015.jpg,552,7,-1,True,175,8550,0.966411753757034,0.6944444444444444,1,252,1,1,1,1
869,0552_c0008_020.jpg,552,7,-1,True,175,8550,0.9788140819604083,0.7882882882882883,1,222,1,1,1,1
870,0554_c0001_000.jpg,554,0,-1,True,150,8550,0.6771697965390728,0.18115942028985507,1,828,1,1,1,1
871,0554_c0001_005.jpg,554,0,-1,True,150,8550,0.6728599947063706,0.18382352941176472,1,816,1,1,1,1
872,0554_c0001_010.jpg,554,0,-1,True,150,8550,0.678035593162406,0.18796992481203006,1,798,1,1,1,1
873,0554_c0001_015.jpg,554,0,-1,True,150,8550,0.6588424682528069,0.17857142857142858,1,840,1,1,1,1
874,0554_c0001_020.jpg,554,0,-1,True,150,8550,0.670702920811447,0.18427518427518427,1,814,1,1,1,1
875,0554_c0002_000.jpg,554,1,-1,True,150,8550,0.5287950344248411,0.22590361445783133,1,664,1,1,1,1
876,0554_c0002_005.jpg,554,1,-1,True,150,8550,0.5283654509434433,0.22488755622188905,1,667,1,1,1,1
877,0554_c0002_010.jpg,554,1,-1,True,150,8550,0.5235457751535677,0.22288261515601784,1,673,1,1,1,1
878,0554_c0002_015.jpg,554,1,-1,True,150,8550,0.5025158188243952,0.23659305993690852,1,634,1,1,1,1
879,0554_c0002_020.jpg,554,1,-1,True,150,8550,0.5095781148400803,0.25210084033613445,1,595,1,1,1,1
880,0554_c0003_000.jpg,554,2,-1,True,150,8550,0.8641833234724338,0.28901734104046245,1,519,1,1,1,1
881,0554_c0003_005.jpg,554,2,-1,True,150,8550,0.872394431460002,0.3,1,500,1,1,1,1
882,0554_c0003_010.jpg,554,2,-1,True,150,8550,0.8687959691216842,0.28957528957528955,1,518,1,1,1,1
883,0554_c0003_015.jpg,554,2,-1,True,150,8550,0.8340203388167216,0.27124773960216997,1,553,1,1,1,1
884,0554_c0003_020.jpg,554,2,-1,True,150,8550,0.815798932560315,0.27075812274368233,1,554,1,1,1,1
885,0554_c0005_000.jpg,554,4,-1,True,150,8550,0.7946477054342435,0.23659305993690852,1,634,1,1,1,1
886,0554_c0005_005.jpg,554,4,-1,True,150,8550,0.7927786128902347,0.23659305993690852,1,634,1,1,1,1
887,0554_c0005_010.jpg,554,4,-1,True,150,8550,0.7722799424601412,0.23006134969325154,1,652,1,1,1,1
888,0554_c0005_015.jpg,554,4,-1,True,150,8550,0.7861574499737501,0.23255813953488372,1,645,1,1,1,1
889,0554_c0005_020.jpg,554,4,-1,True,150,8550,0.7963489620106985,0.2276176024279211,1,659,1,1,1,1
890,0554_c0006_000.jpg,554,5,-1,True,150,8550,0.9446355979698042,0.7142857142857143,1,210,1,1,1,1
891,0554_c0006_005.jpg,554,5,-1,True,150,8550,0.9503084556720853,0.704225352112676,1,213,1,1,1,1
892,0554_c0006_010.jpg,554,5,-1,True,150,8550,0.978490442411722,0.7425742574257426,1,202,1,1,1,1
893,0554_c0006_015.jpg,554,5,-1,True,150,8550,0.9014650917316961,0.6756756756756757,1,222,1,1,1,1
894,0554_c0006_020.jpg,554,5,-1,True,150,8550,0.9268602102498251,0.7109004739336493,1,211,1,1,1,1
895,0554_c0007_000.jpg,554,6,-1,True,150,8550,0.9031730845016686,0.3816793893129771,1,393,1,1,1,1
896,0554_c0007_005.jpg,554,6,-1,True,150,8550,0.9145257079966129,0.40214477211796246,1,373,1,1,1,1
897,0554_c0007_010.jpg,554,6,-1,True,150,8550,0.9065961283101837,0.3836317135549872,1,391,1,1,1,1
898,0554_c0007_015.jpg,554,6,-1,True,150,8550,0.9198504832086026,0.4424778761061947,1,339,1,1,1,1
899,0554_c0007_020.jpg,554,6,-1,True,150,8550,0.9232324709268083,0.4424778761061947,1,339,1,1,1,1
900,0554_c0008_000.jpg,554,7,-1,True,150,8550,0.9217352360498675,0.5067567567567568,1,296,1,1,1,1
901,0554_c0008_005.jpg,554,7,-1,True,150,8550,0.9217200232570913,0.5172413793103449,1,290,1,1,1,1
902,0554_c0008_010.jpg,554,7,-1,True,150,8550,0.9228730384634893,0.5244755244755245,1,286,1,1,1,1
903,0554_c0008_015.jpg,554,7,-1,True,150,8550,0.9231597385084503,0.5226480836236934,1,287,1,1,1,1
904,0554_c0008_020.jpg,554,7,-1,True,150,8550,0.9239391209302774,0.5319148936170213,1,282,1,1,1,1
905,0556_c0001_000.jpg,556,0,-1,True,175,8550,0.4118196308496483,0.175,30,1000,0,0,0,0
906,0556_c0001_005.jpg,556,0,-1,True,175,8550,0.3112873019454046,0.16587677725118483,30,1055,0,0,0,0
907,0556_c0001_010.jpg,556,0,-1,True,175,8550,0.2487054193642425,0.18401682439537329,41,951,0,0,0,0
908,0556_c0001_015.jpg,556,0,-1,True,175,8550,0.26248870923549356,0.15217391304347827,39,1150,0,0,0,0
909,0556_c0001_020.jpg,556,0,-1,True,175,8550,0.21907333977340565,0.14619883040935672,48,1197,0,0,0,0
910,0556_c0002_000.jpg,556,1,-1,True,175,8550,0.23452481607484554,0.13040238450074515,22,1342,0,0,0,0
911,0556_c0002_005.jpg,556,1,-1,True,175,8550,0.4357604907263735,0.16587677725118483,1,1055,1,1,1,1
912,0556_c0002_010.jpg,556,1,-1,True,175,8550,0.46067321083385376,0.176056338028169,1,994,1,1,1,1
913,0556_c0002_015.jpg,556,1,-1,True,175,8550,0.45193406010477594,0.15527950310559005,1,1127,1,1,1,1
914,0556_c0002_020.jpg,556,1,-1,True,175,8550,0.4138254549607972,0.13544891640866874,1,1292,1,1,1,1
915,0556_c0003_000.jpg,556,2,-1,True,175,8550,0.6556355241366296,0.21685254027261464,1,807,1,1,1,1
916,0556_c0003_005.jpg,556,2,-1,True,175,8550,0.6845651706642226,0.22321428571428573,1,784,1,1,1,1
917,0556_c0003_010.jpg,556,2,-1,True,175,8550,0.7500163964333005,0.2704791344667697,1,647,1,1,1,1
918,0556_c0003_015.jpg,556,2,-1,True,175,8550,0.7601285835075636,0.2845528455284553,1,615,1,1,1,1
919,0556_c0003_020.jpg,556,2,-1,True,175,8550,0.768252786465251,0.2845528455284553,1,615,1,1,1,1
920,0556_c0004_000.jpg,556,3,-1,True,175,8550,0.6807187259340629,0.1714005876591577,1,1021,1,1,1,1
921,0556_c0004_005.jpg,556,3,-1,True,175,8550,0.7024990405029339,0.17766497461928935,1,985,1,1,1,1
922,0556_c0004_010.jpg,556,3,-1,True,175,8550,0.7421681390906428,0.1714005876591577,1,1021,1,1,1,1
923,0556_c0004_015.jpg,556,3,-1,True,175,8550,0.7555896682204848,0.1719056974459725,1,1018,1,1,1,1
924,0556_c0004_020.jpg,556,3,-1,True,175,8550,0.7648722054555586,0.18229166666666666,1,960,1,1,1,1
925,0556_c0005_000.jpg,556,4,-1,True,175,8550,0.1705843730280635,0.16462841015992474,48,1063,0,0,0,0
926,0556_c0005_005.jpg,556,4,-1,True,175,8550,0.18352245534081996,0.18479408658922913,55,947,0,0,0,0
927,0556_c0005_010.jpg,556,4,-1,True,175,8550,0.2586212359400209,0.1883745963401507,26,929,0,0,0,0
928,0556_c0005_015.jpg,556,4,-1,True,175,8550,0.26102007644868097,0.19640852974186307,22,891,0,0,0,0
929,0556_c0005_020.jpg,556,4,-1,True,175,8550,0.26800781631471277,0.18343815513626835,23,954,0,0,0,0
930,0556_c0006_000.jpg,556,5,-1,True,175,8550,0.6708565039728154,0.2684049079754601,1,652,1,1,1,1
931,0556_c0006_005.jpg,556,5,-1,True,175,8550,0.6753540791693882,0.22816166883963493,1,767,1,1,1,1
932,0556_c0006_010.jpg,556,5,-1,True,175,8550,0.7139437936101124,0.2588757396449704,1,676,1,1,1,1
933,0556_c0006_015.jpg,556,5,-1,True,175,8550,0.6849923346162947,0.25252525252525254,1,693,1,1,1,1
934,0556_c0006_020.jpg,556,5,-1,True,175,8550,0.6803468096156369,0.2339572192513369,1,748,1,1,1,1
935,0556_c0007_000.jpg,556,6,-1,True,175,8550,0.7446859877048413,0.3211009174311927,1,545,1,1,1,1
936,0556_c0007_005.jpg,556,6,-1,True,175,8550,0.7195597652239745,0.27472527472527475,1,637,1,1,1,1
937,0556_c0007_010.jpg,556,6,-1,True,175,8550,0.7802248947095423,0.2734375,1,640,1,1,1,1
938,0556_c0007_015.jpg,556,6,-1,True,175,8550,0.7291821707760553,0.2631578947368421,1,665,1,1,1,1
939,0556_c0007_020.jpg,556,6,-1,True,175,8550,0.7458970983586166,0.27602523659305994,1,634,1,1,1,1
940,0556_c0008_000.jpg,556,7,-1,True,175,8550,0.7963428728986691,0.29069767441860467,1,602,1,1,1,1
941,0556_c0008_005.jpg,556,7,-1,True,175,8550,0.7323772848110022,0.211864406779661,1,826,1,1,1,1
942,0556_c0008_010.jpg,556,7,-1,True,175,8550,0.7865047563728684,0.21033653846153846,1,832,1,1,1,1
943,0556_c0008_015.jpg,556,7,-1,True,175,8550,0.7858734138275402,0.21551724137931033,1,812,1,1,1,1
944,0556_c0008_020.jpg,556,7,-1,True,175,8550,0.8454187714851491,0.2390710382513661,1,732,1,1,1,1
945,0558_c0001_000.jpg,558,0,-1,True,175,8550,0.6863419413573965,0.2600297176820208,1,673,1,1,1,1
946,0558_c0001_005.jpg,558,0,-1,True,175,8550,0.7022165554910529,0.34791252485089463,1,503,1,1,1,1
947,0558_c0001_010.jpg,558,0,-1,True,175,8550,0.7170636171134086,0.37553648068669526,1,466,1,1,1,1
948,0558_c0001_015.jpg,558,0,-1,True,175,8550,0.710355099930178,0.42892156862745096,1,408,1,1,1,1
949,0558_c0001_020.jpg,558,0,-1,True,175,8550,0.6380574362884247,0.43103448275862066,1,406,1,1,1,1
950,0558_c0002_000.jpg,558,1,-1,True,175,8550,0.5419294321301501,0.24752475247524752,1,707,1,1,1,1
951,0558_c0002_005.jpg,558,1,-1,True,175,8550,0.5192693071516393,0.24509803921568626,1,714,1,1,1,1
952,0558_c0002_010.jpg,558,1,-1,True,175,8550,0.511764956959822,0.21631644004944375,1,809,1,1,1,1
953,0558_c0002_015.jpg,558,1,-1,True,175,8550,0.5456355360855337,0.2562225475841874,1,683,1,1,1,1
954,0558_c0002_020.jpg,558,1,-1,True,175,8550,0.5148549501729456,0.212636695018226,1,823,1,1,1,1
955,0558_c0003_000.jpg,558,2,-1,True,175,8550,0.88286905001965,0.16619183285849953,1,1053,1,1,1,1
956,0558_c0003_005.jpg,558,2,-1,True,175,8550,0.8805041586534174,0.16010978956999086,1,1093,1,1,1,1
957,0558_c0003_010.jpg,558,2,-1,True,175,8550,0.8741070955128768,0.15230635335073978,1,1149,1,1,1,1
958,0558_c0003_015.jpg,558,2,-1,True,175,8550,0.8511245656986859,0.19337016574585636,1,905,1,1,1,1
959,0558_c0003_020.jpg,558,2,-1,True,175,8550,0.86447827290133,0.22522522522522523,1,777,1,1,1,1
960,0558_c0004_000.jpg,558,3,-1,True,175,8550,0.829631999267379,0.30434782608695654,1,575,1,1,1,1
961,0558_c0004_005.jpg,558,3,-1,True,175,8550,0.854395735525818,0.33269961977186313,1,526,1,1,1,1
962,0558_c0004_010.jpg,558,3,-1,True,175,8550,0.8643641865111946,0.3064798598949212,1,571,1,1,1,1
963,0558_c0004_015.jpg,558,3,-1,True,175,8550,0.8366158718707725,0.2631578947368421,1,665,1,1,1,1
964,0558_c0004_020.jpg,558,3,-1,True,175,8550,0.8336441240818577,0.2358490566037736,1,742,1,1,1,1
965,0558_c0005_000.jpg,558,4,-1,True,175,8550,0.744746924124758,0.17820773930753564,1,982,1,1,1,1
966,0558_c0005_005.jpg,558,4,-1,True,175,8550,0.7164367369774598,0.1727541954590326,1,1013,1,1,1,1
967,0558_c0005_010.jpg,558,4,-1,True,175,8550,0.7192611007491194,0.17623363544813697,1,993,1,1,1,1
968,0558_c0005_015.jpg,558,4,-1,True,175,8550,0.7257750077558114,0.1800411522633745,1,972,1,1,1,1
969,0558_c0005_020.jpg,558,4,-1,True,175,8550,0.7338784826385082,0.16294227188081936,1,1074,1,1,1,1
970,0558_c0006_000.jpg,558,5,-1,True,175,8550,0.7263785953130651,0.5700325732899023,1,307,1,1,1,1
971,0558_c0006_005.jpg,558,5,-1,True,175,8550,0.7339080450647973,0.5645161290322581,1,310,1,1,1,1
972,0558_c0006_010.jpg,558,5,-1,True,175,8550,0.713889606055745,0.5627009646302251,1,311,1,1,1,1
973,0558_c0006_015.jpg,558,5,-1,True,175,8550,0.7467888606973111,0.5663430420711975,1,309,1,1,1,1
974,0558_c0006_020.jpg,558,5,-1,True,175,8550,0.7301322787364141,0.5573248407643312,1,314,1,1,1,1
975,0558_c0007_000.jpg,558,6,-1,True,175,8550,0.8178024193160778,0.40229885057471265,1,435,1,1,1,1
976,0558_c0007_005.jpg,558,6,-1,True,175,8550,0.8051543163360605,0.33081285444234404,1,529,1,1,1,1
977,0558_c0007_010.jpg,558,6,-1,True,175,8550,0.8159578527152577,0.43103448275862066,1,406,1,1,1,1
978,0558_c0007_015.jpg,558,6,-1,True,175,8550,0.8249402554707191,0.4557291666666667,1,384,1,1,1,1
979,0558_c0007_020.jpg,558,6,-1,True,175,8550,0.831178226073388,0.47297297297297297,1,370,1,1,1,1
980,0558_c0008_000.jpg,558,7,-1,True,175,8550,0.8956071843285973,0.25735294117647056,1,680,1,1,1,1
981,0558_c0008_005.jpg,558,7,-1,True,175,8550,0.889498517971067,0.22407170294494239,1,781,1,1,1,1
982,0558_c0008_010.jpg,558,7,-1,True,175,8550,0.8924883293155073,0.23427041499330656,1,747,1,1,1,1
983,0558_c0008_015.jpg,558,7,-1,True,175,8550,0.8924243198506013,0.24509803921568626,1,714,1,1,1,1
984,0558_c0008_020.jpg,558,7,-1,True,175,8550,0.8925685234802342,0.25,1,700,1,1,1,1
985,0560_c0001_000.jpg,560,0,-1,True,150,8550,0.9696354183753328,0.7075471698113207,1,212,1,1,1,1
986,0560_c0001_005.jpg,560,0,-1,True,150,8550,0.9743458213742678,0.7075471698113207,1,212,1,1,1,1
987,0560_c0001_010.jpg,560,0,-1,True,150,8550,0.9781618388079975,0.7575757575757576,1,198,1,1,1,1
988,0560_c0001_015.jpg,560,0,-1,True,150,8550,0.9723811230534841,0.7177033492822966,1,209,1,1,1,1
989,0560_c0001_020.jpg,560,0,-1,True,150,8550,0.9649903794865713,0.6756756756756757,1,222,1,1,1,1
990,0560_c0002_000.jpg,560,1,-1,True,150,8550,1.0,1.0,1,150,1,1,1,1
991,0560_c0002_005.jpg,560,1,-1,True,150,8550,1.0,1.0,1,150,1,1,1,1
992,0560_c0002_010.jpg,560,1,-1,True,150,8550,1.0,1.0,1,150,1,1,1,1
993,0560_c0002_015.jpg,560,1,-1,True,150,8550,1.0,1.0,1,150,1,1,1,1
994,0560_c0002_020.jpg,560,1,-1,True,150,8550,1.0,1.0,1,150,1,1,1,1
995,0560_c0003_000.jpg,560,2,-1,True,150,8550,1.0,1.0,1,150,1,1,1,1
996,0560_c0003_005.jpg,560,2,-1,True,150,8550,0.9995445134575569,0.9316770186335404,1,161,1,1,1,1
997,0560_c0003_010.jpg,560,2,-1,True,150,8550,0.9992156862745097,0.8823529411764706,1,170,1,1,1,1
998,0560_c0003_015.jpg,560,2,-1,True,150,8550,0.9995445134575569,0.9316770186335404,1,161,1,1,1,1
999,0560_c0003_020.jpg,560,2,-1,True,150,8550,0.9999558498896247,0.9933774834437086,1,151,1,1,1,1
1000,0560_c0005_000.jpg,560,4,-1,True,150,8550,1.0,1.0,1,150,1,1,1,1
1001,0560_c0005_005.jpg,560,4,-1,True,150,8550,1.0,1.0,1,150,1,1,1,1
1002,0560_c0005_010.jpg,560,4,-1,True,150,8550,1.0,1.0,1,150,1,1,1,1
1003,0560_c0005_015.jpg,560,4,-1,True,150,8550,1.0,1.0,1,150,1,1,1,1
1004,0560_c0005_020.jpg,560,4,-1,True,150,8550,1.0,1.0,1,150,1,1,1,1
1005,0560_c0006_000.jpg,560,5,-1,True,150,8550,1.0,1.0,1,150,1,1,1,1
1006,0560_c0006_005.jpg,560,5,-1,True,150,8550,1.0,1.0,1,150,1,1,1,1
1007,0560_c0006_010.jpg,560,5,-1,True,150,8550,1.0,1.0,1,150,1,1,1,1
1008,0560_c0006_015.jpg,560,5,-1,True,150,8550,1.0,1.0,1,150,1,1,1,1
1009,0560_c0006_020.jpg,560,5,-1,True,150,8550,1.0,1.0,1,150,1,1,1,1
1010,0560_c0007_000.jpg,560,6,-1,True,150,8550,1.0,1.0,1,150,1,1,1,1
1011,0560_c0007_005.jpg,560,6,-1,True,150,8550,1.0,1.0,1,150,1,1,1,1
1012,0560_c0007_010.jpg,560,6,-1,True,150,8550,1.0,1.0,1,150,1,1,1,1
1013,0560_c0007_015.jpg,560,6,-1,True,150,8550,1.0,1.0,1,150,1,1,1,1
1014,0560_c0007_020.jpg,560,6,-1,True,150,8550,1.0,1.0,1,150,1,1,1,1
1015,0560_c0008_000.jpg,560,7,-1,True,150,8550,1.0,1.0,1,150,1,1,1,1
1016,0560_c0008_005.jpg,560,7,-1,True,150,8550,1.0,1.0,1,150,1,1,1,1
1017,0560_c0008_010.jpg,560,7,-1,True,150,8550,1.0,1.0,1,150,1,1,1,1
1018,0560_c0008_015.jpg,560,7,-1,True,150,8550,1.0,1.0,1,150,1,1,1,1
1019,0560_c0008_020.jpg,560,7,-1,True,150,8550,1.0,1.0,1,150,1,1,1,1
1020,0562_c0001_000.jpg,562,0,-1,True,50,8550,1.0,1.0,1,50,1,1,1,1
1021,0562_c0001_005.jpg,562,0,-1,True,50,8550,0.9996078431372548,0.9803921568627451,1,51,1,1,1,1
1022,0562_c0001_010.jpg,562,0,-1,True,50,8550,1.0,1.0,1,50,1,1,1,1
1023,0562_c0001_015.jpg,562,0,-1,True,50,8550,0.9979574812903884,0.9803921568627451,1,51,1,1,1,1
1024,0562_c0001_020.jpg,562,0,-1,True,50,8550,1.0,1.0,1,50,1,1,1,1
1025,0562_c0003_000.jpg,562,2,-1,True,50,8550,0.9894216728113929,0.8620689655172413,1,58,1,1,1,1
1026,0562_c0003_005.jpg,562,2,-1,True,50,8550,0.917752124635573,0.7692307692307693,1,65,1,1,1,1
1027,0562_c0003_010.jpg,562,2,-1,True,50,8550,0.8813147502953416,0.6329113924050633,1,79,1,1,1,1
1028,0562_c0003_015.jpg,562,2,-1,True,50,8550,0.8204711545692954,0.6329113924050633,1,79,1,1,1,1
1029,0562_c0003_020.jpg,562,2,-1,True,50,8550,0.8092040886348499,0.6578947368421053,1,76,1,1,1,1
1030,0562_c0005_000.jpg,562,4,-1,True,50,8550,0.9548986757663378,0.819672131147541,1,61,1,1,1,1
1031,0562_c0005_005.jpg,562,4,-1,True,50,8550,0.9593482920214342,0.819672131147541,1,61,1,1,1,1
1032,0562_c0005_010.jpg,562,4,-1,True,50,8550,0.975647654782516,0.847457627118644,1,59,1,1,1,1
1033,0562_c0005_015.jpg,562,4,-1,True,50,8550,1.0,1.0,1,50,1,1,1,1
1034,0562_c0005_020.jpg,562,4,-1,True,50,8550,0.9088232304562,0.6172839506172839,1,81,1,1,1,1
1035,0564_c0001_000.jpg,564,0,-1,True,150,8550,1.0,1.0,1,150,1,1,1,1
1036,0564_c0001_005.jpg,564,0,-1,True,150,8550,1.0,1.0,1,150,1,1,1,1
1037,0564_c0001_010.jpg,564,0,-1,True,150,8550,1.0,1.0,1,150,1,1,1,1
1038,0564_c0001_015.jpg,564,0,-1,True,150,8550,1.0,1.0,1,150,1,1,1,1
1039,0564_c0001_020.jpg,564,0,-1,True,150,8550,1.0,1.0,1,150,1,1,1,1
1040,0564_c0002_000.jpg,564,1,-1,True,150,8550,0.9049152287281341,0.8522727272727273,1,176,1,1,1,1
1041,0564_c0002_005.jpg,564,1,-1,True,150,8550,0.918514825256028,0.847457627118644,1,177,1,1,1,1
1042,0564_c0002_010.jpg,564,1,-1,True,150,8550,0.9293987432219626,0.8620689655172413,1,174,1,1,1,1
1043,0564_c0002_015.jpg,564,1,-1,True,150,8550,0.9353868037229656,0.8571428571428571,1,175,1,1,1,1
1044,0564_c0002_020.jpg,564,1,-1,True,150,8550,0.8969102119521276,0.847457627118644,1,177,1,1,1,1
1045,0564_c0004_000.jpg,564,3,-1,True,150,8550,0.9766717743232773,0.8571428571428571,1,175,1,1,1,1
1046,0564_c0004_005.jpg,564,3,-1,True,150,8550,0.9855316254499168,0.8670520231213873,1,173,1,1,1,1
1047,0564_c0004_010.jpg,564,3,-1,True,150,8550,0.9631229253921751,0.8333333333333334,1,180,1,1,1,1
1048,0564_c0004_015.jpg,564,3,-1,True,150,8550,0.985672983372202,0.872093023255814,1,172,1,1,1,1
1049,0564_c0004_020.jpg,564,3,-1,True,150,8550,0.980282186793425,0.8571428571428571,1,175,1,1,1,1
1050,0564_c0005_000.jpg,564,4,-1,True,150,8550,1.0,1.0,1,150,1,1,1,1
1051,0564_c0005_005.jpg,564,4,-1,True,150,8550,1.0,1.0,1,150,1,1,1,1
1052,0564_c0005_010.jpg,564,4,-1,True,150,8550,1.0,1.0,1,150,1,1,1,1
1053,0564_c0005_015.jpg,564,4,-1,True,150,8550,1.0,1.0,1,150,1,1,1,1
1054,0564_c0005_020.jpg,564,4,-1,True,150,8550,1.0,1.0,1,150,1,1,1,1
1055,0564_c0006_000.jpg,564,5,-1,True,150,8550,1.0,1.0,1,150,1,1,1,1
1056,0564_c0006_005.jpg,564,5,-1,True,150,8550,1.0,1.0,1,150,1,1,1,1
1057,0564_c0006_010.jpg,564,5,-1,True,150,8550,1.0,1.0,1,150,1,1,1,1
1058,0564_c0006_015.jpg,564,5,-1,True,150,8550,1.0,1.0,1,150,1,1,1,1
1059,0564_c0006_020.jpg,564,5,-1,True,150,8550,1.0,1.0,1,150,1,1,1,1
1060,0564_c0007_000.jpg,564,6,-1,True,150,8550,1.0,1.0,1,150,1,1,1,1
1061,0564_c0007_005.jpg,564,6,-1,True,150,8550,1.0,1.0,1,150,1,1,1,1
1062,0564_c0007_010.jpg,564,6,-1,True,150,8550,1.0,1.0,1,150,1,1,1,1
1063,0564_c0007_015.jpg,564,6,-1,True,150,8550,1.0,1.0,1,150,1,1,1,1
1064,0564_c0007_020.jpg,564,6,-1,True,150,8550,1.0,1.0,1,150,1,1,1,1
1065,0564_c0008_000.jpg,564,7,-1,True,150,8550,1.0,1.0,1,150,1,1,1,1
1066,0564_c0008_005.jpg,564,7,-1,True,150,8550,1.0,1.0,1,150,1,1,1,1
1067,0564_c0008_010.jpg,564,7,-1,True,150,8550,1.0,1.0,1,150,1,1,1,1
1068,0564_c0008_015.jpg,564,7,-1,True,150,8550,1.0,1.0,1,150,1,1,1,1
1069,0564_c0008_020.jpg,564,7,-1,True,150,8550,1.0,1.0,1,150,1,1,1,1
1070,0566_c0001_000.jpg,566,0,-1,True,175,8550,0.8580621094199341,0.68359375,1,256,1,1,1,1
1071,0566_c0001_005.jpg,566,0,-1,True,175,8550,0.8614366156461724,0.6679389312977099,1,262,1,1,1,1
1072,0566_c0001_010.jpg,566,0,-1,True,175,8550,0.8858968612934599,0.7056451612903226,1,248,1,1,1,1
1073,0566_c0001_015.jpg,566,0,-1,True,175,8550,0.8571738367283708,0.691699604743083,1,253,1,1,1,1
1074,0566_c0001_020.jpg,566,0,-1,True,175,8550,0.8681489916973673,0.7172131147540983,1,244,1,1,1,1
1075,0566_c0002_000.jpg,566,1,-1,True,175,8550,0.8654729120831479,0.423728813559322,1,413,1,1,1,1
1076,0566_c0002_005.jpg,566,1,-1,True,175,8550,0.89742673557736,0.501432664756447,1,349,1,1,1,1
1077,0566_c0002_010.jpg,566,1,-1,True,175,8550,0.9156642666831587,0.5319148936170213,1,329,1,1,1,1
1078,0566_c0002_015.jpg,566,1,-1,True,175,8550,0.9098772075173073,0.44416243654822335,1,394,1,1,1,1
1079,0566_c0002_020.jpg,566,1,-1,True,175,8550,0.8880241469900239,0.5627009646302251,1,311,1,1,1,1
1080,0566_c0003_000.jpg,566,2,-1,True,175,8550,0.9443270177885128,0.7056451612903226,1,248,1,1,1,1
1081,0566_c0003_005.jpg,566,2,-1,True,175,8550,0.9004375623110461,0.45931758530183725,1,381,1,1,1,1
1082,0566_c0003_010.jpg,566,2,-1,True,175,8550,0.9758658018148617,0.6055363321799307,1,289,1,1,1,1
1083,0566_c0003_015.jpg,566,2,-1,True,175,8550,0.8802201762180757,0.3779697624190065,1,463,1,1,1,1
1084,0566_c0003_020.jpg,566,2,-1,True,175,8550,0.9537636501580804,0.5116959064327485,1,342,1,1,1,1
1085,0566_c0004_000.jpg,566,3,-1,True,175,8550,0.8876544086004408,0.4146919431279621,1,422,1,1,1,1
1086,0566_c0004_005.jpg,566,3,-1,True,175,8550,0.9629567146704435,0.6862745098039216,1,255,1,1,1,1
1087,0566_c0004_010.jpg,566,3,-1,True,175,8550,0.9540027848182739,0.6118881118881119,1,286,1,1,1,1
1088,0566_c0004_015.jpg,566,3,-1,True,175,8550,0.9870501604176466,0.813953488372093,1,215,1,1,1,1
1089,0566_c0004_020.jpg,566,3,-1,True,175,8550,0.9673787540611916,0.7743362831858407,1,226,1,1,1,1
1090,0566_c0005_000.jpg,566,4,-1,True,175,8550,0.46627977052594943,0.19444444444444445,9,900,0,0,1,1
1091,0566_c0005_005.jpg,566,4,-1,True,175,8550,0.5489385150819871,0.21160822249093109,2,827,0,1,1,1
1092,0566_c0005_010.jpg,566,4,-1,True,175,8550,0.49210779325085613,0.19104803493449782,8,916,0,0,1,1
1093,0566_c0005_015.jpg,566,4,-1,True,175,8550,0.4758185448788127,0.19487750556792874,8,898,0,0,1,1
1094,0566_c0005_020.jpg,566,4,-1,True,175,8550,0.5151783914536952,0.22935779816513763,8,763,0,0,1,1
1095,0566_c0006_000.jpg,566,5,-1,True,175,8550,0.8723742199706697,0.4396984924623116,1,398,1,1,1,1
1096,0566_c0006_005.jpg,566,5,-1,True,175,8550,0.8829598367647905,0.5162241887905604,1,339,1,1,1,1
1097,0566_c0006_010.jpg,566,5,-1,True,175,8550,0.9334979107391776,0.6862745098039216,1,255,1,1,1,1
1098,0566_c0006_015.jpg,566,5,-1,True,175,8550,0.8758349024378058,0.6013745704467354,1,291,1,1,1,1
1099,0566_c0006_020.jpg,566,5,-1,True,175,8550,0.9827707211504266,0.8883248730964467,1,197,1,1,1,1
1100,0566_c0007_000.jpg,566,6,-1,True,175,8550,0.8539704289313701,0.3615702479338843,1,484,1,1,1,1
1101,0566_c0007_005.jpg,566,6,-1,True,175,8550,0.7676523033045929,0.29711375212224106,1,589,1,1,1,1
1102,0566_c0007_010.jpg,566,6,-1,True,175,8550,0.7447314639550382,0.29711375212224106,1,589,1,1,1,1
1103,0566_c0007_015.jpg,566,6,-1,True,175,8550,0.7169277609700552,0.22935779816513763,1,763,1,1,1,1
1104,0566_c0007_020.jpg,566,6,-1,True,175,8550,0.6888483755116879,0.23240371845949534,1,753,1,1,1,1
1105,0566_c0008_000.jpg,566,7,-1,True,175,8550,0.8658953061976981,0.7743362831858407,1,226,1,1,1,1
1106,0566_c0008_005.jpg,566,7,-1,True,175,8550,0.896091512688192,0.7743362831858407,1,226,1,1,1,1
1107,0566_c0008_010.jpg,566,7,-1,True,175,8550,0.91896930093862,0.7777777777777778,1,225,1,1,1,1
1108,0566_c0008_015.jpg,566,7,-1,True,175,8550,0.9021463417661818,0.7113821138211383,1,246,1,1,1,1
1109,0566_c0008_020.jpg,566,7,-1,True,175,8550,0.8782231275281079,0.7261410788381742,1,241,1,1,1,1
1110,0568_c0001_000.jpg,568,0,-1,True,50,8550,0.13307916655918647,0.13966480446927373,100,358,0,0,0,0
1111,0568_c0001_005.jpg,568,0,-1,True,50,8550,0.1078696758828773,0.12853470437017994,102,389,0,0,0,0
1112,0568_c0001_010.jpg,568,0,-1,True,50,8550,0.1615065692646768,0.17301038062283736,101,289,0,0,0,0
1113,0568_c0001_015.jpg,568,0,-1,True,50,8550,0.15080794011683857,0.15384615384615385,101,325,0,0,0,0
1114,0568_c0001_020.jpg,568,0,-1,True,50,8550,0.13785783492705483,0.14285714285714285,101,350,0,0,0,0
1115,0568_c0005_000.jpg,568,4,-1,True,50,8550,0.6670039438489678,0.3787878787878788,1,132,1,1,1,1
1116,0568_c0005_005.jpg,568,4,-1,True,50,8550,0.6588700091802983,0.38461538461538464,1,130,1,1,1,1
1117,0568_c0005_010.jpg,568,4,-1,True,50,8550,0.7896647721025596,0.5102040816326531,1,98,1,1,1,1
1118,0568_c0005_015.jpg,568,4,-1,True,50,8550,0.6886089166991591,0.3875968992248062,1,129,1,1,1,1
1119,0568_c0005_020.jpg,568,4,-1,True,50,8550,0.6930716506121609,0.4098360655737705,1,122,1,1,1,1
1120,0568_c0006_000.jpg,568,5,-1,True,50,8550,0.6902630229119968,0.3937007874015748,1,127,1,1,1,1
1121,0568_c0006_005.jpg,568,5,-1,True,50,8550,0.679179304606765,0.3787878787878788,1,132,1,1,1,1
1122,0568_c0006_010.jpg,568,5,-1,True,50,8550,0.8534341525893704,0.5747126436781609,1,87,1,1,1,1
1123,0568_c0006_015.jpg,568,5,-1,True,50,8550,0.883636264080126,0.4807692307692308,1,104,1,1,1,1
1124,0568_c0006_020.jpg,568,5,-1,True,50,8550,0.729346365842878,0.4098360655737705,1,122,1,1,1,1
1125,0570_c0001_000.jpg,570,0,-1,True,150,8550,0.9387124712586861,0.75,1,200,1,1,1,1
1126,0570_c0001_005.jpg,570,0,-1,True,150,8550,0.9354753243850495,0.8571428571428571,1,175,1,1,1,1
1127,0570_c0001_010.jpg,570,0,-1,True,150,8550,0.9366351047870084,0.8426966292134831,1,178,1,1,1,1
1128,0570_c0001_015.jpg,570,0,-1,True,150,8550,0.9329025852519374,0.819672131147541,1,183,1,1,1,1
1129,0570_c0001_020.jpg,570,0,-1,True,150,8550,0.9138287726365129,0.7614213197969543,1,197,1,1,1,1
1130,0570_c0002_000.jpg,570,1,-1,True,150,8550,0.9365346353009338,0.6302521008403361,1,238,1,1,1,1
1131,0570_c0002_005.jpg,570,1,-1,True,150,8550,0.9412471524402765,0.6666666666666666,1,225,1,1,1,1
1132,0570_c0002_010.jpg,570,1,-1,True,150,8550,0.9294227328894766,0.6666666666666666,1,225,1,1,1,1
1133,0570_c0002_015.jpg,570,1,-1,True,150,8550,0.94173398713555,0.6666666666666666,1,225,1,1,1,1
1134,0570_c0002_020.jpg,570,1,-1,True,150,8550,0.9246378971304631,0.6666666666666666,1,225,1,1,1,1
1135,0570_c0004_000.jpg,570,3,-1,True,150,8550,0.973580314470614,0.6198347107438017,1,242,1,1,1,1
1136,0570_c0004_005.jpg,570,3,-1,True,150,8550,0.9608817401550535,0.6147540983606558,1,244,1,1,1,1
1137,0570_c0004_010.jpg,570,3,-1,True,150,8550,0.9799324455877979,0.6302521008403361,1,238,1,1,1,1
1138,0570_c0004_015.jpg,570,3,-1,True,150,8550,0.9782561373094293,0.6944444444444444,1,216,1,1,1,1
1139,0570_c0004_020.jpg,570,3,-1,True,150,8550,0.9066777920482839,0.46153846153846156,1,325,1,1,1,1
1140,0570_c0005_000.jpg,570,4,-1,True,150,8550,1.0,1.0,1,150,1,1,1,1
1141,0570_c0005_005.jpg,570,4,-1,True,150,8550,0.9990692389815197,0.9259259259259259,1,162,1,1,1,1
1142,0570_c0005_010.jpg,570,4,-1,True,150,8550,0.9992278659288998,0.9433962264150944,1,159,1,1,1,1
1143,0570_c0005_015.jpg,570,4,-1,True,150,8550,0.9996920919361122,0.9803921568627451,1,153,1,1,1,1
1144,0570_c0005_020.jpg,570,4,-1,True,150,8550,0.9998666627158738,0.9933774834437086,1,151,1,1,1,1
1145,0570_c0006_000.jpg,570,5,-1,True,150,8550,0.9969610170112674,0.8982035928143712,1,167,1,1,1,1
1146,0570_c0006_005.jpg,570,5,-1,True,150,8550,0.9863124143098635,0.8108108108108109,1,185,1,1,1,1
1147,0570_c0006_010.jpg,570,5,-1,True,150,8550,0.9960436574460971,0.8771929824561403,1,171,1,1,1,1
1148,0570_c0006_015.jpg,570,5,-1,True,150,8550,0.9866464544897137,0.819672131147541,1,183,1,1,1,1
1149,0570_c0006_020.jpg,570,5,-1,True,150,8550,0.9717002439465113,0.75,1,200,1,1,1,1
1150,0570_c0007_000.jpg,570,6,-1,True,150,8550,0.9786864677004333,0.8021390374331551,1,187,1,1,1,1
1151,0570_c0007_005.jpg,570,6,-1,True,150,8550,0.981513686115754,0.7894736842105263,1,190,1,1,1,1
1152,0570_c0007_010.jpg,570,6,-1,True,150,8550,0.9805848472209291,0.7537688442211056,1,199,1,1,1,1
1153,0570_c0007_015.jpg,570,6,-1,True,150,8550,0.9627843050632301,0.7109004739336493,1,211,1,1,1,1
1154,0570_c0007_020.jpg,570,6,-1,True,150,8550,0.9485309932152461,0.6787330316742082,1,221,1,1,1,1
1155,0570_c0008_000.jpg,570,7,-1,True,150,8550,0.9995481415541684,0.9868421052631579,1,152,1,1,1,1
1156,0570_c0008_005.jpg,570,7,-1,True,150,8550,0.9999558498896247,0.9933774834437086,1,151,1,1,1,1
1157,0570_c0008_010.jpg,570,7,-1,True,150,8550,0.9999114054451803,0.9933774834437086,1,151,1,1,1,1
1158,0570_c0008_015.jpg,570,7,-1,True,150,8550,0.9999558498896247,0.9933774834437086,1,151,1,1,1,1
1159,0570_c0008_020.jpg,570,7,-1,True,150,8550,1.0,1.0,1,150,1,1,1,1
1160,0572_c0001_000.jpg,572,0,-1,True,175,8550,0.948347819193757,0.5813953488372093,1,301,1,1,1,1
1161,0572_c0001_005.jpg,572,0,-1,True,175,8550,0.97401500866112,0.6227758007117438,1,281,1,1,1,1
1162,0572_c0001_010.jpg,572,0,-1,True,175,8550,0.9242409757987926,0.54858934169279,1,319,1,1,1,1
1163,0572_c0001_015.jpg,572,0,-1,True,175,8550,0.94749172576761,0.5756578947368421,1,304,1,1,1,1
1164,0572_c0001_020.jpg,572,0,-1,True,175,8550,0.87682123040223,0.4498714652956298,1,389,1,1,1,1
1165,0572_c0002_000.jpg,572,1,-1,True,175,8550,0.8856079363879384,0.38293216630196936,1,457,1,1,1,1
1166,0572_c0002_005.jpg,572,1,-1,True,175,8550,0.8726838117277336,0.4013761467889908,1,436,1,1,1,1
1167,0572_c0002_010.jpg,572,1,-1,True,175,8550,0.8850012961976332,0.38209606986899564,1,458,1,1,1,1
1168,0572_c0002_015.jpg,572,1,-1,True,175,8550,0.9052966523524908,0.4227053140096618,1,414,1,1,1,1
1169,0572_c0002_020.jpg,572,1,-1,True,175,8550,0.8829433240164906,0.31992687385740404,1,547,1,1,1,1
1170,0572_c0003_000.jpg,572,2,-1,True,175,8550,0.5284062031877073,0.1714005876591577,1,1021,1,1,1,1
1171,0572_c0003_005.jpg,572,2,-1,True,175,8550,0.5281818993350644,0.19509476031215162,1,897,1,1,1,1
1172,0572_c0003_010.jpg,572,2,-1,True,175,8550,0.6783699747360462,0.2390710382513661,1,732,1,1,1,1
1173,0572_c0003_015.jpg,572,2,-1,True,175,8550,0.466461706092532,0.16355140186915887,1,1070,1,1,1,1
1174,0572_c0003_020.jpg,572,2,-1,True,175,8550,0.5925502120393162,0.18153526970954356,1,964,1,1,1,1
1175,0572_c0004_000.jpg,572,3,-1,True,175,8550,0.9653846090220886,0.8706467661691543,1,201,1,1,1,1
1176,0572_c0004_005.jpg,572,3,-1,True,175,8550,0.943926140177758,0.8706467661691543,1,201,1,1,1,1
1177,0572_c0004_010.jpg,572,3,-1,True,175,8550,0.940506684648747,0.875,1,200,1,1,1,1
1178,0572_c0004_015.jpg,572,3,-1,True,175,8550,0.9404070893961648,0.875,1,200,1,1,1,1
1179,0572_c0004_020.jpg,572,3,-1,True,175,8550,0.9464408714042845,0.8663366336633663,1,202,1,1,1,1
1180,0572_c0005_000.jpg,572,4,-1,True,175,8550,0.8492140187162545,0.11467889908256881,1,1526,1,1,1,1
1181,0572_c0005_005.jpg,572,4,-1,True,175,8550,0.8965928063141178,0.1520417028670721,1,1151,1,1,1,1
1182,0572_c0005_010.jpg,572,4,-1,True,175,8550,0.892773391998934,0.12773722627737227,1,1370,1,1,1,1
1183,0572_c0005_015.jpg,572,4,-1,True,175,8550,0.8796680598301418,0.10355029585798817,1,1690,1,1,1,1
1184,0572_c0005_020.jpg,572,4,-1,True,175,8550,0.8780400235683484,0.10618932038834951,1,1648,1,1,1,1
1185,0572_c0006_000.jpg,572,5,-1,True,175,8550,0.9996205021372934,0.9562841530054644,1,183,1,1,1,1
1186,0572_c0006_005.jpg,572,5,-1,True,175,8550,0.9999036918138042,0.9831460674157303,1,178,1,1,1,1
1187,0572_c0006_010.jpg,572,5,-1,True,175,8550,1.0,1.0,1,175,1,1,1,1
1188,0572_c0006_015.jpg,572,5,-1,True,175,8550,0.9995859648825751,0.9615384615384616,1,182,1,1,1,1
1189,0572_c0006_020.jpg,572,5,-1,True,175,8550,1.0,1.0,1,175,1,1,1,1
1190,0572_c0007_000.jpg,572,6,-1,True,175,8550,0.7782150786188762,0.18401682439537329,1,951,1,1,1,1
1191,0572_c0007_005.jpg,572,6,-1,True,175,8550,0.7741207444161062,0.1421608448415922,1,1231,1,1,1,1
1192,0572_c0007_010.jpg,572,6,-1,True,175,8550,0.7973178574380868,0.23648648648648649,1,740,1,1,1,1
1193,0572_c0007_015.jpg,572,6,-1,True,175,8550,0.8091080285913406,0.2536231884057971,1,690,1,1,1,1
1194,0572_c0007_020.jpg,572,6,-1,True,175,8550,0.7704853148079152,0.17676767676767677,1,990,1,1,1,1
1195,0572_c0008_000.jpg,572,7,-1,True,175,8550,1.0,1.0,1,175,1,1,1,1
1196,0572_c0008_005.jpg,572,7,-1,True,175,8550,0.9996438948971703,0.9776536312849162,1,179,1,1,1,1
1197,0572_c0008_010.jpg,572,7,-1,True,175,8550,0.996301956538625,0.9259259259259259,1,189,1,1,1,1
1198,0572_c0008_015.jpg,572,7,-1,True,175,8550,0.9947279886391084,0.9067357512953368,1,193,1,1,1,1
1199,0572_c0008_020.jpg,572,7,-1,True,175,8550,0.9997062865761006,0.9887005649717514,1,177,1,1,1,1
1200,0574_c0001_000.jpg,574,0,-1,True,150,8550,1.0,1.0,1,150,1,1,1,1
1201,0574_c0001_005.jpg,574,0,-1,True,150,8550,1.0,1.0,1,150,1,1,1,1
1202,0574_c0001_010.jpg,574,0,-1,True,150,8550,1.0,1.0,1,150,1,1,1,1
1203,0574_c0001_015.jpg,574,0,-1,True,150,8550,1.0,1.0,1,150,1,1,1,1
1204,0574_c0001_020.jpg,574,0,-1,True,150,8550,1.0,1.0,1,150,1,1,1,1
1205,0574_c0002_000.jpg,574,1,-1,True,150,8550,0.9223527471423552,0.7537688442211056,1,199,1,1,1,1
1206,0574_c0002_005.jpg,574,1,-1,True,150,8550,0.9432691978609692,0.8522727272727273,1,176,1,1,1,1
1207,0574_c0002_010.jpg,574,1,-1,True,150,8550,0.9734748197128412,0.8379888268156425,1,179,1,1,1,1
1208,0574_c0002_015.jpg,574,1,-1,True,150,8550,0.9767130010747728,0.8379888268156425,1,179,1,1,1,1
1209,0574_c0002_020.jpg,574,1,-1,True,150,8550,0.9511163388782968,0.6607929515418502,1,227,1,1,1,1
1210,0574_c0003_000.jpg,574,2,-1,True,150,8550,0.985510095376062,0.8522727272727273,1,176,1,1,1,1
1211,0574_c0003_005.jpg,574,2,-1,True,150,8550,0.9861184894570908,0.8522727272727273,1,176,1,1,1,1
1212,0574_c0003_010.jpg,574,2,-1,True,150,8550,0.9854194279450698,0.8522727272727273,1,176,1,1,1,1
1213,0574_c0003_015.jpg,574,2,-1,True,150,8550,0.9806286324606583,0.8379888268156425,1,179,1,1,1,1
1214,0574_c0003_020.jpg,574,2,-1,True,150,8550,0.9837026541775141,0.8426966292134831,1,178,1,1,1,1
1215,0574_c0004_000.jpg,574,3,-1,True,150,8550,0.9997326970090357,0.9868421052631579,1,152,1,1,1,1
1216,0574_c0004_005.jpg,574,3,-1,True,150,8550,0.9993775985488405,0.9803921568627451,1,153,1,1,1,1
1217,0574_c0004_010.jpg,574,3,-1,True,150,8550,0.9989478418768709,0.9615384615384616,1,156,1,1,1,1
1218,0574_c0004_015.jpg,574,3,-1,True,150,8550,0.9999114054451803,0.9933774834437086,1,151,1,1,1,1
1219,0574_c0004_020.jpg,574,3,-1,True,150,8550,0.9996106542975615,0.967741935483871,1,155,1,1,1,1
1220,0574_c0005_000.jpg,574,4,-1,True,150,8550,0.9822047747669429,0.8241758241758241,1,182,1,1,1,1
1221,0574_c0005_005.jpg,574,4,-1,True,150,8550,0.985539447794891,0.847457627118644,1,177,1,1,1,1
1222,0574_c0005_010.jpg,574,4,-1,True,150,8550,0.9837434194364341,0.8241758241758241,1,182,1,1,1,1
1223,0574_c0005_015.jpg,574,4,-1,True,150,8550,0.9743381064605413,0.7692307692307693,1,195,1,1,1,1
1224,0574_c0005_020.jpg,574,4,-1,True,150,8550,0.9748263406968145,0.7575757575757576,1,198,1,1,1,1
1225,0574_c0006_000.jpg,574,5,-1,True,150,8550,0.9999558498896247,0.9933774834437086,1,151,1,1,1,1
1226,0574_c0006_005.jpg,574,5,-1,True,150,8550,0.9996888412327295,0.9868421052631579,1,152,1,1,1,1
1227,0574_c0006_010.jpg,574,5,-1,True,150,8550,0.9988514297382945,0.8928571428571429,1,168,1,1,1,1
1228,0574_c0006_015.jpg,574,5,-1,True,150,8550,0.9967540157138126,0.8571428571428571,1,175,1,1,1,1
1229,0574_c0006_020.jpg,574,5,-1,True,150,8550,0.9966846234493854,0.8522727272727273,1,176,1,1,1,1
1230,0574_c0008_000.jpg,574,7,-1,True,150,8550,0.9994281815782164,0.967741935483871,1,155,1,1,1,1
1231,0574_c0008_005.jpg,574,7,-1,True,150,8550,0.9980088606341633,0.9375,1,160,1,1,1,1
1232,0574_c0008_010.jpg,574,7,-1,True,150,8550,0.9983424952341864,0.9554140127388535,1,157,1,1,1,1
1233,0574_c0008_015.jpg,574,7,-1,True,150,8550,0.9981894318164748,0.9433962264150944,1,159,1,1,1,1
1234,0574_c0008_020.jpg,574,7,-1,True,150,8550,0.9985314749440852,0.9493670886075949,1,158,1,1,1,1
1235,0576_c0001_000.jpg,576,0,-1,True,150,8550,0.8653245484886494,0.4032258064516129,1,372,1,1,1,1
1236,0576_c0001_005.jpg,576,0,-1,True,150,8550,0.8416941150462005,0.352112676056338,1,426,1,1,1,1
1237,0576_c0001_010.jpg,576,0,-1,True,150,8550,0.8263973330258327,0.3225806451612903,1,465,1,1,1,1
1238,0576_c0001_015.jpg,576,0,-1,True,150,8550,0.8583059384311301,0.3816793893129771,1,393,1,1,1,1
1239,0576_c0001_020.jpg,576,0,-1,True,150,8550,0.8417775737970489,0.33482142857142855,1,448,1,1,1,1
1240,0576_c0002_000.jpg,576,1,-1,True,150,8550,0.734031436948988,0.2994011976047904,1,501,1,1,1,1
1241,0576_c0002_005.jpg,576,1,-1,True,150,8550,0.6274665331154002,0.21337126600284495,1,703,1,1,1,1
1242,0576_c0002_010.jpg,576,1,-1,True,150,8550,0.6972075358024445,0.27932960893854747,1,537,1,1,1,1
1243,0576_c0002_015.jpg,576,1,-1,True,150,8550,0.6589479478116367,0.22058823529411764,1,680,1,1,1,1
1244,0576_c0002_020.jpg,576,1,-1,True,150,8550,0.6218781457553327,0.25773195876288657,1,582,1,1,1,1
1245,0576_c0003_000.jpg,576,2,-1,True,150,8550,0.987850470046073,0.8571428571428571,1,175,1,1,1,1
1246,0576_c0003_005.jpg,576,2,-1,True,150,8550,0.9947252943207279,0.8571428571428571,1,175,1,1,1,1
1247,0576_c0003_010.jpg,576,2,-1,True,150,8550,0.9948528004511039,0.8571428571428571,1,175,1,1,1,1
1248,0576_c0003_015.jpg,576,2,-1,True,150,8550,0.9977078794410797,0.8571428571428571,1,175,1,1,1,1
1249,0576_c0003_020.jpg,576,2,-1,True,150,8550,0.995410376534054,0.8571428571428571,1,175,1,1,1,1
1250,0576_c0004_000.jpg,576,3,-1,True,150,8550,0.9999114054451803,0.9933774834437086,1,151,1,1,1,1
1251,0576_c0004_005.jpg,576,3,-1,True,150,8550,0.9978309835047136,0.8928571428571429,1,168,1,1,1,1
1252,0576_c0004_010.jpg,576,3,-1,True,150,8550,0.9976600974347535,0.8823529411764706,1,170,1,1,1,1
1253,0576_c0004_015.jpg,576,3,-1,True,150,8550,0.9998666627158738,0.9933774834437086,1,151,1,1,1,1
1254,0576_c0004_020.jpg,576,3,-1,True,150,8550,0.9947138491690614,0.8571428571428571,1,175,1,1,1,1
1255,0576_c0005_000.jpg,576,4,-1,True,150,8550,0.9733073495516135,0.746268656716418,1,201,1,1,1,1
1256,0576_c0005_005.jpg,576,4,-1,True,150,8550,0.9621071623193032,0.6607929515418502,1,227,1,1,1,1
1257,0576_c0005_010.jpg,576,4,-1,True,150,8550,0.9647580865699339,0.6696428571428571,1,224,1,1,1,1
1258,0576_c0005_015.jpg,576,4,-1,True,150,8550,0.9455119650351871,0.5617977528089888,1,267,1,1,1,1
1259,0576_c0005_020.jpg,576,4,-1,True,150,8550,0.9482401646963539,0.5319148936170213,1,282,1,1,1,1
1260,0576_c0006_000.jpg,576,5,-1,True,150,8550,0.9541651677249792,0.6550218340611353,1,229,1,1,1,1
1261,0576_c0006_005.jpg,576,5,-1,True,150,8550,0.9462418254047248,0.6521739130434783,1,230,1,1,1,1
1262,0576_c0006_010.jpg,576,5,-1,True,150,8550,0.9304159490271255,0.646551724137931,1,232,1,1,1,1
1263,0576_c0006_015.jpg,576,5,-1,True,150,8550,0.9474770912538835,0.6521739130434783,1,230,1,1,1,1
1264,0576_c0006_020.jpg,576,5,-1,True,150,8550,0.9420369596221424,0.6329113924050633,1,237,1,1,1,1
1265,0576_c0007_000.jpg,576,6,-1,True,150,8550,0.7928227895356214,0.22658610271903323,1,662,1,1,1,1
1266,0576_c0007_005.jpg,576,6,-1,True,150,8550,0.8311034219876626,0.2640845070422535,1,568,1,1,1,1
1267,0576_c0007_010.jpg,576,6,-1,True,150,8550,0.8651761402616113,0.27624309392265195,1,543,1,1,1,1
1268,0576_c0007_015.jpg,576,6,-1,True,150,8550,0.864622815728946,0.33557046979865773,1,447,1,1,1,1
1269,0576_c0007_020.jpg,576,6,-1,True,150,8550,0.8488349613045831,0.2697841726618705,1,556,1,1,1,1
1270,0578_c0001_000.jpg,578,0,-1,True,175,8550,0.5953930877255742,0.2786624203821656,1,628,1,1,1,1
1271,0578_c0001_005.jpg,578,0,-1,True,175,8550,0.5732821290477571,0.2521613832853026,1,694,1,1,1,1
1272,0578_c0001_010.jpg,578,0,-1,True,175,8550,0.5877492636578662,0.28,1,625,1,1,1,1
1273,0578_c0001_015.jpg,578,0,-1,True,175,8550,0.5328362281689868,0.2596439169139466,1,674,1,1,1,1
1274,0578_c0001_020.jpg,578,0,-1,True,175,8550,0.5184686450595383,0.23648648648648649,1,740,1,1,1,1
1275,0578_c0002_000.jpg,578,1,-1,True,175,8550,0.4592369380070945,0.14,1,1250,1,1,1,1
1276,0578_c0002_005.jpg,578,1,-1,True,175,8550,0.3232712127184357,0.15099223468507333,12,1159,0,0,0,1
1277,0578_c0002_010.jpg,578,1,-1,True,175,8550,0.4262652222488385,0.13682564503518374,2,1279,0,1,1,1
1278,0578_c0002_015.jpg,578,1,-1,True,175,8550,0.33895618357018803,0.14056224899598393,22,1245,0,0,0,0
1279,0578_c0002_020.jpg,578,1,-1,True,175,8550,0.417447286677246,0.13011152416356878,7,1345,0,0,1,1
1280,0578_c0003_000.jpg,578,2,-1,True,175,8550,0.6104706430922627,0.2897350993377483,1,604,1,1,1,1
1281,0578_c0003_005.jpg,578,2,-1,True,175,8550,0.5828582569057454,0.28180354267310787,1,621,1,1,1,1
1282,0578_c0003_010.jpg,578,2,-1,True,175,8550,0.5906068254592227,0.3147482014388489,1,556,1,1,1,1
1283,0578_c0003_015.jpg,578,2,-1,True,175,8550,0.6008164586513145,0.3170289855072464,1,552,1,1,1,1
1284,0578_c0003_020.jpg,578,2,-1,True,175,8550,0.6485769265157533,0.3022452504317789,1,579,1,1,1,1
1285,0578_c0004_000.jpg,578,3,-1,True,175,8550,0.4663056089947471,0.32833020637898686,1,533,1,1,1,1
1286,0578_c0004_005.jpg,578,3,-1,True,175,8550,0.42526587001390453,0.27386541471048514,3,639,0,1,1,1
1287,0578_c0004_010.jpg,578,3,-1,True,175,8550,0.4363739758843737,0.33589251439539347,1,521,1,1,1,1
1288,0578_c0004_015.jpg,578,3,-1,True,175,8550,0.5201010907819357,0.42475728155339804,26,412,0,0,0,0
1289,0578_c0004_020.jpg,578,3,-1,True,175,8550,0.4650205313862913,0.3771551724137931,7,464,0,0,1,1
1290,0578_c0005_000.jpg,578,4,-1,True,175,8550,0.7253880583078969,0.19931662870159453,1,878,1,1,1,1
1291,0578_c0005_005.jpg,578,4,-1,True,175,8550,0.6446510084912009,0.17395626242544732,1,1006,1,1,1,1
1292,0578_c0005_010.jpg,578,4,-1,True,175,8550,0.6738727887636622,0.17395626242544732,1,1006,1,1,1,1
1293,0578_c0005_015.jpg,578,4,-1,True,175,8550,0.6708406129565313,0.19021739130434784,1,920,1,1,1,1
1294,0578_c0005_020.jpg,578,4,-1,True,175,8550,0.6775223439007535,0.18401682439537329,1,951,1,1,1,1
1295,0578_c0006_000.jpg,578,5,-1,True,175,8550,0.5781028567782087,0.13079222720478326,1,1338,1,1,1,1
1296,0578_c0006_005.jpg,578,5,-1,True,175,8550,0.5849677984897826,0.12671976828385229,1,1381,1,1,1,1
1297,0578_c0006_010.jpg,578,5,-1,True,175,8550,0.5474128597119834,0.14193025141930252,1,1233,1,1,1,1
1298,0578_c0006_015.jpg,578,5,-1,True,175,8550,0.5816189242787211,0.13247539742619227,1,1321,1,1,1,1
1299,0578_c0006_020.jpg,578,5,-1,True,175,8550,0.4963738594789279,0.1366120218579235,13,1281,0,0,0,1
1300,0578_c0007_000.jpg,578,6,-1,True,175,8550,0.7138449118210548,0.44871794871794873,1,390,1,1,1,1
1301,0578_c0007_005.jpg,578,6,-1,True,175,8550,0.5933847691550806,0.39863325740318906,1,439,1,1,1,1
1302,0578_c0007_010.jpg,578,6,-1,True,175,8550,0.5813994372705946,0.40792540792540793,1,429,1,1,1,1
1303,0578_c0007_015.jpg,578,6,-1,True,175,8550,0.5964949903817948,0.4206730769230769,1,416,1,1,1,1
1304,0578_c0007_020.jpg,578,6,-1,True,175,8550,0.5929405439223936,0.44642857142857145,1,392,1,1,1,1
1305,0578_c0008_000.jpg,578,7,-1,True,175,8550,0.575157871845331,0.2056404230317274,1,851,1,1,1,1
1306,0578_c0008_005.jpg,578,7,-1,True,175,8550,0.580522921580554,0.2061248527679623,1,849,1,1,1,1
1307,0578_c0008_010.jpg,578,7,-1,True,175,8550,0.5565322294619992,0.214987714987715,1,814,1,1,1,1
1308,0578_c0008_015.jpg,578,7,-1,True,175,8550,0.4891529626682401,0.23458445040214476,1,746,1,1,1,1
1309,0578_c0008_020.jpg,578,7,-1,True,175,8550,0.5175064285899824,0.2184769038701623,1,801,1,1,1,1
1310,0580_c0001_000.jpg,580,0,-1,True,175,8550,0.7277490439844206,0.5287009063444109,1,331,1,1,1,1
1311,0580_c0001_005.jpg,580,0,-1,True,175,8550,0.6690381745879448,0.5177514792899408,1,338,1,1,1,1
1312,0580_c0001_010.jpg,580,0,-1,True,175,8550,0.6402395678431623,0.46174142480211083,1,379,1,1,1,1
1313,0580_c0001_015.jpg,580,0,-1,True,175,8550,0.7117036508098662,0.5223880597014925,1,335,1,1,1,1
1314,0580_c0001_020.jpg,580,0,-1,True,175,8550,0.7200104958812471,0.5384615384615384,1,325,1,1,1,1
1315,0580_c0002_000.jpg,580,1,-1,True,175,8550,0.4287071832649376,0.2887788778877888,1,606,1,1,1,1
1316,0580_c0002_005.jpg,580,1,-1,True,175,8550,0.4692811326575796,0.315884476534296,15,554,0,0,0,1
1317,0580_c0002_010.jpg,580,1,-1,True,175,8550,0.6562098448300866,0.3252788104089219,1,538,1,1,1,1
1318,0580_c0002_015.jpg,580,1,-1,True,175,8550,0.6949423031919226,0.3684210526315789,1,475,1,1,1,1
1319,0580_c0002_020.jpg,580,1,-1,True,175,8550,0.658863060571331,0.3017241379310345,1,580,1,1,1,1
1320,0580_c0003_000.jpg,580,2,-1,True,175,8550,0.9837148837018178,0.7709251101321586,1,227,1,1,1,1
1321,0580_c0003_005.jpg,580,2,-1,True,175,8550,0.9847693600469263,0.7543103448275862,1,232,1,1,1,1
1322,0580_c0003_010.jpg,580,2,-1,True,175,8550,0.9747218621372088,0.6183745583038869,1,283,1,1,1,1
1323,0580_c0003_015.jpg,580,2,-1,True,175,8550,0.9609103821409802,0.6457564575645757,1,271,1,1,1,1
1324,0580_c0003_020.jpg,580,2,-1,True,175,8550,0.9698958748218235,0.6205673758865248,1,282,1,1,1,1
1325,0580_c0004_000.jpg,580,3,-1,True,175,8550,1.0,1.0,1,175,1,1,1,1
1326,0580_c0004_005.jpg,580,3,-1,True,175,8550,1.0,1.0,1,175,1,1,1,1
1327,0580_c0004_010.jpg,580,3,-1,True,175,8550,1.0,1.0,1,175,1,1,1,1
1328,0580_c0004_015.jpg,580,3,-1,True,175,8550,1.0,1.0,1,175,1,1,1,1
1329,0580_c0004_020.jpg,580,3,-1,True,175,8550,0.9999036918138042,0.9831460674157303,1,178,1,1,1,1
1330,0580_c0005_000.jpg,580,4,-1,True,175,8550,0.8344420066598343,0.49019607843137253,1,357,1,1,1,1
1331,0580_c0005_005.jpg,580,4,-1,True,175,8550,0.8387016846738472,0.47043010752688175,1,372,1,1,1,1
1332,0580_c0005_010.jpg,580,4,-1,True,175,8550,0.8163819996148085,0.4679144385026738,1,374,1,1,1,1
1333,0580_c0005_015.jpg,580,4,-1,True,175,8550,0.737617283953166,0.42168674698795183,1,415,1,1,1,1
1334,0580_c0005_020.jpg,580,4,-1,True,175,8550,0.7503134007464125,0.38716814159292035,1,452,1,1,1,1
1335,0580_c0006_000.jpg,580,5,-1,True,175,8550,0.9561381668066267,0.6944444444444444,1,252,1,1,1,1
1336,0580_c0006_005.jpg,580,5,-1,True,175,8550,0.957645141365917,0.7743362831858407,1,226,1,1,1,1
1337,0580_c0006_010.jpg,580,5,-1,True,175,8550,0.9056124737368337,0.7743362831858407,1,226,1,1,1,1
1338,0580_c0006_015.jpg,580,5,-1,True,175,8550,0.9350673802853172,0.625,1,280,1,1,1,1
1339,0580_c0006_020.jpg,580,5,-1,True,175,8550,0.9194946762429334,0.5192878338278932,1,337,1,1,1,1
1340,0580_c0007_000.jpg,580,6,-1,True,175,8550,0.9983938067833118,0.9615384615384616,1,182,1,1,1,1
1341,0580_c0007_005.jpg,580,6,-1,True,175,8550,0.9985410645155064,0.9887005649717514,1,177,1,1,1,1
1342,0580_c0007_010.jpg,580,6,-1,True,175,8550,0.9999348794063079,0.9943181818181818,1,176,1,1,1,1
1343,0580_c0007_015.jpg,580,6,-1,True,175,8550,0.9939091038021791,0.8254716981132075,1,212,1,1,1,1
1344,0580_c0007_020.jpg,580,6,-1,True,175,8550,0.9992666158365189,0.9562841530054644,1,183,1,1,1,1
1345,0580_c0008_000.jpg,580,7,-1,True,175,8550,0.9567414828332593,0.6756756756756757,1,259,1,1,1,1
1346,0580_c0008_005.jpg,580,7,-1,True,175,8550,0.9594856577761797,0.6889763779527559,1,254,1,1,1,1
1347,0580_c0008_010.jpg,580,7,-1,True,175,8550,0.9605964744156756,0.6862745098039216,1,255,1,1,1,1
1348,0580_c0008_015.jpg,580,7,-1,True,175,8550,0.9663652919444831,0.7322175732217573,1,239,1,1,1,1
1349,0580_c0008_020.jpg,580,7,-1,True,175,8550,0.9568418728207101,0.6554307116104869,1,267,1,1,1,1
1350,0582_c0001_000.jpg,582,0,-1,True,175,8550,0.4782142394560029,0.061253062653132656,1,2857,1,1,1,1
1351,0582_c0001_005.jpg,582,0,-1,True,175,8550,0.5490593872626024,0.07421543681085666,1,2358,1,1,1,1
1352,0582_c0001_010.jpg,582,0,-1,True,175,8550,0.4872809318026894,0.05672609400324149,1,3085,1,1,1,1
1353,0582_c0001_015.jpg,582,0,-1,True,175,8550,0.6382679298231884,0.10294117647058823,1,1700,1,1,1,1
1354,0582_c0001_020.jpg,582,0,-1,True,175,8550,0.6348963317938823,0.08650519031141868,1,2023,1,1,1,1
1355,0582_c0002_000.jpg,582,1,-1,True,175,8550,0.40990065735859227,0.07279534109816972,1,2404,1,1,1,1
1356,0582_c0002_005.jpg,582,1,-1,True,175,8550,0.3559975756104298,0.06512839598064757,1,2687,1,1,1,1
1357,0582_c0002_010.jpg,582,1,-1,True,175,8550,0.41086584589657626,0.06524981357196122,1,2682,1,1,1,1
1358,0582_c0002_015.jpg,582,1,-1,True,175,8550,0.3974408334163796,0.061554695743932464,1,2843,1,1,1,1
1359,0582_c0002_020.jpg,582,1,-1,True,175,8550,0.3591303730207416,0.06379876048122493,1,2743,1,1,1,1
1360,0582_c0003_000.jpg,582,2,-1,True,175,8550,0.07575330582901318,0.047386948280530736,102,3693,0,0,0,0
1361,0582_c0003_005.jpg,582,2,-1,True,175,8550,0.10089362220875674,0.047106325706594884,17,3715,0,0,0,1
1362,0582_c0003_010.jpg,582,2,-1,True,175,8550,0.17492275871517993,0.050975822895426744,1,3433,1,1,1,1
1363,0582_c0003_015.jpg,582,2,-1,True,175,8550,0.1900767117990638,0.0548073911681804,1,3193,1,1,1,1
1364,0582_c0003_020.jpg,582,2,-1,True,175,8550,0.16031799677688488,0.04878728742681907,3,3587,0,1,1,1
1365,0582_c0004_000.jpg,582,3,-1,True,175,8550,0.5591652127173973,0.18756698821007503,1,933,1,1,1,1
1366,0582_c0004_005.jpg,582,3,-1,True,175,8550,0.606593269791646,0.2751572327044025,1,636,1,1,1,1
1367,0582_c0004_010.jpg,582,3,-1,True,175,8550,0.6320048255593842,0.3108348134991119,1,563,1,1,1,1
1368,0582_c0004_015.jpg,582,3,-1,True,175,8550,0.6125077780701982,0.2468265162200282,1,709,1,1,1,1
1369,0582_c0004_020.jpg,582,3,-1,True,175,8550,0.6073686399853052,0.22580645161290322,1,775,1,1,1,1
1370,0582_c0005_000.jpg,582,4,-1,True,175,8550,0.42474711180449254,0.03987240829346093,1,4389,1,1,1,1
1371,0582_c0005_005.jpg,582,4,-1,True,175,8550,0.40330785411946846,0.039512305260781214,1,4429,1,1,1,1
1372,0582_c0005_010.jpg,582,4,-1,True,175,8550,0.35886735760765226,0.03186453022578296,1,5492,1,1,1,1
1373,0582_c0005_015.jpg,582,4,-1,True,175,8550,0.3466330500236189,0.033967391304347824,1,5152,1,1,1,1
1374,0582_c0005_020.jpg,582,4,-1,True,175,8550,0.3799671892020252,0.03702920016927634,1,4726,1,1,1,1
1375,0582_c0006_000.jpg,582,5,-1,True,175,8550,0.7049895765162746,0.2623688155922039,1,667,1,1,1,1
1376,0582_c0006_005.jpg,582,5,-1,True,175,8550,0.6812676750336336,0.27386541471048514,1,639,1,1,1,1
1377,0582_c0006_010.jpg,582,5,-1,True,175,8550,0.7447123093148827,0.31645569620253167,1,553,1,1,1,1
1378,0582_c0006_015.jpg,582,5,-1,True,175,8550,0.8053301505749417,0.4117647058823529,1,425,1,1,1,1
1379,0582_c0006_020.jpg,582,5,-1,True,175,8550,0.8535723986756999,0.3314393939393939,1,528,1,1,1,1
1380,0582_c0007_000.jpg,582,6,-1,True,175,8550,0.5877151316412743,0.23026315789473684,1,760,1,1,1,1
1381,0582_c0007_005.jpg,582,6,-1,True,175,8550,0.6346899032467156,0.2600297176820208,1,673,1,1,1,1
1382,0582_c0007_010.jpg,582,6,-1,True,175,8550,0.5474817246046633,0.22580645161290322,1,775,1,1,1,1
1383,0582_c0007_015.jpg,582,6,-1,True,175,8550,0.557538751361237,0.23777173913043478,1,736,1,1,1,1
1384,0582_c0007_020.jpg,582,6,-1,True,175,8550,0.5005950468151464,0.23521505376344087,12,744,0,0,0,1
1385,0582_c0008_000.jpg,582,7,-1,True,175,8550,0.3502409802480127,0.14817950889077053,4,1181,0,1,1,1
1386,0582_c0008_005.jpg,582,7,-1,True,175,8550,0.43823933058137543,0.1292466765140325,1,1354,1,1,1,1
1387,0582_c0008_010.jpg,582,7,-1,True,175,8550,0.3425209804043658,0.10599636583888553,26,1651,0,0,0,0
1388,0582_c0008_015.jpg,582,7,-1,True,175,8550,0.38801703957060163,0.10625379477838494,26,1647,0,0,0,0
1389,0582_c0008_020.jpg,582,7,-1,True,175,8550,0.38861776645849155,0.1053582179409994,26,1661,0,0,0,0
1390,0584_c0001_000.jpg,584,0,-1,True,175,8550,0.9195567888119547,0.550314465408805,1,318,1,1,1,1
1391,0584_c0001_005.jpg,584,0,-1,True,175,8550,0.9202543139914623,0.587248322147651,1,298,1,1,1,1
1392,0584_c0001_010.jpg,584,0,-1,True,175,8550,0.9262800446682682,0.5608974358974359,1,312,1,1,1,1
1393,0584_c0001_015.jpg,584,0,-1,True,175,8550,0.900122271385942,0.4807692307692308,1,364,1,1,1,1
1394,0584_c0001_020.jpg,584,0,-1,True,175,8550,0.9545231964195159,0.625,1,280,1,1,1,1
1395,0584_c0002_000.jpg,584,1,-1,True,175,8550,0.8353456330536441,0.4227053140096618,1,414,1,1,1,1
1396,0584_c0002_005.jpg,584,1,-1,True,175,8550,0.8258380994652845,0.42997542997543,1,407,1,1,1,1
1397,0584_c0002_010.jpg,584,1,-1,True,175,8550,0.8371455718471611,0.501432664756447,1,349,1,1,1,1
1398,0584_c0002_015.jpg,584,1,-1,True,175,8550,0.8436058890214596,0.603448275862069,1,290,1,1,1,1
1399,0584_c0002_020.jpg,584,1,-1,True,175,8550,0.8438911603498512,0.5813953488372093,1,301,1,1,1,1
1400,0584_c0003_000.jpg,584,2,-1,True,175,8550,0.5846249340119262,0.19083969465648856,1,917,1,1,1,1
1401,0584_c0003_005.jpg,584,2,-1,True,175,8550,0.6439003428046546,0.21160822249093109,1,827,1,1,1,1
1402,0584_c0003_010.jpg,584,2,-1,True,175,8550,0.6584429978934326,0.23648648648648649,1,740,1,1,1,1
1403,0584_c0003_015.jpg,584,2,-1,True,175,8550,0.656798094863915,0.22407170294494239,1,781,1,1,1,1
1404,0584_c0003_020.jpg,584,2,-1,True,175,8550,0.5761302498730809,0.14332514332514332,1,1221,1,1,1,1
1405,0584_c0004_000.jpg,584,3,-1,True,175,8550,0.7790075699716074,0.3804347826086957,1,460,1,1,1,1
1406,0584_c0004_005.jpg,584,3,-1,True,175,8550,0.7940557302697003,0.3968253968253968,1,441,1,1,1,1
1407,0584_c0004_010.jpg,584,3,-1,True,175,8550,0.7804346293492039,0.3888888888888889,1,450,1,1,1,1
1408,0584_c0004_015.jpg,584,3,-1,True,175,8550,0.7805184243898914,0.33653846153846156,1,520,1,1,1,1
1409,0584_c0004_020.jpg,584,3,-1,True,175,8550,0.7135112356709726,0.32228360957642727,1,543,1,1,1,1
1410,0584_c0005_000.jpg,584,4,-1,True,175,8550,0.7142168660716888,0.16309412861137,1,1073,1,1,1,1
1411,0584_c0005_005.jpg,584,4,-1,True,175,8550,0.7434441919180639,0.17258382642998027,1,1014,1,1,1,1
1412,0584_c0005_010.jpg,584,4,-1,True,175,8550,0.7149419863282326,0.18078512396694216,1,968,1,1,1,1
1413,0584_c0005_015.jpg,584,4,-1,True,175,8550,0.7248027837731752,0.16309412861137,1,1073,1,1,1,1
1414,0584_c0005_020.jpg,584,4,-1,True,175,8550,0.7120917164110269,0.15350877192982457,1,1140,1,1,1,1
1415,0584_c0006_000.jpg,584,5,-1,True,175,8550,0.9652229272329227,0.720164609053498,1,243,1,1,1,1
1416,0584_c0006_005.jpg,584,5,-1,True,175,8550,0.9357812013476402,0.6340579710144928,1,276,1,1,1,1
1417,0584_c0006_010.jpg,584,5,-1,True,175,8550,0.9610571592799089,0.7261410788381742,1,241,1,1,1,1
1418,0584_c0006_015.jpg,584,5,-1,True,175,8550,0.9516257852264164,0.7261410788381742,1,241,1,1,1,1
1419,0584_c0006_020.jpg,584,5,-1,True,175,8550,0.9436701727155479,0.7172131147540983,1,244,1,1,1,1
1420,0584_c0007_000.jpg,584,6,-1,True,175,8550,0.3777773228420914,0.14644351464435146,1,1195,1,1,1,1
1421,0584_c0007_005.jpg,584,6,-1,True,175,8550,0.3998008066729327,0.16571969696969696,1,1056,1,1,1,1
1422,0584_c0007_010.jpg,584,6,-1,True,175,8550,0.40700429558602885,0.16309412861137,1,1073,1,1,1,1
1423,0584_c0007_015.jpg,584,6,-1,True,175,8550,0.3623029944154448,0.14817950889077053,1,1181,1,1,1,1
1424,0584_c0007_020.jpg,584,6,-1,True,175,8550,0.47611558499341844,0.21084337349397592,1,830,1,1,1,1
1425,0584_c0008_000.jpg,584,7,-1,True,175,8550,0.9145306848208765,0.5303030303030303,1,330,1,1,1,1
1426,0584_c0008_005.jpg,584,7,-1,True,175,8550,0.9237610039848916,0.5520504731861199,1,317,1,1,1,1
1427,0584_c0008_010.jpg,584,7,-1,True,175,8550,0.9130839228702224,0.49019607843137253,1,357,1,1,1,1
1428,0584_c0008_015.jpg,584,7,-1,True,175,8550,0.9078521649054493,0.5116959064327485,1,342,1,1,1,1
1429,0584_c0008_020.jpg,584,7,-1,True,175,8550,0.897260639962287,0.43316831683168316,1,404,1,1,1,1
1430,0586_c0001_000.jpg,586,0,-1,True,175,8550,0.9972400178734356,0.8838383838383839,1,198,1,1,1,1
1431,0586_c0001_005.jpg,586,0,-1,True,175,8550,0.9997757760575494,0.9722222222222222,1,180,1,1,1,1
1432,0586_c0001_010.jpg,586,0,-1,True,175,8550,0.9997379859922616,0.9887005649717514,1,177,1,1,1,1
1433,0586_c0001_015.jpg,586,0,-1,True,175,8550,0.9992716562274846,0.9776536312849162,1,179,1,1,1,1
1434,0586_c0001_020.jpg,586,0,-1,True,175,8550,0.99899796417042,0.9668508287292817,1,181,1,1,1,1
1435,0586_c0002_000.jpg,586,1,-1,True,175,8550,0.9639480129656138,0.7415254237288136,1,236,1,1,1,1
1436,0586_c0002_005.jpg,586,1,-1,True,175,8550,0.9709538029704515,0.7777777777777778,1,225,1,1,1,1
1437,0586_c0002_010.jpg,586,1,-1,True,175,8550,0.9555771671025861,0.5813953488372093,1,301,1,1,1,1
1438,0586_c0002_015.jpg,586,1,-1,True,175,8550,0.972319717416302,0.7383966244725738,1,237,1,1,1,1
1439,0586_c0002_020.jpg,586,1,-1,True,175,8550,0.9615315839204926,0.6809338521400778,1,257,1,1,1,1
1440,0586_c0003_000.jpg,586,2,-1,True,175,8550,0.9996763838321094,0.9776536312849162,1,179,1,1,1,1
1441,0586_c0003_005.jpg,586,2,-1,True,175,8550,0.9982297946781993,0.9308510638297872,1,188,1,1,1,1
1442,0586_c0003_010.jpg,586,2,-1,True,175,8550,0.9976232722998436,0.9259259259259259,1,189,1,1,1,1
1443,0586_c0003_015.jpg,586,2,-1,True,175,8550,1.0,1.0,1,175,1,1,1,1
1444,0586_c0003_020.jpg,586,2,-1,True,175,8550,0.9997349428767831,0.9943181818181818,1,176,1,1,1,1
1445,0586_c0004_000.jpg,586,3,-1,True,175,8550,1.0,1.0,1,175,1,1,1,1
1446,0586_c0004_005.jpg,586,3,-1,True,175,8550,1.0,1.0,1,175,1,1,1,1
1447,0586_c0004_010.jpg,586,3,-1,True,175,8550,1.0,1.0,1,175,1,1,1,1
1448,0586_c0004_015.jpg,586,3,-1,True,175,8550,0.9992221265607772,0.9308510638297872,1,188,1,1,1,1
1449,0586_c0004_020.jpg,586,3,-1,True,175,8550,0.9998704967349035,0.9887005649717514,1,177,1,1,1,1
1450,0586_c0005_000.jpg,586,4,-1,True,175,8550,1.0,1.0,1,175,1,1,1,1
1451,0586_c0005_005.jpg,586,4,-1,True,175,8550,1.0,1.0,1,175,1,1,1,1
1452,0586_c0005_010.jpg,586,4,-1,True,175,8550,1.0,1.0,1,175,1,1,1,1
1453,0586_c0005_015.jpg,586,4,-1,True,175,8550,1.0,1.0,1,175,1,1,1,1
1454,0586_c0005_020.jpg,586,4,-1,True,175,8550,1.0,1.0,1,175,1,1,1,1
1455,0586_c0006_000.jpg,586,5,-1,True,175,8550,1.0,1.0,1,175,1,1,1,1
1456,0586_c0006_005.jpg,586,5,-1,True,175,8550,1.0,1.0,1,175,1,1,1,1
1457,0586_c0006_010.jpg,586,5,-1,True,175,8550,1.0,1.0,1,175,1,1,1,1
1458,0586_c0006_015.jpg,586,5,-1,True,175,8550,1.0,1.0,1,175,1,1,1,1
1459,0586_c0006_020.jpg,586,5,-1,True,175,8550,1.0,1.0,1,175,1,1,1,1
1460,0586_c0007_000.jpg,586,6,-1,True,175,8550,1.0,1.0,1,175,1,1,1,1
1461,0586_c0007_005.jpg,586,6,-1,True,175,8550,1.0,1.0,1,175,1,1,1,1
1462,0586_c0007_010.jpg,586,6,-1,True,175,8550,1.0,1.0,1,175,1,1,1,1
1463,0586_c0007_015.jpg,586,6,-1,True,175,8550,1.0,1.0,1,175,1,1,1,1
1464,0586_c0007_020.jpg,586,6,-1,True,175,8550,1.0,1.0,1,175,1,1,1,1
1465,0586_c0008_000.jpg,586,7,-1,True,175,8550,1.0,1.0,1,175,1,1,1,1
1466,0586_c0008_005.jpg,586,7,-1,True,175,8550,1.0,1.0,1,175,1,1,1,1
1467,0586_c0008_010.jpg,586,7,-1,True,175,8550,1.0,1.0,1,175,1,1,1,1
1468,0586_c0008_015.jpg,586,7,-1,True,175,8550,1.0,1.0,1,175,1,1,1,1
1469,0586_c0008_020.jpg,586,7,-1,True,175,8550,1.0,1.0,1,175,1,1,1,1
1470,0588_c0001_000.jpg,588,0,-1,True,175,8550,0.87416665715069,0.4050925925925926,1,432,1,1,1,1
1471,0588_c0001_005.jpg,588,0,-1,True,175,8550,0.866425910962897,0.42892156862745096,1,408,1,1,1,1
1472,0588_c0001_010.jpg,588,0,-1,True,175,8550,0.9091547759339463,0.4807692307692308,1,364,1,1,1,1
1473,0588_c0001_015.jpg,588,0,-1,True,175,8550,0.8803467997390539,0.3707627118644068,1,472,1,1,1,1
1474,0588_c0001_020.jpg,588,0,-1,True,175,8550,0.8533384284974651,0.4069767441860465,1,430,1,1,1,1
1475,0588_c0002_000.jpg,588,1,-1,True,175,8550,0.7443841938964348,0.3314393939393939,1,528,1,1,1,1
1476,0588_c0002_005.jpg,588,1,-1,True,175,8550,0.7763317987452323,0.3615702479338843,1,484,1,1,1,1
1477,0588_c0002_010.jpg,588,1,-1,True,175,8550,0.7998829609709778,0.3897550111358575,1,449,1,1,1,1
1478,0588_c0002_015.jpg,588,1,-1,True,175,8550,0.7846458865642222,0.38209606986899564,1,458,1,1,1,1
1479,0588_c0002_020.jpg,588,1,-1,True,175,8550,0.7818959405703578,0.3707627118644068,1,472,1,1,1,1
1480,0588_c0003_000.jpg,588,2,-1,True,175,8550,0.9612177316684779,0.7,1,250,1,1,1,1
1481,0588_c0003_005.jpg,588,2,-1,True,175,8550,0.9536839184048344,0.7142857142857143,1,245,1,1,1,1
1482,0588_c0003_010.jpg,588,2,-1,True,175,8550,0.8977588119372787,0.7847533632286996,1,223,1,1,1,1
1483,0588_c0003_015.jpg,588,2,-1,True,175,8550,0.8953520722431099,0.7641921397379913,1,229,1,1,1,1
1484,0588_c0003_020.jpg,588,2,-1,True,175,8550,0.7692106249129947,0.7446808510638298,1,235,1,1,1,1
1485,0588_c0004_000.jpg,588,3,-1,True,175,8550,0.7525305145175019,0.36382536382536385,1,481,1,1,1,1
1486,0588_c0004_005.jpg,588,3,-1,True,175,8550,0.7315228582559142,0.3391472868217054,1,516,1,1,1,1
1487,0588_c0004_010.jpg,588,3,-1,True,175,8550,0.806362136896455,0.4375,1,400,1,1,1,1
1488,0588_c0004_015.jpg,588,3,-1,True,175,8550,0.6933280721242956,0.3295668549905838,1,531,1,1,1,1
1489,0588_c0004_020.jpg,588,3,-1,True,175,8550,0.7182897823999765,0.35496957403651114,1,493,1,1,1,1
1490,0588_c0005_000.jpg,588,4,-1,True,175,8550,0.9858305711369942,0.7709251101321586,1,227,1,1,1,1
1491,0588_c0005_005.jpg,588,4,-1,True,175,8550,0.9678187666592519,0.6704980842911877,1,261,1,1,1,1
1492,0588_c0005_010.jpg,588,4,-1,True,175,8550,0.9735326026976628,0.6972111553784861,1,251,1,1,1,1
1493,0588_c0005_015.jpg,588,4,-1,True,175,8550,0.9931351414359285,0.8536585365853658,1,205,1,1,1,1
1494,0588_c0005_020.jpg,588,4,-1,True,175,8550,0.9988074037048876,0.9259259259259259,1,189,1,1,1,1
1495,0588_c0006_000.jpg,588,5,-1,True,175,8550,0.7623692272358877,0.7777777777777778,1,225,1,1,1,1
1496,0588_c0006_005.jpg,588,5,-1,True,175,8550,0.9391659239674149,0.7847533632286996,1,223,1,1,1,1
1497,0588_c0006_010.jpg,588,5,-1,True,175,8550,0.9445541892400391,0.7847533632286996,1,223,1,1,1,1
1498,0588_c0006_015.jpg,588,5,-1,True,175,8550,0.954511428675035,0.78125,1,224,1,1,1,1
1499,0588_c0006_020.jpg,588,5,-1,True,175,8550,0.9157846182909902,0.78125,1,224,1,1,1,1
1500,0588_c0007_000.jpg,588,6,-1,True,175,8550,0.994646684231467,0.8215962441314554,1,213,1,1,1,1
1501,0588_c0007_005.jpg,588,6,-1,True,175,8550,0.9903731214714854,0.7172131147540983,1,244,1,1,1,1
1502,0588_c0007_010.jpg,588,6,-1,True,175,8550,0.9903991144197806,0.7743362831858407,1,226,1,1,1,1
1503,0588_c0007_015.jpg,588,6,-1,True,175,8550,0.9999675324675324,0.9943181818181818,1,176,1,1,1,1
1504,0588_c0007_020.jpg,588,6,-1,True,175,8550,0.9999675324675324,0.9943181818181818,1,176,1,1,1,1
1505,0588_c0008_000.jpg,588,7,-1,True,175,8550,0.977404084520808,0.7510729613733905,1,233,1,1,1,1
1506,0588_c0008_005.jpg,588,7,-1,True,175,8550,0.9712840898321218,0.7510729613733905,1,233,1,1,1,1
1507,0588_c0008_010.jpg,588,7,-1,True,175,8550,0.9833439691394249,0.7777777777777778,1,225,1,1,1,1
1508,0588_c0008_015.jpg,588,7,-1,True,175,8550,0.9759146660626461,0.7641921397379913,1,229,1,1,1,1
1509,0588_c0008_020.jpg,588,7,-1,True,175,8550,0.9653311046365115,0.6554307116104869,1,267,1,1,1,1
1510,0590_c0001_000.jpg,590,0,-1,True,150,8550,0.7046337394009008,0.22727272727272727,1,660,1,1,1,1
1511,0590_c0001_005.jpg,590,0,-1,True,150,8550,0.6491268848514629,0.1358695652173913,1,1104,1,1,1,1
1512,0590_c0001_010.jpg,590,0,-1,True,150,8550,0.7101407622320813,0.26737967914438504,1,561,1,1,1,1
1513,0590_c0001_015.jpg,590,0,-1,True,150,8550,0.7349090701960563,0.25210084033613445,1,595,1,1,1,1
1514,0590_c0001_020.jpg,590,0,-1,True,150,8550,0.751116728447114,0.31185031185031187,1,481,1,1,1,1
1515,0590_c0002_000.jpg,590,1,-1,True,150,8550,0.9784824841883841,0.6666666666666666,1,225,1,1,1,1
1516,0590_c0002_005.jpg,590,1,-1,True,150,8550,0.7231900613124898,0.4178272980501393,1,359,1,1,1,1
1517,0590_c0002_010.jpg,590,1,-1,True,150,8550,0.7973887360507771,0.4918032786885246,1,305,1,1,1,1
1518,0590_c0002_015.jpg,590,1,-1,True,150,8550,0.8259285639684322,0.39893617021276595,1,376,1,1,1,1
1519,0590_c0002_020.jpg,590,1,-1,True,150,8550,0.837506441495691,0.43352601156069365,1,346,1,1,1,1
1520,0590_c0004_000.jpg,590,3,-1,True,150,8550,0.7094628586020779,0.13192612137203166,1,1137,1,1,1,1
1521,0590_c0004_005.jpg,590,3,-1,True,150,8550,0.6860675335298322,0.11144130757800892,1,1346,1,1,1,1
1522,0590_c0004_010.jpg,590,3,-1,True,150,8550,0.7046339376353846,0.12875536480686695,1,1165,1,1,1,1
1523,0590_c0004_015.jpg,590,3,-1,True,150,8550,0.6380994266069997,0.1059322033898305,1,1416,1,1,1,1
1524,0590_c0004_020.jpg,590,3,-1,True,150,8550,0.6716465199930308,0.1192368839427663,1,1258,1,1,1,1
1525,0590_c0005_000.jpg,590,4,-1,True,150,8550,0.8433577598868229,0.4098360655737705,1,366,1,1,1,1
1526,0590_c0005_005.jpg,590,4,-1,True,150,8550,0.8153993403470281,0.4155124653739612,1,361,1,1,1,1
1527,0590_c0005_010.jpg,590,4,-1,True,150,8550,0.8957927137087969,0.5190311418685121,1,289,1,1,1,1
1528,0590_c0005_015.jpg,590,4,-1,True,150,8550,0.7595631753808152,0.29354207436399216,1,511,1,1,1,1
1529,0590_c0005_020.jpg,590,4,-1,True,150,8550,0.8419498244600299,0.45317220543806647,1,331,1,1,1,1
1530,0590_c0006_000.jpg,590,5,-1,True,150,8550,0.593175422517079,0.2112676056338028,1,710,1,1,1,1
1531,0590_c0006_005.jpg,590,5,-1,True,150,8550,0.5985336755291712,0.2051983584131327,1,731,1,1,1,1
1532,0590_c0006_010.jpg,590,5,-1,True,150,8550,0.6187114020226592,0.20026702269692923,1,749,1,1,1,1
1533,0590_c0006_015.jpg,590,5,-1,True,150,8550,0.6377882988972584,0.1928020565552699,1,778,1,1,1,1
1534,0590_c0006_020.jpg,590,5,-1,True,150,8550,0.6187155135943814,0.20352781546811397,1,737,1,1,1,1
1535,0590_c0007_000.jpg,590,6,-1,True,150,8550,0.9258824386247977,0.3787878787878788,1,396,1,1,1,1
1536,0590_c0007_005.jpg,590,6,-1,True,150,8550,0.9120751663738236,0.3472222222222222,1,432,1,1,1,1
1537,0590_c0007_010.jpg,590,6,-1,True,150,8550,0.9083155504248263,0.33482142857142855,1,448,1,1,1,1
1538,0590_c0007_015.jpg,590,6,-1,True,150,8550,0.9019386247337051,0.3191489361702128,1,470,1,1,1,1
1539,0590_c0007_020.jpg,590,6,-1,True,150,8550,0.9033698928152178,0.3232758620689655,1,464,1,1,1,1
1540,0590_c0008_000.jpg,590,7,-1,True,150,8550,0.7266677453675986,0.22488755622188905,1,667,1,1,1,1
1541,0590_c0008_005.jpg,590,7,-1,True,150,8550,0.7437528605303484,0.23183925811437403,1,647,1,1,1,1
1542,0590_c0008_010.jpg,590,7,-1,True,150,8550,0.6603611419565698,0.20833333333333334,1,720,1,1,1,1
1543,0590_c0008_015.jpg,590,7,-1,True,150,8550,0.6898931561060349,0.21037868162692847,1,713,1,1,1,1
1544,0590_c0008_020.jpg,590,7,-1,True,150,8550,0.6604959549455042,0.20804438280166435,1,721,1,1,1,1
1545,0592_c0001_000.jpg,592,0,-1,True,125,8550,0.7833331544699177,0.7062146892655368,1,177,1,1,1,1
1546,0592_c0001_005.jpg,592,0,-1,True,125,8550,0.7671952647316981,0.6684491978609626,1,187,1,1,1,1
1547,0592_c0001_010.jpg,592,0,-1,True,125,8550,0.7755129920023733,0.6906077348066298,1,181,1,1,1,1
1548,0592_c0001_015.jpg,592,0,-1,True,125,8550,0.7812075840004707,0.7621951219512195,1,164,1,1,1,1
1549,0592_c0001_020.jpg,592,0,-1,True,125,8550,0.8328119579653191,0.8333333333333334,1,150,1,1,1,1
1550,0592_c0002_000.jpg,592,1,-1,True,125,8550,0.8986756234248788,0.5555555555555556,1,225,1,1,1,1
1551,0592_c0002_005.jpg,592,1,-1,True,125,8550,0.9087044066128934,0.5656108597285068,1,221,1,1,1,1
1552,0592_c0002_010.jpg,592,1,-1,True,125,8550,0.906563619752373,0.5605381165919282,1,223,1,1,1,1
1553,0592_c0002_015.jpg,592,1,-1,True,125,8550,0.8987070735955637,0.576036866359447,1,217,1,1,1,1
1554,0592_c0002_020.jpg,592,1,-1,True,125,8550,0.893309430760113,0.5458515283842795,1,229,1,1,1,1
1555,0592_c0003_000.jpg,592,2,-1,True,125,8550,0.6763500426355895,0.29691211401425177,1,421,1,1,1,1
1556,0592_c0003_005.jpg,592,2,-1,True,125,8550,0.8664967448417625,0.3443526170798898,1,363,1,1,1,1
1557,0592_c0003_010.jpg,592,2,-1,True,125,8550,0.8837992301226117,0.35410764872521244,1,353,1,1,1,1
1558,0592_c0003_015.jpg,592,2,-1,True,125,8550,0.8722851838876241,0.33602150537634407,1,372,1,1,1,1
1559,0592_c0003_020.jpg,592,2,-1,True,125,8550,0.8756901085345202,0.3424657534246575,1,365,1,1,1,1
1560,0592_c0005_000.jpg,592,4,-1,True,125,8550,0.9101143150288248,0.7485029940119761,1,167,1,1,1,1
1561,0592_c0005_005.jpg,592,4,-1,True,125,8550,0.929201098065666,0.7396449704142012,1,169,1,1,1,1
1562,0592_c0005_010.jpg,592,4,-1,True,125,8550,0.9321928098603834,0.7142857142857143,1,175,1,1,1,1
1563,0592_c0005_015.jpg,592,4,-1,True,125,8550,0.9163262824981458,0.7142857142857143,1,175,1,1,1,1
1564,0592_c0005_020.jpg,592,4,-1,True,125,8550,0.8562393451189765,0.6756756756756757,1,185,1,1,1,1
1565,0592_c0006_000.jpg,592,5,-1,True,125,8550,0.8904780085364086,0.3943217665615142,1,317,1,1,1,1
1566,0592_c0006_005.jpg,592,5,-1,True,125,8550,0.8780826749917504,0.3125,1,400,1,1,1,1
1567,0592_c0006_010.jpg,592,5,-1,True,125,8550,0.8927866679083978,0.42662116040955633,1,293,1,1,1,1
1568,0592_c0006_015.jpg,592,5,-1,True,125,8550,0.9021477320465521,0.48828125,1,256,1,1,1,1
1569,0592_c0006_020.jpg,592,5,-1,True,125,8550,0.896179660590201,0.45454545454545453,1,275,1,1,1,1
1570,0592_c0007_000.jpg,592,6,-1,True,125,8550,0.9256203836456648,0.5506607929515418,1,227,1,1,1,1
1571,0592_c0007_005.jpg,592,6,-1,True,125,8550,0.9463591226952035,0.5530973451327433,1,226,1,1,1,1
1572,0592_c0007_010.jpg,592,6,-1,True,125,8550,0.9237301800968042,0.5411255411255411,1,231,1,1,1,1
1573,0592_c0007_015.jpg,592,6,-1,True,125,8550,0.9368744208162283,0.5630630630630631,1,222,1,1,1,1
1574,0592_c0007_020.jpg,592,6,-1,True,125,8550,0.9399016525263121,0.5319148936170213,1,235,1,1,1,1
1575,0594_c0001_000.jpg,594,0,-1,True,150,8550,0.9874987594108556,0.75,1,200,1,1,1,1
1576,0594_c0001_005.jpg,594,0,-1,True,150,8550,0.9938548051819069,0.8241758241758241,1,182,1,1,1,1
1577,0594_c0001_010.jpg,594,0,-1,True,150,8550,0.9397093143115357,0.6024096385542169,1,249,1,1,1,1
1578,0594_c0001_015.jpg,594,0,-1,True,150,8550,0.9594326137732572,0.6880733944954128,1,218,1,1,1,1
1579,0594_c0001_020.jpg,594,0,-1,True,150,8550,0.9964623419098128,0.8426966292134831,1,178,1,1,1,1
1580,0594_c0002_000.jpg,594,1,-1,True,150,8550,1.0,1.0,1,150,1,1,1,1
1581,0594_c0002_005.jpg,594,1,-1,True,150,8550,1.0,1.0,1,150,1,1,1,1
1582,0594_c0002_010.jpg,594,1,-1,True,150,8550,1.0,1.0,1,150,1,1,1,1
1583,0594_c0002_015.jpg,594,1,-1,True,150,8550,1.0,1.0,1,150,1,1,1,1
1584,0594_c0002_020.jpg,594,1,-1,True,150,8550,1.0,1.0,1,150,1,1,1,1
1585,0594_c0003_000.jpg,594,2,-1,True,150,8550,0.9144111735216652,0.6666666666666666,1,225,1,1,1,1
1586,0594_c0003_005.jpg,594,2,-1,True,150,8550,0.9169268710281373,0.6666666666666666,1,225,1,1,1,1
1587,0594_c0003_010.jpg,594,2,-1,True,150,8550,0.9117954124919697,0.6666666666666666,1,225,1,1,1,1
1588,0594_c0003_015.jpg,594,2,-1,True,150,8550,0.9346619981157892,0.6818181818181818,1,220,1,1,1,1
1589,0594_c0003_020.jpg,594,2,-1,True,150,8550,0.9571974152929056,0.7009345794392523,1,214,1,1,1,1
1590,0594_c0005_000.jpg,594,4,-1,True,150,8550,1.0,1.0,1,150,1,1,1,1
1591,0594_c0005_005.jpg,594,4,-1,True,150,8550,1.0,1.0,1,150,1,1,1,1
1592,0594_c0005_010.jpg,594,4,-1,True,150,8550,1.0,1.0,1,150,1,1,1,1
1593,0594_c0005_015.jpg,594,4,-1,True,150,8550,1.0,1.0,1,150,1,1,1,1
1594,0594_c0005_020.jpg,594,4,-1,True,150,8550,1.0,1.0,1,150,1,1,1,1
1595,0594_c0006_000.jpg,594,5,-1,True,150,8550,1.0,1.0,1,150,1,1,1,1
1596,0594_c0006_005.jpg,594,5,-1,True,150,8550,1.0,1.0,1,150,1,1,1,1
1597,0594_c0006_010.jpg,594,5,-1,True,150,8550,1.0,1.0,1,150,1,1,1,1
1598,0594_c0006_015.jpg,594,5,-1,True,150,8550,1.0,1.0,1,150,1,1,1,1
1599,0594_c0006_020.jpg,594,5,-1,True,150,8550,1.0,1.0,1,150,1,1,1,1
1600,0594_c0007_000.jpg,594,6,-1,True,150,8550,1.0,1.0,1,150,1,1,1,1
1601,0594_c0007_005.jpg,594,6,-1,True,150,8550,1.0,1.0,1,150,1,1,1,1
1602,0594_c0007_010.jpg,594,6,-1,True,150,8550,1.0,1.0,1,150,1,1,1,1
1603,0594_c0007_015.jpg,594,6,-1,True,150,8550,1.0,1.0,1,150,1,1,1,1
1604,0594_c0007_020.jpg,594,6,-1,True,150,8550,1.0,1.0,1,150,1,1,1,1
1605,0594_c0008_000.jpg,594,7,-1,True,150,8550,0.954005241189271,0.7731958762886598,1,194,1,1,1,1
1606,0594_c0008_005.jpg,594,7,-1,True,150,8550,0.9483226602644773,0.75,1,200,1,1,1,1
1607,0594_c0008_010.jpg,594,7,-1,True,150,8550,0.9196783773299982,0.6224066390041494,1,241,1,1,1,1
1608,0594_c0008_015.jpg,594,7,-1,True,150,8550,0.9546947268964542,0.6493506493506493,1,231,1,1,1,1
1609,0594_c0008_020.jpg,594,7,-1,True,150,8550,0.9706891967409232,0.7142857142857143,1,210,1,1,1,1
1610,0596_c0001_000.jpg,596,0,-1,True,175,8550,0.9954738651927765,0.7847533632286996,1,223,1,1,1,1
1611,0596_c0001_005.jpg,596,0,-1,True,175,8550,0.9999675324675324,0.9943181818181818,1,176,1,1,1,1
1612,0596_c0001_010.jpg,596,0,-1,True,175,8550,0.9840372262864482,0.6183745583038869,1,283,1,1,1,1
1613,0596_c0001_015.jpg,596,0,-1,True,175,8550,0.967614890243559,0.5852842809364549,1,299,1,1,1,1
1614,0596_c0001_020.jpg,596,0,-1,True,175,8550,0.9811089017692138,0.6097560975609756,1,287,1,1,1,1
1615,0596_c0002_000.jpg,596,1,-1,True,175,8550,0.9750672362640187,0.7,1,250,1,1,1,1
1616,0596_c0002_005.jpg,596,1,-1,True,175,8550,0.9961680321626071,0.9020618556701031,1,194,1,1,1,1
1617,0596_c0002_010.jpg,596,1,-1,True,175,8550,0.9906707290049196,0.8293838862559242,1,211,1,1,1,1
1618,0596_c0002_015.jpg,596,1,-1,True,175,8550,0.9666623879528232,0.5451713395638629,1,321,1,1,1,1
1619,0596_c0002_020.jpg,596,1,-1,True,175,8550,0.9613991432396265,0.541795665634675,1,323,1,1,1,1
1620,0596_c0003_000.jpg,596,2,-1,True,175,8550,0.9891196040688266,0.8101851851851852,1,216,1,1,1,1
1621,0596_c0003_005.jpg,596,2,-1,True,175,8550,0.9580457014123327,0.5451713395638629,1,321,1,1,1,1
1622,0596_c0003_010.jpg,596,2,-1,True,175,8550,0.9538662567798227,0.5131964809384164,1,341,1,1,1,1
1623,0596_c0003_015.jpg,596,2,-1,True,175,8550,0.9855467085992242,0.720164609053498,1,243,1,1,1,1
1624,0596_c0003_020.jpg,596,2,-1,True,175,8550,0.9966689814861732,0.8883248730964467,1,197,1,1,1,1
1625,0596_c0004_000.jpg,596,3,-1,True,175,8550,0.9712164045884057,0.6183745583038869,1,283,1,1,1,1
1626,0596_c0004_005.jpg,596,3,-1,True,175,8550,0.9560393441268797,0.5368098159509203,1,326,1,1,1,1
1627,0596_c0004_010.jpg,596,3,-1,True,175,8550,0.9793670777512686,0.7231404958677686,1,242,1,1,1,1
1628,0596_c0004_015.jpg,596,3,-1,True,175,8550,0.9792562281891836,0.7142857142857143,1,245,1,1,1,1
1629,0596_c0004_020.jpg,596,3,-1,True,175,8550,0.9807615906316891,0.7291666666666666,1,240,1,1,1,1
1630,0596_c0005_000.jpg,596,4,-1,True,175,8550,0.9419137767587651,0.5255255255255256,1,333,1,1,1,1
1631,0596_c0005_005.jpg,596,4,-1,True,175,8550,0.9922803136346978,0.8536585365853658,1,205,1,1,1,1
1632,0596_c0005_010.jpg,596,4,-1,True,175,8550,0.9117326738476298,0.4971590909090909,1,352,1,1,1,1
1633,0596_c0005_015.jpg,596,4,-1,True,175,8550,0.9496104768674589,0.5147058823529411,1,340,1,1,1,1
1634,0596_c0005_020.jpg,596,4,-1,True,175,8550,0.8761050246208986,0.31305903398926654,1,559,1,1,1,1
1635,0596_c0006_000.jpg,596,5,-1,True,175,8550,1.0,1.0,1,175,1,1,1,1
1636,0596_c0006_005.jpg,596,5,-1,True,175,8550,1.0,1.0,1,175,1,1,1,1
1637,0596_c0006_010.jpg,596,5,-1,True,175,8550,1.0,1.0,1,175,1,1,1,1
1638,0596_c0006_015.jpg,596,5,-1,True,175,8550,1.0,1.0,1,175,1,1,1,1
1639,0596_c0006_020.jpg,596,5,-1,True,175,8550,1.0,1.0,1,175,1,1,1,1
1640,0596_c0007_000.jpg,596,6,-1,True,175,8550,1.0,1.0,1,175,1,1,1,1
1641,0596_c0007_005.jpg,596,6,-1,True,175,8550,1.0,1.0,1,175,1,1,1,1
1642,0596_c0007_010.jpg,596,6,-1,True,175,8550,1.0,1.0,1,175,1,1,1,1
1643,0596_c0007_015.jpg,596,6,-1,True,175,8550,1.0,1.0,1,175,1,1,1,1
1644,0596_c0007_020.jpg,596,6,-1,True,175,8550,1.0,1.0,1,175,1,1,1,1
1645,0596_c0008_000.jpg,596,7,-1,True,175,8550,1.0,1.0,1,175,1,1,1,1
1646,0596_c0008_005.jpg,596,7,-1,True,175,8550,1.0,1.0,1,175,1,1,1,1
1647,0596_c0008_010.jpg,596,7,-1,True,175,8550,1.0,1.0,1,175,1,1,1,1
1648,0596_c0008_015.jpg,596,7,-1,True,175,8550,1.0,1.0,1,175,1,1,1,1
1649,0596_c0008_020.jpg,596,7,-1,True,175,8550,1.0,1.0,1,175,1,1,1,1
1650,0598_c0001_000.jpg,598,0,-1,True,100,8550,0.7241104231124886,0.2604166666666667,1,384,1,1,1,1
1651,0598_c0001_005.jpg,598,0,-1,True,100,8550,0.7737486289327264,0.31446540880503143,1,318,1,1,1,1
1652,0598_c0001_010.jpg,598,0,-1,True,100,8550,0.7667482707896879,0.37735849056603776,1,265,1,1,1,1
1653,0598_c0001_015.jpg,598,0,-1,True,100,8550,0.7639787011300081,0.43103448275862066,1,232,1,1,1,1
1654,0598_c0001_020.jpg,598,0,-1,True,100,8550,0.6780157867666999,0.3367003367003367,1,297,1,1,1,1
1655,0598_c0002_000.jpg,598,1,-1,True,100,8550,0.9640843661419412,0.78125,1,128,1,1,1,1
1656,0598_c0002_005.jpg,598,1,-1,True,100,8550,0.9951556484302243,0.9259259259259259,1,108,1,1,1,1
1657,0598_c0002_010.jpg,598,1,-1,True,100,8550,0.91736651055247,0.7194244604316546,1,139,1,1,1,1
1658,0598_c0002_015.jpg,598,1,-1,True,100,8550,0.9217715705714421,0.5376344086021505,1,186,1,1,1,1
1659,0598_c0002_020.jpg,598,1,-1,True,100,8550,0.9746577374140126,0.7194244604316546,1,139,1,1,1,1
1660,0598_c0003_000.jpg,598,2,-1,True,100,8550,0.6753596514030743,0.25380710659898476,1,394,1,1,1,1
1661,0598_c0003_005.jpg,598,2,-1,True,100,8550,0.6387947533756653,0.25316455696202533,1,395,1,1,1,1
1662,0598_c0003_010.jpg,598,2,-1,True,100,8550,0.6357420515802461,0.25510204081632654,1,392,1,1,1,1
1663,0598_c0003_015.jpg,598,2,-1,True,100,8550,0.645441326257275,0.23923444976076555,1,418,1,1,1,1
1664,0598_c0003_020.jpg,598,2,-1,True,100,8550,0.5491439848315837,0.24213075060532688,1,413,1,1,1,1
1665,0598_c0007_000.jpg,598,6,-1,True,100,8550,0.21471698851834972,0.1510574018126888,50,662,0,0,0,0
1666,0598_c0007_005.jpg,598,6,-1,True,100,8550,0.24866220499880662,0.17301038062283736,26,578,0,0,0,0
1667,0598_c0007_010.jpg,598,6,-1,True,100,8550,0.3157233481534202,0.16501650165016502,26,606,0,0,0,0
1668,0598_c0007_015.jpg,598,6,-1,True,100,8550,0.35009349195695477,0.15313935681470137,20,653,0,0,0,1
1669,0598_c0007_020.jpg,598,6,-1,True,100,8550,0.3101398099232728,0.15625,26,640,0,0,0,0
1670,0598_c0008_000.jpg,598,7,-1,True,100,8550,0.3591636723081407,0.21052631578947367,14,475,0,0,0,1
1671,0598_c0008_005.jpg,598,7,-1,True,100,8550,0.4875636018294841,0.20833333333333334,1,480,1,1,1,1
1672,0598_c0008_010.jpg,598,7,-1,True,100,8550,0.5461548428431621,0.23094688221709006,1,433,1,1,1,1
1673,0598_c0008_015.jpg,598,7,-1,True,100,8550,0.5411346500607928,0.23148148148148148,1,432,1,1,1,1
1674,0598_c0008_020.jpg,598,7,-1,True,100,8550,0.5694648557358921,0.23148148148148148,1,432,1,1,1,1
1675,0600_c0001_000.jpg,600,0,-1,True,175,8550,0.8811965202875413,0.11246786632390746,1,1556,1,1,1,1
1676,0600_c0001_005.jpg,600,0,-1,True,175,8550,0.8855108224772952,0.12508934953538242,1,1399,1,1,1,1
1677,0600_c0001_010.jpg,600,0,-1,True,175,8550,0.8664000698452233,0.10168506682161534,1,1721,1,1,1,1
1678,0600_c0001_015.jpg,600,0,-1,True,175,8550,0.8740373790756297,0.11385816525699415,1,1537,1,1,1,1
1679,0600_c0001_020.jpg,600,0,-1,True,175,8550,0.8843442657961841,0.11589403973509933,1,1510,1,1,1,1
1680,0600_c0002_000.jpg,600,1,-1,True,175,8550,0.3970599225747564,0.2139364303178484,4,818,0,1,1,1
1681,0600_c0002_005.jpg,600,1,-1,True,175,8550,0.2751546428166666,0.12848751835535976,45,1362,0,0,0,0
1682,0600_c0002_010.jpg,600,1,-1,True,175,8550,0.1538051345275561,0.07530120481927711,50,2324,0,0,0,0
1683,0600_c0002_015.jpg,600,1,-1,True,175,8550,0.20210932216925082,0.11275773195876289,52,1552,0,0,0,0
1684,0600_c0002_020.jpg,600,1,-1,True,175,8550,0.13389202678935172,0.07628596338273758,62,2294,0,0,0,0
1685,0600_c0003_000.jpg,600,2,-1,True,175,8550,0.9682387766381992,0.603448275862069,1,290,1,1,1,1
1686,0600_c0003_005.jpg,600,2,-1,True,175,8550,0.9732751438735338,0.6340579710144928,1,276,1,1,1,1
1687,0600_c0003_010.jpg,600,2,-1,True,175,8550,0.9782012217839919,0.6756756756756757,1,259,1,1,1,1
1688,0600_c0003_015.jpg,600,2,-1,True,175,8550,0.9764692033938166,0.6679389312977099,1,262,1,1,1,1
1689,0600_c0003_020.jpg,600,2,-1,True,175,8550,0.9752890851073605,0.6730769230769231,1,260,1,1,1,1
1690,0600_c0004_000.jpg,600,3,-1,True,175,8550,0.8765789879276992,0.10822510822510822,1,1617,1,1,1,1
1691,0600_c0004_005.jpg,600,3,-1,True,175,8550,0.8799746835942084,0.11574074074074074,1,1512,1,1,1,1
1692,0600_c0004_010.jpg,600,3,-1,True,175,8550,0.8483183228215276,0.07998171846435101,1,2188,1,1,1,1
1693,0600_c0004_015.jpg,600,3,-1,True,175,8550,0.8575131391332864,0.08798391151332328,1,1989,1,1,1,1
1694,0600_c0004_020.jpg,600,3,-1,True,175,8550,0.8766181933139799,0.107559926244622,1,1627,1,1,1,1
1695,0600_c0005_000.jpg,600,4,-1,True,175,8550,0.9321751191342771,0.5335365853658537,1,328,1,1,1,1
1696,0600_c0005_005.jpg,600,4,-1,True,175,8550,0.942657692077958,0.5401234567901234,1,324,1,1,1,1
1697,0600_c0005_010.jpg,600,4,-1,True,175,8550,0.9555502932275746,0.5681818181818182,1,308,1,1,1,1
1698,0600_c0005_015.jpg,600,4,-1,True,175,8550,0.9258362414014881,0.44191919191919193,1,396,1,1,1,1
1699,0600_c0005_020.jpg,600,4,-1,True,175,8550,0.9650046757439095,0.6076388888888888,1,288,1,1,1,1
1700,0600_c0006_000.jpg,600,5,-1,True,175,8550,0.9641978373433521,0.49019607843137253,1,357,1,1,1,1
1701,0600_c0006_005.jpg,600,5,-1,True,175,8550,0.9562870008746803,0.4888268156424581,1,358,1,1,1,1
1702,0600_c0006_010.jpg,600,5,-1,True,175,8550,0.9524141823200788,0.4156769596199525,1,421,1,1,1,1
1703,0600_c0006_015.jpg,600,5,-1,True,175,8550,0.9580846502676679,0.5335365853658537,1,328,1,1,1,1
1704,0600_c0006_020.jpg,600,5,-1,True,175,8550,0.9616596650734174,0.5537974683544303,1,316,1,1,1,1
1705,0600_c0007_000.jpg,600,6,-1,True,175,8550,0.9121518950078782,0.2139364303178484,1,818,1,1,1,1
1706,0600_c0007_005.jpg,600,6,-1,True,175,8550,0.8970106355980257,0.14855687606112053,1,1178,1,1,1,1
1707,0600_c0007_010.jpg,600,6,-1,True,175,8550,0.9087298721109036,0.19553072625698323,1,895,1,1,1,1
1708,0600_c0007_015.jpg,600,6,-1,True,175,8550,0.9038343318721164,0.1714005876591577,1,1021,1,1,1,1
1709,0600_c0007_020.jpg,600,6,-1,True,175,8550,0.8961977760928702,0.15459363957597172,1,1132,1,1,1,1
1710,0600_c0008_000.jpg,600,7,-1,True,175,8550,0.899905156383992,0.17292490118577075,1,1012,1,1,1,1
1711,0600_c0008_005.jpg,600,7,-1,True,175,8550,0.9097659084092584,0.21875,1,800,1,1,1,1
1712,0600_c0008_010.jpg,600,7,-1,True,175,8550,0.9125139336317527,0.22407170294494239,1,781,1,1,1,1
1713,0600_c0008_015.jpg,600,7,-1,True,175,8550,0.905201658601019,0.18636847710330137,1,939,1,1,1,1
1714,0600_c0008_020.jpg,600,7,-1,True,175,8550,0.9190197051758829,0.2390710382513661,1,732,1,1,1,1
