query_index,name,identity,camera,scene,valid,relevant_gallery,kept_gallery,AP,INP,first_match,last_match,Rank-1,Rank-5,Rank-10,Rank-20
0,0502_c0001_000.jpg,502,0,-1,True,175,8550,0.533174705063347,0.22095959595959597,1,792,1,1,1,1
1,0502_c0001_005.jpg,502,0,-1,True,175,8550,0.5048855556060239,0.21604938271604937,1,810,1,1,1,1
2,0502_c0001_010.jpg,502,0,-1,True,175,8550,0.5291177692104929,0.22068095838587642,1,793,1,1,1,1
3,0502_c0001_015.jpg,502,0,-1,True,175,8550,0.5262327049128677,0.2336448598130841,1,749,1,1,1,1
4,0502_c0001_020.jpg,502,0,-1,True,175,8550,0.5589980754545123,0.2547307132459971,1,687,1,1,1,1
5,0502_c0002_000.jpg,502,1,-1,True,175,8550,0.5979526837581457,0.19401330376940132,1,902,1,1,1,1
6,0502_c0002_005.jpg,502,1,-1,True,175,8550,0.6269377138509328,0.20636792452830188,1,848,1,1,1,1
7,0502_c0002_010.jpg,502,1,-1,True,175,8550,0.6300443223908979,0.2141982864137087,1,817,1,1,1,1
8,0502_c0002_015.jpg,502,1,-1,True,175,8550,0.6324879942315664,0.230566534914361,1,759,1,1,1,1
9,0502_c0002_020.jpg,502,1,-1,True,175,8550,0.684687420669471,0.274294670846395,1,638,1,1,1,1
10,0502_c0003_000.jpg,502,2,-1,True,175,8550,0.7385818818936881,0.343811394891945,1,509,1,1,1,1
11,0502_c0003_005.jpg,502,2,-1,True,175,8550,0.7376314998698045,0.33081285444234404,1,529,1,1,1,1
12,0502_c0003_010.jpg,502,2,-1,True,175,8550,0.7635530155218239,0.3796095444685466,1,461,1,1,1,1
13,0502_c0003_015.jpg,502,2,-1,True,175,8550,0.7674919307988557,0.3684210526315789,1,475,1,1,1,1
14,0502_c0003_020.jpg,502,2,-1,True,175,8550,0.7510784783535626,0.330188679245283,1,530,1,1,1,1
15,0502_c0004_000.jpg,502,3,-1,True,175,8550,0.7865829857166966,0.36231884057971014,1,483,1,1,1,1
16,0502_c0004_005.jpg,502,3,-1,True,175,8550,0.7767250091078904,0.35714285714285715,1,490,1,1,1,1
17,0502_c0004_010.jpg,502,3,-1,True,175,8550,0.7743875506818046,0.3465346534653465,1,505,1,1,1,1
18,0502_c0004_015.jpg,502,3,-1,True,175,8550,0.8056412680796216,0.37393162393162394,1,468,1,1,1,1
19,0502_c0004_020.jpg,502,3,-1,True,175,8550,0.7867796585512258,0.3528225806451613,1,496,1,1,1,1
20,0502_c0005_000.jpg,502,4,-1,True,175,8550,0.6416525636503786,0.2956081081081081,1,592,1,1,1,1
21,0502_c0005_005.jpg,502,4,-1,True,175,8550,0.6509191307296385,0.3193430656934307,1,548,1,1,1,1
22,0502_c0005_010.jpg,502,4,-1,True,175,8550,0.6540549486326848,0.2996575342465753,1,584,1,1,1,1
23,0502_c0005_015.jpg,502,4,-1,True,175,8550,0.6528727796748199,0.32833020637898686,1,533,1,1,1,1
24,0502_c0005_020.jpg,502,4,-1,True,175,8550,0.6756852976942771,0.3431372549019608,1,510,1,1,1,1
25,0502_c0006_000.jpg,502,5,-1,True,175,8550,0.76395788105586,0.47043010752688175,1,372,1,1,1,1
26,0502_c0006_005.jpg,502,5,-1,True,175,8550,0.7576380515368955,0.43859649122807015,1,399,1,1,1,1
27,0502_c0006_010.jpg,502,5,-1,True,175,8550,0.7521524362853912,0.4156769596199525,1,421,1,1,1,1
28,0502_c0006_015.jpg,502,5,-1,True,175,8550,0.7520683625775704,0.4107981220657277,1,426,1,1,1,1
29,0502_c0006_020.jpg,502,5,-1,True,175,8550,0.7593753714188465,0.44191919191919193,1,396,1,1,1,1
30,0502_c0007_000.jpg,502,6,-1,True,175,8550,0.9226465153064298,0.7777777777777778,1,225,1,1,1,1
31,0502_c0007_005.jpg,502,6,-1,True,175,8550,0.9379121925389289,0.7777777777777778,1,225,1,1,1,1
32,0502_c0007_010.jpg,502,6,-1,True,175,8550,0.9377220151492046,0.7641921397379913,1,229,1,1,1,1
33,0502_c0007_015.jpg,502,6,-1,True,175,8550,0.9333526925201591,0.7383966244725738,1,237,1,1,1,1
34,0502_c0007_020.jpg,502,6,-1,True,175,8550,0.9223199823563641,0.7743362831858407,1,226,1,1,1,1
35,0502_c0008_000.jpg,502,7,-1,True,175,8550,1.0,1.0,1,175,1,1,1,1
36,0502_c0008_005.jpg,502,7,-1,True,175,8550,1.0,1.0,1,175,1,1,1,1
37,0502_c0008_010.jpg,502,7,-1,True,175,8550,0.9987988010047781,0.9668508287292817,1,181,1,1,1,1
38,0502_c0008_015.jpg,502,7,-1,True,175,8550,1.0,1.0,1,175,1,1,1,1
39,0502_c0008_020.jpg,502,7,-1,True,175,8550,0.9999348794063079,0.9943181818181818,1,176,1,1,1,1
40,0504_c0001_000.jpg,504,0,-1,True,150,8550,0.9743965628683565,0.847457627118644,1,177,1,1,1,1
41,0504_c0001_005.jpg,504,0,-1,True,150,8550,0.97554450688494,0.8522727272727273,1,176,1,1,1,1
42,0504_c0001_010.jpg,504,0,-1,True,150,8550,0.9781095079232739,0.8571428571428571,1,175,1,1,1,1
43,0504_c0001_015.jpg,504,0,-1,True,150,8550,0.9877317547424441,0.8823529411764706,1,170,1,1,1,1
44,0504_c0001_020.jpg,504,0,-1,True,150,8550,0.9837713530873025,0.8571428571428571,1,175,1,1,1,1
45,0504_c0002_000.jpg,504,1,-1,True,150,8550,0.9380690567622924,0.7731958762886598,1,194,1,1,1,1
46,0504_c0002_005.jpg,504,1,-1,True,150,8550,0.8910065136522843,0.7389162561576355,1,203,1,1,1,1
47,0504_c0002_010.jpg,504,1,-1,True,150,8550,0.8906869176599054,0.7317073170731707,1,205,1,1,1,1
48,0504_c0002_015.jpg,504,1,-1,True,150,8550,0.9137704227575155,0.7537688442211056,1,199,1,1,1,1
49,0504_c0002_020.jpg,504,1,-1,True,150,8550,0.9069360034272779,0.7575757575757576,1,198,1,1,1,1
50,0504_c0003_000.jpg,504,2,-1,True,150,8550,1.0,1.0,1,150,1,1,1,1
51,0504_c0003_005.jpg,504,2,-1,True,150,8550,0.9999114054451803,0.9933774834437086,1,151,1,1,1,1
52,0504_c0003_010.jpg,504,2,-1,True,150,8550,1.0,1.0,1,150,1,1,1,1
53,0504_c0003_015.jpg,504,2,-1,True,150,8550,1.0,1.0,1,150,1,1,1,1
54,0504_c0003_020.jpg,504,2,-1,True,150,8550,1.0,1.0,1,150,1,1,1,1
55,0504_c0005_000.jpg,504,4,-1,True,150,8550,1.0,1.0,1,150,1,1,1,1
56,0504_c0005_005.jpg,504,4,-1,True,150,8550,1.0,1.0,1,150,1,1,1,1
57,0504_c0005_010.jpg,504,4,-1,True,150,8550,1.0,1.0,1,150,1,1,1,1
58,0504_c0005_015.jpg,504,4,-1,True,150,8550,1.0,1.0,1,150,1,1,1,1
59,0504_c0005_020.jpg,504,4,-1,True,150,8550,1.0,1.0,1,150,1,1,1,1
60,0504_c0006_000.jpg,504,5,-1,True,150,8550,1.0,1.0,1,150,1,1,1,1
61,0504_c0006_005.jpg,504,5,-1,True,150,8550,1.0,1.0,1,150,1,1,1,1
62,0504_c0006_010.jpg,504,5,-1,True,150,8550,1.0,1.0,1,150,1,1,1,1
63,0504_c0006_015.jpg,504,5,-1,True,150,8550,1.0,1.0,1,150,1,1,1,1
64,0504_c0006_020.jpg,504,5,-1,True,150,8550,1.0,1.0,1,150,1,1,1,1
65,0504_c0007_000.jpg,504,6,-1,True,150,8550,0.9605537064736507,0.8571428571428571,1,175,1,1,1,1
66,0504_c0007_005.jpg,504,6,-1,True,150,8550,0.9704182438126479,0.8571428571428571,1,175,1,1,1,1
67,0504_c0007_010.jpg,504,6,-1,True,150,8550,0.97320392168132,0.8571428571428571,1,175,1,1,1,1
68,0504_c0007_015.jpg,504,6,-1,True,150,8550,0.9736343724060642,0.8522727272727273,1,176,1,1,1,1
69,0504_c0007_020.jpg,504,6,-1,True,150,8550,0.9786602167578242,0.847457627118644,1,177,1,1,1,1
70,0504_c0008_000.jpg,504,7,-1,True,150,8550,0.9610639883658454,0.8571428571428571,1,175,1,1,1,1
71,0504_c0008_005.jpg,504,7,-1,True,150,8550,0.9671923205329773,0.8571428571428571,1,175,1,1,1,1
72,0504_c0008_010.jpg,504,7,-1,True,150,8550,0.965306122632289,0.8571428571428571,1,175,1,1,1,1
73,0504_c0008_015.jpg,504,7,-1,True,150,8550,0.9725720824726761,0.8571428571428571,1,175,1,1,1,1
74,0504_c0008_020.jpg,504,7,-1,True,150,8550,0.9754811430882095,0.8571428571428571,1,175,1,1,1,1
75,0506_c0001_000.jpg,506,0,-1,True,175,8550,0.16045640589007054,0.16940948693126814,20,1033,0,0,0,1
76,0506_c0001_005.jpg,506,0,-1,True,175,8550,0.16000329778510344,0.14668901927912825,23,1193,0,0,0,0
77,0506_c0001_010.jpg,506,0,-1,True,175,8550,0.15403617226055355,0.15952597994530537,23,1097,0,0,0,0
78,0506_c0001_015.jpg,506,0,-1,True,175,8550,0.15181709767452406,0.14227642276422764,27,1230,0,0,0,0
79,0506_c0001_020.jpg,506,0,-1,True,175,8550,0.1513689162546257,0.14158576051779936,26,1236,0,0,0,0
80,0506_c0002_000.jpg,506,1,-1,True,175,8550,0.6938546184422766,0.0676459219172787,1,2587,1,1,1,1
81,0506_c0002_005.jpg,506,1,-1,True,175,8550,0.7203523348109425,0.06955484896661367,1,2516,1,1,1,1
82,0506_c0002_010.jpg,506,1,-1,True,175,8550,0.679419267423894,0.06544502617801047,1,2674,1,1,1,1
83,0506_c0002_015.jpg,506,1,-1,True,175,8550,0.6658394888987048,0.07456327226246272,1,2347,1,1,1,1
84,0506_c0002_020.jpg,506,1,-1,True,175,8550,0.6761593145826984,0.06830601092896176,1,2562,1,1,1,1
85,0506_c0003_000.jpg,506,2,-1,True,175,8550,0.6742149597052881,0.11832319134550372,1,1479,1,1,1,1
86,0506_c0003_005.jpg,506,2,-1,True,175,8550,0.6822825474944684,0.12010981468771448,1,1457,1,1,1,1
87,0506_c0003_010.jpg,506,2,-1,True,175,8550,0.6865714181940894,0.1257183908045977,1,1392,1,1,1,1
88,0506_c0003_015.jpg,506,2,-1,True,175,8550,0.6840531305285661,0.1293422025129342,1,1353,1,1,1,1
89,0506_c0003_020.jpg,506,2,-1,True,175,8550,0.6775988724877373,0.12482168330955777,1,1402,1,1,1,1
90,0506_c0004_000.jpg,506,3,-1,True,175,8550,0.6481281329281494,0.09196006305832895,1,1903,1,1,1,1
91,0506_c0004_005.jpg,506,3,-1,True,175,8550,0.6532375983493127,0.09278897136797455,1,1886,1,1,1,1
92,0506_c0004_010.jpg,506,3,-1,True,175,8550,0.6490158750989653,0.09568069983597595,1,1829,1,1,1,1
93,0506_c0004_015.jpg,506,3,-1,True,175,8550,0.6626046918981008,0.09109838625715773,1,1921,1,1,1,1
94,0506_c0004_020.jpg,506,3,-1,True,175,8550,0.6589911810821991,0.09015971148892324,1,1941,1,1,1,1
95,0506_c0005_000.jpg,506,4,-1,True,175,8550,0.046083065065914,0.03332063975628332,358,5252,0,0,0,0
96,0506_c0005_005.jpg,506,4,-1,True,175,8550,0.055676199570516546,0.03600082287595145,234,4861,0,0,0,0
97,0506_c0005_010.jpg,506,4,-1,True,175,8550,0.054864055633926774,0.0357653791130186,194,4893,0,0,0,0
98,0506_c0005_015.jpg,506,4,-1,True,175,8550,0.05948699849151993,0.0366799413120939,188,4771,0,0,0,0
99,0506_c0005_020.jpg,506,4,-1,True,175,8550,0.05831807557134728,0.0348605577689243,196,5020,0,0,0,0
100,0506_c0006_000.jpg,506,5,-1,True,175,8550,0.7468797830250482,0.13318112633181126,1,1314,1,1,1,1
101,0506_c0006_005.jpg,506,5,-1,True,175,8550,0.7466983633339392,0.12839325018341893,1,1363,1,1,1,1
102,0506_c0006_010.jpg,506,5,-1,True,175,8550,0.7482317314457614,0.1247327156094084,1,1403,1,1,1,1
103,0506_c0006_015.jpg,506,5,-1,True,175,8550,0.7475976805754926,0.12886597938144329,1,1358,1,1,1,1
104,0506_c0006_020.jpg,506,5,-1,True,175,8550,0.7509419587367928,0.1312828207051763,1,1333,1,1,1,1
105,0506_c0007_000.jpg,506,6,-1,True,175,8550,0.757725156771923,0.1647834274952919,1,1062,1,1,1,1
106,0506_c0007_005.jpg,506,6,-1,True,175,8550,0.7677030091601351,0.18479408658922913,1,947,1,1,1,1
107,0506_c0007_010.jpg,506,6,-1,True,175,8550,0.794760354843422,0.18248175182481752,1,959,1,1,1,1
108,0506_c0007_015.jpg,506,6,-1,True,175,8550,0.7736816162622314,0.1744765702891326,1,1003,1,1,1,1
109,0506_c0007_020.jpg,506,6,-1,True,175,8550,0.7750908452743657,0.15270506108202445,1,1146,1,1,1,1
110,0506_c0008_000.jpg,506,7,-1,True,175,8550,0.59542954714377,0.09444144630329196,1,1853,1,1,1,1
111,0506_c0008_005.jpg,506,7,-1,True,175,8550,0.5919732723906781,0.08758758758758758,1,1998,1,1,1,1
112,0506_c0008_010.jpg,506,7,-1,True,175,8550,0.6174386157038622,0.09181532004197272,1,1906,1,1,1,1
113,0506_c0008_015.jpg,506,7,-1,True,175,8550,0.6074645164910143,0.0966316951960243,1,1811,1,1,1,1
114,0506_c0008_020.jpg,506,7,-1,True,175,8550,0.5952256030738291,0.0857843137254902,1,2040,1,1,1,1
115,0508_c0001_000.jpg,508,0,-1,True,175,8550,0.7183038286286644,0.3234750462107209,1,541,1,1,1,1
116,0508_c0001_005.jpg,508,0,-1,True,175,8550,0.6919066035222322,0.30701754385964913,1,570,1,1,1,1
117,0508_c0001_010.jpg,508,0,-1,True,175,8550,0.6693079953364848,0.34930139720558884,1,501,1,1,1,1
118,0508_c0001_015.jpg,508,0,-1,True,175,8550,0.5707796157623873,0.2604166666666667,1,672,1,1,1,1
119,0508_c0001_020.jpg,508,0,-1,True,175,8550,0.5155617930702372,0.315884476534296,1,554,1,1,1,1
120,0508_c0002_000.jpg,508,1,-1,True,175,8550,0.6078609548605504,0.587248322147651,9,298,0,0,1,1
121,0508_c0002_005.jpg,508,1,-1,True,175,8550,0.5565922920014656,0.5794701986754967,15,302,0,0,0,1
122,0508_c0002_010.jpg,508,1,-1,True,175,8550,0.6450476546438415,0.6433823529411765,2,272,0,1,1,1
123,0508_c0002_015.jpg,508,1,-1,True,175,8550,0.6721193952852823,0.6205673758865248,2,282,0,1,1,1
124,0508_c0002_020.jpg,508,1,-1,True,175,8550,0.5468576310532794,0.5756578947368421,17,304,0,0,0,1
125,0508_c0003_000.jpg,508,2,-1,True,175,8550,0.6151218152738173,0.2006880733944954,1,872,1,1,1,1
126,0508_c0003_005.jpg,508,2,-1,True,175,8550,0.7317085541454159,0.23209549071618038,1,754,1,1,1,1
127,0508_c0003_010.jpg,508,2,-1,True,175,8550,0.6946240278318712,0.22208121827411167,1,788,1,1,1,1
128,0508_c0003_015.jpg,508,2,-1,True,175,8550,0.654062131314536,0.18617021276595744,1,940,1,1,1,1
129,0508_c0003_020.jpg,508,2,-1,True,175,8550,0.6803288793192235,0.2066115702479339,1,847,1,1,1,1
130,0508_c0004_000.jpg,508,3,-1,True,175,8550,0.7410307232473229,0.2966101694915254,1,590,1,1,1,1
131,0508_c0004_005.jpg,508,3,-1,True,175,8550,0.7525804647143082,0.2536231884057971,1,690,1,1,1,1
132,0508_c0004_010.jpg,508,3,-1,True,175,8550,0.7607478767475893,0.25735294117647056,1,680,1,1,1,1
133,0508_c0004_015.jpg,508,3,-1,True,175,8550,0.5330835890196846,0.22551546391752578,1,776,1,1,1,1
134,0508_c0004_020.jpg,508,3,-1,True,175,8550,0.6121565883516125,0.2339572192513369,1,748,1,1,1,1
135,0508_c0005_000.jpg,508,4,-1,True,175,8550,0.9304549792325767,0.4716981132075472,1,371,1,1,1,1
136,0508_c0005_005.jpg,508,4,-1,True,175,8550,0.9306863172688983,0.46296296296296297,1,378,1,1,1,1
137,0508_c0005_010.jpg,508,4,-1,True,175,8550,0.9377110415230974,0.5223880597014925,1,335,1,1,1,1
138,0508_c0005_015.jpg,508,4,-1,True,175,8550,0.9389292396865077,0.5756578947368421,1,304,1,1,1,1
139,0508_c0005_020.jpg,508,4,-1,True,175,8550,0.942382934485773,0.5255255255255256,1,333,1,1,1,1
140,0508_c0006_000.jpg,508,5,-1,True,175,8550,0.554837376414697,0.4032258064516129,1,434,1,1,1,1
141,0508_c0006_005.jpg,508,5,-1,True,175,8550,0.6068611630459165,0.2996575342465753,1,584,1,1,1,1
142,0508_c0006_010.jpg,508,5,-1,True,175,8550,0.6143098705035825,0.3691983122362869,1,474,1,1,1,1
143,0508_c0006_015.jpg,508,5,-1,True,175,8550,0.598145478074655,0.34930139720558884,1,501,1,1,1,1
144,0508_c0006_020.jpg,508,5,-1,True,175,8550,0.6012653306030777,0.34930139720558884,1,501,1,1,1,1
145,0508_c0007_000.jpg,508,6,-1,True,175,8550,0.5355130177566415,0.1382306477093207,1,1266,1,1,1,1
146,0508_c0007_005.jpg,508,6,-1,True,175,8550,0.48737071160718604,0.12358757062146893,1,1416,1,1,1,1
147,0508_c0007_010.jpg,508,6,-1,True,175,8550,0.552622468509361,0.14944491887275832,1,1171,1,1,1,1
148,0508_c0007_015.jpg,508,6,-1,True,175,8550,0.5214361603688162,0.13471901462663588,1,1299,1,1,1,1
149,0508_c0007_020.jpg,508,6,-1,True,175,8550,0.4930728732752894,0.12755102040816327,1,1372,1,1,1,1
150,0508_c0008_000.jpg,508,7,-1,True,175,8550,0.7724614177464008,0.20734597156398105,1,844,1,1,1,1
151,0508_c0008_005.jpg,508,7,-1,True,175,8550,0.7350202499851517,0.21058965102286403,1,831,1,1,1,1
152,0508_c0008_010.jpg,508,7,-1,True,175,8550,0.6983115974515839,0.19574944071588368,1,894,1,1,1,1
153,0508_c0008_015.jpg,508,7,-1,True,175,8550,0.7217082639837913,0.2023121387283237,1,865,1,1,1,1
154,0508_c0008_020.jpg,508,7,-1,True,175,8550,0.7106178639748968,0.20372526193247964,1,859,1,1,1,1
155,0510_c0001_000.jpg,510,0,-1,True,175,8550,0.5138643882263548,0.027585119798234553,1,6344,1,1,1,1
156,0510_c0001_005.jpg,510,0,-1,True,175,8550,0.5209826680048082,0.02697703098504702,1,6487,1,1,1,1
157,0510_c0001_010.jpg,510,0,-1,True,175,8550,0.4839764820595347,0.025956689409670722,1,6742,1,1,1,1
158,0510_c0001_015.jpg,510,0,-1,True,175,8550,0.4706875140484835,0.02561100541489829,1,6833,1,1,1,1
159,0510_c0001_020.jpg,510,0,-1,True,175,8550,0.4168405373454627,0.024882695862363146,1,7033,1,1,1,1
160,0510_c0002_000.jpg,510,1,-1,True,175,8550,0.015508565818414716,0.020970641102456562,1517,8345,0,0,0,0
161,0510_c0002_005.jpg,510,1,-1,True,175,8550,0.015290386046552185,0.020938023450586266,1599,8358,0,0,0,0
162,0510_c0002_010.jpg,510,1,-1,True,175,8550,0.016801022687468532,0.021464491598184716,926,8153,0,0,0,0
163,0510_c0002_015.jpg,510,1,-1,True,175,8550,0.016813596847721084,0.0216798810703667,1223,8072,0,0,0,0
164,0510_c0002_020.jpg,510,1,-1,True,175,8550,0.016399555734612704,0.02112251056125528,1291,8285,0,0,0,0
165,0510_c0003_000.jpg,510,2,-1,True,175,8550,0.09255370866783198,0.06777691711851278,32,2582,0,0,0,0
166,0510_c0003_005.jpg,510,2,-1,True,175,8550,0.09610590626754166,0.06628787878787878,5,2640,0,1,1,1
167,0510_c0003_010.jpg,510,2,-1,True,175,8550,0.08835436805858513,0.06053268765133172,10,2891,0,0,1,1
168,0510_c0003_015.jpg,510,2,-1,True,175,8550,0.07541319698344416,0.05223880597014925,54,3350,0,0,0,0
169,0510_c0003_020.jpg,510,2,-1,True,175,8550,0.07909689670465107,0.051882597094574566,59,3373,0,0,0,0
170,0510_c0004_000.jpg,510,3,-1,True,175,8550,0.5749418287783303,0.04102203469292077,1,4266,1,1,1,1
171,0510_c0004_005.jpg,510,3,-1,True,175,8550,0.5602415292955877,0.03934352517985611,1,4448,1,1,1,1
172,0510_c0004_010.jpg,510,3,-1,True,175,8550,0.4842746160649556,0.04042504042504042,1,4329,1,1,1,1
173,0510_c0004_015.jpg,510,3,-1,True,175,8550,0.5477302409388032,0.03934352517985611,1,4448,1,1,1,1
174,0510_c0004_020.jpg,510,3,-1,True,175,8550,0.5342473759808897,0.03874252822669914,1,4517,1,1,1,1
175,0510_c0005_000.jpg,510,4,-1,True,175,8550,0.7150392325505569,0.07064997981429148,1,2477,1,1,1,1
176,0510_c0005_005.jpg,510,4,-1,True,175,8550,0.6531980763640566,0.05758473181967753,1,3039,1,1,1,1
177,0510_c0005_010.jpg,510,4,-1,True,175,8550,0.6884410626860292,0.05422993492407809,1,3227,1,1,1,1
178,0510_c0005_015.jpg,510,4,-1,True,175,8550,0.6564502135852931,0.05417956656346749,1,3230,1,1,1,1
179,0510_c0005_020.jpg,510,4,-1,True,175,8550,0.6397534136013728,0.05075406032482599,1,3448,1,1,1,1
180,0510_c0006_000.jpg,510,5,-1,True,175,8550,0.17036123439090886,0.05928184281842819,27,2952,0,0,0,0
181,0510_c0006_005.jpg,510,5,-1,True,175,8550,0.1099417291110751,0.06078499478985759,61,2879,0,0,0,0
182,0510_c0006_010.jpg,510,5,-1,True,175,8550,0.16823527884600767,0.05722694571615435,9,3058,0,0,1,1
183,0510_c0006_015.jpg,510,5,-1,True,175,8550,0.16756758302080058,0.06623769871309614,29,2642,0,0,0,0
184,0510_c0006_020.jpg,510,5,-1,True,175,8550,0.18050514519248456,0.06201275690999291,18,2822,0,0,0,1
185,0510_c0007_000.jpg,510,6,-1,True,175,8550,0.10137136422567027,0.10355029585798817,190,1690,0,0,0,0
186,0510_c0007_005.jpg,510,6,-1,True,175,8550,0.10614805619575982,0.09100364014560583,157,1923,0,0,0,0
187,0510_c0007_010.jpg,510,6,-1,True,175,8550,0.12202885231957304,0.07,134,2500,0,0,0,0
188,0510_c0007_015.jpg,510,6,-1,True,175,8550,0.12509027602841577,0.07719453021614468,126,2267,0,0,0,0
189,0510_c0007_020.jpg,510,6,-1,True,175,8550,0.13134055076106402,0.07922136713444998,110,2209,0,0,0,0
190,0510_c0008_000.jpg,510,7,-1,True,175,8550,0.5432474125626316,0.0294811320754717,1,5936,1,1,1,1
191,0510_c0008_005.jpg,510,7,-1,True,175,8550,0.5536665838861825,0.03054634316634666,1,5729,1,1,1,1
192,0510_c0008_010.jpg,510,7,-1,True,175,8550,0.5441956028497384,0.029254429956536276,1,5982,1,1,1,1
193,0510_c0008_015.jpg,510,7,-1,True,175,8550,0.5656542577303675,0.03136200716845878,1,5580,1,1,1,1
194,0510_c0008_020.jpg,510,7,-1,True,175,8550,0.5667257433703894,0.0307611179469151,1,5689,1,1,1,1
195,0512_c0001_000.jpg,512,0,-1,True,75,8550,0.9851045665498933,0.8426966292134831,1,89,1,1,1,1
196,0512_c0001_005.jpg,512,0,-1,True,75,8550,1.0,1.0,1,75,1,1,1,1
197,0512_c0001_010.jpg,512,0,-1,True,75,8550,1.0,1.0,1,75,1,1,1,1
198,0512_c0001_015.jpg,512,0,-1,True,75,8550,1.0,1.0,1,75,1,1,1,1
199,0512_c0001_020.jpg,512,0,-1,True,75,8550,1.0,1.0,1,75,1,1,1,1
200,0512_c0003_000.jpg,512,2,-1,True,75,8550,1.0,1.0,1,75,1,1,1,1
201,0512_c0003_005.jpg,512,2,-1,True,75,8550,1.0,1.0,1,75,1,1,1,1
202,0512_c0003_010.jpg,512,2,-1,True,75,8550,1.0,1.0,1,75,1,1,1,1
203,0512_c0003_015.jpg,512,2,-1,True,75,8550,1.0,1.0,1,75,1,1,1,1
204,0512_c0003_020.jpg,512,2,-1,True,75,8550,1.0,1.0,1,75,1,1,1,1
205,0512_c0005_000.jpg,512,4,-1,True,75,8550,0.9980998735577682,0.9375,1,80,1,1,1,1
206,0512_c0005_005.jpg,512,4,-1,True,75,8550,1.0,1.0,1,75,1,1,1,1
207,0512_c0005_010.jpg,512,4,-1,True,75,8550,1.0,1.0,1,75,1,1,1,1
208,0512_c0005_015.jpg,512,4,-1,True,75,8550,1.0,1.0,1,75,1,1,1,1
209,0512_c0005_020.jpg,512,4,-1,True,75,8550,1.0,1.0,1,75,1,1,1,1
210,0512_c0006_000.jpg,512,5,-1,True,75,8550,0.6243672769336067,0.40540540540540543,1,185,1,1,1,1
211,0512_c0006_005.jpg,512,5,-1,True,75,8550,0.6732575529259641,0.43859649122807015,1,171,1,1,1,1
212,0512_c0006_010.jpg,512,5,-1,True,75,8550,0.8026714634440478,0.5,1,150,1,1,1,1
213,0512_c0006_015.jpg,512,5,-1,True,75,8550,0.8053649827507208,0.5033557046979866,1,149,1,1,1,1
214,0512_c0006_020.jpg,512,5,-1,True,75,8550,0.7994615453837535,0.5,1,150,1,1,1,1
215,0514_c0001_000.jpg,514,0,-1,True,175,8550,0.414029284422005,0.3176043557168784,51,551,0,0,0,0
216,0514_c0001_005.jpg,514,0,-1,True,175,8550,0.44387382746654974,0.3391472868217054,47,516,0,0,0,0
217,0514_c0001_010.jpg,514,0,-1,True,175,8550,0.4951456600225675,0.4533678756476684,22,386,0,0,0,0
218,0514_c0001_015.jpg,514,0,-1,True,175,8550,0.4517530269337395,0.3645833333333333,39,480,0,0,0,0
219,0514_c0001_020.jpg,514,0,-1,True,175,8550,0.42562202477100736,0.33980582524271846,51,515,0,0,0,0
220,0514_c0002_000.jpg,514,1,-1,True,175,8550,0.6159113780692779,0.15432098765432098,1,1134,1,1,1,1
221,0514_c0002_005.jpg,514,1,-1,True,175,8550,0.6511443565726032,0.30120481927710846,1,581,1,1,1,1
222,0514_c0002_010.jpg,514,1,-1,True,175,8550,0.70735150727043,0.2627627627627628,1,666,1,1,1,1
223,0514_c0002_015.jpg,514,1,-1,True,175,8550,0.6863883143908093,0.3017241379310345,1,580,1,1,1,1
224,0514_c0002_020.jpg,514,1,-1,True,175,8550,0.7471878425657482,0.24787535410764872,1,706,1,1,1,1
225,0514_c0003_000.jpg,514,2,-1,True,175,8550,0.9194892913926904,0.5434782608695652,1,322,1,1,1,1
226,0514_c0003_005.jpg,514,2,-1,True,175,8550,0.8683969813941421,0.5351681957186545,1,327,1,1,1,1
227,0514_c0003_010.jpg,514,2,-1,True,175,8550,0.8588553604784116,0.4807692307692308,1,364,1,1,1,1
228,0514_c0003_015.jpg,514,2,-1,True,175,8550,0.8649999380433308,0.4985754985754986,1,351,1,1,1,1
229,0514_c0003_020.jpg,514,2,-1,True,175,8550,0.9075888896196896,0.5813953488372093,1,301,1,1,1,1
230,0514_c0004_000.jpg,514,3,-1,True,175,8550,0.9256918633705113,0.6628787878787878,1,264,1,1,1,1
231,0514_c0004_005.jpg,514,3,-1,True,175,8550,0.9195129651889663,0.6529850746268657,1,268,1,1,1,1
232,0514_c0004_010.jpg,514,3,-1,True,175,8550,0.8731664880321015,0.5043227665706052,1,347,1,1,1,1
233,0514_c0004_015.jpg,514,3,-1,True,175,8550,0.8337968438479836,0.5319148936170213,1,329,1,1,1,1
234,0514_c0004_020.jpg,514,3,-1,True,175,8550,0.8964717109720849,0.5627009646302251,1,311,1,1,1,1
235,0514_c0005_000.jpg,514,4,-1,True,175,8550,0.9440685855353677,0.6227758007117438,1,281,1,1,1,1
236,0514_c0005_005.jpg,514,4,-1,True,175,8550,0.9208556817852682,0.5833333333333334,1,300,1,1,1,1
237,0514_c0005_010.jpg,514,4,-1,True,175,8550,0.8902612855827666,0.41866028708133973,1,418,1,1,1,1
238,0514_c0005_015.jpg,514,4,-1,True,175,8550,0.9029534519009137,0.4375,1,400,1,1,1,1
239,0514_c0005_020.jpg,514,4,-1,True,175,8550,0.9227181741479298,0.541795665634675,1,323,1,1,1,1
240,0514_c0006_000.jpg,514,5,-1,True,175,8550,0.7909099978072892,0.3113879003558719,1,562,1,1,1,1
241,0514_c0006_005.jpg,514,5,-1,True,175,8550,0.7645227284181937,0.2147239263803681,1,815,1,1,1,1
242,0514_c0006_010.jpg,514,5,-1,True,175,8550,0.8071998868621689,0.2684049079754601,1,652,1,1,1,1
243,0514_c0006_015.jpg,514,5,-1,True,175,8550,0.7660743988712686,0.21033653846153846,1,832,1,1,1,1
244,0514_c0006_020.jpg,514,5,-1,True,175,8550,0.7041321647724093,0.16355140186915887,1,1070,1,1,1,1
245,0514_c0007_000.jpg,514,6,-1,True,175,8550,0.7551651942624888,0.35714285714285715,1,490,1,1,1,1
246,0514_c0007_005.jpg,514,6,-1,True,175,8550,0.7382181695775119,0.28688524590163933,1,610,1,1,1,1
247,0514_c0007_010.jpg,514,6,-1,True,175,8550,0.7360939589423942,0.2751572327044025,1,636,1,1,1,1
248,0514_c0007_015.jpg,514,6,-1,True,175,8550,0.7137073656520833,0.26881720430107525,1,651,1,1,1,1
249,0514_c0007_020.jpg,514,6,-1,True,175,8550,0.7703358774642268,0.2581120943952802,1,678,1,1,1,1
250,0514_c0008_000.jpg,514,7,-1,True,175,8550,0.7927828597186306,0.17326732673267325,1,1010,1,1,1,1
251,0514_c0008_005.jpg,514,7,-1,True,175,8550,0.7950037825174113,0.17766497461928935,1,985,1,1,1,1
252,0514_c0008_010.jpg,514,7,-1,True,175,8550,0.6740796197852746,0.1719056974459725,1,1018,1,1,1,1
253,0514_c0008_015.jpg,514,7,-1,True,175,8550,0.6975015875844421,0.16826923076923078,1,1040,1,1,1,1
254,0514_c0008_020.jpg,514,7,-1,True,175,8550,0.7086338604092094,0.14297385620915032,1,1224,1,1,1,1
255,0516_c0001_000.jpg,516,0,-1,True,75,8550,0.9975279325869822,0.9615384615384616,1,78,1,1,1,1
256,0516_c0001_005.jpg,516,0,-1,True,75,8550,0.9713699384030523,0.7653061224489796,1,98,1,1,1,1
257,0516_c0001_010.jpg,516,0,-1,True,75,8550,0.9954339046237932,0.9493670886075949,1,79,1,1,1,1
258,0516_c0001_015.jpg,516,0,-1,True,75,8550,0.9960292094464936,0.9493670886075949,1,79,1,1,1,1
259,0516_c0001_020.jpg,516,0,-1,True,75,8550,0.9731933328924289,0.7894736842105263,1,95,1,1,1,1
260,0516_c0003_000.jpg,516,2,-1,True,75,8550,1.0,1.0,1,75,1,1,1,1
261,0516_c0003_005.jpg,516,2,-1,True,75,8550,1.0,1.0,1,75,1,1,1,1
262,0516_c0003_010.jpg,516,2,-1,True,75,8550,0.9989109764313091,0.9868421052631579,1,76,1,1,1,1
263,0516_c0003_015.jpg,516,2,-1,True,75,8550,0.9817241470869845,0.8522727272727273,1,88,1,1,1,1
264,0516_c0003_020.jpg,516,2,-1,True,75,8550,0.9974351116204171,0.974025974025974,1,77,1,1,1,1
265,0516_c0005_000.jpg,516,4,-1,True,75,8550,1.0,1.0,1,75,1,1,1,1
266,0516_c0005_005.jpg,516,4,-1,True,75,8550,1.0,1.0,1,75,1,1,1,1
267,0516_c0005_010.jpg,516,4,-1,True,75,8550,1.0,1.0,1,75,1,1,1,1
268,0516_c0005_015.jpg,516,4,-1,True,75,8550,1.0,1.0,1,75,1,1,1,1
269,0516_c0005_020.jpg,516,4,-1,True,75,8550,1.0,1.0,1,75,1,1,1,1
270,0516_c0006_000.jpg,516,5,-1,True,75,8550,1.0,1.0,1,75,1,1,1,1
271,0516_c0006_005.jpg,516,5,-1,True,75,8550,0.9968704028567889,0.974025974025974,1,77,1,1,1,1
272,0516_c0006_010.jpg,516,5,-1,True,75,8550,1.0,1.0,1,75,1,1,1,1
273,0516_c0006_015.jpg,516,5,-1,True,75,8550,1.0,1.0,1,75,1,1,1,1
274,0516_c0006_020.jpg,516,5,-1,True,75,8550,0.9996536796536797,0.974025974025974,1,77,1,1,1,1
275,0518_c0001_000.jpg,518,0,-1,True,100,8550,0.6598557177158139,0.3968253968253968,1,252,1,1,1,1
276,0518_c0001_005.jpg,518,0,-1,True,100,8550,0.7110199589996842,0.46296296296296297,1,216,1,1,1,1
277,0518_c0001_010.jpg,518,0,-1,True,100,8550,0.6974260178524964,0.43478260869565216,1,230,1,1,1,1
278,0518_c0001_015.jpg,518,0,-1,True,100,8550,0.8124482008984099,0.5347593582887701,1,187,1,1,1,1
279,0518_c0001_020.jpg,518,0,-1,True,100,8550,0.7819040069203725,0.5154639175257731,1,194,1,1,1,1
280,0518_c0002_000.jpg,518,1,-1,True,100,8550,0.8236603826676671,0.5714285714285714,1,175,1,1,1,1
281,0518_c0002_005.jpg,518,1,-1,True,100,8550,0.856922475365456,0.6134969325153374,1,163,1,1,1,1
282,0518_c0002_010.jpg,518,1,-1,True,100,8550,0.8722758505029273,0.7575757575757576,1,132,1,1,1,1
283,0518_c0002_015.jpg,518,1,-1,True,100,8550,0.8404430696089328,0.49019607843137253,1,204,1,1,1,1
284,0518_c0002_020.jpg,518,1,-1,True,100,8550,0.8697793676006726,0.746268656716418,1,134,1,1,1,1
285,0518_c0003_000.jpg,518,2,-1,True,100,8550,0.9694423072685209,0.5780346820809249,1,173,1,1,1,1
286,0518_c0003_005.jpg,518,2,-1,True,100,8550,0.9715802112107973,0.5813953488372093,1,172,1,1,1,1
287,0518_c0003_010.jpg,518,2,-1,True,100,8550,0.9780894681225454,0.6410256410256411,1,156,1,1,1,1
288,0518_c0003_015.jpg,518,2,-1,True,100,8550,0.9807113777546016,0.6172839506172839,1,162,1,1,1,1
289,0518_c0003_020.jpg,518,2,-1,True,100,8550,0.9781168905274563,0.6451612903225806,1,155,1,1,1,1
290,0518_c0005_000.jpg,518,4,-1,True,100,8550,0.8715557637083567,0.78125,1,128,1,1,1,1
291,0518_c0005_005.jpg,518,4,-1,True,100,8550,0.8703997583043409,0.7633587786259542,1,131,1,1,1,1
292,0518_c0005_010.jpg,518,4,-1,True,100,8550,0.8662259168950858,0.6944444444444444,1,144,1,1,1,1
293,0518_c0005_015.jpg,518,4,-1,True,100,8550,0.8640308892305498,0.6711409395973155,1,149,1,1,1,1
294,0518_c0005_020.jpg,518,4,-1,True,100,8550,0.8726391405137056,0.7874015748031497,1,127,1,1,1,1
295,0518_c0006_000.jpg,518,5,-1,True,100,8550,0.947790334393992,0.5263157894736842,1,190,1,1,1,1
296,0518_c0006_005.jpg,518,5,-1,True,100,8550,0.9555617027781246,0.684931506849315,1,146,1,1,1,1
297,0518_c0006_010.jpg,518,5,-1,True,100,8550,0.9337966614704486,0.6097560975609756,1,164,1,1,1,1
298,0518_c0006_015.jpg,518,5,-1,True,100,8550,0.9632158595468436,0.7633587786259542,1,131,1,1,1,1
299,0518_c0006_020.jpg,518,5,-1,True,100,8550,0.9459745976303822,0.7751937984496124,1,129,1,1,1,1
300,0520_c0001_000.jpg,520,0,-1,True,150,8550,0.8910726745790032,0.4155124653739612,1,361,1,1,1,1
301,0520_c0001_005.jpg,520,0,-1,True,150,8550,0.9682202221549748,0.6097560975609756,1,246,1,1,1,1
302,0520_c0001_010.jpg,520,0,-1,True,150,8550,0.9255173778928921,0.45180722891566266,1,332,1,1,1,1
303,0520_c0001_015.jpg,520,0,-1,True,150,8550,0.9216972517520101,0.42492917847025496,1,353,1,1,1,1
304,0520_c0001_020.jpg,520,0,-1,True,150,8550,0.9103930473082117,0.4411764705882353,1,340,1,1,1,1
305,0520_c0002_000.jpg,520,1,-1,True,150,8550,0.8530527098662376,0.20833333333333334,1,720,1,1,1,1
306,0520_c0002_005.jpg,520,1,-1,True,150,8550,0.8466117609676328,0.2086230876216968,1,719,1,1,1,1
307,0520_c0002_010.jpg,520,1,-1,True,150,8550,0.8615761699469769,0.23659305993690852,1,634,1,1,1,1
308,0520_c0002_015.jpg,520,1,-1,True,150,8550,0.8692710845880436,0.23734177215189872,1,632,1,1,1,1
309,0520_c0002_020.jpg,520,1,-1,True,150,8550,0.8529536995959974,0.20352781546811397,1,737,1,1,1,1
310,0520_c0004_000.jpg,520,3,-1,True,150,8550,1.0,1.0,1,150,1,1,1,1
311,0520_c0004_005.jpg,520,3,-1,True,150,8550,1.0,1.0,1,150,1,1,1,1
312,0520_c0004_010.jpg,520,3,-1,True,150,8550,1.0,1.0,1,150,1,1,1,1
313,0520_c0004_015.jpg,520,3,-1,True,150,8550,1.0,1.0,1,150,1,1,1,1
314,0520_c0004_020.jpg,520,3,-1,True,150,8550,1.0,1.0,1,150,1,1,1,1
315,0520_c0005_000.jpg,520,4,-1,True,150,8550,0.9990561454723471,0.9933774834437086,1,151,1,1,1,1
316,0520_c0005_005.jpg,520,4,-1,True,150,8550,1.0,1.0,1,150,1,1,1,1
317,0520_c0005_010.jpg,520,4,-1,True,150,8550,1.0,1.0,1,150,1,1,1,1
318,0520_c0005_015.jpg,520,4,-1,True,150,8550,1.0,1.0,1,150,1,1,1,1
319,0520_c0005_020.jpg,520,4,-1,True,150,8550,0.9986307147591424,0.9615384615384616,1,156,1,1,1,1
320,0520_c0006_000.jpg,520,5,-1,True,150,8550,0.9175590189355739,0.539568345323741,1,278,1,1,1,1
321,0520_c0006_005.jpg,520,5,-1,True,150,8550,0.8895869829980608,0.46439628482972134,1,323,1,1,1,1
322,0520_c0006_010.jpg,520,5,-1,True,150,8550,0.886493306432222,0.45454545454545453,1,330,1,1,1,1
323,0520_c0006_015.jpg,520,5,-1,True,150,8550,0.8786701765693284,0.4155124653739612,1,361,1,1,1,1
324,0520_c0006_020.jpg,520,5,-1,True,150,8550,0.909421667590377,0.5154639175257731,1,291,1,1,1,1
325,0520_c0007_000.jpg,520,6,-1,True,150,8550,0.9229443450252649,0.5357142857142857,1,280,1,1,1,1
326,0520_c0007_005.jpg,520,6,-1,True,150,8550,0.9340946867454448,0.5617977528089888,1,267,1,1,1,1
327,0520_c0007_010.jpg,520,6,-1,True,150,8550,0.9878222780538167,0.6072874493927125,1,247,1,1,1,1
328,0520_c0007_015.jpg,520,6,-1,True,150,8550,0.9887612857541946,0.6072874493927125,1,247,1,1,1,1
329,0520_c0007_020.jpg,520,6,-1,True,150,8550,0.9900813291333206,0.6024096385542169,1,249,1,1,1,1
330,0520_c0008_000.jpg,520,7,-1,True,150,8550,1.0,1.0,1,150,1,1,1,1
331,0520_c0008_005.jpg,520,7,-1,True,150,8550,1.0,1.0,1,150,1,1,1,1
332,0520_c0008_010.jpg,520,7,-1,True,150,8550,1.0,1.0,1,150,1,1,1,1
333,0520_c0008_015.jpg,520,7,-1,True,150,8550,1.0,1.0,1,150,1,1,1,1
334,0520_c0008_020.jpg,520,7,-1,True,150,8550,1.0,1.0,1,150,1,1,1,1
335,0522_c0001_000.jpg,522,0,-1,True,150,8550,0.6215569029280873,0.17006802721088435,1,882,1,1,1,1
336,0522_c0001_005.jpg,522,0,-1,True,150,8550,0.573116265008896,0.09041591320072333,1,1659,1,1,1,1
337,0522_c0001_010.jpg,522,0,-1,True,150,8550,0.5917409400421865,0.12305168170631665,1,1219,1,1,1,1
338,0522_c0001_015.jpg,522,0,-1,True,150,8550,0.7082985193608332,0.25510204081632654,1,588,1,1,1,1
339,0522_c0001_020.jpg,522,0,-1,True,150,8550,0.580951944857165,0.09603072983354674,1,1562,1,1,1,1
340,0522_c0002_000.jpg,522,1,-1,True,150,8550,0.3099104555151537,0.08431703204047218,1,1779,1,1,1,1
341,0522_c0002_005.jpg,522,1,-1,True,150,8550,0.1713522004210999,0.07317073170731707,37,2050,0,0,0,0
342,0522_c0002_010.jpg,522,1,-1,True,150,8550,0.2290572919844712,0.08422234699606962,1,1781,1,1,1,1
343,0522_c0002_015.jpg,522,1,-1,True,150,8550,0.31119693681616717,0.10623229461756374,1,1412,1,1,1,1
344,0522_c0002_020.jpg,522,1,-1,True,150,8550,0.3353006876494382,0.12028869286287089,1,1247,1,1,1,1
345,0522_c0004_000.jpg,522,3,-1,True,150,8550,0.8412069294486567,0.3105590062111801,1,483,1,1,1,1
346,0522_c0004_005.jpg,522,3,-1,True,150,8550,0.7833867518388057,0.16059957173447537,1,934,1,1,1,1
347,0522_c0004_010.jpg,522,3,-1,True,150,8550,0.8117617510790767,0.23696682464454977,1,633,1,1,1,1
348,0522_c0004_015.jpg,522,3,-1,True,150,8550,0.8283139644643636,0.22935779816513763,1,654,1,1,1,1
349,0522_c0004_020.jpg,522,3,-1,True,150,8550,0.8283642468597275,0.25862068965517243,1,580,1,1,1,1
350,0522_c0005_000.jpg,522,4,-1,True,150,8550,0.9059574481503857,0.30425963488843816,1,493,1,1,1,1
351,0522_c0005_005.jpg,522,4,-1,True,150,8550,0.8905295647839793,0.24671052631578946,1,608,1,1,1,1
352,0522_c0005_010.jpg,522,4,-1,True,150,8550,0.8765984517030614,0.22488755622188905,1,667,1,1,1,1
353,0522_c0005_015.jpg,522,4,-1,True,150,8550,0.8897836143095517,0.24549918166939444,1,611,1,1,1,1
354,0522_c0005_020.jpg,522,4,-1,True,150,8550,0.8852602050979844,0.22026431718061673,1,681,1,1,1,1
355,0522_c0006_000.jpg,522,5,-1,True,150,8550,0.7588967854872142,0.24154589371980675,1,621,1,1,1,1
356,0522_c0006_005.jpg,522,5,-1,True,150,8550,0.7096640725631633,0.20026702269692923,1,749,1,1,1,1
357,0522_c0006_010.jpg,522,5,-1,True,150,8550,0.6107016790519656,0.16216216216216217,1,925,1,1,1,1
358,0522_c0006_015.jpg,522,5,-1,True,150,8550,0.37725255528421636,0.1466275659824047,21,1023,0,0,0,0
359,0522_c0006_020.jpg,522,5,-1,True,150,8550,0.5049968513477375,0.14058106841611998,1,1067,1,1,1,1
360,0522_c0007_000.jpg,522,6,-1,True,150,8550,0.9999558498896247,0.9933774834437086,1,151,1,1,1,1
361,0522_c0007_005.jpg,522,6,-1,True,150,8550,1.0,1.0,1,150,1,1,1,1
362,0522_c0007_010.jpg,522,6,-1,True,150,8550,1.0,1.0,1,150,1,1,1,1
363,0522_c0007_015.jpg,522,6,-1,True,150,8550,1.0,1.0,1,150,1,1,1,1
364,0522_c0007_020.jpg,522,6,-1,True,150,8550,1.0,1.0,1,150,1,1,1,1
365,0522_c0008_000.jpg,522,7,-1,True,150,8550,0.7002928774178648,0.10474860335195531,1,1432,1,1,1,1
366,0522_c0008_005.jpg,522,7,-1,True,150,8550,0.6972500377300883,0.1091703056768559,1,1374,1,1,1,1
367,0522_c0008_010.jpg,522,7,-1,True,150,8550,0.6907295886953981,0.10822510822510822,1,1386,1,1,1,1
368,0522_c0008_015.jpg,522,7,-1,True,150,8550,0.6947601958236156,0.11556240369799692,1,1298,1,1,1,1
369,0522_c0008_020.jpg,522,7,-1,True,150,8550,0.6995431563701106,0.10744985673352435,1,1396,1,1,1,1
370,0524_c0001_000.jpg,524,0,-1,True,175,8550,0.37699667243368207,0.19662921348314608,1,890,1,1,1,1
371,0524_c0001_005.jpg,524,0,-1,True,175,8550,0.3779540725450462,0.18676627534685167,1,937,1,1,1,1
372,0524_c0001_010.jpg,524,0,-1,True,175,8550,0.3509182350759747,0.1773049645390071,1,987,1,1,1,1
373,0524_c0001_015.jpg,524,0,-1,True,175,8550,0.3669708055254465,0.1997716894977169,1,876,1,1,1,1
374,0524_c0001_020.jpg,524,0,-1,True,175,8550,0.36290977737256,0.19640852974186307,1,891,1,1,1,1
375,0524_c0002_000.jpg,524,1,-1,True,175,8550,0.49938491827370585,0.15486725663716813,1,1130,1,1,1,1
376,0524_c0002_005.jpg,524,1,-1,True,175,8550,0.4835148951531097,0.15569395017793594,1,1124,1,1,1,1
377,0524_c0002_010.jpg,524,1,-1,True,175,8550,0.4827099565997044,0.1727541954590326,1,1013,1,1,1,1
378,0524_c0002_015.jpg,524,1,-1,True,175,8550,0.5001107253297515,0.1809720785935884,1,967,1,1,1,1
379,0524_c0002_020.jpg,524,1,-1,True,175,8550,0.5087593544421949,0.1849894291754757,1,946,1,1,1,1
380,0524_c0003_000.jpg,524,2,-1,True,175,8550,0.7234959562008866,0.2696456086286595,1,649,1,1,1,1
381,0524_c0003_005.jpg,524,2,-1,True,175,8550,0.6508843368945654,0.16203703703703703,1,1080,1,1,1,1
382,0524_c0003_010.jpg,524,2,-1,True,175,8550,0.6788148013217585,0.205158264947245,1,853,1,1,1,1
383,0524_c0003_015.jpg,524,2,-1,True,175,8550,0.6841879014272425,0.20184544405997693,1,867,1,1,1,1
384,0524_c0003_020.jpg,524,2,-1,True,175,8550,0.6558674207681863,0.20491803278688525,1,854,1,1,1,1
385,0524_c0004_000.jpg,524,3,-1,True,175,8550,0.23056696551027844,0.1076923076923077,26,1625,0,0,0,0
386,0524_c0004_005.jpg,524,3,-1,True,175,8550,0.19314038216261264,0.0908147379346134,82,1927,0,0,0,0
387,0524_c0004_010.jpg,524,3,-1,True,175,8550,0.2156928372002322,0.0992063492063492,71,1764,0,0,0,0
388,0524_c0004_015.jpg,524,3,-1,True,175,8550,0.2079152871981157,0.09610104338275673,65,1821,0,0,0,0
389,0524_c0004_020.jpg,524,3,-1,True,175,8550,0.22046805077543613,0.09706045479755962,62,1803,0,0,0,0
390,0524_c0005_000.jpg,524,4,-1,True,175,8550,0.6269694920698314,0.42892156862745096,1,408,1,1,1,1
391,0524_c0005_005.jpg,524,4,-1,True,175,8550,0.5866681985862575,0.39149888143176736,1,447,1,1,1,1
392,0524_c0005_010.jpg,524,4,-1,True,175,8550,0.5722215750068225,0.3668763102725367,1,477,1,1,1,1
393,0524_c0005_015.jpg,524,4,-1,True,175,8550,0.6161998408247369,0.28594771241830064,1,612,1,1,1,1
394,0524_c0005_020.jpg,524,4,-1,True,175,8550,0.6156422977834591,0.4768392370572207,1,367,1,1,1,1
395,0524_c0006_000.jpg,524,5,-1,True,175,8550,0.5228625860649772,0.2966101694915254,1,590,1,1,1,1
396,0524_c0006_005.jpg,524,5,-1,True,175,8550,0.5230006158744553,0.32710280373831774,1,535,1,1,1,1
397,0524_c0006_010.jpg,524,5,-1,True,175,8550,0.5202664090482427,0.2946127946127946,1,594,1,1,1,1
398,0524_c0006_015.jpg,524,5,-1,True,175,8550,0.5243915520155163,0.32228360957642727,1,543,1,1,1,1
399,0524_c0006_020.jpg,524,5,-1,True,175,8550,0.5458038587146242,0.37393162393162394,1,468,1,1,1,1
400,0524_c0007_000.jpg,524,6,-1,True,175,8550,0.5648827915309235,0.1098556183301946,1,1593,1,1,1,1
401,0524_c0007_005.jpg,524,6,-1,True,175,8550,0.567556026968351,0.11953551912568305,1,1464,1,1,1,1
402,0524_c0007_010.jpg,524,6,-1,True,175,8550,0.601645876521727,0.16462841015992474,1,1063,1,1,1,1
403,0524_c0007_015.jpg,524,6,-1,True,175,8550,0.5815359173892858,0.1589464123524069,1,1101,1,1,1,1
404,0524_c0007_020.jpg,524,6,-1,True,175,8550,0.5911633356778784,0.1609935602575897,1,1087,1,1,1,1
405,0524_c0008_000.jpg,524,7,-1,True,175,8550,0.56712811659034,0.23744911804613297,1,737,1,1,1,1
406,0524_c0008_005.jpg,524,7,-1,True,175,8550,0.5493373995171634,0.24204702627939143,1,723,1,1,1,1
407,0524_c0008_010.jpg,524,7,-1,True,175,8550,0.49328057005273795,0.22935779816513763,1,763,1,1,1,1
408,0524_c0008_015.jpg,524,7,-1,True,175,8550,0.5118313873205592,0.22697795071335927,1,771,1,1,1,1
409,0524_c0008_020.jpg,524,7,-1,True,175,8550,0.5362743440703702,0.24787535410764872,1,706,1,1,1,1
410,0526_c0001_000.jpg,526,0,-1,True,50,8550,0.6318798460683003,0.24271844660194175,1,206,1,1,1,1
411,0526_c0001_005.jpg,526,0,-1,True,50,8550,0.6565190525166986,0.29069767441860467,1,172,1,1,1,1
412,0526_c0001_010.jpg,526,0,-1,True,50,8550,0.6414052520103488,0.26455026455026454,1,189,1,1,1,1
413,0526_c0001_015.jpg,526,0,-1,True,50,8550,0.6467717761679205,0.2702702702702703,1,185,1,1,1,1
414,0526_c0001_020.jpg,526,0,-1,True,50,8550,0.6688761912584968,0.28735632183908044,1,174,1,1,1,1
415,0526_c0003_000.jpg,526,2,-1,True,50,8550,0.998383013205282,0.9803921568627451,1,51,1,1,1,1
416,0526_c0003_005.jpg,526,2,-1,True,50,8550,1.0,1.0,1,50,1,1,1,1
417,0526_c0003_010.jpg,526,2,-1,True,50,8550,0.9874070487237613,0.9433962264150944,1,53,1,1,1,1
418,0526_c0003_015.jpg,526,2,-1,True,50,8550,1.0,1.0,1,50,1,1,1,1
419,0526_c0003_020.jpg,526,2,-1,True,50,8550,1.0,1.0,1,50,1,1,1,1
420,0526_c0005_000.jpg,526,4,-1,True,50,8550,1.0,1.0,1,50,1,1,1,1
421,0526_c0005_005.jpg,526,4,-1,True,50,8550,1.0,1.0,1,50,1,1,1,1
422,0526_c0005_010.jpg,526,4,-1,True,50,8550,1.0,1.0,1,50,1,1,1,1
423,0526_c0005_015.jpg,526,4,-1,True,50,8550,1.0,1.0,1,50,1,1,1,1
424,0526_c0005_020.jpg,526,4,-1,True,50,8550,1.0,1.0,1,50,1,1,1,1
425,0528_c0001_000.jpg,528,0,-1,True,150,8550,0.6183403049448801,0.4225352112676056,1,355,1,1,1,1
426,0528_c0001_005.jpg,528,0,-1,True,150,8550,0.5056538599990635,0.1965923984272608,1,763,1,1,1,1
427,0528_c0001_010.jpg,528,0,-1,True,150,8550,0.4653483477108218,0.24509803921568626,1,612,1,1,1,1
428,0528_c0001_015.jpg,528,0,-1,True,150,8550,0.44333289404197357,0.17543859649122806,1,855,1,1,1,1
429,0528_c0001_020.jpg,528,0,-1,True,150,8550,0.3573125608944636,0.21306818181818182,1,704,1,1,1,1
430,0528_c0002_000.jpg,528,1,-1,True,150,8550,0.6696849878144139,0.297029702970297,1,505,1,1,1,1
431,0528_c0002_005.jpg,528,1,-1,True,150,8550,0.6925371796800754,0.2976190476190476,1,504,1,1,1,1
432,0528_c0002_010.jpg,528,1,-1,True,150,8550,0.6952758245744418,0.29296875,1,512,1,1,1,1
433,0528_c0002_015.jpg,528,1,-1,True,150,8550,0.6745439864659589,0.2901353965183752,1,517,1,1,1,1
434,0528_c0002_020.jpg,528,1,-1,True,150,8550,0.6770258923171237,0.28680688336520077,1,523,1,1,1,1
435,0528_c0003_000.jpg,528,2,-1,True,150,8550,0.8516251290272413,0.38461538461538464,1,390,1,1,1,1
436,0528_c0003_005.jpg,528,2,-1,True,150,8550,0.8531453622312658,0.39893617021276595,1,376,1,1,1,1
437,0528_c0003_010.jpg,528,2,-1,True,150,8550,0.8375434974366948,0.391644908616188,1,383,1,1,1,1
438,0528_c0003_015.jpg,528,2,-1,True,150,8550,0.7836063541726984,0.3978779840848806,1,377,1,1,1,1
439,0528_c0003_020.jpg,528,2,-1,True,150,8550,0.8122388550477369,0.38461538461538464,1,390,1,1,1,1
440,0528_c0004_000.jpg,528,3,-1,True,150,8550,0.9082580055169936,0.7389162561576355,1,203,1,1,1,1
441,0528_c0004_005.jpg,528,3,-1,True,150,8550,0.9184301040731161,0.7575757575757576,1,198,1,1,1,1
442,0528_c0004_010.jpg,528,3,-1,True,150,8550,0.9117175687514761,0.6818181818181818,1,220,1,1,1,1
443,0528_c0004_015.jpg,528,3,-1,True,150,8550,0.8968025400340491,0.635593220338983,1,236,1,1,1,1
444,0528_c0004_020.jpg,528,3,-1,True,150,8550,0.8971028421581476,0.6550218340611353,1,229,1,1,1,1
445,0528_c0005_000.jpg,528,4,-1,True,150,8550,0.9346459647109167,0.6,1,250,1,1,1,1
446,0528_c0005_005.jpg,528,4,-1,True,150,8550,0.9456335220609691,0.6072874493927125,1,247,1,1,1,1
447,0528_c0005_010.jpg,528,4,-1,True,150,8550,0.9336643798402736,0.6,1,250,1,1,1,1
448,0528_c0005_015.jpg,528,4,-1,True,150,8550,0.9289504701176713,0.5576208178438662,1,269,1,1,1,1
449,0528_c0005_020.jpg,528,4,-1,True,150,8550,0.9119116383968379,0.5952380952380952,1,252,1,1,1,1
450,0528_c0006_000.jpg,528,5,-1,True,150,8550,0.6399590571064031,0.44776119402985076,1,335,1,1,1,1
451,0528_c0006_005.jpg,528,5,-1,True,150,8550,0.6396999278933753,0.44510385756676557,1,337,1,1,1,1
452,0528_c0006_010.jpg,528,5,-1,True,150,8550,0.6385143919646175,0.44510385756676557,1,337,1,1,1,1
453,0528_c0006_015.jpg,528,5,-1,True,150,8550,0.6435773637299723,0.4297994269340974,1,349,1,1,1,1
454,0528_c0006_020.jpg,528,5,-1,True,150,8550,0.6213349504134112,0.4573170731707317,1,328,1,1,1,1
455,0528_c0007_000.jpg,528,6,-1,True,150,8550,0.5234251024649871,0.42735042735042733,5,351,0,1,1,1
456,0528_c0007_005.jpg,528,6,-1,True,150,8550,0.5631640281260661,0.43859649122807015,4,342,0,1,1,1
457,0528_c0007_010.jpg,528,6,-1,True,150,8550,0.5410102486136182,0.4178272980501393,4,359,0,1,1,1
458,0528_c0007_015.jpg,528,6,-1,True,150,8550,0.5641072581978123,0.45045045045045046,4,333,0,1,1,1
459,0528_c0007_020.jpg,528,6,-1,True,150,8550,0.5641630716833417,0.42613636363636365,4,352,0,1,1,1
460,0530_c0001_000.jpg,530,0,-1,True,150,8550,0.6577579108740035,0.49019607843137253,1,306,1,1,1,1
461,0530_c0001_005.jpg,530,0,-1,True,150,8550,0.6068329214582014,0.4716981132075472,1,318,1,1,1,1
462,0530_c0001_010.jpg,530,0,-1,True,150,8550,0.668561048791884,0.48859934853420195,1,307,1,1,1,1
463,0530_c0001_015.jpg,530,0,-1,True,150,8550,0.7310052469231741,0.4983388704318937,1,301,1,1,1,1
464,0530_c0001_020.jpg,530,0,-1,True,150,8550,0.5912557806932252,0.4854368932038835,1,309,1,1,1,1
465,0530_c0002_000.jpg,530,1,-1,True,150,8550,0.9695878912738939,0.7894736842105263,1,190,1,1,1,1
466,0530_c0002_005.jpg,530,1,-1,True,150,8550,0.9368112913445843,0.6493506493506493,1,231,1,1,1,1
467,0530_c0002_010.jpg,530,1,-1,True,150,8550,0.9043040141454234,0.5454545454545454,1,275,1,1,1,1
468,0530_c0002_015.jpg,530,1,-1,True,150,8550,0.9325288145754536,0.6818181818181818,1,220,1,1,1,1
469,0530_c0002_020.jpg,530,1,-1,True,150,8550,0.9523761754328287,0.6818181818181818,1,220,1,1,1,1
470,0530_c0003_000.jpg,530,2,-1,True,150,8550,0.9959262290708466,0.9146341463414634,1,164,1,1,1,1
471,0530_c0003_005.jpg,530,2,-1,True,150,8550,0.9848949533544322,0.819672131147541,1,183,1,1,1,1
472,0530_c0003_010.jpg,530,2,-1,True,150,8550,0.9893477524544934,0.8287292817679558,1,181,1,1,1,1
473,0530_c0003_015.jpg,530,2,-1,True,150,8550,0.9987672224116124,0.974025974025974,1,154,1,1,1,1
474,0530_c0003_020.jpg,530,2,-1,True,150,8550,0.9972285955043295,0.9433962264150944,1,159,1,1,1,1
475,0530_c0004_000.jpg,530,3,-1,True,150,8550,0.994219456190109,0.9433962264150944,1,159,1,1,1,1
476,0530_c0004_005.jpg,530,3,-1,True,150,8550,0.9985069176630852,0.9615384615384616,1,156,1,1,1,1
477,0530_c0004_010.jpg,530,3,-1,True,150,8550,0.9954754089037324,0.9433962264150944,1,159,1,1,1,1
478,0530_c0004_015.jpg,530,3,-1,True,150,8550,0.9993144754188631,0.9868421052631579,1,152,1,1,1,1
479,0530_c0004_020.jpg,530,3,-1,True,150,8550,0.9972732580173898,0.9493670886075949,1,158,1,1,1,1
480,0530_c0005_000.jpg,530,4,-1,True,150,8550,0.6456755612911519,0.5136986301369864,1,292,1,1,1,1
481,0530_c0005_005.jpg,530,4,-1,True,150,8550,0.624320443913147,0.5016722408026756,1,299,1,1,1,1
482,0530_c0005_010.jpg,530,4,-1,True,150,8550,0.6485663262199846,0.5084745762711864,1,295,1,1,1,1
483,0530_c0005_015.jpg,530,4,-1,True,150,8550,0.6676701961039164,0.5263157894736842,1,285,1,1,1,1
484,0530_c0005_020.jpg,530,4,-1,True,150,8550,0.6752871036231372,0.5597014925373134,1,268,1,1,1,1
485,0530_c0006_000.jpg,530,5,-1,True,150,8550,1.0,1.0,1,150,1,1,1,1
486,0530_c0006_005.jpg,530,5,-1,True,150,8550,1.0,1.0,1,150,1,1,1,1
487,0530_c0006_010.jpg,530,5,-1,True,150,8550,1.0,1.0,1,150,1,1,1,1
488,0530_c0006_015.jpg,530,5,-1,True,150,8550,1.0,1.0,1,150,1,1,1,1
489,0530_c0006_020.jpg,530,5,-1,True,150,8550,1.0,1.0,1,150,1,1,1,1
490,0530_c0008_000.jpg,530,7,-1,True,150,8550,0.7810734563325125,0.4934210526315789,1,304,1,1,1,1
491,0530_c0008_005.jpg,530,7,-1,True,150,8550,0.7834095687296166,0.5119453924914675,1,293,1,1,1,1
492,0530_c0008_010.jpg,530,7,-1,True,150,8550,0.7629633737877242,0.4132231404958678,1,363,1,1,1,1
493,0530_c0008_015.jpg,530,7,-1,True,150,8550,0.7691831572203444,0.42735042735042733,1,351,1,1,1,1
494,0530_c0008_020.jpg,530,7,-1,True,150,8550,0.7513187723391297,0.40540540540540543,1,370,1,1,1,1
495,0532_c0001_000.jpg,532,0,-1,True,175,8550,0.9752087222023624,0.7028112449799196,1,249,1,1,1,1
496,0532_c0001_005.jpg,532,0,-1,True,175,8550,0.970553305747495,0.6809338521400778,1,257,1,1,1,1
497,0532_c0001_010.jpg,532,0,-1,True,175,8550,0.9740267652709437,0.6889763779527559,1,254,1,1,1,1
498,0532_c0001_015.jpg,532,0,-1,True,175,8550,0.9703550882940469,0.660377358490566,1,265,1,1,1,1
499,0532_c0001_020.jpg,532,0,-1,True,175,8550,0.9829766898433555,0.8215962441314554,1,213,1,1,1,1
500,0532_c0002_000.jpg,532,1,-1,True,175,8550,0.22199609145404772,0.08345255126371007,26,2097,0,0,0,0
501,0532_c0002_005.jpg,532,1,-1,True,175,8550,0.21750473461305328,0.07865168539325842,26,2225,0,0,0,0
502,0532_c0002_010.jpg,532,1,-1,True,175,8550,0.2299801185898141,0.08528265107212475,26,2052,0,0,0,0
503,0532_c0002_015.jpg,532,1,-1,True,175,8550,0.22575743368170859,0.08215962441314555,26,2130,0,0,0,0
504,0532_c0002_020.jpg,532,1,-1,True,175,8550,0.21856668870950233,0.08012820512820513,26,2184,0,0,0,0
505,0532_c0003_000.jpg,532,2,-1,True,175,8550,0.8985256327829597,0.2596439169139466,1,674,1,1,1,1
506,0532_c0003_005.jpg,532,2,-1,True,175,8550,0.899904393087887,0.25697503671071953,1,681,1,1,1,1
507,0532_c0003_010.jpg,532,2,-1,True,175,8550,0.9007738488258622,0.2684049079754601,1,652,1,1,1,1
508,0532_c0003_015.jpg,532,2,-1,True,175,8550,0.9001316443321603,0.258493353028065,1,677,1,1,1,1
509,0532_c0003_020.jpg,532,2,-1,True,175,8550,0.9018509583359647,0.2786624203821656,1,628,1,1,1,1
510,0532_c0004_000.jpg,532,3,-1,True,175,8550,0.9086198316518844,0.3017241379310345,1,580,1,1,1,1
511,0532_c0004_005.jpg,532,3,-1,True,175,8550,0.9031623701862664,0.2764612954186414,1,633,1,1,1,1
512,0532_c0004_010.jpg,532,3,-1,True,175,8550,0.9026241299648159,0.2717391304347826,1,644,1,1,1,1
513,0532_c0004_015.jpg,532,3,-1,True,175,8550,0.9019727830759358,0.2713178294573643,1,645,1,1,1,1
514,0532_c0004_020.jpg,532,3,-1,True,175,8550,0.9002873541513723,0.258493353028065,1,677,1,1,1,1
515,0532_c0005_000.jpg,532,4,-1,True,175,8550,0.8820368495030102,0.14743049705139005,1,1187,1,1,1,1
516,0532_c0005_005.jpg,532,4,-1,True,175,8550,0.8821917868042778,0.14919011082693948,1,1173,1,1,1,1
517,0532_c0005_010.jpg,532,4,-1,True,175,8550,0.8839509074527033,0.15527950310559005,1,1127,1,1,1,1
518,0532_c0005_015.jpg,532,4,-1,True,175,8550,0.8811216007687134,0.14693534844668346,1,1191,1,1,1,1
519,0532_c0005_020.jpg,532,4,-1,True,175,8550,0.8819841695768735,0.14450867052023122,1,1211,1,1,1,1
520,0532_c0006_000.jpg,532,5,-1,True,175,8550,0.9294118980011766,0.7777777777777778,1,225,1,1,1,1
521,0532_c0006_005.jpg,532,5,-1,True,175,8550,0.9450398226267831,0.7743362831858407,1,226,1,1,1,1
522,0532_c0006_010.jpg,532,5,-1,True,175,8550,0.9646192623994894,0.7056451612903226,1,248,1,1,1,1
523,0532_c0006_015.jpg,532,5,-1,True,175,8550,0.9719022968479477,0.7847533632286996,1,223,1,1,1,1
524,0532_c0006_020.jpg,532,5,-1,True,175,8550,0.9354196568312013,0.7028112449799196,1,249,1,1,1,1
525,0532_c0007_000.jpg,532,6,-1,True,175,8550,0.9462064194671557,0.41866028708133973,1,418,1,1,1,1
526,0532_c0007_005.jpg,532,6,-1,True,175,8550,0.9334280977998884,0.4278728606356968,1,409,1,1,1,1
527,0532_c0007_010.jpg,532,6,-1,True,175,8550,0.9511279645186623,0.5162241887905604,1,339,1,1,1,1
528,0532_c0007_015.jpg,532,6,-1,True,175,8550,0.9422614085346284,0.43103448275862066,1,406,1,1,1,1
529,0532_c0007_020.jpg,532,6,-1,True,175,8550,0.9331565692385503,0.3977272727272727,1,440,1,1,1,1
530,0532_c0008_000.jpg,532,7,-1,True,175,8550,0.8405123640315302,0.07746790615316512,1,2259,1,1,1,1
531,0532_c0008_005.jpg,532,7,-1,True,175,8550,0.8432912925317396,0.07685551163812034,1,2277,1,1,1,1
532,0532_c0008_010.jpg,532,7,-1,True,175,8550,0.8688029895819711,0.08445945945945946,1,2072,1,1,1,1
533,0532_c0008_015.jpg,532,7,-1,True,175,8550,0.8571391769564355,0.0780205082478823,1,2243,1,1,1,1
534,0532_c0008_020.jpg,532,7,-1,True,175,8550,0.8702450756542383,0.08892276422764228,1,1968,1,1,1,1
535,0534_c0001_000.jpg,534,0,-1,True,150,8550,1.0,1.0,1,150,1,1,1,1
536,0534_c0001_005.jpg,534,0,-1,True,150,8550,1.0,1.0,1,150,1,1,1,1
537,0534_c0001_010.jpg,534,0,-1,True,150,8550,1.0,1.0,1,150,1,1,1,1
538,0534_c0001_015.jpg,534,0,-1,True,150,8550,1.0,1.0,1,150,1,1,1,1
539,0534_c0001_020.jpg,534,0,-1,True,150,8550,1.0,1.0,1,150,1,1,1,1
540,0534_c0002_000.jpg,534,1,-1,True,150,8550,0.9496458713145021,0.6696428571428571,1,224,1,1,1,1
541,0534_c0002_005.jpg,534,1,-1,True,150,8550,0.9367096977459461,0.6578947368421053,1,228,1,1,1,1
542,0534_c0002_010.jpg,534,1,-1,True,150,8550,0.9614855844881286,0.6976744186046512,1,215,1,1,1,1
543,0534_c0002_015.jpg,534,1,-1,True,150,8550,0.9869078145410268,0.7575757575757576,1,198,1,1,1,1
544,0534_c0002_020.jpg,534,1,-1,True,150,8550,0.9809221457426789,0.7352941176470589,1,204,1,1,1,1
545,0534_c0004_000.jpg,534,3,-1,True,150,8550,0.9999558498896247,0.9933774834437086,1,151,1,1,1,1
546,0534_c0004_005.jpg,534,3,-1,True,150,8550,1.0,1.0,1,150,1,1,1,1
547,0534_c0004_010.jpg,534,3,-1,True,150,8550,1.0,1.0,1,150,1,1,1,1
548,0534_c0004_015.jpg,534,3,-1,True,150,8550,0.9995530559611961,0.9868421052631579,1,152,1,1,1,1
549,0534_c0004_020.jpg,534,3,-1,True,150,8550,0.9919761726635746,0.8241758241758241,1,182,1,1,1,1
550,0534_c0005_000.jpg,534,4,-1,True,150,8550,0.9761340849103275,0.8571428571428571,1,175,1,1,1,1
551,0534_c0005_005.jpg,534,4,-1,True,150,8550,0.9737477369993632,0.8571428571428571,1,175,1,1,1,1
552,0534_c0005_010.jpg,534,4,-1,True,150,8550,0.9688238128238247,0.8571428571428571,1,175,1,1,1,1
553,0534_c0005_015.jpg,534,4,-1,True,150,8550,0.9858099593648398,0.8571428571428571,1,175,1,1,1,1
554,0534_c0005_020.jpg,534,4,-1,True,150,8550,0.9733723442129594,0.8571428571428571,1,175,1,1,1,1
555,0534_c0006_000.jpg,534,5,-1,True,150,8550,1.0,1.0,1,150,1,1,1,1
556,0534_c0006_005.jpg,534,5,-1,True,150,8550,1.0,1.0,1,150,1,1,1,1
557,0534_c0006_010.jpg,534,5,-1,True,150,8550,1.0,1.0,1,150,1,1,1,1
558,0534_c0006_015.jpg,534,5,-1,True,150,8550,1.0,1.0,1,150,1,1,1,1
559,0534_c0006_020.jpg,534,5,-1,True,150,8550,1.0,1.0,1,150,1,1,1,1
560,0534_c0007_000.jpg,534,6,-1,True,150,8550,1.0,1.0,1,150,1,1,1,1
561,0534_c0007_005.jpg,534,6,-1,True,150,8550,1.0,1.0,1,150,1,1,1,1
562,0534_c0007_010.jpg,534,6,-1,True,150,8550,0.9999114054451803,0.9933774834437086,1,151,1,1,1,1
563,0534_c0007_015.jpg,534,6,-1,True,150,8550,1.0,1.0,1,150,1,1,1,1
564,0534_c0007_020.jpg,534,6,-1,True,150,8550,1.0,1.0,1,150,1,1,1,1
565,0534_c0008_000.jpg,534,7,-1,True,150,8550,1.0,1.0,1,150,1,1,1,1
566,0534_c0008_005.jpg,534,7,-1,True,150,8550,1.0,1.0,1,150,1,1,1,1
567,0534_c0008_010.jpg,534,7,-1,True,150,8550,1.0,1.0,1,150,1,1,1,1
568,0534_c0008_015.jpg,534,7,-1,True,150,8550,1.0,1.0,1,150,1,1,1,1
569,0534_c0008_020.jpg,534,7,-1,True,150,8550,1.0,1.0,1,150,1,1,1,1
570,0536_c0001_000.jpg,536,0,-1,True,75,8550,0.4779561323820091,0.14423076923076922,1,520,1,1,1,1
571,0536_c0001_005.jpg,536,0,-1,True,75,8550,0.4947225800874989,0.15182186234817813,1,494,1,1,1,1
572,0536_c0001_010.jpg,536,0,-1,True,75,8550,0.5223305847681903,0.15151515151515152,1,495,1,1,1,1
573,0536_c0001_015.jpg,536,0,-1,True,75,8550,0.49085761607401596,0.14591439688715954,1,514,1,1,1,1
574,0536_c0001_020.jpg,536,0,-1,True,75,8550,0.5086624333820108,0.15274949083503056,1,491,1,1,1,1
575,0536_c0002_000.jpg,536,1,-1,True,75,8550,0.47539685426038,0.2508361204013378,1,299,1,1,1,1
576,0536_c0002_005.jpg,536,1,-1,True,75,8550,0.4994514330460733,0.23734177215189872,1,316,1,1,1,1
577,0536_c0002_010.jpg,536,1,-1,True,75,8550,0.4771660814858496,0.23219814241486067,1,323,1,1,1,1
578,0536_c0002_015.jpg,536,1,-1,True,75,8550,0.4915957356243125,0.2604166666666667,1,288,1,1,1,1
579,0536_c0002_020.jpg,536,1,-1,True,75,8550,0.5159478031037952,0.2631578947368421,1,285,1,1,1,1
580,0536_c0005_000.jpg,536,4,-1,True,75,8550,0.6030315516202431,0.16129032258064516,1,465,1,1,1,1
581,0536_c0005_005.jpg,536,4,-1,True,75,8550,0.5639329257841865,0.16741071428571427,1,448,1,1,1,1
582,0536_c0005_010.jpg,536,4,-1,True,75,8550,0.5534183307631378,0.17857142857142858,1,420,1,1,1,1
583,0536_c0005_015.jpg,536,4,-1,True,75,8550,0.5560913563316627,0.2032520325203252,1,369,1,1,1,1
584,0536_c0005_020.jpg,536,4,-1,True,75,8550,0.5318930724062267,0.18472906403940886,1,406,1,1,1,1
585,0536_c0006_000.jpg,536,5,-1,True,75,8550,0.4232181683434326,0.1662971175166297,1,451,1,1,1,1
586,0536_c0006_005.jpg,536,5,-1,True,75,8550,0.4426452117125419,0.1744186046511628,1,430,1,1,1,1
587,0536_c0006_010.jpg,536,5,-1,True,75,8550,0.42547933046179726,0.16666666666666666,1,450,1,1,1,1
588,0536_c0006_015.jpg,536,5,-1,True,75,8550,0.444466019333933,0.18703241895261846,1,401,1,1,1,1
589,0536_c0006_020.jpg,536,5,-1,True,75,8550,0.43608531315639454,0.1724137931034483,1,435,1,1,1,1
590,0538_c0001_000.jpg,538,0,-1,True,175,8550,0.999264644274132,0.9358288770053476,1,187,1,1,1,1
591,0538_c0001_005.jpg,538,0,-1,True,175,8550,0.9918300533874156,0.7990867579908676,1,219,1,1,1,1
592,0538_c0001_010.jpg,538,0,-1,True,175,8550,0.999838756748869,0.9831460674157303,1,178,1,1,1,1
593,0538_c0001_015.jpg,538,0,-1,True,175,8550,0.9994139077382348,0.9776536312849162,1,179,1,1,1,1
594,0538_c0001_020.jpg,538,0,-1,True,175,8550,0.9981944333690148,0.9562841530054644,1,183,1,1,1,1
595,0538_c0002_000.jpg,538,1,-1,True,175,8550,0.6571476581023024,0.19908987485779295,1,879,1,1,1,1
596,0538_c0002_005.jpg,538,1,-1,True,175,8550,0.7497739041226417,0.28735632183908044,1,609,1,1,1,1
597,0538_c0002_010.jpg,538,1,-1,True,175,8550,0.6981245156463373,0.20685579196217493,1,846,1,1,1,1
598,0538_c0002_015.jpg,538,1,-1,True,175,8550,0.7901685723469943,0.21604938271604937,1,810,1,1,1,1
599,0538_c0002_020.jpg,538,1,-1,True,175,8550,0.7654837443024463,0.20685579196217493,1,846,1,1,1,1
600,0538_c0003_000.jpg,538,2,-1,True,175,8550,0.9406857262207445,0.3465346534653465,1,505,1,1,1,1
601,0538_c0003_005.jpg,538,2,-1,True,175,8550,0.9761966750973426,0.5072463768115942,1,345,1,1,1,1
602,0538_c0003_010.jpg,538,2,-1,True,175,8550,0.9559419256121356,0.4117647058823529,1,425,1,1,1,1
603,0538_c0003_015.jpg,538,2,-1,True,175,8550,0.9791557960000113,0.5520504731861199,1,317,1,1,1,1
604,0538_c0003_020.jpg,538,2,-1,True,175,8550,0.9884490685978158,0.7028112449799196,1,249,1,1,1,1
605,0538_c0004_000.jpg,538,3,-1,True,175,8550,0.8328705270403239,0.2966101694915254,1,590,1,1,1,1
606,0538_c0004_005.jpg,538,3,-1,True,175,8550,0.8074291143608624,0.25735294117647056,1,680,1,1,1,1
607,0538_c0004_010.jpg,538,3,-1,True,175,8550,0.8050092805746205,0.2619760479041916,1,668,1,1,1,1
608,0538_c0004_015.jpg,538,3,-1,True,175,8550,0.8075250239606678,0.25252525252525254,1,693,1,1,1,1
609,0538_c0004_020.jpg,538,3,-1,True,175,8550,0.8225004578129909,0.2565982404692082,1,682,1,1,1,1
610,0538_c0005_000.jpg,538,4,-1,True,175,8550,0.8352509412034697,0.43103448275862066,1,406,1,1,1,1
611,0538_c0005_005.jpg,538,4,-1,True,175,8550,0.7605526469436713,0.28,1,625,1,1,1,1
612,0538_c0005_010.jpg,538,4,-1,True,175,8550,0.6961148116884606,0.2368064952638701,1,739,1,1,1,1
613,0538_c0005_015.jpg,538,4,-1,True,175,8550,0.7772841108215679,0.3258845437616387,1,537,1,1,1,1
614,0538_c0005_020.jpg,538,4,-1,True,175,8550,0.7848748460923786,0.30918727915194344,1,566,1,1,1,1
615,0538_c0006_000.jpg,538,5,-1,True,175,8550,0.8611308371904439,0.3170289855072464,1,552,1,1,1,1
616,0538_c0006_005.jpg,538,5,-1,True,175,8550,0.8386331955877956,0.2147239263803681,1,815,1,1,1,1
617,0538_c0006_010.jpg,538,5,-1,True,175,8550,0.8170434239738377,0.2113526570048309,1,828,1,1,1,1
618,0538_c0006_015.jpg,538,5,-1,True,175,8550,0.8543485676402608,0.22639068564036222,1,773,1,1,1,1
619,0538_c0006_020.jpg,538,5,-1,True,175,8550,0.9430718727476975,0.3181818181818182,1,550,1,1,1,1
620,0538_c0007_000.jpg,538,6,-1,True,175,8550,0.843091610731673,0.26395173453996984,1,663,1,1,1,1
621,0538_c0007_005.jpg,538,6,-1,True,175,8550,0.7919778579829622,0.28,1,625,1,1,1,1
622,0538_c0007_010.jpg,538,6,-1,True,175,8550,0.7193452925820585,0.2631578947368421,1,665,1,1,1,1
623,0538_c0007_015.jpg,538,6,-1,True,175,8550,0.7469087526159938,0.2635542168674699,1,664,1,1,1,1
624,0538_c0007_020.jpg,538,6,-1,True,175,8550,0.819482641846651,0.4654255319148936,1,376,1,1,1,1
625,0538_c0008_000.jpg,538,7,-1,True,175,8550,0.90422299658648,0.40045766590389015,1,437,1,1,1,1
626,0538_c0008_005.jpg,538,7,-1,True,175,8550,0.8910544309717511,0.43424317617866004,1,403,1,1,1,1
627,0538_c0008_010.jpg,538,7,-1,True,175,8550,0.8959666493121469,0.41273584905660377,1,424,1,1,1,1
628,0538_c0008_015.jpg,538,7,-1,True,175,8550,0.8575511309827968,0.38377192982456143,1,456,1,1,1,1
629,0538_c0008_020.jpg,538,7,-1,True,175,8550,0.8436260404189003,0.373134328358209,1,469,1,1,1,1
630,0540_c0001_000.jpg,540,0,-1,True,175,8550,0.6554429894275866,0.22236340533672172,1,787,1,1,1,1
631,0540_c0001_005.jpg,540,0,-1,True,175,8550,0.6359736698180904,0.20114942528735633,1,870,1,1,1,1
632,0540_c0001_010.jpg,540,0,-1,True,175,8550,0.5925890217372278,0.1783893985728848,1,981,1,1,1,1
633,0540_c0001_015.jpg,540,0,-1,True,175,8550,0.6260460463729477,0.1512532411408816,1,1157,1,1,1,1
634,0540_c0001_020.jpg,540,0,-1,True,175,8550,0.5348646803185619,0.17039922103213243,1,1027,1,1,1,1
635,0540_c0002_000.jpg,540,1,-1,True,175,8550,0.4111484776389919,0.04415846580873076,1,3963,1,1,1,1
636,0540_c0002_005.jpg,540,1,-1,True,175,8550,0.48162559693245005,0.04816955684007707,1,3633,1,1,1,1
637,0540_c0002_010.jpg,540,1,-1,True,175,8550,0.46687977505376144,0.056910569105691054,1,3075,1,1,1,1
638,0540_c0002_015.jpg,540,1,-1,True,175,8550,0.3430642240089614,0.034340659340659344,1,5096,1,1,1,1
639,0540_c0002_020.jpg,540,1,-1,True,175,8550,0.4089835478306972,0.053516819571865444,1,3270,1,1,1,1
640,0540_c0003_000.jpg,540,2,-1,True,175,8550,0.41111890814324253,0.12195121951219512,1,1435,1,1,1,1
641,0540_c0003_005.jpg,540,2,-1,True,175,8550,0.4824493669847239,0.11283043197936815,1,1551,1,1,1,1
642,0540_c0003_010.jpg,540,2,-1,True,175,8550,0.5392675285821138,0.13108614232209737,1,1335,1,1,1,1
643,0540_c0003_015.jpg,540,2,-1,True,175,8550,0.43455392006366905,0.11275773195876289,1,1552,1,1,1,1
644,0540_c0003_020.jpg,540,2,-1,True,175,8550,0.4536793897046584,0.1152832674571805,1,1518,1,1,1,1
645,0540_c0004_000.jpg,540,3,-1,True,175,8550,0.42173102960434855,0.046803958277614334,1,3739,1,1,1,1
646,0540_c0004_005.jpg,540,3,-1,True,175,8550,0.5693277025016146,0.056451612903225805,1,3100,1,1,1,1
647,0540_c0004_010.jpg,540,3,-1,True,175,8550,0.5586414549789149,0.0631768953068592,1,2770,1,1,1,1
648,0540_c0004_015.jpg,540,3,-1,True,175,8550,0.4916625720579763,0.06450423884998158,1,2713,1,1,1,1
649,0540_c0004_020.jpg,540,3,-1,True,175,8550,0.4238544052034238,0.05271084337349398,1,3320,1,1,1,1
650,0540_c0005_000.jpg,540,4,-1,True,175,8550,0.7852256943355104,0.18115942028985507,1,966,1,1,1,1
651,0540_c0005_005.jpg,540,4,-1,True,175,8550,0.7628928810762503,0.19863791146424517,1,881,1,1,1,1
652,0540_c0005_010.jpg,540,4,-1,True,175,8550,0.7649036373179178,0.19574944071588368,1,894,1,1,1,1
653,0540_c0005_015.jpg,540,4,-1,True,175,8550,0.7522405158102148,0.16666666666666666,1,1050,1,1,1,1
654,0540_c0005_020.jpg,540,4,-1,True,175,8550,0.7651021686341953,0.17676767676767677,1,990,1,1,1,1
655,0540_c0006_000.jpg,540,5,-1,True,175,8550,0.6733160478188372,0.08629191321499013,1,2028,1,1,1,1
656,0540_c0006_005.jpg,540,5,-1,True,175,8550,0.6908471725684443,0.07893549842129004,1,2217,1,1,1,1
657,0540_c0006_010.jpg,540,5,-1,True,175,8550,0.6753491962980556,0.06881635863153755,1,2543,1,1,1,1
658,0540_c0006_015.jpg,540,5,-1,True,175,8550,0.6851293100544451,0.07033762057877814,1,2488,1,1,1,1
659,0540_c0006_020.jpg,540,5,-1,True,175,8550,0.6713824880576659,0.06947201270345375,1,2519,1,1,1,1
660,0540_c0007_000.jpg,540,6,-1,True,175,8550,0.9457831136767271,0.5451713395638629,1,321,1,1,1,1
661,0540_c0007_005.jpg,540,6,-1,True,175,8550,0.9380608400355341,0.6140350877192983,1,285,1,1,1,1
662,0540_c0007_010.jpg,540,6,-1,True,175,8550,0.9225139477727595,0.48746518105849584,1,359,1,1,1,1
663,0540_c0007_015.jpg,540,6,-1,True,175,8550,0.9007568394662906,0.5043227665706052,1,347,1,1,1,1
664,0540_c0007_020.jpg,540,6,-1,True,175,8550,0.9465923537077242,0.6889763779527559,1,254,1,1,1,1
665,0540_c0008_000.jpg,540,7,-1,True,175,8550,0.256963061863576,0.06833268254588051,1,2561,1,1,1,1
666,0540_c0008_005.jpg,540,7,-1,True,175,8550,0.3242858674920998,0.07396449704142012,1,2366,1,1,1,1
667,0540_c0008_010.jpg,540,7,-1,True,175,8550,0.438613897053548,0.07665352606219886,1,2283,1,1,1,1
668,0540_c0008_015.jpg,540,7,-1,True,175,8550,0.3411111582292652,0.07157464212678936,1,2445,1,1,1,1
669,0540_c0008_020.jpg,540,7,-1,True,175,8550,0.4456251474686356,0.0755287009063444,1,2317,1,1,1,1
670,0542_c0001_000.jpg,542,0,-1,True,150,8550,0.42680779548241027,0.044300059066745424,1,3386,1,1,1,1
671,0542_c0001_005.jpg,542,0,-1,True,150,8550,0.4290153113853891,0.039032006245121,1,3843,1,1,1,1
672,0542_c0001_010.jpg,542,0,-1,True,150,8550,0.3923633223439438,0.04095004095004095,1,3663,1,1,1,1
673,0542_c0001_015.jpg,542,0,-1,True,150,8550,0.44117033111863624,0.04068348250610252,1,3687,1,1,1,1
674,0542_c0001_020.jpg,542,0,-1,True,150,8550,0.4220564663777324,0.04112969564025226,1,3647,1,1,1,1
675,0542_c0002_000.jpg,542,1,-1,True,150,8550,0.32039180437993964,0.07957559681697612,26,1885,0,0,0,0
676,0542_c0002_005.jpg,542,1,-1,True,150,8550,0.3708932517866205,0.09196811771919068,4,1631,0,1,1,1
677,0542_c0002_010.jpg,542,1,-1,True,150,8550,0.3239175242633309,0.09759271307742355,2,1537,0,1,1,1
678,0542_c0002_015.jpg,542,1,-1,True,150,8550,0.3391721854960559,0.09357454772301933,2,1603,0,1,1,1
679,0542_c0002_020.jpg,542,1,-1,True,150,8550,0.3455543778245306,0.10752688172043011,2,1395,0,1,1,1
680,0542_c0004_000.jpg,542,3,-1,True,150,8550,0.045838620637739455,0.0234375,86,6400,0,0,0,0
681,0542_c0004_005.jpg,542,3,-1,True,150,8550,0.044547280686099505,0.023596035865974516,83,6357,0,0,0,0
682,0542_c0004_010.jpg,542,3,-1,True,150,8550,0.0360776717626936,0.023817084788821847,121,6298,0,0,0,0
683,0542_c0004_015.jpg,542,3,-1,True,150,8550,0.03736309581469062,0.023980815347721823,121,6255,0,0,0,0
684,0542_c0004_020.jpg,542,3,-1,True,150,8550,0.03607358307055152,0.02287980475899939,113,6556,0,0,0,0
685,0542_c0005_000.jpg,542,4,-1,True,150,8550,0.27471588973781685,0.03403675970047652,2,4407,0,1,1,1
686,0542_c0005_005.jpg,542,4,-1,True,150,8550,0.2532706954904435,0.030946977511863007,7,4847,0,0,1,1
687,0542_c0005_010.jpg,542,4,-1,True,150,8550,0.2760098747111094,0.03194888178913738,2,4695,0,1,1,1
688,0542_c0005_015.jpg,542,4,-1,True,150,8550,0.3687476390320099,0.03277972027972028,1,4576,1,1,1,1
689,0542_c0005_020.jpg,542,4,-1,True,150,8550,0.45828730448764426,0.03639893229798592,1,4121,1,1,1,1
690,0542_c0006_000.jpg,542,5,-1,True,150,8550,0.5207687964610208,0.06318449873631002,1,2374,1,1,1,1
691,0542_c0006_005.jpg,542,5,-1,True,150,8550,0.5887311226100604,0.06268282490597576,1,2393,1,1,1,1
692,0542_c0006_010.jpg,542,5,-1,True,150,8550,0.5456758598472228,0.06666666666666667,1,2250,1,1,1,1
693,0542_c0006_015.jpg,542,5,-1,True,150,8550,0.5775910880175599,0.07349338559529642,1,2041,1,1,1,1
694,0542_c0006_020.jpg,542,5,-1,True,150,8550,0.5786153536548567,0.07429420505200594,1,2019,1,1,1,1
695,0542_c0007_000.jpg,542,6,-1,True,150,8550,0.563282431643543,0.03330373001776199,1,4504,1,1,1,1
696,0542_c0007_005.jpg,542,6,-1,True,150,8550,0.56982766466501,0.03474635163307853,1,4317,1,1,1,1
697,0542_c0007_010.jpg,542,6,-1,True,150,8550,0.5889516528458595,0.03919519205644108,1,3827,1,1,1,1
698,0542_c0007_015.jpg,542,6,-1,True,150,8550,0.5130885076360452,0.03979835500132661,1,3769,1,1,1,1
699,0542_c0007_020.jpg,542,6,-1,True,150,8550,0.5883558244606836,0.03766951280763436,1,3982,1,1,1,1
700,0542_c0008_000.jpg,542,7,-1,True,150,8550,0.03319512002961129,0.023961661341853034,174,6260,0,0,0,0
701,0542_c0008_005.jpg,542,7,-1,True,150,8550,0.03032633340925849,0.025278058645096056,185,5934,0,0,0,0
702,0542_c0008_010.jpg,542,7,-1,True,150,8550,0.03329992977713234,0.026182579856868563,131,5729,0,0,0,0
703,0542_c0008_015.jpg,542,7,-1,True,150,8550,0.030986493963340737,0.027417291171632243,150,5471,0,0,0,0
704,0542_c0008_020.jpg,542,7,-1,True,150,8550,0.030869882880525,0.02701242571582928,249,5553,0,0,0,0
705,0544_c0001_000.jpg,544,0,-1,True,150,8550,0.4332285933570125,0.26595744680851063,7,564,0,0,1,1
706,0544_c0001_005.jpg,544,0,-1,True,150,8550,0.7478696081710101,0.3464203233256351,1,433,1,1,1,1
707,0544_c0001_010.jpg,544,0,-1,True,150,8550,0.47555453826573635,0.336322869955157,12,446,0,0,0,1
708,0544_c0001_015.jpg,544,0,-1,True,150,8550,0.4763096967372096,0.2976190476190476,12,504,0,0,0,1
709,0544_c0001_020.jpg,544,0,-1,True,150,8550,0.45960071141280046,0.3694581280788177,17,406,0,0,0,1
710,0544_c0002_000.jpg,544,1,-1,True,150,8550,0.8141796489115999,0.5338078291814946,1,281,1,1,1,1
711,0544_c0002_005.jpg,544,1,-1,True,150,8550,0.81227644310918,0.528169014084507,1,284,1,1,1,1
712,0544_c0002_010.jpg,544,1,-1,True,150,8550,0.7096402963202744,0.43478260869565216,1,345,1,1,1,1
713,0544_c0002_015.jpg,544,1,-1,True,150,8550,0.7054445341519308,0.45045045045045046,2,333,0,1,1,1
714,0544_c0002_020.jpg,544,1,-1,True,150,8550,0.8115439314787019,0.4838709677419355,1,310,1,1,1,1
715,0544_c0003_000.jpg,544,2,-1,True,150,8550,0.9117464567401881,0.7772020725388601,1,193,1,1,1,1
716,0544_c0003_005.jpg,544,2,-1,True,150,8550,0.9292394645319079,0.7537688442211056,1,199,1,1,1,1
717,0544_c0003_010.jpg,544,2,-1,True,150,8550,0.9049778893865027,0.7352941176470589,1,204,1,1,1,1
718,0544_c0003_015.jpg,544,2,-1,True,150,8550,0.9066506034995704,0.7936507936507936,1,189,1,1,1,1
719,0544_c0003_020.jpg,544,2,-1,True,150,8550,0.9041957900027385,0.7537688442211056,1,199,1,1,1,1
720,0544_c0005_000.jpg,544,4,-1,True,150,8550,0.9569389758940311,0.6437768240343348,1,233,1,1,1,1
721,0544_c0005_005.jpg,544,4,-1,True,150,8550,0.9381506695145841,0.646551724137931,1,232,1,1,1,1
722,0544_c0005_010.jpg,544,4,-1,True,150,8550,0.9559690240818414,0.6756756756756757,1,222,1,1,1,1
723,0544_c0005_015.jpg,544,4,-1,True,150,8550,0.94330837589902,0.6493506493506493,1,231,1,1,1,1
724,0544_c0005_020.jpg,544,4,-1,True,150,8550,0.941731586330369,0.6550218340611353,1,229,1,1,1,1
725,0544_c0006_000.jpg,544,5,-1,True,150,8550,0.9983257326930444,0.9036144578313253,1,166,1,1,1,1
726,0544_c0006_005.jpg,544,5,-1,True,150,8550,0.9951241385210143,0.8021390374331551,1,187,1,1,1,1
727,0544_c0006_010.jpg,544,5,-1,True,150,8550,0.9981392496392497,0.8928571428571429,1,168,1,1,1,1
728,0544_c0006_015.jpg,544,5,-1,True,150,8550,0.9984858501796225,0.8982035928143712,1,167,1,1,1,1
729,0544_c0006_020.jpg,544,5,-1,True,150,8550,0.9948475284789379,0.7978723404255319,1,188,1,1,1,1
730,0544_c0007_000.jpg,544,6,-1,True,150,8550,0.9983566017534931,0.9615384615384616,1,156,1,1,1,1
731,0544_c0007_005.jpg,544,6,-1,True,150,8550,0.997955711292042,0.8982035928143712,1,167,1,1,1,1
732,0544_c0007_010.jpg,544,6,-1,True,150,8550,0.9986872387859811,0.9554140127388535,1,157,1,1,1,1
733,0544_c0007_015.jpg,544,6,-1,True,150,8550,0.9967158697184251,0.9493670886075949,1,158,1,1,1,1
734,0544_c0007_020.jpg,544,6,-1,True,150,8550,0.999303514140133,0.9615384615384616,1,156,1,1,1,1
735,0544_c0008_000.jpg,544,7,-1,True,150,8550,0.9998666627158738,0.9933774834437086,1,151,1,1,1,1
736,0544_c0008_005.jpg,544,7,-1,True,150,8550,1.0,1.0,1,150,1,1,1,1
737,0544_c0008_010.jpg,544,7,-1,True,150,8550,1.0,1.0,1,150,1,1,1,1
738,0544_c0008_015.jpg,544,7,-1,True,150,8550,0.999391802428421,0.9615384615384616,1,156,1,1,1,1
739,0544_c0008_020.jpg,544,7,-1,True,150,8550,0.9995157663086445,0.9803921568627451,1,153,1,1,1,1
740,0546_c0002_000.jpg,546,1,-1,True,75,8550,0.8460708046676793,0.4601226993865031,1,163,1,1,1,1
741,0546_c0002_005.jpg,546,1,-1,True,75,8550,0.8533685093196495,0.5597014925373134,1,134,1,1,1,1
742,0546_c0002_010.jpg,546,1,-1,True,75,8550,0.849569454042361,0.49019607843137253,1,153,1,1,1,1
743,0546_c0002_015.jpg,546,1,-1,True,75,8550,0.8395788152033637,0.436046511627907,1,172,1,1,1,1
744,0546_c0002_020.jpg,546,1,-1,True,75,8550,0.8492394051220862,0.4807692307692308,1,156,1,1,1,1
745,0546_c0004_000.jpg,546,3,-1,True,75,8550,1.0,1.0,1,75,1,1,1,1
746,0546_c0004_005.jpg,546,3,-1,True,75,8550,1.0,1.0,1,75,1,1,1,1
747,0546_c0004_010.jpg,546,3,-1,True,75,8550,1.0,1.0,1,75,1,1,1,1
748,0546_c0004_015.jpg,546,3,-1,True,75,8550,1.0,1.0,1,75,1,1,1,1
749,0546_c0004_020.jpg,546,3,-1,True,75,8550,0.9994759018759019,0.974025974025974,1,77,1,1,1,1
750,0546_c0007_000.jpg,546,6,-1,True,75,8550,0.9539855957838532,0.7281553398058253,1,103,1,1,1,1
751,0546_c0007_005.jpg,546,6,-1,True,75,8550,0.9861878237212905,0.7978723404255319,1,94,1,1,1,1
752,0546_c0007_010.jpg,546,6,-1,True,75,8550,0.9986184617662299,0.9493670886075949,1,79,1,1,1,1
753,0546_c0007_015.jpg,546,6,-1,True,75,8550,0.9963899478045194,0.9259259259259259,1,81,1,1,1,1
754,0546_c0007_020.jpg,546,6,-1,True,75,8550,0.8788775673330046,0.5555555555555556,1,135,1,1,1,1
755,0546_c0008_000.jpg,546,7,-1,True,75,8550,0.7159974621546834,0.15723270440251572,1,477,1,1,1,1
756,0546_c0008_005.jpg,546,7,-1,True,75,8550,0.7182347084528344,0.16447368421052633,1,456,1,1,1,1
757,0546_c0008_010.jpg,546,7,-1,True,75,8550,0.7211163111339298,0.17084282460136674,1,439,1,1,1,1
758,0546_c0008_015.jpg,546,7,-1,True,75,8550,0.7194571882849445,0.16304347826086957,1,460,1,1,1,1
759,0546_c0008_020.jpg,546,7,-1,True,75,8550,0.724069055545599,0.17482517482517482,1,429,1,1,1,1
760,0548_c0001_000.jpg,548,0,-1,True,125,8550,0.2526591730695358,0.04844961240310078,1,2580,1,1,1,1
761,0548_c0001_005.jpg,548,0,-1,True,125,8550,0.24207851398425045,0.04186202277294039,1,2986,1,1,1,1
762,0548_c0001_010.jpg,548,0,-1,True,125,8550,0.2657038036275777,0.052521008403361345,1,2380,1,1,1,1
763,0548_c0001_015.jpg,548,0,-1,True,125,8550,0.27269411765984697,0.0496031746031746,1,2520,1,1,1,1
764,0548_c0001_020.jpg,548,0,-1,True,125,8550,0.30600210224464397,0.050261359067149174,1,2487,1,1,1,1
765,0548_c0002_000.jpg,548,1,-1,True,125,8550,0.12903397475844836,0.11446886446886446,32,1092,0,0,0,0
766,0548_c0002_005.jpg,548,1,-1,True,125,8550,0.13479893116579258,0.1304801670146138,21,958,0,0,0,0
767,0548_c0002_010.jpg,548,1,-1,True,125,8550,0.17037962383076652,0.1307531380753138,8,956,0,0,1,1
768,0548_c0002_015.jpg,548,1,-1,True,125,8550,0.16968295380106724,0.12537612838515547,25,997,0,0,0,0
769,0548_c0002_020.jpg,548,1,-1,True,125,8550,0.2983685956006218,0.1311647429171039,1,953,1,1,1,1
770,0548_c0003_000.jpg,548,2,-1,True,125,8550,0.25684448204606397,0.11160714285714286,44,1120,0,0,0,0
771,0548_c0003_005.jpg,548,2,-1,True,125,8550,0.25799680956802773,0.11405109489051095,49,1096,0,0,0,0
772,0548_c0003_010.jpg,548,2,-1,True,125,8550,0.2604972070188976,0.11649580615097857,48,1073,0,0,0,0
773,0548_c0003_015.jpg,548,2,-1,True,125,8550,0.2649086809538539,0.10656436487638533,43,1173,0,0,0,0
774,0548_c0003_020.jpg,548,2,-1,True,125,8550,0.26664017133377194,0.10416666666666667,44,1200,0,0,0,0
775,0548_c0005_000.jpg,548,4,-1,True,125,8550,0.7373023324698014,0.22401433691756273,1,558,1,1,1,1
776,0548_c0005_005.jpg,548,4,-1,True,125,8550,0.7398770919616896,0.16733601070950468,1,747,1,1,1,1
777,0548_c0005_010.jpg,548,4,-1,True,125,8550,0.6061893157573256,0.09321401938851603,1,1341,1,1,1,1
778,0548_c0005_015.jpg,548,4,-1,True,125,8550,0.5949768683341107,0.08428860418071477,1,1483,1,1,1,1
779,0548_c0005_020.jpg,548,4,-1,True,125,8550,0.6056467323581917,0.12376237623762376,1,1010,1,1,1,1
780,0548_c0006_000.jpg,548,5,-1,True,125,8550,0.9198719537178311,0.6067961165048543,1,206,1,1,1,1
781,0548_c0006_005.jpg,548,5,-1,True,125,8550,0.8851619196461873,0.5924170616113744,1,211,1,1,1,1
782,0548_c0006_010.jpg,548,5,-1,True,125,8550,0.8496689235165785,0.49800796812749004,1,251,1,1,1,1
783,0548_c0006_015.jpg,548,5,-1,True,125,8550,0.8898680744178205,0.4921259842519685,1,254,1,1,1,1
784,0548_c0006_020.jpg,548,5,-1,True,125,8550,0.8731847597868089,0.4681647940074906,1,267,1,1,1,1
785,0548_c0007_000.jpg,548,6,-1,True,125,8550,0.3659168708291633,0.09527439024390244,1,1312,1,1,1,1
786,0548_c0007_005.jpg,548,6,-1,True,125,8550,0.43868422899185194,0.11595547309833024,1,1078,1,1,1,1
787,0548_c0007_010.jpg,548,6,-1,True,125,8550,0.2946207665362266,0.09491268033409264,1,1317,1,1,1,1
788,0548_c0007_015.jpg,548,6,-1,True,125,8550,0.3461918962236006,0.09110787172011661,1,1372,1,1,1,1
789,0548_c0007_020.jpg,548,6,-1,True,125,8550,0.5223562337745442,0.10575296108291032,1,1182,1,1,1,1
790,0550_c0001_000.jpg,550,0,-1,True,175,8550,0.216396500467839,0.1780264496439471,2,983,0,1,1,1
791,0550_c0001_005.jpg,550,0,-1,True,175,8550,0.21505646300724887,0.19083969465648856,2,917,0,1,1,1
792,0550_c0001_010.jpg,550,0,-1,True,175,8550,0.21339510954224936,0.18959913326110509,2,923,0,1,1,1
793,0550_c0001_015.jpg,550,0,-1,True,175,8550,0.285593974184557,0.18756698821007503,1,933,1,1,1,1
794,0550_c0001_020.jpg,550,0,-1,True,175,8550,0.21648589424944387,0.20539906103286384,15,852,0,0,0,1
795,0550_c0002_000.jpg,550,1,-1,True,175,8550,0.42445972956332273,0.27602523659305994,1,634,1,1,1,1
796,0550_c0002_005.jpg,550,1,-1,True,175,8550,0.40338871183281094,0.22407170294494239,1,781,1,1,1,1
797,0550_c0002_010.jpg,550,1,-1,True,175,8550,0.3733091133380689,0.1883745963401507,1,929,1,1,1,1
798,0550_c0002_015.jpg,550,1,-1,True,175,8550,0.39000216106156244,0.17748478701825557,1,986,1,1,1,1
799,0550_c0002_020.jpg,550,1,-1,True,175,8550,0.4021370658975573,0.17073170731707318,1,1025,1,1,1,1
800,0550_c0003_000.jpg,550,2,-1,True,175,8550,0.1727701377819432,0.16714422158548234,18,1047,0,0,0,1
801,0550_c0003_005.jpg,550,2,-1,True,175,8550,0.19025247137742496,0.175,13,1000,0,0,0,1
802,0550_c0003_010.jpg,550,2,-1,True,175,8550,0.17712721103954504,0.15737410071942445,21,1112,0,0,0,0
803,0550_c0003_015.jpg,550,2,-1,True,175,8550,0.162661470033896,0.14367816091954022,15,1218,0,0,0,1
804,0550_c0003_020.jpg,550,2,-1,True,175,8550,0.17873382444135283,0.18059855521155832,31,969,0,0,0,0
805,0550_c0004_000.jpg,550,3,-1,True,175,8550,0.44983928532193734,0.2631578947368421,1,665,1,1,1,1
806,0550_c0004_005.jpg,550,3,-1,True,175,8550,0.3936657878051196,0.24238227146814403,7,722,0,0,1,1
807,0550_c0004_010.jpg,550,3,-1,True,175,8550,0.46554939372869575,0.274294670846395,2,638,0,1,1,1
808,0550_c0004_015.jpg,550,3,-1,True,175,8550,0.39952629889271846,0.2543604651162791,7,688,0,0,1,1
809,0550_c0004_020.jpg,550,3,-1,True,175,8550,0.4040700987552579,0.24238227146814403,5,722,0,1,1,1
810,0550_c0005_000.jpg,550,4,-1,True,175,8550,0.2175755756608005,0.10342789598108747,13,1692,0,0,0,1
811,0550_c0005_005.jpg,550,4,-1,True,175,8550,0.3269972403225783,0.157942238267148,2,1108,0,1,1,1
812,0550_c0005_010.jpg,550,4,-1,True,175,8550,0.2955729243855368,0.1493174061433447,24,1172,0,0,0,0
813,0550_c0005_015.jpg,550,4,-1,True,175,8550,0.31363075770485926,0.18382352941176472,19,952,0,0,0,1
814,0550_c0005_020.jpg,550,4,-1,True,175,8550,0.26545418237025564,0.14583333333333334,15,1200,0,0,0,1
815,0550_c0006_000.jpg,550,5,-1,True,175,8550,0.30810724197680395,0.0891492613346918,15,1963,0,0,0,1
816,0550_c0006_005.jpg,550,5,-1,True,175,8550,0.36271571132611125,0.08612204724409449,13,2032,0,0,0,1
817,0550_c0006_010.jpg,550,5,-1,True,175,8550,0.3823475044432763,0.09373326191751473,2,1867,0,1,1,1
818,0550_c0006_015.jpg,550,5,-1,True,175,8550,0.36254556737986365,0.10429082240762813,3,1678,0,1,1,1
819,0550_c0006_020.jpg,550,5,-1,True,175,8550,0.34638090508902697,0.09898190045248868,18,1768,0,0,0,1
820,0550_c0007_000.jpg,550,6,-1,True,175,8550,0.5325172685740205,0.22151898734177214,1,790,1,1,1,1
821,0550_c0007_005.jpg,550,6,-1,True,175,8550,0.5340662896136766,0.30329289428076256,1,577,1,1,1,1
822,0550_c0007_010.jpg,550,6,-1,True,175,8550,0.5359449314850663,0.28594771241830064,1,612,1,1,1,1
823,0550_c0007_015.jpg,550,6,-1,True,175,8550,0.5309937610476462,0.28501628664495116,1,614,1,1,1,1
824,0550_c0007_020.jpg,550,6,-1,True,175,8550,0.5350753765635379,0.2936241610738255,1,596,1,1,1,1
825,0550_c0008_000.jpg,550,7,-1,True,175,8550,0.47757895593615235,0.27689873417721517,1,632,1,1,1,1
826,0550_c0008_005.jpg,550,7,-1,True,175,8550,0.4712439891035704,0.27301092043681746,1,641,1,1,1,1
827,0550_c0008_010.jpg,550,7,-1,True,175,8550,0.49022349936102233,0.25252525252525254,1,693,1,1,1,1
828,0550_c0008_015.jpg,550,7,-1,True,175,8550,0.5088846055860402,0.3064798598949212,1,571,1,1,1,1
829,0550_c0008_020.jpg,550,7,-1,True,175,8550,0.4931048858854341,0.27386541471048514,1,639,1,1,1,1
830,0552_c0001_000.jpg,552,0,-1,True,175,8550,0.6920212869953584,0.17985611510791366,1,973,1,1,1,1
831,0552_c0001_005.jpg,552,0,-1,True,175,8550,0.6744147684141408,0.16794625719769674,1,1042,1,1,1,1
832,0552_c0001_010.jpg,552,0,-1,True,175,8550,0.6483416451368795,0.16188714153561518,1,1081,1,1,1,1
833,0552_c0001_015.jpg,552,0,-1,True,175,8550,0.6372153563921142,0.15337423312883436,1,1141,1,1,1,1
834,0552_c0001_020.jpg,552,0,-1,True,175,8550,0.5881272054851177,0.1300148588410104,1,1346,1,1,1,1
835,0552_c0002_000.jpg,552,1,-1,True,175,8550,0.771429661373469,0.22580645161290322,1,775,1,1,1,1
836,0552_c0002_005.jpg,552,1,-1,True,175,8550,0.7464961870883314,0.20348837209302326,1,860,1,1,1,1
837,0552_c0002_010.jpg,552,1,-1,True,175,8550,0.8170586619813796,0.23777173913043478,1,736,1,1,1,1
838,0552_c0002_015.jpg,552,1,-1,True,175,8550,0.8161710259212603,0.20420070011668612,1,857,1,1,1,1
839,0552_c0002_020.jpg,552,1,-1,True,175,8550,0.7292231028882765,0.1794871794871795,1,975,1,1,1,1
840,0552_c0003_000.jpg,552,2,-1,True,175,8550,1.0,1.0,1,175,1,1,1,1
841,0552_c0003_005.jpg,552,2,-1,True,175,8550,1.0,1.0,1,175,1,1,1,1
842,0552_c0003_010.jpg,552,2,-1,True,175,8550,1.0,1.0,1,175,1,1,1,1
843,0552_c0003_015.jpg,552,2,-1,True,175,8550,1.0,1.0,1,175,1,1,1,1
844,0552_c0003_020.jpg,552,2,-1,True,175,8550,1.0,1.0,1,175,1,1,1,1
845,0552_c0004_000.jpg,552,3,-1,True,175,8550,0.9142448182001012,0.4768392370572207,1,367,1,1,1,1
846,0552_c0004_005.jpg,552,3,-1,True,175,8550,0.8735665317368971,0.38209606986899564,1,458,1,1,1,1
847,0552_c0004_010.jpg,552,3,-1,True,175,8550,0.9808088925539236,0.8413461538461539,1,208,1,1,1,1
848,0552_c0004_015.jpg,552,3,-1,True,175,8550,0.8669530440783043,0.3723404255319149,1,470,1,1,1,1
849,0552_c0004_020.jpg,552,3,-1,True,175,8550,0.931708857071728,0.5192878338278932,1,337,1,1,1,1
850,0552_c0005_000.jpg,552,4,-1,True,175,8550,1.0,1.0,1,175,1,1,1,1
851,0552_c0005_005.jpg,552,4,-1,True,175,8550,1.0,1.0,1,175,1,1,1,1
852,0552_c0005_010.jpg,552,4,-1,True,175,8550,0.9999354317998385,0.9887005649717514,1,177,1,1,1,1
853,0552_c0005_015.jpg,552,4,-1,True,175,8550,0.9987445001713485,0.9162303664921466,1,191,1,1,1,1
854,0552_c0005_020.jpg,552,4,-1,True,175,8550,0.9952947955567073,0.8663366336633663,1,202,1,1,1,1
855,0552_c0006_000.jpg,552,5,-1,True,175,8550,0.8851011521766319,0.24373259052924792,1,718,1,1,1,1
856,0552_c0006_005.jpg,552,5,-1,True,175,8550,0.8813932781299009,0.24752475247524752,1,707,1,1,1,1
857,0552_c0006_010.jpg,552,5,-1,True,175,8550,0.8654025519236289,0.2503576537911302,1,699,1,1,1,1
858,0552_c0006_015.jpg,552,5,-1,True,175,8550,0.8604406750915716,0.25107604017216645,1,697,1,1,1,1
859,0552_c0006_020.jpg,552,5,-1,True,175,8550,0.8687847189583873,0.2627627627627628,1,666,1,1,1,1
860,0552_c0007_000.jpg,552,6,-1,True,175,8550,0.9705809998767632,0.5852842809364549,1,299,1,1,1,1
861,0552_c0007_005.jpg,552,6,-1,True,175,8550,0.9715531674349315,0.5833333333333334,1,300,1,1,1,1
862,0552_c0007_010.jpg,552,6,-1,True,175,8550,0.9546300100026247,0.5043227665706052,1,347,1,1,1,1
863,0552_c0007_015.jpg,552,6,-1,True,175,8550,0.9392063957145655,0.4060324825986079,1,431,1,1,1,1
864,0552_c0007_020.jpg,552,6,-1,True,175,8550,0.7976836825892653,0.33783783783783783,1,518,1,1,1,1
865,0552_c0008_000.jpg,552,7,-1,True,175,8550,0.9491608628538944,0.541795665634675,1,323,1,1,1,1
866,0552_c0008_005.jpg,552,7,-1,True,175,8550,0.97423427123915,0.7446808510638298,1,235,1,1,1,1
867,0552_c0008_010.jpg,552,7,-1,True,175,8550,0.9597925178727157,0.6097560975609756,1,287,1,1,1,1
868,0552_c0008_015.jpg,552,7,-1,True,175,8550,0.9666508973035859,0.6944444444444444,1,252,1,1,1,1
869,0552_c0008_020.jpg,552,7,-1,True,175,8550,0.979071277948897,0.7882882882882883,1,222,1,1,1,1
870,0554_c0001_000.jpg,554,0,-1,True,150,8550,0.6720436020796983,0.17985611510791366,1,834,1,1,1,1
871,0554_c0001_005.jpg,554,0,-1,True,150,8550,0.667679546917856,0.18292682926829268,1,820,1,1,1,1
872,0554_c0001_010.jpg,554,0,-1,True,150,8550,0.6742216329405762,0.18726591760299627,1,801,1,1,1,1
873,0554_c0001_015.jpg,554,0,-1,True,150,8550,0.6549040551956832,0.17793594306049823,1,843,1,1,1,1
874,0554_c0001_020.jpg,554,0,-1,True,150,8550,0.6645489703959482,0.18315018315018314,1,819,1,1,1,1
875,0554_c0002_000.jpg,554,1,-1,True,150,8550,0.5279740411686606,0.22658610271903323,1,662,1,1,1,1
876,0554_c0002_005.jpg,554,1,-1,True,150,8550,0.5272630278086698,0.22522522522522523,1,666,1,1,1,1
877,0554_c0002_010.jpg,554,1,-1,True,150,8550,0.5223874829221217,0.22288261515601784,1,673,1,1,1,1
878,0554_c0002_015.jpg,554,1,-1,True,150,8550,0.5013997239595366,0.23696682464454977,1,633,1,1,1,1
879,0554_c0002_020.jpg,554,1,-1,True,150,8550,0.508844938504376,0.2533783783783784,1,592,1,1,1,1
880,0554_c0003_000.jpg,554,2,-1,True,150,8550,0.8603886996109718,0.2862595419847328,1,524,1,1,1,1
881,0554_c0003_005.jpg,554,2,-1,True,150,8550,0.8691061526944456,0.297029702970297,1,505,1,1,1,1
882,0554_c0003_010.jpg,554,2,-1,True,150,8550,0.864954801265979,0.28901734104046245,1,519,1,1,1,1
883,0554_c0003_015.jpg,554,2,-1,True,150,8550,0.8269781311645151,0.2697841726618705,1,556,1,1,1,1
884,0554_c0003_020.jpg,554,2,-1,True,150,8550,0.8083088109500198,0.26881720430107525,1,558,1,1,1,1
885,0554_c0005_000.jpg,554,4,-1,True,150,8550,0.7930853305399609,0.23400936037441497,1,641,1,1,1,1
886,0554_c0005_005.jpg,554,4,-1,True,150,8550,0.791048494140912,0.23622047244094488,1,635,1,1,1,1
887,0554_c0005_010.jpg,554,4,-1,True,150,8550,0.77077389331605,0.228310502283105,1,657,1,1,1,1
888,0554_c0005_015.jpg,554,4,-1,True,150,8550,0.7848633313461364,0.23112480739599384,1,649,1,1,1,1
889,0554_c0005_020.jpg,554,4,-1,True,150,8550,0.7952800414042495,0.22590361445783133,1,664,1,1,1,1
890,0554_c0006_000.jpg,554,5,-1,True,150,8550,0.9440839807085679,0.7142857142857143,1,210,1,1,1,1
891,0554_c0006_005.jpg,554,5,-1,True,150,8550,0.9495649302380845,0.704225352112676,1,213,1,1,1,1
892,0554_c0006_010.jpg,554,5,-1,True,150,8550,0.9779845222511475,0.7317073170731707,1,205,1,1,1,1
893,0554_c0006_015.jpg,554,5,-1,True,150,8550,0.9003400578159831,0.6756756756756757,1,222,1,1,1,1
894,0554_c0006_020.jpg,554,5,-1,True,150,8550,0.9260468132062905,0.7109004739336493,1,211,1,1,1,1
895,0554_c0007_000.jpg,554,6,-1,True,150,8550,0.9021592450694178,0.3816793893129771,1,393,1,1,1,1
896,0554_c0007_005.jpg,554,6,-1,True,150,8550,0.9138091672141974,0.40106951871657753,1,374,1,1,1,1
897,0554_c0007_010.jpg,554,6,-1,True,150,8550,0.9056693369962022,0.3816793893129771,1,393,1,1,1,1
898,0554_c0007_015.jpg,554,6,-1,True,150,8550,0.9195554791353925,0.4411764705882353,1,340,1,1,1,1
899,0554_c0007_020.jpg,554,6,-1,True,150,8550,0.9231706451569126,0.4411764705882353,1,340,1,1,1,1
900,0554_c0008_000.jpg,554,7,-1,True,150,8550,0.9214091154838946,0.5033557046979866,1,298,1,1,1,1
901,0554_c0008_005.jpg,554,7,-1,True,150,8550,0.9211083854899624,0.5136986301369864,1,292,1,1,1,1
902,0554_c0008_010.jpg,554,7,-1,True,150,8550,0.9224527295756817,0.5190311418685121,1,289,1,1,1,1
903,0554_c0008_015.jpg,554,7,-1,True,150,8550,0.9228941884345141,0.5208333333333334,1,288,1,1,1,1
904,0554_c0008_020.jpg,554,7,-1,True,150,8550,0.9236735857663033,0.5263157894736842,1,285,1,1,1,1
905,0556_c0001_000.jpg,556,0,-1,True,175,8550,0.40737628169697726,0.17465069860279442,30,1002,0,0,0,0
906,0556_c0001_005.jpg,556,0,-1,True,175,8550,0.3080141180239487,0.16571969696969696,30,1056,0,0,0,0
907,0556_c0001_010.jpg,556,0,-1,True,175,8550,0.2465177586186085,0.18305439330543932,41,956,0,0,0,0
908,0556_c0001_015.jpg,556,0,-1,True,175,8550,0.25925638884533597,0.1520417028670721,41,1151,0,0,0,0
909,0556_c0001_020.jpg,556,0,-1,True,175,8550,0.21702002630686373,0.14656616415410384,48,1194,0,0,0,0
910,0556_c0002_000.jpg,556,1,-1,True,175,8550,0.2340105038494678,0.1300148588410104,22,1346,0,0,0,0
911,0556_c0002_005.jpg,556,1,-1,True,175,8550,0.4350459506649306,0.1652502360717658,1,1059,1,1,1,1
912,0556_c0002_010.jpg,556,1,-1,True,175,8550,0.459972405274147,0.17587939698492464,1,995,1,1,1,1
913,0556_c0002_015.jpg,556,1,-1,True,175,8550,0.4512150409110946,0.15527950310559005,1,1127,1,1,1,1
914,0556_c0002_020.jpg,556,1,-1,True,175,8550,0.41343405162424957,0.13523956723338484,1,1294,1,1,1,1
915,0556_c0003_000.jpg,556,2,-1,True,175,8550,0.6551874955221677,0.21631644004944375,1,809,1,1,1,1
916,0556_c0003_005.jpg,556,2,-1,True,175,8550,0.6833865753379244,0.22349936143039592,1,783,1,1,1,1
917,0556_c0003_010.jpg,556,2,-1,True,175,8550,0.7491095380646672,0.2696456086286595,1,649,1,1,1,1
918,0556_c0003_015.jpg,556,2,-1,True,175,8550,0.7598507550108153,0.28180354267310787,1,621,1,1,1,1
919,0556_c0003_020.jpg,556,2,-1,True,175,8550,0.7677879169409312,0.2845528455284553,1,615,1,1,1,1
920,0556_c0004_000.jpg,556,3,-1,True,175,8550,0.6828259997519389,0.17123287671232876,1,1022,1,1,1,1
921,0556_c0004_005.jpg,556,3,-1,True,175,8550,0.7041191278558162,0.1773049645390071,1,987,1,1,1,1
922,0556_c0004_010.jpg,556,3,-1,True,175,8550,0.7446199880464599,0.1719056974459725,1,1018,1,1,1,1
923,0556_c0004_015.jpg,556,3,-1,True,175,8550,0.7582701975295233,0.1719056974459725,1,1018,1,1,1,1
924,0556_c0004_020.jpg,556,3,-1,True,175,8550,0.7671151201193811,0.181723779854621,1,963,1,1,1,1
925,0556_c0005_000.jpg,556,4,-1,True,175,8550,0.16916236015187736,0.1640112464854733,52,1067,0,0,0,0
926,0556_c0005_005.jpg,556,4,-1,True,175,8550,0.18228624229846424,0.18479408658922913,58,947,0,0,0,0
927,0556_c0005_010.jpg,556,4,-1,True,175,8550,0.2567659415766371,0.1873661670235546,26,934,0,0,0,0
928,0556_c0005_015.jpg,556,4,-1,True,175,8550,0.2595132237586766,0.19574944071588368,22,894,0,0,0,0
929,0556_c0005_020.jpg,556,4,-1,True,175,8550,0.2661178775294571,0.18343815513626835,24,954,0,0,0,0
930,0556_c0006_000.jpg,556,5,-1,True,175,8550,0.6672130270627182,0.26676829268292684,1,656,1,1,1,1
931,0556_c0006_005.jpg,556,5,-1,True,175,8550,0.6731962687238983,0.22727272727272727,1,770,1,1,1,1
932,0556_c0006_010.jpg,556,5,-1,True,175,8550,0.710740618417625,0.25773195876288657,1,679,1,1,1,1
933,0556_c0006_015.jpg,556,5,-1,True,175,8550,0.68232679053137,0.2507163323782235,1,698,1,1,1,1
934,0556_c0006_020.jpg,556,5,-1,True,175,8550,0.678285196288678,0.23240371845949534,1,753,1,1,1,1
935,0556_c0007_000.jpg,556,6,-1,True,175,8550,0.7425403577475137,0.3193430656934307,1,548,1,1,1,1
936,0556_c0007_005.jpg,556,6,-1,True,175,8550,0.7174568082385591,0.277337559429477,1,631,1,1,1,1
937,0556_c0007_010.jpg,556,6,-1,True,175,8550,0.7790183017660056,0.27386541471048514,1,639,1,1,1,1
938,0556_c0007_015.jpg,556,6,-1,True,175,8550,0.7273109730117386,0.26435045317220546,1,662,1,1,1,1
939,0556_c0007_020.jpg,556,6,-1,True,175,8550,0.7444697930523367,0.27689873417721517,1,632,1,1,1,1
940,0556_c0008_000.jpg,556,7,-1,True,175,8550,0.7947637043997204,0.2892561983471074,1,605,1,1,1,1
941,0556_c0008_005.jpg,556,7,-1,True,175,8550,0.7289990029883537,0.21160822249093109,1,827,1,1,1,1
942,0556_c0008_010.jpg,556,7,-1,True,175,8550,0.784528206489704,0.21033653846153846,1,832,1,1,1,1
943,0556_c0008_015.jpg,556,7,-1,True,175,8550,0.783974652954948,0.21551724137931033,1,812,1,1,1,1
944,0556_c0008_020.jpg,556,7,-1,True,175,8550,0.8445420819908168,0.23841961852861035,1,734,1,1,1,1
945,0558_c0001_000.jpg,558,0,-1,True,175,8550,0.6866522537741665,0.2596439169139466,1,674,1,1,1,1
946,0558_c0001_005.jpg,558,0,-1,True,175,8550,0.7026304282899621,0.34791252485089463,1,503,1,1,1,1
947,0558_c0001_010.jpg,558,0,-1,True,175,8550,0.717443598048972,0.3747323340471092,1,467,1,1,1,1
948,0558_c0001_015.jpg,558,0,-1,True,175,8550,0.7104571002384389,0.42892156862745096,1,408,1,1,1,1
949,0558_c0001_020.jpg,558,0,-1,True,175,8550,0.6389647539423431,0.42892156862745096,1,408,1,1,1,1
950,0558_c0002_000.jpg,558,1,-1,True,175,8550,0.543454516407104,0.24752475247524752,1,707,1,1,1,1
951,0558_c0002_005.jpg,558,1,-1,True,175,8550,0.520580432689436,0.24509803921568626,1,714,1,1,1,1
952,0558_c0002_010.jpg,558,1,-1,True,175,8550,0.5129216494228732,0.21631644004944375,1,809,1,1,1,1
953,0558_c0002_015.jpg,558,1,-1,True,175,8550,0.5467123095989863,0.2562225475841874,1,683,1,1,1,1
954,0558_c0002_020.jpg,558,1,-1,True,175,8550,0.516128570101026,0.21237864077669902,1,824,1,1,1,1
955,0558_c0003_000.jpg,558,2,-1,True,175,8550,0.8827774164862188,0.16540642722117202,1,1058,1,1,1,1
956,0558_c0003_005.jpg,558,2,-1,True,175,8550,0.8807140019015628,0.1592356687898089,1,1099,1,1,1,1
957,0558_c0003_010.jpg,558,2,-1,True,175,8550,0.8749449733153727,0.15217391304347827,1,1150,1,1,1,1
958,0558_c0003_015.jpg,558,2,-1,True,175,8550,0.8537194738939552,0.19273127753303965,1,908,1,1,1,1
959,0558_c0003_020.jpg,558,2,-1,True,175,8550,0.8663988639831385,0.22407170294494239,1,781,1,1,1,1
960,0558_c0004_000.jpg,558,3,-1,True,175,8550,0.831843097075346,0.30329289428076256,1,577,1,1,1,1
961,0558_c0004_005.jpg,558,3,-1,True,175,8550,0.855909489173242,0.330188679245283,1,530,1,1,1,1
962,0558_c0004_010.jpg,558,3,-1,True,175,8550,0.86556957998745,0.3064798598949212,1,571,1,1,1,1
963,0558_c0004_015.jpg,558,3,-1,True,175,8550,0.8376270437357343,0.2635542168674699,1,664,1,1,1,1
964,0558_c0004_020.jpg,558,3,-1,True,175,8550,0.8354834034894715,0.2358490566037736,1,742,1,1,1,1
965,0558_c0005_000.jpg,558,4,-1,True,175,8550,0.7456448233807171,0.1780264496439471,1,983,1,1,1,1
966,0558_c0005_005.jpg,558,4,-1,True,175,8550,0.7173606961066635,0.17309594460929772,1,1011,1,1,1,1
967,0558_c0005_010.jpg,558,4,-1,True,175,8550,0.7199824696738697,0.1771255060728745,1,988,1,1,1,1
968,0558_c0005_015.jpg,558,4,-1,True,175,8550,0.7266666401346026,0.1800411522633745,1,972,1,1,1,1
969,0558_c0005_020.jpg,558,4,-1,True,175,8550,0.7346934429515602,0.16294227188081936,1,1074,1,1,1,1
970,0558_c0006_000.jpg,558,5,-1,True,175,8550,0.727403699066655,0.5700325732899023,1,307,1,1,1,1
971,0558_c0006_005.jpg,558,5,-1,True,175,8550,0.7350776496875866,0.5645161290322581,1,310,1,1,1,1
972,0558_c0006_010.jpg,558,5,-1,True,175,8550,0.7141885033762232,0.5627009646302251,1,311,1,1,1,1
973,0558_c0006_015.jpg,558,5,-1,True,175,8550,0.7472967353330555,0.5663430420711975,1,309,1,1,1,1
974,0558_c0006_020.jpg,558,5,-1,True,175,8550,0.7323438221715193,0.5520504731861199,1,317,1,1,1,1
975,0558_c0007_000.jpg,558,6,-1,True,175,8550,0.8183292412439096,0.4032258064516129,1,434,1,1,1,1
976,0558_c0007_005.jpg,558,6,-1,True,175,8550,0.805585185576105,0.3314393939393939,1,528,1,1,1,1
977,0558_c0007_010.jpg,558,6,-1,True,175,8550,0.8165447872318009,0.43316831683168316,1,404,1,1,1,1
978,0558_c0007_015.jpg,558,6,-1,True,175,8550,0.8253537401638492,0.45691906005221933,1,383,1,1,1,1
979,0558_c0007_020.jpg,558,6,-1,True,175,8550,0.8317496513954377,0.4716981132075472,1,371,1,1,1,1
980,0558_c0008_000.jpg,558,7,-1,True,175,8550,0.8956414772511175,0.25735294117647056,1,680,1,1,1,1
981,0558_c0008_005.jpg,558,7,-1,True,175,8550,0.8895330440566193,0.22435897435897437,1,780,1,1,1,1
982,0558_c0008_010.jpg,558,7,-1,True,175,8550,0.8925163321451083,0.2348993288590604,1,745,1,1,1,1
983,0558_c0008_015.jpg,558,7,-1,True,175,8550,0.8924092574819669,0.24475524475524477,1,715,1,1,1,1
984,0558_c0008_020.jpg,558,7,-1,True,175,8550,0.8925423637303322,0.25,1,700,1,1,1,1
985,0560_c0001_000.jpg,560,0,-1,True,150,8550,0.9699767617543641,0.7109004739336493,1,211,1,1,1,1
986,0560_c0001_005.jpg,560,0,-1,True,150,8550,0.9743924416205194,0.7142857142857143,1,210,1,1,1,1
987,0560_c0001_010.jpg,560,0,-1,True,150,8550,0.9784983002417498,0.7653061224489796,1,196,1,1,1,1
988,0560_c0001_015.jpg,560,0,-1,True,150,8550,0.9724715650968591,0.7177033492822966,1,209,1,1,1,1
989,0560_c0001_020.jpg,560,0,-1,True,150,8550,0.9651024332741049,0.672645739910314,1,223,1,1,1,1
990,0560_c0002_000.jpg,560,1,-1,True,150,8550,1.0,1.0,1,150,1,1,1,1
991,0560_c0002_005.jpg,560,1,-1,True,150,8550,1.0,1.0,1,150,1,1,1,1
992,0560_c0002_010.jpg,560,1,-1,True,150,8550,1.0,1.0,1,150,1,1,1,1
993,0560_c0002_015.jpg,560,1,-1,True,150,8550,1.0,1.0,1,150,1,1,1,1
994,0560_c0002_020.jpg,560,1,-1,True,150,8550,1.0,1.0,1,150,1,1,1,1
995,0560_c0003_000.jpg,560,2,-1,True,150,8550,1.0,1.0,1,150,1,1,1,1
996,0560_c0003_005.jpg,560,2,-1,True,150,8550,0.9995445134575569,0.9316770186335404,1,161,1,1,1,1
997,0560_c0003_010.jpg,560,2,-1,True,150,8550,0.9992156862745097,0.8823529411764706,1,170,1,1,1,1
998,0560_c0003_015.jpg,560,2,-1,True,150,8550,0.9995445134575569,0.9316770186335404,1,161,1,1,1,1
999,0560_c0003_020.jpg,560,2,-1,True,150,8550,0.9999558498896247,0.9933774834437086,1,151,1,1,1,1
1000,0560_c0005_000.jpg,560,4,-1,True,150,8550,1.0,1.0,1,150,1,1,1,1
1001,0560_c0005_005.jpg,560,4,-1,True,150,8550,1.0,1.0,1,150,1,1,1,1
1002,0560_c0005_010.jpg,560,4,-1,True,150,8550,1.0,1.0,1,150,1,1,1,1
1003,0560_c0005_015.jpg,560,4,-1,True,150,8550,1.0,1.0,1,150,1,1,1,1
1004,0560_c0005_020.jpg,560,4,-1,True,150,8550,1.0,1.0,1,150,1,1,1,1
1005,0560_c0006_000.jpg,560,5,-1,True,150,8550,1.0,1.0,1,150,1,1,1,1
1006,0560_c0006_005.jpg,560,5,-1,True,150,8550,1.0,1.0,1,150,1,1,1,1
1007,0560_c0006_010.jpg,560,5,-1,True,150,8550,1.0,1.0,1,150,1,1,1,1
1008,0560_c0006_015.jpg,560,5,-1,True,150,8550,1.0,1.0,1,150,1,1,1,1
1009,0560_c0006_020.jpg,560,5,-1,True,150,8550,1.0,1.0,1,150,1,1,1,1
1010,0560_c0007_000.jpg,560,6,-1,True,150,8550,1.0,1.0,1,150,1,1,1,1
1011,0560_c0007_005.jpg,560,6,-1,True,150,8550,1.0,1.0,1,150,1,1,1,1
1012,0560_c0007_010.jpg,560,6,-1,True,150,8550,1.0,1.0,1,150,1,1,1,1
1013,0560_c0007_015.jpg,560,6,-1,True,150,8550,1.0,1.0,1,150,1,1,1,1
1014,0560_c0007_020.jpg,560,6,-1,True,150,8550,1.0,1.0,1,150,1,1,1,1
1015,0560_c0008_000.jpg,560,7,-1,True,150,8550,1.0,1.0,1,150,1,1,1,1
1016,0560_c0008_005.jpg,560,7,-1,True,150,8550,1.0,1.0,1,150,1,1,1,1
1017,0560_c0008_010.jpg,560,7,-1,True,150,8550,1.0,1.0,1,150,1,1,1,1
1018,0560_c0008_015.jpg,560,7,-1,True,150,8550,1.0,1.0,1,150,1,1,1,1
1019,0560_c0008_020.jpg,560,7,-1,True,150,8550,1.0,1.0,1,150,1,1,1,1
1020,0562_c0001_000.jpg,562,0,-1,True,50,8550,1.0,1.0,1,50,1,1,1,1
1021,0562_c0001_005.jpg,562,0,-1,True,50,8550,1.0,1.0,1,50,1,1,1,1
1022,0562_c0001_010.jpg,562,0,-1,True,50,8550,1.0,1.0,1,50,1,1,1,1
1023,0562_c0001_015.jpg,562,0,-1,True,50,8550,0.9979574812903884,0.9803921568627451,1,51,1,1,1,1
1024,0562_c0001_020.jpg,562,0,-1,True,50,8550,1.0,1.0,1,50,1,1,1,1
1025,0562_c0003_000.jpg,562,2,-1,True,50,8550,0.98827250141688,0.8620689655172413,1,58,1,1,1,1
1026,0562_c0003_005.jpg,562,2,-1,True,50,8550,0.9172168882394981,0.7692307692307693,1,65,1,1,1,1
1027,0562_c0003_010.jpg,562,2,-1,True,50,8550,0.8802798483133667,0.625,1,80,1,1,1,1
1028,0562_c0003_015.jpg,562,2,-1,True,50,8550,0.8202503753485162,0.6329113924050633,1,79,1,1,1,1
1029,0562_c0003_020.jpg,562,2,-1,True,50,8550,0.8087425501733115,0.6578947368421053,1,76,1,1,1,1
1030,0562_c0005_000.jpg,562,4,-1,True,50,8550,0.9540074044360423,0.819672131147541,1,61,1,1,1,1
1031,0562_c0005_005.jpg,562,4,-1,True,50,8550,0.957842061141749,0.819672131147541,1,61,1,1,1,1
1032,0562_c0005_010.jpg,562,4,-1,True,50,8550,0.9753158297448086,0.847457627118644,1,59,1,1,1,1
1033,0562_c0005_015.jpg,562,4,-1,True,50,8550,1.0,1.0,1,50,1,1,1,1
1034,0562_c0005_020.jpg,562,4,-1,True,50,8550,0.908098963575875,0.6172839506172839,1,81,1,1,1,1
1035,0564_c0001_000.jpg,564,0,-1,True,150,8550,1.0,1.0,1,150,1,1,1,1
1036,0564_c0001_005.jpg,564,0,-1,True,150,8550,1.0,1.0,1,150,1,1,1,1
1037,0564_c0001_010.jpg,564,0,-1,True,150,8550,1.0,1.0,1,150,1,1,1,1
1038,0564_c0001_015.jpg,564,0,-1,True,150,8550,1.0,1.0,1,150,1,1,1,1
1039,0564_c0001_020.jpg,564,0,-1,True,150,8550,1.0,1.0,1,150,1,1,1,1
1040,0564_c0002_000.jpg,564,1,-1,True,150,8550,0.8985428153692046,0.8522727272727273,1,176,1,1,1,1
1041,0564_c0002_005.jpg,564,1,-1,True,150,8550,0.9113252177367637,0.847457627118644,1,177,1,1,1,1
1042,0564_c0002_010.jpg,564,1,-1,True,150,8550,0.9213513559496828,0.8571428571428571,1,175,1,1,1,1
1043,0564_c0002_015.jpg,564,1,-1,True,150,8550,0.9283747308385061,0.8522727272727273,1,176,1,1,1,1
1044,0564_c0002_020.jpg,564,1,-1,True,150,8550,0.8892248316292485,0.847457627118644,1,177,1,1,1,1
1045,0564_c0004_000.jpg,564,3,-1,True,150,8550,0.9765518414362323,0.8522727272727273,1,176,1,1,1,1
1046,0564_c0004_005.jpg,564,3,-1,True,150,8550,0.985343527924911,0.8670520231213873,1,173,1,1,1,1
1047,0564_c0004_010.jpg,564,3,-1,True,150,8550,0.9623711946031798,0.8241758241758241,1,182,1,1,1,1
1048,0564_c0004_015.jpg,564,3,-1,True,150,8550,0.9858543545616237,0.8670520231213873,1,173,1,1,1,1
1049,0564_c0004_020.jpg,564,3,-1,True,150,8550,0.9803023233005151,0.8571428571428571,1,175,1,1,1,1
1050,0564_c0005_000.jpg,564,4,-1,True,150,8550,1.0,1.0,1,150,1,1,1,1
1051,0564_c0005_005.jpg,564,4,-1,True,150,8550,1.0,1.0,1,150,1,1,1,1
1052,0564_c0005_010.jpg,564,4,-1,True,150,8550,1.0,1.0,1,150,1,1,1,1
1053,0564_c0005_015.jpg,564,4,-1,True,150,8550,1.0,1.0,1,150,1,1,1,1
1054,0564_c0005_020.jpg,564,4,-1,True,150,8550,1.0,1.0,1,150,1,1,1,1
1055,0564_c0006_000.jpg,564,5,-1,True,150,8550,1.0,1.0,1,150,1,1,1,1
1056,0564_c0006_005.jpg,564,5,-1,True,150,8550,1.0,1.0,1,150,1,1,1,1
1057,0564_c0006_010.jpg,564,5,-1,True,150,8550,1.0,1.0,1,150,1,1,1,1
1058,0564_c0006_015.jpg,564,5,-1,True,150,8550,1.0,1.0,1,150,1,1,1,1
1059,0564_c0006_020.jpg,564,5,-1,True,150,8550,1.0,1.0,1,150,1,1,1,1
1060,0564_c0007_000.jpg,564,6,-1,True,150,8550,1.0,1.0,1,150,1,1,1,1
1061,0564_c0007_005.jpg,564,6,-1,True,150,8550,1.0,1.0,1,150,1,1,1,1
1062,0564_c0007_010.jpg,564,6,-1,True,150,8550,0.9999558498896247,0.9933774834437086,1,151,1,1,1,1
1063,0564_c0007_015.jpg,564,6,-1,True,150,8550,1.0,1.0,1,150,1,1,1,1
1064,0564_c0007_020.jpg,564,6,-1,True,150,8550,1.0,1.0,1,150,1,1,1,1
1065,0564_c0008_000.jpg,564,7,-1,True,150,8550,1.0,1.0,1,150,1,1,1,1
1066,0564_c0008_005.jpg,564,7,-1,True,150,8550,1.0,1.0,1,150,1,1,1,1
1067,0564_c0008_010.jpg,564,7,-1,True,150,8550,1.0,1.0,1,150,1,1,1,1
1068,0564_c0008_015.jpg,564,7,-1,True,150,8550,1.0,1.0,1,150,1,1,1,1
1069,0564_c0008_020.jpg,564,7,-1,True,150,8550,1.0,1.0,1,150,1,1,1,1
1070,0566_c0001_000.jpg,566,0,-1,True,175,8550,0.8580193106404298,0.6809338521400778,1,257,1,1,1,1
1071,0566_c0001_005.jpg,566,0,-1,True,175,8550,0.861333224558774,0.6730769230769231,1,260,1,1,1,1
1072,0566_c0001_010.jpg,566,0,-1,True,175,8550,0.886288683646928,0.7056451612903226,1,248,1,1,1,1
1073,0566_c0001_015.jpg,566,0,-1,True,175,8550,0.8568063931332709,0.6889763779527559,1,254,1,1,1,1
1074,0566_c0001_020.jpg,566,0,-1,True,175,8550,0.8681321914223518,0.7172131147540983,1,244,1,1,1,1
1075,0566_c0002_000.jpg,566,1,-1,True,175,8550,0.8668800559159779,0.423728813559322,1,413,1,1,1,1
1076,0566_c0002_005.jpg,566,1,-1,True,175,8550,0.8989570479438405,0.5072463768115942,1,345,1,1,1,1
1077,0566_c0002_010.jpg,566,1,-1,True,175,8550,0.916735300254611,0.5319148936170213,1,329,1,1,1,1
1078,0566_c0002_015.jpg,566,1,-1,True,175,8550,0.9105086103203268,0.44191919191919193,1,396,1,1,1,1
1079,0566_c0002_020.jpg,566,1,-1,True,175,8550,0.8886463569730345,0.5608974358974359,1,312,1,1,1,1
1080,0566_c0003_000.jpg,566,2,-1,True,175,8550,0.9431215702603036,0.708502024291498,1,247,1,1,1,1
1081,0566_c0003_005.jpg,566,2,-1,True,175,8550,0.89995967277393,0.45931758530183725,1,381,1,1,1,1
1082,0566_c0003_010.jpg,566,2,-1,True,175,8550,0.9749205590876181,0.6055363321799307,1,289,1,1,1,1
1083,0566_c0003_015.jpg,566,2,-1,True,175,8550,0.8786787549064747,0.3787878787878788,1,462,1,1,1,1
1084,0566_c0003_020.jpg,566,2,-1,True,175,8550,0.9528360140025968,0.5162241887905604,1,339,1,1,1,1
1085,0566_c0004_000.jpg,566,3,-1,True,175,8550,0.8862655481962575,0.4098360655737705,1,427,1,1,1,1
1086,0566_c0004_005.jpg,566,3,-1,True,175,8550,0.9618555180960329,0.6809338521400778,1,257,1,1,1,1
1087,0566_c0004_010.jpg,566,3,-1,True,175,8550,0.9528097165830672,0.6055363321799307,1,289,1,1,1,1
1088,0566_c0004_015.jpg,566,3,-1,True,175,8550,0.9862488927157659,0.7954545454545454,1,220,1,1,1,1
1089,0566_c0004_020.jpg,566,3,-1,True,175,8550,0.9661964098917364,0.7709251101321586,1,227,1,1,1,1
1090,0566_c0005_000.jpg,566,4,-1,True,175,8550,0.46797465637452595,0.19487750556792874,8,898,0,0,1,1
1091,0566_c0005_005.jpg,566,4,-1,True,175,8550,0.5527196783357429,0.21084337349397592,2,830,0,1,1,1
1092,0566_c0005_010.jpg,566,4,-1,True,175,8550,0.4945324138067167,0.18959913326110509,7,923,0,0,1,1
1093,0566_c0005_015.jpg,566,4,-1,True,175,8550,0.47767562094394245,0.19422863485016648,8,901,0,0,1,1
1094,0566_c0005_020.jpg,566,4,-1,True,175,8550,0.5179479934531931,0.22845953002610966,7,766,0,0,1,1
1095,0566_c0006_000.jpg,566,5,-1,True,175,8550,0.873763555442158,0.44191919191919193,1,396,1,1,1,1
1096,0566_c0006_005.jpg,566,5,-1,True,175,8550,0.8842157785344436,0.5223880597014925,1,335,1,1,1,1
1097,0566_c0006_010.jpg,566,5,-1,True,175,8550,0.9347398736422893,0.6889763779527559,1,254,1,1,1,1
1098,0566_c0006_015.jpg,566,5,-1,True,175,8550,0.8769946544539187,0.6076388888888888,1,288,1,1,1,1
1099,0566_c0006_020.jpg,566,5,-1,True,175,8550,0.9832080260930106,0.8883248730964467,1,197,1,1,1,1
1100,0566_c0007_000.jpg,566,6,-1,True,175,8550,0.854072520912527,0.36082474226804123,1,485,1,1,1,1
1101,0566_c0007_005.jpg,566,6,-1,True,175,8550,0.7679438699045097,0.29711375212224106,1,589,1,1,1,1
1102,0566_c0007_010.jpg,566,6,-1,True,175,8550,0.7452775879254544,0.2976190476190476,1,588,1,1,1,1
1103,0566_c0007_015.jpg,566,6,-1,True,175,8550,0.7172733009520099,0.22996057818659657,1,761,1,1,1,1
1104,0566_c0007_020.jpg,566,6,-1,True,175,8550,0.6896485655485567,0.23178807947019867,1,755,1,1,1,1
1105,0566_c0008_000.jpg,566,7,-1,True,175,8550,0.8702569598146428,0.7743362831858407,1,226,1,1,1,1
1106,0566_c0008_005.jpg,566,7,-1,True,175,8550,0.8987841263821412,0.7743362831858407,1,226,1,1,1,1
1107,0566_c0008_010.jpg,566,7,-1,True,175,8550,0.9202427955709793,0.7777777777777778,1,225,1,1,1,1
1108,0566_c0008_015.jpg,566,7,-1,True,175,8550,0.9041366763096618,0.7172131147540983,1,244,1,1,1,1
1109,0566_c0008_020.jpg,566,7,-1,True,175,8550,0.8814294978353655,0.7352941176470589,1,238,1,1,1,1
1110,0568_c0001_000.jpg,568,0,-1,True,50,8550,0.1322354109040529,0.13812154696132597,100,362,0,0,0,0
1111,0568_c0001_005.jpg,568,0,-1,True,50,8550,0.10664565417196262,0.1278772378516624,103,391,0,0,0,0
1112,0568_c0001_010.jpg,568,0,-1,True,50,8550,0.16102732505687134,0.1718213058419244,101,291,0,0,0,0
1113,0568_c0001_015.jpg,568,0,-1,True,50,8550,0.14978425038404758,0.1524390243902439,101,328,0,0,0,0
1114,0568_c0001_020.jpg,568,0,-1,True,50,8550,0.13650549549381538,0.14285714285714285,101,350,0,0,0,0
1115,0568_c0005_000.jpg,568,4,-1,True,50,8550,0.6625064182938548,0.3787878787878788,1,132,1,1,1,1
1116,0568_c0005_005.jpg,568,4,-1,True,50,8550,0.6301748142771612,0.38461538461538464,1,130,1,1,1,1
1117,0568_c0005_010.jpg,568,4,-1,True,50,8550,0.7797979356126489,0.47619047619047616,1,105,1,1,1,1
1118,0568_c0005_015.jpg,568,4,-1,True,50,8550,0.6831548298754229,0.38461538461538464,1,130,1,1,1,1
1119,0568_c0005_020.jpg,568,4,-1,True,50,8550,0.6897387282875101,0.390625,1,128,1,1,1,1
1120,0568_c0006_000.jpg,568,5,-1,True,50,8550,0.6860167206426135,0.3937007874015748,1,127,1,1,1,1
1121,0568_c0006_005.jpg,568,5,-1,True,50,8550,0.6762864604576516,0.3816793893129771,1,131,1,1,1,1
1122,0568_c0006_010.jpg,568,5,-1,True,50,8550,0.840744561577109,0.5681818181818182,1,88,1,1,1,1
1123,0568_c0006_015.jpg,568,5,-1,True,50,8550,0.86916945884991,0.4716981132075472,1,106,1,1,1,1
1124,0568_c0006_020.jpg,568,5,-1,True,50,8550,0.719805239501604,0.4065040650406504,1,123,1,1,1,1
1125,0570_c0001_000.jpg,570,0,-1,True,150,8550,0.9375474838486101,0.75,1,200,1,1,1,1
1126,0570_c0001_005.jpg,570,0,-1,True,150,8550,0.9343565714434179,0.8571428571428571,1,175,1,1,1,1
1127,0570_c0001_010.jpg,570,0,-1,True,150,8550,0.9355572289700295,0.8426966292134831,1,178,1,1,1,1
1128,0570_c0001_015.jpg,570,0,-1,True,150,8550,0.9315172720492221,0.819672131147541,1,183,1,1,1,1
1129,0570_c0001_020.jpg,570,0,-1,True,150,8550,0.9123563099061271,0.7614213197969543,1,197,1,1,1,1
1130,0570_c0002_000.jpg,570,1,-1,True,150,8550,0.9363956145304402,0.6172839506172839,1,243,1,1,1,1
1131,0570_c0002_005.jpg,570,1,-1,True,150,8550,0.9412471524402765,0.6666666666666666,1,225,1,1,1,1
1132,0570_c0002_010.jpg,570,1,-1,True,150,8550,0.9294864323107045,0.6666666666666666,1,225,1,1,1,1
1133,0570_c0002_015.jpg,570,1,-1,True,150,8550,0.9416279668167359,0.6666666666666666,1,225,1,1,1,1
1134,0570_c0002_020.jpg,570,1,-1,True,150,8550,0.9241504993752744,0.6666666666666666,1,225,1,1,1,1
1135,0570_c0004_000.jpg,570,3,-1,True,150,8550,0.97329606361689,0.6172839506172839,1,243,1,1,1,1
1136,0570_c0004_005.jpg,570,3,-1,True,150,8550,0.960780537947702,0.6147540983606558,1,244,1,1,1,1
1137,0570_c0004_010.jpg,570,3,-1,True,150,8550,0.9787784403395142,0.6302521008403361,1,238,1,1,1,1
1138,0570_c0004_015.jpg,570,3,-1,True,150,8550,0.9770920010008834,0.6880733944954128,1,218,1,1,1,1
1139,0570_c0004_020.jpg,570,3,-1,True,150,8550,0.9055735326312303,0.45871559633027525,1,327,1,1,1,1
1140,0570_c0005_000.jpg,570,4,-1,True,150,8550,0.9999558498896247,0.9933774834437086,1,151,1,1,1,1
1141,0570_c0005_005.jpg,570,4,-1,True,150,8550,0.9990692389815197,0.9259259259259259,1,162,1,1,1,1
1142,0570_c0005_010.jpg,570,4,-1,True,150,8550,0.9990276246818409,0.9259259259259259,1,162,1,1,1,1
1143,0570_c0005_015.jpg,570,4,-1,True,150,8550,0.9996496507172004,0.974025974025974,1,154,1,1,1,1
1144,0570_c0005_020.jpg,570,4,-1,True,150,8550,0.9998666627158738,0.9933774834437086,1,151,1,1,1,1
1145,0570_c0006_000.jpg,570,5,-1,True,150,8550,0.996831921299097,0.8982035928143712,1,167,1,1,1,1
1146,0570_c0006_005.jpg,570,5,-1,True,150,8550,0.9855609583453838,0.8021390374331551,1,187,1,1,1,1
1147,0570_c0006_010.jpg,570,5,-1,True,150,8550,0.9958434822887473,0.8771929824561403,1,171,1,1,1,1
1148,0570_c0006_015.jpg,570,5,-1,True,150,8550,0.9863125307527874,0.8152173913043478,1,184,1,1,1,1
1149,0570_c0006_020.jpg,570,5,-1,True,150,8550,0.9712334687168604,0.75,1,200,1,1,1,1
1150,0570_c0007_000.jpg,570,6,-1,True,150,8550,0.9779779285486431,0.7894736842105263,1,190,1,1,1,1
1151,0570_c0007_005.jpg,570,6,-1,True,150,8550,0.9810698257825702,0.7894736842105263,1,190,1,1,1,1
1152,0570_c0007_010.jpg,570,6,-1,True,150,8550,0.9797730727756194,0.746268656716418,1,201,1,1,1,1
1153,0570_c0007_015.jpg,570,6,-1,True,150,8550,0.9621869329157229,0.7109004739336493,1,211,1,1,1,1
1154,0570_c0007_020.jpg,570,6,-1,True,150,8550,0.9478110427276393,0.6787330316742082,1,221,1,1,1,1
1155,0570_c0008_000.jpg,570,7,-1,True,150,8550,0.9995481415541684,0.9868421052631579,1,152,1,1,1,1
1156,0570_c0008_005.jpg,570,7,-1,True,150,8550,0.9999558498896247,0.9933774834437086,1,151,1,1,1,1
1157,0570_c0008_010.jpg,570,7,-1,True,150,8550,0.9999114054451803,0.9933774834437086,1,151,1,1,1,1
1158,0570_c0008_015.jpg,570,7,-1,True,150,8550,0.9999558498896247,0.9933774834437086,1,151,1,1,1,1
1159,0570_c0008_020.jpg,570,7,-1,True,150,8550,1.0,1.0,1,150,1,1,1,1
1160,0572_c0001_000.jpg,572,0,-1,True,175,8550,0.9487716020247093,0.5852842809364549,1,299,1,1,1,1
1161,0572_c0001_005.jpg,572,0,-1,True,175,8550,0.9743547615497063,0.6227758007117438,1,281,1,1,1,1
1162,0572_c0001_010.jpg,572,0,-1,True,175,8550,0.9249469341012636,0.550314465408805,1,318,1,1,1,1
1163,0572_c0001_015.jpg,572,0,-1,True,175,8550,0.9481849072757648,0.5775577557755776,1,303,1,1,1,1
1164,0572_c0001_020.jpg,572,0,-1,True,175,8550,0.8772747066424098,0.45103092783505155,1,388,1,1,1,1
1165,0572_c0002_000.jpg,572,1,-1,True,175,8550,0.886487313971488,0.38209606986899564,1,458,1,1,1,1
1166,0572_c0002_005.jpg,572,1,-1,True,175,8550,0.8734768099152637,0.40045766590389015,1,437,1,1,1,1
1167,0572_c0002_010.jpg,572,1,-1,True,175,8550,0.8862070032255949,0.38209606986899564,1,458,1,1,1,1
1168,0572_c0002_015.jpg,572,1,-1,True,175,8550,0.9067033616998643,0.4227053140096618,1,414,1,1,1,1
1169,0572_c0002_020.jpg,572,1,-1,True,175,8550,0.8839851922422912,0.3211009174311927,1,545,1,1,1,1
1170,0572_c0003_000.jpg,572,2,-1,True,175,8550,0.5283547112606097,0.1727541954590326,1,1013,1,1,1,1
1171,0572_c0003_005.jpg,572,2,-1,True,175,8550,0.528241740746512,0.19729425028184894,1,887,1,1,1,1
1172,0572_c0003_010.jpg,572,2,-1,True,175,8550,0.6789791101223042,0.2413793103448276,1,725,1,1,1,1
1173,0572_c0003_015.jpg,572,2,-1,True,175,8550,0.46651985652829386,0.16447368421052633,1,1064,1,1,1,1
1174,0572_c0003_020.jpg,572,2,-1,True,175,8550,0.5927676442889027,0.18363064008394545,1,953,1,1,1,1
1175,0572_c0004_000.jpg,572,3,-1,True,175,8550,0.9656680285976494,0.8706467661691543,1,201,1,1,1,1
1176,0572_c0004_005.jpg,572,3,-1,True,175,8550,0.9443837419031283,0.8706467661691543,1,201,1,1,1,1
1177,0572_c0004_010.jpg,572,3,-1,True,175,8550,0.9407363895151272,0.875,1,200,1,1,1,1
1178,0572_c0004_015.jpg,572,3,-1,True,175,8550,0.9409486980255575,0.875,1,200,1,1,1,1
1179,0572_c0004_020.jpg,572,3,-1,True,175,8550,0.9468686127748916,0.8663366336633663,1,202,1,1,1,1
1180,0572_c0005_000.jpg,572,4,-1,True,175,8550,0.8495509997941358,0.11475409836065574,1,1525,1,1,1,1
1181,0572_c0005_005.jpg,572,4,-1,True,175,8550,0.896807612553731,0.15283842794759825,1,1145,1,1,1,1
1182,0572_c0005_010.jpg,572,4,-1,True,175,8550,0.893040737109402,0.12848751835535976,1,1362,1,1,1,1
1183,0572_c0005_015.jpg,572,4,-1,True,175,8550,0.8799429695529515,0.10379596678529063,1,1686,1,1,1,1
1184,0572_c0005_020.jpg,572,4,-1,True,175,8550,0.8781640487223799,0.106318347509113,1,1646,1,1,1,1
1185,0572_c0006_000.jpg,572,5,-1,True,175,8550,0.9996205021372934,0.9562841530054644,1,183,1,1,1,1
1186,0572_c0006_005.jpg,572,5,-1,True,175,8550,0.9999036918138042,0.9831460674157303,1,178,1,1,1,1
1187,0572_c0006_010.jpg,572,5,-1,True,175,8550,1.0,1.0,1,175,1,1,1,1
1188,0572_c0006_015.jpg,572,5,-1,True,175,8550,0.9995859648825751,0.9615384615384616,1,182,1,1,1,1
1189,0572_c0006_020.jpg,572,5,-1,True,175,8550,1.0,1.0,1,175,1,1,1,1
1190,0572_c0007_000.jpg,572,6,-1,True,175,8550,0.7793365961687312,0.18421052631578946,1,950,1,1,1,1
1191,0572_c0007_005.jpg,572,6,-1,True,175,8550,0.7752572248872618,0.14250814332247558,1,1228,1,1,1,1
1192,0572_c0007_010.jpg,572,6,-1,True,175,8550,0.7982431892162128,0.23809523809523808,1,735,1,1,1,1
1193,0572_c0007_015.jpg,572,6,-1,True,175,8550,0.8099791404241931,0.2536231884057971,1,690,1,1,1,1
1194,0572_c0007_020.jpg,572,6,-1,True,175,8550,0.7715952601631004,0.17766497461928935,1,985,1,1,1,1
1195,0572_c0008_000.jpg,572,7,-1,True,175,8550,1.0,1.0,1,175,1,1,1,1
1196,0572_c0008_005.jpg,572,7,-1,True,175,8550,0.9996763602971234,0.9776536312849162,1,179,1,1,1,1
1197,0572_c0008_010.jpg,572,7,-1,True,175,8550,0.9963684321841048,0.9259259259259259,1,189,1,1,1,1
1198,0572_c0008_015.jpg,572,7,-1,True,175,8550,0.9949184461990133,0.9067357512953368,1,193,1,1,1,1
1199,0572_c0008_020.jpg,572,7,-1,True,175,8550,0.9997062865761006,0.9887005649717514,1,177,1,1,1,1
1200,0574_c0001_000.jpg,574,0,-1,True,150,8550,1.0,1.0,1,150,1,1,1,1
1201,0574_c0001_005.jpg,574,0,-1,True,150,8550,1.0,1.0,1,150,1,1,1,1
1202,0574_c0001_010.jpg,574,0,-1,True,150,8550,1.0,1.0,1,150,1,1,1,1
1203,0574_c0001_015.jpg,574,0,-1,True,150,8550,1.0,1.0,1,150,1,1,1,1
1204,0574_c0001_020.jpg,574,0,-1,True,150,8550,1.0,1.0,1,150,1,1,1,1
1205,0574_c0002_000.jpg,574,1,-1,True,150,8550,0.9225458622776497,0.7537688442211056,1,199,1,1,1,1
1206,0574_c0002_005.jpg,574,1,-1,True,150,8550,0.9438151685267204,0.8522727272727273,1,176,1,1,1,1
1207,0574_c0002_010.jpg,574,1,-1,True,150,8550,0.9736128867332681,0.8379888268156425,1,179,1,1,1,1
1208,0574_c0002_015.jpg,574,1,-1,True,150,8550,0.9768024508558479,0.8379888268156425,1,179,1,1,1,1
1209,0574_c0002_020.jpg,574,1,-1,True,150,8550,0.9510255428239737,0.6607929515418502,1,227,1,1,1,1
1210,0574_c0003_000.jpg,574,2,-1,True,150,8550,0.9847979484558166,0.8522727272727273,1,176,1,1,1,1
1211,0574_c0003_005.jpg,574,2,-1,True,150,8550,0.9855609689494603,0.8522727272727273,1,176,1,1,1,1
1212,0574_c0003_010.jpg,574,2,-1,True,150,8550,0.9845874550137669,0.8522727272727273,1,176,1,1,1,1
1213,0574_c0003_015.jpg,574,2,-1,True,150,8550,0.9795821172996553,0.8379888268156425,1,179,1,1,1,1
1214,0574_c0003_020.jpg,574,2,-1,True,150,8550,0.9828679261098925,0.8426966292134831,1,178,1,1,1,1
1215,0574_c0004_000.jpg,574,3,-1,True,150,8550,0.9997326970090357,0.9868421052631579,1,152,1,1,1,1
1216,0574_c0004_005.jpg,574,3,-1,True,150,8550,0.9993340371066034,0.9803921568627451,1,153,1,1,1,1
1217,0574_c0004_010.jpg,574,3,-1,True,150,8550,0.9989056835994184,0.9615384615384616,1,156,1,1,1,1
1218,0574_c0004_015.jpg,574,3,-1,True,150,8550,0.9999114054451803,0.9933774834437086,1,151,1,1,1,1
1219,0574_c0004_020.jpg,574,3,-1,True,150,8550,0.9994855252274609,0.9615384615384616,1,156,1,1,1,1
1220,0574_c0005_000.jpg,574,4,-1,True,150,8550,0.9823700259910171,0.8241758241758241,1,182,1,1,1,1
1221,0574_c0005_005.jpg,574,4,-1,True,150,8550,0.9858353051676524,0.847457627118644,1,177,1,1,1,1
1222,0574_c0005_010.jpg,574,4,-1,True,150,8550,0.9838452692065561,0.819672131147541,1,183,1,1,1,1
1223,0574_c0005_015.jpg,574,4,-1,True,150,8550,0.9745699527737323,0.7692307692307693,1,195,1,1,1,1
1224,0574_c0005_020.jpg,574,4,-1,True,150,8550,0.9747762748810733,0.7575757575757576,1,198,1,1,1,1
1225,0574_c0006_000.jpg,574,5,-1,True,150,8550,0.9999558498896247,0.9933774834437086,1,151,1,1,1,1
1226,0574_c0006_005.jpg,574,5,-1,True,150,8550,0.9996888412327295,0.9868421052631579,1,152,1,1,1,1
1227,0574_c0006_010.jpg,574,5,-1,True,150,8550,0.9986414024146806,0.8875739644970414,1,169,1,1,1,1
1228,0574_c0006_015.jpg,574,5,-1,True,150,8550,0.9966173721730697,0.847457627118644,1,177,1,1,1,1
1229,0574_c0006_020.jpg,574,5,-1,True,150,8550,0.9964342730808023,0.847457627118644,1,177,1,1,1,1
1230,0574_c0008_000.jpg,574,7,-1,True,150,8550,0.9994700751684972,0.974025974025974,1,154,1,1,1,1
1231,0574_c0008_005.jpg,574,7,-1,True,150,8550,0.9980139559924616,0.9375,1,160,1,1,1,1
1232,0574_c0008_010.jpg,574,7,-1,True,150,8550,0.9983424952341864,0.9554140127388535,1,157,1,1,1,1
1233,0574_c0008_015.jpg,574,7,-1,True,150,8550,0.9981894318164748,0.9433962264150944,1,159,1,1,1,1
1234,0574_c0008_020.jpg,574,7,-1,True,150,8550,0.9984893352812025,0.9493670886075949,1,158,1,1,1,1
1235,0576_c0001_000.jpg,576,0,-1,True,150,8550,0.8655954682078097,0.4032258064516129,1,372,1,1,1,1
1236,0576_c0001_005.jpg,576,0,-1,True,150,8550,0.8416939317975992,0.352112676056338,1,426,1,1,1,1
1237,0576_c0001_010.jpg,576,0,-1,True,150,8550,0.8254819126001539,0.32397408207343414,1,463,1,1,1,1
1238,0576_c0001_015.jpg,576,0,-1,True,150,8550,0.8585051683170362,0.3836317135549872,1,391,1,1,1,1
1239,0576_c0001_020.jpg,576,0,-1,True,150,8550,0.8413223968951277,0.33783783783783783,1,444,1,1,1,1
1240,0576_c0002_000.jpg,576,1,-1,True,150,8550,0.7327212348741282,0.2994011976047904,1,501,1,1,1,1
1241,0576_c0002_005.jpg,576,1,-1,True,150,8550,0.6261364509129044,0.2148997134670487,1,698,1,1,1,1
1242,0576_c0002_010.jpg,576,1,-1,True,150,8550,0.6970692191400557,0.2788104089219331,1,538,1,1,1,1
1243,0576_c0002_015.jpg,576,1,-1,True,150,8550,0.6586566856276181,0.22123893805309736,1,678,1,1,1,1
1244,0576_c0002_020.jpg,576,1,-1,True,150,8550,0.6181588396445339,0.25862068965517243,1,580,1,1,1,1
1245,0576_c0003_000.jpg,576,2,-1,True,150,8550,0.9878913824816872,0.8571428571428571,1,175,1,1,1,1
1246,0576_c0003_005.jpg,576,2,-1,True,150,8550,0.9948169245933927,0.8571428571428571,1,175,1,1,1,1
1247,0576_c0003_010.jpg,576,2,-1,True,150,8550,0.9948984581777961,0.8571428571428571,1,175,1,1,1,1
1248,0576_c0003_015.jpg,576,2,-1,True,150,8550,0.9977437113916365,0.8571428571428571,1,175,1,1,1,1
1249,0576_c0003_020.jpg,576,2,-1,True,150,8550,0.995410376534054,0.8571428571428571,1,175,1,1,1,1
1250,0576_c0004_000.jpg,576,3,-1,True,150,8550,0.9999114054451803,0.9933774834437086,1,151,1,1,1,1
1251,0576_c0004_005.jpg,576,3,-1,True,150,8550,0.9975963340519675,0.8823529411764706,1,170,1,1,1,1
1252,0576_c0004_010.jpg,576,3,-1,True,150,8550,0.9975412482535213,0.8771929824561403,1,171,1,1,1,1
1253,0576_c0004_015.jpg,576,3,-1,True,150,8550,0.9998230935280035,0.9868421052631579,1,152,1,1,1,1
1254,0576_c0004_020.jpg,576,3,-1,True,150,8550,0.9945067893877132,0.8571428571428571,1,175,1,1,1,1
1255,0576_c0005_000.jpg,576,4,-1,True,150,8550,0.9735290545970691,0.75,1,200,1,1,1,1
1256,0576_c0005_005.jpg,576,4,-1,True,150,8550,0.9626694339363371,0.6637168141592921,1,226,1,1,1,1
1257,0576_c0005_010.jpg,576,4,-1,True,150,8550,0.9651104188037846,0.672645739910314,1,223,1,1,1,1
1258,0576_c0005_015.jpg,576,4,-1,True,150,8550,0.9460726836384328,0.5660377358490566,1,265,1,1,1,1
1259,0576_c0005_020.jpg,576,4,-1,True,150,8550,0.9485945948590356,0.5319148936170213,1,282,1,1,1,1
1260,0576_c0006_000.jpg,576,5,-1,True,150,8550,0.9539848494842118,0.6521739130434783,1,230,1,1,1,1
1261,0576_c0006_005.jpg,576,5,-1,True,150,8550,0.9458772657006034,0.646551724137931,1,232,1,1,1,1
1262,0576_c0006_010.jpg,576,5,-1,True,150,8550,0.9296438236157049,0.6437768240343348,1,233,1,1,1,1
1263,0576_c0006_015.jpg,576,5,-1,True,150,8550,0.9469512316262505,0.6493506493506493,1,231,1,1,1,1
1264,0576_c0006_020.jpg,576,5,-1,True,150,8550,0.9416137610359724,0.6329113924050633,1,237,1,1,1,1
1265,0576_c0007_000.jpg,576,6,-1,True,150,8550,0.7932627569542248,0.22590361445783133,1,664,1,1,1,1
1266,0576_c0007_005.jpg,576,6,-1,True,150,8550,0.8313557455473582,0.26362038664323373,1,569,1,1,1,1
1267,0576_c0007_010.jpg,576,6,-1,True,150,8550,0.8649591251272432,0.2777777777777778,1,540,1,1,1,1
1268,0576_c0007_015.jpg,576,6,-1,True,150,8550,0.864663881358119,0.33707865168539325,1,445,1,1,1,1
1269,0576_c0007_020.jpg,576,6,-1,True,150,8550,0.8492996200834132,0.2697841726618705,1,556,1,1,1,1
1270,0578_c0001_000.jpg,578,0,-1,True,175,8550,0.5939501804838915,0.2786624203821656,1,628,1,1,1,1
1271,0578_c0001_005.jpg,578,0,-1,True,175,8550,0.5728692819600003,0.25107604017216645,1,697,1,1,1,1
1272,0578_c0001_010.jpg,578,0,-1,True,175,8550,0.5859167343065483,0.2795527156549521,1,626,1,1,1,1
1273,0578_c0001_015.jpg,578,0,-1,True,175,8550,0.5305856628139038,0.25697503671071953,1,681,1,1,1,1
1274,0578_c0001_020.jpg,578,0,-1,True,175,8550,0.5166442698378416,0.23616734143049933,1,741,1,1,1,1
1275,0578_c0002_000.jpg,578,1,-1,True,175,8550,0.4574245754677412,0.13966480446927373,1,1253,1,1,1,1
1276,0578_c0002_005.jpg,578,1,-1,True,175,8550,0.32258159580841816,0.15086206896551724,12,1160,0,0,0,1
1277,0578_c0002_010.jpg,578,1,-1,True,175,8550,0.42716219980748527,0.1358695652173913,2,1288,0,1,1,1
1278,0578_c0002_015.jpg,578,1,-1,True,175,8550,0.33836678722435637,0.13977635782747605,22,1252,0,0,0,0
1279,0578_c0002_020.jpg,578,1,-1,True,175,8550,0.41662707883664335,0.1298219584569733,7,1348,0,0,1,1
1280,0578_c0003_000.jpg,578,2,-1,True,175,8550,0.6102785097290158,0.2887788778877888,1,606,1,1,1,1
1281,0578_c0003_005.jpg,578,2,-1,True,175,8550,0.5826217312220392,0.28,1,625,1,1,1,1
1282,0578_c0003_010.jpg,578,2,-1,True,175,8550,0.5902475492598862,0.31362007168458783,1,558,1,1,1,1
1283,0578_c0003_015.jpg,578,2,-1,True,175,8550,0.600640862088404,0.315884476534296,1,554,1,1,1,1
1284,0578_c0003_020.jpg,578,2,-1,True,175,8550,0.648215125225312,0.3006872852233677,1,582,1,1,1,1
1285,0578_c0004_000.jpg,578,3,-1,True,175,8550,0.4667546760074347,0.330188679245283,1,530,1,1,1,1
1286,0578_c0004_005.jpg,578,3,-1,True,175,8550,0.4252000801143804,0.27386541471048514,3,639,0,1,1,1
1287,0578_c0004_010.jpg,578,3,-1,True,175,8550,0.43652218793495245,0.33524904214559387,1,522,1,1,1,1
1288,0578_c0004_015.jpg,578,3,-1,True,175,8550,0.5199736454822566,0.4268292682926829,26,410,0,0,0,0
1289,0578_c0004_020.jpg,578,3,-1,True,175,8550,0.4649569924810098,0.3763440860215054,7,465,0,0,1,1
1290,0578_c0005_000.jpg,578,4,-1,True,175,8550,0.7232236377940164,0.19863791146424517,1,881,1,1,1,1
1291,0578_c0005_005.jpg,578,4,-1,True,175,8550,0.6432019998166805,0.1724137931034483,1,1015,1,1,1,1
1292,0578_c0005_010.jpg,578,4,-1,True,175,8550,0.6723153729141111,0.17326732673267325,1,1010,1,1,1,1
1293,0578_c0005_015.jpg,578,4,-1,True,175,8550,0.6690011980627995,0.18898488120950324,1,926,1,1,1,1
1294,0578_c0005_020.jpg,578,4,-1,True,175,8550,0.6756639312905581,0.18343815513626835,1,954,1,1,1,1
1295,0578_c0006_000.jpg,578,5,-1,True,175,8550,0.5778128000723735,0.13059701492537312,1,1340,1,1,1,1
1296,0578_c0006_005.jpg,578,5,-1,True,175,8550,0.5847057825778913,0.1265365148228489,1,1383,1,1,1,1
1297,0578_c0006_010.jpg,578,5,-1,True,175,8550,0.5457347762586087,0.1417004048582996,1,1235,1,1,1,1
1298,0578_c0006_015.jpg,578,5,-1,True,175,8550,0.5815648928162486,0.13247539742619227,1,1321,1,1,1,1
1299,0578_c0006_020.jpg,578,5,-1,True,175,8550,0.4962953960621014,0.13597513597513597,13,1287,0,0,0,1
1300,0578_c0007_000.jpg,578,6,-1,True,175,8550,0.7130957185904117,0.4475703324808184,1,391,1,1,1,1
1301,0578_c0007_005.jpg,578,6,-1,True,175,8550,0.5929880094554076,0.39592760180995473,1,442,1,1,1,1
1302,0578_c0007_010.jpg,578,6,-1,True,175,8550,0.5811732693909581,0.40792540792540793,1,429,1,1,1,1
1303,0578_c0007_015.jpg,578,6,-1,True,175,8550,0.5961186602080017,0.42168674698795183,1,415,1,1,1,1
1304,0578_c0007_020.jpg,578,6,-1,True,175,8550,0.5929351623922343,0.44871794871794873,1,390,1,1,1,1
1305,0578_c0008_000.jpg,578,7,-1,True,175,8550,0.5751294188849836,0.20588235294117646,1,850,1,1,1,1
1306,0578_c0008_005.jpg,578,7,-1,True,175,8550,0.5807800418249616,0.20588235294117646,1,850,1,1,1,1
1307,0578_c0008_010.jpg,578,7,-1,True,175,8550,0.5562437502392286,0.214987714987715,1,814,1,1,1,1
1308,0578_c0008_015.jpg,578,7,-1,True,175,8550,0.4892443990154069,0.23458445040214476,1,746,1,1,1,1
1309,0578_c0008_020.jpg,578,7,-1,True,175,8550,0.5185001218208926,0.21739130434782608,1,805,1,1,1,1
1310,0580_c0001_000.jpg,580,0,-1,True,175,8550,0.728908184022201,0.5287009063444109,1,331,1,1,1,1
1311,0580_c0001_005.jpg,580,0,-1,True,175,8550,0.6700570061650514,0.5192878338278932,1,337,1,1,1,1
1312,0580_c0001_010.jpg,580,0,-1,True,175,8550,0.6411848601459721,0.4666666666666667,1,375,1,1,1,1
1313,0580_c0001_015.jpg,580,0,-1,True,175,8550,0.7126485190607342,0.5255255255255256,1,333,1,1,1,1
1314,0580_c0001_020.jpg,580,0,-1,True,175,8550,0.7208733508130178,0.5401234567901234,1,324,1,1,1,1
1315,0580_c0002_000.jpg,580,1,-1,True,175,8550,0.42833995284846293,0.2916666666666667,1,600,1,1,1,1
1316,0580_c0002_005.jpg,580,1,-1,True,175,8550,0.4700565745173138,0.3176043557168784,15,551,0,0,0,1
1317,0580_c0002_010.jpg,580,1,-1,True,175,8550,0.6581473639771572,0.32771535580524347,1,534,1,1,1,1
1318,0580_c0002_015.jpg,580,1,-1,True,175,8550,0.6966151438521989,0.3691983122362869,1,474,1,1,1,1
1319,0580_c0002_020.jpg,580,1,-1,True,175,8550,0.6604231051863728,0.3027681660899654,1,578,1,1,1,1
1320,0580_c0003_000.jpg,580,2,-1,True,175,8550,0.9839680150989726,0.7709251101321586,1,227,1,1,1,1
1321,0580_c0003_005.jpg,580,2,-1,True,175,8550,0.984821816203656,0.7543103448275862,1,232,1,1,1,1
1322,0580_c0003_010.jpg,580,2,-1,True,175,8550,0.9752193722522923,0.6294964028776978,1,278,1,1,1,1
1323,0580_c0003_015.jpg,580,2,-1,True,175,8550,0.9613221110811777,0.6481481481481481,1,270,1,1,1,1
1324,0580_c0003_020.jpg,580,2,-1,True,175,8550,0.9700567923352149,0.6205673758865248,1,282,1,1,1,1
1325,0580_c0004_000.jpg,580,3,-1,True,175,8550,1.0,1.0,1,175,1,1,1,1
1326,0580_c0004_005.jpg,580,3,-1,True,175,8550,1.0,1.0,1,175,1,1,1,1
1327,0580_c0004_010.jpg,580,3,-1,True,175,8550,1.0,1.0,1,175,1,1,1,1
1328,0580_c0004_015.jpg,580,3,-1,True,175,8550,1.0,1.0,1,175,1,1,1,1
1329,0580_c0004_020.jpg,580,3,-1,True,175,8550,0.9999036918138042,0.9831460674157303,1,178,1,1,1,1
1330,0580_c0005_000.jpg,580,4,-1,True,175,8550,0.8348099755109125,0.4971590909090909,1,352,1,1,1,1
1331,0580_c0005_005.jpg,580,4,-1,True,175,8550,0.8388920614812033,0.47297297297297297,1,370,1,1,1,1
1332,0580_c0005_010.jpg,580,4,-1,True,175,8550,0.8169348102221664,0.4691689008042895,1,373,1,1,1,1
1333,0580_c0005_015.jpg,580,4,-1,True,175,8550,0.7377807900478007,0.42168674698795183,1,415,1,1,1,1
1334,0580_c0005_020.jpg,580,4,-1,True,175,8550,0.7506330843452218,0.3888888888888889,1,450,1,1,1,1
1335,0580_c0006_000.jpg,580,5,-1,True,175,8550,0.9562259890737788,0.6944444444444444,1,252,1,1,1,1
1336,0580_c0006_005.jpg,580,5,-1,True,175,8550,0.9575718122908286,0.7743362831858407,1,226,1,1,1,1
1337,0580_c0006_010.jpg,580,5,-1,True,175,8550,0.9049935994691568,0.7743362831858407,1,226,1,1,1,1
1338,0580_c0006_015.jpg,580,5,-1,True,175,8550,0.9350507371550738,0.625,1,280,1,1,1,1
1339,0580_c0006_020.jpg,580,5,-1,True,175,8550,0.9198498446599143,0.5192878338278932,1,337,1,1,1,1
1340,0580_c0007_000.jpg,580,6,-1,True,175,8550,0.9981728884414374,0.9615384615384616,1,182,1,1,1,1
1341,0580_c0007_005.jpg,580,6,-1,True,175,8550,0.9984150095517527,0.9887005649717514,1,177,1,1,1,1
1342,0580_c0007_010.jpg,580,6,-1,True,175,8550,0.9999348794063079,0.9943181818181818,1,176,1,1,1,1
1343,0580_c0007_015.jpg,580,6,-1,True,175,8550,0.9935530264161567,0.8254716981132075,1,212,1,1,1,1
1344,0580_c0007_020.jpg,580,6,-1,True,175,8550,0.9992666158365189,0.9562841530054644,1,183,1,1,1,1
1345,0580_c0008_000.jpg,580,7,-1,True,175,8550,0.9566626123670042,0.6756756756756757,1,259,1,1,1,1
1346,0580_c0008_005.jpg,580,7,-1,True,175,8550,0.9594606258923754,0.6889763779527559,1,254,1,1,1,1
1347,0580_c0008_010.jpg,580,7,-1,True,175,8550,0.9605610827175962,0.6809338521400778,1,257,1,1,1,1
1348,0580_c0008_015.jpg,580,7,-1,True,175,8550,0.9663005515124231,0.7291666666666666,1,240,1,1,1,1
1349,0580_c0008_020.jpg,580,7,-1,True,175,8550,0.9568305419524145,0.6529850746268657,1,268,1,1,1,1
1350,0582_c0001_000.jpg,582,0,-1,True,175,8550,0.4769250906712885,0.06091193873999304,1,2873,1,1,1,1
1351,0582_c0001_005.jpg,582,0,-1,True,175,8550,0.5464816299559839,0.07387083157450401,1,2369,1,1,1,1
1352,0582_c0001_010.jpg,582,0,-1,True,175,8550,0.4846600833619958,0.056506296415886344,1,3097,1,1,1,1
1353,0582_c0001_015.jpg,582,0,-1,True,175,8550,0.6342208295081251,0.1022196261682243,1,1712,1,1,1,1
1354,0582_c0001_020.jpg,582,0,-1,True,175,8550,0.6328645978479587,0.08612204724409449,1,2032,1,1,1,1
1355,0582_c0002_000.jpg,582,1,-1,True,175,8550,0.4090583708124287,0.07163323782234957,1,2443,1,1,1,1
1356,0582_c0002_005.jpg,582,1,-1,True,175,8550,0.3552124941534354,0.06422018348623854,1,2725,1,1,1,1
1357,0582_c0002_010.jpg,582,1,-1,True,175,8550,0.41084068715152416,0.0646711012564671,1,2706,1,1,1,1
1358,0582_c0002_015.jpg,582,1,-1,True,175,8550,0.39709086535398846,0.06072172102706454,1,2882,1,1,1,1
1359,0582_c0002_020.jpg,582,1,-1,True,175,8550,0.35879330845501706,0.06324539212143115,1,2767,1,1,1,1
1360,0582_c0003_000.jpg,582,2,-1,True,175,8550,0.07527393100793252,0.04723346828609987,101,3705,0,0,0,0
1361,0582_c0003_005.jpg,582,2,-1,True,175,8550,0.10083789527482136,0.04696725711218465,16,3726,0,0,0,1
1362,0582_c0003_010.jpg,582,2,-1,True,175,8550,0.17932903600055544,0.05078351712130006,1,3446,1,1,1,1
1363,0582_c0003_015.jpg,582,2,-1,True,175,8550,0.19178472366351115,0.05458515283842795,1,3206,1,1,1,1
1364,0582_c0003_020.jpg,582,2,-1,True,175,8550,0.16487258641029642,0.04854368932038835,2,3605,0,1,1,1
1365,0582_c0004_000.jpg,582,3,-1,True,175,8550,0.5587318021448509,0.18440463645943098,1,949,1,1,1,1
1366,0582_c0004_005.jpg,582,3,-1,True,175,8550,0.6063170259080838,0.27258566978193144,1,642,1,1,1,1
1367,0582_c0004_010.jpg,582,3,-1,True,175,8550,0.6315311497314917,0.30864197530864196,1,567,1,1,1,1
1368,0582_c0004_015.jpg,582,3,-1,True,175,8550,0.6117241693262077,0.24171270718232044,1,724,1,1,1,1
1369,0582_c0004_020.jpg,582,3,-1,True,175,8550,0.6064910777176017,0.2246469833119384,1,779,1,1,1,1
1370,0582_c0005_000.jpg,582,4,-1,True,175,8550,0.42368422208104933,0.03982703686845699,1,4394,1,1,1,1
1371,0582_c0005_005.jpg,582,4,-1,True,175,8550,0.40233131383943294,0.03944995491433724,1,4436,1,1,1,1
1372,0582_c0005_010.jpg,582,4,-1,True,175,8550,0.35467967261647626,0.03181239774586439,1,5501,1,1,1,1
1373,0582_c0005_015.jpg,582,4,-1,True,175,8550,0.34183093818312316,0.03394103956555469,1,5156,1,1,1,1
1374,0582_c0005_020.jpg,582,4,-1,True,175,8550,0.37911554038350004,0.03698224852071006,1,4732,1,1,1,1
1375,0582_c0006_000.jpg,582,5,-1,True,175,8550,0.6979841243737139,0.2608047690014903,1,671,1,1,1,1
1376,0582_c0006_005.jpg,582,5,-1,True,175,8550,0.6744619793857957,0.27216174183514774,1,643,1,1,1,1
1377,0582_c0006_010.jpg,582,5,-1,True,175,8550,0.7404020590401811,0.315884476534296,1,554,1,1,1,1
1378,0582_c0006_015.jpg,582,5,-1,True,175,8550,0.7979556670247744,0.4069767441860465,1,430,1,1,1,1
1379,0582_c0006_020.jpg,582,5,-1,True,175,8550,0.8482039335028695,0.330188679245283,1,530,1,1,1,1
1380,0582_c0007_000.jpg,582,6,-1,True,175,8550,0.5823990198679926,0.22845953002610966,1,766,1,1,1,1
1381,0582_c0007_005.jpg,582,6,-1,True,175,8550,0.6302471720080367,0.25584795321637427,1,684,1,1,1,1
1382,0582_c0007_010.jpg,582,6,-1,True,175,8550,0.5441596882029897,0.22321428571428573,1,784,1,1,1,1
1383,0582_c0007_015.jpg,582,6,-1,True,175,8550,0.5546339022659927,0.23458445040214476,1,746,1,1,1,1
1384,0582_c0007_020.jpg,582,6,-1,True,175,8550,0.4976334305896396,0.2339572192513369,12,748,0,0,0,1
1385,0582_c0008_000.jpg,582,7,-1,True,175,8550,0.34611615892123043,0.14792899408284024,5,1183,0,1,1,1
1386,0582_c0008_005.jpg,582,7,-1,True,175,8550,0.4304210220169862,0.1298219584569733,1,1348,1,1,1,1
1387,0582_c0008_010.jpg,582,7,-1,True,175,8550,0.3377052143673762,0.10657734470158343,26,1642,0,0,0,0
1388,0582_c0008_015.jpg,582,7,-1,True,175,8550,0.3853902007661584,0.10670731707317073,26,1640,0,0,0,0
1389,0582_c0008_020.jpg,582,7,-1,True,175,8550,0.38665347730866023,0.1059322033898305,26,1652,0,0,0,0
1390,0584_c0001_000.jpg,584,0,-1,True,175,8550,0.9195673211689882,0.5520504731861199,1,317,1,1,1,1
1391,0584_c0001_005.jpg,584,0,-1,True,175,8550,0.9200568849209838,0.5852842809364549,1,299,1,1,1,1
1392,0584_c0001_010.jpg,584,0,-1,True,175,8550,0.9257403203727287,0.5591054313099042,1,313,1,1,1,1
1393,0584_c0001_015.jpg,584,0,-1,True,175,8550,0.8997000602921256,0.48342541436464087,1,362,1,1,1,1
1394,0584_c0001_020.jpg,584,0,-1,True,175,8550,0.9544096275580296,0.6205673758865248,1,282,1,1,1,1
1395,0584_c0002_000.jpg,584,1,-1,True,175,8550,0.8349737029528073,0.4227053140096618,1,414,1,1,1,1
1396,0584_c0002_005.jpg,584,1,-1,True,175,8550,0.8253556547511877,0.42997542997543,1,407,1,1,1,1
1397,0584_c0002_010.jpg,584,1,-1,True,175,8550,0.8368344483318577,0.5,1,350,1,1,1,1
1398,0584_c0002_015.jpg,584,1,-1,True,175,8550,0.8434748709932633,0.603448275862069,1,290,1,1,1,1
1399,0584_c0002_020.jpg,584,1,-1,True,175,8550,0.8445878724775443,0.5833333333333334,1,300,1,1,1,1
1400,0584_c0003_000.jpg,584,2,-1,True,175,8550,0.5843384302265491,0.19021739130434784,1,920,1,1,1,1
1401,0584_c0003_005.jpg,584,2,-1,True,175,8550,0.6444927136004633,0.21212121212121213,1,825,1,1,1,1
1402,0584_c0003_010.jpg,584,2,-1,True,175,8550,0.6585964686657604,0.23616734143049933,1,741,1,1,1,1
1403,0584_c0003_015.jpg,584,2,-1,True,175,8550,0.6567324514844028,0.2229299363057325,1,785,1,1,1,1
1404,0584_c0003_020.jpg,584,2,-1,True,175,8550,0.5773158028061378,0.14250814332247558,1,1228,1,1,1,1
1405,0584_c0004_000.jpg,584,3,-1,True,175,8550,0.7776466319565071,0.3779697624190065,1,463,1,1,1,1
1406,0584_c0004_005.jpg,584,3,-1,True,175,8550,0.7929578263797883,0.3888888888888889,1,450,1,1,1,1
1407,0584_c0004_010.jpg,584,3,-1,True,175,8550,0.7792119307473175,0.38377192982456143,1,456,1,1,1,1
1408,0584_c0004_015.jpg,584,3,-1,True,175,8550,0.7803180704537689,0.33524904214559387,1,522,1,1,1,1
1409,0584_c0004_020.jpg,584,3,-1,True,175,8550,0.7135536189078165,0.32169117647058826,1,544,1,1,1,1
1410,0584_c0005_000.jpg,584,4,-1,True,175,8550,0.7138832143905296,0.16309412861137,1,1073,1,1,1,1
1411,0584_c0005_005.jpg,584,4,-1,True,175,8550,0.7434443984419209,0.1724137931034483,1,1015,1,1,1,1
1412,0584_c0005_010.jpg,584,4,-1,True,175,8550,0.7153737592357579,0.18078512396694216,1,968,1,1,1,1
1413,0584_c0005_015.jpg,584,4,-1,True,175,8550,0.7249102965029309,0.16324626865671643,1,1072,1,1,1,1
1414,0584_c0005_020.jpg,584,4,-1,True,175,8550,0.7123105201715701,0.15310586176727908,1,1143,1,1,1,1
1415,0584_c0006_000.jpg,584,5,-1,True,175,8550,0.9651531341344384,0.720164609053498,1,243,1,1,1,1
1416,0584_c0006_005.jpg,584,5,-1,True,175,8550,0.9355886807989136,0.6363636363636364,1,275,1,1,1,1
1417,0584_c0006_010.jpg,584,5,-1,True,175,8550,0.9609648447242314,0.7261410788381742,1,241,1,1,1,1
1418,0584_c0006_015.jpg,584,5,-1,True,175,8550,0.951693865226513,0.7261410788381742,1,241,1,1,1,1
1419,0584_c0006_020.jpg,584,5,-1,True,175,8550,0.944003771476637,0.7172131147540983,1,244,1,1,1,1
1420,0584_c0007_000.jpg,584,6,-1,True,175,8550,0.37531829914785897,0.14571190674437967,1,1201,1,1,1,1
1421,0584_c0007_005.jpg,584,6,-1,True,175,8550,0.39787592898847307,0.16447368421052633,1,1064,1,1,1,1
1422,0584_c0007_010.jpg,584,6,-1,True,175,8550,0.405568510408816,0.16294227188081936,1,1074,1,1,1,1
1423,0584_c0007_015.jpg,584,6,-1,True,175,8550,0.35959456113274374,0.14767932489451477,1,1185,1,1,1,1
1424,0584_c0007_020.jpg,584,6,-1,True,175,8550,0.4751155542860542,0.20983213429256595,1,834,1,1,1,1
1425,0584_c0008_000.jpg,584,7,-1,True,175,8550,0.91300807228769,0.5255255255255256,1,333,1,1,1,1
1426,0584_c0008_005.jpg,584,7,-1,True,175,8550,0.9229365931962463,0.546875,1,320,1,1,1,1
1427,0584_c0008_010.jpg,584,7,-1,True,175,8550,0.9115541341369408,0.49019607843137253,1,357,1,1,1,1
1428,0584_c0008_015.jpg,584,7,-1,True,175,8550,0.9062294256500523,0.5072463768115942,1,345,1,1,1,1
1429,0584_c0008_020.jpg,584,7,-1,True,175,8550,0.8960069958325364,0.43103448275862066,1,406,1,1,1,1
1430,0586_c0001_000.jpg,586,0,-1,True,175,8550,0.9971166006548067,0.8838383838383839,1,198,1,1,1,1
1431,0586_c0001_005.jpg,586,0,-1,True,175,8550,0.9996847013763108,0.9562841530054644,1,183,1,1,1,1
1432,0586_c0001_010.jpg,586,0,-1,True,175,8550,0.9997714028677835,0.9887005649717514,1,177,1,1,1,1
1433,0586_c0001_015.jpg,586,0,-1,True,175,8550,0.9992716562274846,0.9776536312849162,1,179,1,1,1,1
1434,0586_c0001_020.jpg,586,0,-1,True,175,8550,0.99899796417042,0.9668508287292817,1,181,1,1,1,1
1435,0586_c0002_000.jpg,586,1,-1,True,175,8550,0.9638722695116366,0.7415254237288136,1,236,1,1,1,1
1436,0586_c0002_005.jpg,586,1,-1,True,175,8550,0.9706835737119528,0.7777777777777778,1,225,1,1,1,1
1437,0586_c0002_010.jpg,586,1,-1,True,175,8550,0.955319095010039,0.5813953488372093,1,301,1,1,1,1
1438,0586_c0002_015.jpg,586,1,-1,True,175,8550,0.9722685578119111,0.7415254237288136,1,236,1,1,1,1
1439,0586_c0002_020.jpg,586,1,-1,True,175,8550,0.9613075714538308,0.6809338521400778,1,257,1,1,1,1
1440,0586_c0003_000.jpg,586,2,-1,True,175,8550,0.9996444665968024,0.9776536312849162,1,179,1,1,1,1
1441,0586_c0003_005.jpg,586,2,-1,True,175,8550,0.9980709767199912,0.9308510638297872,1,188,1,1,1,1
1442,0586_c0003_010.jpg,586,2,-1,True,175,8550,0.9974057650402843,0.9259259259259259,1,189,1,1,1,1
1443,0586_c0003_015.jpg,586,2,-1,True,175,8550,1.0,1.0,1,175,1,1,1,1
1444,0586_c0003_020.jpg,586,2,-1,True,175,8550,0.9997349428767831,0.9943181818181818,1,176,1,1,1,1
1445,0586_c0004_000.jpg,586,3,-1,True,175,8550,1.0,1.0,1,175,1,1,1,1
1446,0586_c0004_005.jpg,586,3,-1,True,175,8550,1.0,1.0,1,175,1,1,1,1
1447,0586_c0004_010.jpg,586,3,-1,True,175,8550,1.0,1.0,1,175,1,1,1,1
1448,0586_c0004_015.jpg,586,3,-1,True,175,8550,0.9991002995868078,0.9259259259259259,1,189,1,1,1,1
1449,0586_c0004_020.jpg,586,3,-1,True,175,8550,0.9998059160263731,0.9831460674157303,1,178,1,1,1,1
1450,0586_c0005_000.jpg,586,4,-1,True,175,8550,1.0,1.0,1,175,1,1,1,1
1451,0586_c0005_005.jpg,586,4,-1,True,175,8550,1.0,1.0,1,175,1,1,1,1
1452,0586_c0005_010.jpg,586,4,-1,True,175,8550,1.0,1.0,1,175,1,1,1,1
1453,0586_c0005_015.jpg,586,4,-1,True,175,8550,1.0,1.0,1,175,1,1,1,1
1454,0586_c0005_020.jpg,586,4,-1,True,175,8550,1.0,1.0,1,175,1,1,1,1
1455,0586_c0006_000.jpg,586,5,-1,True,175,8550,1.0,1.0,1,175,1,1,1,1
1456,0586_c0006_005.jpg,586,5,-1,True,175,8550,1.0,1.0,1,175,1,1,1,1
1457,0586_c0006_010.jpg,586,5,-1,True,175,8550,1.0,1.0,1,175,1,1,1,1
1458,0586_c0006_015.jpg,586,5,-1,True,175,8550,1.0,1.0,1,175,1,1,1,1
1459,0586_c0006_020.jpg,586,5,-1,True,175,8550,1.0,1.0,1,175,1,1,1,1
1460,0586_c0007_000.jpg,586,6,-1,True,175,8550,1.0,1.0,1,175,1,1,1,1
1461,0586_c0007_005.jpg,586,6,-1,True,175,8550,1.0,1.0,1,175,1,1,1,1
1462,0586_c0007_010.jpg,586,6,-1,True,175,8550,1.0,1.0,1,175,1,1,1,1
1463,0586_c0007_015.jpg,586,6,-1,True,175,8550,1.0,1.0,1,175,1,1,1,1
1464,0586_c0007_020.jpg,586,6,-1,True,175,8550,1.0,1.0,1,175,1,1,1,1
1465,0586_c0008_000.jpg,586,7,-1,True,175,8550,1.0,1.0,1,175,1,1,1,1
1466,0586_c0008_005.jpg,586,7,-1,True,175,8550,1.0,1.0,1,175,1,1,1,1
1467,0586_c0008_010.jpg,586,7,-1,True,175,8550,1.0,1.0,1,175,1,1,1,1
1468,0586_c0008_015.jpg,586,7,-1,True,175,8550,1.0,1.0,1,175,1,1,1,1
1469,0586_c0008_020.jpg,586,7,-1,True,175,8550,1.0,1.0,1,175,1,1,1,1
1470,0588_c0001_000.jpg,588,0,-1,True,175,8550,0.8728507600436657,0.4088785046728972,1,428,1,1,1,1
1471,0588_c0001_005.jpg,588,0,-1,True,175,8550,0.8651050955283316,0.42997542997543,1,407,1,1,1,1
1472,0588_c0001_010.jpg,588,0,-1,True,175,8550,0.9085299990466644,0.4807692307692308,1,364,1,1,1,1
1473,0588_c0001_015.jpg,588,0,-1,True,175,8550,0.87915973984402,0.3707627118644068,1,472,1,1,1,1
1474,0588_c0001_020.jpg,588,0,-1,True,175,8550,0.8518774344223055,0.40792540792540793,1,429,1,1,1,1
1475,0588_c0002_000.jpg,588,1,-1,True,175,8550,0.7437963755299754,0.3314393939393939,1,528,1,1,1,1
1476,0588_c0002_005.jpg,588,1,-1,True,175,8550,0.7760270800548312,0.3615702479338843,1,484,1,1,1,1
1477,0588_c0002_010.jpg,588,1,-1,True,175,8550,0.799394545491905,0.3897550111358575,1,449,1,1,1,1
1478,0588_c0002_015.jpg,588,1,-1,True,175,8550,0.7842895314673014,0.38209606986899564,1,458,1,1,1,1
1479,0588_c0002_020.jpg,588,1,-1,True,175,8550,0.781377435160726,0.3699788583509514,1,473,1,1,1,1
1480,0588_c0003_000.jpg,588,2,-1,True,175,8550,0.9612227532728267,0.7,1,250,1,1,1,1
1481,0588_c0003_005.jpg,588,2,-1,True,175,8550,0.953855878487545,0.7142857142857143,1,245,1,1,1,1
1482,0588_c0003_010.jpg,588,2,-1,True,175,8550,0.8984473776468919,0.7847533632286996,1,223,1,1,1,1
1483,0588_c0003_015.jpg,588,2,-1,True,175,8550,0.8954169676265075,0.7641921397379913,1,229,1,1,1,1
1484,0588_c0003_020.jpg,588,2,-1,True,175,8550,0.7703792484173196,0.7446808510638298,1,235,1,1,1,1
1485,0588_c0004_000.jpg,588,3,-1,True,175,8550,0.7518702735600848,0.3645833333333333,1,480,1,1,1,1
1486,0588_c0004_005.jpg,588,3,-1,True,175,8550,0.7311710970807813,0.3391472868217054,1,516,1,1,1,1
1487,0588_c0004_010.jpg,588,3,-1,True,175,8550,0.8053288309201342,0.43640897755610975,1,401,1,1,1,1
1488,0588_c0004_015.jpg,588,3,-1,True,175,8550,0.6924192563760558,0.32710280373831774,1,535,1,1,1,1
1489,0588_c0004_020.jpg,588,3,-1,True,175,8550,0.7173881262294408,0.35496957403651114,1,493,1,1,1,1
1490,0588_c0005_000.jpg,588,4,-1,True,175,8550,0.9858859589559545,0.7709251101321586,1,227,1,1,1,1
1491,0588_c0005_005.jpg,588,4,-1,True,175,8550,0.9675844561758283,0.6704980842911877,1,261,1,1,1,1
1492,0588_c0005_010.jpg,588,4,-1,True,175,8550,0.9734311580496791,0.6972111553784861,1,251,1,1,1,1
1493,0588_c0005_015.jpg,588,4,-1,True,175,8550,0.9932399082098146,0.8536585365853658,1,205,1,1,1,1
1494,0588_c0005_020.jpg,588,4,-1,True,175,8550,0.9988422469104625,0.9259259259259259,1,189,1,1,1,1
1495,0588_c0006_000.jpg,588,5,-1,True,175,8550,0.7615134668071349,0.7777777777777778,1,225,1,1,1,1
1496,0588_c0006_005.jpg,588,5,-1,True,175,8550,0.9396717320285641,0.7847533632286996,1,223,1,1,1,1
1497,0588_c0006_010.jpg,588,5,-1,True,175,8550,0.9450927260792433,0.7847533632286996,1,223,1,1,1,1
1498,0588_c0006_015.jpg,588,5,-1,True,175,8550,0.9548357819257433,0.78125,1,224,1,1,1,1
1499,0588_c0006_020.jpg,588,5,-1,True,175,8550,0.9158590046785308,0.78125,1,224,1,1,1,1
1500,0588_c0007_000.jpg,588,6,-1,True,175,8550,0.9945170129918469,0.813953488372093,1,215,1,1,1,1
1501,0588_c0007_005.jpg,588,6,-1,True,175,8550,0.9902157130157652,0.7172131147540983,1,244,1,1,1,1
1502,0588_c0007_010.jpg,588,6,-1,True,175,8550,0.9901298196543803,0.7709251101321586,1,227,1,1,1,1
1503,0588_c0007_015.jpg,588,6,-1,True,175,8550,0.9999675324675324,0.9943181818181818,1,176,1,1,1,1
1504,0588_c0007_020.jpg,588,6,-1,True,175,8550,0.9999675324675324,0.9943181818181818,1,176,1,1,1,1
1505,0588_c0008_000.jpg,588,7,-1,True,175,8550,0.9767682297385127,0.7510729613733905,1,233,1,1,1,1
1506,0588_c0008_005.jpg,588,7,-1,True,175,8550,0.9707731721709488,0.7510729613733905,1,233,1,1,1,1
1507,0588_c0008_010.jpg,588,7,-1,True,175,8550,0.9827492105667888,0.7777777777777778,1,225,1,1,1,1
1508,0588_c0008_015.jpg,588,7,-1,True,175,8550,0.9755013232617814,0.7608695652173914,1,230,1,1,1,1
1509,0588_c0008_020.jpg,588,7,-1,True,175,8550,0.9648123034892868,0.6529850746268657,1,268,1,1,1,1
1510,0590_c0001_000.jpg,590,0,-1,True,150,8550,0.7110872943278059,0.24,1,625,1,1,1,1
1511,0590_c0001_005.jpg,590,0,-1,True,150,8550,0.6548709050282281,0.14231499051233396,1,1054,1,1,1,1
1512,0590_c0001_010.jpg,590,0,-1,True,150,8550,0.7164364490347932,0.2777777777777778,1,540,1,1,1,1
1513,0590_c0001_015.jpg,590,0,-1,True,150,8550,0.7431292636982856,0.25817555938037867,1,581,1,1,1,1
1514,0590_c0001_020.jpg,590,0,-1,True,150,8550,0.7581821497061046,0.3157894736842105,1,475,1,1,1,1
1515,0590_c0002_000.jpg,590,1,-1,True,150,8550,0.9845264200489062,0.7109004739336493,1,211,1,1,1,1
1516,0590_c0002_005.jpg,590,1,-1,True,150,8550,0.7328215395225899,0.42735042735042733,1,351,1,1,1,1
1517,0590_c0002_010.jpg,590,1,-1,True,150,8550,0.8112255775094799,0.5050505050505051,1,297,1,1,1,1
1518,0590_c0002_015.jpg,590,1,-1,True,150,8550,0.8361557336398662,0.41208791208791207,1,364,1,1,1,1
1519,0590_c0002_020.jpg,590,1,-1,True,150,8550,0.8495001725238502,0.4491017964071856,1,334,1,1,1,1
1520,0590_c0004_000.jpg,590,3,-1,True,150,8550,0.71475703384478,0.13262599469496023,1,1131,1,1,1,1
1521,0590_c0004_005.jpg,590,3,-1,True,150,8550,0.6891247380671977,0.11252813203300825,1,1333,1,1,1,1
1522,0590_c0004_010.jpg,590,3,-1,True,150,8550,0.7078378072387106,0.12931034482758622,1,1160,1,1,1,1
1523,0590_c0004_015.jpg,590,3,-1,True,150,8550,0.6415353759733041,0.1073729420186113,1,1397,1,1,1,1
1524,0590_c0004_020.jpg,590,3,-1,True,150,8550,0.6750143231432575,0.12048192771084337,1,1245,1,1,1,1
1525,0590_c0005_000.jpg,590,4,-1,True,150,8550,0.8474618487499634,0.4155124653739612,1,361,1,1,1,1
1526,0590_c0005_005.jpg,590,4,-1,True,150,8550,0.8204139550044522,0.4225352112676056,1,355,1,1,1,1
1527,0590_c0005_010.jpg,590,4,-1,True,150,8550,0.8989030070111778,0.528169014084507,1,284,1,1,1,1
1528,0590_c0005_015.jpg,590,4,-1,True,150,8550,0.7654262760512771,0.2976190476190476,1,504,1,1,1,1
1529,0590_c0005_020.jpg,590,4,-1,True,150,8550,0.8472474086077029,0.45871559633027525,1,327,1,1,1,1
1530,0590_c0006_000.jpg,590,5,-1,True,150,8550,0.6014271520340728,0.21246458923512748,1,706,1,1,1,1
1531,0590_c0006_005.jpg,590,5,-1,True,150,8550,0.6062438108338696,0.20604395604395603,1,728,1,1,1,1
1532,0590_c0006_010.jpg,590,5,-1,True,150,8550,0.6249260928576427,0.20242914979757085,1,741,1,1,1,1
1533,0590_c0006_015.jpg,590,5,-1,True,150,8550,0.6483136189908979,0.19404915912031048,1,773,1,1,1,1
1534,0590_c0006_020.jpg,590,5,-1,True,150,8550,0.6258390298482646,0.2074688796680498,1,723,1,1,1,1
1535,0590_c0007_000.jpg,590,6,-1,True,150,8550,0.9275748905837637,0.38961038961038963,1,385,1,1,1,1
1536,0590_c0007_005.jpg,590,6,-1,True,150,8550,0.9135347019191545,0.3488372093023256,1,430,1,1,1,1
1537,0590_c0007_010.jpg,590,6,-1,True,150,8550,0.9095782965161644,0.336322869955157,1,446,1,1,1,1
1538,0590_c0007_015.jpg,590,6,-1,True,150,8550,0.903114676853689,0.32119914346895073,1,467,1,1,1,1
1539,0590_c0007_020.jpg,590,6,-1,True,150,8550,0.9045902947684048,0.32679738562091504,1,459,1,1,1,1
1540,0590_c0008_000.jpg,590,7,-1,True,150,8550,0.7306127125869866,0.22900763358778625,1,655,1,1,1,1
1541,0590_c0008_005.jpg,590,7,-1,True,150,8550,0.746999670319564,0.2358490566037736,1,636,1,1,1,1
1542,0590_c0008_010.jpg,590,7,-1,True,150,8550,0.665161117179717,0.21008403361344538,1,714,1,1,1,1
1543,0590_c0008_015.jpg,590,7,-1,True,150,8550,0.694981094954615,0.2109704641350211,1,711,1,1,1,1
1544,0590_c0008_020.jpg,590,7,-1,True,150,8550,0.6659265954316318,0.20833333333333334,1,720,1,1,1,1
1545,0592_c0001_000.jpg,592,0,-1,True,125,8550,0.7827220346087262,0.7062146892655368,1,177,1,1,1,1
1546,0592_c0001_005.jpg,592,0,-1,True,125,8550,0.7669456403487176,0.6684491978609626,1,187,1,1,1,1
1547,0592_c0001_010.jpg,592,0,-1,True,125,8550,0.7753672218611806,0.6906077348066298,1,181,1,1,1,1
1548,0592_c0001_015.jpg,592,0,-1,True,125,8550,0.781170629085467,0.7575757575757576,1,165,1,1,1,1
1549,0592_c0001_020.jpg,592,0,-1,True,125,8550,0.8313871083202019,0.8333333333333334,1,150,1,1,1,1
1550,0592_c0002_000.jpg,592,1,-1,True,125,8550,0.8981320716087654,0.5555555555555556,1,225,1,1,1,1
1551,0592_c0002_005.jpg,592,1,-1,True,125,8550,0.9079757027003866,0.5656108597285068,1,221,1,1,1,1
1552,0592_c0002_010.jpg,592,1,-1,True,125,8550,0.9062099623140863,0.5605381165919282,1,223,1,1,1,1
1553,0592_c0002_015.jpg,592,1,-1,True,125,8550,0.8977123535894395,0.576036866359447,1,217,1,1,1,1
1554,0592_c0002_020.jpg,592,1,-1,True,125,8550,0.8927859193357154,0.5458515283842795,1,229,1,1,1,1
1555,0592_c0003_000.jpg,592,2,-1,True,125,8550,0.675256281318781,0.29550827423167847,1,423,1,1,1,1
1556,0592_c0003_005.jpg,592,2,-1,True,125,8550,0.8660869520099852,0.3424657534246575,1,365,1,1,1,1
1557,0592_c0003_010.jpg,592,2,-1,True,125,8550,0.8833416722837488,0.352112676056338,1,355,1,1,1,1
1558,0592_c0003_015.jpg,592,2,-1,True,125,8550,0.871959732899844,0.3342245989304813,1,374,1,1,1,1
1559,0592_c0003_020.jpg,592,2,-1,True,125,8550,0.8753761409751719,0.3405994550408719,1,367,1,1,1,1
1560,0592_c0005_000.jpg,592,4,-1,True,125,8550,0.9088341900890027,0.7485029940119761,1,167,1,1,1,1
1561,0592_c0005_005.jpg,592,4,-1,True,125,8550,0.9287841790972163,0.7352941176470589,1,170,1,1,1,1
1562,0592_c0005_010.jpg,592,4,-1,True,125,8550,0.9319159805663242,0.7142857142857143,1,175,1,1,1,1
1563,0592_c0005_015.jpg,592,4,-1,True,125,8550,0.9156288664681155,0.7142857142857143,1,175,1,1,1,1
1564,0592_c0005_020.jpg,592,4,-1,True,125,8550,0.8559229193251578,0.6720430107526881,1,186,1,1,1,1
1565,0592_c0006_000.jpg,592,5,-1,True,125,8550,0.8896823771988269,0.3943217665615142,1,317,1,1,1,1
1566,0592_c0006_005.jpg,592,5,-1,True,125,8550,0.8774653913483017,0.3094059405940594,1,404,1,1,1,1
1567,0592_c0006_010.jpg,592,5,-1,True,125,8550,0.8922759031976889,0.4222972972972973,1,296,1,1,1,1
1568,0592_c0006_015.jpg,592,5,-1,True,125,8550,0.9015867904397488,0.48828125,1,256,1,1,1,1
1569,0592_c0006_020.jpg,592,5,-1,True,125,8550,0.8955751975901727,0.44964028776978415,1,278,1,1,1,1
1570,0592_c0007_000.jpg,592,6,-1,True,125,8550,0.924990238328111,0.5506607929515418,1,227,1,1,1,1
1571,0592_c0007_005.jpg,592,6,-1,True,125,8550,0.9455135704790788,0.5506607929515418,1,227,1,1,1,1
1572,0592_c0007_010.jpg,592,6,-1,True,125,8550,0.9233109539302502,0.5411255411255411,1,231,1,1,1,1
1573,0592_c0007_015.jpg,592,6,-1,True,125,8550,0.9356364198455447,0.5555555555555556,1,225,1,1,1,1
1574,0592_c0007_020.jpg,592,6,-1,True,125,8550,0.9388964878238971,0.5252100840336135,1,238,1,1,1,1
1575,0594_c0001_000.jpg,594,0,-1,True,150,8550,0.987702515108682,0.7537688442211056,1,199,1,1,1,1
1576,0594_c0001_005.jpg,594,0,-1,True,150,8550,0.9939333328570708,0.8241758241758241,1,182,1,1,1,1
1577,0594_c0001_010.jpg,594,0,-1,True,150,8550,0.9395522427478675,0.6024096385542169,1,249,1,1,1,1
1578,0594_c0001_015.jpg,594,0,-1,True,150,8550,0.9596060155850882,0.6912442396313364,1,217,1,1,1,1
1579,0594_c0001_020.jpg,594,0,-1,True,150,8550,0.9966023564254631,0.847457627118644,1,177,1,1,1,1
1580,0594_c0002_000.jpg,594,1,-1,True,150,8550,1.0,1.0,1,150,1,1,1,1
1581,0594_c0002_005.jpg,594,1,-1,True,150,8550,1.0,1.0,1,150,1,1,1,1
1582,0594_c0002_010.jpg,594,1,-1,True,150,8550,1.0,1.0,1,150,1,1,1,1
1583,0594_c0002_015.jpg,594,1,-1,True,150,8550,1.0,1.0,1,150,1,1,1,1
1584,0594_c0002_020.jpg,594,1,-1,True,150,8550,1.0,1.0,1,150,1,1,1,1
1585,0594_c0003_000.jpg,594,2,-1,True,150,8550,0.9142752582638659,0.6666666666666666,1,225,1,1,1,1
1586,0594_c0003_005.jpg,594,2,-1,True,150,8550,0.916965952133443,0.6666666666666666,1,225,1,1,1,1
1587,0594_c0003_010.jpg,594,2,-1,True,150,8550,0.9116606684938927,0.6666666666666666,1,225,1,1,1,1
1588,0594_c0003_015.jpg,594,2,-1,True,150,8550,0.9346403434844281,0.6818181818181818,1,220,1,1,1,1
1589,0594_c0003_020.jpg,594,2,-1,True,150,8550,0.9576731194127724,0.7009345794392523,1,214,1,1,1,1
1590,0594_c0005_000.jpg,594,4,-1,True,150,8550,1.0,1.0,1,150,1,1,1,1
1591,0594_c0005_005.jpg,594,4,-1,True,150,8550,1.0,1.0,1,150,1,1,1,1
1592,0594_c0005_010.jpg,594,4,-1,True,150,8550,1.0,1.0,1,150,1,1,1,1
1593,0594_c0005_015.jpg,594,4,-1,True,150,8550,1.0,1.0,1,150,1,1,1,1
1594,0594_c0005_020.jpg,594,4,-1,True,150,8550,1.0,1.0,1,150,1,1,1,1
1595,0594_c0006_000.jpg,594,5,-1,True,150,8550,1.0,1.0,1,150,1,1,1,1
1596,0594_c0006_005.jpg,594,5,-1,True,150,8550,1.0,1.0,1,150,1,1,1,1
1597,0594_c0006_010.jpg,594,5,-1,True,150,8550,1.0,1.0,1,150,1,1,1,1
1598,0594_c0006_015.jpg,594,5,-1,True,150,8550,1.0,1.0,1,150,1,1,1,1
1599,0594_c0006_020.jpg,594,5,-1,True,150,8550,1.0,1.0,1,150,1,1,1,1
1600,0594_c0007_000.jpg,594,6,-1,True,150,8550,1.0,1.0,1,150,1,1,1,1
1601,0594_c0007_005.jpg,594,6,-1,True,150,8550,1.0,1.0,1,150,1,1,1,1
1602,0594_c0007_010.jpg,594,6,-1,True,150,8550,1.0,1.0,1,150,1,1,1,1
1603,0594_c0007_015.jpg,594,6,-1,True,150,8550,1.0,1.0,1,150,1,1,1,1
1604,0594_c0007_020.jpg,594,6,-1,True,150,8550,1.0,1.0,1,150,1,1,1,1
1605,0594_c0008_000.jpg,594,7,-1,True,150,8550,0.9563341022551874,0.7731958762886598,1,194,1,1,1,1
1606,0594_c0008_005.jpg,594,7,-1,True,150,8550,0.9512060391123138,0.7537688442211056,1,199,1,1,1,1
1607,0594_c0008_010.jpg,594,7,-1,True,150,8550,0.9215165484088099,0.6224066390041494,1,241,1,1,1,1
1608,0594_c0008_015.jpg,594,7,-1,True,150,8550,0.9586370884578574,0.6521739130434783,1,230,1,1,1,1
1609,0594_c0008_020.jpg,594,7,-1,True,150,8550,0.9732162351032332,0.7246376811594203,1,207,1,1,1,1
1610,0596_c0001_000.jpg,596,0,-1,True,175,8550,0.9948418827972869,0.7743362831858407,1,226,1,1,1,1
1611,0596_c0001_005.jpg,596,0,-1,True,175,8550,0.9999675324675324,0.9943181818181818,1,176,1,1,1,1
1612,0596_c0001_010.jpg,596,0,-1,True,175,8550,0.9832407920861197,0.6140350877192983,1,285,1,1,1,1
1613,0596_c0001_015.jpg,596,0,-1,True,175,8550,0.9668527937829299,0.5813953488372093,1,301,1,1,1,1
1614,0596_c0001_020.jpg,596,0,-1,True,175,8550,0.9808333269584725,0.603448275862069,1,290,1,1,1,1
1615,0596_c0002_000.jpg,596,1,-1,True,175,8550,0.9751578304960488,0.7,1,250,1,1,1,1
1616,0596_c0002_005.jpg,596,1,-1,True,175,8550,0.99619876464374,0.9020618556701031,1,194,1,1,1,1
1617,0596_c0002_010.jpg,596,1,-1,True,175,8550,0.9907160815072439,0.8373205741626795,1,209,1,1,1,1
1618,0596_c0002_015.jpg,596,1,-1,True,175,8550,0.966808093496291,0.541795665634675,1,323,1,1,1,1
1619,0596_c0002_020.jpg,596,1,-1,True,175,8550,0.9616363347714153,0.541795665634675,1,323,1,1,1,1
1620,0596_c0003_000.jpg,596,2,-1,True,175,8550,0.9891196040688266,0.8101851851851852,1,216,1,1,1,1
1621,0596_c0003_005.jpg,596,2,-1,True,175,8550,0.9580817113333087,0.5434782608695652,1,322,1,1,1,1
1622,0596_c0003_010.jpg,596,2,-1,True,175,8550,0.9538509441858436,0.5131964809384164,1,341,1,1,1,1
1623,0596_c0003_015.jpg,596,2,-1,True,175,8550,0.9854924624480285,0.720164609053498,1,243,1,1,1,1
1624,0596_c0003_020.jpg,596,2,-1,True,175,8550,0.9966689814861732,0.8883248730964467,1,197,1,1,1,1
1625,0596_c0004_000.jpg,596,3,-1,True,175,8550,0.9713025956951665,0.6183745583038869,1,283,1,1,1,1
1626,0596_c0004_005.jpg,596,3,-1,True,175,8550,0.9559967264815793,0.5368098159509203,1,326,1,1,1,1
1627,0596_c0004_010.jpg,596,3,-1,True,175,8550,0.9792557585762058,0.7231404958677686,1,242,1,1,1,1
1628,0596_c0004_015.jpg,596,3,-1,True,175,8550,0.9790831165313661,0.7113821138211383,1,246,1,1,1,1
1629,0596_c0004_020.jpg,596,3,-1,True,175,8550,0.9806748127335722,0.7291666666666666,1,240,1,1,1,1
1630,0596_c0005_000.jpg,596,4,-1,True,175,8550,0.941961632778545,0.5255255255255256,1,333,1,1,1,1
1631,0596_c0005_005.jpg,596,4,-1,True,175,8550,0.9923042256385237,0.8578431372549019,1,204,1,1,1,1
1632,0596_c0005_010.jpg,596,4,-1,True,175,8550,0.9122312549243046,0.4985754985754986,1,351,1,1,1,1
1633,0596_c0005_015.jpg,596,4,-1,True,175,8550,0.9494359095125031,0.5147058823529411,1,340,1,1,1,1
1634,0596_c0005_020.jpg,596,4,-1,True,175,8550,0.876641629620963,0.31194295900178254,1,561,1,1,1,1
1635,0596_c0006_000.jpg,596,5,-1,True,175,8550,1.0,1.0,1,175,1,1,1,1
1636,0596_c0006_005.jpg,596,5,-1,True,175,8550,1.0,1.0,1,175,1,1,1,1
1637,0596_c0006_010.jpg,596,5,-1,True,175,8550,1.0,1.0,1,175,1,1,1,1
1638,0596_c0006_015.jpg,596,5,-1,True,175,8550,1.0,1.0,1,175,1,1,1,1
1639,0596_c0006_020.jpg,596,5,-1,True,175,8550,1.0,1.0,1,175,1,1,1,1
1640,0596_c0007_000.jpg,596,6,-1,True,175,8550,1.0,1.0,1,175,1,1,1,1
1641,0596_c0007_005.jpg,596,6,-1,True,175,8550,1.0,1.0,1,175,1,1,1,1
1642,0596_c0007_010.jpg,596,6,-1,True,175,8550,1.0,1.0,1,175,1,1,1,1
1643,0596_c0007_015.jpg,596,6,-1,True,175,8550,1.0,1.0,1,175,1,1,1,1
1644,0596_c0007_020.jpg,596,6,-1,True,175,8550,1.0,1.0,1,175,1,1,1,1
1645,0596_c0008_000.jpg,596,7,-1,True,175,8550,1.0,1.0,1,175,1,1,1,1
1646,0596_c0008_005.jpg,596,7,-1,True,175,8550,1.0,1.0,1,175,1,1,1,1
1647,0596_c0008_010.jpg,596,7,-1,True,175,8550,1.0,1.0,1,175,1,1,1,1
1648,0596_c0008_015.jpg,596,7,-1,True,175,8550,1.0,1.0,1,175,1,1,1,1
1649,0596_c0008_020.jpg,596,7,-1,True,175,8550,1.0,1.0,1,175,1,1,1,1
1650,0598_c0001_000.jpg,598,0,-1,True,100,8550,0.7247322509848914,0.26109660574412535,1,383,1,1,1,1
1651,0598_c0001_005.jpg,598,0,-1,True,100,8550,0.7752197201827571,0.31446540880503143,1,318,1,1,1,1
1652,0598_c0001_010.jpg,598,0,-1,True,100,8550,0.77011506202102,0.3831417624521073,1,261,1,1,1,1
1653,0598_c0001_015.jpg,598,0,-1,True,100,8550,0.7681650779330002,0.43859649122807015,1,228,1,1,1,1
1654,0598_c0001_020.jpg,598,0,-1,True,100,8550,0.6805203400359447,0.3389830508474576,1,295,1,1,1,1
1655,0598_c0002_000.jpg,598,1,-1,True,100,8550,0.9616527443782985,0.7692307692307693,1,130,1,1,1,1
1656,0598_c0002_005.jpg,598,1,-1,True,100,8550,0.995048121548504,0.9259259259259259,1,108,1,1,1,1
1657,0598_c0002_010.jpg,598,1,-1,True,100,8550,0.9175325437558953,0.7194244604316546,1,139,1,1,1,1
1658,0598_c0002_015.jpg,598,1,-1,True,100,8550,0.9242859674444633,0.5376344086021505,1,186,1,1,1,1
1659,0598_c0002_020.jpg,598,1,-1,True,100,8550,0.9754473367904862,0.7194244604316546,1,139,1,1,1,1
1660,0598_c0003_000.jpg,598,2,-1,True,100,8550,0.6750987492342062,0.25380710659898476,1,394,1,1,1,1
1661,0598_c0003_005.jpg,598,2,-1,True,100,8550,0.6391701948388208,0.25316455696202533,1,395,1,1,1,1
1662,0598_c0003_010.jpg,598,2,-1,True,100,8550,0.6348738199909565,0.25510204081632654,1,392,1,1,1,1
1663,0598_c0003_015.jpg,598,2,-1,True,100,8550,0.6455327506475418,0.23923444976076555,1,418,1,1,1,1
1664,0598_c0003_020.jpg,598,2,-1,True,100,8550,0.5488013898805951,0.24213075060532688,1,413,1,1,1,1
1665,0598_c0007_000.jpg,598,6,-1,True,100,8550,0.21610117662010378,0.15174506828528073,50,659,0,0,0,0
1666,0598_c0007_005.jpg,598,6,-1,True,100,8550,0.2514627681351713,0.17421602787456447,26,574,0,0,0,0
1667,0598_c0007_010.jpg,598,6,-1,True,100,8550,0.31956330996674204,0.16474464579901152,26,607,0,0,0,0
1668,0598_c0007_015.jpg,598,6,-1,True,100,8550,0.3515195220879859,0.15337423312883436,23,652,0,0,0,0
1669,0598_c0007_020.jpg,598,6,-1,True,100,8550,0.3128163623309173,0.15673981191222572,26,638,0,0,0,0
1670,0598_c0008_000.jpg,598,7,-1,True,100,8550,0.3612190818510503,0.21052631578947367,14,475,0,0,0,1
1671,0598_c0008_005.jpg,598,7,-1,True,100,8550,0.4932869066436759,0.20876826722338204,1,479,1,1,1,1
1672,0598_c0008_010.jpg,598,7,-1,True,100,8550,0.5497352865019359,0.23094688221709006,1,433,1,1,1,1
1673,0598_c0008_015.jpg,598,7,-1,True,100,8550,0.5441634053172959,0.23148148148148148,1,432,1,1,1,1
1674,0598_c0008_020.jpg,598,7,-1,True,100,8550,0.5719553399755852,0.23255813953488372,1,430,1,1,1,1
1675,0600_c0001_000.jpg,600,0,-1,True,175,8550,0.8810852957037268,0.11217948717948718,1,1560,1,1,1,1
1676,0600_c0001_005.jpg,600,0,-1,True,175,8550,0.8855162030478534,0.12526843235504653,1,1397,1,1,1,1
1677,0600_c0001_010.jpg,600,0,-1,True,175,8550,0.8672583393628506,0.10180337405468295,1,1719,1,1,1,1
1678,0600_c0001_015.jpg,600,0,-1,True,175,8550,0.8744526261221326,0.11378413524057217,1,1538,1,1,1,1
1679,0600_c0001_020.jpg,600,0,-1,True,175,8550,0.8843948300869651,0.11551155115511551,1,1515,1,1,1,1
1680,0600_c0002_000.jpg,600,1,-1,True,175,8550,0.4004701497274503,0.21446078431372548,3,816,0,1,1,1
1681,0600_c0002_005.jpg,600,1,-1,True,175,8550,0.276995759061837,0.1294378698224852,45,1352,0,0,0,0
1682,0600_c0002_010.jpg,600,1,-1,True,175,8550,0.155059258774228,0.0755939524838013,48,2315,0,0,0,0
1683,0600_c0002_015.jpg,600,1,-1,True,175,8550,0.20350104917044487,0.1133419689119171,52,1544,0,0,0,0
1684,0600_c0002_020.jpg,600,1,-1,True,175,8550,0.13524158337331904,0.0765194578049847,62,2287,0,0,0,0
1685,0600_c0003_000.jpg,600,2,-1,True,175,8550,0.9676365156061573,0.603448275862069,1,290,1,1,1,1
1686,0600_c0003_005.jpg,600,2,-1,True,175,8550,0.9727823494144631,0.6272401433691757,1,279,1,1,1,1
1687,0600_c0003_010.jpg,600,2,-1,True,175,8550,0.9777144422605009,0.6756756756756757,1,259,1,1,1,1
1688,0600_c0003_015.jpg,600,2,-1,True,175,8550,0.9759124444299752,0.6554307116104869,1,267,1,1,1,1
1689,0600_c0003_020.jpg,600,2,-1,True,175,8550,0.9746512491048738,0.6679389312977099,1,262,1,1,1,1
1690,0600_c0004_000.jpg,600,3,-1,True,175,8550,0.8765902068688424,0.10829207920792079,1,1616,1,1,1,1
1691,0600_c0004_005.jpg,600,3,-1,True,175,8550,0.8799888189115089,0.1158173395102581,1,1511,1,1,1,1
1692,0600_c0004_010.jpg,600,3,-1,True,175,8550,0.8488892107368542,0.08012820512820513,1,2184,1,1,1,1
1693,0600_c0004_015.jpg,600,3,-1,True,175,8550,0.8582850638890551,0.08798391151332328,1,1989,1,1,1,1
1694,0600_c0004_020.jpg,600,3,-1,True,175,8550,0.8766519395523042,0.10775862068965517,1,1624,1,1,1,1
1695,0600_c0005_000.jpg,600,4,-1,True,175,8550,0.9324632923338517,0.5287009063444109,1,331,1,1,1,1
1696,0600_c0005_005.jpg,600,4,-1,True,175,8550,0.9428889999013768,0.541795665634675,1,323,1,1,1,1
1697,0600_c0005_010.jpg,600,4,-1,True,175,8550,0.9557282376448624,0.5700325732899023,1,307,1,1,1,1
1698,0600_c0005_015.jpg,600,4,-1,True,175,8550,0.9262587663716434,0.44191919191919193,1,396,1,1,1,1
1699,0600_c0005_020.jpg,600,4,-1,True,175,8550,0.9650951615469452,0.6097560975609756,1,287,1,1,1,1
1700,0600_c0006_000.jpg,600,5,-1,True,175,8550,0.9635956709929692,0.49019607843137253,1,357,1,1,1,1
1701,0600_c0006_005.jpg,600,5,-1,True,175,8550,0.9557787155889252,0.4861111111111111,1,360,1,1,1,1
1702,0600_c0006_010.jpg,600,5,-1,True,175,8550,0.9521347468670128,0.41371158392434987,1,423,1,1,1,1
1703,0600_c0006_015.jpg,600,5,-1,True,175,8550,0.9575813475031882,0.5287009063444109,1,331,1,1,1,1
1704,0600_c0006_020.jpg,600,5,-1,True,175,8550,0.9612225910266963,0.5520504731861199,1,317,1,1,1,1
1705,0600_c0007_000.jpg,600,6,-1,True,175,8550,0.9123497416621466,0.21446078431372548,1,816,1,1,1,1
1706,0600_c0007_005.jpg,600,6,-1,True,175,8550,0.8971115539749649,0.14906303236797275,1,1174,1,1,1,1
1707,0600_c0007_010.jpg,600,6,-1,True,175,8550,0.9088452067042504,0.1961883408071749,1,892,1,1,1,1
1708,0600_c0007_015.jpg,600,6,-1,True,175,8550,0.9039229617771801,0.1720747295968535,1,1017,1,1,1,1
1709,0600_c0007_020.jpg,600,6,-1,True,175,8550,0.8963701560480298,0.15555555555555556,1,1125,1,1,1,1
1710,0600_c0008_000.jpg,600,7,-1,True,175,8550,0.8999481003257866,0.17292490118577075,1,1012,1,1,1,1
1711,0600_c0008_005.jpg,600,7,-1,True,175,8550,0.9098346235551734,0.21929824561403508,1,798,1,1,1,1
1712,0600_c0008_010.jpg,600,7,-1,True,175,8550,0.9125730567298459,0.2249357326478149,1,778,1,1,1,1
1713,0600_c0008_015.jpg,600,7,-1,True,175,8550,0.905296460933428,0.18776824034334763,1,932,1,1,1,1
1714,0600_c0008_020.jpg,600,7,-1,True,175,8550,0.9191105058250439,0.23972602739726026,1,730,1,1,1,1
