query_index,name,identity,camera,scene,valid,relevant_gallery,kept_gallery,AP,INP,first_match,last_match,Rank-1,Rank-5,Rank-10,Rank-20
0,0502_c0001_000.jpg,502,0,-1,True,175,8550,0.6846221360257279,0.23712737127371275,1,738,1,1,1,1
1,0502_c0001_005.jpg,502,0,-1,True,175,8550,0.5904358803268723,0.2413793103448276,1,725,1,1,1,1
2,0502_c0001_010.jpg,502,0,-1,True,175,8550,0.5657656277004698,0.2190237797246558,1,799,1,1,1,1
3,0502_c0001_015.jpg,502,0,-1,True,175,8550,0.6847353764409799,0.2266839378238342,1,772,1,1,1,1
4,0502_c0001_020.jpg,502,0,-1,True,175,8550,0.6449681367317802,0.22435897435897437,1,780,1,1,1,1
5,0502_c0002_000.jpg,502,1,-1,True,175,8550,0.7785191510583583,0.25697503671071953,1,681,1,1,1,1
6,0502_c0002_005.jpg,502,1,-1,True,175,8550,0.6380547845485686,0.3804347826086957,5,460,0,1,1,1
7,0502_c0002_010.jpg,502,1,-1,True,175,8550,0.6249466976405684,0.30918727915194344,4,566,0,1,1,1
8,0502_c0002_015.jpg,502,1,-1,True,175,8550,0.6670583913350604,0.3371868978805395,1,519,1,1,1,1
9,0502_c0002_020.jpg,502,1,-1,True,175,8550,0.790514859900809,0.4768392370572207,1,367,1,1,1,1
10,0502_c0003_000.jpg,502,2,-1,True,175,8550,0.47583032705695016,0.15404929577464788,6,1136,0,0,1,1
11,0502_c0003_005.jpg,502,2,-1,True,175,8550,0.511585673041563,0.17023346303501946,5,1028,0,1,1,1
12,0502_c0003_010.jpg,502,2,-1,True,175,8550,0.42843885149961,0.15364354697102722,11,1139,0,0,0,1
13,0502_c0003_015.jpg,502,2,-1,True,175,8550,0.4686216757840766,0.1643192488262911,7,1065,0,0,1,1
14,0502_c0003_020.jpg,502,2,-1,True,175,8550,0.44455703627036475,0.15569395017793594,8,1124,0,0,1,1
15,0502_c0004_000.jpg,502,3,-1,True,175,8550,0.6769096830628134,0.1532399299474606,1,1142,1,1,1,1
16,0502_c0004_005.jpg,502,3,-1,True,175,8550,0.7955101401263348,0.18421052631578946,1,950,1,1,1,1
17,0502_c0004_010.jpg,502,3,-1,True,175,8550,0.8448871995030692,0.17676767676767677,1,990,1,1,1,1
18,0502_c0004_015.jpg,502,3,-1,True,175,8550,0.8347812427823493,0.16556291390728478,1,1057,1,1,1,1
19,0502_c0004_020.jpg,502,3,-1,True,175,8550,0.8111179899941467,0.1734390485629336,1,1009,1,1,1,1
20,0502_c0005_000.jpg,502,4,-1,True,175,8550,0.7830720544593263,0.2931323283082077,1,597,1,1,1,1
21,0502_c0005_005.jpg,502,4,-1,True,175,8550,0.7743717210343947,0.2916666666666667,1,600,1,1,1,1
22,0502_c0005_010.jpg,502,4,-1,True,175,8550,0.7237525511987305,0.27386541471048514,1,639,1,1,1,1
23,0502_c0005_015.jpg,502,4,-1,True,175,8550,0.765788885439189,0.2755905511811024,1,635,1,1,1,1
24,0502_c0005_020.jpg,502,4,-1,True,175,8550,0.8035489037277741,0.2864157119476268,1,611,1,1,1,1
25,0502_c0006_000.jpg,502,5,-1,True,175,8550,0.2150677168440399,0.10040160642570281,1,1743,1,1,1,1
26,0502_c0006_005.jpg,502,5,-1,True,175,8550,0.42770770178159606,0.1447477253928867,1,1209,1,1,1,1
27,0502_c0006_010.jpg,502,5,-1,True,175,8550,0.40516671442912056,0.13368983957219252,1,1309,1,1,1,1
28,0502_c0006_015.jpg,502,5,-1,True,175,8550,0.35670472667905073,0.1269956458635704,11,1378,0,0,0,1
29,0502_c0006_020.jpg,502,5,-1,True,175,8550,0.3088232009207392,0.12589928057553956,14,1390,0,0,0,1
30,0502_c0007_000.jpg,502,6,-1,True,175,8550,0.5657456541518178,0.24613220815752462,1,711,1,1,1,1
31,0502_c0007_005.jpg,502,6,-1,True,175,8550,0.6962382929197777,0.43640897755610975,1,401,1,1,1,1
32,0502_c0007_010.jpg,502,6,-1,True,175,8550,0.6887214397287792,0.40415704387990764,1,433,1,1,1,1
33,0502_c0007_015.jpg,502,6,-1,True,175,8550,0.6663720495293618,0.33653846153846156,1,520,1,1,1,1
34,0502_c0007_020.jpg,502,6,-1,True,175,8550,0.620505193153581,0.30120481927710846,1,581,1,1,1,1
35,0502_c0008_000.jpg,502,7,-1,True,175,8550,0.7946858523602017,0.21766169154228857,1,804,1,1,1,1
36,0502_c0008_005.jpg,502,7,-1,True,175,8550,0.8214999926402163,0.27386541471048514,1,639,1,1,1,1
37,0502_c0008_010.jpg,502,7,-1,True,175,8550,0.809055944289829,0.22522522522522523,1,777,1,1,1,1
38,0502_c0008_015.jpg,502,7,-1,True,175,8550,0.8120055287219823,0.2536231884057971,1,690,1,1,1,1
39,0502_c0008_020.jpg,502,7,-1,True,175,8550,0.7670843970984198,0.18597236981934112,1,941,1,1,1,1
40,0504_c0001_000.jpg,504,0,-1,True,150,8550,0.6342427573270091,0.23255813953488372,1,645,1,1,1,1
41,0504_c0001_005.jpg,504,0,-1,True,150,8550,0.5829776173456757,0.16930022573363432,1,886,1,1,1,1
42,0504_c0001_010.jpg,504,0,-1,True,150,8550,0.600085728997113,0.18072289156626506,1,830,1,1,1,1
43,0504_c0001_015.jpg,504,0,-1,True,150,8550,0.5443491887488301,0.16648168701442842,1,901,1,1,1,1
44,0504_c0001_020.jpg,504,0,-1,True,150,8550,0.6027822104726891,0.1884422110552764,1,796,1,1,1,1
45,0504_c0002_000.jpg,504,1,-1,True,150,8550,0.7117544661560408,0.3472222222222222,1,432,1,1,1,1
46,0504_c0002_005.jpg,504,1,-1,True,150,8550,0.6962540335513885,0.32397408207343414,1,463,1,1,1,1
47,0504_c0002_010.jpg,504,1,-1,True,150,8550,0.7448742993736776,0.3694581280788177,1,406,1,1,1,1
48,0504_c0002_015.jpg,504,1,-1,True,150,8550,0.7512823649792294,0.4297994269340974,1,349,1,1,1,1
49,0504_c0002_020.jpg,504,1,-1,True,150,8550,0.8025520672694033,0.45454545454545453,1,330,1,1,1,1
50,0504_c0003_000.jpg,504,2,-1,True,150,8550,0.8390602281003361,0.5813953488372093,1,258,1,1,1,1
51,0504_c0003_005.jpg,504,2,-1,True,150,8550,0.8038574998425971,0.5952380952380952,1,252,1,1,1,1
52,0504_c0003_010.jpg,504,2,-1,True,150,8550,0.8589363380792745,0.5976095617529881,1,251,1,1,1,1
53,0504_c0003_015.jpg,504,2,-1,True,150,8550,0.878885160838145,0.6,1,250,1,1,1,1
54,0504_c0003_020.jpg,504,2,-1,True,150,8550,0.899912029648392,0.6048387096774194,1,248,1,1,1,1
55,0504_c0005_000.jpg,504,4,-1,True,150,8550,0.6182208285220602,0.27223230490018147,1,551,1,1,1,1
56,0504_c0005_005.jpg,504,4,-1,True,150,8550,0.647468255669762,0.32051282051282054,1,468,1,1,1,1
57,0504_c0005_010.jpg,504,4,-1,True,150,8550,0.6793059433935461,0.34965034965034963,1,429,1,1,1,1
58,0504_c0005_015.jpg,504,4,-1,True,150,8550,0.708010607485062,0.352112676056338,1,426,1,1,1,1
59,0504_c0005_020.jpg,504,4,-1,True,150,8550,0.7028761547385396,0.3177966101694915,1,472,1,1,1,1
60,0504_c0006_000.jpg,504,5,-1,True,150,8550,0.9960362611916362,0.9554140127388535,1,157,1,1,1,1
61,0504_c0006_005.jpg,504,5,-1,True,150,8550,0.9809821557878283,0.8379888268156425,1,179,1,1,1,1
62,0504_c0006_010.jpg,504,5,-1,True,150,8550,0.9830515232428411,0.8426966292134831,1,178,1,1,1,1
63,0504_c0006_015.jpg,504,5,-1,True,150,8550,0.9771726897037486,0.8152173913043478,1,184,1,1,1,1
64,0504_c0006_020.jpg,504,5,-1,True,150,8550,0.9854418426302597,0.8875739644970414,1,169,1,1,1,1
65,0504_c0007_000.jpg,504,6,-1,True,150,8550,0.9982821840999452,0.967741935483871,1,155,1,1,1,1
66,0504_c0007_005.jpg,504,6,-1,True,150,8550,0.9943691327479759,0.9202453987730062,1,163,1,1,1,1
67,0504_c0007_010.jpg,504,6,-1,True,150,8550,0.9545772914847794,0.746268656716418,1,201,1,1,1,1
68,0504_c0007_015.jpg,504,6,-1,True,150,8550,0.9972393681753605,0.9146341463414634,1,164,1,1,1,1
69,0504_c0007_020.jpg,504,6,-1,True,150,8550,0.9986964642302195,0.9803921568627451,1,153,1,1,1,1
70,0504_c0008_000.jpg,504,7,-1,True,150,8550,0.9823179126820075,0.8823529411764706,1,170,1,1,1,1
71,0504_c0008_005.jpg,504,7,-1,True,150,8550,0.9914459502299989,0.8379888268156425,1,179,1,1,1,1
72,0504_c0008_010.jpg,504,7,-1,True,150,8550,0.9814167909146742,0.8108108108108109,1,185,1,1,1,1
73,0504_c0008_015.jpg,504,7,-1,True,150,8550,0.9722316298978535,0.7978723404255319,1,188,1,1,1,1
74,0504_c0008_020.jpg,504,7,-1,True,150,8550,0.9763550571831191,0.7936507936507936,1,189,1,1,1,1
75,0506_c0001_000.jpg,506,0,-1,True,175,8550,0.8036417196756394,0.660377358490566,1,265,1,1,1,1
76,0506_c0001_005.jpg,506,0,-1,True,175,8550,0.844197153470502,0.7172131147540983,1,244,1,1,1,1
77,0506_c0001_010.jpg,506,0,-1,True,175,8550,0.8141833197774674,0.7056451612903226,1,248,1,1,1,1
78,0506_c0001_015.jpg,506,0,-1,True,175,8550,0.8170897741080314,0.6272401433691757,1,279,1,1,1,1
79,0506_c0001_020.jpg,506,0,-1,True,175,8550,0.8058783680009989,0.68359375,1,256,1,1,1,1
80,0506_c0002_000.jpg,506,1,-1,True,175,8550,0.8583560127337804,0.4985754985754986,1,351,1,1,1,1
81,0506_c0002_005.jpg,506,1,-1,True,175,8550,0.8717125707130713,0.5223880597014925,1,335,1,1,1,1
82,0506_c0002_010.jpg,506,1,-1,True,175,8550,0.8693717929256117,0.5,1,350,1,1,1,1
83,0506_c0002_015.jpg,506,1,-1,True,175,8550,0.8078476919371655,0.546875,1,320,1,1,1,1
84,0506_c0002_020.jpg,506,1,-1,True,175,8550,0.8610488393524515,0.5335365853658537,1,328,1,1,1,1
85,0506_c0003_000.jpg,506,2,-1,True,175,8550,0.9249056281129018,0.7056451612903226,1,248,1,1,1,1
86,0506_c0003_005.jpg,506,2,-1,True,175,8550,0.9318779099254663,0.813953488372093,1,215,1,1,1,1
87,0506_c0003_010.jpg,506,2,-1,True,175,8550,0.9194695134450408,0.6809338521400778,1,257,1,1,1,1
88,0506_c0003_015.jpg,506,2,-1,True,175,8550,0.9337587917009512,0.7352941176470589,1,238,1,1,1,1
89,0506_c0003_020.jpg,506,2,-1,True,175,8550,0.9121327387415477,0.6183745583038869,1,283,1,1,1,1
90,0506_c0004_000.jpg,506,3,-1,True,175,8550,0.8344142119609081,0.44191919191919193,1,396,1,1,1,1
91,0506_c0004_005.jpg,506,3,-1,True,175,8550,0.9107432108040958,0.5718954248366013,1,306,1,1,1,1
92,0506_c0004_010.jpg,506,3,-1,True,175,8550,0.8841877798642015,0.603448275862069,1,290,1,1,1,1
93,0506_c0004_015.jpg,506,3,-1,True,175,8550,0.8794961595590586,0.5794701986754967,1,302,1,1,1,1
94,0506_c0004_020.jpg,506,3,-1,True,175,8550,0.8619938045407172,0.603448275862069,1,290,1,1,1,1
95,0506_c0005_000.jpg,506,4,-1,True,175,8550,0.5200829531671208,0.26435045317220546,1,662,1,1,1,1
96,0506_c0005_005.jpg,506,4,-1,True,175,8550,0.5239345131775858,0.2536231884057971,1,690,1,1,1,1
97,0506_c0005_010.jpg,506,4,-1,True,175,8550,0.5160154924105496,0.258493353028065,1,677,1,1,1,1
98,0506_c0005_015.jpg,506,4,-1,True,175,8550,0.6132642900689995,0.2700617283950617,1,648,1,1,1,1
99,0506_c0005_020.jpg,506,4,-1,True,175,8550,0.501404651755355,0.2708978328173375,1,646,1,1,1,1
100,0506_c0006_000.jpg,506,5,-1,True,175,8550,0.8906620970856547,0.34516765285996054,1,507,1,1,1,1
101,0506_c0006_005.jpg,506,5,-1,True,175,8550,0.90817361652034,0.4268292682926829,1,410,1,1,1,1
102,0506_c0006_010.jpg,506,5,-1,True,175,8550,0.9067989489482381,0.3888888888888889,1,450,1,1,1,1
103,0506_c0006_015.jpg,506,5,-1,True,175,8550,0.914912467920504,0.4742547425474255,1,369,1,1,1,1
104,0506_c0006_020.jpg,506,5,-1,True,175,8550,0.9127201201875917,0.42997542997543,1,407,1,1,1,1
105,0506_c0007_000.jpg,506,6,-1,True,175,8550,0.9563469076537279,0.7352941176470589,1,238,1,1,1,1
106,0506_c0007_005.jpg,506,6,-1,True,175,8550,0.9633729739050225,0.7261410788381742,1,241,1,1,1,1
107,0506_c0007_010.jpg,506,6,-1,True,175,8550,0.9460566197903485,0.5813953488372093,1,301,1,1,1,1
108,0506_c0007_015.jpg,506,6,-1,True,175,8550,0.939851823584582,0.5952380952380952,1,294,1,1,1,1
109,0506_c0007_020.jpg,506,6,-1,True,175,8550,0.9504614801572909,0.5663430420711975,1,309,1,1,1,1
110,0506_c0008_000.jpg,506,7,-1,True,175,8550,0.7243267316221079,0.23178807947019867,1,755,1,1,1,1
111,0506_c0008_005.jpg,506,7,-1,True,175,8550,0.732001001705797,0.24339360222531292,1,719,1,1,1,1
112,0506_c0008_010.jpg,506,7,-1,True,175,8550,0.8260304956366115,0.2795527156549521,1,626,1,1,1,1
113,0506_c0008_015.jpg,506,7,-1,True,175,8550,0.8219559135143741,0.28135048231511256,1,622,1,1,1,1
114,0506_c0008_020.jpg,506,7,-1,True,175,8550,0.8397977794845624,0.2946127946127946,1,594,1,1,1,1
115,0508_c0001_000.jpg,508,0,-1,True,175,8550,0.5973671186846999,0.19358407079646017,1,904,1,1,1,1
116,0508_c0001_005.jpg,508,0,-1,True,175,8550,0.6677629259843417,0.2311756935270806,1,757,1,1,1,1
117,0508_c0001_010.jpg,508,0,-1,True,175,8550,0.6047828239248414,0.18796992481203006,1,931,1,1,1,1
118,0508_c0001_015.jpg,508,0,-1,True,175,8550,0.6310711168490791,0.20734597156398105,1,844,1,1,1,1
119,0508_c0001_020.jpg,508,0,-1,True,175,8550,0.6173791722821055,0.21160822249093109,1,827,1,1,1,1
120,0508_c0002_000.jpg,508,1,-1,True,175,8550,0.875763613630765,0.44080604534005036,1,397,1,1,1,1
121,0508_c0002_005.jpg,508,1,-1,True,175,8550,0.8693917821538728,0.3615702479338843,1,484,1,1,1,1
122,0508_c0002_010.jpg,508,1,-1,True,175,8550,0.8324963531779722,0.315884476534296,1,554,1,1,1,1
123,0508_c0002_015.jpg,508,1,-1,True,175,8550,0.8748518564678333,0.44191919191919193,1,396,1,1,1,1
124,0508_c0002_020.jpg,508,1,-1,True,175,8550,0.8783747750408741,0.4768392370572207,1,367,1,1,1,1
125,0508_c0003_000.jpg,508,2,-1,True,175,8550,0.6846149496145699,0.38209606986899564,1,458,1,1,1,1
126,0508_c0003_005.jpg,508,2,-1,True,175,8550,0.7110966321033001,0.34930139720558884,1,501,1,1,1,1
127,0508_c0003_010.jpg,508,2,-1,True,175,8550,0.6497759423674472,0.37154989384288745,1,471,1,1,1,1
128,0508_c0003_015.jpg,508,2,-1,True,175,8550,0.49435680292328127,0.35496957403651114,1,493,1,1,1,1
129,0508_c0003_020.jpg,508,2,-1,True,175,8550,0.6013938767906891,0.33783783783783783,1,518,1,1,1,1
130,0508_c0004_000.jpg,508,3,-1,True,175,8550,0.138726548971162,0.11945392491467577,82,1465,0,0,0,0
131,0508_c0004_005.jpg,508,3,-1,True,175,8550,0.19641505502762527,0.2006880733944954,39,872,0,0,0,0
132,0508_c0004_010.jpg,508,3,-1,True,175,8550,0.1925599329260952,0.1959686450167973,32,893,0,0,0,0
133,0508_c0004_015.jpg,508,3,-1,True,175,8550,0.19820896482162498,0.19729425028184894,45,887,0,0,0,0
134,0508_c0004_020.jpg,508,3,-1,True,175,8550,0.1654757516472488,0.16843118383060635,58,1039,0,0,0,0
135,0508_c0005_000.jpg,508,4,-1,True,175,8550,0.9054668302065121,0.6457564575645757,1,271,1,1,1,1
136,0508_c0005_005.jpg,508,4,-1,True,175,8550,0.9105892261641049,0.6889763779527559,1,254,1,1,1,1
137,0508_c0005_010.jpg,508,4,-1,True,175,8550,0.9194597975127411,0.631768953068592,1,277,1,1,1,1
138,0508_c0005_015.jpg,508,4,-1,True,175,8550,0.905195215476808,0.7415254237288136,1,236,1,1,1,1
139,0508_c0005_020.jpg,508,4,-1,True,175,8550,0.896384216446745,0.6889763779527559,1,254,1,1,1,1
140,0508_c0006_000.jpg,508,5,-1,True,175,8550,0.4081735810031407,0.24822695035460993,1,705,1,1,1,1
141,0508_c0006_005.jpg,508,5,-1,True,175,8550,0.43988801938841965,0.2581120943952802,1,678,1,1,1,1
142,0508_c0006_010.jpg,508,5,-1,True,175,8550,0.45735651071224565,0.2951096121416526,1,593,1,1,1,1
143,0508_c0006_015.jpg,508,5,-1,True,175,8550,0.43515525950831535,0.30918727915194344,1,566,1,1,1,1
144,0508_c0006_020.jpg,508,5,-1,True,175,8550,0.46066451400259073,0.2539912917271408,1,689,1,1,1,1
145,0508_c0007_000.jpg,508,6,-1,True,175,8550,0.7022828952109658,0.18716577540106952,1,935,1,1,1,1
146,0508_c0007_005.jpg,508,6,-1,True,175,8550,0.7030385216710381,0.1959686450167973,1,893,1,1,1,1
147,0508_c0007_010.jpg,508,6,-1,True,175,8550,0.7642502516219984,0.2044392523364486,1,856,1,1,1,1
148,0508_c0007_015.jpg,508,6,-1,True,175,8550,0.7509379324349233,0.19104803493449782,1,916,1,1,1,1
149,0508_c0007_020.jpg,508,6,-1,True,175,8550,0.722870389658214,0.19209659714599342,1,911,1,1,1,1
150,0508_c0008_000.jpg,508,7,-1,True,175,8550,0.7632729650896377,0.2897350993377483,1,604,1,1,1,1
151,0508_c0008_005.jpg,508,7,-1,True,175,8550,0.7556097941678124,0.32649253731343286,1,536,1,1,1,1
152,0508_c0008_010.jpg,508,7,-1,True,175,8550,0.7072778164244101,0.36382536382536385,1,481,1,1,1,1
153,0508_c0008_015.jpg,508,7,-1,True,175,8550,0.7426275008181803,0.4257907542579075,1,411,1,1,1,1
154,0508_c0008_020.jpg,508,7,-1,True,175,8550,0.7533369674014654,0.38461538461538464,1,455,1,1,1,1
155,0510_c0001_000.jpg,510,0,-1,True,175,8550,0.6749704800434901,0.2536231884057971,1,690,1,1,1,1
156,0510_c0001_005.jpg,510,0,-1,True,175,8550,0.7099192619451731,0.25547445255474455,1,685,1,1,1,1
157,0510_c0001_010.jpg,510,0,-1,True,175,8550,0.6896650381264748,0.2532561505065123,1,691,1,1,1,1
158,0510_c0001_015.jpg,510,0,-1,True,175,8550,0.6474842805496336,0.23302263648468707,1,751,1,1,1,1
159,0510_c0001_020.jpg,510,0,-1,True,175,8550,0.6046671576508242,0.2878289473684211,1,608,1,1,1,1
160,0510_c0002_000.jpg,510,1,-1,True,175,8550,0.6854677692105934,0.20734597156398105,1,844,1,1,1,1
161,0510_c0002_005.jpg,510,1,-1,True,175,8550,0.6031538188090982,0.23178807947019867,1,755,1,1,1,1
162,0510_c0002_010.jpg,510,1,-1,True,175,8550,0.6064546582054994,0.22697795071335927,1,771,1,1,1,1
163,0510_c0002_015.jpg,510,1,-1,True,175,8550,0.5466743099474519,0.1524390243902439,1,1148,1,1,1,1
164,0510_c0002_020.jpg,510,1,-1,True,175,8550,0.5421558223376938,0.14309076042518398,1,1223,1,1,1,1
165,0510_c0003_000.jpg,510,2,-1,True,175,8550,0.7129538677605683,0.1650943396226415,1,1060,1,1,1,1
166,0510_c0003_005.jpg,510,2,-1,True,175,8550,0.6492963012399282,0.13513513513513514,1,1295,1,1,1,1
167,0510_c0003_010.jpg,510,2,-1,True,175,8550,0.6398506167889314,0.14805414551607446,1,1182,1,1,1,1
168,0510_c0003_015.jpg,510,2,-1,True,175,8550,0.6705996633124705,0.16188714153561518,1,1081,1,1,1,1
169,0510_c0003_020.jpg,510,2,-1,True,175,8550,0.626063917095994,0.14297385620915032,1,1224,1,1,1,1
170,0510_c0004_000.jpg,510,3,-1,True,175,8550,0.5920274849234569,0.2468265162200282,1,709,1,1,1,1
171,0510_c0004_005.jpg,510,3,-1,True,175,8550,0.6106869437810986,0.2631578947368421,1,665,1,1,1,1
172,0510_c0004_010.jpg,510,3,-1,True,175,8550,0.6586955873439874,0.28317152103559873,1,618,1,1,1,1
173,0510_c0004_015.jpg,510,3,-1,True,175,8550,0.5551712755932937,0.2696456086286595,1,649,1,1,1,1
174,0510_c0004_020.jpg,510,3,-1,True,175,8550,0.5907477530014298,0.2916666666666667,1,600,1,1,1,1
175,0510_c0005_000.jpg,510,4,-1,True,175,8550,0.2643009643183649,0.29711375212224106,24,589,0,0,0,0
176,0510_c0005_005.jpg,510,4,-1,True,175,8550,0.2804288451655144,0.30434782608695654,18,575,0,0,0,1
177,0510_c0005_010.jpg,510,4,-1,True,175,8550,0.27785057507135386,0.2565982404692082,56,682,0,0,0,0
178,0510_c0005_015.jpg,510,4,-1,True,175,8550,0.22317509879774117,0.27301092043681746,62,641,0,0,0,0
179,0510_c0005_020.jpg,510,4,-1,True,175,8550,0.2709122156542214,0.28317152103559873,46,618,0,0,0,0
180,0510_c0006_000.jpg,510,5,-1,True,175,8550,0.7668940765789598,0.3017241379310345,1,580,1,1,1,1
181,0510_c0006_005.jpg,510,5,-1,True,175,8550,0.6926811874503007,0.3027681660899654,1,578,1,1,1,1
182,0510_c0006_010.jpg,510,5,-1,True,175,8550,0.6161910606377269,0.2615844544095665,1,669,1,1,1,1
183,0510_c0006_015.jpg,510,5,-1,True,175,8550,0.6403845905981099,0.2663622526636225,1,657,1,1,1,1
184,0510_c0006_020.jpg,510,5,-1,True,175,8550,0.6654564303404092,0.28363047001620745,1,617,1,1,1,1
185,0510_c0007_000.jpg,510,6,-1,True,175,8550,0.7790924241706326,0.3684210526315789,1,475,1,1,1,1
186,0510_c0007_005.jpg,510,6,-1,True,175,8550,0.771860703564661,0.39503386004514673,1,443,1,1,1,1
187,0510_c0007_010.jpg,510,6,-1,True,175,8550,0.8795126440557574,0.3812636165577342,1,459,1,1,1,1
188,0510_c0007_015.jpg,510,6,-1,True,175,8550,0.8768224515599786,0.41371158392434987,1,423,1,1,1,1
189,0510_c0007_020.jpg,510,6,-1,True,175,8550,0.8754294410832923,0.3897550111358575,1,449,1,1,1,1
190,0510_c0008_000.jpg,510,7,-1,True,175,8550,0.984883201496822,0.8215962441314554,1,213,1,1,1,1
191,0510_c0008_005.jpg,510,7,-1,True,175,8550,0.9608854124147514,0.7777777777777778,1,225,1,1,1,1
192,0510_c0008_010.jpg,510,7,-1,True,175,8550,0.9411337038595045,0.8064516129032258,1,217,1,1,1,1
193,0510_c0008_015.jpg,510,7,-1,True,175,8550,0.9901105786656839,0.8373205741626795,1,209,1,1,1,1
194,0510_c0008_020.jpg,510,7,-1,True,175,8550,0.8719208524493891,0.6653992395437263,1,263,1,1,1,1
195,0512_c0001_000.jpg,512,0,-1,True,75,8550,0.7958555919194951,0.3303964757709251,1,227,1,1,1,1
196,0512_c0001_005.jpg,512,0,-1,True,75,8550,0.7504009623281187,0.32608695652173914,1,230,1,1,1,1
197,0512_c0001_010.jpg,512,0,-1,True,75,8550,0.7520262737075188,0.35377358490566035,1,212,1,1,1,1
198,0512_c0001_015.jpg,512,0,-1,True,75,8550,0.7867934514462408,0.3409090909090909,1,220,1,1,1,1
199,0512_c0001_020.jpg,512,0,-1,True,75,8550,0.9392229633070404,0.5859375,1,128,1,1,1,1
200,0512_c0003_000.jpg,512,2,-1,True,75,8550,0.8190456919237286,0.4966887417218543,1,151,1,1,1,1
201,0512_c0003_005.jpg,512,2,-1,True,75,8550,0.8213343432367163,0.4966887417218543,1,151,1,1,1,1
202,0512_c0003_010.jpg,512,2,-1,True,75,8550,0.8224134249515188,0.4966887417218543,1,151,1,1,1,1
203,0512_c0003_015.jpg,512,2,-1,True,75,8550,0.8667223403220815,0.5,1,150,1,1,1,1
204,0512_c0003_020.jpg,512,2,-1,True,75,8550,0.8525758478821066,0.5,1,150,1,1,1,1
205,0512_c0005_000.jpg,512,4,-1,True,75,8550,0.9258509830617402,0.5244755244755245,1,143,1,1,1,1
206,0512_c0005_005.jpg,512,4,-1,True,75,8550,0.9816009368419253,0.8620689655172413,1,87,1,1,1,1
207,0512_c0005_010.jpg,512,4,-1,True,75,8550,0.9949546547188208,0.9146341463414634,1,82,1,1,1,1
208,0512_c0005_015.jpg,512,4,-1,True,75,8550,0.9561394628775961,0.6521739130434783,1,115,1,1,1,1
209,0512_c0005_020.jpg,512,4,-1,True,75,8550,1.0,1.0,1,75,1,1,1,1
210,0512_c0006_000.jpg,512,5,-1,True,75,8550,0.33603743407456965,0.12798634812286688,1,586,1,1,1,1
211,0512_c0006_005.jpg,512,5,-1,True,75,8550,0.36995210398423517,0.11013215859030837,1,681,1,1,1,1
212,0512_c0006_010.jpg,512,5,-1,True,75,8550,0.2988192525710335,0.10775862068965517,15,696,0,0,0,1
213,0512_c0006_015.jpg,512,5,-1,True,75,8550,0.31961994660959886,0.12376237623762376,3,606,0,1,1,1
214,0512_c0006_020.jpg,512,5,-1,True,75,8550,0.40122407449999364,0.0967741935483871,1,775,1,1,1,1
215,0514_c0001_000.jpg,514,0,-1,True,175,8550,0.2052967933448532,0.20983213429256595,76,834,0,0,0,0
216,0514_c0001_005.jpg,514,0,-1,True,175,8550,0.03918136442187457,0.054858934169279,438,3190,0,0,0,0
217,0514_c0001_010.jpg,514,0,-1,True,175,8550,0.068481251716831,0.07668711656441718,166,2282,0,0,0,0
218,0514_c0001_015.jpg,514,0,-1,True,175,8550,0.06405100268211651,0.07822977201609298,172,2237,0,0,0,0
219,0514_c0001_020.jpg,514,0,-1,True,175,8550,0.11650342774559568,0.1313813813813814,78,1332,0,0,0,0
220,0514_c0002_000.jpg,514,1,-1,True,175,8550,0.872957814653853,0.546875,1,320,1,1,1,1
221,0514_c0002_005.jpg,514,1,-1,True,175,8550,0.8640401988814547,0.5952380952380952,1,294,1,1,1,1
222,0514_c0002_010.jpg,514,1,-1,True,175,8550,0.8552995946762137,0.5591054313099042,1,313,1,1,1,1
223,0514_c0002_015.jpg,514,1,-1,True,175,8550,0.8903900317481287,0.6756756756756757,1,259,1,1,1,1
224,0514_c0002_020.jpg,514,1,-1,True,175,8550,0.8749891252343319,0.5852842809364549,1,299,1,1,1,1
225,0514_c0003_000.jpg,514,2,-1,True,175,8550,0.882823213201505,0.354251012145749,1,494,1,1,1,1
226,0514_c0003_005.jpg,514,2,-1,True,175,8550,0.8710748801358448,0.343811394891945,1,509,1,1,1,1
227,0514_c0003_010.jpg,514,2,-1,True,175,8550,0.8447787375427981,0.2692307692307692,1,650,1,1,1,1
228,0514_c0003_015.jpg,514,2,-1,True,175,8550,0.8407980602714851,0.2764612954186414,1,633,1,1,1,1
229,0514_c0003_020.jpg,514,2,-1,True,175,8550,0.8680201035984575,0.30864197530864196,1,567,1,1,1,1
230,0514_c0004_000.jpg,514,3,-1,True,175,8550,0.9418856332095541,0.33081285444234404,1,529,1,1,1,1
231,0514_c0004_005.jpg,514,3,-1,True,175,8550,0.9431588235893508,0.3458498023715415,1,506,1,1,1,1
232,0514_c0004_010.jpg,514,3,-1,True,175,8550,0.9383208112584533,0.3314393939393939,1,528,1,1,1,1
233,0514_c0004_015.jpg,514,3,-1,True,175,8550,0.9352331447414859,0.3314393939393939,1,528,1,1,1,1
234,0514_c0004_020.jpg,514,3,-1,True,175,8550,0.9292460358769651,0.2897350993377483,1,604,1,1,1,1
235,0514_c0005_000.jpg,514,4,-1,True,175,8550,0.928704601509451,0.4196642685851319,1,417,1,1,1,1
236,0514_c0005_005.jpg,514,4,-1,True,175,8550,0.9277132739746353,0.4206730769230769,1,416,1,1,1,1
237,0514_c0005_010.jpg,514,4,-1,True,175,8550,0.9288673704235183,0.423728813559322,1,413,1,1,1,1
238,0514_c0005_015.jpg,514,4,-1,True,175,8550,0.9241361939613886,0.4117647058823529,1,425,1,1,1,1
239,0514_c0005_020.jpg,514,4,-1,True,175,8550,0.9227403167190356,0.3684210526315789,1,475,1,1,1,1
240,0514_c0006_000.jpg,514,5,-1,True,175,8550,0.914360779983416,0.28688524590163933,1,610,1,1,1,1
241,0514_c0006_005.jpg,514,5,-1,True,175,8550,0.9212954635445807,0.33269961977186313,1,526,1,1,1,1
242,0514_c0006_010.jpg,514,5,-1,True,175,8550,0.9230119647187618,0.35353535353535354,1,495,1,1,1,1
243,0514_c0006_015.jpg,514,5,-1,True,175,8550,0.9212620973377202,0.34448818897637795,1,508,1,1,1,1
244,0514_c0006_020.jpg,514,5,-1,True,175,8550,0.9221810003243998,0.3556910569105691,1,492,1,1,1,1
245,0514_c0007_000.jpg,514,6,-1,True,175,8550,0.9293811842326701,0.35860655737704916,1,488,1,1,1,1
246,0514_c0007_005.jpg,514,6,-1,True,175,8550,0.9305552339331471,0.3645833333333333,1,480,1,1,1,1
247,0514_c0007_010.jpg,514,6,-1,True,175,8550,0.929549606459296,0.36082474226804123,1,485,1,1,1,1
248,0514_c0007_015.jpg,514,6,-1,True,175,8550,0.9341124752810928,0.37154989384288745,1,471,1,1,1,1
249,0514_c0007_020.jpg,514,6,-1,True,175,8550,0.9293050689958888,0.3615702479338843,1,484,1,1,1,1
250,0514_c0008_000.jpg,514,7,-1,True,175,8550,0.9310506151788152,0.4396984924623116,1,398,1,1,1,1
251,0514_c0008_005.jpg,514,7,-1,True,175,8550,0.9370457912297311,0.4768392370572207,1,367,1,1,1,1
252,0514_c0008_010.jpg,514,7,-1,True,175,8550,0.9322943655247796,0.43424317617866004,1,403,1,1,1,1
253,0514_c0008_015.jpg,514,7,-1,True,175,8550,0.9455375760956561,0.5775577557755776,1,303,1,1,1,1
254,0514_c0008_020.jpg,514,7,-1,True,175,8550,0.941272168168758,0.5319148936170213,1,329,1,1,1,1
255,0516_c0001_000.jpg,516,0,-1,True,75,8550,0.6172570661198856,0.5514705882352942,3,136,0,1,1,1
256,0516_c0001_005.jpg,516,0,-1,True,75,8550,0.6359541511816139,0.6637168141592921,3,113,0,1,1,1
257,0516_c0001_010.jpg,516,0,-1,True,75,8550,0.6723225101707528,0.6637168141592921,2,113,0,1,1,1
258,0516_c0001_015.jpg,516,0,-1,True,75,8550,0.508274334381925,0.5597014925373134,16,134,0,0,0,1
259,0516_c0001_020.jpg,516,0,-1,True,75,8550,0.4132237958526709,0.38860103626943004,30,193,0,0,0,0
260,0516_c0003_000.jpg,516,2,-1,True,75,8550,0.34413014181501683,0.16968325791855204,10,442,0,0,1,1
261,0516_c0003_005.jpg,516,2,-1,True,75,8550,0.42806915766108117,0.2032520325203252,8,369,0,0,1,1
262,0516_c0003_010.jpg,516,2,-1,True,75,8550,0.7038124590823301,0.3246753246753247,1,231,1,1,1,1
263,0516_c0003_015.jpg,516,2,-1,True,75,8550,0.4960973414663249,0.234375,6,320,0,0,1,1
264,0516_c0003_020.jpg,516,2,-1,True,75,8550,0.2908541203082361,0.17647058823529413,22,425,0,0,0,0
265,0516_c0005_000.jpg,516,4,-1,True,75,8550,0.9899752639998453,0.8333333333333334,1,90,1,1,1,1
266,0516_c0005_005.jpg,516,4,-1,True,75,8550,0.9932483612983144,0.8620689655172413,1,87,1,1,1,1
267,0516_c0005_010.jpg,516,4,-1,True,75,8550,0.9828643494322697,0.7978723404255319,1,94,1,1,1,1
268,0516_c0005_015.jpg,516,4,-1,True,75,8550,0.984199484895591,0.7978723404255319,1,94,1,1,1,1
269,0516_c0005_020.jpg,516,4,-1,True,75,8550,0.9969102871385975,0.9259259259259259,1,81,1,1,1,1
270,0516_c0006_000.jpg,516,5,-1,True,75,8550,0.8906018484267594,0.5639097744360902,1,133,1,1,1,1
271,0516_c0006_005.jpg,516,5,-1,True,75,8550,0.8458963494448358,0.5639097744360902,1,133,1,1,1,1
272,0516_c0006_010.jpg,516,5,-1,True,75,8550,0.8752152270567344,0.625,1,120,1,1,1,1
273,0516_c0006_015.jpg,516,5,-1,True,75,8550,0.8382243004542504,0.43352601156069365,1,173,1,1,1,1
274,0516_c0006_020.jpg,516,5,-1,True,75,8550,0.8167076437418219,0.43859649122807015,1,171,1,1,1,1
275,0518_c0001_000.jpg,518,0,-1,True,100,8550,0.19881212799304865,0.24937655860349128,26,401,0,0,0,0
276,0518_c0001_005.jpg,518,0,-1,True,100,8550,0.1761446982743323,0.24449877750611246,39,409,0,0,0,0
277,0518_c0001_010.jpg,518,0,-1,True,100,8550,0.18843356426164606,0.24509803921568626,26,408,0,0,0,0
278,0518_c0001_015.jpg,518,0,-1,True,100,8550,0.18247033633449372,0.25,26,400,0,0,0,0
279,0518_c0001_020.jpg,518,0,-1,True,100,8550,0.23182294097564665,0.2604166666666667,26,384,0,0,0,0
280,0518_c0002_000.jpg,518,1,-1,True,100,8550,0.6111932207859916,0.8,15,125,0,0,0,1
281,0518_c0002_005.jpg,518,1,-1,True,100,8550,0.6960977818552331,0.7692307692307693,3,130,0,1,1,1
282,0518_c0002_010.jpg,518,1,-1,True,100,8550,0.6323659931856743,0.7692307692307693,5,130,0,1,1,1
283,0518_c0002_015.jpg,518,1,-1,True,100,8550,0.7178239601271044,0.8,2,125,0,1,1,1
284,0518_c0002_020.jpg,518,1,-1,True,100,8550,0.7112481231973375,0.7874015748031497,3,127,0,1,1,1
285,0518_c0003_000.jpg,518,2,-1,True,100,8550,0.19580452461564796,0.25380710659898476,36,394,0,0,0,0
286,0518_c0003_005.jpg,518,2,-1,True,100,8550,0.4067317337208378,0.26455026455026454,1,378,1,1,1,1
287,0518_c0003_010.jpg,518,2,-1,True,100,8550,0.4697859240865608,0.31746031746031744,1,315,1,1,1,1
288,0518_c0003_015.jpg,518,2,-1,True,100,8550,0.5695309304402588,0.36231884057971014,1,276,1,1,1,1
289,0518_c0003_020.jpg,518,2,-1,True,100,8550,0.5260415853104975,0.35587188612099646,1,281,1,1,1,1
290,0518_c0005_000.jpg,518,4,-1,True,100,8550,0.5787739090315036,0.36101083032490977,1,277,1,1,1,1
291,0518_c0005_005.jpg,518,4,-1,True,100,8550,0.5972449754221829,0.38910505836575876,1,257,1,1,1,1
292,0518_c0005_010.jpg,518,4,-1,True,100,8550,0.6399964527858657,0.3831417624521073,1,261,1,1,1,1
293,0518_c0005_015.jpg,518,4,-1,True,100,8550,0.6476268688791076,0.3861003861003861,1,259,1,1,1,1
294,0518_c0005_020.jpg,518,4,-1,True,100,8550,0.6539878662184138,0.38910505836575876,1,257,1,1,1,1
295,0518_c0006_000.jpg,518,5,-1,True,100,8550,0.6527811315189269,0.2801120448179272,1,357,1,1,1,1
296,0518_c0006_005.jpg,518,5,-1,True,100,8550,0.6713564228074915,0.30303030303030304,1,330,1,1,1,1
297,0518_c0006_010.jpg,518,5,-1,True,100,8550,0.6684889981514216,0.3021148036253776,1,331,1,1,1,1
298,0518_c0006_015.jpg,518,5,-1,True,100,8550,0.6726333985663782,0.3067484662576687,1,326,1,1,1,1
299,0518_c0006_020.jpg,518,5,-1,True,100,8550,0.6721979962378916,0.303951367781155,1,329,1,1,1,1
300,0520_c0001_000.jpg,520,0,-1,True,150,8550,0.4359889834691243,0.3073770491803279,1,488,1,1,1,1
301,0520_c0001_005.jpg,520,0,-1,True,150,8550,0.4339708477368033,0.30120481927710846,1,498,1,1,1,1
302,0520_c0001_010.jpg,520,0,-1,True,150,8550,0.4100452527473187,0.2555366269165247,1,587,1,1,1,1
303,0520_c0001_015.jpg,520,0,-1,True,150,8550,0.43798087296311244,0.30060120240480964,1,499,1,1,1,1
304,0520_c0001_020.jpg,520,0,-1,True,150,8550,0.4480660846894773,0.3456221198156682,1,434,1,1,1,1
305,0520_c0002_000.jpg,520,1,-1,True,150,8550,0.9742108166598776,0.6550218340611353,1,229,1,1,1,1
306,0520_c0002_005.jpg,520,1,-1,True,150,8550,0.9615580545472983,0.6756756756756757,1,222,1,1,1,1
307,0520_c0002_010.jpg,520,1,-1,True,150,8550,0.9531154206468636,0.6198347107438017,1,242,1,1,1,1
308,0520_c0002_015.jpg,520,1,-1,True,150,8550,0.9613191635811658,0.6,1,250,1,1,1,1
309,0520_c0002_020.jpg,520,1,-1,True,150,8550,0.9746550064964807,0.5576208178438662,1,269,1,1,1,1
310,0520_c0004_000.jpg,520,3,-1,True,150,8550,0.9864752774018832,0.6756756756756757,1,222,1,1,1,1
311,0520_c0004_005.jpg,520,3,-1,True,150,8550,0.9948058098811089,0.746268656716418,1,201,1,1,1,1
312,0520_c0004_010.jpg,520,3,-1,True,150,8550,0.99628040356145,0.7692307692307693,1,195,1,1,1,1
313,0520_c0004_015.jpg,520,3,-1,True,150,8550,0.9900278362683378,0.6976744186046512,1,215,1,1,1,1
314,0520_c0004_020.jpg,520,3,-1,True,150,8550,0.9845617197451774,0.6912442396313364,1,217,1,1,1,1
315,0520_c0005_000.jpg,520,4,-1,True,150,8550,0.6045802841899108,0.3440366972477064,1,436,1,1,1,1
316,0520_c0005_005.jpg,520,4,-1,True,150,8550,0.5505904227492221,0.33112582781456956,1,453,1,1,1,1
317,0520_c0005_010.jpg,520,4,-1,True,150,8550,0.4686412787820232,0.3177966101694915,1,472,1,1,1,1
318,0520_c0005_015.jpg,520,4,-1,True,150,8550,0.46786074307088216,0.32537960954446854,1,461,1,1,1,1
319,0520_c0005_020.jpg,520,4,-1,True,150,8550,0.49121699529058616,0.3246753246753247,1,462,1,1,1,1
320,0520_c0006_000.jpg,520,5,-1,True,150,8550,1.0,1.0,1,150,1,1,1,1
321,0520_c0006_005.jpg,520,5,-1,True,150,8550,1.0,1.0,1,150,1,1,1,1
322,0520_c0006_010.jpg,520,5,-1,True,150,8550,1.0,1.0,1,150,1,1,1,1
323,0520_c0006_015.jpg,520,5,-1,True,150,8550,1.0,1.0,1,150,1,1,1,1
324,0520_c0006_020.jpg,520,5,-1,True,150,8550,1.0,1.0,1,150,1,1,1,1
325,0520_c0007_000.jpg,520,6,-1,True,150,8550,1.0,1.0,1,150,1,1,1,1
326,0520_c0007_005.jpg,520,6,-1,True,150,8550,1.0,1.0,1,150,1,1,1,1
327,0520_c0007_010.jpg,520,6,-1,True,150,8550,0.9994502903832764,0.9375,1,160,1,1,1,1
328,0520_c0007_015.jpg,520,6,-1,True,150,8550,0.9924683786012336,0.8771929824561403,1,171,1,1,1,1
329,0520_c0007_020.jpg,520,6,-1,True,150,8550,0.9998268398268398,0.974025974025974,1,154,1,1,1,1
330,0520_c0008_000.jpg,520,7,-1,True,150,8550,0.9940447376220594,0.7653061224489796,1,196,1,1,1,1
331,0520_c0008_005.jpg,520,7,-1,True,150,8550,0.9854921697014943,0.6976744186046512,1,215,1,1,1,1
332,0520_c0008_010.jpg,520,7,-1,True,150,8550,0.9748781614592552,0.5859375,1,256,1,1,1,1
333,0520_c0008_015.jpg,520,7,-1,True,150,8550,1.0,1.0,1,150,1,1,1,1
334,0520_c0008_020.jpg,520,7,-1,True,150,8550,0.9979797312907677,0.8620689655172413,1,174,1,1,1,1
335,0522_c0001_000.jpg,522,0,-1,True,150,8550,0.423445399322999,0.04283266704740148,1,3502,1,1,1,1
336,0522_c0001_005.jpg,522,0,-1,True,150,8550,0.3692384170340522,0.04465614766299494,1,3359,1,1,1,1
337,0522_c0001_010.jpg,522,0,-1,True,150,8550,0.37517210986658645,0.0406393931183961,1,3691,1,1,1,1
338,0522_c0001_015.jpg,522,0,-1,True,150,8550,0.3756639669860903,0.04297994269340974,1,3490,1,1,1,1
339,0522_c0001_020.jpg,522,0,-1,True,150,8550,0.3558834859532882,0.04301691998852882,1,3487,1,1,1,1
340,0522_c0002_000.jpg,522,1,-1,True,150,8550,0.3786793599734734,0.0391644908616188,1,3830,1,1,1,1
341,0522_c0002_005.jpg,522,1,-1,True,150,8550,0.42638602624751687,0.04447079750963534,1,3373,1,1,1,1
342,0522_c0002_010.jpg,522,1,-1,True,150,8550,0.3903756573830705,0.05089921954530031,1,2947,1,1,1,1
343,0522_c0002_015.jpg,522,1,-1,True,150,8550,0.42896182619274376,0.046992481203007516,1,3192,1,1,1,1
344,0522_c0002_020.jpg,522,1,-1,True,150,8550,0.4323373964039169,0.048433968356474004,2,3097,0,1,1,1
345,0522_c0004_000.jpg,522,3,-1,True,150,8550,0.35351974779855205,0.08384572386808273,1,1789,1,1,1,1
346,0522_c0004_005.jpg,522,3,-1,True,150,8550,0.3572468679548236,0.07772020725388601,1,1930,1,1,1,1
347,0522_c0004_010.jpg,522,3,-1,True,150,8550,0.38600768023059745,0.0755287009063444,1,1986,1,1,1,1
348,0522_c0004_015.jpg,522,3,-1,True,150,8550,0.4018445165964326,0.07755946225439504,1,1934,1,1,1,1
349,0522_c0004_020.jpg,522,3,-1,True,150,8550,0.38815390646852177,0.08205689277899343,1,1828,1,1,1,1
350,0522_c0005_000.jpg,522,4,-1,True,150,8550,0.015569423338407992,0.023255813953488372,2925,6450,0,0,0,0
351,0522_c0005_005.jpg,522,4,-1,True,150,8550,0.017740175864943072,0.026297335203366058,2696,5704,0,0,0,0
352,0522_c0005_010.jpg,522,4,-1,True,150,8550,0.016368359540301518,0.026091494172899635,2853,5749,0,0,0,0
353,0522_c0005_015.jpg,522,4,-1,True,150,8550,0.017226465706573654,0.02685284640171858,2908,5586,0,0,0,0
354,0522_c0005_020.jpg,522,4,-1,True,150,8550,0.018258374732461974,0.02819548872180451,3028,5320,0,0,0,0
355,0522_c0006_000.jpg,522,5,-1,True,150,8550,0.5070816073664957,0.03654970760233918,1,4104,1,1,1,1
356,0522_c0006_005.jpg,522,5,-1,True,150,8550,0.37316233107895624,0.035285815102328866,1,4251,1,1,1,1
357,0522_c0006_010.jpg,522,5,-1,True,150,8550,0.46568163595600404,0.03644314868804665,1,4116,1,1,1,1
358,0522_c0006_015.jpg,522,5,-1,True,150,8550,0.511992178508394,0.035545023696682464,1,4220,1,1,1,1
359,0522_c0006_020.jpg,522,5,-1,True,150,8550,0.42096806333327114,0.037211610022326966,1,4031,1,1,1,1
360,0522_c0007_000.jpg,522,6,-1,True,150,8550,0.23627885268764012,0.05712109672505712,10,2626,0,0,1,1
361,0522_c0007_005.jpg,522,6,-1,True,150,8550,0.1975909084783713,0.05541189508681197,24,2707,0,0,0,0
362,0522_c0007_010.jpg,522,6,-1,True,150,8550,0.25841071713063773,0.057515337423312884,8,2608,0,0,1,1
363,0522_c0007_015.jpg,522,6,-1,True,150,8550,0.2663165056670267,0.05664652567975831,6,2648,0,0,1,1
364,0522_c0007_020.jpg,522,6,-1,True,150,8550,0.242281056325648,0.04851228978007762,4,3092,0,1,1,1
365,0522_c0008_000.jpg,522,7,-1,True,150,8550,0.6432298373972376,0.035369016741334594,1,4241,1,1,1,1
366,0522_c0008_005.jpg,522,7,-1,True,150,8550,0.7331244240529217,0.036665851869958445,1,4091,1,1,1,1
367,0522_c0008_010.jpg,522,7,-1,True,150,8550,0.4798381941519559,0.03433279926756695,1,4369,1,1,1,1
368,0522_c0008_015.jpg,522,7,-1,True,150,8550,0.49368357966427207,0.03409090909090909,1,4400,1,1,1,1
369,0522_c0008_020.jpg,522,7,-1,True,150,8550,0.6101009283973992,0.034466911764705885,1,4352,1,1,1,1
370,0524_c0001_000.jpg,524,0,-1,True,175,8550,0.8992823060693085,0.45691906005221933,1,383,1,1,1,1
371,0524_c0001_005.jpg,524,0,-1,True,175,8550,0.9003068348934152,0.41273584905660377,1,424,1,1,1,1
372,0524_c0001_010.jpg,524,0,-1,True,175,8550,0.9467823931937324,0.5087209302325582,1,344,1,1,1,1
373,0524_c0001_015.jpg,524,0,-1,True,175,8550,0.9668477659615626,0.6272401433691757,1,279,1,1,1,1
374,0524_c0001_020.jpg,524,0,-1,True,175,8550,0.9599932206762287,0.5645161290322581,1,310,1,1,1,1
375,0524_c0002_000.jpg,524,1,-1,True,175,8550,0.9458033520117349,0.6055363321799307,1,289,1,1,1,1
376,0524_c0002_005.jpg,524,1,-1,True,175,8550,0.8199640600678494,0.4498714652956298,1,389,1,1,1,1
377,0524_c0002_010.jpg,524,1,-1,True,175,8550,0.8957765524268385,0.47297297297297297,1,370,1,1,1,1
378,0524_c0002_015.jpg,524,1,-1,True,175,8550,0.8776023333364661,0.5794701986754967,1,302,1,1,1,1
379,0524_c0002_020.jpg,524,1,-1,True,175,8550,0.9368033510320177,0.68359375,1,256,1,1,1,1
380,0524_c0003_000.jpg,524,2,-1,True,175,8550,0.983627078818267,0.8706467661691543,1,201,1,1,1,1
381,0524_c0003_005.jpg,524,2,-1,True,175,8550,0.9254197374508203,0.5627009646302251,1,311,1,1,1,1
382,0524_c0003_010.jpg,524,2,-1,True,175,8550,0.8878532602124977,0.5116959064327485,1,342,1,1,1,1
383,0524_c0003_015.jpg,524,2,-1,True,175,8550,0.9128723644355026,0.550314465408805,1,318,1,1,1,1
384,0524_c0003_020.jpg,524,2,-1,True,175,8550,0.9080372449438661,0.550314465408805,1,318,1,1,1,1
385,0524_c0004_000.jpg,524,3,-1,True,175,8550,0.8977231117252097,0.4069767441860465,1,430,1,1,1,1
386,0524_c0004_005.jpg,524,3,-1,True,175,8550,0.8878384019515924,0.40415704387990764,1,433,1,1,1,1
387,0524_c0004_010.jpg,524,3,-1,True,175,8550,0.8904027273881099,0.3699788583509514,1,473,1,1,1,1
388,0524_c0004_015.jpg,524,3,-1,True,175,8550,0.8409737352043688,0.3252788104089219,1,538,1,1,1,1
389,0524_c0004_020.jpg,524,3,-1,True,175,8550,0.8600636287961461,0.33396946564885494,1,524,1,1,1,1
390,0524_c0005_000.jpg,524,4,-1,True,175,8550,0.908375812430966,0.660377358490566,1,265,1,1,1,1
391,0524_c0005_005.jpg,524,4,-1,True,175,8550,0.9876397672569935,0.7056451612903226,1,248,1,1,1,1
392,0524_c0005_010.jpg,524,4,-1,True,175,8550,0.974076241984743,0.7,1,250,1,1,1,1
393,0524_c0005_015.jpg,524,4,-1,True,175,8550,0.9539071270994487,0.6944444444444444,1,252,1,1,1,1
394,0524_c0005_020.jpg,524,4,-1,True,175,8550,0.9664140999686949,0.6972111553784861,1,251,1,1,1,1
395,0524_c0006_000.jpg,524,5,-1,True,175,8550,0.9526288234366183,0.546875,1,320,1,1,1,1
396,0524_c0006_005.jpg,524,5,-1,True,175,8550,0.9550969527337254,0.5794701986754967,1,302,1,1,1,1
397,0524_c0006_010.jpg,524,5,-1,True,175,8550,0.9637673458326149,0.6363636363636364,1,275,1,1,1,1
398,0524_c0006_015.jpg,524,5,-1,True,175,8550,0.9300006437158959,0.5608974358974359,1,312,1,1,1,1
399,0524_c0006_020.jpg,524,5,-1,True,175,8550,0.9503382452377175,0.546875,1,320,1,1,1,1
400,0524_c0007_000.jpg,524,6,-1,True,175,8550,0.8214576554838715,0.3017241379310345,1,580,1,1,1,1
401,0524_c0007_005.jpg,524,6,-1,True,175,8550,0.9250456960842068,0.5972696245733788,1,293,1,1,1,1
402,0524_c0007_010.jpg,524,6,-1,True,175,8550,0.9177443258133604,0.625,1,280,1,1,1,1
403,0524_c0007_015.jpg,524,6,-1,True,175,8550,0.899419035667475,0.6055363321799307,1,289,1,1,1,1
404,0524_c0007_020.jpg,524,6,-1,True,175,8550,0.8889093036112321,0.5116959064327485,1,342,1,1,1,1
405,0524_c0008_000.jpg,524,7,-1,True,175,8550,1.0,1.0,1,175,1,1,1,1
406,0524_c0008_005.jpg,524,7,-1,True,175,8550,0.9999036918138042,0.9831460674157303,1,178,1,1,1,1
407,0524_c0008_010.jpg,524,7,-1,True,175,8550,0.9695829591541417,0.5028735632183908,1,348,1,1,1,1
408,0524_c0008_015.jpg,524,7,-1,True,175,8550,0.9752140801777455,0.5401234567901234,1,324,1,1,1,1
409,0524_c0008_020.jpg,524,7,-1,True,175,8550,0.9943737852327329,0.6730769230769231,1,260,1,1,1,1
410,0526_c0001_000.jpg,526,0,-1,True,50,8550,0.04694767522060092,0.03937007874015748,123,1270,0,0,0,0
411,0526_c0001_005.jpg,526,0,-1,True,50,8550,0.04341655830321214,0.04460303300624442,158,1121,0,0,0,0
412,0526_c0001_010.jpg,526,0,-1,True,50,8550,0.06183512492826154,0.04970178926441352,82,1006,0,0,0,0
413,0526_c0001_015.jpg,526,0,-1,True,50,8550,0.0634662984734434,0.05422993492407809,106,922,0,0,0,0
414,0526_c0001_020.jpg,526,0,-1,True,50,8550,0.14686621013349282,0.11160714285714286,47,448,0,0,0,0
415,0526_c0003_000.jpg,526,2,-1,True,50,8550,0.06500418310441747,0.020088388911209322,92,2489,0,0,0,0
416,0526_c0003_005.jpg,526,2,-1,True,50,8550,0.06776250419878144,0.02680965147453083,109,1865,0,0,0,0
417,0526_c0003_010.jpg,526,2,-1,True,50,8550,0.06577844246053884,0.02481389578163772,116,2015,0,0,0,0
418,0526_c0003_015.jpg,526,2,-1,True,50,8550,0.06717493782084522,0.024679170779861797,115,2026,0,0,0,0
419,0526_c0003_020.jpg,526,2,-1,True,50,8550,0.07159542254397942,0.031486146095717885,99,1588,0,0,0,0
420,0526_c0005_000.jpg,526,4,-1,True,50,8550,0.20533977117712932,0.052521008403361345,24,952,0,0,0,0
421,0526_c0005_005.jpg,526,4,-1,True,50,8550,0.2097925034494689,0.05324813631522897,16,939,0,0,0,1
422,0526_c0005_010.jpg,526,4,-1,True,50,8550,0.1979150942466441,0.04716981132075472,23,1060,0,0,0,0
423,0526_c0005_015.jpg,526,4,-1,True,50,8550,0.168084215429841,0.03980891719745223,9,1256,0,0,1,1
424,0526_c0005_020.jpg,526,4,-1,True,50,8550,0.21033853072259123,0.04775549188156638,6,1047,0,0,1,1
425,0528_c0001_000.jpg,528,0,-1,True,150,8550,0.8757824830493829,0.5681818181818182,1,264,1,1,1,1
426,0528_c0001_005.jpg,528,0,-1,True,150,8550,0.8448354105900096,0.5067567567567568,1,296,1,1,1,1
427,0528_c0001_010.jpg,528,0,-1,True,150,8550,0.8230551550609813,0.38461538461538464,1,390,1,1,1,1
428,0528_c0001_015.jpg,528,0,-1,True,150,8550,0.8645471545399204,0.45871559633027525,1,327,1,1,1,1
429,0528_c0001_020.jpg,528,0,-1,True,150,8550,0.8789962005804891,0.528169014084507,1,284,1,1,1,1
430,0528_c0002_000.jpg,528,1,-1,True,150,8550,0.1280183224810571,0.13876040703052728,112,1081,0,0,0,0
431,0528_c0002_005.jpg,528,1,-1,True,150,8550,0.12549193728366292,0.1358695652173913,106,1104,0,0,0,0
432,0528_c0002_010.jpg,528,1,-1,True,150,8550,0.128084944449649,0.13636363636363635,111,1100,0,0,0,0
433,0528_c0002_015.jpg,528,1,-1,True,150,8550,0.09437003360781311,0.08025682182985554,261,1869,0,0,0,0
434,0528_c0002_020.jpg,528,1,-1,True,150,8550,0.10329273131637878,0.09658725048293625,191,1553,0,0,0,0
435,0528_c0003_000.jpg,528,2,-1,True,150,8550,0.6725952196372117,0.28680688336520077,1,523,1,1,1,1
436,0528_c0003_005.jpg,528,2,-1,True,150,8550,0.638665728798069,0.26929982046678635,1,557,1,1,1,1
437,0528_c0003_010.jpg,528,2,-1,True,150,8550,0.6508779000148042,0.2617801047120419,1,573,1,1,1,1
438,0528_c0003_015.jpg,528,2,-1,True,150,8550,0.7198397075872086,0.2737226277372263,1,548,1,1,1,1
439,0528_c0003_020.jpg,528,2,-1,True,150,8550,0.7597238647086073,0.27932960893854747,1,537,1,1,1,1
440,0528_c0004_000.jpg,528,3,-1,True,150,8550,0.9304118255763738,0.5474452554744526,1,274,1,1,1,1
441,0528_c0004_005.jpg,528,3,-1,True,150,8550,0.8802128237515141,0.46153846153846156,1,325,1,1,1,1
442,0528_c0004_010.jpg,528,3,-1,True,150,8550,0.9287688105582481,0.5376344086021505,1,279,1,1,1,1
443,0528_c0004_015.jpg,528,3,-1,True,150,8550,0.9198324202672672,0.47770700636942676,1,314,1,1,1,1
444,0528_c0004_020.jpg,528,3,-1,True,150,8550,0.9341194100918532,0.5208333333333334,1,288,1,1,1,1
445,0528_c0005_000.jpg,528,4,-1,True,150,8550,0.5754808679941735,0.14285714285714285,1,1050,1,1,1,1
446,0528_c0005_005.jpg,528,4,-1,True,150,8550,0.6351134216616481,0.16146393972012918,1,929,1,1,1,1
447,0528_c0005_010.jpg,528,4,-1,True,150,8550,0.6218994636824858,0.14591439688715954,1,1028,1,1,1,1
448,0528_c0005_015.jpg,528,4,-1,True,150,8550,0.6114187021499213,0.1403180542563143,1,1069,1,1,1,1
449,0528_c0005_020.jpg,528,4,-1,True,150,8550,0.5752956052148814,0.13774104683195593,1,1089,1,1,1,1
450,0528_c0006_000.jpg,528,5,-1,True,150,8550,0.6464801805837705,0.39893617021276595,1,376,1,1,1,1
451,0528_c0006_005.jpg,528,5,-1,True,150,8550,0.6443505586323879,0.38961038961038963,1,385,1,1,1,1
452,0528_c0006_010.jpg,528,5,-1,True,150,8550,0.6493727035158195,0.37220843672456577,1,403,1,1,1,1
453,0528_c0006_015.jpg,528,5,-1,True,150,8550,0.6697461243502971,0.390625,1,384,1,1,1,1
454,0528_c0006_020.jpg,528,5,-1,True,150,8550,0.7281309861121908,0.43731778425655976,1,343,1,1,1,1
455,0528_c0007_000.jpg,528,6,-1,True,150,8550,0.8147291780128838,0.3865979381443299,1,388,1,1,1,1
456,0528_c0007_005.jpg,528,6,-1,True,150,8550,0.8145444498838498,0.36855036855036855,1,407,1,1,1,1
457,0528_c0007_010.jpg,528,6,-1,True,150,8550,0.8242162750977468,0.4178272980501393,1,359,1,1,1,1
458,0528_c0007_015.jpg,528,6,-1,True,150,8550,0.81940752590959,0.42134831460674155,1,356,1,1,1,1
459,0528_c0007_020.jpg,528,6,-1,True,150,8550,0.821974720634268,0.3968253968253968,1,378,1,1,1,1
460,0530_c0001_000.jpg,530,0,-1,True,150,8550,0.39319903547283397,0.2242152466367713,1,669,1,1,1,1
461,0530_c0001_005.jpg,530,0,-1,True,150,8550,0.4349361594502806,0.24630541871921183,1,609,1,1,1,1
462,0530_c0001_010.jpg,530,0,-1,True,150,8550,0.4851223756812984,0.2982107355864811,1,503,1,1,1,1
463,0530_c0001_015.jpg,530,0,-1,True,150,8550,0.41976458810750605,0.2840909090909091,2,528,0,1,1,1
464,0530_c0001_020.jpg,530,0,-1,True,150,8550,0.38241060554425005,0.24549918166939444,3,611,0,1,1,1
465,0530_c0002_000.jpg,530,1,-1,True,150,8550,0.6541658719541175,0.47619047619047616,1,315,1,1,1,1
466,0530_c0002_005.jpg,530,1,-1,True,150,8550,0.5556440808490688,0.45180722891566266,1,332,1,1,1,1
467,0530_c0002_010.jpg,530,1,-1,True,150,8550,0.4178366063900252,0.45317220543806647,3,331,0,1,1,1
468,0530_c0002_015.jpg,530,1,-1,True,150,8550,0.5226453545239018,0.45180722891566266,1,332,1,1,1,1
469,0530_c0002_020.jpg,530,1,-1,True,150,8550,0.5432891241806425,0.44642857142857145,1,336,1,1,1,1
470,0530_c0003_000.jpg,530,2,-1,True,150,8550,0.48999980761149087,0.2074688796680498,1,723,1,1,1,1
471,0530_c0003_005.jpg,530,2,-1,True,150,8550,0.574066961991951,0.20491803278688525,1,732,1,1,1,1
472,0530_c0003_010.jpg,530,2,-1,True,150,8550,0.4439861830559077,0.1905972045743329,2,787,0,1,1,1
473,0530_c0003_015.jpg,530,2,-1,True,150,8550,0.4487533925750673,0.18867924528301888,4,795,0,1,1,1
474,0530_c0003_020.jpg,530,2,-1,True,150,8550,0.6351979461545046,0.19815059445178335,1,757,1,1,1,1
475,0530_c0004_000.jpg,530,3,-1,True,150,8550,0.7842368871821033,0.4297994269340974,1,349,1,1,1,1
476,0530_c0004_005.jpg,530,3,-1,True,150,8550,0.7694691636959842,0.375,1,400,1,1,1,1
477,0530_c0004_010.jpg,530,3,-1,True,150,8550,0.6742982681919968,0.36764705882352944,1,408,1,1,1,1
478,0530_c0004_015.jpg,530,3,-1,True,150,8550,0.7451211653296086,0.4098360655737705,1,366,1,1,1,1
479,0530_c0004_020.jpg,530,3,-1,True,150,8550,0.6615831458152203,0.4178272980501393,1,359,1,1,1,1
480,0530_c0005_000.jpg,530,4,-1,True,150,8550,0.7335854810151601,0.5190311418685121,1,289,1,1,1,1
481,0530_c0005_005.jpg,530,4,-1,True,150,8550,0.7989580575123185,0.390625,1,384,1,1,1,1
482,0530_c0005_010.jpg,530,4,-1,True,150,8550,0.6613228451050718,0.5190311418685121,1,289,1,1,1,1
483,0530_c0005_015.jpg,530,4,-1,True,150,8550,0.6584429847306813,0.5376344086021505,1,279,1,1,1,1
484,0530_c0005_020.jpg,530,4,-1,True,150,8550,0.6779525601512962,0.539568345323741,1,278,1,1,1,1
485,0530_c0006_000.jpg,530,5,-1,True,150,8550,0.7525235470915433,0.3171247357293869,1,473,1,1,1,1
486,0530_c0006_005.jpg,530,5,-1,True,150,8550,0.7583480320156398,0.2918287937743191,1,514,1,1,1,1
487,0530_c0006_010.jpg,530,5,-1,True,150,8550,0.7807341759664034,0.31446540880503143,1,477,1,1,1,1
488,0530_c0006_015.jpg,530,5,-1,True,150,8550,0.750973738923451,0.35714285714285715,1,420,1,1,1,1
489,0530_c0006_020.jpg,530,5,-1,True,150,8550,0.8037588291125003,0.30927835051546393,1,485,1,1,1,1
490,0530_c0008_000.jpg,530,7,-1,True,150,8550,0.41816075935518604,0.42016806722689076,9,357,0,0,1,1
491,0530_c0008_005.jpg,530,7,-1,True,150,8550,0.4202330075006875,0.4155124653739612,4,361,0,1,1,1
492,0530_c0008_010.jpg,530,7,-1,True,150,8550,0.40152344304024973,0.4132231404958678,3,363,0,1,1,1
493,0530_c0008_015.jpg,530,7,-1,True,150,8550,0.4066352473516583,0.4098360655737705,1,366,1,1,1,1
494,0530_c0008_020.jpg,530,7,-1,True,150,8550,0.4538415677778795,0.35629453681710216,1,421,1,1,1,1
495,0532_c0001_000.jpg,532,0,-1,True,175,8550,1.0,1.0,1,175,1,1,1,1
496,0532_c0001_005.jpg,532,0,-1,True,175,8550,1.0,1.0,1,175,1,1,1,1
497,0532_c0001_010.jpg,532,0,-1,True,175,8550,1.0,1.0,1,175,1,1,1,1
498,0532_c0001_015.jpg,532,0,-1,True,175,8550,1.0,1.0,1,175,1,1,1,1
499,0532_c0001_020.jpg,532,0,-1,True,175,8550,1.0,1.0,1,175,1,1,1,1
500,0532_c0002_000.jpg,532,1,-1,True,175,8550,0.8492804414237485,0.7028112449799196,1,249,1,1,1,1
501,0532_c0002_005.jpg,532,1,-1,True,175,8550,0.8438600657070336,0.68359375,1,256,1,1,1,1
502,0532_c0002_010.jpg,532,1,-1,True,175,8550,0.8932879227719402,0.6889763779527559,1,254,1,1,1,1
503,0532_c0002_015.jpg,532,1,-1,True,175,8550,0.8717844004572818,0.7261410788381742,1,241,1,1,1,1
504,0532_c0002_020.jpg,532,1,-1,True,175,8550,0.8078353921371961,0.6578947368421053,1,266,1,1,1,1
505,0532_c0003_000.jpg,532,2,-1,True,175,8550,0.7787533559079046,0.27301092043681746,1,641,1,1,1,1
506,0532_c0003_005.jpg,532,2,-1,True,175,8550,0.7663426969966084,0.2717391304347826,1,644,1,1,1,1
507,0532_c0003_010.jpg,532,2,-1,True,175,8550,0.7997163236647153,0.26515151515151514,1,660,1,1,1,1
508,0532_c0003_015.jpg,532,2,-1,True,175,8550,0.758787401579465,0.2734375,1,640,1,1,1,1
509,0532_c0003_020.jpg,532,2,-1,True,175,8550,0.7936247125129346,0.30864197530864196,1,567,1,1,1,1
510,0532_c0004_000.jpg,532,3,-1,True,175,8550,0.8506278720058545,0.3771551724137931,1,464,1,1,1,1
511,0532_c0004_005.jpg,532,3,-1,True,175,8550,0.8280082748974157,0.4146919431279621,1,422,1,1,1,1
512,0532_c0004_010.jpg,532,3,-1,True,175,8550,0.9130925576731722,0.5177514792899408,1,338,1,1,1,1
513,0532_c0004_015.jpg,532,3,-1,True,175,8550,0.9312622851057734,0.5434782608695652,1,322,1,1,1,1
514,0532_c0004_020.jpg,532,3,-1,True,175,8550,0.9594440956498179,0.6730769230769231,1,260,1,1,1,1
515,0532_c0005_000.jpg,532,4,-1,True,175,8550,1.0,1.0,1,175,1,1,1,1
516,0532_c0005_005.jpg,532,4,-1,True,175,8550,1.0,1.0,1,175,1,1,1,1
517,0532_c0005_010.jpg,532,4,-1,True,175,8550,1.0,1.0,1,175,1,1,1,1
518,0532_c0005_015.jpg,532,4,-1,True,175,8550,1.0,1.0,1,175,1,1,1,1
519,0532_c0005_020.jpg,532,4,-1,True,175,8550,1.0,1.0,1,175,1,1,1,1
520,0532_c0006_000.jpg,532,5,-1,True,175,8550,0.9623635070503462,0.7231404958677686,1,242,1,1,1,1
521,0532_c0006_005.jpg,532,5,-1,True,175,8550,0.9999348794063079,0.9943181818181818,1,176,1,1,1,1
522,0532_c0006_010.jpg,532,5,-1,True,175,8550,0.9888295773494499,0.8536585365853658,1,205,1,1,1,1
523,0532_c0006_015.jpg,532,5,-1,True,175,8550,0.9909853762612995,0.8333333333333334,1,210,1,1,1,1
524,0532_c0006_020.jpg,532,5,-1,True,175,8550,0.9983253969957284,0.9308510638297872,1,188,1,1,1,1
525,0532_c0007_000.jpg,532,6,-1,True,175,8550,0.9934989543855344,0.8373205741626795,1,209,1,1,1,1
526,0532_c0007_005.jpg,532,6,-1,True,175,8550,0.9950557245882377,0.8536585365853658,1,205,1,1,1,1
527,0532_c0007_010.jpg,532,6,-1,True,175,8550,0.9975193132155359,0.9162303664921466,1,191,1,1,1,1
528,0532_c0007_015.jpg,532,6,-1,True,175,8550,0.9855532298061501,0.7743362831858407,1,226,1,1,1,1
529,0532_c0007_020.jpg,532,6,-1,True,175,8550,0.9932708394273945,0.8413461538461539,1,208,1,1,1,1
530,0532_c0008_000.jpg,532,7,-1,True,175,8550,0.7597946618149249,0.27216174183514774,1,643,1,1,1,1
531,0532_c0008_005.jpg,532,7,-1,True,175,8550,0.7426856197149457,0.2704791344667697,1,647,1,1,1,1
532,0532_c0008_010.jpg,532,7,-1,True,175,8550,0.7309402711849938,0.264750378214826,1,661,1,1,1,1
533,0532_c0008_015.jpg,532,7,-1,True,175,8550,0.6871441125933739,0.26555386949924126,1,659,1,1,1,1
534,0532_c0008_020.jpg,532,7,-1,True,175,8550,0.7960651456705433,0.3141831238779174,1,557,1,1,1,1
535,0534_c0001_000.jpg,534,0,-1,True,150,8550,0.859551364778409,0.1822600243013366,1,823,1,1,1,1
536,0534_c0001_005.jpg,534,0,-1,True,150,8550,0.8520676574200782,0.18495684340320592,1,811,1,1,1,1
537,0534_c0001_010.jpg,534,0,-1,True,150,8550,0.8508260622194805,0.18115942028985507,1,828,1,1,1,1
538,0534_c0001_015.jpg,534,0,-1,True,150,8550,0.860722259273063,0.18633540372670807,1,805,1,1,1,1
539,0534_c0001_020.jpg,534,0,-1,True,150,8550,0.829823121618948,0.16968325791855204,1,884,1,1,1,1
540,0534_c0002_000.jpg,534,1,-1,True,150,8550,0.5217623924791284,0.4398826979472141,1,341,1,1,1,1
541,0534_c0002_005.jpg,534,1,-1,True,150,8550,0.5360846671943607,0.44776119402985076,1,335,1,1,1,1
542,0534_c0002_010.jpg,534,1,-1,True,150,8550,0.595360491667124,0.4934210526315789,1,304,1,1,1,1
543,0534_c0002_015.jpg,534,1,-1,True,150,8550,0.6564497089250891,0.5067567567567568,1,296,1,1,1,1
544,0534_c0002_020.jpg,534,1,-1,True,150,8550,0.6120807108059768,0.4807692307692308,1,312,1,1,1,1
545,0534_c0004_000.jpg,534,3,-1,True,150,8550,0.7533201949623667,0.1611170784103115,1,931,1,1,1,1
546,0534_c0004_005.jpg,534,3,-1,True,150,8550,0.7570077695101519,0.16968325791855204,1,884,1,1,1,1
547,0534_c0004_010.jpg,534,3,-1,True,150,8550,0.7701345765928986,0.20604395604395603,1,728,1,1,1,1
548,0534_c0004_015.jpg,534,3,-1,True,150,8550,0.7704314131103612,0.1986754966887417,1,755,1,1,1,1
549,0534_c0004_020.jpg,534,3,-1,True,150,8550,0.8148074447960476,0.25295109612141653,1,593,1,1,1,1
550,0534_c0005_000.jpg,534,4,-1,True,150,8550,0.8588015139583528,0.20689655172413793,1,725,1,1,1,1
551,0534_c0005_005.jpg,534,4,-1,True,150,8550,0.8568528314165136,0.20463847203274216,1,733,1,1,1,1
552,0534_c0005_010.jpg,534,4,-1,True,150,8550,0.8540112511559311,0.199203187250996,1,753,1,1,1,1
553,0534_c0005_015.jpg,534,4,-1,True,150,8550,0.8684021137245115,0.21676300578034682,1,692,1,1,1,1
554,0534_c0005_020.jpg,534,4,-1,True,150,8550,0.8701944973496624,0.21306818181818182,1,704,1,1,1,1
555,0534_c0006_000.jpg,534,5,-1,True,150,8550,0.9303260227406633,0.7853403141361257,1,191,1,1,1,1
556,0534_c0006_005.jpg,534,5,-1,True,150,8550,0.9767104661426905,0.8241758241758241,1,182,1,1,1,1
557,0534_c0006_010.jpg,534,5,-1,True,150,8550,0.9311485787960858,0.7731958762886598,1,194,1,1,1,1
558,0534_c0006_015.jpg,534,5,-1,True,150,8550,0.961851771771973,0.6637168141592921,1,226,1,1,1,1
559,0534_c0006_020.jpg,534,5,-1,True,150,8550,0.962388990689587,0.7009345794392523,1,214,1,1,1,1
560,0534_c0007_000.jpg,534,6,-1,True,150,8550,0.8819540060088004,0.23885350318471338,1,628,1,1,1,1
561,0534_c0007_005.jpg,534,6,-1,True,150,8550,0.8519252248976269,0.19607843137254902,1,765,1,1,1,1
562,0534_c0007_010.jpg,534,6,-1,True,150,8550,0.8546440501786658,0.20053475935828877,1,748,1,1,1,1
563,0534_c0007_015.jpg,534,6,-1,True,150,8550,0.8617009585502157,0.21306818181818182,1,704,1,1,1,1
564,0534_c0007_020.jpg,534,6,-1,True,150,8550,0.8776874291187927,0.234375,1,640,1,1,1,1
565,0534_c0008_000.jpg,534,7,-1,True,150,8550,0.8687058400770017,0.2054794520547945,1,730,1,1,1,1
566,0534_c0008_005.jpg,534,7,-1,True,150,8550,0.8555362956489396,0.19607843137254902,1,765,1,1,1,1
567,0534_c0008_010.jpg,534,7,-1,True,150,8550,0.8618396696204212,0.2032520325203252,1,738,1,1,1,1
568,0534_c0008_015.jpg,534,7,-1,True,150,8550,0.8497647733743187,0.18518518518518517,1,810,1,1,1,1
569,0534_c0008_020.jpg,534,7,-1,True,150,8550,0.8673422040543577,0.1968503937007874,1,762,1,1,1,1
570,0536_c0001_000.jpg,536,0,-1,True,75,8550,0.44106849544939697,0.10533707865168539,1,712,1,1,1,1
571,0536_c0001_005.jpg,536,0,-1,True,75,8550,0.2803367907155432,0.1031636863823934,11,727,0,0,0,1
572,0536_c0001_010.jpg,536,0,-1,True,75,8550,0.42309377496055317,0.10548523206751055,1,711,1,1,1,1
573,0536_c0001_015.jpg,536,0,-1,True,75,8550,0.39860691191341546,0.102880658436214,1,729,1,1,1,1
574,0536_c0001_020.jpg,536,0,-1,True,75,8550,0.4323920798252095,0.10504201680672269,1,714,1,1,1,1
575,0536_c0002_000.jpg,536,1,-1,True,75,8550,0.8047491927712873,0.1595744680851064,1,470,1,1,1,1
576,0536_c0002_005.jpg,536,1,-1,True,75,8550,0.6426016383537065,0.24916943521594684,1,301,1,1,1,1
577,0536_c0002_010.jpg,536,1,-1,True,75,8550,0.8035710990621915,0.23961661341853036,1,313,1,1,1,1
578,0536_c0002_015.jpg,536,1,-1,True,75,8550,0.8816004233504894,0.195822454308094,1,383,1,1,1,1
579,0536_c0002_020.jpg,536,1,-1,True,75,8550,0.8428667012270907,0.20380434782608695,1,368,1,1,1,1
580,0536_c0005_000.jpg,536,4,-1,True,75,8550,0.5975141190653744,0.17899761336515513,1,419,1,1,1,1
581,0536_c0005_005.jpg,536,4,-1,True,75,8550,0.6652718707880642,0.2066115702479339,1,363,1,1,1,1
582,0536_c0005_010.jpg,536,4,-1,True,75,8550,0.6354745848173471,0.18028846153846154,1,416,1,1,1,1
583,0536_c0005_015.jpg,536,4,-1,True,75,8550,0.5458583233254422,0.14423076923076922,1,520,1,1,1,1
584,0536_c0005_020.jpg,536,4,-1,True,75,8550,0.5422883780693245,0.1450676982591876,1,517,1,1,1,1
585,0536_c0006_000.jpg,536,5,-1,True,75,8550,0.042248386386110975,0.059571088165210485,402,1259,0,0,0,0
586,0536_c0006_005.jpg,536,5,-1,True,75,8550,0.04671802999469249,0.07232401157184185,346,1037,0,0,0,0
587,0536_c0006_010.jpg,536,5,-1,True,75,8550,0.064819794140417,0.08960573476702509,194,837,0,0,0,0
588,0536_c0006_015.jpg,536,5,-1,True,75,8550,0.11711958972760009,0.10760401721664276,30,697,0,0,0,0
589,0536_c0006_020.jpg,536,5,-1,True,75,8550,0.09002068717836201,0.09481668773704172,36,791,0,0,0,0
590,0538_c0001_000.jpg,538,0,-1,True,175,8550,0.3439905200416263,0.18343815513626835,28,954,0,0,0,0
591,0538_c0001_005.jpg,538,0,-1,True,175,8550,0.3386673668484493,0.1773049645390071,34,987,0,0,0,0
592,0538_c0001_010.jpg,538,0,-1,True,175,8550,0.386325540541183,0.157942238267148,5,1108,0,1,1,1
593,0538_c0001_015.jpg,538,0,-1,True,175,8550,0.38658301009877394,0.16714422158548234,3,1047,0,1,1,1
594,0538_c0001_020.jpg,538,0,-1,True,175,8550,0.40473519741230785,0.14546965918536992,8,1203,0,0,1,1
595,0538_c0002_000.jpg,538,1,-1,True,175,8550,0.618259594236054,0.1016260162601626,1,1722,1,1,1,1
596,0538_c0002_005.jpg,538,1,-1,True,175,8550,0.5425459281082253,0.09095634095634096,1,1924,1,1,1,1
597,0538_c0002_010.jpg,538,1,-1,True,175,8550,0.5905698510544977,0.09495387954422138,1,1843,1,1,1,1
598,0538_c0002_015.jpg,538,1,-1,True,175,8550,0.5594183408477307,0.09541984732824428,1,1834,1,1,1,1
599,0538_c0002_020.jpg,538,1,-1,True,175,8550,0.558422513626597,0.09433962264150944,1,1855,1,1,1,1
600,0538_c0003_000.jpg,538,2,-1,True,175,8550,0.043195363615586416,0.05027291008330939,272,3481,0,0,0,0
601,0538_c0003_005.jpg,538,2,-1,True,175,8550,0.16730529014113943,0.07408975444538526,35,2362,0,0,0,0
602,0538_c0003_010.jpg,538,2,-1,True,175,8550,0.3800928802871741,0.2080856123662307,1,841,1,1,1,1
603,0538_c0003_015.jpg,538,2,-1,True,175,8550,0.7816164189506248,0.30017152658662094,1,583,1,1,1,1
604,0538_c0003_020.jpg,538,2,-1,True,175,8550,0.8754504299764356,0.32649253731343286,1,536,1,1,1,1
605,0538_c0004_000.jpg,538,3,-1,True,175,8550,0.6942480801846501,0.12848751835535976,1,1362,1,1,1,1
606,0538_c0004_005.jpg,538,3,-1,True,175,8550,0.7703678551272156,0.0904860392967942,1,1934,1,1,1,1
607,0538_c0004_010.jpg,538,3,-1,True,175,8550,0.7280538619325024,0.08377213977979894,1,2089,1,1,1,1
608,0538_c0004_015.jpg,538,3,-1,True,175,8550,0.804430819381635,0.09249471458773785,1,1892,1,1,1,1
609,0538_c0004_020.jpg,538,3,-1,True,175,8550,0.794827542730899,0.1152832674571805,1,1518,1,1,1,1
610,0538_c0005_000.jpg,538,4,-1,True,175,8550,0.2806711490962297,0.0671527244819647,1,2606,1,1,1,1
611,0538_c0005_005.jpg,538,4,-1,True,175,8550,0.34713207169531995,0.06865437426441742,1,2549,1,1,1,1
612,0538_c0005_010.jpg,538,4,-1,True,175,8550,0.35667222976041657,0.06767208043310131,1,2586,1,1,1,1
613,0538_c0005_015.jpg,538,4,-1,True,175,8550,0.37779523864116105,0.0707070707070707,1,2475,1,1,1,1
614,0538_c0005_020.jpg,538,4,-1,True,175,8550,0.3653429213285906,0.07014028056112225,1,2495,1,1,1,1
615,0538_c0006_000.jpg,538,5,-1,True,175,8550,0.8135379971280277,0.07546356188012074,1,2319,1,1,1,1
616,0538_c0006_005.jpg,538,5,-1,True,175,8550,0.817564565681619,0.07316053511705686,1,2392,1,1,1,1
617,0538_c0006_010.jpg,538,5,-1,True,175,8550,0.8233477118063658,0.07186858316221766,1,2435,1,1,1,1
618,0538_c0006_015.jpg,538,5,-1,True,175,8550,0.8425939870135237,0.07273482959268496,1,2406,1,1,1,1
619,0538_c0006_020.jpg,538,5,-1,True,175,8550,0.8490643746017742,0.07216494845360824,1,2425,1,1,1,1
620,0538_c0007_000.jpg,538,6,-1,True,175,8550,0.7997516596509063,0.09831460674157304,1,1780,1,1,1,1
621,0538_c0007_005.jpg,538,6,-1,True,175,8550,0.7886131832071934,0.1069682151589242,1,1636,1,1,1,1
622,0538_c0007_010.jpg,538,6,-1,True,175,8550,0.7755183607489419,0.0983698707138842,1,1779,1,1,1,1
623,0538_c0007_015.jpg,538,6,-1,True,175,8550,0.7682407413289171,0.10139049826187717,1,1726,1,1,1,1
624,0538_c0007_020.jpg,538,6,-1,True,175,8550,0.77995669407517,0.09831460674157304,1,1780,1,1,1,1
625,0538_c0008_000.jpg,538,7,-1,True,175,8550,0.8510751069686395,0.10355029585798817,1,1690,1,1,1,1
626,0538_c0008_005.jpg,538,7,-1,True,175,8550,0.8475950155895998,0.10612492419648271,1,1649,1,1,1,1
627,0538_c0008_010.jpg,538,7,-1,True,175,8550,0.8626578812260868,0.10651247717589775,1,1643,1,1,1,1
628,0538_c0008_015.jpg,538,7,-1,True,175,8550,0.858562423358747,0.107958050586058,1,1621,1,1,1,1
629,0538_c0008_020.jpg,538,7,-1,True,175,8550,0.8608752433576721,0.10703363914373089,1,1635,1,1,1,1
630,0540_c0001_000.jpg,540,0,-1,True,175,8550,0.8606043513014908,0.36764705882352944,1,476,1,1,1,1
631,0540_c0001_005.jpg,540,0,-1,True,175,8550,0.8540570584982161,0.3615702479338843,1,484,1,1,1,1
632,0540_c0001_010.jpg,540,0,-1,True,175,8550,0.8667120595952,0.38293216630196936,1,457,1,1,1,1
633,0540_c0001_015.jpg,540,0,-1,True,175,8550,0.8793087563358379,0.37154989384288745,1,471,1,1,1,1
634,0540_c0001_020.jpg,540,0,-1,True,175,8550,0.8946227215116062,0.39149888143176736,1,447,1,1,1,1
635,0540_c0002_000.jpg,540,1,-1,True,175,8550,0.5567521520313917,0.2627627627627628,1,666,1,1,1,1
636,0540_c0002_005.jpg,540,1,-1,True,175,8550,0.45106755571613416,0.2635542168674699,1,664,1,1,1,1
637,0540_c0002_010.jpg,540,1,-1,True,175,8550,0.46571201961311753,0.25289017341040465,1,692,1,1,1,1
638,0540_c0002_015.jpg,540,1,-1,True,175,8550,0.3945976526201307,0.1968503937007874,1,889,1,1,1,1
639,0540_c0002_020.jpg,540,1,-1,True,175,8550,0.40953180308677867,0.2023121387283237,1,865,1,1,1,1
640,0540_c0003_000.jpg,540,2,-1,True,175,8550,0.8903770652950799,0.3193430656934307,1,548,1,1,1,1
641,0540_c0003_005.jpg,540,2,-1,True,175,8550,0.9176835509383556,0.3691983122362869,1,474,1,1,1,1
642,0540_c0003_010.jpg,540,2,-1,True,175,8550,0.9027935364735035,0.343811394891945,1,509,1,1,1,1
643,0540_c0003_015.jpg,540,2,-1,True,175,8550,0.9025512865478965,0.35860655737704916,1,488,1,1,1,1
644,0540_c0003_020.jpg,540,2,-1,True,175,8550,0.9066880528829405,0.33783783783783783,1,518,1,1,1,1
645,0540_c0004_000.jpg,540,3,-1,True,175,8550,0.45602191803091946,0.343811394891945,1,509,1,1,1,1
646,0540_c0004_005.jpg,540,3,-1,True,175,8550,0.5820194111751388,0.36764705882352944,1,476,1,1,1,1
647,0540_c0004_010.jpg,540,3,-1,True,175,8550,0.5682558333939847,0.330188679245283,1,530,1,1,1,1
648,0540_c0004_015.jpg,540,3,-1,True,175,8550,0.5692701257241268,0.35496957403651114,1,493,1,1,1,1
649,0540_c0004_020.jpg,540,3,-1,True,175,8550,0.4669203021872225,0.3645833333333333,1,480,1,1,1,1
650,0540_c0005_000.jpg,540,4,-1,True,175,8550,0.8950206204101957,0.5700325732899023,1,307,1,1,1,1
651,0540_c0005_005.jpg,540,4,-1,True,175,8550,0.9027827761493019,0.5833333333333334,1,300,1,1,1,1
652,0540_c0005_010.jpg,540,4,-1,True,175,8550,0.9243339320512205,0.625,1,280,1,1,1,1
653,0540_c0005_015.jpg,540,4,-1,True,175,8550,0.911609675547485,0.6076388888888888,1,288,1,1,1,1
654,0540_c0005_020.jpg,540,4,-1,True,175,8550,0.9112866709421406,0.6013745704467354,1,291,1,1,1,1
655,0540_c0006_000.jpg,540,5,-1,True,175,8550,0.9308813151560779,0.36382536382536385,1,481,1,1,1,1
656,0540_c0006_005.jpg,540,5,-1,True,175,8550,0.9305851204655422,0.3684210526315789,1,475,1,1,1,1
657,0540_c0006_010.jpg,540,5,-1,True,175,8550,0.9243911773750135,0.3431372549019608,1,510,1,1,1,1
658,0540_c0006_015.jpg,540,5,-1,True,175,8550,0.9160654010875172,0.32833020637898686,1,533,1,1,1,1
659,0540_c0006_020.jpg,540,5,-1,True,175,8550,0.928704553227948,0.3747323340471092,1,467,1,1,1,1
660,0540_c0007_000.jpg,540,6,-1,True,175,8550,0.7011911017263407,0.5627009646302251,1,311,1,1,1,1
661,0540_c0007_005.jpg,540,6,-1,True,175,8550,0.7681549337360664,0.5591054313099042,1,313,1,1,1,1
662,0540_c0007_010.jpg,540,6,-1,True,175,8550,0.850219873981305,0.6410256410256411,1,273,1,1,1,1
663,0540_c0007_015.jpg,540,6,-1,True,175,8550,0.8683229597224266,0.6055363321799307,1,289,1,1,1,1
664,0540_c0007_020.jpg,540,6,-1,True,175,8550,0.8520372261329138,0.6272401433691757,1,279,1,1,1,1
665,0540_c0008_000.jpg,540,7,-1,True,175,8550,0.332745066854487,0.2996575342465753,3,584,0,1,1,1
666,0540_c0008_005.jpg,540,7,-1,True,175,8550,0.35609910743203765,0.3431372549019608,16,510,0,0,0,1
667,0540_c0008_010.jpg,540,7,-1,True,175,8550,0.3120911490466941,0.2956081081081081,24,592,0,0,0,0
668,0540_c0008_015.jpg,540,7,-1,True,175,8550,0.3744705648039204,0.341130604288499,4,513,0,1,1,1
669,0540_c0008_020.jpg,540,7,-1,True,175,8550,0.2316058830056061,0.2413793103448276,53,725,0,0,0,0
670,0542_c0001_000.jpg,542,0,-1,True,150,8550,0.0867238787817374,0.026572187776793623,11,5645,0,0,0,1
671,0542_c0001_005.jpg,542,0,-1,True,150,8550,0.23260427180767618,0.02401152553225548,1,6247,1,1,1,1
672,0542_c0001_010.jpg,542,0,-1,True,150,8550,0.2057755771323634,0.025601638504864313,1,5859,1,1,1,1
673,0542_c0001_015.jpg,542,0,-1,True,150,8550,0.178183580280223,0.02494595044071179,1,6013,1,1,1,1
674,0542_c0001_020.jpg,542,0,-1,True,150,8550,0.23297287984903353,0.024740227610094014,1,6063,1,1,1,1
675,0542_c0002_000.jpg,542,1,-1,True,150,8550,0.09030946585064263,0.055025678650036686,89,2726,0,0,0,0
676,0542_c0002_005.jpg,542,1,-1,True,150,8550,0.10755608335558778,0.05167068549776094,44,2903,0,0,0,0
677,0542_c0002_010.jpg,542,1,-1,True,150,8550,0.11881363437595903,0.04697776385844034,36,3193,0,0,0,0
678,0542_c0002_015.jpg,542,1,-1,True,150,8550,0.143025121028187,0.038880248833592534,26,3858,0,0,0,0
679,0542_c0002_020.jpg,542,1,-1,True,150,8550,0.14965651380796754,0.04087193460490463,31,3670,0,0,0,0
680,0542_c0004_000.jpg,542,3,-1,True,150,8550,0.216269683056618,0.025755494505494504,1,5824,1,1,1,1
681,0542_c0004_005.jpg,542,3,-1,True,150,8550,0.21876402677706125,0.0254841997961264,1,5886,1,1,1,1
682,0542_c0004_010.jpg,542,3,-1,True,150,8550,0.22406041372460458,0.025817555938037865,1,5810,1,1,1,1
683,0542_c0004_015.jpg,542,3,-1,True,150,8550,0.21877073736657923,0.024908668216539354,1,6022,1,1,1,1
684,0542_c0004_020.jpg,542,3,-1,True,150,8550,0.22267057821622832,0.02557108762359359,1,5866,1,1,1,1
685,0542_c0005_000.jpg,542,4,-1,True,150,8550,0.24871542585991255,0.0233172703248873,1,6433,1,1,1,1
686,0542_c0005_005.jpg,542,4,-1,True,150,8550,0.26245135560420446,0.023485204321277594,1,6387,1,1,1,1
687,0542_c0005_010.jpg,542,4,-1,True,150,8550,0.2601029137011409,0.022772126916654017,1,6587,1,1,1,1
688,0542_c0005_015.jpg,542,4,-1,True,150,8550,0.25786013495880644,0.022638092363416844,1,6626,1,1,1,1
689,0542_c0005_020.jpg,542,4,-1,True,150,8550,0.2585891089849595,0.02234803337306317,1,6712,1,1,1,1
690,0542_c0006_000.jpg,542,5,-1,True,150,8550,0.14791144729712202,0.02518045996306866,12,5957,0,0,0,1
691,0542_c0006_005.jpg,542,5,-1,True,150,8550,0.15794679548993326,0.025645409471704565,12,5849,0,0,0,1
692,0542_c0006_010.jpg,542,5,-1,True,150,8550,0.16033030896409833,0.024933510638297872,11,6016,0,0,0,1
693,0542_c0006_015.jpg,542,5,-1,True,150,8550,0.15341855294232515,0.02422871910838314,8,6191,0,0,1,1
694,0542_c0006_020.jpg,542,5,-1,True,150,8550,0.15927594506871748,0.024350649350649352,12,6160,0,0,0,1
695,0542_c0007_000.jpg,542,6,-1,True,150,8550,0.1396054132887481,0.04380841121495327,42,3424,0,0,0,0
696,0542_c0007_005.jpg,542,6,-1,True,150,8550,0.11932199851272188,0.050352467270896276,40,2979,0,0,0,0
697,0542_c0007_010.jpg,542,6,-1,True,150,8550,0.15442200337318757,0.04611128189363664,39,3253,0,0,0,0
698,0542_c0007_015.jpg,542,6,-1,True,150,8550,0.132353520859279,0.04641089108910891,47,3232,0,0,0,0
699,0542_c0007_020.jpg,542,6,-1,True,150,8550,0.12905791211109113,0.05533013648100332,41,2711,0,0,0,0
700,0542_c0008_000.jpg,542,7,-1,True,150,8550,0.22046231557348056,0.023551577955723033,1,6369,1,1,1,1
701,0542_c0008_005.jpg,542,7,-1,True,150,8550,0.22083440219356898,0.023306401491609695,1,6436,1,1,1,1
702,0542_c0008_010.jpg,542,7,-1,True,150,8550,0.20629412588443294,0.022900763358778626,1,6550,1,1,1,1
703,0542_c0008_015.jpg,542,7,-1,True,150,8550,0.21224484655998496,0.022682594888855285,1,6613,1,1,1,1
704,0542_c0008_020.jpg,542,7,-1,True,150,8550,0.21152546743917872,0.02311604253351826,1,6489,1,1,1,1
705,0544_c0001_000.jpg,544,0,-1,True,150,8550,0.19247533535534142,0.08645533141210375,30,1735,0,0,0,0
706,0544_c0001_005.jpg,544,0,-1,True,150,8550,0.15914080308007988,0.07723995880535531,51,1942,0,0,0,0
707,0544_c0001_010.jpg,544,0,-1,True,150,8550,0.19897531508629226,0.0942211055276382,41,1592,0,0,0,0
708,0544_c0001_015.jpg,544,0,-1,True,150,8550,0.20244510553321599,0.09887936717205009,23,1517,0,0,0,0
709,0544_c0001_020.jpg,544,0,-1,True,150,8550,0.18417124148349542,0.08527572484366117,37,1759,0,0,0,0
710,0544_c0002_000.jpg,544,1,-1,True,150,8550,0.3907729927287719,0.12295081967213115,1,1220,1,1,1,1
711,0544_c0002_005.jpg,544,1,-1,True,150,8550,0.30465750038019396,0.11801730920535011,5,1271,0,1,1,1
712,0544_c0002_010.jpg,544,1,-1,True,150,8550,0.4441945469830739,0.14299332697807435,1,1049,1,1,1,1
713,0544_c0002_015.jpg,544,1,-1,True,150,8550,0.2870641706742219,0.13380909901873328,11,1121,0,0,0,1
714,0544_c0002_020.jpg,544,1,-1,True,150,8550,0.21156637092696617,0.13786764705882354,18,1088,0,0,0,1
715,0544_c0003_000.jpg,544,2,-1,True,150,8550,0.682914625200256,0.15384615384615385,1,975,1,1,1,1
716,0544_c0003_005.jpg,544,2,-1,True,150,8550,0.7060135391967896,0.19430051813471502,1,772,1,1,1,1
717,0544_c0003_010.jpg,544,2,-1,True,150,8550,0.7046341300511145,0.2074688796680498,1,723,1,1,1,1
718,0544_c0003_015.jpg,544,2,-1,True,150,8550,0.6786772978385439,0.228310502283105,1,657,1,1,1,1
719,0544_c0003_020.jpg,544,2,-1,True,150,8550,0.6801852770166305,0.24,1,625,1,1,1,1
720,0544_c0005_000.jpg,544,4,-1,True,150,8550,0.5019383224692111,0.11061946902654868,1,1356,1,1,1,1
721,0544_c0005_005.jpg,544,4,-1,True,150,8550,0.4980535555625814,0.10630758327427356,1,1411,1,1,1,1
722,0544_c0005_010.jpg,544,4,-1,True,150,8550,0.4353832885872483,0.08282716731087797,1,1811,1,1,1,1
723,0544_c0005_015.jpg,544,4,-1,True,150,8550,0.4433566914799433,0.08581235697940504,1,1748,1,1,1,1
724,0544_c0005_020.jpg,544,4,-1,True,150,8550,0.45334951215413277,0.09041591320072333,1,1659,1,1,1,1
725,0544_c0006_000.jpg,544,5,-1,True,150,8550,0.7365851959419938,0.3409090909090909,1,440,1,1,1,1
726,0544_c0006_005.jpg,544,5,-1,True,150,8550,0.7213081484832436,0.2347417840375587,1,639,1,1,1,1
727,0544_c0006_010.jpg,544,5,-1,True,150,8550,0.7479086781574893,0.24193548387096775,1,620,1,1,1,1
728,0544_c0006_015.jpg,544,5,-1,True,150,8550,0.7163722370789384,0.19206145966709348,1,781,1,1,1,1
729,0544_c0006_020.jpg,544,5,-1,True,150,8550,0.7205818683424443,0.16987542468856173,1,883,1,1,1,1
730,0544_c0007_000.jpg,544,6,-1,True,150,8550,0.5586774126513641,0.10474860335195531,1,1432,1,1,1,1
731,0544_c0007_005.jpg,544,6,-1,True,150,8550,0.567946621059906,0.1016949152542373,1,1475,1,1,1,1
732,0544_c0007_010.jpg,544,6,-1,True,150,8550,0.45559085173315483,0.09157509157509157,1,1638,1,1,1,1
733,0544_c0007_015.jpg,544,6,-1,True,150,8550,0.47164461729207363,0.08417508417508418,1,1782,1,1,1,1
734,0544_c0007_020.jpg,544,6,-1,True,150,8550,0.5854689475596825,0.08375209380234507,1,1791,1,1,1,1
735,0544_c0008_000.jpg,544,7,-1,True,150,8550,0.9238271205933066,0.7772020725388601,1,193,1,1,1,1
736,0544_c0008_005.jpg,544,7,-1,True,150,8550,0.9225996045219343,0.7142857142857143,1,210,1,1,1,1
737,0544_c0008_010.jpg,544,7,-1,True,150,8550,0.8969332575910962,0.6696428571428571,1,224,1,1,1,1
738,0544_c0008_015.jpg,544,7,-1,True,150,8550,0.8906747245329844,0.7177033492822966,1,209,1,1,1,1
739,0544_c0008_020.jpg,544,7,-1,True,150,8550,0.8764701306454878,0.43352601156069365,1,346,1,1,1,1
740,0546_c0002_000.jpg,546,1,-1,True,75,8550,0.46248872428356425,0.42613636363636365,2,176,0,1,1,1
741,0546_c0002_005.jpg,546,1,-1,True,75,8550,0.38813794455783135,0.40540540540540543,9,185,0,0,1,1
742,0546_c0002_010.jpg,546,1,-1,True,75,8550,0.4456246617669631,0.4807692307692308,3,156,0,1,1,1
743,0546_c0002_015.jpg,546,1,-1,True,75,8550,0.563938350306306,0.5,1,150,1,1,1,1
744,0546_c0002_020.jpg,546,1,-1,True,75,8550,0.4449533696971023,0.42613636363636365,2,176,0,1,1,1
745,0546_c0004_000.jpg,546,3,-1,True,75,8550,0.999646783625731,0.9868421052631579,1,76,1,1,1,1
746,0546_c0004_005.jpg,546,3,-1,True,75,8550,1.0,1.0,1,75,1,1,1,1
747,0546_c0004_010.jpg,546,3,-1,True,75,8550,0.9994666034455508,0.9868421052631579,1,76,1,1,1,1
748,0546_c0004_015.jpg,546,3,-1,True,75,8550,0.9951518424461843,0.9259259259259259,1,81,1,1,1,1
749,0546_c0004_020.jpg,546,3,-1,True,75,8550,0.9909308202601873,0.9146341463414634,1,82,1,1,1,1
750,0546_c0007_000.jpg,546,6,-1,True,75,8550,0.9986411338310073,0.9493670886075949,1,79,1,1,1,1
751,0546_c0007_005.jpg,546,6,-1,True,75,8550,1.0,1.0,1,75,1,1,1,1
752,0546_c0007_010.jpg,546,6,-1,True,75,8550,1.0,1.0,1,75,1,1,1,1
753,0546_c0007_015.jpg,546,6,-1,True,75,8550,1.0,1.0,1,75,1,1,1,1
754,0546_c0007_020.jpg,546,6,-1,True,75,8550,1.0,1.0,1,75,1,1,1,1
755,0546_c0008_000.jpg,546,7,-1,True,75,8550,0.9936436453993639,0.8928571428571429,1,84,1,1,1,1
756,0546_c0008_005.jpg,546,7,-1,True,75,8550,0.9979657564132448,0.9259259259259259,1,81,1,1,1,1
757,0546_c0008_010.jpg,546,7,-1,True,75,8550,0.9964550401524455,0.8928571428571429,1,84,1,1,1,1
758,0546_c0008_015.jpg,546,7,-1,True,75,8550,0.9942038495241947,0.872093023255814,1,86,1,1,1,1
759,0546_c0008_020.jpg,546,7,-1,True,75,8550,0.9519451255944591,0.7575757575757576,1,99,1,1,1,1
760,0548_c0001_000.jpg,548,0,-1,True,125,8550,0.45698713018919895,0.2620545073375262,1,477,1,1,1,1
761,0548_c0001_005.jpg,548,0,-1,True,125,8550,0.31040069820831445,0.2181500872600349,14,573,0,0,0,1
762,0548_c0001_010.jpg,548,0,-1,True,125,8550,0.3794055949047917,0.2349624060150376,1,532,1,1,1,1
763,0548_c0001_015.jpg,548,0,-1,True,125,8550,0.29859082219053773,0.21626297577854672,25,578,0,0,0,0
764,0548_c0001_020.jpg,548,0,-1,True,125,8550,0.295993499801447,0.2181500872600349,28,573,0,0,0,0
765,0548_c0002_000.jpg,548,1,-1,True,125,8550,0.3071647391265249,0.22603978300180833,9,553,0,0,1,1
766,0548_c0002_005.jpg,548,1,-1,True,125,8550,0.2751711525160729,0.21367521367521367,26,585,0,0,0,0
767,0548_c0002_010.jpg,548,1,-1,True,125,8550,0.3065046943655298,0.2158894645941278,26,579,0,0,0,0
768,0548_c0002_015.jpg,548,1,-1,True,125,8550,0.31591410036748124,0.20833333333333334,23,600,0,0,0,0
769,0548_c0002_020.jpg,548,1,-1,True,125,8550,0.42882193767785737,0.22686025408348456,1,551,1,1,1,1
770,0548_c0003_000.jpg,548,2,-1,True,125,8550,0.8411003744522653,0.42662116040955633,1,293,1,1,1,1
771,0548_c0003_005.jpg,548,2,-1,True,125,8550,0.8204503931265915,0.43859649122807015,1,285,1,1,1,1
772,0548_c0003_010.jpg,548,2,-1,True,125,8550,0.81287908131354,0.43252595155709345,1,289,1,1,1,1
773,0548_c0003_015.jpg,548,2,-1,True,125,8550,0.7789663874636409,0.423728813559322,1,295,1,1,1,1
774,0548_c0003_020.jpg,548,2,-1,True,125,8550,0.7933791412657466,0.3968253968253968,1,315,1,1,1,1
775,0548_c0005_000.jpg,548,4,-1,True,125,8550,0.8471383194542769,0.37202380952380953,1,336,1,1,1,1
776,0548_c0005_005.jpg,548,4,-1,True,125,8550,0.849119719045913,0.37425149700598803,1,334,1,1,1,1
777,0548_c0005_010.jpg,548,4,-1,True,125,8550,0.8592119925341433,0.3834355828220859,1,326,1,1,1,1
778,0548_c0005_015.jpg,548,4,-1,True,125,8550,0.8546633165280034,0.3787878787878788,1,330,1,1,1,1
779,0548_c0005_020.jpg,548,4,-1,True,125,8550,0.8499641452361604,0.38109756097560976,1,328,1,1,1,1
780,0548_c0006_000.jpg,548,5,-1,True,125,8550,0.6282616145676229,0.2181500872600349,1,573,1,1,1,1
781,0548_c0006_005.jpg,548,5,-1,True,125,8550,0.633729624335437,0.2181500872600349,1,573,1,1,1,1
782,0548_c0006_010.jpg,548,5,-1,True,125,8550,0.6953865460421651,0.2385496183206107,1,524,1,1,1,1
783,0548_c0006_015.jpg,548,5,-1,True,125,8550,0.7128688269608907,0.23809523809523808,1,525,1,1,1,1
784,0548_c0006_020.jpg,548,5,-1,True,125,8550,0.7065634058875522,0.24509803921568626,1,510,1,1,1,1
785,0548_c0007_000.jpg,548,6,-1,True,125,8550,0.8025038074952986,0.34153005464480873,1,366,1,1,1,1
786,0548_c0007_005.jpg,548,6,-1,True,125,8550,0.8890778909025069,0.4612546125461255,1,271,1,1,1,1
787,0548_c0007_010.jpg,548,6,-1,True,125,8550,0.9245650025554508,0.5274261603375527,1,237,1,1,1,1
788,0548_c0007_015.jpg,548,6,-1,True,125,8550,0.9249913276390166,0.5274261603375527,1,237,1,1,1,1
789,0548_c0007_020.jpg,548,6,-1,True,125,8550,0.9306580379080229,0.5707762557077626,1,219,1,1,1,1
790,0550_c0001_000.jpg,550,0,-1,True,175,8550,0.4182815638049715,0.12671976828385229,1,1381,1,1,1,1
791,0550_c0001_005.jpg,550,0,-1,True,175,8550,0.3767434809048169,0.13597513597513597,1,1287,1,1,1,1
792,0550_c0001_010.jpg,550,0,-1,True,175,8550,0.39792651911565446,0.13682564503518374,1,1279,1,1,1,1
793,0550_c0001_015.jpg,550,0,-1,True,175,8550,0.3770523212619887,0.1346153846153846,1,1300,1,1,1,1
794,0550_c0001_020.jpg,550,0,-1,True,175,8550,0.38862094701700534,0.12858192505510654,1,1361,1,1,1,1
795,0550_c0002_000.jpg,550,1,-1,True,175,8550,0.4731807306681713,0.26555386949924126,1,659,1,1,1,1
796,0550_c0002_005.jpg,550,1,-1,True,175,8550,0.4582380662588225,0.25925925925925924,1,675,1,1,1,1
797,0550_c0002_010.jpg,550,1,-1,True,175,8550,0.48818638734628866,0.24787535410764872,1,706,1,1,1,1
798,0550_c0002_015.jpg,550,1,-1,True,175,8550,0.4983425005414758,0.2902155887230514,1,603,1,1,1,1
799,0550_c0002_020.jpg,550,1,-1,True,175,8550,0.4430911669183568,0.2600297176820208,22,673,0,0,0,0
800,0550_c0003_000.jpg,550,2,-1,True,175,8550,0.26260156311159844,0.2249357326478149,10,778,0,0,1,1
801,0550_c0003_005.jpg,550,2,-1,True,175,8550,0.2656877157357917,0.2403846153846154,10,728,0,0,1,1
802,0550_c0003_010.jpg,550,2,-1,True,175,8550,0.26448734352229825,0.2311756935270806,14,757,0,0,0,1
803,0550_c0003_015.jpg,550,2,-1,True,175,8550,0.27382545056423113,0.26758409785932724,16,654,0,0,0,1
804,0550_c0003_020.jpg,550,2,-1,True,175,8550,0.2699037044622253,0.2358490566037736,18,742,0,0,0,1
805,0550_c0004_000.jpg,550,3,-1,True,175,8550,0.3074648322671668,0.114603798297315,1,1527,1,1,1,1
806,0550_c0004_005.jpg,550,3,-1,True,175,8550,0.1843168202788808,0.11283043197936815,40,1551,0,0,0,0
807,0550_c0004_010.jpg,550,3,-1,True,175,8550,0.17650133174725335,0.11475409836065574,56,1525,0,0,0,0
808,0550_c0004_015.jpg,550,3,-1,True,175,8550,0.18034859128643704,0.1118925831202046,45,1564,0,0,0,0
809,0550_c0004_020.jpg,550,3,-1,True,175,8550,0.2731825179454793,0.11196417146513116,1,1563,1,1,1,1
810,0550_c0005_000.jpg,550,4,-1,True,175,8550,0.2277990295997733,0.2311756935270806,9,757,0,0,1,1
811,0550_c0005_005.jpg,550,4,-1,True,175,8550,0.2710668554122764,0.23333333333333334,1,750,1,1,1,1
812,0550_c0005_010.jpg,550,4,-1,True,175,8550,0.24353396153468607,0.21315468940316687,18,821,0,0,0,1
813,0550_c0005_015.jpg,550,4,-1,True,175,8550,0.33150297096857256,0.14204545454545456,1,1232,1,1,1,1
814,0550_c0005_020.jpg,550,4,-1,True,175,8550,0.3298064644050079,0.1421608448415922,1,1231,1,1,1,1
815,0550_c0006_000.jpg,550,5,-1,True,175,8550,0.22895418100417686,0.21008403361344538,13,833,0,0,0,1
816,0550_c0006_005.jpg,550,5,-1,True,175,8550,0.2063412685690786,0.17893660531697342,21,978,0,0,0,0
817,0550_c0006_010.jpg,550,5,-1,True,175,8550,0.2950221537683891,0.15527950310559005,2,1127,0,1,1,1
818,0550_c0006_015.jpg,550,5,-1,True,175,8550,0.22827711200380665,0.20372526193247964,4,859,0,1,1,1
819,0550_c0006_020.jpg,550,5,-1,True,175,8550,0.1948746398078542,0.19188596491228072,49,912,0,0,0,0
820,0550_c0007_000.jpg,550,6,-1,True,175,8550,0.4742765842629324,0.16762452107279693,1,1044,1,1,1,1
821,0550_c0007_005.jpg,550,6,-1,True,175,8550,0.44387686538925064,0.1674641148325359,1,1045,1,1,1,1
822,0550_c0007_010.jpg,550,6,-1,True,175,8550,0.45232523488591875,0.19273127753303965,1,908,1,1,1,1
823,0550_c0007_015.jpg,550,6,-1,True,175,8550,0.44459360959306504,0.14868309260832624,1,1177,1,1,1,1
824,0550_c0007_020.jpg,550,6,-1,True,175,8550,0.5068946792595822,0.14534883720930233,1,1204,1,1,1,1
825,0550_c0008_000.jpg,550,7,-1,True,175,8550,0.49344461409049345,0.10625379477838494,1,1647,1,1,1,1
826,0550_c0008_005.jpg,550,7,-1,True,175,8550,0.454556403127658,0.10127314814814815,1,1728,1,1,1,1
827,0550_c0008_010.jpg,550,7,-1,True,175,8550,0.425891976188677,0.09100364014560583,1,1923,1,1,1,1
828,0550_c0008_015.jpg,550,7,-1,True,175,8550,0.394226828027798,0.09418729817007535,1,1858,1,1,1,1
829,0550_c0008_020.jpg,550,7,-1,True,175,8550,0.3351528896735663,0.09792949076664802,12,1787,0,0,0,1
830,0552_c0001_000.jpg,552,0,-1,True,175,8550,0.5932690350551598,0.1206064782908339,1,1451,1,1,1,1
831,0552_c0001_005.jpg,552,0,-1,True,175,8550,0.5813888307828093,0.12195121951219512,1,1435,1,1,1,1
832,0552_c0001_010.jpg,552,0,-1,True,175,8550,0.5977906929650486,0.1263537906137184,1,1385,1,1,1,1
833,0552_c0001_015.jpg,552,0,-1,True,175,8550,0.5914881194409681,0.12350035285815103,1,1417,1,1,1,1
834,0552_c0001_020.jpg,552,0,-1,True,175,8550,0.574166484749855,0.1203576341127923,1,1454,1,1,1,1
835,0552_c0002_000.jpg,552,1,-1,True,175,8550,0.28479033349667265,0.20636792452830188,26,848,0,0,0,0
836,0552_c0002_005.jpg,552,1,-1,True,175,8550,0.28110405897643453,0.205158264947245,26,853,0,0,0,0
837,0552_c0002_010.jpg,552,1,-1,True,175,8550,0.2996900231235207,0.21446078431372548,26,816,0,0,0,0
838,0552_c0002_015.jpg,552,1,-1,True,175,8550,0.3073224522963729,0.214987714987715,25,814,0,0,0,0
839,0552_c0002_020.jpg,552,1,-1,True,175,8550,0.32446518256106915,0.2266839378238342,25,772,0,0,0,0
840,0552_c0003_000.jpg,552,2,-1,True,175,8550,0.7345091494912741,0.7675438596491229,1,228,1,1,1,1
841,0552_c0003_005.jpg,552,2,-1,True,175,8550,0.7339513262502416,0.7291666666666666,1,240,1,1,1,1
842,0552_c0003_010.jpg,552,2,-1,True,175,8550,0.733258024110333,0.7383966244725738,1,237,1,1,1,1
843,0552_c0003_015.jpg,552,2,-1,True,175,8550,0.7349633605763508,0.7415254237288136,1,236,1,1,1,1
844,0552_c0003_020.jpg,552,2,-1,True,175,8550,0.735499237070711,0.7743362831858407,1,226,1,1,1,1
845,0552_c0004_000.jpg,552,3,-1,True,175,8550,0.5611175457144657,0.45931758530183725,1,381,1,1,1,1
846,0552_c0004_005.jpg,552,3,-1,True,175,8550,0.5689001933300113,0.4679144385026738,1,374,1,1,1,1
847,0552_c0004_010.jpg,552,3,-1,True,175,8550,0.5707480219718185,0.47043010752688175,1,372,1,1,1,1
848,0552_c0004_015.jpg,552,3,-1,True,175,8550,0.5618743495321064,0.43859649122807015,1,399,1,1,1,1
849,0552_c0004_020.jpg,552,3,-1,True,175,8550,0.5521220913488897,0.4742547425474255,1,369,1,1,1,1
850,0552_c0005_000.jpg,552,4,-1,True,175,8550,0.6578693510970712,0.546875,1,320,1,1,1,1
851,0552_c0005_005.jpg,552,4,-1,True,175,8550,0.679232481514708,0.5813953488372093,1,301,1,1,1,1
852,0552_c0005_010.jpg,552,4,-1,True,175,8550,0.6312163682854068,0.546875,1,320,1,1,1,1
853,0552_c0005_015.jpg,552,4,-1,True,175,8550,0.6284610604202842,0.541795665634675,1,323,1,1,1,1
854,0552_c0005_020.jpg,552,4,-1,True,175,8550,0.6160429195590781,0.5131964809384164,1,341,1,1,1,1
855,0552_c0006_000.jpg,552,5,-1,True,175,8550,0.6589228687328363,0.30973451327433627,1,565,1,1,1,1
856,0552_c0006_005.jpg,552,5,-1,True,175,8550,0.6540298447113707,0.3108348134991119,1,563,1,1,1,1
857,0552_c0006_010.jpg,552,5,-1,True,175,8550,0.6838248560989006,0.3102836879432624,1,564,1,1,1,1
858,0552_c0006_015.jpg,552,5,-1,True,175,8550,0.7237339302980065,0.3211009174311927,1,545,1,1,1,1
859,0552_c0006_020.jpg,552,5,-1,True,175,8550,0.7219914702599473,0.32051282051282054,1,546,1,1,1,1
860,0552_c0007_000.jpg,552,6,-1,True,175,8550,0.7554601962414612,0.354251012145749,1,494,1,1,1,1
861,0552_c0007_005.jpg,552,6,-1,True,175,8550,0.7886703781383939,0.3615702479338843,1,484,1,1,1,1
862,0552_c0007_010.jpg,552,6,-1,True,175,8550,0.7411958302138848,0.33524904214559387,1,522,1,1,1,1
863,0552_c0007_015.jpg,552,6,-1,True,175,8550,0.735493984781605,0.3064798598949212,1,571,1,1,1,1
864,0552_c0007_020.jpg,552,6,-1,True,175,8550,0.7415974747827805,0.3102836879432624,1,564,1,1,1,1
865,0552_c0008_000.jpg,552,7,-1,True,175,8550,0.8549627353951821,0.35070140280561124,1,499,1,1,1,1
866,0552_c0008_005.jpg,552,7,-1,True,175,8550,0.8574227829425513,0.35070140280561124,1,499,1,1,1,1
867,0552_c0008_010.jpg,552,7,-1,True,175,8550,0.8451372084923746,0.3295668549905838,1,531,1,1,1,1
868,0552_c0008_015.jpg,552,7,-1,True,175,8550,0.8454692741356931,0.3424657534246575,1,511,1,1,1,1
869,0552_c0008_020.jpg,552,7,-1,True,175,8550,0.8539983083520922,0.3564154786150713,1,491,1,1,1,1
870,0554_c0001_000.jpg,554,0,-1,True,150,8550,0.31133094056410004,0.10183299389002037,1,1473,1,1,1,1
871,0554_c0001_005.jpg,554,0,-1,True,150,8550,0.2568408387998394,0.09457755359394704,1,1586,1,1,1,1
872,0554_c0001_010.jpg,554,0,-1,True,150,8550,0.33521408340357295,0.12106537530266344,1,1239,1,1,1,1
873,0554_c0001_015.jpg,554,0,-1,True,150,8550,0.33471741201685506,0.12106537530266344,1,1239,1,1,1,1
874,0554_c0001_020.jpg,554,0,-1,True,150,8550,0.2625727811977704,0.12038523274478331,1,1246,1,1,1,1
875,0554_c0002_000.jpg,554,1,-1,True,150,8550,0.3984606489865969,0.10445682451253482,1,1436,1,1,1,1
876,0554_c0002_005.jpg,554,1,-1,True,150,8550,0.3612472382110737,0.09810333551340746,1,1529,1,1,1,1
877,0554_c0002_010.jpg,554,1,-1,True,150,8550,0.286118684572866,0.08094981111710739,1,1853,1,1,1,1
878,0554_c0002_015.jpg,554,1,-1,True,150,8550,0.27777656900964315,0.08228195282501372,1,1823,1,1,1,1
879,0554_c0002_020.jpg,554,1,-1,True,150,8550,0.3005534271421046,0.08965929468021518,1,1673,1,1,1,1
880,0554_c0003_000.jpg,554,2,-1,True,150,8550,0.19161907397158218,0.07692307692307693,29,1950,0,0,0,0
881,0554_c0003_005.jpg,554,2,-1,True,150,8550,0.2034563512694058,0.08112493239588967,30,1849,0,0,0,0
882,0554_c0003_010.jpg,554,2,-1,True,150,8550,0.2065878259558312,0.0744047619047619,5,2016,0,1,1,1
883,0554_c0003_015.jpg,554,2,-1,True,150,8550,0.19135986308546496,0.07363770250368189,23,2037,0,0,0,0
884,0554_c0003_020.jpg,554,2,-1,True,150,8550,0.188827153837257,0.08214676889375684,6,1826,0,0,1,1
885,0554_c0005_000.jpg,554,4,-1,True,150,8550,0.3945709721897953,0.07511266900350526,1,1997,1,1,1,1
886,0554_c0005_005.jpg,554,4,-1,True,150,8550,0.36141301245857504,0.06976744186046512,1,2150,1,1,1,1
887,0554_c0005_010.jpg,554,4,-1,True,150,8550,0.36002601719354876,0.07035647279549719,5,2132,0,1,1,1
888,0554_c0005_015.jpg,554,4,-1,True,150,8550,0.38575776657322636,0.06666666666666667,1,2250,1,1,1,1
889,0554_c0005_020.jpg,554,4,-1,True,150,8550,0.40739522416131396,0.062111801242236024,1,2415,1,1,1,1
890,0554_c0006_000.jpg,554,5,-1,True,150,8550,0.3122907103147265,0.2613240418118467,9,574,0,0,1,1
891,0554_c0006_005.jpg,554,5,-1,True,150,8550,0.34779367412201073,0.27726432532347506,5,541,0,1,1,1
892,0554_c0006_010.jpg,554,5,-1,True,150,8550,0.32539558424845705,0.28735632183908044,4,522,0,1,1,1
893,0554_c0006_015.jpg,554,5,-1,True,150,8550,0.2706237396694099,0.26223776223776224,6,572,0,0,1,1
894,0554_c0006_020.jpg,554,5,-1,True,150,8550,0.4121040003122051,0.3,2,500,0,1,1,1
895,0554_c0007_000.jpg,554,6,-1,True,150,8550,0.2916953913991819,0.09191176470588236,1,1632,1,1,1,1
896,0554_c0007_005.jpg,554,6,-1,True,150,8550,0.256972943774368,0.0859106529209622,1,1746,1,1,1,1
897,0554_c0007_010.jpg,554,6,-1,True,150,8550,0.2737258791676032,0.0911854103343465,1,1645,1,1,1,1
898,0554_c0007_015.jpg,554,6,-1,True,150,8550,0.2889388511077986,0.09404388714733543,1,1595,1,1,1,1
899,0554_c0007_020.jpg,554,6,-1,True,150,8550,0.30909893892296575,0.0998003992015968,1,1503,1,1,1,1
900,0554_c0008_000.jpg,554,7,-1,True,150,8550,0.4536746274849881,0.30120481927710846,1,498,1,1,1,1
901,0554_c0008_005.jpg,554,7,-1,True,150,8550,0.41389373144883146,0.24232633279483037,1,619,1,1,1,1
902,0554_c0008_010.jpg,554,7,-1,True,150,8550,0.41559366386706326,0.297029702970297,1,505,1,1,1,1
903,0554_c0008_015.jpg,554,7,-1,True,150,8550,0.42274981126727984,0.2546689303904924,1,589,1,1,1,1
904,0554_c0008_020.jpg,554,7,-1,True,150,8550,0.4753660471885631,0.32397408207343414,1,463,1,1,1,1
905,0556_c0001_000.jpg,556,0,-1,True,175,8550,0.42017299798977764,0.3234750462107209,21,541,0,0,0,0
906,0556_c0001_005.jpg,556,0,-1,True,175,8550,0.3889193627495631,0.30918727915194344,30,566,0,0,0,0
907,0556_c0001_010.jpg,556,0,-1,True,175,8550,0.3273286108679077,0.2961082910321489,49,591,0,0,0,0
908,0556_c0001_015.jpg,556,0,-1,True,175,8550,0.36668996188247865,0.30120481927710846,46,581,0,0,0,0
909,0556_c0001_020.jpg,556,0,-1,True,175,8550,0.38941529733280195,0.3108348134991119,44,563,0,0,0,0
910,0556_c0002_000.jpg,556,1,-1,True,175,8550,0.8796025990067925,0.3027681660899654,1,578,1,1,1,1
911,0556_c0002_005.jpg,556,1,-1,True,175,8550,0.9107470762936529,0.3977272727272727,1,440,1,1,1,1
912,0556_c0002_010.jpg,556,1,-1,True,175,8550,0.9053850479262506,0.3556910569105691,1,492,1,1,1,1
913,0556_c0002_015.jpg,556,1,-1,True,175,8550,0.9070044517879512,0.36231884057971014,1,483,1,1,1,1
914,0556_c0002_020.jpg,556,1,-1,True,175,8550,0.9029688716562958,0.3787878787878788,1,462,1,1,1,1
915,0556_c0003_000.jpg,556,2,-1,True,175,8550,1.0,1.0,1,175,1,1,1,1
916,0556_c0003_005.jpg,556,2,-1,True,175,8550,1.0,1.0,1,175,1,1,1,1
917,0556_c0003_010.jpg,556,2,-1,True,175,8550,1.0,1.0,1,175,1,1,1,1
918,0556_c0003_015.jpg,556,2,-1,True,175,8550,1.0,1.0,1,175,1,1,1,1
919,0556_c0003_020.jpg,556,2,-1,True,175,8550,1.0,1.0,1,175,1,1,1,1
920,0556_c0004_000.jpg,556,3,-1,True,175,8550,0.9997438955495574,0.9776536312849162,1,179,1,1,1,1
921,0556_c0004_005.jpg,556,3,-1,True,175,8550,1.0,1.0,1,175,1,1,1,1
922,0556_c0004_010.jpg,556,3,-1,True,175,8550,1.0,1.0,1,175,1,1,1,1
923,0556_c0004_015.jpg,556,3,-1,True,175,8550,0.9999348794063079,0.9943181818181818,1,176,1,1,1,1
924,0556_c0004_020.jpg,556,3,-1,True,175,8550,0.9997438955495574,0.9776536312849162,1,179,1,1,1,1
925,0556_c0005_000.jpg,556,4,-1,True,175,8550,0.5607037191533079,0.5147058823529411,1,340,1,1,1,1
926,0556_c0005_005.jpg,556,4,-1,True,175,8550,0.5544713395580791,0.5057803468208093,1,346,1,1,1,1
927,0556_c0005_010.jpg,556,4,-1,True,175,8550,0.5984889032590004,0.5147058823529411,1,340,1,1,1,1
928,0556_c0005_015.jpg,556,4,-1,True,175,8550,0.5438336594877288,0.5239520958083832,1,334,1,1,1,1
929,0556_c0005_020.jpg,556,4,-1,True,175,8550,0.4928137100198072,0.49019607843137253,1,357,1,1,1,1
930,0556_c0006_000.jpg,556,5,-1,True,175,8550,0.9993189972529565,0.9668508287292817,1,181,1,1,1,1
931,0556_c0006_005.jpg,556,5,-1,True,175,8550,0.9999675324675324,0.9943181818181818,1,176,1,1,1,1
932,0556_c0006_010.jpg,556,5,-1,True,175,8550,0.9999036918138042,0.9831460674157303,1,178,1,1,1,1
933,0556_c0006_015.jpg,556,5,-1,True,175,8550,0.9998723064644852,0.9776536312849162,1,179,1,1,1,1
934,0556_c0006_020.jpg,556,5,-1,True,175,8550,1.0,1.0,1,175,1,1,1,1
935,0556_c0007_000.jpg,556,6,-1,True,175,8550,0.8340889429946021,0.5255255255255256,1,333,1,1,1,1
936,0556_c0007_005.jpg,556,6,-1,True,175,8550,0.8711390651142294,0.5368098159509203,1,326,1,1,1,1
937,0556_c0007_010.jpg,556,6,-1,True,175,8550,0.8646816768907443,0.5162241887905604,1,339,1,1,1,1
938,0556_c0007_015.jpg,556,6,-1,True,175,8550,0.8587726005221771,0.5351681957186545,1,327,1,1,1,1
939,0556_c0007_020.jpg,556,6,-1,True,175,8550,0.8285032821730812,0.5208333333333334,1,336,1,1,1,1
940,0556_c0008_000.jpg,556,7,-1,True,175,8550,0.9569069576739401,0.7543103448275862,1,232,1,1,1,1
941,0556_c0008_005.jpg,556,7,-1,True,175,8550,0.9640140615113539,0.875,1,200,1,1,1,1
942,0556_c0008_010.jpg,556,7,-1,True,175,8550,0.9804163807377096,0.875,1,200,1,1,1,1
943,0556_c0008_015.jpg,556,7,-1,True,175,8550,0.9751947371910761,0.875,1,200,1,1,1,1
944,0556_c0008_020.jpg,556,7,-1,True,175,8550,0.9801022454059668,0.875,1,200,1,1,1,1
945,0558_c0001_000.jpg,558,0,-1,True,175,8550,0.4137632553918198,0.4475703324808184,26,391,0,0,0,0
946,0558_c0001_005.jpg,558,0,-1,True,175,8550,0.42200047376332406,0.4666666666666667,26,375,0,0,0,0
947,0558_c0001_010.jpg,558,0,-1,True,175,8550,0.43308934337387817,0.4557291666666667,26,384,0,0,0,0
948,0558_c0001_015.jpg,558,0,-1,True,175,8550,0.4249655367289308,0.46419098143236076,26,377,0,0,0,0
949,0558_c0001_020.jpg,558,0,-1,True,175,8550,0.4225704827071473,0.4666666666666667,26,375,0,0,0,0
950,0558_c0002_000.jpg,558,1,-1,True,175,8550,0.42921276516463874,0.4666666666666667,21,375,0,0,0,0
951,0558_c0002_005.jpg,558,1,-1,True,175,8550,0.40097432328578136,0.4985754985754986,63,351,0,0,0,0
952,0558_c0002_010.jpg,558,1,-1,True,175,8550,0.3964083451378569,0.48476454293628807,38,361,0,0,0,0
953,0558_c0002_015.jpg,558,1,-1,True,175,8550,0.39209938024370966,0.4820936639118457,45,363,0,0,0,0
954,0558_c0002_020.jpg,558,1,-1,True,175,8550,0.3964357830816588,0.47043010752688175,38,372,0,0,0,0
955,0558_c0003_000.jpg,558,2,-1,True,175,8550,0.37701070233825007,0.35714285714285715,51,490,0,0,0,0
956,0558_c0003_005.jpg,558,2,-1,True,175,8550,0.39114277854938645,0.4257907542579075,65,411,0,0,0,0
957,0558_c0003_010.jpg,558,2,-1,True,175,8550,0.3709908290997572,0.4146919431279621,56,422,0,0,0,0
958,0558_c0003_015.jpg,558,2,-1,True,175,8550,0.3788183025452622,0.39592760180995473,51,442,0,0,0,0
959,0558_c0003_020.jpg,558,2,-1,True,175,8550,0.37808502693029256,0.4060324825986079,62,431,0,0,0,0
960,0558_c0004_000.jpg,558,3,-1,True,175,8550,0.45368913937222843,0.3691983122362869,26,474,0,0,0,0
961,0558_c0004_005.jpg,558,3,-1,True,175,8550,0.4470059959642934,0.36764705882352944,1,476,1,1,1,1
962,0558_c0004_010.jpg,558,3,-1,True,175,8550,0.4546902842688822,0.3796095444685466,1,461,1,1,1,1
963,0558_c0004_015.jpg,558,3,-1,True,175,8550,0.5115601269987174,0.3699788583509514,1,473,1,1,1,1
964,0558_c0004_020.jpg,558,3,-1,True,175,8550,0.4242316177137471,0.3465346534653465,1,505,1,1,1,1
965,0558_c0005_000.jpg,558,4,-1,True,175,8550,0.55938936352768,0.5,1,350,1,1,1,1
966,0558_c0005_005.jpg,558,4,-1,True,175,8550,0.6000733662699949,0.4943502824858757,1,354,1,1,1,1
967,0558_c0005_010.jpg,558,4,-1,True,175,8550,0.5646348785438078,0.5,1,350,1,1,1,1
968,0558_c0005_015.jpg,558,4,-1,True,175,8550,0.5795062242227016,0.5043227665706052,1,347,1,1,1,1
969,0558_c0005_020.jpg,558,4,-1,True,175,8550,0.5657933534262812,0.501432664756447,1,349,1,1,1,1
970,0558_c0006_000.jpg,558,5,-1,True,175,8550,0.5514960436319434,0.4691689008042895,26,373,0,0,0,0
971,0558_c0006_005.jpg,558,5,-1,True,175,8550,0.5472053964353355,0.423728813559322,26,413,0,0,0,0
972,0558_c0006_010.jpg,558,5,-1,True,175,8550,0.5521065826651256,0.4069767441860465,25,430,0,0,0,0
973,0558_c0006_015.jpg,558,5,-1,True,175,8550,0.5564253900302146,0.4807692307692308,24,364,0,0,0,0
974,0558_c0006_020.jpg,558,5,-1,True,175,8550,0.5492406049295424,0.43859649122807015,26,399,0,0,0,0
975,0558_c0007_000.jpg,558,6,-1,True,175,8550,0.6355496112495835,0.5537974683544303,1,316,1,1,1,1
976,0558_c0007_005.jpg,558,6,-1,True,175,8550,0.6096692393404988,0.5192878338278932,1,337,1,1,1,1
977,0558_c0007_010.jpg,558,6,-1,True,175,8550,0.6419645875241116,0.5627009646302251,1,311,1,1,1,1
978,0558_c0007_015.jpg,558,6,-1,True,175,8550,0.6629672864281233,0.5681818181818182,1,308,1,1,1,1
979,0558_c0007_020.jpg,558,6,-1,True,175,8550,0.6560858829153137,0.5537974683544303,1,316,1,1,1,1
980,0558_c0008_000.jpg,558,7,-1,True,175,8550,0.7297378929486129,0.4666666666666667,1,375,1,1,1,1
981,0558_c0008_005.jpg,558,7,-1,True,175,8550,0.7186772964662766,0.4666666666666667,1,375,1,1,1,1
982,0558_c0008_010.jpg,558,7,-1,True,175,8550,0.7290761024098942,0.4666666666666667,1,375,1,1,1,1
983,0558_c0008_015.jpg,558,7,-1,True,175,8550,0.8000823652911726,0.4666666666666667,1,375,1,1,1,1
984,0558_c0008_020.jpg,558,7,-1,True,175,8550,0.7514728212056462,0.4666666666666667,1,375,1,1,1,1
985,0560_c0001_000.jpg,560,0,-1,True,150,8550,0.03568954667169948,0.0473634354278497,647,3167,0,0,0,0
986,0560_c0001_005.jpg,560,0,-1,True,150,8550,0.025565553081214644,0.03595397890699904,1030,4172,0,0,0,0
987,0560_c0001_010.jpg,560,0,-1,True,150,8550,0.022433177887514345,0.032439446366782004,1085,4624,0,0,0,0
988,0560_c0001_015.jpg,560,0,-1,True,150,8550,0.02421932096511407,0.034786641929499075,1039,4312,0,0,0,0
989,0560_c0001_020.jpg,560,0,-1,True,150,8550,0.02264748313701082,0.033400133600534405,1230,4491,0,0,0,0
990,0560_c0002_000.jpg,560,1,-1,True,150,8550,0.9691914900281057,0.6696428571428571,1,224,1,1,1,1
991,0560_c0002_005.jpg,560,1,-1,True,150,8550,0.9691164606686054,0.6787330316742082,1,221,1,1,1,1
992,0560_c0002_010.jpg,560,1,-1,True,150,8550,0.9704341300311973,0.6976744186046512,1,215,1,1,1,1
993,0560_c0002_015.jpg,560,1,-1,True,150,8550,0.9695957542383076,0.684931506849315,1,219,1,1,1,1
994,0560_c0002_020.jpg,560,1,-1,True,150,8550,0.9681625001383395,0.6578947368421053,1,228,1,1,1,1
995,0560_c0003_000.jpg,560,2,-1,True,150,8550,0.9632375436656173,0.7109004739336493,1,211,1,1,1,1
996,0560_c0003_005.jpg,560,2,-1,True,150,8550,0.9618156924534501,0.6880733944954128,1,218,1,1,1,1
997,0560_c0003_010.jpg,560,2,-1,True,150,8550,0.9641174741143067,0.7109004739336493,1,211,1,1,1,1
998,0560_c0003_015.jpg,560,2,-1,True,150,8550,0.9628356952035837,0.7109004739336493,1,211,1,1,1,1
999,0560_c0003_020.jpg,560,2,-1,True,150,8550,0.962832058029656,0.704225352112676,1,213,1,1,1,1
1000,0560_c0005_000.jpg,560,4,-1,True,150,8550,0.9522035922442096,0.6578947368421053,1,228,1,1,1,1
1001,0560_c0005_005.jpg,560,4,-1,True,150,8550,0.9674888825264819,0.746268656716418,1,201,1,1,1,1
1002,0560_c0005_010.jpg,560,4,-1,True,150,8550,0.9673020655282858,0.75,1,200,1,1,1,1
1003,0560_c0005_015.jpg,560,4,-1,True,150,8550,0.9654258542812526,0.7352941176470589,1,204,1,1,1,1
1004,0560_c0005_020.jpg,560,4,-1,True,150,8550,0.9681207650093903,0.7653061224489796,1,196,1,1,1,1
1005,0560_c0006_000.jpg,560,5,-1,True,150,8550,0.9203748753005004,0.38961038961038963,1,385,1,1,1,1
1006,0560_c0006_005.jpg,560,5,-1,True,150,8550,0.9193110205766425,0.40214477211796246,1,373,1,1,1,1
1007,0560_c0006_010.jpg,560,5,-1,True,150,8550,0.9200088717198008,0.39577836411609496,1,379,1,1,1,1
1008,0560_c0006_015.jpg,560,5,-1,True,150,8550,0.9239217403385919,0.42857142857142855,1,350,1,1,1,1
1009,0560_c0006_020.jpg,560,5,-1,True,150,8550,0.9204705729948159,0.4032258064516129,1,372,1,1,1,1
1010,0560_c0007_000.jpg,560,6,-1,True,150,8550,0.9477218243596214,0.5813953488372093,1,258,1,1,1,1
1011,0560_c0007_005.jpg,560,6,-1,True,150,8550,0.9467472866824045,0.5813953488372093,1,258,1,1,1,1
1012,0560_c0007_010.jpg,560,6,-1,True,150,8550,0.9468018295371835,0.5725190839694656,1,262,1,1,1,1
1013,0560_c0007_015.jpg,560,6,-1,True,150,8550,0.9473569384544301,0.5859375,1,256,1,1,1,1
1014,0560_c0007_020.jpg,560,6,-1,True,150,8550,0.9483525774303255,0.5905511811023622,1,254,1,1,1,1
1015,0560_c0008_000.jpg,560,7,-1,True,150,8550,0.9610099467513737,0.5882352941176471,1,255,1,1,1,1
1016,0560_c0008_005.jpg,560,7,-1,True,150,8550,0.963889570167756,0.5882352941176471,1,255,1,1,1,1
1017,0560_c0008_010.jpg,560,7,-1,True,150,8550,0.9600043115086866,0.5859375,1,256,1,1,1,1
1018,0560_c0008_015.jpg,560,7,-1,True,150,8550,0.9596387642974271,0.5905511811023622,1,254,1,1,1,1
1019,0560_c0008_020.jpg,560,7,-1,True,150,8550,0.9603957014963878,0.5836575875486382,1,257,1,1,1,1
1020,0562_c0001_000.jpg,562,0,-1,True,50,8550,0.4561630622181159,0.6097560975609756,26,82,0,0,0,0
1021,0562_c0001_005.jpg,562,0,-1,True,50,8550,0.4560161330379808,0.6024096385542169,26,83,0,0,0,0
1022,0562_c0001_010.jpg,562,0,-1,True,50,8550,0.45438536890350323,0.5555555555555556,26,90,0,0,0,0
1023,0562_c0001_015.jpg,562,0,-1,True,50,8550,0.4548553889219382,0.5617977528089888,26,89,0,0,0,0
1024,0562_c0001_020.jpg,562,0,-1,True,50,8550,0.45380767987364024,0.5434782608695652,26,92,0,0,0,0
1025,0562_c0003_000.jpg,562,2,-1,True,50,8550,0.14635445444967599,0.25,120,200,0,0,0,0
1026,0562_c0003_005.jpg,562,2,-1,True,50,8550,0.1473735220320446,0.24875621890547264,111,201,0,0,0,0
1027,0562_c0003_010.jpg,562,2,-1,True,50,8550,0.14639044192531644,0.25,120,200,0,0,0,0
1028,0562_c0003_015.jpg,562,2,-1,True,50,8550,0.14636526244013515,0.25,120,200,0,0,0,0
1029,0562_c0003_020.jpg,562,2,-1,True,50,8550,0.14639302257047773,0.25,120,200,0,0,0,0
1030,0562_c0005_000.jpg,562,4,-1,True,50,8550,0.3527807936032557,0.4,13,125,0,0,0,1
1031,0562_c0005_005.jpg,562,4,-1,True,50,8550,0.39014455381622315,0.4,7,125,0,0,1,1
1032,0562_c0005_010.jpg,562,4,-1,True,50,8550,0.37537885344932287,0.4,7,125,0,0,1,1
1033,0562_c0005_015.jpg,562,4,-1,True,50,8550,0.38018553772906705,0.4,7,125,0,0,1,1
1034,0562_c0005_020.jpg,562,4,-1,True,50,8550,0.4555772003412125,0.4,7,125,0,0,1,1
1035,0564_c0001_000.jpg,564,0,-1,True,150,8550,0.9849002885192494,0.3605769230769231,1,416,1,1,1,1
1036,0564_c0001_005.jpg,564,0,-1,True,150,8550,0.9888684138560876,0.4838709677419355,1,310,1,1,1,1
1037,0564_c0001_010.jpg,564,0,-1,True,150,8550,0.9846529767097038,0.3546099290780142,1,423,1,1,1,1
1038,0564_c0001_015.jpg,564,0,-1,True,150,8550,0.9828416982046283,0.2788104089219331,1,538,1,1,1,1
1039,0564_c0001_020.jpg,564,0,-1,True,150,8550,0.9851880634019672,0.36674816625916873,1,409,1,1,1,1
1040,0564_c0002_000.jpg,564,1,-1,True,150,8550,0.9896202281555229,0.5555555555555556,1,270,1,1,1,1
1041,0564_c0002_005.jpg,564,1,-1,True,150,8550,0.9675601038428002,0.5119453924914675,1,293,1,1,1,1
1042,0564_c0002_010.jpg,564,1,-1,True,150,8550,0.9760754033530592,0.487012987012987,1,308,1,1,1,1
1043,0564_c0002_015.jpg,564,1,-1,True,150,8550,0.9860342707348618,0.47318611987381703,1,317,1,1,1,1
1044,0564_c0002_020.jpg,564,1,-1,True,150,8550,0.9601201264554068,0.4983388704318937,1,301,1,1,1,1
1045,0564_c0004_000.jpg,564,3,-1,True,150,8550,0.6212979897637789,0.3073770491803279,12,488,0,0,0,1
1046,0564_c0004_005.jpg,564,3,-1,True,150,8550,0.757947994509683,0.2952755905511811,1,508,1,1,1,1
1047,0564_c0004_010.jpg,564,3,-1,True,150,8550,0.650545209592874,0.3067484662576687,1,489,1,1,1,1
1048,0564_c0004_015.jpg,564,3,-1,True,150,8550,0.7538212293811883,0.2066115702479339,1,726,1,1,1,1
1049,0564_c0004_020.jpg,564,3,-1,True,150,8550,0.7761402965242029,0.2564102564102564,1,585,1,1,1,1
1050,0564_c0005_000.jpg,564,4,-1,True,150,8550,0.9804193006867288,0.2631578947368421,1,570,1,1,1,1
1051,0564_c0005_005.jpg,564,4,-1,True,150,8550,0.9834116212707708,0.36855036855036855,1,407,1,1,1,1
1052,0564_c0005_010.jpg,564,4,-1,True,150,8550,0.9794695487582681,0.25380710659898476,1,591,1,1,1,1
1053,0564_c0005_015.jpg,564,4,-1,True,150,8550,0.9799233102208227,0.2508361204013378,1,598,1,1,1,1
1054,0564_c0005_020.jpg,564,4,-1,True,150,8550,0.982362036152535,0.3157894736842105,1,475,1,1,1,1
1055,0564_c0006_000.jpg,564,5,-1,True,150,8550,0.9871798906186958,0.38461538461538464,1,390,1,1,1,1
1056,0564_c0006_005.jpg,564,5,-1,True,150,8550,0.9825991798941353,0.2640845070422535,1,568,1,1,1,1
1057,0564_c0006_010.jpg,564,5,-1,True,150,8550,0.9824282111374801,0.26501766784452296,1,566,1,1,1,1
1058,0564_c0006_015.jpg,564,5,-1,True,150,8550,0.9841643415367891,0.30364372469635625,1,494,1,1,1,1
1059,0564_c0006_020.jpg,564,5,-1,True,150,8550,0.9875525256750037,0.4155124653739612,1,361,1,1,1,1
1060,0564_c0007_000.jpg,564,6,-1,True,150,8550,0.37723370230559095,0.16891891891891891,7,888,0,0,1,1
1061,0564_c0007_005.jpg,564,6,-1,True,150,8550,0.8812873642152491,0.5976095617529881,1,251,1,1,1,1
1062,0564_c0007_010.jpg,564,6,-1,True,150,8550,0.9365110324286453,0.6493506493506493,1,231,1,1,1,1
1063,0564_c0007_015.jpg,564,6,-1,True,150,8550,0.9998666627158738,0.9933774834437086,1,151,1,1,1,1
1064,0564_c0007_020.jpg,564,6,-1,True,150,8550,0.9844643824038292,0.75,1,200,1,1,1,1
1065,0564_c0008_000.jpg,564,7,-1,True,150,8550,0.8193413521157036,0.5050505050505051,1,297,1,1,1,1
1066,0564_c0008_005.jpg,564,7,-1,True,150,8550,0.8513758456428118,0.5016722408026756,1,299,1,1,1,1
1067,0564_c0008_010.jpg,564,7,-1,True,150,8550,0.7949336262613875,0.5,1,300,1,1,1,1
1068,0564_c0008_015.jpg,564,7,-1,True,150,8550,0.897243164587464,0.5300353356890459,1,283,1,1,1,1
1069,0564_c0008_020.jpg,564,7,-1,True,150,8550,0.8450024364800142,0.4716981132075472,1,318,1,1,1,1
1070,0566_c0001_000.jpg,566,0,-1,True,175,8550,0.5313445556498502,0.08429672447013488,1,2076,1,1,1,1
1071,0566_c0001_005.jpg,566,0,-1,True,175,8550,0.5333705915997128,0.08381226053639847,1,2088,1,1,1,1
1072,0566_c0001_010.jpg,566,0,-1,True,175,8550,0.55898906808375,0.09273979862215156,1,1887,1,1,1,1
1073,0566_c0001_015.jpg,566,0,-1,True,175,8550,0.5243348448592555,0.08807247106190237,1,1987,1,1,1,1
1074,0566_c0001_020.jpg,566,0,-1,True,175,8550,0.5440100252824944,0.08771929824561403,1,1995,1,1,1,1
1075,0566_c0002_000.jpg,566,1,-1,True,175,8550,0.5253268587765689,0.11904761904761904,1,1470,1,1,1,1
1076,0566_c0002_005.jpg,566,1,-1,True,175,8550,0.46129916666550475,0.09903791737408037,1,1767,1,1,1,1
1077,0566_c0002_010.jpg,566,1,-1,True,175,8550,0.43549651965304464,0.11378413524057217,1,1538,1,1,1,1
1078,0566_c0002_015.jpg,566,1,-1,True,175,8550,0.4215042911070132,0.1135626216742375,1,1541,1,1,1,1
1079,0566_c0002_020.jpg,566,1,-1,True,175,8550,0.362387322948507,0.09541984732824428,1,1834,1,1,1,1
1080,0566_c0003_000.jpg,566,2,-1,True,175,8550,0.39113199745692434,0.10069044879171461,1,1738,1,1,1,1
1081,0566_c0003_005.jpg,566,2,-1,True,175,8550,0.30973384961384615,0.09454349000540249,1,1851,1,1,1,1
1082,0566_c0003_010.jpg,566,2,-1,True,175,8550,0.3194124837067698,0.09754738015607581,1,1794,1,1,1,1
1083,0566_c0003_015.jpg,566,2,-1,True,175,8550,0.33603417099190297,0.10435301132975551,1,1677,1,1,1,1
1084,0566_c0003_020.jpg,566,2,-1,True,175,8550,0.32879471783414466,0.09898190045248868,1,1768,1,1,1,1
1085,0566_c0004_000.jpg,566,3,-1,True,175,8550,0.0993558592265058,0.10028653295128939,142,1745,0,0,0,0
1086,0566_c0004_005.jpg,566,3,-1,True,175,8550,0.12856668664086507,0.11210762331838565,82,1561,0,0,0,0
1087,0566_c0004_010.jpg,566,3,-1,True,175,8550,0.19097082116577319,0.08878741755454084,30,1971,0,0,0,0
1088,0566_c0004_015.jpg,566,3,-1,True,175,8550,0.13609505520032933,0.08689175769612711,47,2014,0,0,0,0
1089,0566_c0004_020.jpg,566,3,-1,True,175,8550,0.13789536953907588,0.08883248730964467,79,1970,0,0,0,0
1090,0566_c0005_000.jpg,566,4,-1,True,175,8550,0.6195800917392649,0.13597513597513597,1,1287,1,1,1,1
1091,0566_c0005_005.jpg,566,4,-1,True,175,8550,0.5635680051194373,0.11597084161696487,1,1509,1,1,1,1
1092,0566_c0005_010.jpg,566,4,-1,True,175,8550,0.5126376416804356,0.11054958938723942,1,1583,1,1,1,1
1093,0566_c0005_015.jpg,566,4,-1,True,175,8550,0.6360362341577475,0.1724137931034483,1,1015,1,1,1,1
1094,0566_c0005_020.jpg,566,4,-1,True,175,8550,0.6101088830849543,0.12886597938144329,1,1358,1,1,1,1
1095,0566_c0006_000.jpg,566,5,-1,True,175,8550,0.44184208193410995,0.09948834565093803,1,1759,1,1,1,1
1096,0566_c0006_005.jpg,566,5,-1,True,175,8550,0.2697234394019081,0.08736894658012981,1,2003,1,1,1,1
1097,0566_c0006_010.jpg,566,5,-1,True,175,8550,0.34176451742443664,0.08798391151332328,1,1989,1,1,1,1
1098,0566_c0006_015.jpg,566,5,-1,True,175,8550,0.29679588415893454,0.08027522935779817,1,2180,1,1,1,1
1099,0566_c0006_020.jpg,566,5,-1,True,175,8550,0.27801109051380696,0.08196721311475409,1,2135,1,1,1,1
1100,0566_c0007_000.jpg,566,6,-1,True,175,8550,0.703940320866661,0.3684210526315789,1,475,1,1,1,1
1101,0566_c0007_005.jpg,566,6,-1,True,175,8550,0.7442663144636666,0.373134328358209,1,469,1,1,1,1
1102,0566_c0007_010.jpg,566,6,-1,True,175,8550,0.5986456246969293,0.2936241610738255,1,596,1,1,1,1
1103,0566_c0007_015.jpg,566,6,-1,True,175,8550,0.5729393603587488,0.32051282051282054,1,546,1,1,1,1
1104,0566_c0007_020.jpg,566,6,-1,True,175,8550,0.6237016797127443,0.4107981220657277,1,426,1,1,1,1
1105,0566_c0008_000.jpg,566,7,-1,True,175,8550,0.3134836736132746,0.07501071581654523,1,2333,1,1,1,1
1106,0566_c0008_005.jpg,566,7,-1,True,175,8550,0.35610418805367877,0.07668711656441718,1,2282,1,1,1,1
1107,0566_c0008_010.jpg,566,7,-1,True,175,8550,0.45825051444220205,0.08741258741258741,1,2002,1,1,1,1
1108,0566_c0008_015.jpg,566,7,-1,True,175,8550,0.4101385705512426,0.09809417040358745,1,1784,1,1,1,1
1109,0566_c0008_020.jpg,566,7,-1,True,175,8550,0.3600676282168744,0.0764525993883792,1,2289,1,1,1,1
1110,0568_c0001_000.jpg,568,0,-1,True,50,8550,0.40423289445418886,0.10309278350515463,2,485,0,1,1,1
1111,0568_c0001_005.jpg,568,0,-1,True,50,8550,0.15678117775779532,0.0998003992015968,29,501,0,0,0,0
1112,0568_c0001_010.jpg,568,0,-1,True,50,8550,0.22533286390873367,0.10121457489878542,14,494,0,0,0,1
1113,0568_c0001_015.jpg,568,0,-1,True,50,8550,0.2300045929855024,0.12224938875305623,7,409,0,0,1,1
1114,0568_c0001_020.jpg,568,0,-1,True,50,8550,0.37036516986351486,0.11261261261261261,4,444,0,1,1,1
1115,0568_c0005_000.jpg,568,4,-1,True,50,8550,0.34170417921903445,0.32679738562091504,26,153,0,0,0,0
1116,0568_c0005_005.jpg,568,4,-1,True,50,8550,0.362195351142246,0.4424778761061947,23,113,0,0,0,0
1117,0568_c0005_010.jpg,568,4,-1,True,50,8550,0.3454257041227198,0.42735042735042733,29,117,0,0,0,0
1118,0568_c0005_015.jpg,568,4,-1,True,50,8550,0.3846070542954267,0.46296296296296297,17,108,0,0,0,1
1119,0568_c0005_020.jpg,568,4,-1,True,50,8550,0.44872766337432535,0.44642857142857145,4,112,0,1,1,1
1120,0568_c0006_000.jpg,568,5,-1,True,50,8550,0.6112608554006029,0.18382352941176472,1,272,1,1,1,1
1121,0568_c0006_005.jpg,568,5,-1,True,50,8550,0.6219366238116786,0.1865671641791045,1,268,1,1,1,1
1122,0568_c0006_010.jpg,568,5,-1,True,50,8550,0.6370293948199454,0.1953125,1,256,1,1,1,1
1123,0568_c0006_015.jpg,568,5,-1,True,50,8550,0.6124544179558221,0.17793594306049823,1,281,1,1,1,1
1124,0568_c0006_020.jpg,568,5,-1,True,50,8550,0.5942494312738562,0.1497005988023952,1,334,1,1,1,1
1125,0570_c0001_000.jpg,570,0,-1,True,150,8550,0.3965449737509347,0.2347417840375587,1,639,1,1,1,1
1126,0570_c0001_005.jpg,570,0,-1,True,150,8550,0.3803090395968131,0.22026431718061673,1,681,1,1,1,1
1127,0570_c0001_010.jpg,570,0,-1,True,150,8550,0.39477879632495655,0.2276176024279211,1,659,1,1,1,1
1128,0570_c0001_015.jpg,570,0,-1,True,150,8550,0.395502818357789,0.22189349112426035,1,676,1,1,1,1
1129,0570_c0001_020.jpg,570,0,-1,True,150,8550,0.34839119623135684,0.23219814241486067,1,646,1,1,1,1
1130,0570_c0002_000.jpg,570,1,-1,True,150,8550,0.605601967524208,0.3325942350332594,1,451,1,1,1,1
1131,0570_c0002_005.jpg,570,1,-1,True,150,8550,0.4666242458132378,0.30060120240480964,9,499,0,0,1,1
1132,0570_c0002_010.jpg,570,1,-1,True,150,8550,0.5334594932827665,0.30425963488843816,1,493,1,1,1,1
1133,0570_c0002_015.jpg,570,1,-1,True,150,8550,0.5442046770621052,0.2840909090909091,1,528,1,1,1,1
1134,0570_c0002_020.jpg,570,1,-1,True,150,8550,0.5664178948358004,0.28680688336520077,1,523,1,1,1,1
1135,0570_c0004_000.jpg,570,3,-1,True,150,8550,0.2723310852489051,0.23923444976076555,72,627,0,0,0,0
1136,0570_c0004_005.jpg,570,3,-1,True,150,8550,0.27330816199783114,0.29296875,39,512,0,0,0,0
1137,0570_c0004_010.jpg,570,3,-1,True,150,8550,0.30745418220045306,0.3157894736842105,33,475,0,0,0,0
1138,0570_c0004_015.jpg,570,3,-1,True,150,8550,0.38357581198038593,0.3073770491803279,22,488,0,0,0,0
1139,0570_c0004_020.jpg,570,3,-1,True,150,8550,0.42029655685066,0.2737226277372263,12,548,0,0,0,1
1140,0570_c0005_000.jpg,570,4,-1,True,150,8550,0.2693018440899521,0.19480519480519481,7,770,0,0,1,1
1141,0570_c0005_005.jpg,570,4,-1,True,150,8550,0.2205767508675326,0.1750291715285881,43,857,0,0,0,0
1142,0570_c0005_010.jpg,570,4,-1,True,150,8550,0.21268951943913217,0.18050541516245489,58,831,0,0,0,0
1143,0570_c0005_015.jpg,570,4,-1,True,150,8550,0.21457997388616207,0.17523364485981308,53,856,0,0,0,0
1144,0570_c0005_020.jpg,570,4,-1,True,150,8550,0.16569160969404392,0.15060240963855423,60,996,0,0,0,0
1145,0570_c0006_000.jpg,570,5,-1,True,150,8550,0.12533640122666714,0.15690376569037656,138,956,0,0,0,0
1146,0570_c0006_005.jpg,570,5,-1,True,150,8550,0.12844480055003815,0.12636899747262004,71,1187,0,0,0,0
1147,0570_c0006_010.jpg,570,5,-1,True,150,8550,0.1370678766951341,0.16233766233766234,130,924,0,0,0,0
1148,0570_c0006_015.jpg,570,5,-1,True,150,8550,0.11088687480221163,0.1488095238095238,232,1008,0,0,0,0
1149,0570_c0006_020.jpg,570,5,-1,True,150,8550,0.14192737771474287,0.18007202881152462,130,833,0,0,0,0
1150,0570_c0007_000.jpg,570,6,-1,True,150,8550,0.44363076460343126,0.26223776223776224,39,572,0,0,0,0
1151,0570_c0007_005.jpg,570,6,-1,True,150,8550,0.43840520848789644,0.21216407355021216,36,707,0,0,0,0
1152,0570_c0007_010.jpg,570,6,-1,True,150,8550,0.42277341930401025,0.19973368841544606,34,751,0,0,0,0
1153,0570_c0007_015.jpg,570,6,-1,True,150,8550,0.44793196470553304,0.22796352583586627,26,658,0,0,0,0
1154,0570_c0007_020.jpg,570,6,-1,True,150,8550,0.4332477812758888,0.19083969465648856,26,786,0,0,0,0
1155,0570_c0008_000.jpg,570,7,-1,True,150,8550,0.4451747393526291,0.28957528957528955,1,518,1,1,1,1
1156,0570_c0008_005.jpg,570,7,-1,True,150,8550,0.4311155496739847,0.28901734104046245,1,519,1,1,1,1
1157,0570_c0008_010.jpg,570,7,-1,True,150,8550,0.46458135542988166,0.3225806451612903,1,465,1,1,1,1
1158,0570_c0008_015.jpg,570,7,-1,True,150,8550,0.4748064250619199,0.31982942430703626,1,469,1,1,1,1
1159,0570_c0008_020.jpg,570,7,-1,True,150,8550,0.4363437554832162,0.27522935779816515,1,545,1,1,1,1
1160,0572_c0001_000.jpg,572,0,-1,True,175,8550,0.7480294054070866,0.42475728155339804,1,412,1,1,1,1
1161,0572_c0001_005.jpg,572,0,-1,True,175,8550,0.7468580724740176,0.42892156862745096,1,408,1,1,1,1
1162,0572_c0001_010.jpg,572,0,-1,True,175,8550,0.7049266850855527,0.3027681660899654,1,578,1,1,1,1
1163,0572_c0001_015.jpg,572,0,-1,True,175,8550,0.733774081491323,0.33524904214559387,1,522,1,1,1,1
1164,0572_c0001_020.jpg,572,0,-1,True,175,8550,0.747163383422661,0.4227053140096618,1,414,1,1,1,1
1165,0572_c0002_000.jpg,572,1,-1,True,175,8550,0.7232803190173603,0.1946607341490545,1,899,1,1,1,1
1166,0572_c0002_005.jpg,572,1,-1,True,175,8550,0.7284107398279356,0.19444444444444445,1,900,1,1,1,1
1167,0572_c0002_010.jpg,572,1,-1,True,175,8550,0.6997511462826927,0.1780264496439471,1,983,1,1,1,1
1168,0572_c0002_015.jpg,572,1,-1,True,175,8550,0.6781062945873725,0.1643192488262911,1,1065,1,1,1,1
1169,0572_c0002_020.jpg,572,1,-1,True,175,8550,0.6751347297783942,0.14868309260832624,1,1177,1,1,1,1
1170,0572_c0003_000.jpg,572,2,-1,True,175,8550,0.7260299609864497,0.2700617283950617,1,648,1,1,1,1
1171,0572_c0003_005.jpg,572,2,-1,True,175,8550,0.7279667215265335,0.3038194444444444,1,576,1,1,1,1
1172,0572_c0003_010.jpg,572,2,-1,True,175,8550,0.728867233734836,0.25697503671071953,1,681,1,1,1,1
1173,0572_c0003_015.jpg,572,2,-1,True,175,8550,0.6917845149419176,0.25252525252525254,1,693,1,1,1,1
1174,0572_c0003_020.jpg,572,2,-1,True,175,8550,0.6625587538971692,0.2600297176820208,1,673,1,1,1,1
1175,0572_c0004_000.jpg,572,3,-1,True,175,8550,0.3862771275025316,0.3796095444685466,30,461,0,0,0,0
1176,0572_c0004_005.jpg,572,3,-1,True,175,8550,0.37765748500480095,0.38377192982456143,27,456,0,0,0,0
1177,0572_c0004_010.jpg,572,3,-1,True,175,8550,0.37951477114274845,0.37393162393162394,26,468,0,0,0,0
1178,0572_c0004_015.jpg,572,3,-1,True,175,8550,0.4065428104131909,0.39149888143176736,27,447,0,0,0,0
1179,0572_c0004_020.jpg,572,3,-1,True,175,8550,0.4063074779625575,0.39592760180995473,28,442,0,0,0,0
1180,0572_c0005_000.jpg,572,4,-1,True,175,8550,0.7480372966954912,0.4581151832460733,1,382,1,1,1,1
1181,0572_c0005_005.jpg,572,4,-1,True,175,8550,0.7166746957062244,0.5223880597014925,1,335,1,1,1,1
1182,0572_c0005_010.jpg,572,4,-1,True,175,8550,0.6406999748570559,0.44080604534005036,1,397,1,1,1,1
1183,0572_c0005_015.jpg,572,4,-1,True,175,8550,0.6848134692075577,0.46174142480211083,1,379,1,1,1,1
1184,0572_c0005_020.jpg,572,4,-1,True,175,8550,0.7544103276734447,0.4533678756476684,1,386,1,1,1,1
1185,0572_c0006_000.jpg,572,5,-1,True,175,8550,0.45368210297193917,0.19001085776330076,1,921,1,1,1,1
1186,0572_c0006_005.jpg,572,5,-1,True,175,8550,0.4796405771126442,0.2,1,875,1,1,1,1
1187,0572_c0006_010.jpg,572,5,-1,True,175,8550,0.47814762760350765,0.17517517517517517,1,999,1,1,1,1
1188,0572_c0006_015.jpg,572,5,-1,True,175,8550,0.43085560580486404,0.1507321274763135,1,1161,1,1,1,1
1189,0572_c0006_020.jpg,572,5,-1,True,175,8550,0.39489315863486085,0.1191286589516678,1,1469,1,1,1,1
1190,0572_c0007_000.jpg,572,6,-1,True,175,8550,0.8390660885275529,0.4430379746835443,1,395,1,1,1,1
1191,0572_c0007_005.jpg,572,6,-1,True,175,8550,0.8600664045150279,0.4581151832460733,1,382,1,1,1,1
1192,0572_c0007_010.jpg,572,6,-1,True,175,8550,0.8520882568946584,0.42892156862745096,1,408,1,1,1,1
1193,0572_c0007_015.jpg,572,6,-1,True,175,8550,0.8271901119753102,0.39592760180995473,1,442,1,1,1,1
1194,0572_c0007_020.jpg,572,6,-1,True,175,8550,0.8413073876964955,0.43640897755610975,1,401,1,1,1,1
1195,0572_c0008_000.jpg,572,7,-1,True,175,8550,0.2374487748750816,0.0926906779661017,13,1888,0,0,0,1
1196,0572_c0008_005.jpg,572,7,-1,True,175,8550,0.23679423885033682,0.10441527446300716,28,1676,0,0,0,0
1197,0572_c0008_010.jpg,572,7,-1,True,175,8550,0.23310164700902314,0.09011328527291453,26,1942,0,0,0,0
1198,0572_c0008_015.jpg,572,7,-1,True,175,8550,0.220271169433641,0.09700665188470066,27,1804,0,0,0,0
1199,0572_c0008_020.jpg,572,7,-1,True,175,8550,0.20230851815847628,0.09353287012292892,28,1871,0,0,0,0
1200,0574_c0001_000.jpg,574,0,-1,True,150,8550,0.31833744989948815,0.049933422103861515,1,3004,1,1,1,1
1201,0574_c0001_005.jpg,574,0,-1,True,150,8550,0.3432241526646995,0.059571088165210485,1,2518,1,1,1,1
1202,0574_c0001_010.jpg,574,0,-1,True,150,8550,0.5288167400132884,0.11636927851047324,1,1289,1,1,1,1
1203,0574_c0001_015.jpg,574,0,-1,True,150,8550,0.4097113371475463,0.10806916426512968,1,1388,1,1,1,1
1204,0574_c0001_020.jpg,574,0,-1,True,150,8550,0.33434527493420213,0.06684491978609626,1,2244,1,1,1,1
1205,0574_c0002_000.jpg,574,1,-1,True,150,8550,0.44474567753034006,0.10533707865168539,1,1424,1,1,1,1
1206,0574_c0002_005.jpg,574,1,-1,True,150,8550,0.47507038164277254,0.11600928074245939,1,1293,1,1,1,1
1207,0574_c0002_010.jpg,574,1,-1,True,150,8550,0.5195807032385825,0.14985014985014986,1,1001,1,1,1,1
1208,0574_c0002_015.jpg,574,1,-1,True,150,8550,0.5323164614830979,0.18820577164366373,1,797,1,1,1,1
1209,0574_c0002_020.jpg,574,1,-1,True,150,8550,0.5636694983139373,0.19035532994923857,1,788,1,1,1,1
1210,0574_c0003_000.jpg,574,2,-1,True,150,8550,0.36030624749268647,0.3488372093023256,28,430,0,0,0,0
1211,0574_c0003_005.jpg,574,2,-1,True,150,8550,0.34806489783982425,0.3640776699029126,28,412,0,0,0,0
1212,0574_c0003_010.jpg,574,2,-1,True,150,8550,0.3269561684915268,0.35714285714285715,27,420,0,0,0,0
1213,0574_c0003_015.jpg,574,2,-1,True,150,8550,0.3436706109421664,0.3740648379052369,1,401,1,1,1,1
1214,0574_c0003_020.jpg,574,2,-1,True,150,8550,0.31660076566066986,0.32397408207343414,31,463,0,0,0,0
1215,0574_c0004_000.jpg,574,3,-1,True,150,8550,0.4972199911557355,0.3303964757709251,1,454,1,1,1,1
1216,0574_c0004_005.jpg,574,3,-1,True,150,8550,0.47109730031708014,0.3409090909090909,1,440,1,1,1,1
1217,0574_c0004_010.jpg,574,3,-1,True,150,8550,0.47194500589755733,0.3333333333333333,1,450,1,1,1,1
1218,0574_c0004_015.jpg,574,3,-1,True,150,8550,0.49451873467646956,0.3416856492027335,1,439,1,1,1,1
1219,0574_c0004_020.jpg,574,3,-1,True,150,8550,0.4644830064422299,0.3464203233256351,1,433,1,1,1,1
1220,0574_c0005_000.jpg,574,4,-1,True,150,8550,0.11801156766922578,0.03293807641633729,13,4554,0,0,0,1
1221,0574_c0005_005.jpg,574,4,-1,True,150,8550,0.14392330678885343,0.03863987635239567,10,3882,0,0,1,1
1222,0574_c0005_010.jpg,574,4,-1,True,150,8550,0.17544021779506522,0.03811944091486658,5,3935,0,1,1,1
1223,0574_c0005_015.jpg,574,4,-1,True,150,8550,0.16520942270378677,0.03740648379052369,6,4010,0,0,1,1
1224,0574_c0005_020.jpg,574,4,-1,True,150,8550,0.15980962462093978,0.03731343283582089,9,4020,0,0,1,1
1225,0574_c0006_000.jpg,574,5,-1,True,150,8550,0.559356961764553,0.2964426877470356,1,506,1,1,1,1
1226,0574_c0006_005.jpg,574,5,-1,True,150,8550,0.558500321062791,0.2976190476190476,1,504,1,1,1,1
1227,0574_c0006_010.jpg,574,5,-1,True,150,8550,0.5655661490275478,0.3,1,500,1,1,1,1
1228,0574_c0006_015.jpg,574,5,-1,True,150,8550,0.6076178127131868,0.3184713375796178,1,471,1,1,1,1
1229,0574_c0006_020.jpg,574,5,-1,True,150,8550,0.5833014415838241,0.3218884120171674,1,466,1,1,1,1
1230,0574_c0008_000.jpg,574,7,-1,True,150,8550,0.5497565249872526,0.13416815742397137,1,1118,1,1,1,1
1231,0574_c0008_005.jpg,574,7,-1,True,150,8550,0.5362055150392645,0.09966777408637874,1,1505,1,1,1,1
1232,0574_c0008_010.jpg,574,7,-1,True,150,8550,0.5267938234602284,0.11398176291793313,1,1316,1,1,1,1
1233,0574_c0008_015.jpg,574,7,-1,True,150,8550,0.5225728053709455,0.11727912431587177,1,1279,1,1,1,1
1234,0574_c0008_020.jpg,574,7,-1,True,150,8550,0.5294530088158577,0.1200960768614892,1,1249,1,1,1,1
1235,0576_c0001_000.jpg,576,0,-1,True,150,8550,0.19900820195884344,0.18382352941176472,30,816,0,0,0,0
1236,0576_c0001_005.jpg,576,0,-1,True,150,8550,0.158043690711461,0.14018691588785046,89,1070,0,0,0,0
1237,0576_c0001_010.jpg,576,0,-1,True,150,8550,0.16789116836315213,0.15306122448979592,27,980,0,0,0,0
1238,0576_c0001_015.jpg,576,0,-1,True,150,8550,0.15184188052596445,0.13204225352112675,30,1136,0,0,0,0
1239,0576_c0001_020.jpg,576,0,-1,True,150,8550,0.1799036055262511,0.15772870662460567,27,951,0,0,0,0
1240,0576_c0002_000.jpg,576,1,-1,True,150,8550,0.484468225743286,0.2702702702702703,1,555,1,1,1,1
1241,0576_c0002_005.jpg,576,1,-1,True,150,8550,0.43115632696420503,0.21645021645021645,1,693,1,1,1,1
1242,0576_c0002_010.jpg,576,1,-1,True,150,8550,0.30750699005219945,0.24077046548956663,10,623,0,0,1,1
1243,0576_c0002_015.jpg,576,1,-1,True,150,8550,0.244537325661688,0.2183406113537118,5,687,0,1,1,1
1244,0576_c0002_020.jpg,576,1,-1,True,150,8550,0.19475115080835412,0.15592515592515593,6,962,0,0,1,1
1245,0576_c0003_000.jpg,576,2,-1,True,150,8550,0.6084388224525693,0.30864197530864196,1,486,1,1,1,1
1246,0576_c0003_005.jpg,576,2,-1,True,150,8550,0.7149490700635549,0.3588516746411483,1,418,1,1,1,1
1247,0576_c0003_010.jpg,576,2,-1,True,150,8550,0.626290510360817,0.3184713375796178,1,471,1,1,1,1
1248,0576_c0003_015.jpg,576,2,-1,True,150,8550,0.5702023782045393,0.31185031185031187,1,481,1,1,1,1
1249,0576_c0003_020.jpg,576,2,-1,True,150,8550,0.6141444536112676,0.3177966101694915,1,472,1,1,1,1
1250,0576_c0004_000.jpg,576,3,-1,True,150,8550,0.7809231335870136,0.41899441340782123,1,358,1,1,1,1
1251,0576_c0004_005.jpg,576,3,-1,True,150,8550,0.700573915815298,0.3480278422273782,1,431,1,1,1,1
1252,0576_c0004_010.jpg,576,3,-1,True,150,8550,0.817916861222547,0.4702194357366771,1,319,1,1,1,1
1253,0576_c0004_015.jpg,576,3,-1,True,150,8550,0.7543450898749104,0.38961038961038963,1,385,1,1,1,1
1254,0576_c0004_020.jpg,576,3,-1,True,150,8550,0.7078023412539286,0.3640776699029126,1,412,1,1,1,1
1255,0576_c0005_000.jpg,576,4,-1,True,150,8550,0.9677877505345327,0.6437768240343348,1,233,1,1,1,1
1256,0576_c0005_005.jpg,576,4,-1,True,150,8550,0.9621425908028505,0.6382978723404256,1,235,1,1,1,1
1257,0576_c0005_010.jpg,576,4,-1,True,150,8550,0.9363135931175964,0.5535055350553506,1,271,1,1,1,1
1258,0576_c0005_015.jpg,576,4,-1,True,150,8550,0.943475382888037,0.6048387096774194,1,248,1,1,1,1
1259,0576_c0005_020.jpg,576,4,-1,True,150,8550,0.7840862533918574,0.38961038961038963,1,385,1,1,1,1
1260,0576_c0006_000.jpg,576,5,-1,True,150,8550,0.7938531558251672,0.5154639175257731,1,291,1,1,1,1
1261,0576_c0006_005.jpg,576,5,-1,True,150,8550,0.6182855500857438,0.32608695652173914,1,460,1,1,1,1
1262,0576_c0006_010.jpg,576,5,-1,True,150,8550,0.7056866468079066,0.40214477211796246,1,373,1,1,1,1
1263,0576_c0006_015.jpg,576,5,-1,True,150,8550,0.772532585900461,0.4658385093167702,1,322,1,1,1,1
1264,0576_c0006_020.jpg,576,5,-1,True,150,8550,0.7213635237923495,0.45592705167173253,1,329,1,1,1,1
1265,0576_c0007_000.jpg,576,6,-1,True,150,8550,0.7350376094173,0.31185031185031187,1,481,1,1,1,1
1266,0576_c0007_005.jpg,576,6,-1,True,150,8550,0.820699249907449,0.35377358490566035,1,424,1,1,1,1
1267,0576_c0007_010.jpg,576,6,-1,True,150,8550,0.8391767021210738,0.351288056206089,1,427,1,1,1,1
1268,0576_c0007_015.jpg,576,6,-1,True,150,8550,0.8528065810964738,0.35714285714285715,1,420,1,1,1,1
1269,0576_c0007_020.jpg,576,6,-1,True,150,8550,0.8690716200080615,0.3968253968253968,1,378,1,1,1,1
1270,0578_c0001_000.jpg,578,0,-1,True,175,8550,0.38687646882529797,0.35496957403651114,26,493,0,0,0,0
1271,0578_c0001_005.jpg,578,0,-1,True,175,8550,0.36094506610372484,0.3528225806451613,26,496,0,0,0,0
1272,0578_c0001_010.jpg,578,0,-1,True,175,8550,0.35867611454537734,0.352112676056338,26,497,0,0,0,0
1273,0578_c0001_015.jpg,578,0,-1,True,175,8550,0.3592539357503114,0.34791252485089463,26,503,0,0,0,0
1274,0578_c0001_020.jpg,578,0,-1,True,175,8550,0.3734401163568251,0.3699788583509514,26,473,0,0,0,0
1275,0578_c0002_000.jpg,578,1,-1,True,175,8550,0.18100119639718182,0.24578651685393257,112,712,0,0,0,0
1276,0578_c0002_005.jpg,578,1,-1,True,175,8550,0.1898149749063877,0.2543604651162791,102,688,0,0,0,0
1277,0578_c0002_010.jpg,578,1,-1,True,175,8550,0.19640277801638692,0.2684049079754601,101,652,0,0,0,0
1278,0578_c0002_015.jpg,578,1,-1,True,175,8550,0.19778828499724896,0.26435045317220546,101,662,0,0,0,0
1279,0578_c0002_020.jpg,578,1,-1,True,175,8550,0.19860117413413117,0.264750378214826,101,661,0,0,0,0
1280,0578_c0003_000.jpg,578,2,-1,True,175,8550,0.3843063188620423,0.3593429158110883,1,487,1,1,1,1
1281,0578_c0003_005.jpg,578,2,-1,True,175,8550,0.34221748382742756,0.38461538461538464,22,455,0,0,0,0
1282,0578_c0003_010.jpg,578,2,-1,True,175,8550,0.4278318462234987,0.3796095444685466,1,461,1,1,1,1
1283,0578_c0003_015.jpg,578,2,-1,True,175,8550,0.4353961812471836,0.3699788583509514,1,473,1,1,1,1
1284,0578_c0003_020.jpg,578,2,-1,True,175,8550,0.39323398310654595,0.3995433789954338,1,438,1,1,1,1
1285,0578_c0004_000.jpg,578,3,-1,True,175,8550,0.4358518391354629,0.3147482014388489,1,556,1,1,1,1
1286,0578_c0004_005.jpg,578,3,-1,True,175,8550,0.3733595066655884,0.36382536382536385,6,481,0,0,1,1
1287,0578_c0004_010.jpg,578,3,-1,True,175,8550,0.33678491629139046,0.37154989384288745,2,471,0,1,1,1
1288,0578_c0004_015.jpg,578,3,-1,True,175,8550,0.3348551242207997,0.34448818897637795,3,508,0,1,1,1
1289,0578_c0004_020.jpg,578,3,-1,True,175,8550,0.35090826567794525,0.3812636165577342,11,459,0,0,0,1
1290,0578_c0005_000.jpg,578,4,-1,True,175,8550,0.43107470991995994,0.3707627118644068,53,472,0,0,0,0
1291,0578_c0005_005.jpg,578,4,-1,True,175,8550,0.3987203683679085,0.3153153153153153,54,555,0,0,0,0
1292,0578_c0005_010.jpg,578,4,-1,True,175,8550,0.3679763085225618,0.2764612954186414,44,633,0,0,0,0
1293,0578_c0005_015.jpg,578,4,-1,True,175,8550,0.3497283879002056,0.2635542168674699,37,664,0,0,0,0
1294,0578_c0005_020.jpg,578,4,-1,True,175,8550,0.3280989587803656,0.26435045317220546,43,662,0,0,0,0
1295,0578_c0006_000.jpg,578,5,-1,True,175,8550,0.3695953602724405,0.343811394891945,46,509,0,0,0,0
1296,0578_c0006_005.jpg,578,5,-1,True,175,8550,0.4067136353508559,0.4146919431279621,42,422,0,0,0,0
1297,0578_c0006_010.jpg,578,5,-1,True,175,8550,0.39821868280066447,0.40415704387990764,46,433,0,0,0,0
1298,0578_c0006_015.jpg,578,5,-1,True,175,8550,0.4182484044225082,0.4654255319148936,51,376,0,0,0,0
1299,0578_c0006_020.jpg,578,5,-1,True,175,8550,0.397619543740226,0.4278728606356968,50,409,0,0,0,0
1300,0578_c0007_000.jpg,578,6,-1,True,175,8550,0.4853700780813046,0.38631346578366443,1,453,1,1,1,1
1301,0578_c0007_005.jpg,578,6,-1,True,175,8550,0.4541368652067314,0.4268292682926829,1,410,1,1,1,1
1302,0578_c0007_010.jpg,578,6,-1,True,175,8550,0.4671007723013666,0.41273584905660377,1,424,1,1,1,1
1303,0578_c0007_015.jpg,578,6,-1,True,175,8550,0.4980501815595053,0.36610878661087864,1,478,1,1,1,1
1304,0578_c0007_020.jpg,578,6,-1,True,175,8550,0.4926195876407504,0.39414414414414417,1,444,1,1,1,1
1305,0578_c0008_000.jpg,578,7,-1,True,175,8550,0.47737047441017505,0.32894736842105265,1,532,1,1,1,1
1306,0578_c0008_005.jpg,578,7,-1,True,175,8550,0.47348150051542853,0.31992687385740404,1,547,1,1,1,1
1307,0578_c0008_010.jpg,578,7,-1,True,175,8550,0.4682025520053583,0.315884476534296,1,554,1,1,1,1
1308,0578_c0008_015.jpg,578,7,-1,True,175,8550,0.46921473844750383,0.31645569620253167,1,553,1,1,1,1
1309,0578_c0008_020.jpg,578,7,-1,True,175,8550,0.48008884006779584,0.3234750462107209,1,541,1,1,1,1
1310,0580_c0001_000.jpg,580,0,-1,True,175,8550,0.176410919335947,0.07246376811594203,26,2415,0,0,0,0
1311,0580_c0001_005.jpg,580,0,-1,True,175,8550,0.1698703562404607,0.07836990595611286,28,2233,0,0,0,0
1312,0580_c0001_010.jpg,580,0,-1,True,175,8550,0.15052413208795754,0.08023842274186153,12,2181,0,0,0,1
1313,0580_c0001_015.jpg,580,0,-1,True,175,8550,0.15206005902923508,0.08219821512447158,10,2129,0,0,1,1
1314,0580_c0001_020.jpg,580,0,-1,True,175,8550,0.17613160706619202,0.09259259259259259,6,1890,0,0,1,1
1315,0580_c0002_000.jpg,580,1,-1,True,175,8550,0.1318141949556154,0.07572479446127217,118,2311,0,0,0,0
1316,0580_c0002_005.jpg,580,1,-1,True,175,8550,0.14867182560643993,0.06793478260869565,17,2576,0,0,0,1
1317,0580_c0002_010.jpg,580,1,-1,True,175,8550,0.14567337503072164,0.0634978229317852,4,2756,0,1,1,1
1318,0580_c0002_015.jpg,580,1,-1,True,175,8550,0.14900578930068728,0.0735603194619588,11,2379,0,0,0,1
1319,0580_c0002_020.jpg,580,1,-1,True,175,8550,0.1562709589707989,0.07598784194528875,35,2303,0,0,0,0
1320,0580_c0003_000.jpg,580,2,-1,True,175,8550,0.07752647930158521,0.06306306306306306,194,2775,0,0,0,0
1321,0580_c0003_005.jpg,580,2,-1,True,175,8550,0.09417460090639164,0.06520119225037257,128,2684,0,0,0,0
1322,0580_c0003_010.jpg,580,2,-1,True,175,8550,0.07667329945790528,0.0627015406664278,174,2791,0,0,0,0
1323,0580_c0003_015.jpg,580,2,-1,True,175,8550,0.08250731309532962,0.06210078069552875,128,2818,0,0,0,0
1324,0580_c0003_020.jpg,580,2,-1,True,175,8550,0.08471189941625101,0.06391526661796933,149,2738,0,0,0,0
1325,0580_c0004_000.jpg,580,3,-1,True,175,8550,0.4861453940561556,0.22522522522522523,3,777,0,1,1,1
1326,0580_c0004_005.jpg,580,3,-1,True,175,8550,0.5019080682583777,0.2390710382513661,3,732,0,1,1,1
1327,0580_c0004_010.jpg,580,3,-1,True,175,8550,0.511563027679345,0.24647887323943662,3,710,0,1,1,1
1328,0580_c0004_015.jpg,580,3,-1,True,175,8550,0.497261872632073,0.25584795321637427,3,684,0,1,1,1
1329,0580_c0004_020.jpg,580,3,-1,True,175,8550,0.5095154248703354,0.2521613832853026,3,694,0,1,1,1
1330,0580_c0005_000.jpg,580,4,-1,True,175,8550,0.2560419905752395,0.1570915619389587,1,1114,1,1,1,1
1331,0580_c0005_005.jpg,580,4,-1,True,175,8550,0.23062400214048354,0.17676767676767677,7,990,0,0,1,1
1332,0580_c0005_010.jpg,580,4,-1,True,175,8550,0.2519340446912037,0.1773049645390071,7,987,0,0,1,1
1333,0580_c0005_015.jpg,580,4,-1,True,175,8550,0.2678366270661538,0.1855779427359491,3,943,0,1,1,1
1334,0580_c0005_020.jpg,580,4,-1,True,175,8550,0.24796956011430374,0.1727541954590326,3,1013,0,1,1,1
1335,0580_c0006_000.jpg,580,5,-1,True,175,8550,0.26693686559901864,0.1281112737920937,6,1366,0,0,1,1
1336,0580_c0006_005.jpg,580,5,-1,True,175,8550,0.2599611411672962,0.12896094325718496,14,1357,0,0,0,1
1337,0580_c0006_010.jpg,580,5,-1,True,175,8550,0.24183990076540396,0.1133419689119171,28,1544,0,0,0,0
1338,0580_c0006_015.jpg,580,5,-1,True,175,8550,0.2540819149842093,0.11437908496732026,10,1530,0,0,1,1
1339,0580_c0006_020.jpg,580,5,-1,True,175,8550,0.2570217602612695,0.12562814070351758,22,1393,0,0,0,0
1340,0580_c0007_000.jpg,580,6,-1,True,175,8550,0.33701132655662197,0.0759548611111111,12,2304,0,0,0,1
1341,0580_c0007_005.jpg,580,6,-1,True,175,8550,0.2988433896177456,0.07139942880456956,26,2451,0,0,0,0
1342,0580_c0007_010.jpg,580,6,-1,True,175,8550,0.3345697436232221,0.0759548611111111,20,2304,0,0,0,1
1343,0580_c0007_015.jpg,580,6,-1,True,175,8550,0.3465339737078962,0.08544921875,14,2048,0,0,0,1
1344,0580_c0007_020.jpg,580,6,-1,True,175,8550,0.3415684319136202,0.07868705035971223,20,2224,0,0,0,1
1345,0580_c0008_000.jpg,580,7,-1,True,175,8550,0.45266239187928703,0.12858192505510654,1,1361,1,1,1,1
1346,0580_c0008_005.jpg,580,7,-1,True,175,8550,0.47355910113697836,0.1123956326268465,1,1557,1,1,1,1
1347,0580_c0008_010.jpg,580,7,-1,True,175,8550,0.394866114710778,0.12727272727272726,24,1375,0,0,0,0
1348,0580_c0008_015.jpg,580,7,-1,True,175,8550,0.4382432221856194,0.12801755669348938,1,1367,1,1,1,1
1349,0580_c0008_020.jpg,580,7,-1,True,175,8550,0.3800502832964761,0.12127512127512127,15,1443,0,0,0,1
1350,0582_c0001_000.jpg,582,0,-1,True,175,8550,0.641774401895676,0.19230769230769232,1,910,1,1,1,1
1351,0582_c0001_005.jpg,582,0,-1,True,175,8550,0.6788380584868854,0.31645569620253167,1,553,1,1,1,1
1352,0582_c0001_010.jpg,582,0,-1,True,175,8550,0.8181670902261147,0.330188679245283,1,530,1,1,1,1
1353,0582_c0001_015.jpg,582,0,-1,True,175,8550,0.6563187417849167,0.2946127946127946,1,594,1,1,1,1
1354,0582_c0001_020.jpg,582,0,-1,True,175,8550,0.8475623191118439,0.29264214046822745,1,598,1,1,1,1
1355,0582_c0002_000.jpg,582,1,-1,True,175,8550,0.29257124432531284,0.07303839732888147,1,2396,1,1,1,1
1356,0582_c0002_005.jpg,582,1,-1,True,175,8550,0.27960805063534994,0.06234413965087282,1,2807,1,1,1,1
1357,0582_c0002_010.jpg,582,1,-1,True,175,8550,0.376647729671613,0.07805530776092774,1,2242,1,1,1,1
1358,0582_c0002_015.jpg,582,1,-1,True,175,8550,0.5091979721428441,0.09647188533627343,1,1814,1,1,1,1
1359,0582_c0002_020.jpg,582,1,-1,True,175,8550,0.46480901923442375,0.09479956663055254,1,1846,1,1,1,1
1360,0582_c0003_000.jpg,582,2,-1,True,175,8550,0.20498178123623303,0.11006289308176101,16,1590,0,0,0,1
1361,0582_c0003_005.jpg,582,2,-1,True,175,8550,0.17027929112335755,0.09988584474885845,42,1752,0,0,0,0
1362,0582_c0003_010.jpg,582,2,-1,True,175,8550,0.20524257495930479,0.11210762331838565,21,1561,0,0,0,0
1363,0582_c0003_015.jpg,582,2,-1,True,175,8550,0.21936839529527058,0.11283043197936815,16,1551,0,0,0,1
1364,0582_c0003_020.jpg,582,2,-1,True,175,8550,0.20673208874473878,0.11261261261261261,17,1554,0,0,0,1
1365,0582_c0004_000.jpg,582,3,-1,True,175,8550,0.42059392301580567,0.19886363636363635,6,880,0,0,1,1
1366,0582_c0004_005.jpg,582,3,-1,True,175,8550,0.4534934200864664,0.19444444444444445,11,900,0,0,0,1
1367,0582_c0004_010.jpg,582,3,-1,True,175,8550,0.41383304901329027,0.20858164481525626,7,839,0,0,1,1
1368,0582_c0004_015.jpg,582,3,-1,True,175,8550,0.39610099520583447,0.19230769230769232,9,910,0,0,1,1
1369,0582_c0004_020.jpg,582,3,-1,True,175,8550,0.41635967719462663,0.2056404230317274,5,851,0,1,1,1
1370,0582_c0005_000.jpg,582,4,-1,True,175,8550,0.7946505267265492,0.2604166666666667,1,672,1,1,1,1
1371,0582_c0005_005.jpg,582,4,-1,True,175,8550,0.7861659246221588,0.23841961852861035,1,734,1,1,1,1
1372,0582_c0005_010.jpg,582,4,-1,True,175,8550,0.8060249420581281,0.2692307692307692,1,650,1,1,1,1
1373,0582_c0005_015.jpg,582,4,-1,True,175,8550,0.7941317987070657,0.26881720430107525,1,651,1,1,1,1
1374,0582_c0005_020.jpg,582,4,-1,True,175,8550,0.7895663594160729,0.24407252440725244,1,717,1,1,1,1
1375,0582_c0006_000.jpg,582,5,-1,True,175,8550,0.2683206090089088,0.1265365148228489,1,1383,1,1,1,1
1376,0582_c0006_005.jpg,582,5,-1,True,175,8550,0.31683439701745736,0.1592356687898089,1,1099,1,1,1,1
1377,0582_c0006_010.jpg,582,5,-1,True,175,8550,0.33073919812972746,0.14193025141930252,1,1233,1,1,1,1
1378,0582_c0006_015.jpg,582,5,-1,True,175,8550,0.2951941835558746,0.13513513513513514,1,1295,1,1,1,1
1379,0582_c0006_020.jpg,582,5,-1,True,175,8550,0.2726847692246475,0.11768661735036987,1,1487,1,1,1,1
1380,0582_c0007_000.jpg,582,6,-1,True,175,8550,0.799338112412364,0.5319148936170213,1,329,1,1,1,1
1381,0582_c0007_005.jpg,582,6,-1,True,175,8550,0.8823984555333855,0.5043227665706052,1,347,1,1,1,1
1382,0582_c0007_010.jpg,582,6,-1,True,175,8550,0.8582780704791607,0.5932203389830508,1,295,1,1,1,1
1383,0582_c0007_015.jpg,582,6,-1,True,175,8550,0.8373927349073853,0.5573248407643312,1,314,1,1,1,1
1384,0582_c0007_020.jpg,582,6,-1,True,175,8550,0.8579203652814659,0.5384615384615384,1,325,1,1,1,1
1385,0582_c0008_000.jpg,582,7,-1,True,175,8550,0.7640910500070679,0.23841961852861035,1,734,1,1,1,1
1386,0582_c0008_005.jpg,582,7,-1,True,175,8550,0.7692985013698148,0.22756827048114434,1,769,1,1,1,1
1387,0582_c0008_010.jpg,582,7,-1,True,175,8550,0.7666749860668938,0.27472527472527475,1,637,1,1,1,1
1388,0582_c0008_015.jpg,582,7,-1,True,175,8550,0.7627430937551309,0.24964336661911554,1,701,1,1,1,1
1389,0582_c0008_020.jpg,582,7,-1,True,175,8550,0.7662024381056183,0.25107604017216645,1,697,1,1,1,1
1390,0584_c0001_000.jpg,584,0,-1,True,175,8550,0.4095146917797159,0.2562225475841874,1,683,1,1,1,1
1391,0584_c0001_005.jpg,584,0,-1,True,175,8550,0.20953871546861674,0.15996343692870202,56,1094,0,0,0,0
1392,0584_c0001_010.jpg,584,0,-1,True,175,8550,0.3455655577634147,0.19042437431991294,17,919,0,0,0,1
1393,0584_c0001_015.jpg,584,0,-1,True,175,8550,0.3391976099710145,0.2190237797246558,16,799,0,0,0,1
1394,0584_c0001_020.jpg,584,0,-1,True,175,8550,0.5313117978442765,0.274294670846395,1,638,1,1,1,1
1395,0584_c0002_000.jpg,584,1,-1,True,175,8550,0.6619390335923439,0.06583897667419113,1,2658,1,1,1,1
1396,0584_c0002_005.jpg,584,1,-1,True,175,8550,0.6671280754717498,0.06324539212143115,1,2767,1,1,1,1
1397,0584_c0002_010.jpg,584,1,-1,True,175,8550,0.6739567513184134,0.06419662509170947,1,2726,1,1,1,1
1398,0584_c0002_015.jpg,584,1,-1,True,175,8550,0.6867321955708878,0.0674893945237177,1,2593,1,1,1,1
1399,0584_c0002_020.jpg,584,1,-1,True,175,8550,0.6795078604224065,0.06586375611592021,1,2657,1,1,1,1
1400,0584_c0003_000.jpg,584,2,-1,True,175,8550,0.8443440618204412,0.11312217194570136,1,1547,1,1,1,1
1401,0584_c0003_005.jpg,584,2,-1,True,175,8550,0.8248017617342001,0.09727626459143969,1,1799,1,1,1,1
1402,0584_c0003_010.jpg,584,2,-1,True,175,8550,0.8343234950717484,0.09892594686263426,1,1769,1,1,1,1
1403,0584_c0003_015.jpg,584,2,-1,True,175,8550,0.8548876879527636,0.1269956458635704,1,1378,1,1,1,1
1404,0584_c0003_020.jpg,584,2,-1,True,175,8550,0.859997726873878,0.1370399373531715,1,1277,1,1,1,1
1405,0584_c0004_000.jpg,584,3,-1,True,175,8550,0.36909262024835704,0.20908004778972522,2,837,0,1,1,1
1406,0584_c0004_005.jpg,584,3,-1,True,175,8550,0.24955314334858664,0.14274061990212072,3,1226,0,1,1,1
1407,0584_c0004_010.jpg,584,3,-1,True,175,8550,0.44723223857985,0.24857954545454544,2,704,0,1,1,1
1408,0584_c0004_015.jpg,584,3,-1,True,175,8550,0.5791929880775144,0.30918727915194344,1,566,1,1,1,1
1409,0584_c0004_020.jpg,584,3,-1,True,175,8550,0.44221920619479615,0.22935779816513763,2,763,0,1,1,1
1410,0584_c0005_000.jpg,584,4,-1,True,175,8550,0.8117978756736832,0.09505703422053231,1,1841,1,1,1,1
1411,0584_c0005_005.jpg,584,4,-1,True,175,8550,0.8066714348689393,0.09333333333333334,1,1875,1,1,1,1
1412,0584_c0005_010.jpg,584,4,-1,True,175,8550,0.8123705934725662,0.09547190398254228,1,1833,1,1,1,1
1413,0584_c0005_015.jpg,584,4,-1,True,175,8550,0.8143500166960503,0.09562841530054644,1,1830,1,1,1,1
1414,0584_c0005_020.jpg,584,4,-1,True,175,8550,0.808577769255163,0.0939345142243693,1,1863,1,1,1,1
1415,0584_c0006_000.jpg,584,5,-1,True,175,8550,0.5573152557896243,0.12464387464387465,1,1404,1,1,1,1
1416,0584_c0006_005.jpg,584,5,-1,True,175,8550,0.724259921145806,0.1023391812865497,1,1710,1,1,1,1
1417,0584_c0006_010.jpg,584,5,-1,True,175,8550,0.7911314625351815,0.08820564516129033,1,1984,1,1,1,1
1418,0584_c0006_015.jpg,584,5,-1,True,175,8550,0.7721697474674347,0.08068234209313048,1,2169,1,1,1,1
1419,0584_c0006_020.jpg,584,5,-1,True,175,8550,0.7512393192589264,0.07585609016038145,1,2307,1,1,1,1
1420,0584_c0007_000.jpg,584,6,-1,True,175,8550,0.42711079087147596,0.2696456086286595,1,649,1,1,1,1
1421,0584_c0007_005.jpg,584,6,-1,True,175,8550,0.4041644430064307,0.2635542168674699,1,664,1,1,1,1
1422,0584_c0007_010.jpg,584,6,-1,True,175,8550,0.45618722748395757,0.28044871794871795,1,624,1,1,1,1
1423,0584_c0007_015.jpg,584,6,-1,True,175,8550,0.5216044828044073,0.30918727915194344,1,566,1,1,1,1
1424,0584_c0007_020.jpg,584,6,-1,True,175,8550,0.4625602865101452,0.28044871794871795,1,624,1,1,1,1
1425,0584_c0008_000.jpg,584,7,-1,True,175,8550,0.1625243076463163,0.08038585209003216,26,2177,0,0,0,0
1426,0584_c0008_005.jpg,584,7,-1,True,175,8550,0.1664055492015099,0.08544921875,27,2048,0,0,0,0
1427,0584_c0008_010.jpg,584,7,-1,True,175,8550,0.14870323930629964,0.08684863523573201,37,2015,0,0,0,0
1428,0584_c0008_015.jpg,584,7,-1,True,175,8550,0.14430093273226166,0.08189050070191858,32,2137,0,0,0,0
1429,0584_c0008_020.jpg,584,7,-1,True,175,8550,0.14450495265371047,0.08212106992022525,32,2131,0,0,0,0
1430,0586_c0001_000.jpg,586,0,-1,True,175,8550,0.5286892817873684,0.46296296296296297,7,378,0,0,1,1
1431,0586_c0001_005.jpg,586,0,-1,True,175,8550,0.5589440331043464,0.47297297297297297,6,370,0,0,1,1
1432,0586_c0001_010.jpg,586,0,-1,True,175,8550,0.5938597691912009,0.4985754985754986,6,351,0,0,1,1
1433,0586_c0001_015.jpg,586,0,-1,True,175,8550,0.5709201514022438,0.4691689008042895,6,373,0,0,1,1
1434,0586_c0001_020.jpg,586,0,-1,True,175,8550,0.5400778297946155,0.46419098143236076,6,377,0,0,1,1
1435,0586_c0002_000.jpg,586,1,-1,True,175,8550,0.8251496967184062,0.5043227665706052,1,347,1,1,1,1
1436,0586_c0002_005.jpg,586,1,-1,True,175,8550,0.76368122830526,0.45454545454545453,1,385,1,1,1,1
1437,0586_c0002_010.jpg,586,1,-1,True,175,8550,0.7718059836948458,0.45691906005221933,1,383,1,1,1,1
1438,0586_c0002_015.jpg,586,1,-1,True,175,8550,0.7765554663774172,0.44529262086513993,1,393,1,1,1,1
1439,0586_c0002_020.jpg,586,1,-1,True,175,8550,0.7735920967834691,0.43316831683168316,1,404,1,1,1,1
1440,0586_c0003_000.jpg,586,2,-1,True,175,8550,0.8349507794487191,0.3125,1,560,1,1,1,1
1441,0586_c0003_005.jpg,586,2,-1,True,175,8550,0.8325403798621911,0.3054101221640489,1,573,1,1,1,1
1442,0586_c0003_010.jpg,586,2,-1,True,175,8550,0.8330086113175219,0.30973451327433627,1,565,1,1,1,1
1443,0586_c0003_015.jpg,586,2,-1,True,175,8550,0.8303527031621157,0.28180354267310787,1,621,1,1,1,1
1444,0586_c0003_020.jpg,586,2,-1,True,175,8550,0.8310589859685823,0.2951096121416526,1,593,1,1,1,1
1445,0586_c0004_000.jpg,586,3,-1,True,175,8550,0.9813242198732931,0.875,1,200,1,1,1,1
1446,0586_c0004_005.jpg,586,3,-1,True,175,8550,0.989622541517398,0.9067357512953368,1,193,1,1,1,1
1447,0586_c0004_010.jpg,586,3,-1,True,175,8550,0.9831847376493199,0.8793969849246231,1,199,1,1,1,1
1448,0586_c0004_015.jpg,586,3,-1,True,175,8550,0.985014267228492,0.8928571428571429,1,196,1,1,1,1
1449,0586_c0004_020.jpg,586,3,-1,True,175,8550,0.9747392461513538,0.8706467661691543,1,201,1,1,1,1
1450,0586_c0005_000.jpg,586,4,-1,True,175,8550,0.9076678023360663,0.4691689008042895,1,373,1,1,1,1
1451,0586_c0005_005.jpg,586,4,-1,True,175,8550,0.9127650495841999,0.4716981132075472,1,371,1,1,1,1
1452,0586_c0005_010.jpg,586,4,-1,True,175,8550,0.9222206510007036,0.48342541436464087,1,362,1,1,1,1
1453,0586_c0005_015.jpg,586,4,-1,True,175,8550,0.9246053335814444,0.48342541436464087,1,362,1,1,1,1
1454,0586_c0005_020.jpg,586,4,-1,True,175,8550,0.9130707844920374,0.4666666666666667,1,375,1,1,1,1
1455,0586_c0006_000.jpg,586,5,-1,True,175,8550,1.0,1.0,1,175,1,1,1,1
1456,0586_c0006_005.jpg,586,5,-1,True,175,8550,0.9983484087506658,0.9831460674157303,1,178,1,1,1,1
1457,0586_c0006_010.jpg,586,5,-1,True,175,8550,0.99724317004901,0.9668508287292817,1,181,1,1,1,1
1458,0586_c0006_015.jpg,586,5,-1,True,175,8550,0.9950336011571849,0.9259259259259259,1,189,1,1,1,1
1459,0586_c0006_020.jpg,586,5,-1,True,175,8550,0.9832074398812422,0.875,1,200,1,1,1,1
1460,0586_c0007_000.jpg,586,6,-1,True,175,8550,0.9741449114190007,0.8883248730964467,1,197,1,1,1,1
1461,0586_c0007_005.jpg,586,6,-1,True,175,8550,0.991646523913225,0.9562841530054644,1,183,1,1,1,1
1462,0586_c0007_010.jpg,586,6,-1,True,175,8550,0.9979472054096679,0.9776536312849162,1,179,1,1,1,1
1463,0586_c0007_015.jpg,586,6,-1,True,175,8550,0.9998690081305502,0.9943181818181818,1,176,1,1,1,1
1464,0586_c0007_020.jpg,586,6,-1,True,175,8550,0.9997687552182879,0.9943181818181818,1,176,1,1,1,1
1465,0586_c0008_000.jpg,586,7,-1,True,175,8550,0.9336627370737229,0.5627009646302251,1,311,1,1,1,1
1466,0586_c0008_005.jpg,586,7,-1,True,175,8550,0.9539415966431943,0.6756756756756757,1,259,1,1,1,1
1467,0586_c0008_010.jpg,586,7,-1,True,175,8550,0.9499039298416975,0.6457564575645757,1,271,1,1,1,1
1468,0586_c0008_015.jpg,586,7,-1,True,175,8550,0.9408777548453048,0.6118881118881119,1,286,1,1,1,1
1469,0586_c0008_020.jpg,586,7,-1,True,175,8550,0.9534710327084237,0.6628787878787878,1,264,1,1,1,1
1470,0588_c0001_000.jpg,588,0,-1,True,175,8550,0.33550550173524235,0.32710280373831774,14,535,0,0,0,1
1471,0588_c0001_005.jpg,588,0,-1,True,175,8550,0.3378100593986625,0.3465346534653465,29,505,0,0,0,0
1472,0588_c0001_010.jpg,588,0,-1,True,175,8550,0.32306054673942575,0.32051282051282054,16,546,0,0,0,1
1473,0588_c0001_015.jpg,588,0,-1,True,175,8550,0.31178232254269866,0.35070140280561124,24,499,0,0,0,0
1474,0588_c0001_020.jpg,588,0,-1,True,175,8550,0.32349653026189035,0.3064798598949212,24,571,0,0,0,0
1475,0588_c0002_000.jpg,588,1,-1,True,175,8550,0.5125611969590163,0.32833020637898686,1,533,1,1,1,1
1476,0588_c0002_005.jpg,588,1,-1,True,175,8550,0.40009235605201543,0.2631578947368421,8,665,0,0,1,1
1477,0588_c0002_010.jpg,588,1,-1,True,175,8550,0.4774398909195838,0.2911813643926789,2,601,0,1,1,1
1478,0588_c0002_015.jpg,588,1,-1,True,175,8550,0.48830843067995433,0.3170289855072464,1,552,1,1,1,1
1479,0588_c0002_020.jpg,588,1,-1,True,175,8550,0.5653215784594048,0.24339360222531292,1,719,1,1,1,1
1480,0588_c0003_000.jpg,588,2,-1,True,175,8550,0.4648264504934565,0.373134328358209,3,469,0,1,1,1
1481,0588_c0003_005.jpg,588,2,-1,True,175,8550,0.5724327669417607,0.43209876543209874,1,405,1,1,1,1
1482,0588_c0003_010.jpg,588,2,-1,True,175,8550,0.5571656582501663,0.40792540792540793,1,429,1,1,1,1
1483,0588_c0003_015.jpg,588,2,-1,True,175,8550,0.592311064062287,0.37154989384288745,1,471,1,1,1,1
1484,0588_c0003_020.jpg,588,2,-1,True,175,8550,0.5714218832363419,0.4107981220657277,1,426,1,1,1,1
1485,0588_c0004_000.jpg,588,3,-1,True,175,8550,0.26504118572437246,0.18305439330543932,1,956,1,1,1,1
1486,0588_c0004_005.jpg,588,3,-1,True,175,8550,0.2860499123474659,0.1853813559322034,1,944,1,1,1,1
1487,0588_c0004_010.jpg,588,3,-1,True,175,8550,0.22328578325013304,0.18440463645943098,4,949,0,1,1,1
1488,0588_c0004_015.jpg,588,3,-1,True,175,8550,0.2397423015988098,0.1873661670235546,2,934,0,1,1,1
1489,0588_c0004_020.jpg,588,3,-1,True,175,8550,0.2771912987250053,0.18716577540106952,1,935,1,1,1,1
1490,0588_c0005_000.jpg,588,4,-1,True,175,8550,0.4917344367359572,0.2704791344667697,24,647,0,0,0,0
1491,0588_c0005_005.jpg,588,4,-1,True,175,8550,0.4896805414534707,0.2840909090909091,26,616,0,0,0,0
1492,0588_c0005_010.jpg,588,4,-1,True,175,8550,0.5006073149854234,0.2883031301482702,18,607,0,0,0,1
1493,0588_c0005_015.jpg,588,4,-1,True,175,8550,0.6254196184034491,0.277337559429477,1,631,1,1,1,1
1494,0588_c0005_020.jpg,588,4,-1,True,175,8550,0.5338572395435457,0.2717391304347826,3,644,0,1,1,1
1495,0588_c0006_000.jpg,588,5,-1,True,175,8550,0.6855500296692072,0.24441340782122906,1,716,1,1,1,1
1496,0588_c0006_005.jpg,588,5,-1,True,175,8550,0.6786674802730966,0.26758409785932724,1,654,1,1,1,1
1497,0588_c0006_010.jpg,588,5,-1,True,175,8550,0.6739995872808406,0.25289017341040465,1,692,1,1,1,1
1498,0588_c0006_015.jpg,588,5,-1,True,175,8550,0.670613096642302,0.2588757396449704,1,676,1,1,1,1
1499,0588_c0006_020.jpg,588,5,-1,True,175,8550,0.6682138874951454,0.26676829268292684,1,656,1,1,1,1
1500,0588_c0007_000.jpg,588,6,-1,True,175,8550,0.7004128884258045,0.2679938744257274,1,653,1,1,1,1
1501,0588_c0007_005.jpg,588,6,-1,True,175,8550,0.712587389835483,0.330188679245283,1,530,1,1,1,1
1502,0588_c0007_010.jpg,588,6,-1,True,175,8550,0.712111519393514,0.2615844544095665,1,669,1,1,1,1
1503,0588_c0007_015.jpg,588,6,-1,True,175,8550,0.696287969583863,0.24305555555555555,1,720,1,1,1,1
1504,0588_c0007_020.jpg,588,6,-1,True,175,8550,0.6931150505757494,0.2615844544095665,1,669,1,1,1,1
1505,0588_c0008_000.jpg,588,7,-1,True,175,8550,0.5275021302684987,0.18577494692144372,2,942,0,1,1,1
1506,0588_c0008_005.jpg,588,7,-1,True,175,8550,0.4152766384123329,0.18401682439537329,7,951,0,0,1,1
1507,0588_c0008_010.jpg,588,7,-1,True,175,8550,0.3978940428905837,0.1769464105156724,2,989,0,1,1,1
1508,0588_c0008_015.jpg,588,7,-1,True,175,8550,0.4362466474701415,0.18597236981934112,6,941,0,0,1,1
1509,0588_c0008_020.jpg,588,7,-1,True,175,8550,0.43214121608708217,0.18229166666666666,16,960,0,0,0,1
1510,0590_c0001_000.jpg,590,0,-1,True,150,8550,0.8629104074437449,0.25951557093425603,1,578,1,1,1,1
1511,0590_c0001_005.jpg,590,0,-1,True,150,8550,0.8481674160388774,0.25295109612141653,1,593,1,1,1,1
1512,0590_c0001_010.jpg,590,0,-1,True,150,8550,0.8483468882406919,0.23961661341853036,1,626,1,1,1,1
1513,0590_c0001_015.jpg,590,0,-1,True,150,8550,0.8527973161896394,0.23255813953488372,1,645,1,1,1,1
1514,0590_c0001_020.jpg,590,0,-1,True,150,8550,0.8542513979704416,0.2332814930015552,1,643,1,1,1,1
1515,0590_c0002_000.jpg,590,1,-1,True,150,8550,0.24534192184563244,0.16008537886872998,17,937,0,0,0,1
1516,0590_c0002_005.jpg,590,1,-1,True,150,8550,0.3430279395790496,0.19815059445178335,8,757,0,0,1,1
1517,0590_c0002_010.jpg,590,1,-1,True,150,8550,0.23189100801782123,0.136986301369863,28,1095,0,0,0,0
1518,0590_c0002_015.jpg,590,1,-1,True,150,8550,0.24914130767915338,0.14836795252225518,27,1011,0,0,0,0
1519,0590_c0002_020.jpg,590,1,-1,True,150,8550,0.4885451257305605,0.25510204081632654,1,588,1,1,1,1
1520,0590_c0004_000.jpg,590,3,-1,True,150,8550,0.8918042567480925,0.24916943521594684,1,602,1,1,1,1
1521,0590_c0004_005.jpg,590,3,-1,True,150,8550,0.9002366896315896,0.27223230490018147,1,551,1,1,1,1
1522,0590_c0004_010.jpg,590,3,-1,True,150,8550,0.8944441109295944,0.25996533795493937,1,577,1,1,1,1
1523,0590_c0004_015.jpg,590,3,-1,True,150,8550,0.8822715741571725,0.23219814241486067,1,646,1,1,1,1
1524,0590_c0004_020.jpg,590,3,-1,True,150,8550,0.8804876960041997,0.22796352583586627,1,658,1,1,1,1
1525,0590_c0005_000.jpg,590,4,-1,True,150,8550,0.961739594588991,0.48859934853420195,1,307,1,1,1,1
1526,0590_c0005_005.jpg,590,4,-1,True,150,8550,0.9511203820006938,0.6302521008403361,1,238,1,1,1,1
1527,0590_c0005_010.jpg,590,4,-1,True,150,8550,0.9307881973349955,0.5084745762711864,1,295,1,1,1,1
1528,0590_c0005_015.jpg,590,4,-1,True,150,8550,0.9533697535601616,0.6493506493506493,1,231,1,1,1,1
1529,0590_c0005_020.jpg,590,4,-1,True,150,8550,0.9520729297930118,0.746268656716418,1,201,1,1,1,1
1530,0590_c0006_000.jpg,590,5,-1,True,150,8550,0.7772871416633765,0.44510385756676557,1,337,1,1,1,1
1531,0590_c0006_005.jpg,590,5,-1,True,150,8550,0.8095703132808286,0.48859934853420195,1,307,1,1,1,1
1532,0590_c0006_010.jpg,590,5,-1,True,150,8550,0.7694133058948138,0.47619047619047616,1,315,1,1,1,1
1533,0590_c0006_015.jpg,590,5,-1,True,150,8550,0.8478248747705605,0.4934210526315789,1,304,1,1,1,1
1534,0590_c0006_020.jpg,590,5,-1,True,150,8550,0.8310109059728339,0.5016722408026756,1,299,1,1,1,1
1535,0590_c0007_000.jpg,590,6,-1,True,150,8550,0.9713063435063005,0.5617977528089888,1,267,1,1,1,1
1536,0590_c0007_005.jpg,590,6,-1,True,150,8550,0.9856198606925936,0.6787330316742082,1,221,1,1,1,1
1537,0590_c0007_010.jpg,590,6,-1,True,150,8550,0.9603979590626166,0.5033557046979866,1,298,1,1,1,1
1538,0590_c0007_015.jpg,590,6,-1,True,150,8550,0.9626130315460906,0.5535055350553506,1,271,1,1,1,1
1539,0590_c0007_020.jpg,590,6,-1,True,150,8550,0.9850252931767947,0.7109004739336493,1,211,1,1,1,1
1540,0590_c0008_000.jpg,590,7,-1,True,150,8550,0.9057350584440814,0.32679738562091504,1,459,1,1,1,1
1541,0590_c0008_005.jpg,590,7,-1,True,150,8550,0.89450117917154,0.3067484662576687,1,489,1,1,1,1
1542,0590_c0008_010.jpg,590,7,-1,True,150,8550,0.8849376634574719,0.28846153846153844,1,520,1,1,1,1
1543,0590_c0008_015.jpg,590,7,-1,True,150,8550,0.9005652378980484,0.30364372469635625,1,494,1,1,1,1
1544,0590_c0008_020.jpg,590,7,-1,True,150,8550,0.9314062696552522,0.4225352112676056,1,355,1,1,1,1
1545,0592_c0001_000.jpg,592,0,-1,True,125,8550,0.39322141398613003,0.27292576419213976,26,458,0,0,0,0
1546,0592_c0001_005.jpg,592,0,-1,True,125,8550,0.32986526234506514,0.23148148148148148,4,540,0,1,1,1
1547,0592_c0001_010.jpg,592,0,-1,True,125,8550,0.34959723763021816,0.2446183953033268,15,511,0,0,0,1
1548,0592_c0001_015.jpg,592,0,-1,True,125,8550,0.3672978424279284,0.25933609958506226,9,482,0,0,1,1
1549,0592_c0001_020.jpg,592,0,-1,True,125,8550,0.3360915353617495,0.23946360153256704,20,522,0,0,0,1
1550,0592_c0002_000.jpg,592,1,-1,True,125,8550,0.6601621911245172,0.35511363636363635,1,352,1,1,1,1
1551,0592_c0002_005.jpg,592,1,-1,True,125,8550,0.7252410624530041,0.3351206434316354,1,373,1,1,1,1
1552,0592_c0002_010.jpg,592,1,-1,True,125,8550,0.7068699267808337,0.294811320754717,1,424,1,1,1,1
1553,0592_c0002_015.jpg,592,1,-1,True,125,8550,0.6765562472883864,0.28735632183908044,1,435,1,1,1,1
1554,0592_c0002_020.jpg,592,1,-1,True,125,8550,0.6443509635120289,0.27654867256637167,1,452,1,1,1,1
1555,0592_c0003_000.jpg,592,2,-1,True,125,8550,0.4414507747761889,0.24177949709864605,1,517,1,1,1,1
1556,0592_c0003_005.jpg,592,2,-1,True,125,8550,0.4436736875744652,0.24177949709864605,1,517,1,1,1,1
1557,0592_c0003_010.jpg,592,2,-1,True,125,8550,0.4423295707049333,0.2455795677799607,1,509,1,1,1,1
1558,0592_c0003_015.jpg,592,2,-1,True,125,8550,0.46179877709712824,0.24319066147859922,1,514,1,1,1,1
1559,0592_c0003_020.jpg,592,2,-1,True,125,8550,0.409253879581598,0.2413127413127413,1,518,1,1,1,1
1560,0592_c0005_000.jpg,592,4,-1,True,125,8550,0.6650271380273398,0.37202380952380953,1,336,1,1,1,1
1561,0592_c0005_005.jpg,592,4,-1,True,125,8550,0.6579738661337853,0.3434065934065934,1,364,1,1,1,1
1562,0592_c0005_010.jpg,592,4,-1,True,125,8550,0.6531237591713017,0.32299741602067183,1,387,1,1,1,1
1563,0592_c0005_015.jpg,592,4,-1,True,125,8550,0.6567024516195986,0.33156498673740054,1,377,1,1,1,1
1564,0592_c0005_020.jpg,592,4,-1,True,125,8550,0.6438247396549504,0.31017369727047145,1,403,1,1,1,1
1565,0592_c0006_000.jpg,592,5,-1,True,125,8550,0.2962210313193409,0.30120481927710846,27,415,0,0,0,0
1566,0592_c0006_005.jpg,592,5,-1,True,125,8550,0.3499158723714742,0.3094059405940594,20,404,0,0,0,1
1567,0592_c0006_010.jpg,592,5,-1,True,125,8550,0.36447956625165295,0.31094527363184077,20,402,0,0,0,1
1568,0592_c0006_015.jpg,592,5,-1,True,125,8550,0.3594352560665234,0.3004807692307692,9,416,0,0,1,1
1569,0592_c0006_020.jpg,592,5,-1,True,125,8550,0.4637808103815445,0.31725888324873097,1,394,1,1,1,1
1570,0592_c0007_000.jpg,592,6,-1,True,125,8550,0.7130977885441219,0.25667351129363447,1,487,1,1,1,1
1571,0592_c0007_005.jpg,592,6,-1,True,125,8550,0.7039269095011484,0.2358490566037736,1,530,1,1,1,1
1572,0592_c0007_010.jpg,592,6,-1,True,125,8550,0.61608906796217,0.22241992882562278,1,562,1,1,1,1
1573,0592_c0007_015.jpg,592,6,-1,True,125,8550,0.7393943052442122,0.23148148148148148,1,540,1,1,1,1
1574,0592_c0007_020.jpg,592,6,-1,True,125,8550,0.7231080379544903,0.2556237218813906,1,489,1,1,1,1
1575,0594_c0001_000.jpg,594,0,-1,True,150,8550,0.4938375141418415,0.14058106841611998,1,1067,1,1,1,1
1576,0594_c0001_005.jpg,594,0,-1,True,150,8550,0.452759980249719,0.12987012987012986,1,1155,1,1,1,1
1577,0594_c0001_010.jpg,594,0,-1,True,150,8550,0.4372349419562863,0.12038523274478331,1,1246,1,1,1,1
1578,0594_c0001_015.jpg,594,0,-1,True,150,8550,0.44129773625486696,0.12335526315789473,1,1216,1,1,1,1
1579,0594_c0001_020.jpg,594,0,-1,True,150,8550,0.4283565481330952,0.11363636363636363,1,1320,1,1,1,1
1580,0594_c0002_000.jpg,594,1,-1,True,150,8550,0.5144103792313461,0.19329896907216496,1,776,1,1,1,1
1581,0594_c0002_005.jpg,594,1,-1,True,150,8550,0.46990743598739954,0.1889168765743073,1,794,1,1,1,1
1582,0594_c0002_010.jpg,594,1,-1,True,150,8550,0.4493159398838301,0.1884422110552764,1,796,1,1,1,1
1583,0594_c0002_015.jpg,594,1,-1,True,150,8550,0.44345876183299426,0.18610421836228289,1,806,1,1,1,1
1584,0594_c0002_020.jpg,594,1,-1,True,150,8550,0.46253364218403076,0.18495684340320592,1,811,1,1,1,1
1585,0594_c0003_000.jpg,594,2,-1,True,150,8550,0.6008814218486312,0.14367816091954022,1,1044,1,1,1,1
1586,0594_c0003_005.jpg,594,2,-1,True,150,8550,0.5959992110230405,0.14381591562799617,1,1043,1,1,1,1
1587,0594_c0003_010.jpg,594,2,-1,True,150,8550,0.589497376644309,0.1446480231436837,1,1037,1,1,1,1
1588,0594_c0003_015.jpg,594,2,-1,True,150,8550,0.5757328551977374,0.1446480231436837,1,1037,1,1,1,1
1589,0594_c0003_020.jpg,594,2,-1,True,150,8550,0.5919961188504955,0.14478764478764478,1,1036,1,1,1,1
1590,0594_c0005_000.jpg,594,4,-1,True,150,8550,0.587065455527357,0.1477832512315271,1,1015,1,1,1,1
1591,0594_c0005_005.jpg,594,4,-1,True,150,8550,0.5984820346922893,0.14150943396226415,1,1060,1,1,1,1
1592,0594_c0005_010.jpg,594,4,-1,True,150,8550,0.5982853981880683,0.14204545454545456,1,1056,1,1,1,1
1593,0594_c0005_015.jpg,594,4,-1,True,150,8550,0.585041436153074,0.14084507042253522,1,1065,1,1,1,1
1594,0594_c0005_020.jpg,594,4,-1,True,150,8550,0.5971863034115703,0.1403180542563143,1,1069,1,1,1,1
1595,0594_c0006_000.jpg,594,5,-1,True,150,8550,0.2632789412418968,0.14191106906338694,26,1057,0,0,0,0
1596,0594_c0006_005.jpg,594,5,-1,True,150,8550,0.2710481827490999,0.14925373134328357,26,1005,0,0,0,0
1597,0594_c0006_010.jpg,594,5,-1,True,150,8550,0.2754582152044074,0.1540041067761807,26,974,0,0,0,0
1598,0594_c0006_015.jpg,594,5,-1,True,150,8550,0.30789365153060655,0.16703786191536749,26,898,0,0,0,0
1599,0594_c0006_020.jpg,594,5,-1,True,150,8550,0.28812597243753013,0.16375545851528384,26,916,0,0,0,0
1600,0594_c0007_000.jpg,594,6,-1,True,150,8550,0.2812265834898384,0.31512605042016806,38,476,0,0,0,0
1601,0594_c0007_005.jpg,594,6,-1,True,150,8550,0.26775658745937536,0.30303030303030304,89,495,0,0,0,0
1602,0594_c0007_010.jpg,594,6,-1,True,150,8550,0.27034549429548493,0.33407572383073497,120,449,0,0,0,0
1603,0594_c0007_015.jpg,594,6,-1,True,150,8550,0.2731709127748228,0.33407572383073497,100,449,0,0,0,0
1604,0594_c0007_020.jpg,594,6,-1,True,150,8550,0.28092332250813684,0.32119914346895073,100,467,0,0,0,0
1605,0594_c0008_000.jpg,594,7,-1,True,150,8550,0.3232026981624074,0.2516778523489933,45,596,0,0,0,0
1606,0594_c0008_005.jpg,594,7,-1,True,150,8550,0.20874163008511226,0.19556714471968709,142,767,0,0,0,0
1607,0594_c0008_010.jpg,594,7,-1,True,150,8550,0.2675302079659069,0.22590361445783133,81,664,0,0,0,0
1608,0594_c0008_015.jpg,594,7,-1,True,150,8550,0.31970939274634713,0.27223230490018147,75,551,0,0,0,0
1609,0594_c0008_020.jpg,594,7,-1,True,150,8550,0.23811371369222448,0.1937984496124031,76,774,0,0,0,0
1610,0596_c0001_000.jpg,596,0,-1,True,175,8550,0.4308358711390522,0.11467889908256881,26,1526,0,0,0,0
1611,0596_c0001_005.jpg,596,0,-1,True,175,8550,0.4530859781302013,0.11312217194570136,26,1547,0,0,0,0
1612,0596_c0001_010.jpg,596,0,-1,True,175,8550,0.49456971691873,0.1108998732572877,25,1578,0,0,0,0
1613,0596_c0001_015.jpg,596,0,-1,True,175,8550,0.48665602792811324,0.10618932038834951,26,1648,0,0,0,0
1614,0596_c0001_020.jpg,596,0,-1,True,175,8550,0.5145348695498204,0.10736196319018405,23,1630,0,0,0,0
1615,0596_c0002_000.jpg,596,1,-1,True,175,8550,0.1531792766167113,0.1056125528062764,63,1657,0,0,0,0
1616,0596_c0002_005.jpg,596,1,-1,True,175,8550,0.42598073925202196,0.13177710843373494,1,1328,1,1,1,1
1617,0596_c0002_010.jpg,596,1,-1,True,175,8550,0.435881462899041,0.13118440779610194,1,1334,1,1,1,1
1618,0596_c0002_015.jpg,596,1,-1,True,175,8550,0.43109635836982535,0.12915129151291513,1,1355,1,1,1,1
1619,0596_c0002_020.jpg,596,1,-1,True,175,8550,0.43484813858116006,0.12237762237762238,1,1430,1,1,1,1
1620,0596_c0003_000.jpg,596,2,-1,True,175,8550,0.8463280617156878,0.15418502202643172,1,1135,1,1,1,1
1621,0596_c0003_005.jpg,596,2,-1,True,175,8550,0.8258958972894491,0.14705882352941177,1,1190,1,1,1,1
1622,0596_c0003_010.jpg,596,2,-1,True,175,8550,0.8348610109842626,0.13844936708860758,1,1264,1,1,1,1
1623,0596_c0003_015.jpg,596,2,-1,True,175,8550,0.8306877740010454,0.15230635335073978,1,1149,1,1,1,1
1624,0596_c0003_020.jpg,596,2,-1,True,175,8550,0.8310915003982025,0.1507321274763135,1,1161,1,1,1,1
1625,0596_c0004_000.jpg,596,3,-1,True,175,8550,0.8729575385670784,0.08680555555555555,1,2016,1,1,1,1
1626,0596_c0004_005.jpg,596,3,-1,True,175,8550,0.8742016935711278,0.08309591642924977,1,2106,1,1,1,1
1627,0596_c0004_010.jpg,596,3,-1,True,175,8550,0.8726112774126833,0.08616445100935499,1,2031,1,1,1,1
1628,0596_c0004_015.jpg,596,3,-1,True,175,8550,0.8789158818485928,0.08706467661691543,1,2010,1,1,1,1
1629,0596_c0004_020.jpg,596,3,-1,True,175,8550,0.8810801558952029,0.08856275303643725,1,1976,1,1,1,1
1630,0596_c0005_000.jpg,596,4,-1,True,175,8550,0.8202012780347315,0.07237386269644334,1,2418,1,1,1,1
1631,0596_c0005_005.jpg,596,4,-1,True,175,8550,0.8129189279326673,0.07415254237288135,1,2360,1,1,1,1
1632,0596_c0005_010.jpg,596,4,-1,True,175,8550,0.8118593962720287,0.07380851961197807,1,2371,1,1,1,1
1633,0596_c0005_015.jpg,596,4,-1,True,175,8550,0.7913701649977599,0.07427843803056026,1,2356,1,1,1,1
1634,0596_c0005_020.jpg,596,4,-1,True,175,8550,0.8080479402772792,0.07497857754927163,1,2334,1,1,1,1
1635,0596_c0006_000.jpg,596,5,-1,True,175,8550,0.9163890243780397,0.18324607329842932,1,955,1,1,1,1
1636,0596_c0006_005.jpg,596,5,-1,True,175,8550,0.9121817407101548,0.16571969696969696,1,1056,1,1,1,1
1637,0596_c0006_010.jpg,596,5,-1,True,175,8550,0.9076146816257487,0.18022657054582905,1,971,1,1,1,1
1638,0596_c0006_015.jpg,596,5,-1,True,175,8550,0.9070493286993225,0.1615881809787627,1,1083,1,1,1,1
1639,0596_c0006_020.jpg,596,5,-1,True,175,8550,0.9077049022469005,0.1773049645390071,1,987,1,1,1,1
1640,0596_c0007_000.jpg,596,6,-1,True,175,8550,0.9002421199234386,0.15625,1,1120,1,1,1,1
1641,0596_c0007_005.jpg,596,6,-1,True,175,8550,0.7478847842208978,0.15337423312883436,1,1141,1,1,1,1
1642,0596_c0007_010.jpg,596,6,-1,True,175,8550,0.7891494391604499,0.15625,1,1120,1,1,1,1
1643,0596_c0007_015.jpg,596,6,-1,True,175,8550,0.7247553413443497,0.1586582048957389,1,1103,1,1,1,1
1644,0596_c0007_020.jpg,596,6,-1,True,175,8550,0.8071316599532481,0.15527950310559005,1,1127,1,1,1,1
1645,0596_c0008_000.jpg,596,7,-1,True,175,8550,0.8415588091108105,0.12093987560469938,1,1447,1,1,1,1
1646,0596_c0008_005.jpg,596,7,-1,True,175,8550,0.8458027373858844,0.1234132581100141,1,1418,1,1,1,1
1647,0596_c0008_010.jpg,596,7,-1,True,175,8550,0.8439047886216797,0.12544802867383512,1,1395,1,1,1,1
1648,0596_c0008_015.jpg,596,7,-1,True,175,8550,0.8335115971954481,0.12169680111265646,1,1438,1,1,1,1
1649,0596_c0008_020.jpg,596,7,-1,True,175,8550,0.8380364333635245,0.1242015613910575,1,1409,1,1,1,1
1650,0598_c0001_000.jpg,598,0,-1,True,100,8550,1.0,1.0,1,100,1,1,1,1
1651,0598_c0001_005.jpg,598,0,-1,True,100,8550,1.0,1.0,1,100,1,1,1,1
1652,0598_c0001_010.jpg,598,0,-1,True,100,8550,1.0,1.0,1,100,1,1,1,1
1653,0598_c0001_015.jpg,598,0,-1,True,100,8550,1.0,1.0,1,100,1,1,1,1
1654,0598_c0001_020.jpg,598,0,-1,True,100,8550,1.0,1.0,1,100,1,1,1,1
1655,0598_c0002_000.jpg,598,1,-1,True,100,8550,0.879442126299608,0.6410256410256411,1,156,1,1,1,1
1656,0598_c0002_005.jpg,598,1,-1,True,100,8550,0.809828012367523,0.5128205128205128,1,195,1,1,1,1
1657,0598_c0002_010.jpg,598,1,-1,True,100,8550,0.7890441517643575,0.5102040816326531,1,196,1,1,1,1
1658,0598_c0002_015.jpg,598,1,-1,True,100,8550,0.8361949691681996,0.5555555555555556,1,180,1,1,1,1
1659,0598_c0002_020.jpg,598,1,-1,True,100,8550,0.7756407254635441,0.49504950495049505,1,202,1,1,1,1
1660,0598_c0003_000.jpg,598,2,-1,True,100,8550,0.9576859522934624,0.78125,1,128,1,1,1,1
1661,0598_c0003_005.jpg,598,2,-1,True,100,8550,0.9911402353803743,0.8695652173913043,1,115,1,1,1,1
1662,0598_c0003_010.jpg,598,2,-1,True,100,8550,0.9955282039923192,0.8928571428571429,1,112,1,1,1,1
1663,0598_c0003_015.jpg,598,2,-1,True,100,8550,0.9928602538220346,0.8333333333333334,1,120,1,1,1,1
1664,0598_c0003_020.jpg,598,2,-1,True,100,8550,0.9999009900990099,0.9900990099009901,1,101,1,1,1,1
1665,0598_c0007_000.jpg,598,6,-1,True,100,8550,0.9996029114676174,0.9803921568627451,1,102,1,1,1,1
1666,0598_c0007_005.jpg,598,6,-1,True,100,8550,0.9998009900990098,0.9900990099009901,1,101,1,1,1,1
1667,0598_c0007_010.jpg,598,6,-1,True,100,8550,0.9996999799979998,0.9900990099009901,1,101,1,1,1,1
1668,0598_c0007_015.jpg,598,6,-1,True,100,8550,0.9982077908672732,0.9174311926605505,1,109,1,1,1,1
1669,0598_c0007_020.jpg,598,6,-1,True,100,8550,0.9983998324378401,0.9174311926605505,1,109,1,1,1,1
1670,0598_c0008_000.jpg,598,7,-1,True,100,8550,1.0,1.0,1,100,1,1,1,1
1671,0598_c0008_005.jpg,598,7,-1,True,100,8550,1.0,1.0,1,100,1,1,1,1
1672,0598_c0008_010.jpg,598,7,-1,True,100,8550,1.0,1.0,1,100,1,1,1,1
1673,0598_c0008_015.jpg,598,7,-1,True,100,8550,1.0,1.0,1,100,1,1,1,1
1674,0598_c0008_020.jpg,598,7,-1,True,100,8550,1.0,1.0,1,100,1,1,1,1
1675,0600_c0001_000.jpg,600,0,-1,True,175,8550,0.6757875716960438,0.10391923990498812,1,1684,1,1,1,1
1676,0600_c0001_005.jpg,600,0,-1,True,175,8550,0.6551011277426342,0.09881422924901186,1,1771,1,1,1,1
1677,0600_c0001_010.jpg,600,0,-1,True,175,8550,0.6542917576170972,0.10069044879171461,1,1738,1,1,1,1
1678,0600_c0001_015.jpg,600,0,-1,True,175,8550,0.7908003817658651,0.1042287075640262,1,1679,1,1,1,1
1679,0600_c0001_020.jpg,600,0,-1,True,175,8550,0.7900589456936965,0.10121457489878542,1,1729,1,1,1,1
1680,0600_c0002_000.jpg,600,1,-1,True,175,8550,0.8675171162242084,0.08706467661691543,1,2010,1,1,1,1
1681,0600_c0002_005.jpg,600,1,-1,True,175,8550,0.8325253247784979,0.07665352606219886,1,2283,1,1,1,1
1682,0600_c0002_010.jpg,600,1,-1,True,175,8550,0.8588570390805352,0.07886435331230283,1,2219,1,1,1,1
1683,0600_c0002_015.jpg,600,1,-1,True,175,8550,0.8582819933554438,0.09464575446187128,1,1849,1,1,1,1
1684,0600_c0002_020.jpg,600,1,-1,True,175,8550,0.8331705020102861,0.08654797230464886,1,2022,1,1,1,1
1685,0600_c0003_000.jpg,600,2,-1,True,175,8550,0.7087712965409614,0.18440463645943098,1,949,1,1,1,1
1686,0600_c0003_005.jpg,600,2,-1,True,175,8550,0.733370690968031,0.19104803493449782,1,916,1,1,1,1
1687,0600_c0003_010.jpg,600,2,-1,True,175,8550,0.7521477043856167,0.20348837209302326,1,860,1,1,1,1
1688,0600_c0003_015.jpg,600,2,-1,True,175,8550,0.7022675659628581,0.18796992481203006,1,931,1,1,1,1
1689,0600_c0003_020.jpg,600,2,-1,True,175,8550,0.5809801536394608,0.2246469833119384,1,779,1,1,1,1
1690,0600_c0004_000.jpg,600,3,-1,True,175,8550,0.06080973232089122,0.07047925896093435,361,2483,0,0,0,0
1691,0600_c0004_005.jpg,600,3,-1,True,175,8550,0.07779840925677875,0.08401344215074412,171,2083,0,0,0,0
1692,0600_c0004_010.jpg,600,3,-1,True,175,8550,0.058636501372849315,0.06963788300835655,520,2513,0,0,0,0
1693,0600_c0004_015.jpg,600,3,-1,True,175,8550,0.056624191126823716,0.06417308397506417,462,2727,0,0,0,0
1694,0600_c0004_020.jpg,600,3,-1,True,175,8550,0.02142031061212995,0.033550613496932516,1976,5216,0,0,0,0
1695,0600_c0005_000.jpg,600,4,-1,True,175,8550,0.6821457383665089,0.09029927760577916,1,1938,1,1,1,1
1696,0600_c0005_005.jpg,600,4,-1,True,175,8550,0.8174504908355448,0.08860759493670886,1,1975,1,1,1,1
1697,0600_c0005_010.jpg,600,4,-1,True,175,8550,0.7771159199526912,0.08965163934426229,1,1952,1,1,1,1
1698,0600_c0005_015.jpg,600,4,-1,True,175,8550,0.7717577395108756,0.09062661833247022,1,1931,1,1,1,1
1699,0600_c0005_020.jpg,600,4,-1,True,175,8550,0.8013154488240931,0.08856275303643725,1,1976,1,1,1,1
1700,0600_c0006_000.jpg,600,5,-1,True,175,8550,0.7437058846715493,0.11535926170072512,1,1517,1,1,1,1
1701,0600_c0006_005.jpg,600,5,-1,True,175,8550,0.7920351315936052,0.1118925831202046,1,1564,1,1,1,1
1702,0600_c0006_010.jpg,600,5,-1,True,175,8550,0.8283881940133782,0.09119332985930172,1,1919,1,1,1,1
1703,0600_c0006_015.jpg,600,5,-1,True,175,8550,0.8236344894946421,0.0948509485094851,1,1845,1,1,1,1
1704,0600_c0006_020.jpg,600,5,-1,True,175,8550,0.7912556330437126,0.1028202115158637,1,1702,1,1,1,1
1705,0600_c0007_000.jpg,600,6,-1,True,175,8550,0.862044591810983,0.22875816993464052,1,765,1,1,1,1
1706,0600_c0007_005.jpg,600,6,-1,True,175,8550,0.928166045709162,0.2407152682255846,1,727,1,1,1,1
1707,0600_c0007_010.jpg,600,6,-1,True,175,8550,0.8476309060340473,0.22786458333333334,1,768,1,1,1,1
1708,0600_c0007_015.jpg,600,6,-1,True,175,8550,0.8814392334224278,0.24857954545454544,1,704,1,1,1,1
1709,0600_c0007_020.jpg,600,6,-1,True,175,8550,0.914110342565061,0.22580645161290322,1,775,1,1,1,1
1710,0600_c0008_000.jpg,600,7,-1,True,175,8550,0.9038039979283037,0.12482168330955777,1,1402,1,1,1,1
1711,0600_c0008_005.jpg,600,7,-1,True,175,8550,0.7400468308488278,0.09798432250839866,1,1786,1,1,1,1
1712,0600_c0008_010.jpg,600,7,-1,True,175,8550,0.7035670301840371,0.13307984790874525,1,1315,1,1,1,1
1713,0600_c0008_015.jpg,600,7,-1,True,175,8550,0.8426694229031884,0.09853603603603604,1,1776,1,1,1,1
1714,0600_c0008_020.jpg,600,7,-1,True,175,8550,0.7741040802471467,0.10121457489878542,1,1729,1,1,1,1
