query_index,gallery_positive_index,gallery_negative_index,R00,R10,R01,R11,delta_M_given_F,delta_F_given_M,empirical_interaction,prediction_M,prediction_F,prediction_I
0,2,88,-0.2571795880794525,-0.2567335069179535,-0.2621616721153259,-0.26194268465042114,0.00021898746490478516,-0.005209177732467651,-0.00022709369659423828,0.0011644791811704636,0.0006425874307751656,0.0004886595997959375
1,2,474,-0.1947750449180603,-0.19339513778686523,-0.1900044083595276,-0.18783758580684662,0.0021668225526809692,0.005557551980018616,0.0007869154214859009,0.0011644790647551417,0.0006425876053981483,0.0004886576207354665
2,1,81,-0.14768673479557037,-0.14765173196792603,-0.14897574484348297,-0.1473618894815445,0.0016138553619384766,0.00028984248638153076,0.0015788525342941284,0.0011644791811704636,0.0006425875471904874,0.0004886582610197365
3,0,19,-0.04850095137953758,-0.04859223961830139,-0.04848718270659447,-0.04955422133207321,-0.0010670386254787445,-0.0009619817137718201,-0.0009757503867149353,0.0011644790647551417,0.0006425876053981483,0.0004886573296971619
4,8,362,-0.11383558809757233,-0.11325594782829285,-0.11466535180807114,-0.11343443393707275,0.0012309178709983826,-0.00017848610877990723,0.0006512776017189026,0.00116447894833982,0.0006425878964364529,0.0004886538372375071
5,11,266,-0.089475616812706,-0.08938560634851456,-0.09065297245979309,-0.08980707824230194,0.0008458942174911499,-0.00042147189378738403,0.0007558837532997131,0.0011644790647551417,0.000642587780021131,0.0004886556416749954
6,11,72,-0.13621288537979126,-0.13612206280231476,-0.1341642439365387,-0.13348285853862762,0.0006813853979110718,0.002639204263687134,0.0005905628204345703,0.00116447894833982,0.000642587838228792,0.0004886551760137081
7,12,330,-0.09616294503211975,-0.09667786955833435,-0.09708689153194427,-0.0992269292473793,-0.002140037715435028,-0.0025490596890449524,-0.0016251131892204285,0.00116447894833982,0.000642587838228792,0.0004886550595983863
8,4,739,-0.0965714156627655,-0.09628654271364212,-0.09502586722373962,-0.09619742631912231,-0.0011715590953826904,8.911639451980591e-05,-0.001456432044506073,0.0011644790647551417,0.0006425876636058092,0.0004886574461124837
9,8,482,-0.11072827130556107,-0.11078952252864838,-0.11187219619750977,-0.11124983429908752,0.0006223618984222412,-0.00046031177043914795,0.000683613121509552,0.00116447894833982,0.0006425879546441138,0.0004886540118604898
10,15,334,-0.1125178337097168,-0.11404482275247574,-0.11462327092885971,-0.11875548213720322,-0.004132211208343506,-0.004710659384727478,-0.002605222165584564,0.00116447894833982,0.0006425880128517747,0.0004886537790298462
11,6,521,-0.15745508670806885,-0.15763887763023376,-0.15616297721862793,-0.1566784828901291,-0.0005155056715011597,0.0009603947401046753,-0.0003317147493362427,0.001164478831924498,0.0006425880128517747,0.0004886526730842888
12,7,229,-0.11341530084609985,-0.11385807394981384,-0.12142214179039001,-0.12161163985729218,-0.00018949806690216064,-0.0077535659074783325,0.0002532750368118286,0.0011644790647551417,0.0006425876053981483,0.0004886575043201447
13,10,234,-0.12245631963014603,-0.12217641621828079,-0.13039270043373108,-0.13068296015262604,-0.0002902597188949585,-0.008506543934345245,-0.0005701631307601929,0.0011644790647551417,0.0006425877218134701,0.0004886558745056391
14,10,692,-0.11558565497398376,-0.11477630585432053,-0.11868181824684143,-0.11704571545124054,0.0016361027956008911,-0.0022694095969200134,0.0008267536759376526,0.0011644787155091763,0.0006425881292670965,0.0004886500537395477
15,10,627,-0.102524533867836,-0.10177776962518692,-0.10936117172241211,-0.10862941294908524,0.0007317587733268738,-0.006851643323898315,-1.500546932220459e-05,0.0011644790647551417,0.0006425876636058092,0.000488657271489501
16,25,378,-0.1366855651140213,-0.136416494846344,-0.13977313041687012,-0.13924580812454224,0.0005273222923278809,-0.002829313278198242,0.00025825202465057373,0.0011644790647551417,0.0006425877218134701,0.0004886560491286218
17,20,729,-0.19561050832271576,-0.19585971534252167,-0.19706876575946808,-0.19737881422042847,-0.0003100484609603882,-0.0015190988779067993,-6.084144115447998e-05,0.0011644791811704636,0.0006425874307751656,0.0004886593669652939
18,17,418,-0.19922281801700592,-0.20193874835968018,-0.20057731866836548,-0.20557750761508942,-0.005000188946723938,-0.0036387592554092407,-0.0022842586040496826,0.00116447894833982,0.0006425878964364529,0.0004886544193141162
19,28,415,-0.18515999615192413,-0.18501368165016174,-0.18914973735809326,-0.18914523720741272,4.500150680541992e-06,-0.0041315555572509766,-0.00014181435108184814,0.0011644791811704636,0.0006425875471904874,0.0004886584938503802
20,17,51,-0.20506519079208374,-0.2068309485912323,-0.2082897424697876,-0.21122443675994873,-0.002934694290161133,-0.004393488168716431,-0.0011689364910125732,0.0011644792975857854,0.0006425873725675046,0.0004886605893261731
21,16,51,-0.1862000972032547,-0.18636755645275116,-0.18581470847129822,-0.18642796576023102,-0.0006132572889328003,-6.04093074798584e-05,-0.00044579803943634033,0.0011644792975857854,0.0006425873725675046,0.0004886604147031903
22,20,736,-0.13447798788547516,-0.13415007293224335,-0.13295894861221313,-0.1319660246372223,0.0009929239749908447,0.002184048295021057,0.0006650090217590332,0.0011644792975857854,0.0006425874307751656,0.0004886602400802076
23,16,84,-0.24559351801872253,-0.2452988624572754,-0.24520443379878998,-0.24533270299434662,-0.00012826919555664062,-3.384053707122803e-05,-0.0004229247570037842,0.0011644791811704636,0.0006425874889828265,0.0004886588430963457
24,17,911,-0.20003503561019897,-0.20098327100276947,-0.20216494798660278,-0.20225894451141357,-9.399652481079102e-05,-0.001275673508644104,0.0008542388677597046,0.0011644792975857854,0.0006425873143598437,0.0004886605893261731
25,16,765,-0.2452642172574997,-0.24540217220783234,-0.24363888800144196,-0.24580878019332886,-0.002169892191886902,-0.000406607985496521,-0.0020319372415542603,0.0011644791811704636,0.0006425875471904874,0.0004886584938503802
26,17,765,-0.2654205560684204,-0.2666272222995758,-0.2667712867259979,-0.26923805475234985,-0.0024667680263519287,-0.002610832452774048,-0.0012601017951965332,0.0011644791811704636,0.0006425874889828265,0.0004886591341346502
27,17,279,-0.19206193089485168,-0.19307175278663635,-0.19845141470432281,-0.20140253007411957,-0.002951115369796753,-0.008330777287483215,-0.001941293478012085,0.0011644790647551417,0.0006425876053981483,0.0004886575625278056
28,20,98,-0.18353410065174103,-0.18338288366794586,-0.18183447420597076,-0.18194417655467987,-0.00010970234870910645,0.0014387071132659912,-0.00026091933250427246,0.0011644792975857854,0.0006425872561521828,0.0004886622773483396
29,16,195,-0.154236301779747,-0.15387341380119324,-0.15280678868293762,-0.15198877453804016,0.0008180141448974609,0.0018846392631530762,0.00045512616634368896,0.0011644792975857854,0.0006425873143598437,0.000488661287818104
30,16,415,-0.16960301995277405,-0.16901879012584686,-0.1725810170173645,-0.1731744408607483,-0.0005934238433837891,-0.004155650734901428,-0.0011776536703109741,0.0011644791811704636,0.0006425874307751656,0.0004886600654572248
31,16,98,-0.11076203733682632,-0.10972811281681061,-0.10957850515842438,-0.10964064300060272,-6.213784217834473e-05,8.746981620788574e-05,-0.0010960623621940613,0.0011644792975857854,0.0006425873725675046,0.0004886605893261731
32,41,100,-0.2272297590970993,-0.227451354265213,-0.2270570993423462,-0.22745120525360107,-0.0003941059112548828,1.4901161193847656e-07,-0.00017251074314117432,0.0011644792975857854,0.0006425872561521828,0.0004886618698947132
33,42,718,-0.23458921909332275,-0.2357320934534073,-0.23709945380687714,-0.23896801471710205,-0.0018685609102249146,-0.003235921263694763,-0.0007256865501403809,0.0011644792975857854,0.0006425872561521828,0.0004886614042334259
34,40,718,-0.23763014376163483,-0.2379908263683319,-0.23572543263435364,-0.23599113523960114,-0.00026570260524749756,0.001999691128730774,9.498000144958496e-05,0.0011644791811704636,0.0006425874307751656,0.0004886593669652939
35,45,238,-0.2839128375053406,-0.2848285436630249,-0.2890847623348236,-0.2903270721435547,-0.001242309808731079,-0.005498528480529785,-0.00032660365104675293,0.0011644791811704636,0.0006425874307751656,0.0004886593669652939
36,40,545,-0.33556461334228516,-0.334891140460968,-0.33715933561325073,-0.33695554733276367,0.00020378828048706055,-0.0020644068717956543,-0.0004696846008300781,0.0011644792975857854,0.0006425872561521828,0.0004886611131951213
37,39,523,-0.2471715360879898,-0.24682608246803284,-0.24793197214603424,-0.24715372920036316,0.0007782429456710815,-0.00032764673233032227,0.00043278932571411133,0.0011644791811704636,0.0006425874889828265,0.0004886577953584492
38,39,523,-0.25536423921585083,-0.254711389541626,-0.2552719712257385,-0.25402116775512695,0.0012508034706115723,0.0006902217864990234,0.0005979537963867188,0.0011644791811704636,0.0006425874307751656,0.000488658610265702
39,36,172,-0.2650288939476013,-0.26479005813598633,-0.27006304264068604,-0.2694534659385681,0.0006095767021179199,-0.004663407802581787,0.0003707408905029297,0.0011644794140011072,0.0006425870815292001,0.0004886651295237243
40,36,172,-0.3233981728553772,-0.3240971267223358,-0.3308369517326355,-0.3316754698753357,-0.0008385181427001953,-0.007578343152999878,-0.00013956427574157715,0.0011644792975857854,0.0006425873143598437,0.0004886616952717304
41,36,113,-0.2666654884815216,-0.2682224214076996,-0.269779235124588,-0.27225589752197266,-0.0024766623973846436,-0.004033476114273071,-0.000919729471206665,0.0011644791811704636,0.0006425876053981483,0.0004886577953584492
42,36,98,-0.21910929679870605,-0.21997490525245667,-0.22107908129692078,-0.22263672947883606,-0.0015576481819152832,-0.0026618242263793945,-0.0006920397281646729,0.0011644792975857854,0.0006425873143598437,0.0004886611714027822
43,36,97,-0.2177501916885376,-0.2182721197605133,-0.22207729518413544,-0.22300177812576294,-0.0009244829416275024,-0.004729658365249634,-0.00040255486965179443,0.0011644792975857854,0.0006425872561521828,0.0004886618698947132
44,36,614,-0.1981079876422882,-0.19669103622436523,-0.2015313059091568,-0.19992521405220032,0.001606091856956482,-0.003234177827835083,0.0001891404390335083,0.0011644791811704636,0.0006425874889828265,0.0004886584356427193
45,36,91,-0.26677405834198,-0.26803526282310486,-0.26922324299812317,-0.2712547779083252,-0.0020315349102020264,-0.003219515085220337,-0.0007703304290771484,0.0011644790647551417,0.0006425876053981483,0.0004886568058282137
46,36,737,-0.2528385519981384,-0.2544112503528595,-0.2596093416213989,-0.2615959048271179,-0.001986563205718994,-0.007184654474258423,-0.0004138648509979248,0.0011644792975857854,0.0006425873143598437,0.0004886619281023741
47,50,238,-0.13506095111370087,-0.13409385085105896,-0.135234534740448,-0.13399705290794373,0.0012374818325042725,9.679794311523438e-05,0.0002703815698623657,0.0011644792975857854,0.0006425873143598437,0.0004886620445176959
48,51,27,-0.08017445355653763,-0.08079180866479874,-0.08070608228445053,-0.07990078628063202,0.000805296003818512,0.0008910223841667175,0.0014226511120796204,0.0011644792975857854,0.0006425873143598437,0.0004886605893261731
49,50,34,-0.09235704690217972,-0.09203940629959106,-0.09216691553592682,-0.09083139151334763,0.0013355240225791931,0.0012080147862434387,0.0010178834199905396,0.0011644792975857854,0.0006425873143598437,0.0004886608221568167
50,47,417,-0.1764424592256546,-0.17732134461402893,-0.18025058507919312,-0.1804429441690445,-0.0001923590898513794,-0.003121599555015564,0.0006865262985229492,0.0011644791811704636,0.0006425874307751656,0.0004886594833806157
51,47,212,-0.11563500016927719,-0.11482404917478561,-0.11715299636125565,-0.11409104615449905,0.003061950206756592,0.0007330030202865601,0.0022509992122650146,0.0011644792975857854,0.0006425873143598437,0.0004886614042334259
52,47,212,-0.1667555868625641,-0.16621747612953186,-0.16749592125415802,-0.16528788208961487,0.002208039164543152,0.0009295940399169922,0.0016699284315109253,0.0011644792975857854,0.0006425873143598437,0.0004886615788564086
53,56,723,-0.27400389313697815,-0.2756367027759552,-0.2759649455547333,-0.2780902683734894,-0.0021253228187561035,-0.0024535655975341797,-0.0004925131797790527,0.0011644791811704636,0.0006425875471904874,0.0004886583192273974
54,56,129,-0.12827599048614502,-0.1286156177520752,-0.13577617704868317,-0.13741180300712585,-0.001635625958442688,-0.00879618525505066,-0.0012959986925125122,0.0011644791811704636,0.0006425874889828265,0.0004886595415882766
55,53,8,-0.17072740197181702,-0.17166194319725037,-0.17622151970863342,-0.17904700338840485,-0.0028254836797714233,-0.00738506019115448,-0.0018909424543380737,0.0011644792975857854,0.0006425873143598437,0.0004886610549874604
56,53,238,-0.193387970328331,-0.1943587213754654,-0.1993025541305542,-0.2012157291173935,-0.0019131749868392944,-0.006857007741928101,-0.000942423939704895,0.0011644794140011072,0.000642587139736861,0.0004886637325398624
57,64,586,-0.1873273402452469,-0.18825414776802063,-0.18679288029670715,-0.18949684500694275,-0.0027039647102355957,-0.0012426972389221191,-0.001777157187461853,0.00116447894833982,0.000642587780021131,0.0004886547103524208
58,60,586,-0.1967119723558426,-0.19884875416755676,-0.19588956236839294,-0.1994282454252243,-0.00353868305683136,-0.0005794912576675415,-0.0014019012451171875,0.00116447894833982,0.000642587838228792,0.0004886541864834726
59,60,621,-0.17704465985298157,-0.1769695281982422,-0.17927391827106476,-0.17989015579223633,-0.0006162375211715698,-0.0029206275939941406,-0.0006913691759109497,0.0011644790647551417,0.0006425876053981483,0.0004886573296971619
60,59,294,-0.12394681572914124,-0.12394837290048599,-0.12218919396400452,-0.12221309542655945,-2.390146255493164e-05,0.0017352774739265442,-2.234429121017456e-05,0.00116447894833982,0.000642587780021131,0.0004886548849754035
61,59,625,-0.11012011766433716,-0.10940635204315186,-0.11056400835514069,-0.10962436348199844,0.0009396448731422424,-0.00021801143884658813,0.0002258792519569397,0.00116447894833982,0.0006425877218134701,0.0004886551178060472
62,59,616,-0.07722188532352448,-0.07782001048326492,-0.07400177419185638,-0.07518300414085388,-0.0011812299489974976,0.0026370063424110413,-0.0005831047892570496,0.0011644791811704636,0.0006425875471904874,0.0004886578535661101
63,57,638,-0.10085338354110718,-0.10050200670957565,-0.09828726947307587,-0.09743363410234451,0.0008536353707313538,0.00306837260723114,0.0005022585391998291,0.0011644790647551417,0.0006425876053981483,0.0004886568058282137
64,57,523,-0.15250656008720398,-0.1516294777393341,-0.148438960313797,-0.146637961268425,0.0018009990453720093,0.004991516470909119,0.0009239166975021362,0.00116447894833982,0.000642587780021131,0.0004886540700681508
65,69,8,-0.23109467327594757,-0.23172952234745026,-0.2290242463350296,-0.2299925535917282,-0.0009683072566986084,0.001736968755722046,-0.00033345818519592285,0.0011644790647551417,0.0006425876636058092,0.0004886562819592655
66,68,224,-0.2301795929670334,-0.23074179887771606,-0.22684544324874878,-0.22693948447704315,-9.404122829437256e-05,0.0038023144006729126,0.00046816468238830566,0.0011644791811704636,0.0006425875471904874,0.0004886582028120756
67,69,648,-0.2406732738018036,-0.24062210321426392,-0.23746085166931152,-0.23756104707717896,-0.00010019540786743164,0.003061056137084961,-0.0001513659954071045,0.0011644791811704636,0.0006425874889828265,0.0004886594251729548
68,67,422,-0.27442803978919983,-0.27497366070747375,-0.27807852625846863,-0.27867382764816284,-0.0005953013896942139,-0.003700166940689087,-4.9680471420288086e-05,0.0011644791811704636,0.0006425874889828265,0.0004886580863967538
69,67,229,-0.30485615134239197,-0.30601683259010315,-0.3071627616882324,-0.30923300981521606,-0.0020702481269836426,-0.003216177225112915,-0.0009095668792724609,0.00116447894833982,0.0006425878964364529,0.0004886543611064553
70,67,228,-0.19108255207538605,-0.19159911572933197,-0.1943870186805725,-0.1956643909215927,-0.0012773722410202026,-0.004065275192260742,-0.0007608085870742798,0.0011644791811704636,0.0006425875471904874,0.0004886590759269893
71,67,439,-0.16683730483055115,-0.16748109459877014,-0.17023921012878418,-0.1716238111257553,-0.0013846009969711304,-0.0041427165269851685,-0.0007408112287521362,0.0011644790647551417,0.000642587780021131,0.0004886558745056391
72,67,742,-0.19173163175582886,-0.19232293963432312,-0.19509796798229218,-0.19649778306484222,-0.0013998150825500488,-0.004174843430519104,-0.0008085072040557861,0.00116447894833982,0.0006425878964364529,0.0004886541282758117
73,82,736,-0.20530904829502106,-0.20407617092132568,-0.20675405859947205,-0.20662078261375427,0.00013327598571777344,-0.002544611692428589,-0.0010996013879776,0.0011644791811704636,0.0006425874307751656,0.0004886593669652939
74,82,143,-0.10774499177932739,-0.10737812519073486,-0.10515548288822174,-0.1047961488366127,0.0003593340516090393,0.002581976354122162,-7.53253698348999e-06,0.0011644790647551417,0.0006425877218134701,0.0004886554088443518
75,85,278,-0.14897510409355164,-0.14892128109931946,-0.14905671775341034,-0.14837820827960968,0.0006785094738006592,0.0005430728197097778,0.0006246864795684814,0.0011644790647551417,0.0006425876636058092,0.0004886559327133
76,85,586,-0.10827027261257172,-0.10912539809942245,-0.11020208895206451,-0.11165604740381241,-0.0014539584517478943,-0.0025306493043899536,-0.0005988329648971558,0.0011644791811704636,0.0006425875471904874,0.0004886581446044147
77,77,586,-0.17769593000411987,-0.17671091854572296,-0.18174953758716583,-0.18062591552734375,0.0011236220598220825,-0.003914996981620789,0.0001386106014251709,0.0011644792975857854,0.0006425873143598437,0.0004886611131951213
78,77,586,-0.20733428001403809,-0.20698094367980957,-0.21001800894737244,-0.20961154997348785,0.0004064589738845825,-0.0026306062936782837,5.3122639656066895e-05,0.0011644790647551417,0.0006425875471904874,0.0004886578535661101
79,85,585,-0.1642042100429535,-0.1652391403913498,-0.1655847728252411,-0.16768312454223633,-0.0020983517169952393,-0.0024439841508865356,-0.001063421368598938,0.0011644791811704636,0.0006425874307751656,0.0004886595415882766
80,93,588,-0.1557859182357788,-0.1569642275571823,-0.1565663069486618,-0.15752917528152466,-0.000962868332862854,-0.0005649477243423462,0.00021544098854064941,0.0011644791811704636,0.0006425875471904874,0.0004886580281890929
81,103,63,-0.16889983415603638,-0.16953317821025848,-0.1706366240978241,-0.17178580164909363,-0.0011491775512695312,-0.002252623438835144,-0.0005158334970474243,0.0011644790647551417,0.0006425876636058092,0.0004886563983745873
82,77,586,-0.11301236599683762,-0.11305856704711914,-0.11487379670143127,-0.11569339036941528,-0.0008195936679840088,-0.0026348233222961426,-0.0007733926177024841,0.0011644791811704636,0.0006425874889828265,0.0004886588430963457
83,101,600,-0.18563412129878998,-0.18501365184783936,-0.18529778718948364,-0.1857190877199173,-0.0004213005304336548,-0.0007054358720779419,-0.0010417699813842773,0.0011644790647551417,0.0006425876053981483,0.0004886573879048228
84,77,400,-0.16178010404109955,-0.16074733436107635,-0.1623816192150116,-0.1620156317949295,0.0003659874200820923,-0.0012682974338531494,-0.0006667822599411011,0.0011644791811704636,0.0006425874307751656,0.0004886595415882766
85,77,388,-0.16742004454135895,-0.1663808822631836,-0.16918672621250153,-0.16855043172836304,0.0006362944841384888,-0.0021695494651794434,-0.00040286779403686523,0.0011644791811704636,0.0006425875471904874,0.0004886582610197365
86,77,0,-0.15602700412273407,-0.15419599413871765,-0.15785080194473267,-0.15566988289356232,0.002180919051170349,-0.0014738887548446655,0.00034990906715393066,0.0011644791811704636,0.0006425874889828265,0.0004886588430963457
87,77,723,-0.16093450784683228,-0.16063189506530762,-0.16082769632339478,-0.1625928431749344,-0.0017651468515396118,-0.00196094810962677,-0.00206775963306427,0.0011644790647551417,0.0006425876636058092,0.0004886559909209609
88,85,607,-0.11138318479061127,-0.11214809864759445,-0.11409476399421692,-0.11485946923494339,-0.000764705240726471,-0.002711370587348938,2.086162567138672e-07,0.0011644790647551417,0.0006425876053981483,0.00048865657299757
89,85,723,-0.11726537346839905,-0.11776532232761383,-0.11938323080539703,-0.119443379342556,-6.0148537158966064e-05,-0.0016780570149421692,0.00043980032205581665,0.00116447894833982,0.000642587780021131,0.0004886548849754035
90,77,586,-0.1614200919866562,-0.16019102931022644,-0.1655658483505249,-0.16417758166790009,0.001388266682624817,-0.003986552357673645,0.00015920400619506836,0.0011644790647551417,0.0006425876053981483,0.0004886574461124837
91,82,608,-0.14858923852443695,-0.14945077896118164,-0.14899678528308868,-0.150926873087883,-0.0019300878047943115,-0.001476094126701355,-0.0010685473680496216,0.0011644791811704636,0.0006425874889828265,0.0004886587848886847
92,83,143,-0.14277265965938568,-0.14204205572605133,-0.13766367733478546,-0.13601040840148926,0.0016532689332962036,0.006031647324562073,0.000922664999961853,0.0011644792975857854,0.0006425873143598437,0.0004886614042334259
93,88,142,-0.14334243535995483,-0.14485347270965576,-0.14093659818172455,-0.14294704794883728,-0.002010449767112732,0.0019064247608184814,-0.0004994124174118042,0.0011644790647551417,0.0006425875471904874,0.0004886574461124837
94,82,607,-0.11125041544437408,-0.11080971360206604,-0.11415360867977142,-0.11303502321243286,0.001118585467338562,-0.0022253096103668213,0.0006778836250305176,0.0011644790647551417,0.0006425876636058092,0.0004886561655439436
95,82,607,-0.13468214869499207,-0.13479623198509216,-0.1380339115858078,-0.13792245090007782,0.00011146068572998047,-0.0031262189149856567,0.00022554397583007812,0.0011644790647551417,0.0006425875471904874,0.0004886574461124837
96,101,765,-0.1352720409631729,-0.1360866278409958,-0.13357609510421753,-0.13661815226078033,-0.003042057156562805,-0.0005315244197845459,-0.002227470278739929,0.0011644792975857854,0.0006425873725675046,0.0004886603564955294
97,83,736,-0.17903254926204681,-0.1794465333223343,-0.17854581773281097,-0.17853672802448273,9.08970832824707e-06,0.0009098052978515625,0.00042307376861572266,0.0011644792975857854,0.0006425873143598437,0.0004886615788564086
98,82,608,-0.10094735771417618,-0.10257471352815628,-0.10204777121543884,-0.1045035570859909,-0.002455785870552063,-0.0019288435578346252,-0.0008284300565719604,0.0011644791811704636,0.0006425873725675046,0.0004886598908342421
99,85,586,-0.16261591017246246,-0.16363610327243805,-0.16379520297050476,-0.16522829234600067,-0.0014330893754959106,-0.001592189073562622,-0.0004128962755203247,0.0011644790647551417,0.0006425876053981483,0.0004886569222435355
100,82,586,-0.18428389728069305,-0.1847531497478485,-0.1870565414428711,-0.18811990320682526,-0.0010633617639541626,-0.0033667534589767456,-0.0005941092967987061,0.0011644791811704636,0.0006425873725675046,0.0004886601236648858
101,83,586,-0.15087011456489563,-0.15174740552902222,-0.15391303598880768,-0.15427136421203613,-0.0003583282232284546,-0.002523958683013916,0.0005189627408981323,0.0011644792975857854,0.0006425873725675046,0.0004886605311185122
102,88,586,-0.07972683012485504,-0.08137724548578262,-0.08096065372228622,-0.08306796103715897,-0.0021073073148727417,-0.0016907155513763428,-0.0004568919539451599,0.0011644791811704636,0.0006425875471904874,0.000488657911773771
103,82,139,-0.09613577276468277,-0.09585808217525482,-0.0964258462190628,-0.09632450342178345,0.00010134279727935791,-0.0004664212465286255,-0.0001763477921485901,0.0011644791811704636,0.0006425874889828265,0.000488658610265702
104,114,559,-0.20406639575958252,-0.20457890629768372,-0.20768895745277405,-0.20904646813869476,-0.0013575106859207153,-0.004467561841011047,-0.000845000147819519,0.0011644791811704636,0.0006425876053981483,0.0004886584938503802
105,114,308,-0.14976558089256287,-0.15084028244018555,-0.1541825234889984,-0.15642587840557098,-0.002243354916572571,-0.005585595965385437,-0.0011686533689498901,0.0011644791811704636,0.0006425874889828265,0.0004886601818725467
106,106,123,-0.11877232789993286,-0.11757300794124603,-0.11924417316913605,-0.11727887392044067,0.0019652992486953735,0.0002941340208053589,0.0007659792900085449,0.0011644790647551417,0.0006425877218134701,0.0004886568640358746
107,112,346,-0.23857377469539642,-0.2396257221698761,-0.24426954984664917,-0.24577921628952026,-0.0015096664428710938,-0.006153494119644165,-0.00045771896839141846,0.0011644791811704636,0.0006425874889828265,0.0004886592505499721
108,108,646,-0.11977538466453552,-0.11984270066022873,-0.12458930909633636,-0.12358623743057251,0.001003071665763855,-0.0037435367703437805,0.0010703876614570618,0.0011644790647551417,0.0006425876636058092,0.0004886569804511964
109,106,139,-0.11375448852777481,-0.11413991451263428,-0.1209942176938057,-0.12147095054388046,-0.00047673285007476807,-0.007331036031246185,-9.130686521530151e-05,0.0011644792975857854,0.0006425873725675046,0.0004886612296104431
110,109,132,-0.17574845254421234,-0.17594242095947266,-0.17955245077610016,-0.17937937378883362,0.00017307698726654053,-0.003436952829360962,0.00036704540252685547,0.0011644791811704636,0.0006425875471904874,0.0004886587266810238
111,106,350,-0.07853788137435913,-0.07875965535640717,-0.08020825684070587,-0.08147943764925003,-0.001271180808544159,-0.002719782292842865,-0.0010494068264961243,0.0011644790647551417,0.0006425876636058092,0.0004886575043201447
112,106,633,-0.21667727828025818,-0.21660912036895752,-0.22226527333259583,-0.22184525430202484,0.0004200190305709839,-0.005236133933067322,0.0003518611192703247,0.0011644790647551417,0.0006425876636058092,0.0004886571550741792
113,135,1038,-0.2141842395067215,-0.2144307941198349,-0.2138461321592331,-0.2138315588235855,1.4573335647583008e-05,0.0005992352962493896,0.00026112794876098633,0.0011644792975857854,0.0006425873143598437,0.0004886616370640695
114,135,920,-0.20035022497177124,-0.20062601566314697,-0.20301486551761627,-0.20373207330703735,-0.0007172077894210815,-0.003106057643890381,-0.0004414170980453491,0.0011644790647551417,0.000642587780021131,0.0004886555252596736
115,135,990,-0.20216107368469238,-0.20148713886737823,-0.20074646174907684,-0.19959308207035065,0.0011533796787261963,0.0018940567970275879,0.00047944486141204834,0.0011644791811704636,0.0006425874889828265,0.0004886589013040066
116,126,1034,-0.208327978849411,-0.20909714698791504,-0.21052899956703186,-0.21315696835517883,-0.0026279687881469727,-0.004059821367263794,-0.0018588006496429443,0.0011644792975857854,0.0006425874307751656,0.0004886605311185122
117,135,1038,-0.22820493578910828,-0.22830046713352203,-0.22884494066238403,-0.22937102615833282,-0.0005260854959487915,-0.001070559024810791,-0.0004305541515350342,0.0011644791811704636,0.0006425874889828265,0.0004886592505499721
118,126,990,-0.27224981784820557,-0.2726011276245117,-0.2732495665550232,-0.27410823106765747,-0.0008586645126342773,-0.001507103443145752,-0.000507354736328125,0.0011644792975857854,0.0006425873725675046,0.0004886604729108512
119,135,1041,-0.2138383835554123,-0.2141183614730835,-0.21508058905601501,-0.215984046459198,-0.0009034574031829834,-0.001865684986114502,-0.0006234794855117798,0.0011644792975857854,0.0006425873725675046,0.0004886611131951213
120,135,994,-0.1406819224357605,-0.1408875435590744,-0.13969387114048004,-0.1394120156764984,0.0002818554639816284,0.0014755278825759888,0.0004874765872955322,0.0011644792975857854,0.0006425873725675046,0.0004886609385721385
121,118,304,-0.22109419107437134,-0.22199738025665283,-0.2235489934682846,-0.2252492606639862,-0.0017002671957015991,-0.003251880407333374,-0.000797078013420105,0.0011644791811704636,0.0006425875471904874,0.0004886584356427193
122,115,157,-0.24254338443279266,-0.24157357215881348,-0.2424812763929367,-0.24045780301094055,0.002023473381996155,0.0011157691478729248,0.0010536611080169678,0.0011644791811704636,0.0006425874307751656,0.000488659949041903
123,115,157,-0.2541874647140503,-0.2536641061306,-0.25769349932670593,-0.25752395391464233,0.00016954541206359863,-0.0038598477840423584,-0.00035381317138671875,0.0011644794140011072,0.0006425871979445219,0.0004886633832938969
124,118,269,-0.22695192694664001,-0.22768886387348175,-0.23019713163375854,-0.23196211457252502,-0.0017649829387664795,-0.004273250699043274,-0.0010280460119247437,0.0011644790647551417,0.0006425877218134701,0.0004886560491286218
125,115,417,-0.15697450935840607,-0.15682679414749146,-0.16195175051689148,-0.1617741733789444,0.00017757713794708252,-0.004947379231452942,2.9861927032470703e-05,0.0011644791811704636,0.0006425874889828265,0.0004886598326265812
126,142,20,-0.20517966151237488,-0.20535755157470703,-0.21094253659248352,-0.21239328384399414,-0.0014507472515106201,-0.007035732269287109,-0.0012728571891784668,0.0011644790647551417,0.0006425876053981483,0.0004886577371507883
127,118,231,-0.2137698084115982,-0.21249690651893616,-0.21622511744499207,-0.2153099775314331,0.00091513991355896,-0.0028130710124969482,-0.0003577619791030884,0.0011644791811704636,0.0006425875471904874,0.0004886592505499721
128,118,301,-0.15409810841083527,-0.1541198194026947,-0.15440398454666138,-0.15455585718154907,-0.0001518726348876953,-0.0004360377788543701,-0.00013016164302825928,0.0011644790647551417,0.0006425876636058092,0.000488657271489501
129,118,157,-0.18871872127056122,-0.18848377466201782,-0.18946658074855804,-0.18953704833984375,-7.046759128570557e-05,-0.0010532736778259277,-0.00030541419982910156,0.0011644790647551417,0.0006425876636058092,0.0004886572132818401
130,118,98,-0.22455328702926636,-0.22488851845264435,-0.22544647753238678,-0.2266739010810852,-0.0012274235486984253,-0.001785382628440857,-0.0008921921253204346,0.0011644791811704636,0.0006425874307751656,0.0004886598908342421
131,115,745,-0.18385058641433716,-0.18346405029296875,-0.18201465904712677,-0.1814863383769989,0.0005283206701278687,0.0019777119159698486,0.00014178454875946045,0.0011644792975857854,0.0006425873725675046,0.0004886610549874604
132,121,111,-0.2367716133594513,-0.23610202968120575,-0.23527778685092926,-0.2345287799835205,0.0007490068674087524,0.0015732496976852417,7.942318916320801e-05,0.0011644791811704636,0.0006425875471904874,0.0004886581446044147
133,115,703,-0.24262027442455292,-0.2430029809474945,-0.24064932763576508,-0.24167096614837646,-0.0010216385126113892,0.001332014799118042,-0.0006389319896697998,0.0011644794140011072,0.000642587139736861,0.0004886636743322015
134,120,751,-0.18778124451637268,-0.18931232392787933,-0.18628600239753723,-0.19013690948486328,-0.00385090708732605,-0.0008245855569839478,-0.002319827675819397,0.0011644791811704636,0.0006425874889828265,0.0004886594833806157
135,118,783,-0.18270280957221985,-0.18333372473716736,-0.184381902217865,-0.1860215961933136,-0.0016396939754486084,-0.0026878714561462402,-0.0010087788105010986,0.00116447894833982,0.000642587838228792,0.0004886548267677426
136,120,57,-0.21365205943584442,-0.21370595693588257,-0.21783915162086487,-0.21888409554958344,-0.001044943928718567,-0.005178138613700867,-0.00099104642868042,0.0011644790647551417,0.0006425877218134701,0.0004886563401669264
137,135,51,-0.19658347964286804,-0.19728970527648926,-0.19775906205177307,-0.19875559210777283,-0.0009965300559997559,-0.0014658868312835693,-0.00029030442237854004,0.0011644792975857854,0.0006425873725675046,0.0004886608803644776
138,115,22,-0.2162071168422699,-0.21618184447288513,-0.2134416103363037,-0.21332134306430817,0.00012026727199554443,0.0028605014085769653,9.499490261077881e-05,0.0011644791811704636,0.0006425874889828265,0.0004886595997959375
139,115,100,-0.24629926681518555,-0.24525031447410583,-0.24589332938194275,-0.24459335207939148,0.0012999773025512695,0.0006569623947143555,0.0002510249614715576,0.0011644792975857854,0.0006425873725675046,0.0004886607639491558
140,118,100,-0.2232729196548462,-0.22163282334804535,-0.22010667622089386,-0.2191980630159378,0.0009086132049560547,0.002434760332107544,-0.0007314831018447876,0.0011644791811704636,0.0006425874889828265,0.0004886592505499721
141,115,723,-0.2143348604440689,-0.2143937647342682,-0.21666014194488525,-0.21634353697299957,0.00031660497188568115,-0.0019497722387313843,0.00037550926208496094,0.0011644791811704636,0.0006425874889828265,0.0004886594251729548
142,118,57,-0.1800767183303833,-0.1804262101650238,-0.182361900806427,-0.18303009867668152,-0.0006681978702545166,-0.002603888511657715,-0.00031870603561401367,0.0011644791811704636,0.0006425876053981483,0.000488658610265702
143,135,157,-0.2041955292224884,-0.20383016765117645,-0.2045692801475525,-0.20378491282463074,0.0007843673229217529,4.525482654571533e-05,0.00041900575160980225,0.0011644791811704636,0.0006425874889828265,0.000488659308757633
144,120,157,-0.23909476399421692,-0.23946937918663025,-0.24329879879951477,-0.24434560537338257,-0.0010468065738677979,-0.004876226186752319,-0.0006721913814544678,0.0011644792975857854,0.0006425873725675046,0.0004886605893261731
145,135,716,-0.30104848742485046,-0.30179810523986816,-0.3017791211605072,-0.30276450514793396,-0.0009853839874267578,-0.0009663999080657959,-0.00023576617240905762,0.0011644791811704636,0.0006425874889828265,0.0004886586684733629
146,120,448,-0.2294251024723053,-0.23059876263141632,-0.2308298945426941,-0.23327170312404633,-0.002441808581352234,-0.002672940492630005,-0.001268148422241211,0.0011644791811704636,0.0006425874889828265,0.0004886591923423111
147,169,559,-0.3287096619606018,-0.3310120105743408,-0.3315638303756714,-0.3364614248275757,-0.004897594451904297,-0.005449414253234863,-0.002595245838165283,0.0011644792975857854,0.0006425873725675046,0.000488660647533834
148,162,246,-0.22673946619033813,-0.22636038064956665,-0.22833919525146484,-0.22801941633224487,0.0003197789192199707,-0.0016590356826782227,-5.930662155151367e-05,0.0011644792975857854,0.0006425873143598437,0.0004886611131951213
149,162,559,-0.26195886731147766,-0.26299765706062317,-0.26222747564315796,-0.2642786502838135,-0.0020511746406555176,-0.0012809932231903076,-0.0010123848915100098,0.0011644794140011072,0.0006425871979445219,0.0004886631504632533
150,169,559,-0.27383437752723694,-0.2758142948150635,-0.2732102572917938,-0.2770249843597412,-0.0038147270679473877,-0.0012106895446777344,-0.0018348097801208496,0.0011644791811704636,0.0006425874307751656,0.0004886595415882766
151,169,233,-0.219312384724617,-0.22165706753730774,-0.22425219416618347,-0.22886250913143158,-0.004610314965248108,-0.00720544159412384,-0.002265632152557373,0.0011644792975857854,0.0006425873143598437,0.0004886614624410868
152,169,190,-0.19679129123687744,-0.19861248135566711,-0.198478564620018,-0.2022295892238617,-0.003751024603843689,-0.00361710786819458,-0.0019298344850540161,0.0011644792975857854,0.0006425874307751656,0.0004886601818725467
153,162,189,-0.2414313405752182,-0.24113887548446655,-0.24206005036830902,-0.2421654760837555,-0.00010542571544647217,-0.0010266005992889404,-0.0003978908061981201,0.0011644792975857854,0.0006425873725675046,0.0004886611131951213
154,169,384,-0.20484566688537598,-0.20691129565238953,-0.20676399767398834,-0.21058720350265503,-0.003823205828666687,-0.003675907850265503,-0.0017575770616531372,0.0011644794140011072,0.0006425871979445219,0.000488662684801966
155,162,304,-0.22341963648796082,-0.22490781545639038,-0.22461186349391937,-0.2274349182844162,-0.002823054790496826,-0.002527102828025818,-0.0013348758220672607,0.0011644792975857854,0.0006425872561521828,0.0004886619281023741
156,162,638,-0.22755447030067444,-0.22782693803310394,-0.22540323436260223,-0.2257930487394333,-0.0003898143768310547,0.0020338892936706543,-0.00011734664440155029,0.0011644791811704636,0.0006425874307751656,0.0004886595415882766
157,150,632,-0.268492192029953,-0.26982492208480835,-0.2708146870136261,-0.27234357595443726,-0.0015288889408111572,-0.0025186538696289062,-0.00019615888595581055,0.0011644791811704636,0.0006425874307751656,0.0004886595997959375
158,150,632,-0.28871461749076843,-0.2896428406238556,-0.2916902005672455,-0.29280808568000793,-0.0011178851127624512,-0.0031652450561523438,-0.00018966197967529297,0.0011644791811704636,0.0006425874307751656,0.0004886593669652939
159,152,34,-0.2663824260234833,-0.2671077847480774,-0.2696686089038849,-0.2709263265132904,-0.0012577176094055176,-0.0038185417652130127,-0.0005323588848114014,0.0011644792975857854,0.0006425873143598437,0.000488661287818104
160,155,402,-0.31904956698417664,-0.32087910175323486,-0.31396782398223877,-0.3142031729221344,-0.00023534893989562988,0.006675928831100464,0.0015941858291625977,0.001164479530416429,0.0006425870233215392,0.0004886651295237243
161,155,86,-0.23107394576072693,-0.2311330884695053,-0.22831468284130096,-0.22790199518203735,0.00041268765926361084,0.0032310932874679565,0.0004718303680419922,0.0011644792975857854,0.0006425873725675046,0.0004886602400802076
162,150,736,-0.19722335040569305,-0.19767653942108154,-0.20055575668811798,-0.20093406736850739,-0.0003783106803894043,-0.0032575279474258423,7.487833499908447e-05,0.0011644794140011072,0.0006425870815292001,0.0004886634997092187
163,150,309,-0.21320022642612457,-0.2131415456533432,-0.2167883664369583,-0.21584269404411316,0.0009456723928451538,-0.0027011483907699585,0.0008869916200637817,0.0011644792975857854,0.0006425873143598437,0.0004886610549874604
164,155,736,-0.2374444603919983,-0.23944176733493805,-0.2398182898759842,-0.24355962872505188,-0.003741338849067688,-0.004117861390113831,-0.0017440319061279297,0.0011644794140011072,0.0006425871979445219,0.000488662626594305
165,150,736,-0.19969932734966278,-0.19998027384281158,-0.20127731561660767,-0.20146013796329498,-0.0001828223466873169,-0.0014798641204833984,9.812414646148682e-05,0.0011644792975857854,0.0006425873143598437,0.0004886615206487477
166,150,736,-0.18503054976463318,-0.18565836548805237,-0.19053640961647034,-0.1913197934627533,-0.000783383846282959,-0.005661427974700928,-0.00015556812286376953,0.0011644792975857854,0.0006425873143598437,0.0004886610549874604
167,149,214,-0.268020361661911,-0.26982492208480835,-0.27404218912124634,-0.2767260670661926,-0.002683877944946289,-0.006901144981384277,-0.0008793175220489502,0.0011644791811704636,0.0006425874889828265,0.000488658610265702
168,155,736,-0.20846673846244812,-0.210060715675354,-0.20920869708061218,-0.21247299015522003,-0.003264293074607849,-0.002412274479866028,-0.0016703158617019653,0.0011644791811704636,0.0006425873725675046,0.0004886600654572248
169,150,405,-0.23113633692264557,-0.23024331033229828,-0.23472829163074493,-0.2323649376630783,0.002363353967666626,-0.0021216273307800293,0.001470327377319336,0.0011644791811704636,0.0006425874307751656,0.0004886595997959375
170,155,736,-0.24250131845474243,-0.24416525661945343,-0.24155178666114807,-0.24516449868679047,-0.003612712025642395,-0.0009992420673370361,-0.0019487738609313965,0.0011644792975857854,0.0006425871979445219,0.0004886625101789832
171,179,125,-0.16043385863304138,-0.16133984923362732,-0.15805044770240784,-0.158330500125885,-0.00028005242347717285,0.0030093491077423096,0.0006259381771087646,0.0011644792975857854,0.0006425872561521828,0.0004886614624410868
172,179,688,-0.10062197595834732,-0.1013508215546608,-0.09958541393280029,-0.10022426396608353,-0.0006388500332832336,0.0011265575885772705,8.999556303024292e-05,0.0011644791811704636,0.0006425874307751656,0.000488659308757633
173,180,366,-0.13844363391399384,-0.14012466371059418,-0.14267292618751526,-0.14516103267669678,-0.0024881064891815186,-0.0050363689661026,-0.0008070766925811768,0.00116447894833982,0.000642587780021131,0.0004886550595983863
174,181,391,-0.08634310215711594,-0.08635066449642181,-0.08836717158555984,-0.08930592238903046,-0.0009387508034706116,-0.0029552578926086426,-0.0009311884641647339,0.0011644790647551417,0.0006425877218134701,0.0004886558745056391
175,178,314,-0.1261860877275467,-0.1260107159614563,-0.1277250051498413,-0.1276925504207611,3.2454729080200195e-05,-0.0016818344593048096,-0.00014291703701019287,0.00116447894833982,0.000642587838228792,0.0004886540700681508
176,179,34,-0.1333131045103073,-0.1323643922805786,-0.1312459111213684,-0.1296098828315735,0.0016360282897949219,0.002754509449005127,0.0006873160600662231,0.0011644792975857854,0.0006425873725675046,0.0004886607639491558
177,191,205,-0.17336386442184448,-0.1731264740228653,-0.17465341091156006,-0.1744888424873352,0.00016456842422485352,-0.0013623684644699097,-7.28219747543335e-05,0.0011644792975857854,0.0006425873143598437,0.0004886613460257649
178,191,240,-0.1342114508152008,-0.1345079094171524,-0.13557524979114532,-0.1363263875246048,-0.0007511377334594727,-0.0018184781074523926,-0.00045467913150787354,0.0011644792975857854,0.0006425873725675046,0.0004886607639491558
179,186,611,-0.21631675958633423,-0.2162395417690277,-0.2147507667541504,-0.21440179646015167,0.00034897029399871826,0.0018377453088760376,0.0002717524766921997,0.0011644794140011072,0.0006425871979445219,0.0004886629176326096
180,194,240,-0.14182816445827484,-0.14117169380187988,-0.14123423397541046,-0.14034591615200043,0.0008883178234100342,0.0008257776498794556,0.00023184716701507568,0.0011644792975857854,0.0006425873725675046,0.0004886604147031903
181,194,34,-0.15038222074508667,-0.14962737262248993,-0.14972127974033356,-0.14828306436538696,0.0014382153749465942,0.0013443082571029663,0.0006833672523498535,0.0011644792975857854,0.0006425873143598437,0.0004886609967797995
182,194,611,-0.16997811198234558,-0.1692730337381363,-0.16856856644153595,-0.16724391281604767,0.0013246536254882812,0.002029120922088623,0.0006195753812789917,0.0011644792975857854,0.0006425873143598437,0.000488661986310035
183,194,557,-0.11683987081050873,-0.11603371798992157,-0.11735240370035172,-0.11607182025909424,0.0012805834412574768,-3.810226917266846e-05,0.0004744306206703186,0.0011644791811704636,0.0006425874307751656,0.0004886593669652939
184,191,323,-0.11493191868066788,-0.11649949848651886,-0.11595357954502106,-0.11867266148328781,-0.002719081938266754,-0.0021731629967689514,-0.0011515021324157715,0.0011644792975857854,0.0006425872561521828,0.0004886618116870522
185,191,688,-0.09767848253250122,-0.09839960187673569,-0.09666598588228226,-0.0981021597981453,-0.0014361739158630371,0.00029744207859039307,-0.0007150545716285706,0.0011644791811704636,0.0006425874307751656,0.000488659308757633
186,191,688,-0.13986927270889282,-0.13944801688194275,-0.14062488079071045,-0.14009441435337067,0.0005304664373397827,-0.0006463974714279175,0.00010921061038970947,0.0011644792975857854,0.0006425872561521828,0.0004886622773483396
187,194,611,-0.1935117244720459,-0.19274863600730896,-0.19254615902900696,-0.1910957545042038,0.0014504045248031616,0.0016528815031051636,0.0006873160600662231,0.0011644792975857854,0.0006425873143598437,0.0004886622773483396
188,194,611,-0.17300865054130554,-0.1722618043422699,-0.17139457166194916,-0.16972704231739044,0.0016675293445587158,0.0025347620248794556,0.0009206831455230713,0.0011644791811704636,0.0006425874889828265,0.0004886581446044147
189,194,449,-0.1236981600522995,-0.12279024720191956,-0.12320594489574432,-0.12203146517276764,0.0011744797229766846,0.0007587820291519165,0.0002665668725967407,0.0011644792975857854,0.0006425873143598437,0.0004886604147031903
190,207,862,-0.4440755546092987,-0.44514214992523193,-0.44349196553230286,-0.44497108459472656,-0.001479119062423706,0.0001710653305053711,-0.0004125237464904785,0.001164479530416429,0.0006425869651138783,0.0004886667593382299
191,207,862,-0.3949809670448303,-0.3952096998691559,-0.3968285322189331,-0.3974902033805847,-0.0006616711616516113,-0.002280503511428833,-0.0004329383373260498,0.0011644794140011072,0.000642587139736861,0.0004886643728241324
192,207,862,-0.4028076231479645,-0.40288835763931274,-0.4041714668273926,-0.40429380536079407,-0.00012233853340148926,-0.0014054477214813232,-4.1604042053222656e-05,0.0011644794140011072,0.0006425871979445219,0.0004886628012172878
193,207,862,-0.48722487688064575,-0.4883415997028351,-0.49040451645851135,-0.49145016074180603,-0.0010456442832946777,-0.0031085610389709473,7.107853889465332e-05,0.001164479530416429,0.0006425869651138783,0.0004886663518846035
194,213,862,-0.5044822692871094,-0.506327211856842,-0.5059600472450256,-0.5089947581291199,-0.0030347108840942383,-0.002667546272277832,-0.0011897683143615723,0.0011644794140011072,0.0006425871979445219,0.0004886635579168797
195,207,863,-0.4782051146030426,-0.4791763126850128,-0.4785694479942322,-0.4801632761955261,-0.0015938282012939453,-0.0009869635105133057,-0.0006226301193237305,0.0011644796468317509,0.0006425868486985564,0.0004886680981144309
196,213,862,-0.4257609248161316,-0.4271900951862335,-0.4261198043823242,-0.42824557423591614,-0.002125769853591919,-0.0010554790496826172,-0.0006965994834899902,0.0011644792975857854,0.0006425874307751656,0.0004886600072495639
197,199,192,-0.3109467625617981,-0.3110334873199463,-0.31353411078453064,-0.31334149837493896,0.0001926124095916748,-0.0023080110549926758,0.00027933716773986816,0.0011644792975857854,0.0006425872561521828,0.0004886613460257649
198,199,192,-0.3150582015514374,-0.3146139681339264,-0.31769028306007385,-0.3163517117500305,0.001338571310043335,-0.001737743616104126,0.0008943378925323486,0.0011644792975857854,0.0006425873143598437,0.0004886612296104431
199,203,523,-0.4013209640979767,-0.40152958035469055,-0.4033292829990387,-0.4020460546016693,0.0012832283973693848,-0.0005164742469787598,0.001491844654083252,0.0011644790647551417,0.0006425875471904874,0.0004886572132818401
200,202,557,-0.21732594072818756,-0.21736560761928558,-0.22023938596248627,-0.2214013785123825,-0.0011619925498962402,-0.004035770893096924,-0.0011223256587982178,0.0011644794140011072,0.000642587139736861,0.0004886634997092187
201,199,742,-0.2248961180448532,-0.2235269993543625,-0.2316640317440033,-0.2297067642211914,0.0019572675228118896,-0.0061797648668289185,0.000588148832321167,0.0011644792975857854,0.0006425872561521828,0.0004886620445176959
202,202,384,-0.37887099385261536,-0.37837713956832886,-0.3842182159423828,-0.3839999735355377,0.00021824240684509277,-0.005622833967208862,-0.00027561187744140625,0.0011644792975857854,0.0006425873143598437,0.0004886607639491558
203,202,741,-0.3378739058971405,-0.3374263644218445,-0.3423044979572296,-0.34169164299964905,0.0006128549575805664,-0.004265278577804565,0.0001653134822845459,0.0011644792975857854,0.0006425873143598437,0.0004886610549874604
204,202,442,-0.347164124250412,-0.34839826822280884,-0.34911391139030457,-0.3513343632221222,-0.002220451831817627,-0.0029360949993133545,-0.0009863078594207764,0.0011644792975857854,0.0006425873143598437,0.0004886609967797995
205,202,168,-0.4181850552558899,-0.41794925928115845,-0.42577168345451355,-0.4255062937736511,0.00026538968086242676,-0.007557034492492676,2.9593706130981445e-05,0.0011644792975857854,0.0006425873143598437,0.0004886610549874604
206,202,625,-0.3197191655635834,-0.3206178545951843,-0.31985142827033997,-0.3205522298812866,-0.0007008016109466553,6.562471389770508e-05,0.00019788742065429688,0.0011644792975857854,0.0006425872561521828,0.0004886621609330177
207,202,125,-0.32315492630004883,-0.32411763072013855,-0.3265647888183594,-0.32825398445129395,-0.0016891956329345703,-0.0041363537311553955,-0.0007264912128448486,0.0011644792975857854,0.0006425873725675046,0.0004886609967797995
208,226,244,-0.17159944772720337,-0.1725703626871109,-0.17376841604709625,-0.1750616729259491,-0.0012932568788528442,-0.002491310238838196,-0.0003223419189453125,0.0011644791811704636,0.0006425876053981483,0.0004886581446044147
209,226,349,-0.142909973859787,-0.144414484500885,-0.1441202014684677,-0.1460985690355301,-0.001978367567062378,-0.0016840845346450806,-0.00047385692596435547,0.0011644790647551417,0.0006425876053981483,0.0004886573879048228
210,226,648,-0.14946986734867096,-0.15033477544784546,-0.14704781770706177,-0.1476820707321167,-0.0006342530250549316,0.0026527047157287598,0.00023065507411956787,0.0011644790647551417,0.000642587780021131,0.0004886558745056391
211,224,308,-0.18980440497398376,-0.18937988579273224,-0.1904895007610321,-0.19008561968803406,0.0004038810729980469,-0.0007057338953018188,-2.0638108253479004e-05,0.0011644791811704636,0.0006425875471904874,0.0004886587848886847
212,224,308,-0.18337568640708923,-0.18286427855491638,-0.18275584280490875,-0.18269650638103485,5.933642387390137e-05,0.00016777217388153076,-0.0004520714282989502,0.0011644790647551417,0.000642587780021131,0.0004886555252596736
213,224,229,-0.1556505262851715,-0.15530717372894287,-0.15665052831172943,-0.15538346767425537,0.00126706063747406,-7.62939453125e-05,0.0009237080812454224,0.0011644791811704636,0.0006425874889828265,0.0004886593669652939
214,230,239,-0.22073107957839966,-0.22073869407176971,-0.2248581051826477,-0.22503980994224548,-0.00018170475959777832,-0.004301115870475769,-0.00017409026622772217,0.0011644791811704636,0.0006425874889828265,0.0004886592505499721
215,232,326,-0.22559888660907745,-0.22579126060009003,-0.2266700714826584,-0.22682404518127441,-0.00015397369861602783,-0.0010327845811843872,3.840029239654541e-05,0.0011644790647551417,0.0006425877218134701,0.0004886569804511964
216,229,559,-0.16350418329238892,-0.16391761600971222,-0.16161848604679108,-0.16327720880508423,-0.0016587227582931519,0.0006404072046279907,-0.0012452900409698486,0.0011644792975857854,0.0006425873725675046,0.0004886611714027822
217,235,557,-0.1199345663189888,-0.1196039617061615,-0.11867579817771912,-0.11842018365859985,0.0002556145191192627,0.0011837780475616455,-7.499009370803833e-05,0.0011644792975857854,0.0006425872561521828,0.0004886622773483396
218,229,307,-0.19240547716617584,-0.1941681057214737,-0.19229650497436523,-0.19570711255073547,-0.0034106075763702393,-0.0015390068292617798,-0.0016479790210723877,0.0011644792975857854,0.0006425872561521828,0.0004886617534793913
219,232,182,-0.11450385302305222,-0.11387766897678375,-0.11587389558553696,-0.11462091654539108,0.001252979040145874,-0.0007432475686073303,0.0006267949938774109,0.0011644792975857854,0.0006425873725675046,0.0004886607639491558
220,230,610,-0.15254265069961548,-0.15261608362197876,-0.15730786323547363,-0.15739299356937408,-8.513033390045166e-05,-0.004776909947395325,-1.169741153717041e-05,0.0011644792975857854,0.0006425872561521828,0.0004886621027253568
221,232,308,-0.17564265429973602,-0.1754431277513504,-0.17791222035884857,-0.1772530972957611,0.0006591230630874634,-0.0018099695444107056,0.00045959651470184326,0.0011644792975857854,0.0006425873725675046,0.0004886608221568167
222,261,412,-0.13936011493206024,-0.14000731706619263,-0.1380607783794403,-0.1376827359199524,0.00037804245948791504,0.0023245811462402344,0.0010252445936203003,0.001164478831924498,0.0006425880710594356,0.0004886520910076797
223,262,414,-0.12850096821784973,-0.12875133752822876,-0.12528212368488312,-0.12440261244773865,0.0008795112371444702,0.004348725080490112,0.0011298805475234985,0.001164478831924498,0.0006425881292670965,0.0004886507522314787
224,264,496,-0.15668073296546936,-0.15896162390708923,-0.1521647870540619,-0.15574900805950165,-0.0035842210054397583,0.0032126158475875854,-0.0013033300638198853,0.00116447894833982,0.0006425880128517747,0.0004886529641225934
225,262,412,-0.14002901315689087,-0.14208489656448364,-0.1367633193731308,-0.13826943933963776,-0.001506119966506958,0.0038154572248458862,0.0005497634410858154,0.0011644790647551417,0.0006425877218134701,0.0004886562819592655
226,254,496,-0.16467811167240143,-0.16607190668582916,-0.1660449504852295,-0.16869193315505981,-0.0026469826698303223,-0.002620026469230652,-0.0012531876564025879,0.0011644787155091763,0.0006425882456824183,0.0004886495880782604
227,261,358,-0.12230217456817627,-0.12261061370372772,-0.12337373942136765,-0.12367680668830872,-0.00030306726694107056,-0.0010661929845809937,5.37186861038208e-06,0.00116447894833982,0.0006425878964364529,0.0004886536044068635
228,261,412,-0.13929015398025513,-0.138967826962471,-0.13719569146633148,-0.13590164482593536,0.0012940466403961182,0.0030661821365356445,0.0009717196226119995,0.0011644791811704636,0.0006425875471904874,0.0004886588430963457
229,255,129,-0.23334744572639465,-0.23317641019821167,-0.23202811181545258,-0.2317652404308319,0.0002628713846206665,0.0014111697673797607,9.18358564376831e-05,0.0011644791811704636,0.0006425875471904874,0.0004886586684733629
230,254,615,-0.18937085568904877,-0.18891921639442444,-0.19018688797950745,-0.1920344978570938,-0.0018476098775863647,-0.0031152814626693726,-0.0022992491722106934,0.0011644787155091763,0.0006425882456824183,0.0004886494134552777
231,261,615,-0.14815600216388702,-0.14823099970817566,-0.14886616170406342,-0.14972436428070068,-0.0008582025766372681,-0.0014933645725250244,-0.0007832050323486328,0.00116447894833982,0.0006425879546441138,0.0004886530223302543
232,254,530,-0.18306630849838257,-0.1830940693616867,-0.1905129998922348,-0.1911775916814804,-0.0006645917892456055,-0.008083522319793701,-0.0006368309259414673,0.00116447894833982,0.000642587838228792,0.0004886542446911335
233,261,414,-0.13170403242111206,-0.1309989094734192,-0.1302626132965088,-0.12921753525733948,0.0010450780391693115,0.001781374216079712,0.00033995509147644043,0.00116447894833982,0.000642587838228792,0.0004886541282758117
234,261,699,-0.1803642362356186,-0.18078476190567017,-0.18063051998615265,-0.18134571611881256,-0.0007151961326599121,-0.000560954213142395,-0.0002946704626083374,0.00116447894833982,0.000642587780021131,0.0004886548849754035
235,254,496,-0.16953296959400177,-0.16774533689022064,-0.17158439755439758,-0.17067503929138184,0.0009093582630157471,-0.002929702401161194,-0.0008782744407653809,0.001164478831924498,0.0006425881292670965,0.000488650577608496
236,259,496,-0.16754840314388275,-0.16749146580696106,-0.16711615025997162,-0.16607528924942017,0.0010408610105514526,0.0014161765575408936,0.0009839236736297607,0.00116447894833982,0.0006425878964364529,0.0004886544193141162
237,259,473,-0.15641498565673828,-0.15693996846675873,-0.15426376461982727,-0.15506617724895477,-0.0008024126291275024,0.001873791217803955,-0.00027742981910705566,0.00116447894833982,0.0006425878964364529,0.0004886543028987944
238,251,412,-0.11609690636396408,-0.11657814681529999,-0.1141761988401413,-0.11410346627235413,7.273256778717041e-05,0.002474680542945862,0.0005539730191230774,0.0011644791811704636,0.0006425875471904874,0.0004886587848886847
239,249,88,-0.19511105120182037,-0.19464272260665894,-0.1962854266166687,-0.1952890157699585,0.000996410846710205,-0.0006462931632995605,0.0005280822515487671,0.0011644790647551417,0.000642587780021131,0.0004886551178060472
240,257,623,-0.10817171633243561,-0.11049145460128784,-0.11227304488420486,-0.11500273644924164,-0.0027296915650367737,-0.004511281847953796,-0.0004099532961845398,0.0011644791811704636,0.0006425876053981483,0.0004886577371507883
241,254,330,-0.1377267986536026,-0.13906195759773254,-0.13541945815086365,-0.13746380805969238,-0.0020443499088287354,0.0015981495380401611,-0.0007091909646987915,0.00116447894833982,0.0006425878964364529,0.0004886544775217772
242,276,716,-0.21160832047462463,-0.2125859260559082,-0.2161744087934494,-0.21713879704475403,-0.0009643882513046265,-0.004552870988845825,1.3217329978942871e-05,0.00116447894833982,0.000642587838228792,0.0004886548267677426
243,272,347,-0.17654570937156677,-0.17590636014938354,-0.1798166036605835,-0.17842739820480347,0.0013892054557800293,-0.002521038055419922,0.0007498562335968018,0.0011644791811704636,0.0006425874889828265,0.0004886584356427193
244,276,354,-0.19960926473140717,-0.19991205632686615,-0.1998995691537857,-0.20118440687656403,-0.0012848377227783203,-0.001272350549697876,-0.000982046127319336,0.00116447894833982,0.0006425878964364529,0.0004886530223302543
245,270,438,-0.18985013663768768,-0.19077962636947632,-0.18747924268245697,-0.1887107491493225,-0.0012315064668655396,0.0020688772201538086,-0.0003020167350769043,0.0011644790647551417,0.000642587780021131,0.0004886552924290299
246,270,452,-0.10315752029418945,-0.1035151481628418,-0.10060682892799377,-0.10152105242013931,-0.0009142234921455383,0.001994095742702484,-0.0005565956234931946,0.0011644791811704636,0.0006425875471904874,0.0004886585520580411
247,269,438,-0.2721489667892456,-0.270978718996048,-0.27169275283813477,-0.2703622281551361,0.0013305246829986572,0.0006164908409118652,0.0001602768898010254,0.0011644791811704636,0.0006425875471904874,0.000488658610265702
248,269,108,-0.23892921209335327,-0.23779413104057312,-0.2331322431564331,-0.23191675543785095,0.0012154877185821533,0.005877375602722168,8.040666580200195e-05,0.0011644790647551417,0.0006425876053981483,0.0004886576207354665
249,269,465,-0.282781720161438,-0.2813141942024231,-0.281852126121521,-0.279815137386322,0.0020369887351989746,0.0014990568161010742,0.000569462776184082,0.0011644792975857854,0.0006425873143598437,0.0004886612296104431
250,269,319,-0.20382967591285706,-0.20332551002502441,-0.2067089080810547,-0.2069498598575592,-0.0002409517765045166,-0.00362434983253479,-0.0007451176643371582,0.0011644794140011072,0.000642587139736861,0.0004886634415015578
251,270,633,-0.09102726727724075,-0.09179715812206268,-0.08969807624816895,-0.09059109538793564,-0.0008930191397666931,0.0012060627341270447,-0.00012312829494476318,0.0011644790647551417,0.0006425877218134701,0.000488655234221369
252,286,346,-0.21413542330265045,-0.2141895294189453,-0.2154752016067505,-0.21536096930503845,0.00011423230171203613,-0.0011714398860931396,0.00016833841800689697,0.0011644792975857854,0.0006425872561521828,0.0004886622191406786
253,286,742,-0.26223254203796387,-0.2628982663154602,-0.27012157440185547,-0.27148663997650146,-0.001365065574645996,-0.00858837366104126,-0.0006993412971496582,0.0011644792975857854,0.0006425873725675046,0.0004886605311185122
254,286,346,-0.20256513357162476,-0.20260292291641235,-0.20392388105392456,-0.20422469079494476,-0.00030080974102020264,-0.0016217678785324097,-0.000263020396232605,0.0011644792975857854,0.0006425873143598437,0.0004886613460257649
255,283,133,-0.2727649509906769,-0.2731879949569702,-0.27799224853515625,-0.27881112694740295,-0.0008188784122467041,-0.005623131990432739,-0.00039583444595336914,0.0011644792975857854,0.0006425874307751656,0.0004886604147031903
256,283,128,-0.31603550910949707,-0.3161218464374542,-0.32476237416267395,-0.3245217204093933,0.00024065375328063965,-0.008399873971939087,0.00032699108123779297,0.0011644790647551417,0.0006425876636058092,0.0004886575625278056
257,283,346,-0.3473781943321228,-0.34801459312438965,-0.35384106636047363,-0.35564833879470825,-0.0018072724342346191,-0.0076337456703186035,-0.0011708736419677734,0.0011644791811704636,0.0006425874889828265,0.0004886588430963457
258,298,188,-0.3230418562889099,-0.32318201661109924,-0.32341569662094116,-0.3230900466442108,0.0003256499767303467,9.196996688842773e-05,0.00046581029891967773,0.0011644790647551417,0.0006425876053981483,0.0004886574461124837
259,297,319,-0.1648300588130951,-0.1644856333732605,-0.16396579146385193,-0.16334739327430725,0.0006183981895446777,0.001138240098953247,0.000273972749710083,0.00116447894833982,0.000642587838228792,0.0004886543028987944
260,297,189,-0.27205130457878113,-0.2722843289375305,-0.2722707986831665,-0.27250543236732483,-0.0002346336841583252,-0.00022110342979431152,-1.6093254089355469e-06,0.00116447894833982,0.000642587838228792,0.000488654593937099
261,297,188,-0.21218103170394897,-0.21177998185157776,-0.2158348262310028,-0.21541206538677216,0.00042276084423065186,-0.003632083535194397,2.1710991859436035e-05,0.00116447894833982,0.000642587838228792,0.0004886543028987944
262,298,617,-0.19310905039310455,-0.19327141344547272,-0.19476184248924255,-0.19430075585842133,0.00046108663082122803,-0.0010293424129486084,0.0006234496831893921,0.00116447894833982,0.0006425879546441138,0.0004886538372375071
263,298,617,-0.23195935785770416,-0.23172348737716675,-0.2368166595697403,-0.2370201051235199,-0.00020344555377960205,-0.005296617746353149,-0.0004393160343170166,0.00116447894833982,0.0006425878964364529,0.000488654593937099
264,288,656,-0.1450251042842865,-0.14569678902626038,-0.1461569219827652,-0.14745494723320007,-0.0012980252504348755,-0.0017581582069396973,-0.0006263405084609985,0.0011644790647551417,0.000642587780021131,0.0004886556416749954
265,299,113,-0.19266802072525024,-0.19407865405082703,-0.1929289847612381,-0.1941470354795456,-0.0012180507183074951,-6.83814287185669e-05,0.0001925826072692871,0.0011644790647551417,0.0006425877218134701,0.0004886566894128919
266,299,437,-0.23229698836803436,-0.2341030240058899,-0.24021756649017334,-0.24202504754066467,-0.001807481050491333,-0.00792202353477478,-1.4454126358032227e-06,0.0011644790647551417,0.0006425876636058092,0.0004886568640358746
267,304,648,-0.2800018787384033,-0.28006821870803833,-0.27679207921028137,-0.27746883034706116,-0.0006767511367797852,0.002599388360977173,-0.0006104111671447754,0.00116447894833982,0.0006425878964364529,0.0004886539536528289
268,305,375,-0.3649083971977234,-0.3650064170360565,-0.36855536699295044,-0.36788275837898254,0.0006726086139678955,-0.0028763413429260254,0.0007706284523010254,0.001164478831924498,0.0006425880710594356,0.0004886511596851051
269,305,7,-0.2975449860095978,-0.2984422743320465,-0.296728253364563,-0.29775553941726685,-0.0010272860527038574,0.0006867349147796631,-0.00012999773025512695,0.0011644790647551417,0.0006425877218134701,0.0004886554670520127
270,306,375,-0.1932198703289032,-0.1941298395395279,-0.19674524664878845,-0.19753697514533997,-0.0007917284965515137,-0.0034071356058120728,0.00011824071407318115,0.00116447894833982,0.000642587838228792,0.000488654593937099
271,299,269,-0.20857852697372437,-0.210251584649086,-0.2142701894044876,-0.2178778499364853,-0.0036076605319976807,-0.007626265287399292,-0.0019346028566360474,0.00116447894833982,0.0006425880128517747,0.0004886526730842888
272,298,596,-0.20666056871414185,-0.20706437528133392,-0.20752599835395813,-0.20793509483337402,-0.00040909647941589355,-0.0008707195520401001,-5.289912223815918e-06,0.00116447894833982,0.0006425879546441138,0.0004886533133685589
273,298,612,-0.24672643840312958,-0.24681302905082703,-0.24694696068763733,-0.24645444750785828,0.0004925131797790527,0.00035858154296875,0.0005791038274765015,0.00116447894833982,0.0006425878964364529,0.0004886539536528289
274,298,617,-0.28905248641967773,-0.2901037931442261,-0.29027116298675537,-0.29140952229499817,-0.0011383593082427979,-0.0013057291507720947,-8.705258369445801e-05,0.001164478831924498,0.0006425880128517747,0.0004886517999693751
275,298,617,-0.2941894829273224,-0.2951059937477112,-0.2964978814125061,-0.29732945561408997,-0.0008315742015838623,-0.002223461866378784,8.493661880493164e-05,0.00116447894833982,0.000642587838228792,0.0004886550595983863
276,298,98,-0.21448054909706116,-0.21452054381370544,-0.21397219598293304,-0.21417716145515442,-0.0002049654722213745,0.0003433823585510254,-0.0001649707555770874,0.00116447894833982,0.0006425879546441138,0.0004886533133685589
277,317,493,-0.12821252644062042,-0.1277373731136322,-0.12381955981254578,-0.12306053936481476,0.0007590204477310181,0.004676833748817444,0.00028386712074279785,0.001164478831924498,0.0006425880128517747,0.0004886522656306624
278,312,221,-0.08679262548685074,-0.08786962926387787,-0.08852515369653702,-0.08984188735485077,-0.0013167336583137512,-0.0019722580909729004,-0.0002397298812866211,0.001164478831924498,0.0006425881292670965,0.0004886504029855132
279,317,493,-0.17354503273963928,-0.17435574531555176,-0.17069965600967407,-0.17256870865821838,-0.0018690526485443115,0.001787036657333374,-0.001058340072631836,0.0011644787155091763,0.0006425883038900793,0.0004886486567556858
280,317,74,-0.17719660699367523,-0.17703554034233093,-0.17495280504226685,-0.17549917101860046,-0.0005463659763336182,0.0015363693237304688,-0.0007074326276779175,0.0011644785990938544,0.0006425883620977402,0.0004886470851488411
281,313,493,-0.12025809288024902,-0.11972448974847794,-0.12037374079227448,-0.1199277862906456,0.00044595450162887573,-0.00020329654216766357,-8.764863014221191e-05,0.0011644787155091763,0.0006425882456824183,0.0004886492388322949
282,312,221,-0.08689144253730774,-0.08797155320644379,-0.08768366277217865,-0.08856946229934692,-0.0008857995271682739,-0.0005979090929031372,0.00019431114196777344,0.001164478831924498,0.0006425880128517747,0.000488651916384697
283,313,221,-0.10608275234699249,-0.10606160759925842,-0.10776792466640472,-0.10741818696260452,0.0003497377038002014,-0.0013565793633460999,0.0003285929560661316,0.0011644790647551417,0.0006425877218134701,0.0004886568640358746
284,312,0,-0.15422001481056213,-0.15470099449157715,-0.1553989201784134,-0.15618811547756195,-0.0007891952991485596,-0.0014871209859848022,-0.0003082156181335449,0.001164478831924498,0.0006425880128517747,0.0004886527894996107
285,330,156,-0.1940317302942276,-0.19425904750823975,-0.19517499208450317,-0.19548457860946655,-0.0003095865249633789,-0.0012255311012268066,-8.226931095123291e-05,0.0011644791811704636,0.0006425874307751656,0.000488659308757633
286,330,234,-0.2170303761959076,-0.2190113067626953,-0.22060425579547882,-0.22276243567466736,-0.0021581798791885376,-0.003751128911972046,-0.00017724931240081787,0.0011644792975857854,0.0006425873725675046,0.0004886610549874604
287,330,430,-0.21577823162078857,-0.21541757881641388,-0.21761098504066467,-0.21676063537597656,0.0008503496646881104,-0.001343056559562683,0.0004896968603134155,0.0011644790647551417,0.000642587780021131,0.0004886554670520127
288,331,430,-0.1410006433725357,-0.14031442999839783,-0.1397308111190796,-0.13890504837036133,0.0008257627487182617,0.001409381628036499,0.0001395493745803833,0.0011644790647551417,0.0006425877218134701,0.0004886561655439436
289,327,251,-0.12971532344818115,-0.12947691977024078,-0.13434730470180511,-0.13399486243724823,0.00035244226455688477,-0.004517942667007446,0.00011403858661651611,0.001164478831924498,0.0006425881292670965,0.0004886512761004269
290,327,7,-0.26314395666122437,-0.2646943926811218,-0.2640763521194458,-0.2663835883140564,-0.0023072361946105957,-0.0016891956329345703,-0.0007568001747131348,0.00116447894833982,0.0006425878964364529,0.0004886536626145244
291,326,512,-0.24444088339805603,-0.24553285539150238,-0.24348072707653046,-0.2454340010881424,-0.0019532740116119385,9.885430335998535e-05,-0.0008613020181655884,0.00116447894833982,0.0006425879546441138,0.0004886530805379152
292,326,11,-0.11081866919994354,-0.1123715490102768,-0.1133759468793869,-0.11604857444763184,-0.002672627568244934,-0.0036770254373550415,-0.0011197477579116821,0.00116447894833982,0.0006425879546441138,0.000488653255160898
293,326,672,-0.16892682015895844,-0.1704033762216568,-0.17316672205924988,-0.17585180699825287,-0.0026850849390029907,-0.005448430776596069,-0.0012085288763046265,0.00116447894833982,0.000642587838228792,0.0004886547103524208
294,326,7,-0.19260911643505096,-0.19435639679431915,-0.1960102766752243,-0.19925324618816376,-0.003242969512939453,-0.0048968493938446045,-0.0014956891536712646,0.001164478831924498,0.0006425880128517747,0.0004886521492153406
295,344,811,-0.26412057876586914,-0.26484283804893494,-0.27133533358573914,-0.2710750102996826,0.00026032328605651855,-0.006232172250747681,0.0009825825691223145,0.0011644794140011072,0.000642587139736861,0.000488663325086236
296,344,885,-0.21977505087852478,-0.22053442895412445,-0.22061865031719208,-0.22221453487873077,-0.0015958845615386963,-0.0016801059246063232,-0.0008365064859390259,0.001164479530416429,0.0006425869651138783,0.0004886661772616208
297,344,880,-0.23950718343257904,-0.24110160768032074,-0.2451217919588089,-0.2477666139602661,-0.0026448220014572144,-0.0066650062799453735,-0.0010503977537155151,0.0011644794140011072,0.0006425871979445219,0.0004886631504632533
298,344,881,-0.22360607981681824,-0.22475719451904297,-0.22679412364959717,-0.22857433557510376,-0.0017802119255065918,-0.003817141056060791,-0.0006290972232818604,0.0011644794140011072,0.0006425871979445219,0.0004886629758402705
299,344,925,-0.21540071070194244,-0.21577826142311096,-0.2231294810771942,-0.2229079008102417,0.00022158026695251465,-0.007129639387130737,0.0005991309881210327,0.0011644792975857854,0.0006425872561521828,0.0004886621609330177
300,344,990,-0.18695685267448425,-0.1877956986427307,-0.19378218054771423,-0.1953146606683731,-0.0015324801206588745,-0.007518962025642395,-0.0006936341524124146,0.0011644794140011072,0.0006425870815292001,0.0004886648966930807
301,344,98,-0.17126721143722534,-0.17157846689224243,-0.17115838825702667,-0.1728644073009491,-0.0017060190439224243,-0.001285940408706665,-0.0013947635889053345,0.0011644794140011072,0.0006425870815292001,0.0004886647220700979
302,344,94,-0.18687357008457184,-0.18806888163089752,-0.18542814254760742,-0.18734657764434814,-0.0019184350967407227,0.0007223039865493774,-0.0007231235504150391,0.0011644794140011072,0.000642587139736861,0.0004886636161245406
303,335,625,-0.24883663654327393,-0.24876053631305695,-0.2527168095111847,-0.2528158128261566,-9.900331497192383e-05,-0.00405527651309967,-0.0001751035451889038,0.0011644791811704636,0.0006425873725675046,0.000488659949041903
304,335,636,-0.3156803846359253,-0.3172045350074768,-0.3206494450569153,-0.32250717282295227,-0.0018577277660369873,-0.005302637815475464,-0.00033357739448547363,0.0011644792975857854,0.0006425873143598437,0.0004886607639491558
305,335,443,-0.2831868529319763,-0.2843554615974426,-0.28805771470069885,-0.28906336426734924,-0.0010056495666503906,-0.004707902669906616,0.00016295909881591797,0.0011644791811704636,0.0006425874307751656,0.0004886595997959375
306,352,109,-0.18065303564071655,-0.18081173300743103,-0.18353340029716492,-0.1839343160390854,-0.0004009157419204712,-0.003122583031654358,-0.00024221837520599365,0.0011644791811704636,0.0006425874889828265,0.0004886592505499721
307,352,988,-0.21481986343860626,-0.21566379070281982,-0.21721437573432922,-0.2169247269630432,0.00028964877128601074,-0.0012609362602233887,0.0011335760354995728,0.0011644791811704636,0.0006425874889828265,0.0004886598326265812
308,352,384,-0.08195154368877411,-0.08198133111000061,-0.08300574123859406,-0.08350687474012375,-0.0005011335015296936,-0.0015255436301231384,-0.00047134608030319214,0.0011644794140011072,0.000642587139736861,0.0004886636743322015
309,347,109,-0.1117125153541565,-0.11253216117620468,-0.11140871793031693,-0.11334805935621262,-0.001939341425895691,-0.0008158981800079346,-0.0011196956038475037,0.0011644791811704636,0.0006425874307751656,0.0004886600072495639
310,347,384,-0.20984768867492676,-0.2100820392370224,-0.20647409558296204,-0.20664212107658386,-0.00016802549362182617,0.0034399181604385376,6.632506847381592e-05,0.0011644791811704636,0.0006425876053981483,0.0004886582610197365
311,347,384,-0.2220059633255005,-0.2228485345840454,-0.2202063947916031,-0.22180449962615967,-0.0015981048345565796,0.0010440349578857422,-0.0007555335760116577,0.0011644791811704636,0.0006425875471904874,0.0004886581446044147
312,347,581,-0.25096988677978516,-0.2525433897972107,-0.25018763542175293,-0.2517896890640259,-0.0016020536422729492,0.0007537007331848145,-2.855062484741211e-05,0.0011644792975857854,0.0006425873143598437,0.0004886613460257649
313,365,279,-0.29975563287734985,-0.30083703994750977,-0.30060118436813354,-0.30336201190948486,-0.0027608275413513184,-0.0025249719619750977,-0.0016794204711914062,0.00116447894833982,0.0006425879546441138,0.0004886530805379152
314,365,720,-0.3142538070678711,-0.31454408168792725,-0.3160199820995331,-0.3162563145160675,-0.00023633241653442383,-0.0017122328281402588,5.3942203521728516e-05,0.00116447894833982,0.0006425879546441138,0.0004886530805379152
315,365,379,-0.3389463424682617,-0.33944910764694214,-0.3387179970741272,-0.33819958567619324,0.00051841139793396,0.0012495219707489014,0.0010211765766143799,0.001164478831924498,0.0006425880128517747,0.0004886524402536452
316,365,442,-0.27374881505966187,-0.2741672694683075,-0.27325212955474854,-0.2745189070701599,-0.001266777515411377,-0.000351637601852417,-0.0008483231067657471,0.001164478831924498,0.0006425881292670965,0.0004886506940238178
317,365,88,-0.3047591745853424,-0.3061065077781677,-0.30648505687713623,-0.3088647425174713,-0.002379685640335083,-0.002758234739303589,-0.0010323524475097656,0.001164478831924498,0.0006425879546441138,0.0004886524402536452
318,365,442,-0.2785092890262604,-0.27827364206314087,-0.2755821645259857,-0.2755771279335022,5.036592483520508e-06,0.002696514129638672,-0.00023061037063598633,0.001164478831924498,0.0006425881292670965,0.0004886506940238178
319,354,294,-0.2610435485839844,-0.26042839884757996,-0.26222971081733704,-0.26136156916618347,0.0008681416511535645,-0.0009331703186035156,0.0002529919147491455,0.001164478831924498,0.0006425881292670965,0.0004886511596851051
320,369,430,-0.2450087070465088,-0.24587376415729523,-0.25135383009910583,-0.2528192698955536,-0.001465439796447754,-0.006945505738258362,-0.0006003826856613159,0.0011644787155091763,0.0006425882456824183,0.0004886497627012432
321,369,535,-0.2885243594646454,-0.28946372866630554,-0.2926088273525238,-0.2940811514854431,-0.0014723241329193115,-0.004617422819137573,-0.0005329549312591553,0.001164478831924498,0.0006425880128517747,0.000488651916384697
322,369,332,-0.2885141372680664,-0.2896274924278259,-0.29342684149742126,-0.29535430669784546,-0.0019274652004241943,-0.005726814270019531,-0.0008141100406646729,0.001164478831924498,0.0006425880710594356,0.0004886516253463924
323,369,487,-0.23913852870464325,-0.23966503143310547,-0.24566341936588287,-0.24623343348503113,-0.0005700141191482544,-0.006568402051925659,-4.3511390686035156e-05,0.0011644790647551417,0.0006425877218134701,0.0004886565147899091
324,366,676,-0.34981220960617065,-0.3501434922218323,-0.3521355390548706,-0.35262531042099,-0.0004897713661193848,-0.002481818199157715,-0.00015848875045776367,0.0011644790647551417,0.0006425877218134701,0.0004886561073362827
325,369,539,-0.43014153838157654,-0.4320613145828247,-0.43837201595306396,-0.4418737292289734,-0.003501713275909424,-0.009812414646148682,-0.0015819370746612549,0.0011644790647551417,0.000642587780021131,0.0004886556416749954
326,365,445,-0.34775397181510925,-0.34859776496887207,-0.3456271290779114,-0.34699246287345886,-0.0013653337955474854,0.001605302095413208,-0.000521540641784668,0.001164478831924498,0.0006425880128517747,0.0004886524402536452
327,365,311,-0.3598436713218689,-0.3609126806259155,-0.36108672618865967,-0.36203533411026,-0.0009486079216003418,-0.0011226534843444824,0.00012040138244628906,0.001164478831924498,0.0006425880710594356,0.0004886516253463924
328,365,572,-0.3003213405609131,-0.3018530607223511,-0.30356767773628235,-0.3052091896533966,-0.0016415119171142578,-0.0033561289310455322,-0.00010979175567626953,0.00116447894833982,0.0006425879546441138,0.000488653255160898
329,365,304,-0.36587125062942505,-0.366190105676651,-0.37146496772766113,-0.3726291358470917,-0.001164168119430542,-0.006439030170440674,-0.0008453130722045898,0.0011644791811704636,0.0006425874889828265,0.000488659308757633
330,361,113,-0.18654531240463257,-0.18712863326072693,-0.18713556230068207,-0.1885005533695221,-0.0013649910688400269,-0.001371920108795166,-0.0007816702127456665,0.0011644790647551417,0.0006425876053981483,0.0004886573296971619
331,365,670,-0.273830771446228,-0.2742334008216858,-0.2698066830635071,-0.2697814702987671,2.5212764739990234e-05,0.004451930522918701,0.0004278421401977539,0.001164478831924498,0.0006425880710594356,0.0004886515089310706
332,366,1,-0.25698333978652954,-0.2571982741355896,-0.2578224837779999,-0.2588513493537903,-0.0010288655757904053,-0.0016530752182006836,-0.0008139312267303467,0.00116447894833982,0.0006425879546441138,0.0004886534879915416
333,361,74,-0.2736811339855194,-0.27311640977859497,-0.2777175009250641,-0.2775691747665405,0.00014832615852355957,-0.004452764987945557,-0.0004163980484008789,0.0011644790647551417,0.000642587780021131,0.0004886556998826563
334,365,474,-0.27408018708229065,-0.275432288646698,-0.2667146921157837,-0.2689644694328308,-0.002249777317047119,0.0064678192138671875,-0.0008976757526397705,0.001164478831924498,0.0006425880128517747,0.000488652556668967
335,380,393,-0.2783857583999634,-0.2784636318683624,-0.2820316255092621,-0.2818811535835266,0.00015047192573547363,-0.0034175217151641846,0.00022834539413452148,0.00116447894833982,0.0006425878964364529,0.0004886534297838807
336,380,48,-0.19857384264469147,-0.19967912137508392,-0.2048109918832779,-0.20626796782016754,-0.0014569759368896484,-0.006588846445083618,-0.0003516972064971924,0.00116447894833982,0.000642587780021131,0.0004886549431830645
337,380,267,-0.27127647399902344,-0.27106523513793945,-0.273502916097641,-0.27324429154396057,0.0002586245536804199,-0.002179056406021118,4.738569259643555e-05,0.0011644792975857854,0.0006425874307751656,0.000488659949041903
338,375,34,-0.1600998491048813,-0.15925128757953644,-0.15996046364307404,-0.15816953778266907,0.0017909258604049683,0.0010817497968673706,0.0009423643350601196,0.0011644792975857854,0.0006425873143598437,0.0004886611131951213
339,384,355,-0.2019108384847641,-0.20095811784267426,-0.2027963548898697,-0.2014147937297821,0.0013815611600875854,-0.0004566758871078491,0.0004288405179977417,0.001164478831924498,0.0006425881292670965,0.0004886506358161569
340,381,398,-0.2962989807128906,-0.2970496714115143,-0.2963517904281616,-0.2973896861076355,-0.001037895679473877,-0.0003400146961212158,-0.0002872049808502197,0.0011644792975857854,0.0006425873725675046,0.0004886604729108512
341,380,716,-0.3028959333896637,-0.30390819907188416,-0.30875927209854126,-0.3095906376838684,-0.0008313655853271484,-0.005682438611984253,0.00018090009689331055,0.0011644790647551417,0.0006425876636058092,0.0004886565147899091
342,386,350,-0.24252834916114807,-0.24244821071624756,-0.24291975796222687,-0.2425445318222046,0.00037522614002227783,-9.632110595703125e-05,0.00029508769512176514,0.0011644791811704636,0.0006425875471904874,0.0004886581446044147
343,380,193,-0.29739490151405334,-0.29822060465812683,-0.3009648323059082,-0.30206161737442017,-0.0010967850685119629,-0.003841012716293335,-0.00027108192443847656,0.0011644790647551417,0.0006425876053981483,0.0004886568058282137
344,379,350,-0.2725919783115387,-0.2731260061264038,-0.27069157361984253,-0.2725348472595215,-0.001843273639678955,0.0005911588668823242,-0.0013092458248138428,0.0011644791811704636,0.0006425874307751656,0.0004886590759269893
345,375,98,-0.23071733117103577,-0.22993499040603638,-0.23136378824710846,-0.22982710599899292,0.0015366822481155396,0.00010788440704345703,0.0007543414831161499,0.0011644792975857854,0.0006425874307751656,0.0004886602982878685
346,377,709,-0.22693495452404022,-0.2275661826133728,-0.2270803302526474,-0.22846385836601257,-0.0013835281133651733,-0.0008976757526397705,-0.0007523000240325928,0.0011644792975857854,0.0006425873725675046,0.0004886608221568167
347,383,911,-0.20084936916828156,-0.20100192725658417,-0.19984199106693268,-0.19906602799892426,0.0007759630680084229,0.0019358992576599121,0.0009285211563110352,0.0011644791811704636,0.0006425874889828265,0.0004886587848886847
348,396,598,-0.15017083287239075,-0.15039005875587463,-0.15329207479953766,-0.1531730592250824,0.00011901557445526123,-0.0027830004692077637,0.00033824145793914795,0.0011644790647551417,0.0006425877218134701,0.0004886557580903172
349,402,388,-0.3426334857940674,-0.34207266569137573,-0.34085938334465027,-0.33977362513542175,0.0010857582092285156,0.0022990405559539795,0.0005249381065368652,0.00116447894833982,0.000642587780021131,0.0004886549431830645
350,402,278,-0.14684857428073883,-0.14694662392139435,-0.14593322575092316,-0.14492173492908478,0.001011490821838379,0.0020248889923095703,0.0011095404624938965,0.00116447894833982,0.0006425878964364529,0.0004886533715762198
351,396,57,-0.17425894737243652,-0.17463771998882294,-0.17522093653678894,-0.17533639073371887,-0.00011545419692993164,-0.0006986707448959351,0.00026331841945648193,0.001164478831924498,0.0006425880128517747,0.000488652556668967
352,402,89,-0.19259366393089294,-0.19220444560050964,-0.19537898898124695,-0.19451655447483063,0.0008624345064163208,-0.002312108874320984,0.00047321617603302,0.0011644790647551417,0.0006425876636058092,0.00048865657299757
353,392,32,-0.25039947032928467,-0.2514404356479645,-0.2505568861961365,-0.2525901198387146,-0.002033233642578125,-0.001149684190750122,-0.0009922683238983154,0.0011644790647551417,0.0006425876053981483,0.000488657271489501
354,392,598,-0.2903187572956085,-0.2911379933357239,-0.28904420137405396,-0.2898310124874115,-0.0007868111133575439,0.001306980848312378,3.24249267578125e-05,0.00116447894833982,0.0006425878964364529,0.000488653895445168
355,392,380,-0.1777031570672989,-0.17853878438472748,-0.1752372682094574,-0.17707407474517822,-0.0018368065357208252,0.0014647096395492554,-0.0010011792182922363,0.0011644790647551417,0.0006425877218134701,0.0004886562237516046
356,392,765,-0.20744627714157104,-0.20830999314785004,-0.2055044323205948,-0.20746511220932007,-0.0019606798887252808,0.0008448809385299683,-0.001096963882446289,0.0011644790647551417,0.0006425876636058092,0.0004886566894128919
357,393,765,-0.14614719152450562,-0.1469561755657196,-0.14446784555912018,-0.1469440758228302,-0.002476230263710022,1.2099742889404297e-05,-0.0016672462224960327,0.0011644790647551417,0.0006425876053981483,0.0004886570386588573
358,393,765,-0.19984391331672668,-0.19989940524101257,-0.1989947408437729,-0.1999529004096985,-0.0009581595659255981,-5.3495168685913086e-05,-0.0009026676416397095,0.0011644792975857854,0.0006425873143598437,0.0004886609385721385
359,392,89,-0.27587583661079407,-0.2758913040161133,-0.2766587734222412,-0.2768547832965851,-0.00019600987434387207,-0.0009634792804718018,-0.0001805424690246582,0.0011644791811704636,0.0006425874889828265,0.000488658610265702
360,418,19,-0.03363269567489624,-0.032438814640045166,-0.03185446560382843,-0.030219905078411102,0.0016345605254173279,0.0022189095616340637,0.00044067949056625366,0.0011644791811704636,0.0006425876053981483,0.0004886577953584492
361,418,51,-0.12340599298477173,-0.12322119623422623,-0.1214718297123909,-0.12163054943084717,-0.0001587197184562683,0.0015906468033790588,-0.00034351646900177,0.0011644792975857854,0.0006425874307751656,0.0004886605311185122
362,419,18,-0.08266441524028778,-0.08284793794155121,-0.08285968750715256,-0.08233305811882019,0.0005266293883323669,0.0005148798227310181,0.0007101520895957947,0.0011644790647551417,0.0006425877218134701,0.0004886568640358746
363,416,18,-0.16999152302742004,-0.17007622122764587,-0.17292536795139313,-0.1730477213859558,-0.0001223534345626831,-0.0029715001583099365,-3.765523433685303e-05,0.0011644790647551417,0.000642587780021131,0.0004886560491286218
364,416,754,-0.06210742145776749,-0.06025741994380951,-0.060411810874938965,-0.05670814588665962,0.0037036649882793427,0.003549274057149887,0.0018536671996116638,0.0011644791811704636,0.0006425875471904874,0.0004886584356427193
365,427,453,-0.22298984229564667,-0.22233912348747253,-0.22380322217941284,-0.22291292250156403,0.0008902996778488159,-0.0005737990140914917,0.00023958086967468262,0.0011644790647551417,0.0006425876636058092,0.0004886559327133
366,425,14,-0.15322479605674744,-0.15311841666698456,-0.15380099415779114,-0.15418200194835663,-0.0003810077905654907,-0.0010635852813720703,-0.00048738718032836914,0.001164478831924498,0.0006425880128517747,0.0004886513925157487
367,426,527,-0.22772042453289032,-0.22784416377544403,-0.22738824784755707,-0.22838640213012695,-0.0009981542825698853,-0.0005422383546829224,-0.0008744150400161743,0.00116447894833982,0.0006425877218134701,0.0004886544775217772
368,425,694,-0.2301574945449829,-0.2298450469970703,-0.23251771926879883,-0.2334011197090149,-0.0008834004402160645,-0.00355607271194458,-0.0011958479881286621,0.001164478831924498,0.0006425879546441138,0.0004886524402536452
369,420,490,-0.1368892937898636,-0.13793110847473145,-0.1375928372144699,-0.13931044936180115,-0.0017176121473312378,-0.0013793408870697021,-0.0006757974624633789,0.0011644790647551417,0.0006425877218134701,0.0004886561073362827
370,423,373,-0.20143195986747742,-0.19939593970775604,-0.20266741514205933,-0.20073139667510986,0.0019360184669494629,-0.0013354569673538208,-0.00010000169277191162,0.0011644790647551417,0.0006425877218134701,0.0004886561655439436
371,422,464,-0.22366538643836975,-0.22521984577178955,-0.22410956025123596,-0.22597092390060425,-0.0018613636493682861,-0.0007510781288146973,-0.00030690431594848633,0.0011644790647551417,0.0006425877218134701,0.0004886554670520127
372,420,464,-0.15208309888839722,-0.15253180265426636,-0.15068216621875763,-0.15150463581085205,-0.0008224695920944214,0.0010271668434143066,-0.00037376582622528076,0.00116447894833982,0.0006425878964364529,0.0004886531387455761
373,420,464,-0.1905052363872528,-0.1918889582157135,-0.1913042664527893,-0.19379475712776184,-0.002490490674972534,-0.0019057989120483398,-0.0011067688465118408,0.00116447894833982,0.0006425879546441138,0.0004886534297838807
374,436,452,-0.13721579313278198,-0.13670067489147186,-0.13711261749267578,-0.13639752566814423,0.0007150918245315552,0.0003031492233276367,0.00019997358322143555,0.0011644790647551417,0.0006425877218134701,0.000488657271489501
375,440,660,-0.17055372893810272,-0.17290657758712769,-0.17066854238510132,-0.17469522356987,-0.004026681184768677,-0.0017886459827423096,-0.0016738325357437134,0.0011644791811704636,0.0006425876053981483,0.0004886584356427193
376,434,660,-0.19159063696861267,-0.1931915283203125,-0.19386249780654907,-0.19572067260742188,-0.0018581748008728027,-0.002529144287109375,-0.00025728344917297363,0.0011644790647551417,0.000642587780021131,0.0004886560491286218
377,434,563,-0.1829298585653305,-0.18557219207286835,-0.1906535029411316,-0.19588670134544373,-0.005233198404312134,-0.010314509272575378,-0.002590864896774292,0.0011644792975857854,0.0006425874307751656,0.0004886604729108512
378,432,216,-0.16607587039470673,-0.16648361086845398,-0.17313013970851898,-0.17410725355148315,-0.0009771138429641724,-0.007623642683029175,-0.0005693733692169189,0.0011644792975857854,0.0006425873725675046,0.000488660647533834
379,432,216,-0.14229795336723328,-0.14235945045948029,-0.14971283078193665,-0.14984329044818878,-0.00013045966625213623,-0.007483839988708496,-6.896257400512695e-05,0.0011644791811704636,0.0006425876053981483,0.000488657911773771
380,432,627,-0.11222434043884277,-0.11202885955572128,-0.1170734092593193,-0.1175176128745079,-0.00044420361518859863,-0.005488753318786621,-0.0006396844983100891,0.0011644792975857854,0.0006425873725675046,0.0004886613460257649
381,429,596,-0.1448056846857071,-0.14653734862804413,-0.14648453891277313,-0.14914627373218536,-0.0026617348194122314,-0.0026089251041412354,-0.0009300708770751953,0.0011644791811704636,0.0006425874889828265,0.0004886601236648858
382,432,47,-0.1430760622024536,-0.14454177021980286,-0.1522430032491684,-0.15475627779960632,-0.0025132745504379272,-0.010214507579803467,-0.001047566533088684,0.0011644792975857854,0.0006425873725675046,0.0004886614624410868
383,432,275,-0.16945526003837585,-0.16936787962913513,-0.17446473240852356,-0.17427849769592285,0.000186234712600708,-0.00491061806678772,9.885430335998535e-05,0.0011644791811704636,0.0006425875471904874,0.0004886588430963457
384,432,452,-0.15326061844825745,-0.1531805396080017,-0.15857629477977753,-0.15848125517368317,9.503960609436035e-05,-0.0053007155656814575,1.4960765838623047e-05,0.0011644791811704636,0.0006425876053981483,0.0004886582028120756
385,434,246,-0.18729014694690704,-0.18744845688343048,-0.18812599778175354,-0.18928539752960205,-0.0011593997478485107,-0.0018369406461715698,-0.0010010898113250732,0.0011644790647551417,0.0006425876053981483,0.0004886576789431274
386,432,633,-0.14341193437576294,-0.14428561925888062,-0.1494700014591217,-0.15106266736984253,-0.0015926659107208252,-0.006777048110961914,-0.0007189810276031494,0.0011644791811704636,0.0006425875471904874,0.0004886592505499721
387,447,18,-0.23464946448802948,-0.23590023815631866,-0.23921309411525726,-0.24229928851127625,-0.003086194396018982,-0.006399050354957581,-0.0018354207277297974,0.00116447894833982,0.0006425878964364529,0.0004886530223302543
388,447,349,-0.23814597725868225,-0.23852476477622986,-0.24320334196090698,-0.24320796132087708,-4.6193599700927734e-06,-0.004683196544647217,0.00037416815757751465,0.0011644790647551417,0.0006425877218134701,0.0004886556998826563
389,447,634,-0.17054952681064606,-0.1712472140789032,-0.17379045486450195,-0.17424088716506958,-0.00045043230056762695,-0.002993673086166382,0.00024725496768951416,0.0011644792975857854,0.0006425873143598437,0.0004886613460257649
390,443,27,-0.18821656703948975,-0.18959584832191467,-0.19180354475975037,-0.19339175522327423,-0.0015882104635238647,-0.003795906901359558,-0.000208929181098938,0.0011644790647551417,0.0006425877218134701,0.0004886556998826563
391,443,22,-0.15788479149341583,-0.1592111885547638,-0.15879762172698975,-0.16146568953990936,-0.0026680678129196167,-0.002254500985145569,-0.0013416707515716553,0.0011644791811704636,0.0006425874307751656,0.0004886598908342421
392,443,600,-0.19639404118061066,-0.1962658315896988,-0.19528816640377045,-0.19533579051494598,-4.762411117553711e-05,0.0009300410747528076,-0.00017583370208740234,0.0011644791811704636,0.0006425874307751656,0.000488659308757633
393,443,27,-0.20251953601837158,-0.20427186787128448,-0.20431479811668396,-0.20766738057136536,-0.0033525824546813965,-0.0033955127000808716,-0.0016002506017684937,0.0011644791811704636,0.0006425876053981483,0.0004886577953584492
394,466,226,-0.1187608540058136,-0.11926114559173584,-0.11928820610046387,-0.11922194063663483,6.626546382904053e-05,3.9204955101013184e-05,0.0005665570497512817,0.0011644791811704636,0.0006425875471904874,0.0004886584938503802
395,462,573,-0.20433346927165985,-0.20352911949157715,-0.2003321647644043,-0.19902142882347107,0.0013107359409332275,0.004507690668106079,0.0005063861608505249,0.0011644790647551417,0.0006425876636058092,0.0004886563983745873
396,462,428,-0.1325037032365799,-0.13349072635173798,-0.1311747282743454,-0.13279667496681213,-0.0016219466924667358,0.0006940513849258423,-0.0006349235773086548,0.0011644790647551417,0.000642587780021131,0.0004886553506366909
397,462,385,-0.22011442482471466,-0.21996763348579407,-0.2207774817943573,-0.22163289785385132,-0.0008554160594940186,-0.001665264368057251,-0.0010022073984146118,0.0011644790647551417,0.0006425876636058092,0.0004886576207354665
398,455,425,-0.14510691165924072,-0.1451253592967987,-0.1488024890422821,-0.14935852587223053,-0.0005560368299484253,-0.004233166575431824,-0.0005375891923904419,0.0011644791811704636,0.0006425874307751656,0.0004886600072495639
399,455,925,-0.1817886233329773,-0.18301549553871155,-0.1831343173980713,-0.18577060103416443,-0.0026362836360931396,-0.002755105495452881,-0.0014094114303588867,0.0011644791811704636,0.0006425875471904874,0.0004886583774350584
400,455,426,-0.1461784839630127,-0.14745110273361206,-0.15198616683483124,-0.15387313067913055,-0.0018869638442993164,-0.006422027945518494,-0.0006143450736999512,0.0011644791811704636,0.0006425874307751656,0.000488659949041903
401,455,428,-0.14679637551307678,-0.14945782721042633,-0.1492525041103363,-0.1527518481016159,-0.003499343991279602,-0.003294020891189575,-0.0008378922939300537,0.0011644790647551417,0.0006425876053981483,0.0004886576207354665
402,455,426,-0.2630015015602112,-0.26407575607299805,-0.2660427689552307,-0.26782989501953125,-0.0017871260643005371,-0.003754138946533203,-0.0007128715515136719,0.0011644792975857854,0.0006425874307751656,0.0004886602982878685
403,455,428,-0.09045486897230148,-0.09277023375034332,-0.093165822327137,-0.09658733755350113,-0.0034215152263641357,-0.0038171038031578064,-0.0011061504483222961,0.0011644790647551417,0.0006425876636058092,0.0004886570386588573
404,457,428,-0.14888505637645721,-0.15111380815505981,-0.15008734166622162,-0.15348152816295624,-0.003394186496734619,-0.0023677200078964233,-0.001165434718132019,0.0011644790647551417,0.000642587838228792,0.000488655234221369
405,455,428,-0.22250515222549438,-0.2250097095966339,-0.2235243022441864,-0.227136492729187,-0.0036121904850006104,-0.0021267831325531006,-0.001107633113861084,0.0011644791811704636,0.0006425874889828265,0.0004886594251729548
406,455,925,-0.15522058308124542,-0.1563800722360611,-0.1580251008272171,-0.16058190166950226,-0.0025568008422851562,-0.004201829433441162,-0.0013973116874694824,0.0011644791811704636,0.0006425874307751656,0.0004886597162112594
407,473,375,-0.20960676670074463,-0.20984454452991486,-0.21393579244613647,-0.21384702622890472,8.876621723175049e-05,-0.004002481698989868,0.00032654404640197754,0.0011644785990938544,0.000642588478513062,0.0004886463284492493
408,471,330,-0.07765322178602219,-0.07738686352968216,-0.07787445187568665,-0.0783022940158844,-0.0004278421401977539,-0.00091543048620224,-0.0006942003965377808,0.001164478831924498,0.0006425881292670965,0.0004886509268544614
409,473,667,-0.1606529951095581,-0.16173219680786133,-0.16022063791751862,-0.16001084446907043,0.00020979344844818115,0.0017213523387908936,0.0012889951467514038,0.001164478831924498,0.0006425880710594356,0.000488652556668967
410,474,257,-0.18402491509914398,-0.18405544757843018,-0.18556097149848938,-0.1859610676765442,-0.00040009617805480957,-0.0019056200981140137,-0.0003695636987686157,0.0011644785990938544,0.000642588478513062,0.0004886460374109447
411,469,266,-0.21227091550827026,-0.21274864673614502,-0.2168087363243103,-0.21818935871124268,-0.001380622386932373,-0.005440711975097656,-0.0009028911590576172,0.001164478831924498,0.0006425881292670965,0.0004886508686468005
412,469,374,-0.17716358602046967,-0.17743511497974396,-0.18194420635700226,-0.1838083565235138,-0.0018641501665115356,-0.006373241543769836,-0.0015926212072372437,0.00116447894833982,0.0006425878964364529,0.000488653895445168
413,489,359,-0.18998189270496368,-0.19147130846977234,-0.19771957397460938,-0.19893762469291687,-0.0012180507183074951,-0.007466316223144531,0.00027136504650115967,0.0011644790647551417,0.0006425877218134701,0.00048865657299757
414,483,422,-0.2517496645450592,-0.2517355978488922,-0.25300419330596924,-0.25389742851257324,-0.0008932352066040039,-0.0021618306636810303,-0.0009073019027709961,0.00116447894833982,0.0006425878964364529,0.0004886539536528289
415,488,372,-0.2026570737361908,-0.2032017856836319,-0.2072315514087677,-0.20816217362880707,-0.0009306222200393677,-0.004960387945175171,-0.0003859102725982666,0.001164478831924498,0.0006425880710594356,0.0004886515089310706
416,475,332,-0.16425925493240356,-0.1652928590774536,-0.1696878969669342,-0.1709294319152832,-0.001241534948348999,-0.00563657283782959,-0.0002079308032989502,0.0011644787155091763,0.0006425881874747574,0.0004886499373242259
417,475,372,-0.19635507464408875,-0.19627101719379425,-0.2015695571899414,-0.20240144431591034,-0.0008318871259689331,-0.006130427122116089,-0.0009159445762634277,0.00116447894833982,0.0006425878964364529,0.0004886536044068635
418,490,976,-0.13769468665122986,-0.13739214837551117,-0.14433899521827698,-0.14429908990859985,3.9905309677124023e-05,-0.006906941533088684,-0.00026263296604156494,0.00116447894833982,0.0006425878964364529,0.0004886543028987944
419,475,672,-0.17558017373085022,-0.1768769770860672,-0.18021178245544434,-0.18207567930221558,-0.0018638968467712402,-0.0051987022161483765,-0.0005670934915542603,0.0011644787155091763,0.0006425883038900793,0.0004886477836407721
420,475,530,-0.16503877937793732,-0.16661004722118378,-0.16853763163089752,-0.1718568205833435,-0.003319188952445984,-0.005246773362159729,-0.001747921109199524,0.0011644787155091763,0.0006425881874747574,0.0004886504029855132
421,476,375,-0.2581477761268616,-0.25991228222846985,-0.2648787498474121,-0.2668817639350891,-0.002003014087677002,-0.006969481706619263,-0.00023850798606872559,0.001164478831924498,0.0006425881292670965,0.0004886502283625305
422,490,363,-0.2834315598011017,-0.2850310206413269,-0.29354530572891235,-0.29601022601127625,-0.0024649202823638916,-0.01097920536994934,-0.0008654594421386719,0.00116447894833982,0.0006425878964364529,0.000488653895445168
423,475,332,-0.2174142748117447,-0.21692830324172974,-0.22116519510746002,-0.2210666537284851,9.854137897491455e-05,-0.004138350486755371,-0.00038743019104003906,0.0011644787155091763,0.0006425881874747574,0.0004886497044935822
424,475,497,-0.25395816564559937,-0.2541927099227905,-0.257708877325058,-0.25697237253189087,0.0007365047931671143,-0.002779662609100342,0.0009710490703582764,0.0011644785990938544,0.0006425883620977402,0.0004886476672254503
425,475,332,-0.24605998396873474,-0.2464447021484375,-0.24949845671653748,-0.2499321699142456,-0.0004337131977081299,-0.0034874677658081055,-4.8995018005371094e-05,0.0011644787155091763,0.0006425881292670965,0.0004886500537395477
426,485,732,-0.24875091016292572,-0.24936670064926147,-0.25013163685798645,-0.2507878839969635,-0.0006562471389770508,-0.0014211833477020264,-4.045665264129639e-05,0.00116447894833982,0.0006425879546441138,0.0004886528477072716
427,475,7,-0.22885611653327942,-0.23037445545196533,-0.23261411488056183,-0.23496034741401672,-0.002346232533454895,-0.004585891962051392,-0.0008278936147689819,0.001164478831924498,0.0006425881292670965,0.0004886510432697833
428,484,527,-0.25933974981307983,-0.25845715403556824,-0.2569548189640045,-0.2566244900226593,0.00033032894134521484,0.0018326640129089355,-0.0005522668361663818,0.001164478831924498,0.0006425880710594356,0.0004886507522314787
429,512,591,-0.12644924223423004,-0.12572430074214935,-0.12430448830127716,-0.12256758660078049,0.0017369017004966736,0.003156714141368866,0.0010119527578353882,0.00116447894833982,0.0006425879546441138,0.0004886527312919497
430,512,591,-0.15310396254062653,-0.15236812829971313,-0.14990614354610443,-0.1479940414428711,0.0019121021032333374,0.004374086856842041,0.0011762678623199463,0.00116447894833982,0.0006425878964364529,0.0004886540700681508
431,512,973,-0.15256306529045105,-0.1517467051744461,-0.1508263647556305,-0.14819487929344177,0.0026314854621887207,0.0035518258810043335,0.0018151253461837769,0.0011644790647551417,0.000642587780021131,0.0004886554670520127
432,512,854,-0.10234585404396057,-0.10202993452548981,-0.1020338162779808,-0.10110828280448914,0.0009255334734916687,0.0009216517210006714,0.0006096139550209045,0.0011644790647551417,0.0006425877218134701,0.0004886558745056391
433,512,568,-0.10307002067565918,-0.10269258171319962,-0.09986519813537598,-0.0980856642127037,0.0017795339226722717,0.004606917500495911,0.0014020949602127075,0.0011644790647551417,0.000642587780021131,0.0004886550013907254
434,512,568,-0.12374377250671387,-0.12292973697185516,-0.1200304701924324,-0.11779339611530304,0.002237074077129364,0.005136340856552124,0.0014230310916900635,0.0011644790647551417,0.000642587780021131,0.0004886555834673345
435,512,973,-0.22395534813404083,-0.22403408586978912,-0.22207295894622803,-0.22080110013484955,0.001271858811378479,0.003232985734939575,0.00135059654712677,0.00116447894833982,0.0006425878964364529,0.0004886531969532371
436,512,628,-0.0800941213965416,-0.07937443256378174,-0.0755186378955841,-0.0739927589893341,0.00152587890625,0.005381673574447632,0.0008061900734901428,0.001164478831924498,0.0006425880710594356,0.0004886509268544614
437,508,331,-0.1771191507577896,-0.17709101736545563,-0.17442861199378967,-0.1742437183856964,0.00018489360809326172,0.0028472989797592163,0.00015676021575927734,0.001164478831924498,0.0006425880710594356,0.0004886508686468005
438,509,331,-0.21023249626159668,-0.21091292798519135,-0.21009717881679535,-0.21059934794902802,-0.000502169132232666,0.0003135800361633301,0.0001782625913619995,0.001164478831924498,0.0006425880710594356,0.0004886508104391396
439,519,405,-0.2903267741203308,-0.2912731468677521,-0.28619128465652466,-0.28722894191741943,-0.0010376572608947754,0.004044204950332642,-9.128451347351074e-05,0.0011644790647551417,0.0006425876636058092,0.00048865657299757
440,519,406,-0.2036198228597641,-0.20405006408691406,-0.20367547869682312,-0.20431621372699738,-0.0006407350301742554,-0.000266149640083313,-0.000210493803024292,0.0011644791811704636,0.0006425875471904874,0.0004886577371507883
441,516,406,-0.23404863476753235,-0.23441310226917267,-0.23270520567893982,-0.2326889932155609,1.621246337890625e-05,0.0017241090536117554,0.0003806799650192261,0.0011644791811704636,0.0006425874889828265,0.0004886585520580411
442,513,676,-0.1366327553987503,-0.13724280893802643,-0.14534972608089447,-0.14676177501678467,-0.0014120489358901978,-0.00951896607875824,-0.0008019953966140747,0.0011644790647551417,0.0006425876053981483,0.0004886574461124837
443,513,405,-0.10901760309934616,-0.10907455533742905,-0.11009854078292847,-0.10969012975692749,0.00040841102600097656,-0.0006155744194984436,0.0004653632640838623,0.0011644791811704636,0.0006425875471904874,0.0004886583192273974
444,513,406,-0.20241841673851013,-0.20299695432186127,-0.2013750523328781,-0.20239488780498505,-0.0010198354721069336,0.0006020665168762207,-0.00044129788875579834,0.0011644791811704636,0.0006425874307751656,0.0004886594833806157
445,513,365,-0.18106502294540405,-0.18179082870483398,-0.18113861978054047,-0.18219491839408875,-0.0010562986135482788,-0.00040408968925476074,-0.00033049285411834717,0.0011644792975857854,0.0006425873725675046,0.0004886611714027822
446,513,406,-0.11540384590625763,-0.11600246280431747,-0.11534742265939713,-0.11602263152599335,-0.0006752088665962219,-2.0168721675872803e-05,-7.659196853637695e-05,0.0011644791811704636,0.0006425874889828265,0.0004886589595116675
447,527,530,-0.051376502960920334,-0.051840540021657944,-0.05090731382369995,-0.052216965705156326,-0.0013096518814563751,-0.00037642568349838257,-0.0008456148207187653,0.00116447894833982,0.000642587838228792,0.0004886530223302543
448,529,697,-0.09561503678560257,-0.09590248763561249,-0.09577517956495285,-0.09573725610971451,3.7923455238342285e-05,0.00016523152589797974,0.0003253743052482605,0.00116447894833982,0.0006425878964364529,0.0004886527894996107
449,529,207,-0.15153929591178894,-0.15167175233364105,-0.15560366213321686,-0.15514081716537476,0.00046284496784210205,-0.0034690648317337036,0.0005953013896942139,0.0011644790647551417,0.0006425877218134701,0.0004886550595983863
450,529,756,-0.1103847324848175,-0.11030042171478271,-0.11059098690748215,-0.10979339480400085,0.0007975921034812927,0.0005070269107818604,0.0007132813334465027,0.001164478831924498,0.0006425879546441138,0.0004886516253463924
451,522,530,-0.02041466347873211,-0.02059675008058548,-0.021503161638975143,-0.022632388398051262,-0.0011292267590761185,-0.002035638317465782,-0.0009471401572227478,0.001164478831924498,0.0006425880710594356,0.000488650577608496
452,523,568,-0.040455274283885956,-0.04115722328424454,-0.04180149734020233,-0.042741578072309494,-0.0009400807321071625,-0.0015843547880649567,-0.00023813173174858093,0.0011644790647551417,0.0006425876636058092,0.0004886559327133
453,522,694,-0.08563956618309021,-0.08616099506616592,-0.0866207405924797,-0.0873875766992569,-0.0007668361067771912,-0.001226581633090973,-0.00024540722370147705,0.00116447894833982,0.000642587838228792,0.0004886535461992025
454,522,756,-0.048924341797828674,-0.049621570855379105,-0.04592207446694374,-0.046642567962408066,-0.000720493495464325,0.002979002892971039,-2.3264437913894653e-05,0.0011644790647551417,0.0006425876636058092,0.0004886551760137081
455,523,694,-0.08719652146100998,-0.0880066454410553,-0.08838474005460739,-0.08996035158634186,-0.0015756115317344666,-0.00195370614528656,-0.000765487551689148,0.0011644790647551417,0.0006425876636058092,0.0004886562819592655
456,539,525,-0.33607056736946106,-0.3366140127182007,-0.33620917797088623,-0.3368294835090637,-0.0006203055381774902,-0.0002154707908630371,-7.686018943786621e-05,0.0011644790647551417,0.0006425876636058092,0.0004886559909209609
457,539,186,-0.25437822937965393,-0.2546995282173157,-0.2537993788719177,-0.2552275061607361,-0.0014281272888183594,-0.0005279779434204102,-0.0011068284511566162,0.0011644790647551417,0.0006425876636058092,0.0004886562819592655
458,539,610,-0.21094277501106262,-0.211371049284935,-0.21224404871463776,-0.21312494575977325,-0.000880897045135498,-0.0017538964748382568,-0.00045262277126312256,0.0011644790647551417,0.0006425876053981483,0.0004886573879048228
459,539,154,-0.29239460825920105,-0.29263341426849365,-0.29351937770843506,-0.2940604090690613,-0.0005410313606262207,-0.001426994800567627,-0.00030222535133361816,0.0011644791811704636,0.0006425873725675046,0.0004886598326265812
460,539,350,-0.2625758945941925,-0.263150155544281,-0.2616904079914093,-0.2630828022956848,-0.0013923943042755127,6.73532485961914e-05,-0.0008181333541870117,0.0011644792975857854,0.0006425873725675046,0.0004886602982878685
461,543,254,-0.18928159773349762,-0.1897905170917511,-0.19601601362228394,-0.1972832828760147,-0.001267269253730774,-0.007492765784263611,-0.0007583498954772949,0.0011644790647551417,0.0006425875471904874,0.0004886575043201447
462,543,303,-0.2410513162612915,-0.24209663271903992,-0.24635544419288635,-0.24798300862312317,-0.0016275644302368164,-0.005886375904083252,-0.0005822479724884033,0.0011644790647551417,0.0006425876053981483,0.0004886570968665183
463,541,280,-0.13044050335884094,-0.130922332406044,-0.13369260728359222,-0.1347072422504425,-0.0010146349668502808,-0.0037849098443984985,-0.0005328059196472168,0.0011644791811704636,0.0006425875471904874,0.0004886576207354665
464,530,435,-0.2044353187084198,-0.204234316945076,-0.20870129764080048,-0.20885159075260162,-0.00015029311180114746,-0.004617273807525635,-0.0003512948751449585,0.0011644791811704636,0.0006425874307751656,0.0004886603564955294
465,543,520,-0.30300474166870117,-0.3033653199672699,-0.3095666766166687,-0.3097143769264221,-0.00014770030975341797,-0.006349056959152222,0.00021287798881530762,0.0011644791811704636,0.0006425873725675046,0.0004886601818725467
466,539,350,-0.23976024985313416,-0.23991374671459198,-0.2387007474899292,-0.2392043024301529,-0.0005035549402236938,0.0007094442844390869,-0.00035005807876586914,0.0011644792975857854,0.0006425873725675046,0.0004886602400802076
467,539,296,-0.23360906541347504,-0.2331298142671585,-0.23403392732143402,-0.23351851105690002,0.0005154162645339966,-0.0003886967897415161,3.616511821746826e-05,0.0011644792975857854,0.0006425873143598437,0.0004886607057414949
468,539,666,-0.28908106684684753,-0.29088446497917175,-0.29013851284980774,-0.29287391901016235,-0.0027354061603546143,-0.0019894540309906006,-0.0009320080280303955,0.0011644792975857854,0.0006425873725675046,0.0004886602982878685
469,539,470,-0.2788454294204712,-0.2790411412715912,-0.27944841980934143,-0.2806490361690521,-0.0012006163597106934,-0.0016078948974609375,-0.0010049045085906982,0.0011644790647551417,0.0006425877218134701,0.0004886558745056391
470,556,887,-0.31606149673461914,-0.3164028823375702,-0.31802645325660706,-0.31830960512161255,-0.00028315186500549316,-0.0019067227840423584,5.823373794555664e-05,0.00116447894833982,0.0006425878964364529,0.0004886533715762198
471,556,504,-0.31468266248703003,-0.314064621925354,-0.3226807415485382,-0.32268697023391724,-6.22868537902832e-06,-0.008622348308563232,-0.0006242692470550537,0.0011644790647551417,0.0006425877218134701,0.0004886559327133
472,556,887,-0.22015590965747833,-0.2202121615409851,-0.22467583417892456,-0.22431153059005737,0.0003643035888671875,-0.004099369049072266,0.0004205554723739624,0.0011644790647551417,0.0006425877218134701,0.0004886555834673345
473,559,756,-0.2782386839389801,-0.27801334857940674,-0.2841213345527649,-0.2835608124732971,0.0005605220794677734,-0.005547463893890381,0.0003351867198944092,0.0011644790647551417,0.0006425877218134701,0.0004886556416749954
474,556,756,-0.23834365606307983,-0.23856835067272186,-0.24108776450157166,-0.24168334901332855,-0.000595584511756897,-0.0031149983406066895,-0.00037088990211486816,0.00116447894833982,0.000642587838228792,0.0004886538372375071
475,557,338,-0.17748048901557922,-0.1770189255475998,-0.1820407509803772,-0.18079812824726105,0.00124262273311615,-0.003779202699661255,0.0007810592651367188,0.00116447894833982,0.000642587780021131,0.0004886550013907254
476,557,902,-0.2258063703775406,-0.22406771779060364,-0.2284892201423645,-0.22573235630989075,0.002756863832473755,-0.0016646385192871094,0.0010182112455368042,0.0011644790647551417,0.0006425876636058092,0.0004886562819592655
477,556,888,-0.21886728703975677,-0.2196711301803589,-0.2211429625749588,-0.22154641151428223,-0.0004034489393234253,-0.0018752813339233398,0.0004003942012786865,0.0011644790647551417,0.0006425876636058092,0.0004886562237516046
478,549,627,-0.36304396390914917,-0.3627326190471649,-0.370471715927124,-0.37033718824386597,0.00013452768325805664,-0.00760456919670105,-0.0001768171787261963,0.0011644792975857854,0.0006425873143598437,0.0004886615206487477
479,549,231,-0.2941032946109772,-0.29485082626342773,-0.2968810796737671,-0.29836851358413696,-0.001487433910369873,-0.0035176873207092285,-0.0007399022579193115,0.0011644794140011072,0.0006425871979445219,0.0004886637325398624
480,549,384,-0.22956573963165283,-0.23026424646377563,-0.2345518320798874,-0.2370341569185257,-0.0024823248386383057,-0.006769910454750061,-0.001783818006515503,0.0011644791811704636,0.0006425874307751656,0.0004886593669652939
481,551,308,-0.2738149166107178,-0.2735798954963684,-0.2777487635612488,-0.2781679630279541,-0.00041919946670532227,-0.004588067531585693,-0.0006542205810546875,0.0011644792975857854,0.0006425872561521828,0.0004886616952717304
482,549,689,-0.2589653730392456,-0.26023581624031067,-0.2665137052536011,-0.2697877585887909,-0.0032740533351898193,-0.009551942348480225,-0.002003610134124756,0.0011644791811704636,0.0006425875471904874,0.000488657969981432
483,549,422,-0.2223150134086609,-0.2234460562467575,-0.22613520920276642,-0.22970938682556152,-0.003574177622795105,-0.006263330578804016,-0.0024431347846984863,0.0011644790647551417,0.0006425876636058092,0.0004886561655439436
484,549,307,-0.3011760115623474,-0.30246829986572266,-0.30470016598701477,-0.30662283301353455,-0.0019226670265197754,-0.00415453314781189,-0.0006303787231445312,0.0011644794140011072,0.0006425870815292001,0.0004886646056547761
485,564,569,-0.14413629472255707,-0.14503434300422668,-0.14507681131362915,-0.14595381915569305,-0.0008770078420639038,-0.0009194761514663696,2.104043960571289e-05,0.0011644791811704636,0.0006425874889828265,0.0004886591923423111
486,563,187,-0.1919209063053131,-0.19098323583602905,-0.1950773298740387,-0.19469007849693298,0.0003872513771057129,-0.0037068426609039307,-0.0005504190921783447,0.0011644791811704636,0.0006425874889828265,0.0004886588430963457
487,563,187,-0.2077629268169403,-0.20836561918258667,-0.20893029868602753,-0.20974542200565338,-0.0008151233196258545,-0.0013798028230667114,-0.0002124309539794922,0.0011644794140011072,0.0006425870233215392,0.0004886648966930807
488,563,172,-0.0924738273024559,-0.09226898849010468,-0.09211014956235886,-0.09151392430067062,0.0005962252616882324,0.0007550641894340515,0.0003913864493370056,0.0011644794140011072,0.000642587139736861,0.0004886642564088106
489,584,929,-0.1856071949005127,-0.1857178807258606,-0.18607664108276367,-0.18681927025318146,-0.0007426291704177856,-0.0011013895273208618,-0.0006319433450698853,0.0011644791811704636,0.0006425875471904874,0.0004886585520580411
490,582,86,-0.20105969905853271,-0.20228248834609985,-0.20211324095726013,-0.20500639081001282,-0.0028931498527526855,-0.002723902463912964,-0.0016703605651855469,0.0011644792975857854,0.0006425873143598437,0.0004886612296104431
491,582,388,-0.20207366347312927,-0.20442508161067963,-0.20614689588546753,-0.2105887532234192,-0.00444185733795166,-0.006163671612739563,-0.002090439200401306,0.0011644791811704636,0.0006425875471904874,0.0004886583774350584
492,583,624,-0.17507140338420868,-0.1756443977355957,-0.17540356516838074,-0.1761808544397354,-0.0007772892713546753,-0.0005364567041397095,-0.00020429491996765137,0.0011644792975857854,0.0006425873143598437,0.0004886616952717304
493,588,306,-0.17974840104579926,-0.17817801237106323,-0.17685799300670624,-0.17469075322151184,0.002167239785194397,0.0034872591495513916,0.000596851110458374,0.0011644792975857854,0.0006425873725675046,0.0004886605893261731
494,584,44,-0.17910100519657135,-0.17907288670539856,-0.17850221693515778,-0.17870555818080902,-0.00020334124565124512,0.0003673285245895386,-0.00023145973682403564,0.0011644791811704636,0.0006425875471904874,0.0004886581446044147
495,583,77,-0.143188938498497,-0.1414463222026825,-0.14257846772670746,-0.1408892720937729,0.0016891956329345703,0.0005570501089096069,-5.342066287994385e-05,0.0011644791811704636,0.0006425874889828265,0.0004886594251729548
496,574,125,-0.1301981806755066,-0.12995119392871857,-0.1306149810552597,-0.1307244598865509,-0.00010947883129119873,-0.0007732659578323364,-0.00035646557807922363,0.0011644794140011072,0.000642587139736861,0.0004886642564088106
497,588,557,-0.17546629905700684,-0.17426130175590515,-0.175144761800766,-0.17339034378528595,0.0017544180154800415,0.0008709579706192017,0.0005494207143783569,0.0011644792975857854,0.0006425873143598437,0.0004886618116870522
498,575,748,-0.18961723148822784,-0.1897326111793518,-0.1853378713130951,-0.18423083424568176,0.00110703706741333,0.005501776933670044,0.0012224167585372925,0.0011644791811704636,0.0006425874307751656,0.0004886600072495639
499,582,104,-0.22699974477291107,-0.22941261529922485,-0.2274511754512787,-0.23250898718833923,-0.005057811737060547,-0.00309637188911438,-0.002644941210746765,0.0011644792975857854,0.0006425873143598437,0.0004886616952717304
500,582,102,-0.17563633620738983,-0.17850758135318756,-0.17799918353557587,-0.1830543875694275,-0.0050552040338516235,-0.004546806216239929,-0.002183958888053894,0.0011644792975857854,0.0006425873725675046,0.000488660647533834
501,582,102,-0.2364211529493332,-0.23781022429466248,-0.24091419577598572,-0.24283020198345184,-0.0019160062074661255,-0.005019977688789368,-0.0005269348621368408,0.0011644791811704636,0.0006425874307751656,0.0004886597744189203
502,582,608,-0.194576233625412,-0.19672632217407227,-0.196185901761055,-0.20052629709243774,-0.0043403953313827515,-0.0037999749183654785,-0.002190306782722473,0.0011644792975857854,0.0006425873725675046,0.0004886604147031903
503,582,751,-0.2583346664905548,-0.26009243726730347,-0.2591341733932495,-0.2631756365299225,-0.004041463136672974,-0.0030831992626190186,-0.0022836923599243164,0.0011644792975857854,0.0006425872561521828,0.0004886619281023741
504,604,627,-0.20712430775165558,-0.20688210427761078,-0.20938673615455627,-0.20962725579738617,-0.00024051964282989502,-0.0027451515197753906,-0.0004827231168746948,0.0011644792975857854,0.0006425872561521828,0.0004886611131951213
505,605,523,-0.13903510570526123,-0.13969546556472778,-0.14128102362155914,-0.14234502613544464,-0.001064002513885498,-0.002649560570716858,-0.0004036426544189453,0.00116447894833982,0.000642587780021131,0.0004886541282758117
506,602,81,-0.26191195845603943,-0.26242488622665405,-0.26214686036109924,-0.2623715102672577,-0.00022464990615844727,5.3375959396362305e-05,0.00028827786445617676,0.0011644790647551417,0.0006425876053981483,0.0004886566894128919
507,602,587,-0.2462693601846695,-0.24635405838489532,-0.24597430229187012,-0.24528388679027557,0.0006904155015945435,0.001070171594619751,0.0007751137018203735,0.00116447894833982,0.000642587780021131,0.0004886542446911335
508,602,90,-0.18465666472911835,-0.18416409194469452,-0.18551158905029297,-0.1847711205482483,0.0007404685020446777,-0.000607028603553772,0.0002478957176208496,0.0011644790647551417,0.0006425875471904874,0.0004886573296971619
509,602,79,-0.233734592795372,-0.2336343228816986,-0.2337232232093811,-0.23376812040805817,-4.489719867706299e-05,-0.0001337975263595581,-0.00014516711235046387,0.00116447894833982,0.0006425877218134701,0.0004886548849754035
510,602,586,-0.3166736662387848,-0.31665048003196716,-0.317838579416275,-0.3181324601173401,-0.0002938807010650635,-0.0014819800853729248,-0.00031706690788269043,0.0011644790647551417,0.0006425877218134701,0.000488655234221369
511,602,585,-0.24048125743865967,-0.24029508233070374,-0.24242427945137024,-0.24204151332378387,0.00038276612758636475,-0.0017464309930801392,0.00019659101963043213,0.0011644790647551417,0.0006425876636058092,0.0004886559909209609
512,620,451,-0.09958059340715408,-0.09947195649147034,-0.0999869629740715,-0.09944377839565277,0.0005431845784187317,2.8178095817565918e-05,0.00043454766273498535,0.00116447894833982,0.0006425879546441138,0.0004886529641225934
513,620,62,-0.09490863233804703,-0.09383935481309891,-0.0929260179400444,-0.09158556163311005,0.0013404563069343567,0.002253793179988861,0.00027117878198623657,0.00116447894833982,0.000642587780021131,0.0004886548849754035
514,620,304,-0.1669061779975891,-0.16702550649642944,-0.16707290709018707,-0.16718870401382446,-0.00011579692363739014,-0.00016319751739501953,3.5315752029418945e-06,0.00116447894833982,0.0006425877218134701,0.0004886551178060472
515,620,258,-0.08738918602466583,-0.08737509697675705,-0.0880730152130127,-0.08824102580547333,-0.00016801059246063232,-0.0008659288287162781,-0.00018209964036941528,0.00116447894833982,0.0006425878964364529,0.0004886536626145244
516,617,749,-0.12403993308544159,-0.12412887811660767,-0.12661612033843994,-0.12746819853782654,-0.0008520781993865967,-0.003339320421218872,-0.00076313316822052,0.0011644790647551417,0.000642587780021131,0.0004886550013907254
517,617,634,-0.1393483579158783,-0.1392206996679306,-0.13685402274131775,-0.13639642298221588,0.0004575997591018677,0.0028242766857147217,0.0003299415111541748,0.0011644791811704636,0.0006425874889828265,0.0004886589013040066
518,618,304,-0.14894568920135498,-0.1487468183040619,-0.14817287027835846,-0.14848363399505615,-0.00031076371669769287,0.0002631843090057373,-0.0005096346139907837,0.0011644790647551417,0.0006425876053981483,0.0004886569222435355
519,617,62,-0.16276417672634125,-0.16248227655887604,-0.1613987237215042,-0.16093133389949799,0.0004673898220062256,0.0015509426593780518,0.00018548965454101562,0.0011644790647551417,0.0006425876636058092,0.0004886567476205528
520,617,749,-0.123677097260952,-0.1232951283454895,-0.12574829161167145,-0.12616890668869019,-0.0004206150770187378,-0.0028737783432006836,-0.0008025839924812317,0.0011644790647551417,0.0006425877218134701,0.0004886556998826563
521,629,429,-0.06379023939371109,-0.06359358131885529,-0.06347685307264328,-0.06303708255290985,0.00043977051973342896,0.0005564987659454346,0.0002431124448776245,0.0011644790647551417,0.0006425875471904874,0.0004886576207354665
522,629,61,-0.16801849007606506,-0.16839048266410828,-0.16484272480010986,-0.16516932845115662,-0.00032660365104675293,0.00322115421295166,4.538893699645996e-05,0.00116447894833982,0.0006425876636058092,0.0004886551760137081
523,628,602,-0.13071811199188232,-0.1313028484582901,-0.13019514083862305,-0.1311216950416565,-0.0009265542030334473,0.00018115341663360596,-0.0003418177366256714,0.0011644790647551417,0.0006425876053981483,0.0004886573879048228
524,629,638,-0.09765474498271942,-0.09804747998714447,-0.09665224701166153,-0.09553687274456024,0.0011153742671012878,0.0025106072425842285,0.0015081092715263367,0.0011644791811704636,0.0006425874307751656,0.0004886594251729548
525,626,429,-0.19404789805412292,-0.19526854157447815,-0.19330653548240662,-0.19516049325466156,-0.0018539577722549438,0.00010804831981658936,-0.0006333142518997192,0.00116447894833982,0.000642587838228792,0.0004886540700681508
526,625,360,-0.17576444149017334,-0.17759500443935394,-0.17839588224887848,-0.18118394911289215,-0.002788066864013672,-0.003588944673538208,-0.0009575039148330688,0.00116447894833982,0.000642587838228792,0.000488654593937099
527,655,967,-0.08527802675962448,-0.08729210495948792,-0.08559582382440567,-0.08757349103689194,-0.001977667212486267,-0.0002813860774040222,3.641098737716675e-05,0.001164478831924498,0.0006425880710594356,0.0004886517999693751
528,656,1016,-0.1097203716635704,-0.11185573786497116,-0.10915161669254303,-0.1116715595126152,-0.002519942820072174,0.00018417835235595703,-0.00038457661867141724,0.0011644790647551417,0.000642587780021131,0.0004886562819592655
529,655,767,-0.18756839632987976,-0.1889880746603012,-0.18741706013679504,-0.1900888979434967,-0.00267183780670166,-0.0011008232831954956,-0.0012521594762802124,0.0011644790647551417,0.0006425876636058092,0.0004886571550741792
530,654,430,-0.12125522643327713,-0.12101472169160843,-0.12075285613536835,-0.11858097463846207,0.0021718814969062805,0.0024337470531463623,0.0019313767552375793,0.0011644790647551417,0.0006425877218134701,0.0004886564565822482
531,654,360,-0.156002938747406,-0.15641380846500397,-0.15620119869709015,-0.15596391260623932,0.00023728609085083008,0.00044989585876464844,0.0006481558084487915,0.00116447894833982,0.0006425878964364529,0.0004886544193141162
532,664,431,-0.25448906421661377,-0.2562198042869568,-0.25725412368774414,-0.25977760553359985,-0.002523481845855713,-0.0035578012466430664,-0.0007927417755126953,0.00116447894833982,0.0006425879546441138,0.0004886541864834726
533,665,179,-0.12096669524908066,-0.12177948653697968,-0.1288565695285797,-0.13010273873806,-0.0012461692094802856,-0.008323252201080322,-0.0004333779215812683,0.0011644790647551417,0.000642587780021131,0.0004886556998826563
534,665,435,-0.20193731784820557,-0.20327839255332947,-0.20457275211811066,-0.20604091882705688,-0.001468166708946228,-0.002762526273727417,-0.00012709200382232666,0.0011644790647551417,0.0006425876636058092,0.0004886575625278056
535,665,431,-0.0882427990436554,-0.0899234488606453,-0.09301894158124924,-0.09459538012742996,-0.001576438546180725,-0.004671931266784668,0.00010421127080917358,0.001164478831924498,0.0006425880710594356,0.000488651916384697
536,660,962,-0.24451249837875366,-0.2449931651353836,-0.24678939580917358,-0.24834078550338745,-0.0015513896942138672,-0.003347620368003845,-0.0010707229375839233,0.001164478831924498,0.0006425880710594356,0.0004886513343080878
537,660,699,-0.24572491645812988,-0.2465859055519104,-0.24829278886318207,-0.24992743134498596,-0.001634642481803894,-0.0033415257930755615,-0.0007736533880233765,0.001164478831924498,0.0006425880710594356,0.0004886513343080878
538,687,280,-0.26621168851852417,-0.26821789145469666,-0.27021896839141846,-0.2724636197090149,-0.0022446513175964355,-0.004245728254318237,-0.0002384483814239502,0.001164478831924498,0.0006425880128517747,0.0004886523238383234
539,687,417,-0.22020946443080902,-0.2203345149755478,-0.22598737478256226,-0.2265537977218628,-0.0005664229393005371,-0.0062192827463150024,-0.0004413723945617676,0.0011644790647551417,0.000642587780021131,0.0004886552924290299
540,687,280,-0.27034828066825867,-0.27184632420539856,-0.27683019638061523,-0.2786612808704376,-0.0018310844898223877,-0.0068149566650390625,-0.0003330409526824951,0.0011644790647551417,0.0006425876053981483,0.0004886573879048228
541,687,280,-0.3305669128894806,-0.33213481307029724,-0.33581385016441345,-0.3379885256290436,-0.002174675464630127,-0.005853712558746338,-0.0006067752838134766,0.00116447894833982,0.0006425878964364529,0.0004886538372375071
542,687,280,-0.2859744727611542,-0.2873663604259491,-0.29308387637138367,-0.2946513295173645,-0.001567453145980835,-0.007284969091415405,-0.00017556548118591309,0.0011644790647551417,0.0006425877218134701,0.0004886562819592655
543,687,280,-0.28216686844825745,-0.2837987244129181,-0.29004672169685364,-0.2919814884662628,-0.0019347667694091797,-0.008182764053344727,-0.00030291080474853516,0.0011644790647551417,0.0006425877218134701,0.0004886561073362827
544,687,535,-0.23030032217502594,-0.23112665116786957,-0.23508456349372864,-0.23571203649044037,-0.000627472996711731,-0.004585385322570801,0.00019885599613189697,0.001164478831924498,0.0006425879546441138,0.0004886527312919497
545,682,304,-0.2889200448989868,-0.2896727919578552,-0.28734704852104187,-0.2883513569831848,-0.0010043084621429443,0.0013214349746704102,-0.00025156140327453613,0.00116447894833982,0.0006425879546441138,0.0004886530223302543
546,682,603,-0.3335713744163513,-0.33293041586875916,-0.3365209400653839,-0.33584925532341003,0.000671684741973877,-0.002918839454650879,3.072619438171387e-05,0.00116447894833982,0.000642587838228792,0.0004886541864834726
547,679,62,-0.2762993574142456,-0.2759161591529846,-0.2756575047969818,-0.27438884973526,0.0012686550617218018,0.0015273094177246094,0.0008854568004608154,0.0011644791811704636,0.0006425874889828265,0.0004886585520580411
548,679,281,-0.3238407075405121,-0.3251100182533264,-0.3247067928314209,-0.3273688852787018,-0.002662092447280884,-0.002258867025375366,-0.0013927817344665527,0.0011644790647551417,0.0006425876053981483,0.0004886574461124837
549,710,136,-0.15022964775562286,-0.15098971128463745,-0.15100055932998657,-0.15198519825935364,-0.0009846389293670654,-0.0009954869747161865,-0.00022457540035247803,0.001164479530416429,0.0006425870233215392,0.0004886666429229081
550,710,28,-0.12118031084537506,-0.12024315446615219,-0.12374007701873779,-0.12254863977432251,0.0011914372444152832,-0.0023054853081703186,0.00025428086519241333,0.0011644794140011072,0.0006425872561521828,0.0004886627430096269
551,712,145,-0.11868073046207428,-0.11932560056447983,-0.12255880981683731,-0.12418825924396515,-0.0016294494271278381,-0.004862658679485321,-0.00098457932472229,0.0011644794140011072,0.000642587139736861,0.0004886644310317934
552,712,22,-0.13165178894996643,-0.13231796026229858,-0.13544811308383942,-0.13674527406692505,-0.0012971609830856323,-0.004427313804626465,-0.000630989670753479,0.0011644794140011072,0.000642587139736861,0.0004886646056547761
553,710,24,-0.12325681746006012,-0.12347827851772308,-0.12695719301700592,-0.1278616189956665,-0.0009044259786605835,-0.00438334047794342,-0.0006829649209976196,0.0011644794140011072,0.0006425872561521828,0.0004886630340479314
554,704,136,-0.09561481326818466,-0.09653815627098083,-0.09620662033557892,-0.09780248254537582,-0.0015958622097969055,-0.001264326274394989,-0.0006725192070007324,0.0011644794140011072,0.0006425871979445219,0.000488664023578167
555,706,22,-0.06961667537689209,-0.07087033241987228,-0.07477342337369919,-0.07761645317077637,-0.002843029797077179,-0.006746120750904083,-0.0015893727540969849,0.0011644792975857854,0.0006425873143598437,0.0004886620445176959
556,706,386,-0.081983782351017,-0.08074705302715302,-0.08133573830127716,-0.08042056113481522,0.0009151771664619446,0.00032649189233779907,-0.0003215521574020386,0.001164479530416429,0.0006425869651138783,0.0004886663518846035
557,706,386,-0.14334240555763245,-0.14504793286323547,-0.14364215731620789,-0.14682705700397491,-0.003184899687767029,-0.001779124140739441,-0.0014793723821640015,0.0011644794140011072,0.000642587139736861,0.0004886640817858279
558,703,401,-0.07902929186820984,-0.07996520400047302,-0.08318021148443222,-0.08527553826570511,-0.002095326781272888,-0.005310334265232086,-0.0011594146490097046,0.0011644794140011072,0.000642587139736861,0.000488664663862437
559,704,380,-0.14818152785301208,-0.14851190149784088,-0.14668211340904236,-0.1482607126235962,-0.001578599214553833,0.00025118887424468994,-0.0012482255697250366,0.0011644794140011072,0.0006425872561521828,0.0004886627430096269
560,733,34,0.008472262881696224,0.008991983719170094,0.008671932853758335,0.009708108380436897,0.0010361755266785622,0.0007161246612668037,0.0005164546892046928,0.0011644790647551417,0.000642587780021131,0.0004886551760137081
561,733,34,-0.06542672216892242,-0.0654798373579979,-0.06630130857229233,-0.06530493497848511,0.0009963735938072205,0.00017490237951278687,0.0010494887828826904,0.0011644791811704636,0.0006425874307751656,0.0004886597162112594
562,733,100,-0.23839427530765533,-0.24018216133117676,-0.23660680651664734,-0.2371487021446228,-0.0005418956279754639,0.003033459186553955,0.0012459903955459595,0.0011644794140011072,0.000642587139736861,0.0004886636161245406
563,731,761,-0.19114099442958832,-0.19149447977542877,-0.196012943983078,-0.19760096073150635,-0.0015880167484283447,-0.006106480956077576,-0.0012345314025878906,0.0011644790647551417,0.0006425876053981483,0.000488657271489501
564,731,741,-0.2879072427749634,-0.2879505157470703,-0.2897724509239197,-0.28984081745147705,-6.836652755737305e-05,-0.0018903017044067383,-2.5093555450439453e-05,0.0011644791811704636,0.0006425874889828265,0.0004886583192273974
565,739,723,-0.2607713043689728,-0.2618134617805481,-0.26537859439849854,-0.2668716311454773,-0.0014930367469787598,-0.005058169364929199,-0.0004508793354034424,0.0011644790647551417,0.0006425876636058092,0.0004886570968665183
566,739,721,-0.24376508593559265,-0.24358856678009033,-0.24689441919326782,-0.24532374739646912,0.001570671796798706,-0.0017351806163787842,0.0013941526412963867,0.0011644792975857854,0.0006425873143598437,0.0004886615788564086
567,739,86,-0.1954766809940338,-0.19566112756729126,-0.19879591464996338,-0.19864842295646667,0.0001474916934967041,-0.002987295389175415,0.0003319382667541504,0.0011644792975857854,0.0006425873725675046,0.0004886608221568167
568,739,712,-0.24188990890979767,-0.2423275113105774,-0.2462458610534668,-0.24768343567848206,-0.0014375746250152588,-0.005355924367904663,-0.0009999722242355347,0.0011644791811704636,0.0006425876053981483,0.0004886576207354665
569,739,91,-0.27884364128112793,-0.2798169255256653,-0.2825396955013275,-0.28374817967414856,-0.001208484172821045,-0.003931254148483276,-0.0002351999282836914,0.0011644791811704636,0.0006425875471904874,0.0004886582610197365
570,738,246,-0.28337323665618896,-0.2834515869617462,-0.2846263647079468,-0.2854204475879669,-0.0007940828800201416,-0.001968860626220703,-0.0007157325744628906,0.0011644790647551417,0.0006425875471904874,0.0004886575625278056
571,737,523,-0.19213911890983582,-0.19242191314697266,-0.19611959159374237,-0.19668477773666382,-0.0005651861429214478,-0.004262864589691162,-0.00028239190578460693,0.0011644791811704636,0.0006425875471904874,0.000488657911773771
572,737,38,-0.25494396686553955,-0.2552642226219177,-0.25630271434783936,-0.25735244154930115,-0.001049727201461792,-0.002088218927383423,-0.0007294714450836182,0.0011644791811704636,0.0006425874307751656,0.0004886595415882766
573,737,246,-0.23619422316551208,-0.23593392968177795,-0.23701252043247223,-0.23699715733528137,1.5363097190856934e-05,-0.001063227653503418,-0.0002449303865432739,0.0011644792975857854,0.0006425873143598437,0.0004886611714027822
574,777,968,-0.28009873628616333,-0.2808215618133545,-0.28006401658058167,-0.2799375057220459,0.0001265108585357666,0.0008840560913085938,0.0008493363857269287,0.0011644790647551417,0.0006425877218134701,0.0004886555834673345
575,776,847,-0.1698518842458725,-0.17002151906490326,-0.17311911284923553,-0.1731491982936859,-3.0085444450378418e-05,-0.003127679228782654,0.0001395493745803833,0.0011644790647551417,0.0006425876636058092,0.0004886567476205528
576,782,117,-0.247074156999588,-0.2490752637386322,-0.24849525094032288,-0.25131258368492126,-0.0028173327445983887,-0.0022373199462890625,-0.0008162260055541992,0.0011644794140011072,0.0006425872561521828,0.0004886629758402705
577,772,550,-0.1420690417289734,-0.14303827285766602,-0.14235198497772217,-0.14374101161956787,-0.0013890266418457031,-0.0007027387619018555,-0.00041979551315307617,0.0011644791811704636,0.0006425875471904874,0.000488658610265702
578,772,1019,-0.29891616106033325,-0.2993425726890564,-0.2983393371105194,-0.3000358045101166,-0.001696467399597168,-0.0006932318210601807,-0.0012700557708740234,0.00116447894833982,0.0006425878964364529,0.0004886537790298462
579,771,990,-0.263458788394928,-0.2649972140789032,-0.2654995322227478,-0.2676295340061188,-0.0021300017833709717,-0.002632319927215576,-0.000591576099395752,0.0011644794140011072,0.000642587139736861,0.0004886633832938969
580,767,994,-0.17494557797908783,-0.17518216371536255,-0.17428800463676453,-0.17379985749721527,0.00048814713954925537,0.0013823062181472778,0.0007247328758239746,0.0011644792975857854,0.0006425873725675046,0.0004886607057414949
581,771,98,-0.20473505556583405,-0.2059314250946045,-0.20809681713581085,-0.20989544689655304,-0.0017986297607421875,-0.003964021801948547,-0.0006022602319717407,0.0011644792975857854,0.0006425873143598437,0.0004886614042334259
582,767,763,-0.2004629522562027,-0.20139800012111664,-0.1996544748544693,-0.20188720524311066,-0.0022327303886413574,-0.0004892051219940186,-0.001297682523727417,0.0011644794140011072,0.000642587139736861,0.000488664023578167
583,767,723,-0.25948214530944824,-0.2614121437072754,-0.25984880328178406,-0.2632806599140167,-0.003431856632232666,-0.001868516206741333,-0.0015018582344055176,0.0011644792975857854,0.0006425873725675046,0.000488660647533834
584,767,990,-0.32518506050109863,-0.32577237486839294,-0.32632285356521606,-0.3257925510406494,0.0005303025245666504,-2.0176172256469727e-05,0.001117616891860962,0.001164479530416429,0.0006425869651138783,0.0004886660608462989
585,767,990,-0.3263442814350128,-0.3276260495185852,-0.33030980825424194,-0.3314938545227051,-0.0011840462684631348,-0.003867805004119873,9.772181510925293e-05,0.0011644794140011072,0.0006425870815292001,0.0004886648384854198
586,767,98,-0.18142248690128326,-0.1822291612625122,-0.1824406087398529,-0.18373534083366394,-0.0012947320938110352,-0.0015061795711517334,-0.0004880577325820923,0.0011644794140011072,0.0006425871979445219,0.0004886629176326096
587,767,78,-0.21411122381687164,-0.21419988572597504,-0.21689759194850922,-0.2178630828857422,-0.0009654909372329712,-0.003663197159767151,-0.0008768290281295776,0.0011644794140011072,0.0006425871979445219,0.0004886630922555923
588,771,98,-0.2623223662376404,-0.26320892572402954,-0.26199567317962646,-0.26342734694480896,-0.0014316737651824951,-0.00021842122077941895,-0.000545114278793335,0.0011644792975857854,0.0006425872561521828,0.000488661986310035
589,769,98,-0.20405638217926025,-0.20449061691761017,-0.20461581647396088,-0.2059701830148697,-0.0013543665409088135,-0.0014795660972595215,-0.0009201318025588989,0.0011644790647551417,0.0006425876053981483,0.0004886574461124837
590,767,105,-0.17596855759620667,-0.17572815716266632,-0.1769256293773651,-0.17621943354606628,0.0007061958312988281,-0.0004912763833999634,0.0004657953977584839,0.0011644792975857854,0.0006425873143598437,0.0004886614042334259
