query_index,name,identity,camera,scene,valid,relevant_gallery,kept_gallery,AP,INP,first_match,last_match,Rank-1,Rank-5,Rank-10,Rank-20
0,0502_c0001_000.jpg,502,0,-1,True,175,8550,0.8694548047900049,0.3771551724137931,1,464,1,1,1,1
1,0502_c0001_005.jpg,502,0,-1,True,175,8550,0.8503146922503809,0.3295668549905838,1,531,1,1,1,1
2,0502_c0001_010.jpg,502,0,-1,True,175,8550,0.8665916813095603,0.3653444676409186,1,479,1,1,1,1
3,0502_c0001_015.jpg,502,0,-1,True,175,8550,0.8509349622702643,0.37393162393162394,1,468,1,1,1,1
4,0502_c0001_020.jpg,502,0,-1,True,175,8550,0.8397275767390531,0.3684210526315789,1,475,1,1,1,1
5,0502_c0002_000.jpg,502,1,-1,True,175,8550,0.357357787306495,0.1519097222222222,1,1152,1,1,1,1
6,0502_c0002_005.jpg,502,1,-1,True,175,8550,0.3493816507082337,0.15681003584229392,1,1116,1,1,1,1
7,0502_c0002_010.jpg,502,1,-1,True,175,8550,0.3920346580033764,0.15445719329214475,1,1133,1,1,1,1
8,0502_c0002_015.jpg,502,1,-1,True,175,8550,0.3574076397376183,0.15151515151515152,1,1155,1,1,1,1
9,0502_c0002_020.jpg,502,1,-1,True,175,8550,0.4012065004799395,0.17641129032258066,1,992,1,1,1,1
10,0502_c0003_000.jpg,502,2,-1,True,175,8550,0.11334528344535426,0.08582638548307994,68,2039,0,0,0,0
11,0502_c0003_005.jpg,502,2,-1,True,175,8550,0.11590810852314101,0.0867195242814668,66,2018,0,0,0,0
12,0502_c0003_010.jpg,502,2,-1,True,175,8550,0.1469099062142654,0.09338313767342583,32,1874,0,0,0,0
13,0502_c0003_015.jpg,502,2,-1,True,175,8550,0.1439077297786778,0.09057971014492754,53,1932,0,0,0,0
14,0502_c0003_020.jpg,502,2,-1,True,175,8550,0.13125160703027408,0.0891492613346918,53,1963,0,0,0,0
15,0502_c0004_000.jpg,502,3,-1,True,175,8550,0.8706496931946575,0.42475728155339804,1,412,1,1,1,1
16,0502_c0004_005.jpg,502,3,-1,True,175,8550,0.8388663721865958,0.41273584905660377,1,424,1,1,1,1
17,0502_c0004_010.jpg,502,3,-1,True,175,8550,0.7599200045358748,0.3787878787878788,1,462,1,1,1,1
18,0502_c0004_015.jpg,502,3,-1,True,175,8550,0.8128523119044531,0.4807692307692308,1,364,1,1,1,1
19,0502_c0004_020.jpg,502,3,-1,True,175,8550,0.7842163858801158,0.39414414414414417,1,444,1,1,1,1
20,0502_c0005_000.jpg,502,4,-1,True,175,8550,0.7379815854574401,0.3723404255319149,1,470,1,1,1,1
21,0502_c0005_005.jpg,502,4,-1,True,175,8550,0.7387297582007624,0.4032258064516129,1,434,1,1,1,1
22,0502_c0005_010.jpg,502,4,-1,True,175,8550,0.7651974789145408,0.43209876543209874,1,405,1,1,1,1
23,0502_c0005_015.jpg,502,4,-1,True,175,8550,0.7805535168366212,0.39503386004514673,1,443,1,1,1,1
24,0502_c0005_020.jpg,502,4,-1,True,175,8550,0.7919262198380672,0.373134328358209,1,469,1,1,1,1
25,0502_c0006_000.jpg,502,5,-1,True,175,8550,0.6100621064157363,0.16462841015992474,1,1063,1,1,1,1
26,0502_c0006_005.jpg,502,5,-1,True,175,8550,0.6132767622267279,0.1771255060728745,1,988,1,1,1,1
27,0502_c0006_010.jpg,502,5,-1,True,175,8550,0.5458713264948071,0.1647834274952919,1,1062,1,1,1,1
28,0502_c0006_015.jpg,502,5,-1,True,175,8550,0.5842405567769955,0.17258382642998027,1,1014,1,1,1,1
29,0502_c0006_020.jpg,502,5,-1,True,175,8550,0.5542389128398169,0.1471825063078217,1,1189,1,1,1,1
30,0502_c0007_000.jpg,502,6,-1,True,175,8550,0.8430143256310271,0.4820936639118457,1,363,1,1,1,1
31,0502_c0007_005.jpg,502,6,-1,True,175,8550,0.8060668722626284,0.47554347826086957,1,368,1,1,1,1
32,0502_c0007_010.jpg,502,6,-1,True,175,8550,0.8087468667401195,0.5043227665706052,1,347,1,1,1,1
33,0502_c0007_015.jpg,502,6,-1,True,175,8550,0.7510739736028385,0.4716981132075472,1,371,1,1,1,1
34,0502_c0007_020.jpg,502,6,-1,True,175,8550,0.7978186677372483,0.4781420765027322,1,366,1,1,1,1
35,0502_c0008_000.jpg,502,7,-1,True,175,8550,0.5801329318837429,0.15938069216757741,1,1098,1,1,1,1
36,0502_c0008_005.jpg,502,7,-1,True,175,8550,0.5773893828409727,0.16462841015992474,1,1063,1,1,1,1
37,0502_c0008_010.jpg,502,7,-1,True,175,8550,0.6345274159680853,0.17395626242544732,1,1006,1,1,1,1
38,0502_c0008_015.jpg,502,7,-1,True,175,8550,0.6804235547433821,0.18078512396694216,1,968,1,1,1,1
39,0502_c0008_020.jpg,502,7,-1,True,175,8550,0.6706120455074602,0.176056338028169,1,994,1,1,1,1
40,0504_c0001_000.jpg,504,0,-1,True,150,8550,0.395516427979222,0.11070110701107011,5,1355,0,1,1,1
41,0504_c0001_005.jpg,504,0,-1,True,150,8550,0.4621157474143564,0.11329305135951662,1,1324,1,1,1,1
42,0504_c0001_010.jpg,504,0,-1,True,150,8550,0.4390487318955036,0.12067578439259855,1,1243,1,1,1,1
43,0504_c0001_015.jpg,504,0,-1,True,150,8550,0.450929795163644,0.12224938875305623,3,1227,0,1,1,1
44,0504_c0001_020.jpg,504,0,-1,True,150,8550,0.4751130979913923,0.12244897959183673,2,1225,0,1,1,1
45,0504_c0002_000.jpg,504,1,-1,True,150,8550,0.19201414787339638,0.18028846153846154,1,832,1,1,1,1
46,0504_c0002_005.jpg,504,1,-1,True,150,8550,0.23836499933292313,0.1925545571245186,1,779,1,1,1,1
47,0504_c0002_010.jpg,504,1,-1,True,150,8550,0.1918926996614679,0.1681614349775785,1,892,1,1,1,1
48,0504_c0002_015.jpg,504,1,-1,True,150,8550,0.18254532224388445,0.16759776536312848,1,895,1,1,1,1
49,0504_c0002_020.jpg,504,1,-1,True,150,8550,0.22840312901240423,0.1820388349514563,1,824,1,1,1,1
50,0504_c0003_000.jpg,504,2,-1,True,150,8550,0.6131393079272041,0.30425963488843816,1,493,1,1,1,1
51,0504_c0003_005.jpg,504,2,-1,True,150,8550,0.5926967411166987,0.3125,1,480,1,1,1,1
52,0504_c0003_010.jpg,504,2,-1,True,150,8550,0.5653745696111562,0.32608695652173914,1,460,1,1,1,1
53,0504_c0003_015.jpg,504,2,-1,True,150,8550,0.5792611113626708,0.32119914346895073,1,467,1,1,1,1
54,0504_c0003_020.jpg,504,2,-1,True,150,8550,0.5513407181262926,0.34324942791762014,1,437,1,1,1,1
55,0504_c0005_000.jpg,504,4,-1,True,150,8550,0.8710169801923869,0.6437768240343348,1,233,1,1,1,1
56,0504_c0005_005.jpg,504,4,-1,True,150,8550,0.8964899774131412,0.7614213197969543,1,197,1,1,1,1
57,0504_c0005_010.jpg,504,4,-1,True,150,8550,0.8718688662332726,0.5952380952380952,1,252,1,1,1,1
58,0504_c0005_015.jpg,504,4,-1,True,150,8550,0.869539034738363,0.6696428571428571,1,224,1,1,1,1
59,0504_c0005_020.jpg,504,4,-1,True,150,8550,0.8618388643205778,0.5555555555555556,1,270,1,1,1,1
60,0504_c0006_000.jpg,504,5,-1,True,150,8550,0.8459646777445846,0.42857142857142855,1,350,1,1,1,1
61,0504_c0006_005.jpg,504,5,-1,True,150,8550,0.8435955004613784,0.390625,1,384,1,1,1,1
62,0504_c0006_010.jpg,504,5,-1,True,150,8550,0.8360657119624542,0.352112676056338,1,426,1,1,1,1
63,0504_c0006_015.jpg,504,5,-1,True,150,8550,0.8370542963296921,0.37593984962406013,1,399,1,1,1,1
64,0504_c0006_020.jpg,504,5,-1,True,150,8550,0.8394771065991565,0.3768844221105528,1,398,1,1,1,1
65,0504_c0007_000.jpg,504,6,-1,True,150,8550,0.8015717804861197,0.3614457831325301,1,415,1,1,1,1
66,0504_c0007_005.jpg,504,6,-1,True,150,8550,0.789472568697793,0.3024193548387097,1,496,1,1,1,1
67,0504_c0007_010.jpg,504,6,-1,True,150,8550,0.787391010688253,0.32894736842105265,1,456,1,1,1,1
68,0504_c0007_015.jpg,504,6,-1,True,150,8550,0.7758312457252575,0.2994011976047904,1,501,1,1,1,1
69,0504_c0007_020.jpg,504,6,-1,True,150,8550,0.758211634952843,0.30181086519114686,1,497,1,1,1,1
70,0504_c0008_000.jpg,504,7,-1,True,150,8550,0.800410667427029,0.3614457831325301,1,415,1,1,1,1
71,0504_c0008_005.jpg,504,7,-1,True,150,8550,0.809049361407491,0.38071065989847713,1,394,1,1,1,1
72,0504_c0008_010.jpg,504,7,-1,True,150,8550,0.7734805440311855,0.3282275711159737,1,457,1,1,1,1
73,0504_c0008_015.jpg,504,7,-1,True,150,8550,0.7721342738482599,0.33482142857142855,1,448,1,1,1,1
74,0504_c0008_020.jpg,504,7,-1,True,150,8550,0.7860349593536,0.31982942430703626,1,469,1,1,1,1
75,0506_c0001_000.jpg,506,0,-1,True,175,8550,0.3966469195388181,0.11437908496732026,26,1530,0,0,0,0
76,0506_c0001_005.jpg,506,0,-1,True,175,8550,0.4051598474306025,0.12482168330955777,25,1402,0,0,0,0
77,0506_c0001_010.jpg,506,0,-1,True,175,8550,0.36271890994137673,0.11760752688172044,23,1488,0,0,0,0
78,0506_c0001_015.jpg,506,0,-1,True,175,8550,0.35839510314487344,0.12681159420289856,20,1380,0,0,0,1
79,0506_c0001_020.jpg,506,0,-1,True,175,8550,0.33988634211248064,0.12085635359116022,21,1448,0,0,0,0
80,0506_c0002_000.jpg,506,1,-1,True,175,8550,0.715159521058001,0.20710059171597633,1,845,1,1,1,1
81,0506_c0002_005.jpg,506,1,-1,True,175,8550,0.7088089123734079,0.1997716894977169,1,876,1,1,1,1
82,0506_c0002_010.jpg,506,1,-1,True,175,8550,0.7037258715455555,0.20091848450057406,1,871,1,1,1,1
83,0506_c0002_015.jpg,506,1,-1,True,175,8550,0.7071270371897042,0.19104803493449782,1,916,1,1,1,1
84,0506_c0002_020.jpg,506,1,-1,True,175,8550,0.7064013228987622,0.18153526970954356,1,964,1,1,1,1
85,0506_c0003_000.jpg,506,2,-1,True,175,8550,0.7400100887481585,0.16462841015992474,1,1063,1,1,1,1
86,0506_c0003_005.jpg,506,2,-1,True,175,8550,0.7227328093614429,0.17465069860279442,1,1002,1,1,1,1
87,0506_c0003_010.jpg,506,2,-1,True,175,8550,0.7330045290689279,0.15723270440251572,1,1113,1,1,1,1
88,0506_c0003_015.jpg,506,2,-1,True,175,8550,0.7123243210158481,0.1715686274509804,1,1020,1,1,1,1
89,0506_c0003_020.jpg,506,2,-1,True,175,8550,0.7062786830542911,0.1650943396226415,1,1060,1,1,1,1
90,0506_c0004_000.jpg,506,3,-1,True,175,8550,0.625083691207177,0.211864406779661,1,826,1,1,1,1
91,0506_c0004_005.jpg,506,3,-1,True,175,8550,0.6219496089585339,0.2061248527679623,1,849,1,1,1,1
92,0506_c0004_010.jpg,506,3,-1,True,175,8550,0.6167287479744118,0.1977401129943503,1,885,1,1,1,1
93,0506_c0004_015.jpg,506,3,-1,True,175,8550,0.6271179104311327,0.1853813559322034,1,944,1,1,1,1
94,0506_c0004_020.jpg,506,3,-1,True,175,8550,0.59299625660204,0.1473063973063973,1,1188,1,1,1,1
95,0506_c0005_000.jpg,506,4,-1,True,175,8550,0.08153860357007917,0.055327220992728424,63,3163,0,0,0,0
96,0506_c0005_005.jpg,506,4,-1,True,175,8550,0.13029823432560722,0.058922558922558925,45,2970,0,0,0,0
97,0506_c0005_010.jpg,506,4,-1,True,175,8550,0.10567713026616583,0.056762893285760625,48,3083,0,0,0,0
98,0506_c0005_015.jpg,506,4,-1,True,175,8550,0.11799920065567948,0.06086956521739131,46,2875,0,0,0,0
99,0506_c0005_020.jpg,506,4,-1,True,175,8550,0.12461711634117048,0.05707762557077625,20,3066,0,0,0,1
100,0506_c0006_000.jpg,506,5,-1,True,175,8550,0.6315042890356124,0.1447477253928867,1,1209,1,1,1,1
101,0506_c0006_005.jpg,506,5,-1,True,175,8550,0.6373757030674952,0.14583333333333334,1,1200,1,1,1,1
102,0506_c0006_010.jpg,506,5,-1,True,175,8550,0.6758839250457177,0.1441515650741351,1,1214,1,1,1,1
103,0506_c0006_015.jpg,506,5,-1,True,175,8550,0.6354475893737166,0.1393312101910828,1,1256,1,1,1,1
104,0506_c0006_020.jpg,506,5,-1,True,175,8550,0.63286659920854,0.14486754966887416,1,1208,1,1,1,1
105,0506_c0007_000.jpg,506,6,-1,True,175,8550,0.7138553379659843,0.24717514124293785,1,708,1,1,1,1
106,0506_c0007_005.jpg,506,6,-1,True,175,8550,0.7186983599974391,0.26119402985074625,1,670,1,1,1,1
107,0506_c0007_010.jpg,506,6,-1,True,175,8550,0.7515238199753171,0.24509803921568626,1,714,1,1,1,1
108,0506_c0007_015.jpg,506,6,-1,True,175,8550,0.7266013872342016,0.25,1,700,1,1,1,1
109,0506_c0007_020.jpg,506,6,-1,True,175,8550,0.6686068662804289,0.23777173913043478,4,736,0,1,1,1
110,0506_c0008_000.jpg,506,7,-1,True,175,8550,0.41109647923277803,0.08128193218764515,5,2153,0,1,1,1
111,0506_c0008_005.jpg,506,7,-1,True,175,8550,0.3990318261277712,0.07809013833110219,11,2241,0,0,0,1
112,0506_c0008_010.jpg,506,7,-1,True,175,8550,0.43308051785959434,0.08181393174380551,1,2139,1,1,1,1
113,0506_c0008_015.jpg,506,7,-1,True,175,8550,0.41062407468321355,0.08045977011494253,9,2175,0,0,1,1
114,0506_c0008_020.jpg,506,7,-1,True,175,8550,0.4386306012182612,0.07987220447284345,1,2191,1,1,1,1
115,0508_c0001_000.jpg,508,0,-1,True,175,8550,0.2568644209010346,0.11054958938723942,11,1583,0,0,0,1
116,0508_c0001_005.jpg,508,0,-1,True,175,8550,0.21020979613047602,0.09765625,20,1792,0,0,0,1
117,0508_c0001_010.jpg,508,0,-1,True,175,8550,0.23215139246822966,0.10670731707317073,17,1640,0,0,0,1
118,0508_c0001_015.jpg,508,0,-1,True,175,8550,0.22555469906469788,0.10809141445336627,17,1619,0,0,0,1
119,0508_c0001_020.jpg,508,0,-1,True,175,8550,0.2401360037696963,0.11082963901203294,15,1579,0,0,0,1
120,0508_c0002_000.jpg,508,1,-1,True,175,8550,0.5797524481426156,0.22905759162303665,1,764,1,1,1,1
121,0508_c0002_005.jpg,508,1,-1,True,175,8550,0.5333832002799368,0.21766169154228857,1,804,1,1,1,1
122,0508_c0002_010.jpg,508,1,-1,True,175,8550,0.6355016044777848,0.22845953002610966,1,766,1,1,1,1
123,0508_c0002_015.jpg,508,1,-1,True,175,8550,0.5634720210926779,0.2139364303178484,1,818,1,1,1,1
124,0508_c0002_020.jpg,508,1,-1,True,175,8550,0.49906817211068794,0.20184544405997693,1,867,1,1,1,1
125,0508_c0003_000.jpg,508,2,-1,True,175,8550,0.47427721238314885,0.14011208967173738,14,1249,0,0,0,1
126,0508_c0003_005.jpg,508,2,-1,True,175,8550,0.6476225160672178,0.2032520325203252,1,861,1,1,1,1
127,0508_c0003_010.jpg,508,2,-1,True,175,8550,0.5586307963436905,0.19230769230769232,2,910,0,1,1,1
128,0508_c0003_015.jpg,508,2,-1,True,175,8550,0.5184494330724129,0.16355140186915887,2,1070,0,1,1,1
129,0508_c0003_020.jpg,508,2,-1,True,175,8550,0.5367537566869265,0.16682554814108674,2,1049,0,1,1,1
130,0508_c0004_000.jpg,508,3,-1,True,175,8550,0.20365057559148575,0.175,63,1000,0,0,0,0
131,0508_c0004_005.jpg,508,3,-1,True,175,8550,0.19832115528634323,0.16762452107279693,71,1044,0,0,0,0
132,0508_c0004_010.jpg,508,3,-1,True,175,8550,0.1707879850658758,0.15099223468507333,83,1159,0,0,0,0
133,0508_c0004_015.jpg,508,3,-1,True,175,8550,0.14421468280010297,0.12446657183499289,155,1406,0,0,0,0
134,0508_c0004_020.jpg,508,3,-1,True,175,8550,0.19347609107155148,0.16309412861137,56,1073,0,0,0,0
135,0508_c0005_000.jpg,508,4,-1,True,175,8550,0.4785881181667022,0.3465346534653465,18,505,0,0,0,1
136,0508_c0005_005.jpg,508,4,-1,True,175,8550,0.47854515913590384,0.34516765285996054,20,507,0,0,0,1
137,0508_c0005_010.jpg,508,4,-1,True,175,8550,0.5426667759849906,0.29069767441860467,1,602,1,1,1,1
138,0508_c0005_015.jpg,508,4,-1,True,175,8550,0.542684281229814,0.3027681660899654,2,578,0,1,1,1
139,0508_c0005_020.jpg,508,4,-1,True,175,8550,0.5230757911692052,0.29411764705882354,1,595,1,1,1,1
140,0508_c0006_000.jpg,508,5,-1,True,175,8550,0.48465931142927793,0.230566534914361,8,759,0,0,1,1
141,0508_c0006_005.jpg,508,5,-1,True,175,8550,0.4731463847626298,0.25107604017216645,21,697,0,0,0,0
142,0508_c0006_010.jpg,508,5,-1,True,175,8550,0.48532866417185677,0.2532561505065123,18,691,0,0,0,1
143,0508_c0006_015.jpg,508,5,-1,True,175,8550,0.45948031259537564,0.2336448598130841,12,749,0,0,0,1
144,0508_c0006_020.jpg,508,5,-1,True,175,8550,0.48380358119702016,0.24717514124293785,8,708,0,0,1,1
145,0508_c0007_000.jpg,508,6,-1,True,175,8550,0.6071136469086796,0.22095959595959597,1,792,1,1,1,1
146,0508_c0007_005.jpg,508,6,-1,True,175,8550,0.6365461729490506,0.21685254027261464,1,807,1,1,1,1
147,0508_c0007_010.jpg,508,6,-1,True,175,8550,0.5850901387918951,0.2113526570048309,1,828,1,1,1,1
148,0508_c0007_015.jpg,508,6,-1,True,175,8550,0.574418853376959,0.20301624129930396,1,862,1,1,1,1
149,0508_c0007_020.jpg,508,6,-1,True,175,8550,0.5657874597213512,0.21631644004944375,1,809,1,1,1,1
150,0508_c0008_000.jpg,508,7,-1,True,175,8550,0.4301025195079839,0.36082474226804123,15,485,0,0,0,1
151,0508_c0008_005.jpg,508,7,-1,True,175,8550,0.4319495697941176,0.3424657534246575,10,511,0,0,1,1
152,0508_c0008_010.jpg,508,7,-1,True,175,8550,0.3906637437047502,0.33206831119544594,19,527,0,0,0,1
153,0508_c0008_015.jpg,508,7,-1,True,175,8550,0.4022662783566823,0.3371868978805395,14,519,0,0,0,1
154,0508_c0008_020.jpg,508,7,-1,True,175,8550,0.3946103606952605,0.35860655737704916,18,488,0,0,0,1
155,0510_c0001_000.jpg,510,0,-1,True,175,8550,0.19079120335603575,0.03284534534534535,26,5328,0,0,0,0
156,0510_c0001_005.jpg,510,0,-1,True,175,8550,0.18518161007883463,0.03229378114043181,25,5419,0,0,0,0
157,0510_c0001_010.jpg,510,0,-1,True,175,8550,0.16981636552258939,0.029118136439267885,21,6010,0,0,0,0
158,0510_c0001_015.jpg,510,0,-1,True,175,8550,0.16052980617913942,0.02888265390328437,28,6059,0,0,0,0
159,0510_c0001_020.jpg,510,0,-1,True,175,8550,0.1319029664404172,0.02753303964757709,36,6356,0,0,0,0
160,0510_c0002_000.jpg,510,1,-1,True,175,8550,0.01356257164071359,0.021148036253776436,1572,8275,0,0,0,0
161,0510_c0002_005.jpg,510,1,-1,True,175,8550,0.013667560119797497,0.02112761076904503,1458,8283,0,0,0,0
162,0510_c0002_010.jpg,510,1,-1,True,175,8550,0.01499608634339938,0.021559689540470616,1022,8117,0,0,0,0
163,0510_c0002_015.jpg,510,1,-1,True,175,8550,0.01437466791694517,0.021631644004944377,1660,8090,0,0,0,0
164,0510_c0002_020.jpg,510,1,-1,True,175,8550,0.013645465426078885,0.021069106669877196,1716,8306,0,0,0,0
165,0510_c0003_000.jpg,510,2,-1,True,175,8550,0.06209001127726687,0.05172923440733077,232,3383,0,0,0,0
166,0510_c0003_005.jpg,510,2,-1,True,175,8550,0.06298541390966893,0.05219206680584551,264,3353,0,0,0,0
167,0510_c0003_010.jpg,510,2,-1,True,175,8550,0.06425383012356942,0.051455454278153484,197,3401,0,0,0,0
168,0510_c0003_015.jpg,510,2,-1,True,175,8550,0.06552024815857527,0.051425213047311194,176,3403,0,0,0,0
169,0510_c0003_020.jpg,510,2,-1,True,175,8550,0.06388264079886935,0.05340250228867867,232,3277,0,0,0,0
170,0510_c0004_000.jpg,510,3,-1,True,175,8550,0.4554027165320514,0.042641325536062376,1,4104,1,1,1,1
171,0510_c0004_005.jpg,510,3,-1,True,175,8550,0.4720492065650545,0.04356484939009211,1,4017,1,1,1,1
172,0510_c0004_010.jpg,510,3,-1,True,175,8550,0.4776944371975532,0.04424778761061947,1,3955,1,1,1,1
173,0510_c0004_015.jpg,510,3,-1,True,175,8550,0.4388526362255285,0.0431672422298964,1,4054,1,1,1,1
174,0510_c0004_020.jpg,510,3,-1,True,175,8550,0.4646651692166766,0.04361914257228315,1,4012,1,1,1,1
175,0510_c0005_000.jpg,510,4,-1,True,175,8550,0.16766651231019342,0.06363636363636363,75,2750,0,0,0,0
176,0510_c0005_005.jpg,510,4,-1,True,175,8550,0.1492091057625363,0.05625200900032144,75,3111,0,0,0,0
177,0510_c0005_010.jpg,510,4,-1,True,175,8550,0.15607780642857083,0.05085730892182505,58,3441,0,0,0,0
178,0510_c0005_015.jpg,510,4,-1,True,175,8550,0.14244520150296447,0.0520523497917906,67,3362,0,0,0,0
179,0510_c0005_020.jpg,510,4,-1,True,175,8550,0.1459001737039237,0.0479320734045467,52,3651,0,0,0,0
180,0510_c0006_000.jpg,510,5,-1,True,175,8550,0.11984209858638317,0.05172923440733077,14,3383,0,0,0,1
181,0510_c0006_005.jpg,510,5,-1,True,175,8550,0.09528385050018215,0.052129877867143286,77,3357,0,0,0,0
182,0510_c0006_010.jpg,510,5,-1,True,175,8550,0.1143095714356118,0.05336992985666362,45,3279,0,0,0,0
183,0510_c0006_015.jpg,510,5,-1,True,175,8550,0.13368118552662597,0.05902192242833052,43,2965,0,0,0,0
184,0510_c0006_020.jpg,510,5,-1,True,175,8550,0.13440068142086672,0.05458515283842795,18,3206,0,0,0,1
185,0510_c0007_000.jpg,510,6,-1,True,175,8550,0.07485018295470212,0.061924982307147915,133,2826,0,0,0,0
186,0510_c0007_005.jpg,510,6,-1,True,175,8550,0.08759166694469252,0.07491438356164383,94,2336,0,0,0,0
187,0510_c0007_010.jpg,510,6,-1,True,175,8550,0.09842167637058347,0.08629191321499013,37,2028,0,0,0,0
188,0510_c0007_015.jpg,510,6,-1,True,175,8550,0.09424918547501408,0.08663366336633663,41,2020,0,0,0,0
189,0510_c0007_020.jpg,510,6,-1,True,175,8550,0.08985959285198025,0.08641975308641975,76,2025,0,0,0,0
190,0510_c0008_000.jpg,510,7,-1,True,175,8550,0.3756836492337761,0.02834467120181406,1,6174,1,1,1,1
191,0510_c0008_005.jpg,510,7,-1,True,175,8550,0.32484824398917095,0.028483072916666668,1,6144,1,1,1,1
192,0510_c0008_010.jpg,510,7,-1,True,175,8550,0.271926877740172,0.02769863880974992,1,6318,1,1,1,1
193,0510_c0008_015.jpg,510,7,-1,True,175,8550,0.3415818954121169,0.028944756864042343,1,6046,1,1,1,1
194,0510_c0008_020.jpg,510,7,-1,True,175,8550,0.3534493290707632,0.028811326967402042,1,6074,1,1,1,1
195,0512_c0001_000.jpg,512,0,-1,True,75,8550,0.4439130942838361,0.487012987012987,26,154,0,0,0,0
196,0512_c0001_005.jpg,512,0,-1,True,75,8550,0.43096744529989145,0.47770700636942676,25,157,0,0,0,0
197,0512_c0001_010.jpg,512,0,-1,True,75,8550,0.45108347833478857,0.46296296296296297,17,162,0,0,0,1
198,0512_c0001_015.jpg,512,0,-1,True,75,8550,0.44484501864293313,0.4934210526315789,22,152,0,0,0,0
199,0512_c0001_020.jpg,512,0,-1,True,75,8550,0.4552716892235021,0.5,20,150,0,0,0,1
200,0512_c0003_000.jpg,512,2,-1,True,75,8550,0.4245617972442187,0.3246753246753247,2,231,0,1,1,1
201,0512_c0003_005.jpg,512,2,-1,True,75,8550,0.44780005522047994,0.32608695652173914,2,230,0,1,1,1
202,0512_c0003_010.jpg,512,2,-1,True,75,8550,0.41874959617113766,0.32751091703056767,2,229,0,1,1,1
203,0512_c0003_015.jpg,512,2,-1,True,75,8550,0.41899999486656453,0.35046728971962615,2,214,0,1,1,1
204,0512_c0003_020.jpg,512,2,-1,True,75,8550,0.5226650640063034,0.33783783783783783,1,222,1,1,1,1
205,0512_c0005_000.jpg,512,4,-1,True,75,8550,0.506823747106513,0.20435967302452315,1,367,1,1,1,1
206,0512_c0005_005.jpg,512,4,-1,True,75,8550,0.5040036453322588,0.21613832853025935,1,347,1,1,1,1
207,0512_c0005_010.jpg,512,4,-1,True,75,8550,0.5289540291468555,0.24916943521594684,1,301,1,1,1,1
208,0512_c0005_015.jpg,512,4,-1,True,75,8550,0.6073275436881317,0.26595744680851063,1,282,1,1,1,1
209,0512_c0005_020.jpg,512,4,-1,True,75,8550,0.5205362466551241,0.2737226277372263,1,274,1,1,1,1
210,0512_c0006_000.jpg,512,5,-1,True,75,8550,0.10625249214209322,0.11961722488038277,176,627,0,0,0,0
211,0512_c0006_005.jpg,512,5,-1,True,75,8550,0.10789398020881083,0.12626262626262627,176,594,0,0,0,0
212,0512_c0006_010.jpg,512,5,-1,True,75,8550,0.10825953332826121,0.12886597938144329,176,582,0,0,0,0
213,0512_c0006_015.jpg,512,5,-1,True,75,8550,0.14419001941011278,0.16778523489932887,170,447,0,0,0,0
214,0512_c0006_020.jpg,512,5,-1,True,75,8550,0.12729197855069269,0.1524390243902439,176,492,0,0,0,0
215,0514_c0001_000.jpg,514,0,-1,True,175,8550,0.3317709463153551,0.2951096121416526,28,593,0,0,0,0
216,0514_c0001_005.jpg,514,0,-1,True,175,8550,0.32088109929540753,0.22905759162303665,29,764,0,0,0,0
217,0514_c0001_010.jpg,514,0,-1,True,175,8550,0.3719052306157936,0.26758409785932724,28,654,0,0,0,0
218,0514_c0001_015.jpg,514,0,-1,True,175,8550,0.31085835204318935,0.24544179523141654,32,713,0,0,0,0
219,0514_c0001_020.jpg,514,0,-1,True,175,8550,0.2884520250941497,0.24171270718232044,28,724,0,0,0,0
220,0514_c0002_000.jpg,514,1,-1,True,175,8550,0.3868799113140966,0.1388888888888889,1,1260,1,1,1,1
221,0514_c0002_005.jpg,514,1,-1,True,175,8550,0.41076434911864224,0.14546965918536992,1,1203,1,1,1,1
222,0514_c0002_010.jpg,514,1,-1,True,175,8550,0.4332395662414032,0.15638963360142985,1,1119,1,1,1,1
223,0514_c0002_015.jpg,514,1,-1,True,175,8550,0.43608679250752547,0.15611061552185548,1,1121,1,1,1,1
224,0514_c0002_020.jpg,514,1,-1,True,175,8550,0.4468176101637164,0.16891891891891891,1,1036,1,1,1,1
225,0514_c0003_000.jpg,514,2,-1,True,175,8550,0.9737952488890875,0.7352941176470589,1,238,1,1,1,1
226,0514_c0003_005.jpg,514,2,-1,True,175,8550,0.9738718416488431,0.7322175732217573,1,239,1,1,1,1
227,0514_c0003_010.jpg,514,2,-1,True,175,8550,0.9736782568208325,0.708502024291498,1,247,1,1,1,1
228,0514_c0003_015.jpg,514,2,-1,True,175,8550,0.9651855067764092,0.6704980842911877,1,261,1,1,1,1
229,0514_c0003_020.jpg,514,2,-1,True,175,8550,0.9621866336997346,0.6340579710144928,1,276,1,1,1,1
230,0514_c0004_000.jpg,514,3,-1,True,175,8550,0.990128980561999,0.875,1,200,1,1,1,1
231,0514_c0004_005.jpg,514,3,-1,True,175,8550,0.9838589100894721,0.875,1,200,1,1,1,1
232,0514_c0004_010.jpg,514,3,-1,True,175,8550,0.9793059590035883,0.8495145631067961,1,206,1,1,1,1
233,0514_c0004_015.jpg,514,3,-1,True,175,8550,0.9701698594408965,0.6944444444444444,1,252,1,1,1,1
234,0514_c0004_020.jpg,514,3,-1,True,175,8550,0.9766208597502052,0.8064516129032258,1,217,1,1,1,1
235,0514_c0005_000.jpg,514,4,-1,True,175,8550,0.9228711403105405,0.3593429158110883,1,487,1,1,1,1
236,0514_c0005_005.jpg,514,4,-1,True,175,8550,0.9189642388470001,0.352112676056338,1,497,1,1,1,1
237,0514_c0005_010.jpg,514,4,-1,True,175,8550,0.9106248620661982,0.3458498023715415,1,506,1,1,1,1
238,0514_c0005_015.jpg,514,4,-1,True,175,8550,0.9254760373437839,0.373134328358209,1,469,1,1,1,1
239,0514_c0005_020.jpg,514,4,-1,True,175,8550,0.9166882217535467,0.3472222222222222,1,504,1,1,1,1
240,0514_c0006_000.jpg,514,5,-1,True,175,8550,0.8617012691057266,0.3170289855072464,1,552,1,1,1,1
241,0514_c0006_005.jpg,514,5,-1,True,175,8550,0.8286864656543418,0.2981260647359455,1,587,1,1,1,1
242,0514_c0006_010.jpg,514,5,-1,True,175,8550,0.8406452790890024,0.29411764705882354,1,595,1,1,1,1
243,0514_c0006_015.jpg,514,5,-1,True,175,8550,0.7844905686886938,0.2717391304347826,1,644,1,1,1,1
244,0514_c0006_020.jpg,514,5,-1,True,175,8550,0.772197434154136,0.2623688155922039,1,667,1,1,1,1
245,0514_c0007_000.jpg,514,6,-1,True,175,8550,0.749506569229312,0.26676829268292684,1,656,1,1,1,1
246,0514_c0007_005.jpg,514,6,-1,True,175,8550,0.7249973371437113,0.2266839378238342,1,772,1,1,1,1
247,0514_c0007_010.jpg,514,6,-1,True,175,8550,0.7021797457994203,0.21212121212121213,1,825,1,1,1,1
248,0514_c0007_015.jpg,514,6,-1,True,175,8550,0.6612626992492352,0.20636792452830188,1,848,1,1,1,1
249,0514_c0007_020.jpg,514,6,-1,True,175,8550,0.7092581768550862,0.20734597156398105,1,844,1,1,1,1
250,0514_c0008_000.jpg,514,7,-1,True,175,8550,0.5994284017077793,0.13197586726998492,1,1326,1,1,1,1
251,0514_c0008_005.jpg,514,7,-1,True,175,8550,0.6260030145610171,0.13844936708860758,1,1264,1,1,1,1
252,0514_c0008_010.jpg,514,7,-1,True,175,8550,0.38675839820761343,0.1298219584569733,8,1348,0,0,1,1
253,0514_c0008_015.jpg,514,7,-1,True,175,8550,0.39441686766584805,0.1270878721859114,4,1377,0,1,1,1
254,0514_c0008_020.jpg,514,7,-1,True,175,8550,0.4209071230488145,0.12745812090313183,4,1373,0,1,1,1
255,0516_c0001_000.jpg,516,0,-1,True,75,8550,1.0,1.0,1,75,1,1,1,1
256,0516_c0001_005.jpg,516,0,-1,True,75,8550,1.0,1.0,1,75,1,1,1,1
257,0516_c0001_010.jpg,516,0,-1,True,75,8550,1.0,1.0,1,75,1,1,1,1
258,0516_c0001_015.jpg,516,0,-1,True,75,8550,1.0,1.0,1,75,1,1,1,1
259,0516_c0001_020.jpg,516,0,-1,True,75,8550,1.0,1.0,1,75,1,1,1,1
260,0516_c0003_000.jpg,516,2,-1,True,75,8550,0.870247463767315,0.5172413793103449,1,145,1,1,1,1
261,0516_c0003_005.jpg,516,2,-1,True,75,8550,0.8917496397967333,0.5905511811023622,1,127,1,1,1,1
262,0516_c0003_010.jpg,516,2,-1,True,75,8550,0.8830981397308324,0.5597014925373134,1,134,1,1,1,1
263,0516_c0003_015.jpg,516,2,-1,True,75,8550,0.7531952643501394,0.436046511627907,1,172,1,1,1,1
264,0516_c0003_020.jpg,516,2,-1,True,75,8550,0.7814426580433769,0.4491017964071856,1,167,1,1,1,1
265,0516_c0005_000.jpg,516,4,-1,True,75,8550,0.839280652137194,0.4934210526315789,1,152,1,1,1,1
266,0516_c0005_005.jpg,516,4,-1,True,75,8550,0.82321244979887,0.4411764705882353,1,170,1,1,1,1
267,0516_c0005_010.jpg,516,4,-1,True,75,8550,0.8753092276977471,0.5102040816326531,1,147,1,1,1,1
268,0516_c0005_015.jpg,516,4,-1,True,75,8550,0.8499252811701187,0.4966887417218543,1,151,1,1,1,1
269,0516_c0005_020.jpg,516,4,-1,True,75,8550,0.8430592793473516,0.487012987012987,1,154,1,1,1,1
270,0516_c0006_000.jpg,516,5,-1,True,75,8550,0.7728204681496009,0.3865979381443299,1,194,1,1,1,1
271,0516_c0006_005.jpg,516,5,-1,True,75,8550,0.7854241552074545,0.3865979381443299,1,194,1,1,1,1
272,0516_c0006_010.jpg,516,5,-1,True,75,8550,0.7868190440635603,0.38860103626943004,1,193,1,1,1,1
273,0516_c0006_015.jpg,516,5,-1,True,75,8550,0.7915002936539957,0.39267015706806285,1,191,1,1,1,1
274,0516_c0006_020.jpg,516,5,-1,True,75,8550,0.7732899429196096,0.3787878787878788,1,198,1,1,1,1
275,0518_c0001_000.jpg,518,0,-1,True,100,8550,0.40577186141252886,0.17667844522968199,1,566,1,1,1,1
276,0518_c0001_005.jpg,518,0,-1,True,100,8550,0.40296404258118323,0.1692047377326565,1,591,1,1,1,1
277,0518_c0001_010.jpg,518,0,-1,True,100,8550,0.39778221315421114,0.16863406408094436,1,593,1,1,1,1
278,0518_c0001_015.jpg,518,0,-1,True,100,8550,0.4015277716717366,0.1597444089456869,1,626,1,1,1,1
279,0518_c0001_020.jpg,518,0,-1,True,100,8550,0.4133406846473104,0.1763668430335097,1,567,1,1,1,1
280,0518_c0002_000.jpg,518,1,-1,True,100,8550,0.6524635296314947,0.15313935681470137,1,653,1,1,1,1
281,0518_c0002_005.jpg,518,1,-1,True,100,8550,0.7039829925854968,0.18050541516245489,1,554,1,1,1,1
282,0518_c0002_010.jpg,518,1,-1,True,100,8550,0.7575093724373199,0.22172949002217296,1,451,1,1,1,1
283,0518_c0002_015.jpg,518,1,-1,True,100,8550,0.7912142615148725,0.25,1,400,1,1,1,1
284,0518_c0002_020.jpg,518,1,-1,True,100,8550,0.7731700299798985,0.24390243902439024,1,410,1,1,1,1
285,0518_c0003_000.jpg,518,2,-1,True,100,8550,0.6518482489412861,0.3448275862068966,1,290,1,1,1,1
286,0518_c0003_005.jpg,518,2,-1,True,100,8550,0.769156264558747,0.4424778761061947,1,226,1,1,1,1
287,0518_c0003_010.jpg,518,2,-1,True,100,8550,0.7420871174690137,0.36496350364963503,1,274,1,1,1,1
288,0518_c0003_015.jpg,518,2,-1,True,100,8550,0.6827418152338813,0.32051282051282054,1,312,1,1,1,1
289,0518_c0003_020.jpg,518,2,-1,True,100,8550,0.6624537743444787,0.3115264797507788,1,321,1,1,1,1
290,0518_c0005_000.jpg,518,4,-1,True,100,8550,0.6472930850334468,0.14285714285714285,1,700,1,1,1,1
291,0518_c0005_005.jpg,518,4,-1,True,100,8550,0.6443895576127852,0.14184397163120568,1,705,1,1,1,1
292,0518_c0005_010.jpg,518,4,-1,True,100,8550,0.6313529343638992,0.13458950201884254,1,743,1,1,1,1
293,0518_c0005_015.jpg,518,4,-1,True,100,8550,0.6326285040978548,0.1342281879194631,1,745,1,1,1,1
294,0518_c0005_020.jpg,518,4,-1,True,100,8550,0.65108324569369,0.1466275659824047,1,682,1,1,1,1
295,0518_c0006_000.jpg,518,5,-1,True,100,8550,0.6949097584175159,0.20618556701030927,1,485,1,1,1,1
296,0518_c0006_005.jpg,518,5,-1,True,100,8550,0.7443887674114491,0.2188183807439825,1,457,1,1,1,1
297,0518_c0006_010.jpg,518,5,-1,True,100,8550,0.7170408792892828,0.21551724137931033,1,464,1,1,1,1
298,0518_c0006_015.jpg,518,5,-1,True,100,8550,0.7375997392492334,0.2222222222222222,1,450,1,1,1,1
299,0518_c0006_020.jpg,518,5,-1,True,100,8550,0.750455133873305,0.2222222222222222,1,450,1,1,1,1
300,0520_c0001_000.jpg,520,0,-1,True,150,8550,0.9983181721854599,0.9202453987730062,1,163,1,1,1,1
301,0520_c0001_005.jpg,520,0,-1,True,150,8550,1.0,1.0,1,150,1,1,1,1
302,0520_c0001_010.jpg,520,0,-1,True,150,8550,1.0,1.0,1,150,1,1,1,1
303,0520_c0001_015.jpg,520,0,-1,True,150,8550,0.9902592848206999,0.872093023255814,1,172,1,1,1,1
304,0520_c0001_020.jpg,520,0,-1,True,150,8550,1.0,1.0,1,150,1,1,1,1
305,0520_c0002_000.jpg,520,1,-1,True,150,8550,0.6332738840946583,0.1095690284879474,1,1369,1,1,1,1
306,0520_c0002_005.jpg,520,1,-1,True,150,8550,0.6344795886554286,0.10744985673352435,1,1396,1,1,1,1
307,0520_c0002_010.jpg,520,1,-1,True,150,8550,0.6295686811194718,0.10615711252653928,1,1413,1,1,1,1
308,0520_c0002_015.jpg,520,1,-1,True,150,8550,0.6369018381359873,0.12809564474807855,1,1171,1,1,1,1
309,0520_c0002_020.jpg,520,1,-1,True,150,8550,0.6435354757637314,0.1289767841788478,1,1163,1,1,1,1
310,0520_c0004_000.jpg,520,3,-1,True,150,8550,0.805762915522664,0.3073770491803279,1,488,1,1,1,1
311,0520_c0004_005.jpg,520,3,-1,True,150,8550,0.8452338443427818,0.2664298401420959,1,563,1,1,1,1
312,0520_c0004_010.jpg,520,3,-1,True,150,8550,0.8331040301179149,0.2702702702702703,1,555,1,1,1,1
313,0520_c0004_015.jpg,520,3,-1,True,150,8550,0.8125548361206834,0.22058823529411764,1,680,1,1,1,1
314,0520_c0004_020.jpg,520,3,-1,True,150,8550,0.8196730539961211,0.27124773960216997,1,553,1,1,1,1
315,0520_c0005_000.jpg,520,4,-1,True,150,8550,0.23944313121396818,0.27124773960216997,45,553,0,0,0,0
316,0520_c0005_005.jpg,520,4,-1,True,150,8550,0.40604388259059315,0.4411764705882353,22,340,0,0,0,0
317,0520_c0005_010.jpg,520,4,-1,True,150,8550,0.4640365424944205,0.4225352112676056,15,355,0,0,0,1
318,0520_c0005_015.jpg,520,4,-1,True,150,8550,0.7343749123827289,0.5494505494505495,1,273,1,1,1,1
319,0520_c0005_020.jpg,520,4,-1,True,150,8550,0.5902951842601295,0.4807692307692308,6,312,0,0,1,1
320,0520_c0006_000.jpg,520,5,-1,True,150,8550,0.8416532006493272,0.2403846153846154,1,624,1,1,1,1
321,0520_c0006_005.jpg,520,5,-1,True,150,8550,0.8525809122306524,0.24793388429752067,1,605,1,1,1,1
322,0520_c0006_010.jpg,520,5,-1,True,150,8550,0.854038385763605,0.2336448598130841,1,642,1,1,1,1
323,0520_c0006_015.jpg,520,5,-1,True,150,8550,0.8239702004735374,0.2054794520547945,1,730,1,1,1,1
324,0520_c0006_020.jpg,520,5,-1,True,150,8550,0.8326394522045719,0.22488755622188905,1,667,1,1,1,1
325,0520_c0007_000.jpg,520,6,-1,True,150,8550,0.7480344416267463,0.2077562326869806,1,722,1,1,1,1
326,0520_c0007_005.jpg,520,6,-1,True,150,8550,0.8099077993034312,0.2145922746781116,1,699,1,1,1,1
327,0520_c0007_010.jpg,520,6,-1,True,150,8550,0.8035890032096654,0.21645021645021645,1,693,1,1,1,1
328,0520_c0007_015.jpg,520,6,-1,True,150,8550,0.8589784415437932,0.21929824561403508,1,684,1,1,1,1
329,0520_c0007_020.jpg,520,6,-1,True,150,8550,0.8384795992828433,0.20949720670391062,1,716,1,1,1,1
330,0520_c0008_000.jpg,520,7,-1,True,150,8550,0.9501252068758307,0.35294117647058826,1,425,1,1,1,1
331,0520_c0008_005.jpg,520,7,-1,True,150,8550,0.9575228246351386,0.436046511627907,1,344,1,1,1,1
332,0520_c0008_010.jpg,520,7,-1,True,150,8550,0.95132255289111,0.4132231404958678,1,363,1,1,1,1
333,0520_c0008_015.jpg,520,7,-1,True,150,8550,0.9395010851440315,0.3448275862068966,1,435,1,1,1,1
334,0520_c0008_020.jpg,520,7,-1,True,150,8550,0.9394654869796067,0.34324942791762014,1,437,1,1,1,1
335,0522_c0001_000.jpg,522,0,-1,True,150,8550,0.21017494757600183,0.03281557646029315,1,4571,1,1,1,1
336,0522_c0001_005.jpg,522,0,-1,True,150,8550,0.23062207716246205,0.032432432432432434,1,4625,1,1,1,1
337,0522_c0001_010.jpg,522,0,-1,True,150,8550,0.22115147200583682,0.037267080745341616,1,4025,1,1,1,1
338,0522_c0001_015.jpg,522,0,-1,True,150,8550,0.23650659059886123,0.035850860420650096,1,4184,1,1,1,1
339,0522_c0001_020.jpg,522,0,-1,True,150,8550,0.2422168691610527,0.034238758274366586,1,4381,1,1,1,1
340,0522_c0002_000.jpg,522,1,-1,True,150,8550,0.07734208800795019,0.04248088360237893,306,3531,0,0,0,0
341,0522_c0002_005.jpg,522,1,-1,True,150,8550,0.06275247403736756,0.039546533087266016,395,3793,0,0,0,0
342,0522_c0002_010.jpg,522,1,-1,True,150,8550,0.062036306901073035,0.036737692872887584,316,4083,0,0,0,0
343,0522_c0002_015.jpg,522,1,-1,True,150,8550,0.06337231877100141,0.03814852492370295,354,3932,0,0,0,0
344,0522_c0002_020.jpg,522,1,-1,True,150,8550,0.061400847482651816,0.039936102236421724,389,3756,0,0,0,0
345,0522_c0004_000.jpg,522,3,-1,True,150,8550,0.18267286348006168,0.06687472135532768,13,2243,0,0,0,1
346,0522_c0004_005.jpg,522,3,-1,True,150,8550,0.16378517117753397,0.061957868649318466,23,2421,0,0,0,0
347,0522_c0004_010.jpg,522,3,-1,True,150,8550,0.17698727768921202,0.06666666666666667,22,2250,0,0,0,0
348,0522_c0004_015.jpg,522,3,-1,True,150,8550,0.16918882331150556,0.06190672719768882,24,2423,0,0,0,0
349,0522_c0004_020.jpg,522,3,-1,True,150,8550,0.19501173368322014,0.06473888649115235,14,2317,0,0,0,1
350,0522_c0005_000.jpg,522,4,-1,True,150,8550,0.48768982114793896,0.13428827215756492,1,1117,1,1,1,1
351,0522_c0005_005.jpg,522,4,-1,True,150,8550,0.4668704811216844,0.11355034065102196,1,1321,1,1,1,1
352,0522_c0005_010.jpg,522,4,-1,True,150,8550,0.26387482541240986,0.08660508083140878,30,1732,0,0,0,0
353,0522_c0005_015.jpg,522,4,-1,True,150,8550,0.4054263283266109,0.10997067448680352,1,1364,1,1,1,1
354,0522_c0005_020.jpg,522,4,-1,True,150,8550,0.33180068514139693,0.11177347242921014,3,1342,0,1,1,1
355,0522_c0006_000.jpg,522,5,-1,True,150,8550,0.14171355324363294,0.03744383424862706,86,4006,0,0,0,0
356,0522_c0006_005.jpg,522,5,-1,True,150,8550,0.11802056403161797,0.03477051460361613,142,4314,0,0,0,0
357,0522_c0006_010.jpg,522,5,-1,True,150,8550,0.11381176084773471,0.03354203935599284,143,4472,0,0,0,0
358,0522_c0006_015.jpg,522,5,-1,True,150,8550,0.09939866250095197,0.031315240083507306,185,4790,0,0,0,0
359,0522_c0006_020.jpg,522,5,-1,True,150,8550,0.0855990155743684,0.02991026919242273,181,5015,0,0,0,0
360,0522_c0007_000.jpg,522,6,-1,True,150,8550,0.5562264381527097,0.1006036217303823,1,1491,1,1,1,1
361,0522_c0007_005.jpg,522,6,-1,True,150,8550,0.5959473685271678,0.11636927851047324,1,1289,1,1,1,1
362,0522_c0007_010.jpg,522,6,-1,True,150,8550,0.580075389068984,0.1122754491017964,1,1336,1,1,1,1
363,0522_c0007_015.jpg,522,6,-1,True,150,8550,0.5445716349886679,0.09270704573547589,1,1618,1,1,1,1
364,0522_c0007_020.jpg,522,6,-1,True,150,8550,0.4937085274505472,0.08223684210526316,1,1824,1,1,1,1
365,0522_c0008_000.jpg,522,7,-1,True,150,8550,0.20752740358973515,0.09566326530612244,26,1568,0,0,0,0
366,0522_c0008_005.jpg,522,7,-1,True,150,8550,0.2716555707113672,0.10533707865168539,19,1424,0,0,0,1
367,0522_c0008_010.jpg,522,7,-1,True,150,8550,0.19719453244429047,0.08992805755395683,26,1668,0,0,0,0
368,0522_c0008_015.jpg,522,7,-1,True,150,8550,0.24763140917093665,0.0962772785622593,14,1558,0,0,0,1
369,0522_c0008_020.jpg,522,7,-1,True,150,8550,0.20241598312663095,0.09157509157509157,26,1638,0,0,0,0
370,0524_c0001_000.jpg,524,0,-1,True,175,8550,0.36428598146253877,0.1961883408071749,1,892,1,1,1,1
371,0524_c0001_005.jpg,524,0,-1,True,175,8550,0.3565689418655126,0.14,1,1250,1,1,1,1
372,0524_c0001_010.jpg,524,0,-1,True,175,8550,0.3730694781522776,0.14944491887275832,1,1171,1,1,1,1
373,0524_c0001_015.jpg,524,0,-1,True,175,8550,0.3615502022484707,0.18305439330543932,1,956,1,1,1,1
374,0524_c0001_020.jpg,524,0,-1,True,175,8550,0.3007657224311805,0.18636847710330137,1,939,1,1,1,1
375,0524_c0002_000.jpg,524,1,-1,True,175,8550,0.3756849264158099,0.14559068219633944,1,1202,1,1,1,1
376,0524_c0002_005.jpg,524,1,-1,True,175,8550,0.354922500389528,0.13736263736263737,1,1274,1,1,1,1
377,0524_c0002_010.jpg,524,1,-1,True,175,8550,0.35453355500191747,0.1287711552612215,1,1359,1,1,1,1
378,0524_c0002_015.jpg,524,1,-1,True,175,8550,0.3555644158246886,0.14181523500810372,1,1234,1,1,1,1
379,0524_c0002_020.jpg,524,1,-1,True,175,8550,0.3491568121978164,0.1358695652173913,1,1288,1,1,1,1
380,0524_c0003_000.jpg,524,2,-1,True,175,8550,0.49067472134201223,0.30329289428076256,1,577,1,1,1,1
381,0524_c0003_005.jpg,524,2,-1,True,175,8550,0.5016856226344237,0.2902155887230514,1,603,1,1,1,1
382,0524_c0003_010.jpg,524,2,-1,True,175,8550,0.49860584308522643,0.31194295900178254,1,561,1,1,1,1
383,0524_c0003_015.jpg,524,2,-1,True,175,8550,0.49909741190840007,0.2936241610738255,1,596,1,1,1,1
384,0524_c0003_020.jpg,524,2,-1,True,175,8550,0.4768711641382278,0.25289017341040465,1,692,1,1,1,1
385,0524_c0004_000.jpg,524,3,-1,True,175,8550,0.14955956626062394,0.10300176574455562,49,1699,0,0,0,0
386,0524_c0004_005.jpg,524,3,-1,True,175,8550,0.1417163749411608,0.10504201680672269,56,1666,0,0,0,0
387,0524_c0004_010.jpg,524,3,-1,True,175,8550,0.15881177980651429,0.11760752688172044,49,1488,0,0,0,0
388,0524_c0004_015.jpg,524,3,-1,True,175,8550,0.16634497841953658,0.11047979797979798,48,1584,0,0,0,0
389,0524_c0004_020.jpg,524,3,-1,True,175,8550,0.16106582107244777,0.11312217194570136,44,1547,0,0,0,0
390,0524_c0005_000.jpg,524,4,-1,True,175,8550,0.5916648604954248,0.23026315789473684,1,760,1,1,1,1
391,0524_c0005_005.jpg,524,4,-1,True,175,8550,0.5756264215367357,0.22756827048114434,1,769,1,1,1,1
392,0524_c0005_010.jpg,524,4,-1,True,175,8550,0.613453682200897,0.24964336661911554,1,701,1,1,1,1
393,0524_c0005_015.jpg,524,4,-1,True,175,8550,0.5658527923974769,0.2217997465145754,1,789,1,1,1,1
394,0524_c0005_020.jpg,524,4,-1,True,175,8550,0.5867010753298127,0.24578651685393257,1,712,1,1,1,1
395,0524_c0006_000.jpg,524,5,-1,True,175,8550,0.4073688059761034,0.1421608448415922,1,1231,1,1,1,1
396,0524_c0006_005.jpg,524,5,-1,True,175,8550,0.4065555242119844,0.14944491887275832,1,1171,1,1,1,1
397,0524_c0006_010.jpg,524,5,-1,True,175,8550,0.40720254864474464,0.1437962202136401,1,1217,1,1,1,1
398,0524_c0006_015.jpg,524,5,-1,True,175,8550,0.41026603232528447,0.15008576329331047,1,1166,1,1,1,1
399,0524_c0006_020.jpg,524,5,-1,True,175,8550,0.43781911188209244,0.16188714153561518,1,1081,1,1,1,1
400,0524_c0007_000.jpg,524,6,-1,True,175,8550,0.3846978229301466,0.08519961051606621,1,2054,1,1,1,1
401,0524_c0007_005.jpg,524,6,-1,True,175,8550,0.38793446365518686,0.08960573476702509,1,1953,1,1,1,1
402,0524_c0007_010.jpg,524,6,-1,True,175,8550,0.4020380798801932,0.09749303621169916,1,1795,1,1,1,1
403,0524_c0007_015.jpg,524,6,-1,True,175,8550,0.39611901504273145,0.09293680297397769,1,1883,1,1,1,1
404,0524_c0007_020.jpg,524,6,-1,True,175,8550,0.3950939491500289,0.08992805755395683,1,1946,1,1,1,1
405,0524_c0008_000.jpg,524,7,-1,True,175,8550,0.4237146565318858,0.11261261261261261,1,1554,1,1,1,1
406,0524_c0008_005.jpg,524,7,-1,True,175,8550,0.4316623409782179,0.11682242990654206,1,1498,1,1,1,1
407,0524_c0008_010.jpg,524,7,-1,True,175,8550,0.44117738758412406,0.13148009015777612,1,1331,1,1,1,1
408,0524_c0008_015.jpg,524,7,-1,True,175,8550,0.4422987328980071,0.11153601019757807,1,1569,1,1,1,1
409,0524_c0008_020.jpg,524,7,-1,True,175,8550,0.4342915900160873,0.11612475116124751,1,1507,1,1,1,1
410,0526_c0001_000.jpg,526,0,-1,True,50,8550,0.14582382710524183,0.17667844522968199,68,283,0,0,0,0
411,0526_c0001_005.jpg,526,0,-1,True,50,8550,0.15719142113209836,0.17793594306049823,51,281,0,0,0,0
412,0526_c0001_010.jpg,526,0,-1,True,50,8550,0.14061633881413108,0.1718213058419244,60,291,0,0,0,0
413,0526_c0001_015.jpg,526,0,-1,True,50,8550,0.1660807635516719,0.19455252918287938,75,257,0,0,0,0
414,0526_c0001_020.jpg,526,0,-1,True,50,8550,0.15850112948201256,0.1865671641791045,58,268,0,0,0,0
415,0526_c0003_000.jpg,526,2,-1,True,50,8550,0.15351812119181177,0.24390243902439024,50,205,0,0,0,0
416,0526_c0003_005.jpg,526,2,-1,True,50,8550,0.17317990584465265,0.24154589371980675,56,207,0,0,0,0
417,0526_c0003_010.jpg,526,2,-1,True,50,8550,0.15400937832105113,0.20833333333333334,73,240,0,0,0,0
418,0526_c0003_015.jpg,526,2,-1,True,50,8550,0.17157349275056233,0.2109704641350211,33,237,0,0,0,0
419,0526_c0003_020.jpg,526,2,-1,True,50,8550,0.15847104739515827,0.19607843137254902,50,255,0,0,0,0
420,0526_c0005_000.jpg,526,4,-1,True,50,8550,0.10234909612968295,0.11013215859030837,51,454,0,0,0,0
421,0526_c0005_005.jpg,526,4,-1,True,50,8550,0.08640932557702607,0.09487666034155598,68,527,0,0,0,0
422,0526_c0005_010.jpg,526,4,-1,True,50,8550,0.15945372885229492,0.2,50,250,0,0,0,0
423,0526_c0005_015.jpg,526,4,-1,True,50,8550,0.09421538364902256,0.09523809523809523,67,525,0,0,0,0
424,0526_c0005_020.jpg,526,4,-1,True,50,8550,0.1861426261058665,0.17921146953405018,52,279,0,0,0,0
425,0528_c0001_000.jpg,528,0,-1,True,150,8550,0.7483815669143378,0.5300353356890459,1,283,1,1,1,1
426,0528_c0001_005.jpg,528,0,-1,True,150,8550,0.6155210947269132,0.33707865168539325,1,445,1,1,1,1
427,0528_c0001_010.jpg,528,0,-1,True,150,8550,0.49789487720668757,0.25773195876288657,1,582,1,1,1,1
428,0528_c0001_015.jpg,528,0,-1,True,150,8550,0.4649437737857823,0.2384737678855326,2,629,0,1,1,1
429,0528_c0001_020.jpg,528,0,-1,True,150,8550,0.35364124692329546,0.1986754966887417,12,755,0,0,0,1
430,0528_c0002_000.jpg,528,1,-1,True,150,8550,0.20990665690508142,0.18820577164366373,126,797,0,0,0,0
431,0528_c0002_005.jpg,528,1,-1,True,150,8550,0.20974622090922787,0.20380434782608695,138,736,0,0,0,0
432,0528_c0002_010.jpg,528,1,-1,True,150,8550,0.19528389992950806,0.18495684340320592,128,811,0,0,0,0
433,0528_c0002_015.jpg,528,1,-1,True,150,8550,0.20097008588437537,0.1913265306122449,112,784,0,0,0,0
434,0528_c0002_020.jpg,528,1,-1,True,150,8550,0.19058410618657184,0.18587360594795538,126,807,0,0,0,0
435,0528_c0003_000.jpg,528,2,-1,True,150,8550,0.6250884762423742,0.2830188679245283,1,530,1,1,1,1
436,0528_c0003_005.jpg,528,2,-1,True,150,8550,0.6869895463481016,0.30181086519114686,1,497,1,1,1,1
437,0528_c0003_010.jpg,528,2,-1,True,150,8550,0.7429786935731754,0.30364372469635625,1,494,1,1,1,1
438,0528_c0003_015.jpg,528,2,-1,True,150,8550,0.7373558987372822,0.2803738317757009,1,535,1,1,1,1
439,0528_c0003_020.jpg,528,2,-1,True,150,8550,0.739259747808371,0.2835538752362949,1,529,1,1,1,1
440,0528_c0004_000.jpg,528,3,-1,True,150,8550,0.9196227714881722,0.704225352112676,1,213,1,1,1,1
441,0528_c0004_005.jpg,528,3,-1,True,150,8550,0.9198831396189341,0.6787330316742082,1,221,1,1,1,1
442,0528_c0004_010.jpg,528,3,-1,True,150,8550,0.9226259039260158,0.7211538461538461,1,208,1,1,1,1
443,0528_c0004_015.jpg,528,3,-1,True,150,8550,0.9263820290346931,0.6637168141592921,1,226,1,1,1,1
444,0528_c0004_020.jpg,528,3,-1,True,150,8550,0.9506309326137461,0.7425742574257426,1,202,1,1,1,1
445,0528_c0005_000.jpg,528,4,-1,True,150,8550,0.6202457818956361,0.1913265306122449,1,784,1,1,1,1
446,0528_c0005_005.jpg,528,4,-1,True,150,8550,0.602287008085059,0.19404915912031048,1,773,1,1,1,1
447,0528_c0005_010.jpg,528,4,-1,True,150,8550,0.628423119851646,0.19788918205804748,1,758,1,1,1,1
448,0528_c0005_015.jpg,528,4,-1,True,150,8550,0.8033288995357116,0.19607843137254902,1,765,1,1,1,1
449,0528_c0005_020.jpg,528,4,-1,True,150,8550,0.7640900305770121,0.1937984496124031,1,774,1,1,1,1
450,0528_c0006_000.jpg,528,5,-1,True,150,8550,0.9027770560082929,0.5660377358490566,1,265,1,1,1,1
451,0528_c0006_005.jpg,528,5,-1,True,150,8550,0.8989121013419591,0.5791505791505791,1,259,1,1,1,1
452,0528_c0006_010.jpg,528,5,-1,True,150,8550,0.8807529681978928,0.6550218340611353,1,229,1,1,1,1
453,0528_c0006_015.jpg,528,5,-1,True,150,8550,0.8666793483020223,0.6578947368421053,1,228,1,1,1,1
454,0528_c0006_020.jpg,528,5,-1,True,150,8550,0.8675748319343484,0.6696428571428571,1,224,1,1,1,1
455,0528_c0007_000.jpg,528,6,-1,True,150,8550,0.7714455710816503,0.5725190839694656,1,262,1,1,1,1
456,0528_c0007_005.jpg,528,6,-1,True,150,8550,0.7774060383291936,0.5747126436781609,1,261,1,1,1,1
457,0528_c0007_010.jpg,528,6,-1,True,150,8550,0.7362148457791252,0.6122448979591837,1,245,1,1,1,1
458,0528_c0007_015.jpg,528,6,-1,True,150,8550,0.7465343457671935,0.6024096385542169,1,249,1,1,1,1
459,0528_c0007_020.jpg,528,6,-1,True,150,8550,0.7659471160632833,0.5882352941176471,1,255,1,1,1,1
460,0530_c0001_000.jpg,530,0,-1,True,150,8550,0.4292287520554629,0.06941230911614993,1,2161,1,1,1,1
461,0530_c0001_005.jpg,530,0,-1,True,150,8550,0.18970332654890484,0.051688490696071676,13,2902,0,0,0,1
462,0530_c0001_010.jpg,530,0,-1,True,150,8550,0.28850597071233647,0.0573175391669851,1,2617,1,1,1,1
463,0530_c0001_015.jpg,530,0,-1,True,150,8550,0.49978023605989,0.0657606313020605,1,2281,1,1,1,1
464,0530_c0001_020.jpg,530,0,-1,True,150,8550,0.31984955514400865,0.04878048780487805,1,3075,1,1,1,1
465,0530_c0002_000.jpg,530,1,-1,True,150,8550,0.2625997566403409,0.08232711306256861,12,1822,0,0,0,1
466,0530_c0002_005.jpg,530,1,-1,True,150,8550,0.3762616294876376,0.08537279453614115,1,1757,1,1,1,1
467,0530_c0002_010.jpg,530,1,-1,True,150,8550,0.350485105302405,0.07389162561576355,1,2030,1,1,1,1
468,0530_c0002_015.jpg,530,1,-1,True,150,8550,0.3753366515570991,0.0959079283887468,1,1564,1,1,1,1
469,0530_c0002_020.jpg,530,1,-1,True,150,8550,0.41854096723681533,0.08860011813349085,1,1693,1,1,1,1
470,0530_c0003_000.jpg,530,2,-1,True,150,8550,0.30533720558665395,0.03350457895912441,1,4477,1,1,1,1
471,0530_c0003_005.jpg,530,2,-1,True,150,8550,0.3271579067161874,0.035945363048166784,1,4173,1,1,1,1
472,0530_c0003_010.jpg,530,2,-1,True,150,8550,0.3667309428683261,0.0370004933399112,1,4054,1,1,1,1
473,0530_c0003_015.jpg,530,2,-1,True,150,8550,0.36313469946948107,0.03629324945560126,1,4133,1,1,1,1
474,0530_c0003_020.jpg,530,2,-1,True,150,8550,0.36170811082607024,0.03542749173358526,1,4234,1,1,1,1
475,0530_c0004_000.jpg,530,3,-1,True,150,8550,0.33666119235989345,0.049983338887037654,1,3001,1,1,1,1
476,0530_c0004_005.jpg,530,3,-1,True,150,8550,0.2952130661751272,0.05921831819976313,1,2533,1,1,1,1
477,0530_c0004_010.jpg,530,3,-1,True,150,8550,0.3044719784489441,0.057449253159708925,1,2611,1,1,1,1
478,0530_c0004_015.jpg,530,3,-1,True,150,8550,0.3302165530220836,0.07488766849725412,1,2003,1,1,1,1
479,0530_c0004_020.jpg,530,3,-1,True,150,8550,0.390172836950705,0.07317073170731707,1,2050,1,1,1,1
480,0530_c0005_000.jpg,530,4,-1,True,150,8550,0.35592316992404854,0.06747638326585695,1,2223,1,1,1,1
481,0530_c0005_005.jpg,530,4,-1,True,150,8550,0.37201890158905515,0.07515030060120241,1,1996,1,1,1,1
482,0530_c0005_010.jpg,530,4,-1,True,150,8550,0.34540168463473725,0.06593406593406594,1,2275,1,1,1,1
483,0530_c0005_015.jpg,530,4,-1,True,150,8550,0.35232389276105147,0.0657030223390276,1,2283,1,1,1,1
484,0530_c0005_020.jpg,530,4,-1,True,150,8550,0.35518042616591977,0.06462731581214994,1,2321,1,1,1,1
485,0530_c0006_000.jpg,530,5,-1,True,150,8550,0.3830925382197851,0.10526315789473684,1,1425,1,1,1,1
486,0530_c0006_005.jpg,530,5,-1,True,150,8550,0.40358370989938497,0.11971268954509177,1,1253,1,1,1,1
487,0530_c0006_010.jpg,530,5,-1,True,150,8550,0.4057500478773818,0.12701100762066045,1,1181,1,1,1,1
488,0530_c0006_015.jpg,530,5,-1,True,150,8550,0.33649581375222953,0.1000667111407605,1,1499,1,1,1,1
489,0530_c0006_020.jpg,530,5,-1,True,150,8550,0.2659279976974339,0.0655307994757536,1,2289,1,1,1,1
490,0530_c0008_000.jpg,530,7,-1,True,150,8550,0.20568048327164468,0.04112969564025226,1,3647,1,1,1,1
491,0530_c0008_005.jpg,530,7,-1,True,150,8550,0.19610156382881877,0.04082743603701688,1,3674,1,1,1,1
492,0530_c0008_010.jpg,530,7,-1,True,150,8550,0.07506724847589012,0.037137905422134194,50,4039,0,0,0,0
493,0530_c0008_015.jpg,530,7,-1,True,150,8550,0.07372127453769321,0.03535234503888758,51,4243,0,0,0,0
494,0530_c0008_020.jpg,530,7,-1,True,150,8550,0.08714633903993786,0.03718393653941497,34,4034,0,0,0,0
495,0532_c0001_000.jpg,532,0,-1,True,175,8550,0.6211324755804425,0.1794871794871795,1,975,1,1,1,1
496,0532_c0001_005.jpg,532,0,-1,True,175,8550,0.6493160959415338,0.1849894291754757,1,946,1,1,1,1
497,0532_c0001_010.jpg,532,0,-1,True,175,8550,0.6337124244804604,0.1891891891891892,1,925,1,1,1,1
498,0532_c0001_015.jpg,532,0,-1,True,175,8550,0.6303523664279843,0.18134715025906736,1,965,1,1,1,1
499,0532_c0001_020.jpg,532,0,-1,True,175,8550,0.640428118937546,0.19337016574585636,1,905,1,1,1,1
500,0532_c0002_000.jpg,532,1,-1,True,175,8550,0.13989975164930887,0.1585144927536232,51,1104,0,0,0,0
501,0532_c0002_005.jpg,532,1,-1,True,175,8550,0.14983429351770117,0.1598173515981735,53,1095,0,0,0,0
502,0532_c0002_010.jpg,532,1,-1,True,175,8550,0.15195902806659886,0.16309412861137,64,1073,0,0,0,0
503,0532_c0002_015.jpg,532,1,-1,True,175,8550,0.17344002844497863,0.175,53,1000,0,0,0,0
504,0532_c0002_020.jpg,532,1,-1,True,175,8550,0.1497505693947799,0.1615881809787627,92,1083,0,0,0,0
505,0532_c0003_000.jpg,532,2,-1,True,175,8550,0.3433771681866674,0.14033680834001605,14,1247,0,0,0,1
506,0532_c0003_005.jpg,532,2,-1,True,175,8550,0.36077053921013835,0.1382306477093207,7,1266,0,0,1,1
507,0532_c0003_010.jpg,532,2,-1,True,175,8550,0.503618228136964,0.15060240963855423,1,1162,1,1,1,1
508,0532_c0003_015.jpg,532,2,-1,True,175,8550,0.47038565679665006,0.16556291390728478,1,1057,1,1,1,1
509,0532_c0003_020.jpg,532,2,-1,True,175,8550,0.4378968052129028,0.15283842794759825,1,1145,1,1,1,1
510,0532_c0004_000.jpg,532,3,-1,True,175,8550,0.40744174066434913,0.11385816525699415,5,1537,0,1,1,1
511,0532_c0004_005.jpg,532,3,-1,True,175,8550,0.4195332074987632,0.11658894070619587,4,1501,0,1,1,1
512,0532_c0004_010.jpg,532,3,-1,True,175,8550,0.49863656578049714,0.12212142358688068,1,1433,1,1,1,1
513,0532_c0004_015.jpg,532,3,-1,True,175,8550,0.49370823515851886,0.1206064782908339,1,1451,1,1,1,1
514,0532_c0004_020.jpg,532,3,-1,True,175,8550,0.5320898965300304,0.1265365148228489,1,1383,1,1,1,1
515,0532_c0005_000.jpg,532,4,-1,True,175,8550,0.8706780867838152,0.19886363636363635,1,880,1,1,1,1
516,0532_c0005_005.jpg,532,4,-1,True,175,8550,0.8627325319321423,0.20833333333333334,1,840,1,1,1,1
517,0532_c0005_010.jpg,532,4,-1,True,175,8550,0.8636819815743969,0.21631644004944375,1,809,1,1,1,1
518,0532_c0005_015.jpg,532,4,-1,True,175,8550,0.8647536129177911,0.22609819121447028,1,774,1,1,1,1
519,0532_c0005_020.jpg,532,4,-1,True,175,8550,0.8750237746731552,0.23427041499330656,1,747,1,1,1,1
520,0532_c0006_000.jpg,532,5,-1,True,175,8550,0.609153236450878,0.19886363636363635,1,880,1,1,1,1
521,0532_c0006_005.jpg,532,5,-1,True,175,8550,0.5796077266307701,0.1997716894977169,1,876,1,1,1,1
522,0532_c0006_010.jpg,532,5,-1,True,175,8550,0.6061343470122176,0.18440463645943098,1,949,1,1,1,1
523,0532_c0006_015.jpg,532,5,-1,True,175,8550,0.644897616711982,0.20908004778972522,1,837,1,1,1,1
524,0532_c0006_020.jpg,532,5,-1,True,175,8550,0.6635533056764046,0.22068095838587642,1,793,1,1,1,1
525,0532_c0007_000.jpg,532,6,-1,True,175,8550,0.5211187421032757,0.18134715025906736,1,965,1,1,1,1
526,0532_c0007_005.jpg,532,6,-1,True,175,8550,0.4861999689181742,0.1719056974459725,1,1018,1,1,1,1
527,0532_c0007_010.jpg,532,6,-1,True,175,8550,0.49783144973965227,0.18229166666666666,1,960,1,1,1,1
528,0532_c0007_015.jpg,532,6,-1,True,175,8550,0.4656513075228239,0.18305439330543932,1,956,1,1,1,1
529,0532_c0007_020.jpg,532,6,-1,True,175,8550,0.4715355929778605,0.17395626242544732,1,1006,1,1,1,1
530,0532_c0008_000.jpg,532,7,-1,True,175,8550,0.8704706179536619,0.14868309260832624,1,1177,1,1,1,1
531,0532_c0008_005.jpg,532,7,-1,True,175,8550,0.8749213460965005,0.15297202797202797,1,1144,1,1,1,1
532,0532_c0008_010.jpg,532,7,-1,True,175,8550,0.8808184224264938,0.14868309260832624,1,1177,1,1,1,1
533,0532_c0008_015.jpg,532,7,-1,True,175,8550,0.8779173121658989,0.14571190674437967,1,1201,1,1,1,1
534,0532_c0008_020.jpg,532,7,-1,True,175,8550,0.8809136917054218,0.15283842794759825,1,1145,1,1,1,1
535,0534_c0001_000.jpg,534,0,-1,True,150,8550,0.9192973529065538,0.44776119402985076,1,335,1,1,1,1
536,0534_c0001_005.jpg,534,0,-1,True,150,8550,0.9150704487386946,0.410958904109589,1,365,1,1,1,1
537,0534_c0001_010.jpg,534,0,-1,True,150,8550,0.9235719234703019,0.4716981132075472,1,318,1,1,1,1
538,0534_c0001_015.jpg,534,0,-1,True,150,8550,0.9457137401943411,0.5703422053231939,1,263,1,1,1,1
539,0534_c0001_020.jpg,534,0,-1,True,150,8550,0.9427320867731586,0.5681818181818182,1,264,1,1,1,1
540,0534_c0002_000.jpg,534,1,-1,True,150,8550,0.16070715949803124,0.14836795252225518,118,1011,0,0,0,0
541,0534_c0002_005.jpg,534,1,-1,True,150,8550,0.16141729960224532,0.14619883040935672,117,1026,0,0,0,0
542,0534_c0002_010.jpg,534,1,-1,True,150,8550,0.1603976418704043,0.14619883040935672,118,1026,0,0,0,0
543,0534_c0002_015.jpg,534,1,-1,True,150,8550,0.1558402030977326,0.1450676982591876,121,1034,0,0,0,0
544,0534_c0002_020.jpg,534,1,-1,True,150,8550,0.15910824059517817,0.146484375,118,1024,0,0,0,0
545,0534_c0004_000.jpg,534,3,-1,True,150,8550,0.26256334068282283,0.2830188679245283,23,530,0,0,0,0
546,0534_c0004_005.jpg,534,3,-1,True,150,8550,0.2481464258096125,0.2742230347349177,35,547,0,0,0,0
547,0534_c0004_010.jpg,534,3,-1,True,150,8550,0.24992936164905852,0.2669039145907473,51,562,0,0,0,0
548,0534_c0004_015.jpg,534,3,-1,True,150,8550,0.24018690314255697,0.2664298401420959,35,563,0,0,0,0
549,0534_c0004_020.jpg,534,3,-1,True,150,8550,0.24480998502363197,0.2727272727272727,32,550,0,0,0,0
550,0534_c0005_000.jpg,534,4,-1,True,150,8550,0.9794248213299538,0.8571428571428571,1,175,1,1,1,1
551,0534_c0005_005.jpg,534,4,-1,True,150,8550,0.9946161633646446,0.9146341463414634,1,164,1,1,1,1
552,0534_c0005_010.jpg,534,4,-1,True,150,8550,0.991032381845802,0.8823529411764706,1,170,1,1,1,1
553,0534_c0005_015.jpg,534,4,-1,True,150,8550,0.9954198142634376,0.9202453987730062,1,163,1,1,1,1
554,0534_c0005_020.jpg,534,4,-1,True,150,8550,0.9868260576024442,0.8571428571428571,1,175,1,1,1,1
555,0534_c0006_000.jpg,534,5,-1,True,150,8550,0.6362559268504103,0.38860103626943004,1,386,1,1,1,1
556,0534_c0006_005.jpg,534,5,-1,True,150,8550,0.6446747266091305,0.39473684210526316,1,380,1,1,1,1
557,0534_c0006_010.jpg,534,5,-1,True,150,8550,0.5707773606483604,0.36855036855036855,5,407,0,1,1,1
558,0534_c0006_015.jpg,534,5,-1,True,150,8550,0.613575295608389,0.37593984962406013,3,399,0,1,1,1
559,0534_c0006_020.jpg,534,5,-1,True,150,8550,0.6559248920758985,0.3856041131105398,1,389,1,1,1,1
560,0534_c0007_000.jpg,534,6,-1,True,150,8550,0.6580933535036001,0.44776119402985076,1,335,1,1,1,1
561,0534_c0007_005.jpg,534,6,-1,True,150,8550,0.7155537380115514,0.45045045045045046,1,333,1,1,1,1
562,0534_c0007_010.jpg,534,6,-1,True,150,8550,0.7324288723370861,0.4491017964071856,1,334,1,1,1,1
563,0534_c0007_015.jpg,534,6,-1,True,150,8550,0.723058704006629,0.45317220543806647,1,331,1,1,1,1
564,0534_c0007_020.jpg,534,6,-1,True,150,8550,0.7220841288645291,0.45180722891566266,1,332,1,1,1,1
565,0534_c0008_000.jpg,534,7,-1,True,150,8550,0.9661435511847509,0.6976744186046512,1,215,1,1,1,1
566,0534_c0008_005.jpg,534,7,-1,True,150,8550,0.9007524508945558,0.5597014925373134,1,268,1,1,1,1
567,0534_c0008_010.jpg,534,7,-1,True,150,8550,0.9313700336294357,0.6696428571428571,1,224,1,1,1,1
568,0534_c0008_015.jpg,534,7,-1,True,150,8550,0.8437063178194699,0.4807692307692308,1,312,1,1,1,1
569,0534_c0008_020.jpg,534,7,-1,True,150,8550,0.890031254694425,0.5813953488372093,1,258,1,1,1,1
570,0536_c0001_000.jpg,536,0,-1,True,75,8550,0.12474581139663603,0.06874427131072411,26,1091,0,0,0,0
571,0536_c0001_005.jpg,536,0,-1,True,75,8550,0.13795668308154546,0.06465517241379311,26,1160,0,0,0,0
572,0536_c0001_010.jpg,536,0,-1,True,75,8550,0.14195487033386628,0.06218905472636816,26,1206,0,0,0,0
573,0536_c0001_015.jpg,536,0,-1,True,75,8550,0.13223471046691324,0.06260434056761269,26,1198,0,0,0,0
574,0536_c0001_020.jpg,536,0,-1,True,75,8550,0.1371886009614984,0.0589159465828751,26,1273,0,0,0,0
575,0536_c0002_000.jpg,536,1,-1,True,75,8550,0.0987522285220093,0.06,29,1250,0,0,0,0
576,0536_c0002_005.jpg,536,1,-1,True,75,8550,0.10623065241339281,0.06286672254819782,28,1193,0,0,0,0
577,0536_c0002_010.jpg,536,1,-1,True,75,8550,0.09265895972348574,0.0576036866359447,34,1302,0,0,0,0
578,0536_c0002_015.jpg,536,1,-1,True,75,8550,0.095055922567741,0.06291946308724833,35,1192,0,0,0,0
579,0536_c0002_020.jpg,536,1,-1,True,75,8550,0.08654291023957207,0.07522567703109329,39,997,0,0,0,0
580,0536_c0005_000.jpg,536,4,-1,True,75,8550,0.3727512364066939,0.05924170616113744,1,1266,1,1,1,1
581,0536_c0005_005.jpg,536,4,-1,True,75,8550,0.3732683818372144,0.061677631578947366,1,1216,1,1,1,1
582,0536_c0005_010.jpg,536,4,-1,True,75,8550,0.37306330383754155,0.06097560975609756,1,1230,1,1,1,1
583,0536_c0005_015.jpg,536,4,-1,True,75,8550,0.3734191726993131,0.06521739130434782,1,1150,1,1,1,1
584,0536_c0005_020.jpg,536,4,-1,True,75,8550,0.37161220630887765,0.060144346431435444,1,1247,1,1,1,1
585,0536_c0006_000.jpg,536,5,-1,True,75,8550,0.08296510773724282,0.04823151125401929,52,1555,0,0,0,0
586,0536_c0006_005.jpg,536,5,-1,True,75,8550,0.09337574700410682,0.05338078291814947,51,1405,0,0,0,0
587,0536_c0006_010.jpg,536,5,-1,True,75,8550,0.0950194188428239,0.05482456140350877,38,1368,0,0,0,0
588,0536_c0006_015.jpg,536,5,-1,True,75,8550,0.09447159524396652,0.054426705370101594,45,1378,0,0,0,0
589,0536_c0006_020.jpg,536,5,-1,True,75,8550,0.09451853610637437,0.055970149253731345,51,1340,0,0,0,0
590,0538_c0001_000.jpg,538,0,-1,True,175,8550,0.6329166569454349,0.2080856123662307,1,841,1,1,1,1
591,0538_c0001_005.jpg,538,0,-1,True,175,8550,0.6293429622795642,0.20348837209302326,1,860,1,1,1,1
592,0538_c0001_010.jpg,538,0,-1,True,175,8550,0.6555220405925298,0.2032520325203252,1,861,1,1,1,1
593,0538_c0001_015.jpg,538,0,-1,True,175,8550,0.6602636038474544,0.21446078431372548,1,816,1,1,1,1
594,0538_c0001_020.jpg,538,0,-1,True,175,8550,0.665364114799915,0.205158264947245,1,853,1,1,1,1
595,0538_c0002_000.jpg,538,1,-1,True,175,8550,0.43869402823895054,0.07719453021614468,1,2267,1,1,1,1
596,0538_c0002_005.jpg,538,1,-1,True,175,8550,0.5383675948874037,0.08860759493670886,1,1975,1,1,1,1
597,0538_c0002_010.jpg,538,1,-1,True,175,8550,0.5279429999621909,0.08557457212713937,1,2045,1,1,1,1
598,0538_c0002_015.jpg,538,1,-1,True,175,8550,0.3952825702699381,0.08654797230464886,10,2022,0,0,1,1
599,0538_c0002_020.jpg,538,1,-1,True,175,8550,0.4155317106077975,0.09176717357105402,6,1907,0,0,1,1
600,0538_c0003_000.jpg,538,2,-1,True,175,8550,0.14790460036889932,0.1588021778584392,47,1102,0,0,0,0
601,0538_c0003_005.jpg,538,2,-1,True,175,8550,0.3232311335856113,0.24441340782122906,1,716,1,1,1,1
602,0538_c0003_010.jpg,538,2,-1,True,175,8550,0.34681377118994433,0.2503576537911302,5,699,0,1,1,1
603,0538_c0003_015.jpg,538,2,-1,True,175,8550,0.3362219343377515,0.27910685805422647,21,627,0,0,0,0
604,0538_c0003_020.jpg,538,2,-1,True,175,8550,0.7182360836722719,0.2827140549273021,1,619,1,1,1,1
605,0538_c0004_000.jpg,538,3,-1,True,175,8550,0.5971703240793487,0.14805414551607446,1,1182,1,1,1,1
606,0538_c0004_005.jpg,538,3,-1,True,175,8550,0.6309690248513689,0.15779981965734896,1,1109,1,1,1,1
607,0538_c0004_010.jpg,538,3,-1,True,175,8550,0.6086663901798829,0.14919011082693948,1,1173,1,1,1,1
608,0538_c0004_015.jpg,538,3,-1,True,175,8550,0.607172645399523,0.15008576329331047,1,1166,1,1,1,1
609,0538_c0004_020.jpg,538,3,-1,True,175,8550,0.5952762319870963,0.15459363957597172,1,1132,1,1,1,1
610,0538_c0005_000.jpg,538,4,-1,True,175,8550,0.35909031577720985,0.07847533632286996,1,2230,1,1,1,1
611,0538_c0005_005.jpg,538,4,-1,True,175,8550,0.3605644482819841,0.0764525993883792,1,2289,1,1,1,1
612,0538_c0005_010.jpg,538,4,-1,True,175,8550,0.34358619427747655,0.07137030995106036,1,2452,1,1,1,1
613,0538_c0005_015.jpg,538,4,-1,True,175,8550,0.35806172316956175,0.07491438356164383,1,2336,1,1,1,1
614,0538_c0005_020.jpg,538,4,-1,True,175,8550,0.3524658537270371,0.07175071750717507,1,2439,1,1,1,1
615,0538_c0006_000.jpg,538,5,-1,True,175,8550,0.5025536045352532,0.07337526205450734,1,2385,1,1,1,1
616,0538_c0006_005.jpg,538,5,-1,True,175,8550,0.5106059636999151,0.07183908045977011,1,2436,1,1,1,1
617,0538_c0006_010.jpg,538,5,-1,True,175,8550,0.5021120978730317,0.07157464212678936,1,2445,1,1,1,1
618,0538_c0006_015.jpg,538,5,-1,True,175,8550,0.5149159586856086,0.07340604026845637,1,2384,1,1,1,1
619,0538_c0006_020.jpg,538,5,-1,True,175,8550,0.513807147393132,0.07331378299120235,1,2387,1,1,1,1
620,0538_c0007_000.jpg,538,6,-1,True,175,8550,0.8159627787636434,0.1551418439716312,1,1128,1,1,1,1
621,0538_c0007_005.jpg,538,6,-1,True,175,8550,0.7972772021443549,0.16203703703703703,1,1080,1,1,1,1
622,0538_c0007_010.jpg,538,6,-1,True,175,8550,0.792664806990095,0.15391380826737028,1,1137,1,1,1,1
623,0538_c0007_015.jpg,538,6,-1,True,175,8550,0.7865315114438545,0.15377855887521968,1,1138,1,1,1,1
624,0538_c0007_020.jpg,538,6,-1,True,175,8550,0.7789155112201367,0.15555555555555556,1,1125,1,1,1,1
625,0538_c0008_000.jpg,538,7,-1,True,175,8550,0.60596406318876,0.10510510510510511,1,1665,1,1,1,1
626,0538_c0008_005.jpg,538,7,-1,True,175,8550,0.5823100111019801,0.09915014164305949,1,1765,1,1,1,1
627,0538_c0008_010.jpg,538,7,-1,True,175,8550,0.6081079011892637,0.0984251968503937,1,1778,1,1,1,1
628,0538_c0008_015.jpg,538,7,-1,True,175,8550,0.5901836039520244,0.10040160642570281,1,1743,1,1,1,1
629,0538_c0008_020.jpg,538,7,-1,True,175,8550,0.5607477230393064,0.10567632850241546,1,1656,1,1,1,1
630,0540_c0001_000.jpg,540,0,-1,True,175,8550,0.5897047008114071,0.11068943706514864,1,1581,1,1,1,1
631,0540_c0001_005.jpg,540,0,-1,True,175,8550,0.6053928081115331,0.11430437622468975,1,1531,1,1,1,1
632,0540_c0001_010.jpg,540,0,-1,True,175,8550,0.5749928104612515,0.11574074074074074,1,1512,1,1,1,1
633,0540_c0001_015.jpg,540,0,-1,True,175,8550,0.5814599757947293,0.1111111111111111,1,1575,1,1,1,1
634,0540_c0001_020.jpg,540,0,-1,True,175,8550,0.5571451335624835,0.10251903925014645,1,1707,1,1,1,1
635,0540_c0002_000.jpg,540,1,-1,True,175,8550,0.13630682551848733,0.05192878338278932,105,3370,0,0,0,0
636,0540_c0002_005.jpg,540,1,-1,True,175,8550,0.11882651244026696,0.05182114302635475,117,3377,0,0,0,0
637,0540_c0002_010.jpg,540,1,-1,True,175,8550,0.16338995031067233,0.07709251101321586,79,2270,0,0,0,0
638,0540_c0002_015.jpg,540,1,-1,True,175,8550,0.06860142746297798,0.049323562570462234,246,3548,0,0,0,0
639,0540_c0002_020.jpg,540,1,-1,True,175,8550,0.1274348381003235,0.06911532385466035,105,2532,0,0,0,0
640,0540_c0003_000.jpg,540,2,-1,True,175,8550,0.3462588828328162,0.11452879581151833,13,1528,0,0,0,1
641,0540_c0003_005.jpg,540,2,-1,True,175,8550,0.35984796320388956,0.10391923990498812,7,1684,0,0,1,1
642,0540_c0003_010.jpg,540,2,-1,True,175,8550,0.4993861967923819,0.11363636363636363,1,1540,1,1,1,1
643,0540_c0003_015.jpg,540,2,-1,True,175,8550,0.4442537221583242,0.09536784741144415,1,1835,1,1,1,1
644,0540_c0003_020.jpg,540,2,-1,True,175,8550,0.5040005394491814,0.10606060606060606,1,1650,1,1,1,1
645,0540_c0004_000.jpg,540,3,-1,True,175,8550,0.3060800891540574,0.03907994640464493,1,4478,1,1,1,1
646,0540_c0004_005.jpg,540,3,-1,True,175,8550,0.4017533762442102,0.057358243198951164,1,3051,1,1,1,1
647,0540_c0004_010.jpg,540,3,-1,True,175,8550,0.33311814186330474,0.048489886395123305,1,3609,1,1,1,1
648,0540_c0004_015.jpg,540,3,-1,True,175,8550,0.2690047481437794,0.04834254143646409,1,3620,1,1,1,1
649,0540_c0004_020.jpg,540,3,-1,True,175,8550,0.25247107273425096,0.043029259896729774,1,4067,1,1,1,1
650,0540_c0005_000.jpg,540,4,-1,True,175,8550,0.5907804717621895,0.11589403973509933,10,1510,0,0,1,1
651,0540_c0005_005.jpg,540,4,-1,True,175,8550,0.5904265165474701,0.1088985687616677,5,1607,0,1,1,1
652,0540_c0005_010.jpg,540,4,-1,True,175,8550,0.6488603159832521,0.1201923076923077,1,1456,1,1,1,1
653,0540_c0005_015.jpg,540,4,-1,True,175,8550,0.5910058166022567,0.10367298578199052,3,1688,0,1,1,1
654,0540_c0005_020.jpg,540,4,-1,True,175,8550,0.5770772356734158,0.10516826923076923,15,1664,0,0,0,1
655,0540_c0006_000.jpg,540,5,-1,True,175,8550,0.6524567421613616,0.1471825063078217,1,1189,1,1,1,1
656,0540_c0006_005.jpg,540,5,-1,True,175,8550,0.6514061557871715,0.14158576051779936,1,1236,1,1,1,1
657,0540_c0006_010.jpg,540,5,-1,True,175,8550,0.6679695787250918,0.125,1,1400,1,1,1,1
658,0540_c0006_015.jpg,540,5,-1,True,175,8550,0.6573433870443626,0.1343054489639294,1,1303,1,1,1,1
659,0540_c0006_020.jpg,540,5,-1,True,175,8550,0.6357816298512137,0.13348588863463004,1,1311,1,1,1,1
660,0540_c0007_000.jpg,540,6,-1,True,175,8550,0.5490300475943833,0.06656523392925066,1,2629,1,1,1,1
661,0540_c0007_005.jpg,540,6,-1,True,175,8550,0.5546166847112425,0.06723011909335382,1,2603,1,1,1,1
662,0540_c0007_010.jpg,540,6,-1,True,175,8550,0.5914091338614118,0.07039420756234915,1,2486,1,1,1,1
663,0540_c0007_015.jpg,540,6,-1,True,175,8550,0.5679945383404784,0.07536606373815675,1,2322,1,1,1,1
664,0540_c0007_020.jpg,540,6,-1,True,175,8550,0.6151733546536414,0.0744047619047619,1,2352,1,1,1,1
665,0540_c0008_000.jpg,540,7,-1,True,175,8550,0.35400753167656557,0.0581781914893617,5,3008,0,1,1,1
666,0540_c0008_005.jpg,540,7,-1,True,175,8550,0.3429121196658876,0.0572456656853124,7,3057,0,0,1,1
667,0540_c0008_010.jpg,540,7,-1,True,175,8550,0.33453768874082596,0.05451713395638629,15,3210,0,0,0,1
668,0540_c0008_015.jpg,540,7,-1,True,175,8550,0.329240647377314,0.0521143537820131,15,3358,0,0,0,1
669,0540_c0008_020.jpg,540,7,-1,True,175,8550,0.3385786554953749,0.052982137450802304,15,3303,0,0,0,1
670,0542_c0001_000.jpg,542,0,-1,True,150,8550,0.5485062975586423,0.02416626389560174,1,6207,1,1,1,1
671,0542_c0001_005.jpg,542,0,-1,True,150,8550,0.5519836690148225,0.02462649811196848,1,6091,1,1,1,1
672,0542_c0001_010.jpg,542,0,-1,True,150,8550,0.5497137155531676,0.023988485526947066,1,6253,1,1,1,1
673,0542_c0001_015.jpg,542,0,-1,True,150,8550,0.5458981845153186,0.023980815347721823,1,6255,1,1,1,1
674,0542_c0001_020.jpg,542,0,-1,True,150,8550,0.5345618668497726,0.024267917812651675,1,6181,1,1,1,1
675,0542_c0002_000.jpg,542,1,-1,True,150,8550,0.2647260527395442,0.07225433526011561,1,2076,1,1,1,1
676,0542_c0002_005.jpg,542,1,-1,True,150,8550,0.3236054313238455,0.07481296758104738,1,2005,1,1,1,1
677,0542_c0002_010.jpg,542,1,-1,True,150,8550,0.4051210141653458,0.06462731581214994,1,2321,1,1,1,1
678,0542_c0002_015.jpg,542,1,-1,True,150,8550,0.293893727881729,0.05749329244921426,11,2609,0,0,0,1
679,0542_c0002_020.jpg,542,1,-1,True,150,8550,0.4214183476720646,0.06380263717566993,1,2351,1,1,1,1
680,0542_c0004_000.jpg,542,3,-1,True,150,8550,0.01782471831682299,0.01982815598149372,911,7565,0,0,0,0
681,0542_c0004_005.jpg,542,3,-1,True,150,8550,0.017520040993388507,0.019915029208709505,909,7532,0,0,0,0
682,0542_c0004_010.jpg,542,3,-1,True,150,8550,0.017181863070754828,0.02005079534821548,957,7481,0,0,0,0
683,0542_c0004_015.jpg,542,3,-1,True,150,8550,0.017112944448225816,0.01996539331824837,953,7513,0,0,0,0
684,0542_c0004_020.jpg,542,3,-1,True,150,8550,0.01757258946362382,0.019768054823405375,885,7588,0,0,0,0
685,0542_c0005_000.jpg,542,4,-1,True,150,8550,0.2503668932391807,0.02451781627983001,1,6118,1,1,1,1
686,0542_c0005_005.jpg,542,4,-1,True,150,8550,0.2614404928423058,0.02459822892751722,1,6098,1,1,1,1
687,0542_c0005_010.jpg,542,4,-1,True,150,8550,0.2793061935735519,0.025282319231417494,1,5933,1,1,1,1
688,0542_c0005_015.jpg,542,4,-1,True,150,8550,0.2888649126332946,0.025410808063696427,1,5903,1,1,1,1
689,0542_c0005_020.jpg,542,4,-1,True,150,8550,0.36647164548058436,0.025544959128065394,1,5872,1,1,1,1
690,0542_c0006_000.jpg,542,5,-1,True,150,8550,0.41694911316804595,0.024065458045884808,1,6233,1,1,1,1
691,0542_c0006_005.jpg,542,5,-1,True,150,8550,0.4123485688777954,0.023547880690737835,1,6370,1,1,1,1
692,0542_c0006_010.jpg,542,5,-1,True,150,8550,0.4017113378058164,0.023162445954292774,1,6476,1,1,1,1
693,0542_c0006_015.jpg,542,5,-1,True,150,8550,0.41857551467129966,0.024509803921568627,1,6120,1,1,1,1
694,0542_c0006_020.jpg,542,5,-1,True,150,8550,0.3944835436557725,0.024213075060532687,1,6195,1,1,1,1
695,0542_c0007_000.jpg,542,6,-1,True,150,8550,0.4451670979013758,0.02464268112370626,1,6087,1,1,1,1
696,0542_c0007_005.jpg,542,6,-1,True,150,8550,0.49998687043846785,0.02550153009180551,1,5882,1,1,1,1
697,0542_c0007_010.jpg,542,6,-1,True,150,8550,0.47386236244971713,0.02672367717797969,1,5613,1,1,1,1
698,0542_c0007_015.jpg,542,6,-1,True,150,8550,0.43173240336010604,0.026714158504007122,1,5615,1,1,1,1
699,0542_c0007_020.jpg,542,6,-1,True,150,8550,0.4522727948082029,0.026558073654390935,1,5648,1,1,1,1
700,0542_c0008_000.jpg,542,7,-1,True,150,8550,0.03724645369247542,0.01840264998159735,56,8151,0,0,0,0
701,0542_c0008_005.jpg,542,7,-1,True,150,8550,0.03812588311453035,0.018447915385561432,57,8131,0,0,0,0
702,0542_c0008_010.jpg,542,7,-1,True,150,8550,0.041523833861179256,0.0183981356555869,55,8153,0,0,0,0
703,0542_c0008_015.jpg,542,7,-1,True,150,8550,0.03740378361993186,0.018534536018781664,66,8093,0,0,0,0
704,0542_c0008_020.jpg,542,7,-1,True,150,8550,0.038643457515343496,0.018366597281743603,68,8167,0,0,0,0
705,0544_c0001_000.jpg,544,0,-1,True,150,8550,0.06052432760658021,0.09202453987730061,306,1630,0,0,0,0
706,0544_c0001_005.jpg,544,0,-1,True,150,8550,0.06339911144757583,0.09322560596643878,265,1609,0,0,0,0
707,0544_c0001_010.jpg,544,0,-1,True,150,8550,0.06133152313020749,0.0926497838171711,304,1619,0,0,0,0
708,0544_c0001_015.jpg,544,0,-1,True,150,8550,0.05873550986875442,0.09124087591240876,338,1644,0,0,0,0
709,0544_c0001_020.jpg,544,0,-1,True,150,8550,0.059778351458530825,0.09375,306,1600,0,0,0,0
710,0544_c0002_000.jpg,544,1,-1,True,150,8550,0.19940758138064907,0.13513513513513514,40,1110,0,0,0,0
711,0544_c0002_005.jpg,544,1,-1,True,150,8550,0.22324331785239973,0.14691478942213515,18,1021,0,0,0,1
712,0544_c0002_010.jpg,544,1,-1,True,150,8550,0.21418179264341405,0.13100436681222707,54,1145,0,0,0,0
713,0544_c0002_015.jpg,544,1,-1,True,150,8550,0.2863192311231723,0.13812154696132597,13,1086,0,0,0,1
714,0544_c0002_020.jpg,544,1,-1,True,150,8550,0.26583773583211723,0.12510425354462051,20,1199,0,0,0,1
715,0544_c0003_000.jpg,544,2,-1,True,150,8550,0.448427401592989,0.2555366269165247,15,587,0,0,0,1
716,0544_c0003_005.jpg,544,2,-1,True,150,8550,0.425467084808864,0.25817555938037867,20,581,0,0,0,1
717,0544_c0003_010.jpg,544,2,-1,True,150,8550,0.4353561166455871,0.24390243902439024,19,615,0,0,0,1
718,0544_c0003_015.jpg,544,2,-1,True,150,8550,0.5109198748460547,0.2846299810246679,1,527,1,1,1,1
719,0544_c0003_020.jpg,544,2,-1,True,150,8550,0.47416194605455775,0.26833631484794274,3,559,0,1,1,1
720,0544_c0005_000.jpg,544,4,-1,True,150,8550,0.5980353042563498,0.3246753246753247,1,462,1,1,1,1
721,0544_c0005_005.jpg,544,4,-1,True,150,8550,0.5734665148556715,0.32537960954446854,1,461,1,1,1,1
722,0544_c0005_010.jpg,544,4,-1,True,150,8550,0.5939533957772791,0.32537960954446854,1,461,1,1,1,1
723,0544_c0005_015.jpg,544,4,-1,True,150,8550,0.5789467293580781,0.30927835051546393,1,485,1,1,1,1
724,0544_c0005_020.jpg,544,4,-1,True,150,8550,0.5807939718798326,0.30364372469635625,1,494,1,1,1,1
725,0544_c0006_000.jpg,544,5,-1,True,150,8550,0.20534191597309417,0.16429353778751368,32,913,0,0,0,0
726,0544_c0006_005.jpg,544,5,-1,True,150,8550,0.1967279623682001,0.16042780748663102,34,935,0,0,0,0
727,0544_c0006_010.jpg,544,5,-1,True,150,8550,0.2161278116229452,0.16574585635359115,31,905,0,0,0,0
728,0544_c0006_015.jpg,544,5,-1,True,150,8550,0.26649342435895496,0.1519756838905775,23,987,0,0,0,0
729,0544_c0006_020.jpg,544,5,-1,True,150,8550,0.1896270832687577,0.13452914798206278,43,1115,0,0,0,0
730,0544_c0007_000.jpg,544,6,-1,True,150,8550,0.7051755700701143,0.2819548872180451,1,532,1,1,1,1
731,0544_c0007_005.jpg,544,6,-1,True,150,8550,0.6969159951475761,0.2835538752362949,1,529,1,1,1,1
732,0544_c0007_010.jpg,544,6,-1,True,150,8550,0.7274558474173598,0.3138075313807531,1,478,1,1,1,1
733,0544_c0007_015.jpg,544,6,-1,True,150,8550,0.7108127415162963,0.30364372469635625,1,494,1,1,1,1
734,0544_c0007_020.jpg,544,6,-1,True,150,8550,0.7278733400733497,0.2803738317757009,1,535,1,1,1,1
735,0544_c0008_000.jpg,544,7,-1,True,150,8550,0.5436686261806929,0.24311183144246354,1,617,1,1,1,1
736,0544_c0008_005.jpg,544,7,-1,True,150,8550,0.5824306272008267,0.2640845070422535,1,568,1,1,1,1
737,0544_c0008_010.jpg,544,7,-1,True,150,8550,0.5769095149678566,0.2403846153846154,1,624,1,1,1,1
738,0544_c0008_015.jpg,544,7,-1,True,150,8550,0.5969058463974638,0.24916943521594684,1,602,1,1,1,1
739,0544_c0008_020.jpg,544,7,-1,True,150,8550,0.5986573168298236,0.25380710659898476,1,591,1,1,1,1
740,0546_c0002_000.jpg,546,1,-1,True,75,8550,0.34140427850106597,0.1724137931034483,26,435,0,0,0,0
741,0546_c0002_005.jpg,546,1,-1,True,75,8550,0.3575036456399552,0.1875,26,400,0,0,0,0
742,0546_c0002_010.jpg,546,1,-1,True,75,8550,0.3508372235300024,0.18028846153846154,26,416,0,0,0,0
743,0546_c0002_015.jpg,546,1,-1,True,75,8550,0.32031290953152847,0.18796992481203006,26,399,0,0,0,0
744,0546_c0002_020.jpg,546,1,-1,True,75,8550,0.3315302046397623,0.18796992481203006,26,399,0,0,0,0
745,0546_c0004_000.jpg,546,3,-1,True,75,8550,0.2057889547521098,0.24271844660194175,14,309,0,0,0,1
746,0546_c0004_005.jpg,546,3,-1,True,75,8550,0.5494834447482958,0.38461538461538464,1,195,1,1,1,1
747,0546_c0004_010.jpg,546,3,-1,True,75,8550,0.5206327269580862,0.3218884120171674,1,233,1,1,1,1
748,0546_c0004_015.jpg,546,3,-1,True,75,8550,0.5326966376642113,0.3456221198156682,1,217,1,1,1,1
749,0546_c0004_020.jpg,546,3,-1,True,75,8550,0.3555987166291977,0.3865979381443299,17,194,0,0,0,1
750,0546_c0007_000.jpg,546,6,-1,True,75,8550,0.5540861100572588,0.2727272727272727,1,275,1,1,1,1
751,0546_c0007_005.jpg,546,6,-1,True,75,8550,0.5305491541258671,0.2727272727272727,1,275,1,1,1,1
752,0546_c0007_010.jpg,546,6,-1,True,75,8550,0.5489163972823541,0.2727272727272727,1,275,1,1,1,1
753,0546_c0007_015.jpg,546,6,-1,True,75,8550,0.5362322086444608,0.2767527675276753,1,271,1,1,1,1
754,0546_c0007_020.jpg,546,6,-1,True,75,8550,0.5428840087424995,0.27472527472527475,1,273,1,1,1,1
755,0546_c0008_000.jpg,546,7,-1,True,75,8550,0.16117436906384797,0.1756440281030445,26,427,0,0,0,0
756,0546_c0008_005.jpg,546,7,-1,True,75,8550,0.2008809101784804,0.1736111111111111,26,432,0,0,0,0
757,0546_c0008_010.jpg,546,7,-1,True,75,8550,0.16528374920532243,0.17523364485981308,26,428,0,0,0,0
758,0546_c0008_015.jpg,546,7,-1,True,75,8550,0.14016212473015374,0.17482517482517482,98,429,0,0,0,0
759,0546_c0008_020.jpg,546,7,-1,True,75,8550,0.1595916508737967,0.17523364485981308,26,428,0,0,0,0
760,0548_c0001_000.jpg,548,0,-1,True,125,8550,0.04516970363232175,0.045438022537259176,153,2751,0,0,0,0
761,0548_c0001_005.jpg,548,0,-1,True,125,8550,0.0340980365853016,0.03923414940364093,270,3186,0,0,0,0
762,0548_c0001_010.jpg,548,0,-1,True,125,8550,0.0440356145102053,0.04230118443316413,167,2955,0,0,0,0
763,0548_c0001_015.jpg,548,0,-1,True,125,8550,0.04464171888508612,0.04205921938088829,161,2972,0,0,0,0
764,0548_c0001_020.jpg,548,0,-1,True,125,8550,0.06100844546142466,0.0475827940616673,60,2627,0,0,0,0
765,0548_c0002_000.jpg,548,1,-1,True,125,8550,0.06423279350447303,0.06731287022078622,246,1857,0,0,0,0
766,0548_c0002_005.jpg,548,1,-1,True,125,8550,0.06781400966632004,0.06610259122157588,257,1891,0,0,0,0
767,0548_c0002_010.jpg,548,1,-1,True,125,8550,0.08567792078431231,0.0589066918001885,219,2122,0,0,0,0
768,0548_c0002_015.jpg,548,1,-1,True,125,8550,0.09858125875601007,0.061274509803921566,173,2040,0,0,0,0
769,0548_c0002_020.jpg,548,1,-1,True,125,8550,0.10555956456618239,0.0694058856191005,170,1801,0,0,0,0
770,0548_c0003_000.jpg,548,2,-1,True,125,8550,0.4978601019561206,0.08638562543192813,1,1447,1,1,1,1
771,0548_c0003_005.jpg,548,2,-1,True,125,8550,0.4832990529738583,0.08451656524678837,1,1479,1,1,1,1
772,0548_c0003_010.jpg,548,2,-1,True,125,8550,0.4879182661302148,0.08710801393728224,1,1435,1,1,1,1
773,0548_c0003_015.jpg,548,2,-1,True,125,8550,0.5227666949127059,0.08680555555555555,1,1440,1,1,1,1
774,0548_c0003_020.jpg,548,2,-1,True,125,8550,0.5074615883572771,0.08922198429693076,1,1401,1,1,1,1
775,0548_c0005_000.jpg,548,4,-1,True,125,8550,0.20612662362090892,0.20193861066235863,72,619,0,0,0,0
776,0548_c0005_005.jpg,548,4,-1,True,125,8550,0.20739080845938726,0.19349845201238391,83,646,0,0,0,0
777,0548_c0005_010.jpg,548,4,-1,True,125,8550,0.183838277898005,0.18796992481203006,79,665,0,0,0,0
778,0548_c0005_015.jpg,548,4,-1,True,125,8550,0.1980577796916601,0.19201228878648233,78,651,0,0,0,0
779,0548_c0005_020.jpg,548,4,-1,True,125,8550,0.19496731056319636,0.19968051118210864,38,626,0,0,0,0
780,0548_c0006_000.jpg,548,5,-1,True,125,8550,0.3506338572140027,0.1179245283018868,33,1060,0,0,0,0
781,0548_c0006_005.jpg,548,5,-1,True,125,8550,0.3418408543781276,0.11617100371747212,44,1076,0,0,0,0
782,0548_c0006_010.jpg,548,5,-1,True,125,8550,0.34565692281085525,0.11563367252543941,46,1081,0,0,0,0
783,0548_c0006_015.jpg,548,5,-1,True,125,8550,0.3428702232070217,0.11531365313653137,46,1084,0,0,0,0
784,0548_c0006_020.jpg,548,5,-1,True,125,8550,0.3559507769889536,0.11770244821092278,34,1062,0,0,0,0
785,0548_c0007_000.jpg,548,6,-1,True,125,8550,0.17260646351527736,0.08928571428571429,27,1400,0,0,0,0
786,0548_c0007_005.jpg,548,6,-1,True,125,8550,0.16708464713969362,0.09077705156136529,32,1377,0,0,0,0
787,0548_c0007_010.jpg,548,6,-1,True,125,8550,0.17153101205377716,0.08852691218130311,28,1412,0,0,0,0
788,0548_c0007_015.jpg,548,6,-1,True,125,8550,0.19065146284483714,0.09071117561683599,22,1378,0,0,0,0
789,0548_c0007_020.jpg,548,6,-1,True,125,8550,0.1957184756970665,0.09064539521392313,27,1379,0,0,0,0
790,0550_c0001_000.jpg,550,0,-1,True,175,8550,0.1763212959495288,0.15737410071942445,100,1112,0,0,0,0
791,0550_c0001_005.jpg,550,0,-1,True,175,8550,0.1830264792464269,0.19863791146424517,96,881,0,0,0,0
792,0550_c0001_010.jpg,550,0,-1,True,175,8550,0.18762216160181522,0.20685579196217493,101,846,0,0,0,0
793,0550_c0001_015.jpg,550,0,-1,True,175,8550,0.18761868617927666,0.20636792452830188,101,848,0,0,0,0
794,0550_c0001_020.jpg,550,0,-1,True,175,8550,0.18843235134634337,0.21712158808933002,95,806,0,0,0,0
795,0550_c0002_000.jpg,550,1,-1,True,175,8550,0.208624830262131,0.17967145790554415,7,974,0,0,1,1
796,0550_c0002_005.jpg,550,1,-1,True,175,8550,0.20195491406813224,0.19315673289183222,44,906,0,0,0,0
797,0550_c0002_010.jpg,550,1,-1,True,175,8550,0.20643988148833178,0.18210197710718,25,961,0,0,0,0
798,0550_c0002_015.jpg,550,1,-1,True,175,8550,0.29759902521670817,0.13420245398773006,1,1304,1,1,1,1
799,0550_c0002_020.jpg,550,1,-1,True,175,8550,0.30709904007540867,0.1260806916426513,1,1388,1,1,1,1
800,0550_c0003_000.jpg,550,2,-1,True,175,8550,0.16372358318380298,0.20184544405997693,60,867,0,0,0,0
801,0550_c0003_005.jpg,550,2,-1,True,175,8550,0.165244155249539,0.19273127753303965,51,908,0,0,0,0
802,0550_c0003_010.jpg,550,2,-1,True,175,8550,0.16110995241311923,0.20491803278688525,72,854,0,0,0,0
803,0550_c0003_015.jpg,550,2,-1,True,175,8550,0.1631234402222779,0.19729425028184894,59,887,0,0,0,0
804,0550_c0003_020.jpg,550,2,-1,True,175,8550,0.16736527048679,0.20539906103286384,55,852,0,0,0,0
805,0550_c0004_000.jpg,550,3,-1,True,175,8550,0.12249212766566822,0.11430437622468975,81,1531,0,0,0,0
806,0550_c0004_005.jpg,550,3,-1,True,175,8550,0.12516692984097924,0.11848341232227488,94,1477,0,0,0,0
807,0550_c0004_010.jpg,550,3,-1,True,175,8550,0.11154060137752256,0.10930668332292318,127,1601,0,0,0,0
808,0550_c0004_015.jpg,550,3,-1,True,175,8550,0.1126204020287586,0.11363636363636363,102,1540,0,0,0,0
809,0550_c0004_020.jpg,550,3,-1,True,175,8550,0.1139829208657448,0.11378413524057217,132,1538,0,0,0,0
810,0550_c0005_000.jpg,550,4,-1,True,175,8550,0.2522320293318125,0.0626118067978533,1,2795,1,1,1,1
811,0550_c0005_005.jpg,550,4,-1,True,175,8550,0.3008901528931681,0.07175071750717507,1,2439,1,1,1,1
812,0550_c0005_010.jpg,550,4,-1,True,175,8550,0.26937442043719356,0.06234413965087282,1,2807,1,1,1,1
813,0550_c0005_015.jpg,550,4,-1,True,175,8550,0.2827200119707188,0.075790385448246,1,2309,1,1,1,1
814,0550_c0005_020.jpg,550,4,-1,True,175,8550,0.24516542841544323,0.05960490463215259,1,2936,1,1,1,1
815,0550_c0006_000.jpg,550,5,-1,True,175,8550,0.1881437970112211,0.048063718758582806,1,3641,1,1,1,1
816,0550_c0006_005.jpg,550,5,-1,True,175,8550,0.17719228006102977,0.044540595571392214,1,3929,1,1,1,1
817,0550_c0006_010.jpg,550,5,-1,True,175,8550,0.1600539809640622,0.04533678756476684,1,3860,1,1,1,1
818,0550_c0006_015.jpg,550,5,-1,True,175,8550,0.1365367602299235,0.04949095022624434,1,3536,1,1,1,1
819,0550_c0006_020.jpg,550,5,-1,True,175,8550,0.1708404097315004,0.05040322580645161,1,3472,1,1,1,1
820,0550_c0007_000.jpg,550,6,-1,True,175,8550,0.18759899371307967,0.07300792657488528,36,2397,0,0,0,0
821,0550_c0007_005.jpg,550,6,-1,True,175,8550,0.19983726626916978,0.08684863523573201,23,2015,0,0,0,0
822,0550_c0007_010.jpg,550,6,-1,True,175,8550,0.1906914385720498,0.08116883116883117,28,2156,0,0,0,0
823,0550_c0007_015.jpg,550,6,-1,True,175,8550,0.18390483240347805,0.08200562324273665,47,2134,0,0,0,0
824,0550_c0007_020.jpg,550,6,-1,True,175,8550,0.18761434083733303,0.09937535491198182,46,1761,0,0,0,0
825,0550_c0008_000.jpg,550,7,-1,True,175,8550,0.16551901612966938,0.07987220447284345,13,2191,0,0,0,1
826,0550_c0008_005.jpg,550,7,-1,True,175,8550,0.15960904323660946,0.08965163934426229,31,1952,0,0,0,0
827,0550_c0008_010.jpg,550,7,-1,True,175,8550,0.16462038612543753,0.0867195242814668,16,2018,0,0,0,1
828,0550_c0008_015.jpg,550,7,-1,True,175,8550,0.17717334299411944,0.08780732563973909,31,1993,0,0,0,0
829,0550_c0008_020.jpg,550,7,-1,True,175,8550,0.17127269625873237,0.08785140562248996,37,1992,0,0,0,0
830,0552_c0001_000.jpg,552,0,-1,True,175,8550,0.52285232491676,0.13118440779610194,1,1334,1,1,1,1
831,0552_c0001_005.jpg,552,0,-1,True,175,8550,0.5433850844761946,0.13167795334838225,1,1329,1,1,1,1
832,0552_c0001_010.jpg,552,0,-1,True,175,8550,0.45018436248407634,0.10548523206751055,1,1659,1,1,1,1
833,0552_c0001_015.jpg,552,0,-1,True,175,8550,0.4530358161827421,0.1044776119402985,1,1675,1,1,1,1
834,0552_c0001_020.jpg,552,0,-1,True,175,8550,0.5012968071040481,0.11312217194570136,1,1547,1,1,1,1
835,0552_c0002_000.jpg,552,1,-1,True,175,8550,0.44263409562310624,0.15638963360142985,1,1119,1,1,1,1
836,0552_c0002_005.jpg,552,1,-1,True,175,8550,0.4345701681723093,0.157942238267148,1,1108,1,1,1,1
837,0552_c0002_010.jpg,552,1,-1,True,175,8550,0.5045830192469796,0.1705653021442495,1,1026,1,1,1,1
838,0552_c0002_015.jpg,552,1,-1,True,175,8550,0.4726804233230351,0.16218721037998146,1,1079,1,1,1,1
839,0552_c0002_020.jpg,552,1,-1,True,175,8550,0.437167199678826,0.15473032714412024,1,1131,1,1,1,1
840,0552_c0003_000.jpg,552,2,-1,True,175,8550,0.8511070976598119,0.4820936639118457,1,363,1,1,1,1
841,0552_c0003_005.jpg,552,2,-1,True,175,8550,0.85161310920941,0.4943502824858757,1,354,1,1,1,1
842,0552_c0003_010.jpg,552,2,-1,True,175,8550,0.8447694062103646,0.49019607843137253,1,357,1,1,1,1
843,0552_c0003_015.jpg,552,2,-1,True,175,8550,0.8479699068044738,0.4943502824858757,1,354,1,1,1,1
844,0552_c0003_020.jpg,552,2,-1,True,175,8550,0.8483869235696421,0.4985754985754986,1,351,1,1,1,1
845,0552_c0004_000.jpg,552,3,-1,True,175,8550,0.69786049209941,0.2911813643926789,1,601,1,1,1,1
846,0552_c0004_005.jpg,552,3,-1,True,175,8550,0.6889399197185181,0.2911813643926789,1,601,1,1,1,1
847,0552_c0004_010.jpg,552,3,-1,True,175,8550,0.6946184901364908,0.29069767441860467,1,602,1,1,1,1
848,0552_c0004_015.jpg,552,3,-1,True,175,8550,0.6903608804409512,0.2902155887230514,1,603,1,1,1,1
849,0552_c0004_020.jpg,552,3,-1,True,175,8550,0.693406024569079,0.2911813643926789,1,601,1,1,1,1
850,0552_c0005_000.jpg,552,4,-1,True,175,8550,0.8785501354264053,0.3645833333333333,1,480,1,1,1,1
851,0552_c0005_005.jpg,552,4,-1,True,175,8550,0.8071682219083726,0.2996575342465753,1,584,1,1,1,1
852,0552_c0005_010.jpg,552,4,-1,True,175,8550,0.7934275594300338,0.29264214046822745,1,598,1,1,1,1
853,0552_c0005_015.jpg,552,4,-1,True,175,8550,0.817286804888718,0.30918727915194344,1,566,1,1,1,1
854,0552_c0005_020.jpg,552,4,-1,True,175,8550,0.805301944897156,0.30809859154929575,1,568,1,1,1,1
855,0552_c0006_000.jpg,552,5,-1,True,175,8550,0.38640747267475195,0.21712158808933002,27,806,0,0,0,0
856,0552_c0006_005.jpg,552,5,-1,True,175,8550,0.37773292758667115,0.20420070011668612,47,857,0,0,0,0
857,0552_c0006_010.jpg,552,5,-1,True,175,8550,0.3712327887933989,0.2025462962962963,51,864,0,0,0,0
858,0552_c0006_015.jpg,552,5,-1,True,175,8550,0.3541380426385139,0.1997716894977169,51,876,0,0,0,0
859,0552_c0006_020.jpg,552,5,-1,True,175,8550,0.37048977267930605,0.2023121387283237,49,865,0,0,0,0
860,0552_c0007_000.jpg,552,6,-1,True,175,8550,0.6699208785382972,0.22786458333333334,1,768,1,1,1,1
861,0552_c0007_005.jpg,552,6,-1,True,175,8550,0.699739425389012,0.24475524475524477,1,715,1,1,1,1
862,0552_c0007_010.jpg,552,6,-1,True,175,8550,0.664778661527092,0.2339572192513369,1,748,1,1,1,1
863,0552_c0007_015.jpg,552,6,-1,True,175,8550,0.6590041580045447,0.2336448598130841,1,749,1,1,1,1
864,0552_c0007_020.jpg,552,6,-1,True,175,8550,0.6661033778062949,0.23458445040214476,1,746,1,1,1,1
865,0552_c0008_000.jpg,552,7,-1,True,175,8550,0.8697937170145528,0.31876138433515483,1,549,1,1,1,1
866,0552_c0008_005.jpg,552,7,-1,True,175,8550,0.8746654527107875,0.3176043557168784,1,551,1,1,1,1
867,0552_c0008_010.jpg,552,7,-1,True,175,8550,0.8747185679420643,0.32771535580524347,1,534,1,1,1,1
868,0552_c0008_015.jpg,552,7,-1,True,175,8550,0.8741006721407946,0.31992687385740404,1,547,1,1,1,1
869,0552_c0008_020.jpg,552,7,-1,True,175,8550,0.8701967547679276,0.341796875,1,512,1,1,1,1
870,0554_c0001_000.jpg,554,0,-1,True,150,8550,0.4295427816532625,0.18587360594795538,1,807,1,1,1,1
871,0554_c0001_005.jpg,554,0,-1,True,150,8550,0.4298937577078206,0.17985611510791366,1,834,1,1,1,1
872,0554_c0001_010.jpg,554,0,-1,True,150,8550,0.3831169312524866,0.1744186046511628,1,860,1,1,1,1
873,0554_c0001_015.jpg,554,0,-1,True,150,8550,0.4197337439399204,0.17647058823529413,1,850,1,1,1,1
874,0554_c0001_020.jpg,554,0,-1,True,150,8550,0.3991784273877957,0.17899761336515513,1,838,1,1,1,1
875,0554_c0002_000.jpg,554,1,-1,True,150,8550,0.08836322553729485,0.0633445945945946,65,2368,0,0,0,0
876,0554_c0002_005.jpg,554,1,-1,True,150,8550,0.0874200994745748,0.06177924217462932,61,2428,0,0,0,0
877,0554_c0002_010.jpg,554,1,-1,True,150,8550,0.08729587087872703,0.0642123287671233,60,2336,0,0,0,0
878,0554_c0002_015.jpg,554,1,-1,True,150,8550,0.08599335175006126,0.06289308176100629,66,2385,0,0,0,0
879,0554_c0002_020.jpg,554,1,-1,True,150,8550,0.09808636689875486,0.06443298969072164,70,2328,0,0,0,0
880,0554_c0003_000.jpg,554,2,-1,True,150,8550,0.08576937508695885,0.06858710562414266,82,2187,0,0,0,0
881,0554_c0003_005.jpg,554,2,-1,True,150,8550,0.0882112108274133,0.07295719844357977,81,2056,0,0,0,0
882,0554_c0003_010.jpg,554,2,-1,True,150,8550,0.08832318849639101,0.07092198581560284,53,2115,0,0,0,0
883,0554_c0003_015.jpg,554,2,-1,True,150,8550,0.07858753533575637,0.06708407871198568,76,2236,0,0,0,0
884,0554_c0003_020.jpg,554,2,-1,True,150,8550,0.07745071062111057,0.06744604316546762,62,2224,0,0,0,0
885,0554_c0005_000.jpg,554,4,-1,True,150,8550,0.14384567882081165,0.07700205338809035,89,1948,0,0,0,0
886,0554_c0005_005.jpg,554,4,-1,True,150,8550,0.1417921660535809,0.07696254489481785,93,1949,0,0,0,0
887,0554_c0005_010.jpg,554,4,-1,True,150,8550,0.13326535985406254,0.075,84,2000,0,0,0,0
888,0554_c0005_015.jpg,554,4,-1,True,150,8550,0.13869695237505753,0.07656967840735068,102,1959,0,0,0,0
889,0554_c0005_020.jpg,554,4,-1,True,150,8550,0.1470751162030566,0.07545271629778671,80,1988,0,0,0,0
890,0554_c0006_000.jpg,554,5,-1,True,150,8550,0.21919765311086592,0.15690376569037656,51,956,0,0,0,0
891,0554_c0006_005.jpg,554,5,-1,True,150,8550,0.22420988726002597,0.16519823788546256,50,908,0,0,0,0
892,0554_c0006_010.jpg,554,5,-1,True,150,8550,0.2305908991096599,0.16163793103448276,46,928,0,0,0,0
893,0554_c0006_015.jpg,554,5,-1,True,150,8550,0.20208114499325938,0.1632208922742111,91,919,0,0,0,0
894,0554_c0006_020.jpg,554,5,-1,True,150,8550,0.22090706188076473,0.16741071428571427,54,896,0,0,0,0
895,0554_c0007_000.jpg,554,6,-1,True,150,8550,0.20023024875240641,0.08241758241758242,18,1820,0,0,0,1
896,0554_c0007_005.jpg,554,6,-1,True,150,8550,0.22152352017918817,0.08660508083140878,8,1732,0,0,1,1
897,0554_c0007_010.jpg,554,6,-1,True,150,8550,0.20150186225791353,0.08561643835616438,18,1752,0,0,0,1
898,0554_c0007_015.jpg,554,6,-1,True,150,8550,0.3452416908707378,0.08532423208191127,1,1758,1,1,1,1
899,0554_c0007_020.jpg,554,6,-1,True,150,8550,0.2978451744939184,0.08756567425569177,2,1713,0,1,1,1
900,0554_c0008_000.jpg,554,7,-1,True,150,8550,0.46224781612387383,0.09475679090334807,1,1583,1,1,1,1
901,0554_c0008_005.jpg,554,7,-1,True,150,8550,0.4830255005023484,0.09907529722589167,1,1514,1,1,1,1
902,0554_c0008_010.jpg,554,7,-1,True,150,8550,0.4644933729646465,0.1029512697323267,1,1457,1,1,1,1
903,0554_c0008_015.jpg,554,7,-1,True,150,8550,0.4567825182005197,0.1097293343087052,1,1367,1,1,1,1
904,0554_c0008_020.jpg,554,7,-1,True,150,8550,0.4554266809134025,0.10526315789473684,1,1425,1,1,1,1
905,0556_c0001_000.jpg,556,0,-1,True,175,8550,0.3567976520326643,0.12358757062146893,9,1416,0,0,1,1
906,0556_c0001_005.jpg,556,0,-1,True,175,8550,0.31414362999948164,0.11437908496732026,14,1530,0,0,0,1
907,0556_c0001_010.jpg,556,0,-1,True,175,8550,0.25967254128321354,0.1163563829787234,27,1504,0,0,0,0
908,0556_c0001_015.jpg,556,0,-1,True,175,8550,0.2944435708842446,0.11880515953835709,22,1473,0,0,0,0
909,0556_c0001_020.jpg,556,0,-1,True,175,8550,0.3030724953226647,0.12718023255813954,20,1376,0,0,0,1
910,0556_c0002_000.jpg,556,1,-1,True,175,8550,0.17102631658631148,0.09343299519487454,15,1873,0,0,0,1
911,0556_c0002_005.jpg,556,1,-1,True,175,8550,0.12122840725706809,0.08728179551122195,29,2005,0,0,0,0
912,0556_c0002_010.jpg,556,1,-1,True,175,8550,0.11764579179710247,0.08887760284408329,38,1969,0,0,0,0
913,0556_c0002_015.jpg,556,1,-1,True,175,8550,0.14525204572479614,0.09029927760577916,34,1938,0,0,0,0
914,0556_c0002_020.jpg,556,1,-1,True,175,8550,0.12223961834554863,0.0859106529209622,31,2037,0,0,0,0
915,0556_c0003_000.jpg,556,2,-1,True,175,8550,0.7769373267281136,0.19401330376940132,1,902,1,1,1,1
916,0556_c0003_005.jpg,556,2,-1,True,175,8550,0.7809373143053956,0.1946607341490545,1,899,1,1,1,1
917,0556_c0003_010.jpg,556,2,-1,True,175,8550,0.7801619332772566,0.19294377067254687,1,907,1,1,1,1
918,0556_c0003_015.jpg,556,2,-1,True,175,8550,0.7815956136040935,0.19574944071588368,1,894,1,1,1,1
919,0556_c0003_020.jpg,556,2,-1,True,175,8550,0.7779809151176788,0.19273127753303965,1,908,1,1,1,1
920,0556_c0004_000.jpg,556,3,-1,True,175,8550,0.5254812440182913,0.1421608448415922,1,1231,1,1,1,1
921,0556_c0004_005.jpg,556,3,-1,True,175,8550,0.5193104126454113,0.1432078559738134,1,1222,1,1,1,1
922,0556_c0004_010.jpg,556,3,-1,True,175,8550,0.5021810911703696,0.1417004048582996,1,1235,1,1,1,1
923,0556_c0004_015.jpg,556,3,-1,True,175,8550,0.5298280866481075,0.14571190674437967,1,1201,1,1,1,1
924,0556_c0004_020.jpg,556,3,-1,True,175,8550,0.5424138220661072,0.1432078559738134,1,1222,1,1,1,1
925,0556_c0005_000.jpg,556,4,-1,True,175,8550,0.09850162857084228,0.07523645743766122,148,2326,0,0,0,0
926,0556_c0005_005.jpg,556,4,-1,True,175,8550,0.10420089428875197,0.0908618899273105,162,1926,0,0,0,0
927,0556_c0005_010.jpg,556,4,-1,True,175,8550,0.11927288172178899,0.0945945945945946,125,1850,0,0,0,0
928,0556_c0005_015.jpg,556,4,-1,True,175,8550,0.11972123522619796,0.09303561935140882,101,1881,0,0,0,0
929,0556_c0005_020.jpg,556,4,-1,True,175,8550,0.1292414340958377,0.1191286589516678,100,1469,0,0,0,0
930,0556_c0006_000.jpg,556,5,-1,True,175,8550,0.17380921656050974,0.11196417146513116,59,1563,0,0,0,0
931,0556_c0006_005.jpg,556,5,-1,True,175,8550,0.1616873355660683,0.10835913312693499,61,1615,0,0,0,0
932,0556_c0006_010.jpg,556,5,-1,True,175,8550,0.16484403872042305,0.11054958938723942,59,1583,0,0,0,0
933,0556_c0006_015.jpg,556,5,-1,True,175,8550,0.14794637166294491,0.10504201680672269,72,1666,0,0,0,0
934,0556_c0006_020.jpg,556,5,-1,True,175,8550,0.14461472337105105,0.10355029585798817,67,1690,0,0,0,0
935,0556_c0007_000.jpg,556,6,-1,True,175,8550,0.23359253017538834,0.1736111111111111,53,1008,0,0,0,0
936,0556_c0007_005.jpg,556,6,-1,True,175,8550,0.22193306014694225,0.16233766233766234,52,1078,0,0,0,0
937,0556_c0007_010.jpg,556,6,-1,True,175,8550,0.22624979512541118,0.16355140186915887,56,1070,0,0,0,0
938,0556_c0007_015.jpg,556,6,-1,True,175,8550,0.21782196566173054,0.1586582048957389,59,1103,0,0,0,0
939,0556_c0007_020.jpg,556,6,-1,True,175,8550,0.23519654919708827,0.1586582048957389,54,1103,0,0,0,0
940,0556_c0008_000.jpg,556,7,-1,True,175,8550,0.5261499642777318,0.15432098765432098,1,1134,1,1,1,1
941,0556_c0008_005.jpg,556,7,-1,True,175,8550,0.47257445425855826,0.1551418439716312,5,1128,0,1,1,1
942,0556_c0008_010.jpg,556,7,-1,True,175,8550,0.5261568656412449,0.15779981965734896,1,1109,1,1,1,1
943,0556_c0008_015.jpg,556,7,-1,True,175,8550,0.5723325719034014,0.1604032997250229,1,1091,1,1,1,1
944,0556_c0008_020.jpg,556,7,-1,True,175,8550,0.5788936914152972,0.1589464123524069,1,1101,1,1,1,1
945,0558_c0001_000.jpg,558,0,-1,True,175,8550,0.44153345034102726,0.27910685805422647,1,627,1,1,1,1
946,0558_c0001_005.jpg,558,0,-1,True,175,8550,0.44256479506115204,0.277337559429477,1,631,1,1,1,1
947,0558_c0001_010.jpg,558,0,-1,True,175,8550,0.44207592922616024,0.277337559429477,1,631,1,1,1,1
948,0558_c0001_015.jpg,558,0,-1,True,175,8550,0.4411883701705473,0.27910685805422647,1,627,1,1,1,1
949,0558_c0001_020.jpg,558,0,-1,True,175,8550,0.44277465205820865,0.28363047001620745,1,617,1,1,1,1
950,0558_c0002_000.jpg,558,1,-1,True,175,8550,0.5890114007535389,0.3691983122362869,1,474,1,1,1,1
951,0558_c0002_005.jpg,558,1,-1,True,175,8550,0.34168391118080943,0.33460803059273425,33,523,0,0,0,0
952,0558_c0002_010.jpg,558,1,-1,True,175,8550,0.4249064348826698,0.3645833333333333,19,480,0,0,0,1
953,0558_c0002_015.jpg,558,1,-1,True,175,8550,0.6126322275131489,0.39414414414414417,1,444,1,1,1,1
954,0558_c0002_020.jpg,558,1,-1,True,175,8550,0.35141718541255157,0.3333333333333333,27,525,0,0,0,0
955,0558_c0003_000.jpg,558,2,-1,True,175,8550,0.40519632456117377,0.3314393939393939,31,528,0,0,0,0
956,0558_c0003_005.jpg,558,2,-1,True,175,8550,0.40732548143781505,0.35070140280561124,28,499,0,0,0,0
957,0558_c0003_010.jpg,558,2,-1,True,175,8550,0.4008834375128783,0.36610878661087864,43,478,0,0,0,0
958,0558_c0003_015.jpg,558,2,-1,True,175,8550,0.41047769106234294,0.36231884057971014,21,483,0,0,0,0
959,0558_c0003_020.jpg,558,2,-1,True,175,8550,0.4152855232730854,0.3747323340471092,14,467,0,0,0,1
960,0558_c0004_000.jpg,558,3,-1,True,175,8550,0.23507206184730003,0.24475524475524477,22,715,0,0,0,0
961,0558_c0004_005.jpg,558,3,-1,True,175,8550,0.24388653480038214,0.2623688155922039,27,667,0,0,0,0
962,0558_c0004_010.jpg,558,3,-1,True,175,8550,0.2752720931084744,0.25925925925925924,18,675,0,0,0,1
963,0558_c0004_015.jpg,558,3,-1,True,175,8550,0.27373847026148007,0.2543604651162791,2,688,0,1,1,1
964,0558_c0004_020.jpg,558,3,-1,True,175,8550,0.26413447228463194,0.23087071240105542,1,758,1,1,1,1
965,0558_c0005_000.jpg,558,4,-1,True,175,8550,0.5159878235198812,0.2547307132459971,1,687,1,1,1,1
966,0558_c0005_005.jpg,558,4,-1,True,175,8550,0.5048654563842022,0.2588757396449704,1,676,1,1,1,1
967,0558_c0005_010.jpg,558,4,-1,True,175,8550,0.5104212400294116,0.2627627627627628,1,666,1,1,1,1
968,0558_c0005_015.jpg,558,4,-1,True,175,8550,0.5077806900072961,0.2619760479041916,1,668,1,1,1,1
969,0558_c0005_020.jpg,558,4,-1,True,175,8550,0.5080576428379824,0.2565982404692082,1,682,1,1,1,1
970,0558_c0006_000.jpg,558,5,-1,True,175,8550,0.4324401634785305,0.3472222222222222,1,504,1,1,1,1
971,0558_c0006_005.jpg,558,5,-1,True,175,8550,0.426198149312636,0.33081285444234404,1,529,1,1,1,1
972,0558_c0006_010.jpg,558,5,-1,True,175,8550,0.42840905453209904,0.330188679245283,1,530,1,1,1,1
973,0558_c0006_015.jpg,558,5,-1,True,175,8550,0.43367273159904335,0.3295668549905838,1,531,1,1,1,1
974,0558_c0006_020.jpg,558,5,-1,True,175,8550,0.42322949031773355,0.33081285444234404,1,529,1,1,1,1
975,0558_c0007_000.jpg,558,6,-1,True,175,8550,0.6720074785503318,0.24647887323943662,1,710,1,1,1,1
976,0558_c0007_005.jpg,558,6,-1,True,175,8550,0.6888316554876295,0.23553162853297444,1,743,1,1,1,1
977,0558_c0007_010.jpg,558,6,-1,True,175,8550,0.6910944473693694,0.24171270718232044,1,724,1,1,1,1
978,0558_c0007_015.jpg,558,6,-1,True,175,8550,0.6763865785824572,0.23972602739726026,1,730,1,1,1,1
979,0558_c0007_020.jpg,558,6,-1,True,175,8550,0.6690265462624032,0.24544179523141654,1,713,1,1,1,1
980,0558_c0008_000.jpg,558,7,-1,True,175,8550,0.39253291003622076,0.2517985611510791,26,695,0,0,0,0
981,0558_c0008_005.jpg,558,7,-1,True,175,8550,0.38798794199907094,0.2514367816091954,26,696,0,0,0,0
982,0558_c0008_010.jpg,558,7,-1,True,175,8550,0.39309536879552137,0.25107604017216645,26,697,0,0,0,0
983,0558_c0008_015.jpg,558,7,-1,True,175,8550,0.3954892686692384,0.2507163323782235,26,698,0,0,0,0
984,0558_c0008_020.jpg,558,7,-1,True,175,8550,0.37396003329612215,0.2503576537911302,26,699,0,0,0,0
985,0560_c0001_000.jpg,560,0,-1,True,150,8550,0.7918507562501101,0.6756756756756757,1,222,1,1,1,1
986,0560_c0001_005.jpg,560,0,-1,True,150,8550,0.6838543123787109,0.3856041131105398,1,389,1,1,1,1
987,0560_c0001_010.jpg,560,0,-1,True,150,8550,0.8208509659143577,0.6493506493506493,1,231,1,1,1,1
988,0560_c0001_015.jpg,560,0,-1,True,150,8550,0.613257680320337,0.3597122302158273,1,417,1,1,1,1
989,0560_c0001_020.jpg,560,0,-1,True,150,8550,0.6391541020324999,0.3597122302158273,1,417,1,1,1,1
990,0560_c0002_000.jpg,560,1,-1,True,150,8550,0.9743874213402066,0.8571428571428571,1,175,1,1,1,1
991,0560_c0002_005.jpg,560,1,-1,True,150,8550,0.9743874213402066,0.8571428571428571,1,175,1,1,1,1
992,0560_c0002_010.jpg,560,1,-1,True,150,8550,0.9743874213402066,0.8571428571428571,1,175,1,1,1,1
993,0560_c0002_015.jpg,560,1,-1,True,150,8550,0.9743874213402066,0.8571428571428571,1,175,1,1,1,1
994,0560_c0002_020.jpg,560,1,-1,True,150,8550,0.9743874213402066,0.8571428571428571,1,175,1,1,1,1
995,0560_c0003_000.jpg,560,2,-1,True,150,8550,0.9743874213402066,0.8571428571428571,1,175,1,1,1,1
996,0560_c0003_005.jpg,560,2,-1,True,150,8550,0.9743874213402066,0.8571428571428571,1,175,1,1,1,1
997,0560_c0003_010.jpg,560,2,-1,True,150,8550,0.9743874213402066,0.8571428571428571,1,175,1,1,1,1
998,0560_c0003_015.jpg,560,2,-1,True,150,8550,0.9743874213402066,0.8571428571428571,1,175,1,1,1,1
999,0560_c0003_020.jpg,560,2,-1,True,150,8550,0.9743874213402066,0.8571428571428571,1,175,1,1,1,1
1000,0560_c0005_000.jpg,560,4,-1,True,150,8550,0.9745779320904562,0.8571428571428571,1,175,1,1,1,1
1001,0560_c0005_005.jpg,560,4,-1,True,150,8550,0.9747400003906684,0.8571428571428571,1,175,1,1,1,1
1002,0560_c0005_010.jpg,560,4,-1,True,150,8550,0.9751216846096346,0.8571428571428571,1,175,1,1,1,1
1003,0560_c0005_015.jpg,560,4,-1,True,150,8550,0.9753565070219906,0.8571428571428571,1,175,1,1,1,1
1004,0560_c0005_020.jpg,560,4,-1,True,150,8550,0.9748142693965163,0.8571428571428571,1,175,1,1,1,1
1005,0560_c0006_000.jpg,560,5,-1,True,150,8550,0.9743874213402066,0.8571428571428571,1,175,1,1,1,1
1006,0560_c0006_005.jpg,560,5,-1,True,150,8550,0.9743874213402066,0.8571428571428571,1,175,1,1,1,1
1007,0560_c0006_010.jpg,560,5,-1,True,150,8550,0.9743874213402066,0.8571428571428571,1,175,1,1,1,1
1008,0560_c0006_015.jpg,560,5,-1,True,150,8550,0.9743874213402066,0.8571428571428571,1,175,1,1,1,1
1009,0560_c0006_020.jpg,560,5,-1,True,150,8550,0.9743874213402066,0.8571428571428571,1,175,1,1,1,1
1010,0560_c0007_000.jpg,560,6,-1,True,150,8550,0.9743874213402066,0.8571428571428571,1,175,1,1,1,1
1011,0560_c0007_005.jpg,560,6,-1,True,150,8550,0.9743874213402066,0.8571428571428571,1,175,1,1,1,1
1012,0560_c0007_010.jpg,560,6,-1,True,150,8550,0.9743874213402066,0.8571428571428571,1,175,1,1,1,1
1013,0560_c0007_015.jpg,560,6,-1,True,150,8550,0.9743874213402066,0.8571428571428571,1,175,1,1,1,1
1014,0560_c0007_020.jpg,560,6,-1,True,150,8550,0.9743874213402066,0.8571428571428571,1,175,1,1,1,1
1015,0560_c0008_000.jpg,560,7,-1,True,150,8550,0.974650944330535,0.8571428571428571,1,175,1,1,1,1
1016,0560_c0008_005.jpg,560,7,-1,True,150,8550,0.9753480226483062,0.8571428571428571,1,175,1,1,1,1
1017,0560_c0008_010.jpg,560,7,-1,True,150,8550,0.9756698593607439,0.8571428571428571,1,175,1,1,1,1
1018,0560_c0008_015.jpg,560,7,-1,True,150,8550,0.9754699991921283,0.8571428571428571,1,175,1,1,1,1
1019,0560_c0008_020.jpg,560,7,-1,True,150,8550,0.9745363603313872,0.8571428571428571,1,175,1,1,1,1
1020,0562_c0001_000.jpg,562,0,-1,True,50,8550,0.697387106089958,0.4098360655737705,1,122,1,1,1,1
1021,0562_c0001_005.jpg,562,0,-1,True,50,8550,0.7029946463340434,0.45871559633027525,1,109,1,1,1,1
1022,0562_c0001_010.jpg,562,0,-1,True,50,8550,0.9106437972975137,0.5154639175257731,1,97,1,1,1,1
1023,0562_c0001_015.jpg,562,0,-1,True,50,8550,1.0,1.0,1,50,1,1,1,1
1024,0562_c0001_020.jpg,562,0,-1,True,50,8550,1.0,1.0,1,50,1,1,1,1
1025,0562_c0003_000.jpg,562,2,-1,True,50,8550,0.19204685329663815,0.2702702702702703,54,185,0,0,0,0
1026,0562_c0003_005.jpg,562,2,-1,True,50,8550,0.1868639824195235,0.26455026455026454,55,189,0,0,0,0
1027,0562_c0003_010.jpg,562,2,-1,True,50,8550,0.20256689920249601,0.2702702702702703,50,185,0,0,0,0
1028,0562_c0003_015.jpg,562,2,-1,True,50,8550,0.18792764307125862,0.25906735751295334,55,193,0,0,0,0
1029,0562_c0003_020.jpg,562,2,-1,True,50,8550,0.18282889135651698,0.25510204081632654,56,196,0,0,0,0
1030,0562_c0005_000.jpg,562,4,-1,True,50,8550,0.961731111215697,0.7142857142857143,1,70,1,1,1,1
1031,0562_c0005_005.jpg,562,4,-1,True,50,8550,0.9608061172877413,0.6944444444444444,1,72,1,1,1,1
1032,0562_c0005_010.jpg,562,4,-1,True,50,8550,0.9606326608715006,0.6944444444444444,1,72,1,1,1,1
1033,0562_c0005_015.jpg,562,4,-1,True,50,8550,0.9551398664067596,0.684931506849315,1,73,1,1,1,1
1034,0562_c0005_020.jpg,562,4,-1,True,50,8550,0.9617913665725791,0.6944444444444444,1,72,1,1,1,1
1035,0564_c0001_000.jpg,564,0,-1,True,150,8550,0.7382543190454358,0.25728987993138935,1,583,1,1,1,1
1036,0564_c0001_005.jpg,564,0,-1,True,150,8550,0.7331540634511523,0.25597269624573377,1,586,1,1,1,1
1037,0564_c0001_010.jpg,564,0,-1,True,150,8550,0.7413090757600975,0.25380710659898476,1,591,1,1,1,1
1038,0564_c0001_015.jpg,564,0,-1,True,150,8550,0.7580023351220139,0.2542372881355932,1,590,1,1,1,1
1039,0564_c0001_020.jpg,564,0,-1,True,150,8550,0.757125660379806,0.25295109612141653,1,593,1,1,1,1
1040,0564_c0002_000.jpg,564,1,-1,True,150,8550,0.3809446332283335,0.3048780487804878,1,492,1,1,1,1
1041,0564_c0002_005.jpg,564,1,-1,True,150,8550,0.3454056036495979,0.28901734104046245,1,519,1,1,1,1
1042,0564_c0002_010.jpg,564,1,-1,True,150,8550,0.3206893805877965,0.29469548133595286,1,509,1,1,1,1
1043,0564_c0002_015.jpg,564,1,-1,True,150,8550,0.40656593893947507,0.29469548133595286,1,509,1,1,1,1
1044,0564_c0002_020.jpg,564,1,-1,True,150,8550,0.34958346369557414,0.2964426877470356,1,506,1,1,1,1
1045,0564_c0004_000.jpg,564,3,-1,True,150,8550,0.6629828623785926,0.3,1,500,1,1,1,1
1046,0564_c0004_005.jpg,564,3,-1,True,150,8550,0.6367031908526394,0.36855036855036855,1,407,1,1,1,1
1047,0564_c0004_010.jpg,564,3,-1,True,150,8550,0.5322909897860842,0.35714285714285715,1,420,1,1,1,1
1048,0564_c0004_015.jpg,564,3,-1,True,150,8550,0.5096825807397255,0.3597122302158273,1,417,1,1,1,1
1049,0564_c0004_020.jpg,564,3,-1,True,150,8550,0.5736456811808507,0.38071065989847713,1,394,1,1,1,1
1050,0564_c0005_000.jpg,564,4,-1,True,150,8550,0.6371612014258038,0.27522935779816515,1,545,1,1,1,1
1051,0564_c0005_005.jpg,564,4,-1,True,150,8550,0.7396034226526144,0.3048780487804878,1,492,1,1,1,1
1052,0564_c0005_010.jpg,564,4,-1,True,150,8550,0.6607719761846382,0.25380710659898476,1,591,1,1,1,1
1053,0564_c0005_015.jpg,564,4,-1,True,150,8550,0.6482048608967944,0.2555366269165247,1,587,1,1,1,1
1054,0564_c0005_020.jpg,564,4,-1,True,150,8550,0.7070472318717498,0.27124773960216997,1,553,1,1,1,1
1055,0564_c0006_000.jpg,564,5,-1,True,150,8550,0.8722878149814386,0.5300353356890459,1,283,1,1,1,1
1056,0564_c0006_005.jpg,564,5,-1,True,150,8550,0.8685758671693115,0.4411764705882353,1,340,1,1,1,1
1057,0564_c0006_010.jpg,564,5,-1,True,150,8550,0.8409093352202516,0.5244755244755245,1,286,1,1,1,1
1058,0564_c0006_015.jpg,564,5,-1,True,150,8550,0.8796231918514235,0.43352601156069365,1,346,1,1,1,1
1059,0564_c0006_020.jpg,564,5,-1,True,150,8550,0.8483513554124568,0.45045045045045046,1,333,1,1,1,1
1060,0564_c0007_000.jpg,564,6,-1,True,150,8550,0.6987165417572417,0.28680688336520077,1,523,1,1,1,1
1061,0564_c0007_005.jpg,564,6,-1,True,150,8550,0.7272245129190753,0.35799522673031026,1,419,1,1,1,1
1062,0564_c0007_010.jpg,564,6,-1,True,150,8550,0.704215844460078,0.2767527675276753,1,542,1,1,1,1
1063,0564_c0007_015.jpg,564,6,-1,True,150,8550,0.7212560587802185,0.2846299810246679,1,527,1,1,1,1
1064,0564_c0007_020.jpg,564,6,-1,True,150,8550,0.7011485473346899,0.23076923076923078,1,650,1,1,1,1
1065,0564_c0008_000.jpg,564,7,-1,True,150,8550,0.5144002292746573,0.2112676056338028,1,710,1,1,1,1
1066,0564_c0008_005.jpg,564,7,-1,True,150,8550,0.5657781609573103,0.2767527675276753,1,542,1,1,1,1
1067,0564_c0008_010.jpg,564,7,-1,True,150,8550,0.5849604124566876,0.2737226277372263,1,548,1,1,1,1
1068,0564_c0008_015.jpg,564,7,-1,True,150,8550,0.5960029944017102,0.2702702702702703,1,555,1,1,1,1
1069,0564_c0008_020.jpg,564,7,-1,True,150,8550,0.6222792824907196,0.25862068965517243,1,580,1,1,1,1
1070,0566_c0001_000.jpg,566,0,-1,True,175,8550,0.34830670712520745,0.21685254027261464,1,807,1,1,1,1
1071,0566_c0001_005.jpg,566,0,-1,True,175,8550,0.3536026859278304,0.2147239263803681,1,815,1,1,1,1
1072,0566_c0001_010.jpg,566,0,-1,True,175,8550,0.3513138559556967,0.21237864077669902,1,824,1,1,1,1
1073,0566_c0001_015.jpg,566,0,-1,True,175,8550,0.3517129936503398,0.21446078431372548,1,816,1,1,1,1
1074,0566_c0001_020.jpg,566,0,-1,True,175,8550,0.35012277442822975,0.21109770808202655,1,829,1,1,1,1
1075,0566_c0002_000.jpg,566,1,-1,True,175,8550,0.2119730224029591,0.14607679465776294,22,1198,0,0,0,0
1076,0566_c0002_005.jpg,566,1,-1,True,175,8550,0.23283522477183022,0.14309076042518398,29,1223,0,0,0,0
1077,0566_c0002_010.jpg,566,1,-1,True,175,8550,0.25616794228096207,0.14792899408284024,17,1183,0,0,0,1
1078,0566_c0002_015.jpg,566,1,-1,True,175,8550,0.22562070717043323,0.1393312101910828,50,1256,0,0,0,0
1079,0566_c0002_020.jpg,566,1,-1,True,175,8550,0.2232275379321568,0.1519097222222222,28,1152,0,0,0,0
1080,0566_c0003_000.jpg,566,2,-1,True,175,8550,0.4300608699014837,0.22697795071335927,7,771,0,0,1,1
1081,0566_c0003_005.jpg,566,2,-1,True,175,8550,0.47502818856371926,0.22407170294494239,1,781,1,1,1,1
1082,0566_c0003_010.jpg,566,2,-1,True,175,8550,0.5160849465575384,0.2635542168674699,1,664,1,1,1,1
1083,0566_c0003_015.jpg,566,2,-1,True,175,8550,0.46731134112718686,0.2348993288590604,1,745,1,1,1,1
1084,0566_c0003_020.jpg,566,2,-1,True,175,8550,0.5058252277665164,0.26595744680851063,1,658,1,1,1,1
1085,0566_c0004_000.jpg,566,3,-1,True,175,8550,0.2632427582122194,0.1292466765140325,79,1354,0,0,0,0
1086,0566_c0004_005.jpg,566,3,-1,True,175,8550,0.2680942152142258,0.1257183908045977,74,1392,0,0,0,0
1087,0566_c0004_010.jpg,566,3,-1,True,175,8550,0.2878694183271153,0.12953367875647667,65,1351,0,0,0,0
1088,0566_c0004_015.jpg,566,3,-1,True,175,8550,0.29289672935640765,0.13118440779610194,32,1334,0,0,0,0
1089,0566_c0004_020.jpg,566,3,-1,True,175,8550,0.26086021191315534,0.12526843235504653,72,1397,0,0,0,0
1090,0566_c0005_000.jpg,566,4,-1,True,175,8550,0.3473785170440922,0.36231884057971014,26,483,0,0,0,0
1091,0566_c0005_005.jpg,566,4,-1,True,175,8550,0.3266191532298138,0.33783783783783783,26,518,0,0,0,0
1092,0566_c0005_010.jpg,566,4,-1,True,175,8550,0.333177770696219,0.341130604288499,26,513,0,0,0,0
1093,0566_c0005_015.jpg,566,4,-1,True,175,8550,0.3356736336210481,0.34791252485089463,26,503,0,0,0,0
1094,0566_c0005_020.jpg,566,4,-1,True,175,8550,0.3540600147656482,0.3528225806451613,26,496,0,0,0,0
1095,0566_c0006_000.jpg,566,5,-1,True,175,8550,0.41346220501881176,0.25252525252525254,1,693,1,1,1,1
1096,0566_c0006_005.jpg,566,5,-1,True,175,8550,0.3633187930629619,0.21237864077669902,1,824,1,1,1,1
1097,0566_c0006_010.jpg,566,5,-1,True,175,8550,0.3859084990886809,0.2327127659574468,2,752,0,1,1,1
1098,0566_c0006_015.jpg,566,5,-1,True,175,8550,0.41621370980758604,0.2562225475841874,1,683,1,1,1,1
1099,0566_c0006_020.jpg,566,5,-1,True,175,8550,0.37993705924742827,0.24204702627939143,1,723,1,1,1,1
1100,0566_c0007_000.jpg,566,6,-1,True,175,8550,0.4785783571595374,0.2004581901489118,2,873,0,1,1,1
1101,0566_c0007_005.jpg,566,6,-1,True,175,8550,0.4240123971636359,0.1959686450167973,14,893,0,0,0,1
1102,0566_c0007_010.jpg,566,6,-1,True,175,8550,0.4426730122982819,0.21446078431372548,23,816,0,0,0,0
1103,0566_c0007_015.jpg,566,6,-1,True,175,8550,0.388163144698772,0.1849894291754757,26,946,0,0,0,0
1104,0566_c0007_020.jpg,566,6,-1,True,175,8550,0.4472588505940863,0.19358407079646017,11,904,0,0,0,1
1105,0566_c0008_000.jpg,566,7,-1,True,175,8550,0.16150938713926785,0.14944491887275832,156,1171,0,0,0,0
1106,0566_c0008_005.jpg,566,7,-1,True,175,8550,0.16342251809531266,0.14309076042518398,117,1223,0,0,0,0
1107,0566_c0008_010.jpg,566,7,-1,True,175,8550,0.17362712095727073,0.15086206896551724,106,1160,0,0,0,0
1108,0566_c0008_015.jpg,566,7,-1,True,175,8550,0.16916613338038428,0.15652951699463327,133,1118,0,0,0,0
1109,0566_c0008_020.jpg,566,7,-1,True,175,8550,0.16623894400789804,0.1551418439716312,104,1128,0,0,0,0
1110,0568_c0001_000.jpg,568,0,-1,True,50,8550,0.6644956337985752,0.3246753246753247,1,154,1,1,1,1
1111,0568_c0001_005.jpg,568,0,-1,True,50,8550,0.6404297197599742,0.28735632183908044,1,174,1,1,1,1
1112,0568_c0001_010.jpg,568,0,-1,True,50,8550,0.6769571951174708,0.27624309392265195,1,181,1,1,1,1
1113,0568_c0001_015.jpg,568,0,-1,True,50,8550,0.6703505487903386,0.2717391304347826,1,184,1,1,1,1
1114,0568_c0001_020.jpg,568,0,-1,True,50,8550,0.678659960903724,0.2777777777777778,1,180,1,1,1,1
1115,0568_c0005_000.jpg,568,4,-1,True,50,8550,0.7794733813767507,0.22321428571428573,1,224,1,1,1,1
1116,0568_c0005_005.jpg,568,4,-1,True,50,8550,0.7141694686747683,0.2183406113537118,1,229,1,1,1,1
1117,0568_c0005_010.jpg,568,4,-1,True,50,8550,0.7428546092508443,0.21008403361344538,1,238,1,1,1,1
1118,0568_c0005_015.jpg,568,4,-1,True,50,8550,0.7751548569198399,0.20491803278688525,1,244,1,1,1,1
1119,0568_c0005_020.jpg,568,4,-1,True,50,8550,0.7592288906212236,0.228310502283105,1,219,1,1,1,1
1120,0568_c0006_000.jpg,568,5,-1,True,50,8550,0.828557931283713,0.5434782608695652,1,92,1,1,1,1
1121,0568_c0006_005.jpg,568,5,-1,True,50,8550,0.912047696537424,0.684931506849315,1,73,1,1,1,1
1122,0568_c0006_010.jpg,568,5,-1,True,50,8550,0.5134648567515401,0.6329113924050633,6,79,0,0,1,1
1123,0568_c0006_015.jpg,568,5,-1,True,50,8550,1.0,1.0,1,50,1,1,1,1
1124,0568_c0006_020.jpg,568,5,-1,True,50,8550,0.8878142094839455,0.704225352112676,1,71,1,1,1,1
1125,0570_c0001_000.jpg,570,0,-1,True,150,8550,0.43544598900383336,0.2304147465437788,11,651,0,0,0,1
1126,0570_c0001_005.jpg,570,0,-1,True,150,8550,0.46182498774368563,0.23183925811437403,4,647,0,1,1,1
1127,0570_c0001_010.jpg,570,0,-1,True,150,8550,0.39211380547447794,0.2152080344332855,23,697,0,0,0,0
1128,0570_c0001_015.jpg,570,0,-1,True,150,8550,0.4595659746933931,0.25380710659898476,21,591,0,0,0,0
1129,0570_c0001_020.jpg,570,0,-1,True,150,8550,0.42925834786845796,0.2329192546583851,14,644,0,0,0,1
1130,0570_c0002_000.jpg,570,1,-1,True,150,8550,0.6345929563656895,0.40540540540540543,1,370,1,1,1,1
1131,0570_c0002_005.jpg,570,1,-1,True,150,8550,0.6807851074494443,0.3978779840848806,1,377,1,1,1,1
1132,0570_c0002_010.jpg,570,1,-1,True,150,8550,0.6964102570771838,0.36319612590799033,1,413,1,1,1,1
1133,0570_c0002_015.jpg,570,1,-1,True,150,8550,0.6955410857710069,0.38071065989847713,1,394,1,1,1,1
1134,0570_c0002_020.jpg,570,1,-1,True,150,8550,0.6741320103471429,0.3464203233256351,1,433,1,1,1,1
1135,0570_c0004_000.jpg,570,3,-1,True,150,8550,0.5752000576143896,0.3694581280788177,1,406,1,1,1,1
1136,0570_c0004_005.jpg,570,3,-1,True,150,8550,0.6844825630103194,0.3588516746411483,1,418,1,1,1,1
1137,0570_c0004_010.jpg,570,3,-1,True,150,8550,0.6234146093287681,0.3080082135523614,1,487,1,1,1,1
1138,0570_c0004_015.jpg,570,3,-1,True,150,8550,0.6319755194518649,0.26833631484794274,1,559,1,1,1,1
1139,0570_c0004_020.jpg,570,3,-1,True,150,8550,0.527858112616875,0.20215633423180593,1,742,1,1,1,1
1140,0570_c0005_000.jpg,570,4,-1,True,150,8550,0.8748648761514711,0.4716981132075472,1,318,1,1,1,1
1141,0570_c0005_005.jpg,570,4,-1,True,150,8550,0.798655898331259,0.46439628482972134,1,323,1,1,1,1
1142,0570_c0005_010.jpg,570,4,-1,True,150,8550,0.8028441267874913,0.4702194357366771,1,319,1,1,1,1
1143,0570_c0005_015.jpg,570,4,-1,True,150,8550,0.8658935867199049,0.4672897196261682,1,321,1,1,1,1
1144,0570_c0005_020.jpg,570,4,-1,True,150,8550,0.855599307802219,0.4573170731707317,1,328,1,1,1,1
1145,0570_c0006_000.jpg,570,5,-1,True,150,8550,0.6879733899100069,0.29411764705882354,1,510,1,1,1,1
1146,0570_c0006_005.jpg,570,5,-1,True,150,8550,0.6615532102778723,0.2664298401420959,1,563,1,1,1,1
1147,0570_c0006_010.jpg,570,5,-1,True,150,8550,0.6158619184651244,0.24271844660194175,1,618,1,1,1,1
1148,0570_c0006_015.jpg,570,5,-1,True,150,8550,0.5240780800333318,0.23255813953488372,1,645,1,1,1,1
1149,0570_c0006_020.jpg,570,5,-1,True,150,8550,0.5117146958753477,0.2329192546583851,1,644,1,1,1,1
1150,0570_c0007_000.jpg,570,6,-1,True,150,8550,0.5296551008782702,0.4792332268370607,1,313,1,1,1,1
1151,0570_c0007_005.jpg,570,6,-1,True,150,8550,0.5284390641524556,0.45180722891566266,1,332,1,1,1,1
1152,0570_c0007_010.jpg,570,6,-1,True,150,8550,0.52439015109056,0.4601226993865031,1,326,1,1,1,1
1153,0570_c0007_015.jpg,570,6,-1,True,150,8550,0.5296763631871175,0.4658385093167702,1,322,1,1,1,1
1154,0570_c0007_020.jpg,570,6,-1,True,150,8550,0.5231006431622645,0.43859649122807015,1,342,1,1,1,1
1155,0570_c0008_000.jpg,570,7,-1,True,150,8550,0.5365773252084779,0.28790786948176583,1,521,1,1,1,1
1156,0570_c0008_005.jpg,570,7,-1,True,150,8550,0.5527493524472639,0.30181086519114686,1,497,1,1,1,1
1157,0570_c0008_010.jpg,570,7,-1,True,150,8550,0.5793308067841764,0.2857142857142857,1,525,1,1,1,1
1158,0570_c0008_015.jpg,570,7,-1,True,150,8550,0.6627545895663921,0.30303030303030304,1,495,1,1,1,1
1159,0570_c0008_020.jpg,570,7,-1,True,150,8550,0.6198826722040326,0.30864197530864196,1,486,1,1,1,1
1160,0572_c0001_000.jpg,572,0,-1,True,175,8550,0.5879844876732495,0.2864157119476268,1,611,1,1,1,1
1161,0572_c0001_005.jpg,572,0,-1,True,175,8550,0.5636649725752708,0.2663622526636225,1,657,1,1,1,1
1162,0572_c0001_010.jpg,572,0,-1,True,175,8550,0.634092625112945,0.33396946564885494,1,524,1,1,1,1
1163,0572_c0001_015.jpg,572,0,-1,True,175,8550,0.6321488469181663,0.33980582524271846,1,515,1,1,1,1
1164,0572_c0001_020.jpg,572,0,-1,True,175,8550,0.6017333814407771,0.3038194444444444,1,576,1,1,1,1
1165,0572_c0002_000.jpg,572,1,-1,True,175,8550,0.3771351260046458,0.1968503937007874,1,889,1,1,1,1
1166,0572_c0002_005.jpg,572,1,-1,True,175,8550,0.3087653363779896,0.1665080875356803,6,1051,0,0,1,1
1167,0572_c0002_010.jpg,572,1,-1,True,175,8550,0.48658537000558805,0.2663622526636225,1,657,1,1,1,1
1168,0572_c0002_015.jpg,572,1,-1,True,175,8550,0.47202583641314466,0.274294670846395,1,638,1,1,1,1
1169,0572_c0002_020.jpg,572,1,-1,True,175,8550,0.4698126723866501,0.2565982404692082,2,682,0,1,1,1
1170,0572_c0003_000.jpg,572,2,-1,True,175,8550,0.2827778311542007,0.25773195876288657,51,679,0,0,0,0
1171,0572_c0003_005.jpg,572,2,-1,True,175,8550,0.310924185930471,0.2596439169139466,50,674,0,0,0,0
1172,0572_c0003_010.jpg,572,2,-1,True,175,8550,0.31362433564378783,0.24441340782122906,43,716,0,0,0,0
1173,0572_c0003_015.jpg,572,2,-1,True,175,8550,0.32164800736984556,0.26435045317220546,51,662,0,0,0,0
1174,0572_c0003_020.jpg,572,2,-1,True,175,8550,0.3490714156877743,0.27602523659305994,51,634,0,0,0,0
1175,0572_c0004_000.jpg,572,3,-1,True,175,8550,0.7779434439194053,0.603448275862069,1,290,1,1,1,1
1176,0572_c0004_005.jpg,572,3,-1,True,175,8550,0.8070858175788174,0.6055363321799307,1,289,1,1,1,1
1177,0572_c0004_010.jpg,572,3,-1,True,175,8550,0.8384844045889746,0.5993150684931506,1,292,1,1,1,1
1178,0572_c0004_015.jpg,572,3,-1,True,175,8550,0.8350590821214061,0.603448275862069,1,290,1,1,1,1
1179,0572_c0004_020.jpg,572,3,-1,True,175,8550,0.900711643743977,0.5892255892255892,1,297,1,1,1,1
1180,0572_c0005_000.jpg,572,4,-1,True,175,8550,0.6094612797764299,0.37553648068669526,1,466,1,1,1,1
1181,0572_c0005_005.jpg,572,4,-1,True,175,8550,0.6683757513168159,0.42475728155339804,1,412,1,1,1,1
1182,0572_c0005_010.jpg,572,4,-1,True,175,8550,0.6815474962308078,0.43532338308457713,1,402,1,1,1,1
1183,0572_c0005_015.jpg,572,4,-1,True,175,8550,0.69027572333705,0.43532338308457713,1,402,1,1,1,1
1184,0572_c0005_020.jpg,572,4,-1,True,175,8550,0.6737334684573035,0.423728813559322,1,413,1,1,1,1
1185,0572_c0006_000.jpg,572,5,-1,True,175,8550,0.6359872571776858,0.6554307116104869,2,267,0,1,1,1
1186,0572_c0006_005.jpg,572,5,-1,True,175,8550,0.6803289729865571,0.691699604743083,1,253,1,1,1,1
1187,0572_c0006_010.jpg,572,5,-1,True,175,8550,0.6705979367738014,0.7,2,250,0,1,1,1
1188,0572_c0006_015.jpg,572,5,-1,True,175,8550,0.6999536536549638,0.7113821138211383,1,246,1,1,1,1
1189,0572_c0006_020.jpg,572,5,-1,True,175,8550,0.6772838214076132,0.6862745098039216,2,255,0,1,1,1
1190,0572_c0007_000.jpg,572,6,-1,True,175,8550,0.6705706427854764,0.2921535893155259,1,599,1,1,1,1
1191,0572_c0007_005.jpg,572,6,-1,True,175,8550,0.7031512327015315,0.3108348134991119,1,563,1,1,1,1
1192,0572_c0007_010.jpg,572,6,-1,True,175,8550,0.6693687725346942,0.2936241610738255,1,596,1,1,1,1
1193,0572_c0007_015.jpg,572,6,-1,True,175,8550,0.7045720225572455,0.36610878661087864,1,478,1,1,1,1
1194,0572_c0007_020.jpg,572,6,-1,True,175,8550,0.708329861123693,0.3684210526315789,1,475,1,1,1,1
1195,0572_c0008_000.jpg,572,7,-1,True,175,8550,0.6687155022550585,0.16908212560386474,1,1035,1,1,1,1
1196,0572_c0008_005.jpg,572,7,-1,True,175,8550,0.6741096714054967,0.18041237113402062,1,970,1,1,1,1
1197,0572_c0008_010.jpg,572,7,-1,True,175,8550,0.6556811740290382,0.16698473282442747,1,1048,1,1,1,1
1198,0572_c0008_015.jpg,572,7,-1,True,175,8550,0.6058386337413709,0.14919011082693948,1,1173,1,1,1,1
1199,0572_c0008_020.jpg,572,7,-1,True,175,8550,0.6530817066096912,0.16714422158548234,1,1047,1,1,1,1
1200,0574_c0001_000.jpg,574,0,-1,True,150,8550,0.7050130586974075,0.4297994269340974,1,349,1,1,1,1
1201,0574_c0001_005.jpg,574,0,-1,True,150,8550,0.7037907402838454,0.42134831460674155,1,356,1,1,1,1
1202,0574_c0001_010.jpg,574,0,-1,True,150,8550,0.7060192076705124,0.4132231404958678,1,363,1,1,1,1
1203,0574_c0001_015.jpg,574,0,-1,True,150,8550,0.7137480950627476,0.47770700636942676,1,314,1,1,1,1
1204,0574_c0001_020.jpg,574,0,-1,True,150,8550,0.7238422306757483,0.4098360655737705,1,366,1,1,1,1
1205,0574_c0002_000.jpg,574,1,-1,True,150,8550,0.2301044773180467,0.22796352583586627,6,658,0,0,1,1
1206,0574_c0002_005.jpg,574,1,-1,True,150,8550,0.29622238429877407,0.2717391304347826,1,552,1,1,1,1
1207,0574_c0002_010.jpg,574,1,-1,True,150,8550,0.27658497178619645,0.2727272727272727,1,550,1,1,1,1
1208,0574_c0002_015.jpg,574,1,-1,True,150,8550,0.3312386536085133,0.2830188679245283,1,530,1,1,1,1
1209,0574_c0002_020.jpg,574,1,-1,True,150,8550,0.21620820286375553,0.2626970227670753,9,571,0,0,1,1
1210,0574_c0003_000.jpg,574,2,-1,True,150,8550,0.7931301626573558,0.046353522867737945,1,3236,1,1,1,1
1211,0574_c0003_005.jpg,574,2,-1,True,150,8550,0.8022693719669824,0.046875,1,3200,1,1,1,1
1212,0574_c0003_010.jpg,574,2,-1,True,150,8550,0.7971916777441698,0.04639653572533251,1,3233,1,1,1,1
1213,0574_c0003_015.jpg,574,2,-1,True,150,8550,0.8008249991792307,0.0497677504976775,1,3014,1,1,1,1
1214,0574_c0003_020.jpg,574,2,-1,True,150,8550,0.7834343084386158,0.04709576138147567,1,3185,1,1,1,1
1215,0574_c0004_000.jpg,574,3,-1,True,150,8550,0.8166180086418154,0.09481668773704172,1,1582,1,1,1,1
1216,0574_c0004_005.jpg,574,3,-1,True,150,8550,0.8093177340749366,0.08777062609713282,1,1709,1,1,1,1
1217,0574_c0004_010.jpg,574,3,-1,True,150,8550,0.8091851042069397,0.09511731135066583,1,1577,1,1,1,1
1218,0574_c0004_015.jpg,574,3,-1,True,150,8550,0.8214135560580466,0.10638297872340426,1,1410,1,1,1,1
1219,0574_c0004_020.jpg,574,3,-1,True,150,8550,0.8381300559146755,0.14111006585136407,1,1063,1,1,1,1
1220,0574_c0005_000.jpg,574,4,-1,True,150,8550,0.691357036631546,0.27223230490018147,1,551,1,1,1,1
1221,0574_c0005_005.jpg,574,4,-1,True,150,8550,0.7126466919644613,0.2757352941176471,1,544,1,1,1,1
1222,0574_c0005_010.jpg,574,4,-1,True,150,8550,0.7016488628637592,0.2358490566037736,1,636,1,1,1,1
1223,0574_c0005_015.jpg,574,4,-1,True,150,8550,0.6124817495938034,0.18915510718789408,1,793,1,1,1,1
1224,0574_c0005_020.jpg,574,4,-1,True,150,8550,0.6300600384027757,0.1687289088863892,1,889,1,1,1,1
1225,0574_c0006_000.jpg,574,5,-1,True,150,8550,0.6473564089999919,0.45317220543806647,1,331,1,1,1,1
1226,0574_c0006_005.jpg,574,5,-1,True,150,8550,0.5966000578668753,0.4297994269340974,1,349,1,1,1,1
1227,0574_c0006_010.jpg,574,5,-1,True,150,8550,0.6420064717040455,0.42857142857142855,1,350,1,1,1,1
1228,0574_c0006_015.jpg,574,5,-1,True,150,8550,0.6332606423815347,0.42857142857142855,1,350,1,1,1,1
1229,0574_c0006_020.jpg,574,5,-1,True,150,8550,0.6966676514434577,0.42857142857142855,1,350,1,1,1,1
1230,0574_c0008_000.jpg,574,7,-1,True,150,8550,0.7470773418388506,0.19607843137254902,1,765,1,1,1,1
1231,0574_c0008_005.jpg,574,7,-1,True,150,8550,0.7128613057525683,0.19083969465648856,1,786,1,1,1,1
1232,0574_c0008_010.jpg,574,7,-1,True,150,8550,0.729641293288275,0.22255192878338279,1,674,1,1,1,1
1233,0574_c0008_015.jpg,574,7,-1,True,150,8550,0.7202413627826699,0.2097902097902098,1,715,1,1,1,1
1234,0574_c0008_020.jpg,574,7,-1,True,150,8550,0.7551027391822308,0.26595744680851063,1,564,1,1,1,1
1235,0576_c0001_000.jpg,576,0,-1,True,150,8550,0.8126739316600083,0.5050505050505051,1,297,1,1,1,1
1236,0576_c0001_005.jpg,576,0,-1,True,150,8550,0.8191282065732346,0.4966887417218543,1,302,1,1,1,1
1237,0576_c0001_010.jpg,576,0,-1,True,150,8550,0.7996079830555068,0.5,1,300,1,1,1,1
1238,0576_c0001_015.jpg,576,0,-1,True,150,8550,0.7928741214087323,0.4918032786885246,1,305,1,1,1,1
1239,0576_c0001_020.jpg,576,0,-1,True,150,8550,0.784861376478511,0.48231511254019294,1,311,1,1,1,1
1240,0576_c0002_000.jpg,576,1,-1,True,150,8550,0.4141276307722718,0.3472222222222222,26,432,0,0,0,0
1241,0576_c0002_005.jpg,576,1,-1,True,150,8550,0.3039926822919277,0.27624309392265195,28,543,0,0,0,0
1242,0576_c0002_010.jpg,576,1,-1,True,150,8550,0.30859432808011317,0.2835538752362949,21,529,0,0,0,0
1243,0576_c0002_015.jpg,576,1,-1,True,150,8550,0.33613865954003397,0.28957528957528955,24,518,0,0,0,0
1244,0576_c0002_020.jpg,576,1,-1,True,150,8550,0.44515428405788915,0.44642857142857145,19,336,0,0,0,1
1245,0576_c0003_000.jpg,576,2,-1,True,150,8550,0.8299669484839791,0.6329113924050633,1,237,1,1,1,1
1246,0576_c0003_005.jpg,576,2,-1,True,150,8550,0.8218204448774269,0.6224066390041494,1,241,1,1,1,1
1247,0576_c0003_010.jpg,576,2,-1,True,150,8550,0.8071501441017543,0.5882352941176471,1,255,1,1,1,1
1248,0576_c0003_015.jpg,576,2,-1,True,150,8550,0.8294207230192171,0.6172839506172839,1,243,1,1,1,1
1249,0576_c0003_020.jpg,576,2,-1,True,150,8550,0.8356942193654203,0.6097560975609756,1,246,1,1,1,1
1250,0576_c0004_000.jpg,576,3,-1,True,150,8550,0.7798189335329961,0.6172839506172839,1,243,1,1,1,1
1251,0576_c0004_005.jpg,576,3,-1,True,150,8550,0.8084058658818755,0.6302521008403361,1,238,1,1,1,1
1252,0576_c0004_010.jpg,576,3,-1,True,150,8550,0.8620326607269739,0.6696428571428571,1,224,1,1,1,1
1253,0576_c0004_015.jpg,576,3,-1,True,150,8550,0.80932095544834,0.6410256410256411,1,234,1,1,1,1
1254,0576_c0004_020.jpg,576,3,-1,True,150,8550,0.8224414738777729,0.6787330316742082,1,221,1,1,1,1
1255,0576_c0005_000.jpg,576,4,-1,True,150,8550,0.9413662824791977,0.75,1,200,1,1,1,1
1256,0576_c0005_005.jpg,576,4,-1,True,150,8550,0.9415891805684972,0.75,1,200,1,1,1,1
1257,0576_c0005_010.jpg,576,4,-1,True,150,8550,0.9491424747897035,0.75,1,200,1,1,1,1
1258,0576_c0005_015.jpg,576,4,-1,True,150,8550,0.9442173715861683,0.7352941176470589,1,204,1,1,1,1
1259,0576_c0005_020.jpg,576,4,-1,True,150,8550,0.951847301915991,0.75,1,200,1,1,1,1
1260,0576_c0006_000.jpg,576,5,-1,True,150,8550,0.8361102865770569,0.5791505791505791,1,259,1,1,1,1
1261,0576_c0006_005.jpg,576,5,-1,True,150,8550,0.8251879003055372,0.5769230769230769,1,260,1,1,1,1
1262,0576_c0006_010.jpg,576,5,-1,True,150,8550,0.7809062099944005,0.5660377358490566,1,265,1,1,1,1
1263,0576_c0006_015.jpg,576,5,-1,True,150,8550,0.8300378154992158,0.6787330316742082,1,221,1,1,1,1
1264,0576_c0006_020.jpg,576,5,-1,True,150,8550,0.7716455397631629,0.6818181818181818,1,220,1,1,1,1
1265,0576_c0007_000.jpg,576,6,-1,True,150,8550,0.107317986535158,0.09759271307742355,10,1537,0,0,1,1
1266,0576_c0007_005.jpg,576,6,-1,True,150,8550,0.1368758473088306,0.11476664116296863,21,1307,0,0,0,0
1267,0576_c0007_010.jpg,576,6,-1,True,150,8550,0.25167041427165526,0.1362397820163488,1,1101,1,1,1,1
1268,0576_c0007_015.jpg,576,6,-1,True,150,8550,0.20977646055769142,0.12087026591458501,1,1241,1,1,1,1
1269,0576_c0007_020.jpg,576,6,-1,True,150,8550,0.2010746912546793,0.1179245283018868,1,1272,1,1,1,1
1270,0578_c0001_000.jpg,578,0,-1,True,175,8550,0.41871384168112935,0.1744765702891326,1,1003,1,1,1,1
1271,0578_c0001_005.jpg,578,0,-1,True,175,8550,0.4244227840369409,0.1697381183317168,1,1031,1,1,1,1
1272,0578_c0001_010.jpg,578,0,-1,True,175,8550,0.39237758090094993,0.16698473282442747,1,1048,1,1,1,1
1273,0578_c0001_015.jpg,578,0,-1,True,175,8550,0.38699426399446313,0.16324626865671643,1,1072,1,1,1,1
1274,0578_c0001_020.jpg,578,0,-1,True,175,8550,0.38671006957590426,0.16462841015992474,1,1063,1,1,1,1
1275,0578_c0002_000.jpg,578,1,-1,True,175,8550,0.1824561358284397,0.0908147379346134,53,1927,0,0,0,0
1276,0578_c0002_005.jpg,578,1,-1,True,175,8550,0.2157597278651551,0.1025791324736225,22,1706,0,0,0,0
1277,0578_c0002_010.jpg,578,1,-1,True,175,8550,0.2280136928969869,0.10086455331412104,39,1735,0,0,0,0
1278,0578_c0002_015.jpg,578,1,-1,True,175,8550,0.21732547333927443,0.09689922480620156,44,1806,0,0,0,0
1279,0578_c0002_020.jpg,578,1,-1,True,175,8550,0.2219702351735544,0.09931895573212259,41,1762,0,0,0,0
1280,0578_c0003_000.jpg,578,2,-1,True,175,8550,0.6328613759106831,0.2704791344667697,1,647,1,1,1,1
1281,0578_c0003_005.jpg,578,2,-1,True,175,8550,0.6534663486856553,0.28135048231511256,1,622,1,1,1,1
1282,0578_c0003_010.jpg,578,2,-1,True,175,8550,0.6376621160265152,0.2777777777777778,1,630,1,1,1,1
1283,0578_c0003_015.jpg,578,2,-1,True,175,8550,0.6434185125481503,0.2996575342465753,1,584,1,1,1,1
1284,0578_c0003_020.jpg,578,2,-1,True,175,8550,0.6106226642136794,0.2532561505065123,1,691,1,1,1,1
1285,0578_c0004_000.jpg,578,3,-1,True,175,8550,0.35480694943927527,0.1647834274952919,1,1062,1,1,1,1
1286,0578_c0004_005.jpg,578,3,-1,True,175,8550,0.346314516626757,0.15230635335073978,1,1149,1,1,1,1
1287,0578_c0004_010.jpg,578,3,-1,True,175,8550,0.22782696923932763,0.15230635335073978,13,1149,0,0,0,1
1288,0578_c0004_015.jpg,578,3,-1,True,175,8550,0.35619313122001955,0.1773049645390071,1,987,1,1,1,1
1289,0578_c0004_020.jpg,578,3,-1,True,175,8550,0.32319423205139736,0.16447368421052633,1,1064,1,1,1,1
1290,0578_c0005_000.jpg,578,4,-1,True,175,8550,0.47787966742530313,0.15230635335073978,1,1149,1,1,1,1
1291,0578_c0005_005.jpg,578,4,-1,True,175,8550,0.4790654155589139,0.15751575157515751,1,1111,1,1,1,1
1292,0578_c0005_010.jpg,578,4,-1,True,175,8550,0.465436882149785,0.14571190674437967,1,1201,1,1,1,1
1293,0578_c0005_015.jpg,578,4,-1,True,175,8550,0.445402633083728,0.13513513513513514,1,1295,1,1,1,1
1294,0578_c0005_020.jpg,578,4,-1,True,175,8550,0.44902137395947517,0.13059701492537312,1,1340,1,1,1,1
1295,0578_c0006_000.jpg,578,5,-1,True,175,8550,0.23800720549000862,0.11482939632545931,73,1524,0,0,0,0
1296,0578_c0006_005.jpg,578,5,-1,True,175,8550,0.2117300488309234,0.1091703056768559,74,1603,0,0,0,0
1297,0578_c0006_010.jpg,578,5,-1,True,175,8550,0.2248563672635361,0.10742786985880909,76,1629,0,0,0,0
1298,0578_c0006_015.jpg,578,5,-1,True,175,8550,0.217944153851752,0.11254019292604502,75,1555,0,0,0,0
1299,0578_c0006_020.jpg,578,5,-1,True,175,8550,0.23079840633801788,0.11713520749665328,74,1494,0,0,0,0
1300,0578_c0007_000.jpg,578,6,-1,True,175,8550,0.6279480880578261,0.3854625550660793,1,454,1,1,1,1
1301,0578_c0007_005.jpg,578,6,-1,True,175,8550,0.6448773012626275,0.39863325740318906,1,439,1,1,1,1
1302,0578_c0007_010.jpg,578,6,-1,True,175,8550,0.6422603810506332,0.3796095444685466,1,461,1,1,1,1
1303,0578_c0007_015.jpg,578,6,-1,True,175,8550,0.6389090395078614,0.3897550111358575,1,449,1,1,1,1
1304,0578_c0007_020.jpg,578,6,-1,True,175,8550,0.6454291766285954,0.4032258064516129,1,434,1,1,1,1
1305,0578_c0008_000.jpg,578,7,-1,True,175,8550,0.3425246735383634,0.12544802867383512,22,1395,0,0,0,0
1306,0578_c0008_005.jpg,578,7,-1,True,175,8550,0.34301639530018024,0.12580877066858376,21,1391,0,0,0,0
1307,0578_c0008_010.jpg,578,7,-1,True,175,8550,0.353768875445811,0.132375189107413,17,1322,0,0,0,1
1308,0578_c0008_015.jpg,578,7,-1,True,175,8550,0.35578756131568584,0.12886597938144329,20,1358,0,0,0,1
1309,0578_c0008_020.jpg,578,7,-1,True,175,8550,0.3620390683877862,0.13167795334838225,9,1329,0,0,1,1
1310,0580_c0001_000.jpg,580,0,-1,True,175,8550,0.27824357147881806,0.2514367816091954,26,696,0,0,0,0
1311,0580_c0001_005.jpg,580,0,-1,True,175,8550,0.2835540264572612,0.2700617283950617,26,648,0,0,0,0
1312,0580_c0001_010.jpg,580,0,-1,True,175,8550,0.27627583616912343,0.27472527472527475,26,637,0,0,0,0
1313,0580_c0001_015.jpg,580,0,-1,True,175,8550,0.2774558309375439,0.26676829268292684,21,656,0,0,0,0
1314,0580_c0001_020.jpg,580,0,-1,True,175,8550,0.28912376125939115,0.26515151515151514,26,660,0,0,0,0
1315,0580_c0002_000.jpg,580,1,-1,True,175,8550,0.11721334232437491,0.11697860962566844,81,1496,0,0,0,0
1316,0580_c0002_005.jpg,580,1,-1,True,175,8550,0.19332008373546541,0.18248175182481752,10,959,0,0,1,1
1317,0580_c0002_010.jpg,580,1,-1,True,175,8550,0.23979687698066762,0.176056338028169,1,994,1,1,1,1
1318,0580_c0002_015.jpg,580,1,-1,True,175,8550,0.281838163746387,0.19337016574585636,1,905,1,1,1,1
1319,0580_c0002_020.jpg,580,1,-1,True,175,8550,0.305999382406051,0.18078512396694216,1,968,1,1,1,1
1320,0580_c0003_000.jpg,580,2,-1,True,175,8550,0.5910795207324998,0.24509803921568626,1,714,1,1,1,1
1321,0580_c0003_005.jpg,580,2,-1,True,175,8550,0.5724115490255688,0.1893939393939394,1,924,1,1,1,1
1322,0580_c0003_010.jpg,580,2,-1,True,175,8550,0.5348770806430682,0.16634980988593157,1,1052,1,1,1,1
1323,0580_c0003_015.jpg,580,2,-1,True,175,8550,0.5388666171974758,0.1724137931034483,1,1015,1,1,1,1
1324,0580_c0003_020.jpg,580,2,-1,True,175,8550,0.4715616452548764,0.14668901927912825,1,1193,1,1,1,1
1325,0580_c0004_000.jpg,580,3,-1,True,175,8550,0.6038906825909943,0.3668763102725367,1,477,1,1,1,1
1326,0580_c0004_005.jpg,580,3,-1,True,175,8550,0.5787664214717155,0.31992687385740404,1,547,1,1,1,1
1327,0580_c0004_010.jpg,580,3,-1,True,175,8550,0.5905884628842281,0.3796095444685466,1,461,1,1,1,1
1328,0580_c0004_015.jpg,580,3,-1,True,175,8550,0.58084713834948,0.3779697624190065,1,463,1,1,1,1
1329,0580_c0004_020.jpg,580,3,-1,True,175,8550,0.5332836257907495,0.36082474226804123,20,485,0,0,0,1
1330,0580_c0005_000.jpg,580,4,-1,True,175,8550,0.28799098437494886,0.20908004778972522,1,837,1,1,1,1
1331,0580_c0005_005.jpg,580,4,-1,True,175,8550,0.31428342457711966,0.20833333333333334,1,840,1,1,1,1
1332,0580_c0005_010.jpg,580,4,-1,True,175,8550,0.2901430854882517,0.20207852193995382,1,866,1,1,1,1
1333,0580_c0005_015.jpg,580,4,-1,True,175,8550,0.2907790775796928,0.21367521367521367,1,819,1,1,1,1
1334,0580_c0005_020.jpg,580,4,-1,True,175,8550,0.3101319916275892,0.20161290322580644,1,868,1,1,1,1
1335,0580_c0006_000.jpg,580,5,-1,True,175,8550,0.405495390148506,0.22435897435897437,26,780,0,0,0,0
1336,0580_c0006_005.jpg,580,5,-1,True,175,8550,0.42908092916673957,0.22435897435897437,26,780,0,0,0,0
1337,0580_c0006_010.jpg,580,5,-1,True,175,8550,0.40330850015371894,0.22040302267002518,26,794,0,0,0,0
1338,0580_c0006_015.jpg,580,5,-1,True,175,8550,0.40143011716918686,0.22845953002610966,26,766,0,0,0,0
1339,0580_c0006_020.jpg,580,5,-1,True,175,8550,0.292908572339558,0.16279069767441862,84,1075,0,0,0,0
1340,0580_c0007_000.jpg,580,6,-1,True,175,8550,0.5638376432401839,0.3593429158110883,26,487,0,0,0,0
1341,0580_c0007_005.jpg,580,6,-1,True,175,8550,0.5597229008587685,0.36610878661087864,26,478,0,0,0,0
1342,0580_c0007_010.jpg,580,6,-1,True,175,8550,0.5565486563785451,0.38293216630196936,26,457,0,0,0,0
1343,0580_c0007_015.jpg,580,6,-1,True,175,8550,0.5595345784105766,0.3779697624190065,26,463,0,0,0,0
1344,0580_c0007_020.jpg,580,6,-1,True,175,8550,0.5524283860072622,0.3897550111358575,26,449,0,0,0,0
1345,0580_c0008_000.jpg,580,7,-1,True,175,8550,0.6485890117521345,0.39503386004514673,2,443,0,1,1,1
1346,0580_c0008_005.jpg,580,7,-1,True,175,8550,0.6540850636873238,0.4032258064516129,1,434,1,1,1,1
1347,0580_c0008_010.jpg,580,7,-1,True,175,8550,0.6647986086694787,0.390625,1,448,1,1,1,1
1348,0580_c0008_015.jpg,580,7,-1,True,175,8550,0.6821230513552509,0.39414414414414417,1,444,1,1,1,1
1349,0580_c0008_020.jpg,580,7,-1,True,175,8550,0.6851328461234278,0.3779697624190065,1,463,1,1,1,1
1350,0582_c0001_000.jpg,582,0,-1,True,175,8550,0.5072549088753949,0.14285714285714285,1,1225,1,1,1,1
1351,0582_c0001_005.jpg,582,0,-1,True,175,8550,0.4815661088115946,0.14632107023411373,1,1196,1,1,1,1
1352,0582_c0001_010.jpg,582,0,-1,True,175,8550,0.5151404413670214,0.14391447368421054,1,1216,1,1,1,1
1353,0582_c0001_015.jpg,582,0,-1,True,175,8550,0.5322764609610873,0.18059855521155832,1,969,1,1,1,1
1354,0582_c0001_020.jpg,582,0,-1,True,175,8550,0.5002200441278328,0.16587677725118483,1,1055,1,1,1,1
1355,0582_c0002_000.jpg,582,1,-1,True,175,8550,0.1431083198224295,0.09474824038982133,5,1847,0,1,1,1
1356,0582_c0002_005.jpg,582,1,-1,True,175,8550,0.1151750149979743,0.10186263096623982,8,1718,0,0,1,1
1357,0582_c0002_010.jpg,582,1,-1,True,175,8550,0.21397460455919495,0.0971682398667407,1,1801,1,1,1,1
1358,0582_c0002_015.jpg,582,1,-1,True,175,8550,0.184789239142764,0.10385756676557864,1,1685,1,1,1,1
1359,0582_c0002_020.jpg,582,1,-1,True,175,8550,0.1607468021842241,0.10348905972797161,2,1691,0,1,1,1
1360,0582_c0003_000.jpg,582,2,-1,True,175,8550,0.06383837478696477,0.06281407035175879,484,2786,0,0,0,0
1361,0582_c0003_005.jpg,582,2,-1,True,175,8550,0.05955003490765742,0.05970658478335039,473,2931,0,0,0,0
1362,0582_c0003_010.jpg,582,2,-1,True,175,8550,0.05933622424981596,0.059726962457337884,463,2930,0,0,0,0
1363,0582_c0003_015.jpg,582,2,-1,True,175,8550,0.0580159036205366,0.059993143640726776,419,2917,0,0,0,0
1364,0582_c0003_020.jpg,582,2,-1,True,175,8550,0.06602742099682866,0.06335988414192614,361,2762,0,0,0,0
1365,0582_c0004_000.jpg,582,3,-1,True,175,8550,0.2554483681254037,0.12358757062146893,14,1416,0,0,0,1
1366,0582_c0004_005.jpg,582,3,-1,True,175,8550,0.2916114412615655,0.1393312101910828,1,1256,1,1,1,1
1367,0582_c0004_010.jpg,582,3,-1,True,175,8550,0.26775594886452,0.14158576051779936,6,1236,0,0,1,1
1368,0582_c0004_015.jpg,582,3,-1,True,175,8550,0.2854610867804709,0.15765765765765766,6,1110,0,0,1,1
1369,0582_c0004_020.jpg,582,3,-1,True,175,8550,0.3104628094314983,0.16540642722117202,1,1058,1,1,1,1
1370,0582_c0005_000.jpg,582,4,-1,True,175,8550,0.37559658508735944,0.13217522658610273,26,1324,0,0,0,0
1371,0582_c0005_005.jpg,582,4,-1,True,175,8550,0.36162603864063375,0.1388888888888889,26,1260,0,0,0,0
1372,0582_c0005_010.jpg,582,4,-1,True,175,8550,0.3659710738082318,0.15404929577464788,26,1136,0,0,0,0
1373,0582_c0005_015.jpg,582,4,-1,True,175,8550,0.3470936958803045,0.13693270735524257,24,1278,0,0,0,0
1374,0582_c0005_020.jpg,582,4,-1,True,175,8550,0.3351703904777962,0.14101531023368252,21,1241,0,0,0,0
1375,0582_c0006_000.jpg,582,5,-1,True,175,8550,0.3790577712077073,0.1437962202136401,29,1217,0,0,0,0
1376,0582_c0006_005.jpg,582,5,-1,True,175,8550,0.2683605137128437,0.11261261261261261,54,1554,0,0,0,0
1377,0582_c0006_010.jpg,582,5,-1,True,175,8550,0.26984721942640383,0.1300148588410104,45,1346,0,0,0,0
1378,0582_c0006_015.jpg,582,5,-1,True,175,8550,0.33671257513227104,0.1946607341490545,29,899,0,0,0,0
1379,0582_c0006_020.jpg,582,5,-1,True,175,8550,0.32706247274515265,0.12411347517730496,44,1410,0,0,0,0
1380,0582_c0007_000.jpg,582,6,-1,True,175,8550,0.3810978925182792,0.25510204081632654,1,686,1,1,1,1
1381,0582_c0007_005.jpg,582,6,-1,True,175,8550,0.3928429285579273,0.26435045317220546,1,662,1,1,1,1
1382,0582_c0007_010.jpg,582,6,-1,True,175,8550,0.38802488565500604,0.2604166666666667,1,672,1,1,1,1
1383,0582_c0007_015.jpg,582,6,-1,True,175,8550,0.38524033278033,0.26555386949924126,1,659,1,1,1,1
1384,0582_c0007_020.jpg,582,6,-1,True,175,8550,0.3693520739899713,0.2514367816091954,1,696,1,1,1,1
1385,0582_c0008_000.jpg,582,7,-1,True,175,8550,0.23900043379957311,0.15297202797202797,9,1144,0,0,1,1
1386,0582_c0008_005.jpg,582,7,-1,True,175,8550,0.26072416473961924,0.15297202797202797,5,1144,0,1,1,1
1387,0582_c0008_010.jpg,582,7,-1,True,175,8550,0.23619522676419868,0.15350877192982457,8,1140,0,0,1,1
1388,0582_c0008_015.jpg,582,7,-1,True,175,8550,0.2634137366250727,0.16084558823529413,24,1088,0,0,0,0
1389,0582_c0008_020.jpg,582,7,-1,True,175,8550,0.26712441310852864,0.15459363957597172,8,1132,0,0,1,1
1390,0584_c0001_000.jpg,584,0,-1,True,175,8550,0.6732393838640826,0.22095959595959597,1,792,1,1,1,1
1391,0584_c0001_005.jpg,584,0,-1,True,175,8550,0.6756229527265176,0.23777173913043478,1,736,1,1,1,1
1392,0584_c0001_010.jpg,584,0,-1,True,175,8550,0.6425473842821549,0.21875,1,800,1,1,1,1
1393,0584_c0001_015.jpg,584,0,-1,True,175,8550,0.6441568393862667,0.21341463414634146,1,820,1,1,1,1
1394,0584_c0001_020.jpg,584,0,-1,True,175,8550,0.6627155846250639,0.21367521367521367,1,819,1,1,1,1
1395,0584_c0002_000.jpg,584,1,-1,True,175,8550,0.6945766803841082,0.5177514792899408,1,338,1,1,1,1
1396,0584_c0002_005.jpg,584,1,-1,True,175,8550,0.6901197845980511,0.4679144385026738,1,374,1,1,1,1
1397,0584_c0002_010.jpg,584,1,-1,True,175,8550,0.6055115479343921,0.39414414414414417,1,444,1,1,1,1
1398,0584_c0002_015.jpg,584,1,-1,True,175,8550,0.6654692463307494,0.46296296296296297,1,378,1,1,1,1
1399,0584_c0002_020.jpg,584,1,-1,True,175,8550,0.6396822384631637,0.4605263157894737,1,380,1,1,1,1
1400,0584_c0003_000.jpg,584,2,-1,True,175,8550,0.8448643720647955,0.5335365853658537,1,328,1,1,1,1
1401,0584_c0003_005.jpg,584,2,-1,True,175,8550,0.829033299074189,0.5952380952380952,1,294,1,1,1,1
1402,0584_c0003_010.jpg,584,2,-1,True,175,8550,0.8231803953283465,0.54858934169279,1,319,1,1,1,1
1403,0584_c0003_015.jpg,584,2,-1,True,175,8550,0.8204229700039107,0.5663430420711975,1,309,1,1,1,1
1404,0584_c0003_020.jpg,584,2,-1,True,175,8550,0.841183984431386,0.4820936639118457,1,363,1,1,1,1
1405,0584_c0004_000.jpg,584,3,-1,True,175,8550,0.7115763989401397,0.20588235294117646,1,850,1,1,1,1
1406,0584_c0004_005.jpg,584,3,-1,True,175,8550,0.7247627452774182,0.2141982864137087,1,817,1,1,1,1
1407,0584_c0004_010.jpg,584,3,-1,True,175,8550,0.7141577323409164,0.20734597156398105,1,844,1,1,1,1
1408,0584_c0004_015.jpg,584,3,-1,True,175,8550,0.7213014387834981,0.21658415841584158,1,808,1,1,1,1
1409,0584_c0004_020.jpg,584,3,-1,True,175,8550,0.717998352043243,0.21084337349397592,1,830,1,1,1,1
1410,0584_c0005_000.jpg,584,4,-1,True,175,8550,0.8430608506281827,0.42892156862745096,1,408,1,1,1,1
1411,0584_c0005_005.jpg,584,4,-1,True,175,8550,0.8363091871143602,0.44191919191919193,1,396,1,1,1,1
1412,0584_c0005_010.jpg,584,4,-1,True,175,8550,0.8247031128289852,0.45103092783505155,1,388,1,1,1,1
1413,0584_c0005_015.jpg,584,4,-1,True,175,8550,0.8280904901378195,0.46296296296296297,1,378,1,1,1,1
1414,0584_c0005_020.jpg,584,4,-1,True,175,8550,0.837243515230616,0.49157303370786515,1,356,1,1,1,1
1415,0584_c0006_000.jpg,584,5,-1,True,175,8550,0.7598738290608604,0.1674641148325359,1,1045,1,1,1,1
1416,0584_c0006_005.jpg,584,5,-1,True,175,8550,0.7690472225177333,0.1800411522633745,1,972,1,1,1,1
1417,0584_c0006_010.jpg,584,5,-1,True,175,8550,0.7794501350744005,0.18382352941176472,1,952,1,1,1,1
1418,0584_c0006_015.jpg,584,5,-1,True,175,8550,0.7686655837513061,0.17641129032258066,1,992,1,1,1,1
1419,0584_c0006_020.jpg,584,5,-1,True,175,8550,0.7682305659772612,0.1757028112449799,1,996,1,1,1,1
1420,0584_c0007_000.jpg,584,6,-1,True,175,8550,0.2698389152295169,0.11713520749665328,18,1494,0,0,0,1
1421,0584_c0007_005.jpg,584,6,-1,True,175,8550,0.2896531915285048,0.11566424322538003,1,1513,1,1,1,1
1422,0584_c0007_010.jpg,584,6,-1,True,175,8550,0.267404119029419,0.12254901960784313,35,1428,0,0,0,0
1423,0584_c0007_015.jpg,584,6,-1,True,175,8550,0.2711417988946856,0.12662807525325614,35,1382,0,0,0,0
1424,0584_c0007_020.jpg,584,6,-1,True,175,8550,0.50536763303189,0.17224409448818898,1,1016,1,1,1,1
1425,0584_c0008_000.jpg,584,7,-1,True,175,8550,0.7268682163078158,0.35353535353535354,1,495,1,1,1,1
1426,0584_c0008_005.jpg,584,7,-1,True,175,8550,0.7331442885074901,0.3707627118644068,1,472,1,1,1,1
1427,0584_c0008_010.jpg,584,7,-1,True,175,8550,0.6784473979910645,0.35070140280561124,1,499,1,1,1,1
1428,0584_c0008_015.jpg,584,7,-1,True,175,8550,0.6864982841173674,0.33653846153846156,1,520,1,1,1,1
1429,0584_c0008_020.jpg,584,7,-1,True,175,8550,0.5930447594492534,0.33524904214559387,1,522,1,1,1,1
1430,0586_c0001_000.jpg,586,0,-1,True,175,8550,0.980975016068742,0.875,1,200,1,1,1,1
1431,0586_c0001_005.jpg,586,0,-1,True,175,8550,0.980975016068742,0.875,1,200,1,1,1,1
1432,0586_c0001_010.jpg,586,0,-1,True,175,8550,0.9791145167672038,0.8536585365853658,1,205,1,1,1,1
1433,0586_c0001_015.jpg,586,0,-1,True,175,8550,0.979916404072154,0.8578431372549019,1,204,1,1,1,1
1434,0586_c0001_020.jpg,586,0,-1,True,175,8550,0.9805493383299562,0.8578431372549019,1,204,1,1,1,1
1435,0586_c0002_000.jpg,586,1,-1,True,175,8550,0.5552743447084024,0.22264631043256997,1,786,1,1,1,1
1436,0586_c0002_005.jpg,586,1,-1,True,175,8550,0.6270552898135267,0.24475524475524477,1,715,1,1,1,1
1437,0586_c0002_010.jpg,586,1,-1,True,175,8550,0.6114088091766396,0.23809523809523808,1,735,1,1,1,1
1438,0586_c0002_015.jpg,586,1,-1,True,175,8550,0.7454408859463962,0.28,1,625,1,1,1,1
1439,0586_c0002_020.jpg,586,1,-1,True,175,8550,0.7181813409208342,0.2840909090909091,1,616,1,1,1,1
1440,0586_c0003_000.jpg,586,2,-1,True,175,8550,0.7424994888415015,0.2635542168674699,1,664,1,1,1,1
1441,0586_c0003_005.jpg,586,2,-1,True,175,8550,0.7404804092264207,0.2679938744257274,1,653,1,1,1,1
1442,0586_c0003_010.jpg,586,2,-1,True,175,8550,0.745059089106567,0.26717557251908397,1,655,1,1,1,1
1443,0586_c0003_015.jpg,586,2,-1,True,175,8550,0.7596358771931984,0.277337559429477,1,631,1,1,1,1
1444,0586_c0003_020.jpg,586,2,-1,True,175,8550,0.7588370791236383,0.28135048231511256,1,622,1,1,1,1
1445,0586_c0004_000.jpg,586,3,-1,True,175,8550,0.8026444726327897,0.2961082910321489,1,591,1,1,1,1
1446,0586_c0004_005.jpg,586,3,-1,True,175,8550,0.8098296465209861,0.30017152658662094,1,583,1,1,1,1
1447,0586_c0004_010.jpg,586,3,-1,True,175,8550,0.8082172338453022,0.3054101221640489,1,573,1,1,1,1
1448,0586_c0004_015.jpg,586,3,-1,True,175,8550,0.81325324753442,0.3054101221640489,1,573,1,1,1,1
1449,0586_c0004_020.jpg,586,3,-1,True,175,8550,0.8163782598029081,0.3048780487804878,1,574,1,1,1,1
1450,0586_c0005_000.jpg,586,4,-1,True,175,8550,0.9277681148786384,0.43640897755610975,1,401,1,1,1,1
1451,0586_c0005_005.jpg,586,4,-1,True,175,8550,0.9310894872649299,0.4396984924623116,1,398,1,1,1,1
1452,0586_c0005_010.jpg,586,4,-1,True,175,8550,0.9321656361781342,0.46419098143236076,1,377,1,1,1,1
1453,0586_c0005_015.jpg,586,4,-1,True,175,8550,0.9267076849405768,0.43316831683168316,1,404,1,1,1,1
1454,0586_c0005_020.jpg,586,4,-1,True,175,8550,0.9250850930371829,0.4278728606356968,1,409,1,1,1,1
1455,0586_c0006_000.jpg,586,5,-1,True,175,8550,0.8357456406017468,0.3699788583509514,1,473,1,1,1,1
1456,0586_c0006_005.jpg,586,5,-1,True,175,8550,0.8458869899672455,0.40229885057471265,1,435,1,1,1,1
1457,0586_c0006_010.jpg,586,5,-1,True,175,8550,0.8723641796673555,0.4375,1,400,1,1,1,1
1458,0586_c0006_015.jpg,586,5,-1,True,175,8550,0.8654643829810803,0.43316831683168316,1,404,1,1,1,1
1459,0586_c0006_020.jpg,586,5,-1,True,175,8550,0.8477657188853943,0.4117647058823529,1,425,1,1,1,1
1460,0586_c0007_000.jpg,586,6,-1,True,175,8550,0.9941488651852349,0.9114583333333334,1,192,1,1,1,1
1461,0586_c0007_005.jpg,586,6,-1,True,175,8550,0.9918869660572159,0.8883248730964467,1,197,1,1,1,1
1462,0586_c0007_010.jpg,586,6,-1,True,175,8550,0.9950559085072218,0.9259259259259259,1,189,1,1,1,1
1463,0586_c0007_015.jpg,586,6,-1,True,175,8550,0.9915443451935266,0.8793969849246231,1,199,1,1,1,1
1464,0586_c0007_020.jpg,586,6,-1,True,175,8550,0.9986173731537802,0.9668508287292817,1,181,1,1,1,1
1465,0586_c0008_000.jpg,586,7,-1,True,175,8550,0.9478086865573162,0.4820936639118457,1,363,1,1,1,1
1466,0586_c0008_005.jpg,586,7,-1,True,175,8550,0.9559410284099081,0.6227758007117438,1,281,1,1,1,1
1467,0586_c0008_010.jpg,586,7,-1,True,175,8550,0.9488244789155972,0.5287009063444109,1,331,1,1,1,1
1468,0586_c0008_015.jpg,586,7,-1,True,175,8550,0.9537655451385523,0.5972696245733788,1,293,1,1,1,1
1469,0586_c0008_020.jpg,586,7,-1,True,175,8550,0.9622824180002671,0.7,1,250,1,1,1,1
1470,0588_c0001_000.jpg,588,0,-1,True,175,8550,0.34791151672642573,0.341796875,22,512,0,0,0,0
1471,0588_c0001_005.jpg,588,0,-1,True,175,8550,0.344658571811303,0.34930139720558884,12,501,0,0,0,1
1472,0588_c0001_010.jpg,588,0,-1,True,175,8550,0.3543925877901857,0.36082474226804123,11,485,0,0,0,1
1473,0588_c0001_015.jpg,588,0,-1,True,175,8550,0.36491148764580955,0.3472222222222222,4,504,0,1,1,1
1474,0588_c0001_020.jpg,588,0,-1,True,175,8550,0.3413784742882428,0.33589251439539347,7,521,0,0,1,1
1475,0588_c0002_000.jpg,588,1,-1,True,175,8550,0.2899985530353728,0.1906318082788671,39,918,0,0,0,0
1476,0588_c0002_005.jpg,588,1,-1,True,175,8550,0.304543441201679,0.19886363636363635,28,880,0,0,0,0
1477,0588_c0002_010.jpg,588,1,-1,True,175,8550,0.31287678295071925,0.20396270396270397,28,858,0,0,0,0
1478,0588_c0002_015.jpg,588,1,-1,True,175,8550,0.3119798240416722,0.20908004778972522,26,837,0,0,0,0
1479,0588_c0002_020.jpg,588,1,-1,True,175,8550,0.3320578925737271,0.20783847980997625,26,842,0,0,0,0
1480,0588_c0003_000.jpg,588,2,-1,True,175,8550,0.3298673844715559,0.3048780487804878,34,574,0,0,0,0
1481,0588_c0003_005.jpg,588,2,-1,True,175,8550,0.35217660768671194,0.3113879003558719,23,562,0,0,0,0
1482,0588_c0003_010.jpg,588,2,-1,True,175,8550,0.3309566293061185,0.3113879003558719,20,562,0,0,0,1
1483,0588_c0003_015.jpg,588,2,-1,True,175,8550,0.3279679635952742,0.3113879003558719,26,562,0,0,0,0
1484,0588_c0003_020.jpg,588,2,-1,True,175,8550,0.3235298700983891,0.3064798598949212,25,571,0,0,0,0
1485,0588_c0004_000.jpg,588,3,-1,True,175,8550,0.4046571442695598,0.20734597156398105,1,844,1,1,1,1
1486,0588_c0004_005.jpg,588,3,-1,True,175,8550,0.4061960535293888,0.21058965102286403,1,831,1,1,1,1
1487,0588_c0004_010.jpg,588,3,-1,True,175,8550,0.42362935090005366,0.2141982864137087,1,817,1,1,1,1
1488,0588_c0004_015.jpg,588,3,-1,True,175,8550,0.4013039581806656,0.2184769038701623,1,801,1,1,1,1
1489,0588_c0004_020.jpg,588,3,-1,True,175,8550,0.4251541363494698,0.22068095838587642,1,793,1,1,1,1
1490,0588_c0005_000.jpg,588,4,-1,True,175,8550,0.7402183269253919,0.4268292682926829,1,410,1,1,1,1
1491,0588_c0005_005.jpg,588,4,-1,True,175,8550,0.7611572485148151,0.4156769596199525,1,421,1,1,1,1
1492,0588_c0005_010.jpg,588,4,-1,True,175,8550,0.725020273771769,0.41866028708133973,1,418,1,1,1,1
1493,0588_c0005_015.jpg,588,4,-1,True,175,8550,0.7328166969532528,0.40229885057471265,1,435,1,1,1,1
1494,0588_c0005_020.jpg,588,4,-1,True,175,8550,0.7244772973848975,0.4060324825986079,1,431,1,1,1,1
1495,0588_c0006_000.jpg,588,5,-1,True,175,8550,0.5842261744255912,0.28317152103559873,1,618,1,1,1,1
1496,0588_c0006_005.jpg,588,5,-1,True,175,8550,0.6225315552226125,0.30755711775043937,1,569,1,1,1,1
1497,0588_c0006_010.jpg,588,5,-1,True,175,8550,0.6487324460176775,0.3176043557168784,1,551,1,1,1,1
1498,0588_c0006_015.jpg,588,5,-1,True,175,8550,0.6510463415743075,0.3147482014388489,1,556,1,1,1,1
1499,0588_c0006_020.jpg,588,5,-1,True,175,8550,0.6423421748442102,0.3022452504317789,1,579,1,1,1,1
1500,0588_c0007_000.jpg,588,6,-1,True,175,8550,0.6699715559547849,0.390625,1,448,1,1,1,1
1501,0588_c0007_005.jpg,588,6,-1,True,175,8550,0.6698616028239381,0.3995433789954338,1,438,1,1,1,1
1502,0588_c0007_010.jpg,588,6,-1,True,175,8550,0.5887034563255878,0.36610878661087864,1,478,1,1,1,1
1503,0588_c0007_015.jpg,588,6,-1,True,175,8550,0.6629283772105674,0.3787878787878788,1,462,1,1,1,1
1504,0588_c0007_020.jpg,588,6,-1,True,175,8550,0.6635555498297561,0.39592760180995473,1,442,1,1,1,1
1505,0588_c0008_000.jpg,588,7,-1,True,175,8550,0.5471816656312334,0.3022452504317789,1,579,1,1,1,1
1506,0588_c0008_005.jpg,588,7,-1,True,175,8550,0.5371015448356778,0.2931323283082077,1,597,1,1,1,1
1507,0588_c0008_010.jpg,588,7,-1,True,175,8550,0.644205926069393,0.32710280373831774,1,535,1,1,1,1
1508,0588_c0008_015.jpg,588,7,-1,True,175,8550,0.6243865177316437,0.3006872852233677,1,582,1,1,1,1
1509,0588_c0008_020.jpg,588,7,-1,True,175,8550,0.560905866645618,0.28363047001620745,1,617,1,1,1,1
1510,0590_c0001_000.jpg,590,0,-1,True,150,8550,0.2743478610709789,0.19230769230769232,97,780,0,0,0,0
1511,0590_c0001_005.jpg,590,0,-1,True,150,8550,0.26590625066861817,0.176056338028169,82,852,0,0,0,0
1512,0590_c0001_010.jpg,590,0,-1,True,150,8550,0.28752845482586903,0.2332814930015552,78,643,0,0,0,0
1513,0590_c0001_015.jpg,590,0,-1,True,150,8550,0.2791651447581803,0.26785714285714285,59,560,0,0,0,0
1514,0590_c0001_020.jpg,590,0,-1,True,150,8550,0.34582498628666786,0.38071065989847713,26,394,0,0,0,0
1515,0590_c0002_000.jpg,590,1,-1,True,150,8550,0.4815034440907355,0.4658385093167702,42,322,0,0,0,0
1516,0590_c0002_005.jpg,590,1,-1,True,150,8550,0.47375853644190036,0.42735042735042733,51,351,0,0,0,0
1517,0590_c0002_010.jpg,590,1,-1,True,150,8550,0.4821146860064302,0.4658385093167702,47,322,0,0,0,0
1518,0590_c0002_015.jpg,590,1,-1,True,150,8550,0.47993217530063703,0.4601226993865031,46,326,0,0,0,0
1519,0590_c0002_020.jpg,590,1,-1,True,150,8550,0.4661840065683566,0.39473684210526316,51,380,0,0,0,0
1520,0590_c0004_000.jpg,590,3,-1,True,150,8550,0.3609107643026688,0.16198704103671707,51,926,0,0,0,0
1521,0590_c0004_005.jpg,590,3,-1,True,150,8550,0.35543846719100364,0.16129032258064516,51,930,0,0,0,0
1522,0590_c0004_010.jpg,590,3,-1,True,150,8550,0.3644468842550057,0.16411378555798686,52,914,0,0,0,0
1523,0590_c0004_015.jpg,590,3,-1,True,150,8550,0.3388862738831479,0.1359927470534905,54,1103,0,0,0,0
1524,0590_c0004_020.jpg,590,3,-1,True,150,8550,0.3463891531730449,0.14299332697807435,53,1049,0,0,0,0
1525,0590_c0005_000.jpg,590,4,-1,True,150,8550,0.7143368121380197,0.5928853754940712,1,253,1,1,1,1
1526,0590_c0005_005.jpg,590,4,-1,True,150,8550,0.6672155277295346,0.40431266846361186,1,371,1,1,1,1
1527,0590_c0005_010.jpg,590,4,-1,True,150,8550,0.6650560112952864,0.4983388704318937,1,301,1,1,1,1
1528,0590_c0005_015.jpg,590,4,-1,True,150,8550,0.6776981180331486,0.48231511254019294,1,311,1,1,1,1
1529,0590_c0005_020.jpg,590,4,-1,True,150,8550,0.666873095969338,0.45045045045045046,1,333,1,1,1,1
1530,0590_c0006_000.jpg,590,5,-1,True,150,8550,0.6948656583857956,0.4,1,375,1,1,1,1
1531,0590_c0006_005.jpg,590,5,-1,True,150,8550,0.6862724680415845,0.375,1,400,1,1,1,1
1532,0590_c0006_010.jpg,590,5,-1,True,150,8550,0.6808364510561595,0.39267015706806285,1,382,1,1,1,1
1533,0590_c0006_015.jpg,590,5,-1,True,150,8550,0.7121596913318771,0.41899441340782123,1,358,1,1,1,1
1534,0590_c0006_020.jpg,590,5,-1,True,150,8550,0.711281261100043,0.45317220543806647,1,331,1,1,1,1
1535,0590_c0007_000.jpg,590,6,-1,True,150,8550,0.7553875188409443,0.297029702970297,1,505,1,1,1,1
1536,0590_c0007_005.jpg,590,6,-1,True,150,8550,0.7383319959684167,0.29411764705882354,1,510,1,1,1,1
1537,0590_c0007_010.jpg,590,6,-1,True,150,8550,0.7339627113855879,0.2901353965183752,1,517,1,1,1,1
1538,0590_c0007_015.jpg,590,6,-1,True,150,8550,0.740222435748496,0.29296875,1,512,1,1,1,1
1539,0590_c0007_020.jpg,590,6,-1,True,150,8550,0.7225809586105185,0.29469548133595286,1,509,1,1,1,1
1540,0590_c0008_000.jpg,590,7,-1,True,150,8550,0.5672465471004489,0.34965034965034963,1,429,1,1,1,1
1541,0590_c0008_005.jpg,590,7,-1,True,150,8550,0.5627170087512445,0.35545023696682465,1,422,1,1,1,1
1542,0590_c0008_010.jpg,590,7,-1,True,150,8550,0.5367271240274054,0.3605769230769231,1,416,1,1,1,1
1543,0590_c0008_015.jpg,590,7,-1,True,150,8550,0.5657061685456479,0.35046728971962615,1,428,1,1,1,1
1544,0590_c0008_020.jpg,590,7,-1,True,150,8550,0.5700841954813527,0.3480278422273782,1,431,1,1,1,1
1545,0592_c0001_000.jpg,592,0,-1,True,125,8550,0.4117477328033978,0.2598752598752599,1,481,1,1,1,1
1546,0592_c0001_005.jpg,592,0,-1,True,125,8550,0.39219681783648347,0.22851919561243145,1,547,1,1,1,1
1547,0592_c0001_010.jpg,592,0,-1,True,125,8550,0.33200118742736684,0.2376425855513308,1,526,1,1,1,1
1548,0592_c0001_015.jpg,592,0,-1,True,125,8550,0.38316005691343014,0.24224806201550386,1,516,1,1,1,1
1549,0592_c0001_020.jpg,592,0,-1,True,125,8550,0.43272934145778835,0.2676659528907923,1,467,1,1,1,1
1550,0592_c0002_000.jpg,592,1,-1,True,125,8550,0.6442433483667256,0.18712574850299402,1,668,1,1,1,1
1551,0592_c0002_005.jpg,592,1,-1,True,125,8550,0.6680374221075327,0.20868113522537562,1,599,1,1,1,1
1552,0592_c0002_010.jpg,592,1,-1,True,125,8550,0.6464222822609443,0.18712574850299402,1,668,1,1,1,1
1553,0592_c0002_015.jpg,592,1,-1,True,125,8550,0.6808241946689666,0.24801587301587302,1,504,1,1,1,1
1554,0592_c0002_020.jpg,592,1,-1,True,125,8550,0.6516166527559246,0.21663778162911612,1,577,1,1,1,1
1555,0592_c0003_000.jpg,592,2,-1,True,125,8550,0.24406700811019763,0.18968133535660092,16,659,0,0,0,1
1556,0592_c0003_005.jpg,592,2,-1,True,125,8550,0.44808388373117924,0.2834467120181406,1,441,1,1,1,1
1557,0592_c0003_010.jpg,592,2,-1,True,125,8550,0.5844773354373588,0.2840909090909091,1,440,1,1,1,1
1558,0592_c0003_015.jpg,592,2,-1,True,125,8550,0.5646424972369136,0.23719165085388993,1,527,1,1,1,1
1559,0592_c0003_020.jpg,592,2,-1,True,125,8550,0.57118960136563,0.23191094619666047,1,539,1,1,1,1
1560,0592_c0005_000.jpg,592,4,-1,True,125,8550,0.5216300895111047,0.33602150537634407,1,372,1,1,1,1
1561,0592_c0005_005.jpg,592,4,-1,True,125,8550,0.4982818579407806,0.3351206434316354,1,373,1,1,1,1
1562,0592_c0005_010.jpg,592,4,-1,True,125,8550,0.5319403407175008,0.37650602409638556,1,332,1,1,1,1
1563,0592_c0005_015.jpg,592,4,-1,True,125,8550,0.5207784681377747,0.35410764872521244,1,353,1,1,1,1
1564,0592_c0005_020.jpg,592,4,-1,True,125,8550,0.5475078013725432,0.3531073446327684,1,354,1,1,1,1
1565,0592_c0006_000.jpg,592,5,-1,True,125,8550,0.7920670890088167,0.19409937888198758,1,644,1,1,1,1
1566,0592_c0006_005.jpg,592,5,-1,True,125,8550,0.7687899791963462,0.17857142857142858,1,700,1,1,1,1
1567,0592_c0006_010.jpg,592,5,-1,True,125,8550,0.7406313447133147,0.16108247422680413,1,776,1,1,1,1
1568,0592_c0006_015.jpg,592,5,-1,True,125,8550,0.7370185651116545,0.16578249336870027,1,754,1,1,1,1
1569,0592_c0006_020.jpg,592,5,-1,True,125,8550,0.7589314223900867,0.15151515151515152,1,825,1,1,1,1
1570,0592_c0007_000.jpg,592,6,-1,True,125,8550,0.7061692004604662,0.36764705882352944,1,340,1,1,1,1
1571,0592_c0007_005.jpg,592,6,-1,True,125,8550,0.7091209874400947,0.3698224852071006,1,338,1,1,1,1
1572,0592_c0007_010.jpg,592,6,-1,True,125,8550,0.7160164512586632,0.38461538461538464,1,325,1,1,1,1
1573,0592_c0007_015.jpg,592,6,-1,True,125,8550,0.6886616882758985,0.3342245989304813,1,374,1,1,1,1
1574,0592_c0007_020.jpg,592,6,-1,True,125,8550,0.7051084545463289,0.34818941504178275,1,359,1,1,1,1
1575,0594_c0001_000.jpg,594,0,-1,True,150,8550,0.4946249139857782,0.3816793893129771,1,393,1,1,1,1
1576,0594_c0001_005.jpg,594,0,-1,True,150,8550,0.5016827607825204,0.39267015706806285,1,382,1,1,1,1
1577,0594_c0001_010.jpg,594,0,-1,True,150,8550,0.4844371494328888,0.4132231404958678,1,363,1,1,1,1
1578,0594_c0001_015.jpg,594,0,-1,True,150,8550,0.48478844757684014,0.41208791208791207,1,364,1,1,1,1
1579,0594_c0001_020.jpg,594,0,-1,True,150,8550,0.5069162632670419,0.40431266846361186,1,371,1,1,1,1
1580,0594_c0002_000.jpg,594,1,-1,True,150,8550,0.47473913372895604,0.27932960893854747,14,537,0,0,0,1
1581,0594_c0002_005.jpg,594,1,-1,True,150,8550,0.49177313109934184,0.2767527675276753,14,542,0,0,0,1
1582,0594_c0002_010.jpg,594,1,-1,True,150,8550,0.48493855530050667,0.2788104089219331,14,538,0,0,0,1
1583,0594_c0002_015.jpg,594,1,-1,True,150,8550,0.48619441152656556,0.2788104089219331,14,538,0,0,0,1
1584,0594_c0002_020.jpg,594,1,-1,True,150,8550,0.5012370881019431,0.2964426877470356,14,506,0,0,0,1
1585,0594_c0003_000.jpg,594,2,-1,True,150,8550,0.5207577905967112,0.35294117647058826,14,425,0,0,0,1
1586,0594_c0003_005.jpg,594,2,-1,True,150,8550,0.5283053599158186,0.35377358490566035,14,424,0,0,0,1
1587,0594_c0003_010.jpg,594,2,-1,True,150,8550,0.5364668664790537,0.35799522673031026,14,419,0,0,0,1
1588,0594_c0003_015.jpg,594,2,-1,True,150,8550,0.5380544233714183,0.35046728971962615,14,428,0,0,0,1
1589,0594_c0003_020.jpg,594,2,-1,True,150,8550,0.5332365748568502,0.35629453681710216,14,421,0,0,0,1
1590,0594_c0005_000.jpg,594,4,-1,True,150,8550,0.5449104825574187,0.33185840707964603,1,452,1,1,1,1
1591,0594_c0005_005.jpg,594,4,-1,True,150,8550,0.5866051270799183,0.3424657534246575,1,438,1,1,1,1
1592,0594_c0005_010.jpg,594,4,-1,True,150,8550,0.48002559053175453,0.33112582781456956,1,453,1,1,1,1
1593,0594_c0005_015.jpg,594,4,-1,True,150,8550,0.599819345190123,0.3080082135523614,1,487,1,1,1,1
1594,0594_c0005_020.jpg,594,4,-1,True,150,8550,0.661803989610604,0.31982942430703626,1,469,1,1,1,1
1595,0594_c0006_000.jpg,594,5,-1,True,150,8550,0.5701730864206759,0.3080082135523614,1,487,1,1,1,1
1596,0594_c0006_005.jpg,594,5,-1,True,150,8550,0.5639899137845009,0.2958579881656805,1,507,1,1,1,1
1597,0594_c0006_010.jpg,594,5,-1,True,150,8550,0.5672138695492409,0.2982107355864811,1,503,1,1,1,1
1598,0594_c0006_015.jpg,594,5,-1,True,150,8550,0.5800350565140067,0.29354207436399216,1,511,1,1,1,1
1599,0594_c0006_020.jpg,594,5,-1,True,150,8550,0.581127870280711,0.30425963488843816,1,493,1,1,1,1
1600,0594_c0007_000.jpg,594,6,-1,True,150,8550,0.5876290975403496,0.3597122302158273,1,417,1,1,1,1
1601,0594_c0007_005.jpg,594,6,-1,True,150,8550,0.588356804999041,0.3448275862068966,1,435,1,1,1,1
1602,0594_c0007_010.jpg,594,6,-1,True,150,8550,0.5433726358608211,0.35377358490566035,1,424,1,1,1,1
1603,0594_c0007_015.jpg,594,6,-1,True,150,8550,0.5232163723076672,0.31512605042016806,1,476,1,1,1,1
1604,0594_c0007_020.jpg,594,6,-1,True,150,8550,0.5170192757142381,0.27472527472527475,1,546,1,1,1,1
1605,0594_c0008_000.jpg,594,7,-1,True,150,8550,0.2695119155788194,0.3588516746411483,108,418,0,0,0,0
1606,0594_c0008_005.jpg,594,7,-1,True,150,8550,0.25120151779214456,0.3472222222222222,104,432,0,0,0,0
1607,0594_c0008_010.jpg,594,7,-1,True,150,8550,0.26221431300835685,0.34324942791762014,92,437,0,0,0,0
1608,0594_c0008_015.jpg,594,7,-1,True,150,8550,0.26603588009121715,0.30120481927710846,62,498,0,0,0,0
1609,0594_c0008_020.jpg,594,7,-1,True,150,8550,0.2899981758274396,0.35799522673031026,61,419,0,0,0,0
1610,0596_c0001_000.jpg,596,0,-1,True,175,8550,0.21622955330745844,0.2249357326478149,125,778,0,0,0,0
1611,0596_c0001_005.jpg,596,0,-1,True,175,8550,0.2125069730043168,0.23616734143049933,173,741,0,0,0,0
1612,0596_c0001_010.jpg,596,0,-1,True,175,8550,0.2014058182039406,0.2468265162200282,202,709,0,0,0,0
1613,0596_c0001_015.jpg,596,0,-1,True,175,8550,0.21049580299737053,0.2679938744257274,149,653,0,0,0,0
1614,0596_c0001_020.jpg,596,0,-1,True,175,8550,0.21689475547528442,0.27602523659305994,162,634,0,0,0,0
1615,0596_c0002_000.jpg,596,1,-1,True,175,8550,0.525697098120373,0.3472222222222222,14,504,0,0,0,1
1616,0596_c0002_005.jpg,596,1,-1,True,175,8550,0.5290685451501902,0.36082474226804123,24,485,0,0,0,0
1617,0596_c0002_010.jpg,596,1,-1,True,175,8550,0.5533927548062336,0.4098360655737705,14,427,0,0,0,1
1618,0596_c0002_015.jpg,596,1,-1,True,175,8550,0.5527576057429183,0.38631346578366443,21,453,0,0,0,0
1619,0596_c0002_020.jpg,596,1,-1,True,175,8550,0.49861673002141127,0.2911813643926789,26,601,0,0,0,0
1620,0596_c0003_000.jpg,596,2,-1,True,175,8550,0.8328657595578126,0.5813953488372093,1,301,1,1,1,1
1621,0596_c0003_005.jpg,596,2,-1,True,175,8550,0.8342392074762919,0.5813953488372093,1,301,1,1,1,1
1622,0596_c0003_010.jpg,596,2,-1,True,175,8550,0.8406442566828238,0.5813953488372093,1,301,1,1,1,1
1623,0596_c0003_015.jpg,596,2,-1,True,175,8550,0.838370774298372,0.5833333333333334,1,300,1,1,1,1
1624,0596_c0003_020.jpg,596,2,-1,True,175,8550,0.8280696385893094,0.5813953488372093,1,301,1,1,1,1
1625,0596_c0004_000.jpg,596,3,-1,True,175,8550,0.4307707630986962,0.27689873417721517,2,632,0,1,1,1
1626,0596_c0004_005.jpg,596,3,-1,True,175,8550,0.47314997668398745,0.2951096121416526,1,593,1,1,1,1
1627,0596_c0004_010.jpg,596,3,-1,True,175,8550,0.4906320314846534,0.3181818181818182,1,550,1,1,1,1
1628,0596_c0004_015.jpg,596,3,-1,True,175,8550,0.49105211177370817,0.3125,1,560,1,1,1,1
1629,0596_c0004_020.jpg,596,3,-1,True,175,8550,0.5144183302497425,0.3181818181818182,1,550,1,1,1,1
1630,0596_c0005_000.jpg,596,4,-1,True,175,8550,0.5627433724670788,0.3181818181818182,13,550,0,0,0,1
1631,0596_c0005_005.jpg,596,4,-1,True,175,8550,0.5710542649067191,0.3193430656934307,12,548,0,0,0,1
1632,0596_c0005_010.jpg,596,4,-1,True,175,8550,0.5476968528954368,0.3141831238779174,13,557,0,0,0,1
1633,0596_c0005_015.jpg,596,4,-1,True,175,8550,0.5528430284030952,0.30701754385964913,6,570,0,0,1,1
1634,0596_c0005_020.jpg,596,4,-1,True,175,8550,0.5616263775288267,0.2966101694915254,4,590,0,1,1,1
1635,0596_c0006_000.jpg,596,5,-1,True,175,8550,0.5701224734783534,0.360082304526749,1,486,1,1,1,1
1636,0596_c0006_005.jpg,596,5,-1,True,175,8550,0.632514357017979,0.3763440860215054,1,465,1,1,1,1
1637,0596_c0006_010.jpg,596,5,-1,True,175,8550,0.6061294976418362,0.3528225806451613,1,496,1,1,1,1
1638,0596_c0006_015.jpg,596,5,-1,True,175,8550,0.5903757359451374,0.3707627118644068,1,472,1,1,1,1
1639,0596_c0006_020.jpg,596,5,-1,True,175,8550,0.551392913696126,0.37154989384288745,1,471,1,1,1,1
1640,0596_c0007_000.jpg,596,6,-1,True,175,8550,0.7062944298503531,0.41766109785202865,1,419,1,1,1,1
1641,0596_c0007_005.jpg,596,6,-1,True,175,8550,0.6952842006238015,0.41273584905660377,1,424,1,1,1,1
1642,0596_c0007_010.jpg,596,6,-1,True,175,8550,0.7165970347472712,0.44191919191919193,1,396,1,1,1,1
1643,0596_c0007_015.jpg,596,6,-1,True,175,8550,0.7206497255522673,0.4227053140096618,1,414,1,1,1,1
1644,0596_c0007_020.jpg,596,6,-1,True,175,8550,0.7003641670903953,0.4475703324808184,1,391,1,1,1,1
1645,0596_c0008_000.jpg,596,7,-1,True,175,8550,0.8519557473412696,0.4742547425474255,1,369,1,1,1,1
1646,0596_c0008_005.jpg,596,7,-1,True,175,8550,0.8430585873890579,0.4768392370572207,1,367,1,1,1,1
1647,0596_c0008_010.jpg,596,7,-1,True,175,8550,0.7769251247241433,0.45219638242894056,1,387,1,1,1,1
1648,0596_c0008_015.jpg,596,7,-1,True,175,8550,0.7482714273364581,0.47554347826086957,1,368,1,1,1,1
1649,0596_c0008_020.jpg,596,7,-1,True,175,8550,0.7718024905018106,0.4768392370572207,1,367,1,1,1,1
1650,0598_c0001_000.jpg,598,0,-1,True,100,8550,0.5364702844246807,0.25,1,400,1,1,1,1
1651,0598_c0001_005.jpg,598,0,-1,True,100,8550,0.5550788735752439,0.25380710659898476,1,394,1,1,1,1
1652,0598_c0001_010.jpg,598,0,-1,True,100,8550,0.5747228027748614,0.25,1,400,1,1,1,1
1653,0598_c0001_015.jpg,598,0,-1,True,100,8550,0.5593882265106963,0.24813895781637718,1,403,1,1,1,1
1654,0598_c0001_020.jpg,598,0,-1,True,100,8550,0.5523493346433567,0.24937655860349128,1,401,1,1,1,1
1655,0598_c0002_000.jpg,598,1,-1,True,100,8550,0.43604007597092925,0.3184713375796178,1,314,1,1,1,1
1656,0598_c0002_005.jpg,598,1,-1,True,100,8550,0.4807988067525216,0.3367003367003367,1,297,1,1,1,1
1657,0598_c0002_010.jpg,598,1,-1,True,100,8550,0.4230652370752495,0.29239766081871343,1,342,1,1,1,1
1658,0598_c0002_015.jpg,598,1,-1,True,100,8550,0.4258560107987151,0.2932551319648094,1,341,1,1,1,1
1659,0598_c0002_020.jpg,598,1,-1,True,100,8550,0.41878174750263214,0.2881844380403458,1,347,1,1,1,1
1660,0598_c0003_000.jpg,598,2,-1,True,100,8550,0.5593959895963351,0.26246719160104987,1,381,1,1,1,1
1661,0598_c0003_005.jpg,598,2,-1,True,100,8550,0.5377214465213835,0.26881720430107525,1,372,1,1,1,1
1662,0598_c0003_010.jpg,598,2,-1,True,100,8550,0.5740525717751445,0.2695417789757412,1,371,1,1,1,1
1663,0598_c0003_015.jpg,598,2,-1,True,100,8550,0.5500171881718224,0.26246719160104987,1,381,1,1,1,1
1664,0598_c0003_020.jpg,598,2,-1,True,100,8550,0.5844826680097942,0.2680965147453083,1,373,1,1,1,1
1665,0598_c0007_000.jpg,598,6,-1,True,100,8550,0.17505146200314933,0.24691358024691357,60,405,0,0,0,0
1666,0598_c0007_005.jpg,598,6,-1,True,100,8550,0.21042865662499918,0.26595744680851063,26,376,0,0,0,0
1667,0598_c0007_010.jpg,598,6,-1,True,100,8550,0.1873880264458059,0.2557544757033248,63,391,0,0,0,0
1668,0598_c0007_015.jpg,598,6,-1,True,100,8550,0.20559174622117282,0.2604166666666667,45,384,0,0,0,0
1669,0598_c0007_020.jpg,598,6,-1,True,100,8550,0.2398002606587317,0.26881720430107525,30,372,0,0,0,0
1670,0598_c0008_000.jpg,598,7,-1,True,100,8550,0.5379549493560168,0.24096385542168675,1,415,1,1,1,1
1671,0598_c0008_005.jpg,598,7,-1,True,100,8550,0.5549880644968285,0.25252525252525254,1,396,1,1,1,1
1672,0598_c0008_010.jpg,598,7,-1,True,100,8550,0.5781616340124452,0.2638522427440633,1,379,1,1,1,1
1673,0598_c0008_015.jpg,598,7,-1,True,100,8550,0.5666895846918526,0.25773195876288657,1,388,1,1,1,1
1674,0598_c0008_020.jpg,598,7,-1,True,100,8550,0.5815425094113703,0.2604166666666667,1,384,1,1,1,1
1675,0600_c0001_000.jpg,600,0,-1,True,175,8550,0.22573502577277557,0.15432098765432098,35,1134,0,0,0,0
1676,0600_c0001_005.jpg,600,0,-1,True,175,8550,0.2142189678422298,0.1013317892298784,26,1727,0,0,0,0
1677,0600_c0001_010.jpg,600,0,-1,True,175,8550,0.15366179467505986,0.08012820512820513,17,2184,0,0,0,1
1678,0600_c0001_015.jpg,600,0,-1,True,175,8550,0.2652981327514575,0.08820564516129033,16,1984,0,0,0,1
1679,0600_c0001_020.jpg,600,0,-1,True,175,8550,0.1490361256763267,0.07510729613733906,41,2330,0,0,0,0
1680,0600_c0002_000.jpg,600,1,-1,True,175,8550,0.5673349877392408,0.20858164481525626,1,839,1,1,1,1
1681,0600_c0002_005.jpg,600,1,-1,True,175,8550,0.4478352332674422,0.1708984375,1,1024,1,1,1,1
1682,0600_c0002_010.jpg,600,1,-1,True,175,8550,0.5124423591540439,0.14546965918536992,1,1203,1,1,1,1
1683,0600_c0002_015.jpg,600,1,-1,True,175,8550,0.32180332055919786,0.1383399209486166,1,1265,1,1,1,1
1684,0600_c0002_020.jpg,600,1,-1,True,175,8550,0.16346172345719717,0.09288747346072186,68,1884,0,0,0,0
1685,0600_c0003_000.jpg,600,2,-1,True,175,8550,0.46787653331436885,0.06769825918762089,1,2585,1,1,1,1
1686,0600_c0003_005.jpg,600,2,-1,True,175,8550,0.45135055732904295,0.0831353919239905,1,2105,1,1,1,1
1687,0600_c0003_010.jpg,600,2,-1,True,175,8550,0.35146207984958,0.09620670698185817,9,1819,0,0,1,1
1688,0600_c0003_015.jpg,600,2,-1,True,175,8550,0.3636917248821753,0.08676251859196826,8,2017,0,0,1,1
1689,0600_c0003_020.jpg,600,2,-1,True,175,8550,0.3720477788611372,0.08988186954288649,3,1947,0,1,1,1
1690,0600_c0004_000.jpg,600,3,-1,True,175,8550,0.06255996377292616,0.04716981132075472,92,3710,0,0,0,0
1691,0600_c0004_005.jpg,600,3,-1,True,175,8550,0.060815903897542115,0.04471129279509453,99,3914,0,0,0,0
1692,0600_c0004_010.jpg,600,3,-1,True,175,8550,0.04978602688531667,0.04258943781942078,149,4109,0,0,0,0
1693,0600_c0004_015.jpg,600,3,-1,True,175,8550,0.05923581313320465,0.04584752423369138,91,3817,0,0,0,0
1694,0600_c0004_020.jpg,600,3,-1,True,175,8550,0.060814374327363425,0.04736129905277402,71,3695,0,0,0,0
1695,0600_c0005_000.jpg,600,4,-1,True,175,8550,0.48679035484666144,0.08185219831618334,1,2138,1,1,1,1
1696,0600_c0005_005.jpg,600,4,-1,True,175,8550,0.6302256095732316,0.12553802008608322,1,1394,1,1,1,1
1697,0600_c0005_010.jpg,600,4,-1,True,175,8550,0.5758578647519681,0.13059701492537312,1,1340,1,1,1,1
1698,0600_c0005_015.jpg,600,4,-1,True,175,8550,0.5342544182507709,0.12736535662299855,1,1374,1,1,1,1
1699,0600_c0005_020.jpg,600,4,-1,True,175,8550,0.6315946704212293,0.1640112464854733,1,1067,1,1,1,1
1700,0600_c0006_000.jpg,600,5,-1,True,175,8550,0.6044395608639349,0.24544179523141654,1,713,1,1,1,1
1701,0600_c0006_005.jpg,600,5,-1,True,175,8550,0.6290861104557959,0.2600297176820208,1,673,1,1,1,1
1702,0600_c0006_010.jpg,600,5,-1,True,175,8550,0.5856123748368888,0.2539912917271408,2,689,0,1,1,1
1703,0600_c0006_015.jpg,600,5,-1,True,175,8550,0.6613681012154435,0.3995433789954338,1,438,1,1,1,1
1704,0600_c0006_020.jpg,600,5,-1,True,175,8550,0.7034189472132937,0.2956081081081081,1,592,1,1,1,1
1705,0600_c0007_000.jpg,600,6,-1,True,175,8550,0.12855275750457432,0.06179378531073446,15,2832,0,0,0,1
1706,0600_c0007_005.jpg,600,6,-1,True,175,8550,0.10628100583198594,0.06038647342995169,52,2898,0,0,0,0
1707,0600_c0007_010.jpg,600,6,-1,True,175,8550,0.09964855607969392,0.058372248165443626,62,2998,0,0,0,0
1708,0600_c0007_015.jpg,600,6,-1,True,175,8550,0.12479601572273964,0.05952380952380952,15,2940,0,0,0,1
1709,0600_c0007_020.jpg,600,6,-1,True,175,8550,0.10917656160324625,0.05756578947368421,34,3040,0,0,0,0
1710,0600_c0008_000.jpg,600,7,-1,True,175,8550,0.18200566919273511,0.0646711012564671,52,2706,0,0,0,0
1711,0600_c0008_005.jpg,600,7,-1,True,175,8550,0.17852309758834017,0.06581421587062805,50,2659,0,0,0,0
1712,0600_c0008_010.jpg,600,7,-1,True,175,8550,0.16884496218088427,0.0638220277169949,51,2742,0,0,0,0
1713,0600_c0008_015.jpg,600,7,-1,True,175,8550,0.1738234611346998,0.06185931424531636,53,2829,0,0,0,0
1714,0600_c0008_020.jpg,600,7,-1,True,175,8550,0.16899839951291443,0.07430997876857749,51,2355,0,0,0,0
