query_index,name,identity,camera,scene,valid,relevant_gallery,kept_gallery,AP,INP,first_match,last_match,Rank-1,Rank-5,Rank-10,Rank-20
0,0502_c0001_000.jpg,502,0,-1,True,175,8550,0.5589570820889909,0.17412935323383086,1,1005,1,1,1,1
1,0502_c0001_005.jpg,502,0,-1,True,175,8550,0.5028628921308489,0.18459915611814345,4,948,0,1,1,1
2,0502_c0001_010.jpg,502,0,-1,True,175,8550,0.4752659973523161,0.16233766233766234,25,1078,0,0,0,0
3,0502_c0001_015.jpg,502,0,-1,True,175,8550,0.5210006382702311,0.16698473282442747,4,1048,0,1,1,1
4,0502_c0001_020.jpg,502,0,-1,True,175,8550,0.5156244050794836,0.1637043966323667,15,1069,0,0,0,1
5,0502_c0002_000.jpg,502,1,-1,True,175,8550,0.7361805709503312,0.1881720430107527,1,930,1,1,1,1
6,0502_c0002_005.jpg,502,1,-1,True,175,8550,0.7155635939523737,0.2635542168674699,1,664,1,1,1,1
7,0502_c0002_010.jpg,502,1,-1,True,175,8550,0.7238656121948414,0.2393980848153215,2,731,0,1,1,1
8,0502_c0002_015.jpg,502,1,-1,True,175,8550,0.7602494720451308,0.2339572192513369,1,748,1,1,1,1
9,0502_c0002_020.jpg,502,1,-1,True,175,8550,0.8533107687453134,0.3645833333333333,1,480,1,1,1,1
10,0502_c0003_000.jpg,502,2,-1,True,175,8550,0.6214283016932797,0.1590909090909091,1,1100,1,1,1,1
11,0502_c0003_005.jpg,502,2,-1,True,175,8550,0.653560254240766,0.17820773930753564,1,982,1,1,1,1
12,0502_c0003_010.jpg,502,2,-1,True,175,8550,0.4968585835738741,0.1558325912733749,1,1123,1,1,1,1
13,0502_c0003_015.jpg,502,2,-1,True,175,8550,0.6155277840424774,0.16603415559772297,1,1054,1,1,1,1
14,0502_c0003_020.jpg,502,2,-1,True,175,8550,0.5775861871248545,0.15996343692870202,1,1094,1,1,1,1
15,0502_c0004_000.jpg,502,3,-1,True,175,8550,0.7085267935587899,0.12323943661971831,1,1420,1,1,1,1
16,0502_c0004_005.jpg,502,3,-1,True,175,8550,0.8213871952458417,0.14644351464435146,1,1195,1,1,1,1
17,0502_c0004_010.jpg,502,3,-1,True,175,8550,0.8311357040979566,0.13812154696132597,1,1267,1,1,1,1
18,0502_c0004_015.jpg,502,3,-1,True,175,8550,0.8069421903518956,0.12428977272727272,1,1408,1,1,1,1
19,0502_c0004_020.jpg,502,3,-1,True,175,8550,0.7797235753245684,0.1298219584569733,1,1348,1,1,1,1
20,0502_c0005_000.jpg,502,4,-1,True,175,8550,0.6592317800551247,0.20278099652375434,1,863,1,1,1,1
21,0502_c0005_005.jpg,502,4,-1,True,175,8550,0.6508946387032046,0.2004581901489118,1,873,1,1,1,1
22,0502_c0005_010.jpg,502,4,-1,True,175,8550,0.6178127329142395,0.17395626242544732,1,1006,1,1,1,1
23,0502_c0005_015.jpg,502,4,-1,True,175,8550,0.6548533295040613,0.1736111111111111,1,1008,1,1,1,1
24,0502_c0005_020.jpg,502,4,-1,True,175,8550,0.6746203466910071,0.19640852974186307,1,891,1,1,1,1
25,0502_c0006_000.jpg,502,5,-1,True,175,8550,0.1922577143083564,0.08924018357980622,1,1961,1,1,1,1
26,0502_c0006_005.jpg,502,5,-1,True,175,8550,0.3854263377707401,0.1259899208063355,1,1389,1,1,1,1
27,0502_c0006_010.jpg,502,5,-1,True,175,8550,0.3815222761104651,0.11737089201877934,1,1491,1,1,1,1
28,0502_c0006_015.jpg,502,5,-1,True,175,8550,0.33271496781564924,0.11986301369863013,10,1460,0,0,1,1
29,0502_c0006_020.jpg,502,5,-1,True,175,8550,0.3161621866575515,0.12455516014234876,8,1405,0,0,1,1
30,0502_c0007_000.jpg,502,6,-1,True,175,8550,0.7317860172406667,0.2864157119476268,1,611,1,1,1,1
31,0502_c0007_005.jpg,502,6,-1,True,175,8550,0.7932360103561787,0.546875,1,320,1,1,1,1
32,0502_c0007_010.jpg,502,6,-1,True,175,8550,0.8295972823319464,0.4971590909090909,1,352,1,1,1,1
33,0502_c0007_015.jpg,502,6,-1,True,175,8550,0.8138369322013216,0.34791252485089463,1,503,1,1,1,1
34,0502_c0007_020.jpg,502,6,-1,True,175,8550,0.7820498342006792,0.35,1,500,1,1,1,1
35,0502_c0008_000.jpg,502,7,-1,True,175,8550,0.7001407092643233,0.14158576051779936,1,1236,1,1,1,1
36,0502_c0008_005.jpg,502,7,-1,True,175,8550,0.7190426843751518,0.18716577540106952,1,935,1,1,1,1
37,0502_c0008_010.jpg,502,7,-1,True,175,8550,0.7023725284817585,0.1435602953240361,1,1219,1,1,1,1
38,0502_c0008_015.jpg,502,7,-1,True,175,8550,0.7084189639575589,0.1615881809787627,1,1083,1,1,1,1
39,0502_c0008_020.jpg,502,7,-1,True,175,8550,0.600519969128327,0.11371020142949967,1,1539,1,1,1,1
40,0504_c0001_000.jpg,504,0,-1,True,150,8550,0.837373044466564,0.42016806722689076,1,357,1,1,1,1
41,0504_c0001_005.jpg,504,0,-1,True,150,8550,0.738266189867763,0.2782931354359926,1,539,1,1,1,1
42,0504_c0001_010.jpg,504,0,-1,True,150,8550,0.730903655436338,0.2982107355864811,1,503,1,1,1,1
43,0504_c0001_015.jpg,504,0,-1,True,150,8550,0.6879214387745128,0.2604166666666667,1,576,1,1,1,1
44,0504_c0001_020.jpg,504,0,-1,True,150,8550,0.7520424298142024,0.2840909090909091,1,528,1,1,1,1
45,0504_c0002_000.jpg,504,1,-1,True,150,8550,0.9336669494106964,0.6276150627615062,1,239,1,1,1,1
46,0504_c0002_005.jpg,504,1,-1,True,150,8550,0.918837450186866,0.6147540983606558,1,244,1,1,1,1
47,0504_c0002_010.jpg,504,1,-1,True,150,8550,0.9380680715278926,0.672645739910314,1,223,1,1,1,1
48,0504_c0002_015.jpg,504,1,-1,True,150,8550,0.9436524339922058,0.672645739910314,1,223,1,1,1,1
49,0504_c0002_020.jpg,504,1,-1,True,150,8550,0.9492780760044696,0.672645739910314,1,223,1,1,1,1
50,0504_c0003_000.jpg,504,2,-1,True,150,8550,0.8563613059243181,0.5154639175257731,1,291,1,1,1,1
51,0504_c0003_005.jpg,504,2,-1,True,150,8550,0.8511838722626618,0.5338078291814946,1,281,1,1,1,1
52,0504_c0003_010.jpg,504,2,-1,True,150,8550,0.867739570159153,0.5555555555555556,1,270,1,1,1,1
53,0504_c0003_015.jpg,504,2,-1,True,150,8550,0.8772214408221267,0.5905511811023622,1,254,1,1,1,1
54,0504_c0003_020.jpg,504,2,-1,True,150,8550,0.8982632728730948,0.6607929515418502,1,227,1,1,1,1
55,0504_c0005_000.jpg,504,4,-1,True,150,8550,0.7810366526026153,0.5357142857142857,1,280,1,1,1,1
56,0504_c0005_005.jpg,504,4,-1,True,150,8550,0.8156198772096444,0.6787330316742082,1,221,1,1,1,1
57,0504_c0005_010.jpg,504,4,-1,True,150,8550,0.866221766888918,0.7009345794392523,1,214,1,1,1,1
58,0504_c0005_015.jpg,504,4,-1,True,150,8550,0.8948558493191844,0.6944444444444444,1,216,1,1,1,1
59,0504_c0005_020.jpg,504,4,-1,True,150,8550,0.8746889362513535,0.6,1,250,1,1,1,1
60,0504_c0006_000.jpg,504,5,-1,True,150,8550,1.0,1.0,1,150,1,1,1,1
61,0504_c0006_005.jpg,504,5,-1,True,150,8550,1.0,1.0,1,150,1,1,1,1
62,0504_c0006_010.jpg,504,5,-1,True,150,8550,1.0,1.0,1,150,1,1,1,1
63,0504_c0006_015.jpg,504,5,-1,True,150,8550,1.0,1.0,1,150,1,1,1,1
64,0504_c0006_020.jpg,504,5,-1,True,150,8550,1.0,1.0,1,150,1,1,1,1
65,0504_c0007_000.jpg,504,6,-1,True,150,8550,0.994140593185117,0.9202453987730062,1,163,1,1,1,1
66,0504_c0007_005.jpg,504,6,-1,True,150,8550,0.9961275297048422,0.9146341463414634,1,164,1,1,1,1
67,0504_c0007_010.jpg,504,6,-1,True,150,8550,1.0,1.0,1,150,1,1,1,1
68,0504_c0007_015.jpg,504,6,-1,True,150,8550,0.9966689405504917,0.9202453987730062,1,163,1,1,1,1
69,0504_c0007_020.jpg,504,6,-1,True,150,8550,0.9996966460158085,0.967741935483871,1,155,1,1,1,1
70,0504_c0008_000.jpg,504,7,-1,True,150,8550,0.9990491845262195,0.9615384615384616,1,156,1,1,1,1
71,0504_c0008_005.jpg,504,7,-1,True,150,8550,0.9881453157945618,0.9146341463414634,1,164,1,1,1,1
72,0504_c0008_010.jpg,504,7,-1,True,150,8550,0.9863121039269519,0.8823529411764706,1,170,1,1,1,1
73,0504_c0008_015.jpg,504,7,-1,True,150,8550,0.9788184413930007,0.8152173913043478,1,184,1,1,1,1
74,0504_c0008_020.jpg,504,7,-1,True,150,8550,0.9752004045695835,0.8426966292134831,1,178,1,1,1,1
75,0506_c0001_000.jpg,506,0,-1,True,175,8550,0.8093439736987629,0.39503386004514673,1,443,1,1,1,1
76,0506_c0001_005.jpg,506,0,-1,True,175,8550,0.8601364364551701,0.5756578947368421,1,304,1,1,1,1
77,0506_c0001_010.jpg,506,0,-1,True,175,8550,0.8359807858761623,0.546875,1,320,1,1,1,1
78,0506_c0001_015.jpg,506,0,-1,True,175,8550,0.8096233804630109,0.373134328358209,1,469,1,1,1,1
79,0506_c0001_020.jpg,506,0,-1,True,175,8550,0.8056939606174731,0.4278728606356968,1,409,1,1,1,1
80,0506_c0002_000.jpg,506,1,-1,True,175,8550,0.8379983201567655,0.546875,1,320,1,1,1,1
81,0506_c0002_005.jpg,506,1,-1,True,175,8550,0.8607167020979068,0.6076388888888888,1,288,1,1,1,1
82,0506_c0002_010.jpg,506,1,-1,True,175,8550,0.8416025955837959,0.5663430420711975,1,309,1,1,1,1
83,0506_c0002_015.jpg,506,1,-1,True,175,8550,0.811361911895806,0.5335365853658537,1,328,1,1,1,1
84,0506_c0002_020.jpg,506,1,-1,True,175,8550,0.8420091770115629,0.6055363321799307,1,289,1,1,1,1
85,0506_c0003_000.jpg,506,2,-1,True,175,8550,0.9358317770140713,0.875,1,200,1,1,1,1
86,0506_c0003_005.jpg,506,2,-1,True,175,8550,0.9338201379918795,0.875,1,200,1,1,1,1
87,0506_c0003_010.jpg,506,2,-1,True,175,8550,0.9385259704155422,0.875,1,200,1,1,1,1
88,0506_c0003_015.jpg,506,2,-1,True,175,8550,0.9415560126583675,0.875,1,200,1,1,1,1
89,0506_c0003_020.jpg,506,2,-1,True,175,8550,0.9483548780293867,0.8293838862559242,1,211,1,1,1,1
90,0506_c0004_000.jpg,506,3,-1,True,175,8550,0.8634050859992058,0.34860557768924305,1,502,1,1,1,1
91,0506_c0004_005.jpg,506,3,-1,True,175,8550,0.9289701631560844,0.5319148936170213,1,329,1,1,1,1
92,0506_c0004_010.jpg,506,3,-1,True,175,8550,0.9323743496302598,0.587248322147651,1,298,1,1,1,1
93,0506_c0004_015.jpg,506,3,-1,True,175,8550,0.9191725387257046,0.5451713395638629,1,321,1,1,1,1
94,0506_c0004_020.jpg,506,3,-1,True,175,8550,0.8616380844115709,0.550314465408805,1,318,1,1,1,1
95,0506_c0005_000.jpg,506,4,-1,True,175,8550,0.40232817505138463,0.2237851662404092,1,782,1,1,1,1
96,0506_c0005_005.jpg,506,4,-1,True,175,8550,0.3755072312132422,0.23148148148148148,2,756,0,1,1,1
97,0506_c0005_010.jpg,506,4,-1,True,175,8550,0.33413780289041395,0.22236340533672172,1,787,1,1,1,1
98,0506_c0005_015.jpg,506,4,-1,True,175,8550,0.41729463020341134,0.23553162853297444,1,743,1,1,1,1
99,0506_c0005_020.jpg,506,4,-1,True,175,8550,0.3081867856034859,0.23240371845949534,2,753,0,1,1,1
100,0506_c0006_000.jpg,506,5,-1,True,175,8550,0.9212731652591362,0.46296296296296297,1,378,1,1,1,1
101,0506_c0006_005.jpg,506,5,-1,True,175,8550,0.9546540708826189,0.6782945736434108,1,258,1,1,1,1
102,0506_c0006_010.jpg,506,5,-1,True,175,8550,0.9473359242087742,0.6205673758865248,1,282,1,1,1,1
103,0506_c0006_015.jpg,506,5,-1,True,175,8550,0.9284471980086347,0.6457564575645757,1,271,1,1,1,1
104,0506_c0006_020.jpg,506,5,-1,True,175,8550,0.959697670969884,0.7028112449799196,1,249,1,1,1,1
105,0506_c0007_000.jpg,506,6,-1,True,175,8550,0.9810030309110427,0.875,1,200,1,1,1,1
106,0506_c0007_005.jpg,506,6,-1,True,175,8550,0.9809251583937288,0.8706467661691543,1,201,1,1,1,1
107,0506_c0007_010.jpg,506,6,-1,True,175,8550,0.9806052267505886,0.8706467661691543,1,201,1,1,1,1
108,0506_c0007_015.jpg,506,6,-1,True,175,8550,0.9805040061870578,0.8706467661691543,1,201,1,1,1,1
109,0506_c0007_020.jpg,506,6,-1,True,175,8550,0.9806953804860524,0.8706467661691543,1,201,1,1,1,1
110,0506_c0008_000.jpg,506,7,-1,True,175,8550,0.6601195053801677,0.274294670846395,1,638,1,1,1,1
111,0506_c0008_005.jpg,506,7,-1,True,175,8550,0.670352542302506,0.3064798598949212,1,571,1,1,1,1
112,0506_c0008_010.jpg,506,7,-1,True,175,8550,0.777784370432193,0.35353535353535354,1,495,1,1,1,1
113,0506_c0008_015.jpg,506,7,-1,True,175,8550,0.7628438496420745,0.3615702479338843,1,484,1,1,1,1
114,0506_c0008_020.jpg,506,7,-1,True,175,8550,0.8068805694934356,0.3691983122362869,1,474,1,1,1,1
115,0508_c0001_000.jpg,508,0,-1,True,175,8550,0.7960335078825657,0.32833020637898686,1,533,1,1,1,1
116,0508_c0001_005.jpg,508,0,-1,True,175,8550,0.8235186935058545,0.33849129593810445,1,517,1,1,1,1
117,0508_c0001_010.jpg,508,0,-1,True,175,8550,0.7546560903072934,0.29411764705882354,1,595,1,1,1,1
118,0508_c0001_015.jpg,508,0,-1,True,175,8550,0.7948454517726293,0.3113879003558719,1,562,1,1,1,1
119,0508_c0001_020.jpg,508,0,-1,True,175,8550,0.7804318691874474,0.33783783783783783,1,518,1,1,1,1
120,0508_c0002_000.jpg,508,1,-1,True,175,8550,0.7824694374320329,0.41766109785202865,1,419,1,1,1,1
121,0508_c0002_005.jpg,508,1,-1,True,175,8550,0.8147144185092575,0.41766109785202865,1,419,1,1,1,1
122,0508_c0002_010.jpg,508,1,-1,True,175,8550,0.7171350849287804,0.41371158392434987,1,423,1,1,1,1
123,0508_c0002_015.jpg,508,1,-1,True,175,8550,0.8250077387893566,0.49157303370786515,1,356,1,1,1,1
124,0508_c0002_020.jpg,508,1,-1,True,175,8550,0.8295696591835102,0.44871794871794873,1,390,1,1,1,1
125,0508_c0003_000.jpg,508,2,-1,True,175,8550,0.8519380081548221,0.5303030303030303,1,330,1,1,1,1
126,0508_c0003_005.jpg,508,2,-1,True,175,8550,0.8807786614753282,0.5993150684931506,1,292,1,1,1,1
127,0508_c0003_010.jpg,508,2,-1,True,175,8550,0.8456222397866539,0.541795665634675,1,323,1,1,1,1
128,0508_c0003_015.jpg,508,2,-1,True,175,8550,0.7078638738792059,0.47043010752688175,1,372,1,1,1,1
129,0508_c0003_020.jpg,508,2,-1,True,175,8550,0.8244252806809034,0.46296296296296297,1,378,1,1,1,1
130,0508_c0004_000.jpg,508,3,-1,True,175,8550,0.24818991114857583,0.20539906103286384,33,852,0,0,0,0
131,0508_c0004_005.jpg,508,3,-1,True,175,8550,0.3857539626814736,0.27386541471048514,16,639,0,0,0,1
132,0508_c0004_010.jpg,508,3,-1,True,175,8550,0.38565947264108946,0.26395173453996984,9,663,0,0,1,1
133,0508_c0004_015.jpg,508,3,-1,True,175,8550,0.370700563938167,0.2777777777777778,21,630,0,0,0,0
134,0508_c0004_020.jpg,508,3,-1,True,175,8550,0.2868837020536597,0.2777777777777778,46,630,0,0,0,0
135,0508_c0005_000.jpg,508,4,-1,True,175,8550,0.9329507181069474,0.603448275862069,1,290,1,1,1,1
136,0508_c0005_005.jpg,508,4,-1,True,175,8550,0.9322794704759824,0.5852842809364549,1,299,1,1,1,1
137,0508_c0005_010.jpg,508,4,-1,True,175,8550,0.9192721231897025,0.5794701986754967,1,302,1,1,1,1
138,0508_c0005_015.jpg,508,4,-1,True,175,8550,0.9404186996640276,0.5952380952380952,1,294,1,1,1,1
139,0508_c0005_020.jpg,508,4,-1,True,175,8550,0.9341722101958996,0.5932203389830508,1,295,1,1,1,1
140,0508_c0006_000.jpg,508,5,-1,True,175,8550,0.7871452020598617,0.3258845437616387,1,537,1,1,1,1
141,0508_c0006_005.jpg,508,5,-1,True,175,8550,0.799924183332656,0.33524904214559387,1,522,1,1,1,1
142,0508_c0006_010.jpg,508,5,-1,True,175,8550,0.7871930668563326,0.4069767441860465,1,430,1,1,1,1
143,0508_c0006_015.jpg,508,5,-1,True,175,8550,0.7379954097775575,0.4278728606356968,1,409,1,1,1,1
144,0508_c0006_020.jpg,508,5,-1,True,175,8550,0.7928905530446044,0.341796875,1,512,1,1,1,1
145,0508_c0007_000.jpg,508,6,-1,True,175,8550,0.6178191085856762,0.24305555555555555,1,720,1,1,1,1
146,0508_c0007_005.jpg,508,6,-1,True,175,8550,0.6162456068745055,0.2536231884057971,1,690,1,1,1,1
147,0508_c0007_010.jpg,508,6,-1,True,175,8550,0.6655660764050377,0.28135048231511256,1,622,1,1,1,1
148,0508_c0007_015.jpg,508,6,-1,True,175,8550,0.6501782466025682,0.2521613832853026,1,694,1,1,1,1
149,0508_c0007_020.jpg,508,6,-1,True,175,8550,0.6217761973726885,0.2507163323782235,1,698,1,1,1,1
150,0508_c0008_000.jpg,508,7,-1,True,175,8550,0.7880379065910152,0.39325842696629215,1,445,1,1,1,1
151,0508_c0008_005.jpg,508,7,-1,True,175,8550,0.8049671903234131,0.43640897755610975,1,401,1,1,1,1
152,0508_c0008_010.jpg,508,7,-1,True,175,8550,0.7916058846261234,0.4820936639118457,1,363,1,1,1,1
153,0508_c0008_015.jpg,508,7,-1,True,175,8550,0.8208139471994468,0.5116959064327485,1,342,1,1,1,1
154,0508_c0008_020.jpg,508,7,-1,True,175,8550,0.8272471660353918,0.5131964809384164,1,341,1,1,1,1
155,0510_c0001_000.jpg,510,0,-1,True,175,8550,0.6279732234463717,0.22040302267002518,1,794,1,1,1,1
156,0510_c0001_005.jpg,510,0,-1,True,175,8550,0.6438790880564982,0.22151898734177214,1,790,1,1,1,1
157,0510_c0001_010.jpg,510,0,-1,True,175,8550,0.6106492633603758,0.21446078431372548,1,816,1,1,1,1
158,0510_c0001_015.jpg,510,0,-1,True,175,8550,0.5916000572194118,0.2032520325203252,1,861,1,1,1,1
159,0510_c0001_020.jpg,510,0,-1,True,175,8550,0.5787588294364713,0.2514367816091954,1,696,1,1,1,1
160,0510_c0002_000.jpg,510,1,-1,True,175,8550,0.6497027626251547,0.11505588428665352,1,1521,1,1,1,1
161,0510_c0002_005.jpg,510,1,-1,True,175,8550,0.5849892399148298,0.1313813813813814,1,1332,1,1,1,1
162,0510_c0002_010.jpg,510,1,-1,True,175,8550,0.5937001460491962,0.12553802008608322,1,1394,1,1,1,1
163,0510_c0002_015.jpg,510,1,-1,True,175,8550,0.5015315498809761,0.0884732052578362,1,1978,1,1,1,1
164,0510_c0002_020.jpg,510,1,-1,True,175,8550,0.5118013847141616,0.08706467661691543,1,2010,1,1,1,1
165,0510_c0003_000.jpg,510,2,-1,True,175,8550,0.7984041647474805,0.2764612954186414,1,633,1,1,1,1
166,0510_c0003_005.jpg,510,2,-1,True,175,8550,0.7462293805595037,0.2113526570048309,1,828,1,1,1,1
167,0510_c0003_010.jpg,510,2,-1,True,175,8550,0.7552336971007089,0.21739130434782608,1,805,1,1,1,1
168,0510_c0003_015.jpg,510,2,-1,True,175,8550,0.7832072160758314,0.27602523659305994,1,634,1,1,1,1
169,0510_c0003_020.jpg,510,2,-1,True,175,8550,0.737919227704251,0.230566534914361,1,759,1,1,1,1
170,0510_c0004_000.jpg,510,3,-1,True,175,8550,0.6032139489226638,0.31362007168458783,1,558,1,1,1,1
171,0510_c0004_005.jpg,510,3,-1,True,175,8550,0.647500869994316,0.27910685805422647,1,627,1,1,1,1
172,0510_c0004_010.jpg,510,3,-1,True,175,8550,0.6912534776963017,0.35496957403651114,1,493,1,1,1,1
173,0510_c0004_015.jpg,510,3,-1,True,175,8550,0.6091896900662968,0.28135048231511256,1,622,1,1,1,1
174,0510_c0004_020.jpg,510,3,-1,True,175,8550,0.6290760233765148,0.3054101221640489,1,573,1,1,1,1
175,0510_c0005_000.jpg,510,4,-1,True,175,8550,0.43669309697625264,0.277337559429477,1,631,1,1,1,1
176,0510_c0005_005.jpg,510,4,-1,True,175,8550,0.44870000463889764,0.2700617283950617,1,648,1,1,1,1
177,0510_c0005_010.jpg,510,4,-1,True,175,8550,0.39431877947474114,0.18756698821007503,1,933,1,1,1,1
178,0510_c0005_015.jpg,510,4,-1,True,175,8550,0.37003213114802586,0.21033653846153846,1,832,1,1,1,1
179,0510_c0005_020.jpg,510,4,-1,True,175,8550,0.4144537880123473,0.22208121827411167,1,788,1,1,1,1
180,0510_c0006_000.jpg,510,5,-1,True,175,8550,0.6554999026954951,0.2864157119476268,1,611,1,1,1,1
181,0510_c0006_005.jpg,510,5,-1,True,175,8550,0.5862708630108772,0.24752475247524752,1,707,1,1,1,1
182,0510_c0006_010.jpg,510,5,-1,True,175,8550,0.47325079934896075,0.1643192488262911,1,1065,1,1,1,1
183,0510_c0006_015.jpg,510,5,-1,True,175,8550,0.5143738658379334,0.14227642276422764,1,1230,1,1,1,1
184,0510_c0006_020.jpg,510,5,-1,True,175,8550,0.5515867527673016,0.16571969696969696,1,1056,1,1,1,1
185,0510_c0007_000.jpg,510,6,-1,True,175,8550,0.6760672904062035,0.18248175182481752,1,959,1,1,1,1
186,0510_c0007_005.jpg,510,6,-1,True,175,8550,0.6887763726193503,0.2532561505065123,1,691,1,1,1,1
187,0510_c0007_010.jpg,510,6,-1,True,175,8550,0.7988438406035531,0.49575070821529743,1,353,1,1,1,1
188,0510_c0007_015.jpg,510,6,-1,True,175,8550,0.8502319043915237,0.5401234567901234,1,324,1,1,1,1
189,0510_c0007_020.jpg,510,6,-1,True,175,8550,0.844164505215238,0.5177514792899408,1,338,1,1,1,1
190,0510_c0008_000.jpg,510,7,-1,True,175,8550,0.9324040881857266,0.5451713395638629,1,321,1,1,1,1
191,0510_c0008_005.jpg,510,7,-1,True,175,8550,0.9402124662332195,0.8536585365853658,1,205,1,1,1,1
192,0510_c0008_010.jpg,510,7,-1,True,175,8550,0.9236907903017828,0.8333333333333334,1,210,1,1,1,1
193,0510_c0008_015.jpg,510,7,-1,True,175,8550,0.939808372330966,0.48476454293628807,1,361,1,1,1,1
194,0510_c0008_020.jpg,510,7,-1,True,175,8550,0.9149493481738751,0.7231404958677686,1,242,1,1,1,1
195,0512_c0001_000.jpg,512,0,-1,True,75,8550,0.5141342961823402,0.13711151736745886,1,547,1,1,1,1
196,0512_c0001_005.jpg,512,0,-1,True,75,8550,0.49895557736421353,0.13250883392226148,1,566,1,1,1,1
197,0512_c0001_010.jpg,512,0,-1,True,75,8550,0.5153760907062296,0.16025641025641027,1,468,1,1,1,1
198,0512_c0001_015.jpg,512,0,-1,True,75,8550,0.5204941477726018,0.17899761336515513,1,419,1,1,1,1
199,0512_c0001_020.jpg,512,0,-1,True,75,8550,0.7855868458109898,0.28957528957528955,1,259,1,1,1,1
200,0512_c0003_000.jpg,512,2,-1,True,75,8550,0.8951804384592535,0.5033557046979866,1,149,1,1,1,1
201,0512_c0003_005.jpg,512,2,-1,True,75,8550,0.8624287589547839,0.5,1,150,1,1,1,1
202,0512_c0003_010.jpg,512,2,-1,True,75,8550,0.8651878691616955,0.5,1,150,1,1,1,1
203,0512_c0003_015.jpg,512,2,-1,True,75,8550,0.9925339946087121,0.7653061224489796,1,98,1,1,1,1
204,0512_c0003_020.jpg,512,2,-1,True,75,8550,0.9809292725496389,0.6521739130434783,1,115,1,1,1,1
205,0512_c0005_000.jpg,512,4,-1,True,75,8550,0.7381327941391461,0.22123893805309736,1,339,1,1,1,1
206,0512_c0005_005.jpg,512,4,-1,True,75,8550,0.7449442871558514,0.24429967426710097,1,307,1,1,1,1
207,0512_c0005_010.jpg,512,4,-1,True,75,8550,0.758050248264187,0.2777777777777778,1,270,1,1,1,1
208,0512_c0005_015.jpg,512,4,-1,True,75,8550,0.7516323003780779,0.25,1,300,1,1,1,1
209,0512_c0005_020.jpg,512,4,-1,True,75,8550,0.8297987922528771,0.45454545454545453,1,165,1,1,1,1
210,0512_c0006_000.jpg,512,5,-1,True,75,8550,0.2456118985508886,0.15337423312883436,25,489,0,0,0,0
211,0512_c0006_005.jpg,512,5,-1,True,75,8550,0.2680826028796439,0.12776831345826234,19,587,0,0,0,1
212,0512_c0006_010.jpg,512,5,-1,True,75,8550,0.202902232047714,0.14150943396226415,27,530,0,0,0,0
213,0512_c0006_015.jpg,512,5,-1,True,75,8550,0.22145357097842022,0.14677103718199608,27,511,0,0,0,0
214,0512_c0006_020.jpg,512,5,-1,True,75,8550,0.2679535099535626,0.10822510822510822,15,693,0,0,0,1
215,0514_c0001_000.jpg,514,0,-1,True,175,8550,0.462626265230223,0.5192878338278932,7,337,0,0,1,1
216,0514_c0001_005.jpg,514,0,-1,True,175,8550,0.07900818382458936,0.11498028909329829,152,1522,0,0,0,0
217,0514_c0001_010.jpg,514,0,-1,True,175,8550,0.19381651148052392,0.23777173913043478,76,736,0,0,0,0
218,0514_c0001_015.jpg,514,0,-1,True,175,8550,0.16841369873453835,0.20372526193247964,79,859,0,0,0,0
219,0514_c0001_020.jpg,514,0,-1,True,175,8550,0.3403889533891619,0.390625,16,448,0,0,0,1
220,0514_c0002_000.jpg,514,1,-1,True,175,8550,0.7919257821129921,0.33206831119544594,1,527,1,1,1,1
221,0514_c0002_005.jpg,514,1,-1,True,175,8550,0.7728734365158417,0.343811394891945,1,509,1,1,1,1
222,0514_c0002_010.jpg,514,1,-1,True,175,8550,0.7665462549756538,0.32228360957642727,1,543,1,1,1,1
223,0514_c0002_015.jpg,514,1,-1,True,175,8550,0.7941097121196405,0.354251012145749,1,494,1,1,1,1
224,0514_c0002_020.jpg,514,1,-1,True,175,8550,0.7731054262314251,0.34516765285996054,1,507,1,1,1,1
225,0514_c0003_000.jpg,514,2,-1,True,175,8550,0.758814461743909,0.2061248527679623,1,849,1,1,1,1
226,0514_c0003_005.jpg,514,2,-1,True,175,8550,0.745699990001407,0.20301624129930396,1,862,1,1,1,1
227,0514_c0003_010.jpg,514,2,-1,True,175,8550,0.7087082724706699,0.19083969465648856,1,917,1,1,1,1
228,0514_c0003_015.jpg,514,2,-1,True,175,8550,0.7073774773947182,0.19083969465648856,1,917,1,1,1,1
229,0514_c0003_020.jpg,514,2,-1,True,175,8550,0.7347236867116692,0.1984126984126984,1,882,1,1,1,1
230,0514_c0004_000.jpg,514,3,-1,True,175,8550,0.8864343334498632,0.19273127753303965,1,908,1,1,1,1
231,0514_c0004_005.jpg,514,3,-1,True,175,8550,0.8889545631281216,0.1953125,1,896,1,1,1,1
232,0514_c0004_010.jpg,514,3,-1,True,175,8550,0.8859835256059295,0.19401330376940132,1,902,1,1,1,1
233,0514_c0004_015.jpg,514,3,-1,True,175,8550,0.8843891615194135,0.1912568306010929,1,915,1,1,1,1
234,0514_c0004_020.jpg,514,3,-1,True,175,8550,0.8834574616430115,0.1898047722342733,1,922,1,1,1,1
235,0514_c0005_000.jpg,514,4,-1,True,175,8550,0.8677062171688705,0.22264631043256997,1,786,1,1,1,1
236,0514_c0005_005.jpg,514,4,-1,True,175,8550,0.8626739412657197,0.21739130434782608,1,805,1,1,1,1
237,0514_c0005_010.jpg,514,4,-1,True,175,8550,0.8645872345569037,0.22095959595959597,1,792,1,1,1,1
238,0514_c0005_015.jpg,514,4,-1,True,175,8550,0.8595951411386338,0.2141982864137087,1,817,1,1,1,1
239,0514_c0005_020.jpg,514,4,-1,True,175,8550,0.8618785436742112,0.20759193357058126,1,843,1,1,1,1
240,0514_c0006_000.jpg,514,5,-1,True,175,8550,0.8594737180308373,0.19818799546998866,1,883,1,1,1,1
241,0514_c0006_005.jpg,514,5,-1,True,175,8550,0.8843064345891182,0.20138089758342922,1,869,1,1,1,1
242,0514_c0006_010.jpg,514,5,-1,True,175,8550,0.890237664470598,0.20372526193247964,1,859,1,1,1,1
243,0514_c0006_015.jpg,514,5,-1,True,175,8550,0.88398634589458,0.2023121387283237,1,865,1,1,1,1
244,0514_c0006_020.jpg,514,5,-1,True,175,8550,0.8941662682458944,0.20372526193247964,1,859,1,1,1,1
245,0514_c0007_000.jpg,514,6,-1,True,175,8550,0.8969158831266116,0.19640852974186307,1,891,1,1,1,1
246,0514_c0007_005.jpg,514,6,-1,True,175,8550,0.8976614845848654,0.1984126984126984,1,882,1,1,1,1
247,0514_c0007_010.jpg,514,6,-1,True,175,8550,0.8967697078059619,0.19662921348314608,1,890,1,1,1,1
248,0514_c0007_015.jpg,514,6,-1,True,175,8550,0.8986670524605821,0.19422863485016648,1,901,1,1,1,1
249,0514_c0007_020.jpg,514,6,-1,True,175,8550,0.8971969015689719,0.19908987485779295,1,879,1,1,1,1
250,0514_c0008_000.jpg,514,7,-1,True,175,8550,0.8737357351141086,0.2311756935270806,1,757,1,1,1,1
251,0514_c0008_005.jpg,514,7,-1,True,175,8550,0.8801201532035999,0.24238227146814403,1,722,1,1,1,1
252,0514_c0008_010.jpg,514,7,-1,True,175,8550,0.8772721976564666,0.23178807947019867,1,755,1,1,1,1
253,0514_c0008_015.jpg,514,7,-1,True,175,8550,0.8980001593412401,0.26119402985074625,1,670,1,1,1,1
254,0514_c0008_020.jpg,514,7,-1,True,175,8550,0.8946734117103071,0.2517985611510791,1,695,1,1,1,1
255,0516_c0001_000.jpg,516,0,-1,True,75,8550,0.649127059819546,0.35545023696682465,1,211,1,1,1,1
256,0516_c0001_005.jpg,516,0,-1,True,75,8550,0.7058144606105607,0.375,1,200,1,1,1,1
257,0516_c0001_010.jpg,516,0,-1,True,75,8550,0.7036638078792438,0.390625,1,192,1,1,1,1
258,0516_c0001_015.jpg,516,0,-1,True,75,8550,0.6660377888353405,0.3768844221105528,1,199,1,1,1,1
259,0516_c0001_020.jpg,516,0,-1,True,75,8550,0.3896982118203868,0.2358490566037736,1,318,1,1,1,1
260,0516_c0003_000.jpg,516,2,-1,True,75,8550,0.34883600076280447,0.16853932584269662,9,445,0,0,1,1
261,0516_c0003_005.jpg,516,2,-1,True,75,8550,0.7015675047613731,0.25951557093425603,1,289,1,1,1,1
262,0516_c0003_010.jpg,516,2,-1,True,75,8550,0.9312675787120255,0.625,1,120,1,1,1,1
263,0516_c0003_015.jpg,516,2,-1,True,75,8550,0.8296318496195654,0.3787878787878788,1,198,1,1,1,1
264,0516_c0003_020.jpg,516,2,-1,True,75,8550,0.4046387982724665,0.2032520325203252,1,369,1,1,1,1
265,0516_c0005_000.jpg,516,4,-1,True,75,8550,0.8865616165102133,0.78125,1,96,1,1,1,1
266,0516_c0005_005.jpg,516,4,-1,True,75,8550,0.9853276079162449,0.8426966292134831,1,89,1,1,1,1
267,0516_c0005_010.jpg,516,4,-1,True,75,8550,0.8966209299423121,0.7731958762886598,1,97,1,1,1,1
268,0516_c0005_015.jpg,516,4,-1,True,75,8550,0.8499303292736413,0.7731958762886598,1,97,1,1,1,1
269,0516_c0005_020.jpg,516,4,-1,True,75,8550,0.9182581331713203,0.78125,1,96,1,1,1,1
270,0516_c0006_000.jpg,516,5,-1,True,75,8550,0.9873783912472085,0.8522727272727273,1,88,1,1,1,1
271,0516_c0006_005.jpg,516,5,-1,True,75,8550,0.9684171787322168,0.6637168141592921,1,113,1,1,1,1
272,0516_c0006_010.jpg,516,5,-1,True,75,8550,0.9843750133052686,0.8241758241758241,1,91,1,1,1,1
273,0516_c0006_015.jpg,516,5,-1,True,75,8550,0.9900804981834511,0.8620689655172413,1,87,1,1,1,1
274,0516_c0006_020.jpg,516,5,-1,True,75,8550,0.9873022621721522,0.8620689655172413,1,87,1,1,1,1
275,0518_c0001_000.jpg,518,0,-1,True,100,8550,0.28935054805643085,0.24213075060532688,26,413,0,0,0,0
276,0518_c0001_005.jpg,518,0,-1,True,100,8550,0.20476733798540026,0.23148148148148148,26,432,0,0,0,0
277,0518_c0001_010.jpg,518,0,-1,True,100,8550,0.293482876159448,0.22675736961451248,26,441,0,0,0,0
278,0518_c0001_015.jpg,518,0,-1,True,100,8550,0.25123715733062413,0.2288329519450801,26,437,0,0,0,0
279,0518_c0001_020.jpg,518,0,-1,True,100,8550,0.3176434389554937,0.25125628140703515,25,398,0,0,0,0
280,0518_c0002_000.jpg,518,1,-1,True,100,8550,0.6177808164147003,0.7633587786259542,4,131,0,1,1,1
281,0518_c0002_005.jpg,518,1,-1,True,100,8550,0.6403344020888365,0.7299270072992701,4,137,0,1,1,1
282,0518_c0002_010.jpg,518,1,-1,True,100,8550,0.6090782217051594,0.7299270072992701,10,137,0,0,1,1
283,0518_c0002_015.jpg,518,1,-1,True,100,8550,0.6863509322053818,0.7352941176470589,4,136,0,1,1,1
284,0518_c0002_020.jpg,518,1,-1,True,100,8550,0.6699702131257778,0.7299270072992701,4,137,0,1,1,1
285,0518_c0003_000.jpg,518,2,-1,True,100,8550,0.32977913688921034,0.23923444976076555,1,418,1,1,1,1
286,0518_c0003_005.jpg,518,2,-1,True,100,8550,0.667348880140617,0.28901734104046245,1,346,1,1,1,1
287,0518_c0003_010.jpg,518,2,-1,True,100,8550,0.6881951468246638,0.33783783783783783,1,296,1,1,1,1
288,0518_c0003_015.jpg,518,2,-1,True,100,8550,0.7193943140362478,0.3787878787878788,1,264,1,1,1,1
289,0518_c0003_020.jpg,518,2,-1,True,100,8550,0.7678577999727385,0.4032258064516129,1,248,1,1,1,1
290,0518_c0005_000.jpg,518,4,-1,True,100,8550,0.6912785886612584,0.3861003861003861,1,259,1,1,1,1
291,0518_c0005_005.jpg,518,4,-1,True,100,8550,0.6978037032970594,0.42735042735042733,1,234,1,1,1,1
292,0518_c0005_010.jpg,518,4,-1,True,100,8550,0.7324948958901878,0.45454545454545453,1,220,1,1,1,1
293,0518_c0005_015.jpg,518,4,-1,True,100,8550,0.733210677700839,0.4694835680751174,1,213,1,1,1,1
294,0518_c0005_020.jpg,518,4,-1,True,100,8550,0.7364043897185638,0.4672897196261682,1,214,1,1,1,1
295,0518_c0006_000.jpg,518,5,-1,True,100,8550,0.6336279555728374,0.2570694087403599,1,389,1,1,1,1
296,0518_c0006_005.jpg,518,5,-1,True,100,8550,0.6410634496856952,0.26109660574412535,1,383,1,1,1,1
297,0518_c0006_010.jpg,518,5,-1,True,100,8550,0.6376104941651224,0.2604166666666667,1,384,1,1,1,1
298,0518_c0006_015.jpg,518,5,-1,True,100,8550,0.6500131079959404,0.26109660574412535,1,383,1,1,1,1
299,0518_c0006_020.jpg,518,5,-1,True,100,8550,0.662471899016029,0.25839793281653745,1,387,1,1,1,1
300,0520_c0001_000.jpg,520,0,-1,True,150,8550,0.5255416636467839,0.34324942791762014,1,437,1,1,1,1
301,0520_c0001_005.jpg,520,0,-1,True,150,8550,0.5402403760875899,0.35046728971962615,1,428,1,1,1,1
302,0520_c0001_010.jpg,520,0,-1,True,150,8550,0.5626741536882349,0.3067484662576687,1,489,1,1,1,1
303,0520_c0001_015.jpg,520,0,-1,True,150,8550,0.6027218156064187,0.3409090909090909,1,440,1,1,1,1
304,0520_c0001_020.jpg,520,0,-1,True,150,8550,0.5511489803835815,0.35629453681710216,1,421,1,1,1,1
305,0520_c0002_000.jpg,520,1,-1,True,150,8550,0.9946130156434593,0.8152173913043478,1,184,1,1,1,1
306,0520_c0002_005.jpg,520,1,-1,True,150,8550,0.9917275206376656,0.8064516129032258,1,186,1,1,1,1
307,0520_c0002_010.jpg,520,1,-1,True,150,8550,0.9813061927158299,0.7978723404255319,1,188,1,1,1,1
308,0520_c0002_015.jpg,520,1,-1,True,150,8550,0.9905174369446949,0.8064516129032258,1,186,1,1,1,1
309,0520_c0002_020.jpg,520,1,-1,True,150,8550,0.9942757680641986,0.7731958762886598,1,194,1,1,1,1
310,0520_c0004_000.jpg,520,3,-1,True,150,8550,0.909602305765629,0.37593984962406013,1,399,1,1,1,1
311,0520_c0004_005.jpg,520,3,-1,True,150,8550,0.9298011570292863,0.40540540540540543,1,370,1,1,1,1
312,0520_c0004_010.jpg,520,3,-1,True,150,8550,0.9382374713743146,0.4297994269340974,1,349,1,1,1,1
313,0520_c0004_015.jpg,520,3,-1,True,150,8550,0.9198849692887238,0.38071065989847713,1,394,1,1,1,1
314,0520_c0004_020.jpg,520,3,-1,True,150,8550,0.9019627630622737,0.37037037037037035,1,405,1,1,1,1
315,0520_c0005_000.jpg,520,4,-1,True,150,8550,0.7236361310825237,0.3614457831325301,1,415,1,1,1,1
316,0520_c0005_005.jpg,520,4,-1,True,150,8550,0.7153541900778474,0.35294117647058826,1,425,1,1,1,1
317,0520_c0005_010.jpg,520,4,-1,True,150,8550,0.687742578037807,0.3409090909090909,1,440,1,1,1,1
318,0520_c0005_015.jpg,520,4,-1,True,150,8550,0.6777920028679103,0.35377358490566035,1,424,1,1,1,1
319,0520_c0005_020.jpg,520,4,-1,True,150,8550,0.6825267956950076,0.336322869955157,1,446,1,1,1,1
320,0520_c0006_000.jpg,520,5,-1,True,150,8550,1.0,1.0,1,150,1,1,1,1
321,0520_c0006_005.jpg,520,5,-1,True,150,8550,1.0,1.0,1,150,1,1,1,1
322,0520_c0006_010.jpg,520,5,-1,True,150,8550,1.0,1.0,1,150,1,1,1,1
323,0520_c0006_015.jpg,520,5,-1,True,150,8550,1.0,1.0,1,150,1,1,1,1
324,0520_c0006_020.jpg,520,5,-1,True,150,8550,1.0,1.0,1,150,1,1,1,1
325,0520_c0007_000.jpg,520,6,-1,True,150,8550,1.0,1.0,1,150,1,1,1,1
326,0520_c0007_005.jpg,520,6,-1,True,150,8550,1.0,1.0,1,150,1,1,1,1
327,0520_c0007_010.jpg,520,6,-1,True,150,8550,1.0,1.0,1,150,1,1,1,1
328,0520_c0007_015.jpg,520,6,-1,True,150,8550,0.9997823953823954,0.974025974025974,1,154,1,1,1,1
329,0520_c0007_020.jpg,520,6,-1,True,150,8550,1.0,1.0,1,150,1,1,1,1
330,0520_c0008_000.jpg,520,7,-1,True,150,8550,0.9285116550866527,0.4573170731707317,1,328,1,1,1,1
331,0520_c0008_005.jpg,520,7,-1,True,150,8550,0.9175040173781432,0.4143646408839779,1,362,1,1,1,1
332,0520_c0008_010.jpg,520,7,-1,True,150,8550,0.907114321923472,0.375,1,400,1,1,1,1
333,0520_c0008_015.jpg,520,7,-1,True,150,8550,0.978651674220885,0.5357142857142857,1,280,1,1,1,1
334,0520_c0008_020.jpg,520,7,-1,True,150,8550,0.9377401427684409,0.4437869822485207,1,338,1,1,1,1
335,0522_c0001_000.jpg,522,0,-1,True,150,8550,0.3937350277614815,0.040311744154797095,1,3721,1,1,1,1
336,0522_c0001_005.jpg,522,0,-1,True,150,8550,0.3544688153256822,0.04411764705882353,1,3400,1,1,1,1
337,0522_c0001_010.jpg,522,0,-1,True,150,8550,0.46082653678490476,0.03601440576230492,1,4165,1,1,1,1
338,0522_c0001_015.jpg,522,0,-1,True,150,8550,0.3921607249797122,0.044816253361219,1,3347,1,1,1,1
339,0522_c0001_020.jpg,522,0,-1,True,150,8550,0.4664395719927303,0.04584352078239609,1,3272,1,1,1,1
340,0522_c0002_000.jpg,522,1,-1,True,150,8550,0.5585733431593037,0.03894080996884735,1,3852,1,1,1,1
341,0522_c0002_005.jpg,522,1,-1,True,150,8550,0.4849809413800463,0.04374453193350831,7,3429,0,0,1,1
342,0522_c0002_010.jpg,522,1,-1,True,150,8550,0.5872831846120727,0.04968532626697582,1,3019,1,1,1,1
343,0522_c0002_015.jpg,522,1,-1,True,150,8550,0.5984749726860455,0.044722719141323794,1,3354,1,1,1,1
344,0522_c0002_020.jpg,522,1,-1,True,150,8550,0.4423328151183814,0.046511627906976744,10,3225,0,0,1,1
345,0522_c0004_000.jpg,522,3,-1,True,150,8550,0.19184173862989534,0.0885478158205431,14,1694,0,0,0,1
346,0522_c0004_005.jpg,522,3,-1,True,150,8550,0.19124143446090433,0.07780082987551867,18,1928,0,0,0,1
347,0522_c0004_010.jpg,522,3,-1,True,150,8550,0.19662507555344488,0.07530120481927711,16,1992,0,0,0,1
348,0522_c0004_015.jpg,522,3,-1,True,150,8550,0.20578429027093642,0.08488964346349745,12,1767,0,0,0,1
349,0522_c0004_020.jpg,522,3,-1,True,150,8550,0.21103643093306143,0.08537279453614115,13,1757,0,0,0,1
350,0522_c0005_000.jpg,522,4,-1,True,150,8550,0.0167269647811509,0.023870146403564607,2454,6284,0,0,0,0
351,0522_c0005_005.jpg,522,4,-1,True,150,8550,0.019489056191333058,0.028500855025650768,1932,5263,0,0,0,0
352,0522_c0005_010.jpg,522,4,-1,True,150,8550,0.017080954380309675,0.026862464183381087,2495,5584,0,0,0,0
353,0522_c0005_015.jpg,522,4,-1,True,150,8550,0.017890982256552522,0.028409090909090908,2384,5280,0,0,0,0
354,0522_c0005_020.jpg,522,4,-1,True,150,8550,0.01821696669285224,0.028896166441918704,2534,5191,0,0,0,0
355,0522_c0006_000.jpg,522,5,-1,True,150,8550,0.6435258983273375,0.03602305475504323,1,4164,1,1,1,1
356,0522_c0006_005.jpg,522,5,-1,True,150,8550,0.5849371800622928,0.03550295857988166,1,4225,1,1,1,1
357,0522_c0006_010.jpg,522,5,-1,True,150,8550,0.6136071623957758,0.03654080389768575,1,4105,1,1,1,1
358,0522_c0006_015.jpg,522,5,-1,True,150,8550,0.6112903912785146,0.033921302578018994,1,4422,1,1,1,1
359,0522_c0006_020.jpg,522,5,-1,True,150,8550,0.5858571950024163,0.03559563360227812,1,4214,1,1,1,1
360,0522_c0007_000.jpg,522,6,-1,True,150,8550,0.2457850812829136,0.061000406669377796,9,2459,0,0,1,1
361,0522_c0007_005.jpg,522,6,-1,True,150,8550,0.2168686064978468,0.05893909626719057,20,2545,0,0,0,1
362,0522_c0007_010.jpg,522,6,-1,True,150,8550,0.22613312270026378,0.06097560975609756,11,2460,0,0,0,1
363,0522_c0007_015.jpg,522,6,-1,True,150,8550,0.23705854094375303,0.05907837731390311,14,2539,0,0,0,1
364,0522_c0007_020.jpg,522,6,-1,True,150,8550,0.26676697308797087,0.05255781359495445,3,2854,0,1,1,1
365,0522_c0008_000.jpg,522,7,-1,True,150,8550,0.6995729557788992,0.03672869735553379,1,4084,1,1,1,1
366,0522_c0008_005.jpg,522,7,-1,True,150,8550,0.5821353969370162,0.035046728971962614,1,4280,1,1,1,1
367,0522_c0008_010.jpg,522,7,-1,True,150,8550,0.6394125639240764,0.03532736693358455,1,4246,1,1,1,1
368,0522_c0008_015.jpg,522,7,-1,True,150,8550,0.672195985681691,0.035452611675726775,1,4231,1,1,1,1
369,0522_c0008_020.jpg,522,7,-1,True,150,8550,0.6673247037864016,0.03403675970047652,1,4407,1,1,1,1
370,0524_c0001_000.jpg,524,0,-1,True,175,8550,0.9604038768022221,0.68359375,1,256,1,1,1,1
371,0524_c0001_005.jpg,524,0,-1,True,175,8550,0.9573334208959587,0.6944444444444444,1,252,1,1,1,1
372,0524_c0001_010.jpg,524,0,-1,True,175,8550,0.9673747770505734,0.7478632478632479,1,234,1,1,1,1
373,0524_c0001_015.jpg,524,0,-1,True,175,8550,0.9863698125208712,0.8536585365853658,1,205,1,1,1,1
374,0524_c0001_020.jpg,524,0,-1,True,175,8550,0.9771999378450471,0.8064516129032258,1,217,1,1,1,1
375,0524_c0002_000.jpg,524,1,-1,True,175,8550,0.9568288303220377,0.6410256410256411,1,273,1,1,1,1
376,0524_c0002_005.jpg,524,1,-1,True,175,8550,0.7692746780737122,0.5384615384615384,1,325,1,1,1,1
377,0524_c0002_010.jpg,524,1,-1,True,175,8550,0.8903697417069064,0.587248322147651,1,298,1,1,1,1
378,0524_c0002_015.jpg,524,1,-1,True,175,8550,0.8534426816592883,0.7,1,250,1,1,1,1
379,0524_c0002_020.jpg,524,1,-1,True,175,8550,0.967156918586398,0.7743362831858407,1,226,1,1,1,1
380,0524_c0003_000.jpg,524,2,-1,True,175,8550,1.0,1.0,1,175,1,1,1,1
381,0524_c0003_005.jpg,524,2,-1,True,175,8550,1.0,1.0,1,175,1,1,1,1
382,0524_c0003_010.jpg,524,2,-1,True,175,8550,0.9999354317998385,0.9887005649717514,1,177,1,1,1,1
383,0524_c0003_015.jpg,524,2,-1,True,175,8550,1.0,1.0,1,175,1,1,1,1
384,0524_c0003_020.jpg,524,2,-1,True,175,8550,1.0,1.0,1,175,1,1,1,1
385,0524_c0004_000.jpg,524,3,-1,True,175,8550,0.7195662660339445,0.3995433789954338,1,438,1,1,1,1
386,0524_c0004_005.jpg,524,3,-1,True,175,8550,0.6749553546619294,0.3812636165577342,1,459,1,1,1,1
387,0524_c0004_010.jpg,524,3,-1,True,175,8550,0.6598297602457636,0.3528225806451613,1,496,1,1,1,1
388,0524_c0004_015.jpg,524,3,-1,True,175,8550,0.5553244840531416,0.31992687385740404,1,547,1,1,1,1
389,0524_c0004_020.jpg,524,3,-1,True,175,8550,0.5620322787792945,0.3295668549905838,1,531,1,1,1,1
390,0524_c0005_000.jpg,524,4,-1,True,175,8550,0.9999675324675324,0.9943181818181818,1,176,1,1,1,1
391,0524_c0005_005.jpg,524,4,-1,True,175,8550,1.0,1.0,1,175,1,1,1,1
392,0524_c0005_010.jpg,524,4,-1,True,175,8550,1.0,1.0,1,175,1,1,1,1
393,0524_c0005_015.jpg,524,4,-1,True,175,8550,1.0,1.0,1,175,1,1,1,1
394,0524_c0005_020.jpg,524,4,-1,True,175,8550,1.0,1.0,1,175,1,1,1,1
395,0524_c0006_000.jpg,524,5,-1,True,175,8550,0.9834074610450824,0.7847533632286996,1,223,1,1,1,1
396,0524_c0006_005.jpg,524,5,-1,True,175,8550,0.976013722573064,0.7543103448275862,1,232,1,1,1,1
397,0524_c0006_010.jpg,524,5,-1,True,175,8550,0.9778491370185854,0.7777777777777778,1,225,1,1,1,1
398,0524_c0006_015.jpg,524,5,-1,True,175,8550,0.9885303642068027,0.8177570093457944,1,214,1,1,1,1
399,0524_c0006_020.jpg,524,5,-1,True,175,8550,0.9709291047774522,0.6972111553784861,1,251,1,1,1,1
400,0524_c0007_000.jpg,524,6,-1,True,175,8550,0.8564832526422261,0.45103092783505155,1,388,1,1,1,1
401,0524_c0007_005.jpg,524,6,-1,True,175,8550,0.9116555061333507,0.625,1,280,1,1,1,1
402,0524_c0007_010.jpg,524,6,-1,True,175,8550,0.9140073024299824,0.6809338521400778,1,257,1,1,1,1
403,0524_c0007_015.jpg,524,6,-1,True,175,8550,0.9030082989819564,0.720164609053498,1,243,1,1,1,1
404,0524_c0007_020.jpg,524,6,-1,True,175,8550,0.9671736563339722,0.7954545454545454,1,220,1,1,1,1
405,0524_c0008_000.jpg,524,7,-1,True,175,8550,0.9999036918138042,0.9831460674157303,1,178,1,1,1,1
406,0524_c0008_005.jpg,524,7,-1,True,175,8550,0.9999027787386141,0.9887005649717514,1,177,1,1,1,1
407,0524_c0008_010.jpg,524,7,-1,True,175,8550,0.9988413385026141,0.8578431372549019,1,204,1,1,1,1
408,0524_c0008_015.jpg,524,7,-1,True,175,8550,0.9984741334419737,0.8293838862559242,1,211,1,1,1,1
409,0524_c0008_020.jpg,524,7,-1,True,175,8550,0.9997802197802197,0.9615384615384616,1,182,1,1,1,1
410,0526_c0001_000.jpg,526,0,-1,True,50,8550,0.025216067512795242,0.025839793281653745,311,1935,0,0,0,0
411,0526_c0001_005.jpg,526,0,-1,True,50,8550,0.024794784509838075,0.034223134839151265,493,1461,0,0,0,0
412,0526_c0001_010.jpg,526,0,-1,True,50,8550,0.030693857980872014,0.03403675970047652,239,1469,0,0,0,0
413,0526_c0001_015.jpg,526,0,-1,True,50,8550,0.03009696729529264,0.03837298541826554,281,1303,0,0,0,0
414,0526_c0001_020.jpg,526,0,-1,True,50,8550,0.060762585413471105,0.044722719141323794,84,1118,0,0,0,0
415,0526_c0003_000.jpg,526,2,-1,True,50,8550,0.0657597356602686,0.02632964718272775,111,1899,0,0,0,0
416,0526_c0003_005.jpg,526,2,-1,True,50,8550,0.06446784384986161,0.03531073446327684,127,1416,0,0,0,0
417,0526_c0003_010.jpg,526,2,-1,True,50,8550,0.06241800681882663,0.03394433129667346,140,1473,0,0,0,0
418,0526_c0003_015.jpg,526,2,-1,True,50,8550,0.06244212050270636,0.033852403520649964,132,1477,0,0,0,0
419,0526_c0003_020.jpg,526,2,-1,True,50,8550,0.07122599985611626,0.04672897196261682,137,1070,0,0,0,0
420,0526_c0005_000.jpg,526,4,-1,True,50,8550,0.11658680351209424,0.09074410163339383,32,551,0,0,0,0
421,0526_c0005_005.jpg,526,4,-1,True,50,8550,0.13296195376671657,0.09174311926605505,35,545,0,0,0,0
422,0526_c0005_010.jpg,526,4,-1,True,50,8550,0.1171683673006371,0.06963788300835655,35,718,0,0,0,0
423,0526_c0005_015.jpg,526,4,-1,True,50,8550,0.1024627481211918,0.05192107995846314,48,963,0,0,0,0
424,0526_c0005_020.jpg,526,4,-1,True,50,8550,0.13091088601984555,0.07836990595611286,32,638,0,0,0,0
425,0528_c0001_000.jpg,528,0,-1,True,150,8550,0.9636754115909683,0.5514705882352942,1,272,1,1,1,1
426,0528_c0001_005.jpg,528,0,-1,True,150,8550,0.9646862152289816,0.5494505494505495,1,273,1,1,1,1
427,0528_c0001_010.jpg,528,0,-1,True,150,8550,0.9456434248960941,0.5555555555555556,1,270,1,1,1,1
428,0528_c0001_015.jpg,528,0,-1,True,150,8550,0.9711303193802625,0.6198347107438017,1,242,1,1,1,1
429,0528_c0001_020.jpg,528,0,-1,True,150,8550,0.9577827635033662,0.5494505494505495,1,273,1,1,1,1
430,0528_c0002_000.jpg,528,1,-1,True,150,8550,0.1561516575476948,0.19157088122605365,156,783,0,0,0,0
431,0528_c0002_005.jpg,528,1,-1,True,150,8550,0.15502018006731774,0.18248175182481752,141,822,0,0,0,0
432,0528_c0002_010.jpg,528,1,-1,True,150,8550,0.15406349277013162,0.1835985312117503,145,817,0,0,0,0
433,0528_c0002_015.jpg,528,1,-1,True,150,8550,0.11940758604029862,0.13297872340425532,241,1128,0,0,0,0
434,0528_c0002_020.jpg,528,1,-1,True,150,8550,0.1296945656732431,0.1457725947521866,215,1029,0,0,0,0
435,0528_c0003_000.jpg,528,2,-1,True,150,8550,0.8265248984684249,0.3125,1,480,1,1,1,1
436,0528_c0003_005.jpg,528,2,-1,True,150,8550,0.8094875728604165,0.30120481927710846,1,498,1,1,1,1
437,0528_c0003_010.jpg,528,2,-1,True,150,8550,0.8063745779036838,0.28735632183908044,1,522,1,1,1,1
438,0528_c0003_015.jpg,528,2,-1,True,150,8550,0.8186227993619878,0.2912621359223301,1,515,1,1,1,1
439,0528_c0003_020.jpg,528,2,-1,True,150,8550,0.8221888202730585,0.29469548133595286,1,509,1,1,1,1
440,0528_c0004_000.jpg,528,3,-1,True,150,8550,0.9451671991148165,0.5454545454545454,1,275,1,1,1,1
441,0528_c0004_005.jpg,528,3,-1,True,150,8550,0.9011834547399722,0.5119453924914675,1,293,1,1,1,1
442,0528_c0004_010.jpg,528,3,-1,True,150,8550,0.9371195287406041,0.5067567567567568,1,296,1,1,1,1
443,0528_c0004_015.jpg,528,3,-1,True,150,8550,0.9210959361989883,0.47619047619047616,1,315,1,1,1,1
444,0528_c0004_020.jpg,528,3,-1,True,150,8550,0.9451238019142693,0.5244755244755245,1,286,1,1,1,1
445,0528_c0005_000.jpg,528,4,-1,True,150,8550,0.7891237630360478,0.3694581280788177,1,406,1,1,1,1
446,0528_c0005_005.jpg,528,4,-1,True,150,8550,0.7942608858828356,0.40106951871657753,1,374,1,1,1,1
447,0528_c0005_010.jpg,528,4,-1,True,150,8550,0.7930410205299367,0.38071065989847713,1,394,1,1,1,1
448,0528_c0005_015.jpg,528,4,-1,True,150,8550,0.7920459561395203,0.36319612590799033,1,413,1,1,1,1
449,0528_c0005_020.jpg,528,4,-1,True,150,8550,0.7892741482129427,0.351288056206089,1,427,1,1,1,1
450,0528_c0006_000.jpg,528,5,-1,True,150,8550,0.8615517130070206,0.4087193460490463,1,367,1,1,1,1
451,0528_c0006_005.jpg,528,5,-1,True,150,8550,0.8590839040107494,0.39893617021276595,1,376,1,1,1,1
452,0528_c0006_010.jpg,528,5,-1,True,150,8550,0.8637533492192627,0.48231511254019294,1,311,1,1,1,1
453,0528_c0006_015.jpg,528,5,-1,True,150,8550,0.8721091880555025,0.5,1,300,1,1,1,1
454,0528_c0006_020.jpg,528,5,-1,True,150,8550,0.9039406684559795,0.5882352941176471,1,255,1,1,1,1
455,0528_c0007_000.jpg,528,6,-1,True,150,8550,0.8231398829796402,0.4225352112676056,1,355,1,1,1,1
456,0528_c0007_005.jpg,528,6,-1,True,150,8550,0.8272313534501893,0.3937007874015748,1,381,1,1,1,1
457,0528_c0007_010.jpg,528,6,-1,True,150,8550,0.8339865666756408,0.4132231404958678,1,363,1,1,1,1
458,0528_c0007_015.jpg,528,6,-1,True,150,8550,0.8299224733795414,0.4076086956521739,1,368,1,1,1,1
459,0528_c0007_020.jpg,528,6,-1,True,150,8550,0.830865918098107,0.4098360655737705,1,366,1,1,1,1
460,0530_c0001_000.jpg,530,0,-1,True,150,8550,0.4953352188159891,0.37037037037037035,1,405,1,1,1,1
461,0530_c0001_005.jpg,530,0,-1,True,150,8550,0.5074385464156135,0.4065040650406504,1,369,1,1,1,1
462,0530_c0001_010.jpg,530,0,-1,True,150,8550,0.5280233194881246,0.44776119402985076,1,335,1,1,1,1
463,0530_c0001_015.jpg,530,0,-1,True,150,8550,0.5370031104332952,0.4424778761061947,1,339,1,1,1,1
464,0530_c0001_020.jpg,530,0,-1,True,150,8550,0.5255364920905876,0.42016806722689076,1,357,1,1,1,1
465,0530_c0002_000.jpg,530,1,-1,True,150,8550,0.6255269983049262,0.3740648379052369,1,401,1,1,1,1
466,0530_c0002_005.jpg,530,1,-1,True,150,8550,0.5848810632635826,0.44510385756676557,1,337,1,1,1,1
467,0530_c0002_010.jpg,530,1,-1,True,150,8550,0.4235990790383893,0.46153846153846156,3,325,0,1,1,1
468,0530_c0002_015.jpg,530,1,-1,True,150,8550,0.5093068216423234,0.46153846153846156,1,325,1,1,1,1
469,0530_c0002_020.jpg,530,1,-1,True,150,8550,0.5710864741808059,0.4702194357366771,1,319,1,1,1,1
470,0530_c0003_000.jpg,530,2,-1,True,150,8550,0.5095210397361034,0.20435967302452315,1,734,1,1,1,1
471,0530_c0003_005.jpg,530,2,-1,True,150,8550,0.5476239001339878,0.20270270270270271,1,740,1,1,1,1
472,0530_c0003_010.jpg,530,2,-1,True,150,8550,0.45998698784883896,0.1905972045743329,1,787,1,1,1,1
473,0530_c0003_015.jpg,530,2,-1,True,150,8550,0.44500938802160855,0.18915510718789408,1,793,1,1,1,1
474,0530_c0003_020.jpg,530,2,-1,True,150,8550,0.5936257065622692,0.19404915912031048,1,773,1,1,1,1
475,0530_c0004_000.jpg,530,3,-1,True,150,8550,0.7321184446752077,0.3125,1,480,1,1,1,1
476,0530_c0004_005.jpg,530,3,-1,True,150,8550,0.7046899573650405,0.24311183144246354,1,617,1,1,1,1
477,0530_c0004_010.jpg,530,3,-1,True,150,8550,0.6302175165102651,0.22727272727272727,1,660,1,1,1,1
478,0530_c0004_015.jpg,530,3,-1,True,150,8550,0.6941382168314993,0.2542372881355932,1,590,1,1,1,1
479,0530_c0004_020.jpg,530,3,-1,True,150,8550,0.6523568672556956,0.40214477211796246,1,373,1,1,1,1
480,0530_c0005_000.jpg,530,4,-1,True,150,8550,0.6592630657787049,0.3282275711159737,1,457,1,1,1,1
481,0530_c0005_005.jpg,530,4,-1,True,150,8550,0.6587600940581967,0.26881720430107525,1,558,1,1,1,1
482,0530_c0005_010.jpg,530,4,-1,True,150,8550,0.6305414425904589,0.2777777777777778,1,540,1,1,1,1
483,0530_c0005_015.jpg,530,4,-1,True,150,8550,0.6386888830325068,0.3125,1,480,1,1,1,1
484,0530_c0005_020.jpg,530,4,-1,True,150,8550,0.6456044201630048,0.33112582781456956,1,453,1,1,1,1
485,0530_c0006_000.jpg,530,5,-1,True,150,8550,0.7185368175540602,0.22189349112426035,1,676,1,1,1,1
486,0530_c0006_005.jpg,530,5,-1,True,150,8550,0.7069916558042646,0.2077562326869806,1,722,1,1,1,1
487,0530_c0006_010.jpg,530,5,-1,True,150,8550,0.7213349277013428,0.22058823529411764,1,680,1,1,1,1
488,0530_c0006_015.jpg,530,5,-1,True,150,8550,0.7157170805634666,0.29411764705882354,1,510,1,1,1,1
489,0530_c0006_020.jpg,530,5,-1,True,150,8550,0.754578090200233,0.2170767004341534,1,691,1,1,1,1
490,0530_c0008_000.jpg,530,7,-1,True,150,8550,0.4639760055214592,0.45045045045045046,1,333,1,1,1,1
491,0530_c0008_005.jpg,530,7,-1,True,150,8550,0.49506538716215287,0.4424778761061947,1,339,1,1,1,1
492,0530_c0008_010.jpg,530,7,-1,True,150,8550,0.4769483925591218,0.4411764705882353,1,340,1,1,1,1
493,0530_c0008_015.jpg,530,7,-1,True,150,8550,0.47437403689334795,0.4411764705882353,1,340,1,1,1,1
494,0530_c0008_020.jpg,530,7,-1,True,150,8550,0.48368460337804225,0.4398826979472141,1,341,1,1,1,1
495,0532_c0001_000.jpg,532,0,-1,True,175,8550,0.9640396925340002,0.8413461538461539,1,208,1,1,1,1
496,0532_c0001_005.jpg,532,0,-1,True,175,8550,0.9663926338066051,0.8495145631067961,1,206,1,1,1,1
497,0532_c0001_010.jpg,532,0,-1,True,175,8550,0.9668187019501082,0.8578431372549019,1,204,1,1,1,1
498,0532_c0001_015.jpg,532,0,-1,True,175,8550,0.9640444437740374,0.8495145631067961,1,206,1,1,1,1
499,0532_c0001_020.jpg,532,0,-1,True,175,8550,0.9602303802276704,0.813953488372093,1,215,1,1,1,1
500,0532_c0002_000.jpg,532,1,-1,True,175,8550,0.7815191072951422,0.4943502824858757,1,354,1,1,1,1
501,0532_c0002_005.jpg,532,1,-1,True,175,8550,0.7651197605536129,0.4716981132075472,1,371,1,1,1,1
502,0532_c0002_010.jpg,532,1,-1,True,175,8550,0.7726465612927158,0.43316831683168316,1,404,1,1,1,1
503,0532_c0002_015.jpg,532,1,-1,True,175,8550,0.7891940750119121,0.4768392370572207,1,367,1,1,1,1
504,0532_c0002_020.jpg,532,1,-1,True,175,8550,0.6998830366015645,0.4430379746835443,1,395,1,1,1,1
505,0532_c0003_000.jpg,532,2,-1,True,175,8550,0.8498406833247983,0.4691689008042895,1,373,1,1,1,1
506,0532_c0003_005.jpg,532,2,-1,True,175,8550,0.8360870388091192,0.4666666666666667,1,375,1,1,1,1
507,0532_c0003_010.jpg,532,2,-1,True,175,8550,0.8780523607928304,0.541795665634675,1,323,1,1,1,1
508,0532_c0003_015.jpg,532,2,-1,True,175,8550,0.8099275471259564,0.4605263157894737,1,380,1,1,1,1
509,0532_c0003_020.jpg,532,2,-1,True,175,8550,0.8389880820191384,0.49295774647887325,1,355,1,1,1,1
510,0532_c0004_000.jpg,532,3,-1,True,175,8550,0.9496596308105294,0.7231404958677686,1,242,1,1,1,1
511,0532_c0004_005.jpg,532,3,-1,True,175,8550,0.9391983666238402,0.7446808510638298,1,235,1,1,1,1
512,0532_c0004_010.jpg,532,3,-1,True,175,8550,1.0,1.0,1,175,1,1,1,1
513,0532_c0004_015.jpg,532,3,-1,True,175,8550,1.0,1.0,1,175,1,1,1,1
514,0532_c0004_020.jpg,532,3,-1,True,175,8550,1.0,1.0,1,175,1,1,1,1
515,0532_c0005_000.jpg,532,4,-1,True,175,8550,1.0,1.0,1,175,1,1,1,1
516,0532_c0005_005.jpg,532,4,-1,True,175,8550,1.0,1.0,1,175,1,1,1,1
517,0532_c0005_010.jpg,532,4,-1,True,175,8550,1.0,1.0,1,175,1,1,1,1
518,0532_c0005_015.jpg,532,4,-1,True,175,8550,0.9999348794063079,0.9943181818181818,1,176,1,1,1,1
519,0532_c0005_020.jpg,532,4,-1,True,175,8550,0.9999348794063079,0.9943181818181818,1,176,1,1,1,1
520,0532_c0006_000.jpg,532,5,-1,True,175,8550,0.8723012870202107,0.501432664756447,1,349,1,1,1,1
521,0532_c0006_005.jpg,532,5,-1,True,175,8550,0.9544242886830105,0.7478632478632479,1,234,1,1,1,1
522,0532_c0006_010.jpg,532,5,-1,True,175,8550,0.9146997443058056,0.6653992395437263,1,263,1,1,1,1
523,0532_c0006_015.jpg,532,5,-1,True,175,8550,0.9169470266668794,0.6457564575645757,1,271,1,1,1,1
524,0532_c0006_020.jpg,532,5,-1,True,175,8550,0.9337795881451961,0.6862745098039216,1,255,1,1,1,1
525,0532_c0007_000.jpg,532,6,-1,True,175,8550,1.0,1.0,1,175,1,1,1,1
526,0532_c0007_005.jpg,532,6,-1,True,175,8550,1.0,1.0,1,175,1,1,1,1
527,0532_c0007_010.jpg,532,6,-1,True,175,8550,1.0,1.0,1,175,1,1,1,1
528,0532_c0007_015.jpg,532,6,-1,True,175,8550,0.999371479425765,0.9358288770053476,1,187,1,1,1,1
529,0532_c0007_020.jpg,532,6,-1,True,175,8550,1.0,1.0,1,175,1,1,1,1
530,0532_c0008_000.jpg,532,7,-1,True,175,8550,0.7564598172499953,0.3968253968253968,1,441,1,1,1,1
531,0532_c0008_005.jpg,532,7,-1,True,175,8550,0.7263921818786678,0.39149888143176736,1,447,1,1,1,1
532,0532_c0008_010.jpg,532,7,-1,True,175,8550,0.733099384340552,0.38377192982456143,1,456,1,1,1,1
533,0532_c0008_015.jpg,532,7,-1,True,175,8550,0.6925307520574071,0.3804347826086957,1,460,1,1,1,1
534,0532_c0008_020.jpg,532,7,-1,True,175,8550,0.820020103587254,0.47043010752688175,1,372,1,1,1,1
535,0534_c0001_000.jpg,534,0,-1,True,150,8550,0.8692689946222212,0.26362038664323373,1,569,1,1,1,1
536,0534_c0001_005.jpg,534,0,-1,True,150,8550,0.8835250413575642,0.26881720430107525,1,558,1,1,1,1
537,0534_c0001_010.jpg,534,0,-1,True,150,8550,0.8769357787533564,0.27472527472527475,1,546,1,1,1,1
538,0534_c0001_015.jpg,534,0,-1,True,150,8550,0.8610310557845245,0.26501766784452296,1,566,1,1,1,1
539,0534_c0001_020.jpg,534,0,-1,True,150,8550,0.8644812573942784,0.24390243902439024,1,615,1,1,1,1
540,0534_c0002_000.jpg,534,1,-1,True,150,8550,0.351050852448152,0.3409090909090909,1,440,1,1,1,1
541,0534_c0002_005.jpg,534,1,-1,True,150,8550,0.34394109357530583,0.33860045146726864,1,443,1,1,1,1
542,0534_c0002_010.jpg,534,1,-1,True,150,8550,0.40147942900591527,0.3712871287128713,1,404,1,1,1,1
543,0534_c0002_015.jpg,534,1,-1,True,150,8550,0.4233592541704432,0.3968253968253968,1,378,1,1,1,1
544,0534_c0002_020.jpg,534,1,-1,True,150,8550,0.407057561632737,0.37220843672456577,1,403,1,1,1,1
545,0534_c0004_000.jpg,534,3,-1,True,150,8550,0.7572060069434879,0.2304147465437788,1,651,1,1,1,1
546,0534_c0004_005.jpg,534,3,-1,True,150,8550,0.7423022150873444,0.24232633279483037,1,619,1,1,1,1
547,0534_c0004_010.jpg,534,3,-1,True,150,8550,0.7654411189930609,0.30612244897959184,1,490,1,1,1,1
548,0534_c0004_015.jpg,534,3,-1,True,150,8550,0.7766666856706261,0.30060120240480964,1,499,1,1,1,1
549,0534_c0004_020.jpg,534,3,-1,True,150,8550,0.7768389768705616,0.31512605042016806,1,476,1,1,1,1
550,0534_c0005_000.jpg,534,4,-1,True,150,8550,0.8006649438253377,0.2835538752362949,1,529,1,1,1,1
551,0534_c0005_005.jpg,534,4,-1,True,150,8550,0.7998134289742395,0.2777777777777778,1,540,1,1,1,1
552,0534_c0005_010.jpg,534,4,-1,True,150,8550,0.7995483613838391,0.27472527472527475,1,546,1,1,1,1
553,0534_c0005_015.jpg,534,4,-1,True,150,8550,0.8115427451342092,0.28901734104046245,1,519,1,1,1,1
554,0534_c0005_020.jpg,534,4,-1,True,150,8550,0.811688414917643,0.2857142857142857,1,525,1,1,1,1
555,0534_c0006_000.jpg,534,5,-1,True,150,8550,0.8130528717767472,0.5882352941176471,1,255,1,1,1,1
556,0534_c0006_005.jpg,534,5,-1,True,150,8550,0.9809554407660755,0.8152173913043478,1,184,1,1,1,1
557,0534_c0006_010.jpg,534,5,-1,True,150,8550,0.8651523928262606,0.6276150627615062,1,239,1,1,1,1
558,0534_c0006_015.jpg,534,5,-1,True,150,8550,0.9941919033570241,0.8771929824561403,1,171,1,1,1,1
559,0534_c0006_020.jpg,534,5,-1,True,150,8550,0.9913572283158533,0.8241758241758241,1,182,1,1,1,1
560,0534_c0007_000.jpg,534,6,-1,True,150,8550,0.8947159968370336,0.3225806451612903,1,465,1,1,1,1
561,0534_c0007_005.jpg,534,6,-1,True,150,8550,0.8832944861525971,0.26881720430107525,1,558,1,1,1,1
562,0534_c0007_010.jpg,534,6,-1,True,150,8550,0.8884740861309847,0.28735632183908044,1,522,1,1,1,1
563,0534_c0007_015.jpg,534,6,-1,True,150,8550,0.889684507067236,0.2846299810246679,1,527,1,1,1,1
564,0534_c0007_020.jpg,534,6,-1,True,150,8550,0.8948070695282926,0.3333333333333333,1,450,1,1,1,1
565,0534_c0008_000.jpg,534,7,-1,True,150,8550,0.8253778787283622,0.28790786948176583,1,521,1,1,1,1
566,0534_c0008_005.jpg,534,7,-1,True,150,8550,0.8073311308658285,0.2631578947368421,1,570,1,1,1,1
567,0534_c0008_010.jpg,534,7,-1,True,150,8550,0.8113013149020942,0.2819548872180451,1,532,1,1,1,1
568,0534_c0008_015.jpg,534,7,-1,True,150,8550,0.800121699355542,0.23923444976076555,1,627,1,1,1,1
569,0534_c0008_020.jpg,534,7,-1,True,150,8550,0.8271873443040821,0.26833631484794274,1,559,1,1,1,1
570,0536_c0001_000.jpg,536,0,-1,True,75,8550,0.31662762447301834,0.11450381679389313,19,655,0,0,0,1
571,0536_c0001_005.jpg,536,0,-1,True,75,8550,0.29076183310485837,0.1079136690647482,26,695,0,0,0,0
572,0536_c0001_010.jpg,536,0,-1,True,75,8550,0.32195694010153164,0.10901162790697674,20,688,0,0,0,1
573,0536_c0001_015.jpg,536,0,-1,True,75,8550,0.2800279992334769,0.10822510822510822,19,693,0,0,0,1
574,0536_c0001_020.jpg,536,0,-1,True,75,8550,0.27801404392845724,0.11312217194570136,16,663,0,0,0,1
575,0536_c0002_000.jpg,536,1,-1,True,75,8550,0.466961938920165,0.23006134969325154,8,326,0,0,1,1
576,0536_c0002_005.jpg,536,1,-1,True,75,8550,0.5030929722847325,0.42857142857142855,17,175,0,0,0,1
577,0536_c0002_010.jpg,536,1,-1,True,75,8550,0.4785873528943649,0.3333333333333333,5,225,0,1,1,1
578,0536_c0002_015.jpg,536,1,-1,True,75,8550,0.6128857109986674,0.2788104089219331,1,269,1,1,1,1
579,0536_c0002_020.jpg,536,1,-1,True,75,8550,0.5848977402605329,0.2808988764044944,2,267,0,1,1,1
580,0536_c0005_000.jpg,536,4,-1,True,75,8550,0.6999143232814212,0.26881720430107525,1,279,1,1,1,1
581,0536_c0005_005.jpg,536,4,-1,True,75,8550,0.8081570518910492,0.336322869955157,1,223,1,1,1,1
582,0536_c0005_010.jpg,536,4,-1,True,75,8550,0.7641711670880591,0.28846153846153844,1,260,1,1,1,1
583,0536_c0005_015.jpg,536,4,-1,True,75,8550,0.6016582250803956,0.1893939393939394,1,396,1,1,1,1
584,0536_c0005_020.jpg,536,4,-1,True,75,8550,0.5841650038422127,0.1893939393939394,1,396,1,1,1,1
585,0536_c0006_000.jpg,536,5,-1,True,75,8550,0.030198514599013133,0.045262522631261314,661,1657,0,0,0,0
586,0536_c0006_005.jpg,536,5,-1,True,75,8550,0.03259542582644593,0.05122950819672131,656,1464,0,0,0,0
587,0536_c0006_010.jpg,536,5,-1,True,75,8550,0.057215361987169505,0.07389162561576355,377,1015,0,0,0,0
588,0536_c0006_015.jpg,536,5,-1,True,75,8550,0.0847205643789486,0.08241758241758242,97,910,0,0,0,0
589,0536_c0006_020.jpg,536,5,-1,True,75,8550,0.06680156770021209,0.06787330316742081,206,1105,0,0,0,0
590,0538_c0001_000.jpg,538,0,-1,True,175,8550,0.29751703422338815,0.13440860215053763,81,1302,0,0,0,0
591,0538_c0001_005.jpg,538,0,-1,True,175,8550,0.2961445560477463,0.1313813813813814,82,1332,0,0,0,0
592,0538_c0001_010.jpg,538,0,-1,True,175,8550,0.33859138617734225,0.12161223071577484,53,1439,0,0,0,0
593,0538_c0001_015.jpg,538,0,-1,True,175,8550,0.32149785685255805,0.1312828207051763,56,1333,0,0,0,0
594,0538_c0001_020.jpg,538,0,-1,True,175,8550,0.3460002972540564,0.11020151133501259,51,1588,0,0,0,0
595,0538_c0002_000.jpg,538,1,-1,True,175,8550,0.5534294681653407,0.081547064305685,1,2146,1,1,1,1
596,0538_c0002_005.jpg,538,1,-1,True,175,8550,0.5205000617970974,0.07774322523322967,1,2251,1,1,1,1
597,0538_c0002_010.jpg,538,1,-1,True,175,8550,0.5374770410502132,0.07979936160510716,1,2193,1,1,1,1
598,0538_c0002_015.jpg,538,1,-1,True,175,8550,0.5343900319178799,0.08016491067338526,1,2183,1,1,1,1
599,0538_c0002_020.jpg,538,1,-1,True,175,8550,0.533402169257822,0.07954545454545454,1,2200,1,1,1,1
600,0538_c0003_000.jpg,538,2,-1,True,175,8550,0.03920628699996858,0.05206783695328771,481,3361,0,0,0,0
601,0538_c0003_005.jpg,538,2,-1,True,175,8550,0.16035403872708984,0.10300176574455562,28,1699,0,0,0,0
602,0538_c0003_010.jpg,538,2,-1,True,175,8550,0.28293925283645155,0.31876138433515483,17,549,0,0,0,1
603,0538_c0003_015.jpg,538,2,-1,True,175,8550,0.5763203084270855,0.36610878661087864,1,478,1,1,1,1
604,0538_c0003_020.jpg,538,2,-1,True,175,8550,0.7990647359960803,0.41866028708133973,1,418,1,1,1,1
605,0538_c0004_000.jpg,538,3,-1,True,175,8550,0.6904009172924758,0.09105098855359,1,1922,1,1,1,1
606,0538_c0004_005.jpg,538,3,-1,True,175,8550,0.7195963371697636,0.07189811010682005,1,2434,1,1,1,1
607,0538_c0004_010.jpg,538,3,-1,True,175,8550,0.6867767730214681,0.06895193065405832,1,2538,1,1,1,1
608,0538_c0004_015.jpg,538,3,-1,True,175,8550,0.7586679774768905,0.07478632478632478,1,2340,1,1,1,1
609,0538_c0004_020.jpg,538,3,-1,True,175,8550,0.758867205579507,0.08466376390904692,1,2067,1,1,1,1
610,0538_c0005_000.jpg,538,4,-1,True,175,8550,0.1577043740038501,0.06017881705639615,53,2908,0,0,0,0
611,0538_c0005_005.jpg,538,4,-1,True,175,8550,0.17859287182833095,0.06170662905500705,44,2836,0,0,0,0
612,0538_c0005_010.jpg,538,4,-1,True,175,8550,0.1840656647831022,0.06103941402162539,46,2867,0,0,0,0
613,0538_c0005_015.jpg,538,4,-1,True,175,8550,0.20546176624458168,0.06227758007117438,39,2810,0,0,0,0
614,0538_c0005_020.jpg,538,4,-1,True,175,8550,0.20041622119380967,0.06245538900785153,29,2802,0,0,0,0
615,0538_c0006_000.jpg,538,5,-1,True,175,8550,0.7140031383867915,0.06389193136181089,1,2739,1,1,1,1
616,0538_c0006_005.jpg,538,5,-1,True,175,8550,0.7164382854284514,0.06352087114337568,1,2755,1,1,1,1
617,0538_c0006_010.jpg,538,5,-1,True,175,8550,0.7146098998891109,0.06304034582132564,1,2776,1,1,1,1
618,0538_c0006_015.jpg,538,5,-1,True,175,8550,0.7257533659366651,0.06488691138301816,1,2697,1,1,1,1
619,0538_c0006_020.jpg,538,5,-1,True,175,8550,0.71645350698142,0.06361323155216285,1,2751,1,1,1,1
620,0538_c0007_000.jpg,538,6,-1,True,175,8550,0.7490767030272292,0.08321445553970519,1,2103,1,1,1,1
621,0538_c0007_005.jpg,538,6,-1,True,175,8550,0.7416872809462133,0.08741258741258741,1,2002,1,1,1,1
622,0538_c0007_010.jpg,538,6,-1,True,175,8550,0.7293647129587698,0.08349236641221373,1,2096,1,1,1,1
623,0538_c0007_015.jpg,538,6,-1,True,175,8550,0.7139887179849033,0.08532423208191127,1,2051,1,1,1,1
624,0538_c0007_020.jpg,538,6,-1,True,175,8550,0.7415719636645027,0.08409418548774628,1,2081,1,1,1,1
625,0538_c0008_000.jpg,538,7,-1,True,175,8550,0.7953803216387999,0.0759548611111111,1,2304,1,1,1,1
626,0538_c0008_005.jpg,538,7,-1,True,175,8550,0.8069717844369768,0.07753655294638902,1,2257,1,1,1,1
627,0538_c0008_010.jpg,538,7,-1,True,175,8550,0.8222688748381364,0.07774322523322967,1,2251,1,1,1,1
628,0538_c0008_015.jpg,538,7,-1,True,175,8550,0.819323043564974,0.07868705035971223,1,2224,1,1,1,1
629,0538_c0008_020.jpg,538,7,-1,True,175,8550,0.8183248528141436,0.07840501792114696,1,2232,1,1,1,1
630,0540_c0001_000.jpg,540,0,-1,True,175,8550,0.9134068147816119,0.33849129593810445,1,517,1,1,1,1
631,0540_c0001_005.jpg,540,0,-1,True,175,8550,0.9112557663309402,0.33524904214559387,1,522,1,1,1,1
632,0540_c0001_010.jpg,540,0,-1,True,175,8550,0.916546346825166,0.3431372549019608,1,510,1,1,1,1
633,0540_c0001_015.jpg,540,0,-1,True,175,8550,0.9143239081731716,0.3404669260700389,1,514,1,1,1,1
634,0540_c0001_020.jpg,540,0,-1,True,175,8550,0.9218975715181987,0.36764705882352944,1,476,1,1,1,1
635,0540_c0002_000.jpg,540,1,-1,True,175,8550,0.6929946553017059,0.2717391304347826,1,644,1,1,1,1
636,0540_c0002_005.jpg,540,1,-1,True,175,8550,0.5589788509465214,0.29264214046822745,1,598,1,1,1,1
637,0540_c0002_010.jpg,540,1,-1,True,175,8550,0.5930486558837395,0.2696456086286595,1,649,1,1,1,1
638,0540_c0002_015.jpg,540,1,-1,True,175,8550,0.5186309524802344,0.20883054892601433,1,838,1,1,1,1
639,0540_c0002_020.jpg,540,1,-1,True,175,8550,0.556261756327363,0.23841961852861035,1,734,1,1,1,1
640,0540_c0003_000.jpg,540,2,-1,True,175,8550,0.8781267923330323,0.3391472868217054,1,516,1,1,1,1
641,0540_c0003_005.jpg,540,2,-1,True,175,8550,0.9072235993369174,0.37393162393162394,1,468,1,1,1,1
642,0540_c0003_010.jpg,540,2,-1,True,175,8550,0.8903768312386908,0.3668763102725367,1,477,1,1,1,1
643,0540_c0003_015.jpg,540,2,-1,True,175,8550,0.899268690497832,0.3812636165577342,1,459,1,1,1,1
644,0540_c0003_020.jpg,540,2,-1,True,175,8550,0.8977259125268283,0.35496957403651114,1,493,1,1,1,1
645,0540_c0004_000.jpg,540,3,-1,True,175,8550,0.4565533726976159,0.39414414414414417,1,444,1,1,1,1
646,0540_c0004_005.jpg,540,3,-1,True,175,8550,0.5352283770417189,0.39414414414414417,1,444,1,1,1,1
647,0540_c0004_010.jpg,540,3,-1,True,175,8550,0.5208914352786344,0.36382536382536385,1,481,1,1,1,1
648,0540_c0004_015.jpg,540,3,-1,True,175,8550,0.5214591104480751,0.3923766816143498,1,446,1,1,1,1
649,0540_c0004_020.jpg,540,3,-1,True,175,8550,0.4744447008044649,0.3968253968253968,1,441,1,1,1,1
650,0540_c0005_000.jpg,540,4,-1,True,175,8550,0.7888730251262436,0.3812636165577342,1,459,1,1,1,1
651,0540_c0005_005.jpg,540,4,-1,True,175,8550,0.804937423951158,0.3923766816143498,1,446,1,1,1,1
652,0540_c0005_010.jpg,540,4,-1,True,175,8550,0.8400315312033321,0.4069767441860465,1,430,1,1,1,1
653,0540_c0005_015.jpg,540,4,-1,True,175,8550,0.8253297967132432,0.4098360655737705,1,427,1,1,1,1
654,0540_c0005_020.jpg,540,4,-1,True,175,8550,0.8213438140918519,0.4060324825986079,1,431,1,1,1,1
655,0540_c0006_000.jpg,540,5,-1,True,175,8550,0.9195340233944667,0.390625,1,448,1,1,1,1
656,0540_c0006_005.jpg,540,5,-1,True,175,8550,0.9144653913543987,0.3645833333333333,1,480,1,1,1,1
657,0540_c0006_010.jpg,540,5,-1,True,175,8550,0.912179061519479,0.354251012145749,1,494,1,1,1,1
658,0540_c0006_015.jpg,540,5,-1,True,175,8550,0.9092135335670362,0.3113879003558719,1,562,1,1,1,1
659,0540_c0006_020.jpg,540,5,-1,True,175,8550,0.9174187895426019,0.3707627118644068,1,472,1,1,1,1
660,0540_c0007_000.jpg,540,6,-1,True,175,8550,0.6517460618224763,0.6272401433691757,1,279,1,1,1,1
661,0540_c0007_005.jpg,540,6,-1,True,175,8550,0.7043682994147556,0.5852842809364549,1,299,1,1,1,1
662,0540_c0007_010.jpg,540,6,-1,True,175,8550,0.8118715320157649,0.6410256410256411,1,273,1,1,1,1
663,0540_c0007_015.jpg,540,6,-1,True,175,8550,0.8172054580516159,0.5833333333333334,1,300,1,1,1,1
664,0540_c0007_020.jpg,540,6,-1,True,175,8550,0.8148099769980032,0.6118881118881119,1,286,1,1,1,1
665,0540_c0008_000.jpg,540,7,-1,True,175,8550,0.5745318704115818,0.46419098143236076,1,377,1,1,1,1
666,0540_c0008_005.jpg,540,7,-1,True,175,8550,0.5985124000892287,0.47043010752688175,1,372,1,1,1,1
667,0540_c0008_010.jpg,540,7,-1,True,175,8550,0.6363986764538991,0.4206730769230769,1,416,1,1,1,1
668,0540_c0008_015.jpg,540,7,-1,True,175,8550,0.6881070014546617,0.45454545454545453,1,385,1,1,1,1
669,0540_c0008_020.jpg,540,7,-1,True,175,8550,0.4893674920702173,0.3763440860215054,1,465,1,1,1,1
670,0542_c0001_000.jpg,542,0,-1,True,150,8550,0.06235834463416874,0.024390243902439025,58,6150,0,0,0,0
671,0542_c0001_005.jpg,542,0,-1,True,150,8550,0.11880382781953244,0.022893772893772892,26,6552,0,0,0,0
672,0542_c0001_010.jpg,542,0,-1,True,150,8550,0.10233458393307256,0.023629489603024575,26,6348,0,0,0,0
673,0542_c0001_015.jpg,542,0,-1,True,150,8550,0.1136627665002213,0.023306401491609695,26,6436,0,0,0,0
674,0542_c0001_020.jpg,542,0,-1,True,150,8550,0.11863029099605651,0.023205445544554455,24,6464,0,0,0,0
675,0542_c0002_000.jpg,542,1,-1,True,150,8550,0.07169775192381884,0.04240882103477523,91,3537,0,0,0,0
676,0542_c0002_005.jpg,542,1,-1,True,150,8550,0.09139269392535875,0.040606388738494856,40,3694,0,0,0,0
677,0542_c0002_010.jpg,542,1,-1,True,150,8550,0.14376270191636958,0.03809040121889284,8,3938,0,0,1,1
678,0542_c0002_015.jpg,542,1,-1,True,150,8550,0.24677390917191672,0.03565486094604231,1,4207,1,1,1,1
679,0542_c0002_020.jpg,542,1,-1,True,150,8550,0.25051224786724197,0.036354823073194376,1,4126,1,1,1,1
680,0542_c0004_000.jpg,542,3,-1,True,150,8550,0.19419565707858596,0.023685457129322594,1,6333,1,1,1,1
681,0542_c0004_005.jpg,542,3,-1,True,150,8550,0.19585715567624445,0.023540489642184557,1,6372,1,1,1,1
682,0542_c0004_010.jpg,542,3,-1,True,150,8550,0.19562088050559917,0.023824650571791613,1,6296,1,1,1,1
683,0542_c0004_015.jpg,542,3,-1,True,150,8550,0.19443010964560328,0.023241400681747754,1,6454,1,1,1,1
684,0542_c0004_020.jpg,542,3,-1,True,150,8550,0.19658474371006773,0.023448491480381427,1,6397,1,1,1,1
685,0542_c0005_000.jpg,542,4,-1,True,150,8550,0.21870214913523772,0.020202020202020204,1,7425,1,1,1,1
686,0542_c0005_005.jpg,542,4,-1,True,150,8550,0.26789428364346296,0.0203527815468114,1,7370,1,1,1,1
687,0542_c0005_010.jpg,542,4,-1,True,150,8550,0.2595870467072239,0.020164000537706683,1,7439,1,1,1,1
688,0542_c0005_015.jpg,542,4,-1,True,150,8550,0.2468488831589327,0.020029376418747497,1,7489,1,1,1,1
689,0542_c0005_020.jpg,542,4,-1,True,150,8550,0.231918450129939,0.020034726859890477,1,7487,1,1,1,1
690,0542_c0006_000.jpg,542,5,-1,True,150,8550,0.25368868395484084,0.02202319776831596,1,6811,1,1,1,1
691,0542_c0006_005.jpg,542,5,-1,True,150,8550,0.2602790194136597,0.022225514891094977,1,6749,1,1,1,1
692,0542_c0006_010.jpg,542,5,-1,True,150,8550,0.2624475105015028,0.022052337547780066,1,6802,1,1,1,1
693,0542_c0006_015.jpg,542,5,-1,True,150,8550,0.25193794860208935,0.021413276231263382,1,7005,1,1,1,1
694,0542_c0006_020.jpg,542,5,-1,True,150,8550,0.26024980496628153,0.0215610176800345,1,6957,1,1,1,1
695,0542_c0007_000.jpg,542,6,-1,True,150,8550,0.15011296159972967,0.03485940041831281,51,4303,0,0,0,0
696,0542_c0007_005.jpg,542,6,-1,True,150,8550,0.11010583016462037,0.03887017362010883,53,3859,0,0,0,0
697,0542_c0007_010.jpg,542,6,-1,True,150,8550,0.16200341637031745,0.0376034093757834,51,3989,0,0,0,0
698,0542_c0007_015.jpg,542,6,-1,True,150,8550,0.13230048924838492,0.037248572138068044,51,4027,0,0,0,0
699,0542_c0007_020.jpg,542,6,-1,True,150,8550,0.12012787235033069,0.042893909064912784,51,3497,0,0,0,0
700,0542_c0008_000.jpg,542,7,-1,True,150,8550,0.1977232773471129,0.021701388888888888,1,6912,1,1,1,1
701,0542_c0008_005.jpg,542,7,-1,True,150,8550,0.20034180783757083,0.021312872975277068,1,7038,1,1,1,1
702,0542_c0008_010.jpg,542,7,-1,True,150,8550,0.19432886048878892,0.021153574954167254,1,7091,1,1,1,1
703,0542_c0008_015.jpg,542,7,-1,True,150,8550,0.19792317781068536,0.02074688796680498,1,7230,1,1,1,1
704,0542_c0008_020.jpg,542,7,-1,True,150,8550,0.19542345805955863,0.021312872975277068,1,7038,1,1,1,1
705,0544_c0001_000.jpg,544,0,-1,True,150,8550,0.2513554216776958,0.06957328385899815,1,2156,1,1,1,1
706,0544_c0001_005.jpg,544,0,-1,True,150,8550,0.12051672857633938,0.06435006435006435,30,2331,0,0,0,0
707,0544_c0001_010.jpg,544,0,-1,True,150,8550,0.18300893553794748,0.07511266900350526,1,1997,1,1,1,1
708,0544_c0001_015.jpg,544,0,-1,True,150,8550,0.20844244387507094,0.08034279592929834,1,1867,1,1,1,1
709,0544_c0001_020.jpg,544,0,-1,True,150,8550,0.19568566775026705,0.06871278057718735,1,2183,1,1,1,1
710,0544_c0002_000.jpg,544,1,-1,True,150,8550,0.3770651476782223,0.1111111111111111,1,1350,1,1,1,1
711,0544_c0002_005.jpg,544,1,-1,True,150,8550,0.305634778279649,0.10744985673352435,3,1396,0,1,1,1
712,0544_c0002_010.jpg,544,1,-1,True,150,8550,0.45804457840550167,0.14478764478764478,1,1036,1,1,1,1
713,0544_c0002_015.jpg,544,1,-1,True,150,8550,0.31813618969104157,0.13043478260869565,9,1150,0,0,1,1
714,0544_c0002_020.jpg,544,1,-1,True,150,8550,0.23280735094990448,0.15274949083503056,18,982,0,0,0,1
715,0544_c0003_000.jpg,544,2,-1,True,150,8550,0.6187066502538617,0.11895321173671689,1,1261,1,1,1,1
716,0544_c0003_005.jpg,544,2,-1,True,150,8550,0.6538140279488702,0.14423076923076922,1,1040,1,1,1,1
717,0544_c0003_010.jpg,544,2,-1,True,150,8550,0.6424272556483653,0.1744186046511628,1,860,1,1,1,1
718,0544_c0003_015.jpg,544,2,-1,True,150,8550,0.6135116875357312,0.17523364485981308,1,856,1,1,1,1
719,0544_c0003_020.jpg,544,2,-1,True,150,8550,0.6174033476699279,0.1718213058419244,1,873,1,1,1,1
720,0544_c0005_000.jpg,544,4,-1,True,150,8550,0.47855524822814954,0.09721322099805574,1,1543,1,1,1,1
721,0544_c0005_005.jpg,544,4,-1,True,150,8550,0.4754712358942648,0.09174311926605505,1,1635,1,1,1,1
722,0544_c0005_010.jpg,544,4,-1,True,150,8550,0.41002963006475984,0.07414730598121602,1,2023,1,1,1,1
723,0544_c0005_015.jpg,544,4,-1,True,150,8550,0.4225444601869007,0.07680491551459294,1,1953,1,1,1,1
724,0544_c0005_020.jpg,544,4,-1,True,150,8550,0.42816073083637235,0.08187772925764192,1,1832,1,1,1,1
725,0544_c0006_000.jpg,544,5,-1,True,150,8550,0.6808682361431955,0.2542372881355932,1,590,1,1,1,1
726,0544_c0006_005.jpg,544,5,-1,True,150,8550,0.6781248408120759,0.1662971175166297,1,902,1,1,1,1
727,0544_c0006_010.jpg,544,5,-1,True,150,8550,0.7041170394947772,0.1937984496124031,1,774,1,1,1,1
728,0544_c0006_015.jpg,544,5,-1,True,150,8550,0.6662188795286473,0.15182186234817813,1,988,1,1,1,1
729,0544_c0006_020.jpg,544,5,-1,True,150,8550,0.6810058333356102,0.13812154696132597,1,1086,1,1,1,1
730,0544_c0007_000.jpg,544,6,-1,True,150,8550,0.35765673974996676,0.0825536598789213,1,1817,1,1,1,1
731,0544_c0007_005.jpg,544,6,-1,True,150,8550,0.3630834288902299,0.08269018743109151,1,1814,1,1,1,1
732,0544_c0007_010.jpg,544,6,-1,True,150,8550,0.29529298822713346,0.07684426229508197,1,1952,1,1,1,1
733,0544_c0007_015.jpg,544,6,-1,True,150,8550,0.3073488432282308,0.07841087297438579,1,1913,1,1,1,1
734,0544_c0007_020.jpg,544,6,-1,True,150,8550,0.37729815143243184,0.07477567298105683,1,2006,1,1,1,1
735,0544_c0008_000.jpg,544,7,-1,True,150,8550,0.9601953062494268,0.6912442396313364,1,217,1,1,1,1
736,0544_c0008_005.jpg,544,7,-1,True,150,8550,0.9373270709794599,0.6072874493927125,1,247,1,1,1,1
737,0544_c0008_010.jpg,544,7,-1,True,150,8550,0.9117556016970592,0.5415162454873647,1,277,1,1,1,1
738,0544_c0008_015.jpg,544,7,-1,True,150,8550,0.9381889068650989,0.75,1,200,1,1,1,1
739,0544_c0008_020.jpg,544,7,-1,True,150,8550,0.852906823442981,0.3836317135549872,1,391,1,1,1,1
740,0546_c0002_000.jpg,546,1,-1,True,75,8550,0.7813983943789896,0.6,1,125,1,1,1,1
741,0546_c0002_005.jpg,546,1,-1,True,75,8550,0.7614396172330855,0.5681818181818182,1,132,1,1,1,1
742,0546_c0002_010.jpg,546,1,-1,True,75,8550,0.7323656116331826,0.6,1,125,1,1,1,1
743,0546_c0002_015.jpg,546,1,-1,True,75,8550,0.873053769164851,0.6696428571428571,1,112,1,1,1,1
744,0546_c0002_020.jpg,546,1,-1,True,75,8550,0.7595535103424866,0.5952380952380952,1,126,1,1,1,1
745,0546_c0004_000.jpg,546,3,-1,True,75,8550,1.0,1.0,1,75,1,1,1,1
746,0546_c0004_005.jpg,546,3,-1,True,75,8550,1.0,1.0,1,75,1,1,1,1
747,0546_c0004_010.jpg,546,3,-1,True,75,8550,1.0,1.0,1,75,1,1,1,1
748,0546_c0004_015.jpg,546,3,-1,True,75,8550,1.0,1.0,1,75,1,1,1,1
749,0546_c0004_020.jpg,546,3,-1,True,75,8550,1.0,1.0,1,75,1,1,1,1
750,0546_c0007_000.jpg,546,6,-1,True,75,8550,1.0,1.0,1,75,1,1,1,1
751,0546_c0007_005.jpg,546,6,-1,True,75,8550,1.0,1.0,1,75,1,1,1,1
752,0546_c0007_010.jpg,546,6,-1,True,75,8550,1.0,1.0,1,75,1,1,1,1
753,0546_c0007_015.jpg,546,6,-1,True,75,8550,1.0,1.0,1,75,1,1,1,1
754,0546_c0007_020.jpg,546,6,-1,True,75,8550,1.0,1.0,1,75,1,1,1,1
755,0546_c0008_000.jpg,546,7,-1,True,75,8550,1.0,1.0,1,75,1,1,1,1
756,0546_c0008_005.jpg,546,7,-1,True,75,8550,1.0,1.0,1,75,1,1,1,1
757,0546_c0008_010.jpg,546,7,-1,True,75,8550,1.0,1.0,1,75,1,1,1,1
758,0546_c0008_015.jpg,546,7,-1,True,75,8550,1.0,1.0,1,75,1,1,1,1
759,0546_c0008_020.jpg,546,7,-1,True,75,8550,1.0,1.0,1,75,1,1,1,1
760,0548_c0001_000.jpg,548,0,-1,True,125,8550,0.4726213964208494,0.19470404984423675,1,642,1,1,1,1
761,0548_c0001_005.jpg,548,0,-1,True,125,8550,0.42289260555848496,0.1574307304785894,1,794,1,1,1,1
762,0548_c0001_010.jpg,548,0,-1,True,125,8550,0.43960819250721506,0.17337031900138697,1,721,1,1,1,1
763,0548_c0001_015.jpg,548,0,-1,True,125,8550,0.4261339398732785,0.16578249336870027,1,754,1,1,1,1
764,0548_c0001_020.jpg,548,0,-1,True,125,8550,0.4225767158886138,0.15862944162436549,1,788,1,1,1,1
765,0548_c0002_000.jpg,548,1,-1,True,125,8550,0.32450679536275207,0.2358490566037736,7,530,0,0,1,1
766,0548_c0002_005.jpg,548,1,-1,True,125,8550,0.3258975736174085,0.2025931928687196,26,617,0,0,0,0
767,0548_c0002_010.jpg,548,1,-1,True,125,8550,0.3259219776601484,0.20973154362416108,25,596,0,0,0,0
768,0548_c0002_015.jpg,548,1,-1,True,125,8550,0.3330071155521266,0.1899696048632219,15,658,0,0,0,1
769,0548_c0002_020.jpg,548,1,-1,True,125,8550,0.484928899406408,0.23148148148148148,1,540,1,1,1,1
770,0548_c0003_000.jpg,548,2,-1,True,125,8550,0.7556374555625359,0.23629489603024575,1,529,1,1,1,1
771,0548_c0003_005.jpg,548,2,-1,True,125,8550,0.7469396142408948,0.25614754098360654,1,488,1,1,1,1
772,0548_c0003_010.jpg,548,2,-1,True,125,8550,0.7424000347144406,0.2556237218813906,1,489,1,1,1,1
773,0548_c0003_015.jpg,548,2,-1,True,125,8550,0.716221627897989,0.24177949709864605,1,517,1,1,1,1
774,0548_c0003_020.jpg,548,2,-1,True,125,8550,0.7403584114757122,0.22727272727272727,1,550,1,1,1,1
775,0548_c0005_000.jpg,548,4,-1,True,125,8550,0.8251199356017864,0.20193861066235863,1,619,1,1,1,1
776,0548_c0005_005.jpg,548,4,-1,True,125,8550,0.8284387430348081,0.20903010033444816,1,598,1,1,1,1
777,0548_c0005_010.jpg,548,4,-1,True,125,8550,0.8456359385584251,0.24319066147859922,1,514,1,1,1,1
778,0548_c0005_015.jpg,548,4,-1,True,125,8550,0.8384070773270728,0.2281021897810219,1,548,1,1,1,1
779,0548_c0005_020.jpg,548,4,-1,True,125,8550,0.833050663802973,0.22686025408348456,1,551,1,1,1,1
780,0548_c0006_000.jpg,548,5,-1,True,125,8550,0.6320458217961892,0.17458100558659218,1,716,1,1,1,1
781,0548_c0006_005.jpg,548,5,-1,True,125,8550,0.657941480761126,0.17289073305670816,1,723,1,1,1,1
782,0548_c0006_010.jpg,548,5,-1,True,125,8550,0.6585784065012985,0.191131498470948,1,654,1,1,1,1
783,0548_c0006_015.jpg,548,5,-1,True,125,8550,0.6497309086577696,0.19470404984423675,1,642,1,1,1,1
784,0548_c0006_020.jpg,548,5,-1,True,125,8550,0.6616096459140441,0.20193861066235863,1,619,1,1,1,1
785,0548_c0007_000.jpg,548,6,-1,True,125,8550,0.5441989561399497,0.24752475247524752,1,505,1,1,1,1
786,0548_c0007_005.jpg,548,6,-1,True,125,8550,0.6674721206173395,0.2927400468384075,1,427,1,1,1,1
787,0548_c0007_010.jpg,548,6,-1,True,125,8550,0.7945449717062476,0.32808398950131235,1,381,1,1,1,1
788,0548_c0007_015.jpg,548,6,-1,True,125,8550,0.7896661551025216,0.3472222222222222,1,360,1,1,1,1
789,0548_c0007_020.jpg,548,6,-1,True,125,8550,0.7983261424324497,0.35410764872521244,1,353,1,1,1,1
790,0550_c0001_000.jpg,550,0,-1,True,175,8550,0.30688905965249547,0.17292490118577075,36,1012,0,0,0,0
791,0550_c0001_005.jpg,550,0,-1,True,175,8550,0.3098580053611347,0.18459915611814345,41,948,0,0,0,0
792,0550_c0001_010.jpg,550,0,-1,True,175,8550,0.27317561032419435,0.18878101402373246,22,927,0,0,0,0
793,0550_c0001_015.jpg,550,0,-1,True,175,8550,0.2864768895484817,0.18286311389759666,40,957,0,0,0,0
794,0550_c0001_020.jpg,550,0,-1,True,175,8550,0.29147088166448126,0.17378351539225423,40,1007,0,0,0,0
795,0550_c0002_000.jpg,550,1,-1,True,175,8550,0.47144773837059073,0.20933014354066987,1,836,1,1,1,1
796,0550_c0002_005.jpg,550,1,-1,True,175,8550,0.42181798820786753,0.19908987485779295,2,879,0,1,1,1
797,0550_c0002_010.jpg,550,1,-1,True,175,8550,0.5086566181758928,0.1959686450167973,1,893,1,1,1,1
798,0550_c0002_015.jpg,550,1,-1,True,175,8550,0.5991045069218186,0.2184769038701623,1,801,1,1,1,1
799,0550_c0002_020.jpg,550,1,-1,True,175,8550,0.5098366697091236,0.20207852193995382,1,866,1,1,1,1
800,0550_c0003_000.jpg,550,2,-1,True,175,8550,0.2669026150231861,0.13287775246772968,8,1317,0,0,1,1
801,0550_c0003_005.jpg,550,2,-1,True,175,8550,0.2772632364833042,0.14595496246872394,8,1199,0,0,1,1
802,0550_c0003_010.jpg,550,2,-1,True,175,8550,0.2437788473608662,0.13079222720478326,7,1338,0,0,1,1
803,0550_c0003_015.jpg,550,2,-1,True,175,8550,0.30068425265916127,0.1590909090909091,6,1100,0,0,1,1
804,0550_c0003_020.jpg,550,2,-1,True,175,8550,0.27269984824048465,0.1247327156094084,2,1403,0,1,1,1
805,0550_c0004_000.jpg,550,3,-1,True,175,8550,0.20832753278798113,0.15681003584229392,46,1116,0,0,0,0
806,0550_c0004_005.jpg,550,3,-1,True,175,8550,0.17600876717990582,0.15086206896551724,126,1160,0,0,0,0
807,0550_c0004_010.jpg,550,3,-1,True,175,8550,0.17159814233241447,0.15297202797202797,169,1144,0,0,0,0
808,0550_c0004_015.jpg,550,3,-1,True,175,8550,0.17616522907744953,0.14644351464435146,142,1195,0,0,0,0
809,0550_c0004_020.jpg,550,3,-1,True,175,8550,0.2393458373046061,0.14780405405405406,26,1184,0,0,0,0
810,0550_c0005_000.jpg,550,4,-1,True,175,8550,0.2447195596490293,0.25107604017216645,34,697,0,0,0,0
811,0550_c0005_005.jpg,550,4,-1,True,175,8550,0.2535634741417599,0.315884476534296,8,554,0,0,1,1
812,0550_c0005_010.jpg,550,4,-1,True,175,8550,0.24268319394116844,0.24647887323943662,25,710,0,0,0,0
813,0550_c0005_015.jpg,550,4,-1,True,175,8550,0.27165914080015124,0.2006880733944954,1,872,1,1,1,1
814,0550_c0005_020.jpg,550,4,-1,True,175,8550,0.27165914080015124,0.2006880733944954,1,872,1,1,1,1
815,0550_c0006_000.jpg,550,5,-1,True,175,8550,0.34940564354734327,0.1312828207051763,1,1333,1,1,1,1
816,0550_c0006_005.jpg,550,5,-1,True,175,8550,0.2674193093146095,0.11041009463722397,1,1585,1,1,1,1
817,0550_c0006_010.jpg,550,5,-1,True,175,8550,0.29637151880418194,0.09909399773499433,1,1766,1,1,1,1
818,0550_c0006_015.jpg,550,5,-1,True,175,8550,0.3367620265209425,0.12367491166077739,1,1415,1,1,1,1
819,0550_c0006_020.jpg,550,5,-1,True,175,8550,0.2971197599317351,0.11721366376423309,1,1493,1,1,1,1
820,0550_c0007_000.jpg,550,6,-1,True,175,8550,0.42380041231133286,0.28044871794871795,10,624,0,0,1,1
821,0550_c0007_005.jpg,550,6,-1,True,175,8550,0.3912832885399335,0.264750378214826,13,661,0,0,0,1
822,0550_c0007_010.jpg,550,6,-1,True,175,8550,0.40638785807285704,0.26395173453996984,10,663,0,0,1,1
823,0550_c0007_015.jpg,550,6,-1,True,175,8550,0.3855067719329747,0.25252525252525254,19,693,0,0,0,1
824,0550_c0007_020.jpg,550,6,-1,True,175,8550,0.487160835239002,0.2157829839704069,1,811,1,1,1,1
825,0550_c0008_000.jpg,550,7,-1,True,175,8550,0.5025914435762117,0.15257192676547515,1,1147,1,1,1,1
826,0550_c0008_005.jpg,550,7,-1,True,175,8550,0.48979305317141997,0.13855898653998416,1,1263,1,1,1,1
827,0550_c0008_010.jpg,550,7,-1,True,175,8550,0.46755680032475,0.11832319134550372,1,1479,1,1,1,1
828,0550_c0008_015.jpg,550,7,-1,True,175,8550,0.4119831984173655,0.1263537906137184,1,1385,1,1,1,1
829,0550_c0008_020.jpg,550,7,-1,True,175,8550,0.34076413875011313,0.13618677042801555,1,1285,1,1,1,1
830,0552_c0001_000.jpg,552,0,-1,True,175,8550,0.49972366788273925,0.13671875,1,1280,1,1,1,1
831,0552_c0001_005.jpg,552,0,-1,True,175,8550,0.4759208113644687,0.13671875,1,1280,1,1,1,1
832,0552_c0001_010.jpg,552,0,-1,True,175,8550,0.49980531742184486,0.14011208967173738,1,1249,1,1,1,1
833,0552_c0001_015.jpg,552,0,-1,True,175,8550,0.5024922184803743,0.13844936708860758,1,1264,1,1,1,1
834,0552_c0001_020.jpg,552,0,-1,True,175,8550,0.4815028356866711,0.13544891640866874,1,1292,1,1,1,1
835,0552_c0002_000.jpg,552,1,-1,True,175,8550,0.43546504020150656,0.2581120943952802,1,678,1,1,1,1
836,0552_c0002_005.jpg,552,1,-1,True,175,8550,0.43202072046946555,0.25773195876288657,1,679,1,1,1,1
837,0552_c0002_010.jpg,552,1,-1,True,175,8550,0.4601232879641204,0.2631578947368421,1,665,1,1,1,1
838,0552_c0002_015.jpg,552,1,-1,True,175,8550,0.47097087724660575,0.2635542168674699,1,664,1,1,1,1
839,0552_c0002_020.jpg,552,1,-1,True,175,8550,0.48816530778231026,0.3006872852233677,1,582,1,1,1,1
840,0552_c0003_000.jpg,552,2,-1,True,175,8550,0.9348655921384615,0.7777777777777778,1,225,1,1,1,1
841,0552_c0003_005.jpg,552,2,-1,True,175,8550,0.8679851576073928,0.7777777777777778,1,225,1,1,1,1
842,0552_c0003_010.jpg,552,2,-1,True,175,8550,0.8644038510270295,0.7777777777777778,1,225,1,1,1,1
843,0552_c0003_015.jpg,552,2,-1,True,175,8550,0.8672479396610164,0.7777777777777778,1,225,1,1,1,1
844,0552_c0003_020.jpg,552,2,-1,True,175,8550,0.8735962024145306,0.7777777777777778,1,225,1,1,1,1
845,0552_c0004_000.jpg,552,3,-1,True,175,8550,0.6278295507542822,0.3707627118644068,1,472,1,1,1,1
846,0552_c0004_005.jpg,552,3,-1,True,175,8550,0.6374447572930022,0.3723404255319149,1,470,1,1,1,1
847,0552_c0004_010.jpg,552,3,-1,True,175,8550,0.6283845366037771,0.4050925925925926,1,432,1,1,1,1
848,0552_c0004_015.jpg,552,3,-1,True,175,8550,0.6121339914512999,0.36610878661087864,1,478,1,1,1,1
849,0552_c0004_020.jpg,552,3,-1,True,175,8550,0.571705871355075,0.373134328358209,1,469,1,1,1,1
850,0552_c0005_000.jpg,552,4,-1,True,175,8550,0.9124281042702689,0.6730769230769231,1,260,1,1,1,1
851,0552_c0005_005.jpg,552,4,-1,True,175,8550,0.9029570795913688,0.6386861313868614,1,274,1,1,1,1
852,0552_c0005_010.jpg,552,4,-1,True,175,8550,0.8473769450361669,0.691699604743083,1,253,1,1,1,1
853,0552_c0005_015.jpg,552,4,-1,True,175,8550,0.867717906997195,0.7,1,250,1,1,1,1
854,0552_c0005_020.jpg,552,4,-1,True,175,8550,0.8713679217295893,0.6730769230769231,1,260,1,1,1,1
855,0552_c0006_000.jpg,552,5,-1,True,175,8550,0.6839448593520254,0.3193430656934307,1,548,1,1,1,1
856,0552_c0006_005.jpg,552,5,-1,True,175,8550,0.6860994989151645,0.31992687385740404,1,547,1,1,1,1
857,0552_c0006_010.jpg,552,5,-1,True,175,8550,0.7218659630645364,0.33206831119544594,1,527,1,1,1,1
858,0552_c0006_015.jpg,552,5,-1,True,175,8550,0.8146935787946384,0.35496957403651114,1,493,1,1,1,1
859,0552_c0006_020.jpg,552,5,-1,True,175,8550,0.8134330129349603,0.33783783783783783,1,518,1,1,1,1
860,0552_c0007_000.jpg,552,6,-1,True,175,8550,0.7581799658923949,0.3747323340471092,1,467,1,1,1,1
861,0552_c0007_005.jpg,552,6,-1,True,175,8550,0.786199481273172,0.38802660753880264,1,451,1,1,1,1
862,0552_c0007_010.jpg,552,6,-1,True,175,8550,0.7523519786594441,0.3796095444685466,1,461,1,1,1,1
863,0552_c0007_015.jpg,552,6,-1,True,175,8550,0.7379908557426461,0.3668763102725367,1,477,1,1,1,1
864,0552_c0007_020.jpg,552,6,-1,True,175,8550,0.7457297605510292,0.3747323340471092,1,467,1,1,1,1
865,0552_c0008_000.jpg,552,7,-1,True,175,8550,0.880553455991507,0.3181818181818182,1,550,1,1,1,1
866,0552_c0008_005.jpg,552,7,-1,True,175,8550,0.8820039594446868,0.3246753246753247,1,539,1,1,1,1
867,0552_c0008_010.jpg,552,7,-1,True,175,8550,0.8719266040071144,0.30434782608695654,1,575,1,1,1,1
868,0552_c0008_015.jpg,552,7,-1,True,175,8550,0.8725402970423333,0.30973451327433627,1,565,1,1,1,1
869,0552_c0008_020.jpg,552,7,-1,True,175,8550,0.876434451855476,0.32771535580524347,1,534,1,1,1,1
870,0554_c0001_000.jpg,554,0,-1,True,150,8550,0.3872977108903855,0.13901760889712697,1,1079,1,1,1,1
871,0554_c0001_005.jpg,554,0,-1,True,150,8550,0.38760857250498965,0.13111888111888112,1,1144,1,1,1,1
872,0554_c0001_010.jpg,554,0,-1,True,150,8550,0.39999027936468196,0.17084282460136674,1,878,1,1,1,1
873,0554_c0001_015.jpg,554,0,-1,True,150,8550,0.3909612176831099,0.16556291390728478,1,906,1,1,1,1
874,0554_c0001_020.jpg,554,0,-1,True,150,8550,0.3993990863277581,0.16741071428571427,1,896,1,1,1,1
875,0554_c0002_000.jpg,554,1,-1,True,150,8550,0.4165103963578936,0.10273972602739725,1,1460,1,1,1,1
876,0554_c0002_005.jpg,554,1,-1,True,150,8550,0.37288224607287956,0.09671179883945841,1,1551,1,1,1,1
877,0554_c0002_010.jpg,554,1,-1,True,150,8550,0.29370948384081946,0.08412787436904094,1,1783,1,1,1,1
878,0554_c0002_015.jpg,554,1,-1,True,150,8550,0.2810334010256477,0.08393956351426973,1,1787,1,1,1,1
879,0554_c0002_020.jpg,554,1,-1,True,150,8550,0.30595000803969546,0.08928571428571429,1,1680,1,1,1,1
880,0554_c0003_000.jpg,554,2,-1,True,150,8550,0.2607423935362949,0.09481668773704172,27,1582,0,0,0,0
881,0554_c0003_005.jpg,554,2,-1,True,150,8550,0.2810281437992694,0.1012829169480081,24,1481,0,0,0,0
882,0554_c0003_010.jpg,554,2,-1,True,150,8550,0.26433835229620967,0.08933889219773675,6,1679,0,0,1,1
883,0554_c0003_015.jpg,554,2,-1,True,150,8550,0.2614081442263518,0.08771929824561403,21,1710,0,0,0,0
884,0554_c0003_020.jpg,554,2,-1,True,150,8550,0.2550711081794999,0.0984251968503937,5,1524,0,1,1,1
885,0554_c0005_000.jpg,554,4,-1,True,150,8550,0.4655818912820155,0.09439899307740718,1,1589,1,1,1,1
886,0554_c0005_005.jpg,554,4,-1,True,150,8550,0.49224689932772414,0.09151921903599756,1,1639,1,1,1,1
887,0554_c0005_010.jpg,554,4,-1,True,150,8550,0.4648650046099337,0.09014423076923077,1,1664,1,1,1,1
888,0554_c0005_015.jpg,554,4,-1,True,150,8550,0.5360420703629171,0.08807985907222549,1,1703,1,1,1,1
889,0554_c0005_020.jpg,554,4,-1,True,150,8550,0.5105008363703775,0.07995735607675906,1,1876,1,1,1,1
890,0554_c0006_000.jpg,554,5,-1,True,150,8550,0.4262328225789204,0.33407572383073497,6,449,0,0,1,1
891,0554_c0006_005.jpg,554,5,-1,True,150,8550,0.4624861484758395,0.3440366972477064,5,436,0,1,1,1
892,0554_c0006_010.jpg,554,5,-1,True,150,8550,0.37847676370025113,0.2819548872180451,5,532,0,1,1,1
893,0554_c0006_015.jpg,554,5,-1,True,150,8550,0.3222289807365585,0.26881720430107525,14,558,0,0,0,1
894,0554_c0006_020.jpg,554,5,-1,True,150,8550,0.4873774688349616,0.31185031185031187,2,481,0,1,1,1
895,0554_c0007_000.jpg,554,6,-1,True,150,8550,0.2834377906037118,0.09107468123861566,1,1647,1,1,1,1
896,0554_c0007_005.jpg,554,6,-1,True,150,8550,0.2676519103798382,0.08488964346349745,1,1767,1,1,1,1
897,0554_c0007_010.jpg,554,6,-1,True,150,8550,0.2757275461416975,0.09047044632086852,1,1658,1,1,1,1
898,0554_c0007_015.jpg,554,6,-1,True,150,8550,0.28470371972985264,0.09410288582183186,1,1594,1,1,1,1
899,0554_c0007_020.jpg,554,6,-1,True,150,8550,0.2977153130478114,0.10053619302949061,1,1492,1,1,1,1
900,0554_c0008_000.jpg,554,7,-1,True,150,8550,0.5428097606422115,0.2777777777777778,1,540,1,1,1,1
901,0554_c0008_005.jpg,554,7,-1,True,150,8550,0.45336744566524506,0.27522935779816515,1,545,1,1,1,1
902,0554_c0008_010.jpg,554,7,-1,True,150,8550,0.49909480050040383,0.2152080344332855,1,697,1,1,1,1
903,0554_c0008_015.jpg,554,7,-1,True,150,8550,0.5269517103226662,0.19973368841544606,1,751,1,1,1,1
904,0554_c0008_020.jpg,554,7,-1,True,150,8550,0.5989614659855655,0.24154589371980675,1,621,1,1,1,1
905,0556_c0001_000.jpg,556,0,-1,True,175,8550,0.5834312487411494,0.3645833333333333,1,480,1,1,1,1
906,0556_c0001_005.jpg,556,0,-1,True,175,8550,0.5628207102547226,0.35714285714285715,1,490,1,1,1,1
907,0556_c0001_010.jpg,556,0,-1,True,175,8550,0.3460364806485001,0.3234750462107209,27,541,0,0,0,0
908,0556_c0001_015.jpg,556,0,-1,True,175,8550,0.4080821296293558,0.341796875,2,512,0,1,1,1
909,0556_c0001_020.jpg,556,0,-1,True,175,8550,0.4204366123442273,0.35353535353535354,13,495,0,0,0,1
910,0556_c0002_000.jpg,556,1,-1,True,175,8550,0.6262867667818777,0.18898488120950324,1,926,1,1,1,1
911,0556_c0002_005.jpg,556,1,-1,True,175,8550,0.7458515589099989,0.21525215252152521,1,813,1,1,1,1
912,0556_c0002_010.jpg,556,1,-1,True,175,8550,0.7001342388947894,0.19931662870159453,1,878,1,1,1,1
913,0556_c0002_015.jpg,556,1,-1,True,175,8550,0.7064065690709227,0.20301624129930396,1,862,1,1,1,1
914,0556_c0002_020.jpg,556,1,-1,True,175,8550,0.7131784371284873,0.20372526193247964,1,859,1,1,1,1
915,0556_c0003_000.jpg,556,2,-1,True,175,8550,0.9999348794063079,0.9943181818181818,1,176,1,1,1,1
916,0556_c0003_005.jpg,556,2,-1,True,175,8550,1.0,1.0,1,175,1,1,1,1
917,0556_c0003_010.jpg,556,2,-1,True,175,8550,0.997933651414771,0.9067357512953368,1,193,1,1,1,1
918,0556_c0003_015.jpg,556,2,-1,True,175,8550,0.9807634514779981,0.7847533632286996,1,223,1,1,1,1
919,0556_c0003_020.jpg,556,2,-1,True,175,8550,0.9578887617731139,0.6294964028776978,1,278,1,1,1,1
920,0556_c0004_000.jpg,556,3,-1,True,175,8550,1.0,1.0,1,175,1,1,1,1
921,0556_c0004_005.jpg,556,3,-1,True,175,8550,1.0,1.0,1,175,1,1,1,1
922,0556_c0004_010.jpg,556,3,-1,True,175,8550,1.0,1.0,1,175,1,1,1,1
923,0556_c0004_015.jpg,556,3,-1,True,175,8550,1.0,1.0,1,175,1,1,1,1
924,0556_c0004_020.jpg,556,3,-1,True,175,8550,1.0,1.0,1,175,1,1,1,1
925,0556_c0005_000.jpg,556,4,-1,True,175,8550,0.6451072997945863,0.4794520547945205,1,365,1,1,1,1
926,0556_c0005_005.jpg,556,4,-1,True,175,8550,0.6438419371341412,0.4716981132075472,1,371,1,1,1,1
927,0556_c0005_010.jpg,556,4,-1,True,175,8550,0.6926889779400668,0.4716981132075472,1,371,1,1,1,1
928,0556_c0005_015.jpg,556,4,-1,True,175,8550,0.6356368218639629,0.45103092783505155,1,388,1,1,1,1
929,0556_c0005_020.jpg,556,4,-1,True,175,8550,0.5642180541433197,0.39592760180995473,1,442,1,1,1,1
930,0556_c0006_000.jpg,556,5,-1,True,175,8550,0.9131772507736995,0.3684210526315789,1,475,1,1,1,1
931,0556_c0006_005.jpg,556,5,-1,True,175,8550,0.9154287088043997,0.3615702479338843,1,484,1,1,1,1
932,0556_c0006_010.jpg,556,5,-1,True,175,8550,0.9200828627192336,0.38631346578366443,1,453,1,1,1,1
933,0556_c0006_015.jpg,556,5,-1,True,175,8550,0.9152481437576533,0.35353535353535354,1,495,1,1,1,1
934,0556_c0006_020.jpg,556,5,-1,True,175,8550,0.9181914094246885,0.390625,1,448,1,1,1,1
935,0556_c0007_000.jpg,556,6,-1,True,175,8550,0.7955994501381872,0.40229885057471265,1,435,1,1,1,1
936,0556_c0007_005.jpg,556,6,-1,True,175,8550,0.8554163581165598,0.39592760180995473,1,442,1,1,1,1
937,0556_c0007_010.jpg,556,6,-1,True,175,8550,0.8450430490117138,0.36764705882352944,1,476,1,1,1,1
938,0556_c0007_015.jpg,556,6,-1,True,175,8550,0.8145868134157666,0.36231884057971014,1,483,1,1,1,1
939,0556_c0007_020.jpg,556,6,-1,True,175,8550,0.7655547662007419,0.3556910569105691,1,492,1,1,1,1
940,0556_c0008_000.jpg,556,7,-1,True,175,8550,0.8920388887088371,0.6889763779527559,1,254,1,1,1,1
941,0556_c0008_005.jpg,556,7,-1,True,175,8550,0.8885386121721789,0.7543103448275862,1,232,1,1,1,1
942,0556_c0008_010.jpg,556,7,-1,True,175,8550,0.9202481109893627,0.7882882882882883,1,222,1,1,1,1
943,0556_c0008_015.jpg,556,7,-1,True,175,8550,0.9126154405754506,0.7882882882882883,1,222,1,1,1,1
944,0556_c0008_020.jpg,556,7,-1,True,175,8550,0.9192753083214243,0.7847533632286996,1,223,1,1,1,1
945,0558_c0001_000.jpg,558,0,-1,True,175,8550,0.44617015425029843,0.3054101221640489,1,573,1,1,1,1
946,0558_c0001_005.jpg,558,0,-1,True,175,8550,0.4549620778135714,0.3147482014388489,1,556,1,1,1,1
947,0558_c0001_010.jpg,558,0,-1,True,175,8550,0.461550455472406,0.3054101221640489,1,573,1,1,1,1
948,0558_c0001_015.jpg,558,0,-1,True,175,8550,0.4552605379680701,0.30434782608695654,1,575,1,1,1,1
949,0558_c0001_020.jpg,558,0,-1,True,175,8550,0.4467135866488031,0.3038194444444444,1,576,1,1,1,1
950,0558_c0002_000.jpg,558,1,-1,True,175,8550,0.7269558818765953,0.3113879003558719,1,562,1,1,1,1
951,0558_c0002_005.jpg,558,1,-1,True,175,8550,0.6693057387432264,0.32407407407407407,1,540,1,1,1,1
952,0558_c0002_010.jpg,558,1,-1,True,175,8550,0.653771791854815,0.2956081081081081,1,592,1,1,1,1
953,0558_c0002_015.jpg,558,1,-1,True,175,8550,0.6586468155912585,0.2878289473684211,1,608,1,1,1,1
954,0558_c0002_020.jpg,558,1,-1,True,175,8550,0.6860846527572135,0.28594771241830064,1,612,1,1,1,1
955,0558_c0003_000.jpg,558,2,-1,True,175,8550,0.3641893084738534,0.341130604288499,51,513,0,0,0,0
956,0558_c0003_005.jpg,558,2,-1,True,175,8550,0.37775683037371427,0.40229885057471265,51,435,0,0,0,0
957,0558_c0003_010.jpg,558,2,-1,True,175,8550,0.3790166110125527,0.3699788583509514,51,473,0,0,0,0
958,0558_c0003_015.jpg,558,2,-1,True,175,8550,0.3750367039180591,0.360082304526749,51,486,0,0,0,0
959,0558_c0003_020.jpg,558,2,-1,True,175,8550,0.36201447554884514,0.3968253968253968,51,441,0,0,0,0
960,0558_c0004_000.jpg,558,3,-1,True,175,8550,0.3974791186339912,0.3054101221640489,1,573,1,1,1,1
961,0558_c0004_005.jpg,558,3,-1,True,175,8550,0.387229570444251,0.2956081081081081,1,592,1,1,1,1
962,0558_c0004_010.jpg,558,3,-1,True,175,8550,0.3761356545304072,0.2902155887230514,1,603,1,1,1,1
963,0558_c0004_015.jpg,558,3,-1,True,175,8550,0.3781870069343198,0.2976190476190476,1,588,1,1,1,1
964,0558_c0004_020.jpg,558,3,-1,True,175,8550,0.357834715325095,0.28135048231511256,1,622,1,1,1,1
965,0558_c0005_000.jpg,558,4,-1,True,175,8550,0.5474443450591954,0.30434782608695654,1,575,1,1,1,1
966,0558_c0005_005.jpg,558,4,-1,True,175,8550,0.536209447233561,0.28135048231511256,1,622,1,1,1,1
967,0558_c0005_010.jpg,558,4,-1,True,175,8550,0.539893595146939,0.2961082910321489,1,591,1,1,1,1
968,0558_c0005_015.jpg,558,4,-1,True,175,8550,0.5448062216204941,0.2921535893155259,1,599,1,1,1,1
969,0558_c0005_020.jpg,558,4,-1,True,175,8550,0.5461620362910002,0.3038194444444444,1,576,1,1,1,1
970,0558_c0006_000.jpg,558,5,-1,True,175,8550,0.5222108821243217,0.4888268156424581,1,358,1,1,1,1
971,0558_c0006_005.jpg,558,5,-1,True,175,8550,0.5243423104784559,0.5131964809384164,1,341,1,1,1,1
972,0558_c0006_010.jpg,558,5,-1,True,175,8550,0.5275614091866128,0.5287009063444109,1,331,1,1,1,1
973,0558_c0006_015.jpg,558,5,-1,True,175,8550,0.5435874957600072,0.5057803468208093,1,346,1,1,1,1
974,0558_c0006_020.jpg,558,5,-1,True,175,8550,0.5253377587273715,0.5,1,350,1,1,1,1
975,0558_c0007_000.jpg,558,6,-1,True,175,8550,0.5865490001286967,0.36610878661087864,1,478,1,1,1,1
976,0558_c0007_005.jpg,558,6,-1,True,175,8550,0.5707187798830287,0.42168674698795183,1,415,1,1,1,1
977,0558_c0007_010.jpg,558,6,-1,True,175,8550,0.5783705299018964,0.31194295900178254,1,561,1,1,1,1
978,0558_c0007_015.jpg,558,6,-1,True,175,8550,0.5889118366852092,0.3125,1,560,1,1,1,1
979,0558_c0007_020.jpg,558,6,-1,True,175,8550,0.5688309340155715,0.2604166666666667,1,672,1,1,1,1
980,0558_c0008_000.jpg,558,7,-1,True,175,8550,0.5760814867682321,0.2840909090909091,1,616,1,1,1,1
981,0558_c0008_005.jpg,558,7,-1,True,175,8550,0.5576867659194373,0.25925925925925924,1,675,1,1,1,1
982,0558_c0008_010.jpg,558,7,-1,True,175,8550,0.59479079327464,0.2956081081081081,1,592,1,1,1,1
983,0558_c0008_015.jpg,558,7,-1,True,175,8550,0.6249036491590474,0.2692307692307692,1,650,1,1,1,1
984,0558_c0008_020.jpg,558,7,-1,True,175,8550,0.5791395845804342,0.25697503671071953,1,681,1,1,1,1
985,0560_c0001_000.jpg,560,0,-1,True,150,8550,0.038714521592372,0.0515818431911967,584,2908,0,0,0,0
986,0560_c0001_005.jpg,560,0,-1,True,150,8550,0.027382592393328683,0.03830439223697651,1074,3916,0,0,0,0
987,0560_c0001_010.jpg,560,0,-1,True,150,8550,0.023834448333411504,0.03293084522502744,1093,4555,0,0,0,0
988,0560_c0001_015.jpg,560,0,-1,True,150,8550,0.025984218226203216,0.03617072582589824,1012,4147,0,0,0,0
989,0560_c0001_020.jpg,560,0,-1,True,150,8550,0.024474926145204818,0.03502218071445248,1278,4283,0,0,0,0
990,0560_c0002_000.jpg,560,1,-1,True,150,8550,0.9441880003472304,0.5836575875486382,1,257,1,1,1,1
991,0560_c0002_005.jpg,560,1,-1,True,150,8550,0.9442321179547749,0.5813953488372093,1,258,1,1,1,1
992,0560_c0002_010.jpg,560,1,-1,True,150,8550,0.9450147268145705,0.5859375,1,256,1,1,1,1
993,0560_c0002_015.jpg,560,1,-1,True,150,8550,0.9444530895411134,0.5791505791505791,1,259,1,1,1,1
994,0560_c0002_020.jpg,560,1,-1,True,150,8550,0.9431027231671393,0.5791505791505791,1,259,1,1,1,1
995,0560_c0003_000.jpg,560,2,-1,True,150,8550,0.9404890896456427,0.5357142857142857,1,280,1,1,1,1
996,0560_c0003_005.jpg,560,2,-1,True,150,8550,0.9400504516605591,0.5376344086021505,1,279,1,1,1,1
997,0560_c0003_010.jpg,560,2,-1,True,150,8550,0.9418919015737806,0.5617977528089888,1,267,1,1,1,1
998,0560_c0003_015.jpg,560,2,-1,True,150,8550,0.9403752278493611,0.5300353356890459,1,283,1,1,1,1
999,0560_c0003_020.jpg,560,2,-1,True,150,8550,0.9404215501719968,0.5474452554744526,1,274,1,1,1,1
1000,0560_c0005_000.jpg,560,4,-1,True,150,8550,0.9558512081627241,0.6637168141592921,1,226,1,1,1,1
1001,0560_c0005_005.jpg,560,4,-1,True,150,8550,0.9726066624795613,0.7978723404255319,1,188,1,1,1,1
1002,0560_c0005_010.jpg,560,4,-1,True,150,8550,0.9720368690959224,0.78125,1,192,1,1,1,1
1003,0560_c0005_015.jpg,560,4,-1,True,150,8550,0.972079133283875,0.7772020725388601,1,193,1,1,1,1
1004,0560_c0005_020.jpg,560,4,-1,True,150,8550,0.9734528912574623,0.8241758241758241,1,182,1,1,1,1
1005,0560_c0006_000.jpg,560,5,-1,True,150,8550,0.9000676179941625,0.22624434389140272,1,663,1,1,1,1
1006,0560_c0006_005.jpg,560,5,-1,True,150,8550,0.903556747490897,0.24154589371980675,1,621,1,1,1,1
1007,0560_c0006_010.jpg,560,5,-1,True,150,8550,0.9023360154664662,0.2384737678855326,1,629,1,1,1,1
1008,0560_c0006_015.jpg,560,5,-1,True,150,8550,0.9136593097940761,0.30120481927710846,1,498,1,1,1,1
1009,0560_c0006_020.jpg,560,5,-1,True,150,8550,0.9050921943910831,0.2471169686985173,1,607,1,1,1,1
1010,0560_c0007_000.jpg,560,6,-1,True,150,8550,0.9353924728031214,0.5747126436781609,1,261,1,1,1,1
1011,0560_c0007_005.jpg,560,6,-1,True,150,8550,0.935146041043598,0.5747126436781609,1,261,1,1,1,1
1012,0560_c0007_010.jpg,560,6,-1,True,150,8550,0.9351273867203826,0.5725190839694656,1,262,1,1,1,1
1013,0560_c0007_015.jpg,560,6,-1,True,150,8550,0.9351995727336996,0.5725190839694656,1,262,1,1,1,1
1014,0560_c0007_020.jpg,560,6,-1,True,150,8550,0.9356551994362599,0.5747126436781609,1,261,1,1,1,1
1015,0560_c0008_000.jpg,560,7,-1,True,150,8550,0.9396547152966684,0.5555555555555556,1,270,1,1,1,1
1016,0560_c0008_005.jpg,560,7,-1,True,150,8550,0.9402470116664944,0.5597014925373134,1,268,1,1,1,1
1017,0560_c0008_010.jpg,560,7,-1,True,150,8550,0.9378275125357982,0.5434782608695652,1,276,1,1,1,1
1018,0560_c0008_015.jpg,560,7,-1,True,150,8550,0.9383832234070212,0.5474452554744526,1,274,1,1,1,1
1019,0560_c0008_020.jpg,560,7,-1,True,150,8550,0.9396121391649369,0.5639097744360902,1,266,1,1,1,1
1020,0562_c0001_000.jpg,562,0,-1,True,50,8550,0.8140817519524507,0.6666666666666666,1,75,1,1,1,1
1021,0562_c0001_005.jpg,562,0,-1,True,50,8550,0.8100092134384222,0.6666666666666666,1,75,1,1,1,1
1022,0562_c0001_010.jpg,562,0,-1,True,50,8550,0.8064195059714321,0.6666666666666666,1,75,1,1,1,1
1023,0562_c0001_015.jpg,562,0,-1,True,50,8550,0.8123852514575925,0.6666666666666666,1,75,1,1,1,1
1024,0562_c0001_020.jpg,562,0,-1,True,50,8550,0.8080609818101746,0.6666666666666666,1,75,1,1,1,1
1025,0562_c0003_000.jpg,562,2,-1,True,50,8550,0.20714805961076713,0.25773195876288657,51,194,0,0,0,0
1026,0562_c0003_005.jpg,562,2,-1,True,50,8550,0.21155384161268198,0.2717391304347826,51,184,0,0,0,0
1027,0562_c0003_010.jpg,562,2,-1,True,50,8550,0.20910419707194186,0.25773195876288657,51,194,0,0,0,0
1028,0562_c0003_015.jpg,562,2,-1,True,50,8550,0.21278263540528525,0.2717391304347826,51,184,0,0,0,0
1029,0562_c0003_020.jpg,562,2,-1,True,50,8550,0.2090028891992362,0.2717391304347826,51,184,0,0,0,0
1030,0562_c0005_000.jpg,562,4,-1,True,50,8550,0.6755115874614337,0.4,1,125,1,1,1,1
1031,0562_c0005_005.jpg,562,4,-1,True,50,8550,0.679452242490659,0.4,1,125,1,1,1,1
1032,0562_c0005_010.jpg,562,4,-1,True,50,8550,0.680966338581233,0.4,1,125,1,1,1,1
1033,0562_c0005_015.jpg,562,4,-1,True,50,8550,0.6761821294763689,0.4,1,125,1,1,1,1
1034,0562_c0005_020.jpg,562,4,-1,True,50,8550,0.6951234268639521,0.4,1,125,1,1,1,1
1035,0564_c0001_000.jpg,564,0,-1,True,150,8550,0.9899878259334071,0.4716981132075472,1,318,1,1,1,1
1036,0564_c0001_005.jpg,564,0,-1,True,150,8550,0.9927905872698364,0.5597014925373134,1,268,1,1,1,1
1037,0564_c0001_010.jpg,564,0,-1,True,150,8550,0.9896564402596875,0.4702194357366771,1,319,1,1,1,1
1038,0564_c0001_015.jpg,564,0,-1,True,150,8550,0.9859822568329674,0.3694581280788177,1,406,1,1,1,1
1039,0564_c0001_020.jpg,564,0,-1,True,150,8550,0.9898942454539191,0.4934210526315789,1,304,1,1,1,1
1040,0564_c0002_000.jpg,564,1,-1,True,150,8550,0.9989992360580595,0.8823529411764706,1,170,1,1,1,1
1041,0564_c0002_005.jpg,564,1,-1,True,150,8550,0.9966380329060994,0.75,1,200,1,1,1,1
1042,0564_c0002_010.jpg,564,1,-1,True,150,8550,0.9961602205801477,0.7211538461538461,1,208,1,1,1,1
1043,0564_c0002_015.jpg,564,1,-1,True,150,8550,0.9958818939417585,0.7142857142857143,1,210,1,1,1,1
1044,0564_c0002_020.jpg,564,1,-1,True,150,8550,0.9962089678510999,0.75,1,200,1,1,1,1
1045,0564_c0004_000.jpg,564,3,-1,True,150,8550,0.8324678291475484,0.5338078291814946,1,281,1,1,1,1
1046,0564_c0004_005.jpg,564,3,-1,True,150,8550,0.8958777939369181,0.5119453924914675,1,293,1,1,1,1
1047,0564_c0004_010.jpg,564,3,-1,True,150,8550,0.8142518668590237,0.5067567567567568,1,296,1,1,1,1
1048,0564_c0004_015.jpg,564,3,-1,True,150,8550,0.8732677798414651,0.3448275862068966,1,435,1,1,1,1
1049,0564_c0004_020.jpg,564,3,-1,True,150,8550,0.9089582499842728,0.44776119402985076,1,335,1,1,1,1
1050,0564_c0005_000.jpg,564,4,-1,True,150,8550,0.9833187138001824,0.29469548133595286,1,509,1,1,1,1
1051,0564_c0005_005.jpg,564,4,-1,True,150,8550,0.9889892338381165,0.43352601156069365,1,346,1,1,1,1
1052,0564_c0005_010.jpg,564,4,-1,True,150,8550,0.9832980163178617,0.28901734104046245,1,519,1,1,1,1
1053,0564_c0005_015.jpg,564,4,-1,True,150,8550,0.9837890221968151,0.2994011976047904,1,501,1,1,1,1
1054,0564_c0005_020.jpg,564,4,-1,True,150,8550,0.9875865415265875,0.39893617021276595,1,376,1,1,1,1
1055,0564_c0006_000.jpg,564,5,-1,True,150,8550,0.9904115526300563,0.45180722891566266,1,332,1,1,1,1
1056,0564_c0006_005.jpg,564,5,-1,True,150,8550,0.98518095581766,0.2808988764044944,1,534,1,1,1,1
1057,0564_c0006_010.jpg,564,5,-1,True,150,8550,0.986304325364755,0.3125,1,480,1,1,1,1
1058,0564_c0006_015.jpg,564,5,-1,True,150,8550,0.9877744489412176,0.3424657534246575,1,438,1,1,1,1
1059,0564_c0006_020.jpg,564,5,-1,True,150,8550,0.991968470397051,0.4934210526315789,1,304,1,1,1,1
1060,0564_c0007_000.jpg,564,6,-1,True,150,8550,0.30392017867679794,0.15136226034308778,2,991,0,1,1,1
1061,0564_c0007_005.jpg,564,6,-1,True,150,8550,0.9759568930761028,0.8333333333333334,1,180,1,1,1,1
1062,0564_c0007_010.jpg,564,6,-1,True,150,8550,0.9950069538226197,0.8823529411764706,1,170,1,1,1,1
1063,0564_c0007_015.jpg,564,6,-1,True,150,8550,1.0,1.0,1,150,1,1,1,1
1064,0564_c0007_020.jpg,564,6,-1,True,150,8550,1.0,1.0,1,150,1,1,1,1
1065,0564_c0008_000.jpg,564,7,-1,True,150,8550,0.9505853297459208,0.7211538461538461,1,208,1,1,1,1
1066,0564_c0008_005.jpg,564,7,-1,True,150,8550,0.9603109701863093,0.7246376811594203,1,207,1,1,1,1
1067,0564_c0008_010.jpg,564,7,-1,True,150,8550,0.9060411127085812,0.6880733944954128,1,218,1,1,1,1
1068,0564_c0008_015.jpg,564,7,-1,True,150,8550,0.9841335952604521,0.7009345794392523,1,214,1,1,1,1
1069,0564_c0008_020.jpg,564,7,-1,True,150,8550,0.9623833718009557,0.704225352112676,1,213,1,1,1,1
1070,0566_c0001_000.jpg,566,0,-1,True,175,8550,0.48993638196699507,0.07922136713444998,1,2209,1,1,1,1
1071,0566_c0001_005.jpg,566,0,-1,True,175,8550,0.4937744934894199,0.08020164986251145,1,2182,1,1,1,1
1072,0566_c0001_010.jpg,566,0,-1,True,175,8550,0.5038634189439569,0.08988186954288649,1,1947,1,1,1,1
1073,0566_c0001_015.jpg,566,0,-1,True,175,8550,0.44946895582385643,0.08120649651972157,1,2155,1,1,1,1
1074,0566_c0001_020.jpg,566,0,-1,True,175,8550,0.4797338736566181,0.08293838862559241,1,2110,1,1,1,1
1075,0566_c0002_000.jpg,566,1,-1,True,175,8550,0.47985419284057107,0.11160714285714286,1,1568,1,1,1,1
1076,0566_c0002_005.jpg,566,1,-1,True,175,8550,0.35152016671781683,0.0867195242814668,1,2018,1,1,1,1
1077,0566_c0002_010.jpg,566,1,-1,True,175,8550,0.4143608854494285,0.10330578512396695,1,1694,1,1,1,1
1078,0566_c0002_015.jpg,566,1,-1,True,175,8550,0.3718108384899877,0.1025791324736225,1,1706,1,1,1,1
1079,0566_c0002_020.jpg,566,1,-1,True,175,8550,0.29293141375506193,0.08574228319451249,1,2041,1,1,1,1
1080,0566_c0003_000.jpg,566,2,-1,True,175,8550,0.30760633138491095,0.08482792050412022,1,2063,1,1,1,1
1081,0566_c0003_005.jpg,566,2,-1,True,175,8550,0.20678196022100176,0.08204406938584154,2,2133,0,1,1,1
1082,0566_c0003_010.jpg,566,2,-1,True,175,8550,0.2393957592343611,0.0857843137254902,1,2040,1,1,1,1
1083,0566_c0003_015.jpg,566,2,-1,True,175,8550,0.27274939505304185,0.09254362771020624,1,1891,1,1,1,1
1084,0566_c0003_020.jpg,566,2,-1,True,175,8550,0.24287540038940802,0.08838383838383838,1,1980,1,1,1,1
1085,0566_c0004_000.jpg,566,3,-1,True,175,8550,0.06872194287524287,0.08042279411764706,490,2176,0,0,0,0
1086,0566_c0004_005.jpg,566,3,-1,True,175,8550,0.08359376660066328,0.09254362771020624,254,1891,0,0,0,0
1087,0566_c0004_010.jpg,566,3,-1,True,175,8550,0.14728079632141178,0.08113120074177098,17,2157,0,0,0,1
1088,0566_c0004_015.jpg,566,3,-1,True,175,8550,0.0869916463415664,0.07276507276507277,138,2405,0,0,0,0
1089,0566_c0004_020.jpg,566,3,-1,True,175,8550,0.09259762312045464,0.07682177348551361,136,2278,0,0,0,0
1090,0566_c0005_000.jpg,566,4,-1,True,175,8550,0.5438466386029687,0.11535926170072512,1,1517,1,1,1,1
1091,0566_c0005_005.jpg,566,4,-1,True,175,8550,0.47754441953996546,0.09782001117942984,1,1789,1,1,1,1
1092,0566_c0005_010.jpg,566,4,-1,True,175,8550,0.424560467319016,0.0982594048287479,1,1781,1,1,1,1
1093,0566_c0005_015.jpg,566,4,-1,True,175,8550,0.5621772545570198,0.13420245398773006,1,1304,1,1,1,1
1094,0566_c0005_020.jpg,566,4,-1,True,175,8550,0.5453425771654403,0.10677242220866381,1,1639,1,1,1,1
1095,0566_c0006_000.jpg,566,5,-1,True,175,8550,0.2669790420144709,0.09599561162918267,1,1823,1,1,1,1
1096,0566_c0006_005.jpg,566,5,-1,True,175,8550,0.1125433559581806,0.07958162801273307,3,2199,0,1,1,1
1097,0566_c0006_010.jpg,566,5,-1,True,175,8550,0.16391386658656062,0.0858684985279686,1,2038,1,1,1,1
1098,0566_c0006_015.jpg,566,5,-1,True,175,8550,0.13736584621230755,0.08068234209313048,1,2169,1,1,1,1
1099,0566_c0006_020.jpg,566,5,-1,True,175,8550,0.12903485684870078,0.07655293088363954,1,2286,1,1,1,1
1100,0566_c0007_000.jpg,566,6,-1,True,175,8550,0.636733848860035,0.2755905511811024,1,635,1,1,1,1
1101,0566_c0007_005.jpg,566,6,-1,True,175,8550,0.6884998358661495,0.2663622526636225,1,657,1,1,1,1
1102,0566_c0007_010.jpg,566,6,-1,True,175,8550,0.48455185313007265,0.17930327868852458,1,976,1,1,1,1
1103,0566_c0007_015.jpg,566,6,-1,True,175,8550,0.45028623277976454,0.21084337349397592,1,830,1,1,1,1
1104,0566_c0007_020.jpg,566,6,-1,True,175,8550,0.4845456307022557,0.2902155887230514,5,603,0,1,1,1
1105,0566_c0008_000.jpg,566,7,-1,True,175,8550,0.2725382990902865,0.07137030995106036,1,2452,1,1,1,1
1106,0566_c0008_005.jpg,566,7,-1,True,175,8550,0.30565683684485323,0.07387083157450401,1,2369,1,1,1,1
1107,0566_c0008_010.jpg,566,7,-1,True,175,8550,0.40318512436393955,0.08557457212713937,1,2045,1,1,1,1
1108,0566_c0008_015.jpg,566,7,-1,True,175,8550,0.3769540998568468,0.09657836644591611,1,1812,1,1,1,1
1109,0566_c0008_020.jpg,566,7,-1,True,175,8550,0.31171701436141386,0.07306889352818371,1,2395,1,1,1,1
1110,0568_c0001_000.jpg,568,0,-1,True,50,8550,0.5986813635090922,0.17793594306049823,1,281,1,1,1,1
1111,0568_c0001_005.jpg,568,0,-1,True,50,8550,0.5335041665820959,0.1968503937007874,1,254,1,1,1,1
1112,0568_c0001_010.jpg,568,0,-1,True,50,8550,0.5692894140381793,0.18726591760299627,1,267,1,1,1,1
1113,0568_c0001_015.jpg,568,0,-1,True,50,8550,0.6014700158402304,0.20161290322580644,1,248,1,1,1,1
1114,0568_c0001_020.jpg,568,0,-1,True,50,8550,0.6052708130036133,0.2066115702479339,1,242,1,1,1,1
1115,0568_c0005_000.jpg,568,4,-1,True,50,8550,0.27165214886801237,0.20491803278688525,17,244,0,0,0,1
1116,0568_c0005_005.jpg,568,4,-1,True,50,8550,0.31167541906391966,0.24752475247524752,21,202,0,0,0,0
1117,0568_c0005_010.jpg,568,4,-1,True,50,8550,0.29142309979018327,0.2702702702702703,21,185,0,0,0,0
1118,0568_c0005_015.jpg,568,4,-1,True,50,8550,0.364083869485853,0.2564102564102564,3,195,0,1,1,1
1119,0568_c0005_020.jpg,568,4,-1,True,50,8550,0.5644122684267417,0.2702702702702703,1,185,1,1,1,1
1120,0568_c0006_000.jpg,568,5,-1,True,50,8550,0.589109396033198,0.12315270935960591,1,406,1,1,1,1
1121,0568_c0006_005.jpg,568,5,-1,True,50,8550,0.5817220144379738,0.13774104683195593,1,363,1,1,1,1
1122,0568_c0006_010.jpg,568,5,-1,True,50,8550,0.6045593086213351,0.13297872340425532,1,376,1,1,1,1
1123,0568_c0006_015.jpg,568,5,-1,True,50,8550,0.5894972949801578,0.11312217194570136,1,442,1,1,1,1
1124,0568_c0006_020.jpg,568,5,-1,True,50,8550,0.5698350047964091,0.10020040080160321,1,499,1,1,1,1
1125,0570_c0001_000.jpg,570,0,-1,True,150,8550,0.352329978433789,0.2697841726618705,1,556,1,1,1,1
1126,0570_c0001_005.jpg,570,0,-1,True,150,8550,0.31106253383363336,0.25728987993138935,1,583,1,1,1,1
1127,0570_c0001_010.jpg,570,0,-1,True,150,8550,0.3663973589426782,0.26785714285714285,1,560,1,1,1,1
1128,0570_c0001_015.jpg,570,0,-1,True,150,8550,0.3827121741069516,0.25862068965517243,1,580,1,1,1,1
1129,0570_c0001_020.jpg,570,0,-1,True,150,8550,0.21683858227002303,0.24193548387096775,26,620,0,0,0,0
1130,0570_c0002_000.jpg,570,1,-1,True,150,8550,0.6570709555239267,0.21770682148040638,1,689,1,1,1,1
1131,0570_c0002_005.jpg,570,1,-1,True,150,8550,0.6295597631769659,0.2329192546583851,1,644,1,1,1,1
1132,0570_c0002_010.jpg,570,1,-1,True,150,8550,0.6460086115790337,0.22255192878338279,1,674,1,1,1,1
1133,0570_c0002_015.jpg,570,1,-1,True,150,8550,0.6157892744111599,0.1893939393939394,1,792,1,1,1,1
1134,0570_c0002_020.jpg,570,1,-1,True,150,8550,0.6107992149374016,0.2152080344332855,1,697,1,1,1,1
1135,0570_c0004_000.jpg,570,3,-1,True,150,8550,0.1665459032183869,0.13309671694764863,131,1127,0,0,0,0
1136,0570_c0004_005.jpg,570,3,-1,True,150,8550,0.22792354566510237,0.15544041450777202,73,965,0,0,0,0
1137,0570_c0004_010.jpg,570,3,-1,True,150,8550,0.31055161636254897,0.20107238605898123,47,746,0,0,0,0
1138,0570_c0004_015.jpg,570,3,-1,True,150,8550,0.35306080828431374,0.1662971175166297,3,902,0,1,1,1
1139,0570_c0004_020.jpg,570,3,-1,True,150,8550,0.40784305446826435,0.15625,1,960,1,1,1,1
1140,0570_c0005_000.jpg,570,4,-1,True,150,8550,0.4381085964967399,0.23809523809523808,7,630,0,0,1,1
1141,0570_c0005_005.jpg,570,4,-1,True,150,8550,0.3329020549788089,0.16722408026755853,9,897,0,0,1,1
1142,0570_c0005_010.jpg,570,4,-1,True,150,8550,0.2913420778287887,0.16759776536312848,33,895,0,0,0,0
1143,0570_c0005_015.jpg,570,4,-1,True,150,8550,0.2915347515825279,0.17084282460136674,13,878,0,0,0,1
1144,0570_c0005_020.jpg,570,4,-1,True,150,8550,0.2254271369634687,0.15212981744421908,35,986,0,0,0,0
1145,0570_c0006_000.jpg,570,5,-1,True,150,8550,0.2294885986892029,0.1466275659824047,1,1023,1,1,1,1
1146,0570_c0006_005.jpg,570,5,-1,True,150,8550,0.23479082465186338,0.10438413361169102,3,1437,0,1,1,1
1147,0570_c0006_010.jpg,570,5,-1,True,150,8550,0.25064727293176586,0.14492753623188406,1,1035,1,1,1,1
1148,0570_c0006_015.jpg,570,5,-1,True,150,8550,0.13643581498293744,0.14258555133079848,12,1052,0,0,0,1
1149,0570_c0006_020.jpg,570,5,-1,True,150,8550,0.23275301126085457,0.1884422110552764,1,796,1,1,1,1
1150,0570_c0007_000.jpg,570,6,-1,True,150,8550,0.5902218939093925,0.20352781546811397,1,737,1,1,1,1
1151,0570_c0007_005.jpg,570,6,-1,True,150,8550,0.5820969239143013,0.18137847642079807,1,827,1,1,1,1
1152,0570_c0007_010.jpg,570,6,-1,True,150,8550,0.5660961777735668,0.16968325791855204,1,884,1,1,1,1
1153,0570_c0007_015.jpg,570,6,-1,True,150,8550,0.5887957916230865,0.19157088122605365,1,783,1,1,1,1
1154,0570_c0007_020.jpg,570,6,-1,True,150,8550,0.5372936853024985,0.1687289088863892,1,889,1,1,1,1
1155,0570_c0008_000.jpg,570,7,-1,True,150,8550,0.42904474932419023,0.2994011976047904,1,501,1,1,1,1
1156,0570_c0008_005.jpg,570,7,-1,True,150,8550,0.4128317045360803,0.2994011976047904,1,501,1,1,1,1
1157,0570_c0008_010.jpg,570,7,-1,True,150,8550,0.5169597193675742,0.33112582781456956,1,453,1,1,1,1
1158,0570_c0008_015.jpg,570,7,-1,True,150,8550,0.5834123242584158,0.33112582781456956,1,453,1,1,1,1
1159,0570_c0008_020.jpg,570,7,-1,True,150,8550,0.432226803899542,0.29469548133595286,1,509,1,1,1,1
1160,0572_c0001_000.jpg,572,0,-1,True,175,8550,0.7622220904903605,0.5520504731861199,1,317,1,1,1,1
1161,0572_c0001_005.jpg,572,0,-1,True,175,8550,0.7665536487789444,0.5401234567901234,1,324,1,1,1,1
1162,0572_c0001_010.jpg,572,0,-1,True,175,8550,0.7459690259828106,0.46419098143236076,1,377,1,1,1,1
1163,0572_c0001_015.jpg,572,0,-1,True,175,8550,0.7694124851583911,0.5162241887905604,1,339,1,1,1,1
1164,0572_c0001_020.jpg,572,0,-1,True,175,8550,0.7841244300951049,0.5573248407643312,1,314,1,1,1,1
1165,0572_c0002_000.jpg,572,1,-1,True,175,8550,0.5336916336570898,0.16385767790262173,1,1068,1,1,1,1
1166,0572_c0002_005.jpg,572,1,-1,True,175,8550,0.5379963574008559,0.16385767790262173,1,1068,1,1,1,1
1167,0572_c0002_010.jpg,572,1,-1,True,175,8550,0.5211839404244979,0.15737410071942445,1,1112,1,1,1,1
1168,0572_c0002_015.jpg,572,1,-1,True,175,8550,0.5212803798750824,0.15283842794759825,1,1145,1,1,1,1
1169,0572_c0002_020.jpg,572,1,-1,True,175,8550,0.5114346310225697,0.1451077943615257,1,1206,1,1,1,1
1170,0572_c0003_000.jpg,572,2,-1,True,175,8550,0.5211709238334794,0.19146608315098468,1,914,1,1,1,1
1171,0572_c0003_005.jpg,572,2,-1,True,175,8550,0.6108072676899526,0.2532561505065123,1,691,1,1,1,1
1172,0572_c0003_010.jpg,572,2,-1,True,175,8550,0.5202386038750141,0.17430278884462153,1,1004,1,1,1,1
1173,0572_c0003_015.jpg,572,2,-1,True,175,8550,0.4898202226044592,0.1719056974459725,1,1018,1,1,1,1
1174,0572_c0003_020.jpg,572,2,-1,True,175,8550,0.5039958055704916,0.1783893985728848,1,981,1,1,1,1
1175,0572_c0004_000.jpg,572,3,-1,True,175,8550,0.38889782278572593,0.44529262086513993,40,393,0,0,0,0
1176,0572_c0004_005.jpg,572,3,-1,True,175,8550,0.38367961951171553,0.45103092783505155,34,388,0,0,0,0
1177,0572_c0004_010.jpg,572,3,-1,True,175,8550,0.38376400184025117,0.4206730769230769,29,416,0,0,0,0
1178,0572_c0004_015.jpg,572,3,-1,True,175,8550,0.40911336772134776,0.46296296296296297,29,378,0,0,0,0
1179,0572_c0004_020.jpg,572,3,-1,True,175,8550,0.41247893944207964,0.4666666666666667,33,375,0,0,0,0
1180,0572_c0005_000.jpg,572,4,-1,True,175,8550,0.7228700921997102,0.3707627118644068,1,472,1,1,1,1
1181,0572_c0005_005.jpg,572,4,-1,True,175,8550,0.7528729209543468,0.5147058823529411,1,340,1,1,1,1
1182,0572_c0005_010.jpg,572,4,-1,True,175,8550,0.7107187187476137,0.5208333333333334,1,336,1,1,1,1
1183,0572_c0005_015.jpg,572,4,-1,True,175,8550,0.7425969448959661,0.5608974358974359,1,312,1,1,1,1
1184,0572_c0005_020.jpg,572,4,-1,True,175,8550,0.788879310848359,0.5775577557755776,1,303,1,1,1,1
1185,0572_c0006_000.jpg,572,5,-1,True,175,8550,0.3141049242811676,0.13420245398773006,8,1304,0,0,1,1
1186,0572_c0006_005.jpg,572,5,-1,True,175,8550,0.411046116229004,0.13338414634146342,1,1312,1,1,1,1
1187,0572_c0006_010.jpg,572,5,-1,True,175,8550,0.39199269582942675,0.1224632610216935,1,1429,1,1,1,1
1188,0572_c0006_015.jpg,572,5,-1,True,175,8550,0.3156926368193425,0.109717868338558,5,1595,0,1,1,1
1189,0572_c0006_020.jpg,572,5,-1,True,175,8550,0.2648284704068402,0.08250825082508251,3,2121,0,1,1,1
1190,0572_c0007_000.jpg,572,6,-1,True,175,8550,0.7627865538778545,0.2951096121416526,1,593,1,1,1,1
1191,0572_c0007_005.jpg,572,6,-1,True,175,8550,0.7937361448184214,0.3514056224899598,1,498,1,1,1,1
1192,0572_c0007_010.jpg,572,6,-1,True,175,8550,0.7649822218172961,0.31362007168458783,1,558,1,1,1,1
1193,0572_c0007_015.jpg,572,6,-1,True,175,8550,0.7395178636218054,0.2883031301482702,1,607,1,1,1,1
1194,0572_c0007_020.jpg,572,6,-1,True,175,8550,0.7649101068298672,0.2956081081081081,1,592,1,1,1,1
1195,0572_c0008_000.jpg,572,7,-1,True,175,8550,0.30849138039602947,0.09738452977184196,3,1797,0,1,1,1
1196,0572_c0008_005.jpg,572,7,-1,True,175,8550,0.2970872396493972,0.10011441647597254,4,1748,0,1,1,1
1197,0572_c0008_010.jpg,572,7,-1,True,175,8550,0.32662594596210853,0.0891492613346918,1,1963,1,1,1,1
1198,0572_c0008_015.jpg,572,7,-1,True,175,8550,0.28164701281479104,0.09831460674157304,5,1780,0,1,1,1
1199,0572_c0008_020.jpg,572,7,-1,True,175,8550,0.2935139039386284,0.09439050701186623,1,1854,1,1,1,1
1200,0574_c0001_000.jpg,574,0,-1,True,150,8550,0.4451374150159027,0.06499133448873484,1,2308,1,1,1,1
1201,0574_c0001_005.jpg,574,0,-1,True,150,8550,0.46127007143750604,0.07218479307025986,1,2078,1,1,1,1
1202,0574_c0001_010.jpg,574,0,-1,True,150,8550,0.4940057640027921,0.13686131386861314,1,1096,1,1,1,1
1203,0574_c0001_015.jpg,574,0,-1,True,150,8550,0.5095896430171968,0.12448132780082988,1,1205,1,1,1,1
1204,0574_c0001_020.jpg,574,0,-1,True,150,8550,0.46513262642251246,0.09548058561425843,1,1571,1,1,1,1
1205,0574_c0002_000.jpg,574,1,-1,True,150,8550,0.44976653678392825,0.07841087297438579,1,1913,1,1,1,1
1206,0574_c0002_005.jpg,574,1,-1,True,150,8550,0.47114842568139353,0.08665511265164645,1,1731,1,1,1,1
1207,0574_c0002_010.jpg,574,1,-1,True,150,8550,0.5369400784002912,0.11952191235059761,1,1255,1,1,1,1
1208,0574_c0002_015.jpg,574,1,-1,True,150,8550,0.5498483346824937,0.135013501350135,1,1111,1,1,1,1
1209,0574_c0002_020.jpg,574,1,-1,True,150,8550,0.5894509648094451,0.1529051987767584,1,981,1,1,1,1
1210,0574_c0003_000.jpg,574,2,-1,True,150,8550,0.4384555428496691,0.42857142857142855,26,350,0,0,0,0
1211,0574_c0003_005.jpg,574,2,-1,True,150,8550,0.4415792313615669,0.5319148936170213,26,282,0,0,0,0
1212,0574_c0003_010.jpg,574,2,-1,True,150,8550,0.4283242366073376,0.5747126436781609,26,261,0,0,0,0
1213,0574_c0003_015.jpg,574,2,-1,True,150,8550,0.46513000259165227,0.5813953488372093,26,258,0,0,0,0
1214,0574_c0003_020.jpg,574,2,-1,True,150,8550,0.4220938046275422,0.5747126436781609,26,261,0,0,0,0
1215,0574_c0004_000.jpg,574,3,-1,True,150,8550,0.3683139315425582,0.26833631484794274,23,559,0,0,0,0
1216,0574_c0004_005.jpg,574,3,-1,True,150,8550,0.34644009469433634,0.28901734104046245,25,519,0,0,0,0
1217,0574_c0004_010.jpg,574,3,-1,True,150,8550,0.34779740258456654,0.351288056206089,3,427,0,1,1,1
1218,0574_c0004_015.jpg,574,3,-1,True,150,8550,0.3948696779443164,0.36855036855036855,1,407,1,1,1,1
1219,0574_c0004_020.jpg,574,3,-1,True,150,8550,0.3882905543309171,0.31446540880503143,1,477,1,1,1,1
1220,0574_c0005_000.jpg,574,4,-1,True,150,8550,0.20200420212245077,0.039093041438623924,2,3837,0,1,1,1
1221,0574_c0005_005.jpg,574,4,-1,True,150,8550,0.26532785734550113,0.0521557719054242,2,2876,0,1,1,1
1222,0574_c0005_010.jpg,574,4,-1,True,150,8550,0.27285634547660736,0.05179558011049724,3,2896,0,1,1,1
1223,0574_c0005_015.jpg,574,4,-1,True,150,8550,0.2756667769879897,0.05016722408026756,2,2990,0,1,1,1
1224,0574_c0005_020.jpg,574,4,-1,True,150,8550,0.25625887960943533,0.04892367906066536,7,3066,0,0,1,1
1225,0574_c0006_000.jpg,574,5,-1,True,150,8550,0.5620016747887708,0.3856041131105398,1,389,1,1,1,1
1226,0574_c0006_005.jpg,574,5,-1,True,150,8550,0.5619239432909416,0.3740648379052369,1,401,1,1,1,1
1227,0574_c0006_010.jpg,574,5,-1,True,150,8550,0.5711953731434252,0.38860103626943004,1,386,1,1,1,1
1228,0574_c0006_015.jpg,574,5,-1,True,150,8550,0.6272242110555093,0.36674816625916873,1,409,1,1,1,1
1229,0574_c0006_020.jpg,574,5,-1,True,150,8550,0.6498956582166892,0.33482142857142855,1,448,1,1,1,1
1230,0574_c0008_000.jpg,574,7,-1,True,150,8550,0.560949040086006,0.14381591562799617,1,1043,1,1,1,1
1231,0574_c0008_005.jpg,574,7,-1,True,150,8550,0.5047582812251945,0.10668563300142248,1,1406,1,1,1,1
1232,0574_c0008_010.jpg,574,7,-1,True,150,8550,0.4961626072631117,0.1278772378516624,1,1173,1,1,1,1
1233,0574_c0008_015.jpg,574,7,-1,True,150,8550,0.5185554228149181,0.12437810945273632,1,1206,1,1,1,1
1234,0574_c0008_020.jpg,574,7,-1,True,150,8550,0.504048237094124,0.13009540329575023,1,1153,1,1,1,1
1235,0576_c0001_000.jpg,576,0,-1,True,150,8550,0.4916015530984321,0.2918287937743191,1,514,1,1,1,1
1236,0576_c0001_005.jpg,576,0,-1,True,150,8550,0.30410135257001203,0.24115755627009647,11,622,0,0,0,1
1237,0576_c0001_010.jpg,576,0,-1,True,150,8550,0.3722774289294976,0.25862068965517243,1,580,1,1,1,1
1238,0576_c0001_015.jpg,576,0,-1,True,150,8550,0.3402366779473272,0.22189349112426035,1,676,1,1,1,1
1239,0576_c0001_020.jpg,576,0,-1,True,150,8550,0.4469180510424991,0.26501766784452296,1,566,1,1,1,1
1240,0576_c0002_000.jpg,576,1,-1,True,150,8550,0.8088225293287183,0.46153846153846156,1,325,1,1,1,1
1241,0576_c0002_005.jpg,576,1,-1,True,150,8550,0.791594840337066,0.37593984962406013,1,399,1,1,1,1
1242,0576_c0002_010.jpg,576,1,-1,True,150,8550,0.8264394711269425,0.47770700636942676,1,314,1,1,1,1
1243,0576_c0002_015.jpg,576,1,-1,True,150,8550,0.7193018570928729,0.3836317135549872,1,391,1,1,1,1
1244,0576_c0002_020.jpg,576,1,-1,True,150,8550,0.6253681710334308,0.3157894736842105,1,475,1,1,1,1
1245,0576_c0003_000.jpg,576,2,-1,True,150,8550,0.8614879336553404,0.45180722891566266,1,332,1,1,1,1
1246,0576_c0003_005.jpg,576,2,-1,True,150,8550,0.8966355889639689,0.5454545454545454,1,275,1,1,1,1
1247,0576_c0003_010.jpg,576,2,-1,True,150,8550,0.8599493599728436,0.44510385756676557,1,337,1,1,1,1
1248,0576_c0003_015.jpg,576,2,-1,True,150,8550,0.801193850449791,0.4098360655737705,1,366,1,1,1,1
1249,0576_c0003_020.jpg,576,2,-1,True,150,8550,0.8361493028003364,0.423728813559322,1,354,1,1,1,1
1250,0576_c0004_000.jpg,576,3,-1,True,150,8550,0.9222679736574237,0.6302521008403361,1,238,1,1,1,1
1251,0576_c0004_005.jpg,576,3,-1,True,150,8550,0.9210731709365795,0.6024096385542169,1,249,1,1,1,1
1252,0576_c0004_010.jpg,576,3,-1,True,150,8550,0.9448681380503804,0.6787330316742082,1,221,1,1,1,1
1253,0576_c0004_015.jpg,576,3,-1,True,150,8550,0.9278126613220371,0.6302521008403361,1,238,1,1,1,1
1254,0576_c0004_020.jpg,576,3,-1,True,150,8550,0.9083138545888904,0.5434782608695652,1,276,1,1,1,1
1255,0576_c0005_000.jpg,576,4,-1,True,150,8550,0.9925351748026825,0.8064516129032258,1,186,1,1,1,1
1256,0576_c0005_005.jpg,576,4,-1,True,150,8550,0.9912928292603406,0.8108108108108109,1,185,1,1,1,1
1257,0576_c0005_010.jpg,576,4,-1,True,150,8550,0.9830876667546863,0.7692307692307693,1,195,1,1,1,1
1258,0576_c0005_015.jpg,576,4,-1,True,150,8550,0.9820954958945718,0.7653061224489796,1,196,1,1,1,1
1259,0576_c0005_020.jpg,576,4,-1,True,150,8550,0.9196988880791821,0.6097560975609756,1,246,1,1,1,1
1260,0576_c0006_000.jpg,576,5,-1,True,150,8550,0.9666529159227163,0.75,1,200,1,1,1,1
1261,0576_c0006_005.jpg,576,5,-1,True,150,8550,0.9019330388697544,0.6224066390041494,1,241,1,1,1,1
1262,0576_c0006_010.jpg,576,5,-1,True,150,8550,0.9478534011763501,0.6880733944954128,1,218,1,1,1,1
1263,0576_c0006_015.jpg,576,5,-1,True,150,8550,0.9501191798046326,0.7653061224489796,1,196,1,1,1,1
1264,0576_c0006_020.jpg,576,5,-1,True,150,8550,0.9224382218097166,0.6696428571428571,1,224,1,1,1,1
1265,0576_c0007_000.jpg,576,6,-1,True,150,8550,0.8104940164966647,0.390625,1,384,1,1,1,1
1266,0576_c0007_005.jpg,576,6,-1,True,150,8550,0.8573642258001273,0.42016806722689076,1,357,1,1,1,1
1267,0576_c0007_010.jpg,576,6,-1,True,150,8550,0.8982371002241717,0.43352601156069365,1,346,1,1,1,1
1268,0576_c0007_015.jpg,576,6,-1,True,150,8550,0.9196808325329359,0.5102040816326531,1,294,1,1,1,1
1269,0576_c0007_020.jpg,576,6,-1,True,150,8550,0.9323761880733756,0.5597014925373134,1,268,1,1,1,1
1270,0578_c0001_000.jpg,578,0,-1,True,175,8550,0.5782967672773301,0.39592760180995473,1,442,1,1,1,1
1271,0578_c0001_005.jpg,578,0,-1,True,175,8550,0.5457899655071149,0.3723404255319149,1,470,1,1,1,1
1272,0578_c0001_010.jpg,578,0,-1,True,175,8550,0.5373555014508692,0.37154989384288745,1,471,1,1,1,1
1273,0578_c0001_015.jpg,578,0,-1,True,175,8550,0.5290229265420541,0.37553648068669526,1,466,1,1,1,1
1274,0578_c0001_020.jpg,578,0,-1,True,175,8550,0.5746895577300237,0.3977272727272727,1,440,1,1,1,1
1275,0578_c0002_000.jpg,578,1,-1,True,175,8550,0.2060443944400642,0.2608047690014903,176,671,0,0,0,0
1276,0578_c0002_005.jpg,578,1,-1,True,175,8550,0.2127846117832201,0.27216174183514774,171,643,0,0,0,0
1277,0578_c0002_010.jpg,578,1,-1,True,175,8550,0.2156176273638474,0.2713178294573643,161,645,0,0,0,0
1278,0578_c0002_015.jpg,578,1,-1,True,175,8550,0.21707742557045512,0.27301092043681746,154,641,0,0,0,0
1279,0578_c0002_020.jpg,578,1,-1,True,175,8550,0.2183261699447078,0.27301092043681746,142,641,0,0,0,0
1280,0578_c0003_000.jpg,578,2,-1,True,175,8550,0.39689963683731744,0.43640897755610975,16,401,0,0,0,1
1281,0578_c0003_005.jpg,578,2,-1,True,175,8550,0.39983209204662024,0.43103448275862066,26,406,0,0,0,0
1282,0578_c0003_010.jpg,578,2,-1,True,175,8550,0.4171260348473754,0.45454545454545453,25,385,0,0,0,0
1283,0578_c0003_015.jpg,578,2,-1,True,175,8550,0.4585897538055594,0.43859649122807015,1,399,1,1,1,1
1284,0578_c0003_020.jpg,578,2,-1,True,175,8550,0.4162377532390865,0.46419098143236076,26,377,0,0,0,0
1285,0578_c0004_000.jpg,578,3,-1,True,175,8550,0.4920970439636887,0.3333333333333333,1,525,1,1,1,1
1286,0578_c0004_005.jpg,578,3,-1,True,175,8550,0.5066943327723907,0.37154989384288745,7,471,0,0,1,1
1287,0578_c0004_010.jpg,578,3,-1,True,175,8550,0.4588405229002014,0.26717557251908397,26,655,0,0,0,0
1288,0578_c0004_015.jpg,578,3,-1,True,175,8550,0.4590168738540494,0.24104683195592286,24,726,0,0,0,0
1289,0578_c0004_020.jpg,578,3,-1,True,175,8550,0.48777766045001336,0.2986348122866894,26,586,0,0,0,0
1290,0578_c0005_000.jpg,578,4,-1,True,175,8550,0.6940528813878328,0.373134328358209,1,469,1,1,1,1
1291,0578_c0005_005.jpg,578,4,-1,True,175,8550,0.6745094408097767,0.32710280373831774,1,535,1,1,1,1
1292,0578_c0005_010.jpg,578,4,-1,True,175,8550,0.6293441388664235,0.28317152103559873,1,618,1,1,1,1
1293,0578_c0005_015.jpg,578,4,-1,True,175,8550,0.5805056759834595,0.2717391304347826,1,644,1,1,1,1
1294,0578_c0005_020.jpg,578,4,-1,True,175,8550,0.5311328437288975,0.28044871794871795,1,624,1,1,1,1
1295,0578_c0006_000.jpg,578,5,-1,True,175,8550,0.5270393285153219,0.42168674698795183,26,415,0,0,0,0
1296,0578_c0006_005.jpg,578,5,-1,True,175,8550,0.5274530945398324,0.5239520958083832,26,334,0,0,0,0
1297,0578_c0006_010.jpg,578,5,-1,True,175,8550,0.5418566905346898,0.5087209302325582,26,344,0,0,0,0
1298,0578_c0006_015.jpg,578,5,-1,True,175,8550,0.5399303193269323,0.5131964809384164,26,341,0,0,0,0
1299,0578_c0006_020.jpg,578,5,-1,True,175,8550,0.5297200622985975,0.5116959064327485,26,342,0,0,0,0
1300,0578_c0007_000.jpg,578,6,-1,True,175,8550,0.69116334240671,0.4533678756476684,1,386,1,1,1,1
1301,0578_c0007_005.jpg,578,6,-1,True,175,8550,0.703931016664353,0.5319148936170213,1,329,1,1,1,1
1302,0578_c0007_010.jpg,578,6,-1,True,175,8550,0.7008366029877994,0.5434782608695652,1,322,1,1,1,1
1303,0578_c0007_015.jpg,578,6,-1,True,175,8550,0.7003260302788942,0.4768392370572207,1,367,1,1,1,1
1304,0578_c0007_020.jpg,578,6,-1,True,175,8550,0.7220908983998771,0.49157303370786515,1,356,1,1,1,1
1305,0578_c0008_000.jpg,578,7,-1,True,175,8550,0.5742863600632786,0.34930139720558884,1,501,1,1,1,1
1306,0578_c0008_005.jpg,578,7,-1,True,175,8550,0.5675209702652119,0.3391472868217054,1,516,1,1,1,1
1307,0578_c0008_010.jpg,578,7,-1,True,175,8550,0.5521949384855586,0.3391472868217054,1,516,1,1,1,1
1308,0578_c0008_015.jpg,578,7,-1,True,175,8550,0.549511311167862,0.341796875,1,512,1,1,1,1
1309,0578_c0008_020.jpg,578,7,-1,True,175,8550,0.5781573710869606,0.3431372549019608,1,510,1,1,1,1
1310,0580_c0001_000.jpg,580,0,-1,True,175,8550,0.18766916604535352,0.08189050070191858,17,2137,0,0,0,1
1311,0580_c0001_005.jpg,580,0,-1,True,175,8550,0.18671700721076073,0.08646245059288538,14,2024,0,0,0,1
1312,0580_c0001_010.jpg,580,0,-1,True,175,8550,0.1867391888292805,0.09418729817007535,5,1858,0,1,1,1
1313,0580_c0001_015.jpg,580,0,-1,True,175,8550,0.19780965445579232,0.09516041326808047,3,1839,0,1,1,1
1314,0580_c0001_020.jpg,580,0,-1,True,175,8550,0.2842812037850697,0.1091703056768559,1,1603,1,1,1,1
1315,0580_c0002_000.jpg,580,1,-1,True,175,8550,0.08976800860657849,0.06692160611854685,107,2615,0,0,0,0
1316,0580_c0002_005.jpg,580,1,-1,True,175,8550,0.11531254566457354,0.05841121495327103,34,2996,0,0,0,0
1317,0580_c0002_010.jpg,580,1,-1,True,175,8550,0.10326252603662271,0.05787037037037037,52,3024,0,0,0,0
1318,0580_c0002_015.jpg,580,1,-1,True,175,8550,0.10683451962620154,0.06636329161926431,43,2637,0,0,0,0
1319,0580_c0002_020.jpg,580,1,-1,True,175,8550,0.12568489242205333,0.0671785028790787,72,2605,0,0,0,0
1320,0580_c0003_000.jpg,580,2,-1,True,175,8550,0.05490298671952044,0.053565962656871746,611,3267,0,0,0,0
1321,0580_c0003_005.jpg,580,2,-1,True,175,8550,0.0592811100230433,0.056397035127296165,459,3103,0,0,0,0
1322,0580_c0003_010.jpg,580,2,-1,True,175,8550,0.05365200911186406,0.05312689738919247,608,3294,0,0,0,0
1323,0580_c0003_015.jpg,580,2,-1,True,175,8550,0.054678621868044314,0.05303030303030303,542,3300,0,0,0,0
1324,0580_c0003_020.jpg,580,2,-1,True,175,8550,0.05498974352700765,0.05518763796909492,530,3171,0,0,0,0
1325,0580_c0004_000.jpg,580,3,-1,True,175,8550,0.49539088462789876,0.2080856123662307,1,841,1,1,1,1
1326,0580_c0004_005.jpg,580,3,-1,True,175,8550,0.5448932573157398,0.23648648648648649,1,740,1,1,1,1
1327,0580_c0004_010.jpg,580,3,-1,True,175,8550,0.5797195535384515,0.24441340782122906,1,716,1,1,1,1
1328,0580_c0004_015.jpg,580,3,-1,True,175,8550,0.565897884424186,0.2407152682255846,1,727,1,1,1,1
1329,0580_c0004_020.jpg,580,3,-1,True,175,8550,0.5996307891208216,0.24787535410764872,1,706,1,1,1,1
1330,0580_c0005_000.jpg,580,4,-1,True,175,8550,0.2980501291396504,0.17412935323383086,1,1005,1,1,1,1
1331,0580_c0005_005.jpg,580,4,-1,True,175,8550,0.26316050039516964,0.1757028112449799,7,996,0,0,1,1
1332,0580_c0005_010.jpg,580,4,-1,True,175,8550,0.29543569901651723,0.16810758885686838,5,1041,0,1,1,1
1333,0580_c0005_015.jpg,580,4,-1,True,175,8550,0.32492734929728256,0.1744765702891326,1,1003,1,1,1,1
1334,0580_c0005_020.jpg,580,4,-1,True,175,8550,0.2703997709987498,0.1710654936461388,2,1023,0,1,1,1
1335,0580_c0006_000.jpg,580,5,-1,True,175,8550,0.395991466413541,0.11737089201877934,1,1491,1,1,1,1
1336,0580_c0006_005.jpg,580,5,-1,True,175,8550,0.3889824466528233,0.11674449633088725,1,1499,1,1,1,1
1337,0580_c0006_010.jpg,580,5,-1,True,175,8550,0.33653167395210026,0.11139401654996817,1,1571,1,1,1,1
1338,0580_c0006_015.jpg,580,5,-1,True,175,8550,0.3556860706305735,0.10523150932050511,1,1663,1,1,1,1
1339,0580_c0006_020.jpg,580,5,-1,True,175,8550,0.35817284119207404,0.11888586956521739,1,1472,1,1,1,1
1340,0580_c0007_000.jpg,580,6,-1,True,175,8550,0.352164501556921,0.06586375611592021,26,2657,0,0,0,0
1341,0580_c0007_005.jpg,580,6,-1,True,175,8550,0.32579788754689226,0.06086956521739131,26,2875,0,0,0,0
1342,0580_c0007_010.jpg,580,6,-1,True,175,8550,0.35145719697035105,0.0650315867707172,26,2691,0,0,0,0
1343,0580_c0007_015.jpg,580,6,-1,True,175,8550,0.3613338431261002,0.07507507507507508,8,2331,0,0,1,1
1344,0580_c0007_020.jpg,580,6,-1,True,175,8550,0.3528062617903118,0.06933438985736926,24,2524,0,0,0,0
1345,0580_c0008_000.jpg,580,7,-1,True,175,8550,0.4668931298081692,0.1242015613910575,1,1409,1,1,1,1
1346,0580_c0008_005.jpg,580,7,-1,True,175,8550,0.4689613144343995,0.10910224438902744,1,1604,1,1,1,1
1347,0580_c0008_010.jpg,580,7,-1,True,175,8550,0.42688664117502056,0.11994516792323509,24,1459,0,0,0,0
1348,0580_c0008_015.jpg,580,7,-1,True,175,8550,0.43870995144939584,0.12195121951219512,8,1435,0,0,1,1
1349,0580_c0008_020.jpg,580,7,-1,True,175,8550,0.41946205182224017,0.11784511784511785,11,1485,0,0,0,1
1350,0582_c0001_000.jpg,582,0,-1,True,175,8550,0.5652988209881273,0.22609819121447028,25,774,0,0,0,0
1351,0582_c0001_005.jpg,582,0,-1,True,175,8550,0.5899351462125864,0.4050925925925926,24,432,0,0,0,0
1352,0582_c0001_010.jpg,582,0,-1,True,175,8550,0.674027368114747,0.550314465408805,3,318,0,1,1,1
1353,0582_c0001_015.jpg,582,0,-1,True,175,8550,0.5807582518278627,0.4069767441860465,25,430,0,0,0,0
1354,0582_c0001_020.jpg,582,0,-1,True,175,8550,0.7274116371907254,0.4475703324808184,1,391,1,1,1,1
1355,0582_c0002_000.jpg,582,1,-1,True,175,8550,0.2814773100898475,0.07096512570965126,1,2466,1,1,1,1
1356,0582_c0002_005.jpg,582,1,-1,True,175,8550,0.2801098697535938,0.06265664160401002,1,2793,1,1,1,1
1357,0582_c0002_010.jpg,582,1,-1,True,175,8550,0.46778734662958116,0.08466376390904692,1,2067,1,1,1,1
1358,0582_c0002_015.jpg,582,1,-1,True,175,8550,0.5620828769185118,0.11125238397965671,1,1573,1,1,1,1
1359,0582_c0002_020.jpg,582,1,-1,True,175,8550,0.5643131721614322,0.10529482551143202,1,1662,1,1,1,1
1360,0582_c0003_000.jpg,582,2,-1,True,175,8550,0.20784568447357027,0.09727626459143969,39,1799,0,0,0,0
1361,0582_c0003_005.jpg,582,2,-1,True,175,8550,0.17559138007199177,0.08896797153024912,74,1967,0,0,0,0
1362,0582_c0003_010.jpg,582,2,-1,True,175,8550,0.20566172452953208,0.09604829857299671,40,1822,0,0,0,0
1363,0582_c0003_015.jpg,582,2,-1,True,175,8550,0.21794430672246834,0.09820426487093153,12,1782,0,0,0,1
1364,0582_c0003_020.jpg,582,2,-1,True,175,8550,0.2073921492313187,0.09898190045248868,38,1768,0,0,0,0
1365,0582_c0004_000.jpg,582,3,-1,True,175,8550,0.6386886594183506,0.16940948693126814,1,1033,1,1,1,1
1366,0582_c0004_005.jpg,582,3,-1,True,175,8550,0.6729919717954425,0.17857142857142858,1,980,1,1,1,1
1367,0582_c0004_010.jpg,582,3,-1,True,175,8550,0.6364417113378035,0.1787538304392237,1,979,1,1,1,1
1368,0582_c0004_015.jpg,582,3,-1,True,175,8550,0.6301162755177832,0.16233766233766234,1,1078,1,1,1,1
1369,0582_c0004_020.jpg,582,3,-1,True,175,8550,0.6392717983199748,0.17535070140280562,1,998,1,1,1,1
1370,0582_c0005_000.jpg,582,4,-1,True,175,8550,0.7548784245801494,0.21367521367521367,1,819,1,1,1,1
1371,0582_c0005_005.jpg,582,4,-1,True,175,8550,0.7507464802969199,0.19509476031215162,1,897,1,1,1,1
1372,0582_c0005_010.jpg,582,4,-1,True,175,8550,0.7560902684014712,0.2190237797246558,1,799,1,1,1,1
1373,0582_c0005_015.jpg,582,4,-1,True,175,8550,0.7742888907993843,0.22609819121447028,1,774,1,1,1,1
1374,0582_c0005_020.jpg,582,4,-1,True,175,8550,0.7695587119105114,0.19751693002257337,1,886,1,1,1,1
1375,0582_c0006_000.jpg,582,5,-1,True,175,8550,0.30930302777147434,0.1366120218579235,1,1281,1,1,1,1
1376,0582_c0006_005.jpg,582,5,-1,True,175,8550,0.43576107768616906,0.1997716894977169,1,876,1,1,1,1
1377,0582_c0006_010.jpg,582,5,-1,True,175,8550,0.4246825799002518,0.18022657054582905,1,971,1,1,1,1
1378,0582_c0006_015.jpg,582,5,-1,True,175,8550,0.3921903096529566,0.1570915619389587,1,1114,1,1,1,1
1379,0582_c0006_020.jpg,582,5,-1,True,175,8550,0.3539123702962291,0.14944491887275832,1,1171,1,1,1,1
1380,0582_c0007_000.jpg,582,6,-1,True,175,8550,0.8809863484738744,0.6410256410256411,1,273,1,1,1,1
1381,0582_c0007_005.jpg,582,6,-1,True,175,8550,0.8417548063484691,0.6076388888888888,1,288,1,1,1,1
1382,0582_c0007_010.jpg,582,6,-1,True,175,8550,0.8425911919862504,0.5794701986754967,1,302,1,1,1,1
1383,0582_c0007_015.jpg,582,6,-1,True,175,8550,0.8530381989511339,0.5737704918032787,1,305,1,1,1,1
1384,0582_c0007_020.jpg,582,6,-1,True,175,8550,0.8509205321674073,0.5912162162162162,1,296,1,1,1,1
1385,0582_c0008_000.jpg,582,7,-1,True,175,8550,0.7823971996354355,0.20883054892601433,1,838,1,1,1,1
1386,0582_c0008_005.jpg,582,7,-1,True,175,8550,0.7792114549905265,0.2,1,875,1,1,1,1
1387,0582_c0008_010.jpg,582,7,-1,True,175,8550,0.7872069846472872,0.230566534914361,1,759,1,1,1,1
1388,0582_c0008_015.jpg,582,7,-1,True,175,8550,0.7830172675884335,0.21160822249093109,1,827,1,1,1,1
1389,0582_c0008_020.jpg,582,7,-1,True,175,8550,0.7859280429950279,0.21739130434782608,1,805,1,1,1,1
1390,0584_c0001_000.jpg,584,0,-1,True,175,8550,0.285558240190848,0.2,51,875,0,0,0,0
1391,0584_c0001_005.jpg,584,0,-1,True,175,8550,0.18488500680136016,0.13247539742619227,140,1321,0,0,0,0
1392,0584_c0001_010.jpg,584,0,-1,True,175,8550,0.2764356973517174,0.1650943396226415,54,1060,0,0,0,0
1393,0584_c0001_015.jpg,584,0,-1,True,175,8550,0.2578512673123037,0.1794871794871795,56,975,0,0,0,0
1394,0584_c0001_020.jpg,584,0,-1,True,175,8550,0.45226488192929437,0.25584795321637427,12,684,0,0,0,1
1395,0584_c0002_000.jpg,584,1,-1,True,175,8550,0.588837687338847,0.06322254335260116,1,2768,1,1,1,1
1396,0584_c0002_005.jpg,584,1,-1,True,175,8550,0.5804056913956732,0.06201275690999291,1,2822,1,1,1,1
1397,0584_c0002_010.jpg,584,1,-1,True,175,8550,0.5808004681371726,0.06267908309455587,1,2792,1,1,1,1
1398,0584_c0002_015.jpg,584,1,-1,True,175,8550,0.6015296931436507,0.06352087114337568,1,2755,1,1,1,1
1399,0584_c0002_020.jpg,584,1,-1,True,175,8550,0.6093312262403258,0.0627015406664278,1,2791,1,1,1,1
1400,0584_c0003_000.jpg,584,2,-1,True,175,8550,0.7612911234361264,0.09668508287292818,1,1810,1,1,1,1
1401,0584_c0003_005.jpg,584,2,-1,True,175,8550,0.6474345149737636,0.0850753524550316,1,2057,1,1,1,1
1402,0584_c0003_010.jpg,584,2,-1,True,175,8550,0.6836064949154914,0.08582638548307994,1,2039,1,1,1,1
1403,0584_c0003_015.jpg,584,2,-1,True,175,8550,0.7666286395536412,0.1042287075640262,1,1679,1,1,1,1
1404,0584_c0003_020.jpg,584,2,-1,True,175,8550,0.7682339580895304,0.10775862068965517,1,1624,1,1,1,1
1405,0584_c0004_000.jpg,584,3,-1,True,175,8550,0.4735853981795346,0.23026315789473684,2,760,0,1,1,1
1406,0584_c0004_005.jpg,584,3,-1,True,175,8550,0.31976154868542184,0.15270506108202445,2,1146,0,1,1,1
1407,0584_c0004_010.jpg,584,3,-1,True,175,8550,0.6131640149687478,0.2619760479041916,1,668,1,1,1,1
1408,0584_c0004_015.jpg,584,3,-1,True,175,8550,0.7223398001034268,0.27910685805422647,1,627,1,1,1,1
1409,0584_c0004_020.jpg,584,3,-1,True,175,8550,0.5645252078125709,0.2596439169139466,1,674,1,1,1,1
1410,0584_c0005_000.jpg,584,4,-1,True,175,8550,0.7790389325989378,0.09020618556701031,1,1940,1,1,1,1
1411,0584_c0005_005.jpg,584,4,-1,True,175,8550,0.7657835212027171,0.08536585365853659,1,2050,1,1,1,1
1412,0584_c0005_010.jpg,584,4,-1,True,175,8550,0.7837379726559659,0.08851795649974709,1,1977,1,1,1,1
1413,0584_c0005_015.jpg,584,4,-1,True,175,8550,0.778176325794306,0.08942258559018906,1,1957,1,1,1,1
1414,0584_c0005_020.jpg,584,4,-1,True,175,8550,0.7748136542183723,0.08715139442231076,1,2008,1,1,1,1
1415,0584_c0006_000.jpg,584,5,-1,True,175,8550,0.6708768976931035,0.11566424322538003,1,1513,1,1,1,1
1416,0584_c0006_005.jpg,584,5,-1,True,175,8550,0.7388559465973354,0.0958904109589041,1,1825,1,1,1,1
1417,0584_c0006_010.jpg,584,5,-1,True,175,8550,0.7651076104030486,0.08397312859884837,1,2084,1,1,1,1
1418,0584_c0006_015.jpg,584,5,-1,True,175,8550,0.7471213596144576,0.07822977201609298,1,2237,1,1,1,1
1419,0584_c0006_020.jpg,584,5,-1,True,175,8550,0.7240798266925188,0.07090761750405186,1,2468,1,1,1,1
1420,0584_c0007_000.jpg,584,6,-1,True,175,8550,0.5964915061747359,0.2390710382513661,1,732,1,1,1,1
1421,0584_c0007_005.jpg,584,6,-1,True,175,8550,0.5515242007395438,0.23521505376344087,1,744,1,1,1,1
1422,0584_c0007_010.jpg,584,6,-1,True,175,8550,0.6444894816053024,0.2539912917271408,1,689,1,1,1,1
1423,0584_c0007_015.jpg,584,6,-1,True,175,8550,0.6732328251986609,0.2623688155922039,1,667,1,1,1,1
1424,0584_c0007_020.jpg,584,6,-1,True,175,8550,0.6312744278903951,0.25735294117647056,1,680,1,1,1,1
1425,0584_c0008_000.jpg,584,7,-1,True,175,8550,0.1731068950667564,0.08254716981132075,26,2120,0,0,0,0
1426,0584_c0008_005.jpg,584,7,-1,True,175,8550,0.17411265135767529,0.08780732563973909,26,1993,0,0,0,0
1427,0584_c0008_010.jpg,584,7,-1,True,175,8550,0.15948492712003026,0.08780732563973909,26,1993,0,0,0,0
1428,0584_c0008_015.jpg,584,7,-1,True,175,8550,0.1512371167398859,0.08860759493670886,30,1975,0,0,0,0
1429,0584_c0008_020.jpg,584,7,-1,True,175,8550,0.14865780222173128,0.0849102377486657,30,2061,0,0,0,0
1430,0586_c0001_000.jpg,586,0,-1,True,175,8550,0.9871325964138932,0.8333333333333334,1,210,1,1,1,1
1431,0586_c0001_005.jpg,586,0,-1,True,175,8550,0.9896058390517332,0.8454106280193237,1,207,1,1,1,1
1432,0586_c0001_010.jpg,586,0,-1,True,175,8550,0.9949963799088427,0.9162303664921466,1,191,1,1,1,1
1433,0586_c0001_015.jpg,586,0,-1,True,175,8550,0.9868745758770248,0.7847533632286996,1,223,1,1,1,1
1434,0586_c0001_020.jpg,586,0,-1,True,175,8550,0.9746005360655974,0.7446808510638298,1,235,1,1,1,1
1435,0586_c0002_000.jpg,586,1,-1,True,175,8550,0.9799562305032966,0.8620689655172413,1,203,1,1,1,1
1436,0586_c0002_005.jpg,586,1,-1,True,175,8550,0.9724270114314194,0.7743362831858407,1,226,1,1,1,1
1437,0586_c0002_010.jpg,586,1,-1,True,175,8550,0.9781340101930122,0.8373205741626795,1,209,1,1,1,1
1438,0586_c0002_015.jpg,586,1,-1,True,175,8550,0.9766584767682,0.8333333333333334,1,210,1,1,1,1
1439,0586_c0002_020.jpg,586,1,-1,True,175,8550,0.9763910409119564,0.8254716981132075,1,212,1,1,1,1
1440,0586_c0003_000.jpg,586,2,-1,True,175,8550,0.9402008964055307,0.5351681957186545,1,327,1,1,1,1
1441,0586_c0003_005.jpg,586,2,-1,True,175,8550,0.9381746288459109,0.5162241887905604,1,339,1,1,1,1
1442,0586_c0003_010.jpg,586,2,-1,True,175,8550,0.9391040356399214,0.5401234567901234,1,324,1,1,1,1
1443,0586_c0003_015.jpg,586,2,-1,True,175,8550,0.9342530619797541,0.48342541436464087,1,362,1,1,1,1
1444,0586_c0003_020.jpg,586,2,-1,True,175,8550,0.9378243124909574,0.5147058823529411,1,340,1,1,1,1
1445,0586_c0004_000.jpg,586,3,-1,True,175,8550,1.0,1.0,1,175,1,1,1,1
1446,0586_c0004_005.jpg,586,3,-1,True,175,8550,1.0,1.0,1,175,1,1,1,1
1447,0586_c0004_010.jpg,586,3,-1,True,175,8550,1.0,1.0,1,175,1,1,1,1
1448,0586_c0004_015.jpg,586,3,-1,True,175,8550,1.0,1.0,1,175,1,1,1,1
1449,0586_c0004_020.jpg,586,3,-1,True,175,8550,1.0,1.0,1,175,1,1,1,1
1450,0586_c0005_000.jpg,586,4,-1,True,175,8550,0.9816598640756865,0.875,1,200,1,1,1,1
1451,0586_c0005_005.jpg,586,4,-1,True,175,8550,0.9821838144135878,0.875,1,200,1,1,1,1
1452,0586_c0005_010.jpg,586,4,-1,True,175,8550,0.9827183727764743,0.875,1,200,1,1,1,1
1453,0586_c0005_015.jpg,586,4,-1,True,175,8550,0.9830017143603004,0.875,1,200,1,1,1,1
1454,0586_c0005_020.jpg,586,4,-1,True,175,8550,0.9818761327607844,0.875,1,200,1,1,1,1
1455,0586_c0006_000.jpg,586,5,-1,True,175,8550,1.0,1.0,1,175,1,1,1,1
1456,0586_c0006_005.jpg,586,5,-1,True,175,8550,1.0,1.0,1,175,1,1,1,1
1457,0586_c0006_010.jpg,586,5,-1,True,175,8550,1.0,1.0,1,175,1,1,1,1
1458,0586_c0006_015.jpg,586,5,-1,True,175,8550,1.0,1.0,1,175,1,1,1,1
1459,0586_c0006_020.jpg,586,5,-1,True,175,8550,1.0,1.0,1,175,1,1,1,1
1460,0586_c0007_000.jpg,586,6,-1,True,175,8550,1.0,1.0,1,175,1,1,1,1
1461,0586_c0007_005.jpg,586,6,-1,True,175,8550,1.0,1.0,1,175,1,1,1,1
1462,0586_c0007_010.jpg,586,6,-1,True,175,8550,1.0,1.0,1,175,1,1,1,1
1463,0586_c0007_015.jpg,586,6,-1,True,175,8550,1.0,1.0,1,175,1,1,1,1
1464,0586_c0007_020.jpg,586,6,-1,True,175,8550,1.0,1.0,1,175,1,1,1,1
1465,0586_c0008_000.jpg,586,7,-1,True,175,8550,0.9903323274680874,0.875,1,200,1,1,1,1
1466,0586_c0008_005.jpg,586,7,-1,True,175,8550,0.9968362047036791,0.9210526315789473,1,190,1,1,1,1
1467,0586_c0008_010.jpg,586,7,-1,True,175,8550,0.9951862219358658,0.9020618556701031,1,194,1,1,1,1
1468,0586_c0008_015.jpg,586,7,-1,True,175,8550,0.993973172521561,0.8974358974358975,1,195,1,1,1,1
1469,0586_c0008_020.jpg,586,7,-1,True,175,8550,0.9970833208153741,0.9259259259259259,1,189,1,1,1,1
1470,0588_c0001_000.jpg,588,0,-1,True,175,8550,0.35039254568788597,0.3258845437616387,51,537,0,0,0,0
1471,0588_c0001_005.jpg,588,0,-1,True,175,8550,0.36043198703614143,0.37393162393162394,59,468,0,0,0,0
1472,0588_c0001_010.jpg,588,0,-1,True,175,8550,0.3258579502111252,0.31362007168458783,59,558,0,0,0,0
1473,0588_c0001_015.jpg,588,0,-1,True,175,8550,0.30824571727434763,0.2966101694915254,76,590,0,0,0,0
1474,0588_c0001_020.jpg,588,0,-1,True,175,8550,0.32466584123451264,0.2840909090909091,54,616,0,0,0,0
1475,0588_c0002_000.jpg,588,1,-1,True,175,8550,0.3413787246702021,0.27216174183514774,26,643,0,0,0,0
1476,0588_c0002_005.jpg,588,1,-1,True,175,8550,0.20206573859234717,0.19188596491228072,100,912,0,0,0,0
1477,0588_c0002_010.jpg,588,1,-1,True,175,8550,0.3218663153598331,0.23427041499330656,2,747,0,1,1,1
1478,0588_c0002_015.jpg,588,1,-1,True,175,8550,0.34239261529254883,0.2507163323782235,1,698,1,1,1,1
1479,0588_c0002_020.jpg,588,1,-1,True,175,8550,0.2769735417254883,0.1893939393939394,11,924,0,0,0,1
1480,0588_c0003_000.jpg,588,2,-1,True,175,8550,0.6453287294619342,0.3977272727272727,1,440,1,1,1,1
1481,0588_c0003_005.jpg,588,2,-1,True,175,8550,0.6773392097940569,0.3645833333333333,1,480,1,1,1,1
1482,0588_c0003_010.jpg,588,2,-1,True,175,8550,0.6511797479696894,0.4257907542579075,1,411,1,1,1,1
1483,0588_c0003_015.jpg,588,2,-1,True,175,8550,0.7157731147978191,0.4060324825986079,1,431,1,1,1,1
1484,0588_c0003_020.jpg,588,2,-1,True,175,8550,0.7020488025015321,0.4475703324808184,1,391,1,1,1,1
1485,0588_c0004_000.jpg,588,3,-1,True,175,8550,0.20881124788586497,0.20783847980997625,18,842,0,0,0,1
1486,0588_c0004_005.jpg,588,3,-1,True,175,8550,0.23124379316962448,0.21367521367521367,3,819,0,1,1,1
1487,0588_c0004_010.jpg,588,3,-1,True,175,8550,0.20401797379303957,0.2056404230317274,22,851,0,0,0,0
1488,0588_c0004_015.jpg,588,3,-1,True,175,8550,0.2091814528284002,0.20933014354066987,22,836,0,0,0,0
1489,0588_c0004_020.jpg,588,3,-1,True,175,8550,0.2149830380825307,0.20833333333333334,22,840,0,0,0,0
1490,0588_c0005_000.jpg,588,4,-1,True,175,8550,0.42578445972597545,0.277337559429477,25,631,0,0,0,0
1491,0588_c0005_005.jpg,588,4,-1,True,175,8550,0.4153320056674268,0.2696456086286595,28,649,0,0,0,0
1492,0588_c0005_010.jpg,588,4,-1,True,175,8550,0.43411848832695976,0.2795527156549521,24,626,0,0,0,0
1493,0588_c0005_015.jpg,588,4,-1,True,175,8550,0.5340102239246349,0.28135048231511256,2,622,0,1,1,1
1494,0588_c0005_020.jpg,588,4,-1,True,175,8550,0.4443118690062532,0.2808988764044944,17,623,0,0,0,1
1495,0588_c0006_000.jpg,588,5,-1,True,175,8550,0.7788814881412773,0.3763440860215054,1,465,1,1,1,1
1496,0588_c0006_005.jpg,588,5,-1,True,175,8550,0.7601672236451236,0.4098360655737705,1,427,1,1,1,1
1497,0588_c0006_010.jpg,588,5,-1,True,175,8550,0.7542652223620926,0.36610878661087864,1,478,1,1,1,1
1498,0588_c0006_015.jpg,588,5,-1,True,175,8550,0.7467117953615753,0.36764705882352944,1,476,1,1,1,1
1499,0588_c0006_020.jpg,588,5,-1,True,175,8550,0.7417989799745212,0.38716814159292035,1,452,1,1,1,1
1500,0588_c0007_000.jpg,588,6,-1,True,175,8550,0.8140195972056736,0.2581120943952802,1,678,1,1,1,1
1501,0588_c0007_005.jpg,588,6,-1,True,175,8550,0.8426067700265389,0.3193430656934307,1,548,1,1,1,1
1502,0588_c0007_010.jpg,588,6,-1,True,175,8550,0.8386516296015839,0.2562225475841874,1,683,1,1,1,1
1503,0588_c0007_015.jpg,588,6,-1,True,175,8550,0.8052246619399683,0.28688524590163933,1,610,1,1,1,1
1504,0588_c0007_020.jpg,588,6,-1,True,175,8550,0.8044812584124585,0.2916666666666667,1,600,1,1,1,1
1505,0588_c0008_000.jpg,588,7,-1,True,175,8550,0.6471649230990688,0.22875816993464052,2,765,0,1,1,1
1506,0588_c0008_005.jpg,588,7,-1,True,175,8550,0.5327326649556139,0.21160822249093109,1,827,1,1,1,1
1507,0588_c0008_010.jpg,588,7,-1,True,175,8550,0.505088543643882,0.19886363636363635,1,880,1,1,1,1
1508,0588_c0008_015.jpg,588,7,-1,True,175,8550,0.5712708306417761,0.2139364303178484,1,818,1,1,1,1
1509,0588_c0008_020.jpg,588,7,-1,True,175,8550,0.5165062164561047,0.23240371845949534,14,753,0,0,0,1
1510,0590_c0001_000.jpg,590,0,-1,True,150,8550,0.7289522507167753,0.26929982046678635,1,557,1,1,1,1
1511,0590_c0001_005.jpg,590,0,-1,True,150,8550,0.7194146085144381,0.26737967914438504,1,561,1,1,1,1
1512,0590_c0001_010.jpg,590,0,-1,True,150,8550,0.7301805177258638,0.25862068965517243,1,580,1,1,1,1
1513,0590_c0001_015.jpg,590,0,-1,True,150,8550,0.7339033645956281,0.26223776223776224,1,572,1,1,1,1
1514,0590_c0001_020.jpg,590,0,-1,True,150,8550,0.7564368410324683,0.25252525252525254,1,594,1,1,1,1
1515,0590_c0002_000.jpg,590,1,-1,True,150,8550,0.6356977026104484,0.3225806451612903,1,465,1,1,1,1
1516,0590_c0002_005.jpg,590,1,-1,True,150,8550,0.6465909463177515,0.352112676056338,1,426,1,1,1,1
1517,0590_c0002_010.jpg,590,1,-1,True,150,8550,0.5573291311578358,0.2788104089219331,1,538,1,1,1,1
1518,0590_c0002_015.jpg,590,1,-1,True,150,8550,0.5881652819488069,0.3073770491803279,1,488,1,1,1,1
1519,0590_c0002_020.jpg,590,1,-1,True,150,8550,0.6761998701921353,0.3875968992248062,1,387,1,1,1,1
1520,0590_c0004_000.jpg,590,3,-1,True,150,8550,0.8619177816863225,0.2127659574468085,1,705,1,1,1,1
1521,0590_c0004_005.jpg,590,3,-1,True,150,8550,0.8771456609353614,0.24115755627009647,1,622,1,1,1,1
1522,0590_c0004_010.jpg,590,3,-1,True,150,8550,0.8721926528337487,0.2222222222222222,1,675,1,1,1,1
1523,0590_c0004_015.jpg,590,3,-1,True,150,8550,0.8481862653708141,0.20242914979757085,1,741,1,1,1,1
1524,0590_c0004_020.jpg,590,3,-1,True,150,8550,0.8457300307149179,0.2029769959404601,1,739,1,1,1,1
1525,0590_c0005_000.jpg,590,4,-1,True,150,8550,0.9212456103376148,0.4178272980501393,1,359,1,1,1,1
1526,0590_c0005_005.jpg,590,4,-1,True,150,8550,0.9023657883642787,0.4807692307692308,1,312,1,1,1,1
1527,0590_c0005_010.jpg,590,4,-1,True,150,8550,0.8963003458065054,0.4166666666666667,1,360,1,1,1,1
1528,0590_c0005_015.jpg,590,4,-1,True,150,8550,0.9376567637897973,0.4838709677419355,1,310,1,1,1,1
1529,0590_c0005_020.jpg,590,4,-1,True,150,8550,0.9408284669068955,0.5102040816326531,1,294,1,1,1,1
1530,0590_c0006_000.jpg,590,5,-1,True,150,8550,0.4956209686926341,0.45592705167173253,11,329,0,0,0,1
1531,0590_c0006_005.jpg,590,5,-1,True,150,8550,0.5702243488217088,0.5102040816326531,1,294,1,1,1,1
1532,0590_c0006_010.jpg,590,5,-1,True,150,8550,0.6294242189960116,0.5357142857142857,1,280,1,1,1,1
1533,0590_c0006_015.jpg,590,5,-1,True,150,8550,0.7247084207282352,0.5434782608695652,1,276,1,1,1,1
1534,0590_c0006_020.jpg,590,5,-1,True,150,8550,0.7663124558019516,0.5576208178438662,1,269,1,1,1,1
1535,0590_c0007_000.jpg,590,6,-1,True,150,8550,0.9264647089942305,0.35377358490566035,1,424,1,1,1,1
1536,0590_c0007_005.jpg,590,6,-1,True,150,8550,0.9059654070892323,0.528169014084507,1,284,1,1,1,1
1537,0590_c0007_010.jpg,590,6,-1,True,150,8550,0.9120939200054213,0.33482142857142855,1,448,1,1,1,1
1538,0590_c0007_015.jpg,590,6,-1,True,150,8550,0.8925778681863189,0.3768844221105528,1,398,1,1,1,1
1539,0590_c0007_020.jpg,590,6,-1,True,150,8550,0.9211720571122396,0.5415162454873647,1,277,1,1,1,1
1540,0590_c0008_000.jpg,590,7,-1,True,150,8550,0.8698167909620925,0.26362038664323373,1,569,1,1,1,1
1541,0590_c0008_005.jpg,590,7,-1,True,150,8550,0.8506685877401914,0.25728987993138935,1,583,1,1,1,1
1542,0590_c0008_010.jpg,590,7,-1,True,150,8550,0.8417891894844441,0.22727272727272727,1,660,1,1,1,1
1543,0590_c0008_015.jpg,590,7,-1,True,150,8550,0.8490657282402975,0.23219814241486067,1,646,1,1,1,1
1544,0590_c0008_020.jpg,590,7,-1,True,150,8550,0.8908431595949128,0.2857142857142857,1,525,1,1,1,1
1545,0592_c0001_000.jpg,592,0,-1,True,125,8550,0.38185538099196253,0.4416961130742049,28,283,0,0,0,0
1546,0592_c0001_005.jpg,592,0,-1,True,125,8550,0.3773943156736651,0.3078817733990148,36,406,0,0,0,0
1547,0592_c0001_010.jpg,592,0,-1,True,125,8550,0.3819678019591068,0.3443526170798898,32,363,0,0,0,0
1548,0592_c0001_015.jpg,592,0,-1,True,125,8550,0.39347869048426737,0.38461538461538464,29,325,0,0,0,0
1549,0592_c0001_020.jpg,592,0,-1,True,125,8550,0.3659761093239619,0.3424657534246575,33,365,0,0,0,0
1550,0592_c0002_000.jpg,592,1,-1,True,125,8550,0.6870683102998633,0.373134328358209,1,335,1,1,1,1
1551,0592_c0002_005.jpg,592,1,-1,True,125,8550,0.7748580177613644,0.3787878787878788,1,330,1,1,1,1
1552,0592_c0002_010.jpg,592,1,-1,True,125,8550,0.7808095141598553,0.33156498673740054,1,377,1,1,1,1
1553,0592_c0002_015.jpg,592,1,-1,True,125,8550,0.7162373683872991,0.3132832080200501,1,399,1,1,1,1
1554,0592_c0002_020.jpg,592,1,-1,True,125,8550,0.6700942626533714,0.29411764705882354,1,425,1,1,1,1
1555,0592_c0003_000.jpg,592,2,-1,True,125,8550,0.5578206812035332,0.35410764872521244,1,353,1,1,1,1
1556,0592_c0003_005.jpg,592,2,-1,True,125,8550,0.569100334831055,0.3531073446327684,1,354,1,1,1,1
1557,0592_c0003_010.jpg,592,2,-1,True,125,8550,0.5490095900132095,0.33602150537634407,1,372,1,1,1,1
1558,0592_c0003_015.jpg,592,2,-1,True,125,8550,0.5728548708983059,0.35919540229885055,1,348,1,1,1,1
1559,0592_c0003_020.jpg,592,2,-1,True,125,8550,0.5353593869524937,0.33692722371967654,1,371,1,1,1,1
1560,0592_c0005_000.jpg,592,4,-1,True,125,8550,0.7082286934591706,0.5122950819672131,1,244,1,1,1,1
1561,0592_c0005_005.jpg,592,4,-1,True,125,8550,0.7106951323541595,0.4612546125461255,1,271,1,1,1,1
1562,0592_c0005_010.jpg,592,4,-1,True,125,8550,0.7331113720744469,0.46296296296296297,1,270,1,1,1,1
1563,0592_c0005_015.jpg,592,4,-1,True,125,8550,0.7256127291917388,0.4752851711026616,1,263,1,1,1,1
1564,0592_c0005_020.jpg,592,4,-1,True,125,8550,0.7185374683129522,0.45787545787545786,1,273,1,1,1,1
1565,0592_c0006_000.jpg,592,5,-1,True,125,8550,0.4752374153643875,0.508130081300813,15,246,0,0,0,1
1566,0592_c0006_005.jpg,592,5,-1,True,125,8550,0.6521938038882293,0.5020080321285141,1,249,1,1,1,1
1567,0592_c0006_010.jpg,592,5,-1,True,125,8550,0.6319558236534516,0.48828125,1,256,1,1,1,1
1568,0592_c0006_015.jpg,592,5,-1,True,125,8550,0.7051162883673163,0.44642857142857145,1,280,1,1,1,1
1569,0592_c0006_020.jpg,592,5,-1,True,125,8550,0.6915375940239439,0.4716981132075472,1,265,1,1,1,1
1570,0592_c0007_000.jpg,592,6,-1,True,125,8550,0.6889808351287838,0.38109756097560976,1,328,1,1,1,1
1571,0592_c0007_005.jpg,592,6,-1,True,125,8550,0.675335728971604,0.36127167630057805,1,346,1,1,1,1
1572,0592_c0007_010.jpg,592,6,-1,True,125,8550,0.6076489684136713,0.31017369727047145,1,403,1,1,1,1
1573,0592_c0007_015.jpg,592,6,-1,True,125,8550,0.710700743462655,0.33156498673740054,1,377,1,1,1,1
1574,0592_c0007_020.jpg,592,6,-1,True,125,8550,0.7185897376638867,0.37425149700598803,1,334,1,1,1,1
1575,0594_c0001_000.jpg,594,0,-1,True,150,8550,0.6201862953696984,0.13850415512465375,1,1083,1,1,1,1
1576,0594_c0001_005.jpg,594,0,-1,True,150,8550,0.5535205238988998,0.12531328320802004,1,1197,1,1,1,1
1577,0594_c0001_010.jpg,594,0,-1,True,150,8550,0.5675297311910209,0.0984898227183191,1,1523,1,1,1,1
1578,0594_c0001_015.jpg,594,0,-1,True,150,8550,0.5686681285121115,0.09966777408637874,1,1505,1,1,1,1
1579,0594_c0001_020.jpg,594,0,-1,True,150,8550,0.4858617456578036,0.09658725048293625,1,1553,1,1,1,1
1580,0594_c0002_000.jpg,594,1,-1,True,150,8550,0.5311194036145936,0.18292682926829268,1,820,1,1,1,1
1581,0594_c0002_005.jpg,594,1,-1,True,150,8550,0.4827397805173045,0.1720183486238532,1,872,1,1,1,1
1582,0594_c0002_010.jpg,594,1,-1,True,150,8550,0.450912931439429,0.1762632197414806,1,851,1,1,1,1
1583,0594_c0002_015.jpg,594,1,-1,True,150,8550,0.4484463129009217,0.17772511848341233,1,844,1,1,1,1
1584,0594_c0002_020.jpg,594,1,-1,True,150,8550,0.4725779087784793,0.17421602787456447,3,861,0,1,1,1
1585,0594_c0003_000.jpg,594,2,-1,True,150,8550,0.5959067595711367,0.14763779527559054,1,1016,1,1,1,1
1586,0594_c0003_005.jpg,594,2,-1,True,150,8550,0.5989510744821354,0.14734774066797643,1,1018,1,1,1,1
1587,0594_c0003_010.jpg,594,2,-1,True,150,8550,0.6260956094613921,0.14591439688715954,1,1028,1,1,1,1
1588,0594_c0003_015.jpg,594,2,-1,True,150,8550,0.5920508642536736,0.1452081316553727,1,1033,1,1,1,1
1589,0594_c0003_020.jpg,594,2,-1,True,150,8550,0.6195454353628963,0.14705882352941177,1,1020,1,1,1,1
1590,0594_c0005_000.jpg,594,4,-1,True,150,8550,0.6445728990328414,0.14763779527559054,1,1016,1,1,1,1
1591,0594_c0005_005.jpg,594,4,-1,True,150,8550,0.6192756406131463,0.14231499051233396,1,1054,1,1,1,1
1592,0594_c0005_010.jpg,594,4,-1,True,150,8550,0.6230169923141811,0.141643059490085,1,1059,1,1,1,1
1593,0594_c0005_015.jpg,594,4,-1,True,150,8550,0.6173715625016304,0.1366120218579235,1,1098,1,1,1,1
1594,0594_c0005_020.jpg,594,4,-1,True,150,8550,0.6115633180843213,0.13786764705882354,1,1088,1,1,1,1
1595,0594_c0006_000.jpg,594,5,-1,True,150,8550,0.2942690383396635,0.14836795252225518,2,1011,0,1,1,1
1596,0594_c0006_005.jpg,594,5,-1,True,150,8550,0.28279441274125217,0.16216216216216217,2,925,0,1,1,1
1597,0594_c0006_010.jpg,594,5,-1,True,150,8550,0.3008433502806426,0.16930022573363432,1,886,1,1,1,1
1598,0594_c0006_015.jpg,594,5,-1,True,150,8550,0.331644030173912,0.16987542468856173,1,883,1,1,1,1
1599,0594_c0006_020.jpg,594,5,-1,True,150,8550,0.27933775470568556,0.1662971175166297,9,902,0,0,1,1
1600,0594_c0007_000.jpg,594,6,-1,True,150,8550,0.29012494827011504,0.27472527472527475,29,546,0,0,0,0
1601,0594_c0007_005.jpg,594,6,-1,True,150,8550,0.262034574243512,0.28846153846153844,48,520,0,0,0,0
1602,0594_c0007_010.jpg,594,6,-1,True,150,8550,0.26494074220078917,0.32051282051282054,83,468,0,0,0,0
1603,0594_c0007_015.jpg,594,6,-1,True,150,8550,0.2680992068752528,0.3024193548387097,54,496,0,0,0,0
1604,0594_c0007_020.jpg,594,6,-1,True,150,8550,0.2809543286010168,0.31512605042016806,51,476,0,0,0,0
1605,0594_c0008_000.jpg,594,7,-1,True,150,8550,0.26705909349826784,0.29069767441860467,71,516,0,0,0,0
1606,0594_c0008_005.jpg,594,7,-1,True,150,8550,0.12679827467421578,0.11727912431587177,184,1279,0,0,0,0
1607,0594_c0008_010.jpg,594,7,-1,True,150,8550,0.22058944298422825,0.273224043715847,110,549,0,0,0,0
1608,0594_c0008_015.jpg,594,7,-1,True,150,8550,0.24966556392750272,0.2901353965183752,114,517,0,0,0,0
1609,0594_c0008_020.jpg,594,7,-1,True,150,8550,0.21924506709624444,0.18820577164366373,129,797,0,0,0,0
1610,0596_c0001_000.jpg,596,0,-1,True,175,8550,0.3550154938828966,0.10910224438902744,28,1604,0,0,0,0
1611,0596_c0001_005.jpg,596,0,-1,True,175,8550,0.3690343981918919,0.10829207920792079,25,1616,0,0,0,0
1612,0596_c0001_010.jpg,596,0,-1,True,175,8550,0.42377643336320064,0.10930668332292318,1,1601,1,1,1,1
1613,0596_c0001_015.jpg,596,0,-1,True,175,8550,0.41169819098676785,0.10677242220866381,1,1639,1,1,1,1
1614,0596_c0001_020.jpg,596,0,-1,True,175,8550,0.4650761082146648,0.10703363914373089,1,1635,1,1,1,1
1615,0596_c0002_000.jpg,596,1,-1,True,175,8550,0.09278140114107308,0.07658643326039387,370,2285,0,0,0,0
1616,0596_c0002_005.jpg,596,1,-1,True,175,8550,0.43605354087348946,0.09620670698185817,1,1819,1,1,1,1
1617,0596_c0002_010.jpg,596,1,-1,True,175,8550,0.4378912077206766,0.0971682398667407,1,1801,1,1,1,1
1618,0596_c0002_015.jpg,596,1,-1,True,175,8550,0.3106841323116721,0.09343299519487454,2,1873,0,1,1,1
1619,0596_c0002_020.jpg,596,1,-1,True,175,8550,0.21597628900957472,0.09594298245614036,26,1824,0,0,0,0
1620,0596_c0003_000.jpg,596,2,-1,True,175,8550,0.8386169500743358,0.1507321274763135,1,1161,1,1,1,1
1621,0596_c0003_005.jpg,596,2,-1,True,175,8550,0.8291683107817003,0.14681208053691275,1,1192,1,1,1,1
1622,0596_c0003_010.jpg,596,2,-1,True,175,8550,0.8308957023751028,0.14033680834001605,1,1247,1,1,1,1
1623,0596_c0003_015.jpg,596,2,-1,True,175,8550,0.8230775272490252,0.1524390243902439,1,1148,1,1,1,1
1624,0596_c0003_020.jpg,596,2,-1,True,175,8550,0.8261821387727607,0.14743049705139005,1,1187,1,1,1,1
1625,0596_c0004_000.jpg,596,3,-1,True,175,8550,0.8664993798966962,0.09353287012292892,1,1871,1,1,1,1
1626,0596_c0004_005.jpg,596,3,-1,True,175,8550,0.8692196279873559,0.08258612553091081,1,2119,1,1,1,1
1627,0596_c0004_010.jpg,596,3,-1,True,175,8550,0.8654099888024755,0.08997429305912596,1,1945,1,1,1,1
1628,0596_c0004_015.jpg,596,3,-1,True,175,8550,0.876504603381883,0.08767535070140281,1,1996,1,1,1,1
1629,0596_c0004_020.jpg,596,3,-1,True,175,8550,0.8756584376543882,0.09025270758122744,1,1939,1,1,1,1
1630,0596_c0005_000.jpg,596,4,-1,True,175,8550,0.8287163565076097,0.07781236104935527,1,2249,1,1,1,1
1631,0596_c0005_005.jpg,596,4,-1,True,175,8550,0.820911988661608,0.07998171846435101,1,2188,1,1,1,1
1632,0596_c0005_010.jpg,596,4,-1,True,175,8550,0.8192991640635205,0.07875787578757876,1,2222,1,1,1,1
1633,0596_c0005_015.jpg,596,4,-1,True,175,8550,0.7917190244905359,0.07872244714349977,1,2223,1,1,1,1
1634,0596_c0005_020.jpg,596,4,-1,True,175,8550,0.8157802264294917,0.07904245709123758,1,2214,1,1,1,1
1635,0596_c0006_000.jpg,596,5,-1,True,175,8550,0.9122686841144536,0.20022883295194507,1,874,1,1,1,1
1636,0596_c0006_005.jpg,596,5,-1,True,175,8550,0.9103683092026063,0.1736111111111111,1,1008,1,1,1,1
1637,0596_c0006_010.jpg,596,5,-1,True,175,8550,0.9048317824416878,0.18518518518518517,1,945,1,1,1,1
1638,0596_c0006_015.jpg,596,5,-1,True,175,8550,0.9039511007313932,0.1714005876591577,1,1021,1,1,1,1
1639,0596_c0006_020.jpg,596,5,-1,True,175,8550,0.9038763848264504,0.1849894291754757,1,946,1,1,1,1
1640,0596_c0007_000.jpg,596,6,-1,True,175,8550,0.9115562580033111,0.1727541954590326,1,1013,1,1,1,1
1641,0596_c0007_005.jpg,596,6,-1,True,175,8550,0.8386140097997271,0.15486725663716813,1,1130,1,1,1,1
1642,0596_c0007_010.jpg,596,6,-1,True,175,8550,0.7937716646801144,0.17023346303501946,1,1028,1,1,1,1
1643,0596_c0007_015.jpg,596,6,-1,True,175,8550,0.7410373786887853,0.1550044286979628,1,1129,1,1,1,1
1644,0596_c0007_020.jpg,596,6,-1,True,175,8550,0.8022693247291428,0.1724137931034483,1,1015,1,1,1,1
1645,0596_c0008_000.jpg,596,7,-1,True,175,8550,0.7964905855212573,0.13482280431432975,1,1298,1,1,1,1
1646,0596_c0008_005.jpg,596,7,-1,True,175,8550,0.7970052745939612,0.13348588863463004,1,1311,1,1,1,1
1647,0596_c0008_010.jpg,596,7,-1,True,175,8550,0.7920146519549134,0.13513513513513514,1,1295,1,1,1,1
1648,0596_c0008_015.jpg,596,7,-1,True,175,8550,0.7841371353627377,0.13059701492537312,1,1340,1,1,1,1
1649,0596_c0008_020.jpg,596,7,-1,True,175,8550,0.7921275059198527,0.1339969372128637,1,1306,1,1,1,1
1650,0598_c0001_000.jpg,598,0,-1,True,100,8550,0.5872761621478626,0.19569471624266144,1,511,1,1,1,1
1651,0598_c0001_005.jpg,598,0,-1,True,100,8550,0.8539561434849625,0.33557046979865773,1,298,1,1,1,1
1652,0598_c0001_010.jpg,598,0,-1,True,100,8550,0.8242319721066721,0.27548209366391185,1,363,1,1,1,1
1653,0598_c0001_015.jpg,598,0,-1,True,100,8550,0.8147218565406813,0.26109660574412535,1,383,1,1,1,1
1654,0598_c0001_020.jpg,598,0,-1,True,100,8550,0.788203515761387,0.22675736961451248,1,441,1,1,1,1
1655,0598_c0002_000.jpg,598,1,-1,True,100,8550,0.7764854565731638,0.4975124378109453,1,201,1,1,1,1
1656,0598_c0002_005.jpg,598,1,-1,True,100,8550,0.7013526419773823,0.3472222222222222,1,288,1,1,1,1
1657,0598_c0002_010.jpg,598,1,-1,True,100,8550,0.694548353297054,0.37593984962406013,1,266,1,1,1,1
1658,0598_c0002_015.jpg,598,1,-1,True,100,8550,0.7265666634962361,0.4366812227074236,1,229,1,1,1,1
1659,0598_c0002_020.jpg,598,1,-1,True,100,8550,0.6887943460688115,0.303951367781155,1,329,1,1,1,1
1660,0598_c0003_000.jpg,598,2,-1,True,100,8550,0.9400527597944017,0.7407407407407407,1,135,1,1,1,1
1661,0598_c0003_005.jpg,598,2,-1,True,100,8550,0.9920510917786054,0.8264462809917356,1,121,1,1,1,1
1662,0598_c0003_010.jpg,598,2,-1,True,100,8550,0.998150772494832,0.8928571428571429,1,112,1,1,1,1
1663,0598_c0003_015.jpg,598,2,-1,True,100,8550,0.9983365703365703,0.9009009009009009,1,111,1,1,1,1
1664,0598_c0003_020.jpg,598,2,-1,True,100,8550,1.0,1.0,1,100,1,1,1,1
1665,0598_c0007_000.jpg,598,6,-1,True,100,8550,0.9811567207138198,0.8064516129032258,1,124,1,1,1,1
1666,0598_c0007_005.jpg,598,6,-1,True,100,8550,0.9906609751087051,0.8620689655172413,1,116,1,1,1,1
1667,0598_c0007_010.jpg,598,6,-1,True,100,8550,0.994104217758144,0.8771929824561403,1,114,1,1,1,1
1668,0598_c0007_015.jpg,598,6,-1,True,100,8550,0.9955188229173183,0.8547008547008547,1,117,1,1,1,1
1669,0598_c0007_020.jpg,598,6,-1,True,100,8550,0.9964176621120023,0.847457627118644,1,118,1,1,1,1
1670,0598_c0008_000.jpg,598,7,-1,True,100,8550,0.7864061542613233,0.40160642570281124,1,249,1,1,1,1
1671,0598_c0008_005.jpg,598,7,-1,True,100,8550,0.7444774291362015,0.38461538461538464,1,260,1,1,1,1
1672,0598_c0008_010.jpg,598,7,-1,True,100,8550,0.7979051277089149,0.37174721189591076,1,269,1,1,1,1
1673,0598_c0008_015.jpg,598,7,-1,True,100,8550,0.8317289016880749,0.4291845493562232,1,233,1,1,1,1
1674,0598_c0008_020.jpg,598,7,-1,True,100,8550,0.9361409950663667,0.6097560975609756,1,164,1,1,1,1
1675,0600_c0001_000.jpg,600,0,-1,True,175,8550,0.6161262934751965,0.0966316951960243,1,1811,1,1,1,1
1676,0600_c0001_005.jpg,600,0,-1,True,175,8550,0.5903296509562426,0.09229957805907173,1,1896,1,1,1,1
1677,0600_c0001_010.jpg,600,0,-1,True,175,8550,0.7352586442702241,0.09152719665271966,1,1912,1,1,1,1
1678,0600_c0001_015.jpg,600,0,-1,True,175,8550,0.8482170644139995,0.09343299519487454,1,1873,1,1,1,1
1679,0600_c0001_020.jpg,600,0,-1,True,175,8550,0.7791641734068386,0.09105098855359,1,1922,1,1,1,1
1680,0600_c0002_000.jpg,600,1,-1,True,175,8550,0.8871511883760055,0.08829465186680122,1,1982,1,1,1,1
1681,0600_c0002_005.jpg,600,1,-1,True,175,8550,0.8824191383119983,0.07829977628635347,1,2235,1,1,1,1
1682,0600_c0002_010.jpg,600,1,-1,True,175,8550,0.8834401698238041,0.08034894398530762,1,2178,1,1,1,1
1683,0600_c0002_015.jpg,600,1,-1,True,175,8550,0.8884623187149643,0.09039256198347108,1,1936,1,1,1,1
1684,0600_c0002_020.jpg,600,1,-1,True,175,8550,0.8858034046840292,0.08789552988448016,1,1991,1,1,1,1
1685,0600_c0003_000.jpg,600,2,-1,True,175,8550,0.9083239004059114,0.15445719329214475,1,1133,1,1,1,1
1686,0600_c0003_005.jpg,600,2,-1,True,175,8550,0.9134398124855306,0.16055045871559634,1,1090,1,1,1,1
1687,0600_c0003_010.jpg,600,2,-1,True,175,8550,0.9158124628999975,0.1649387370405278,1,1061,1,1,1,1
1688,0600_c0003_015.jpg,600,2,-1,True,175,8550,0.907510712718428,0.15652951699463327,1,1118,1,1,1,1
1689,0600_c0003_020.jpg,600,2,-1,True,175,8550,0.8944618231903285,0.17482517482517482,1,1001,1,1,1,1
1690,0600_c0004_000.jpg,600,3,-1,True,175,8550,0.14301748558441396,0.11978097193702943,11,1461,0,0,0,1
1691,0600_c0004_005.jpg,600,3,-1,True,175,8550,0.2865309567390921,0.14158576051779936,1,1236,1,1,1,1
1692,0600_c0004_010.jpg,600,3,-1,True,175,8550,0.1327452158804363,0.12203626220362622,12,1434,0,0,0,1
1693,0600_c0004_015.jpg,600,3,-1,True,175,8550,0.14212016374824607,0.11880515953835709,11,1473,0,0,0,1
1694,0600_c0004_020.jpg,600,3,-1,True,175,8550,0.030464438307269234,0.0442366026289181,1103,3956,0,0,0,0
1695,0600_c0005_000.jpg,600,4,-1,True,175,8550,0.8692355518019612,0.09133611691022965,1,1916,1,1,1,1
1696,0600_c0005_005.jpg,600,4,-1,True,175,8550,0.8888742440922283,0.09029927760577916,1,1938,1,1,1,1
1697,0600_c0005_010.jpg,600,4,-1,True,175,8550,0.8874157537640195,0.09057971014492754,1,1932,1,1,1,1
1698,0600_c0005_015.jpg,600,4,-1,True,175,8550,0.887812307778144,0.09186351706036745,1,1905,1,1,1,1
1699,0600_c0005_020.jpg,600,4,-1,True,175,8550,0.8887146550132095,0.09062661833247022,1,1931,1,1,1,1
1700,0600_c0006_000.jpg,600,5,-1,True,175,8550,0.8917704739421708,0.099601593625498,1,1757,1,1,1,1
1701,0600_c0006_005.jpg,600,5,-1,True,175,8550,0.8925573254328761,0.0971682398667407,1,1801,1,1,1,1
1702,0600_c0006_010.jpg,600,5,-1,True,175,8550,0.8790701887883773,0.08946830265848671,1,1956,1,1,1,1
1703,0600_c0006_015.jpg,600,5,-1,True,175,8550,0.8884936050834119,0.09053285049146405,1,1933,1,1,1,1
1704,0600_c0006_020.jpg,600,5,-1,True,175,8550,0.8903881712416959,0.09293680297397769,1,1883,1,1,1,1
1705,0600_c0007_000.jpg,600,6,-1,True,175,8550,0.532005698459739,0.16233766233766234,1,1078,1,1,1,1
1706,0600_c0007_005.jpg,600,6,-1,True,175,8550,0.6416653422530866,0.1783893985728848,1,981,1,1,1,1
1707,0600_c0007_010.jpg,600,6,-1,True,175,8550,0.5094323915159948,0.16279069767441862,1,1075,1,1,1,1
1708,0600_c0007_015.jpg,600,6,-1,True,175,8550,0.5850510145488498,0.18421052631578946,1,950,1,1,1,1
1709,0600_c0007_020.jpg,600,6,-1,True,175,8550,0.6552333962130661,0.1649387370405278,1,1061,1,1,1,1
1710,0600_c0008_000.jpg,600,7,-1,True,175,8550,0.6674133718740312,0.11363636363636363,1,1540,1,1,1,1
1711,0600_c0008_005.jpg,600,7,-1,True,175,8550,0.5086221642100226,0.09722222222222222,1,1800,1,1,1,1
1712,0600_c0008_010.jpg,600,7,-1,True,175,8550,0.47621542175305925,0.12102351313969571,1,1446,1,1,1,1
1713,0600_c0008_015.jpg,600,7,-1,True,175,8550,0.6396536479556133,0.09887005649717515,1,1770,1,1,1,1
1714,0600_c0008_020.jpg,600,7,-1,True,175,8550,0.5349103404621167,0.10121457489878542,1,1729,1,1,1,1
