query_index,name,identity,camera,scene,valid,relevant_gallery,kept_gallery,AP,INP,first_match,last_match,Rank-1,Rank-5,Rank-10,Rank-20
0,0502_c0001_000.jpg,502,0,-1,True,175,8550,0.7015814523282995,0.38802660753880264,1,451,1,1,1,1
1,0502_c0001_005.jpg,502,0,-1,True,175,8550,0.6959615619791144,0.4156769596199525,1,421,1,1,1,1
2,0502_c0001_010.jpg,502,0,-1,True,175,8550,0.6956572551454596,0.35353535353535354,1,495,1,1,1,1
3,0502_c0001_015.jpg,502,0,-1,True,175,8550,0.7008933975460853,0.40792540792540793,1,429,1,1,1,1
4,0502_c0001_020.jpg,502,0,-1,True,175,8550,0.7095055984898486,0.43859649122807015,1,399,1,1,1,1
5,0502_c0002_000.jpg,502,1,-1,True,175,8550,0.8715402318880318,0.43209876543209874,1,405,1,1,1,1
6,0502_c0002_005.jpg,502,1,-1,True,175,8550,0.867790253222583,0.4498714652956298,1,389,1,1,1,1
7,0502_c0002_010.jpg,502,1,-1,True,175,8550,0.8628213321072297,0.44080604534005036,1,397,1,1,1,1
8,0502_c0002_015.jpg,502,1,-1,True,175,8550,0.8720073828329612,0.4794520547945205,1,365,1,1,1,1
9,0502_c0002_020.jpg,502,1,-1,True,175,8550,0.8833811885464884,0.5223880597014925,1,335,1,1,1,1
10,0502_c0003_000.jpg,502,2,-1,True,175,8550,0.6785930612498581,0.2883031301482702,1,607,1,1,1,1
11,0502_c0003_005.jpg,502,2,-1,True,175,8550,0.6810313642781038,0.2936241610738255,1,596,1,1,1,1
12,0502_c0003_010.jpg,502,2,-1,True,175,8550,0.6907804351117826,0.2961082910321489,1,591,1,1,1,1
13,0502_c0003_015.jpg,502,2,-1,True,175,8550,0.7107786432078278,0.3176043557168784,1,551,1,1,1,1
14,0502_c0003_020.jpg,502,2,-1,True,175,8550,0.6834037561556606,0.2704791344667697,1,647,1,1,1,1
15,0502_c0004_000.jpg,502,3,-1,True,175,8550,0.8634838124412962,0.3404669260700389,1,514,1,1,1,1
16,0502_c0004_005.jpg,502,3,-1,True,175,8550,0.8795544385127718,0.39503386004514673,1,443,1,1,1,1
17,0502_c0004_010.jpg,502,3,-1,True,175,8550,0.8840917469224285,0.43103448275862066,1,406,1,1,1,1
18,0502_c0004_015.jpg,502,3,-1,True,175,8550,0.9009728739306643,0.49157303370786515,1,356,1,1,1,1
19,0502_c0004_020.jpg,502,3,-1,True,175,8550,0.8774200444523171,0.40045766590389015,1,437,1,1,1,1
20,0502_c0005_000.jpg,502,4,-1,True,175,8550,0.8764041338214581,0.6363636363636364,1,275,1,1,1,1
21,0502_c0005_005.jpg,502,4,-1,True,175,8550,0.884967691922607,0.7028112449799196,1,249,1,1,1,1
22,0502_c0005_010.jpg,502,4,-1,True,175,8550,0.8741997909529942,0.6505576208178439,1,269,1,1,1,1
23,0502_c0005_015.jpg,502,4,-1,True,175,8550,0.8786499838014642,0.6294964028776978,1,278,1,1,1,1
24,0502_c0005_020.jpg,502,4,-1,True,175,8550,0.898444207276894,0.6809338521400778,1,257,1,1,1,1
25,0502_c0006_000.jpg,502,5,-1,True,175,8550,0.6958535536787693,0.35070140280561124,1,499,1,1,1,1
26,0502_c0006_005.jpg,502,5,-1,True,175,8550,0.71837510997102,0.3747323340471092,1,467,1,1,1,1
27,0502_c0006_010.jpg,502,5,-1,True,175,8550,0.696048850688703,0.36231884057971014,1,483,1,1,1,1
28,0502_c0006_015.jpg,502,5,-1,True,175,8550,0.6873808842035105,0.39325842696629215,1,445,1,1,1,1
29,0502_c0006_020.jpg,502,5,-1,True,175,8550,0.6647379628716565,0.4060324825986079,1,431,1,1,1,1
30,0502_c0007_000.jpg,502,6,-1,True,175,8550,0.9361456465307062,0.7777777777777778,1,225,1,1,1,1
31,0502_c0007_005.jpg,502,6,-1,True,175,8550,0.9554690334980215,0.7777777777777778,1,225,1,1,1,1
32,0502_c0007_010.jpg,502,6,-1,True,175,8550,0.9384699644337151,0.7777777777777778,1,225,1,1,1,1
33,0502_c0007_015.jpg,502,6,-1,True,175,8550,0.930374154178572,0.7777777777777778,1,225,1,1,1,1
34,0502_c0007_020.jpg,502,6,-1,True,175,8550,0.932630633055432,0.7777777777777778,1,225,1,1,1,1
35,0502_c0008_000.jpg,502,7,-1,True,175,8550,1.0,1.0,1,175,1,1,1,1
36,0502_c0008_005.jpg,502,7,-1,True,175,8550,1.0,1.0,1,175,1,1,1,1
37,0502_c0008_010.jpg,502,7,-1,True,175,8550,1.0,1.0,1,175,1,1,1,1
38,0502_c0008_015.jpg,502,7,-1,True,175,8550,1.0,1.0,1,175,1,1,1,1
39,0502_c0008_020.jpg,502,7,-1,True,175,8550,1.0,1.0,1,175,1,1,1,1
40,0504_c0001_000.jpg,504,0,-1,True,150,8550,0.9550018957694719,0.75,1,200,1,1,1,1
41,0504_c0001_005.jpg,504,0,-1,True,150,8550,0.9549577852596141,0.7425742574257426,1,202,1,1,1,1
42,0504_c0001_010.jpg,504,0,-1,True,150,8550,0.9551163470908197,0.75,1,200,1,1,1,1
43,0504_c0001_015.jpg,504,0,-1,True,150,8550,0.9550856194027563,0.7281553398058253,1,206,1,1,1,1
44,0504_c0001_020.jpg,504,0,-1,True,150,8550,0.9544553139612555,0.7281553398058253,1,206,1,1,1,1
45,0504_c0002_000.jpg,504,1,-1,True,150,8550,0.8604267817489503,0.8571428571428571,1,175,1,1,1,1
46,0504_c0002_005.jpg,504,1,-1,True,150,8550,0.8596004450277838,0.8571428571428571,1,175,1,1,1,1
47,0504_c0002_010.jpg,504,1,-1,True,150,8550,0.8598121094846094,0.8522727272727273,1,176,1,1,1,1
48,0504_c0002_015.jpg,504,1,-1,True,150,8550,0.8600944259327233,0.8571428571428571,1,175,1,1,1,1
49,0504_c0002_020.jpg,504,1,-1,True,150,8550,0.8607056226456151,0.8571428571428571,1,175,1,1,1,1
50,0504_c0003_000.jpg,504,2,-1,True,150,8550,0.9611941941146305,0.7537688442211056,1,199,1,1,1,1
51,0504_c0003_005.jpg,504,2,-1,True,150,8550,0.9555498974853831,0.75,1,200,1,1,1,1
52,0504_c0003_010.jpg,504,2,-1,True,150,8550,0.9645327377076806,0.7653061224489796,1,196,1,1,1,1
53,0504_c0003_015.jpg,504,2,-1,True,150,8550,0.9642149044726792,0.7653061224489796,1,196,1,1,1,1
54,0504_c0003_020.jpg,504,2,-1,True,150,8550,0.9899140801453757,0.8241758241758241,1,182,1,1,1,1
55,0504_c0005_000.jpg,504,4,-1,True,150,8550,0.9743874213402066,0.8571428571428571,1,175,1,1,1,1
56,0504_c0005_005.jpg,504,4,-1,True,150,8550,0.9743874213402066,0.8571428571428571,1,175,1,1,1,1
57,0504_c0005_010.jpg,504,4,-1,True,150,8550,0.9745356729443919,0.8571428571428571,1,175,1,1,1,1
58,0504_c0005_015.jpg,504,4,-1,True,150,8550,0.9743874213402066,0.8571428571428571,1,175,1,1,1,1
59,0504_c0005_020.jpg,504,4,-1,True,150,8550,0.9743874213402066,0.8571428571428571,1,175,1,1,1,1
60,0504_c0006_000.jpg,504,5,-1,True,150,8550,1.0,1.0,1,150,1,1,1,1
61,0504_c0006_005.jpg,504,5,-1,True,150,8550,1.0,1.0,1,150,1,1,1,1
62,0504_c0006_010.jpg,504,5,-1,True,150,8550,1.0,1.0,1,150,1,1,1,1
63,0504_c0006_015.jpg,504,5,-1,True,150,8550,1.0,1.0,1,150,1,1,1,1
64,0504_c0006_020.jpg,504,5,-1,True,150,8550,1.0,1.0,1,150,1,1,1,1
65,0504_c0007_000.jpg,504,6,-1,True,150,8550,0.9751990421363316,0.8571428571428571,1,175,1,1,1,1
66,0504_c0007_005.jpg,504,6,-1,True,150,8550,0.9838970736860911,0.8620689655172413,1,174,1,1,1,1
67,0504_c0007_010.jpg,504,6,-1,True,150,8550,0.987897210731428,0.872093023255814,1,172,1,1,1,1
68,0504_c0007_015.jpg,504,6,-1,True,150,8550,0.9750956809245,0.8620689655172413,1,174,1,1,1,1
69,0504_c0007_020.jpg,504,6,-1,True,150,8550,0.9906610669240073,0.8982035928143712,1,167,1,1,1,1
70,0504_c0008_000.jpg,504,7,-1,True,150,8550,0.9458349678337807,0.8571428571428571,1,175,1,1,1,1
71,0504_c0008_005.jpg,504,7,-1,True,150,8550,0.9510805000234281,0.8571428571428571,1,175,1,1,1,1
72,0504_c0008_010.jpg,504,7,-1,True,150,8550,0.9462626099781608,0.8571428571428571,1,175,1,1,1,1
73,0504_c0008_015.jpg,504,7,-1,True,150,8550,0.9479114014065771,0.8571428571428571,1,175,1,1,1,1
74,0504_c0008_020.jpg,504,7,-1,True,150,8550,0.9574318926014632,0.8571428571428571,1,175,1,1,1,1
75,0506_c0001_000.jpg,506,0,-1,True,175,8550,0.728486398963707,0.44871794871794873,1,390,1,1,1,1
76,0506_c0001_005.jpg,506,0,-1,True,175,8550,0.6901378569890749,0.42997542997543,1,407,1,1,1,1
77,0506_c0001_010.jpg,506,0,-1,True,175,8550,0.6817299113664034,0.4196642685851319,1,417,1,1,1,1
78,0506_c0001_015.jpg,506,0,-1,True,175,8550,0.6357032559624916,0.3699788583509514,1,473,1,1,1,1
79,0506_c0001_020.jpg,506,0,-1,True,175,8550,0.6650731360347952,0.3812636165577342,1,459,1,1,1,1
80,0506_c0002_000.jpg,506,1,-1,True,175,8550,0.8762042168100814,0.1111111111111111,1,1575,1,1,1,1
81,0506_c0002_005.jpg,506,1,-1,True,175,8550,0.878163051048722,0.12220670391061453,1,1432,1,1,1,1
82,0506_c0002_010.jpg,506,1,-1,True,175,8550,0.8760667800215677,0.11422976501305483,1,1532,1,1,1,1
83,0506_c0002_015.jpg,506,1,-1,True,175,8550,0.8807811513177225,0.13318112633181126,1,1314,1,1,1,1
84,0506_c0002_020.jpg,506,1,-1,True,175,8550,0.8766499548803453,0.11437908496732026,1,1530,1,1,1,1
85,0506_c0003_000.jpg,506,2,-1,True,175,8550,0.7826383050724842,0.230566534914361,1,759,1,1,1,1
86,0506_c0003_005.jpg,506,2,-1,True,175,8550,0.7898649647719191,0.24204702627939143,1,723,1,1,1,1
87,0506_c0003_010.jpg,506,2,-1,True,175,8550,0.7853708869084325,0.2339572192513369,1,748,1,1,1,1
88,0506_c0003_015.jpg,506,2,-1,True,175,8550,0.7988530212168414,0.25925925925925924,1,675,1,1,1,1
89,0506_c0003_020.jpg,506,2,-1,True,175,8550,0.7873268404817402,0.24964336661911554,1,701,1,1,1,1
90,0506_c0004_000.jpg,506,3,-1,True,175,8550,0.79082301288659,0.15996343692870202,1,1094,1,1,1,1
91,0506_c0004_005.jpg,506,3,-1,True,175,8550,0.8072258847992103,0.16540642722117202,1,1058,1,1,1,1
92,0506_c0004_010.jpg,506,3,-1,True,175,8550,0.7917294099577472,0.16603415559772297,1,1054,1,1,1,1
93,0506_c0004_015.jpg,506,3,-1,True,175,8550,0.7977252549425339,0.1592356687898089,1,1099,1,1,1,1
94,0506_c0004_020.jpg,506,3,-1,True,175,8550,0.7914084043966126,0.16279069767441862,1,1075,1,1,1,1
95,0506_c0005_000.jpg,506,4,-1,True,175,8550,0.13421386188294776,0.07279534109816972,141,2404,0,0,0,0
96,0506_c0005_005.jpg,506,4,-1,True,175,8550,0.15750816779573085,0.08045977011494253,101,2175,0,0,0,0
97,0506_c0005_010.jpg,506,4,-1,True,175,8550,0.15155472206198914,0.07543103448275862,101,2320,0,0,0,0
98,0506_c0005_015.jpg,506,4,-1,True,175,8550,0.16568223972552737,0.08429672447013488,102,2076,0,0,0,0
99,0506_c0005_020.jpg,506,4,-1,True,175,8550,0.16315494738325112,0.07582322357019064,101,2308,0,0,0,0
100,0506_c0006_000.jpg,506,5,-1,True,175,8550,0.7823068050175364,0.1771255060728745,1,988,1,1,1,1
101,0506_c0006_005.jpg,506,5,-1,True,175,8550,0.7880970338663017,0.18898488120950324,1,926,1,1,1,1
102,0506_c0006_010.jpg,506,5,-1,True,175,8550,0.7832594712680129,0.18518518518518517,1,945,1,1,1,1
103,0506_c0006_015.jpg,506,5,-1,True,175,8550,0.792355673840903,0.19021739130434784,1,920,1,1,1,1
104,0506_c0006_020.jpg,506,5,-1,True,175,8550,0.7883878123789928,0.18857758620689655,1,928,1,1,1,1
105,0506_c0007_000.jpg,506,6,-1,True,175,8550,0.8872046562826076,0.24787535410764872,1,706,1,1,1,1
106,0506_c0007_005.jpg,506,6,-1,True,175,8550,0.8911045103278924,0.26435045317220546,1,662,1,1,1,1
107,0506_c0007_010.jpg,506,6,-1,True,175,8550,0.8895941010052437,0.2517985611510791,1,695,1,1,1,1
108,0506_c0007_015.jpg,506,6,-1,True,175,8550,0.8871967651622965,0.24475524475524477,1,715,1,1,1,1
109,0506_c0007_020.jpg,506,6,-1,True,175,8550,0.8842090224659518,0.2249357326478149,1,778,1,1,1,1
110,0506_c0008_000.jpg,506,7,-1,True,175,8550,0.7275300360345837,0.1893939393939394,1,924,1,1,1,1
111,0506_c0008_005.jpg,506,7,-1,True,175,8550,0.7230225540679578,0.1800411522633745,1,972,1,1,1,1
112,0506_c0008_010.jpg,506,7,-1,True,175,8550,0.7389689613830559,0.1883745963401507,1,929,1,1,1,1
113,0506_c0008_015.jpg,506,7,-1,True,175,8550,0.7411669814108992,0.1984126984126984,1,882,1,1,1,1
114,0506_c0008_020.jpg,506,7,-1,True,175,8550,0.731447559585806,0.18617021276595744,1,940,1,1,1,1
115,0508_c0001_000.jpg,508,0,-1,True,175,8550,0.7182034610918423,0.3170289855072464,1,552,1,1,1,1
116,0508_c0001_005.jpg,508,0,-1,True,175,8550,0.7258176629665473,0.3246753246753247,1,539,1,1,1,1
117,0508_c0001_010.jpg,508,0,-1,True,175,8550,0.7041951319467642,0.32287822878228783,1,542,1,1,1,1
118,0508_c0001_015.jpg,508,0,-1,True,175,8550,0.6253667298053684,0.2986348122866894,1,586,1,1,1,1
119,0508_c0001_020.jpg,508,0,-1,True,175,8550,0.5921877150410685,0.34930139720558884,1,501,1,1,1,1
120,0508_c0002_000.jpg,508,1,-1,True,175,8550,0.9605982475567761,0.625,1,280,1,1,1,1
121,0508_c0002_005.jpg,508,1,-1,True,175,8550,0.946399275283389,0.5681818181818182,1,308,1,1,1,1
122,0508_c0002_010.jpg,508,1,-1,True,175,8550,0.9581679692400772,0.6183745583038869,1,283,1,1,1,1
123,0508_c0002_015.jpg,508,1,-1,True,175,8550,0.9747351322745506,0.7142857142857143,1,245,1,1,1,1
124,0508_c0002_020.jpg,508,1,-1,True,175,8550,0.9553825250276462,0.6097560975609756,1,287,1,1,1,1
125,0508_c0003_000.jpg,508,2,-1,True,175,8550,0.7193472532619289,0.5177514792899408,1,338,1,1,1,1
126,0508_c0003_005.jpg,508,2,-1,True,175,8550,0.7848187524049646,0.6294964028776978,1,278,1,1,1,1
127,0508_c0003_010.jpg,508,2,-1,True,175,8550,0.7408268900498769,0.48746518105849584,1,359,1,1,1,1
128,0508_c0003_015.jpg,508,2,-1,True,175,8550,0.7048771220900999,0.44080604534005036,1,397,1,1,1,1
129,0508_c0003_020.jpg,508,2,-1,True,175,8550,0.7270020382982734,0.42892156862745096,1,408,1,1,1,1
130,0508_c0004_000.jpg,508,3,-1,True,175,8550,0.9078938939904325,0.691699604743083,1,253,1,1,1,1
131,0508_c0004_005.jpg,508,3,-1,True,175,8550,0.9568416520700177,0.7383966244725738,1,237,1,1,1,1
132,0508_c0004_010.jpg,508,3,-1,True,175,8550,0.950092604137488,0.7113821138211383,1,246,1,1,1,1
133,0508_c0004_015.jpg,508,3,-1,True,175,8550,0.9189648599121191,0.7056451612903226,1,248,1,1,1,1
134,0508_c0004_020.jpg,508,3,-1,True,175,8550,0.8099044335841264,0.7028112449799196,1,249,1,1,1,1
135,0508_c0005_000.jpg,508,4,-1,True,175,8550,0.9693218541708613,0.7231404958677686,1,242,1,1,1,1
136,0508_c0005_005.jpg,508,4,-1,True,175,8550,0.9681597369222676,0.691699604743083,1,253,1,1,1,1
137,0508_c0005_010.jpg,508,4,-1,True,175,8550,0.9721281878987836,0.8064516129032258,1,217,1,1,1,1
138,0508_c0005_015.jpg,508,4,-1,True,175,8550,0.9816494088908071,0.7543103448275862,1,232,1,1,1,1
139,0508_c0005_020.jpg,508,4,-1,True,175,8550,0.9698788494195765,0.7510729613733905,1,233,1,1,1,1
140,0508_c0006_000.jpg,508,5,-1,True,175,8550,0.7956516875581447,0.5700325732899023,1,307,1,1,1,1
141,0508_c0006_005.jpg,508,5,-1,True,175,8550,0.8165033046430238,0.6505576208178439,1,269,1,1,1,1
142,0508_c0006_010.jpg,508,5,-1,True,175,8550,0.807027489054648,0.6457564575645757,1,271,1,1,1,1
143,0508_c0006_015.jpg,508,5,-1,True,175,8550,0.798889881306007,0.631768953068592,1,277,1,1,1,1
144,0508_c0006_020.jpg,508,5,-1,True,175,8550,0.7932677684492215,0.5718954248366013,1,306,1,1,1,1
145,0508_c0007_000.jpg,508,6,-1,True,175,8550,0.725709003632217,0.34791252485089463,1,503,1,1,1,1
146,0508_c0007_005.jpg,508,6,-1,True,175,8550,0.7200913127853703,0.3391472868217054,1,516,1,1,1,1
147,0508_c0007_010.jpg,508,6,-1,True,175,8550,0.7457182808820035,0.3668763102725367,1,477,1,1,1,1
148,0508_c0007_015.jpg,508,6,-1,True,175,8550,0.7301848120896011,0.33081285444234404,1,529,1,1,1,1
149,0508_c0007_020.jpg,508,6,-1,True,175,8550,0.7284152692484557,0.34516765285996054,1,507,1,1,1,1
150,0508_c0008_000.jpg,508,7,-1,True,175,8550,0.8870905509338068,0.5852842809364549,1,299,1,1,1,1
151,0508_c0008_005.jpg,508,7,-1,True,175,8550,0.8741866179303094,0.603448275862069,1,290,1,1,1,1
152,0508_c0008_010.jpg,508,7,-1,True,175,8550,0.8599206554252458,0.5451713395638629,1,321,1,1,1,1
153,0508_c0008_015.jpg,508,7,-1,True,175,8550,0.8711311818307721,0.5718954248366013,1,306,1,1,1,1
154,0508_c0008_020.jpg,508,7,-1,True,175,8550,0.8766861524852353,0.587248322147651,1,298,1,1,1,1
155,0510_c0001_000.jpg,510,0,-1,True,175,8550,0.7204964192032358,0.05652454780361757,1,3096,1,1,1,1
156,0510_c0001_005.jpg,510,0,-1,True,175,8550,0.7197576058878229,0.053418803418803416,1,3276,1,1,1,1
157,0510_c0001_010.jpg,510,0,-1,True,175,8550,0.7043484971574961,0.051440329218107,1,3402,1,1,1,1
158,0510_c0001_015.jpg,510,0,-1,True,175,8550,0.6809033299098,0.05063657407407408,1,3456,1,1,1,1
159,0510_c0001_020.jpg,510,0,-1,True,175,8550,0.6571909522594523,0.0462229265715795,1,3786,1,1,1,1
160,0510_c0002_000.jpg,510,1,-1,True,175,8550,0.07572424396079423,0.031177623374309637,29,5613,0,0,0,0
161,0510_c0002_005.jpg,510,1,-1,True,175,8550,0.07876464756168862,0.031011873117136275,32,5643,0,0,0,0
162,0510_c0002_010.jpg,510,1,-1,True,175,8550,0.12314029873357131,0.03209242618741977,9,5453,0,0,1,1
163,0510_c0002_015.jpg,510,1,-1,True,175,8550,0.09467405101827786,0.03212187958883994,8,5448,0,0,1,1
164,0510_c0002_020.jpg,510,1,-1,True,175,8550,0.07333899819869835,0.029069767441860465,18,6020,0,0,0,1
165,0510_c0003_000.jpg,510,2,-1,True,175,8550,0.454625099002704,0.14486754966887416,1,1208,1,1,1,1
166,0510_c0003_005.jpg,510,2,-1,True,175,8550,0.42126963507261356,0.13801261829652997,1,1268,1,1,1,1
167,0510_c0003_010.jpg,510,2,-1,True,175,8550,0.38388105391889277,0.13089005235602094,1,1337,1,1,1,1
168,0510_c0003_015.jpg,510,2,-1,True,175,8550,0.33151313550460504,0.11824324324324324,1,1480,1,1,1,1
169,0510_c0003_020.jpg,510,2,-1,True,175,8550,0.3116429095629858,0.11978097193702943,1,1461,1,1,1,1
170,0510_c0004_000.jpg,510,3,-1,True,175,8550,0.8401292570779622,0.0708502024291498,1,2470,1,1,1,1
171,0510_c0004_005.jpg,510,3,-1,True,175,8550,0.820455338683208,0.07699076110866696,1,2273,1,1,1,1
172,0510_c0004_010.jpg,510,3,-1,True,175,8550,0.8286650793924846,0.07753655294638902,1,2257,1,1,1,1
173,0510_c0004_015.jpg,510,3,-1,True,175,8550,0.8071382112701629,0.07099391480730223,1,2465,1,1,1,1
174,0510_c0004_020.jpg,510,3,-1,True,175,8550,0.8014237407117722,0.06925207756232687,1,2527,1,1,1,1
175,0510_c0005_000.jpg,510,4,-1,True,175,8550,0.872109637852457,0.1443894389438944,1,1212,1,1,1,1
176,0510_c0005_005.jpg,510,4,-1,True,175,8550,0.8453882478781991,0.11682242990654206,1,1498,1,1,1,1
177,0510_c0005_010.jpg,510,4,-1,True,175,8550,0.831619262630458,0.109375,1,1600,1,1,1,1
178,0510_c0005_015.jpg,510,4,-1,True,175,8550,0.8237227011088911,0.10809141445336627,1,1619,1,1,1,1
179,0510_c0005_020.jpg,510,4,-1,True,175,8550,0.8175478081211034,0.1037344398340249,1,1687,1,1,1,1
180,0510_c0006_000.jpg,510,5,-1,True,175,8550,0.5811410388851829,0.1727541954590326,1,1013,1,1,1,1
181,0510_c0006_005.jpg,510,5,-1,True,175,8550,0.47469448946534654,0.181723779854621,1,963,1,1,1,1
182,0510_c0006_010.jpg,510,5,-1,True,175,8550,0.5262937173193957,0.1637043966323667,1,1069,1,1,1,1
183,0510_c0006_015.jpg,510,5,-1,True,175,8550,0.5458085182373401,0.2023121387283237,1,865,1,1,1,1
184,0510_c0006_020.jpg,510,5,-1,True,175,8550,0.6100937284082802,0.1883745963401507,1,929,1,1,1,1
185,0510_c0007_000.jpg,510,6,-1,True,175,8550,0.3479811563440802,0.3170289855072464,1,552,1,1,1,1
186,0510_c0007_005.jpg,510,6,-1,True,175,8550,0.46629080053801303,0.2951096121416526,1,593,1,1,1,1
187,0510_c0007_010.jpg,510,6,-1,True,175,8550,0.5903718986246208,0.20685579196217493,1,846,1,1,1,1
188,0510_c0007_015.jpg,510,6,-1,True,175,8550,0.6073708615060068,0.22435897435897437,1,780,1,1,1,1
189,0510_c0007_020.jpg,510,6,-1,True,175,8550,0.5892749586142852,0.2229299363057325,1,785,1,1,1,1
190,0510_c0008_000.jpg,510,7,-1,True,175,8550,0.8490917352783875,0.05672609400324149,1,3085,1,1,1,1
191,0510_c0008_005.jpg,510,7,-1,True,175,8550,0.8522230252930734,0.05340250228867867,1,3277,1,1,1,1
192,0510_c0008_010.jpg,510,7,-1,True,175,8550,0.8330658888537542,0.050724637681159424,1,3450,1,1,1,1
193,0510_c0008_015.jpg,510,7,-1,True,175,8550,0.8559286797104239,0.056892067620286084,1,3076,1,1,1,1
194,0510_c0008_020.jpg,510,7,-1,True,175,8550,0.8428202709354322,0.053240036507453604,1,3287,1,1,1,1
195,0512_c0001_000.jpg,512,0,-1,True,75,8550,1.0,1.0,1,75,1,1,1,1
196,0512_c0001_005.jpg,512,0,-1,True,75,8550,1.0,1.0,1,75,1,1,1,1
197,0512_c0001_010.jpg,512,0,-1,True,75,8550,1.0,1.0,1,75,1,1,1,1
198,0512_c0001_015.jpg,512,0,-1,True,75,8550,1.0,1.0,1,75,1,1,1,1
199,0512_c0001_020.jpg,512,0,-1,True,75,8550,1.0,1.0,1,75,1,1,1,1
200,0512_c0003_000.jpg,512,2,-1,True,75,8550,1.0,1.0,1,75,1,1,1,1
201,0512_c0003_005.jpg,512,2,-1,True,75,8550,1.0,1.0,1,75,1,1,1,1
202,0512_c0003_010.jpg,512,2,-1,True,75,8550,1.0,1.0,1,75,1,1,1,1
203,0512_c0003_015.jpg,512,2,-1,True,75,8550,1.0,1.0,1,75,1,1,1,1
204,0512_c0003_020.jpg,512,2,-1,True,75,8550,1.0,1.0,1,75,1,1,1,1
205,0512_c0005_000.jpg,512,4,-1,True,75,8550,1.0,1.0,1,75,1,1,1,1
206,0512_c0005_005.jpg,512,4,-1,True,75,8550,1.0,1.0,1,75,1,1,1,1
207,0512_c0005_010.jpg,512,4,-1,True,75,8550,1.0,1.0,1,75,1,1,1,1
208,0512_c0005_015.jpg,512,4,-1,True,75,8550,1.0,1.0,1,75,1,1,1,1
209,0512_c0005_020.jpg,512,4,-1,True,75,8550,1.0,1.0,1,75,1,1,1,1
210,0512_c0006_000.jpg,512,5,-1,True,75,8550,0.38510512467390573,0.42857142857142855,11,175,0,0,0,1
211,0512_c0006_005.jpg,512,5,-1,True,75,8550,0.536683432406008,0.47468354430379744,1,158,1,1,1,1
212,0512_c0006_010.jpg,512,5,-1,True,75,8550,0.49629826932830157,0.5033557046979866,2,149,0,1,1,1
213,0512_c0006_015.jpg,512,5,-1,True,75,8550,0.6317636203477183,0.5033557046979866,1,149,1,1,1,1
214,0512_c0006_020.jpg,512,5,-1,True,75,8550,0.8105438002952292,0.5172413793103449,1,145,1,1,1,1
215,0514_c0001_000.jpg,514,0,-1,True,175,8550,0.463454524911001,0.4257907542579075,29,411,0,0,0,0
216,0514_c0001_005.jpg,514,0,-1,True,175,8550,0.3288707858485596,0.3027681660899654,54,578,0,0,0,0
217,0514_c0001_010.jpg,514,0,-1,True,175,8550,0.4289539601306335,0.44080604534005036,30,397,0,0,0,0
218,0514_c0001_015.jpg,514,0,-1,True,175,8550,0.38675249833491504,0.3779697624190065,51,463,0,0,0,0
219,0514_c0001_020.jpg,514,0,-1,True,175,8550,0.4293593434404384,0.4430379746835443,27,395,0,0,0,0
220,0514_c0002_000.jpg,514,1,-1,True,175,8550,0.9998690081305502,0.9943181818181818,1,176,1,1,1,1
221,0514_c0002_005.jpg,514,1,-1,True,175,8550,0.994592963211911,0.8883248730964467,1,197,1,1,1,1
222,0514_c0002_010.jpg,514,1,-1,True,175,8550,1.0,1.0,1,175,1,1,1,1
223,0514_c0002_015.jpg,514,1,-1,True,175,8550,0.9926213023744532,0.8454106280193237,1,207,1,1,1,1
224,0514_c0002_020.jpg,514,1,-1,True,175,8550,1.0,1.0,1,175,1,1,1,1
225,0514_c0003_000.jpg,514,2,-1,True,175,8550,1.0,1.0,1,175,1,1,1,1
226,0514_c0003_005.jpg,514,2,-1,True,175,8550,1.0,1.0,1,175,1,1,1,1
227,0514_c0003_010.jpg,514,2,-1,True,175,8550,0.9999675324675324,0.9943181818181818,1,176,1,1,1,1
228,0514_c0003_015.jpg,514,2,-1,True,175,8550,0.9996236445941677,0.9510869565217391,1,184,1,1,1,1
229,0514_c0003_020.jpg,514,2,-1,True,175,8550,1.0,1.0,1,175,1,1,1,1
230,0514_c0004_000.jpg,514,3,-1,True,175,8550,1.0,1.0,1,175,1,1,1,1
231,0514_c0004_005.jpg,514,3,-1,True,175,8550,1.0,1.0,1,175,1,1,1,1
232,0514_c0004_010.jpg,514,3,-1,True,175,8550,1.0,1.0,1,175,1,1,1,1
233,0514_c0004_015.jpg,514,3,-1,True,175,8550,0.9992256434202087,0.9210526315789473,1,190,1,1,1,1
234,0514_c0004_020.jpg,514,3,-1,True,175,8550,1.0,1.0,1,175,1,1,1,1
235,0514_c0005_000.jpg,514,4,-1,True,175,8550,1.0,1.0,1,175,1,1,1,1
236,0514_c0005_005.jpg,514,4,-1,True,175,8550,1.0,1.0,1,175,1,1,1,1
237,0514_c0005_010.jpg,514,4,-1,True,175,8550,0.9984021242801766,0.9259259259259259,1,189,1,1,1,1
238,0514_c0005_015.jpg,514,4,-1,True,175,8550,0.9997779231029428,0.9668508287292817,1,181,1,1,1,1
239,0514_c0005_020.jpg,514,4,-1,True,175,8550,1.0,1.0,1,175,1,1,1,1
240,0514_c0006_000.jpg,514,5,-1,True,175,8550,0.960278006994126,0.6340579710144928,1,276,1,1,1,1
241,0514_c0006_005.jpg,514,5,-1,True,175,8550,0.954956901756236,0.6294964028776978,1,278,1,1,1,1
242,0514_c0006_010.jpg,514,5,-1,True,175,8550,0.973621034822062,0.6889763779527559,1,254,1,1,1,1
243,0514_c0006_015.jpg,514,5,-1,True,175,8550,0.9438706653532639,0.5794701986754967,1,302,1,1,1,1
244,0514_c0006_020.jpg,514,5,-1,True,175,8550,0.9246813451303004,0.6227758007117438,1,281,1,1,1,1
245,0514_c0007_000.jpg,514,6,-1,True,175,8550,0.9714637662633806,0.5912162162162162,1,296,1,1,1,1
246,0514_c0007_005.jpg,514,6,-1,True,175,8550,0.9642235676257126,0.6294964028776978,1,278,1,1,1,1
247,0514_c0007_010.jpg,514,6,-1,True,175,8550,0.9510953124550723,0.5287009063444109,1,331,1,1,1,1
248,0514_c0007_015.jpg,514,6,-1,True,175,8550,0.9467746829387351,0.5255255255255256,1,333,1,1,1,1
249,0514_c0007_020.jpg,514,6,-1,True,175,8550,0.9681405753199608,0.691699604743083,1,253,1,1,1,1
250,0514_c0008_000.jpg,514,7,-1,True,175,8550,0.9628107016935514,0.8373205741626795,1,209,1,1,1,1
251,0514_c0008_005.jpg,514,7,-1,True,175,8550,0.960834116499004,0.8293838862559242,1,211,1,1,1,1
252,0514_c0008_010.jpg,514,7,-1,True,175,8550,0.9602214815870819,0.8620689655172413,1,203,1,1,1,1
253,0514_c0008_015.jpg,514,7,-1,True,175,8550,0.9585176500213918,0.8177570093457944,1,214,1,1,1,1
254,0514_c0008_020.jpg,514,7,-1,True,175,8550,0.9583727345617942,0.78125,1,224,1,1,1,1
255,0516_c0001_000.jpg,516,0,-1,True,75,8550,0.9987734737121904,0.9615384615384616,1,78,1,1,1,1
256,0516_c0001_005.jpg,516,0,-1,True,75,8550,0.9962807825365035,0.9259259259259259,1,81,1,1,1,1
257,0516_c0001_010.jpg,516,0,-1,True,75,8550,0.999646783625731,0.9868421052631579,1,76,1,1,1,1
258,0516_c0001_015.jpg,516,0,-1,True,75,8550,0.9994759018759019,0.974025974025974,1,77,1,1,1,1
259,0516_c0001_020.jpg,516,0,-1,True,75,8550,0.9438915191566559,0.7009345794392523,1,107,1,1,1,1
260,0516_c0003_000.jpg,516,2,-1,True,75,8550,1.0,1.0,1,75,1,1,1,1
261,0516_c0003_005.jpg,516,2,-1,True,75,8550,1.0,1.0,1,75,1,1,1,1
262,0516_c0003_010.jpg,516,2,-1,True,75,8550,1.0,1.0,1,75,1,1,1,1
263,0516_c0003_015.jpg,516,2,-1,True,75,8550,1.0,1.0,1,75,1,1,1,1
264,0516_c0003_020.jpg,516,2,-1,True,75,8550,1.0,1.0,1,75,1,1,1,1
265,0516_c0005_000.jpg,516,4,-1,True,75,8550,1.0,1.0,1,75,1,1,1,1
266,0516_c0005_005.jpg,516,4,-1,True,75,8550,1.0,1.0,1,75,1,1,1,1
267,0516_c0005_010.jpg,516,4,-1,True,75,8550,1.0,1.0,1,75,1,1,1,1
268,0516_c0005_015.jpg,516,4,-1,True,75,8550,1.0,1.0,1,75,1,1,1,1
269,0516_c0005_020.jpg,516,4,-1,True,75,8550,1.0,1.0,1,75,1,1,1,1
270,0516_c0006_000.jpg,516,5,-1,True,75,8550,1.0,1.0,1,75,1,1,1,1
271,0516_c0006_005.jpg,516,5,-1,True,75,8550,1.0,1.0,1,75,1,1,1,1
272,0516_c0006_010.jpg,516,5,-1,True,75,8550,1.0,1.0,1,75,1,1,1,1
273,0516_c0006_015.jpg,516,5,-1,True,75,8550,1.0,1.0,1,75,1,1,1,1
274,0516_c0006_020.jpg,516,5,-1,True,75,8550,1.0,1.0,1,75,1,1,1,1
275,0518_c0001_000.jpg,518,0,-1,True,100,8550,0.8374668707980907,0.4366812227074236,1,229,1,1,1,1
276,0518_c0001_005.jpg,518,0,-1,True,100,8550,0.7401392842983272,0.47393364928909953,1,211,1,1,1,1
277,0518_c0001_010.jpg,518,0,-1,True,100,8550,0.7737813057497351,0.47619047619047616,1,210,1,1,1,1
278,0518_c0001_015.jpg,518,0,-1,True,100,8550,0.7584500095191804,0.5494505494505495,1,182,1,1,1,1
279,0518_c0001_020.jpg,518,0,-1,True,100,8550,0.8929075786659533,0.5813953488372093,1,172,1,1,1,1
280,0518_c0002_000.jpg,518,1,-1,True,100,8550,0.8706936342552674,0.7633587786259542,1,131,1,1,1,1
281,0518_c0002_005.jpg,518,1,-1,True,100,8550,0.8693722879106645,0.7575757575757576,1,132,1,1,1,1
282,0518_c0002_010.jpg,518,1,-1,True,100,8550,0.8731362226062254,0.8,1,125,1,1,1,1
283,0518_c0002_015.jpg,518,1,-1,True,100,8550,0.8727234849951987,0.7299270072992701,1,137,1,1,1,1
284,0518_c0002_020.jpg,518,1,-1,True,100,8550,0.874000580147324,0.8,1,125,1,1,1,1
285,0518_c0003_000.jpg,518,2,-1,True,100,8550,0.9418455098654008,0.6535947712418301,1,153,1,1,1,1
286,0518_c0003_005.jpg,518,2,-1,True,100,8550,0.9652980096792427,0.6944444444444444,1,144,1,1,1,1
287,0518_c0003_010.jpg,518,2,-1,True,100,8550,0.9807965538883896,0.7299270072992701,1,137,1,1,1,1
288,0518_c0003_015.jpg,518,2,-1,True,100,8550,0.9695653728113401,0.7246376811594203,1,138,1,1,1,1
289,0518_c0003_020.jpg,518,2,-1,True,100,8550,0.9847639127926072,0.7299270072992701,1,137,1,1,1,1
290,0518_c0005_000.jpg,518,4,-1,True,100,8550,0.8368556372856176,0.5714285714285714,1,175,1,1,1,1
291,0518_c0005_005.jpg,518,4,-1,True,100,8550,0.817699842090081,0.5434782608695652,1,184,1,1,1,1
292,0518_c0005_010.jpg,518,4,-1,True,100,8550,0.8337563382433113,0.5847953216374269,1,171,1,1,1,1
293,0518_c0005_015.jpg,518,4,-1,True,100,8550,0.8365165798085458,0.591715976331361,1,169,1,1,1,1
294,0518_c0005_020.jpg,518,4,-1,True,100,8550,0.8551405414354154,0.6802721088435374,1,147,1,1,1,1
295,0518_c0006_000.jpg,518,5,-1,True,100,8550,0.9287275957081497,0.5586592178770949,1,179,1,1,1,1
296,0518_c0006_005.jpg,518,5,-1,True,100,8550,0.9341421871804265,0.6493506493506493,1,154,1,1,1,1
297,0518_c0006_010.jpg,518,5,-1,True,100,8550,0.919125155739774,0.546448087431694,1,183,1,1,1,1
298,0518_c0006_015.jpg,518,5,-1,True,100,8550,0.9435169162695489,0.7142857142857143,1,140,1,1,1,1
299,0518_c0006_020.jpg,518,5,-1,True,100,8550,0.9427702406009709,0.7246376811594203,1,138,1,1,1,1
300,0520_c0001_000.jpg,520,0,-1,True,150,8550,1.0,1.0,1,150,1,1,1,1
301,0520_c0001_005.jpg,520,0,-1,True,150,8550,1.0,1.0,1,150,1,1,1,1
302,0520_c0001_010.jpg,520,0,-1,True,150,8550,1.0,1.0,1,150,1,1,1,1
303,0520_c0001_015.jpg,520,0,-1,True,150,8550,1.0,1.0,1,150,1,1,1,1
304,0520_c0001_020.jpg,520,0,-1,True,150,8550,1.0,1.0,1,150,1,1,1,1
305,0520_c0002_000.jpg,520,1,-1,True,150,8550,1.0,1.0,1,150,1,1,1,1
306,0520_c0002_005.jpg,520,1,-1,True,150,8550,1.0,1.0,1,150,1,1,1,1
307,0520_c0002_010.jpg,520,1,-1,True,150,8550,1.0,1.0,1,150,1,1,1,1
308,0520_c0002_015.jpg,520,1,-1,True,150,8550,1.0,1.0,1,150,1,1,1,1
309,0520_c0002_020.jpg,520,1,-1,True,150,8550,1.0,1.0,1,150,1,1,1,1
310,0520_c0004_000.jpg,520,3,-1,True,150,8550,1.0,1.0,1,150,1,1,1,1
311,0520_c0004_005.jpg,520,3,-1,True,150,8550,1.0,1.0,1,150,1,1,1,1
312,0520_c0004_010.jpg,520,3,-1,True,150,8550,1.0,1.0,1,150,1,1,1,1
313,0520_c0004_015.jpg,520,3,-1,True,150,8550,1.0,1.0,1,150,1,1,1,1
314,0520_c0004_020.jpg,520,3,-1,True,150,8550,1.0,1.0,1,150,1,1,1,1
315,0520_c0005_000.jpg,520,4,-1,True,150,8550,1.0,1.0,1,150,1,1,1,1
316,0520_c0005_005.jpg,520,4,-1,True,150,8550,1.0,1.0,1,150,1,1,1,1
317,0520_c0005_010.jpg,520,4,-1,True,150,8550,1.0,1.0,1,150,1,1,1,1
318,0520_c0005_015.jpg,520,4,-1,True,150,8550,1.0,1.0,1,150,1,1,1,1
319,0520_c0005_020.jpg,520,4,-1,True,150,8550,1.0,1.0,1,150,1,1,1,1
320,0520_c0006_000.jpg,520,5,-1,True,150,8550,1.0,1.0,1,150,1,1,1,1
321,0520_c0006_005.jpg,520,5,-1,True,150,8550,1.0,1.0,1,150,1,1,1,1
322,0520_c0006_010.jpg,520,5,-1,True,150,8550,1.0,1.0,1,150,1,1,1,1
323,0520_c0006_015.jpg,520,5,-1,True,150,8550,0.9999558498896247,0.9933774834437086,1,151,1,1,1,1
324,0520_c0006_020.jpg,520,5,-1,True,150,8550,1.0,1.0,1,150,1,1,1,1
325,0520_c0007_000.jpg,520,6,-1,True,150,8550,1.0,1.0,1,150,1,1,1,1
326,0520_c0007_005.jpg,520,6,-1,True,150,8550,1.0,1.0,1,150,1,1,1,1
327,0520_c0007_010.jpg,520,6,-1,True,150,8550,1.0,1.0,1,150,1,1,1,1
328,0520_c0007_015.jpg,520,6,-1,True,150,8550,1.0,1.0,1,150,1,1,1,1
329,0520_c0007_020.jpg,520,6,-1,True,150,8550,1.0,1.0,1,150,1,1,1,1
330,0520_c0008_000.jpg,520,7,-1,True,150,8550,1.0,1.0,1,150,1,1,1,1
331,0520_c0008_005.jpg,520,7,-1,True,150,8550,1.0,1.0,1,150,1,1,1,1
332,0520_c0008_010.jpg,520,7,-1,True,150,8550,1.0,1.0,1,150,1,1,1,1
333,0520_c0008_015.jpg,520,7,-1,True,150,8550,1.0,1.0,1,150,1,1,1,1
334,0520_c0008_020.jpg,520,7,-1,True,150,8550,1.0,1.0,1,150,1,1,1,1
335,0522_c0001_000.jpg,522,0,-1,True,150,8550,0.6267774478165662,0.32537960954446854,1,461,1,1,1,1
336,0522_c0001_005.jpg,522,0,-1,True,150,8550,0.6175325989814112,0.2051983584131327,1,731,1,1,1,1
337,0522_c0001_010.jpg,522,0,-1,True,150,8550,0.5861794248519436,0.24875621890547264,1,603,1,1,1,1
338,0522_c0001_015.jpg,522,0,-1,True,150,8550,0.6722795504852465,0.3694581280788177,1,406,1,1,1,1
339,0522_c0001_020.jpg,522,0,-1,True,150,8550,0.6247380488352132,0.2109704641350211,1,711,1,1,1,1
340,0522_c0002_000.jpg,522,1,-1,True,150,8550,0.5247594991694221,0.10714285714285714,1,1400,1,1,1,1
341,0522_c0002_005.jpg,522,1,-1,True,150,8550,0.5368963783264946,0.1056338028169014,1,1420,1,1,1,1
342,0522_c0002_010.jpg,522,1,-1,True,150,8550,0.557547119475869,0.15384615384615385,1,975,1,1,1,1
343,0522_c0002_015.jpg,522,1,-1,True,150,8550,0.5889028731281174,0.167973124300112,1,893,1,1,1,1
344,0522_c0002_020.jpg,522,1,-1,True,150,8550,0.62845681613007,0.1694915254237288,1,885,1,1,1,1
345,0522_c0004_000.jpg,522,3,-1,True,150,8550,0.9091880921410888,0.8571428571428571,1,175,1,1,1,1
346,0522_c0004_005.jpg,522,3,-1,True,150,8550,0.8677406987157545,0.5660377358490566,1,265,1,1,1,1
347,0522_c0004_010.jpg,522,3,-1,True,150,8550,0.9064888807253362,0.6578947368421053,1,228,1,1,1,1
348,0522_c0004_015.jpg,522,3,-1,True,150,8550,0.9157163400016018,0.8152173913043478,1,184,1,1,1,1
349,0522_c0004_020.jpg,522,3,-1,True,150,8550,0.9083885131813538,0.8522727272727273,1,176,1,1,1,1
350,0522_c0005_000.jpg,522,4,-1,True,150,8550,0.8943297516554984,0.22388059701492538,1,670,1,1,1,1
351,0522_c0005_005.jpg,522,4,-1,True,150,8550,0.8794395425266566,0.19815059445178335,1,757,1,1,1,1
352,0522_c0005_010.jpg,522,4,-1,True,150,8550,0.8539222412193508,0.18115942028985507,1,828,1,1,1,1
353,0522_c0005_015.jpg,522,4,-1,True,150,8550,0.8867813955481718,0.2054794520547945,1,730,1,1,1,1
354,0522_c0005_020.jpg,522,4,-1,True,150,8550,0.8794159036108329,0.18050541516245489,1,831,1,1,1,1
355,0522_c0006_000.jpg,522,5,-1,True,150,8550,0.9726951566948651,0.5791505791505791,1,259,1,1,1,1
356,0522_c0006_005.jpg,522,5,-1,True,150,8550,0.8819971518795251,0.5084745762711864,1,295,1,1,1,1
357,0522_c0006_010.jpg,522,5,-1,True,150,8550,0.8636562376912867,0.4716981132075472,1,318,1,1,1,1
358,0522_c0006_015.jpg,522,5,-1,True,150,8550,0.7429566109796105,0.33112582781456956,1,453,1,1,1,1
359,0522_c0006_020.jpg,522,5,-1,True,150,8550,0.789567600566018,0.39267015706806285,1,382,1,1,1,1
360,0522_c0007_000.jpg,522,6,-1,True,150,8550,0.9651640636629213,0.7537688442211056,1,199,1,1,1,1
361,0522_c0007_005.jpg,522,6,-1,True,150,8550,0.956193228827121,0.8241758241758241,1,182,1,1,1,1
362,0522_c0007_010.jpg,522,6,-1,True,150,8550,0.9870535471973483,0.7731958762886598,1,194,1,1,1,1
363,0522_c0007_015.jpg,522,6,-1,True,150,8550,0.9889932042691032,0.8571428571428571,1,175,1,1,1,1
364,0522_c0007_020.jpg,522,6,-1,True,150,8550,0.9777635857884953,0.7246376811594203,1,207,1,1,1,1
365,0522_c0008_000.jpg,522,7,-1,True,150,8550,0.7573091547021422,0.3073770491803279,1,488,1,1,1,1
366,0522_c0008_005.jpg,522,7,-1,True,150,8550,0.7784645539522269,0.2835538752362949,1,529,1,1,1,1
367,0522_c0008_010.jpg,522,7,-1,True,150,8550,0.6480433766302974,0.27075812274368233,1,554,1,1,1,1
368,0522_c0008_015.jpg,522,7,-1,True,150,8550,0.6641971817660013,0.27522935779816515,1,545,1,1,1,1
369,0522_c0008_020.jpg,522,7,-1,True,150,8550,0.7539926411803493,0.28680688336520077,1,523,1,1,1,1
370,0524_c0001_000.jpg,524,0,-1,True,175,8550,0.9215622893427866,0.5116959064327485,1,342,1,1,1,1
371,0524_c0001_005.jpg,524,0,-1,True,175,8550,0.8346783890505617,0.43316831683168316,1,404,1,1,1,1
372,0524_c0001_010.jpg,524,0,-1,True,175,8550,0.8641102852400044,0.4375,1,400,1,1,1,1
373,0524_c0001_015.jpg,524,0,-1,True,175,8550,0.917848680500281,0.5573248407643312,1,314,1,1,1,1
374,0524_c0001_020.jpg,524,0,-1,True,175,8550,0.928468641075681,0.5737704918032787,1,305,1,1,1,1
375,0524_c0002_000.jpg,524,1,-1,True,175,8550,0.9846530720651814,0.7231404958677686,1,242,1,1,1,1
376,0524_c0002_005.jpg,524,1,-1,True,175,8550,0.9724175775171857,0.7028112449799196,1,249,1,1,1,1
377,0524_c0002_010.jpg,524,1,-1,True,175,8550,0.9955425973080553,0.8706467661691543,1,201,1,1,1,1
378,0524_c0002_015.jpg,524,1,-1,True,175,8550,0.9983466351253131,0.9358288770053476,1,187,1,1,1,1
379,0524_c0002_020.jpg,524,1,-1,True,175,8550,0.9976348217885457,0.9067357512953368,1,193,1,1,1,1
380,0524_c0003_000.jpg,524,2,-1,True,175,8550,1.0,1.0,1,175,1,1,1,1
381,0524_c0003_005.jpg,524,2,-1,True,175,8550,0.9870705066147525,0.7675438596491229,1,228,1,1,1,1
382,0524_c0003_010.jpg,524,2,-1,True,175,8550,0.994957585339071,0.8883248730964467,1,197,1,1,1,1
383,0524_c0003_015.jpg,524,2,-1,True,175,8550,0.9858054434483885,0.813953488372093,1,215,1,1,1,1
384,0524_c0003_020.jpg,524,2,-1,True,175,8550,0.9854648133047075,0.8064516129032258,1,217,1,1,1,1
385,0524_c0004_000.jpg,524,3,-1,True,175,8550,0.8653371368824021,0.39592760180995473,1,442,1,1,1,1
386,0524_c0004_005.jpg,524,3,-1,True,175,8550,0.7875936108687221,0.3458498023715415,1,506,1,1,1,1
387,0524_c0004_010.jpg,524,3,-1,True,175,8550,0.8083685963068975,0.3458498023715415,1,506,1,1,1,1
388,0524_c0004_015.jpg,524,3,-1,True,175,8550,0.775095955644298,0.32894736842105265,1,532,1,1,1,1
389,0524_c0004_020.jpg,524,3,-1,True,175,8550,0.8026941428615932,0.341130604288499,1,513,1,1,1,1
390,0524_c0005_000.jpg,524,4,-1,True,175,8550,1.0,1.0,1,175,1,1,1,1
391,0524_c0005_005.jpg,524,4,-1,True,175,8550,1.0,1.0,1,175,1,1,1,1
392,0524_c0005_010.jpg,524,4,-1,True,175,8550,1.0,1.0,1,175,1,1,1,1
393,0524_c0005_015.jpg,524,4,-1,True,175,8550,1.0,1.0,1,175,1,1,1,1
394,0524_c0005_020.jpg,524,4,-1,True,175,8550,1.0,1.0,1,175,1,1,1,1
395,0524_c0006_000.jpg,524,5,-1,True,175,8550,0.9854912100788418,0.7918552036199095,1,221,1,1,1,1
396,0524_c0006_005.jpg,524,5,-1,True,175,8550,0.9973026532319834,0.9408602150537635,1,186,1,1,1,1
397,0524_c0006_010.jpg,524,5,-1,True,175,8550,0.9976237811836147,0.9358288770053476,1,187,1,1,1,1
398,0524_c0006_015.jpg,524,5,-1,True,175,8550,0.9985733174772892,0.9615384615384616,1,182,1,1,1,1
399,0524_c0006_020.jpg,524,5,-1,True,175,8550,0.9991731020867733,0.9831460674157303,1,178,1,1,1,1
400,0524_c0007_000.jpg,524,6,-1,True,175,8550,0.8877567348092318,0.35860655737704916,1,488,1,1,1,1
401,0524_c0007_005.jpg,524,6,-1,True,175,8550,0.882491483725203,0.33269961977186313,1,526,1,1,1,1
402,0524_c0007_010.jpg,524,6,-1,True,175,8550,0.9416386068804471,0.5287009063444109,1,331,1,1,1,1
403,0524_c0007_015.jpg,524,6,-1,True,175,8550,0.9342401713211588,0.4985754985754986,1,351,1,1,1,1
404,0524_c0007_020.jpg,524,6,-1,True,175,8550,0.9365843700848352,0.4943502824858757,1,354,1,1,1,1
405,0524_c0008_000.jpg,524,7,-1,True,175,8550,0.9958605715778069,0.875,1,200,1,1,1,1
406,0524_c0008_005.jpg,524,7,-1,True,175,8550,0.9963968496383778,0.8838383838383839,1,198,1,1,1,1
407,0524_c0008_010.jpg,524,7,-1,True,175,8550,0.9856676903412761,0.875,1,200,1,1,1,1
408,0524_c0008_015.jpg,524,7,-1,True,175,8550,0.9839577094106695,0.8454106280193237,1,207,1,1,1,1
409,0524_c0008_020.jpg,524,7,-1,True,175,8550,0.9915606212988207,0.8495145631067961,1,206,1,1,1,1
410,0526_c0001_000.jpg,526,0,-1,True,50,8550,0.6347079964206422,0.2242152466367713,1,223,1,1,1,1
411,0526_c0001_005.jpg,526,0,-1,True,50,8550,0.6882875123559268,0.2717391304347826,1,184,1,1,1,1
412,0526_c0001_010.jpg,526,0,-1,True,50,8550,0.6638863260643937,0.23923444976076555,1,209,1,1,1,1
413,0526_c0001_015.jpg,526,0,-1,True,50,8550,0.6707238829467095,0.273224043715847,1,183,1,1,1,1
414,0526_c0001_020.jpg,526,0,-1,True,50,8550,0.7236700567827667,0.2994011976047904,1,167,1,1,1,1
415,0526_c0003_000.jpg,526,2,-1,True,50,8550,0.7237968907302349,0.4854368932038835,1,103,1,1,1,1
416,0526_c0003_005.jpg,526,2,-1,True,50,8550,0.7764635046007683,0.49504950495049505,1,101,1,1,1,1
417,0526_c0003_010.jpg,526,2,-1,True,50,8550,0.7262187463428404,0.44642857142857145,1,112,1,1,1,1
418,0526_c0003_015.jpg,526,2,-1,True,50,8550,0.7555598676736638,0.4807692307692308,1,104,1,1,1,1
419,0526_c0003_020.jpg,526,2,-1,True,50,8550,0.7731956741390553,0.4807692307692308,1,104,1,1,1,1
420,0526_c0005_000.jpg,526,4,-1,True,50,8550,0.9996078431372548,0.9803921568627451,1,51,1,1,1,1
421,0526_c0005_005.jpg,526,4,-1,True,50,8550,1.0,1.0,1,50,1,1,1,1
422,0526_c0005_010.jpg,526,4,-1,True,50,8550,1.0,1.0,1,50,1,1,1,1
423,0526_c0005_015.jpg,526,4,-1,True,50,8550,1.0,1.0,1,50,1,1,1,1
424,0526_c0005_020.jpg,526,4,-1,True,50,8550,1.0,1.0,1,50,1,1,1,1
425,0528_c0001_000.jpg,528,0,-1,True,150,8550,0.9157049159619612,0.7246376811594203,1,207,1,1,1,1
426,0528_c0001_005.jpg,528,0,-1,True,150,8550,0.8567291259869785,0.5050505050505051,1,297,1,1,1,1
427,0528_c0001_010.jpg,528,0,-1,True,150,8550,0.8591155522817279,0.5555555555555556,1,270,1,1,1,1
428,0528_c0001_015.jpg,528,0,-1,True,150,8550,0.8332697256452878,0.5494505494505495,1,273,1,1,1,1
429,0528_c0001_020.jpg,528,0,-1,True,150,8550,0.7806933525707895,0.5976095617529881,1,251,1,1,1,1
430,0528_c0002_000.jpg,528,1,-1,True,150,8550,0.8543915803167651,0.35629453681710216,1,421,1,1,1,1
431,0528_c0002_005.jpg,528,1,-1,True,150,8550,0.8573549568608376,0.36585365853658536,1,410,1,1,1,1
432,0528_c0002_010.jpg,528,1,-1,True,150,8550,0.8275047252385015,0.35545023696682465,1,422,1,1,1,1
433,0528_c0002_015.jpg,528,1,-1,True,150,8550,0.7774298833041386,0.32537960954446854,1,461,1,1,1,1
434,0528_c0002_020.jpg,528,1,-1,True,150,8550,0.795926009678911,0.32397408207343414,1,463,1,1,1,1
435,0528_c0003_000.jpg,528,2,-1,True,150,8550,0.9496506830975807,0.5791505791505791,1,259,1,1,1,1
436,0528_c0003_005.jpg,528,2,-1,True,150,8550,0.9444477393431437,0.5747126436781609,1,261,1,1,1,1
437,0528_c0003_010.jpg,528,2,-1,True,150,8550,0.9436071137906132,0.5514705882352942,1,272,1,1,1,1
438,0528_c0003_015.jpg,528,2,-1,True,150,8550,0.9416706658199264,0.5576208178438662,1,269,1,1,1,1
439,0528_c0003_020.jpg,528,2,-1,True,150,8550,0.937230226292673,0.5494505494505495,1,273,1,1,1,1
440,0528_c0004_000.jpg,528,3,-1,True,150,8550,0.970445666007956,0.8571428571428571,1,175,1,1,1,1
441,0528_c0004_005.jpg,528,3,-1,True,150,8550,0.9698549303877352,0.8571428571428571,1,175,1,1,1,1
442,0528_c0004_010.jpg,528,3,-1,True,150,8550,0.9751341279518696,0.8571428571428571,1,175,1,1,1,1
443,0528_c0004_015.jpg,528,3,-1,True,150,8550,0.9710818834206446,0.8571428571428571,1,175,1,1,1,1
444,0528_c0004_020.jpg,528,3,-1,True,150,8550,0.9717651946362901,0.8571428571428571,1,175,1,1,1,1
445,0528_c0005_000.jpg,528,4,-1,True,150,8550,0.9572542006143495,0.8571428571428571,1,175,1,1,1,1
446,0528_c0005_005.jpg,528,4,-1,True,150,8550,0.9637661608418311,0.8571428571428571,1,175,1,1,1,1
447,0528_c0005_010.jpg,528,4,-1,True,150,8550,0.9560283431574707,0.8571428571428571,1,175,1,1,1,1
448,0528_c0005_015.jpg,528,4,-1,True,150,8550,0.9522921485682895,0.8241758241758241,1,182,1,1,1,1
449,0528_c0005_020.jpg,528,4,-1,True,150,8550,0.9477214834258011,0.847457627118644,1,177,1,1,1,1
450,0528_c0006_000.jpg,528,5,-1,True,150,8550,0.9388352942564817,0.6072874493927125,1,247,1,1,1,1
451,0528_c0006_005.jpg,528,5,-1,True,150,8550,0.9387214102209024,0.6024096385542169,1,249,1,1,1,1
452,0528_c0006_010.jpg,528,5,-1,True,150,8550,0.9348513036691786,0.6122448979591837,1,245,1,1,1,1
453,0528_c0006_015.jpg,528,5,-1,True,150,8550,0.9327710286996861,0.5882352941176471,1,255,1,1,1,1
454,0528_c0006_020.jpg,528,5,-1,True,150,8550,0.9245673053770728,0.6382978723404256,1,235,1,1,1,1
455,0528_c0007_000.jpg,528,6,-1,True,150,8550,0.8021149032072479,0.5976095617529881,1,251,1,1,1,1
456,0528_c0007_005.jpg,528,6,-1,True,150,8550,0.8079594278827795,0.6,1,250,1,1,1,1
457,0528_c0007_010.jpg,528,6,-1,True,150,8550,0.7851551537141978,0.6,1,250,1,1,1,1
458,0528_c0007_015.jpg,528,6,-1,True,150,8550,0.7812785092989898,0.6,1,250,1,1,1,1
459,0528_c0007_020.jpg,528,6,-1,True,150,8550,0.8055423223283545,0.6,1,250,1,1,1,1
460,0530_c0001_000.jpg,530,0,-1,True,150,8550,0.7580989575567907,0.4672897196261682,1,321,1,1,1,1
461,0530_c0001_005.jpg,530,0,-1,True,150,8550,0.7468021287744271,0.46153846153846156,1,325,1,1,1,1
462,0530_c0001_010.jpg,530,0,-1,True,150,8550,0.7619562660763766,0.48231511254019294,1,311,1,1,1,1
463,0530_c0001_015.jpg,530,0,-1,True,150,8550,0.8301599622754579,0.5376344086021505,1,279,1,1,1,1
464,0530_c0001_020.jpg,530,0,-1,True,150,8550,0.7390342976942513,0.46153846153846156,1,325,1,1,1,1
465,0530_c0002_000.jpg,530,1,-1,True,150,8550,1.0,1.0,1,150,1,1,1,1
466,0530_c0002_005.jpg,530,1,-1,True,150,8550,1.0,1.0,1,150,1,1,1,1
467,0530_c0002_010.jpg,530,1,-1,True,150,8550,1.0,1.0,1,150,1,1,1,1
468,0530_c0002_015.jpg,530,1,-1,True,150,8550,1.0,1.0,1,150,1,1,1,1
469,0530_c0002_020.jpg,530,1,-1,True,150,8550,1.0,1.0,1,150,1,1,1,1
470,0530_c0003_000.jpg,530,2,-1,True,150,8550,1.0,1.0,1,150,1,1,1,1
471,0530_c0003_005.jpg,530,2,-1,True,150,8550,1.0,1.0,1,150,1,1,1,1
472,0530_c0003_010.jpg,530,2,-1,True,150,8550,1.0,1.0,1,150,1,1,1,1
473,0530_c0003_015.jpg,530,2,-1,True,150,8550,1.0,1.0,1,150,1,1,1,1
474,0530_c0003_020.jpg,530,2,-1,True,150,8550,1.0,1.0,1,150,1,1,1,1
475,0530_c0004_000.jpg,530,3,-1,True,150,8550,1.0,1.0,1,150,1,1,1,1
476,0530_c0004_005.jpg,530,3,-1,True,150,8550,1.0,1.0,1,150,1,1,1,1
477,0530_c0004_010.jpg,530,3,-1,True,150,8550,1.0,1.0,1,150,1,1,1,1
478,0530_c0004_015.jpg,530,3,-1,True,150,8550,1.0,1.0,1,150,1,1,1,1
479,0530_c0004_020.jpg,530,3,-1,True,150,8550,1.0,1.0,1,150,1,1,1,1
480,0530_c0005_000.jpg,530,4,-1,True,150,8550,0.9908746599623665,0.7936507936507936,1,189,1,1,1,1
481,0530_c0005_005.jpg,530,4,-1,True,150,8550,0.9940118855977486,0.8152173913043478,1,184,1,1,1,1
482,0530_c0005_010.jpg,530,4,-1,True,150,8550,0.995126908483092,0.8379888268156425,1,179,1,1,1,1
483,0530_c0005_015.jpg,530,4,-1,True,150,8550,0.9980831528360619,0.9202453987730062,1,163,1,1,1,1
484,0530_c0005_020.jpg,530,4,-1,True,150,8550,0.9997435897435897,0.9615384615384616,1,156,1,1,1,1
485,0530_c0006_000.jpg,530,5,-1,True,150,8550,1.0,1.0,1,150,1,1,1,1
486,0530_c0006_005.jpg,530,5,-1,True,150,8550,1.0,1.0,1,150,1,1,1,1
487,0530_c0006_010.jpg,530,5,-1,True,150,8550,1.0,1.0,1,150,1,1,1,1
488,0530_c0006_015.jpg,530,5,-1,True,150,8550,1.0,1.0,1,150,1,1,1,1
489,0530_c0006_020.jpg,530,5,-1,True,150,8550,1.0,1.0,1,150,1,1,1,1
490,0530_c0008_000.jpg,530,7,-1,True,150,8550,0.9272053061578345,0.5813953488372093,1,258,1,1,1,1
491,0530_c0008_005.jpg,530,7,-1,True,150,8550,0.9222951172485314,0.5514705882352942,1,272,1,1,1,1
492,0530_c0008_010.jpg,530,7,-1,True,150,8550,0.8890143231397796,0.5434782608695652,1,276,1,1,1,1
493,0530_c0008_015.jpg,530,7,-1,True,150,8550,0.8910291315800208,0.5415162454873647,1,277,1,1,1,1
494,0530_c0008_020.jpg,530,7,-1,True,150,8550,0.8833691982781695,0.5319148936170213,1,282,1,1,1,1
495,0532_c0001_000.jpg,532,0,-1,True,175,8550,1.0,1.0,1,175,1,1,1,1
496,0532_c0001_005.jpg,532,0,-1,True,175,8550,1.0,1.0,1,175,1,1,1,1
497,0532_c0001_010.jpg,532,0,-1,True,175,8550,1.0,1.0,1,175,1,1,1,1
498,0532_c0001_015.jpg,532,0,-1,True,175,8550,1.0,1.0,1,175,1,1,1,1
499,0532_c0001_020.jpg,532,0,-1,True,175,8550,1.0,1.0,1,175,1,1,1,1
500,0532_c0002_000.jpg,532,1,-1,True,175,8550,0.4413248507457216,0.21739130434782608,1,805,1,1,1,1
501,0532_c0002_005.jpg,532,1,-1,True,175,8550,0.4187655407855662,0.2066115702479339,1,847,1,1,1,1
502,0532_c0002_010.jpg,532,1,-1,True,175,8550,0.49612287727329407,0.2198492462311558,1,796,1,1,1,1
503,0532_c0002_015.jpg,532,1,-1,True,175,8550,0.44413269208584505,0.2023121387283237,1,865,1,1,1,1
504,0532_c0002_020.jpg,532,1,-1,True,175,8550,0.4243835487781917,0.21084337349397592,1,830,1,1,1,1
505,0532_c0003_000.jpg,532,2,-1,True,175,8550,0.9399220926776949,0.4768392370572207,1,367,1,1,1,1
506,0532_c0003_005.jpg,532,2,-1,True,175,8550,0.9408408898464264,0.4794520547945205,1,365,1,1,1,1
507,0532_c0003_010.jpg,532,2,-1,True,175,8550,0.9516616804112163,0.5384615384615384,1,325,1,1,1,1
508,0532_c0003_015.jpg,532,2,-1,True,175,8550,0.939540615693303,0.4820936639118457,1,363,1,1,1,1
509,0532_c0003_020.jpg,532,2,-1,True,175,8550,0.9450987816459088,0.5162241887905604,1,339,1,1,1,1
510,0532_c0004_000.jpg,532,3,-1,True,175,8550,0.954958837782162,0.5028735632183908,1,348,1,1,1,1
511,0532_c0004_005.jpg,532,3,-1,True,175,8550,0.9476920304549,0.4861111111111111,1,360,1,1,1,1
512,0532_c0004_010.jpg,532,3,-1,True,175,8550,0.9648400529112834,0.6183745583038869,1,283,1,1,1,1
513,0532_c0004_015.jpg,532,3,-1,True,175,8550,0.9651482375645694,0.691699604743083,1,253,1,1,1,1
514,0532_c0004_020.jpg,532,3,-1,True,175,8550,0.9678979913871958,0.6944444444444444,1,252,1,1,1,1
515,0532_c0005_000.jpg,532,4,-1,True,175,8550,0.9755977811775707,0.6653992395437263,1,263,1,1,1,1
516,0532_c0005_005.jpg,532,4,-1,True,175,8550,0.9813398414450857,0.6756756756756757,1,259,1,1,1,1
517,0532_c0005_010.jpg,532,4,-1,True,175,8550,0.9817255893056488,0.6756756756756757,1,259,1,1,1,1
518,0532_c0005_015.jpg,532,4,-1,True,175,8550,0.9797887296449582,0.6730769230769231,1,260,1,1,1,1
519,0532_c0005_020.jpg,532,4,-1,True,175,8550,0.9784203295179543,0.6554307116104869,1,267,1,1,1,1
520,0532_c0006_000.jpg,532,5,-1,True,175,8550,0.983235780313455,0.875,1,200,1,1,1,1
521,0532_c0006_005.jpg,532,5,-1,True,175,8550,0.9996816954432377,0.9615384615384616,1,182,1,1,1,1
522,0532_c0006_010.jpg,532,5,-1,True,175,8550,0.99323328636449,0.8838383838383839,1,198,1,1,1,1
523,0532_c0006_015.jpg,532,5,-1,True,175,8550,0.9971551361898371,0.9067357512953368,1,193,1,1,1,1
524,0532_c0006_020.jpg,532,5,-1,True,175,8550,0.9834687548488089,0.875,1,200,1,1,1,1
525,0532_c0007_000.jpg,532,6,-1,True,175,8550,0.9972400247891529,0.8838383838383839,1,198,1,1,1,1
526,0532_c0007_005.jpg,532,6,-1,True,175,8550,0.9855273886322065,0.7777777777777778,1,225,1,1,1,1
527,0532_c0007_010.jpg,532,6,-1,True,175,8550,0.9892598572339023,0.813953488372093,1,215,1,1,1,1
528,0532_c0007_015.jpg,532,6,-1,True,175,8550,0.995016220582688,0.8620689655172413,1,203,1,1,1,1
529,0532_c0007_020.jpg,532,6,-1,True,175,8550,0.997500658784369,0.8883248730964467,1,197,1,1,1,1
530,0532_c0008_000.jpg,532,7,-1,True,175,8550,0.8819919357921867,0.1583710407239819,1,1105,1,1,1,1
531,0532_c0008_005.jpg,532,7,-1,True,175,8550,0.880895750018899,0.15737410071942445,1,1112,1,1,1,1
532,0532_c0008_010.jpg,532,7,-1,True,175,8550,0.8832489716777224,0.17006802721088435,1,1029,1,1,1,1
533,0532_c0008_015.jpg,532,7,-1,True,175,8550,0.88105728058914,0.15967153284671534,1,1096,1,1,1,1
534,0532_c0008_020.jpg,532,7,-1,True,175,8550,0.8859898303160955,0.18041237113402062,1,970,1,1,1,1
535,0534_c0001_000.jpg,534,0,-1,True,150,8550,1.0,1.0,1,150,1,1,1,1
536,0534_c0001_005.jpg,534,0,-1,True,150,8550,1.0,1.0,1,150,1,1,1,1
537,0534_c0001_010.jpg,534,0,-1,True,150,8550,1.0,1.0,1,150,1,1,1,1
538,0534_c0001_015.jpg,534,0,-1,True,150,8550,1.0,1.0,1,150,1,1,1,1
539,0534_c0001_020.jpg,534,0,-1,True,150,8550,1.0,1.0,1,150,1,1,1,1
540,0534_c0002_000.jpg,534,1,-1,True,150,8550,1.0,1.0,1,150,1,1,1,1
541,0534_c0002_005.jpg,534,1,-1,True,150,8550,1.0,1.0,1,150,1,1,1,1
542,0534_c0002_010.jpg,534,1,-1,True,150,8550,1.0,1.0,1,150,1,1,1,1
543,0534_c0002_015.jpg,534,1,-1,True,150,8550,1.0,1.0,1,150,1,1,1,1
544,0534_c0002_020.jpg,534,1,-1,True,150,8550,1.0,1.0,1,150,1,1,1,1
545,0534_c0004_000.jpg,534,3,-1,True,150,8550,1.0,1.0,1,150,1,1,1,1
546,0534_c0004_005.jpg,534,3,-1,True,150,8550,1.0,1.0,1,150,1,1,1,1
547,0534_c0004_010.jpg,534,3,-1,True,150,8550,1.0,1.0,1,150,1,1,1,1
548,0534_c0004_015.jpg,534,3,-1,True,150,8550,1.0,1.0,1,150,1,1,1,1
549,0534_c0004_020.jpg,534,3,-1,True,150,8550,1.0,1.0,1,150,1,1,1,1
550,0534_c0005_000.jpg,534,4,-1,True,150,8550,1.0,1.0,1,150,1,1,1,1
551,0534_c0005_005.jpg,534,4,-1,True,150,8550,1.0,1.0,1,150,1,1,1,1
552,0534_c0005_010.jpg,534,4,-1,True,150,8550,1.0,1.0,1,150,1,1,1,1
553,0534_c0005_015.jpg,534,4,-1,True,150,8550,1.0,1.0,1,150,1,1,1,1
554,0534_c0005_020.jpg,534,4,-1,True,150,8550,1.0,1.0,1,150,1,1,1,1
555,0534_c0006_000.jpg,534,5,-1,True,150,8550,1.0,1.0,1,150,1,1,1,1
556,0534_c0006_005.jpg,534,5,-1,True,150,8550,1.0,1.0,1,150,1,1,1,1
557,0534_c0006_010.jpg,534,5,-1,True,150,8550,1.0,1.0,1,150,1,1,1,1
558,0534_c0006_015.jpg,534,5,-1,True,150,8550,1.0,1.0,1,150,1,1,1,1
559,0534_c0006_020.jpg,534,5,-1,True,150,8550,1.0,1.0,1,150,1,1,1,1
560,0534_c0007_000.jpg,534,6,-1,True,150,8550,1.0,1.0,1,150,1,1,1,1
561,0534_c0007_005.jpg,534,6,-1,True,150,8550,1.0,1.0,1,150,1,1,1,1
562,0534_c0007_010.jpg,534,6,-1,True,150,8550,1.0,1.0,1,150,1,1,1,1
563,0534_c0007_015.jpg,534,6,-1,True,150,8550,1.0,1.0,1,150,1,1,1,1
564,0534_c0007_020.jpg,534,6,-1,True,150,8550,1.0,1.0,1,150,1,1,1,1
565,0534_c0008_000.jpg,534,7,-1,True,150,8550,1.0,1.0,1,150,1,1,1,1
566,0534_c0008_005.jpg,534,7,-1,True,150,8550,1.0,1.0,1,150,1,1,1,1
567,0534_c0008_010.jpg,534,7,-1,True,150,8550,1.0,1.0,1,150,1,1,1,1
568,0534_c0008_015.jpg,534,7,-1,True,150,8550,1.0,1.0,1,150,1,1,1,1
569,0534_c0008_020.jpg,534,7,-1,True,150,8550,1.0,1.0,1,150,1,1,1,1
570,0536_c0001_000.jpg,536,0,-1,True,75,8550,0.4696922121300571,0.16129032258064516,1,465,1,1,1,1
571,0536_c0001_005.jpg,536,0,-1,True,75,8550,0.4812715093771744,0.16519823788546256,1,454,1,1,1,1
572,0536_c0001_010.jpg,536,0,-1,True,75,8550,0.49978096347135315,0.17006802721088435,1,441,1,1,1,1
573,0536_c0001_015.jpg,536,0,-1,True,75,8550,0.47990671646597993,0.16666666666666666,1,450,1,1,1,1
574,0536_c0001_020.jpg,536,0,-1,True,75,8550,0.48321007220590834,0.17123287671232876,1,438,1,1,1,1
575,0536_c0002_000.jpg,536,1,-1,True,75,8550,0.4905007514678806,0.26501766784452296,1,283,1,1,1,1
576,0536_c0002_005.jpg,536,1,-1,True,75,8550,0.5000816094872776,0.25773195876288657,1,291,1,1,1,1
577,0536_c0002_010.jpg,536,1,-1,True,75,8550,0.484916251826092,0.21613832853025935,1,347,1,1,1,1
578,0536_c0002_015.jpg,536,1,-1,True,75,8550,0.5023488417295624,0.30991735537190085,1,242,1,1,1,1
579,0536_c0002_020.jpg,536,1,-1,True,75,8550,0.512047228572047,0.2808988764044944,1,267,1,1,1,1
580,0536_c0005_000.jpg,536,4,-1,True,75,8550,0.6277282586126771,0.26501766784452296,1,283,1,1,1,1
581,0536_c0005_005.jpg,536,4,-1,True,75,8550,0.6078760215680682,0.28957528957528955,1,259,1,1,1,1
582,0536_c0005_010.jpg,536,4,-1,True,75,8550,0.6170774259591334,0.3191489361702128,1,235,1,1,1,1
583,0536_c0005_015.jpg,536,4,-1,True,75,8550,0.6306518387507363,0.26223776223776224,1,286,1,1,1,1
584,0536_c0005_020.jpg,536,4,-1,True,75,8550,0.5976911756696546,0.23219814241486067,1,323,1,1,1,1
585,0536_c0006_000.jpg,536,5,-1,True,75,8550,0.13814267945847586,0.09036144578313253,27,830,0,0,0,0
586,0536_c0006_005.jpg,536,5,-1,True,75,8550,0.13476264213261102,0.10822510822510822,22,693,0,0,0,0
587,0536_c0006_010.jpg,536,5,-1,True,75,8550,0.1715373107289829,0.11885895404120443,26,631,0,0,0,0
588,0536_c0006_015.jpg,536,5,-1,True,75,8550,0.20289827943677735,0.13416815742397137,6,559,0,0,1,1
589,0536_c0006_020.jpg,536,5,-1,True,75,8550,0.1780005154427962,0.12562814070351758,21,597,0,0,0,0
590,0538_c0001_000.jpg,538,0,-1,True,175,8550,0.9037967127998621,0.5952380952380952,1,294,1,1,1,1
591,0538_c0001_005.jpg,538,0,-1,True,175,8550,0.8255197503656424,0.546875,1,320,1,1,1,1
592,0538_c0001_010.jpg,538,0,-1,True,175,8550,0.923868508069484,0.68359375,1,256,1,1,1,1
593,0538_c0001_015.jpg,538,0,-1,True,175,8550,0.9131033503736147,0.541795665634675,1,323,1,1,1,1
594,0538_c0001_020.jpg,538,0,-1,True,175,8550,0.912168066450814,0.6340579710144928,1,276,1,1,1,1
595,0538_c0002_000.jpg,538,1,-1,True,175,8550,0.6520335272852622,0.19796380090497737,1,884,1,1,1,1
596,0538_c0002_005.jpg,538,1,-1,True,175,8550,0.6605202981034006,0.22123893805309736,6,791,0,0,1,1
597,0538_c0002_010.jpg,538,1,-1,True,175,8550,0.6408465790442689,0.18796992481203006,1,931,1,1,1,1
598,0538_c0002_015.jpg,538,1,-1,True,175,8550,0.6780770166378218,0.18324607329842932,1,955,1,1,1,1
599,0538_c0002_020.jpg,538,1,-1,True,175,8550,0.708212388142225,0.1715686274509804,1,1020,1,1,1,1
600,0538_c0003_000.jpg,538,2,-1,True,175,8550,0.8076720605289821,0.40045766590389015,1,437,1,1,1,1
601,0538_c0003_005.jpg,538,2,-1,True,175,8550,0.8985567744622309,0.45454545454545453,1,385,1,1,1,1
602,0538_c0003_010.jpg,538,2,-1,True,175,8550,0.8972087451744399,0.43859649122807015,1,399,1,1,1,1
603,0538_c0003_015.jpg,538,2,-1,True,175,8550,0.9410593451642415,0.5303030303030303,1,330,1,1,1,1
604,0538_c0003_020.jpg,538,2,-1,True,175,8550,0.9697076730223132,0.6756756756756757,1,259,1,1,1,1
605,0538_c0004_000.jpg,538,3,-1,True,175,8550,0.8988622861106926,0.44191919191919193,1,396,1,1,1,1
606,0538_c0004_005.jpg,538,3,-1,True,175,8550,0.8530377988914993,0.35714285714285715,1,490,1,1,1,1
607,0538_c0004_010.jpg,538,3,-1,True,175,8550,0.8613814739069189,0.373134328358209,1,469,1,1,1,1
608,0538_c0004_015.jpg,538,3,-1,True,175,8550,0.8777485142903584,0.38209606986899564,1,458,1,1,1,1
609,0538_c0004_020.jpg,538,3,-1,True,175,8550,0.8720746161222096,0.37553648068669526,1,466,1,1,1,1
610,0538_c0005_000.jpg,538,4,-1,True,175,8550,0.7120704333323928,0.2229299363057325,1,785,1,1,1,1
611,0538_c0005_005.jpg,538,4,-1,True,175,8550,0.644934379628454,0.20138089758342922,1,869,1,1,1,1
612,0538_c0005_010.jpg,538,4,-1,True,175,8550,0.6047363448982879,0.17535070140280562,1,998,1,1,1,1
613,0538_c0005_015.jpg,538,4,-1,True,175,8550,0.68937978533203,0.20184544405997693,1,867,1,1,1,1
614,0538_c0005_020.jpg,538,4,-1,True,175,8550,0.6894737016808681,0.1959686450167973,1,893,1,1,1,1
615,0538_c0006_000.jpg,538,5,-1,True,175,8550,0.8589122599124799,0.20883054892601433,1,838,1,1,1,1
616,0538_c0006_005.jpg,538,5,-1,True,175,8550,0.8334927259041813,0.1734390485629336,1,1009,1,1,1,1
617,0538_c0006_010.jpg,538,5,-1,True,175,8550,0.8376047293653349,0.1720747295968535,1,1017,1,1,1,1
618,0538_c0006_015.jpg,538,5,-1,True,175,8550,0.8383663527040991,0.18153526970954356,1,964,1,1,1,1
619,0538_c0006_020.jpg,538,5,-1,True,175,8550,0.9309580697580125,0.24475524475524477,1,715,1,1,1,1
620,0538_c0007_000.jpg,538,6,-1,True,175,8550,0.8253055495929468,0.33081285444234404,1,529,1,1,1,1
621,0538_c0007_005.jpg,538,6,-1,True,175,8550,0.8128599601871535,0.33460803059273425,1,523,1,1,1,1
622,0538_c0007_010.jpg,538,6,-1,True,175,8550,0.7946722025910559,0.28594771241830064,1,612,1,1,1,1
623,0538_c0007_015.jpg,538,6,-1,True,175,8550,0.8057057827685405,0.3125,1,560,1,1,1,1
624,0538_c0007_020.jpg,538,6,-1,True,175,8550,0.8876413817275608,0.330188679245283,1,530,1,1,1,1
625,0538_c0008_000.jpg,538,7,-1,True,175,8550,0.892023779197492,0.4098360655737705,1,427,1,1,1,1
626,0538_c0008_005.jpg,538,7,-1,True,175,8550,0.8823789458986104,0.39325842696629215,1,445,1,1,1,1
627,0538_c0008_010.jpg,538,7,-1,True,175,8550,0.885785287238223,0.3968253968253968,1,441,1,1,1,1
628,0538_c0008_015.jpg,538,7,-1,True,175,8550,0.8573725805936835,0.41273584905660377,1,424,1,1,1,1
629,0538_c0008_020.jpg,538,7,-1,True,175,8550,0.8467566860012019,0.4060324825986079,1,431,1,1,1,1
630,0540_c0001_000.jpg,540,0,-1,True,175,8550,0.7174297563388673,0.3017241379310345,1,580,1,1,1,1
631,0540_c0001_005.jpg,540,0,-1,True,175,8550,0.6658546318679435,0.2921535893155259,1,599,1,1,1,1
632,0540_c0001_010.jpg,540,0,-1,True,175,8550,0.6069074832193213,0.2795527156549521,1,626,1,1,1,1
633,0540_c0001_015.jpg,540,0,-1,True,175,8550,0.6583412582150925,0.2966101694915254,1,590,1,1,1,1
634,0540_c0001_020.jpg,540,0,-1,True,175,8550,0.5821489608131716,0.28180354267310787,1,621,1,1,1,1
635,0540_c0002_000.jpg,540,1,-1,True,175,8550,0.383932938907819,0.13157894736842105,1,1330,1,1,1,1
636,0540_c0002_005.jpg,540,1,-1,True,175,8550,0.4042423581639766,0.12580877066858376,1,1391,1,1,1,1
637,0540_c0002_010.jpg,540,1,-1,True,175,8550,0.42545338265854526,0.14147130153597412,1,1237,1,1,1,1
638,0540_c0002_015.jpg,540,1,-1,True,175,8550,0.33038498226599355,0.09599561162918267,1,1823,1,1,1,1
639,0540_c0002_020.jpg,540,1,-1,True,175,8550,0.3595229861375893,0.11784511784511785,1,1485,1,1,1,1
640,0540_c0003_000.jpg,540,2,-1,True,175,8550,0.9434537715041929,0.41371158392434987,1,423,1,1,1,1
641,0540_c0003_005.jpg,540,2,-1,True,175,8550,0.943396014884297,0.3528225806451613,1,496,1,1,1,1
642,0540_c0003_010.jpg,540,2,-1,True,175,8550,0.9645695129603336,0.43640897755610975,1,401,1,1,1,1
643,0540_c0003_015.jpg,540,2,-1,True,175,8550,0.9355976343954405,0.31362007168458783,1,558,1,1,1,1
644,0540_c0003_020.jpg,540,2,-1,True,175,8550,0.9510748529281481,0.3593429158110883,1,487,1,1,1,1
645,0540_c0004_000.jpg,540,3,-1,True,175,8550,0.7825610836113854,0.11904761904761904,1,1470,1,1,1,1
646,0540_c0004_005.jpg,540,3,-1,True,175,8550,0.891696601953519,0.1714005876591577,1,1021,1,1,1,1
647,0540_c0004_010.jpg,540,3,-1,True,175,8550,0.9033906754994421,0.19886363636363635,1,880,1,1,1,1
648,0540_c0004_015.jpg,540,3,-1,True,175,8550,0.9075616256310468,0.1953125,1,896,1,1,1,1
649,0540_c0004_020.jpg,540,3,-1,True,175,8550,0.8302081643036913,0.13565891472868216,1,1290,1,1,1,1
650,0540_c0005_000.jpg,540,4,-1,True,175,8550,0.8700466145969336,0.45103092783505155,1,388,1,1,1,1
651,0540_c0005_005.jpg,540,4,-1,True,175,8550,0.857215609950953,0.45454545454545453,1,385,1,1,1,1
652,0540_c0005_010.jpg,540,4,-1,True,175,8550,0.860482805163745,0.45103092783505155,1,388,1,1,1,1
653,0540_c0005_015.jpg,540,4,-1,True,175,8550,0.8507541227712562,0.40792540792540793,1,429,1,1,1,1
654,0540_c0005_020.jpg,540,4,-1,True,175,8550,0.8531275958661179,0.43103448275862066,1,406,1,1,1,1
655,0540_c0006_000.jpg,540,5,-1,True,175,8550,0.7347259529190395,0.2981260647359455,1,587,1,1,1,1
656,0540_c0006_005.jpg,540,5,-1,True,175,8550,0.7542630291804509,0.36082474226804123,1,485,1,1,1,1
657,0540_c0006_010.jpg,540,5,-1,True,175,8550,0.7352211605038262,0.3141831238779174,1,557,1,1,1,1
658,0540_c0006_015.jpg,540,5,-1,True,175,8550,0.7423377471954984,0.3211009174311927,1,545,1,1,1,1
659,0540_c0006_020.jpg,540,5,-1,True,175,8550,0.7324812770947111,0.3252788104089219,1,538,1,1,1,1
660,0540_c0007_000.jpg,540,6,-1,True,175,8550,0.983926808438191,0.6554307116104869,1,267,1,1,1,1
661,0540_c0007_005.jpg,540,6,-1,True,175,8550,0.9767489799430576,0.7113821138211383,1,246,1,1,1,1
662,0540_c0007_010.jpg,540,6,-1,True,175,8550,0.9608930341767947,0.6410256410256411,1,273,1,1,1,1
663,0540_c0007_015.jpg,540,6,-1,True,175,8550,0.9423391523010348,0.6386861313868614,1,274,1,1,1,1
664,0540_c0007_020.jpg,540,6,-1,True,175,8550,0.987975617853732,0.7383966244725738,1,237,1,1,1,1
665,0540_c0008_000.jpg,540,7,-1,True,175,8550,0.604828514776172,0.1710654936461388,1,1023,1,1,1,1
666,0540_c0008_005.jpg,540,7,-1,True,175,8550,0.6454293773830784,0.20022883295194507,1,874,1,1,1,1
667,0540_c0008_010.jpg,540,7,-1,True,175,8550,0.6499617830817466,0.214987714987715,1,814,1,1,1,1
668,0540_c0008_015.jpg,540,7,-1,True,175,8550,0.628571266220388,0.19931662870159453,1,878,1,1,1,1
669,0540_c0008_020.jpg,540,7,-1,True,175,8550,0.6216707406699996,0.19886363636363635,1,880,1,1,1,1
670,0542_c0001_000.jpg,542,0,-1,True,150,8550,0.5297132252395222,0.04426084390675716,1,3389,1,1,1,1
671,0542_c0001_005.jpg,542,0,-1,True,150,8550,0.504547942897627,0.03672869735553379,1,4084,1,1,1,1
672,0542_c0001_010.jpg,542,0,-1,True,150,8550,0.5271952291645806,0.03998933617701946,1,3751,1,1,1,1
673,0542_c0001_015.jpg,542,0,-1,True,150,8550,0.5548288903266955,0.039032006245121,1,3843,1,1,1,1
674,0542_c0001_020.jpg,542,0,-1,True,150,8550,0.5373634123739386,0.03885003885003885,1,3861,1,1,1,1
675,0542_c0002_000.jpg,542,1,-1,True,150,8550,0.6123775283863773,0.26223776223776224,1,572,1,1,1,1
676,0542_c0002_005.jpg,542,1,-1,True,150,8550,0.6458297947207047,0.3125,1,480,1,1,1,1
677,0542_c0002_010.jpg,542,1,-1,True,150,8550,0.6819138121030021,0.33185840707964603,1,452,1,1,1,1
678,0542_c0002_015.jpg,542,1,-1,True,150,8550,0.6066719737888252,0.3282275711159737,1,457,1,1,1,1
679,0542_c0002_020.jpg,542,1,-1,True,150,8550,0.6229807971695254,0.3105590062111801,1,483,1,1,1,1
680,0542_c0004_000.jpg,542,3,-1,True,150,8550,0.06297734248826549,0.02414681262073406,73,6212,0,0,0,0
681,0542_c0004_005.jpg,542,3,-1,True,150,8550,0.06523712992174913,0.024170157911698357,67,6206,0,0,0,0
682,0542_c0004_010.jpg,542,3,-1,True,150,8550,0.06052919453625414,0.02461437479488021,76,6094,0,0,0,0
683,0542_c0004_015.jpg,542,3,-1,True,150,8550,0.05980587155974811,0.024537870112874203,82,6113,0,0,0,0
684,0542_c0004_020.jpg,542,3,-1,True,150,8550,0.06462575592838071,0.02390438247011952,78,6275,0,0,0,0
685,0542_c0005_000.jpg,542,4,-1,True,150,8550,0.4542643160469139,0.030662305805396566,1,4892,1,1,1,1
686,0542_c0005_005.jpg,542,4,-1,True,150,8550,0.44826598356477715,0.028285875919290968,1,5303,1,1,1,1
687,0542_c0005_010.jpg,542,4,-1,True,150,8550,0.4356015730335408,0.02861503243037009,1,5242,1,1,1,1
688,0542_c0005_015.jpg,542,4,-1,True,150,8550,0.43347545751324273,0.028790786948176585,1,5210,1,1,1,1
689,0542_c0005_020.jpg,542,4,-1,True,150,8550,0.4667992642198332,0.03229278794402583,1,4645,1,1,1,1
690,0542_c0006_000.jpg,542,5,-1,True,150,8550,0.5749889370850232,0.04311583788444955,1,3479,1,1,1,1
691,0542_c0006_005.jpg,542,5,-1,True,150,8550,0.6117242320568917,0.04355400696864112,1,3444,1,1,1,1
692,0542_c0006_010.jpg,542,5,-1,True,150,8550,0.5730643391136275,0.04466944609886837,1,3358,1,1,1,1
693,0542_c0006_015.jpg,542,5,-1,True,150,8550,0.5866803346823626,0.04401408450704225,1,3408,1,1,1,1
694,0542_c0006_020.jpg,542,5,-1,True,150,8550,0.592978917275954,0.04655493482309125,1,3222,1,1,1,1
695,0542_c0007_000.jpg,542,6,-1,True,150,8550,0.6140940365534169,0.04595588235294118,1,3264,1,1,1,1
696,0542_c0007_005.jpg,542,6,-1,True,150,8550,0.5347930465421055,0.0509683995922528,1,2943,1,1,1,1
697,0542_c0007_010.jpg,542,6,-1,True,150,8550,0.6185950752542371,0.052521008403361345,1,2856,1,1,1,1
698,0542_c0007_015.jpg,542,6,-1,True,150,8550,0.5678769036981397,0.05305978068623983,1,2827,1,1,1,1
699,0542_c0007_020.jpg,542,6,-1,True,150,8550,0.6166263239985729,0.05393743257820928,1,2781,1,1,1,1
700,0542_c0008_000.jpg,542,7,-1,True,150,8550,0.22325994936826576,0.023459493274945262,1,6394,1,1,1,1
701,0542_c0008_005.jpg,542,7,-1,True,150,8550,0.19550320914117272,0.02424830261881668,1,6186,1,1,1,1
702,0542_c0008_010.jpg,542,7,-1,True,150,8550,0.13563690509116286,0.024875621890547265,2,6030,0,1,1,1
703,0542_c0008_015.jpg,542,7,-1,True,150,8550,0.13919359639153436,0.025737817433081674,1,5828,1,1,1,1
704,0542_c0008_020.jpg,542,7,-1,True,150,8550,0.17111482675899228,0.025385005923168048,1,5909,1,1,1,1
705,0544_c0001_000.jpg,544,0,-1,True,150,8550,0.695461941245966,0.3232758620689655,1,464,1,1,1,1
706,0544_c0001_005.jpg,544,0,-1,True,150,8550,0.7813957366537492,0.4098360655737705,1,366,1,1,1,1
707,0544_c0001_010.jpg,544,0,-1,True,150,8550,0.768474919975313,0.45180722891566266,1,332,1,1,1,1
708,0544_c0001_015.jpg,544,0,-1,True,150,8550,0.770640847070015,0.4,1,375,1,1,1,1
709,0544_c0001_020.jpg,544,0,-1,True,150,8550,0.7296774274330687,0.43478260869565216,1,345,1,1,1,1
710,0544_c0002_000.jpg,544,1,-1,True,150,8550,0.8959292676461458,0.7075471698113207,1,212,1,1,1,1
711,0544_c0002_005.jpg,544,1,-1,True,150,8550,0.8668292836049564,0.7109004739336493,1,211,1,1,1,1
712,0544_c0002_010.jpg,544,1,-1,True,150,8550,0.8356574448205852,0.6637168141592921,1,226,1,1,1,1
713,0544_c0002_015.jpg,544,1,-1,True,150,8550,0.8302305942948816,0.6976744186046512,1,215,1,1,1,1
714,0544_c0002_020.jpg,544,1,-1,True,150,8550,0.8082044356112241,0.746268656716418,1,201,1,1,1,1
715,0544_c0003_000.jpg,544,2,-1,True,150,8550,0.9774094434684277,0.75,1,200,1,1,1,1
716,0544_c0003_005.jpg,544,2,-1,True,150,8550,0.9855707550251951,0.847457627118644,1,177,1,1,1,1
717,0544_c0003_010.jpg,544,2,-1,True,150,8550,0.9879039883950641,0.8379888268156425,1,179,1,1,1,1
718,0544_c0003_015.jpg,544,2,-1,True,150,8550,0.985688336515826,0.8241758241758241,1,182,1,1,1,1
719,0544_c0003_020.jpg,544,2,-1,True,150,8550,0.9776524930024857,0.8379888268156425,1,179,1,1,1,1
720,0544_c0005_000.jpg,544,4,-1,True,150,8550,0.9969918576104658,0.8670520231213873,1,173,1,1,1,1
721,0544_c0005_005.jpg,544,4,-1,True,150,8550,0.9947962407944452,0.6787330316742082,1,221,1,1,1,1
722,0544_c0005_010.jpg,544,4,-1,True,150,8550,0.992407395132387,0.8152173913043478,1,184,1,1,1,1
723,0544_c0005_015.jpg,544,4,-1,True,150,8550,0.988925511575749,0.6,1,250,1,1,1,1
724,0544_c0005_020.jpg,544,4,-1,True,150,8550,0.9973336365926767,0.8241758241758241,1,182,1,1,1,1
725,0544_c0006_000.jpg,544,5,-1,True,150,8550,1.0,1.0,1,150,1,1,1,1
726,0544_c0006_005.jpg,544,5,-1,True,150,8550,1.0,1.0,1,150,1,1,1,1
727,0544_c0006_010.jpg,544,5,-1,True,150,8550,1.0,1.0,1,150,1,1,1,1
728,0544_c0006_015.jpg,544,5,-1,True,150,8550,1.0,1.0,1,150,1,1,1,1
729,0544_c0006_020.jpg,544,5,-1,True,150,8550,1.0,1.0,1,150,1,1,1,1
730,0544_c0007_000.jpg,544,6,-1,True,150,8550,0.9955685437983326,0.8928571428571429,1,168,1,1,1,1
731,0544_c0007_005.jpg,544,6,-1,True,150,8550,0.9961152051032685,0.9259259259259259,1,162,1,1,1,1
732,0544_c0007_010.jpg,544,6,-1,True,150,8550,0.9946371784198059,0.8928571428571429,1,168,1,1,1,1
733,0544_c0007_015.jpg,544,6,-1,True,150,8550,0.9856384241952945,0.8333333333333334,1,180,1,1,1,1
734,0544_c0007_020.jpg,544,6,-1,True,150,8550,0.9983487596824818,0.9433962264150944,1,159,1,1,1,1
735,0544_c0008_000.jpg,544,7,-1,True,150,8550,1.0,1.0,1,150,1,1,1,1
736,0544_c0008_005.jpg,544,7,-1,True,150,8550,1.0,1.0,1,150,1,1,1,1
737,0544_c0008_010.jpg,544,7,-1,True,150,8550,1.0,1.0,1,150,1,1,1,1
738,0544_c0008_015.jpg,544,7,-1,True,150,8550,1.0,1.0,1,150,1,1,1,1
739,0544_c0008_020.jpg,544,7,-1,True,150,8550,1.0,1.0,1,150,1,1,1,1
740,0546_c0002_000.jpg,546,1,-1,True,75,8550,0.878866751304217,0.6,1,125,1,1,1,1
741,0546_c0002_005.jpg,546,1,-1,True,75,8550,0.893157351863291,0.6198347107438017,1,121,1,1,1,1
742,0546_c0002_010.jpg,546,1,-1,True,75,8550,0.9299617637820933,0.75,1,100,1,1,1,1
743,0546_c0002_015.jpg,546,1,-1,True,75,8550,0.9462665763565875,0.7575757575757576,1,99,1,1,1,1
744,0546_c0002_020.jpg,546,1,-1,True,75,8550,0.9171697526405392,0.75,1,100,1,1,1,1
745,0546_c0004_000.jpg,546,3,-1,True,75,8550,1.0,1.0,1,75,1,1,1,1
746,0546_c0004_005.jpg,546,3,-1,True,75,8550,1.0,1.0,1,75,1,1,1,1
747,0546_c0004_010.jpg,546,3,-1,True,75,8550,1.0,1.0,1,75,1,1,1,1
748,0546_c0004_015.jpg,546,3,-1,True,75,8550,1.0,1.0,1,75,1,1,1,1
749,0546_c0004_020.jpg,546,3,-1,True,75,8550,1.0,1.0,1,75,1,1,1,1
750,0546_c0007_000.jpg,546,6,-1,True,75,8550,1.0,1.0,1,75,1,1,1,1
751,0546_c0007_005.jpg,546,6,-1,True,75,8550,1.0,1.0,1,75,1,1,1,1
752,0546_c0007_010.jpg,546,6,-1,True,75,8550,1.0,1.0,1,75,1,1,1,1
753,0546_c0007_015.jpg,546,6,-1,True,75,8550,1.0,1.0,1,75,1,1,1,1
754,0546_c0007_020.jpg,546,6,-1,True,75,8550,1.0,1.0,1,75,1,1,1,1
755,0546_c0008_000.jpg,546,7,-1,True,75,8550,0.7978591228350658,0.3456221198156682,1,217,1,1,1,1
756,0546_c0008_005.jpg,546,7,-1,True,75,8550,0.8113511655254245,0.40106951871657753,1,187,1,1,1,1
757,0546_c0008_010.jpg,546,7,-1,True,75,8550,0.8209186196203815,0.45180722891566266,1,166,1,1,1,1
758,0546_c0008_015.jpg,546,7,-1,True,75,8550,0.8074751873977828,0.41899441340782123,1,179,1,1,1,1
759,0546_c0008_020.jpg,546,7,-1,True,75,8550,0.9270769659585443,0.6410256410256411,1,117,1,1,1,1
760,0548_c0001_000.jpg,548,0,-1,True,125,8550,0.46263863175749026,0.09238728750923873,1,1353,1,1,1,1
761,0548_c0001_005.jpg,548,0,-1,True,125,8550,0.3499467243318004,0.0744047619047619,1,1680,1,1,1,1
762,0548_c0001_010.jpg,548,0,-1,True,125,8550,0.4986192995198109,0.09541984732824428,1,1310,1,1,1,1
763,0548_c0001_015.jpg,548,0,-1,True,125,8550,0.5023570445080001,0.08680555555555555,1,1440,1,1,1,1
764,0548_c0001_020.jpg,548,0,-1,True,125,8550,0.5068286034032884,0.09300595238095238,1,1344,1,1,1,1
765,0548_c0002_000.jpg,548,1,-1,True,125,8550,0.20833998820372548,0.1497005988023952,50,835,0,0,0,0
766,0548_c0002_005.jpg,548,1,-1,True,125,8550,0.17908890791122187,0.15943877551020408,72,784,0,0,0,0
767,0548_c0002_010.jpg,548,1,-1,True,125,8550,0.21919125700374098,0.15802781289506954,43,791,0,0,0,0
768,0548_c0002_015.jpg,548,1,-1,True,125,8550,0.23738353402804488,0.15723270440251572,41,795,0,0,0,0
769,0548_c0002_020.jpg,548,1,-1,True,125,8550,0.28322055754033854,0.18684603886397608,26,669,0,0,0,0
770,0548_c0003_000.jpg,548,2,-1,True,125,8550,0.4183933090558922,0.31565656565656564,1,396,1,1,1,1
771,0548_c0003_005.jpg,548,2,-1,True,125,8550,0.4208275010659343,0.3071253071253071,1,407,1,1,1,1
772,0548_c0003_010.jpg,548,2,-1,True,125,8550,0.41350647425427584,0.31017369727047145,1,403,1,1,1,1
773,0548_c0003_015.jpg,548,2,-1,True,125,8550,0.44555891422280236,0.3026634382566586,1,413,1,1,1,1
774,0548_c0003_020.jpg,548,2,-1,True,125,8550,0.4312937613926543,0.3026634382566586,1,413,1,1,1,1
775,0548_c0005_000.jpg,548,4,-1,True,125,8550,0.9391521149448276,0.43859649122807015,1,285,1,1,1,1
776,0548_c0005_005.jpg,548,4,-1,True,125,8550,0.918590887974883,0.32722513089005234,1,382,1,1,1,1
777,0548_c0005_010.jpg,548,4,-1,True,125,8550,0.889566211717283,0.20458265139116202,1,611,1,1,1,1
778,0548_c0005_015.jpg,548,4,-1,True,125,8550,0.8849512264287981,0.19230769230769232,1,650,1,1,1,1
779,0548_c0005_020.jpg,548,4,-1,True,125,8550,0.9048403788550886,0.2376425855513308,1,526,1,1,1,1
780,0548_c0006_000.jpg,548,5,-1,True,125,8550,0.8493777896184678,0.6544502617801047,1,191,1,1,1,1
781,0548_c0006_005.jpg,548,5,-1,True,125,8550,0.846560413288581,0.6188118811881188,1,202,1,1,1,1
782,0548_c0006_010.jpg,548,5,-1,True,125,8550,0.7664096498172214,0.5707762557077626,1,219,1,1,1,1
783,0548_c0006_015.jpg,548,5,-1,True,125,8550,0.819174357855957,0.628140703517588,1,199,1,1,1,1
784,0548_c0006_020.jpg,548,5,-1,True,125,8550,0.8155705867791807,0.6476683937823834,1,193,1,1,1,1
785,0548_c0007_000.jpg,548,6,-1,True,125,8550,0.7700168312691138,0.2735229759299781,1,457,1,1,1,1
786,0548_c0007_005.jpg,548,6,-1,True,125,8550,0.778598636221095,0.31887755102040816,1,392,1,1,1,1
787,0548_c0007_010.jpg,548,6,-1,True,125,8550,0.7211524714772903,0.1968503937007874,1,635,1,1,1,1
788,0548_c0007_015.jpg,548,6,-1,True,125,8550,0.7885476437832926,0.2796420581655481,1,447,1,1,1,1
789,0548_c0007_020.jpg,548,6,-1,True,125,8550,0.7355089981571553,0.2332089552238806,1,536,1,1,1,1
790,0550_c0001_000.jpg,550,0,-1,True,175,8550,0.46389291065310717,0.211864406779661,1,826,1,1,1,1
791,0550_c0001_005.jpg,550,0,-1,True,175,8550,0.47160724169685847,0.21341463414634146,1,820,1,1,1,1
792,0550_c0001_010.jpg,550,0,-1,True,175,8550,0.4654814862718565,0.212636695018226,1,823,1,1,1,1
793,0550_c0001_015.jpg,550,0,-1,True,175,8550,0.5032139220544696,0.20908004778972522,1,837,1,1,1,1
794,0550_c0001_020.jpg,550,0,-1,True,175,8550,0.4892869294644983,0.21058965102286403,1,831,1,1,1,1
795,0550_c0002_000.jpg,550,1,-1,True,175,8550,0.6070676787779062,0.315884476534296,1,554,1,1,1,1
796,0550_c0002_005.jpg,550,1,-1,True,175,8550,0.6064038369423219,0.28501628664495116,1,614,1,1,1,1
797,0550_c0002_010.jpg,550,1,-1,True,175,8550,0.5432000580677505,0.25547445255474455,1,685,1,1,1,1
798,0550_c0002_015.jpg,550,1,-1,True,175,8550,0.5237694306289381,0.2892561983471074,1,605,1,1,1,1
799,0550_c0002_020.jpg,550,1,-1,True,175,8550,0.5371105988618188,0.2514367816091954,1,696,1,1,1,1
800,0550_c0003_000.jpg,550,2,-1,True,175,8550,0.3630112633430363,0.2004581901489118,1,873,1,1,1,1
801,0550_c0003_005.jpg,550,2,-1,True,175,8550,0.4191438894930491,0.22040302267002518,1,794,1,1,1,1
802,0550_c0003_010.jpg,550,2,-1,True,175,8550,0.36169242552868786,0.20539906103286384,2,852,0,1,1,1
803,0550_c0003_015.jpg,550,2,-1,True,175,8550,0.34969485666996963,0.19553072625698323,3,895,0,1,1,1
804,0550_c0003_020.jpg,550,2,-1,True,175,8550,0.34411064899844906,0.22522522522522523,1,777,1,1,1,1
805,0550_c0004_000.jpg,550,3,-1,True,175,8550,0.6104136198668075,0.40792540792540793,1,429,1,1,1,1
806,0550_c0004_005.jpg,550,3,-1,True,175,8550,0.5235764416485602,0.43103448275862066,3,406,0,1,1,1
807,0550_c0004_010.jpg,550,3,-1,True,175,8550,0.5781679555902947,0.4742547425474255,1,369,1,1,1,1
808,0550_c0004_015.jpg,550,3,-1,True,175,8550,0.5087112529794546,0.43209876543209874,3,405,0,1,1,1
809,0550_c0004_020.jpg,550,3,-1,True,175,8550,0.5552722940232302,0.4098360655737705,1,427,1,1,1,1
810,0550_c0005_000.jpg,550,4,-1,True,175,8550,0.5093927078483176,0.2184769038701623,1,801,1,1,1,1
811,0550_c0005_005.jpg,550,4,-1,True,175,8550,0.6023008302362493,0.24964336661911554,1,701,1,1,1,1
812,0550_c0005_010.jpg,550,4,-1,True,175,8550,0.6531322468754651,0.23712737127371275,1,738,1,1,1,1
813,0550_c0005_015.jpg,550,4,-1,True,175,8550,0.6501056075976759,0.27689873417721517,1,632,1,1,1,1
814,0550_c0005_020.jpg,550,4,-1,True,175,8550,0.5963049632733981,0.2368064952638701,1,739,1,1,1,1
815,0550_c0006_000.jpg,550,5,-1,True,175,8550,0.6443375872526447,0.1794871794871795,1,975,1,1,1,1
816,0550_c0006_005.jpg,550,5,-1,True,175,8550,0.6448823694619604,0.16682554814108674,1,1049,1,1,1,1
817,0550_c0006_010.jpg,550,5,-1,True,175,8550,0.66861202987066,0.1849894291754757,1,946,1,1,1,1
818,0550_c0006_015.jpg,550,5,-1,True,175,8550,0.6755327909161277,0.21820448877805487,1,802,1,1,1,1
819,0550_c0006_020.jpg,550,5,-1,True,175,8550,0.6279028793128314,0.18229166666666666,1,960,1,1,1,1
820,0550_c0007_000.jpg,550,6,-1,True,175,8550,0.5986565241580976,0.3314393939393939,1,528,1,1,1,1
821,0550_c0007_005.jpg,550,6,-1,True,175,8550,0.6044989064183863,0.37393162393162394,1,468,1,1,1,1
822,0550_c0007_010.jpg,550,6,-1,True,175,8550,0.6051335494920368,0.36231884057971014,1,483,1,1,1,1
823,0550_c0007_015.jpg,550,6,-1,True,175,8550,0.60317291339047,0.36231884057971014,1,483,1,1,1,1
824,0550_c0007_020.jpg,550,6,-1,True,175,8550,0.6184348076077192,0.39592760180995473,1,442,1,1,1,1
825,0550_c0008_000.jpg,550,7,-1,True,175,8550,0.6347896388031338,0.3147482014388489,1,556,1,1,1,1
826,0550_c0008_005.jpg,550,7,-1,True,175,8550,0.64209882333415,0.3038194444444444,1,576,1,1,1,1
827,0550_c0008_010.jpg,550,7,-1,True,175,8550,0.6436802498866332,0.29411764705882354,1,595,1,1,1,1
828,0550_c0008_015.jpg,550,7,-1,True,175,8550,0.6448312423382531,0.3125,1,560,1,1,1,1
829,0550_c0008_020.jpg,550,7,-1,True,175,8550,0.6430050382744518,0.3022452504317789,1,579,1,1,1,1
830,0552_c0001_000.jpg,552,0,-1,True,175,8550,0.6502808584492848,0.14767932489451477,1,1185,1,1,1,1
831,0552_c0001_005.jpg,552,0,-1,True,175,8550,0.6507486407460483,0.1435602953240361,1,1219,1,1,1,1
832,0552_c0001_010.jpg,552,0,-1,True,175,8550,0.6393030131713198,0.14309076042518398,1,1223,1,1,1,1
833,0552_c0001_015.jpg,552,0,-1,True,175,8550,0.6352077532867744,0.13555383423702555,1,1291,1,1,1,1
834,0552_c0001_020.jpg,552,0,-1,True,175,8550,0.6029330194205319,0.1222921034241789,1,1431,1,1,1,1
835,0552_c0002_000.jpg,552,1,-1,True,175,8550,0.6536593377484494,0.21212121212121213,1,825,1,1,1,1
836,0552_c0002_005.jpg,552,1,-1,True,175,8550,0.6272178563889019,0.19796380090497737,1,884,1,1,1,1
837,0552_c0002_010.jpg,552,1,-1,True,175,8550,0.713153948452536,0.22551546391752578,1,776,1,1,1,1
838,0552_c0002_015.jpg,552,1,-1,True,175,8550,0.7198941748104932,0.20138089758342922,1,869,1,1,1,1
839,0552_c0002_020.jpg,552,1,-1,True,175,8550,0.6466200604955451,0.19042437431991294,1,919,1,1,1,1
840,0552_c0003_000.jpg,552,2,-1,True,175,8550,1.0,1.0,1,175,1,1,1,1
841,0552_c0003_005.jpg,552,2,-1,True,175,8550,1.0,1.0,1,175,1,1,1,1
842,0552_c0003_010.jpg,552,2,-1,True,175,8550,1.0,1.0,1,175,1,1,1,1
843,0552_c0003_015.jpg,552,2,-1,True,175,8550,1.0,1.0,1,175,1,1,1,1
844,0552_c0003_020.jpg,552,2,-1,True,175,8550,1.0,1.0,1,175,1,1,1,1
845,0552_c0004_000.jpg,552,3,-1,True,175,8550,0.9116713996242239,0.4475703324808184,1,391,1,1,1,1
846,0552_c0004_005.jpg,552,3,-1,True,175,8550,0.8913872815925225,0.3897550111358575,1,449,1,1,1,1
847,0552_c0004_010.jpg,552,3,-1,True,175,8550,0.9628060311826292,0.720164609053498,1,243,1,1,1,1
848,0552_c0004_015.jpg,552,3,-1,True,175,8550,0.8772547332363835,0.4166666666666667,1,420,1,1,1,1
849,0552_c0004_020.jpg,552,3,-1,True,175,8550,0.924157766329218,0.4654255319148936,1,376,1,1,1,1
850,0552_c0005_000.jpg,552,4,-1,True,175,8550,1.0,1.0,1,175,1,1,1,1
851,0552_c0005_005.jpg,552,4,-1,True,175,8550,1.0,1.0,1,175,1,1,1,1
852,0552_c0005_010.jpg,552,4,-1,True,175,8550,1.0,1.0,1,175,1,1,1,1
853,0552_c0005_015.jpg,552,4,-1,True,175,8550,0.9996734480609394,0.9887005649717514,1,177,1,1,1,1
854,0552_c0005_020.jpg,552,4,-1,True,175,8550,0.9954952454909392,0.875,1,200,1,1,1,1
855,0552_c0006_000.jpg,552,5,-1,True,175,8550,0.8635527117435718,0.2827140549273021,1,619,1,1,1,1
856,0552_c0006_005.jpg,552,5,-1,True,175,8550,0.8581360817646756,0.2892561983471074,1,605,1,1,1,1
857,0552_c0006_010.jpg,552,5,-1,True,175,8550,0.8551061411247579,0.28044871794871795,1,624,1,1,1,1
858,0552_c0006_015.jpg,552,5,-1,True,175,8550,0.8564418863491576,0.28135048231511256,1,622,1,1,1,1
859,0552_c0006_020.jpg,552,5,-1,True,175,8550,0.857338203154082,0.2911813643926789,1,601,1,1,1,1
860,0552_c0007_000.jpg,552,6,-1,True,175,8550,0.9284678149624224,0.4257907542579075,1,411,1,1,1,1
861,0552_c0007_005.jpg,552,6,-1,True,175,8550,0.9333608418418629,0.44529262086513993,1,393,1,1,1,1
862,0552_c0007_010.jpg,552,6,-1,True,175,8550,0.9203577423396396,0.4107981220657277,1,426,1,1,1,1
863,0552_c0007_015.jpg,552,6,-1,True,175,8550,0.9160181569040656,0.390625,1,448,1,1,1,1
864,0552_c0007_020.jpg,552,6,-1,True,175,8550,0.9032636607276241,0.33589251439539347,1,521,1,1,1,1
865,0552_c0008_000.jpg,552,7,-1,True,175,8550,0.9238577044653883,0.44416243654822335,1,394,1,1,1,1
866,0552_c0008_005.jpg,552,7,-1,True,175,8550,0.9431283457881052,0.5271084337349398,1,332,1,1,1,1
867,0552_c0008_010.jpg,552,7,-1,True,175,8550,0.9263853907909623,0.44871794871794873,1,390,1,1,1,1
868,0552_c0008_015.jpg,552,7,-1,True,175,8550,0.9315847981513554,0.4807692307692308,1,364,1,1,1,1
869,0552_c0008_020.jpg,552,7,-1,True,175,8550,0.9500048824497606,0.5852842809364549,1,299,1,1,1,1
870,0554_c0001_000.jpg,554,0,-1,True,150,8550,0.9142585843342804,0.45317220543806647,1,331,1,1,1,1
871,0554_c0001_005.jpg,554,0,-1,True,150,8550,0.9082245543208455,0.4155124653739612,1,361,1,1,1,1
872,0554_c0001_010.jpg,554,0,-1,True,150,8550,0.9111544322338758,0.44776119402985076,1,335,1,1,1,1
873,0554_c0001_015.jpg,554,0,-1,True,150,8550,0.9036780134835468,0.3937007874015748,1,381,1,1,1,1
874,0554_c0001_020.jpg,554,0,-1,True,150,8550,0.8976826263371174,0.3856041131105398,1,389,1,1,1,1
875,0554_c0002_000.jpg,554,1,-1,True,150,8550,0.6192163295620413,0.25210084033613445,1,595,1,1,1,1
876,0554_c0002_005.jpg,554,1,-1,True,150,8550,0.604515647679584,0.25295109612141653,1,593,1,1,1,1
877,0554_c0002_010.jpg,554,1,-1,True,150,8550,0.48672942065834834,0.22522522522522523,1,666,1,1,1,1
878,0554_c0002_015.jpg,554,1,-1,True,150,8550,0.4711111115164361,0.21306818181818182,1,704,1,1,1,1
879,0554_c0002_020.jpg,554,1,-1,True,150,8550,0.5602536404353378,0.23622047244094488,1,635,1,1,1,1
880,0554_c0003_000.jpg,554,2,-1,True,150,8550,0.9283333750913857,0.4098360655737705,1,366,1,1,1,1
881,0554_c0003_005.jpg,554,2,-1,True,150,8550,0.9346712956330397,0.45871559633027525,1,327,1,1,1,1
882,0554_c0003_010.jpg,554,2,-1,True,150,8550,0.9173594196350457,0.3875968992248062,1,387,1,1,1,1
883,0554_c0003_015.jpg,554,2,-1,True,150,8550,0.9029147959926191,0.3597122302158273,1,417,1,1,1,1
884,0554_c0003_020.jpg,554,2,-1,True,150,8550,0.9148164727870938,0.42134831460674155,1,356,1,1,1,1
885,0554_c0005_000.jpg,554,4,-1,True,150,8550,0.8490905987927189,0.2857142857142857,1,525,1,1,1,1
886,0554_c0005_005.jpg,554,4,-1,True,150,8550,0.8515609020635518,0.2803738317757009,1,535,1,1,1,1
887,0554_c0005_010.jpg,554,4,-1,True,150,8550,0.8408009949485008,0.26833631484794274,1,559,1,1,1,1
888,0554_c0005_015.jpg,554,4,-1,True,150,8550,0.8456723647553036,0.2742230347349177,1,547,1,1,1,1
889,0554_c0005_020.jpg,554,4,-1,True,150,8550,0.8420936322179837,0.25295109612141653,1,593,1,1,1,1
890,0554_c0006_000.jpg,554,5,-1,True,150,8550,0.9655880440970026,0.7936507936507936,1,189,1,1,1,1
891,0554_c0006_005.jpg,554,5,-1,True,150,8550,0.9703132329822324,0.819672131147541,1,183,1,1,1,1
892,0554_c0006_010.jpg,554,5,-1,True,150,8550,0.9767563167772119,0.8379888268156425,1,179,1,1,1,1
893,0554_c0006_015.jpg,554,5,-1,True,150,8550,0.9694854390167101,0.8064516129032258,1,186,1,1,1,1
894,0554_c0006_020.jpg,554,5,-1,True,150,8550,0.9739778176933149,0.8241758241758241,1,182,1,1,1,1
895,0554_c0007_000.jpg,554,6,-1,True,150,8550,0.7677653260062894,0.3448275862068966,1,435,1,1,1,1
896,0554_c0007_005.jpg,554,6,-1,True,150,8550,0.7381725263134189,0.3488372093023256,1,430,1,1,1,1
897,0554_c0007_010.jpg,554,6,-1,True,150,8550,0.7510723533286631,0.34965034965034963,1,429,1,1,1,1
898,0554_c0007_015.jpg,554,6,-1,True,150,8550,0.7759971864055547,0.3694581280788177,1,406,1,1,1,1
899,0554_c0007_020.jpg,554,6,-1,True,150,8550,0.7992063323380683,0.3937007874015748,1,381,1,1,1,1
900,0554_c0008_000.jpg,554,7,-1,True,150,8550,1.0,1.0,1,150,1,1,1,1
901,0554_c0008_005.jpg,554,7,-1,True,150,8550,1.0,1.0,1,150,1,1,1,1
902,0554_c0008_010.jpg,554,7,-1,True,150,8550,1.0,1.0,1,150,1,1,1,1
903,0554_c0008_015.jpg,554,7,-1,True,150,8550,1.0,1.0,1,150,1,1,1,1
904,0554_c0008_020.jpg,554,7,-1,True,150,8550,1.0,1.0,1,150,1,1,1,1
905,0556_c0001_000.jpg,556,0,-1,True,175,8550,0.8259030437554803,0.4605263157894737,1,380,1,1,1,1
906,0556_c0001_005.jpg,556,0,-1,True,175,8550,0.7964298645089603,0.4257907542579075,1,411,1,1,1,1
907,0556_c0001_010.jpg,556,0,-1,True,175,8550,0.776792225305474,0.39503386004514673,1,443,1,1,1,1
908,0556_c0001_015.jpg,556,0,-1,True,175,8550,0.7877531692126403,0.3472222222222222,1,504,1,1,1,1
909,0556_c0001_020.jpg,556,0,-1,True,175,8550,0.7811185459862424,0.3514056224899598,1,498,1,1,1,1
910,0556_c0002_000.jpg,556,1,-1,True,175,8550,0.8155332520311046,0.25735294117647056,1,680,1,1,1,1
911,0556_c0002_005.jpg,556,1,-1,True,175,8550,0.9000912571528891,0.44191919191919193,1,396,1,1,1,1
912,0556_c0002_010.jpg,556,1,-1,True,175,8550,0.888024636074124,0.44529262086513993,1,393,1,1,1,1
913,0556_c0002_015.jpg,556,1,-1,True,175,8550,0.8368712631317731,0.48746518105849584,1,359,1,1,1,1
914,0556_c0002_020.jpg,556,1,-1,True,175,8550,0.8271983924540057,0.4691689008042895,1,373,1,1,1,1
915,0556_c0003_000.jpg,556,2,-1,True,175,8550,0.982354178491418,0.7990867579908676,1,219,1,1,1,1
916,0556_c0003_005.jpg,556,2,-1,True,175,8550,0.9850201928265354,0.7709251101321586,1,227,1,1,1,1
917,0556_c0003_010.jpg,556,2,-1,True,175,8550,0.9916178131828182,0.7990867579908676,1,219,1,1,1,1
918,0556_c0003_015.jpg,556,2,-1,True,175,8550,0.9945023967964746,0.8333333333333334,1,210,1,1,1,1
919,0556_c0003_020.jpg,556,2,-1,True,175,8550,0.992443123587085,0.7918552036199095,1,221,1,1,1,1
920,0556_c0004_000.jpg,556,3,-1,True,175,8550,0.9664997260281003,0.7608695652173914,1,230,1,1,1,1
921,0556_c0004_005.jpg,556,3,-1,True,175,8550,0.9728068284701973,0.78125,1,224,1,1,1,1
922,0556_c0004_010.jpg,556,3,-1,True,175,8550,0.9845010017808964,0.8027522935779816,1,218,1,1,1,1
923,0556_c0004_015.jpg,556,3,-1,True,175,8550,0.9859795550003816,0.7990867579908676,1,219,1,1,1,1
924,0556_c0004_020.jpg,556,3,-1,True,175,8550,0.9788380872871231,0.8101851851851852,1,216,1,1,1,1
925,0556_c0005_000.jpg,556,4,-1,True,175,8550,0.5741239195756539,0.31876138433515483,1,549,1,1,1,1
926,0556_c0005_005.jpg,556,4,-1,True,175,8550,0.5092277763530724,0.354251012145749,1,494,1,1,1,1
927,0556_c0005_010.jpg,556,4,-1,True,175,8550,0.682517653762898,0.4032258064516129,1,434,1,1,1,1
928,0556_c0005_015.jpg,556,4,-1,True,175,8550,0.6433212710438613,0.37553648068669526,1,466,1,1,1,1
929,0556_c0005_020.jpg,556,4,-1,True,175,8550,0.5749703531550754,0.36382536382536385,1,481,1,1,1,1
930,0556_c0006_000.jpg,556,5,-1,True,175,8550,0.9638510125696309,0.6972111553784861,1,251,1,1,1,1
931,0556_c0006_005.jpg,556,5,-1,True,175,8550,0.9606199479310797,0.6704980842911877,1,261,1,1,1,1
932,0556_c0006_010.jpg,556,5,-1,True,175,8550,0.9746053903070726,0.7743362831858407,1,226,1,1,1,1
933,0556_c0006_015.jpg,556,5,-1,True,175,8550,0.9716816503120956,0.7478632478632479,1,234,1,1,1,1
934,0556_c0006_020.jpg,556,5,-1,True,175,8550,0.966961953596404,0.7,1,250,1,1,1,1
935,0556_c0007_000.jpg,556,6,-1,True,175,8550,0.9644886263491848,0.7478632478632479,1,234,1,1,1,1
936,0556_c0007_005.jpg,556,6,-1,True,175,8550,0.9560600843582178,0.5993150684931506,1,292,1,1,1,1
937,0556_c0007_010.jpg,556,6,-1,True,175,8550,0.9691195481259453,0.720164609053498,1,243,1,1,1,1
938,0556_c0007_015.jpg,556,6,-1,True,175,8550,0.9494877321180799,0.5794701986754967,1,302,1,1,1,1
939,0556_c0007_020.jpg,556,6,-1,True,175,8550,0.9593520125051905,0.6554307116104869,1,267,1,1,1,1
940,0556_c0008_000.jpg,556,7,-1,True,175,8550,0.9738085708430821,0.7322175732217573,1,239,1,1,1,1
941,0556_c0008_005.jpg,556,7,-1,True,175,8550,0.94454166894733,0.5952380952380952,1,294,1,1,1,1
942,0556_c0008_010.jpg,556,7,-1,True,175,8550,0.951097807477983,0.6294964028776978,1,278,1,1,1,1
943,0556_c0008_015.jpg,556,7,-1,True,175,8550,0.9558089351467582,0.6363636363636364,1,275,1,1,1,1
944,0556_c0008_020.jpg,556,7,-1,True,175,8550,0.9756240061912305,0.6972111553784861,1,251,1,1,1,1
945,0558_c0001_000.jpg,558,0,-1,True,175,8550,0.6878657151395513,0.44871794871794873,1,390,1,1,1,1
946,0558_c0001_005.jpg,558,0,-1,True,175,8550,0.6859469611595216,0.4820936639118457,1,363,1,1,1,1
947,0558_c0001_010.jpg,558,0,-1,True,175,8550,0.7086319044259611,0.4888268156424581,1,358,1,1,1,1
948,0558_c0001_015.jpg,558,0,-1,True,175,8550,0.6879136237633753,0.5271084337349398,1,332,1,1,1,1
949,0558_c0001_020.jpg,558,0,-1,True,175,8550,0.6491400014217371,0.5555555555555556,1,315,1,1,1,1
950,0558_c0002_000.jpg,558,1,-1,True,175,8550,0.6002295116160689,0.41371158392434987,1,423,1,1,1,1
951,0558_c0002_005.jpg,558,1,-1,True,175,8550,0.5473641631299605,0.39592760180995473,2,442,0,1,1,1
952,0558_c0002_010.jpg,558,1,-1,True,175,8550,0.5229176235814207,0.3691983122362869,3,474,0,1,1,1
953,0558_c0002_015.jpg,558,1,-1,True,175,8550,0.5541100322207044,0.4069767441860465,3,430,0,1,1,1
954,0558_c0002_020.jpg,558,1,-1,True,175,8550,0.5289578209039266,0.3564154786150713,2,491,0,1,1,1
955,0558_c0003_000.jpg,558,2,-1,True,175,8550,0.8797082949029014,0.33460803059273425,1,523,1,1,1,1
956,0558_c0003_005.jpg,558,2,-1,True,175,8550,0.8785231452038342,0.3211009174311927,1,545,1,1,1,1
957,0558_c0003_010.jpg,558,2,-1,True,175,8550,0.885342572032067,0.33269961977186313,1,526,1,1,1,1
958,0558_c0003_015.jpg,558,2,-1,True,175,8550,0.8585658548618543,0.34930139720558884,1,501,1,1,1,1
959,0558_c0003_020.jpg,558,2,-1,True,175,8550,0.8744827176123203,0.3684210526315789,1,475,1,1,1,1
960,0558_c0004_000.jpg,558,3,-1,True,175,8550,0.9314136351654994,0.5087209302325582,1,344,1,1,1,1
961,0558_c0004_005.jpg,558,3,-1,True,175,8550,0.9283169486717122,0.5087209302325582,1,344,1,1,1,1
962,0558_c0004_010.jpg,558,3,-1,True,175,8550,0.9356201369497053,0.4581151832460733,1,382,1,1,1,1
963,0558_c0004_015.jpg,558,3,-1,True,175,8550,0.9233578185867956,0.4107981220657277,1,426,1,1,1,1
964,0558_c0004_020.jpg,558,3,-1,True,175,8550,0.895240984429364,0.3699788583509514,1,473,1,1,1,1
965,0558_c0005_000.jpg,558,4,-1,True,175,8550,0.748430301290399,0.30918727915194344,1,566,1,1,1,1
966,0558_c0005_005.jpg,558,4,-1,True,175,8550,0.7139177323580403,0.3193430656934307,1,548,1,1,1,1
967,0558_c0005_010.jpg,558,4,-1,True,175,8550,0.7123586204000222,0.31992687385740404,1,547,1,1,1,1
968,0558_c0005_015.jpg,558,4,-1,True,175,8550,0.7323352334255685,0.3141831238779174,1,557,1,1,1,1
969,0558_c0005_020.jpg,558,4,-1,True,175,8550,0.7423202438711144,0.2996575342465753,1,584,1,1,1,1
970,0558_c0006_000.jpg,558,5,-1,True,175,8550,0.7097888104355912,0.5700325732899023,1,307,1,1,1,1
971,0558_c0006_005.jpg,558,5,-1,True,175,8550,0.719901467294722,0.5700325732899023,1,307,1,1,1,1
972,0558_c0006_010.jpg,558,5,-1,True,175,8550,0.683844535004008,0.5681818181818182,1,308,1,1,1,1
973,0558_c0006_015.jpg,558,5,-1,True,175,8550,0.7488390842149423,0.5700325732899023,1,307,1,1,1,1
974,0558_c0006_020.jpg,558,5,-1,True,175,8550,0.7021848537599679,0.5681818181818182,1,308,1,1,1,1
975,0558_c0007_000.jpg,558,6,-1,True,175,8550,0.885598798876521,0.5303030303030303,1,330,1,1,1,1
976,0558_c0007_005.jpg,558,6,-1,True,175,8550,0.8948931361656487,0.5147058823529411,1,340,1,1,1,1
977,0558_c0007_010.jpg,558,6,-1,True,175,8550,0.8758388493919417,0.54858934169279,1,319,1,1,1,1
978,0558_c0007_015.jpg,558,6,-1,True,175,8550,0.8984082309045243,0.5892255892255892,1,297,1,1,1,1
979,0558_c0007_020.jpg,558,6,-1,True,175,8550,0.8895742318579937,0.5813953488372093,1,301,1,1,1,1
980,0558_c0008_000.jpg,558,7,-1,True,175,8550,0.9197027461046223,0.40792540792540793,1,429,1,1,1,1
981,0558_c0008_005.jpg,558,7,-1,True,175,8550,0.9079425916985838,0.36382536382536385,1,481,1,1,1,1
982,0558_c0008_010.jpg,558,7,-1,True,175,8550,0.9228151108958494,0.4206730769230769,1,416,1,1,1,1
983,0558_c0008_015.jpg,558,7,-1,True,175,8550,0.9175246708593483,0.38377192982456143,1,456,1,1,1,1
984,0558_c0008_020.jpg,558,7,-1,True,175,8550,0.9140924107799979,0.3699788583509514,1,473,1,1,1,1
985,0560_c0001_000.jpg,560,0,-1,True,150,8550,0.8532059094443212,0.5,1,300,1,1,1,1
986,0560_c0001_005.jpg,560,0,-1,True,150,8550,0.76431660272388,0.4716981132075472,1,318,1,1,1,1
987,0560_c0001_010.jpg,560,0,-1,True,150,8550,0.6993632511908225,0.4411764705882353,1,340,1,1,1,1
988,0560_c0001_015.jpg,560,0,-1,True,150,8550,0.6730720297085699,0.45592705167173253,1,329,1,1,1,1
989,0560_c0001_020.jpg,560,0,-1,True,150,8550,0.5508949817657796,0.3325942350332594,2,451,0,1,1,1
990,0560_c0002_000.jpg,560,1,-1,True,150,8550,1.0,1.0,1,150,1,1,1,1
991,0560_c0002_005.jpg,560,1,-1,True,150,8550,1.0,1.0,1,150,1,1,1,1
992,0560_c0002_010.jpg,560,1,-1,True,150,8550,1.0,1.0,1,150,1,1,1,1
993,0560_c0002_015.jpg,560,1,-1,True,150,8550,1.0,1.0,1,150,1,1,1,1
994,0560_c0002_020.jpg,560,1,-1,True,150,8550,1.0,1.0,1,150,1,1,1,1
995,0560_c0003_000.jpg,560,2,-1,True,150,8550,0.9809746158931986,0.8571428571428571,1,175,1,1,1,1
996,0560_c0003_005.jpg,560,2,-1,True,150,8550,0.9755110392913203,0.8571428571428571,1,175,1,1,1,1
997,0560_c0003_010.jpg,560,2,-1,True,150,8550,0.9749920450591545,0.8571428571428571,1,175,1,1,1,1
998,0560_c0003_015.jpg,560,2,-1,True,150,8550,0.9756288986296253,0.8571428571428571,1,175,1,1,1,1
999,0560_c0003_020.jpg,560,2,-1,True,150,8550,0.9775080229363294,0.8571428571428571,1,175,1,1,1,1
1000,0560_c0005_000.jpg,560,4,-1,True,150,8550,0.9998268398268398,0.974025974025974,1,154,1,1,1,1
1001,0560_c0005_005.jpg,560,4,-1,True,150,8550,1.0,1.0,1,150,1,1,1,1
1002,0560_c0005_010.jpg,560,4,-1,True,150,8550,1.0,1.0,1,150,1,1,1,1
1003,0560_c0005_015.jpg,560,4,-1,True,150,8550,0.9999122807017545,0.9868421052631579,1,152,1,1,1,1
1004,0560_c0005_020.jpg,560,4,-1,True,150,8550,0.9999122807017545,0.9868421052631579,1,152,1,1,1,1
1005,0560_c0006_000.jpg,560,5,-1,True,150,8550,0.9811687084293585,0.8571428571428571,1,175,1,1,1,1
1006,0560_c0006_005.jpg,560,5,-1,True,150,8550,0.9859002877297854,0.8571428571428571,1,175,1,1,1,1
1007,0560_c0006_010.jpg,560,5,-1,True,150,8550,0.9794940194264075,0.8571428571428571,1,175,1,1,1,1
1008,0560_c0006_015.jpg,560,5,-1,True,150,8550,0.9794399037531559,0.8571428571428571,1,175,1,1,1,1
1009,0560_c0006_020.jpg,560,5,-1,True,150,8550,0.9779408300038613,0.8571428571428571,1,175,1,1,1,1
1010,0560_c0007_000.jpg,560,6,-1,True,150,8550,0.9917079433375717,0.8571428571428571,1,175,1,1,1,1
1011,0560_c0007_005.jpg,560,6,-1,True,150,8550,0.9918839173090999,0.8571428571428571,1,175,1,1,1,1
1012,0560_c0007_010.jpg,560,6,-1,True,150,8550,0.9971799866740817,0.8875739644970414,1,169,1,1,1,1
1013,0560_c0007_015.jpg,560,6,-1,True,150,8550,0.994024829568375,0.8620689655172413,1,174,1,1,1,1
1014,0560_c0007_020.jpg,560,6,-1,True,150,8550,0.9922622653278483,0.8571428571428571,1,175,1,1,1,1
1015,0560_c0008_000.jpg,560,7,-1,True,150,8550,0.9865568147277001,0.8620689655172413,1,174,1,1,1,1
1016,0560_c0008_005.jpg,560,7,-1,True,150,8550,0.9787905129939081,0.8571428571428571,1,175,1,1,1,1
1017,0560_c0008_010.jpg,560,7,-1,True,150,8550,0.9863921020810835,0.8620689655172413,1,174,1,1,1,1
1018,0560_c0008_015.jpg,560,7,-1,True,150,8550,0.988437044459871,0.8670520231213873,1,173,1,1,1,1
1019,0560_c0008_020.jpg,560,7,-1,True,150,8550,0.980567978588939,0.8571428571428571,1,175,1,1,1,1
1020,0562_c0001_000.jpg,562,0,-1,True,50,8550,0.9893042706757731,0.819672131147541,1,61,1,1,1,1
1021,0562_c0001_005.jpg,562,0,-1,True,50,8550,0.9882821864797758,0.819672131147541,1,61,1,1,1,1
1022,0562_c0001_010.jpg,562,0,-1,True,50,8550,0.9897265608400571,0.819672131147541,1,61,1,1,1,1
1023,0562_c0001_015.jpg,562,0,-1,True,50,8550,0.9842678067263374,0.819672131147541,1,61,1,1,1,1
1024,0562_c0001_020.jpg,562,0,-1,True,50,8550,0.9973736549165121,0.9090909090909091,1,55,1,1,1,1
1025,0562_c0003_000.jpg,562,2,-1,True,50,8550,0.9555231748334516,0.7352941176470589,1,68,1,1,1,1
1026,0562_c0003_005.jpg,562,2,-1,True,50,8550,0.8297026077724771,0.6666666666666666,1,75,1,1,1,1
1027,0562_c0003_010.jpg,562,2,-1,True,50,8550,0.8310442204376643,0.5952380952380952,1,84,1,1,1,1
1028,0562_c0003_015.jpg,562,2,-1,True,50,8550,0.6236084083156094,0.5555555555555556,2,90,0,1,1,1
1029,0562_c0003_020.jpg,562,2,-1,True,50,8550,0.49957857408903517,0.6578947368421053,11,76,0,0,0,1
1030,0562_c0005_000.jpg,562,4,-1,True,50,8550,0.9917817295014061,0.8333333333333334,1,60,1,1,1,1
1031,0562_c0005_005.jpg,562,4,-1,True,50,8550,0.9916712204007285,0.819672131147541,1,61,1,1,1,1
1032,0562_c0005_010.jpg,562,4,-1,True,50,8550,1.0,1.0,1,50,1,1,1,1
1033,0562_c0005_015.jpg,562,4,-1,True,50,8550,1.0,1.0,1,50,1,1,1,1
1034,0562_c0005_020.jpg,562,4,-1,True,50,8550,0.9788577113030575,0.819672131147541,1,61,1,1,1,1
1035,0564_c0001_000.jpg,564,0,-1,True,150,8550,1.0,1.0,1,150,1,1,1,1
1036,0564_c0001_005.jpg,564,0,-1,True,150,8550,1.0,1.0,1,150,1,1,1,1
1037,0564_c0001_010.jpg,564,0,-1,True,150,8550,1.0,1.0,1,150,1,1,1,1
1038,0564_c0001_015.jpg,564,0,-1,True,150,8550,1.0,1.0,1,150,1,1,1,1
1039,0564_c0001_020.jpg,564,0,-1,True,150,8550,1.0,1.0,1,150,1,1,1,1
1040,0564_c0002_000.jpg,564,1,-1,True,150,8550,1.0,1.0,1,150,1,1,1,1
1041,0564_c0002_005.jpg,564,1,-1,True,150,8550,1.0,1.0,1,150,1,1,1,1
1042,0564_c0002_010.jpg,564,1,-1,True,150,8550,1.0,1.0,1,150,1,1,1,1
1043,0564_c0002_015.jpg,564,1,-1,True,150,8550,1.0,1.0,1,150,1,1,1,1
1044,0564_c0002_020.jpg,564,1,-1,True,150,8550,1.0,1.0,1,150,1,1,1,1
1045,0564_c0004_000.jpg,564,3,-1,True,150,8550,0.9986430891374956,0.8823529411764706,1,170,1,1,1,1
1046,0564_c0004_005.jpg,564,3,-1,True,150,8550,0.9986463071258392,0.8771929824561403,1,171,1,1,1,1
1047,0564_c0004_010.jpg,564,3,-1,True,150,8550,0.9740236934098182,0.8571428571428571,1,175,1,1,1,1
1048,0564_c0004_015.jpg,564,3,-1,True,150,8550,0.9986463071258392,0.8771929824561403,1,171,1,1,1,1
1049,0564_c0004_020.jpg,564,3,-1,True,150,8550,0.9988359394390667,0.8823529411764706,1,170,1,1,1,1
1050,0564_c0005_000.jpg,564,4,-1,True,150,8550,1.0,1.0,1,150,1,1,1,1
1051,0564_c0005_005.jpg,564,4,-1,True,150,8550,1.0,1.0,1,150,1,1,1,1
1052,0564_c0005_010.jpg,564,4,-1,True,150,8550,1.0,1.0,1,150,1,1,1,1
1053,0564_c0005_015.jpg,564,4,-1,True,150,8550,1.0,1.0,1,150,1,1,1,1
1054,0564_c0005_020.jpg,564,4,-1,True,150,8550,1.0,1.0,1,150,1,1,1,1
1055,0564_c0006_000.jpg,564,5,-1,True,150,8550,1.0,1.0,1,150,1,1,1,1
1056,0564_c0006_005.jpg,564,5,-1,True,150,8550,1.0,1.0,1,150,1,1,1,1
1057,0564_c0006_010.jpg,564,5,-1,True,150,8550,1.0,1.0,1,150,1,1,1,1
1058,0564_c0006_015.jpg,564,5,-1,True,150,8550,1.0,1.0,1,150,1,1,1,1
1059,0564_c0006_020.jpg,564,5,-1,True,150,8550,1.0,1.0,1,150,1,1,1,1
1060,0564_c0007_000.jpg,564,6,-1,True,150,8550,1.0,1.0,1,150,1,1,1,1
1061,0564_c0007_005.jpg,564,6,-1,True,150,8550,1.0,1.0,1,150,1,1,1,1
1062,0564_c0007_010.jpg,564,6,-1,True,150,8550,1.0,1.0,1,150,1,1,1,1
1063,0564_c0007_015.jpg,564,6,-1,True,150,8550,1.0,1.0,1,150,1,1,1,1
1064,0564_c0007_020.jpg,564,6,-1,True,150,8550,1.0,1.0,1,150,1,1,1,1
1065,0564_c0008_000.jpg,564,7,-1,True,150,8550,1.0,1.0,1,150,1,1,1,1
1066,0564_c0008_005.jpg,564,7,-1,True,150,8550,1.0,1.0,1,150,1,1,1,1
1067,0564_c0008_010.jpg,564,7,-1,True,150,8550,1.0,1.0,1,150,1,1,1,1
1068,0564_c0008_015.jpg,564,7,-1,True,150,8550,1.0,1.0,1,150,1,1,1,1
1069,0564_c0008_020.jpg,564,7,-1,True,150,8550,1.0,1.0,1,150,1,1,1,1
1070,0566_c0001_000.jpg,566,0,-1,True,175,8550,0.9854121594813158,0.8663366336633663,1,202,1,1,1,1
1071,0566_c0001_005.jpg,566,0,-1,True,175,8550,0.992815866615641,0.8578431372549019,1,204,1,1,1,1
1072,0566_c0001_010.jpg,566,0,-1,True,175,8550,0.9981591889355292,0.9210526315789473,1,190,1,1,1,1
1073,0566_c0001_015.jpg,566,0,-1,True,175,8550,0.9917685681438824,0.8663366336633663,1,202,1,1,1,1
1074,0566_c0001_020.jpg,566,0,-1,True,175,8550,0.9945746192097449,0.875,1,200,1,1,1,1
1075,0566_c0002_000.jpg,566,1,-1,True,175,8550,0.873770295084847,0.4107981220657277,1,426,1,1,1,1
1076,0566_c0002_005.jpg,566,1,-1,True,175,8550,0.8402877316043094,0.4794520547945205,1,365,1,1,1,1
1077,0566_c0002_010.jpg,566,1,-1,True,175,8550,0.9302899247386112,0.6363636363636364,1,275,1,1,1,1
1078,0566_c0002_015.jpg,566,1,-1,True,175,8550,0.9127638701515213,0.5608974358974359,1,312,1,1,1,1
1079,0566_c0002_020.jpg,566,1,-1,True,175,8550,0.8216757341624947,0.4794520547945205,1,365,1,1,1,1
1080,0566_c0003_000.jpg,566,2,-1,True,175,8550,0.9777618219283638,0.6730769230769231,1,260,1,1,1,1
1081,0566_c0003_005.jpg,566,2,-1,True,175,8550,0.9334725282479264,0.4166666666666667,1,420,1,1,1,1
1082,0566_c0003_010.jpg,566,2,-1,True,175,8550,0.9654825073409367,0.5162241887905604,1,339,1,1,1,1
1083,0566_c0003_015.jpg,566,2,-1,True,175,8550,0.9369281669219955,0.49575070821529743,1,353,1,1,1,1
1084,0566_c0003_020.jpg,566,2,-1,True,175,8550,0.9553097439908871,0.5756578947368421,1,304,1,1,1,1
1085,0566_c0004_000.jpg,566,3,-1,True,175,8550,0.9678597474206445,0.6410256410256411,1,273,1,1,1,1
1086,0566_c0004_005.jpg,566,3,-1,True,175,8550,0.991861556364653,0.8536585365853658,1,205,1,1,1,1
1087,0566_c0004_010.jpg,566,3,-1,True,175,8550,0.985894481123686,0.7383966244725738,1,237,1,1,1,1
1088,0566_c0004_015.jpg,566,3,-1,True,175,8550,0.9917692136145569,0.7608695652173914,1,230,1,1,1,1
1089,0566_c0004_020.jpg,566,3,-1,True,175,8550,0.9760795999598382,0.6628787878787878,1,264,1,1,1,1
1090,0566_c0005_000.jpg,566,4,-1,True,175,8550,0.8101165347534752,0.30701754385964913,1,570,1,1,1,1
1091,0566_c0005_005.jpg,566,4,-1,True,175,8550,0.829761007059578,0.3048780487804878,1,574,1,1,1,1
1092,0566_c0005_010.jpg,566,4,-1,True,175,8550,0.7909609196600247,0.2565982404692082,1,682,1,1,1,1
1093,0566_c0005_015.jpg,566,4,-1,True,175,8550,0.8417983065039347,0.33524904214559387,1,522,1,1,1,1
1094,0566_c0005_020.jpg,566,4,-1,True,175,8550,0.8307948135371646,0.3314393939393939,1,528,1,1,1,1
1095,0566_c0006_000.jpg,566,5,-1,True,175,8550,0.756686358994047,0.36764705882352944,1,476,1,1,1,1
1096,0566_c0006_005.jpg,566,5,-1,True,175,8550,0.7311725641533486,0.3564154786150713,1,491,1,1,1,1
1097,0566_c0006_010.jpg,566,5,-1,True,175,8550,0.7922333138645377,0.4206730769230769,1,416,1,1,1,1
1098,0566_c0006_015.jpg,566,5,-1,True,175,8550,0.735654458609277,0.37154989384288745,1,471,1,1,1,1
1099,0566_c0006_020.jpg,566,5,-1,True,175,8550,0.8778926451098703,0.48746518105849584,1,359,1,1,1,1
1100,0566_c0007_000.jpg,566,6,-1,True,175,8550,0.9380695111563842,0.691699604743083,1,253,1,1,1,1
1101,0566_c0007_005.jpg,566,6,-1,True,175,8550,0.904176232457686,0.6227758007117438,1,281,1,1,1,1
1102,0566_c0007_010.jpg,566,6,-1,True,175,8550,0.8654396290623017,0.5537974683544303,1,316,1,1,1,1
1103,0566_c0007_015.jpg,566,6,-1,True,175,8550,0.8301407281534088,0.5401234567901234,1,324,1,1,1,1
1104,0566_c0007_020.jpg,566,6,-1,True,175,8550,0.8318506819151269,0.5591054313099042,1,313,1,1,1,1
1105,0566_c0008_000.jpg,566,7,-1,True,175,8550,0.9556959687374423,0.875,1,200,1,1,1,1
1106,0566_c0008_005.jpg,566,7,-1,True,175,8550,0.9806750698759077,0.8793969849246231,1,199,1,1,1,1
1107,0566_c0008_010.jpg,566,7,-1,True,175,8550,0.9957200710485637,0.9510869565217391,1,184,1,1,1,1
1108,0566_c0008_015.jpg,566,7,-1,True,175,8550,0.9380276989994653,0.875,1,200,1,1,1,1
1109,0566_c0008_020.jpg,566,7,-1,True,175,8550,0.9375305836537249,0.875,1,200,1,1,1,1
1110,0568_c0001_000.jpg,568,0,-1,True,50,8550,0.3478574535029979,0.26881720430107525,4,186,0,1,1,1
1111,0568_c0001_005.jpg,568,0,-1,True,50,8550,0.25277185361039956,0.23696682464454977,26,211,0,0,0,0
1112,0568_c0001_010.jpg,568,0,-1,True,50,8550,0.35626478837825465,0.3333333333333333,18,150,0,0,0,1
1113,0568_c0001_015.jpg,568,0,-1,True,50,8550,0.34175350987735753,0.3067484662576687,17,163,0,0,0,1
1114,0568_c0001_020.jpg,568,0,-1,True,50,8550,0.33535225597287716,0.273224043715847,6,183,0,0,1,1
1115,0568_c0005_000.jpg,568,4,-1,True,50,8550,1.0,1.0,1,50,1,1,1,1
1116,0568_c0005_005.jpg,568,4,-1,True,50,8550,1.0,1.0,1,50,1,1,1,1
1117,0568_c0005_010.jpg,568,4,-1,True,50,8550,1.0,1.0,1,50,1,1,1,1
1118,0568_c0005_015.jpg,568,4,-1,True,50,8550,1.0,1.0,1,50,1,1,1,1
1119,0568_c0005_020.jpg,568,4,-1,True,50,8550,1.0,1.0,1,50,1,1,1,1
1120,0568_c0006_000.jpg,568,5,-1,True,50,8550,1.0,1.0,1,50,1,1,1,1
1121,0568_c0006_005.jpg,568,5,-1,True,50,8550,0.9906697869558804,0.9090909090909091,1,55,1,1,1,1
1122,0568_c0006_010.jpg,568,5,-1,True,50,8550,0.9992078431372547,0.9803921568627451,1,51,1,1,1,1
1123,0568_c0006_015.jpg,568,5,-1,True,50,8550,1.0,1.0,1,50,1,1,1,1
1124,0568_c0006_020.jpg,568,5,-1,True,50,8550,1.0,1.0,1,50,1,1,1,1
1125,0570_c0001_000.jpg,570,0,-1,True,150,8550,0.9994941461595825,0.9375,1,160,1,1,1,1
1126,0570_c0001_005.jpg,570,0,-1,True,150,8550,0.9939154976315797,0.8426966292134831,1,178,1,1,1,1
1127,0570_c0001_010.jpg,570,0,-1,True,150,8550,0.9969763836099427,0.9146341463414634,1,164,1,1,1,1
1128,0570_c0001_015.jpg,570,0,-1,True,150,8550,0.9984302914031464,0.9554140127388535,1,157,1,1,1,1
1129,0570_c0001_020.jpg,570,0,-1,True,150,8550,0.9498403275023347,0.5514705882352942,1,272,1,1,1,1
1130,0570_c0002_000.jpg,570,1,-1,True,150,8550,0.9311892062956857,0.6696428571428571,1,224,1,1,1,1
1131,0570_c0002_005.jpg,570,1,-1,True,150,8550,0.9477064345688416,0.7177033492822966,1,209,1,1,1,1
1132,0570_c0002_010.jpg,570,1,-1,True,150,8550,0.9209633096396218,0.7389162561576355,1,203,1,1,1,1
1133,0570_c0002_015.jpg,570,1,-1,True,150,8550,0.954184655890175,0.7109004739336493,1,211,1,1,1,1
1134,0570_c0002_020.jpg,570,1,-1,True,150,8550,0.9197581477918895,0.684931506849315,1,219,1,1,1,1
1135,0570_c0004_000.jpg,570,3,-1,True,150,8550,1.0,1.0,1,150,1,1,1,1
1136,0570_c0004_005.jpg,570,3,-1,True,150,8550,1.0,1.0,1,150,1,1,1,1
1137,0570_c0004_010.jpg,570,3,-1,True,150,8550,0.9997823953823954,0.974025974025974,1,154,1,1,1,1
1138,0570_c0004_015.jpg,570,3,-1,True,150,8550,1.0,1.0,1,150,1,1,1,1
1139,0570_c0004_020.jpg,570,3,-1,True,150,8550,1.0,1.0,1,150,1,1,1,1
1140,0570_c0005_000.jpg,570,4,-1,True,150,8550,1.0,1.0,1,150,1,1,1,1
1141,0570_c0005_005.jpg,570,4,-1,True,150,8550,0.9989406765290979,0.9375,1,160,1,1,1,1
1142,0570_c0005_010.jpg,570,4,-1,True,150,8550,0.9982069598975595,0.9146341463414634,1,164,1,1,1,1
1143,0570_c0005_015.jpg,570,4,-1,True,150,8550,0.999482396797833,0.9615384615384616,1,156,1,1,1,1
1144,0570_c0005_020.jpg,570,4,-1,True,150,8550,0.9999114054451803,0.9933774834437086,1,151,1,1,1,1
1145,0570_c0006_000.jpg,570,5,-1,True,150,8550,0.9405918476811133,0.6024096385542169,1,249,1,1,1,1
1146,0570_c0006_005.jpg,570,5,-1,True,150,8550,0.9073177153786139,0.48859934853420195,1,307,1,1,1,1
1147,0570_c0006_010.jpg,570,5,-1,True,150,8550,0.9338706272396258,0.6072874493927125,1,247,1,1,1,1
1148,0570_c0006_015.jpg,570,5,-1,True,150,8550,0.8866279716102963,0.5376344086021505,1,279,1,1,1,1
1149,0570_c0006_020.jpg,570,5,-1,True,150,8550,0.9082582918537723,0.5859375,1,256,1,1,1,1
1150,0570_c0007_000.jpg,570,6,-1,True,150,8550,0.9661609578664324,0.8379888268156425,1,179,1,1,1,1
1151,0570_c0007_005.jpg,570,6,-1,True,150,8550,0.9659853560603248,0.8379888268156425,1,179,1,1,1,1
1152,0570_c0007_010.jpg,570,6,-1,True,150,8550,0.9644120608221317,0.8108108108108109,1,185,1,1,1,1
1153,0570_c0007_015.jpg,570,6,-1,True,150,8550,0.9569628758664794,0.7853403141361257,1,191,1,1,1,1
1154,0570_c0007_020.jpg,570,6,-1,True,150,8550,0.9316201751549151,0.75,1,200,1,1,1,1
1155,0570_c0008_000.jpg,570,7,-1,True,150,8550,1.0,1.0,1,150,1,1,1,1
1156,0570_c0008_005.jpg,570,7,-1,True,150,8550,1.0,1.0,1,150,1,1,1,1
1157,0570_c0008_010.jpg,570,7,-1,True,150,8550,1.0,1.0,1,150,1,1,1,1
1158,0570_c0008_015.jpg,570,7,-1,True,150,8550,1.0,1.0,1,150,1,1,1,1
1159,0570_c0008_020.jpg,570,7,-1,True,150,8550,1.0,1.0,1,150,1,1,1,1
1160,0572_c0001_000.jpg,572,0,-1,True,175,8550,0.9983955616937594,0.9615384615384616,1,182,1,1,1,1
1161,0572_c0001_005.jpg,572,0,-1,True,175,8550,0.9956907734450526,0.9358288770053476,1,187,1,1,1,1
1162,0572_c0001_010.jpg,572,0,-1,True,175,8550,0.9817357546194091,0.8620689655172413,1,203,1,1,1,1
1163,0572_c0001_015.jpg,572,0,-1,True,175,8550,0.9962219878449192,0.9510869565217391,1,184,1,1,1,1
1164,0572_c0001_020.jpg,572,0,-1,True,175,8550,0.9629570790160478,0.8706467661691543,1,201,1,1,1,1
1165,0572_c0002_000.jpg,572,1,-1,True,175,8550,0.9915041538868468,0.8215962441314554,1,213,1,1,1,1
1166,0572_c0002_005.jpg,572,1,-1,True,175,8550,0.9961660723744395,0.9162303664921466,1,191,1,1,1,1
1167,0572_c0002_010.jpg,572,1,-1,True,175,8550,0.9933959405777399,0.7675438596491229,1,228,1,1,1,1
1168,0572_c0002_015.jpg,572,1,-1,True,175,8550,0.9977553338977756,0.9162303664921466,1,191,1,1,1,1
1169,0572_c0002_020.jpg,572,1,-1,True,175,8550,0.9781921709496836,0.6363636363636364,1,275,1,1,1,1
1170,0572_c0003_000.jpg,572,2,-1,True,175,8550,0.6648279635125772,0.341130604288499,1,513,1,1,1,1
1171,0572_c0003_005.jpg,572,2,-1,True,175,8550,0.6918082130407769,0.3699788583509514,1,473,1,1,1,1
1172,0572_c0003_010.jpg,572,2,-1,True,175,8550,0.797163226798605,0.5384615384615384,1,325,1,1,1,1
1173,0572_c0003_015.jpg,572,2,-1,True,175,8550,0.6014670765757194,0.33589251439539347,1,521,1,1,1,1
1174,0572_c0003_020.jpg,572,2,-1,True,175,8550,0.6607880335692846,0.33980582524271846,1,515,1,1,1,1
1175,0572_c0004_000.jpg,572,3,-1,True,175,8550,0.9980687269648979,0.9067357512953368,1,193,1,1,1,1
1176,0572_c0004_005.jpg,572,3,-1,True,175,8550,0.9912337595886779,0.7383966244725738,1,237,1,1,1,1
1177,0572_c0004_010.jpg,572,3,-1,True,175,8550,0.9832423594097324,0.7142857142857143,1,245,1,1,1,1
1178,0572_c0004_015.jpg,572,3,-1,True,175,8550,0.9953725784789296,0.8620689655172413,1,203,1,1,1,1
1179,0572_c0004_020.jpg,572,3,-1,True,175,8550,0.9963715515762837,0.8254716981132075,1,212,1,1,1,1
1180,0572_c0005_000.jpg,572,4,-1,True,175,8550,0.9539592692341684,0.5116959064327485,1,342,1,1,1,1
1181,0572_c0005_005.jpg,572,4,-1,True,175,8550,0.9768628507020091,0.603448275862069,1,290,1,1,1,1
1182,0572_c0005_010.jpg,572,4,-1,True,175,8550,0.9659546193593074,0.5591054313099042,1,313,1,1,1,1
1183,0572_c0005_015.jpg,572,4,-1,True,175,8550,0.9586306170932121,0.4971590909090909,1,352,1,1,1,1
1184,0572_c0005_020.jpg,572,4,-1,True,175,8550,0.9570558521334186,0.54858934169279,1,319,1,1,1,1
1185,0572_c0006_000.jpg,572,5,-1,True,175,8550,1.0,1.0,1,175,1,1,1,1
1186,0572_c0006_005.jpg,572,5,-1,True,175,8550,1.0,1.0,1,175,1,1,1,1
1187,0572_c0006_010.jpg,572,5,-1,True,175,8550,1.0,1.0,1,175,1,1,1,1
1188,0572_c0006_015.jpg,572,5,-1,True,175,8550,0.9980335126899896,0.9615384615384616,1,182,1,1,1,1
1189,0572_c0006_020.jpg,572,5,-1,True,175,8550,0.9989981661085322,0.9615384615384616,1,182,1,1,1,1
1190,0572_c0007_000.jpg,572,6,-1,True,175,8550,0.8998959446099684,0.5162241887905604,1,339,1,1,1,1
1191,0572_c0007_005.jpg,572,6,-1,True,175,8550,0.8629250444088752,0.4375,1,400,1,1,1,1
1192,0572_c0007_010.jpg,572,6,-1,True,175,8550,0.9106509425199415,0.5833333333333334,1,300,1,1,1,1
1193,0572_c0007_015.jpg,572,6,-1,True,175,8550,0.920433902917215,0.6227758007117438,1,281,1,1,1,1
1194,0572_c0007_020.jpg,572,6,-1,True,175,8550,0.8873800471443983,0.4888268156424581,1,358,1,1,1,1
1195,0572_c0008_000.jpg,572,7,-1,True,175,8550,0.9756180735048906,0.7322175732217573,1,239,1,1,1,1
1196,0572_c0008_005.jpg,572,7,-1,True,175,8550,0.9714791102714262,0.7113821138211383,1,246,1,1,1,1
1197,0572_c0008_010.jpg,572,7,-1,True,175,8550,0.9309713288318607,0.7322175732217573,1,239,1,1,1,1
1198,0572_c0008_015.jpg,572,7,-1,True,175,8550,0.9439746669452568,0.7575757575757576,1,231,1,1,1,1
1199,0572_c0008_020.jpg,572,7,-1,True,175,8550,0.9682720724147227,0.7575757575757576,1,231,1,1,1,1
1200,0574_c0001_000.jpg,574,0,-1,True,150,8550,0.8988156584507905,0.41899441340782123,1,358,1,1,1,1
1201,0574_c0001_005.jpg,574,0,-1,True,150,8550,0.9083433013911792,0.4225352112676056,1,355,1,1,1,1
1202,0574_c0001_010.jpg,574,0,-1,True,150,8550,0.9550889024355339,0.5535055350553506,1,271,1,1,1,1
1203,0574_c0001_015.jpg,574,0,-1,True,150,8550,0.9481695964607038,0.5703422053231939,1,263,1,1,1,1
1204,0574_c0001_020.jpg,574,0,-1,True,150,8550,0.9224103952063145,0.4854368932038835,1,309,1,1,1,1
1205,0574_c0002_000.jpg,574,1,-1,True,150,8550,0.9827040256223318,0.6976744186046512,1,215,1,1,1,1
1206,0574_c0002_005.jpg,574,1,-1,True,150,8550,0.9987588861521582,0.9146341463414634,1,164,1,1,1,1
1207,0574_c0002_010.jpg,574,1,-1,True,150,8550,0.9970942412565292,0.8522727272727273,1,176,1,1,1,1
1208,0574_c0002_015.jpg,574,1,-1,True,150,8550,0.9984960245584201,0.9090909090909091,1,165,1,1,1,1
1209,0574_c0002_020.jpg,574,1,-1,True,150,8550,0.9942058921853117,0.819672131147541,1,183,1,1,1,1
1210,0574_c0003_000.jpg,574,2,-1,True,150,8550,0.9565854825157575,0.7692307692307693,1,195,1,1,1,1
1211,0574_c0003_005.jpg,574,2,-1,True,150,8550,0.9574707508645205,0.7575757575757576,1,198,1,1,1,1
1212,0574_c0003_010.jpg,574,2,-1,True,150,8550,0.9581434311563544,0.75,1,200,1,1,1,1
1213,0574_c0003_015.jpg,574,2,-1,True,150,8550,0.9710401429675475,0.7537688442211056,1,199,1,1,1,1
1214,0574_c0003_020.jpg,574,2,-1,True,150,8550,0.9567458924603766,0.7352941176470589,1,204,1,1,1,1
1215,0574_c0004_000.jpg,574,3,-1,True,150,8550,0.947899900194553,0.8571428571428571,1,175,1,1,1,1
1216,0574_c0004_005.jpg,574,3,-1,True,150,8550,0.9526413536580454,0.8571428571428571,1,175,1,1,1,1
1217,0574_c0004_010.jpg,574,3,-1,True,150,8550,0.9714278632250728,0.8571428571428571,1,175,1,1,1,1
1218,0574_c0004_015.jpg,574,3,-1,True,150,8550,0.9847064709108823,0.8670520231213873,1,173,1,1,1,1
1219,0574_c0004_020.jpg,574,3,-1,True,150,8550,0.9915503016126361,0.8823529411764706,1,170,1,1,1,1
1220,0574_c0005_000.jpg,574,4,-1,True,150,8550,0.6663949188858983,0.3401360544217687,1,441,1,1,1,1
1221,0574_c0005_005.jpg,574,4,-1,True,150,8550,0.7161769671153848,0.37037037037037035,1,405,1,1,1,1
1222,0574_c0005_010.jpg,574,4,-1,True,150,8550,0.7330679125376434,0.3778337531486146,1,397,1,1,1,1
1223,0574_c0005_015.jpg,574,4,-1,True,150,8550,0.7191955171703568,0.33482142857142855,1,448,1,1,1,1
1224,0574_c0005_020.jpg,574,4,-1,True,150,8550,0.7228192593829196,0.3218884120171674,1,466,1,1,1,1
1225,0574_c0006_000.jpg,574,5,-1,True,150,8550,1.0,1.0,1,150,1,1,1,1
1226,0574_c0006_005.jpg,574,5,-1,True,150,8550,1.0,1.0,1,150,1,1,1,1
1227,0574_c0006_010.jpg,574,5,-1,True,150,8550,1.0,1.0,1,150,1,1,1,1
1228,0574_c0006_015.jpg,574,5,-1,True,150,8550,1.0,1.0,1,150,1,1,1,1
1229,0574_c0006_020.jpg,574,5,-1,True,150,8550,0.9998248366013074,0.9803921568627451,1,153,1,1,1,1
1230,0574_c0008_000.jpg,574,7,-1,True,150,8550,0.9883975376180418,0.8021390374331551,1,187,1,1,1,1
1231,0574_c0008_005.jpg,574,7,-1,True,150,8550,0.9620486725087812,0.7352941176470589,1,204,1,1,1,1
1232,0574_c0008_010.jpg,574,7,-1,True,150,8550,0.9685334709121749,0.7389162561576355,1,203,1,1,1,1
1233,0574_c0008_015.jpg,574,7,-1,True,150,8550,0.9722468286692371,0.7425742574257426,1,202,1,1,1,1
1234,0574_c0008_020.jpg,574,7,-1,True,150,8550,0.9809647207161527,0.7614213197969543,1,197,1,1,1,1
1235,0576_c0001_000.jpg,576,0,-1,True,150,8550,0.966019755014344,0.7425742574257426,1,202,1,1,1,1
1236,0576_c0001_005.jpg,576,0,-1,True,150,8550,0.9383403897392381,0.6122448979591837,1,245,1,1,1,1
1237,0576_c0001_010.jpg,576,0,-1,True,150,8550,0.9036852319215095,0.6147540983606558,1,244,1,1,1,1
1238,0576_c0001_015.jpg,576,0,-1,True,150,8550,0.9174778901063518,0.5747126436781609,1,261,1,1,1,1
1239,0576_c0001_020.jpg,576,0,-1,True,150,8550,0.9174600787279245,0.6224066390041494,1,241,1,1,1,1
1240,0576_c0002_000.jpg,576,1,-1,True,150,8550,0.9978212512397133,0.974025974025974,1,154,1,1,1,1
1241,0576_c0002_005.jpg,576,1,-1,True,150,8550,1.0,1.0,1,150,1,1,1,1
1242,0576_c0002_010.jpg,576,1,-1,True,150,8550,1.0,1.0,1,150,1,1,1,1
1243,0576_c0002_015.jpg,576,1,-1,True,150,8550,1.0,1.0,1,150,1,1,1,1
1244,0576_c0002_020.jpg,576,1,-1,True,150,8550,0.9999114054451803,0.9933774834437086,1,151,1,1,1,1
1245,0576_c0003_000.jpg,576,2,-1,True,150,8550,1.0,1.0,1,150,1,1,1,1
1246,0576_c0003_005.jpg,576,2,-1,True,150,8550,1.0,1.0,1,150,1,1,1,1
1247,0576_c0003_010.jpg,576,2,-1,True,150,8550,1.0,1.0,1,150,1,1,1,1
1248,0576_c0003_015.jpg,576,2,-1,True,150,8550,1.0,1.0,1,150,1,1,1,1
1249,0576_c0003_020.jpg,576,2,-1,True,150,8550,1.0,1.0,1,150,1,1,1,1
1250,0576_c0004_000.jpg,576,3,-1,True,150,8550,1.0,1.0,1,150,1,1,1,1
1251,0576_c0004_005.jpg,576,3,-1,True,150,8550,1.0,1.0,1,150,1,1,1,1
1252,0576_c0004_010.jpg,576,3,-1,True,150,8550,1.0,1.0,1,150,1,1,1,1
1253,0576_c0004_015.jpg,576,3,-1,True,150,8550,1.0,1.0,1,150,1,1,1,1
1254,0576_c0004_020.jpg,576,3,-1,True,150,8550,1.0,1.0,1,150,1,1,1,1
1255,0576_c0005_000.jpg,576,4,-1,True,150,8550,1.0,1.0,1,150,1,1,1,1
1256,0576_c0005_005.jpg,576,4,-1,True,150,8550,1.0,1.0,1,150,1,1,1,1
1257,0576_c0005_010.jpg,576,4,-1,True,150,8550,1.0,1.0,1,150,1,1,1,1
1258,0576_c0005_015.jpg,576,4,-1,True,150,8550,1.0,1.0,1,150,1,1,1,1
1259,0576_c0005_020.jpg,576,4,-1,True,150,8550,1.0,1.0,1,150,1,1,1,1
1260,0576_c0006_000.jpg,576,5,-1,True,150,8550,1.0,1.0,1,150,1,1,1,1
1261,0576_c0006_005.jpg,576,5,-1,True,150,8550,1.0,1.0,1,150,1,1,1,1
1262,0576_c0006_010.jpg,576,5,-1,True,150,8550,1.0,1.0,1,150,1,1,1,1
1263,0576_c0006_015.jpg,576,5,-1,True,150,8550,1.0,1.0,1,150,1,1,1,1
1264,0576_c0006_020.jpg,576,5,-1,True,150,8550,1.0,1.0,1,150,1,1,1,1
1265,0576_c0007_000.jpg,576,6,-1,True,150,8550,0.9855202552741631,0.8333333333333334,1,180,1,1,1,1
1266,0576_c0007_005.jpg,576,6,-1,True,150,8550,0.9994573374210548,0.9868421052631579,1,152,1,1,1,1
1267,0576_c0007_010.jpg,576,6,-1,True,150,8550,0.9926174423459254,0.8522727272727273,1,176,1,1,1,1
1268,0576_c0007_015.jpg,576,6,-1,True,150,8550,1.0,1.0,1,150,1,1,1,1
1269,0576_c0007_020.jpg,576,6,-1,True,150,8550,0.9998666627158738,0.9933774834437086,1,151,1,1,1,1
1270,0578_c0001_000.jpg,578,0,-1,True,175,8550,0.7135559722062981,0.3854625550660793,1,454,1,1,1,1
1271,0578_c0001_005.jpg,578,0,-1,True,175,8550,0.6789104835032681,0.39414414414414417,1,444,1,1,1,1
1272,0578_c0001_010.jpg,578,0,-1,True,175,8550,0.698964532945935,0.390625,1,448,1,1,1,1
1273,0578_c0001_015.jpg,578,0,-1,True,175,8550,0.6296253080781763,0.3699788583509514,1,473,1,1,1,1
1274,0578_c0001_020.jpg,578,0,-1,True,175,8550,0.6472411493394091,0.3812636165577342,1,459,1,1,1,1
1275,0578_c0002_000.jpg,578,1,-1,True,175,8550,0.30952798325362274,0.2246469833119384,26,779,0,0,0,0
1276,0578_c0002_005.jpg,578,1,-1,True,175,8550,0.28975845502880704,0.2358490566037736,80,742,0,0,0,0
1277,0578_c0002_010.jpg,578,1,-1,True,175,8550,0.32788719987405046,0.23648648648648649,50,740,0,0,0,0
1278,0578_c0002_015.jpg,578,1,-1,True,175,8550,0.33506210650920587,0.24544179523141654,69,713,0,0,0,0
1279,0578_c0002_020.jpg,578,1,-1,True,175,8550,0.37564120953771857,0.22609819121447028,53,774,0,0,0,0
1280,0578_c0003_000.jpg,578,2,-1,True,175,8550,0.8409969401663303,0.38716814159292035,1,452,1,1,1,1
1281,0578_c0003_005.jpg,578,2,-1,True,175,8550,0.8362282923146985,0.373134328358209,1,469,1,1,1,1
1282,0578_c0003_010.jpg,578,2,-1,True,175,8550,0.8439923092599484,0.4069767441860465,1,430,1,1,1,1
1283,0578_c0003_015.jpg,578,2,-1,True,175,8550,0.8724863478486581,0.48476454293628807,1,361,1,1,1,1
1284,0578_c0003_020.jpg,578,2,-1,True,175,8550,0.885552615979151,0.4943502824858757,1,354,1,1,1,1
1285,0578_c0004_000.jpg,578,3,-1,True,175,8550,0.7571565624863398,0.39503386004514673,1,443,1,1,1,1
1286,0578_c0004_005.jpg,578,3,-1,True,175,8550,0.7824269543270345,0.4257907542579075,1,411,1,1,1,1
1287,0578_c0004_010.jpg,578,3,-1,True,175,8550,0.7823830447185095,0.4050925925925926,1,432,1,1,1,1
1288,0578_c0004_015.jpg,578,3,-1,True,175,8550,0.8420519218171637,0.5681818181818182,1,308,1,1,1,1
1289,0578_c0004_020.jpg,578,3,-1,True,175,8550,0.8515869026428842,0.49295774647887325,1,355,1,1,1,1
1290,0578_c0005_000.jpg,578,4,-1,True,175,8550,0.9482518500461177,0.44871794871794873,1,390,1,1,1,1
1291,0578_c0005_005.jpg,578,4,-1,True,175,8550,0.9105199539124934,0.4050925925925926,1,432,1,1,1,1
1292,0578_c0005_010.jpg,578,4,-1,True,175,8550,0.9132874147697769,0.4060324825986079,1,431,1,1,1,1
1293,0578_c0005_015.jpg,578,4,-1,True,175,8550,0.9235306860291224,0.47554347826086957,1,368,1,1,1,1
1294,0578_c0005_020.jpg,578,4,-1,True,175,8550,0.8971804826048547,0.4820936639118457,1,363,1,1,1,1
1295,0578_c0006_000.jpg,578,5,-1,True,175,8550,0.7101509662432122,0.2061248527679623,1,849,1,1,1,1
1296,0578_c0006_005.jpg,578,5,-1,True,175,8550,0.7953737511486779,0.21712158808933002,1,806,1,1,1,1
1297,0578_c0006_010.jpg,578,5,-1,True,175,8550,0.7734326960569506,0.22522522522522523,1,777,1,1,1,1
1298,0578_c0006_015.jpg,578,5,-1,True,175,8550,0.7720278743075701,0.22609819121447028,1,774,1,1,1,1
1299,0578_c0006_020.jpg,578,5,-1,True,175,8550,0.7890521696786483,0.22727272727272727,1,770,1,1,1,1
1300,0578_c0007_000.jpg,578,6,-1,True,175,8550,0.9703025670681159,0.7641921397379913,1,229,1,1,1,1
1301,0578_c0007_005.jpg,578,6,-1,True,175,8550,0.8722436611749289,0.546875,1,320,1,1,1,1
1302,0578_c0007_010.jpg,578,6,-1,True,175,8550,0.9037704261629512,0.5608974358974359,1,312,1,1,1,1
1303,0578_c0007_015.jpg,578,6,-1,True,175,8550,0.8958597652252532,0.5833333333333334,1,300,1,1,1,1
1304,0578_c0007_020.jpg,578,6,-1,True,175,8550,0.9324039831423272,0.6076388888888888,1,288,1,1,1,1
1305,0578_c0008_000.jpg,578,7,-1,True,175,8550,0.5913491047902216,0.4107981220657277,1,426,1,1,1,1
1306,0578_c0008_005.jpg,578,7,-1,True,175,8550,0.5954469388279815,0.39414414414414417,1,444,1,1,1,1
1307,0578_c0008_010.jpg,578,7,-1,True,175,8550,0.5726278196554264,0.3995433789954338,1,438,1,1,1,1
1308,0578_c0008_015.jpg,578,7,-1,True,175,8550,0.578795066565617,0.43103448275862066,1,406,1,1,1,1
1309,0578_c0008_020.jpg,578,7,-1,True,175,8550,0.5878804226844758,0.4098360655737705,1,427,1,1,1,1
1310,0580_c0001_000.jpg,580,0,-1,True,175,8550,0.6065309176769575,0.38293216630196936,1,457,1,1,1,1
1311,0580_c0001_005.jpg,580,0,-1,True,175,8550,0.5843994214375681,0.35070140280561124,1,499,1,1,1,1
1312,0580_c0001_010.jpg,580,0,-1,True,175,8550,0.5393883302593281,0.343811394891945,1,509,1,1,1,1
1313,0580_c0001_015.jpg,580,0,-1,True,175,8550,0.5793567139409105,0.38716814159292035,1,452,1,1,1,1
1314,0580_c0001_020.jpg,580,0,-1,True,175,8550,0.609797522451902,0.43424317617866004,1,403,1,1,1,1
1315,0580_c0002_000.jpg,580,1,-1,True,175,8550,0.37353955740930844,0.26119402985074625,8,670,0,0,1,1
1316,0580_c0002_005.jpg,580,1,-1,True,175,8550,0.47323027218525404,0.2777777777777778,4,630,0,1,1,1
1317,0580_c0002_010.jpg,580,1,-1,True,175,8550,0.5504119112070232,0.24509803921568626,1,714,1,1,1,1
1318,0580_c0002_015.jpg,580,1,-1,True,175,8550,0.5743444476321472,0.27910685805422647,1,627,1,1,1,1
1319,0580_c0002_020.jpg,580,1,-1,True,175,8550,0.640335021052363,0.3153153153153153,1,555,1,1,1,1
1320,0580_c0003_000.jpg,580,2,-1,True,175,8550,0.7929141616660841,0.660377358490566,1,265,1,1,1,1
1321,0580_c0003_005.jpg,580,2,-1,True,175,8550,0.8021316061163676,0.6578947368421053,1,266,1,1,1,1
1322,0580_c0003_010.jpg,580,2,-1,True,175,8550,0.7701784834616489,0.6410256410256411,1,273,1,1,1,1
1323,0580_c0003_015.jpg,580,2,-1,True,175,8550,0.7585822399978212,0.6118881118881119,1,286,1,1,1,1
1324,0580_c0003_020.jpg,580,2,-1,True,175,8550,0.7670084774606873,0.6227758007117438,1,281,1,1,1,1
1325,0580_c0004_000.jpg,580,3,-1,True,175,8550,0.9962818539356987,0.8663366336633663,1,202,1,1,1,1
1326,0580_c0004_005.jpg,580,3,-1,True,175,8550,0.9931757680815154,0.7847533632286996,1,223,1,1,1,1
1327,0580_c0004_010.jpg,580,3,-1,True,175,8550,0.9962504702641143,0.8454106280193237,1,207,1,1,1,1
1328,0580_c0004_015.jpg,580,3,-1,True,175,8550,0.9907002826154654,0.68359375,1,256,1,1,1,1
1329,0580_c0004_020.jpg,580,3,-1,True,175,8550,0.973931843492321,0.5912162162162162,1,296,1,1,1,1
1330,0580_c0005_000.jpg,580,4,-1,True,175,8550,0.6747658266735931,0.4069767441860465,1,430,1,1,1,1
1331,0580_c0005_005.jpg,580,4,-1,True,175,8550,0.6851419005571668,0.41766109785202865,1,419,1,1,1,1
1332,0580_c0005_010.jpg,580,4,-1,True,175,8550,0.6840272632316741,0.4069767441860465,1,430,1,1,1,1
1333,0580_c0005_015.jpg,580,4,-1,True,175,8550,0.61110412444731,0.38293216630196936,1,457,1,1,1,1
1334,0580_c0005_020.jpg,580,4,-1,True,175,8550,0.630030312534353,0.3747323340471092,1,467,1,1,1,1
1335,0580_c0006_000.jpg,580,5,-1,True,175,8550,0.8447584943481784,0.4985754985754986,1,351,1,1,1,1
1336,0580_c0006_005.jpg,580,5,-1,True,175,8550,0.8425412517616233,0.5700325732899023,1,307,1,1,1,1
1337,0580_c0006_010.jpg,580,5,-1,True,175,8550,0.8083175542971474,0.5451713395638629,1,321,1,1,1,1
1338,0580_c0006_015.jpg,580,5,-1,True,175,8550,0.8430343493329309,0.4679144385026738,1,374,1,1,1,1
1339,0580_c0006_020.jpg,580,5,-1,True,175,8550,0.8297195368657025,0.43532338308457713,1,402,1,1,1,1
1340,0580_c0007_000.jpg,580,6,-1,True,175,8550,0.8473292846653835,0.7,1,250,1,1,1,1
1341,0580_c0007_005.jpg,580,6,-1,True,175,8550,0.8480773552603142,0.6529850746268657,1,268,1,1,1,1
1342,0580_c0007_010.jpg,580,6,-1,True,175,8550,0.8956450857500926,0.6410256410256411,1,273,1,1,1,1
1343,0580_c0007_015.jpg,580,6,-1,True,175,8550,0.8735514384964207,0.6386861313868614,1,274,1,1,1,1
1344,0580_c0007_020.jpg,580,6,-1,True,175,8550,0.9078839506680508,0.6554307116104869,1,267,1,1,1,1
1345,0580_c0008_000.jpg,580,7,-1,True,175,8550,0.8877520716310053,0.5335365853658537,1,328,1,1,1,1
1346,0580_c0008_005.jpg,580,7,-1,True,175,8550,0.8920156601299875,0.5271084337349398,1,332,1,1,1,1
1347,0580_c0008_010.jpg,580,7,-1,True,175,8550,0.8894979354693717,0.5368098159509203,1,326,1,1,1,1
1348,0580_c0008_015.jpg,580,7,-1,True,175,8550,0.8917079667481226,0.541795665634675,1,323,1,1,1,1
1349,0580_c0008_020.jpg,580,7,-1,True,175,8550,0.9026379157149887,0.5192878338278932,1,337,1,1,1,1
1350,0582_c0001_000.jpg,582,0,-1,True,175,8550,0.8492507252171659,0.16603415559772297,1,1054,1,1,1,1
1351,0582_c0001_005.jpg,582,0,-1,True,175,8550,0.886459143326998,0.21367521367521367,1,819,1,1,1,1
1352,0582_c0001_010.jpg,582,0,-1,True,175,8550,0.8706517831196496,0.19021739130434784,1,920,1,1,1,1
1353,0582_c0001_015.jpg,582,0,-1,True,175,8550,0.8923683048903849,0.26881720430107525,1,651,1,1,1,1
1354,0582_c0001_020.jpg,582,0,-1,True,175,8550,0.879225500089775,0.23148148148148148,1,756,1,1,1,1
1355,0582_c0002_000.jpg,582,1,-1,True,175,8550,0.5771807477110441,0.20420070011668612,1,857,1,1,1,1
1356,0582_c0002_005.jpg,582,1,-1,True,175,8550,0.5357479306232933,0.14693534844668346,1,1191,1,1,1,1
1357,0582_c0002_010.jpg,582,1,-1,True,175,8550,0.5971543862018271,0.21237864077669902,1,824,1,1,1,1
1358,0582_c0002_015.jpg,582,1,-1,True,175,8550,0.6178696814908858,0.24305555555555555,1,720,1,1,1,1
1359,0582_c0002_020.jpg,582,1,-1,True,175,8550,0.6120361766651944,0.20491803278688525,1,854,1,1,1,1
1360,0582_c0003_000.jpg,582,2,-1,True,175,8550,0.21828261986994957,0.12393767705382436,51,1412,0,0,0,0
1361,0582_c0003_005.jpg,582,2,-1,True,175,8550,0.23369189948272479,0.1447477253928867,44,1209,0,0,0,0
1362,0582_c0003_010.jpg,582,2,-1,True,175,8550,0.26296876263341784,0.15938069216757741,31,1098,0,0,0,0
1363,0582_c0003_015.jpg,582,2,-1,True,175,8550,0.2655828611659874,0.1598173515981735,25,1095,0,0,0,0
1364,0582_c0003_020.jpg,582,2,-1,True,175,8550,0.2593480528424424,0.16355140186915887,21,1070,0,0,0,0
1365,0582_c0004_000.jpg,582,3,-1,True,175,8550,0.6907774261826003,0.4691689008042895,1,373,1,1,1,1
1366,0582_c0004_005.jpg,582,3,-1,True,175,8550,0.7407233862170762,0.4475703324808184,1,391,1,1,1,1
1367,0582_c0004_010.jpg,582,3,-1,True,175,8550,0.8459628971081397,0.4768392370572207,1,367,1,1,1,1
1368,0582_c0004_015.jpg,582,3,-1,True,175,8550,0.7721192771527587,0.5131964809384164,1,341,1,1,1,1
1369,0582_c0004_020.jpg,582,3,-1,True,175,8550,0.7998160971329338,0.541795665634675,1,323,1,1,1,1
1370,0582_c0005_000.jpg,582,4,-1,True,175,8550,0.8376097434159003,0.16248839368616527,1,1077,1,1,1,1
1371,0582_c0005_005.jpg,582,4,-1,True,175,8550,0.8139109656665126,0.15652951699463327,1,1118,1,1,1,1
1372,0582_c0005_010.jpg,582,4,-1,True,175,8550,0.7587726995358941,0.14022435897435898,1,1248,1,1,1,1
1373,0582_c0005_015.jpg,582,4,-1,True,175,8550,0.7714994128838913,0.14705882352941177,1,1190,1,1,1,1
1374,0582_c0005_020.jpg,582,4,-1,True,175,8550,0.814077592319778,0.1520417028670721,1,1151,1,1,1,1
1375,0582_c0006_000.jpg,582,5,-1,True,175,8550,0.8423611901299826,0.6679389312977099,1,262,1,1,1,1
1376,0582_c0006_005.jpg,582,5,-1,True,175,8550,0.9302520560418054,0.7028112449799196,1,249,1,1,1,1
1377,0582_c0006_010.jpg,582,5,-1,True,175,8550,0.8854166555092173,0.7172131147540983,1,244,1,1,1,1
1378,0582_c0006_015.jpg,582,5,-1,True,175,8550,0.9381413171828412,0.7777777777777778,1,225,1,1,1,1
1379,0582_c0006_020.jpg,582,5,-1,True,175,8550,0.9483197395874368,0.7028112449799196,1,249,1,1,1,1
1380,0582_c0007_000.jpg,582,6,-1,True,175,8550,0.8783011990224424,0.48342541436464087,1,362,1,1,1,1
1381,0582_c0007_005.jpg,582,6,-1,True,175,8550,0.895462994398009,0.5627009646302251,1,311,1,1,1,1
1382,0582_c0007_010.jpg,582,6,-1,True,175,8550,0.8865092104878126,0.5627009646302251,1,311,1,1,1,1
1383,0582_c0007_015.jpg,582,6,-1,True,175,8550,0.8788946019616086,0.5319148936170213,1,329,1,1,1,1
1384,0582_c0007_020.jpg,582,6,-1,True,175,8550,0.8423393142656735,0.49157303370786515,1,356,1,1,1,1
1385,0582_c0008_000.jpg,582,7,-1,True,175,8550,0.7572136530557283,0.38631346578366443,1,453,1,1,1,1
1386,0582_c0008_005.jpg,582,7,-1,True,175,8550,0.7841567204573952,0.33396946564885494,1,524,1,1,1,1
1387,0582_c0008_010.jpg,582,7,-1,True,175,8550,0.744706513035583,0.33589251439539347,1,521,1,1,1,1
1388,0582_c0008_015.jpg,582,7,-1,True,175,8550,0.7815814195680574,0.32649253731343286,1,536,1,1,1,1
1389,0582_c0008_020.jpg,582,7,-1,True,175,8550,0.7654026175308998,0.31876138433515483,1,549,1,1,1,1
1390,0584_c0001_000.jpg,584,0,-1,True,175,8550,0.8958435359602148,0.5401234567901234,1,324,1,1,1,1
1391,0584_c0001_005.jpg,584,0,-1,True,175,8550,0.8716457519476809,0.5116959064327485,1,342,1,1,1,1
1392,0584_c0001_010.jpg,584,0,-1,True,175,8550,0.8969504518262805,0.54858934169279,1,319,1,1,1,1
1393,0584_c0001_015.jpg,584,0,-1,True,175,8550,0.8688432593999759,0.5028735632183908,1,348,1,1,1,1
1394,0584_c0001_020.jpg,584,0,-1,True,175,8550,0.9238883046576192,0.7142857142857143,1,245,1,1,1,1
1395,0584_c0002_000.jpg,584,1,-1,True,175,8550,0.9342805849500646,0.587248322147651,1,298,1,1,1,1
1396,0584_c0002_005.jpg,584,1,-1,True,175,8550,0.9307637699485294,0.5756578947368421,1,304,1,1,1,1
1397,0584_c0002_010.jpg,584,1,-1,True,175,8550,0.9194609369559126,0.5177514792899408,1,338,1,1,1,1
1398,0584_c0002_015.jpg,584,1,-1,True,175,8550,0.9148738219624699,0.5368098159509203,1,326,1,1,1,1
1399,0584_c0002_020.jpg,584,1,-1,True,175,8550,0.9105409307486139,0.48342541436464087,1,362,1,1,1,1
1400,0584_c0003_000.jpg,584,2,-1,True,175,8550,0.6879235598070707,0.29914529914529914,1,585,1,1,1,1
1401,0584_c0003_005.jpg,584,2,-1,True,175,8550,0.7145144033794811,0.38461538461538464,1,455,1,1,1,1
1402,0584_c0003_010.jpg,584,2,-1,True,175,8550,0.7242876685479723,0.4088785046728972,1,428,1,1,1,1
1403,0584_c0003_015.jpg,584,2,-1,True,175,8550,0.7539459084586558,0.4146919431279621,1,422,1,1,1,1
1404,0584_c0003_020.jpg,584,2,-1,True,175,8550,0.702849700866338,0.38461538461538464,1,455,1,1,1,1
1405,0584_c0004_000.jpg,584,3,-1,True,175,8550,0.9195303360246476,0.7028112449799196,1,249,1,1,1,1
1406,0584_c0004_005.jpg,584,3,-1,True,175,8550,0.9318254019697376,0.708502024291498,1,247,1,1,1,1
1407,0584_c0004_010.jpg,584,3,-1,True,175,8550,0.9273466515687624,0.78125,1,224,1,1,1,1
1408,0584_c0004_015.jpg,584,3,-1,True,175,8550,0.9332653362736627,0.7322175732217573,1,239,1,1,1,1
1409,0584_c0004_020.jpg,584,3,-1,True,175,8550,0.9158784929477083,0.691699604743083,1,253,1,1,1,1
1410,0584_c0005_000.jpg,584,4,-1,True,175,8550,0.7716340794886993,0.3252788104089219,1,538,1,1,1,1
1411,0584_c0005_005.jpg,584,4,-1,True,175,8550,0.7668784404719166,0.341130604288499,1,513,1,1,1,1
1412,0584_c0005_010.jpg,584,4,-1,True,175,8550,0.7481409130468917,0.35,1,500,1,1,1,1
1413,0584_c0005_015.jpg,584,4,-1,True,175,8550,0.7502460267002237,0.2996575342465753,1,584,1,1,1,1
1414,0584_c0005_020.jpg,584,4,-1,True,175,8550,0.7432770882481627,0.27216174183514774,1,643,1,1,1,1
1415,0584_c0006_000.jpg,584,5,-1,True,175,8550,0.9401545638715749,0.5451713395638629,1,321,1,1,1,1
1416,0584_c0006_005.jpg,584,5,-1,True,175,8550,0.9274155281453386,0.43103448275862066,1,406,1,1,1,1
1417,0584_c0006_010.jpg,584,5,-1,True,175,8550,0.9231662923746361,0.4257907542579075,1,411,1,1,1,1
1418,0584_c0006_015.jpg,584,5,-1,True,175,8550,0.9169953368127436,0.41766109785202865,1,419,1,1,1,1
1419,0584_c0006_020.jpg,584,5,-1,True,175,8550,0.9103350938011827,0.3995433789954338,1,438,1,1,1,1
1420,0584_c0007_000.jpg,584,6,-1,True,175,8550,0.565520830815245,0.3113879003558719,1,562,1,1,1,1
1421,0584_c0007_005.jpg,584,6,-1,True,175,8550,0.577189948224646,0.3424657534246575,1,511,1,1,1,1
1422,0584_c0007_010.jpg,584,6,-1,True,175,8550,0.6102013821454083,0.3314393939393939,1,528,1,1,1,1
1423,0584_c0007_015.jpg,584,6,-1,True,175,8550,0.5923595223436108,0.30594405594405594,1,572,1,1,1,1
1424,0584_c0007_020.jpg,584,6,-1,True,175,8550,0.704389020084145,0.47554347826086957,1,368,1,1,1,1
1425,0584_c0008_000.jpg,584,7,-1,True,175,8550,0.8461900000630941,0.5932203389830508,1,295,1,1,1,1
1426,0584_c0008_005.jpg,584,7,-1,True,175,8550,0.8440972179515828,0.5972696245733788,1,293,1,1,1,1
1427,0584_c0008_010.jpg,584,7,-1,True,175,8550,0.8238932723082927,0.5833333333333334,1,300,1,1,1,1
1428,0584_c0008_015.jpg,584,7,-1,True,175,8550,0.7862870919681698,0.5591054313099042,1,313,1,1,1,1
1429,0584_c0008_020.jpg,584,7,-1,True,175,8550,0.7780134726593538,0.5952380952380952,1,294,1,1,1,1
1430,0586_c0001_000.jpg,586,0,-1,True,175,8550,0.9979302023065859,0.9358288770053476,1,187,1,1,1,1
1431,0586_c0001_005.jpg,586,0,-1,True,175,8550,1.0,1.0,1,175,1,1,1,1
1432,0586_c0001_010.jpg,586,0,-1,True,175,8550,0.9999675324675324,0.9943181818181818,1,176,1,1,1,1
1433,0586_c0001_015.jpg,586,0,-1,True,175,8550,0.9988199945525049,0.9615384615384616,1,182,1,1,1,1
1434,0586_c0001_020.jpg,586,0,-1,True,175,8550,0.9972288722663799,0.9259259259259259,1,189,1,1,1,1
1435,0586_c0002_000.jpg,586,1,-1,True,175,8550,0.9841103883645888,0.875,1,200,1,1,1,1
1436,0586_c0002_005.jpg,586,1,-1,True,175,8550,0.9875736272430606,0.8793969849246231,1,199,1,1,1,1
1437,0586_c0002_010.jpg,586,1,-1,True,175,8550,0.9818019092257211,0.8536585365853658,1,205,1,1,1,1
1438,0586_c0002_015.jpg,586,1,-1,True,175,8550,0.9883058684649102,0.8838383838383839,1,198,1,1,1,1
1439,0586_c0002_020.jpg,586,1,-1,True,175,8550,0.9898222797967281,0.8883248730964467,1,197,1,1,1,1
1440,0586_c0003_000.jpg,586,2,-1,True,175,8550,0.9764483883754929,0.6944444444444444,1,252,1,1,1,1
1441,0586_c0003_005.jpg,586,2,-1,True,175,8550,0.9643706611293478,0.691699604743083,1,253,1,1,1,1
1442,0586_c0003_010.jpg,586,2,-1,True,175,8550,0.9631801029922781,0.7056451612903226,1,248,1,1,1,1
1443,0586_c0003_015.jpg,586,2,-1,True,175,8550,0.9925475878287605,0.8663366336633663,1,202,1,1,1,1
1444,0586_c0003_020.jpg,586,2,-1,True,175,8550,0.9797300480921997,0.7608695652173914,1,230,1,1,1,1
1445,0586_c0004_000.jpg,586,3,-1,True,175,8550,1.0,1.0,1,175,1,1,1,1
1446,0586_c0004_005.jpg,586,3,-1,True,175,8550,1.0,1.0,1,175,1,1,1,1
1447,0586_c0004_010.jpg,586,3,-1,True,175,8550,1.0,1.0,1,175,1,1,1,1
1448,0586_c0004_015.jpg,586,3,-1,True,175,8550,1.0,1.0,1,175,1,1,1,1
1449,0586_c0004_020.jpg,586,3,-1,True,175,8550,1.0,1.0,1,175,1,1,1,1
1450,0586_c0005_000.jpg,586,4,-1,True,175,8550,1.0,1.0,1,175,1,1,1,1
1451,0586_c0005_005.jpg,586,4,-1,True,175,8550,1.0,1.0,1,175,1,1,1,1
1452,0586_c0005_010.jpg,586,4,-1,True,175,8550,1.0,1.0,1,175,1,1,1,1
1453,0586_c0005_015.jpg,586,4,-1,True,175,8550,1.0,1.0,1,175,1,1,1,1
1454,0586_c0005_020.jpg,586,4,-1,True,175,8550,1.0,1.0,1,175,1,1,1,1
1455,0586_c0006_000.jpg,586,5,-1,True,175,8550,1.0,1.0,1,175,1,1,1,1
1456,0586_c0006_005.jpg,586,5,-1,True,175,8550,1.0,1.0,1,175,1,1,1,1
1457,0586_c0006_010.jpg,586,5,-1,True,175,8550,1.0,1.0,1,175,1,1,1,1
1458,0586_c0006_015.jpg,586,5,-1,True,175,8550,1.0,1.0,1,175,1,1,1,1
1459,0586_c0006_020.jpg,586,5,-1,True,175,8550,1.0,1.0,1,175,1,1,1,1
1460,0586_c0007_000.jpg,586,6,-1,True,175,8550,1.0,1.0,1,175,1,1,1,1
1461,0586_c0007_005.jpg,586,6,-1,True,175,8550,1.0,1.0,1,175,1,1,1,1
1462,0586_c0007_010.jpg,586,6,-1,True,175,8550,1.0,1.0,1,175,1,1,1,1
1463,0586_c0007_015.jpg,586,6,-1,True,175,8550,1.0,1.0,1,175,1,1,1,1
1464,0586_c0007_020.jpg,586,6,-1,True,175,8550,1.0,1.0,1,175,1,1,1,1
1465,0586_c0008_000.jpg,586,7,-1,True,175,8550,1.0,1.0,1,175,1,1,1,1
1466,0586_c0008_005.jpg,586,7,-1,True,175,8550,1.0,1.0,1,175,1,1,1,1
1467,0586_c0008_010.jpg,586,7,-1,True,175,8550,1.0,1.0,1,175,1,1,1,1
1468,0586_c0008_015.jpg,586,7,-1,True,175,8550,1.0,1.0,1,175,1,1,1,1
1469,0586_c0008_020.jpg,586,7,-1,True,175,8550,1.0,1.0,1,175,1,1,1,1
1470,0588_c0001_000.jpg,588,0,-1,True,175,8550,0.8987667486558535,0.49157303370786515,1,356,1,1,1,1
1471,0588_c0001_005.jpg,588,0,-1,True,175,8550,0.8806926203701679,0.5303030303030303,1,330,1,1,1,1
1472,0588_c0001_010.jpg,588,0,-1,True,175,8550,0.9344879777082646,0.5537974683544303,1,316,1,1,1,1
1473,0588_c0001_015.jpg,588,0,-1,True,175,8550,0.8955844336182931,0.47297297297297297,1,370,1,1,1,1
1474,0588_c0001_020.jpg,588,0,-1,True,175,8550,0.9150973599301363,0.4768392370572207,1,367,1,1,1,1
1475,0588_c0002_000.jpg,588,1,-1,True,175,8550,0.8949509568544366,0.5087209302325582,1,344,1,1,1,1
1476,0588_c0002_005.jpg,588,1,-1,True,175,8550,0.911593990286454,0.5537974683544303,1,316,1,1,1,1
1477,0588_c0002_010.jpg,588,1,-1,True,175,8550,0.9214606121373452,0.5756578947368421,1,304,1,1,1,1
1478,0588_c0002_015.jpg,588,1,-1,True,175,8550,0.9131608049320575,0.5700325732899023,1,307,1,1,1,1
1479,0588_c0002_020.jpg,588,1,-1,True,175,8550,0.9090692517073629,0.5271084337349398,1,332,1,1,1,1
1480,0588_c0003_000.jpg,588,2,-1,True,175,8550,0.9967151430962409,0.9162303664921466,1,191,1,1,1,1
1481,0588_c0003_005.jpg,588,2,-1,True,175,8550,0.9817061108712272,0.7608695652173914,1,230,1,1,1,1
1482,0588_c0003_010.jpg,588,2,-1,True,175,8550,0.9743982189210123,0.7510729613733905,1,233,1,1,1,1
1483,0588_c0003_015.jpg,588,2,-1,True,175,8550,0.971307734621451,0.7231404958677686,1,242,1,1,1,1
1484,0588_c0003_020.jpg,588,2,-1,True,175,8550,0.9656935697356236,0.7056451612903226,1,248,1,1,1,1
1485,0588_c0004_000.jpg,588,3,-1,True,175,8550,0.6554924363986862,0.33206831119544594,1,527,1,1,1,1
1486,0588_c0004_005.jpg,588,3,-1,True,175,8550,0.6500438065849304,0.33524904214559387,1,522,1,1,1,1
1487,0588_c0004_010.jpg,588,3,-1,True,175,8550,0.7085350116287027,0.3771551724137931,1,464,1,1,1,1
1488,0588_c0004_015.jpg,588,3,-1,True,175,8550,0.6323930109339766,0.32833020637898686,1,533,1,1,1,1
1489,0588_c0004_020.jpg,588,3,-1,True,175,8550,0.6528400201287504,0.35787321063394684,1,489,1,1,1,1
1490,0588_c0005_000.jpg,588,4,-1,True,175,8550,0.9750735620178346,0.7641921397379913,1,229,1,1,1,1
1491,0588_c0005_005.jpg,588,4,-1,True,175,8550,0.9645001503299503,0.6554307116104869,1,267,1,1,1,1
1492,0588_c0005_010.jpg,588,4,-1,True,175,8550,0.9700981724031558,0.6944444444444444,1,252,1,1,1,1
1493,0588_c0005_015.jpg,588,4,-1,True,175,8550,0.9881377580232298,0.8373205741626795,1,209,1,1,1,1
1494,0588_c0005_020.jpg,588,4,-1,True,175,8550,0.9934409212209053,0.875,1,200,1,1,1,1
1495,0588_c0006_000.jpg,588,5,-1,True,175,8550,0.8875065561875584,0.875,1,200,1,1,1,1
1496,0588_c0006_005.jpg,588,5,-1,True,175,8550,0.9519498935848024,0.875,1,200,1,1,1,1
1497,0588_c0006_010.jpg,588,5,-1,True,175,8550,0.9578792739517105,0.875,1,200,1,1,1,1
1498,0588_c0006_015.jpg,588,5,-1,True,175,8550,0.9480593730673823,0.875,1,200,1,1,1,1
1499,0588_c0006_020.jpg,588,5,-1,True,175,8550,0.9370130737407119,0.875,1,200,1,1,1,1
1500,0588_c0007_000.jpg,588,6,-1,True,175,8550,0.9766110274628856,0.7028112449799196,1,249,1,1,1,1
1501,0588_c0007_005.jpg,588,6,-1,True,175,8550,0.9807028554400553,0.7446808510638298,1,235,1,1,1,1
1502,0588_c0007_010.jpg,588,6,-1,True,175,8550,0.9709925631919366,0.708502024291498,1,247,1,1,1,1
1503,0588_c0007_015.jpg,588,6,-1,True,175,8550,0.9994105603581154,0.9831460674157303,1,178,1,1,1,1
1504,0588_c0007_020.jpg,588,6,-1,True,175,8550,0.998168993039763,0.9668508287292817,1,181,1,1,1,1
1505,0588_c0008_000.jpg,588,7,-1,True,175,8550,0.9706489032780041,0.8578431372549019,1,204,1,1,1,1
1506,0588_c0008_005.jpg,588,7,-1,True,175,8550,0.9571676983311188,0.8373205741626795,1,209,1,1,1,1
1507,0588_c0008_010.jpg,588,7,-1,True,175,8550,0.9752567365865134,0.8064516129032258,1,217,1,1,1,1
1508,0588_c0008_015.jpg,588,7,-1,True,175,8550,0.9532949357832196,0.8177570093457944,1,214,1,1,1,1
1509,0588_c0008_020.jpg,588,7,-1,True,175,8550,0.9652631045784944,0.7543103448275862,1,232,1,1,1,1
1510,0590_c0001_000.jpg,590,0,-1,True,150,8550,1.0,1.0,1,150,1,1,1,1
1511,0590_c0001_005.jpg,590,0,-1,True,150,8550,1.0,1.0,1,150,1,1,1,1
1512,0590_c0001_010.jpg,590,0,-1,True,150,8550,1.0,1.0,1,150,1,1,1,1
1513,0590_c0001_015.jpg,590,0,-1,True,150,8550,1.0,1.0,1,150,1,1,1,1
1514,0590_c0001_020.jpg,590,0,-1,True,150,8550,1.0,1.0,1,150,1,1,1,1
1515,0590_c0002_000.jpg,590,1,-1,True,150,8550,0.9995741470366335,0.9493670886075949,1,158,1,1,1,1
1516,0590_c0002_005.jpg,590,1,-1,True,150,8550,0.9981810645429334,0.9259259259259259,1,162,1,1,1,1
1517,0590_c0002_010.jpg,590,1,-1,True,150,8550,0.9931120395990021,0.7936507936507936,1,189,1,1,1,1
1518,0590_c0002_015.jpg,590,1,-1,True,150,8550,0.9612617520466764,0.6024096385542169,1,249,1,1,1,1
1519,0590_c0002_020.jpg,590,1,-1,True,150,8550,0.9979755537354718,0.9202453987730062,1,163,1,1,1,1
1520,0590_c0004_000.jpg,590,3,-1,True,150,8550,0.9636973677067318,0.672645739910314,1,223,1,1,1,1
1521,0590_c0004_005.jpg,590,3,-1,True,150,8550,0.9240168270604598,0.5016722408026756,1,299,1,1,1,1
1522,0590_c0004_010.jpg,590,3,-1,True,150,8550,0.9509271864851682,0.6437768240343348,1,233,1,1,1,1
1523,0590_c0004_015.jpg,590,3,-1,True,150,8550,0.8932021595603062,0.47619047619047616,1,315,1,1,1,1
1524,0590_c0004_020.jpg,590,3,-1,True,150,8550,0.9186320588557184,0.4983388704318937,1,301,1,1,1,1
1525,0590_c0005_000.jpg,590,4,-1,True,150,8550,1.0,1.0,1,150,1,1,1,1
1526,0590_c0005_005.jpg,590,4,-1,True,150,8550,1.0,1.0,1,150,1,1,1,1
1527,0590_c0005_010.jpg,590,4,-1,True,150,8550,1.0,1.0,1,150,1,1,1,1
1528,0590_c0005_015.jpg,590,4,-1,True,150,8550,0.9954597605822714,0.9036144578313253,1,166,1,1,1,1
1529,0590_c0005_020.jpg,590,4,-1,True,150,8550,1.0,1.0,1,150,1,1,1,1
1530,0590_c0006_000.jpg,590,5,-1,True,150,8550,0.9981557664968951,0.9615384615384616,1,156,1,1,1,1
1531,0590_c0006_005.jpg,590,5,-1,True,150,8550,0.990994536933519,0.8287292817679558,1,181,1,1,1,1
1532,0590_c0006_010.jpg,590,5,-1,True,150,8550,0.9924489934287548,0.8241758241758241,1,182,1,1,1,1
1533,0590_c0006_015.jpg,590,5,-1,True,150,8550,0.9967173226707352,0.8982035928143712,1,167,1,1,1,1
1534,0590_c0006_020.jpg,590,5,-1,True,150,8550,0.9944151613304397,0.8620689655172413,1,174,1,1,1,1
1535,0590_c0007_000.jpg,590,6,-1,True,150,8550,1.0,1.0,1,150,1,1,1,1
1536,0590_c0007_005.jpg,590,6,-1,True,150,8550,1.0,1.0,1,150,1,1,1,1
1537,0590_c0007_010.jpg,590,6,-1,True,150,8550,1.0,1.0,1,150,1,1,1,1
1538,0590_c0007_015.jpg,590,6,-1,True,150,8550,1.0,1.0,1,150,1,1,1,1
1539,0590_c0007_020.jpg,590,6,-1,True,150,8550,1.0,1.0,1,150,1,1,1,1
1540,0590_c0008_000.jpg,590,7,-1,True,150,8550,0.9910343900275607,0.8152173913043478,1,184,1,1,1,1
1541,0590_c0008_005.jpg,590,7,-1,True,150,8550,0.9963506218881991,0.8875739644970414,1,169,1,1,1,1
1542,0590_c0008_010.jpg,590,7,-1,True,150,8550,0.9729262727840133,0.7075471698113207,1,212,1,1,1,1
1543,0590_c0008_015.jpg,590,7,-1,True,150,8550,0.9882416775935966,0.7352941176470589,1,204,1,1,1,1
1544,0590_c0008_020.jpg,590,7,-1,True,150,8550,0.9849668519967232,0.7142857142857143,1,210,1,1,1,1
1545,0592_c0001_000.jpg,592,0,-1,True,125,8550,0.9976105680865355,0.7716049382716049,1,162,1,1,1,1
1546,0592_c0001_005.jpg,592,0,-1,True,125,8550,0.9898286775087823,0.7621951219512195,1,164,1,1,1,1
1547,0592_c0001_010.jpg,592,0,-1,True,125,8550,0.9679791301356668,0.7225433526011561,1,173,1,1,1,1
1548,0592_c0001_015.jpg,592,0,-1,True,125,8550,0.9828630932254604,0.702247191011236,1,178,1,1,1,1
1549,0592_c0001_020.jpg,592,0,-1,True,125,8550,0.9926764315062611,0.8333333333333334,1,150,1,1,1,1
1550,0592_c0002_000.jpg,592,1,-1,True,125,8550,0.9833008956990168,0.8333333333333334,1,150,1,1,1,1
1551,0592_c0002_005.jpg,592,1,-1,True,125,8550,0.9736334707965294,0.7763975155279503,1,161,1,1,1,1
1552,0592_c0002_010.jpg,592,1,-1,True,125,8550,0.964344191462961,0.7763975155279503,1,161,1,1,1,1
1553,0592_c0002_015.jpg,592,1,-1,True,125,8550,0.9651643674345447,0.78125,1,160,1,1,1,1
1554,0592_c0002_020.jpg,592,1,-1,True,125,8550,0.9599033437697692,0.7062146892655368,1,177,1,1,1,1
1555,0592_c0003_000.jpg,592,2,-1,True,125,8550,0.6307202581031099,0.36127167630057805,1,346,1,1,1,1
1556,0592_c0003_005.jpg,592,2,-1,True,125,8550,0.7815594389463368,0.4222972972972973,1,296,1,1,1,1
1557,0592_c0003_010.jpg,592,2,-1,True,125,8550,0.9153617414134171,0.4699248120300752,1,266,1,1,1,1
1558,0592_c0003_015.jpg,592,2,-1,True,125,8550,0.8500444580820404,0.38580246913580246,1,324,1,1,1,1
1559,0592_c0003_020.jpg,592,2,-1,True,125,8550,0.8712233944400956,0.39184952978056425,1,319,1,1,1,1
1560,0592_c0005_000.jpg,592,4,-1,True,125,8550,0.9848488608267123,0.8503401360544217,1,147,1,1,1,1
1561,0592_c0005_005.jpg,592,4,-1,True,125,8550,0.9919096654618955,0.8620689655172413,1,145,1,1,1,1
1562,0592_c0005_010.jpg,592,4,-1,True,125,8550,0.9911655322808579,0.8561643835616438,1,146,1,1,1,1
1563,0592_c0005_015.jpg,592,4,-1,True,125,8550,0.9902449056061101,0.8333333333333334,1,150,1,1,1,1
1564,0592_c0005_020.jpg,592,4,-1,True,125,8550,0.9603420170207912,0.7183908045977011,1,174,1,1,1,1
1565,0592_c0006_000.jpg,592,5,-1,True,125,8550,0.9571198659976858,0.6476683937823834,1,193,1,1,1,1
1566,0592_c0006_005.jpg,592,5,-1,True,125,8550,0.9319474454124407,0.5102040816326531,1,245,1,1,1,1
1567,0592_c0006_010.jpg,592,5,-1,True,125,8550,0.9484369554246588,0.6410256410256411,1,195,1,1,1,1
1568,0592_c0006_015.jpg,592,5,-1,True,125,8550,0.9448123865501696,0.6410256410256411,1,195,1,1,1,1
1569,0592_c0006_020.jpg,592,5,-1,True,125,8550,0.9371971391909624,0.6410256410256411,1,195,1,1,1,1
1570,0592_c0007_000.jpg,592,6,-1,True,125,8550,0.9264952847804818,0.5482456140350878,1,228,1,1,1,1
1571,0592_c0007_005.jpg,592,6,-1,True,125,8550,0.9372151967989677,0.5707762557077626,1,219,1,1,1,1
1572,0592_c0007_010.jpg,592,6,-1,True,125,8550,0.9147299924197382,0.5165289256198347,1,242,1,1,1,1
1573,0592_c0007_015.jpg,592,6,-1,True,125,8550,0.924671101129512,0.5458515283842795,1,229,1,1,1,1
1574,0592_c0007_020.jpg,592,6,-1,True,125,8550,0.921703528402961,0.5186721991701245,1,241,1,1,1,1
1575,0594_c0001_000.jpg,594,0,-1,True,150,8550,0.9967957299803101,0.8670520231213873,1,173,1,1,1,1
1576,0594_c0001_005.jpg,594,0,-1,True,150,8550,0.9947674209497355,0.8620689655172413,1,174,1,1,1,1
1577,0594_c0001_010.jpg,594,0,-1,True,150,8550,0.9423196934786408,0.7772020725388601,1,193,1,1,1,1
1578,0594_c0001_015.jpg,594,0,-1,True,150,8550,0.9611787851713749,0.7614213197969543,1,197,1,1,1,1
1579,0594_c0001_020.jpg,594,0,-1,True,150,8550,0.9916414379995134,0.8522727272727273,1,176,1,1,1,1
1580,0594_c0002_000.jpg,594,1,-1,True,150,8550,1.0,1.0,1,150,1,1,1,1
1581,0594_c0002_005.jpg,594,1,-1,True,150,8550,1.0,1.0,1,150,1,1,1,1
1582,0594_c0002_010.jpg,594,1,-1,True,150,8550,1.0,1.0,1,150,1,1,1,1
1583,0594_c0002_015.jpg,594,1,-1,True,150,8550,1.0,1.0,1,150,1,1,1,1
1584,0594_c0002_020.jpg,594,1,-1,True,150,8550,1.0,1.0,1,150,1,1,1,1
1585,0594_c0003_000.jpg,594,2,-1,True,150,8550,0.8864729966839153,0.6666666666666666,1,225,1,1,1,1
1586,0594_c0003_005.jpg,594,2,-1,True,150,8550,0.8886361801534526,0.6666666666666666,1,225,1,1,1,1
1587,0594_c0003_010.jpg,594,2,-1,True,150,8550,0.8865037974290745,0.6666666666666666,1,225,1,1,1,1
1588,0594_c0003_015.jpg,594,2,-1,True,150,8550,0.9125881922013794,0.6666666666666666,1,225,1,1,1,1
1589,0594_c0003_020.jpg,594,2,-1,True,150,8550,0.9279423946740694,0.6666666666666666,1,225,1,1,1,1
1590,0594_c0005_000.jpg,594,4,-1,True,150,8550,1.0,1.0,1,150,1,1,1,1
1591,0594_c0005_005.jpg,594,4,-1,True,150,8550,1.0,1.0,1,150,1,1,1,1
1592,0594_c0005_010.jpg,594,4,-1,True,150,8550,1.0,1.0,1,150,1,1,1,1
1593,0594_c0005_015.jpg,594,4,-1,True,150,8550,1.0,1.0,1,150,1,1,1,1
1594,0594_c0005_020.jpg,594,4,-1,True,150,8550,0.9994692376607912,0.9803921568627451,1,153,1,1,1,1
1595,0594_c0006_000.jpg,594,5,-1,True,150,8550,1.0,1.0,1,150,1,1,1,1
1596,0594_c0006_005.jpg,594,5,-1,True,150,8550,1.0,1.0,1,150,1,1,1,1
1597,0594_c0006_010.jpg,594,5,-1,True,150,8550,1.0,1.0,1,150,1,1,1,1
1598,0594_c0006_015.jpg,594,5,-1,True,150,8550,1.0,1.0,1,150,1,1,1,1
1599,0594_c0006_020.jpg,594,5,-1,True,150,8550,1.0,1.0,1,150,1,1,1,1
1600,0594_c0007_000.jpg,594,6,-1,True,150,8550,1.0,1.0,1,150,1,1,1,1
1601,0594_c0007_005.jpg,594,6,-1,True,150,8550,1.0,1.0,1,150,1,1,1,1
1602,0594_c0007_010.jpg,594,6,-1,True,150,8550,1.0,1.0,1,150,1,1,1,1
1603,0594_c0007_015.jpg,594,6,-1,True,150,8550,1.0,1.0,1,150,1,1,1,1
1604,0594_c0007_020.jpg,594,6,-1,True,150,8550,1.0,1.0,1,150,1,1,1,1
1605,0594_c0008_000.jpg,594,7,-1,True,150,8550,0.9161976531466087,0.5859375,1,256,1,1,1,1
1606,0594_c0008_005.jpg,594,7,-1,True,150,8550,0.8170566022510491,0.5338078291814946,1,281,1,1,1,1
1607,0594_c0008_010.jpg,594,7,-1,True,150,8550,0.8583469238532617,0.5791505791505791,1,259,1,1,1,1
1608,0594_c0008_015.jpg,594,7,-1,True,150,8550,0.8764598366648757,0.6550218340611353,1,229,1,1,1,1
1609,0594_c0008_020.jpg,594,7,-1,True,150,8550,0.8493556715864619,0.6550218340611353,1,229,1,1,1,1
1610,0596_c0001_000.jpg,596,0,-1,True,175,8550,0.9999675324675324,0.9943181818181818,1,176,1,1,1,1
1611,0596_c0001_005.jpg,596,0,-1,True,175,8550,0.996235287077812,0.813953488372093,1,215,1,1,1,1
1612,0596_c0001_010.jpg,596,0,-1,True,175,8550,0.9800930216815849,0.6554307116104869,1,267,1,1,1,1
1613,0596_c0001_015.jpg,596,0,-1,True,175,8550,0.9764048065118953,0.6433823529411765,1,272,1,1,1,1
1614,0596_c0001_020.jpg,596,0,-1,True,175,8550,0.9981761534365985,0.9408602150537635,1,186,1,1,1,1
1615,0596_c0002_000.jpg,596,1,-1,True,175,8550,0.8801826703467786,0.3246753246753247,1,539,1,1,1,1
1616,0596_c0002_005.jpg,596,1,-1,True,175,8550,0.8851113353574754,0.4985754985754986,1,351,1,1,1,1
1617,0596_c0002_010.jpg,596,1,-1,True,175,8550,0.8907694318188591,0.4257907542579075,1,411,1,1,1,1
1618,0596_c0002_015.jpg,596,1,-1,True,175,8550,0.8505701050701964,0.3027681660899654,1,578,1,1,1,1
1619,0596_c0002_020.jpg,596,1,-1,True,175,8550,0.8463698034985616,0.29711375212224106,1,589,1,1,1,1
1620,0596_c0003_000.jpg,596,2,-1,True,175,8550,0.9926941245762523,0.875,1,200,1,1,1,1
1621,0596_c0003_005.jpg,596,2,-1,True,175,8550,0.9650040618160982,0.603448275862069,1,290,1,1,1,1
1622,0596_c0003_010.jpg,596,2,-1,True,175,8550,0.9640355385228807,0.5852842809364549,1,299,1,1,1,1
1623,0596_c0003_015.jpg,596,2,-1,True,175,8550,0.9823353526354864,0.7543103448275862,1,232,1,1,1,1
1624,0596_c0003_020.jpg,596,2,-1,True,175,8550,0.9911623628233789,0.8373205741626795,1,209,1,1,1,1
1625,0596_c0004_000.jpg,596,3,-1,True,175,8550,0.9696159878982167,0.6730769230769231,1,260,1,1,1,1
1626,0596_c0004_005.jpg,596,3,-1,True,175,8550,0.9725346975981412,0.6972111553784861,1,251,1,1,1,1
1627,0596_c0004_010.jpg,596,3,-1,True,175,8550,0.9713982933669029,0.720164609053498,1,243,1,1,1,1
1628,0596_c0004_015.jpg,596,3,-1,True,175,8550,0.9878618052873195,0.7291666666666666,1,240,1,1,1,1
1629,0596_c0004_020.jpg,596,3,-1,True,175,8550,0.9847061476249691,0.7608695652173914,1,230,1,1,1,1
1630,0596_c0005_000.jpg,596,4,-1,True,175,8550,0.9562041484640164,0.7028112449799196,1,249,1,1,1,1
1631,0596_c0005_005.jpg,596,4,-1,True,175,8550,0.9801009234807605,0.8413461538461539,1,208,1,1,1,1
1632,0596_c0005_010.jpg,596,4,-1,True,175,8550,0.9319000478596257,0.4679144385026738,1,374,1,1,1,1
1633,0596_c0005_015.jpg,596,4,-1,True,175,8550,0.9579839522139739,0.7291666666666666,1,240,1,1,1,1
1634,0596_c0005_020.jpg,596,4,-1,True,175,8550,0.9430506079697459,0.6679389312977099,1,262,1,1,1,1
1635,0596_c0006_000.jpg,596,5,-1,True,175,8550,1.0,1.0,1,175,1,1,1,1
1636,0596_c0006_005.jpg,596,5,-1,True,175,8550,1.0,1.0,1,175,1,1,1,1
1637,0596_c0006_010.jpg,596,5,-1,True,175,8550,1.0,1.0,1,175,1,1,1,1
1638,0596_c0006_015.jpg,596,5,-1,True,175,8550,1.0,1.0,1,175,1,1,1,1
1639,0596_c0006_020.jpg,596,5,-1,True,175,8550,1.0,1.0,1,175,1,1,1,1
1640,0596_c0007_000.jpg,596,6,-1,True,175,8550,1.0,1.0,1,175,1,1,1,1
1641,0596_c0007_005.jpg,596,6,-1,True,175,8550,1.0,1.0,1,175,1,1,1,1
1642,0596_c0007_010.jpg,596,6,-1,True,175,8550,1.0,1.0,1,175,1,1,1,1
1643,0596_c0007_015.jpg,596,6,-1,True,175,8550,1.0,1.0,1,175,1,1,1,1
1644,0596_c0007_020.jpg,596,6,-1,True,175,8550,1.0,1.0,1,175,1,1,1,1
1645,0596_c0008_000.jpg,596,7,-1,True,175,8550,0.996763637971661,0.8254716981132075,1,212,1,1,1,1
1646,0596_c0008_005.jpg,596,7,-1,True,175,8550,1.0,1.0,1,175,1,1,1,1
1647,0596_c0008_010.jpg,596,7,-1,True,175,8550,1.0,1.0,1,175,1,1,1,1
1648,0596_c0008_015.jpg,596,7,-1,True,175,8550,1.0,1.0,1,175,1,1,1,1
1649,0596_c0008_020.jpg,596,7,-1,True,175,8550,0.9989435967796624,0.9259259259259259,1,189,1,1,1,1
1650,0598_c0001_000.jpg,598,0,-1,True,100,8550,0.916866720636557,0.5494505494505495,1,182,1,1,1,1
1651,0598_c0001_005.jpg,598,0,-1,True,100,8550,0.9900015490704253,0.819672131147541,1,122,1,1,1,1
1652,0598_c0001_010.jpg,598,0,-1,True,100,8550,1.0,1.0,1,100,1,1,1,1
1653,0598_c0001_015.jpg,598,0,-1,True,100,8550,1.0,1.0,1,100,1,1,1,1
1654,0598_c0001_020.jpg,598,0,-1,True,100,8550,0.9946377024807523,0.9615384615384616,1,104,1,1,1,1
1655,0598_c0002_000.jpg,598,1,-1,True,100,8550,1.0,1.0,1,100,1,1,1,1
1656,0598_c0002_005.jpg,598,1,-1,True,100,8550,1.0,1.0,1,100,1,1,1,1
1657,0598_c0002_010.jpg,598,1,-1,True,100,8550,1.0,1.0,1,100,1,1,1,1
1658,0598_c0002_015.jpg,598,1,-1,True,100,8550,1.0,1.0,1,100,1,1,1,1
1659,0598_c0002_020.jpg,598,1,-1,True,100,8550,1.0,1.0,1,100,1,1,1,1
1660,0598_c0003_000.jpg,598,2,-1,True,100,8550,0.9781070872801108,0.5617977528089888,1,178,1,1,1,1
1661,0598_c0003_005.jpg,598,2,-1,True,100,8550,0.965027343736304,0.4975124378109453,1,201,1,1,1,1
1662,0598_c0003_010.jpg,598,2,-1,True,100,8550,0.9623968922939405,0.4830917874396135,1,207,1,1,1,1
1663,0598_c0003_015.jpg,598,2,-1,True,100,8550,0.9632198438226228,0.5434782608695652,1,184,1,1,1,1
1664,0598_c0003_020.jpg,598,2,-1,True,100,8550,0.9639933080767752,0.5208333333333334,1,192,1,1,1,1
1665,0598_c0007_000.jpg,598,6,-1,True,100,8550,0.770431706353928,0.2898550724637681,1,345,1,1,1,1
1666,0598_c0007_005.jpg,598,6,-1,True,100,8550,0.7978166928421804,0.33783783783783783,1,296,1,1,1,1
1667,0598_c0007_010.jpg,598,6,-1,True,100,8550,0.7974282621492044,0.33783783783783783,1,296,1,1,1,1
1668,0598_c0007_015.jpg,598,6,-1,True,100,8550,0.7895919505797313,0.29673590504451036,1,337,1,1,1,1
1669,0598_c0007_020.jpg,598,6,-1,True,100,8550,0.787879196912865,0.31545741324921134,1,317,1,1,1,1
1670,0598_c0008_000.jpg,598,7,-1,True,100,8550,0.7936212753640659,0.3597122302158273,1,278,1,1,1,1
1671,0598_c0008_005.jpg,598,7,-1,True,100,8550,0.8435683037888666,0.49019607843137253,1,204,1,1,1,1
1672,0598_c0008_010.jpg,598,7,-1,True,100,8550,0.8713103900755635,0.5376344086021505,1,186,1,1,1,1
1673,0598_c0008_015.jpg,598,7,-1,True,100,8550,0.8678233233556324,0.5434782608695652,1,184,1,1,1,1
1674,0598_c0008_020.jpg,598,7,-1,True,100,8550,0.9053342791437826,0.6024096385542169,1,166,1,1,1,1
1675,0600_c0001_000.jpg,600,0,-1,True,175,8550,0.954192435090189,0.5608974358974359,1,312,1,1,1,1
1676,0600_c0001_005.jpg,600,0,-1,True,175,8550,0.9718537849501274,0.6340579710144928,1,276,1,1,1,1
1677,0600_c0001_010.jpg,600,0,-1,True,175,8550,0.9592635650413365,0.5351681957186545,1,327,1,1,1,1
1678,0600_c0001_015.jpg,600,0,-1,True,175,8550,0.965781135964961,0.7172131147540983,1,244,1,1,1,1
1679,0600_c0001_020.jpg,600,0,-1,True,175,8550,0.9749534363298004,0.7383966244725738,1,237,1,1,1,1
1680,0600_c0002_000.jpg,600,1,-1,True,175,8550,0.881379842691496,0.1524390243902439,1,1148,1,1,1,1
1681,0600_c0002_005.jpg,600,1,-1,True,175,8550,0.7798827773631116,0.1111111111111111,1,1575,1,1,1,1
1682,0600_c0002_010.jpg,600,1,-1,True,175,8550,0.6859151306517085,0.09505703422053231,1,1841,1,1,1,1
1683,0600_c0002_015.jpg,600,1,-1,True,175,8550,0.7229050729956031,0.12690355329949238,1,1379,1,1,1,1
1684,0600_c0002_020.jpg,600,1,-1,True,175,8550,0.5497717997350312,0.09982886480319453,2,1753,0,1,1,1
1685,0600_c0003_000.jpg,600,2,-1,True,175,8550,1.0,1.0,1,175,1,1,1,1
1686,0600_c0003_005.jpg,600,2,-1,True,175,8550,1.0,1.0,1,175,1,1,1,1
1687,0600_c0003_010.jpg,600,2,-1,True,175,8550,1.0,1.0,1,175,1,1,1,1
1688,0600_c0003_015.jpg,600,2,-1,True,175,8550,1.0,1.0,1,175,1,1,1,1
1689,0600_c0003_020.jpg,600,2,-1,True,175,8550,1.0,1.0,1,175,1,1,1,1
1690,0600_c0004_000.jpg,600,3,-1,True,175,8550,0.932595750039897,0.2734375,1,640,1,1,1,1
1691,0600_c0004_005.jpg,600,3,-1,True,175,8550,0.9451549629142164,0.352112676056338,1,497,1,1,1,1
1692,0600_c0004_010.jpg,600,3,-1,True,175,8550,0.9047022720308567,0.17326732673267325,1,1010,1,1,1,1
1693,0600_c0004_015.jpg,600,3,-1,True,175,8550,0.9055713181302824,0.17309594460929772,1,1011,1,1,1,1
1694,0600_c0004_020.jpg,600,3,-1,True,175,8550,0.8778385902847538,0.10150812064965198,1,1724,1,1,1,1
1695,0600_c0005_000.jpg,600,4,-1,True,175,8550,0.9566640816267818,0.4430379746835443,1,395,1,1,1,1
1696,0600_c0005_005.jpg,600,4,-1,True,175,8550,0.981328010358889,0.5663430420711975,1,309,1,1,1,1
1697,0600_c0005_010.jpg,600,4,-1,True,175,8550,0.9885185292094236,0.6529850746268657,1,268,1,1,1,1
1698,0600_c0005_015.jpg,600,4,-1,True,175,8550,0.9748257054718175,0.5520504731861199,1,317,1,1,1,1
1699,0600_c0005_020.jpg,600,4,-1,True,175,8550,0.9885666819080845,0.6679389312977099,1,262,1,1,1,1
1700,0600_c0006_000.jpg,600,5,-1,True,175,8550,1.0,1.0,1,175,1,1,1,1
1701,0600_c0006_005.jpg,600,5,-1,True,175,8550,1.0,1.0,1,175,1,1,1,1
1702,0600_c0006_010.jpg,600,5,-1,True,175,8550,0.9999675324675324,0.9943181818181818,1,176,1,1,1,1
1703,0600_c0006_015.jpg,600,5,-1,True,175,8550,0.9995767195767196,0.9259259259259259,1,189,1,1,1,1
1704,0600_c0006_020.jpg,600,5,-1,True,175,8550,1.0,1.0,1,175,1,1,1,1
1705,0600_c0007_000.jpg,600,6,-1,True,175,8550,1.0,1.0,1,175,1,1,1,1
1706,0600_c0007_005.jpg,600,6,-1,True,175,8550,1.0,1.0,1,175,1,1,1,1
1707,0600_c0007_010.jpg,600,6,-1,True,175,8550,1.0,1.0,1,175,1,1,1,1
1708,0600_c0007_015.jpg,600,6,-1,True,175,8550,1.0,1.0,1,175,1,1,1,1
1709,0600_c0007_020.jpg,600,6,-1,True,175,8550,0.9999354317998385,0.9887005649717514,1,177,1,1,1,1
1710,0600_c0008_000.jpg,600,7,-1,True,175,8550,1.0,1.0,1,175,1,1,1,1
1711,0600_c0008_005.jpg,600,7,-1,True,175,8550,1.0,1.0,1,175,1,1,1,1
1712,0600_c0008_010.jpg,600,7,-1,True,175,8550,1.0,1.0,1,175,1,1,1,1
1713,0600_c0008_015.jpg,600,7,-1,True,175,8550,1.0,1.0,1,175,1,1,1,1
1714,0600_c0008_020.jpg,600,7,-1,True,175,8550,1.0,1.0,1,175,1,1,1,1
