query_index,name,identity,camera,scene,valid,relevant_gallery,kept_gallery,AP,INP,first_match,last_match,Rank-1,Rank-5,Rank-10,Rank-20
0,0502_c0001_000.jpg,502,0,-1,True,175,8550,0.7220875670509866,0.4943502824858757,1,354,1,1,1,1
1,0502_c0001_005.jpg,502,0,-1,True,175,8550,0.7004606638337496,0.5043227665706052,1,347,1,1,1,1
2,0502_c0001_010.jpg,502,0,-1,True,175,8550,0.7108291312424935,0.4861111111111111,1,360,1,1,1,1
3,0502_c0001_015.jpg,502,0,-1,True,175,8550,0.7145085907529486,0.5192878338278932,1,337,1,1,1,1
4,0502_c0001_020.jpg,502,0,-1,True,175,8550,0.7234144291166623,0.5368098159509203,1,326,1,1,1,1
5,0502_c0002_000.jpg,502,1,-1,True,175,8550,0.8681303490854089,0.4691689008042895,1,373,1,1,1,1
6,0502_c0002_005.jpg,502,1,-1,True,175,8550,0.8672193954456046,0.4581151832460733,1,382,1,1,1,1
7,0502_c0002_010.jpg,502,1,-1,True,175,8550,0.8653168488211093,0.46419098143236076,1,377,1,1,1,1
8,0502_c0002_015.jpg,502,1,-1,True,175,8550,0.8746248504986147,0.4943502824858757,1,354,1,1,1,1
9,0502_c0002_020.jpg,502,1,-1,True,175,8550,0.8923691915890981,0.5319148936170213,1,329,1,1,1,1
10,0502_c0003_000.jpg,502,2,-1,True,175,8550,0.6715155696784034,0.29711375212224106,1,589,1,1,1,1
11,0502_c0003_005.jpg,502,2,-1,True,175,8550,0.6700931412764195,0.29914529914529914,1,585,1,1,1,1
12,0502_c0003_010.jpg,502,2,-1,True,175,8550,0.6780107824723399,0.2981260647359455,1,587,1,1,1,1
13,0502_c0003_015.jpg,502,2,-1,True,175,8550,0.6966156923625638,0.31876138433515483,1,549,1,1,1,1
14,0502_c0003_020.jpg,502,2,-1,True,175,8550,0.6791204336397662,0.28,1,625,1,1,1,1
15,0502_c0004_000.jpg,502,3,-1,True,175,8550,0.84877978646799,0.32649253731343286,1,536,1,1,1,1
16,0502_c0004_005.jpg,502,3,-1,True,175,8550,0.8688988702455666,0.373134328358209,1,469,1,1,1,1
17,0502_c0004_010.jpg,502,3,-1,True,175,8550,0.8704256426111234,0.4206730769230769,1,416,1,1,1,1
18,0502_c0004_015.jpg,502,3,-1,True,175,8550,0.8894542326741449,0.4820936639118457,1,363,1,1,1,1
19,0502_c0004_020.jpg,502,3,-1,True,175,8550,0.8673529689316155,0.38209606986899564,1,458,1,1,1,1
20,0502_c0005_000.jpg,502,4,-1,True,175,8550,0.8725442783346221,0.6340579710144928,1,276,1,1,1,1
21,0502_c0005_005.jpg,502,4,-1,True,175,8550,0.8841872876262362,0.6628787878787878,1,264,1,1,1,1
22,0502_c0005_010.jpg,502,4,-1,True,175,8550,0.8741751060602964,0.6272401433691757,1,279,1,1,1,1
23,0502_c0005_015.jpg,502,4,-1,True,175,8550,0.8789244235761615,0.6628787878787878,1,264,1,1,1,1
24,0502_c0005_020.jpg,502,4,-1,True,175,8550,0.9000363877392101,0.7231404958677686,1,242,1,1,1,1
25,0502_c0006_000.jpg,502,5,-1,True,175,8550,0.7092888065842243,0.390625,1,448,1,1,1,1
26,0502_c0006_005.jpg,502,5,-1,True,175,8550,0.7271272004605743,0.4050925925925926,1,432,1,1,1,1
27,0502_c0006_010.jpg,502,5,-1,True,175,8550,0.7065265840656788,0.3977272727272727,1,440,1,1,1,1
28,0502_c0006_015.jpg,502,5,-1,True,175,8550,0.689494630340218,0.3923766816143498,1,446,1,1,1,1
29,0502_c0006_020.jpg,502,5,-1,True,175,8550,0.6681262351448639,0.40229885057471265,1,435,1,1,1,1
30,0502_c0007_000.jpg,502,6,-1,True,175,8550,0.9066207839216682,0.7777777777777778,1,225,1,1,1,1
31,0502_c0007_005.jpg,502,6,-1,True,175,8550,0.941646777581125,0.7777777777777778,1,225,1,1,1,1
32,0502_c0007_010.jpg,502,6,-1,True,175,8550,0.9262417659904278,0.7777777777777778,1,225,1,1,1,1
33,0502_c0007_015.jpg,502,6,-1,True,175,8550,0.9256387813964542,0.7777777777777778,1,225,1,1,1,1
34,0502_c0007_020.jpg,502,6,-1,True,175,8550,0.9189570547966657,0.7777777777777778,1,225,1,1,1,1
35,0502_c0008_000.jpg,502,7,-1,True,175,8550,1.0,1.0,1,175,1,1,1,1
36,0502_c0008_005.jpg,502,7,-1,True,175,8550,1.0,1.0,1,175,1,1,1,1
37,0502_c0008_010.jpg,502,7,-1,True,175,8550,1.0,1.0,1,175,1,1,1,1
38,0502_c0008_015.jpg,502,7,-1,True,175,8550,1.0,1.0,1,175,1,1,1,1
39,0502_c0008_020.jpg,502,7,-1,True,175,8550,1.0,1.0,1,175,1,1,1,1
40,0504_c0001_000.jpg,504,0,-1,True,150,8550,0.9554999678048224,0.75,1,200,1,1,1,1
41,0504_c0001_005.jpg,504,0,-1,True,150,8550,0.95528442223048,0.75,1,200,1,1,1,1
42,0504_c0001_010.jpg,504,0,-1,True,150,8550,0.9553395186492127,0.75,1,200,1,1,1,1
43,0504_c0001_015.jpg,504,0,-1,True,150,8550,0.9556928925737107,0.75,1,200,1,1,1,1
44,0504_c0001_020.jpg,504,0,-1,True,150,8550,0.9552272955585479,0.75,1,200,1,1,1,1
45,0504_c0002_000.jpg,504,1,-1,True,150,8550,0.8615437665299635,0.8571428571428571,1,175,1,1,1,1
46,0504_c0002_005.jpg,504,1,-1,True,150,8550,0.8596004450277838,0.8571428571428571,1,175,1,1,1,1
47,0504_c0002_010.jpg,504,1,-1,True,150,8550,0.8599429107812083,0.8571428571428571,1,175,1,1,1,1
48,0504_c0002_015.jpg,504,1,-1,True,150,8550,0.861901276438305,0.8571428571428571,1,175,1,1,1,1
49,0504_c0002_020.jpg,504,1,-1,True,150,8550,0.8639575145917452,0.8571428571428571,1,175,1,1,1,1
50,0504_c0003_000.jpg,504,2,-1,True,150,8550,0.9943794260836664,0.9036144578313253,1,166,1,1,1,1
51,0504_c0003_005.jpg,504,2,-1,True,150,8550,0.9758629484672254,0.7936507936507936,1,189,1,1,1,1
52,0504_c0003_010.jpg,504,2,-1,True,150,8550,0.9957801972596534,0.8982035928143712,1,167,1,1,1,1
53,0504_c0003_015.jpg,504,2,-1,True,150,8550,0.9954408665039146,0.8982035928143712,1,167,1,1,1,1
54,0504_c0003_020.jpg,504,2,-1,True,150,8550,1.0,1.0,1,150,1,1,1,1
55,0504_c0005_000.jpg,504,4,-1,True,150,8550,0.9749707277231535,0.8571428571428571,1,175,1,1,1,1
56,0504_c0005_005.jpg,504,4,-1,True,150,8550,0.9874168179165301,0.872093023255814,1,172,1,1,1,1
57,0504_c0005_010.jpg,504,4,-1,True,150,8550,0.9980865334191701,0.9259259259259259,1,162,1,1,1,1
58,0504_c0005_015.jpg,504,4,-1,True,150,8550,0.9841410837758341,0.8670520231213873,1,173,1,1,1,1
59,0504_c0005_020.jpg,504,4,-1,True,150,8550,0.9750504787774656,0.8571428571428571,1,175,1,1,1,1
60,0504_c0006_000.jpg,504,5,-1,True,150,8550,1.0,1.0,1,150,1,1,1,1
61,0504_c0006_005.jpg,504,5,-1,True,150,8550,1.0,1.0,1,150,1,1,1,1
62,0504_c0006_010.jpg,504,5,-1,True,150,8550,1.0,1.0,1,150,1,1,1,1
63,0504_c0006_015.jpg,504,5,-1,True,150,8550,1.0,1.0,1,150,1,1,1,1
64,0504_c0006_020.jpg,504,5,-1,True,150,8550,1.0,1.0,1,150,1,1,1,1
65,0504_c0007_000.jpg,504,6,-1,True,150,8550,0.9794528605026123,0.8571428571428571,1,175,1,1,1,1
66,0504_c0007_005.jpg,504,6,-1,True,150,8550,0.9840598898837785,0.8620689655172413,1,174,1,1,1,1
67,0504_c0007_010.jpg,504,6,-1,True,150,8550,0.9861599739818381,0.872093023255814,1,172,1,1,1,1
68,0504_c0007_015.jpg,504,6,-1,True,150,8550,0.985778378078063,0.872093023255814,1,172,1,1,1,1
69,0504_c0007_020.jpg,504,6,-1,True,150,8550,0.9941601005794158,0.9036144578313253,1,166,1,1,1,1
70,0504_c0008_000.jpg,504,7,-1,True,150,8550,0.9566140976369649,0.8571428571428571,1,175,1,1,1,1
71,0504_c0008_005.jpg,504,7,-1,True,150,8550,0.9708775821555014,0.8571428571428571,1,175,1,1,1,1
72,0504_c0008_010.jpg,504,7,-1,True,150,8550,0.9601450980270966,0.8571428571428571,1,175,1,1,1,1
73,0504_c0008_015.jpg,504,7,-1,True,150,8550,0.9651979389277964,0.8571428571428571,1,175,1,1,1,1
74,0504_c0008_020.jpg,504,7,-1,True,150,8550,0.9864199133057233,0.8823529411764706,1,170,1,1,1,1
75,0506_c0001_000.jpg,506,0,-1,True,175,8550,0.7326845211920711,0.45454545454545453,1,385,1,1,1,1
76,0506_c0001_005.jpg,506,0,-1,True,175,8550,0.6740557439090568,0.44080604534005036,1,397,1,1,1,1
77,0506_c0001_010.jpg,506,0,-1,True,175,8550,0.6692414533061933,0.4166666666666667,1,420,1,1,1,1
78,0506_c0001_015.jpg,506,0,-1,True,175,8550,0.6472047278874793,0.38209606986899564,1,458,1,1,1,1
79,0506_c0001_020.jpg,506,0,-1,True,175,8550,0.6632459035742162,0.3854625550660793,1,454,1,1,1,1
80,0506_c0002_000.jpg,506,1,-1,True,175,8550,0.8750258207765963,0.10567632850241546,1,1656,1,1,1,1
81,0506_c0002_005.jpg,506,1,-1,True,175,8550,0.8764739324539349,0.11604774535809019,1,1508,1,1,1,1
82,0506_c0002_010.jpg,506,1,-1,True,175,8550,0.875506737993886,0.1108998732572877,1,1578,1,1,1,1
83,0506_c0002_015.jpg,506,1,-1,True,175,8550,0.878824532586578,0.1257183908045977,1,1392,1,1,1,1
84,0506_c0002_020.jpg,506,1,-1,True,175,8550,0.8758952097249646,0.1111111111111111,1,1575,1,1,1,1
85,0506_c0003_000.jpg,506,2,-1,True,175,8550,0.7843629477975865,0.23240371845949534,1,753,1,1,1,1
86,0506_c0003_005.jpg,506,2,-1,True,175,8550,0.7919111573126507,0.24373259052924792,1,718,1,1,1,1
87,0506_c0003_010.jpg,506,2,-1,True,175,8550,0.787602025214617,0.23648648648648649,1,740,1,1,1,1
88,0506_c0003_015.jpg,506,2,-1,True,175,8550,0.8027085593683793,0.2696456086286595,1,649,1,1,1,1
89,0506_c0003_020.jpg,506,2,-1,True,175,8550,0.7911695363959967,0.25584795321637427,1,684,1,1,1,1
90,0506_c0004_000.jpg,506,3,-1,True,175,8550,0.7851446947273946,0.1647834274952919,1,1062,1,1,1,1
91,0506_c0004_005.jpg,506,3,-1,True,175,8550,0.8011029116532397,0.16859344894026976,1,1038,1,1,1,1
92,0506_c0004_010.jpg,506,3,-1,True,175,8550,0.7889629477655891,0.1708984375,1,1024,1,1,1,1
93,0506_c0004_015.jpg,506,3,-1,True,175,8550,0.7944130500264539,0.16084558823529413,1,1088,1,1,1,1
94,0506_c0004_020.jpg,506,3,-1,True,175,8550,0.7912580504814495,0.1652502360717658,1,1059,1,1,1,1
95,0506_c0005_000.jpg,506,4,-1,True,175,8550,0.1326118905416557,0.0702247191011236,134,2492,0,0,0,0
96,0506_c0005_005.jpg,506,4,-1,True,175,8550,0.15669206521661364,0.07526881720430108,101,2325,0,0,0,0
97,0506_c0005_010.jpg,506,4,-1,True,175,8550,0.15218474761051715,0.07243377483443708,101,2416,0,0,0,0
98,0506_c0005_015.jpg,506,4,-1,True,175,8550,0.1653069404417245,0.07932910244786945,102,2206,0,0,0,0
99,0506_c0005_020.jpg,506,4,-1,True,175,8550,0.16071622587394782,0.07207578253706755,101,2428,0,0,0,0
100,0506_c0006_000.jpg,506,5,-1,True,175,8550,0.7832788842240799,0.1783893985728848,1,981,1,1,1,1
101,0506_c0006_005.jpg,506,5,-1,True,175,8550,0.786898417078715,0.18382352941176472,1,952,1,1,1,1
102,0506_c0006_010.jpg,506,5,-1,True,175,8550,0.7823539189162941,0.18324607329842932,1,955,1,1,1,1
103,0506_c0006_015.jpg,506,5,-1,True,175,8550,0.7915877355028432,0.1873661670235546,1,934,1,1,1,1
104,0506_c0006_020.jpg,506,5,-1,True,175,8550,0.7858025984187418,0.18440463645943098,1,949,1,1,1,1
105,0506_c0007_000.jpg,506,6,-1,True,175,8550,0.8857735167545013,0.23302263648468707,1,751,1,1,1,1
106,0506_c0007_005.jpg,506,6,-1,True,175,8550,0.8969891561437345,0.2581120943952802,1,678,1,1,1,1
107,0506_c0007_010.jpg,506,6,-1,True,175,8550,0.8949435322265699,0.24613220815752462,1,711,1,1,1,1
108,0506_c0007_015.jpg,506,6,-1,True,175,8550,0.8926287137208171,0.2390710382513661,1,732,1,1,1,1
109,0506_c0007_020.jpg,506,6,-1,True,175,8550,0.8884705097275966,0.2229299363057325,1,785,1,1,1,1
110,0506_c0008_000.jpg,506,7,-1,True,175,8550,0.7333269405956191,0.1968503937007874,1,889,1,1,1,1
111,0506_c0008_005.jpg,506,7,-1,True,175,8550,0.7290977418180895,0.18716577540106952,1,935,1,1,1,1
112,0506_c0008_010.jpg,506,7,-1,True,175,8550,0.7434894166704293,0.19886363636363635,1,880,1,1,1,1
113,0506_c0008_015.jpg,506,7,-1,True,175,8550,0.7458111680266769,0.20372526193247964,1,859,1,1,1,1
114,0506_c0008_020.jpg,506,7,-1,True,175,8550,0.7364394697822695,0.19662921348314608,1,890,1,1,1,1
115,0508_c0001_000.jpg,508,0,-1,True,175,8550,0.7534499784258347,0.3630705394190871,1,482,1,1,1,1
116,0508_c0001_005.jpg,508,0,-1,True,175,8550,0.7496737552124758,0.37154989384288745,1,471,1,1,1,1
117,0508_c0001_010.jpg,508,0,-1,True,175,8550,0.7342605187425716,0.35787321063394684,1,489,1,1,1,1
118,0508_c0001_015.jpg,508,0,-1,True,175,8550,0.6414678596032826,0.31362007168458783,1,558,1,1,1,1
119,0508_c0001_020.jpg,508,0,-1,True,175,8550,0.6116809152982662,0.3668763102725367,1,477,1,1,1,1
120,0508_c0002_000.jpg,508,1,-1,True,175,8550,0.9600144062559285,0.6410256410256411,1,273,1,1,1,1
121,0508_c0002_005.jpg,508,1,-1,True,175,8550,0.9448600855900713,0.587248322147651,1,298,1,1,1,1
122,0508_c0002_010.jpg,508,1,-1,True,175,8550,0.9580349002939186,0.6363636363636364,1,275,1,1,1,1
123,0508_c0002_015.jpg,508,1,-1,True,175,8550,0.9743534220346659,0.7028112449799196,1,249,1,1,1,1
124,0508_c0002_020.jpg,508,1,-1,True,175,8550,0.9530727249832808,0.6227758007117438,1,281,1,1,1,1
125,0508_c0003_000.jpg,508,2,-1,True,175,8550,0.7207942330504833,0.44529262086513993,1,393,1,1,1,1
126,0508_c0003_005.jpg,508,2,-1,True,175,8550,0.7820351065055667,0.5537974683544303,1,316,1,1,1,1
127,0508_c0003_010.jpg,508,2,-1,True,175,8550,0.7292498810214254,0.423728813559322,1,413,1,1,1,1
128,0508_c0003_015.jpg,508,2,-1,True,175,8550,0.6983835790781172,0.3699788583509514,1,473,1,1,1,1
129,0508_c0003_020.jpg,508,2,-1,True,175,8550,0.7171163127838055,0.3723404255319149,1,470,1,1,1,1
130,0508_c0004_000.jpg,508,3,-1,True,175,8550,0.9043511423477493,0.6205673758865248,1,282,1,1,1,1
131,0508_c0004_005.jpg,508,3,-1,True,175,8550,0.9510887777789708,0.6481481481481481,1,270,1,1,1,1
132,0508_c0004_010.jpg,508,3,-1,True,175,8550,0.9427123865639772,0.6340579710144928,1,276,1,1,1,1
133,0508_c0004_015.jpg,508,3,-1,True,175,8550,0.9231640932450442,0.6097560975609756,1,287,1,1,1,1
134,0508_c0004_020.jpg,508,3,-1,True,175,8550,0.8591318420182964,0.6076388888888888,1,288,1,1,1,1
135,0508_c0005_000.jpg,508,4,-1,True,175,8550,0.9648536106991673,0.6653992395437263,1,263,1,1,1,1
136,0508_c0005_005.jpg,508,4,-1,True,175,8550,0.9621215951169896,0.6457564575645757,1,271,1,1,1,1
137,0508_c0005_010.jpg,508,4,-1,True,175,8550,0.9782434643185187,0.7918552036199095,1,221,1,1,1,1
138,0508_c0005_015.jpg,508,4,-1,True,175,8550,0.977090897230343,0.7142857142857143,1,245,1,1,1,1
139,0508_c0005_020.jpg,508,4,-1,True,175,8550,0.9706581322727421,0.708502024291498,1,247,1,1,1,1
140,0508_c0006_000.jpg,508,5,-1,True,175,8550,0.783130277987185,0.6457564575645757,1,271,1,1,1,1
141,0508_c0006_005.jpg,508,5,-1,True,175,8550,0.8165048598697932,0.6628787878787878,1,264,1,1,1,1
142,0508_c0006_010.jpg,508,5,-1,True,175,8550,0.8058900768250598,0.6363636363636364,1,275,1,1,1,1
143,0508_c0006_015.jpg,508,5,-1,True,175,8550,0.797382463954885,0.6055363321799307,1,289,1,1,1,1
144,0508_c0006_020.jpg,508,5,-1,True,175,8550,0.7847698473123229,0.5681818181818182,1,308,1,1,1,1
145,0508_c0007_000.jpg,508,6,-1,True,175,8550,0.71455642366746,0.3699788583509514,1,473,1,1,1,1
146,0508_c0007_005.jpg,508,6,-1,True,175,8550,0.6998642185819288,0.3787878787878788,1,462,1,1,1,1
147,0508_c0007_010.jpg,508,6,-1,True,175,8550,0.7240763805914358,0.4098360655737705,1,427,1,1,1,1
148,0508_c0007_015.jpg,508,6,-1,True,175,8550,0.7075234681553662,0.3645833333333333,1,480,1,1,1,1
149,0508_c0007_020.jpg,508,6,-1,True,175,8550,0.7030264109653307,0.3779697624190065,1,463,1,1,1,1
150,0508_c0008_000.jpg,508,7,-1,True,175,8550,0.8972624071562648,0.5147058823529411,1,340,1,1,1,1
151,0508_c0008_005.jpg,508,7,-1,True,175,8550,0.8830832157463425,0.5451713395638629,1,321,1,1,1,1
152,0508_c0008_010.jpg,508,7,-1,True,175,8550,0.8633540774288155,0.45103092783505155,1,388,1,1,1,1
153,0508_c0008_015.jpg,508,7,-1,True,175,8550,0.8763375843807973,0.5208333333333334,1,336,1,1,1,1
154,0508_c0008_020.jpg,508,7,-1,True,175,8550,0.8755709307568957,0.5351681957186545,1,327,1,1,1,1
155,0510_c0001_000.jpg,510,0,-1,True,175,8550,0.7172062543170485,0.05417956656346749,1,3230,1,1,1,1
156,0510_c0001_005.jpg,510,0,-1,True,175,8550,0.7174705493025233,0.05206783695328771,1,3361,1,1,1,1
157,0510_c0001_010.jpg,510,0,-1,True,175,8550,0.6890335129106026,0.04985754985754986,1,3510,1,1,1,1
158,0510_c0001_015.jpg,510,0,-1,True,175,8550,0.6710735915199549,0.04878728742681907,1,3587,1,1,1,1
159,0510_c0001_020.jpg,510,0,-1,True,175,8550,0.6474404321436991,0.04564423578508085,1,3834,1,1,1,1
160,0510_c0002_000.jpg,510,1,-1,True,175,8550,0.06356480845049087,0.03080443583876078,54,5681,0,0,0,0
161,0510_c0002_005.jpg,510,1,-1,True,175,8550,0.06599485371458429,0.030680224403927068,44,5704,0,0,0,0
162,0510_c0002_010.jpg,510,1,-1,True,175,8550,0.09949718304202881,0.031754672473235344,26,5511,0,0,0,0
163,0510_c0002_015.jpg,510,1,-1,True,175,8550,0.07386867453869934,0.031662746517097884,27,5527,0,0,0,0
164,0510_c0002_020.jpg,510,1,-1,True,175,8550,0.059140098257004795,0.02874507227332457,43,6088,0,0,0,0
165,0510_c0003_000.jpg,510,2,-1,True,175,8550,0.44281176102750897,0.14250814332247558,1,1228,1,1,1,1
166,0510_c0003_005.jpg,510,2,-1,True,175,8550,0.4100552070345756,0.13307984790874525,1,1315,1,1,1,1
167,0510_c0003_010.jpg,510,2,-1,True,175,8550,0.37513793097969594,0.12289325842696629,1,1424,1,1,1,1
168,0510_c0003_015.jpg,510,2,-1,True,175,8550,0.3202345924841765,0.1099246231155779,1,1592,1,1,1,1
169,0510_c0003_020.jpg,510,2,-1,True,175,8550,0.2978783220502532,0.1109701965757768,1,1577,1,1,1,1
170,0510_c0004_000.jpg,510,3,-1,True,175,8550,0.8249352328088051,0.07036590269400884,1,2487,1,1,1,1
171,0510_c0004_005.jpg,510,3,-1,True,175,8550,0.8094292315832811,0.07328308207705192,1,2388,1,1,1,1
172,0510_c0004_010.jpg,510,3,-1,True,175,8550,0.8083454403421871,0.07517182130584192,1,2328,1,1,1,1
173,0510_c0004_015.jpg,510,3,-1,True,175,8550,0.7813553312014044,0.06897910918407568,1,2537,1,1,1,1
174,0510_c0004_020.jpg,510,3,-1,True,175,8550,0.7865778882707993,0.06769825918762089,1,2585,1,1,1,1
175,0510_c0005_000.jpg,510,4,-1,True,175,8550,0.8720272418538696,0.14309076042518398,1,1223,1,1,1,1
176,0510_c0005_005.jpg,510,4,-1,True,175,8550,0.8460791100869325,0.11422976501305483,1,1532,1,1,1,1
177,0510_c0005_010.jpg,510,4,-1,True,175,8550,0.8269269291106035,0.10215995329830706,1,1713,1,1,1,1
178,0510_c0005_015.jpg,510,4,-1,True,175,8550,0.8187837905716041,0.10080645161290322,1,1736,1,1,1,1
179,0510_c0005_020.jpg,510,4,-1,True,175,8550,0.8132557139918494,0.09583789704271632,1,1826,1,1,1,1
180,0510_c0006_000.jpg,510,5,-1,True,175,8550,0.5215507238576644,0.1649387370405278,1,1061,1,1,1,1
181,0510_c0006_005.jpg,510,5,-1,True,175,8550,0.4226687457242165,0.16619183285849953,1,1053,1,1,1,1
182,0510_c0006_010.jpg,510,5,-1,True,175,8550,0.4898379626378668,0.14868309260832624,1,1177,1,1,1,1
183,0510_c0006_015.jpg,510,5,-1,True,175,8550,0.526432030239968,0.18776824034334763,1,932,1,1,1,1
184,0510_c0006_020.jpg,510,5,-1,True,175,8550,0.5692987203891678,0.176056338028169,1,994,1,1,1,1
185,0510_c0007_000.jpg,510,6,-1,True,175,8550,0.3113379215513163,0.30329289428076256,15,577,0,0,0,1
186,0510_c0007_005.jpg,510,6,-1,True,175,8550,0.40068895622246786,0.2751572327044025,1,636,1,1,1,1
187,0510_c0007_010.jpg,510,6,-1,True,175,8550,0.5296337269267527,0.19146608315098468,1,914,1,1,1,1
188,0510_c0007_015.jpg,510,6,-1,True,175,8550,0.5353612705617605,0.214987714987715,1,814,1,1,1,1
189,0510_c0007_020.jpg,510,6,-1,True,175,8550,0.5196163919540668,0.21525215252152521,1,813,1,1,1,1
190,0510_c0008_000.jpg,510,7,-1,True,175,8550,0.8456146153840626,0.056125721616420786,1,3118,1,1,1,1
191,0510_c0008_005.jpg,510,7,-1,True,175,8550,0.8460258341381885,0.05306246209824136,1,3298,1,1,1,1
192,0510_c0008_010.jpg,510,7,-1,True,175,8550,0.8240473886599036,0.05075406032482599,1,3448,1,1,1,1
193,0510_c0008_015.jpg,510,7,-1,True,175,8550,0.8537479593723047,0.05634256278171281,1,3106,1,1,1,1
194,0510_c0008_020.jpg,510,7,-1,True,175,8550,0.8444755513426802,0.05283816425120773,1,3312,1,1,1,1
195,0512_c0001_000.jpg,512,0,-1,True,75,8550,1.0,1.0,1,75,1,1,1,1
196,0512_c0001_005.jpg,512,0,-1,True,75,8550,1.0,1.0,1,75,1,1,1,1
197,0512_c0001_010.jpg,512,0,-1,True,75,8550,1.0,1.0,1,75,1,1,1,1
198,0512_c0001_015.jpg,512,0,-1,True,75,8550,1.0,1.0,1,75,1,1,1,1
199,0512_c0001_020.jpg,512,0,-1,True,75,8550,1.0,1.0,1,75,1,1,1,1
200,0512_c0003_000.jpg,512,2,-1,True,75,8550,1.0,1.0,1,75,1,1,1,1
201,0512_c0003_005.jpg,512,2,-1,True,75,8550,1.0,1.0,1,75,1,1,1,1
202,0512_c0003_010.jpg,512,2,-1,True,75,8550,1.0,1.0,1,75,1,1,1,1
203,0512_c0003_015.jpg,512,2,-1,True,75,8550,1.0,1.0,1,75,1,1,1,1
204,0512_c0003_020.jpg,512,2,-1,True,75,8550,1.0,1.0,1,75,1,1,1,1
205,0512_c0005_000.jpg,512,4,-1,True,75,8550,1.0,1.0,1,75,1,1,1,1
206,0512_c0005_005.jpg,512,4,-1,True,75,8550,1.0,1.0,1,75,1,1,1,1
207,0512_c0005_010.jpg,512,4,-1,True,75,8550,1.0,1.0,1,75,1,1,1,1
208,0512_c0005_015.jpg,512,4,-1,True,75,8550,1.0,1.0,1,75,1,1,1,1
209,0512_c0005_020.jpg,512,4,-1,True,75,8550,1.0,1.0,1,75,1,1,1,1
210,0512_c0006_000.jpg,512,5,-1,True,75,8550,0.40356427623975766,0.43103448275862066,4,174,0,1,1,1
211,0512_c0006_005.jpg,512,5,-1,True,75,8550,0.5738454439117894,0.4934210526315789,1,152,1,1,1,1
212,0512_c0006_010.jpg,512,5,-1,True,75,8550,0.6004264514079025,0.5033557046979866,1,149,1,1,1,1
213,0512_c0006_015.jpg,512,5,-1,True,75,8550,0.7118406780748161,0.5033557046979866,1,149,1,1,1,1
214,0512_c0006_020.jpg,512,5,-1,True,75,8550,0.7999641314636169,0.5033557046979866,1,149,1,1,1,1
215,0514_c0001_000.jpg,514,0,-1,True,175,8550,0.42424722043449126,0.36382536382536385,30,481,0,0,0,0
216,0514_c0001_005.jpg,514,0,-1,True,175,8550,0.32697650321469235,0.30017152658662094,54,583,0,0,0,0
217,0514_c0001_010.jpg,514,0,-1,True,175,8550,0.4047133225994568,0.3747323340471092,33,467,0,0,0,0
218,0514_c0001_015.jpg,514,0,-1,True,175,8550,0.37286320129260486,0.34860557768924305,51,502,0,0,0,0
219,0514_c0001_020.jpg,514,0,-1,True,175,8550,0.3965657431539849,0.38377192982456143,29,456,0,0,0,0
220,0514_c0002_000.jpg,514,1,-1,True,175,8550,0.9998369074628565,0.9887005649717514,1,177,1,1,1,1
221,0514_c0002_005.jpg,514,1,-1,True,175,8550,0.9595909547773951,0.8254716981132075,1,212,1,1,1,1
222,0514_c0002_010.jpg,514,1,-1,True,175,8550,0.9994799191365964,0.9722222222222222,1,180,1,1,1,1
223,0514_c0002_015.jpg,514,1,-1,True,175,8550,0.969352382297354,0.7777777777777778,1,225,1,1,1,1
224,0514_c0002_020.jpg,514,1,-1,True,175,8550,0.9994123133934639,0.9358288770053476,1,187,1,1,1,1
225,0514_c0003_000.jpg,514,2,-1,True,175,8550,0.9987422849056449,0.8793969849246231,1,199,1,1,1,1
226,0514_c0003_005.jpg,514,2,-1,True,175,8550,0.9966014083859701,0.8536585365853658,1,205,1,1,1,1
227,0514_c0003_010.jpg,514,2,-1,True,175,8550,0.9965406607284435,0.8495145631067961,1,206,1,1,1,1
228,0514_c0003_015.jpg,514,2,-1,True,175,8550,0.9929056538266122,0.8495145631067961,1,206,1,1,1,1
229,0514_c0003_020.jpg,514,2,-1,True,175,8550,0.9966031396295443,0.8578431372549019,1,204,1,1,1,1
230,0514_c0004_000.jpg,514,3,-1,True,175,8550,1.0,1.0,1,175,1,1,1,1
231,0514_c0004_005.jpg,514,3,-1,True,175,8550,0.9991923023201554,0.9162303664921466,1,191,1,1,1,1
232,0514_c0004_010.jpg,514,3,-1,True,175,8550,0.9963225304231337,0.9162303664921466,1,191,1,1,1,1
233,0514_c0004_015.jpg,514,3,-1,True,175,8550,0.9872550595475852,0.7415254237288136,1,236,1,1,1,1
234,0514_c0004_020.jpg,514,3,-1,True,175,8550,0.9980352176405852,0.9067357512953368,1,193,1,1,1,1
235,0514_c0005_000.jpg,514,4,-1,True,175,8550,0.9996518088652919,0.9615384615384616,1,182,1,1,1,1
236,0514_c0005_005.jpg,514,4,-1,True,175,8550,0.9985566396914775,0.9308510638297872,1,188,1,1,1,1
237,0514_c0005_010.jpg,514,4,-1,True,175,8550,0.9913388805504398,0.8620689655172413,1,203,1,1,1,1
238,0514_c0005_015.jpg,514,4,-1,True,175,8550,0.9974447712164815,0.8928571428571429,1,196,1,1,1,1
239,0514_c0005_020.jpg,514,4,-1,True,175,8550,0.9999036918138042,0.9831460674157303,1,178,1,1,1,1
240,0514_c0006_000.jpg,514,5,-1,True,175,8550,0.9236724757521295,0.47043010752688175,1,372,1,1,1,1
241,0514_c0006_005.jpg,514,5,-1,True,175,8550,0.8884840932731809,0.4888268156424581,1,358,1,1,1,1
242,0514_c0006_010.jpg,514,5,-1,True,175,8550,0.9217086364028003,0.5319148936170213,1,329,1,1,1,1
243,0514_c0006_015.jpg,514,5,-1,True,175,8550,0.877220052576652,0.43316831683168316,1,404,1,1,1,1
244,0514_c0006_020.jpg,514,5,-1,True,175,8550,0.8645575910991414,0.48342541436464087,1,362,1,1,1,1
245,0514_c0007_000.jpg,514,6,-1,True,175,8550,0.928009045227027,0.4227053140096618,1,414,1,1,1,1
246,0514_c0007_005.jpg,514,6,-1,True,175,8550,0.9166004840822042,0.44080604534005036,1,397,1,1,1,1
247,0514_c0007_010.jpg,514,6,-1,True,175,8550,0.9013854723564773,0.4050925925925926,1,432,1,1,1,1
248,0514_c0007_015.jpg,514,6,-1,True,175,8550,0.8968827921301382,0.4146919431279621,1,422,1,1,1,1
249,0514_c0007_020.jpg,514,6,-1,True,175,8550,0.9225900289802137,0.5319148936170213,1,329,1,1,1,1
250,0514_c0008_000.jpg,514,7,-1,True,175,8550,0.9305328737922222,0.7,1,250,1,1,1,1
251,0514_c0008_005.jpg,514,7,-1,True,175,8550,0.9280239313298297,0.7,1,250,1,1,1,1
252,0514_c0008_010.jpg,514,7,-1,True,175,8550,0.9289578025931308,0.7,1,250,1,1,1,1
253,0514_c0008_015.jpg,514,7,-1,True,175,8550,0.9154276526698709,0.6972111553784861,1,251,1,1,1,1
254,0514_c0008_020.jpg,514,7,-1,True,175,8550,0.9193147695578442,0.6340579710144928,1,276,1,1,1,1
255,0516_c0001_000.jpg,516,0,-1,True,75,8550,0.9984260035545938,0.9493670886075949,1,79,1,1,1,1
256,0516_c0001_005.jpg,516,0,-1,True,75,8550,0.9915285468040423,0.8928571428571429,1,84,1,1,1,1
257,0516_c0001_010.jpg,516,0,-1,True,75,8550,0.9991226222805171,0.974025974025974,1,77,1,1,1,1
258,0516_c0001_015.jpg,516,0,-1,True,75,8550,0.9994759018759019,0.974025974025974,1,77,1,1,1,1
259,0516_c0001_020.jpg,516,0,-1,True,75,8550,0.9513725138605957,0.7211538461538461,1,104,1,1,1,1
260,0516_c0003_000.jpg,516,2,-1,True,75,8550,0.9991363022941971,0.9615384615384616,1,78,1,1,1,1
261,0516_c0003_005.jpg,516,2,-1,True,75,8550,1.0,1.0,1,75,1,1,1,1
262,0516_c0003_010.jpg,516,2,-1,True,75,8550,1.0,1.0,1,75,1,1,1,1
263,0516_c0003_015.jpg,516,2,-1,True,75,8550,0.9996536796536797,0.974025974025974,1,77,1,1,1,1
264,0516_c0003_020.jpg,516,2,-1,True,75,8550,0.9994666034455508,0.9868421052631579,1,76,1,1,1,1
265,0516_c0005_000.jpg,516,4,-1,True,75,8550,1.0,1.0,1,75,1,1,1,1
266,0516_c0005_005.jpg,516,4,-1,True,75,8550,1.0,1.0,1,75,1,1,1,1
267,0516_c0005_010.jpg,516,4,-1,True,75,8550,1.0,1.0,1,75,1,1,1,1
268,0516_c0005_015.jpg,516,4,-1,True,75,8550,1.0,1.0,1,75,1,1,1,1
269,0516_c0005_020.jpg,516,4,-1,True,75,8550,1.0,1.0,1,75,1,1,1,1
270,0516_c0006_000.jpg,516,5,-1,True,75,8550,1.0,1.0,1,75,1,1,1,1
271,0516_c0006_005.jpg,516,5,-1,True,75,8550,1.0,1.0,1,75,1,1,1,1
272,0516_c0006_010.jpg,516,5,-1,True,75,8550,1.0,1.0,1,75,1,1,1,1
273,0516_c0006_015.jpg,516,5,-1,True,75,8550,1.0,1.0,1,75,1,1,1,1
274,0516_c0006_020.jpg,516,5,-1,True,75,8550,1.0,1.0,1,75,1,1,1,1
275,0518_c0001_000.jpg,518,0,-1,True,100,8550,0.895387218967803,0.6756756756756757,1,148,1,1,1,1
276,0518_c0001_005.jpg,518,0,-1,True,100,8550,0.7928668034010061,0.6172839506172839,1,162,1,1,1,1
277,0518_c0001_010.jpg,518,0,-1,True,100,8550,0.8420661101478221,0.6410256410256411,1,156,1,1,1,1
278,0518_c0001_015.jpg,518,0,-1,True,100,8550,0.8433331896493246,0.6756756756756757,1,148,1,1,1,1
279,0518_c0001_020.jpg,518,0,-1,True,100,8550,0.9617817870428244,0.7246376811594203,1,138,1,1,1,1
280,0518_c0002_000.jpg,518,1,-1,True,100,8550,0.8708244724453789,0.7633587786259542,1,131,1,1,1,1
281,0518_c0002_005.jpg,518,1,-1,True,100,8550,0.8696154478440786,0.7575757575757576,1,132,1,1,1,1
282,0518_c0002_010.jpg,518,1,-1,True,100,8550,0.8755280929123218,0.8,1,125,1,1,1,1
283,0518_c0002_015.jpg,518,1,-1,True,100,8550,0.8954749285136211,0.7299270072992701,1,137,1,1,1,1
284,0518_c0002_020.jpg,518,1,-1,True,100,8550,0.8836200833015253,0.8,1,125,1,1,1,1
285,0518_c0003_000.jpg,518,2,-1,True,100,8550,0.9831221900156857,0.746268656716418,1,134,1,1,1,1
286,0518_c0003_005.jpg,518,2,-1,True,100,8550,0.9904033815927477,0.7692307692307693,1,130,1,1,1,1
287,0518_c0003_010.jpg,518,2,-1,True,100,8550,0.9951111893879679,0.8620689655172413,1,116,1,1,1,1
288,0518_c0003_015.jpg,518,2,-1,True,100,8550,0.9919946841006276,0.78125,1,128,1,1,1,1
289,0518_c0003_020.jpg,518,2,-1,True,100,8550,0.9961009342362597,0.9090909090909091,1,110,1,1,1,1
290,0518_c0005_000.jpg,518,4,-1,True,100,8550,0.8614257501268401,0.7142857142857143,1,140,1,1,1,1
291,0518_c0005_005.jpg,518,4,-1,True,100,8550,0.8510918156527107,0.6535947712418301,1,153,1,1,1,1
292,0518_c0005_010.jpg,518,4,-1,True,100,8550,0.8565322364767305,0.684931506849315,1,146,1,1,1,1
293,0518_c0005_015.jpg,518,4,-1,True,100,8550,0.8578399227090385,0.684931506849315,1,146,1,1,1,1
294,0518_c0005_020.jpg,518,4,-1,True,100,8550,0.8715209683556311,0.7633587786259542,1,131,1,1,1,1
295,0518_c0006_000.jpg,518,5,-1,True,100,8550,0.93731321810912,0.6666666666666666,1,150,1,1,1,1
296,0518_c0006_005.jpg,518,5,-1,True,100,8550,0.9445945910752025,0.6944444444444444,1,144,1,1,1,1
297,0518_c0006_010.jpg,518,5,-1,True,100,8550,0.9311789076637969,0.6711409395973155,1,149,1,1,1,1
298,0518_c0006_015.jpg,518,5,-1,True,100,8550,0.9477999899468448,0.7751937984496124,1,129,1,1,1,1
299,0518_c0006_020.jpg,518,5,-1,True,100,8550,0.9448001320340957,0.78125,1,128,1,1,1,1
300,0520_c0001_000.jpg,520,0,-1,True,150,8550,1.0,1.0,1,150,1,1,1,1
301,0520_c0001_005.jpg,520,0,-1,True,150,8550,1.0,1.0,1,150,1,1,1,1
302,0520_c0001_010.jpg,520,0,-1,True,150,8550,1.0,1.0,1,150,1,1,1,1
303,0520_c0001_015.jpg,520,0,-1,True,150,8550,1.0,1.0,1,150,1,1,1,1
304,0520_c0001_020.jpg,520,0,-1,True,150,8550,1.0,1.0,1,150,1,1,1,1
305,0520_c0002_000.jpg,520,1,-1,True,150,8550,0.9981639059005399,0.9259259259259259,1,162,1,1,1,1
306,0520_c0002_005.jpg,520,1,-1,True,150,8550,0.9982976943042585,0.9493670886075949,1,158,1,1,1,1
307,0520_c0002_010.jpg,520,1,-1,True,150,8550,1.0,1.0,1,150,1,1,1,1
308,0520_c0002_015.jpg,520,1,-1,True,150,8550,1.0,1.0,1,150,1,1,1,1
309,0520_c0002_020.jpg,520,1,-1,True,150,8550,0.9996077571269196,0.967741935483871,1,155,1,1,1,1
310,0520_c0004_000.jpg,520,3,-1,True,150,8550,1.0,1.0,1,150,1,1,1,1
311,0520_c0004_005.jpg,520,3,-1,True,150,8550,1.0,1.0,1,150,1,1,1,1
312,0520_c0004_010.jpg,520,3,-1,True,150,8550,1.0,1.0,1,150,1,1,1,1
313,0520_c0004_015.jpg,520,3,-1,True,150,8550,1.0,1.0,1,150,1,1,1,1
314,0520_c0004_020.jpg,520,3,-1,True,150,8550,1.0,1.0,1,150,1,1,1,1
315,0520_c0005_000.jpg,520,4,-1,True,150,8550,1.0,1.0,1,150,1,1,1,1
316,0520_c0005_005.jpg,520,4,-1,True,150,8550,1.0,1.0,1,150,1,1,1,1
317,0520_c0005_010.jpg,520,4,-1,True,150,8550,1.0,1.0,1,150,1,1,1,1
318,0520_c0005_015.jpg,520,4,-1,True,150,8550,1.0,1.0,1,150,1,1,1,1
319,0520_c0005_020.jpg,520,4,-1,True,150,8550,1.0,1.0,1,150,1,1,1,1
320,0520_c0006_000.jpg,520,5,-1,True,150,8550,1.0,1.0,1,150,1,1,1,1
321,0520_c0006_005.jpg,520,5,-1,True,150,8550,0.9978759669244895,0.9316770186335404,1,161,1,1,1,1
322,0520_c0006_010.jpg,520,5,-1,True,150,8550,0.9973122142026077,0.9316770186335404,1,161,1,1,1,1
323,0520_c0006_015.jpg,520,5,-1,True,150,8550,0.9944113448159085,0.9259259259259259,1,162,1,1,1,1
324,0520_c0006_020.jpg,520,5,-1,True,150,8550,1.0,1.0,1,150,1,1,1,1
325,0520_c0007_000.jpg,520,6,-1,True,150,8550,1.0,1.0,1,150,1,1,1,1
326,0520_c0007_005.jpg,520,6,-1,True,150,8550,1.0,1.0,1,150,1,1,1,1
327,0520_c0007_010.jpg,520,6,-1,True,150,8550,1.0,1.0,1,150,1,1,1,1
328,0520_c0007_015.jpg,520,6,-1,True,150,8550,1.0,1.0,1,150,1,1,1,1
329,0520_c0007_020.jpg,520,6,-1,True,150,8550,1.0,1.0,1,150,1,1,1,1
330,0520_c0008_000.jpg,520,7,-1,True,150,8550,1.0,1.0,1,150,1,1,1,1
331,0520_c0008_005.jpg,520,7,-1,True,150,8550,1.0,1.0,1,150,1,1,1,1
332,0520_c0008_010.jpg,520,7,-1,True,150,8550,1.0,1.0,1,150,1,1,1,1
333,0520_c0008_015.jpg,520,7,-1,True,150,8550,1.0,1.0,1,150,1,1,1,1
334,0520_c0008_020.jpg,520,7,-1,True,150,8550,1.0,1.0,1,150,1,1,1,1
335,0522_c0001_000.jpg,522,0,-1,True,150,8550,0.6386454390150882,0.28517110266159695,1,526,1,1,1,1
336,0522_c0001_005.jpg,522,0,-1,True,150,8550,0.6148314169119258,0.1718213058419244,1,873,1,1,1,1
337,0522_c0001_010.jpg,522,0,-1,True,150,8550,0.5783183789163773,0.21037868162692847,1,713,1,1,1,1
338,0522_c0001_015.jpg,522,0,-1,True,150,8550,0.6801410271384094,0.3605769230769231,1,416,1,1,1,1
339,0522_c0001_020.jpg,522,0,-1,True,150,8550,0.6254532649557067,0.18028846153846154,1,832,1,1,1,1
340,0522_c0002_000.jpg,522,1,-1,True,150,8550,0.497108921829467,0.10653409090909091,1,1408,1,1,1,1
341,0522_c0002_005.jpg,522,1,-1,True,150,8550,0.500186613037349,0.10526315789473684,1,1425,1,1,1,1
342,0522_c0002_010.jpg,522,1,-1,True,150,8550,0.5239256569865938,0.15306122448979592,1,980,1,1,1,1
343,0522_c0002_015.jpg,522,1,-1,True,150,8550,0.5605974126623025,0.167973124300112,1,893,1,1,1,1
344,0522_c0002_020.jpg,522,1,-1,True,150,8550,0.5949443703187755,0.17142857142857143,1,875,1,1,1,1
345,0522_c0004_000.jpg,522,3,-1,True,150,8550,0.907329892599065,0.8571428571428571,1,175,1,1,1,1
346,0522_c0004_005.jpg,522,3,-1,True,150,8550,0.8779516480393723,0.6276150627615062,1,239,1,1,1,1
347,0522_c0004_010.jpg,522,3,-1,True,150,8550,0.9072039310288263,0.8522727272727273,1,176,1,1,1,1
348,0522_c0004_015.jpg,522,3,-1,True,150,8550,0.9146832727070786,0.8571428571428571,1,175,1,1,1,1
349,0522_c0004_020.jpg,522,3,-1,True,150,8550,0.9086410485120604,0.8571428571428571,1,175,1,1,1,1
350,0522_c0005_000.jpg,522,4,-1,True,150,8550,0.8940811076289894,0.23148148148148148,1,648,1,1,1,1
351,0522_c0005_005.jpg,522,4,-1,True,150,8550,0.8775093661296341,0.2097902097902098,1,715,1,1,1,1
352,0522_c0005_010.jpg,522,4,-1,True,150,8550,0.8492432871448945,0.1910828025477707,1,785,1,1,1,1
353,0522_c0005_015.jpg,522,4,-1,True,150,8550,0.8937323415748498,0.22156573116691286,1,677,1,1,1,1
354,0522_c0005_020.jpg,522,4,-1,True,150,8550,0.8835823259518939,0.1918158567774936,1,782,1,1,1,1
355,0522_c0006_000.jpg,522,5,-1,True,150,8550,0.9634377304719218,0.6048387096774194,1,248,1,1,1,1
356,0522_c0006_005.jpg,522,5,-1,True,150,8550,0.8891634358609163,0.5136986301369864,1,292,1,1,1,1
357,0522_c0006_010.jpg,522,5,-1,True,150,8550,0.8527437240824437,0.4792332268370607,1,313,1,1,1,1
358,0522_c0006_015.jpg,522,5,-1,True,150,8550,0.733086225717817,0.3448275862068966,1,435,1,1,1,1
359,0522_c0006_020.jpg,522,5,-1,True,150,8550,0.78499208036937,0.4143646408839779,1,362,1,1,1,1
360,0522_c0007_000.jpg,522,6,-1,True,150,8550,0.9855947698870532,0.8152173913043478,1,184,1,1,1,1
361,0522_c0007_005.jpg,522,6,-1,True,150,8550,0.9776575527519155,0.8571428571428571,1,175,1,1,1,1
362,0522_c0007_010.jpg,522,6,-1,True,150,8550,0.9961721780073782,0.8522727272727273,1,176,1,1,1,1
363,0522_c0007_015.jpg,522,6,-1,True,150,8550,0.9953732018652638,0.8771929824561403,1,171,1,1,1,1
364,0522_c0007_020.jpg,522,6,-1,True,150,8550,0.9893561638251009,0.7537688442211056,1,199,1,1,1,1
365,0522_c0008_000.jpg,522,7,-1,True,150,8550,0.7643057506205465,0.26548672566371684,1,565,1,1,1,1
366,0522_c0008_005.jpg,522,7,-1,True,150,8550,0.8021625294514788,0.25817555938037867,1,581,1,1,1,1
367,0522_c0008_010.jpg,522,7,-1,True,150,8550,0.6610053709063385,0.24509803921568626,1,612,1,1,1,1
368,0522_c0008_015.jpg,522,7,-1,True,150,8550,0.6936912795382735,0.24429967426710097,1,614,1,1,1,1
369,0522_c0008_020.jpg,522,7,-1,True,150,8550,0.7670265707345063,0.2604166666666667,1,576,1,1,1,1
370,0524_c0001_000.jpg,524,0,-1,True,175,8550,0.8723878779888283,0.4206730769230769,1,416,1,1,1,1
371,0524_c0001_005.jpg,524,0,-1,True,175,8550,0.7805314833022233,0.3779697624190065,1,463,1,1,1,1
372,0524_c0001_010.jpg,524,0,-1,True,175,8550,0.8079500774621757,0.3812636165577342,1,459,1,1,1,1
373,0524_c0001_015.jpg,524,0,-1,True,175,8550,0.863081070863205,0.47554347826086957,1,368,1,1,1,1
374,0524_c0001_020.jpg,524,0,-1,True,175,8550,0.8826105056770488,0.4794520547945205,1,365,1,1,1,1
375,0524_c0002_000.jpg,524,1,-1,True,175,8550,0.9643301497095841,0.6386861313868614,1,274,1,1,1,1
376,0524_c0002_005.jpg,524,1,-1,True,175,8550,0.9597735346799153,0.6386861313868614,1,274,1,1,1,1
377,0524_c0002_010.jpg,524,1,-1,True,175,8550,0.9793943264410313,0.7510729613733905,1,233,1,1,1,1
378,0524_c0002_015.jpg,524,1,-1,True,175,8550,0.9835627468520098,0.7990867579908676,1,219,1,1,1,1
379,0524_c0002_020.jpg,524,1,-1,True,175,8550,0.9828011530037748,0.8293838862559242,1,211,1,1,1,1
380,0524_c0003_000.jpg,524,2,-1,True,175,8550,0.9972516885141467,0.9358288770053476,1,187,1,1,1,1
381,0524_c0003_005.jpg,524,2,-1,True,175,8550,0.9664839247977388,0.6481481481481481,1,270,1,1,1,1
382,0524_c0003_010.jpg,524,2,-1,True,175,8550,0.9830686916781375,0.8254716981132075,1,212,1,1,1,1
383,0524_c0003_015.jpg,524,2,-1,True,175,8550,0.9757598659971403,0.7352941176470589,1,238,1,1,1,1
384,0524_c0003_020.jpg,524,2,-1,True,175,8550,0.9766803927687377,0.7743362831858407,1,226,1,1,1,1
385,0524_c0004_000.jpg,524,3,-1,True,175,8550,0.8231686480492795,0.3404669260700389,1,514,1,1,1,1
386,0524_c0004_005.jpg,524,3,-1,True,175,8550,0.7413545728690172,0.3108348134991119,1,563,1,1,1,1
387,0524_c0004_010.jpg,524,3,-1,True,175,8550,0.7796119390615999,0.32287822878228783,1,542,1,1,1,1
388,0524_c0004_015.jpg,524,3,-1,True,175,8550,0.7318800578052925,0.3006872852233677,1,582,1,1,1,1
389,0524_c0004_020.jpg,524,3,-1,True,175,8550,0.767408821536867,0.31876138433515483,1,549,1,1,1,1
390,0524_c0005_000.jpg,524,4,-1,True,175,8550,1.0,1.0,1,175,1,1,1,1
391,0524_c0005_005.jpg,524,4,-1,True,175,8550,1.0,1.0,1,175,1,1,1,1
392,0524_c0005_010.jpg,524,4,-1,True,175,8550,1.0,1.0,1,175,1,1,1,1
393,0524_c0005_015.jpg,524,4,-1,True,175,8550,1.0,1.0,1,175,1,1,1,1
394,0524_c0005_020.jpg,524,4,-1,True,175,8550,1.0,1.0,1,175,1,1,1,1
395,0524_c0006_000.jpg,524,5,-1,True,175,8550,0.9741797358870716,0.7291666666666666,1,240,1,1,1,1
396,0524_c0006_005.jpg,524,5,-1,True,175,8550,0.9930929465111853,0.8536585365853658,1,205,1,1,1,1
397,0524_c0006_010.jpg,524,5,-1,True,175,8550,0.9926334409027782,0.8495145631067961,1,206,1,1,1,1
398,0524_c0006_015.jpg,524,5,-1,True,175,8550,0.9930427835471981,0.8454106280193237,1,207,1,1,1,1
399,0524_c0006_020.jpg,524,5,-1,True,175,8550,0.9971409401719881,0.9259259259259259,1,189,1,1,1,1
400,0524_c0007_000.jpg,524,6,-1,True,175,8550,0.8626633526898292,0.2883031301482702,1,607,1,1,1,1
401,0524_c0007_005.jpg,524,6,-1,True,175,8550,0.8658927340387897,0.3027681660899654,1,578,1,1,1,1
402,0524_c0007_010.jpg,524,6,-1,True,175,8550,0.9274135820568745,0.4533678756476684,1,386,1,1,1,1
403,0524_c0007_015.jpg,524,6,-1,True,175,8550,0.9203156704797032,0.41866028708133973,1,418,1,1,1,1
404,0524_c0007_020.jpg,524,6,-1,True,175,8550,0.9223200422756013,0.43209876543209874,1,405,1,1,1,1
405,0524_c0008_000.jpg,524,7,-1,True,175,8550,0.9945163887196639,0.8706467661691543,1,201,1,1,1,1
406,0524_c0008_005.jpg,524,7,-1,True,175,8550,0.9948788960226626,0.875,1,200,1,1,1,1
407,0524_c0008_010.jpg,524,7,-1,True,175,8550,0.9824791016302767,0.8413461538461539,1,208,1,1,1,1
408,0524_c0008_015.jpg,524,7,-1,True,175,8550,0.9803075677453386,0.78125,1,224,1,1,1,1
409,0524_c0008_020.jpg,524,7,-1,True,175,8550,0.9876137194326522,0.78125,1,224,1,1,1,1
410,0526_c0001_000.jpg,526,0,-1,True,50,8550,0.6276265318383147,0.21551724137931033,1,232,1,1,1,1
411,0526_c0001_005.jpg,526,0,-1,True,50,8550,0.6764406684822011,0.2777777777777778,1,180,1,1,1,1
412,0526_c0001_010.jpg,526,0,-1,True,50,8550,0.6610606657179933,0.2336448598130841,1,214,1,1,1,1
413,0526_c0001_015.jpg,526,0,-1,True,50,8550,0.6724095751436847,0.26595744680851063,1,188,1,1,1,1
414,0526_c0001_020.jpg,526,0,-1,True,50,8550,0.7248874748422292,0.29239766081871343,1,171,1,1,1,1
415,0526_c0003_000.jpg,526,2,-1,True,50,8550,0.7493668862547449,0.49019607843137253,1,102,1,1,1,1
416,0526_c0003_005.jpg,526,2,-1,True,50,8550,0.8471927472873763,0.5319148936170213,1,94,1,1,1,1
417,0526_c0003_010.jpg,526,2,-1,True,50,8550,0.7522153339479918,0.45871559633027525,1,109,1,1,1,1
418,0526_c0003_015.jpg,526,2,-1,True,50,8550,0.7976740168031732,0.5154639175257731,1,97,1,1,1,1
419,0526_c0003_020.jpg,526,2,-1,True,50,8550,0.8360876356519423,0.5494505494505495,1,91,1,1,1,1
420,0526_c0005_000.jpg,526,4,-1,True,50,8550,0.9992078431372547,0.9803921568627451,1,51,1,1,1,1
421,0526_c0005_005.jpg,526,4,-1,True,50,8550,1.0,1.0,1,50,1,1,1,1
422,0526_c0005_010.jpg,526,4,-1,True,50,8550,1.0,1.0,1,50,1,1,1,1
423,0526_c0005_015.jpg,526,4,-1,True,50,8550,1.0,1.0,1,50,1,1,1,1
424,0526_c0005_020.jpg,526,4,-1,True,50,8550,1.0,1.0,1,50,1,1,1,1
425,0528_c0001_000.jpg,528,0,-1,True,150,8550,0.9088723612339907,0.7317073170731707,1,205,1,1,1,1
426,0528_c0001_005.jpg,528,0,-1,True,150,8550,0.8495040126104567,0.5,1,300,1,1,1,1
427,0528_c0001_010.jpg,528,0,-1,True,150,8550,0.8209050893954509,0.5434782608695652,1,276,1,1,1,1
428,0528_c0001_015.jpg,528,0,-1,True,150,8550,0.8171106876431654,0.5016722408026756,1,299,1,1,1,1
429,0528_c0001_020.jpg,528,0,-1,True,150,8550,0.7714928291633476,0.5952380952380952,1,252,1,1,1,1
430,0528_c0002_000.jpg,528,1,-1,True,150,8550,0.8584051607896473,0.3424657534246575,1,438,1,1,1,1
431,0528_c0002_005.jpg,528,1,-1,True,150,8550,0.862003364974042,0.34965034965034963,1,429,1,1,1,1
432,0528_c0002_010.jpg,528,1,-1,True,150,8550,0.8257578560342055,0.3440366972477064,1,436,1,1,1,1
433,0528_c0002_015.jpg,528,1,-1,True,150,8550,0.7799400067560976,0.32119914346895073,1,467,1,1,1,1
434,0528_c0002_020.jpg,528,1,-1,True,150,8550,0.7931669888479695,0.3191489361702128,1,470,1,1,1,1
435,0528_c0003_000.jpg,528,2,-1,True,150,8550,0.9438737565018539,0.5681818181818182,1,264,1,1,1,1
436,0528_c0003_005.jpg,528,2,-1,True,150,8550,0.9414081966777388,0.5576208178438662,1,269,1,1,1,1
437,0528_c0003_010.jpg,528,2,-1,True,150,8550,0.936072648822408,0.5576208178438662,1,269,1,1,1,1
438,0528_c0003_015.jpg,528,2,-1,True,150,8550,0.9336964460778877,0.5576208178438662,1,269,1,1,1,1
439,0528_c0003_020.jpg,528,2,-1,True,150,8550,0.9296078315318052,0.5244755244755245,1,286,1,1,1,1
440,0528_c0004_000.jpg,528,3,-1,True,150,8550,0.9674736511685027,0.8571428571428571,1,175,1,1,1,1
441,0528_c0004_005.jpg,528,3,-1,True,150,8550,0.9659819013584194,0.8571428571428571,1,175,1,1,1,1
442,0528_c0004_010.jpg,528,3,-1,True,150,8550,0.9721390428478598,0.8571428571428571,1,175,1,1,1,1
443,0528_c0004_015.jpg,528,3,-1,True,150,8550,0.9676380944818322,0.8571428571428571,1,175,1,1,1,1
444,0528_c0004_020.jpg,528,3,-1,True,150,8550,0.9676246001720676,0.8571428571428571,1,175,1,1,1,1
445,0528_c0005_000.jpg,528,4,-1,True,150,8550,0.9681417450553086,0.8571428571428571,1,175,1,1,1,1
446,0528_c0005_005.jpg,528,4,-1,True,150,8550,0.9736555606446007,0.8571428571428571,1,175,1,1,1,1
447,0528_c0005_010.jpg,528,4,-1,True,150,8550,0.9635866125521003,0.8571428571428571,1,175,1,1,1,1
448,0528_c0005_015.jpg,528,4,-1,True,150,8550,0.973178121671247,0.8333333333333334,1,180,1,1,1,1
449,0528_c0005_020.jpg,528,4,-1,True,150,8550,0.9616113091767848,0.8379888268156425,1,179,1,1,1,1
450,0528_c0006_000.jpg,528,5,-1,True,150,8550,0.9287099524292789,0.5319148936170213,1,282,1,1,1,1
451,0528_c0006_005.jpg,528,5,-1,True,150,8550,0.9291120520840666,0.5338078291814946,1,281,1,1,1,1
452,0528_c0006_010.jpg,528,5,-1,True,150,8550,0.9226248398432316,0.5769230769230769,1,260,1,1,1,1
453,0528_c0006_015.jpg,528,5,-1,True,150,8550,0.9208950196473203,0.5576208178438662,1,269,1,1,1,1
454,0528_c0006_020.jpg,528,5,-1,True,150,8550,0.9133050167431827,0.5681818181818182,1,264,1,1,1,1
455,0528_c0007_000.jpg,528,6,-1,True,150,8550,0.7767569183783493,0.5576208178438662,1,269,1,1,1,1
456,0528_c0007_005.jpg,528,6,-1,True,150,8550,0.7817856536731116,0.6,1,250,1,1,1,1
457,0528_c0007_010.jpg,528,6,-1,True,150,8550,0.7727611982508931,0.5725190839694656,1,262,1,1,1,1
458,0528_c0007_015.jpg,528,6,-1,True,150,8550,0.7721196985927115,0.5725190839694656,1,262,1,1,1,1
459,0528_c0007_020.jpg,528,6,-1,True,150,8550,0.7828401125588182,0.6,1,250,1,1,1,1
460,0530_c0001_000.jpg,530,0,-1,True,150,8550,0.7359201657051848,0.46153846153846156,1,325,1,1,1,1
461,0530_c0001_005.jpg,530,0,-1,True,150,8550,0.7227760931341012,0.44642857142857145,1,336,1,1,1,1
462,0530_c0001_010.jpg,530,0,-1,True,150,8550,0.7408683015565991,0.4672897196261682,1,321,1,1,1,1
463,0530_c0001_015.jpg,530,0,-1,True,150,8550,0.772663017765838,0.49019607843137253,1,306,1,1,1,1
464,0530_c0001_020.jpg,530,0,-1,True,150,8550,0.7198295458878144,0.46153846153846156,1,325,1,1,1,1
465,0530_c0002_000.jpg,530,1,-1,True,150,8550,1.0,1.0,1,150,1,1,1,1
466,0530_c0002_005.jpg,530,1,-1,True,150,8550,1.0,1.0,1,150,1,1,1,1
467,0530_c0002_010.jpg,530,1,-1,True,150,8550,1.0,1.0,1,150,1,1,1,1
468,0530_c0002_015.jpg,530,1,-1,True,150,8550,1.0,1.0,1,150,1,1,1,1
469,0530_c0002_020.jpg,530,1,-1,True,150,8550,1.0,1.0,1,150,1,1,1,1
470,0530_c0003_000.jpg,530,2,-1,True,150,8550,1.0,1.0,1,150,1,1,1,1
471,0530_c0003_005.jpg,530,2,-1,True,150,8550,1.0,1.0,1,150,1,1,1,1
472,0530_c0003_010.jpg,530,2,-1,True,150,8550,1.0,1.0,1,150,1,1,1,1
473,0530_c0003_015.jpg,530,2,-1,True,150,8550,1.0,1.0,1,150,1,1,1,1
474,0530_c0003_020.jpg,530,2,-1,True,150,8550,1.0,1.0,1,150,1,1,1,1
475,0530_c0004_000.jpg,530,3,-1,True,150,8550,1.0,1.0,1,150,1,1,1,1
476,0530_c0004_005.jpg,530,3,-1,True,150,8550,1.0,1.0,1,150,1,1,1,1
477,0530_c0004_010.jpg,530,3,-1,True,150,8550,1.0,1.0,1,150,1,1,1,1
478,0530_c0004_015.jpg,530,3,-1,True,150,8550,1.0,1.0,1,150,1,1,1,1
479,0530_c0004_020.jpg,530,3,-1,True,150,8550,1.0,1.0,1,150,1,1,1,1
480,0530_c0005_000.jpg,530,4,-1,True,150,8550,0.9178879665537721,0.7211538461538461,1,208,1,1,1,1
481,0530_c0005_005.jpg,530,4,-1,True,150,8550,0.9433709283488152,0.7246376811594203,1,207,1,1,1,1
482,0530_c0005_010.jpg,530,4,-1,True,150,8550,0.931325805472004,0.7246376811594203,1,207,1,1,1,1
483,0530_c0005_015.jpg,530,4,-1,True,150,8550,0.9407169764813221,0.7281553398058253,1,206,1,1,1,1
484,0530_c0005_020.jpg,530,4,-1,True,150,8550,0.9594306595999595,0.746268656716418,1,201,1,1,1,1
485,0530_c0006_000.jpg,530,5,-1,True,150,8550,1.0,1.0,1,150,1,1,1,1
486,0530_c0006_005.jpg,530,5,-1,True,150,8550,1.0,1.0,1,150,1,1,1,1
487,0530_c0006_010.jpg,530,5,-1,True,150,8550,1.0,1.0,1,150,1,1,1,1
488,0530_c0006_015.jpg,530,5,-1,True,150,8550,1.0,1.0,1,150,1,1,1,1
489,0530_c0006_020.jpg,530,5,-1,True,150,8550,1.0,1.0,1,150,1,1,1,1
490,0530_c0008_000.jpg,530,7,-1,True,150,8550,0.884165547990451,0.5376344086021505,1,279,1,1,1,1
491,0530_c0008_005.jpg,530,7,-1,True,150,8550,0.8881518165641193,0.5415162454873647,1,277,1,1,1,1
492,0530_c0008_010.jpg,530,7,-1,True,150,8550,0.8730369842344197,0.5067567567567568,1,296,1,1,1,1
493,0530_c0008_015.jpg,530,7,-1,True,150,8550,0.8803671275302067,0.539568345323741,1,278,1,1,1,1
494,0530_c0008_020.jpg,530,7,-1,True,150,8550,0.8577347800252949,0.4398826979472141,1,341,1,1,1,1
495,0532_c0001_000.jpg,532,0,-1,True,175,8550,1.0,1.0,1,175,1,1,1,1
496,0532_c0001_005.jpg,532,0,-1,True,175,8550,1.0,1.0,1,175,1,1,1,1
497,0532_c0001_010.jpg,532,0,-1,True,175,8550,1.0,1.0,1,175,1,1,1,1
498,0532_c0001_015.jpg,532,0,-1,True,175,8550,1.0,1.0,1,175,1,1,1,1
499,0532_c0001_020.jpg,532,0,-1,True,175,8550,1.0,1.0,1,175,1,1,1,1
500,0532_c0002_000.jpg,532,1,-1,True,175,8550,0.4227771705810157,0.2141982864137087,1,817,1,1,1,1
501,0532_c0002_005.jpg,532,1,-1,True,175,8550,0.40374764931112933,0.20161290322580644,1,868,1,1,1,1
502,0532_c0002_010.jpg,532,1,-1,True,175,8550,0.4679256361347911,0.21446078431372548,1,816,1,1,1,1
503,0532_c0002_015.jpg,532,1,-1,True,175,8550,0.42187045247786487,0.19487750556792874,1,898,1,1,1,1
504,0532_c0002_020.jpg,532,1,-1,True,175,8550,0.40864020476637947,0.20161290322580644,1,868,1,1,1,1
505,0532_c0003_000.jpg,532,2,-1,True,175,8550,0.9279981190201241,0.43424317617866004,1,403,1,1,1,1
506,0532_c0003_005.jpg,532,2,-1,True,175,8550,0.930930724441513,0.4430379746835443,1,395,1,1,1,1
507,0532_c0003_010.jpg,532,2,-1,True,175,8550,0.9345547226497161,0.4768392370572207,1,367,1,1,1,1
508,0532_c0003_015.jpg,532,2,-1,True,175,8550,0.9309327137011562,0.44642857142857145,1,392,1,1,1,1
509,0532_c0003_020.jpg,532,2,-1,True,175,8550,0.935413973682542,0.49295774647887325,1,355,1,1,1,1
510,0532_c0004_000.jpg,532,3,-1,True,175,8550,0.9615386032792003,0.5627009646302251,1,311,1,1,1,1
511,0532_c0004_005.jpg,532,3,-1,True,175,8550,0.9548933355879525,0.5520504731861199,1,317,1,1,1,1
512,0532_c0004_010.jpg,532,3,-1,True,175,8550,0.9665717730236101,0.6076388888888888,1,288,1,1,1,1
513,0532_c0004_015.jpg,532,3,-1,True,175,8550,0.9675561730890443,0.68359375,1,256,1,1,1,1
514,0532_c0004_020.jpg,532,3,-1,True,175,8550,0.9702296194686925,0.6653992395437263,1,263,1,1,1,1
515,0532_c0005_000.jpg,532,4,-1,True,175,8550,0.9598584756925246,0.5368098159509203,1,326,1,1,1,1
516,0532_c0005_005.jpg,532,4,-1,True,175,8550,0.9638201728740722,0.5239520958083832,1,334,1,1,1,1
517,0532_c0005_010.jpg,532,4,-1,True,175,8550,0.962839155646773,0.5537974683544303,1,316,1,1,1,1
518,0532_c0005_015.jpg,532,4,-1,True,175,8550,0.9583157151135595,0.5131964809384164,1,341,1,1,1,1
519,0532_c0005_020.jpg,532,4,-1,True,175,8550,0.9613887655746435,0.5192878338278932,1,337,1,1,1,1
520,0532_c0006_000.jpg,532,5,-1,True,175,8550,0.9811518499921092,0.875,1,200,1,1,1,1
521,0532_c0006_005.jpg,532,5,-1,True,175,8550,0.9986368259692492,0.9408602150537635,1,186,1,1,1,1
522,0532_c0006_010.jpg,532,5,-1,True,175,8550,0.9888852388400509,0.875,1,200,1,1,1,1
523,0532_c0006_015.jpg,532,5,-1,True,175,8550,0.9949324950203065,0.8793969849246231,1,199,1,1,1,1
524,0532_c0006_020.jpg,532,5,-1,True,175,8550,0.9812553317807361,0.875,1,200,1,1,1,1
525,0532_c0007_000.jpg,532,6,-1,True,175,8550,0.9935284129541154,0.7510729613733905,1,233,1,1,1,1
526,0532_c0007_005.jpg,532,6,-1,True,175,8550,0.9712744352448437,0.7231404958677686,1,242,1,1,1,1
527,0532_c0007_010.jpg,532,6,-1,True,175,8550,0.9770366777961382,0.7777777777777778,1,225,1,1,1,1
528,0532_c0007_015.jpg,532,6,-1,True,175,8550,0.9875749999969045,0.7608695652173914,1,230,1,1,1,1
529,0532_c0007_020.jpg,532,6,-1,True,175,8550,0.9848730575663438,0.6730769230769231,1,260,1,1,1,1
530,0532_c0008_000.jpg,532,7,-1,True,175,8550,0.8825763718550811,0.15625,1,1120,1,1,1,1
531,0532_c0008_005.jpg,532,7,-1,True,175,8550,0.8820426754046025,0.1570915619389587,1,1114,1,1,1,1
532,0532_c0008_010.jpg,532,7,-1,True,175,8550,0.8846447543728693,0.16859344894026976,1,1038,1,1,1,1
533,0532_c0008_015.jpg,532,7,-1,True,175,8550,0.8824768283283859,0.16025641025641027,1,1092,1,1,1,1
534,0532_c0008_020.jpg,532,7,-1,True,175,8550,0.8875814721844201,0.18756698821007503,1,933,1,1,1,1
535,0534_c0001_000.jpg,534,0,-1,True,150,8550,1.0,1.0,1,150,1,1,1,1
536,0534_c0001_005.jpg,534,0,-1,True,150,8550,1.0,1.0,1,150,1,1,1,1
537,0534_c0001_010.jpg,534,0,-1,True,150,8550,1.0,1.0,1,150,1,1,1,1
538,0534_c0001_015.jpg,534,0,-1,True,150,8550,1.0,1.0,1,150,1,1,1,1
539,0534_c0001_020.jpg,534,0,-1,True,150,8550,1.0,1.0,1,150,1,1,1,1
540,0534_c0002_000.jpg,534,1,-1,True,150,8550,1.0,1.0,1,150,1,1,1,1
541,0534_c0002_005.jpg,534,1,-1,True,150,8550,1.0,1.0,1,150,1,1,1,1
542,0534_c0002_010.jpg,534,1,-1,True,150,8550,1.0,1.0,1,150,1,1,1,1
543,0534_c0002_015.jpg,534,1,-1,True,150,8550,1.0,1.0,1,150,1,1,1,1
544,0534_c0002_020.jpg,534,1,-1,True,150,8550,1.0,1.0,1,150,1,1,1,1
545,0534_c0004_000.jpg,534,3,-1,True,150,8550,1.0,1.0,1,150,1,1,1,1
546,0534_c0004_005.jpg,534,3,-1,True,150,8550,1.0,1.0,1,150,1,1,1,1
547,0534_c0004_010.jpg,534,3,-1,True,150,8550,1.0,1.0,1,150,1,1,1,1
548,0534_c0004_015.jpg,534,3,-1,True,150,8550,1.0,1.0,1,150,1,1,1,1
549,0534_c0004_020.jpg,534,3,-1,True,150,8550,1.0,1.0,1,150,1,1,1,1
550,0534_c0005_000.jpg,534,4,-1,True,150,8550,1.0,1.0,1,150,1,1,1,1
551,0534_c0005_005.jpg,534,4,-1,True,150,8550,1.0,1.0,1,150,1,1,1,1
552,0534_c0005_010.jpg,534,4,-1,True,150,8550,1.0,1.0,1,150,1,1,1,1
553,0534_c0005_015.jpg,534,4,-1,True,150,8550,1.0,1.0,1,150,1,1,1,1
554,0534_c0005_020.jpg,534,4,-1,True,150,8550,1.0,1.0,1,150,1,1,1,1
555,0534_c0006_000.jpg,534,5,-1,True,150,8550,1.0,1.0,1,150,1,1,1,1
556,0534_c0006_005.jpg,534,5,-1,True,150,8550,1.0,1.0,1,150,1,1,1,1
557,0534_c0006_010.jpg,534,5,-1,True,150,8550,1.0,1.0,1,150,1,1,1,1
558,0534_c0006_015.jpg,534,5,-1,True,150,8550,1.0,1.0,1,150,1,1,1,1
559,0534_c0006_020.jpg,534,5,-1,True,150,8550,1.0,1.0,1,150,1,1,1,1
560,0534_c0007_000.jpg,534,6,-1,True,150,8550,1.0,1.0,1,150,1,1,1,1
561,0534_c0007_005.jpg,534,6,-1,True,150,8550,1.0,1.0,1,150,1,1,1,1
562,0534_c0007_010.jpg,534,6,-1,True,150,8550,1.0,1.0,1,150,1,1,1,1
563,0534_c0007_015.jpg,534,6,-1,True,150,8550,1.0,1.0,1,150,1,1,1,1
564,0534_c0007_020.jpg,534,6,-1,True,150,8550,1.0,1.0,1,150,1,1,1,1
565,0534_c0008_000.jpg,534,7,-1,True,150,8550,1.0,1.0,1,150,1,1,1,1
566,0534_c0008_005.jpg,534,7,-1,True,150,8550,1.0,1.0,1,150,1,1,1,1
567,0534_c0008_010.jpg,534,7,-1,True,150,8550,1.0,1.0,1,150,1,1,1,1
568,0534_c0008_015.jpg,534,7,-1,True,150,8550,1.0,1.0,1,150,1,1,1,1
569,0534_c0008_020.jpg,534,7,-1,True,150,8550,1.0,1.0,1,150,1,1,1,1
570,0536_c0001_000.jpg,536,0,-1,True,75,8550,0.4723151892432899,0.16447368421052633,1,456,1,1,1,1
571,0536_c0001_005.jpg,536,0,-1,True,75,8550,0.48479025427013295,0.16891891891891891,1,444,1,1,1,1
572,0536_c0001_010.jpg,536,0,-1,True,75,8550,0.5058309879744126,0.1720183486238532,1,436,1,1,1,1
573,0536_c0001_015.jpg,536,0,-1,True,75,8550,0.48361690463718693,0.17006802721088435,1,441,1,1,1,1
574,0536_c0001_020.jpg,536,0,-1,True,75,8550,0.48832403420582543,0.17647058823529413,1,425,1,1,1,1
575,0536_c0002_000.jpg,536,1,-1,True,75,8550,0.49108047108923414,0.25951557093425603,1,289,1,1,1,1
576,0536_c0002_005.jpg,536,1,-1,True,75,8550,0.4982283334938796,0.24429967426710097,1,307,1,1,1,1
577,0536_c0002_010.jpg,536,1,-1,True,75,8550,0.4855453751235846,0.21428571428571427,1,350,1,1,1,1
578,0536_c0002_015.jpg,536,1,-1,True,75,8550,0.5138129545407549,0.29411764705882354,1,255,1,1,1,1
579,0536_c0002_020.jpg,536,1,-1,True,75,8550,0.5235298945791901,0.2604166666666667,1,288,1,1,1,1
580,0536_c0005_000.jpg,536,4,-1,True,75,8550,0.632501031592698,0.29411764705882354,1,255,1,1,1,1
581,0536_c0005_005.jpg,536,4,-1,True,75,8550,0.6161755180914356,0.3024193548387097,1,248,1,1,1,1
582,0536_c0005_010.jpg,536,4,-1,True,75,8550,0.6167278466673026,0.336322869955157,1,223,1,1,1,1
583,0536_c0005_015.jpg,536,4,-1,True,75,8550,0.6247328265438683,0.3,1,250,1,1,1,1
584,0536_c0005_020.jpg,536,4,-1,True,75,8550,0.6025997883499561,0.2640845070422535,1,284,1,1,1,1
585,0536_c0006_000.jpg,536,5,-1,True,75,8550,0.1481790890041258,0.0949367088607595,27,790,0,0,0,0
586,0536_c0006_005.jpg,536,5,-1,True,75,8550,0.14721877329384286,0.11078286558345643,26,677,0,0,0,0
587,0536_c0006_010.jpg,536,5,-1,True,75,8550,0.17054824617358716,0.11885895404120443,26,631,0,0,0,0
588,0536_c0006_015.jpg,536,5,-1,True,75,8550,0.20096685305033293,0.13181019332161686,6,569,0,0,1,1
589,0536_c0006_020.jpg,536,5,-1,True,75,8550,0.17651380605751424,0.12315270935960591,23,609,0,0,0,0
590,0538_c0001_000.jpg,538,0,-1,True,175,8550,0.9094890110434283,0.5608974358974359,1,312,1,1,1,1
591,0538_c0001_005.jpg,538,0,-1,True,175,8550,0.8247995664932221,0.5351681957186545,1,327,1,1,1,1
592,0538_c0001_010.jpg,538,0,-1,True,175,8550,0.919725237965188,0.625,1,280,1,1,1,1
593,0538_c0001_015.jpg,538,0,-1,True,175,8550,0.8999043170624423,0.4654255319148936,1,376,1,1,1,1
594,0538_c0001_020.jpg,538,0,-1,True,175,8550,0.9060553346308349,0.550314465408805,1,318,1,1,1,1
595,0538_c0002_000.jpg,538,1,-1,True,175,8550,0.6600360257359197,0.19818799546998866,1,883,1,1,1,1
596,0538_c0002_005.jpg,538,1,-1,True,175,8550,0.6661128568733223,0.2157829839704069,6,811,0,0,1,1
597,0538_c0002_010.jpg,538,1,-1,True,175,8550,0.6565103474686543,0.18459915611814345,1,948,1,1,1,1
598,0538_c0002_015.jpg,538,1,-1,True,175,8550,0.7081257365805472,0.18459915611814345,1,948,1,1,1,1
599,0538_c0002_020.jpg,538,1,-1,True,175,8550,0.7608193077840569,0.17623363544813697,1,993,1,1,1,1
600,0538_c0003_000.jpg,538,2,-1,True,175,8550,0.8398946710363062,0.39592760180995473,1,442,1,1,1,1
601,0538_c0003_005.jpg,538,2,-1,True,175,8550,0.9207984763319225,0.45454545454545453,1,385,1,1,1,1
602,0538_c0003_010.jpg,538,2,-1,True,175,8550,0.9073141411355303,0.42997542997543,1,407,1,1,1,1
603,0538_c0003_015.jpg,538,2,-1,True,175,8550,0.9487470903796557,0.5591054313099042,1,313,1,1,1,1
604,0538_c0003_020.jpg,538,2,-1,True,175,8550,0.9722966702339033,0.7172131147540983,1,244,1,1,1,1
605,0538_c0004_000.jpg,538,3,-1,True,175,8550,0.8917914325826749,0.4227053140096618,1,414,1,1,1,1
606,0538_c0004_005.jpg,538,3,-1,True,175,8550,0.8592432972043218,0.34930139720558884,1,501,1,1,1,1
607,0538_c0004_010.jpg,538,3,-1,True,175,8550,0.863943473165462,0.33269961977186313,1,526,1,1,1,1
608,0538_c0004_015.jpg,538,3,-1,True,175,8550,0.8799043551244914,0.341796875,1,512,1,1,1,1
609,0538_c0004_020.jpg,538,3,-1,True,175,8550,0.8735942777288525,0.33269961977186313,1,526,1,1,1,1
610,0538_c0005_000.jpg,538,4,-1,True,175,8550,0.728530090666755,0.21793275217932753,1,803,1,1,1,1
611,0538_c0005_005.jpg,538,4,-1,True,175,8550,0.6531400027577439,0.19401330376940132,1,902,1,1,1,1
612,0538_c0005_010.jpg,538,4,-1,True,175,8550,0.6053808930345538,0.17224409448818898,1,1016,1,1,1,1
613,0538_c0005_015.jpg,538,4,-1,True,175,8550,0.6951028596533115,0.1977401129943503,1,885,1,1,1,1
614,0538_c0005_020.jpg,538,4,-1,True,175,8550,0.6924996159239641,0.1883745963401507,1,929,1,1,1,1
615,0538_c0006_000.jpg,538,5,-1,True,175,8550,0.865020953905732,0.22151898734177214,1,790,1,1,1,1
616,0538_c0006_005.jpg,538,5,-1,True,175,8550,0.8415822628057601,0.17309594460929772,1,1011,1,1,1,1
617,0538_c0006_010.jpg,538,5,-1,True,175,8550,0.8415056179032064,0.17587939698492464,1,995,1,1,1,1
618,0538_c0006_015.jpg,538,5,-1,True,175,8550,0.8476510457771445,0.1809720785935884,1,967,1,1,1,1
619,0538_c0006_020.jpg,538,5,-1,True,175,8550,0.9416688584318054,0.2536231884057971,1,690,1,1,1,1
620,0538_c0007_000.jpg,538,6,-1,True,175,8550,0.83422252410113,0.33206831119544594,1,527,1,1,1,1
621,0538_c0007_005.jpg,538,6,-1,True,175,8550,0.8186769860047625,0.32710280373831774,1,535,1,1,1,1
622,0538_c0007_010.jpg,538,6,-1,True,175,8550,0.7974871941200096,0.28548123980424145,1,613,1,1,1,1
623,0538_c0007_015.jpg,538,6,-1,True,175,8550,0.806640410913488,0.3048780487804878,1,574,1,1,1,1
624,0538_c0007_020.jpg,538,6,-1,True,175,8550,0.8951840468125842,0.33206831119544594,1,527,1,1,1,1
625,0538_c0008_000.jpg,538,7,-1,True,175,8550,0.8901955596754605,0.41866028708133973,1,418,1,1,1,1
626,0538_c0008_005.jpg,538,7,-1,True,175,8550,0.8804806844807961,0.39863325740318906,1,439,1,1,1,1
627,0538_c0008_010.jpg,538,7,-1,True,175,8550,0.883419521107555,0.40229885057471265,1,435,1,1,1,1
628,0538_c0008_015.jpg,538,7,-1,True,175,8550,0.8543003665029281,0.41866028708133973,1,418,1,1,1,1
629,0538_c0008_020.jpg,538,7,-1,True,175,8550,0.8430133566628844,0.41766109785202865,1,419,1,1,1,1
630,0540_c0001_000.jpg,540,0,-1,True,175,8550,0.7181248977718424,0.2986348122866894,1,586,1,1,1,1
631,0540_c0001_005.jpg,540,0,-1,True,175,8550,0.6795846187705281,0.2887788778877888,1,606,1,1,1,1
632,0540_c0001_010.jpg,540,0,-1,True,175,8550,0.6193412423535986,0.2755905511811024,1,635,1,1,1,1
633,0540_c0001_015.jpg,540,0,-1,True,175,8550,0.6648583876027426,0.2921535893155259,1,599,1,1,1,1
634,0540_c0001_020.jpg,540,0,-1,True,175,8550,0.5970984337012316,0.2786624203821656,1,628,1,1,1,1
635,0540_c0002_000.jpg,540,1,-1,True,175,8550,0.43533717123466864,0.13379204892966362,1,1308,1,1,1,1
636,0540_c0002_005.jpg,540,1,-1,True,175,8550,0.4287214233578551,0.12991833704528583,1,1347,1,1,1,1
637,0540_c0002_010.jpg,540,1,-1,True,175,8550,0.44692569259592996,0.14067524115755628,1,1244,1,1,1,1
638,0540_c0002_015.jpg,540,1,-1,True,175,8550,0.34105148739540075,0.09881422924901186,1,1771,1,1,1,1
639,0540_c0002_020.jpg,540,1,-1,True,175,8550,0.3860373160383812,0.12801755669348938,1,1367,1,1,1,1
640,0540_c0003_000.jpg,540,2,-1,True,175,8550,0.9305428201463701,0.3779697624190065,1,463,1,1,1,1
641,0540_c0003_005.jpg,540,2,-1,True,175,8550,0.9369011936557334,0.3193430656934307,1,548,1,1,1,1
642,0540_c0003_010.jpg,540,2,-1,True,175,8550,0.9592991579721719,0.39863325740318906,1,439,1,1,1,1
643,0540_c0003_015.jpg,540,2,-1,True,175,8550,0.9219651491386912,0.3017241379310345,1,580,1,1,1,1
644,0540_c0003_020.jpg,540,2,-1,True,175,8550,0.9433012596401642,0.3252788104089219,1,538,1,1,1,1
645,0540_c0004_000.jpg,540,3,-1,True,175,8550,0.7782096100778113,0.10835913312693499,1,1615,1,1,1,1
646,0540_c0004_005.jpg,540,3,-1,True,175,8550,0.8981812955594134,0.1583710407239819,1,1105,1,1,1,1
647,0540_c0004_010.jpg,540,3,-1,True,175,8550,0.9082558260197334,0.18382352941176472,1,952,1,1,1,1
648,0540_c0004_015.jpg,540,3,-1,True,175,8550,0.9133869062114968,0.17641129032258066,1,992,1,1,1,1
649,0540_c0004_020.jpg,540,3,-1,True,175,8550,0.8204862759603668,0.12437810945273632,1,1407,1,1,1,1
650,0540_c0005_000.jpg,540,4,-1,True,175,8550,0.8760177884837104,0.4666666666666667,1,375,1,1,1,1
651,0540_c0005_005.jpg,540,4,-1,True,175,8550,0.86120811369916,0.4716981132075472,1,371,1,1,1,1
652,0540_c0005_010.jpg,540,4,-1,True,175,8550,0.8630821727662584,0.4691689008042895,1,373,1,1,1,1
653,0540_c0005_015.jpg,540,4,-1,True,175,8550,0.8517417518568047,0.43424317617866004,1,403,1,1,1,1
654,0540_c0005_020.jpg,540,4,-1,True,175,8550,0.853837696840701,0.45454545454545453,1,385,1,1,1,1
655,0540_c0006_000.jpg,540,5,-1,True,175,8550,0.7277138296319973,0.2986348122866894,1,586,1,1,1,1
656,0540_c0006_005.jpg,540,5,-1,True,175,8550,0.7476697720491562,0.34791252485089463,1,503,1,1,1,1
657,0540_c0006_010.jpg,540,5,-1,True,175,8550,0.7287980913854929,0.30120481927710846,1,581,1,1,1,1
658,0540_c0006_015.jpg,540,5,-1,True,175,8550,0.7353575495415369,0.30120481927710846,1,581,1,1,1,1
659,0540_c0006_020.jpg,540,5,-1,True,175,8550,0.72591082055921,0.3108348134991119,1,563,1,1,1,1
660,0540_c0007_000.jpg,540,6,-1,True,175,8550,0.9750390177370944,0.6653992395437263,1,263,1,1,1,1
661,0540_c0007_005.jpg,540,6,-1,True,175,8550,0.9648956507763519,0.7261410788381742,1,241,1,1,1,1
662,0540_c0007_010.jpg,540,6,-1,True,175,8550,0.9499899860942936,0.6433823529411765,1,272,1,1,1,1
663,0540_c0007_015.jpg,540,6,-1,True,175,8550,0.9384355614904634,0.6862745098039216,1,255,1,1,1,1
664,0540_c0007_020.jpg,540,6,-1,True,175,8550,0.9767296476824368,0.7510729613733905,1,233,1,1,1,1
665,0540_c0008_000.jpg,540,7,-1,True,175,8550,0.6075640937687192,0.15310586176727908,1,1143,1,1,1,1
666,0540_c0008_005.jpg,540,7,-1,True,175,8550,0.6476024626516227,0.18343815513626835,1,954,1,1,1,1
667,0540_c0008_010.jpg,540,7,-1,True,175,8550,0.6591223704910627,0.19640852974186307,1,891,1,1,1,1
668,0540_c0008_015.jpg,540,7,-1,True,175,8550,0.6331800058944957,0.18134715025906736,1,965,1,1,1,1
669,0540_c0008_020.jpg,540,7,-1,True,175,8550,0.6361900236962501,0.18401682439537329,1,951,1,1,1,1
670,0542_c0001_000.jpg,542,0,-1,True,150,8550,0.5188072008856385,0.04177109440267335,1,3591,1,1,1,1
671,0542_c0001_005.jpg,542,0,-1,True,150,8550,0.4915216549242176,0.03484320557491289,1,4305,1,1,1,1
672,0542_c0001_010.jpg,542,0,-1,True,150,8550,0.5107701626504735,0.038570326562098224,1,3889,1,1,1,1
673,0542_c0001_015.jpg,542,0,-1,True,150,8550,0.5426779290769046,0.03773584905660377,1,3975,1,1,1,1
674,0542_c0001_020.jpg,542,0,-1,True,150,8550,0.5293680720002369,0.037397157816005985,1,4011,1,1,1,1
675,0542_c0002_000.jpg,542,1,-1,True,150,8550,0.5862326772828771,0.25252525252525254,1,594,1,1,1,1
676,0542_c0002_005.jpg,542,1,-1,True,150,8550,0.6155116168914527,0.3024193548387097,1,496,1,1,1,1
677,0542_c0002_010.jpg,542,1,-1,True,150,8550,0.617132895573533,0.30612244897959184,1,490,1,1,1,1
678,0542_c0002_015.jpg,542,1,-1,True,150,8550,0.563522378850045,0.3112033195020747,1,482,1,1,1,1
679,0542_c0002_020.jpg,542,1,-1,True,150,8550,0.5862407977295374,0.29239766081871343,1,513,1,1,1,1
680,0542_c0004_000.jpg,542,3,-1,True,150,8550,0.055061878769628245,0.02414681262073406,110,6212,0,0,0,0
681,0542_c0004_005.jpg,542,3,-1,True,150,8550,0.05621887888594003,0.024205260609972568,100,6197,0,0,0,0
682,0542_c0004_010.jpg,542,3,-1,True,150,8550,0.05271510256361807,0.024525833878351864,120,6116,0,0,0,0
683,0542_c0004_015.jpg,542,3,-1,True,150,8550,0.05366368463381214,0.02448180186061694,140,6127,0,0,0,0
684,0542_c0004_020.jpg,542,3,-1,True,150,8550,0.05419197511292093,0.02386634844868735,108,6285,0,0,0,0
685,0542_c0005_000.jpg,542,4,-1,True,150,8550,0.47383997387815613,0.030562347188264057,1,4908,1,1,1,1
686,0542_c0005_005.jpg,542,4,-1,True,150,8550,0.4666548473721006,0.028237951807228916,1,5312,1,1,1,1
687,0542_c0005_010.jpg,542,4,-1,True,150,8550,0.45241239663561816,0.02866424613032677,1,5233,1,1,1,1
688,0542_c0005_015.jpg,542,4,-1,True,150,8550,0.4480245403572337,0.028708133971291867,1,5225,1,1,1,1
689,0542_c0005_020.jpg,542,4,-1,True,150,8550,0.47902312920783297,0.03159224936815501,1,4748,1,1,1,1
690,0542_c0006_000.jpg,542,5,-1,True,150,8550,0.5823712437657576,0.042289258528333803,1,3547,1,1,1,1
691,0542_c0006_005.jpg,542,5,-1,True,150,8550,0.6187128570871319,0.04246885617214043,1,3532,1,1,1,1
692,0542_c0006_010.jpg,542,5,-1,True,150,8550,0.5729080104769233,0.043202764976958526,1,3472,1,1,1,1
693,0542_c0006_015.jpg,542,5,-1,True,150,8550,0.5875717170972405,0.04272287097692965,1,3511,1,1,1,1
694,0542_c0006_020.jpg,542,5,-1,True,150,8550,0.5940388539540591,0.045551169146674765,1,3293,1,1,1,1
695,0542_c0007_000.jpg,542,6,-1,True,150,8550,0.6055176165170392,0.04604051565377532,1,3258,1,1,1,1
696,0542_c0007_005.jpg,542,6,-1,True,150,8550,0.5514932073246915,0.05121201775349949,1,2929,1,1,1,1
697,0542_c0007_010.jpg,542,6,-1,True,150,8550,0.613538989594876,0.05496518871381458,1,2729,1,1,1,1
698,0542_c0007_015.jpg,542,6,-1,True,150,8550,0.5427744712238043,0.05480453050785532,1,2737,1,1,1,1
699,0542_c0007_020.jpg,542,6,-1,True,150,8550,0.6122044163824356,0.05615874204417821,1,2671,1,1,1,1
700,0542_c0008_000.jpg,542,7,-1,True,150,8550,0.1639999431448891,0.02352203230359103,1,6377,1,1,1,1
701,0542_c0008_005.jpg,542,7,-1,True,150,8550,0.1027127879079773,0.02432695426532598,5,6166,0,1,1,1
702,0542_c0008_010.jpg,542,7,-1,True,150,8550,0.08239953581409452,0.02503755633450175,18,5991,0,0,0,1
703,0542_c0008_015.jpg,542,7,-1,True,150,8550,0.07050903810614807,0.025870989996550534,24,5798,0,0,0,0
704,0542_c0008_020.jpg,542,7,-1,True,150,8550,0.07769491905451202,0.025514543289675114,4,5879,0,1,1,1
705,0544_c0001_000.jpg,544,0,-1,True,150,8550,0.7452697683322379,0.3605769230769231,1,416,1,1,1,1
706,0544_c0001_005.jpg,544,0,-1,True,150,8550,0.8449065180540942,0.47318611987381703,1,317,1,1,1,1
707,0544_c0001_010.jpg,544,0,-1,True,150,8550,0.8268866155330578,0.5050505050505051,1,297,1,1,1,1
708,0544_c0001_015.jpg,544,0,-1,True,150,8550,0.8294694837561946,0.46439628482972134,1,323,1,1,1,1
709,0544_c0001_020.jpg,544,0,-1,True,150,8550,0.7902561281206445,0.4983388704318937,1,301,1,1,1,1
710,0544_c0002_000.jpg,544,1,-1,True,150,8550,0.903029750666908,0.7281553398058253,1,206,1,1,1,1
711,0544_c0002_005.jpg,544,1,-1,True,150,8550,0.8767577055173978,0.7281553398058253,1,206,1,1,1,1
712,0544_c0002_010.jpg,544,1,-1,True,150,8550,0.8450879593217266,0.6944444444444444,1,216,1,1,1,1
713,0544_c0002_015.jpg,544,1,-1,True,150,8550,0.838521616530656,0.7075471698113207,1,212,1,1,1,1
714,0544_c0002_020.jpg,544,1,-1,True,150,8550,0.8249412931070474,0.746268656716418,1,201,1,1,1,1
715,0544_c0003_000.jpg,544,2,-1,True,150,8550,0.9985359260412637,0.8875739644970414,1,169,1,1,1,1
716,0544_c0003_005.jpg,544,2,-1,True,150,8550,0.9997849462365591,0.967741935483871,1,155,1,1,1,1
717,0544_c0003_010.jpg,544,2,-1,True,150,8550,0.9998692810457518,0.9803921568627451,1,153,1,1,1,1
718,0544_c0003_015.jpg,544,2,-1,True,150,8550,0.9998268398268398,0.974025974025974,1,154,1,1,1,1
719,0544_c0003_020.jpg,544,2,-1,True,150,8550,0.9981914222078441,0.8875739644970414,1,169,1,1,1,1
720,0544_c0005_000.jpg,544,4,-1,True,150,8550,0.9967604132230268,0.8928571428571429,1,168,1,1,1,1
721,0544_c0005_005.jpg,544,4,-1,True,150,8550,0.9962935015758796,0.7614213197969543,1,197,1,1,1,1
722,0544_c0005_010.jpg,544,4,-1,True,150,8550,0.9954682944664189,0.7653061224489796,1,196,1,1,1,1
723,0544_c0005_015.jpg,544,4,-1,True,150,8550,0.991918380201076,0.6880733944954128,1,218,1,1,1,1
724,0544_c0005_020.jpg,544,4,-1,True,150,8550,0.9975361556742375,0.8823529411764706,1,170,1,1,1,1
725,0544_c0006_000.jpg,544,5,-1,True,150,8550,1.0,1.0,1,150,1,1,1,1
726,0544_c0006_005.jpg,544,5,-1,True,150,8550,1.0,1.0,1,150,1,1,1,1
727,0544_c0006_010.jpg,544,5,-1,True,150,8550,1.0,1.0,1,150,1,1,1,1
728,0544_c0006_015.jpg,544,5,-1,True,150,8550,1.0,1.0,1,150,1,1,1,1
729,0544_c0006_020.jpg,544,5,-1,True,150,8550,1.0,1.0,1,150,1,1,1,1
730,0544_c0007_000.jpg,544,6,-1,True,150,8550,0.9996870349085789,0.9868421052631579,1,152,1,1,1,1
731,0544_c0007_005.jpg,544,6,-1,True,150,8550,0.9999122807017545,0.9868421052631579,1,152,1,1,1,1
732,0544_c0007_010.jpg,544,6,-1,True,150,8550,0.9995917107420386,0.9933774834437086,1,151,1,1,1,1
733,0544_c0007_015.jpg,544,6,-1,True,150,8550,0.9994573374210548,0.9868421052631579,1,152,1,1,1,1
734,0544_c0007_020.jpg,544,6,-1,True,150,8550,1.0,1.0,1,150,1,1,1,1
735,0544_c0008_000.jpg,544,7,-1,True,150,8550,1.0,1.0,1,150,1,1,1,1
736,0544_c0008_005.jpg,544,7,-1,True,150,8550,1.0,1.0,1,150,1,1,1,1
737,0544_c0008_010.jpg,544,7,-1,True,150,8550,1.0,1.0,1,150,1,1,1,1
738,0544_c0008_015.jpg,544,7,-1,True,150,8550,1.0,1.0,1,150,1,1,1,1
739,0544_c0008_020.jpg,544,7,-1,True,150,8550,1.0,1.0,1,150,1,1,1,1
740,0546_c0002_000.jpg,546,1,-1,True,75,8550,0.862743706627593,0.5208333333333334,1,144,1,1,1,1
741,0546_c0002_005.jpg,546,1,-1,True,75,8550,0.8747392346555967,0.539568345323741,1,139,1,1,1,1
742,0546_c0002_010.jpg,546,1,-1,True,75,8550,0.9147243464234932,0.7425742574257426,1,101,1,1,1,1
743,0546_c0002_015.jpg,546,1,-1,True,75,8550,0.9317291477006544,0.75,1,100,1,1,1,1
744,0546_c0002_020.jpg,546,1,-1,True,75,8550,0.8994032819663581,0.6521739130434783,1,115,1,1,1,1
745,0546_c0004_000.jpg,546,3,-1,True,75,8550,1.0,1.0,1,75,1,1,1,1
746,0546_c0004_005.jpg,546,3,-1,True,75,8550,1.0,1.0,1,75,1,1,1,1
747,0546_c0004_010.jpg,546,3,-1,True,75,8550,1.0,1.0,1,75,1,1,1,1
748,0546_c0004_015.jpg,546,3,-1,True,75,8550,1.0,1.0,1,75,1,1,1,1
749,0546_c0004_020.jpg,546,3,-1,True,75,8550,1.0,1.0,1,75,1,1,1,1
750,0546_c0007_000.jpg,546,6,-1,True,75,8550,1.0,1.0,1,75,1,1,1,1
751,0546_c0007_005.jpg,546,6,-1,True,75,8550,1.0,1.0,1,75,1,1,1,1
752,0546_c0007_010.jpg,546,6,-1,True,75,8550,1.0,1.0,1,75,1,1,1,1
753,0546_c0007_015.jpg,546,6,-1,True,75,8550,1.0,1.0,1,75,1,1,1,1
754,0546_c0007_020.jpg,546,6,-1,True,75,8550,1.0,1.0,1,75,1,1,1,1
755,0546_c0008_000.jpg,546,7,-1,True,75,8550,0.7766792627315935,0.2798507462686567,1,268,1,1,1,1
756,0546_c0008_005.jpg,546,7,-1,True,75,8550,0.790942084419316,0.3218884120171674,1,233,1,1,1,1
757,0546_c0008_010.jpg,546,7,-1,True,75,8550,0.7967577392457882,0.3787878787878788,1,198,1,1,1,1
758,0546_c0008_015.jpg,546,7,-1,True,75,8550,0.7893643566927205,0.3456221198156682,1,217,1,1,1,1
759,0546_c0008_020.jpg,546,7,-1,True,75,8550,0.8483442866424036,0.44642857142857145,1,168,1,1,1,1
760,0548_c0001_000.jpg,548,0,-1,True,125,8550,0.5004480651761858,0.09889240506329114,1,1264,1,1,1,1
761,0548_c0001_005.jpg,548,0,-1,True,125,8550,0.4400843683840095,0.07725587144622992,1,1618,1,1,1,1
762,0548_c0001_010.jpg,548,0,-1,True,125,8550,0.5323546280490447,0.10330578512396695,1,1210,1,1,1,1
763,0548_c0001_015.jpg,548,0,-1,True,125,8550,0.5266252739678181,0.09491268033409264,1,1317,1,1,1,1
764,0548_c0001_020.jpg,548,0,-1,True,125,8550,0.5541230115851853,0.09788566953797964,1,1277,1,1,1,1
765,0548_c0002_000.jpg,548,1,-1,True,125,8550,0.23447965731679377,0.15188335358444716,38,823,0,0,0,0
766,0548_c0002_005.jpg,548,1,-1,True,125,8550,0.20189082115470613,0.16149870801033592,36,774,0,0,0,0
767,0548_c0002_010.jpg,548,1,-1,True,125,8550,0.2527211623322941,0.15723270440251572,30,795,0,0,0,0
768,0548_c0002_015.jpg,548,1,-1,True,125,8550,0.2704492187490261,0.1560549313358302,28,801,0,0,0,0
769,0548_c0002_020.jpg,548,1,-1,True,125,8550,0.3148890552295953,0.18768768768768768,26,666,0,0,0,0
770,0548_c0003_000.jpg,548,2,-1,True,125,8550,0.4422370256627037,0.351123595505618,1,356,1,1,1,1
771,0548_c0003_005.jpg,548,2,-1,True,125,8550,0.44328302973631345,0.35511363636363635,1,352,1,1,1,1
772,0548_c0003_010.jpg,548,2,-1,True,125,8550,0.4327182187857581,0.351123595505618,1,356,1,1,1,1
773,0548_c0003_015.jpg,548,2,-1,True,125,8550,0.4712827242500951,0.34916201117318435,1,358,1,1,1,1
774,0548_c0003_020.jpg,548,2,-1,True,125,8550,0.45220642188457144,0.3424657534246575,1,365,1,1,1,1
775,0548_c0005_000.jpg,548,4,-1,True,125,8550,0.9607038270305547,0.4921259842519685,1,254,1,1,1,1
776,0548_c0005_005.jpg,548,4,-1,True,125,8550,0.9414907542833056,0.45454545454545453,1,275,1,1,1,1
777,0548_c0005_010.jpg,548,4,-1,True,125,8550,0.8998395335431852,0.2808988764044944,1,445,1,1,1,1
778,0548_c0005_015.jpg,548,4,-1,True,125,8550,0.8937950804908538,0.24084778420038536,1,519,1,1,1,1
779,0548_c0005_020.jpg,548,4,-1,True,125,8550,0.9187170175482026,0.35919540229885055,1,348,1,1,1,1
780,0548_c0006_000.jpg,548,5,-1,True,125,8550,0.8878144768709126,0.8223684210526315,1,152,1,1,1,1
781,0548_c0006_005.jpg,548,5,-1,True,125,8550,0.8973232740466383,0.8064516129032258,1,155,1,1,1,1
782,0548_c0006_010.jpg,548,5,-1,True,125,8550,0.8491104181262531,0.7225433526011561,1,173,1,1,1,1
783,0548_c0006_015.jpg,548,5,-1,True,125,8550,0.8757527893509721,0.8333333333333334,1,150,1,1,1,1
784,0548_c0006_020.jpg,548,5,-1,True,125,8550,0.8771372170951673,0.8278145695364238,1,151,1,1,1,1
785,0548_c0007_000.jpg,548,6,-1,True,125,8550,0.8042360337915821,0.3125,1,400,1,1,1,1
786,0548_c0007_005.jpg,548,6,-1,True,125,8550,0.8281795676662722,0.37091988130563797,1,337,1,1,1,1
787,0548_c0007_010.jpg,548,6,-1,True,125,8550,0.721584040016243,0.23277467411545624,1,537,1,1,1,1
788,0548_c0007_015.jpg,548,6,-1,True,125,8550,0.8111726374952384,0.3306878306878307,1,378,1,1,1,1
789,0548_c0007_020.jpg,548,6,-1,True,125,8550,0.7562759072362811,0.2796420581655481,1,447,1,1,1,1
790,0550_c0001_000.jpg,550,0,-1,True,175,8550,0.46304619074675096,0.20348837209302326,1,860,1,1,1,1
791,0550_c0001_005.jpg,550,0,-1,True,175,8550,0.4651919768490302,0.20783847980997625,1,842,1,1,1,1
792,0550_c0001_010.jpg,550,0,-1,True,175,8550,0.45428018198534825,0.21008403361344538,1,833,1,1,1,1
793,0550_c0001_015.jpg,550,0,-1,True,175,8550,0.494442306048123,0.20636792452830188,1,848,1,1,1,1
794,0550_c0001_020.jpg,550,0,-1,True,175,8550,0.4850433910809753,0.20539906103286384,1,852,1,1,1,1
795,0550_c0002_000.jpg,550,1,-1,True,175,8550,0.5824159177294299,0.277337559429477,1,631,1,1,1,1
796,0550_c0002_005.jpg,550,1,-1,True,175,8550,0.5659037056367338,0.24305555555555555,1,720,1,1,1,1
797,0550_c0002_010.jpg,550,1,-1,True,175,8550,0.5103809289671374,0.22407170294494239,1,781,1,1,1,1
798,0550_c0002_015.jpg,550,1,-1,True,175,8550,0.500971375622824,0.2413793103448276,1,725,1,1,1,1
799,0550_c0002_020.jpg,550,1,-1,True,175,8550,0.49951595174243585,0.2147239263803681,1,815,1,1,1,1
800,0550_c0003_000.jpg,550,2,-1,True,175,8550,0.3626817194449928,0.19021739130434784,1,920,1,1,1,1
801,0550_c0003_005.jpg,550,2,-1,True,175,8550,0.4211009661908575,0.2046783625730994,1,855,1,1,1,1
802,0550_c0003_010.jpg,550,2,-1,True,175,8550,0.36875414337741413,0.19444444444444445,1,900,1,1,1,1
803,0550_c0003_015.jpg,550,2,-1,True,175,8550,0.35113841257724987,0.1855779427359491,1,943,1,1,1,1
804,0550_c0003_020.jpg,550,2,-1,True,175,8550,0.3430077735422147,0.21084337349397592,1,830,1,1,1,1
805,0550_c0004_000.jpg,550,3,-1,True,175,8550,0.6269545511396999,0.4227053140096618,1,414,1,1,1,1
806,0550_c0004_005.jpg,550,3,-1,True,175,8550,0.5626516997014293,0.43424317617866004,1,403,1,1,1,1
807,0550_c0004_010.jpg,550,3,-1,True,175,8550,0.6134103444881123,0.47554347826086957,1,368,1,1,1,1
808,0550_c0004_015.jpg,550,3,-1,True,175,8550,0.5444156658861182,0.4375,1,400,1,1,1,1
809,0550_c0004_020.jpg,550,3,-1,True,175,8550,0.5882010014769262,0.42168674698795183,1,415,1,1,1,1
810,0550_c0005_000.jpg,550,4,-1,True,175,8550,0.5056320298271617,0.19104803493449782,1,916,1,1,1,1
811,0550_c0005_005.jpg,550,4,-1,True,175,8550,0.6066076962210811,0.23744911804613297,1,737,1,1,1,1
812,0550_c0005_010.jpg,550,4,-1,True,175,8550,0.6406369691451471,0.2198492462311558,1,796,1,1,1,1
813,0550_c0005_015.jpg,550,4,-1,True,175,8550,0.6506199366996605,0.2532561505065123,1,691,1,1,1,1
814,0550_c0005_020.jpg,550,4,-1,True,175,8550,0.5884612619336397,0.22321428571428573,1,784,1,1,1,1
815,0550_c0006_000.jpg,550,5,-1,True,175,8550,0.6230584864276829,0.1570915619389587,1,1114,1,1,1,1
816,0550_c0006_005.jpg,550,5,-1,True,175,8550,0.614848846718355,0.1512532411408816,1,1157,1,1,1,1
817,0550_c0006_010.jpg,550,5,-1,True,175,8550,0.6179617536465821,0.16233766233766234,1,1078,1,1,1,1
818,0550_c0006_015.jpg,550,5,-1,True,175,8550,0.634652262679279,0.18421052631578946,1,950,1,1,1,1
819,0550_c0006_020.jpg,550,5,-1,True,175,8550,0.6206000057145082,0.17517517517517517,1,999,1,1,1,1
820,0550_c0007_000.jpg,550,6,-1,True,175,8550,0.6013165754466359,0.28,1,625,1,1,1,1
821,0550_c0007_005.jpg,550,6,-1,True,175,8550,0.6069235948334468,0.341130604288499,1,513,1,1,1,1
822,0550_c0007_010.jpg,550,6,-1,True,175,8550,0.6072399161633929,0.32710280373831774,1,535,1,1,1,1
823,0550_c0007_015.jpg,550,6,-1,True,175,8550,0.6071116098291652,0.3170289855072464,1,552,1,1,1,1
824,0550_c0007_020.jpg,550,6,-1,True,175,8550,0.6185118203064965,0.33081285444234404,1,529,1,1,1,1
825,0550_c0008_000.jpg,550,7,-1,True,175,8550,0.6396066923595408,0.31645569620253167,1,553,1,1,1,1
826,0550_c0008_005.jpg,550,7,-1,True,175,8550,0.6528568657143642,0.30701754385964913,1,570,1,1,1,1
827,0550_c0008_010.jpg,550,7,-1,True,175,8550,0.6466381553233939,0.2845528455284553,1,615,1,1,1,1
828,0550_c0008_015.jpg,550,7,-1,True,175,8550,0.6474010560858385,0.32228360957642727,1,543,1,1,1,1
829,0550_c0008_020.jpg,550,7,-1,True,175,8550,0.6519522207695412,0.3027681660899654,1,578,1,1,1,1
830,0552_c0001_000.jpg,552,0,-1,True,175,8550,0.6721551624604838,0.1532399299474606,1,1142,1,1,1,1
831,0552_c0001_005.jpg,552,0,-1,True,175,8550,0.6693221297263298,0.1488095238095238,1,1176,1,1,1,1
832,0552_c0001_010.jpg,552,0,-1,True,175,8550,0.6701479313702565,0.1483050847457627,1,1180,1,1,1,1
833,0552_c0001_015.jpg,552,0,-1,True,175,8550,0.6625795919149134,0.14033680834001605,1,1247,1,1,1,1
834,0552_c0001_020.jpg,552,0,-1,True,175,8550,0.642638818631089,0.12289325842696629,1,1424,1,1,1,1
835,0552_c0002_000.jpg,552,1,-1,True,175,8550,0.6938848047077726,0.22040302267002518,1,794,1,1,1,1
836,0552_c0002_005.jpg,552,1,-1,True,175,8550,0.671280022117257,0.2032520325203252,1,861,1,1,1,1
837,0552_c0002_010.jpg,552,1,-1,True,175,8550,0.7494799183880451,0.2358490566037736,1,742,1,1,1,1
838,0552_c0002_015.jpg,552,1,-1,True,175,8550,0.7519802162422596,0.20491803278688525,1,854,1,1,1,1
839,0552_c0002_020.jpg,552,1,-1,True,175,8550,0.6781125626284845,0.19574944071588368,1,894,1,1,1,1
840,0552_c0003_000.jpg,552,2,-1,True,175,8550,1.0,1.0,1,175,1,1,1,1
841,0552_c0003_005.jpg,552,2,-1,True,175,8550,1.0,1.0,1,175,1,1,1,1
842,0552_c0003_010.jpg,552,2,-1,True,175,8550,1.0,1.0,1,175,1,1,1,1
843,0552_c0003_015.jpg,552,2,-1,True,175,8550,1.0,1.0,1,175,1,1,1,1
844,0552_c0003_020.jpg,552,2,-1,True,175,8550,1.0,1.0,1,175,1,1,1,1
845,0552_c0004_000.jpg,552,3,-1,True,175,8550,0.9399195431986179,0.4794520547945205,1,365,1,1,1,1
846,0552_c0004_005.jpg,552,3,-1,True,175,8550,0.9180123660777203,0.41273584905660377,1,424,1,1,1,1
847,0552_c0004_010.jpg,552,3,-1,True,175,8550,0.9937170627082437,0.8101851851851852,1,216,1,1,1,1
848,0552_c0004_015.jpg,552,3,-1,True,175,8550,0.9048515961026685,0.44080604534005036,1,397,1,1,1,1
849,0552_c0004_020.jpg,552,3,-1,True,175,8550,0.94966371459466,0.5192878338278932,1,337,1,1,1,1
850,0552_c0005_000.jpg,552,4,-1,True,175,8550,1.0,1.0,1,175,1,1,1,1
851,0552_c0005_005.jpg,552,4,-1,True,175,8550,1.0,1.0,1,175,1,1,1,1
852,0552_c0005_010.jpg,552,4,-1,True,175,8550,1.0,1.0,1,175,1,1,1,1
853,0552_c0005_015.jpg,552,4,-1,True,175,8550,0.9994365701765845,0.9408602150537635,1,186,1,1,1,1
854,0552_c0005_020.jpg,552,4,-1,True,175,8550,0.996303519254571,0.8454106280193237,1,207,1,1,1,1
855,0552_c0006_000.jpg,552,5,-1,True,175,8550,0.8891611540381458,0.3252788104089219,1,538,1,1,1,1
856,0552_c0006_005.jpg,552,5,-1,True,175,8550,0.8772254782947756,0.33980582524271846,1,515,1,1,1,1
857,0552_c0006_010.jpg,552,5,-1,True,175,8550,0.8698612491673114,0.341796875,1,512,1,1,1,1
858,0552_c0006_015.jpg,552,5,-1,True,175,8550,0.8713806315512364,0.341130604288499,1,513,1,1,1,1
859,0552_c0006_020.jpg,552,5,-1,True,175,8550,0.8740842277921606,0.35714285714285715,1,490,1,1,1,1
860,0552_c0007_000.jpg,552,6,-1,True,175,8550,0.9735003713130277,0.5663430420711975,1,309,1,1,1,1
861,0552_c0007_005.jpg,552,6,-1,True,175,8550,0.9737493436244609,0.6055363321799307,1,289,1,1,1,1
862,0552_c0007_010.jpg,552,6,-1,True,175,8550,0.9553530217040909,0.47043010752688175,1,372,1,1,1,1
863,0552_c0007_015.jpg,552,6,-1,True,175,8550,0.9380448620101597,0.4498714652956298,1,389,1,1,1,1
864,0552_c0007_020.jpg,552,6,-1,True,175,8550,0.9018934560159704,0.4050925925925926,1,432,1,1,1,1
865,0552_c0008_000.jpg,552,7,-1,True,175,8550,0.9251965306071376,0.45931758530183725,1,381,1,1,1,1
866,0552_c0008_005.jpg,552,7,-1,True,175,8550,0.9461740249018443,0.5663430420711975,1,309,1,1,1,1
867,0552_c0008_010.jpg,552,7,-1,True,175,8550,0.928326087281793,0.4605263157894737,1,380,1,1,1,1
868,0552_c0008_015.jpg,552,7,-1,True,175,8550,0.9347495300343955,0.501432664756447,1,349,1,1,1,1
869,0552_c0008_020.jpg,552,7,-1,True,175,8550,0.9529100768907383,0.6183745583038869,1,283,1,1,1,1
870,0554_c0001_000.jpg,554,0,-1,True,150,8550,0.908258713036441,0.45317220543806647,1,331,1,1,1,1
871,0554_c0001_005.jpg,554,0,-1,True,150,8550,0.8952941040499705,0.4143646408839779,1,362,1,1,1,1
872,0554_c0001_010.jpg,554,0,-1,True,150,8550,0.8924455934885286,0.45592705167173253,1,329,1,1,1,1
873,0554_c0001_015.jpg,554,0,-1,True,150,8550,0.8899569954714152,0.40431266846361186,1,371,1,1,1,1
874,0554_c0001_020.jpg,554,0,-1,True,150,8550,0.878470619804256,0.39577836411609496,1,379,1,1,1,1
875,0554_c0002_000.jpg,554,1,-1,True,150,8550,0.6040841519073707,0.22935779816513763,1,654,1,1,1,1
876,0554_c0002_005.jpg,554,1,-1,True,150,8550,0.5806576978078934,0.23148148148148148,1,648,1,1,1,1
877,0554_c0002_010.jpg,554,1,-1,True,150,8550,0.48263967990622386,0.21367521367521367,1,702,1,1,1,1
878,0554_c0002_015.jpg,554,1,-1,True,150,8550,0.47821732038198284,0.2222222222222222,1,675,1,1,1,1
879,0554_c0002_020.jpg,554,1,-1,True,150,8550,0.5276090263980715,0.2403846153846154,1,624,1,1,1,1
880,0554_c0003_000.jpg,554,2,-1,True,150,8550,0.9330871043403342,0.47468354430379744,1,316,1,1,1,1
881,0554_c0003_005.jpg,554,2,-1,True,150,8550,0.9377951303018237,0.4966887417218543,1,302,1,1,1,1
882,0554_c0003_010.jpg,554,2,-1,True,150,8550,0.9197644912553221,0.43859649122807015,1,342,1,1,1,1
883,0554_c0003_015.jpg,554,2,-1,True,150,8550,0.9062565302836416,0.4,1,375,1,1,1,1
884,0554_c0003_020.jpg,554,2,-1,True,150,8550,0.9191635010833492,0.4491017964071856,1,334,1,1,1,1
885,0554_c0005_000.jpg,554,4,-1,True,150,8550,0.8824011922993433,0.3105590062111801,1,483,1,1,1,1
886,0554_c0005_005.jpg,554,4,-1,True,150,8550,0.8812852498113201,0.30303030303030304,1,495,1,1,1,1
887,0554_c0005_010.jpg,554,4,-1,True,150,8550,0.864368835506757,0.28680688336520077,1,523,1,1,1,1
888,0554_c0005_015.jpg,554,4,-1,True,150,8550,0.8706956368334752,0.29469548133595286,1,509,1,1,1,1
889,0554_c0005_020.jpg,554,4,-1,True,150,8550,0.8628194676075525,0.26595744680851063,1,564,1,1,1,1
890,0554_c0006_000.jpg,554,5,-1,True,150,8550,0.9683652260591318,0.7978723404255319,1,188,1,1,1,1
891,0554_c0006_005.jpg,554,5,-1,True,150,8550,0.9726179618740004,0.8333333333333334,1,180,1,1,1,1
892,0554_c0006_010.jpg,554,5,-1,True,150,8550,0.9742304433074829,0.8379888268156425,1,179,1,1,1,1
893,0554_c0006_015.jpg,554,5,-1,True,150,8550,0.97055076317899,0.8064516129032258,1,186,1,1,1,1
894,0554_c0006_020.jpg,554,5,-1,True,150,8550,0.9738738406605052,0.8379888268156425,1,179,1,1,1,1
895,0554_c0007_000.jpg,554,6,-1,True,150,8550,0.7857889724477106,0.3393665158371041,1,442,1,1,1,1
896,0554_c0007_005.jpg,554,6,-1,True,150,8550,0.7762280283985766,0.3401360544217687,1,441,1,1,1,1
897,0554_c0007_010.jpg,554,6,-1,True,150,8550,0.780731195732196,0.3409090909090909,1,440,1,1,1,1
898,0554_c0007_015.jpg,554,6,-1,True,150,8550,0.8000387377993438,0.3836317135549872,1,391,1,1,1,1
899,0554_c0007_020.jpg,554,6,-1,True,150,8550,0.8189353731432237,0.41208791208791207,1,364,1,1,1,1
900,0554_c0008_000.jpg,554,7,-1,True,150,8550,1.0,1.0,1,150,1,1,1,1
901,0554_c0008_005.jpg,554,7,-1,True,150,8550,1.0,1.0,1,150,1,1,1,1
902,0554_c0008_010.jpg,554,7,-1,True,150,8550,1.0,1.0,1,150,1,1,1,1
903,0554_c0008_015.jpg,554,7,-1,True,150,8550,1.0,1.0,1,150,1,1,1,1
904,0554_c0008_020.jpg,554,7,-1,True,150,8550,1.0,1.0,1,150,1,1,1,1
905,0556_c0001_000.jpg,556,0,-1,True,175,8550,0.838675084448849,0.41766109785202865,1,419,1,1,1,1
906,0556_c0001_005.jpg,556,0,-1,True,175,8550,0.8083775959438936,0.3977272727272727,1,440,1,1,1,1
907,0556_c0001_010.jpg,556,0,-1,True,175,8550,0.7889568538738071,0.3684210526315789,1,475,1,1,1,1
908,0556_c0001_015.jpg,556,0,-1,True,175,8550,0.8015178209602796,0.3141831238779174,1,557,1,1,1,1
909,0556_c0001_020.jpg,556,0,-1,True,175,8550,0.7796834156051717,0.31876138433515483,1,549,1,1,1,1
910,0556_c0002_000.jpg,556,1,-1,True,175,8550,0.7792521026033491,0.2562225475841874,1,683,1,1,1,1
911,0556_c0002_005.jpg,556,1,-1,True,175,8550,0.8810276263640247,0.4375,1,400,1,1,1,1
912,0556_c0002_010.jpg,556,1,-1,True,175,8550,0.8794306713309684,0.4257907542579075,1,411,1,1,1,1
913,0556_c0002_015.jpg,556,1,-1,True,175,8550,0.8104556189581594,0.4742547425474255,1,369,1,1,1,1
914,0556_c0002_020.jpg,556,1,-1,True,175,8550,0.7830889303777221,0.4666666666666667,1,375,1,1,1,1
915,0556_c0003_000.jpg,556,2,-1,True,175,8550,0.9478421803233062,0.7990867579908676,1,219,1,1,1,1
916,0556_c0003_005.jpg,556,2,-1,True,175,8550,0.9598452784429501,0.8027522935779816,1,218,1,1,1,1
917,0556_c0003_010.jpg,556,2,-1,True,175,8550,0.9604978936482221,0.8663366336633663,1,202,1,1,1,1
918,0556_c0003_015.jpg,556,2,-1,True,175,8550,0.9735044482642039,0.875,1,200,1,1,1,1
919,0556_c0003_020.jpg,556,2,-1,True,175,8550,0.969649933253954,0.8536585365853658,1,205,1,1,1,1
920,0556_c0004_000.jpg,556,3,-1,True,175,8550,0.973763577461623,0.6809338521400778,1,257,1,1,1,1
921,0556_c0004_005.jpg,556,3,-1,True,175,8550,0.9783388779452633,0.691699604743083,1,253,1,1,1,1
922,0556_c0004_010.jpg,556,3,-1,True,175,8550,0.9891927375409435,0.7028112449799196,1,249,1,1,1,1
923,0556_c0004_015.jpg,556,3,-1,True,175,8550,0.9905163397099175,0.7415254237288136,1,236,1,1,1,1
924,0556_c0004_020.jpg,556,3,-1,True,175,8550,0.9867377636757108,0.7954545454545454,1,220,1,1,1,1
925,0556_c0005_000.jpg,556,4,-1,True,175,8550,0.582207075533218,0.3691983122362869,1,474,1,1,1,1
926,0556_c0005_005.jpg,556,4,-1,True,175,8550,0.5279338344104544,0.39592760180995473,1,442,1,1,1,1
927,0556_c0005_010.jpg,556,4,-1,True,175,8550,0.7092943708457635,0.4206730769230769,1,416,1,1,1,1
928,0556_c0005_015.jpg,556,4,-1,True,175,8550,0.6564587715374034,0.41371158392434987,1,423,1,1,1,1
929,0556_c0005_020.jpg,556,4,-1,True,175,8550,0.599884639811651,0.39149888143176736,1,447,1,1,1,1
930,0556_c0006_000.jpg,556,5,-1,True,175,8550,0.9642549189409947,0.6889763779527559,1,254,1,1,1,1
931,0556_c0006_005.jpg,556,5,-1,True,175,8550,0.9552241573317168,0.5952380952380952,1,294,1,1,1,1
932,0556_c0006_010.jpg,556,5,-1,True,175,8550,0.9693296358286845,0.7352941176470589,1,238,1,1,1,1
933,0556_c0006_015.jpg,556,5,-1,True,175,8550,0.9661345202976188,0.7,1,250,1,1,1,1
934,0556_c0006_020.jpg,556,5,-1,True,175,8550,0.9582598118655186,0.631768953068592,1,277,1,1,1,1
935,0556_c0007_000.jpg,556,6,-1,True,175,8550,0.9531034840610495,0.6554307116104869,1,267,1,1,1,1
936,0556_c0007_005.jpg,556,6,-1,True,175,8550,0.9432892457197982,0.541795665634675,1,323,1,1,1,1
937,0556_c0007_010.jpg,556,6,-1,True,175,8550,0.9563491677455714,0.6140350877192983,1,285,1,1,1,1
938,0556_c0007_015.jpg,556,6,-1,True,175,8550,0.9385143848996456,0.5223880597014925,1,335,1,1,1,1
939,0556_c0007_020.jpg,556,6,-1,True,175,8550,0.9462996403517676,0.5627009646302251,1,311,1,1,1,1
940,0556_c0008_000.jpg,556,7,-1,True,175,8550,0.9648749785131255,0.7322175732217573,1,239,1,1,1,1
941,0556_c0008_005.jpg,556,7,-1,True,175,8550,0.9444214826249265,0.546875,1,320,1,1,1,1
942,0556_c0008_010.jpg,556,7,-1,True,175,8550,0.949919057157768,0.603448275862069,1,290,1,1,1,1
943,0556_c0008_015.jpg,556,7,-1,True,175,8550,0.9552418400198761,0.6161971830985915,1,284,1,1,1,1
944,0556_c0008_020.jpg,556,7,-1,True,175,8550,0.9672634496834313,0.6889763779527559,1,254,1,1,1,1
945,0558_c0001_000.jpg,558,0,-1,True,175,8550,0.6980702242086475,0.45219638242894056,1,387,1,1,1,1
946,0558_c0001_005.jpg,558,0,-1,True,175,8550,0.6978589873940234,0.4820936639118457,1,363,1,1,1,1
947,0558_c0001_010.jpg,558,0,-1,True,175,8550,0.7128179842968634,0.49295774647887325,1,355,1,1,1,1
948,0558_c0001_015.jpg,558,0,-1,True,175,8550,0.7002645171347822,0.5303030303030303,1,330,1,1,1,1
949,0558_c0001_020.jpg,558,0,-1,True,175,8550,0.6571716640905548,0.5537974683544303,1,316,1,1,1,1
950,0558_c0002_000.jpg,558,1,-1,True,175,8550,0.6236810782081584,0.41273584905660377,1,424,1,1,1,1
951,0558_c0002_005.jpg,558,1,-1,True,175,8550,0.5728397055287507,0.3888888888888889,1,450,1,1,1,1
952,0558_c0002_010.jpg,558,1,-1,True,175,8550,0.5707643171346052,0.36382536382536385,1,481,1,1,1,1
953,0558_c0002_015.jpg,558,1,-1,True,175,8550,0.5983414092237589,0.40045766590389015,2,437,0,1,1,1
954,0558_c0002_020.jpg,558,1,-1,True,175,8550,0.5653275273170305,0.35,1,500,1,1,1,1
955,0558_c0003_000.jpg,558,2,-1,True,175,8550,0.8866913019943544,0.3295668549905838,1,531,1,1,1,1
956,0558_c0003_005.jpg,558,2,-1,True,175,8550,0.8844670380993922,0.31876138433515483,1,549,1,1,1,1
957,0558_c0003_010.jpg,558,2,-1,True,175,8550,0.889799657340916,0.33206831119544594,1,527,1,1,1,1
958,0558_c0003_015.jpg,558,2,-1,True,175,8550,0.8697688024194538,0.3458498023715415,1,506,1,1,1,1
959,0558_c0003_020.jpg,558,2,-1,True,175,8550,0.8794610899697113,0.3684210526315789,1,475,1,1,1,1
960,0558_c0004_000.jpg,558,3,-1,True,175,8550,0.9218177345493573,0.49019607843137253,1,357,1,1,1,1
961,0558_c0004_005.jpg,558,3,-1,True,175,8550,0.9206025940944983,0.5072463768115942,1,345,1,1,1,1
962,0558_c0004_010.jpg,558,3,-1,True,175,8550,0.9343866064519937,0.4605263157894737,1,380,1,1,1,1
963,0558_c0004_015.jpg,558,3,-1,True,175,8550,0.9171384272553653,0.4032258064516129,1,434,1,1,1,1
964,0558_c0004_020.jpg,558,3,-1,True,175,8550,0.9000122600863394,0.3630705394190871,1,482,1,1,1,1
965,0558_c0005_000.jpg,558,4,-1,True,175,8550,0.7502884806652494,0.32710280373831774,1,535,1,1,1,1
966,0558_c0005_005.jpg,558,4,-1,True,175,8550,0.7097840386470513,0.32407407407407407,1,540,1,1,1,1
967,0558_c0005_010.jpg,558,4,-1,True,175,8550,0.7117920682759133,0.33081285444234404,1,529,1,1,1,1
968,0558_c0005_015.jpg,558,4,-1,True,175,8550,0.7309209598342055,0.3176043557168784,1,551,1,1,1,1
969,0558_c0005_020.jpg,558,4,-1,True,175,8550,0.7430924103765406,0.30120481927710846,1,581,1,1,1,1
970,0558_c0006_000.jpg,558,5,-1,True,175,8550,0.7529790447675822,0.5681818181818182,1,308,1,1,1,1
971,0558_c0006_005.jpg,558,5,-1,True,175,8550,0.7512181013236781,0.5700325732899023,1,307,1,1,1,1
972,0558_c0006_010.jpg,558,5,-1,True,175,8550,0.7337279451954684,0.5681818181818182,1,308,1,1,1,1
973,0558_c0006_015.jpg,558,5,-1,True,175,8550,0.7771798313198811,0.5700325732899023,1,307,1,1,1,1
974,0558_c0006_020.jpg,558,5,-1,True,175,8550,0.7498629189518695,0.5608974358974359,1,312,1,1,1,1
975,0558_c0007_000.jpg,558,6,-1,True,175,8550,0.9058581519896858,0.5303030303030303,1,330,1,1,1,1
976,0558_c0007_005.jpg,558,6,-1,True,175,8550,0.9007905037682966,0.5057803468208093,1,346,1,1,1,1
977,0558_c0007_010.jpg,558,6,-1,True,175,8550,0.8946325448514848,0.5573248407643312,1,314,1,1,1,1
978,0558_c0007_015.jpg,558,6,-1,True,175,8550,0.9109582081587076,0.6679389312977099,1,262,1,1,1,1
979,0558_c0007_020.jpg,558,6,-1,True,175,8550,0.9077724685585941,0.6628787878787878,1,264,1,1,1,1
980,0558_c0008_000.jpg,558,7,-1,True,175,8550,0.9217315670702445,0.43209876543209874,1,405,1,1,1,1
981,0558_c0008_005.jpg,558,7,-1,True,175,8550,0.9087314121548011,0.3653444676409186,1,479,1,1,1,1
982,0558_c0008_010.jpg,558,7,-1,True,175,8550,0.9189510482717952,0.4050925925925926,1,432,1,1,1,1
983,0558_c0008_015.jpg,558,7,-1,True,175,8550,0.9188557954988644,0.39503386004514673,1,443,1,1,1,1
984,0558_c0008_020.jpg,558,7,-1,True,175,8550,0.9169021706958701,0.3897550111358575,1,449,1,1,1,1
985,0560_c0001_000.jpg,560,0,-1,True,150,8550,0.9186441183142552,0.5514705882352942,1,272,1,1,1,1
986,0560_c0001_005.jpg,560,0,-1,True,150,8550,0.8909764799703135,0.5226480836236934,1,287,1,1,1,1
987,0560_c0001_010.jpg,560,0,-1,True,150,8550,0.8540639366883905,0.49019607843137253,1,306,1,1,1,1
988,0560_c0001_015.jpg,560,0,-1,True,150,8550,0.8456902693883559,0.5016722408026756,1,299,1,1,1,1
989,0560_c0001_020.jpg,560,0,-1,True,150,8550,0.7663395995341158,0.4155124653739612,1,361,1,1,1,1
990,0560_c0002_000.jpg,560,1,-1,True,150,8550,1.0,1.0,1,150,1,1,1,1
991,0560_c0002_005.jpg,560,1,-1,True,150,8550,1.0,1.0,1,150,1,1,1,1
992,0560_c0002_010.jpg,560,1,-1,True,150,8550,1.0,1.0,1,150,1,1,1,1
993,0560_c0002_015.jpg,560,1,-1,True,150,8550,1.0,1.0,1,150,1,1,1,1
994,0560_c0002_020.jpg,560,1,-1,True,150,8550,1.0,1.0,1,150,1,1,1,1
995,0560_c0003_000.jpg,560,2,-1,True,150,8550,0.9867160726238753,0.8571428571428571,1,175,1,1,1,1
996,0560_c0003_005.jpg,560,2,-1,True,150,8550,0.9781776384192802,0.8571428571428571,1,175,1,1,1,1
997,0560_c0003_010.jpg,560,2,-1,True,150,8550,0.9766734580272286,0.8571428571428571,1,175,1,1,1,1
998,0560_c0003_015.jpg,560,2,-1,True,150,8550,0.9786706831186885,0.8571428571428571,1,175,1,1,1,1
999,0560_c0003_020.jpg,560,2,-1,True,150,8550,0.9821576448938316,0.8571428571428571,1,175,1,1,1,1
1000,0560_c0005_000.jpg,560,4,-1,True,150,8550,1.0,1.0,1,150,1,1,1,1
1001,0560_c0005_005.jpg,560,4,-1,True,150,8550,1.0,1.0,1,150,1,1,1,1
1002,0560_c0005_010.jpg,560,4,-1,True,150,8550,1.0,1.0,1,150,1,1,1,1
1003,0560_c0005_015.jpg,560,4,-1,True,150,8550,1.0,1.0,1,150,1,1,1,1
1004,0560_c0005_020.jpg,560,4,-1,True,150,8550,1.0,1.0,1,150,1,1,1,1
1005,0560_c0006_000.jpg,560,5,-1,True,150,8550,0.9881791376366625,0.8571428571428571,1,175,1,1,1,1
1006,0560_c0006_005.jpg,560,5,-1,True,150,8550,0.9928809439333802,0.8571428571428571,1,175,1,1,1,1
1007,0560_c0006_010.jpg,560,5,-1,True,150,8550,0.9862048742835873,0.8571428571428571,1,175,1,1,1,1
1008,0560_c0006_015.jpg,560,5,-1,True,150,8550,0.9862269592234177,0.8571428571428571,1,175,1,1,1,1
1009,0560_c0006_020.jpg,560,5,-1,True,150,8550,0.9840470672392322,0.8571428571428571,1,175,1,1,1,1
1010,0560_c0007_000.jpg,560,6,-1,True,150,8550,0.9966779574093959,0.8823529411764706,1,170,1,1,1,1
1011,0560_c0007_005.jpg,560,6,-1,True,150,8550,0.9967687270729532,0.8823529411764706,1,170,1,1,1,1
1012,0560_c0007_010.jpg,560,6,-1,True,150,8550,0.9990404246568322,0.9090909090909091,1,165,1,1,1,1
1013,0560_c0007_015.jpg,560,6,-1,True,150,8550,0.9979830718473855,0.8982035928143712,1,167,1,1,1,1
1014,0560_c0007_020.jpg,560,6,-1,True,150,8550,0.9969796146456684,0.8875739644970414,1,169,1,1,1,1
1015,0560_c0008_000.jpg,560,7,-1,True,150,8550,0.9955843035823777,0.8823529411764706,1,170,1,1,1,1
1016,0560_c0008_005.jpg,560,7,-1,True,150,8550,0.9848639331480785,0.8571428571428571,1,175,1,1,1,1
1017,0560_c0008_010.jpg,560,7,-1,True,150,8550,0.995251947260332,0.8823529411764706,1,170,1,1,1,1
1018,0560_c0008_015.jpg,560,7,-1,True,150,8550,0.9969228526695938,0.8875739644970414,1,169,1,1,1,1
1019,0560_c0008_020.jpg,560,7,-1,True,150,8550,0.9867158424882031,0.8670520231213873,1,173,1,1,1,1
1020,0562_c0001_000.jpg,562,0,-1,True,50,8550,0.9992078431372547,0.9803921568627451,1,51,1,1,1,1
1021,0562_c0001_005.jpg,562,0,-1,True,50,8550,0.9979574812903884,0.9803921568627451,1,51,1,1,1,1
1022,0562_c0001_010.jpg,562,0,-1,True,50,8550,0.9996078431372548,0.9803921568627451,1,51,1,1,1,1
1023,0562_c0001_015.jpg,562,0,-1,True,50,8550,0.9972175626814355,0.9433962264150944,1,53,1,1,1,1
1024,0562_c0001_020.jpg,562,0,-1,True,50,8550,1.0,1.0,1,50,1,1,1,1
1025,0562_c0003_000.jpg,562,2,-1,True,50,8550,0.971794555227359,0.78125,1,64,1,1,1,1
1026,0562_c0003_005.jpg,562,2,-1,True,50,8550,0.8781573806030066,0.6666666666666666,1,75,1,1,1,1
1027,0562_c0003_010.jpg,562,2,-1,True,50,8550,0.8522616968814711,0.5434782608695652,1,92,1,1,1,1
1028,0562_c0003_015.jpg,562,2,-1,True,50,8550,0.7127492822762602,0.5154639175257731,1,97,1,1,1,1
1029,0562_c0003_020.jpg,562,2,-1,True,50,8550,0.5257325721914881,0.5952380952380952,9,84,0,0,1,1
1030,0562_c0005_000.jpg,562,4,-1,True,50,8550,1.0,1.0,1,50,1,1,1,1
1031,0562_c0005_005.jpg,562,4,-1,True,50,8550,1.0,1.0,1,50,1,1,1,1
1032,0562_c0005_010.jpg,562,4,-1,True,50,8550,1.0,1.0,1,50,1,1,1,1
1033,0562_c0005_015.jpg,562,4,-1,True,50,8550,1.0,1.0,1,50,1,1,1,1
1034,0562_c0005_020.jpg,562,4,-1,True,50,8550,0.9890500436339563,0.8333333333333334,1,60,1,1,1,1
1035,0564_c0001_000.jpg,564,0,-1,True,150,8550,1.0,1.0,1,150,1,1,1,1
1036,0564_c0001_005.jpg,564,0,-1,True,150,8550,1.0,1.0,1,150,1,1,1,1
1037,0564_c0001_010.jpg,564,0,-1,True,150,8550,1.0,1.0,1,150,1,1,1,1
1038,0564_c0001_015.jpg,564,0,-1,True,150,8550,1.0,1.0,1,150,1,1,1,1
1039,0564_c0001_020.jpg,564,0,-1,True,150,8550,1.0,1.0,1,150,1,1,1,1
1040,0564_c0002_000.jpg,564,1,-1,True,150,8550,1.0,1.0,1,150,1,1,1,1
1041,0564_c0002_005.jpg,564,1,-1,True,150,8550,1.0,1.0,1,150,1,1,1,1
1042,0564_c0002_010.jpg,564,1,-1,True,150,8550,1.0,1.0,1,150,1,1,1,1
1043,0564_c0002_015.jpg,564,1,-1,True,150,8550,1.0,1.0,1,150,1,1,1,1
1044,0564_c0002_020.jpg,564,1,-1,True,150,8550,1.0,1.0,1,150,1,1,1,1
1045,0564_c0004_000.jpg,564,3,-1,True,150,8550,0.9988312058849069,0.8875739644970414,1,169,1,1,1,1
1046,0564_c0004_005.jpg,564,3,-1,True,150,8550,0.9989460115256292,0.8928571428571429,1,168,1,1,1,1
1047,0564_c0004_010.jpg,564,3,-1,True,150,8550,0.990059404199585,0.8571428571428571,1,175,1,1,1,1
1048,0564_c0004_015.jpg,564,3,-1,True,150,8550,0.9987963990627698,0.8823529411764706,1,170,1,1,1,1
1049,0564_c0004_020.jpg,564,3,-1,True,150,8550,0.9988359394390667,0.8823529411764706,1,170,1,1,1,1
1050,0564_c0005_000.jpg,564,4,-1,True,150,8550,1.0,1.0,1,150,1,1,1,1
1051,0564_c0005_005.jpg,564,4,-1,True,150,8550,1.0,1.0,1,150,1,1,1,1
1052,0564_c0005_010.jpg,564,4,-1,True,150,8550,1.0,1.0,1,150,1,1,1,1
1053,0564_c0005_015.jpg,564,4,-1,True,150,8550,1.0,1.0,1,150,1,1,1,1
1054,0564_c0005_020.jpg,564,4,-1,True,150,8550,1.0,1.0,1,150,1,1,1,1
1055,0564_c0006_000.jpg,564,5,-1,True,150,8550,1.0,1.0,1,150,1,1,1,1
1056,0564_c0006_005.jpg,564,5,-1,True,150,8550,1.0,1.0,1,150,1,1,1,1
1057,0564_c0006_010.jpg,564,5,-1,True,150,8550,1.0,1.0,1,150,1,1,1,1
1058,0564_c0006_015.jpg,564,5,-1,True,150,8550,1.0,1.0,1,150,1,1,1,1
1059,0564_c0006_020.jpg,564,5,-1,True,150,8550,1.0,1.0,1,150,1,1,1,1
1060,0564_c0007_000.jpg,564,6,-1,True,150,8550,1.0,1.0,1,150,1,1,1,1
1061,0564_c0007_005.jpg,564,6,-1,True,150,8550,1.0,1.0,1,150,1,1,1,1
1062,0564_c0007_010.jpg,564,6,-1,True,150,8550,1.0,1.0,1,150,1,1,1,1
1063,0564_c0007_015.jpg,564,6,-1,True,150,8550,1.0,1.0,1,150,1,1,1,1
1064,0564_c0007_020.jpg,564,6,-1,True,150,8550,1.0,1.0,1,150,1,1,1,1
1065,0564_c0008_000.jpg,564,7,-1,True,150,8550,1.0,1.0,1,150,1,1,1,1
1066,0564_c0008_005.jpg,564,7,-1,True,150,8550,1.0,1.0,1,150,1,1,1,1
1067,0564_c0008_010.jpg,564,7,-1,True,150,8550,1.0,1.0,1,150,1,1,1,1
1068,0564_c0008_015.jpg,564,7,-1,True,150,8550,1.0,1.0,1,150,1,1,1,1
1069,0564_c0008_020.jpg,564,7,-1,True,150,8550,1.0,1.0,1,150,1,1,1,1
1070,0566_c0001_000.jpg,566,0,-1,True,175,8550,0.9654176696141816,0.8663366336633663,1,202,1,1,1,1
1071,0566_c0001_005.jpg,566,0,-1,True,175,8550,0.9796727186733815,0.8578431372549019,1,204,1,1,1,1
1072,0566_c0001_010.jpg,566,0,-1,True,175,8550,0.9923267235524941,0.875,1,200,1,1,1,1
1073,0566_c0001_015.jpg,566,0,-1,True,175,8550,0.9769315039076719,0.8663366336633663,1,202,1,1,1,1
1074,0566_c0001_020.jpg,566,0,-1,True,175,8550,0.9848241427940021,0.8706467661691543,1,201,1,1,1,1
1075,0566_c0002_000.jpg,566,1,-1,True,175,8550,0.891046337640954,0.48342541436464087,1,362,1,1,1,1
1076,0566_c0002_005.jpg,566,1,-1,True,175,8550,0.8637214419486017,0.5287009063444109,1,331,1,1,1,1
1077,0566_c0002_010.jpg,566,1,-1,True,175,8550,0.9425421986367608,0.6457564575645757,1,271,1,1,1,1
1078,0566_c0002_015.jpg,566,1,-1,True,175,8550,0.9346805050153918,0.5892255892255892,1,297,1,1,1,1
1079,0566_c0002_020.jpg,566,1,-1,True,175,8550,0.8398262510566978,0.546875,1,320,1,1,1,1
1080,0566_c0003_000.jpg,566,2,-1,True,175,8550,0.9970273439207121,0.8373205741626795,1,209,1,1,1,1
1081,0566_c0003_005.jpg,566,2,-1,True,175,8550,0.9625944342905411,0.5368098159509203,1,326,1,1,1,1
1082,0566_c0003_010.jpg,566,2,-1,True,175,8550,0.9922996157514903,0.7415254237288136,1,236,1,1,1,1
1083,0566_c0003_015.jpg,566,2,-1,True,175,8550,0.9633810281316232,0.5737704918032787,1,305,1,1,1,1
1084,0566_c0003_020.jpg,566,2,-1,True,175,8550,0.9933198886115007,0.7028112449799196,1,249,1,1,1,1
1085,0566_c0004_000.jpg,566,3,-1,True,175,8550,0.9714168847869544,0.691699604743083,1,253,1,1,1,1
1086,0566_c0004_005.jpg,566,3,-1,True,175,8550,0.9958284478944823,0.8578431372549019,1,204,1,1,1,1
1087,0566_c0004_010.jpg,566,3,-1,True,175,8550,0.9876844096783751,0.7322175732217573,1,239,1,1,1,1
1088,0566_c0004_015.jpg,566,3,-1,True,175,8550,0.9953417140713813,0.7954545454545454,1,220,1,1,1,1
1089,0566_c0004_020.jpg,566,3,-1,True,175,8550,0.9765926963023814,0.6972111553784861,1,251,1,1,1,1
1090,0566_c0005_000.jpg,566,4,-1,True,175,8550,0.7983520627838243,0.2956081081081081,1,592,1,1,1,1
1091,0566_c0005_005.jpg,566,4,-1,True,175,8550,0.8264620002427564,0.2956081081081081,1,592,1,1,1,1
1092,0566_c0005_010.jpg,566,4,-1,True,175,8550,0.7883908377629473,0.25289017341040465,1,692,1,1,1,1
1093,0566_c0005_015.jpg,566,4,-1,True,175,8550,0.8253162005896343,0.32228360957642727,1,543,1,1,1,1
1094,0566_c0005_020.jpg,566,4,-1,True,175,8550,0.8217870622676293,0.32833020637898686,1,533,1,1,1,1
1095,0566_c0006_000.jpg,566,5,-1,True,175,8550,0.7966916847944548,0.43103448275862066,1,406,1,1,1,1
1096,0566_c0006_005.jpg,566,5,-1,True,175,8550,0.7554720164406549,0.354251012145749,1,494,1,1,1,1
1097,0566_c0006_010.jpg,566,5,-1,True,175,8550,0.8464719035773483,0.46419098143236076,1,377,1,1,1,1
1098,0566_c0006_015.jpg,566,5,-1,True,175,8550,0.759850989777323,0.3812636165577342,1,459,1,1,1,1
1099,0566_c0006_020.jpg,566,5,-1,True,175,8550,0.9065934540582701,0.5384615384615384,1,325,1,1,1,1
1100,0566_c0007_000.jpg,566,6,-1,True,175,8550,0.9443681776345205,0.6809338521400778,1,257,1,1,1,1
1101,0566_c0007_005.jpg,566,6,-1,True,175,8550,0.9055456595680643,0.5993150684931506,1,292,1,1,1,1
1102,0566_c0007_010.jpg,566,6,-1,True,175,8550,0.852290728241087,0.5303030303030303,1,330,1,1,1,1
1103,0566_c0007_015.jpg,566,6,-1,True,175,8550,0.8220753726085827,0.5287009063444109,1,331,1,1,1,1
1104,0566_c0007_020.jpg,566,6,-1,True,175,8550,0.8187755299518257,0.5401234567901234,1,324,1,1,1,1
1105,0566_c0008_000.jpg,566,7,-1,True,175,8550,0.9461917357564672,0.875,1,200,1,1,1,1
1106,0566_c0008_005.jpg,566,7,-1,True,175,8550,0.9622796024266391,0.875,1,200,1,1,1,1
1107,0566_c0008_010.jpg,566,7,-1,True,175,8550,0.9772335389359276,0.875,1,200,1,1,1,1
1108,0566_c0008_015.jpg,566,7,-1,True,175,8550,0.9298841689634394,0.875,1,200,1,1,1,1
1109,0566_c0008_020.jpg,566,7,-1,True,175,8550,0.9252147607971491,0.875,1,200,1,1,1,1
1110,0568_c0001_000.jpg,568,0,-1,True,50,8550,0.3771560708212169,0.2109704641350211,2,237,0,1,1,1
1111,0568_c0001_005.jpg,568,0,-1,True,50,8550,0.25113812349547465,0.18248175182481752,26,274,0,0,0,0
1112,0568_c0001_010.jpg,568,0,-1,True,50,8550,0.3694931371153285,0.2857142857142857,8,175,0,0,1,1
1113,0568_c0001_015.jpg,568,0,-1,True,50,8550,0.34102133994276024,0.2702702702702703,6,185,0,0,1,1
1114,0568_c0001_020.jpg,568,0,-1,True,50,8550,0.3385138098872853,0.22522522522522523,5,222,0,1,1,1
1115,0568_c0005_000.jpg,568,4,-1,True,50,8550,1.0,1.0,1,50,1,1,1,1
1116,0568_c0005_005.jpg,568,4,-1,True,50,8550,1.0,1.0,1,50,1,1,1,1
1117,0568_c0005_010.jpg,568,4,-1,True,50,8550,1.0,1.0,1,50,1,1,1,1
1118,0568_c0005_015.jpg,568,4,-1,True,50,8550,1.0,1.0,1,50,1,1,1,1
1119,0568_c0005_020.jpg,568,4,-1,True,50,8550,1.0,1.0,1,50,1,1,1,1
1120,0568_c0006_000.jpg,568,5,-1,True,50,8550,1.0,1.0,1,50,1,1,1,1
1121,0568_c0006_005.jpg,568,5,-1,True,50,8550,0.9585262097943403,0.8333333333333334,1,60,1,1,1,1
1122,0568_c0006_010.jpg,568,5,-1,True,50,8550,0.9941111883333187,0.9259259259259259,1,54,1,1,1,1
1123,0568_c0006_015.jpg,568,5,-1,True,50,8550,1.0,1.0,1,50,1,1,1,1
1124,0568_c0006_020.jpg,568,5,-1,True,50,8550,1.0,1.0,1,50,1,1,1,1
1125,0570_c0001_000.jpg,570,0,-1,True,150,8550,0.9862381468591066,0.7978723404255319,1,188,1,1,1,1
1126,0570_c0001_005.jpg,570,0,-1,True,150,8550,0.9643778929917297,0.8152173913043478,1,184,1,1,1,1
1127,0570_c0001_010.jpg,570,0,-1,True,150,8550,0.9729111327874159,0.8426966292134831,1,178,1,1,1,1
1128,0570_c0001_015.jpg,570,0,-1,True,150,8550,0.9737532961491017,0.8426966292134831,1,178,1,1,1,1
1129,0570_c0001_020.jpg,570,0,-1,True,150,8550,0.9230903530908764,0.5597014925373134,1,268,1,1,1,1
1130,0570_c0002_000.jpg,570,1,-1,True,150,8550,0.9349253703620484,0.646551724137931,1,232,1,1,1,1
1131,0570_c0002_005.jpg,570,1,-1,True,150,8550,0.9508912345346546,0.6912442396313364,1,217,1,1,1,1
1132,0570_c0002_010.jpg,570,1,-1,True,150,8550,0.9255643802698622,0.7281553398058253,1,206,1,1,1,1
1133,0570_c0002_015.jpg,570,1,-1,True,150,8550,0.9526515220357794,0.704225352112676,1,213,1,1,1,1
1134,0570_c0002_020.jpg,570,1,-1,True,150,8550,0.9258828484966602,0.6756756756756757,1,222,1,1,1,1
1135,0570_c0004_000.jpg,570,3,-1,True,150,8550,1.0,1.0,1,150,1,1,1,1
1136,0570_c0004_005.jpg,570,3,-1,True,150,8550,1.0,1.0,1,150,1,1,1,1
1137,0570_c0004_010.jpg,570,3,-1,True,150,8550,0.9994855252274609,0.9615384615384616,1,156,1,1,1,1
1138,0570_c0004_015.jpg,570,3,-1,True,150,8550,1.0,1.0,1,150,1,1,1,1
1139,0570_c0004_020.jpg,570,3,-1,True,150,8550,1.0,1.0,1,150,1,1,1,1
1140,0570_c0005_000.jpg,570,4,-1,True,150,8550,1.0,1.0,1,150,1,1,1,1
1141,0570_c0005_005.jpg,570,4,-1,True,150,8550,0.9986609141192474,0.9259259259259259,1,162,1,1,1,1
1142,0570_c0005_010.jpg,570,4,-1,True,150,8550,0.9979406423671876,0.9036144578313253,1,166,1,1,1,1
1143,0570_c0005_015.jpg,570,4,-1,True,150,8550,0.9993999528394901,0.9554140127388535,1,157,1,1,1,1
1144,0570_c0005_020.jpg,570,4,-1,True,150,8550,0.9998666627158738,0.9933774834437086,1,151,1,1,1,1
1145,0570_c0006_000.jpg,570,5,-1,True,150,8550,0.9319159882489843,0.6329113924050633,1,237,1,1,1,1
1146,0570_c0006_005.jpg,570,5,-1,True,150,8550,0.893808229470863,0.47468354430379744,1,316,1,1,1,1
1147,0570_c0006_010.jpg,570,5,-1,True,150,8550,0.9298894384011696,0.625,1,240,1,1,1,1
1148,0570_c0006_015.jpg,570,5,-1,True,150,8550,0.8806828226972935,0.5244755244755245,1,286,1,1,1,1
1149,0570_c0006_020.jpg,570,5,-1,True,150,8550,0.8990725519880747,0.5882352941176471,1,255,1,1,1,1
1150,0570_c0007_000.jpg,570,6,-1,True,150,8550,0.9612915792952166,0.847457627118644,1,177,1,1,1,1
1151,0570_c0007_005.jpg,570,6,-1,True,150,8550,0.9611452026781289,0.847457627118644,1,177,1,1,1,1
1152,0570_c0007_010.jpg,570,6,-1,True,150,8550,0.9603412390664429,0.8379888268156425,1,179,1,1,1,1
1153,0570_c0007_015.jpg,570,6,-1,True,150,8550,0.9525067367736464,0.8379888268156425,1,179,1,1,1,1
1154,0570_c0007_020.jpg,570,6,-1,True,150,8550,0.9287566654873228,0.7537688442211056,1,199,1,1,1,1
1155,0570_c0008_000.jpg,570,7,-1,True,150,8550,0.9998230935280035,0.9868421052631579,1,152,1,1,1,1
1156,0570_c0008_005.jpg,570,7,-1,True,150,8550,1.0,1.0,1,150,1,1,1,1
1157,0570_c0008_010.jpg,570,7,-1,True,150,8550,1.0,1.0,1,150,1,1,1,1
1158,0570_c0008_015.jpg,570,7,-1,True,150,8550,1.0,1.0,1,150,1,1,1,1
1159,0570_c0008_020.jpg,570,7,-1,True,150,8550,1.0,1.0,1,150,1,1,1,1
1160,0572_c0001_000.jpg,572,0,-1,True,175,8550,0.9983158553424856,0.9668508287292817,1,181,1,1,1,1
1161,0572_c0001_005.jpg,572,0,-1,True,175,8550,0.9969457505211865,0.9408602150537635,1,186,1,1,1,1
1162,0572_c0001_010.jpg,572,0,-1,True,175,8550,0.9826851314533673,0.8101851851851852,1,216,1,1,1,1
1163,0572_c0001_015.jpg,572,0,-1,True,175,8550,0.995713829672068,0.9308510638297872,1,188,1,1,1,1
1164,0572_c0001_020.jpg,572,0,-1,True,175,8550,0.9706613099970404,0.8706467661691543,1,201,1,1,1,1
1165,0572_c0002_000.jpg,572,1,-1,True,175,8550,0.9613555592319848,0.5451713395638629,1,321,1,1,1,1
1166,0572_c0002_005.jpg,572,1,-1,True,175,8550,0.9610290560227633,0.5833333333333334,1,300,1,1,1,1
1167,0572_c0002_010.jpg,572,1,-1,True,175,8550,0.9511280605432677,0.5116959064327485,1,342,1,1,1,1
1168,0572_c0002_015.jpg,572,1,-1,True,175,8550,0.9759159050027931,0.6578947368421053,1,266,1,1,1,1
1169,0572_c0002_020.jpg,572,1,-1,True,175,8550,0.945640848293436,0.4971590909090909,1,352,1,1,1,1
1170,0572_c0003_000.jpg,572,2,-1,True,175,8550,0.6968054946085103,0.3252788104089219,1,538,1,1,1,1
1171,0572_c0003_005.jpg,572,2,-1,True,175,8550,0.6972547734461622,0.31362007168458783,1,558,1,1,1,1
1172,0572_c0003_010.jpg,572,2,-1,True,175,8550,0.7812036343416201,0.43532338308457713,1,402,1,1,1,1
1173,0572_c0003_015.jpg,572,2,-1,True,175,8550,0.6544476314731573,0.31305903398926654,1,559,1,1,1,1
1174,0572_c0003_020.jpg,572,2,-1,True,175,8550,0.6925042852927168,0.32169117647058826,1,544,1,1,1,1
1175,0572_c0004_000.jpg,572,3,-1,True,175,8550,1.0,1.0,1,175,1,1,1,1
1176,0572_c0004_005.jpg,572,3,-1,True,175,8550,0.9990570193740541,0.9615384615384616,1,182,1,1,1,1
1177,0572_c0004_010.jpg,572,3,-1,True,175,8550,0.9971619704814576,0.9459459459459459,1,185,1,1,1,1
1178,0572_c0004_015.jpg,572,3,-1,True,175,8550,0.998441009893407,0.9615384615384616,1,182,1,1,1,1
1179,0572_c0004_020.jpg,572,3,-1,True,175,8550,0.9998704967349035,0.9887005649717514,1,177,1,1,1,1
1180,0572_c0005_000.jpg,572,4,-1,True,175,8550,0.9441727749153457,0.4768392370572207,1,367,1,1,1,1
1181,0572_c0005_005.jpg,572,4,-1,True,175,8550,0.9670865905727393,0.5794701986754967,1,302,1,1,1,1
1182,0572_c0005_010.jpg,572,4,-1,True,175,8550,0.9547325123519278,0.5208333333333334,1,336,1,1,1,1
1183,0572_c0005_015.jpg,572,4,-1,True,175,8550,0.9496464549641713,0.45931758530183725,1,381,1,1,1,1
1184,0572_c0005_020.jpg,572,4,-1,True,175,8550,0.9489635053750339,0.5028735632183908,1,348,1,1,1,1
1185,0572_c0006_000.jpg,572,5,-1,True,175,8550,1.0,1.0,1,175,1,1,1,1
1186,0572_c0006_005.jpg,572,5,-1,True,175,8550,1.0,1.0,1,175,1,1,1,1
1187,0572_c0006_010.jpg,572,5,-1,True,175,8550,1.0,1.0,1,175,1,1,1,1
1188,0572_c0006_015.jpg,572,5,-1,True,175,8550,1.0,1.0,1,175,1,1,1,1
1189,0572_c0006_020.jpg,572,5,-1,True,175,8550,1.0,1.0,1,175,1,1,1,1
1190,0572_c0007_000.jpg,572,6,-1,True,175,8550,0.8846966327686762,0.4605263157894737,1,380,1,1,1,1
1191,0572_c0007_005.jpg,572,6,-1,True,175,8550,0.861918144324078,0.39325842696629215,1,445,1,1,1,1
1192,0572_c0007_010.jpg,572,6,-1,True,175,8550,0.8919758510493134,0.5384615384615384,1,325,1,1,1,1
1193,0572_c0007_015.jpg,572,6,-1,True,175,8550,0.9009075945806801,0.5520504731861199,1,317,1,1,1,1
1194,0572_c0007_020.jpg,572,6,-1,True,175,8550,0.8752045546926193,0.45691906005221933,1,383,1,1,1,1
1195,0572_c0008_000.jpg,572,7,-1,True,175,8550,0.9974005069096307,0.9259259259259259,1,189,1,1,1,1
1196,0572_c0008_005.jpg,572,7,-1,True,175,8550,0.9975039385332874,0.9259259259259259,1,189,1,1,1,1
1197,0572_c0008_010.jpg,572,7,-1,True,175,8550,0.986550613900864,0.875,1,200,1,1,1,1
1198,0572_c0008_015.jpg,572,7,-1,True,175,8550,0.9943785935228048,0.9210526315789473,1,190,1,1,1,1
1199,0572_c0008_020.jpg,572,7,-1,True,175,8550,0.9981005278798664,0.9408602150537635,1,186,1,1,1,1
1200,0574_c0001_000.jpg,574,0,-1,True,150,8550,0.9059235620871131,0.3856041131105398,1,389,1,1,1,1
1201,0574_c0001_005.jpg,574,0,-1,True,150,8550,0.9113409456600796,0.4087193460490463,1,367,1,1,1,1
1202,0574_c0001_010.jpg,574,0,-1,True,150,8550,0.9442221725403797,0.5338078291814946,1,281,1,1,1,1
1203,0574_c0001_015.jpg,574,0,-1,True,150,8550,0.937098036819569,0.5454545454545454,1,275,1,1,1,1
1204,0574_c0001_020.jpg,574,0,-1,True,150,8550,0.9237237029606363,0.4792332268370607,1,313,1,1,1,1
1205,0574_c0002_000.jpg,574,1,-1,True,150,8550,0.9695429580227699,0.6787330316742082,1,221,1,1,1,1
1206,0574_c0002_005.jpg,574,1,-1,True,150,8550,0.9952983874082816,0.7614213197969543,1,197,1,1,1,1
1207,0574_c0002_010.jpg,574,1,-1,True,150,8550,0.9887097834861924,0.8108108108108109,1,185,1,1,1,1
1208,0574_c0002_015.jpg,574,1,-1,True,150,8550,0.9930488766991619,0.819672131147541,1,183,1,1,1,1
1209,0574_c0002_020.jpg,574,1,-1,True,150,8550,0.9814680673055401,0.7425742574257426,1,202,1,1,1,1
1210,0574_c0003_000.jpg,574,2,-1,True,150,8550,0.9592732526284821,0.7575757575757576,1,198,1,1,1,1
1211,0574_c0003_005.jpg,574,2,-1,True,150,8550,0.9611644264656873,0.7537688442211056,1,199,1,1,1,1
1212,0574_c0003_010.jpg,574,2,-1,True,150,8550,0.9607098418517553,0.7389162561576355,1,203,1,1,1,1
1213,0574_c0003_015.jpg,574,2,-1,True,150,8550,0.9715953986419849,0.7537688442211056,1,199,1,1,1,1
1214,0574_c0003_020.jpg,574,2,-1,True,150,8550,0.9577977126117082,0.7211538461538461,1,208,1,1,1,1
1215,0574_c0004_000.jpg,574,3,-1,True,150,8550,0.9630367023873266,0.8571428571428571,1,175,1,1,1,1
1216,0574_c0004_005.jpg,574,3,-1,True,150,8550,0.9655456811350954,0.8571428571428571,1,175,1,1,1,1
1217,0574_c0004_010.jpg,574,3,-1,True,150,8550,0.9825883474784692,0.8571428571428571,1,175,1,1,1,1
1218,0574_c0004_015.jpg,574,3,-1,True,150,8550,0.9930983338822065,0.9375,1,160,1,1,1,1
1219,0574_c0004_020.jpg,574,3,-1,True,150,8550,0.9965841272476814,0.9615384615384616,1,156,1,1,1,1
1220,0574_c0005_000.jpg,574,4,-1,True,150,8550,0.6679500460717405,0.33112582781456956,1,453,1,1,1,1
1221,0574_c0005_005.jpg,574,4,-1,True,150,8550,0.7190730991074885,0.3401360544217687,1,441,1,1,1,1
1222,0574_c0005_010.jpg,574,4,-1,True,150,8550,0.734304045260926,0.33557046979865773,1,447,1,1,1,1
1223,0574_c0005_015.jpg,574,4,-1,True,150,8550,0.7156103173248365,0.3246753246753247,1,462,1,1,1,1
1224,0574_c0005_020.jpg,574,4,-1,True,150,8550,0.7172919983217223,0.31446540880503143,1,477,1,1,1,1
1225,0574_c0006_000.jpg,574,5,-1,True,150,8550,1.0,1.0,1,150,1,1,1,1
1226,0574_c0006_005.jpg,574,5,-1,True,150,8550,1.0,1.0,1,150,1,1,1,1
1227,0574_c0006_010.jpg,574,5,-1,True,150,8550,1.0,1.0,1,150,1,1,1,1
1228,0574_c0006_015.jpg,574,5,-1,True,150,8550,1.0,1.0,1,150,1,1,1,1
1229,0574_c0006_020.jpg,574,5,-1,True,150,8550,0.9998692810457518,0.9803921568627451,1,153,1,1,1,1
1230,0574_c0008_000.jpg,574,7,-1,True,150,8550,0.9804079744811797,0.7692307692307693,1,195,1,1,1,1
1231,0574_c0008_005.jpg,574,7,-1,True,150,8550,0.9600515228479234,0.7352941176470589,1,204,1,1,1,1
1232,0574_c0008_010.jpg,574,7,-1,True,150,8550,0.965256969402366,0.7352941176470589,1,204,1,1,1,1
1233,0574_c0008_015.jpg,574,7,-1,True,150,8550,0.9671475184834067,0.7389162561576355,1,203,1,1,1,1
1234,0574_c0008_020.jpg,574,7,-1,True,150,8550,0.9709791316932284,0.7389162561576355,1,203,1,1,1,1
1235,0576_c0001_000.jpg,576,0,-1,True,150,8550,0.9747843406442268,0.8379888268156425,1,179,1,1,1,1
1236,0576_c0001_005.jpg,576,0,-1,True,150,8550,0.9521730259571901,0.7009345794392523,1,214,1,1,1,1
1237,0576_c0001_010.jpg,576,0,-1,True,150,8550,0.9241203043557539,0.6578947368421053,1,228,1,1,1,1
1238,0576_c0001_015.jpg,576,0,-1,True,150,8550,0.9498095061821065,0.6382978723404256,1,235,1,1,1,1
1239,0576_c0001_020.jpg,576,0,-1,True,150,8550,0.9415174078183749,0.7075471698113207,1,212,1,1,1,1
1240,0576_c0002_000.jpg,576,1,-1,True,150,8550,1.0,1.0,1,150,1,1,1,1
1241,0576_c0002_005.jpg,576,1,-1,True,150,8550,0.9997809808250012,0.9803921568627451,1,153,1,1,1,1
1242,0576_c0002_010.jpg,576,1,-1,True,150,8550,1.0,1.0,1,150,1,1,1,1
1243,0576_c0002_015.jpg,576,1,-1,True,150,8550,1.0,1.0,1,150,1,1,1,1
1244,0576_c0002_020.jpg,576,1,-1,True,150,8550,0.9990723603663461,0.9316770186335404,1,161,1,1,1,1
1245,0576_c0003_000.jpg,576,2,-1,True,150,8550,1.0,1.0,1,150,1,1,1,1
1246,0576_c0003_005.jpg,576,2,-1,True,150,8550,1.0,1.0,1,150,1,1,1,1
1247,0576_c0003_010.jpg,576,2,-1,True,150,8550,1.0,1.0,1,150,1,1,1,1
1248,0576_c0003_015.jpg,576,2,-1,True,150,8550,1.0,1.0,1,150,1,1,1,1
1249,0576_c0003_020.jpg,576,2,-1,True,150,8550,1.0,1.0,1,150,1,1,1,1
1250,0576_c0004_000.jpg,576,3,-1,True,150,8550,1.0,1.0,1,150,1,1,1,1
1251,0576_c0004_005.jpg,576,3,-1,True,150,8550,1.0,1.0,1,150,1,1,1,1
1252,0576_c0004_010.jpg,576,3,-1,True,150,8550,1.0,1.0,1,150,1,1,1,1
1253,0576_c0004_015.jpg,576,3,-1,True,150,8550,1.0,1.0,1,150,1,1,1,1
1254,0576_c0004_020.jpg,576,3,-1,True,150,8550,1.0,1.0,1,150,1,1,1,1
1255,0576_c0005_000.jpg,576,4,-1,True,150,8550,1.0,1.0,1,150,1,1,1,1
1256,0576_c0005_005.jpg,576,4,-1,True,150,8550,1.0,1.0,1,150,1,1,1,1
1257,0576_c0005_010.jpg,576,4,-1,True,150,8550,1.0,1.0,1,150,1,1,1,1
1258,0576_c0005_015.jpg,576,4,-1,True,150,8550,0.9997780484829586,0.9868421052631579,1,152,1,1,1,1
1259,0576_c0005_020.jpg,576,4,-1,True,150,8550,1.0,1.0,1,150,1,1,1,1
1260,0576_c0006_000.jpg,576,5,-1,True,150,8550,1.0,1.0,1,150,1,1,1,1
1261,0576_c0006_005.jpg,576,5,-1,True,150,8550,1.0,1.0,1,150,1,1,1,1
1262,0576_c0006_010.jpg,576,5,-1,True,150,8550,1.0,1.0,1,150,1,1,1,1
1263,0576_c0006_015.jpg,576,5,-1,True,150,8550,1.0,1.0,1,150,1,1,1,1
1264,0576_c0006_020.jpg,576,5,-1,True,150,8550,1.0,1.0,1,150,1,1,1,1
1265,0576_c0007_000.jpg,576,6,-1,True,150,8550,0.9934279846361506,0.8875739644970414,1,169,1,1,1,1
1266,0576_c0007_005.jpg,576,6,-1,True,150,8550,0.999501193197361,0.9868421052631579,1,152,1,1,1,1
1267,0576_c0007_010.jpg,576,6,-1,True,150,8550,0.9949695505694911,0.9090909090909091,1,165,1,1,1,1
1268,0576_c0007_015.jpg,576,6,-1,True,150,8550,1.0,1.0,1,150,1,1,1,1
1269,0576_c0007_020.jpg,576,6,-1,True,150,8550,0.9993933456879025,0.9493670886075949,1,158,1,1,1,1
1270,0578_c0001_000.jpg,578,0,-1,True,175,8550,0.7141389153114289,0.3812636165577342,1,459,1,1,1,1
1271,0578_c0001_005.jpg,578,0,-1,True,175,8550,0.6942602156634616,0.3897550111358575,1,449,1,1,1,1
1272,0578_c0001_010.jpg,578,0,-1,True,175,8550,0.7119136949685351,0.38802660753880264,1,451,1,1,1,1
1273,0578_c0001_015.jpg,578,0,-1,True,175,8550,0.6409995838100603,0.3645833333333333,1,480,1,1,1,1
1274,0578_c0001_020.jpg,578,0,-1,True,175,8550,0.672977824222068,0.37154989384288745,1,471,1,1,1,1
1275,0578_c0002_000.jpg,578,1,-1,True,175,8550,0.3944137696861794,0.23777173913043478,1,736,1,1,1,1
1276,0578_c0002_005.jpg,578,1,-1,True,175,8550,0.3109653427248854,0.2539912917271408,25,689,0,0,0,0
1277,0578_c0002_010.jpg,578,1,-1,True,175,8550,0.39497615493312876,0.2413793103448276,3,725,0,1,1,1
1278,0578_c0002_015.jpg,578,1,-1,True,175,8550,0.3482750872794211,0.2539912917271408,25,689,0,0,0,0
1279,0578_c0002_020.jpg,578,1,-1,True,175,8550,0.4200110931299916,0.2311756935270806,13,757,0,0,0,1
1280,0578_c0003_000.jpg,578,2,-1,True,175,8550,0.8326068744643333,0.3564154786150713,1,491,1,1,1,1
1281,0578_c0003_005.jpg,578,2,-1,True,175,8550,0.8150694690835647,0.3465346534653465,1,505,1,1,1,1
1282,0578_c0003_010.jpg,578,2,-1,True,175,8550,0.8365950032555125,0.35714285714285715,1,490,1,1,1,1
1283,0578_c0003_015.jpg,578,2,-1,True,175,8550,0.8640435721928078,0.43316831683168316,1,404,1,1,1,1
1284,0578_c0003_020.jpg,578,2,-1,True,175,8550,0.8772876617110729,0.44191919191919193,1,396,1,1,1,1
1285,0578_c0004_000.jpg,578,3,-1,True,175,8550,0.7444294491075046,0.4605263157894737,1,380,1,1,1,1
1286,0578_c0004_005.jpg,578,3,-1,True,175,8550,0.7775953337458625,0.5434782608695652,1,322,1,1,1,1
1287,0578_c0004_010.jpg,578,3,-1,True,175,8550,0.7771554841842884,0.4943502824858757,1,354,1,1,1,1
1288,0578_c0004_015.jpg,578,3,-1,True,175,8550,0.8490856411312564,0.6578947368421053,1,266,1,1,1,1
1289,0578_c0004_020.jpg,578,3,-1,True,175,8550,0.8573339206992231,0.6205673758865248,1,282,1,1,1,1
1290,0578_c0005_000.jpg,578,4,-1,True,175,8550,0.9465788688193574,0.44529262086513993,1,393,1,1,1,1
1291,0578_c0005_005.jpg,578,4,-1,True,175,8550,0.9051036442319221,0.39414414414414417,1,444,1,1,1,1
1292,0578_c0005_010.jpg,578,4,-1,True,175,8550,0.9090350492700463,0.39414414414414417,1,444,1,1,1,1
1293,0578_c0005_015.jpg,578,4,-1,True,175,8550,0.9206621211250616,0.4581151832460733,1,382,1,1,1,1
1294,0578_c0005_020.jpg,578,4,-1,True,175,8550,0.9057027452580174,0.48342541436464087,1,362,1,1,1,1
1295,0578_c0006_000.jpg,578,5,-1,True,175,8550,0.7431597410446658,0.22123893805309736,1,791,1,1,1,1
1296,0578_c0006_005.jpg,578,5,-1,True,175,8550,0.7767194521284078,0.2339572192513369,1,748,1,1,1,1
1297,0578_c0006_010.jpg,578,5,-1,True,175,8550,0.7632220694847391,0.23648648648648649,1,740,1,1,1,1
1298,0578_c0006_015.jpg,578,5,-1,True,175,8550,0.7563681018728162,0.2327127659574468,1,752,1,1,1,1
1299,0578_c0006_020.jpg,578,5,-1,True,175,8550,0.769530456797142,0.23458445040214476,1,746,1,1,1,1
1300,0578_c0007_000.jpg,578,6,-1,True,175,8550,0.9678803537198116,0.7575757575757576,1,231,1,1,1,1
1301,0578_c0007_005.jpg,578,6,-1,True,175,8550,0.8725173121417424,0.5608974358974359,1,312,1,1,1,1
1302,0578_c0007_010.jpg,578,6,-1,True,175,8550,0.8946437605892582,0.5700325732899023,1,307,1,1,1,1
1303,0578_c0007_015.jpg,578,6,-1,True,175,8550,0.8922989989997359,0.5952380952380952,1,294,1,1,1,1
1304,0578_c0007_020.jpg,578,6,-1,True,175,8550,0.9352203591501013,0.6205673758865248,1,282,1,1,1,1
1305,0578_c0008_000.jpg,578,7,-1,True,175,8550,0.603811727602517,0.3691983122362869,1,474,1,1,1,1
1306,0578_c0008_005.jpg,578,7,-1,True,175,8550,0.5986650882661504,0.34860557768924305,1,502,1,1,1,1
1307,0578_c0008_010.jpg,578,7,-1,True,175,8550,0.5721797125166251,0.3684210526315789,1,475,1,1,1,1
1308,0578_c0008_015.jpg,578,7,-1,True,175,8550,0.576546328890873,0.3812636165577342,1,459,1,1,1,1
1309,0578_c0008_020.jpg,578,7,-1,True,175,8550,0.5870324440527788,0.3779697624190065,1,463,1,1,1,1
1310,0580_c0001_000.jpg,580,0,-1,True,175,8550,0.6124419377324392,0.3968253968253968,1,441,1,1,1,1
1311,0580_c0001_005.jpg,580,0,-1,True,175,8550,0.587944795766379,0.3528225806451613,1,496,1,1,1,1
1312,0580_c0001_010.jpg,580,0,-1,True,175,8550,0.5417729480047673,0.3472222222222222,1,504,1,1,1,1
1313,0580_c0001_015.jpg,580,0,-1,True,175,8550,0.5831710209007008,0.4032258064516129,1,434,1,1,1,1
1314,0580_c0001_020.jpg,580,0,-1,True,175,8550,0.611223866506605,0.4533678756476684,1,386,1,1,1,1
1315,0580_c0002_000.jpg,580,1,-1,True,175,8550,0.3546349143443368,0.27386541471048514,23,639,0,0,0,0
1316,0580_c0002_005.jpg,580,1,-1,True,175,8550,0.43534611650510036,0.2936241610738255,7,596,0,0,1,1
1317,0580_c0002_010.jpg,580,1,-1,True,175,8550,0.5235370517542844,0.2627627627627628,1,666,1,1,1,1
1318,0580_c0002_015.jpg,580,1,-1,True,175,8550,0.5588778388354272,0.2961082910321489,1,591,1,1,1,1
1319,0580_c0002_020.jpg,580,1,-1,True,175,8550,0.6196326342191366,0.34791252485089463,1,503,1,1,1,1
1320,0580_c0003_000.jpg,580,2,-1,True,175,8550,0.8018537514871272,0.660377358490566,1,265,1,1,1,1
1321,0580_c0003_005.jpg,580,2,-1,True,175,8550,0.8129779437089151,0.6730769230769231,1,260,1,1,1,1
1322,0580_c0003_010.jpg,580,2,-1,True,175,8550,0.771386098237386,0.6363636363636364,1,275,1,1,1,1
1323,0580_c0003_015.jpg,580,2,-1,True,175,8550,0.7588252347146485,0.5972696245733788,1,293,1,1,1,1
1324,0580_c0003_020.jpg,580,2,-1,True,175,8550,0.7731679943327238,0.6097560975609756,1,287,1,1,1,1
1325,0580_c0004_000.jpg,580,3,-1,True,175,8550,0.997027313288743,0.9114583333333334,1,192,1,1,1,1
1326,0580_c0004_005.jpg,580,3,-1,True,175,8550,0.995187591870982,0.8663366336633663,1,202,1,1,1,1
1327,0580_c0004_010.jpg,580,3,-1,True,175,8550,0.9969553554432742,0.875,1,200,1,1,1,1
1328,0580_c0004_015.jpg,580,3,-1,True,175,8550,0.9929355418643208,0.7113821138211383,1,246,1,1,1,1
1329,0580_c0004_020.jpg,580,3,-1,True,175,8550,0.9782078195509433,0.6055363321799307,1,289,1,1,1,1
1330,0580_c0005_000.jpg,580,4,-1,True,175,8550,0.6906202795762532,0.42168674698795183,1,415,1,1,1,1
1331,0580_c0005_005.jpg,580,4,-1,True,175,8550,0.7018449730560422,0.42997542997543,1,407,1,1,1,1
1332,0580_c0005_010.jpg,580,4,-1,True,175,8550,0.7013573764768503,0.42892156862745096,1,408,1,1,1,1
1333,0580_c0005_015.jpg,580,4,-1,True,175,8550,0.6233154535737201,0.39503386004514673,1,443,1,1,1,1
1334,0580_c0005_020.jpg,580,4,-1,True,175,8550,0.6420416930360163,0.37393162393162394,1,468,1,1,1,1
1335,0580_c0006_000.jpg,580,5,-1,True,175,8550,0.8475050632032853,0.5177514792899408,1,338,1,1,1,1
1336,0580_c0006_005.jpg,580,5,-1,True,175,8550,0.8460011702523194,0.5813953488372093,1,301,1,1,1,1
1337,0580_c0006_010.jpg,580,5,-1,True,175,8550,0.8135292782636137,0.5718954248366013,1,306,1,1,1,1
1338,0580_c0006_015.jpg,580,5,-1,True,175,8550,0.8471286895448618,0.5,1,350,1,1,1,1
1339,0580_c0006_020.jpg,580,5,-1,True,175,8550,0.8333588847489558,0.44416243654822335,1,394,1,1,1,1
1340,0580_c0007_000.jpg,580,6,-1,True,175,8550,0.8594096409472031,0.7,1,250,1,1,1,1
1341,0580_c0007_005.jpg,580,6,-1,True,175,8550,0.8610886599668015,0.7,1,250,1,1,1,1
1342,0580_c0007_010.jpg,580,6,-1,True,175,8550,0.9071061619130517,0.7113821138211383,1,246,1,1,1,1
1343,0580_c0007_015.jpg,580,6,-1,True,175,8550,0.8846240997842132,0.6554307116104869,1,267,1,1,1,1
1344,0580_c0007_020.jpg,580,6,-1,True,175,8550,0.9178391265891079,0.720164609053498,1,243,1,1,1,1
1345,0580_c0008_000.jpg,580,7,-1,True,175,8550,0.8932532508622483,0.541795665634675,1,323,1,1,1,1
1346,0580_c0008_005.jpg,580,7,-1,True,175,8550,0.8962451183485385,0.5627009646302251,1,311,1,1,1,1
1347,0580_c0008_010.jpg,580,7,-1,True,175,8550,0.8945788443787601,0.541795665634675,1,323,1,1,1,1
1348,0580_c0008_015.jpg,580,7,-1,True,175,8550,0.8997762816881664,0.5537974683544303,1,316,1,1,1,1
1349,0580_c0008_020.jpg,580,7,-1,True,175,8550,0.9142834289641688,0.5368098159509203,1,326,1,1,1,1
1350,0582_c0001_000.jpg,582,0,-1,True,175,8550,0.8493651898234975,0.15418502202643172,1,1135,1,1,1,1
1351,0582_c0001_005.jpg,582,0,-1,True,175,8550,0.8836700248520437,0.20933014354066987,1,836,1,1,1,1
1352,0582_c0001_010.jpg,582,0,-1,True,175,8550,0.8688745105136932,0.1809720785935884,1,967,1,1,1,1
1353,0582_c0001_015.jpg,582,0,-1,True,175,8550,0.8926972231168007,0.25697503671071953,1,681,1,1,1,1
1354,0582_c0001_020.jpg,582,0,-1,True,175,8550,0.8813901755067812,0.2237851662404092,1,782,1,1,1,1
1355,0582_c0002_000.jpg,582,1,-1,True,175,8550,0.5711023705931583,0.212636695018226,1,823,1,1,1,1
1356,0582_c0002_005.jpg,582,1,-1,True,175,8550,0.5304792957132057,0.14607679465776294,1,1198,1,1,1,1
1357,0582_c0002_010.jpg,582,1,-1,True,175,8550,0.598359515104563,0.19337016574585636,1,905,1,1,1,1
1358,0582_c0002_015.jpg,582,1,-1,True,175,8550,0.6141432558248547,0.22697795071335927,1,771,1,1,1,1
1359,0582_c0002_020.jpg,582,1,-1,True,175,8550,0.60836966616624,0.2056404230317274,1,851,1,1,1,1
1360,0582_c0003_000.jpg,582,2,-1,True,175,8550,0.2213673711362605,0.1174496644295302,62,1490,0,0,0,0
1361,0582_c0003_005.jpg,582,2,-1,True,175,8550,0.23251469133994407,0.1398880895283773,43,1251,0,0,0,0
1362,0582_c0003_010.jpg,582,2,-1,True,175,8550,0.26239640860379265,0.157942238267148,29,1108,0,0,0,0
1363,0582_c0003_015.jpg,582,2,-1,True,175,8550,0.27095916466057235,0.1598173515981735,25,1095,0,0,0,0
1364,0582_c0003_020.jpg,582,2,-1,True,175,8550,0.2635411188346275,0.16248839368616527,19,1077,0,0,0,1
1365,0582_c0004_000.jpg,582,3,-1,True,175,8550,0.7103096920847812,0.4430379746835443,1,395,1,1,1,1
1366,0582_c0004_005.jpg,582,3,-1,True,175,8550,0.7658049472533077,0.5087209302325582,1,344,1,1,1,1
1367,0582_c0004_010.jpg,582,3,-1,True,175,8550,0.835182403145331,0.4820936639118457,1,363,1,1,1,1
1368,0582_c0004_015.jpg,582,3,-1,True,175,8550,0.7831152492641927,0.5319148936170213,1,329,1,1,1,1
1369,0582_c0004_020.jpg,582,3,-1,True,175,8550,0.7967113034524367,0.5368098159509203,1,326,1,1,1,1
1370,0582_c0005_000.jpg,582,4,-1,True,175,8550,0.8493335340112259,0.14868309260832624,1,1177,1,1,1,1
1371,0582_c0005_005.jpg,582,4,-1,True,175,8550,0.8313916352344943,0.1441515650741351,1,1214,1,1,1,1
1372,0582_c0005_010.jpg,582,4,-1,True,175,8550,0.7680814273599281,0.11994516792323509,1,1459,1,1,1,1
1373,0582_c0005_015.jpg,582,4,-1,True,175,8550,0.7771951146338337,0.13227513227513227,1,1323,1,1,1,1
1374,0582_c0005_020.jpg,582,4,-1,True,175,8550,0.8238287906889751,0.1446280991735537,1,1210,1,1,1,1
1375,0582_c0006_000.jpg,582,5,-1,True,175,8550,0.8893076350605288,0.6862745098039216,1,255,1,1,1,1
1376,0582_c0006_005.jpg,582,5,-1,True,175,8550,0.9430373857364046,0.6944444444444444,1,252,1,1,1,1
1377,0582_c0006_010.jpg,582,5,-1,True,175,8550,0.9198015094587416,0.7231404958677686,1,242,1,1,1,1
1378,0582_c0006_015.jpg,582,5,-1,True,175,8550,0.9792515894181965,0.7882882882882883,1,222,1,1,1,1
1379,0582_c0006_020.jpg,582,5,-1,True,175,8550,0.9760064877016781,0.7113821138211383,1,246,1,1,1,1
1380,0582_c0007_000.jpg,582,6,-1,True,175,8550,0.8855085362555178,0.5368098159509203,1,326,1,1,1,1
1381,0582_c0007_005.jpg,582,6,-1,True,175,8550,0.8993559169228768,0.5833333333333334,1,300,1,1,1,1
1382,0582_c0007_010.jpg,582,6,-1,True,175,8550,0.8905899953773886,0.5663430420711975,1,309,1,1,1,1
1383,0582_c0007_015.jpg,582,6,-1,True,175,8550,0.8886058831841472,0.5608974358974359,1,312,1,1,1,1
1384,0582_c0007_020.jpg,582,6,-1,True,175,8550,0.8632215269556265,0.5368098159509203,1,326,1,1,1,1
1385,0582_c0008_000.jpg,582,7,-1,True,175,8550,0.7475337749757208,0.3854625550660793,1,454,1,1,1,1
1386,0582_c0008_005.jpg,582,7,-1,True,175,8550,0.7769331931093555,0.33849129593810445,1,517,1,1,1,1
1387,0582_c0008_010.jpg,582,7,-1,True,175,8550,0.7339219260944433,0.32710280373831774,1,535,1,1,1,1
1388,0582_c0008_015.jpg,582,7,-1,True,175,8550,0.777088593859525,0.3211009174311927,1,545,1,1,1,1
1389,0582_c0008_020.jpg,582,7,-1,True,175,8550,0.752739580231555,0.3193430656934307,1,548,1,1,1,1
1390,0584_c0001_000.jpg,584,0,-1,True,175,8550,0.9046357237770443,0.5319148936170213,1,329,1,1,1,1
1391,0584_c0001_005.jpg,584,0,-1,True,175,8550,0.8770569752728945,0.4557291666666667,1,384,1,1,1,1
1392,0584_c0001_010.jpg,584,0,-1,True,175,8550,0.9000642923400987,0.5208333333333334,1,336,1,1,1,1
1393,0584_c0001_015.jpg,584,0,-1,True,175,8550,0.8765446796606944,0.48476454293628807,1,361,1,1,1,1
1394,0584_c0001_020.jpg,584,0,-1,True,175,8550,0.9267494032355892,0.6889763779527559,1,254,1,1,1,1
1395,0584_c0002_000.jpg,584,1,-1,True,175,8550,0.9409909288976477,0.6505576208178439,1,269,1,1,1,1
1396,0584_c0002_005.jpg,584,1,-1,True,175,8550,0.9316958673955008,0.631768953068592,1,277,1,1,1,1
1397,0584_c0002_010.jpg,584,1,-1,True,175,8550,0.9250009871835684,0.5663430420711975,1,309,1,1,1,1
1398,0584_c0002_015.jpg,584,1,-1,True,175,8550,0.9252666200025825,0.587248322147651,1,298,1,1,1,1
1399,0584_c0002_020.jpg,584,1,-1,True,175,8550,0.924223829524552,0.5645161290322581,1,310,1,1,1,1
1400,0584_c0003_000.jpg,584,2,-1,True,175,8550,0.6866403054837841,0.3424657534246575,1,511,1,1,1,1
1401,0584_c0003_005.jpg,584,2,-1,True,175,8550,0.7075865353011621,0.42892156862745096,1,408,1,1,1,1
1402,0584_c0003_010.jpg,584,2,-1,True,175,8550,0.7201649620683078,0.47554347826086957,1,368,1,1,1,1
1403,0584_c0003_015.jpg,584,2,-1,True,175,8550,0.739328612777653,0.47297297297297297,1,370,1,1,1,1
1404,0584_c0003_020.jpg,584,2,-1,True,175,8550,0.6900406392416718,0.3779697624190065,1,463,1,1,1,1
1405,0584_c0004_000.jpg,584,3,-1,True,175,8550,0.9214037797126947,0.7028112449799196,1,249,1,1,1,1
1406,0584_c0004_005.jpg,584,3,-1,True,175,8550,0.9307956075669688,0.7028112449799196,1,249,1,1,1,1
1407,0584_c0004_010.jpg,584,3,-1,True,175,8550,0.934735571664779,0.7415254237288136,1,236,1,1,1,1
1408,0584_c0004_015.jpg,584,3,-1,True,175,8550,0.9388404055175348,0.7261410788381742,1,241,1,1,1,1
1409,0584_c0004_020.jpg,584,3,-1,True,175,8550,0.9142537878928793,0.6097560975609756,1,287,1,1,1,1
1410,0584_c0005_000.jpg,584,4,-1,True,175,8550,0.7864066308025125,0.2902155887230514,1,603,1,1,1,1
1411,0584_c0005_005.jpg,584,4,-1,True,175,8550,0.7823177541529865,0.2840909090909091,1,616,1,1,1,1
1412,0584_c0005_010.jpg,584,4,-1,True,175,8550,0.7534388318464851,0.3027681660899654,1,578,1,1,1,1
1413,0584_c0005_015.jpg,584,4,-1,True,175,8550,0.7590775107512723,0.25697503671071953,1,681,1,1,1,1
1414,0584_c0005_020.jpg,584,4,-1,True,175,8550,0.7531270527636199,0.24373259052924792,1,718,1,1,1,1
1415,0584_c0006_000.jpg,584,5,-1,True,175,8550,0.9461318317837686,0.6055363321799307,1,289,1,1,1,1
1416,0584_c0006_005.jpg,584,5,-1,True,175,8550,0.9358152135034684,0.5147058823529411,1,340,1,1,1,1
1417,0584_c0006_010.jpg,584,5,-1,True,175,8550,0.9334421170902221,0.4888268156424581,1,358,1,1,1,1
1418,0584_c0006_015.jpg,584,5,-1,True,175,8550,0.9268334201548636,0.43209876543209874,1,405,1,1,1,1
1419,0584_c0006_020.jpg,584,5,-1,True,175,8550,0.9213557355973385,0.4146919431279621,1,422,1,1,1,1
1420,0584_c0007_000.jpg,584,6,-1,True,175,8550,0.5518573879051812,0.27821939586645467,1,629,1,1,1,1
1421,0584_c0007_005.jpg,584,6,-1,True,175,8550,0.5647760273322047,0.30017152658662094,1,583,1,1,1,1
1422,0584_c0007_010.jpg,584,6,-1,True,175,8550,0.5960998002423978,0.3054101221640489,1,573,1,1,1,1
1423,0584_c0007_015.jpg,584,6,-1,True,175,8550,0.5798510657211127,0.2864157119476268,1,611,1,1,1,1
1424,0584_c0007_020.jpg,584,6,-1,True,175,8550,0.7005897507003584,0.45931758530183725,1,381,1,1,1,1
1425,0584_c0008_000.jpg,584,7,-1,True,175,8550,0.9289800652704174,0.660377358490566,1,265,1,1,1,1
1426,0584_c0008_005.jpg,584,7,-1,True,175,8550,0.938423364436627,0.7352941176470589,1,238,1,1,1,1
1427,0584_c0008_010.jpg,584,7,-1,True,175,8550,0.9218242704055235,0.6554307116104869,1,267,1,1,1,1
1428,0584_c0008_015.jpg,584,7,-1,True,175,8550,0.8988749751286751,0.5912162162162162,1,296,1,1,1,1
1429,0584_c0008_020.jpg,584,7,-1,True,175,8550,0.8899433735980545,0.6457564575645757,1,271,1,1,1,1
1430,0586_c0001_000.jpg,586,0,-1,True,175,8550,0.9999675324675324,0.9943181818181818,1,176,1,1,1,1
1431,0586_c0001_005.jpg,586,0,-1,True,175,8550,1.0,1.0,1,175,1,1,1,1
1432,0586_c0001_010.jpg,586,0,-1,True,175,8550,1.0,1.0,1,175,1,1,1,1
1433,0586_c0001_015.jpg,586,0,-1,True,175,8550,1.0,1.0,1,175,1,1,1,1
1434,0586_c0001_020.jpg,586,0,-1,True,175,8550,1.0,1.0,1,175,1,1,1,1
1435,0586_c0002_000.jpg,586,1,-1,True,175,8550,0.9765247925310908,0.7954545454545454,1,220,1,1,1,1
1436,0586_c0002_005.jpg,586,1,-1,True,175,8550,0.979088859521815,0.8101851851851852,1,216,1,1,1,1
1437,0586_c0002_010.jpg,586,1,-1,True,175,8550,0.9747980863211605,0.7608695652173914,1,230,1,1,1,1
1438,0586_c0002_015.jpg,586,1,-1,True,175,8550,0.9836353746246985,0.8620689655172413,1,203,1,1,1,1
1439,0586_c0002_020.jpg,586,1,-1,True,175,8550,0.980811137707054,0.8101851851851852,1,216,1,1,1,1
1440,0586_c0003_000.jpg,586,2,-1,True,175,8550,0.9670622279959168,0.6782945736434108,1,258,1,1,1,1
1441,0586_c0003_005.jpg,586,2,-1,True,175,8550,0.9585014369996413,0.6554307116104869,1,267,1,1,1,1
1442,0586_c0003_010.jpg,586,2,-1,True,175,8550,0.9578322316586247,0.6578947368421053,1,266,1,1,1,1
1443,0586_c0003_015.jpg,586,2,-1,True,175,8550,0.9918964496026861,0.7990867579908676,1,219,1,1,1,1
1444,0586_c0003_020.jpg,586,2,-1,True,175,8550,0.9733955839970112,0.68359375,1,256,1,1,1,1
1445,0586_c0004_000.jpg,586,3,-1,True,175,8550,1.0,1.0,1,175,1,1,1,1
1446,0586_c0004_005.jpg,586,3,-1,True,175,8550,1.0,1.0,1,175,1,1,1,1
1447,0586_c0004_010.jpg,586,3,-1,True,175,8550,1.0,1.0,1,175,1,1,1,1
1448,0586_c0004_015.jpg,586,3,-1,True,175,8550,1.0,1.0,1,175,1,1,1,1
1449,0586_c0004_020.jpg,586,3,-1,True,175,8550,1.0,1.0,1,175,1,1,1,1
1450,0586_c0005_000.jpg,586,4,-1,True,175,8550,1.0,1.0,1,175,1,1,1,1
1451,0586_c0005_005.jpg,586,4,-1,True,175,8550,1.0,1.0,1,175,1,1,1,1
1452,0586_c0005_010.jpg,586,4,-1,True,175,8550,1.0,1.0,1,175,1,1,1,1
1453,0586_c0005_015.jpg,586,4,-1,True,175,8550,1.0,1.0,1,175,1,1,1,1
1454,0586_c0005_020.jpg,586,4,-1,True,175,8550,1.0,1.0,1,175,1,1,1,1
1455,0586_c0006_000.jpg,586,5,-1,True,175,8550,1.0,1.0,1,175,1,1,1,1
1456,0586_c0006_005.jpg,586,5,-1,True,175,8550,1.0,1.0,1,175,1,1,1,1
1457,0586_c0006_010.jpg,586,5,-1,True,175,8550,1.0,1.0,1,175,1,1,1,1
1458,0586_c0006_015.jpg,586,5,-1,True,175,8550,1.0,1.0,1,175,1,1,1,1
1459,0586_c0006_020.jpg,586,5,-1,True,175,8550,1.0,1.0,1,175,1,1,1,1
1460,0586_c0007_000.jpg,586,6,-1,True,175,8550,1.0,1.0,1,175,1,1,1,1
1461,0586_c0007_005.jpg,586,6,-1,True,175,8550,1.0,1.0,1,175,1,1,1,1
1462,0586_c0007_010.jpg,586,6,-1,True,175,8550,1.0,1.0,1,175,1,1,1,1
1463,0586_c0007_015.jpg,586,6,-1,True,175,8550,1.0,1.0,1,175,1,1,1,1
1464,0586_c0007_020.jpg,586,6,-1,True,175,8550,1.0,1.0,1,175,1,1,1,1
1465,0586_c0008_000.jpg,586,7,-1,True,175,8550,1.0,1.0,1,175,1,1,1,1
1466,0586_c0008_005.jpg,586,7,-1,True,175,8550,1.0,1.0,1,175,1,1,1,1
1467,0586_c0008_010.jpg,586,7,-1,True,175,8550,1.0,1.0,1,175,1,1,1,1
1468,0586_c0008_015.jpg,586,7,-1,True,175,8550,1.0,1.0,1,175,1,1,1,1
1469,0586_c0008_020.jpg,586,7,-1,True,175,8550,1.0,1.0,1,175,1,1,1,1
1470,0588_c0001_000.jpg,588,0,-1,True,175,8550,0.9045824153943463,0.4654255319148936,1,376,1,1,1,1
1471,0588_c0001_005.jpg,588,0,-1,True,175,8550,0.8950305698747276,0.46419098143236076,1,377,1,1,1,1
1472,0588_c0001_010.jpg,588,0,-1,True,175,8550,0.9302264198213529,0.5028735632183908,1,348,1,1,1,1
1473,0588_c0001_015.jpg,588,0,-1,True,175,8550,0.9073187147734413,0.4605263157894737,1,380,1,1,1,1
1474,0588_c0001_020.jpg,588,0,-1,True,175,8550,0.9138224194580046,0.46296296296296297,1,378,1,1,1,1
1475,0588_c0002_000.jpg,588,1,-1,True,175,8550,0.8894381377092454,0.45103092783505155,1,388,1,1,1,1
1476,0588_c0002_005.jpg,588,1,-1,True,175,8550,0.9104938161455007,0.5255255255255256,1,333,1,1,1,1
1477,0588_c0002_010.jpg,588,1,-1,True,175,8550,0.9175255773224235,0.5608974358974359,1,312,1,1,1,1
1478,0588_c0002_015.jpg,588,1,-1,True,175,8550,0.9093906654740246,0.5756578947368421,1,304,1,1,1,1
1479,0588_c0002_020.jpg,588,1,-1,True,175,8550,0.9098037435199896,0.49575070821529743,1,353,1,1,1,1
1480,0588_c0003_000.jpg,588,2,-1,True,175,8550,0.9985544514595154,0.9562841530054644,1,183,1,1,1,1
1481,0588_c0003_005.jpg,588,2,-1,True,175,8550,0.9865644509072283,0.7954545454545454,1,220,1,1,1,1
1482,0588_c0003_010.jpg,588,2,-1,True,175,8550,0.9837834260631668,0.7709251101321586,1,227,1,1,1,1
1483,0588_c0003_015.jpg,588,2,-1,True,175,8550,0.9773912844174749,0.7415254237288136,1,236,1,1,1,1
1484,0588_c0003_020.jpg,588,2,-1,True,175,8550,0.9686794854099103,0.708502024291498,1,247,1,1,1,1
1485,0588_c0004_000.jpg,588,3,-1,True,175,8550,0.6781950696222494,0.33653846153846156,1,520,1,1,1,1
1486,0588_c0004_005.jpg,588,3,-1,True,175,8550,0.6691187607534341,0.3391472868217054,1,516,1,1,1,1
1487,0588_c0004_010.jpg,588,3,-1,True,175,8550,0.7392073338092926,0.38461538461538464,1,455,1,1,1,1
1488,0588_c0004_015.jpg,588,3,-1,True,175,8550,0.6464061290521308,0.33783783783783783,1,518,1,1,1,1
1489,0588_c0004_020.jpg,588,3,-1,True,175,8550,0.6706168928148482,0.3699788583509514,1,473,1,1,1,1
1490,0588_c0005_000.jpg,588,4,-1,True,175,8550,0.9817033183792211,0.7291666666666666,1,240,1,1,1,1
1491,0588_c0005_005.jpg,588,4,-1,True,175,8550,0.9668264975850421,0.6410256410256411,1,273,1,1,1,1
1492,0588_c0005_010.jpg,588,4,-1,True,175,8550,0.9721735831079498,0.6679389312977099,1,262,1,1,1,1
1493,0588_c0005_015.jpg,588,4,-1,True,175,8550,0.9912798892670796,0.8293838862559242,1,211,1,1,1,1
1494,0588_c0005_020.jpg,588,4,-1,True,175,8550,0.9963932376610314,0.8578431372549019,1,204,1,1,1,1
1495,0588_c0006_000.jpg,588,5,-1,True,175,8550,0.8692968261962644,0.875,1,200,1,1,1,1
1496,0588_c0006_005.jpg,588,5,-1,True,175,8550,0.9478198592722951,0.875,1,200,1,1,1,1
1497,0588_c0006_010.jpg,588,5,-1,True,175,8550,0.955044429863036,0.875,1,200,1,1,1,1
1498,0588_c0006_015.jpg,588,5,-1,True,175,8550,0.944488670704747,0.875,1,200,1,1,1,1
1499,0588_c0006_020.jpg,588,5,-1,True,175,8550,0.9296008032572867,0.875,1,200,1,1,1,1
1500,0588_c0007_000.jpg,588,6,-1,True,175,8550,0.9756596366006342,0.7028112449799196,1,249,1,1,1,1
1501,0588_c0007_005.jpg,588,6,-1,True,175,8550,0.9781369567471113,0.708502024291498,1,247,1,1,1,1
1502,0588_c0007_010.jpg,588,6,-1,True,175,8550,0.9667184874372154,0.7,1,250,1,1,1,1
1503,0588_c0007_015.jpg,588,6,-1,True,175,8550,0.9998357855391882,0.9943181818181818,1,176,1,1,1,1
1504,0588_c0007_020.jpg,588,6,-1,True,175,8550,0.9989223101597011,0.9776536312849162,1,179,1,1,1,1
1505,0588_c0008_000.jpg,588,7,-1,True,175,8550,0.9637587918688164,0.8578431372549019,1,204,1,1,1,1
1506,0588_c0008_005.jpg,588,7,-1,True,175,8550,0.958691558447717,0.8495145631067961,1,206,1,1,1,1
1507,0588_c0008_010.jpg,588,7,-1,True,175,8550,0.9759270956357909,0.8177570093457944,1,214,1,1,1,1
1508,0588_c0008_015.jpg,588,7,-1,True,175,8550,0.9579587448137633,0.8454106280193237,1,207,1,1,1,1
1509,0588_c0008_020.jpg,588,7,-1,True,175,8550,0.9631878251859745,0.7847533632286996,1,223,1,1,1,1
1510,0590_c0001_000.jpg,590,0,-1,True,150,8550,1.0,1.0,1,150,1,1,1,1
1511,0590_c0001_005.jpg,590,0,-1,True,150,8550,0.9949857280436493,0.8620689655172413,1,174,1,1,1,1
1512,0590_c0001_010.jpg,590,0,-1,True,150,8550,0.9999558498896247,0.9933774834437086,1,151,1,1,1,1
1513,0590_c0001_015.jpg,590,0,-1,True,150,8550,1.0,1.0,1,150,1,1,1,1
1514,0590_c0001_020.jpg,590,0,-1,True,150,8550,0.9965370895127091,0.8771929824561403,1,171,1,1,1,1
1515,0590_c0002_000.jpg,590,1,-1,True,150,8550,0.9981835747467217,0.9259259259259259,1,162,1,1,1,1
1516,0590_c0002_005.jpg,590,1,-1,True,150,8550,0.9847859079330665,0.8333333333333334,1,180,1,1,1,1
1517,0590_c0002_010.jpg,590,1,-1,True,150,8550,0.9900022089508091,0.8241758241758241,1,182,1,1,1,1
1518,0590_c0002_015.jpg,590,1,-1,True,150,8550,0.964181933177861,0.6756756756756757,1,222,1,1,1,1
1519,0590_c0002_020.jpg,590,1,-1,True,150,8550,0.9890089592639962,0.8620689655172413,1,174,1,1,1,1
1520,0590_c0004_000.jpg,590,3,-1,True,150,8550,0.9460453994605645,0.6,1,250,1,1,1,1
1521,0590_c0004_005.jpg,590,3,-1,True,150,8550,0.9118099008308604,0.4398826979472141,1,341,1,1,1,1
1522,0590_c0004_010.jpg,590,3,-1,True,150,8550,0.9354010789344877,0.5434782608695652,1,276,1,1,1,1
1523,0590_c0004_015.jpg,590,3,-1,True,150,8550,0.8883406771211076,0.4178272980501393,1,359,1,1,1,1
1524,0590_c0004_020.jpg,590,3,-1,True,150,8550,0.9127892895144138,0.487012987012987,1,308,1,1,1,1
1525,0590_c0005_000.jpg,590,4,-1,True,150,8550,0.9960611180994351,0.9090909090909091,1,165,1,1,1,1
1526,0590_c0005_005.jpg,590,4,-1,True,150,8550,0.9937233404765542,0.8823529411764706,1,170,1,1,1,1
1527,0590_c0005_010.jpg,590,4,-1,True,150,8550,1.0,1.0,1,150,1,1,1,1
1528,0590_c0005_015.jpg,590,4,-1,True,150,8550,0.9732607541212731,0.8571428571428571,1,175,1,1,1,1
1529,0590_c0005_020.jpg,590,4,-1,True,150,8550,0.9914049398400808,0.8670520231213873,1,173,1,1,1,1
1530,0590_c0006_000.jpg,590,5,-1,True,150,8550,0.9959039699178481,0.8982035928143712,1,167,1,1,1,1
1531,0590_c0006_005.jpg,590,5,-1,True,150,8550,0.9853031515196865,0.819672131147541,1,183,1,1,1,1
1532,0590_c0006_010.jpg,590,5,-1,True,150,8550,0.9881088912199323,0.819672131147541,1,183,1,1,1,1
1533,0590_c0006_015.jpg,590,5,-1,True,150,8550,0.9946867695995597,0.8571428571428571,1,175,1,1,1,1
1534,0590_c0006_020.jpg,590,5,-1,True,150,8550,0.9923184922483165,0.819672131147541,1,183,1,1,1,1
1535,0590_c0007_000.jpg,590,6,-1,True,150,8550,1.0,1.0,1,150,1,1,1,1
1536,0590_c0007_005.jpg,590,6,-1,True,150,8550,1.0,1.0,1,150,1,1,1,1
1537,0590_c0007_010.jpg,590,6,-1,True,150,8550,1.0,1.0,1,150,1,1,1,1
1538,0590_c0007_015.jpg,590,6,-1,True,150,8550,1.0,1.0,1,150,1,1,1,1
1539,0590_c0007_020.jpg,590,6,-1,True,150,8550,1.0,1.0,1,150,1,1,1,1
1540,0590_c0008_000.jpg,590,7,-1,True,150,8550,0.9665051441348738,0.7352941176470589,1,204,1,1,1,1
1541,0590_c0008_005.jpg,590,7,-1,True,150,8550,0.9798189012690689,0.7425742574257426,1,202,1,1,1,1
1542,0590_c0008_010.jpg,590,7,-1,True,150,8550,0.9128780729261211,0.6172839506172839,1,243,1,1,1,1
1543,0590_c0008_015.jpg,590,7,-1,True,150,8550,0.9390081351539443,0.6944444444444444,1,216,1,1,1,1
1544,0590_c0008_020.jpg,590,7,-1,True,150,8550,0.9291401704502302,0.6493506493506493,1,231,1,1,1,1
1545,0592_c0001_000.jpg,592,0,-1,True,125,8550,0.9927141311653636,0.7440476190476191,1,168,1,1,1,1
1546,0592_c0001_005.jpg,592,0,-1,True,125,8550,0.9814260224176765,0.8223684210526315,1,152,1,1,1,1
1547,0592_c0001_010.jpg,592,0,-1,True,125,8550,0.9593753350662483,0.7440476190476191,1,168,1,1,1,1
1548,0592_c0001_015.jpg,592,0,-1,True,125,8550,0.9690916331887127,0.7142857142857143,1,175,1,1,1,1
1549,0592_c0001_020.jpg,592,0,-1,True,125,8550,0.9835592760429869,0.8333333333333334,1,150,1,1,1,1
1550,0592_c0002_000.jpg,592,1,-1,True,125,8550,0.9709599609784271,0.8116883116883117,1,154,1,1,1,1
1551,0592_c0002_005.jpg,592,1,-1,True,125,8550,0.9643688267955843,0.7621951219512195,1,164,1,1,1,1
1552,0592_c0002_010.jpg,592,1,-1,True,125,8550,0.9602858296380757,0.7352941176470589,1,170,1,1,1,1
1553,0592_c0002_015.jpg,592,1,-1,True,125,8550,0.9604571931444782,0.7763975155279503,1,161,1,1,1,1
1554,0592_c0002_020.jpg,592,1,-1,True,125,8550,0.9558371978894922,0.6793478260869565,1,184,1,1,1,1
1555,0592_c0003_000.jpg,592,2,-1,True,125,8550,0.6384335534783444,0.38461538461538464,1,325,1,1,1,1
1556,0592_c0003_005.jpg,592,2,-1,True,125,8550,0.8277959223777137,0.3834355828220859,1,326,1,1,1,1
1557,0592_c0003_010.jpg,592,2,-1,True,125,8550,0.9282422413249555,0.42662116040955633,1,293,1,1,1,1
1558,0592_c0003_015.jpg,592,2,-1,True,125,8550,0.8674277283168946,0.37091988130563797,1,337,1,1,1,1
1559,0592_c0003_020.jpg,592,2,-1,True,125,8550,0.891558829525985,0.3787878787878788,1,330,1,1,1,1
1560,0592_c0005_000.jpg,592,4,-1,True,125,8550,0.9929363960249536,0.8620689655172413,1,145,1,1,1,1
1561,0592_c0005_005.jpg,592,4,-1,True,125,8550,0.9955519597812169,0.8741258741258742,1,143,1,1,1,1
1562,0592_c0005_010.jpg,592,4,-1,True,125,8550,0.9958820614540305,0.8680555555555556,1,144,1,1,1,1
1563,0592_c0005_015.jpg,592,4,-1,True,125,8550,0.9949041572685495,0.8503401360544217,1,147,1,1,1,1
1564,0592_c0005_020.jpg,592,4,-1,True,125,8550,0.9756680843153365,0.7183908045977011,1,174,1,1,1,1
1565,0592_c0006_000.jpg,592,5,-1,True,125,8550,0.9503169014960392,0.6345177664974619,1,197,1,1,1,1
1566,0592_c0006_005.jpg,592,5,-1,True,125,8550,0.9285838517843942,0.5060728744939271,1,247,1,1,1,1
1567,0592_c0006_010.jpg,592,5,-1,True,125,8550,0.9430703811801265,0.6410256410256411,1,195,1,1,1,1
1568,0592_c0006_015.jpg,592,5,-1,True,125,8550,0.9418768824683436,0.6410256410256411,1,195,1,1,1,1
1569,0592_c0006_020.jpg,592,5,-1,True,125,8550,0.9341401844054805,0.6410256410256411,1,195,1,1,1,1
1570,0592_c0007_000.jpg,592,6,-1,True,125,8550,0.923042895234274,0.5319148936170213,1,235,1,1,1,1
1571,0592_c0007_005.jpg,592,6,-1,True,125,8550,0.9373010732103129,0.576036866359447,1,217,1,1,1,1
1572,0592_c0007_010.jpg,592,6,-1,True,125,8550,0.9148765986275217,0.51440329218107,1,243,1,1,1,1
1573,0592_c0007_015.jpg,592,6,-1,True,125,8550,0.9229048725320126,0.5319148936170213,1,235,1,1,1,1
1574,0592_c0007_020.jpg,592,6,-1,True,125,8550,0.9195009289914537,0.5165289256198347,1,242,1,1,1,1
1575,0594_c0001_000.jpg,594,0,-1,True,150,8550,0.9997306040964493,0.9933774834437086,1,151,1,1,1,1
1576,0594_c0001_005.jpg,594,0,-1,True,150,8550,0.9994315372802559,0.9554140127388535,1,157,1,1,1,1
1577,0594_c0001_010.jpg,594,0,-1,True,150,8550,0.941933651065771,0.7389162561576355,1,203,1,1,1,1
1578,0594_c0001_015.jpg,594,0,-1,True,150,8550,0.9551925558023455,0.8152173913043478,1,184,1,1,1,1
1579,0594_c0001_020.jpg,594,0,-1,True,150,8550,0.9981057488002346,0.8982035928143712,1,167,1,1,1,1
1580,0594_c0002_000.jpg,594,1,-1,True,150,8550,1.0,1.0,1,150,1,1,1,1
1581,0594_c0002_005.jpg,594,1,-1,True,150,8550,1.0,1.0,1,150,1,1,1,1
1582,0594_c0002_010.jpg,594,1,-1,True,150,8550,1.0,1.0,1,150,1,1,1,1
1583,0594_c0002_015.jpg,594,1,-1,True,150,8550,1.0,1.0,1,150,1,1,1,1
1584,0594_c0002_020.jpg,594,1,-1,True,150,8550,1.0,1.0,1,150,1,1,1,1
1585,0594_c0003_000.jpg,594,2,-1,True,150,8550,0.8818833442380166,0.6666666666666666,1,225,1,1,1,1
1586,0594_c0003_005.jpg,594,2,-1,True,150,8550,0.8830012144931925,0.6666666666666666,1,225,1,1,1,1
1587,0594_c0003_010.jpg,594,2,-1,True,150,8550,0.8820063461204419,0.6666666666666666,1,225,1,1,1,1
1588,0594_c0003_015.jpg,594,2,-1,True,150,8550,0.9021891123905981,0.6666666666666666,1,225,1,1,1,1
1589,0594_c0003_020.jpg,594,2,-1,True,150,8550,0.9170668244613583,0.6666666666666666,1,225,1,1,1,1
1590,0594_c0005_000.jpg,594,4,-1,True,150,8550,0.999823980481004,0.9868421052631579,1,152,1,1,1,1
1591,0594_c0005_005.jpg,594,4,-1,True,150,8550,0.9996920919361122,0.9803921568627451,1,153,1,1,1,1
1592,0594_c0005_010.jpg,594,4,-1,True,150,8550,1.0,1.0,1,150,1,1,1,1
1593,0594_c0005_015.jpg,594,4,-1,True,150,8550,0.9999114054451803,0.9933774834437086,1,151,1,1,1,1
1594,0594_c0005_020.jpg,594,4,-1,True,150,8550,0.998950169353382,0.9615384615384616,1,156,1,1,1,1
1595,0594_c0006_000.jpg,594,5,-1,True,150,8550,1.0,1.0,1,150,1,1,1,1
1596,0594_c0006_005.jpg,594,5,-1,True,150,8550,1.0,1.0,1,150,1,1,1,1
1597,0594_c0006_010.jpg,594,5,-1,True,150,8550,1.0,1.0,1,150,1,1,1,1
1598,0594_c0006_015.jpg,594,5,-1,True,150,8550,1.0,1.0,1,150,1,1,1,1
1599,0594_c0006_020.jpg,594,5,-1,True,150,8550,1.0,1.0,1,150,1,1,1,1
1600,0594_c0007_000.jpg,594,6,-1,True,150,8550,1.0,1.0,1,150,1,1,1,1
1601,0594_c0007_005.jpg,594,6,-1,True,150,8550,1.0,1.0,1,150,1,1,1,1
1602,0594_c0007_010.jpg,594,6,-1,True,150,8550,1.0,1.0,1,150,1,1,1,1
1603,0594_c0007_015.jpg,594,6,-1,True,150,8550,1.0,1.0,1,150,1,1,1,1
1604,0594_c0007_020.jpg,594,6,-1,True,150,8550,1.0,1.0,1,150,1,1,1,1
1605,0594_c0008_000.jpg,594,7,-1,True,150,8550,0.9468327603353835,0.635593220338983,1,236,1,1,1,1
1606,0594_c0008_005.jpg,594,7,-1,True,150,8550,0.8985192528400284,0.5952380952380952,1,252,1,1,1,1
1607,0594_c0008_010.jpg,594,7,-1,True,150,8550,0.8813997657273224,0.5882352941176471,1,255,1,1,1,1
1608,0594_c0008_015.jpg,594,7,-1,True,150,8550,0.904809397834022,0.6578947368421053,1,228,1,1,1,1
1609,0594_c0008_020.jpg,594,7,-1,True,150,8550,0.9081998755549057,0.635593220338983,1,236,1,1,1,1
1610,0596_c0001_000.jpg,596,0,-1,True,175,8550,1.0,1.0,1,175,1,1,1,1
1611,0596_c0001_005.jpg,596,0,-1,True,175,8550,0.9996484177414763,0.9668508287292817,1,181,1,1,1,1
1612,0596_c0001_010.jpg,596,0,-1,True,175,8550,0.9950550868560942,0.8101851851851852,1,216,1,1,1,1
1613,0596_c0001_015.jpg,596,0,-1,True,175,8550,0.9931762735815427,0.8293838862559242,1,211,1,1,1,1
1614,0596_c0001_020.jpg,596,0,-1,True,175,8550,0.9998710387525798,0.9831460674157303,1,178,1,1,1,1
1615,0596_c0002_000.jpg,596,1,-1,True,175,8550,0.895051777850705,0.40792540792540793,1,429,1,1,1,1
1616,0596_c0002_005.jpg,596,1,-1,True,175,8550,0.9024346603086961,0.5775577557755776,1,303,1,1,1,1
1617,0596_c0002_010.jpg,596,1,-1,True,175,8550,0.9088489334469413,0.5116959064327485,1,342,1,1,1,1
1618,0596_c0002_015.jpg,596,1,-1,True,175,8550,0.867605659397676,0.36610878661087864,1,478,1,1,1,1
1619,0596_c0002_020.jpg,596,1,-1,True,175,8550,0.8620060227427278,0.38461538461538464,1,455,1,1,1,1
1620,0596_c0003_000.jpg,596,2,-1,True,175,8550,0.9967064521452257,0.9020618556701031,1,194,1,1,1,1
1621,0596_c0003_005.jpg,596,2,-1,True,175,8550,0.9726745852805219,0.6183745583038869,1,283,1,1,1,1
1622,0596_c0003_010.jpg,596,2,-1,True,175,8550,0.9732914752236208,0.5952380952380952,1,294,1,1,1,1
1623,0596_c0003_015.jpg,596,2,-1,True,175,8550,0.9894373324567398,0.8064516129032258,1,217,1,1,1,1
1624,0596_c0003_020.jpg,596,2,-1,True,175,8550,0.995602050484227,0.8536585365853658,1,205,1,1,1,1
1625,0596_c0004_000.jpg,596,3,-1,True,175,8550,0.9903955529281208,0.7446808510638298,1,235,1,1,1,1
1626,0596_c0004_005.jpg,596,3,-1,True,175,8550,0.9897895118669398,0.813953488372093,1,215,1,1,1,1
1627,0596_c0004_010.jpg,596,3,-1,True,175,8550,0.9942509770194249,0.7954545454545454,1,220,1,1,1,1
1628,0596_c0004_015.jpg,596,3,-1,True,175,8550,0.9989666988836325,0.9114583333333334,1,192,1,1,1,1
1629,0596_c0004_020.jpg,596,3,-1,True,175,8550,0.999309462607463,0.9308510638297872,1,188,1,1,1,1
1630,0596_c0005_000.jpg,596,4,-1,True,175,8550,0.9712096444762782,0.8578431372549019,1,204,1,1,1,1
1631,0596_c0005_005.jpg,596,4,-1,True,175,8550,0.9877811725987246,0.875,1,200,1,1,1,1
1632,0596_c0005_010.jpg,596,4,-1,True,175,8550,0.9543333046783378,0.6679389312977099,1,262,1,1,1,1
1633,0596_c0005_015.jpg,596,4,-1,True,175,8550,0.9711584906664562,0.8254716981132075,1,212,1,1,1,1
1634,0596_c0005_020.jpg,596,4,-1,True,175,8550,0.9576345659576878,0.7847533632286996,1,223,1,1,1,1
1635,0596_c0006_000.jpg,596,5,-1,True,175,8550,1.0,1.0,1,175,1,1,1,1
1636,0596_c0006_005.jpg,596,5,-1,True,175,8550,1.0,1.0,1,175,1,1,1,1
1637,0596_c0006_010.jpg,596,5,-1,True,175,8550,1.0,1.0,1,175,1,1,1,1
1638,0596_c0006_015.jpg,596,5,-1,True,175,8550,1.0,1.0,1,175,1,1,1,1
1639,0596_c0006_020.jpg,596,5,-1,True,175,8550,1.0,1.0,1,175,1,1,1,1
1640,0596_c0007_000.jpg,596,6,-1,True,175,8550,1.0,1.0,1,175,1,1,1,1
1641,0596_c0007_005.jpg,596,6,-1,True,175,8550,1.0,1.0,1,175,1,1,1,1
1642,0596_c0007_010.jpg,596,6,-1,True,175,8550,1.0,1.0,1,175,1,1,1,1
1643,0596_c0007_015.jpg,596,6,-1,True,175,8550,1.0,1.0,1,175,1,1,1,1
1644,0596_c0007_020.jpg,596,6,-1,True,175,8550,1.0,1.0,1,175,1,1,1,1
1645,0596_c0008_000.jpg,596,7,-1,True,175,8550,1.0,1.0,1,175,1,1,1,1
1646,0596_c0008_005.jpg,596,7,-1,True,175,8550,1.0,1.0,1,175,1,1,1,1
1647,0596_c0008_010.jpg,596,7,-1,True,175,8550,1.0,1.0,1,175,1,1,1,1
1648,0596_c0008_015.jpg,596,7,-1,True,175,8550,1.0,1.0,1,175,1,1,1,1
1649,0596_c0008_020.jpg,596,7,-1,True,175,8550,1.0,1.0,1,175,1,1,1,1
1650,0598_c0001_000.jpg,598,0,-1,True,100,8550,0.9332839961994277,0.6329113924050633,1,158,1,1,1,1
1651,0598_c0001_005.jpg,598,0,-1,True,100,8550,0.9954530654513397,0.8849557522123894,1,113,1,1,1,1
1652,0598_c0001_010.jpg,598,0,-1,True,100,8550,1.0,1.0,1,100,1,1,1,1
1653,0598_c0001_015.jpg,598,0,-1,True,100,8550,1.0,1.0,1,100,1,1,1,1
1654,0598_c0001_020.jpg,598,0,-1,True,100,8550,0.9966020847634064,0.9803921568627451,1,102,1,1,1,1
1655,0598_c0002_000.jpg,598,1,-1,True,100,8550,1.0,1.0,1,100,1,1,1,1
1656,0598_c0002_005.jpg,598,1,-1,True,100,8550,1.0,1.0,1,100,1,1,1,1
1657,0598_c0002_010.jpg,598,1,-1,True,100,8550,1.0,1.0,1,100,1,1,1,1
1658,0598_c0002_015.jpg,598,1,-1,True,100,8550,1.0,1.0,1,100,1,1,1,1
1659,0598_c0002_020.jpg,598,1,-1,True,100,8550,1.0,1.0,1,100,1,1,1,1
1660,0598_c0003_000.jpg,598,2,-1,True,100,8550,0.9750268527842142,0.5434782608695652,1,184,1,1,1,1
1661,0598_c0003_005.jpg,598,2,-1,True,100,8550,0.9617209250008497,0.4975124378109453,1,201,1,1,1,1
1662,0598_c0003_010.jpg,598,2,-1,True,100,8550,0.9590065392578251,0.4784688995215311,1,209,1,1,1,1
1663,0598_c0003_015.jpg,598,2,-1,True,100,8550,0.9585340133868877,0.5405405405405406,1,185,1,1,1,1
1664,0598_c0003_020.jpg,598,2,-1,True,100,8550,0.9583711118690468,0.5154639175257731,1,194,1,1,1,1
1665,0598_c0007_000.jpg,598,6,-1,True,100,8550,0.7677576720181207,0.28169014084507044,1,355,1,1,1,1
1666,0598_c0007_005.jpg,598,6,-1,True,100,8550,0.7950846037407806,0.33557046979865773,1,298,1,1,1,1
1667,0598_c0007_010.jpg,598,6,-1,True,100,8550,0.7964133461010663,0.33557046979865773,1,298,1,1,1,1
1668,0598_c0007_015.jpg,598,6,-1,True,100,8550,0.7879678638088674,0.2958579881656805,1,338,1,1,1,1
1669,0598_c0007_020.jpg,598,6,-1,True,100,8550,0.7865811586957696,0.30864197530864196,1,324,1,1,1,1
1670,0598_c0008_000.jpg,598,7,-1,True,100,8550,0.7734987326420726,0.3067484662576687,1,326,1,1,1,1
1671,0598_c0008_005.jpg,598,7,-1,True,100,8550,0.8175676426833435,0.45662100456621,1,219,1,1,1,1
1672,0598_c0008_010.jpg,598,7,-1,True,100,8550,0.8353873792070249,0.5050505050505051,1,198,1,1,1,1
1673,0598_c0008_015.jpg,598,7,-1,True,100,8550,0.8298023034418014,0.4975124378109453,1,201,1,1,1,1
1674,0598_c0008_020.jpg,598,7,-1,True,100,8550,0.8624789336824857,0.5347593582887701,1,187,1,1,1,1
1675,0600_c0001_000.jpg,600,0,-1,True,175,8550,0.9462696741393343,0.501432664756447,1,349,1,1,1,1
1676,0600_c0001_005.jpg,600,0,-1,True,175,8550,0.9621623619337015,0.6013745704467354,1,291,1,1,1,1
1677,0600_c0001_010.jpg,600,0,-1,True,175,8550,0.9491355741594004,0.40415704387990764,1,433,1,1,1,1
1678,0600_c0001_015.jpg,600,0,-1,True,175,8550,0.9578813870678355,0.5912162162162162,1,296,1,1,1,1
1679,0600_c0001_020.jpg,600,0,-1,True,175,8550,0.9652080008134916,0.7056451612903226,1,248,1,1,1,1
1680,0600_c0002_000.jpg,600,1,-1,True,175,8550,0.818049784285766,0.14297385620915032,1,1224,1,1,1,1
1681,0600_c0002_005.jpg,600,1,-1,True,175,8550,0.6586122637081959,0.11082963901203294,1,1579,1,1,1,1
1682,0600_c0002_010.jpg,600,1,-1,True,175,8550,0.4789706035759474,0.0920568122041031,12,1901,0,0,0,1
1683,0600_c0002_015.jpg,600,1,-1,True,175,8550,0.5270210685921545,0.12358757062146893,10,1416,0,0,1,1
1684,0600_c0002_020.jpg,600,1,-1,True,175,8550,0.4226112443086986,0.09428879310344827,22,1856,0,0,0,0
1685,0600_c0003_000.jpg,600,2,-1,True,175,8550,0.9993794324570373,0.9776536312849162,1,179,1,1,1,1
1686,0600_c0003_005.jpg,600,2,-1,True,175,8550,0.9995132094866308,0.9776536312849162,1,179,1,1,1,1
1687,0600_c0003_010.jpg,600,2,-1,True,175,8550,0.9999675324675324,0.9943181818181818,1,176,1,1,1,1
1688,0600_c0003_015.jpg,600,2,-1,True,175,8550,0.9999675324675324,0.9943181818181818,1,176,1,1,1,1
1689,0600_c0003_020.jpg,600,2,-1,True,175,8550,0.9999675324675324,0.9943181818181818,1,176,1,1,1,1
1690,0600_c0004_000.jpg,600,3,-1,True,175,8550,0.9117357459167738,0.19640852974186307,1,891,1,1,1,1
1691,0600_c0004_005.jpg,600,3,-1,True,175,8550,0.9226388626008563,0.24613220815752462,1,711,1,1,1,1
1692,0600_c0004_010.jpg,600,3,-1,True,175,8550,0.8926552358579093,0.1426242868785656,1,1227,1,1,1,1
1693,0600_c0004_015.jpg,600,3,-1,True,175,8550,0.8932863841485453,0.1437962202136401,1,1217,1,1,1,1
1694,0600_c0004_020.jpg,600,3,-1,True,175,8550,0.8756194981630938,0.09428879310344827,1,1856,1,1,1,1
1695,0600_c0005_000.jpg,600,4,-1,True,175,8550,0.9500065474180055,0.4257907542579075,1,411,1,1,1,1
1696,0600_c0005_005.jpg,600,4,-1,True,175,8550,0.9719084109262741,0.5537974683544303,1,316,1,1,1,1
1697,0600_c0005_010.jpg,600,4,-1,True,175,8550,0.9811192392426886,0.6505576208178439,1,269,1,1,1,1
1698,0600_c0005_015.jpg,600,4,-1,True,175,8550,0.9612606416143004,0.5663430420711975,1,309,1,1,1,1
1699,0600_c0005_020.jpg,600,4,-1,True,175,8550,0.9815488110638648,0.6628787878787878,1,264,1,1,1,1
1700,0600_c0006_000.jpg,600,5,-1,True,175,8550,1.0,1.0,1,175,1,1,1,1
1701,0600_c0006_005.jpg,600,5,-1,True,175,8550,1.0,1.0,1,175,1,1,1,1
1702,0600_c0006_010.jpg,600,5,-1,True,175,8550,1.0,1.0,1,175,1,1,1,1
1703,0600_c0006_015.jpg,600,5,-1,True,175,8550,1.0,1.0,1,175,1,1,1,1
1704,0600_c0006_020.jpg,600,5,-1,True,175,8550,1.0,1.0,1,175,1,1,1,1
1705,0600_c0007_000.jpg,600,6,-1,True,175,8550,1.0,1.0,1,175,1,1,1,1
1706,0600_c0007_005.jpg,600,6,-1,True,175,8550,0.9983575393539554,0.8578431372549019,1,204,1,1,1,1
1707,0600_c0007_010.jpg,600,6,-1,True,175,8550,1.0,1.0,1,175,1,1,1,1
1708,0600_c0007_015.jpg,600,6,-1,True,175,8550,0.9997802197802197,0.9615384615384616,1,182,1,1,1,1
1709,0600_c0007_020.jpg,600,6,-1,True,175,8550,0.9966216960416833,0.8254716981132075,1,212,1,1,1,1
1710,0600_c0008_000.jpg,600,7,-1,True,175,8550,0.9978782969118369,0.9020618556701031,1,194,1,1,1,1
1711,0600_c0008_005.jpg,600,7,-1,True,175,8550,0.9998105761641672,0.9668508287292817,1,181,1,1,1,1
1712,0600_c0008_010.jpg,600,7,-1,True,175,8550,1.0,1.0,1,175,1,1,1,1
1713,0600_c0008_015.jpg,600,7,-1,True,175,8550,0.9999675324675324,0.9943181818181818,1,176,1,1,1,1
1714,0600_c0008_020.jpg,600,7,-1,True,175,8550,0.9999036918138042,0.9831460674157303,1,178,1,1,1,1
